ISO-10303-21;
HEADER;
/* Generated by software containing ST-Developer
 * from STEP Tools, Inc. (www.steptools.com) 
 */

FILE_DESCRIPTION(
/* description */ (''),
/* implementation_level */ '2;1');

FILE_NAME(
/* name */ 'parol6-frame.step',
/* time_stamp */ '2026-05-18T19:52:13+02:00',
/* author */ (''),
/* organization */ (''),
/* preprocessor_version */ 'ST-DEVELOPER v20.1',
/* originating_system */ 'Autodesk Translation Framework v15.8.0.0',
/* authorisation */ '');

FILE_SCHEMA (('AUTOMOTIVE_DESIGN { 1 0 10303 214 3 1 1 }'));
ENDSEC;

DATA;
#10=MECHANICAL_DESIGN_GEOMETRIC_PRESENTATION_REPRESENTATION('',(#91,#92,
#93),#4436);
#11=CONTEXT_DEPENDENT_OVER_RIDING_STYLED_ITEM('',(#4512),#4474,#93,(#43,
#39));
#12=CONTEXT_DEPENDENT_OVER_RIDING_STYLED_ITEM('',(#4513),#4476,#93,(#49));
#13=MAPPED_ITEM('',#14,#2938);
#14=REPRESENTATION_MAP(#2938,#4471);
#15=CONICAL_SURFACE('',#2855,3.,0.785398163397);
#16=CONICAL_SURFACE('',#2859,3.,0.785398163397);
#17=CONICAL_SURFACE('',#2861,3.,0.785398163397);
#18=CONICAL_SURFACE('',#2865,3.,0.785398163397);
#19=CONICAL_SURFACE('',#2883,3.,0.785398163397);
#20=CONICAL_SURFACE('',#2887,3.,0.785398163397);
#21=CONICAL_SURFACE('',#2908,3.,0.785398163397);
#22=CONICAL_SURFACE('',#2911,3.,0.785398163397);
#23=ITEM_DEFINED_TRANSFORMATION($,$,#2750,#2824);
#24=ITEM_DEFINED_TRANSFORMATION($,$,#2750,#2825);
#25=ITEM_DEFINED_TRANSFORMATION($,$,#2748,#2924);
#26=ITEM_DEFINED_TRANSFORMATION($,$,#2748,#2925);
#27=ITEM_DEFINED_TRANSFORMATION($,$,#2748,#2926);
#28=ITEM_DEFINED_TRANSFORMATION($,$,#2749,#2927);
#29=ITEM_DEFINED_TRANSFORMATION($,$,#2826,#2928);
#30=ITEM_DEFINED_TRANSFORMATION($,$,#2826,#2929);
#31=ITEM_DEFINED_TRANSFORMATION($,$,#2826,#2930);
#32=ITEM_DEFINED_TRANSFORMATION($,$,#2826,#2931);
#33=ITEM_DEFINED_TRANSFORMATION($,$,#2922,#2932);
#34=ITEM_DEFINED_TRANSFORMATION($,$,#2922,#2933);
#35=ITEM_DEFINED_TRANSFORMATION($,$,#2922,#2934);
#36=ITEM_DEFINED_TRANSFORMATION($,$,#2922,#2935);
#37=ITEM_DEFINED_TRANSFORMATION($,$,#2923,#2936);
#38=ITEM_DEFINED_TRANSFORMATION($,$,#2923,#2937);
#39=(
REPRESENTATION_RELATIONSHIP($,$,#4474,#4472)
REPRESENTATION_RELATIONSHIP_WITH_TRANSFORMATION(#23)
SHAPE_REPRESENTATION_RELATIONSHIP()
);
#40=(
REPRESENTATION_RELATIONSHIP($,$,#4474,#4473)
REPRESENTATION_RELATIONSHIP_WITH_TRANSFORMATION(#24)
SHAPE_REPRESENTATION_RELATIONSHIP()
);
#41=(
REPRESENTATION_RELATIONSHIP($,$,#4472,#4471)
REPRESENTATION_RELATIONSHIP_WITH_TRANSFORMATION(#25)
SHAPE_REPRESENTATION_RELATIONSHIP()
);
#42=(
REPRESENTATION_RELATIONSHIP($,$,#4472,#4471)
REPRESENTATION_RELATIONSHIP_WITH_TRANSFORMATION(#26)
SHAPE_REPRESENTATION_RELATIONSHIP()
);
#43=(
REPRESENTATION_RELATIONSHIP($,$,#4472,#4471)
REPRESENTATION_RELATIONSHIP_WITH_TRANSFORMATION(#27)
SHAPE_REPRESENTATION_RELATIONSHIP()
);
#44=(
REPRESENTATION_RELATIONSHIP($,$,#4473,#4471)
REPRESENTATION_RELATIONSHIP_WITH_TRANSFORMATION(#28)
SHAPE_REPRESENTATION_RELATIONSHIP()
);
#45=(
REPRESENTATION_RELATIONSHIP($,$,#4475,#4471)
REPRESENTATION_RELATIONSHIP_WITH_TRANSFORMATION(#29)
SHAPE_REPRESENTATION_RELATIONSHIP()
);
#46=(
REPRESENTATION_RELATIONSHIP($,$,#4475,#4471)
REPRESENTATION_RELATIONSHIP_WITH_TRANSFORMATION(#30)
SHAPE_REPRESENTATION_RELATIONSHIP()
);
#47=(
REPRESENTATION_RELATIONSHIP($,$,#4475,#4471)
REPRESENTATION_RELATIONSHIP_WITH_TRANSFORMATION(#31)
SHAPE_REPRESENTATION_RELATIONSHIP()
);
#48=(
REPRESENTATION_RELATIONSHIP($,$,#4475,#4471)
REPRESENTATION_RELATIONSHIP_WITH_TRANSFORMATION(#32)
SHAPE_REPRESENTATION_RELATIONSHIP()
);
#49=(
REPRESENTATION_RELATIONSHIP($,$,#4476,#4471)
REPRESENTATION_RELATIONSHIP_WITH_TRANSFORMATION(#33)
SHAPE_REPRESENTATION_RELATIONSHIP()
);
#50=(
REPRESENTATION_RELATIONSHIP($,$,#4476,#4471)
REPRESENTATION_RELATIONSHIP_WITH_TRANSFORMATION(#34)
SHAPE_REPRESENTATION_RELATIONSHIP()
);
#51=(
REPRESENTATION_RELATIONSHIP($,$,#4476,#4471)
REPRESENTATION_RELATIONSHIP_WITH_TRANSFORMATION(#35)
SHAPE_REPRESENTATION_RELATIONSHIP()
);
#52=(
REPRESENTATION_RELATIONSHIP($,$,#4476,#4471)
REPRESENTATION_RELATIONSHIP_WITH_TRANSFORMATION(#36)
SHAPE_REPRESENTATION_RELATIONSHIP()
);
#53=(
REPRESENTATION_RELATIONSHIP($,$,#4477,#4471)
REPRESENTATION_RELATIONSHIP_WITH_TRANSFORMATION(#37)
SHAPE_REPRESENTATION_RELATIONSHIP()
);
#54=(
REPRESENTATION_RELATIONSHIP($,$,#4477,#4471)
REPRESENTATION_RELATIONSHIP_WITH_TRANSFORMATION(#38)
SHAPE_REPRESENTATION_RELATIONSHIP()
);
#55=CONTEXT_DEPENDENT_SHAPE_REPRESENTATION(#39,#4452);
#56=CONTEXT_DEPENDENT_SHAPE_REPRESENTATION(#40,#4453);
#57=CONTEXT_DEPENDENT_SHAPE_REPRESENTATION(#41,#4457);
#58=CONTEXT_DEPENDENT_SHAPE_REPRESENTATION(#42,#4458);
#59=CONTEXT_DEPENDENT_SHAPE_REPRESENTATION(#43,#4459);
#60=CONTEXT_DEPENDENT_SHAPE_REPRESENTATION(#44,#4460);
#61=CONTEXT_DEPENDENT_SHAPE_REPRESENTATION(#45,#4461);
#62=CONTEXT_DEPENDENT_SHAPE_REPRESENTATION(#46,#4462);
#63=CONTEXT_DEPENDENT_SHAPE_REPRESENTATION(#47,#4463);
#64=CONTEXT_DEPENDENT_SHAPE_REPRESENTATION(#48,#4464);
#65=CONTEXT_DEPENDENT_SHAPE_REPRESENTATION(#49,#4465);
#66=CONTEXT_DEPENDENT_SHAPE_REPRESENTATION(#50,#4466);
#67=CONTEXT_DEPENDENT_SHAPE_REPRESENTATION(#51,#4467);
#68=CONTEXT_DEPENDENT_SHAPE_REPRESENTATION(#52,#4468);
#69=CONTEXT_DEPENDENT_SHAPE_REPRESENTATION(#53,#4469);
#70=CONTEXT_DEPENDENT_SHAPE_REPRESENTATION(#54,#4470);
#71=NEXT_ASSEMBLY_USAGE_OCCURRENCE('Body:1','Body:1','Body:1',#4480,#4482,
'Body:1');
#72=NEXT_ASSEMBLY_USAGE_OCCURRENCE('Body:1','Body:1','Body:1',#4481,#4482,
'Body:1');
#73=NEXT_ASSEMBLY_USAGE_OCCURRENCE('2020 Extrusion 350mm v2:1',
'2020 Extrusion 350mm v2:1','2020 Extrusion 350mm v2:1',#4479,#4480,
'2020 Extrusion 350mm v2:1');
#74=NEXT_ASSEMBLY_USAGE_OCCURRENCE('2020 Extrusion 350mm v2:2',
'2020 Extrusion 350mm v2:2','2020 Extrusion 350mm v2:2',#4479,#4480,
'2020 Extrusion 350mm v2:2');
#75=NEXT_ASSEMBLY_USAGE_OCCURRENCE('2020 Extrusion 350mm v2:3',
'2020 Extrusion 350mm v2:3','2020 Extrusion 350mm v2:3',#4479,#4480,
'2020 Extrusion 350mm v2:3');
#76=NEXT_ASSEMBLY_USAGE_OCCURRENCE('2020 Extrusion 350mm v2:4',
'2020 Extrusion 350mm v2:4','2020 Extrusion 350mm v2:4',#4479,#4481,
'2020 Extrusion 350mm v2:4');
#77=NEXT_ASSEMBLY_USAGE_OCCURRENCE('2020 Corner Bracket v1:1',
'2020 Corner Bracket v1:1','2020 Corner Bracket v1:1',#4479,#4483,
'2020 Corner Bracket v1:1');
#78=NEXT_ASSEMBLY_USAGE_OCCURRENCE('2020 Corner Bracket v1:2',
'2020 Corner Bracket v1:2','2020 Corner Bracket v1:2',#4479,#4483,
'2020 Corner Bracket v1:2');
#79=NEXT_ASSEMBLY_USAGE_OCCURRENCE('2020 Corner Bracket v1:3',
'2020 Corner Bracket v1:3','2020 Corner Bracket v1:3',#4479,#4483,
'2020 Corner Bracket v1:3');
#80=NEXT_ASSEMBLY_USAGE_OCCURRENCE('2020 Corner Bracket v1:4',
'2020 Corner Bracket v1:4','2020 Corner Bracket v1:4',#4479,#4483,
'2020 Corner Bracket v1:4');
#81=NEXT_ASSEMBLY_USAGE_OCCURRENCE('2020 end cap v2:1',
'2020 end cap v2:1','2020 end cap v2:1',#4479,#4484,'2020 end cap v2:1');
#82=NEXT_ASSEMBLY_USAGE_OCCURRENCE('2020 end cap v2:2',
'2020 end cap v2:2','2020 end cap v2:2',#4479,#4484,'2020 end cap v2:2');
#83=NEXT_ASSEMBLY_USAGE_OCCURRENCE('2020 end cap v2:3',
'2020 end cap v2:3','2020 end cap v2:3',#4479,#4484,'2020 end cap v2:3');
#84=NEXT_ASSEMBLY_USAGE_OCCURRENCE('2020 end cap v2:4',
'2020 end cap v2:4','2020 end cap v2:4',#4479,#4484,'2020 end cap v2:4');
#85=NEXT_ASSEMBLY_USAGE_OCCURRENCE('handle_v3 v1:1','handle_v3 v1:1',
'handle_v3 v1:1',#4479,#4485,'handle_v3 v1:1');
#86=NEXT_ASSEMBLY_USAGE_OCCURRENCE('handle_v3 v1:2','handle_v3 v1:2',
'handle_v3 v1:2',#4479,#4485,'handle_v3 v1:2');
#87=SHAPE_REPRESENTATION_RELATIONSHIP('SRR','None',#4474,#89);
#88=SHAPE_REPRESENTATION_RELATIONSHIP('SRR','None',#4475,#90);
#89=ADVANCED_BREP_SHAPE_REPRESENTATION('',(#94),#4432);
#90=ADVANCED_BREP_SHAPE_REPRESENTATION('',(#95),#4433);
#91=STYLED_ITEM('',(#4510),#94);
#92=STYLED_ITEM('',(#4510),#95);
#93=STYLED_ITEM('',(#4514),#13);
#94=MANIFOLD_SOLID_BREP('Body1',#2700);
#95=MANIFOLD_SOLID_BREP('Body1',#2701);
#96=CYLINDRICAL_SURFACE('',#2758,1.);
#97=CYLINDRICAL_SURFACE('',#2791,1.);
#98=CYLINDRICAL_SURFACE('',#2794,1.);
#99=CYLINDRICAL_SURFACE('',#2821,1.);
#100=CYLINDRICAL_SURFACE('',#2823,2.1);
#101=CYLINDRICAL_SURFACE('',#2889,3.);
#102=CYLINDRICAL_SURFACE('',#2892,3.);
#103=CYLINDRICAL_SURFACE('',#2893,3.);
#104=CYLINDRICAL_SURFACE('',#2897,3.);
#105=FACE_BOUND('',#285,.T.);
#106=FACE_BOUND('',#289,.T.);
#107=FACE_BOUND('',#358,.T.);
#108=FACE_BOUND('',#361,.T.);
#109=FACE_BOUND('',#372,.T.);
#110=FACE_BOUND('',#373,.T.);
#111=FACE_BOUND('',#374,.T.);
#112=FACE_BOUND('',#414,.T.);
#113=FACE_BOUND('',#415,.T.);
#114=FACE_BOUND('',#416,.T.);
#115=CIRCLE('',#2753,1.);
#116=CIRCLE('',#2754,1.);
#117=CIRCLE('',#2755,1.);
#118=CIRCLE('',#2756,1.);
#119=CIRCLE('',#2757,2.1);
#120=CIRCLE('',#2759,1.);
#121=CIRCLE('',#2762,1.);
#122=CIRCLE('',#2763,1.);
#123=CIRCLE('',#2764,1.);
#124=CIRCLE('',#2765,2.1);
#125=CIRCLE('',#2837,3.25);
#126=CIRCLE('',#2838,3.25);
#127=CIRCLE('',#2841,3.25);
#128=CIRCLE('',#2842,3.25);
#129=CIRCLE('',#2853,3.25);
#130=CIRCLE('',#2854,3.25);
#131=CIRCLE('',#2856,3.);
#132=CIRCLE('',#2860,3.);
#133=CIRCLE('',#2862,3.);
#134=CIRCLE('',#2866,3.);
#135=CIRCLE('',#2884,3.);
#136=CIRCLE('',#2888,3.);
#137=CIRCLE('',#2894,3.);
#138=CIRCLE('',#2898,3.);
#139=CIRCLE('',#2902,3.25);
#140=CIRCLE('',#2903,3.25);
#141=FACE_OUTER_BOUND('',#283,.T.);
#142=FACE_OUTER_BOUND('',#284,.T.);
#143=FACE_OUTER_BOUND('',#286,.T.);
#144=FACE_OUTER_BOUND('',#287,.T.);
#145=FACE_OUTER_BOUND('',#288,.T.);
#146=FACE_OUTER_BOUND('',#290,.T.);
#147=FACE_OUTER_BOUND('',#291,.T.);
#148=FACE_OUTER_BOUND('',#292,.T.);
#149=FACE_OUTER_BOUND('',#293,.T.);
#150=FACE_OUTER_BOUND('',#294,.T.);
#151=FACE_OUTER_BOUND('',#295,.T.);
#152=FACE_OUTER_BOUND('',#296,.T.);
#153=FACE_OUTER_BOUND('',#297,.T.);
#154=FACE_OUTER_BOUND('',#298,.T.);
#155=FACE_OUTER_BOUND('',#299,.T.);
#156=FACE_OUTER_BOUND('',#300,.T.);
#157=FACE_OUTER_BOUND('',#301,.T.);
#158=FACE_OUTER_BOUND('',#302,.T.);
#159=FACE_OUTER_BOUND('',#303,.T.);
#160=FACE_OUTER_BOUND('',#304,.T.);
#161=FACE_OUTER_BOUND('',#305,.T.);
#162=FACE_OUTER_BOUND('',#306,.T.);
#163=FACE_OUTER_BOUND('',#307,.T.);
#164=FACE_OUTER_BOUND('',#308,.T.);
#165=FACE_OUTER_BOUND('',#309,.T.);
#166=FACE_OUTER_BOUND('',#310,.T.);
#167=FACE_OUTER_BOUND('',#311,.T.);
#168=FACE_OUTER_BOUND('',#312,.T.);
#169=FACE_OUTER_BOUND('',#313,.T.);
#170=FACE_OUTER_BOUND('',#314,.T.);
#171=FACE_OUTER_BOUND('',#315,.T.);
#172=FACE_OUTER_BOUND('',#316,.T.);
#173=FACE_OUTER_BOUND('',#317,.T.);
#174=FACE_OUTER_BOUND('',#318,.T.);
#175=FACE_OUTER_BOUND('',#319,.T.);
#176=FACE_OUTER_BOUND('',#320,.T.);
#177=FACE_OUTER_BOUND('',#321,.T.);
#178=FACE_OUTER_BOUND('',#322,.T.);
#179=FACE_OUTER_BOUND('',#323,.T.);
#180=FACE_OUTER_BOUND('',#324,.T.);
#181=FACE_OUTER_BOUND('',#325,.T.);
#182=FACE_OUTER_BOUND('',#326,.T.);
#183=FACE_OUTER_BOUND('',#327,.T.);
#184=FACE_OUTER_BOUND('',#328,.T.);
#185=FACE_OUTER_BOUND('',#329,.T.);
#186=FACE_OUTER_BOUND('',#330,.T.);
#187=FACE_OUTER_BOUND('',#331,.T.);
#188=FACE_OUTER_BOUND('',#332,.T.);
#189=FACE_OUTER_BOUND('',#333,.T.);
#190=FACE_OUTER_BOUND('',#334,.T.);
#191=FACE_OUTER_BOUND('',#335,.T.);
#192=FACE_OUTER_BOUND('',#336,.T.);
#193=FACE_OUTER_BOUND('',#337,.T.);
#194=FACE_OUTER_BOUND('',#338,.T.);
#195=FACE_OUTER_BOUND('',#339,.T.);
#196=FACE_OUTER_BOUND('',#340,.T.);
#197=FACE_OUTER_BOUND('',#341,.T.);
#198=FACE_OUTER_BOUND('',#342,.T.);
#199=FACE_OUTER_BOUND('',#343,.T.);
#200=FACE_OUTER_BOUND('',#344,.T.);
#201=FACE_OUTER_BOUND('',#345,.T.);
#202=FACE_OUTER_BOUND('',#346,.T.);
#203=FACE_OUTER_BOUND('',#347,.T.);
#204=FACE_OUTER_BOUND('',#348,.T.);
#205=FACE_OUTER_BOUND('',#349,.T.);
#206=FACE_OUTER_BOUND('',#350,.T.);
#207=FACE_OUTER_BOUND('',#351,.T.);
#208=FACE_OUTER_BOUND('',#352,.T.);
#209=FACE_OUTER_BOUND('',#353,.T.);
#210=FACE_OUTER_BOUND('',#354,.T.);
#211=FACE_OUTER_BOUND('',#355,.T.);
#212=FACE_OUTER_BOUND('',#356,.T.);
#213=FACE_OUTER_BOUND('',#357,.T.);
#214=FACE_OUTER_BOUND('',#359,.T.);
#215=FACE_OUTER_BOUND('',#360,.T.);
#216=FACE_OUTER_BOUND('',#362,.T.);
#217=FACE_OUTER_BOUND('',#363,.T.);
#218=FACE_OUTER_BOUND('',#364,.T.);
#219=FACE_OUTER_BOUND('',#365,.T.);
#220=FACE_OUTER_BOUND('',#366,.T.);
#221=FACE_OUTER_BOUND('',#367,.T.);
#222=FACE_OUTER_BOUND('',#368,.T.);
#223=FACE_OUTER_BOUND('',#369,.T.);
#224=FACE_OUTER_BOUND('',#370,.T.);
#225=FACE_OUTER_BOUND('',#371,.T.);
#226=FACE_OUTER_BOUND('',#375,.T.);
#227=FACE_OUTER_BOUND('',#376,.T.);
#228=FACE_OUTER_BOUND('',#377,.T.);
#229=FACE_OUTER_BOUND('',#378,.T.);
#230=FACE_OUTER_BOUND('',#379,.T.);
#231=FACE_OUTER_BOUND('',#380,.T.);
#232=FACE_OUTER_BOUND('',#381,.T.);
#233=FACE_OUTER_BOUND('',#382,.T.);
#234=FACE_OUTER_BOUND('',#383,.T.);
#235=FACE_OUTER_BOUND('',#384,.T.);
#236=FACE_OUTER_BOUND('',#385,.T.);
#237=FACE_OUTER_BOUND('',#386,.T.);
#238=FACE_OUTER_BOUND('',#387,.T.);
#239=FACE_OUTER_BOUND('',#388,.T.);
#240=FACE_OUTER_BOUND('',#389,.T.);
#241=FACE_OUTER_BOUND('',#390,.T.);
#242=FACE_OUTER_BOUND('',#391,.T.);
#243=FACE_OUTER_BOUND('',#392,.T.);
#244=FACE_OUTER_BOUND('',#393,.T.);
#245=FACE_OUTER_BOUND('',#394,.T.);
#246=FACE_OUTER_BOUND('',#395,.T.);
#247=FACE_OUTER_BOUND('',#396,.T.);
#248=FACE_OUTER_BOUND('',#397,.T.);
#249=FACE_OUTER_BOUND('',#398,.T.);
#250=FACE_OUTER_BOUND('',#399,.T.);
#251=FACE_OUTER_BOUND('',#400,.T.);
#252=FACE_OUTER_BOUND('',#401,.T.);
#253=FACE_OUTER_BOUND('',#402,.T.);
#254=FACE_OUTER_BOUND('',#403,.T.);
#255=FACE_OUTER_BOUND('',#404,.T.);
#256=FACE_OUTER_BOUND('',#405,.T.);
#257=FACE_OUTER_BOUND('',#406,.T.);
#258=FACE_OUTER_BOUND('',#407,.T.);
#259=FACE_OUTER_BOUND('',#408,.T.);
#260=FACE_OUTER_BOUND('',#409,.T.);
#261=FACE_OUTER_BOUND('',#410,.T.);
#262=FACE_OUTER_BOUND('',#411,.T.);
#263=FACE_OUTER_BOUND('',#412,.T.);
#264=FACE_OUTER_BOUND('',#413,.T.);
#265=FACE_OUTER_BOUND('',#417,.T.);
#266=FACE_OUTER_BOUND('',#418,.T.);
#267=FACE_OUTER_BOUND('',#419,.T.);
#268=FACE_OUTER_BOUND('',#420,.T.);
#269=FACE_OUTER_BOUND('',#421,.T.);
#270=FACE_OUTER_BOUND('',#422,.T.);
#271=FACE_OUTER_BOUND('',#423,.T.);
#272=FACE_OUTER_BOUND('',#424,.T.);
#273=FACE_OUTER_BOUND('',#425,.T.);
#274=FACE_OUTER_BOUND('',#426,.T.);
#275=FACE_OUTER_BOUND('',#427,.T.);
#276=FACE_OUTER_BOUND('',#428,.T.);
#277=FACE_OUTER_BOUND('',#429,.T.);
#278=FACE_OUTER_BOUND('',#430,.T.);
#279=FACE_OUTER_BOUND('',#431,.T.);
#280=FACE_OUTER_BOUND('',#432,.T.);
#281=FACE_OUTER_BOUND('',#433,.T.);
#282=FACE_OUTER_BOUND('',#434,.T.);
#283=EDGE_LOOP('',(#1705,#1706,#1707,#1708));
#284=EDGE_LOOP('',(#1709,#1710,#1711,#1712,#1713,#1714,#1715,#1716,#1717,
#1718,#1719,#1720,#1721,#1722,#1723,#1724,#1725,#1726,#1727,#1728,#1729,
#1730,#1731,#1732,#1733,#1734,#1735,#1736,#1737,#1738,#1739,#1740,#1741,
#1742,#1743,#1744,#1745,#1746,#1747,#1748,#1749,#1750,#1751,#1752,#1753,
#1754,#1755,#1756,#1757,#1758,#1759,#1760,#1761,#1762,#1763,#1764,#1765,
#1766,#1767,#1768));
#285=EDGE_LOOP('',(#1769));
#286=EDGE_LOOP('',(#1770,#1771,#1772,#1773));
#287=EDGE_LOOP('',(#1774,#1775,#1776,#1777));
#288=EDGE_LOOP('',(#1778,#1779,#1780,#1781,#1782,#1783,#1784,#1785,#1786,
#1787,#1788,#1789,#1790,#1791,#1792,#1793,#1794,#1795,#1796,#1797,#1798,
#1799,#1800,#1801,#1802,#1803,#1804,#1805,#1806,#1807,#1808,#1809,#1810,
#1811,#1812,#1813,#1814,#1815,#1816,#1817,#1818,#1819,#1820,#1821,#1822,
#1823,#1824,#1825,#1826,#1827,#1828,#1829,#1830,#1831,#1832,#1833,#1834,
#1835,#1836,#1837));
#289=EDGE_LOOP('',(#1838));
#290=EDGE_LOOP('',(#1839,#1840,#1841,#1842));
#291=EDGE_LOOP('',(#1843,#1844,#1845,#1846));
#292=EDGE_LOOP('',(#1847,#1848,#1849,#1850));
#293=EDGE_LOOP('',(#1851,#1852,#1853,#1854));
#294=EDGE_LOOP('',(#1855,#1856,#1857,#1858));
#295=EDGE_LOOP('',(#1859,#1860,#1861,#1862));
#296=EDGE_LOOP('',(#1863,#1864,#1865,#1866));
#297=EDGE_LOOP('',(#1867,#1868,#1869,#1870));
#298=EDGE_LOOP('',(#1871,#1872,#1873,#1874));
#299=EDGE_LOOP('',(#1875,#1876,#1877,#1878));
#300=EDGE_LOOP('',(#1879,#1880,#1881,#1882));
#301=EDGE_LOOP('',(#1883,#1884,#1885,#1886));
#302=EDGE_LOOP('',(#1887,#1888,#1889,#1890));
#303=EDGE_LOOP('',(#1891,#1892,#1893,#1894));
#304=EDGE_LOOP('',(#1895,#1896,#1897,#1898));
#305=EDGE_LOOP('',(#1899,#1900,#1901,#1902));
#306=EDGE_LOOP('',(#1903,#1904,#1905,#1906));
#307=EDGE_LOOP('',(#1907,#1908,#1909,#1910));
#308=EDGE_LOOP('',(#1911,#1912,#1913,#1914));
#309=EDGE_LOOP('',(#1915,#1916,#1917,#1918));
#310=EDGE_LOOP('',(#1919,#1920,#1921,#1922));
#311=EDGE_LOOP('',(#1923,#1924,#1925,#1926));
#312=EDGE_LOOP('',(#1927,#1928,#1929,#1930));
#313=EDGE_LOOP('',(#1931,#1932,#1933,#1934));
#314=EDGE_LOOP('',(#1935,#1936,#1937,#1938));
#315=EDGE_LOOP('',(#1939,#1940,#1941,#1942));
#316=EDGE_LOOP('',(#1943,#1944,#1945,#1946));
#317=EDGE_LOOP('',(#1947,#1948,#1949,#1950));
#318=EDGE_LOOP('',(#1951,#1952,#1953,#1954));
#319=EDGE_LOOP('',(#1955,#1956,#1957,#1958));
#320=EDGE_LOOP('',(#1959,#1960,#1961,#1962));
#321=EDGE_LOOP('',(#1963,#1964,#1965,#1966));
#322=EDGE_LOOP('',(#1967,#1968,#1969,#1970));
#323=EDGE_LOOP('',(#1971,#1972,#1973,#1974));
#324=EDGE_LOOP('',(#1975,#1976,#1977,#1978));
#325=EDGE_LOOP('',(#1979,#1980,#1981,#1982));
#326=EDGE_LOOP('',(#1983,#1984,#1985,#1986));
#327=EDGE_LOOP('',(#1987,#1988,#1989,#1990));
#328=EDGE_LOOP('',(#1991,#1992,#1993,#1994));
#329=EDGE_LOOP('',(#1995,#1996,#1997,#1998));
#330=EDGE_LOOP('',(#1999,#2000,#2001,#2002));
#331=EDGE_LOOP('',(#2003,#2004,#2005,#2006));
#332=EDGE_LOOP('',(#2007,#2008,#2009,#2010));
#333=EDGE_LOOP('',(#2011,#2012,#2013,#2014));
#334=EDGE_LOOP('',(#2015,#2016,#2017,#2018));
#335=EDGE_LOOP('',(#2019,#2020,#2021,#2022));
#336=EDGE_LOOP('',(#2023,#2024,#2025,#2026));
#337=EDGE_LOOP('',(#2027,#2028,#2029,#2030));
#338=EDGE_LOOP('',(#2031,#2032,#2033,#2034));
#339=EDGE_LOOP('',(#2035,#2036,#2037,#2038));
#340=EDGE_LOOP('',(#2039,#2040,#2041,#2042));
#341=EDGE_LOOP('',(#2043,#2044,#2045,#2046));
#342=EDGE_LOOP('',(#2047,#2048,#2049,#2050));
#343=EDGE_LOOP('',(#2051,#2052,#2053,#2054));
#344=EDGE_LOOP('',(#2055,#2056,#2057,#2058));
#345=EDGE_LOOP('',(#2059,#2060,#2061,#2062));
#346=EDGE_LOOP('',(#2063,#2064,#2065,#2066));
#347=EDGE_LOOP('',(#2067,#2068,#2069,#2070));
#348=EDGE_LOOP('',(#2071,#2072,#2073,#2074,#2075,#2076,#2077,#2078));
#349=EDGE_LOOP('',(#2079,#2080,#2081,#2082));
#350=EDGE_LOOP('',(#2083,#2084,#2085,#2086,#2087,#2088,#2089,#2090));
#351=EDGE_LOOP('',(#2091,#2092,#2093,#2094,#2095,#2096,#2097,#2098));
#352=EDGE_LOOP('',(#2099,#2100,#2101,#2102));
#353=EDGE_LOOP('',(#2103,#2104,#2105,#2106));
#354=EDGE_LOOP('',(#2107,#2108,#2109,#2110));
#355=EDGE_LOOP('',(#2111,#2112,#2113,#2114));
#356=EDGE_LOOP('',(#2115,#2116,#2117,#2118));
#357=EDGE_LOOP('',(#2119,#2120,#2121,#2122,#2123,#2124));
#358=EDGE_LOOP('',(#2125,#2126,#2127,#2128));
#359=EDGE_LOOP('',(#2129,#2130,#2131));
#360=EDGE_LOOP('',(#2132,#2133,#2134,#2135,#2136,#2137));
#361=EDGE_LOOP('',(#2138,#2139,#2140,#2141));
#362=EDGE_LOOP('',(#2142,#2143,#2144,#2145));
#363=EDGE_LOOP('',(#2146,#2147,#2148,#2149,#2150,#2151,#2152,#2153));
#364=EDGE_LOOP('',(#2154,#2155,#2156));
#365=EDGE_LOOP('',(#2157,#2158,#2159,#2160));
#366=EDGE_LOOP('',(#2161,#2162,#2163,#2164));
#367=EDGE_LOOP('',(#2165,#2166,#2167));
#368=EDGE_LOOP('',(#2168,#2169,#2170,#2171,#2172));
#369=EDGE_LOOP('',(#2173,#2174,#2175));
#370=EDGE_LOOP('',(#2176,#2177,#2178,#2179,#2180));
#371=EDGE_LOOP('',(#2181,#2182,#2183,#2184));
#372=EDGE_LOOP('',(#2185,#2186,#2187,#2188));
#373=EDGE_LOOP('',(#2189,#2190,#2191,#2192));
#374=EDGE_LOOP('',(#2193,#2194,#2195,#2196));
#375=EDGE_LOOP('',(#2197,#2198,#2199,#2200));
#376=EDGE_LOOP('',(#2201,#2202,#2203,#2204));
#377=EDGE_LOOP('',(#2205,#2206,#2207,#2208));
#378=EDGE_LOOP('',(#2209,#2210,#2211,#2212));
#379=EDGE_LOOP('',(#2213,#2214,#2215,#2216));
#380=EDGE_LOOP('',(#2217,#2218,#2219,#2220));
#381=EDGE_LOOP('',(#2221,#2222,#2223,#2224));
#382=EDGE_LOOP('',(#2225,#2226,#2227,#2228));
#383=EDGE_LOOP('',(#2229,#2230,#2231,#2232));
#384=EDGE_LOOP('',(#2233,#2234,#2235,#2236));
#385=EDGE_LOOP('',(#2237,#2238,#2239,#2240));
#386=EDGE_LOOP('',(#2241,#2242,#2243,#2244));
#387=EDGE_LOOP('',(#2245,#2246,#2247,#2248));
#388=EDGE_LOOP('',(#2249,#2250,#2251,#2252));
#389=EDGE_LOOP('',(#2253,#2254,#2255,#2256));
#390=EDGE_LOOP('',(#2257,#2258,#2259,#2260));
#391=EDGE_LOOP('',(#2261,#2262,#2263,#2264));
#392=EDGE_LOOP('',(#2265,#2266,#2267,#2268));
#393=EDGE_LOOP('',(#2269,#2270,#2271,#2272));
#394=EDGE_LOOP('',(#2273,#2274,#2275,#2276));
#395=EDGE_LOOP('',(#2277,#2278,#2279,#2280));
#396=EDGE_LOOP('',(#2281,#2282,#2283,#2284));
#397=EDGE_LOOP('',(#2285,#2286,#2287,#2288));
#398=EDGE_LOOP('',(#2289,#2290,#2291,#2292));
#399=EDGE_LOOP('',(#2293,#2294,#2295,#2296));
#400=EDGE_LOOP('',(#2297,#2298,#2299,#2300));
#401=EDGE_LOOP('',(#2301,#2302,#2303,#2304));
#402=EDGE_LOOP('',(#2305,#2306,#2307,#2308));
#403=EDGE_LOOP('',(#2309,#2310,#2311,#2312));
#404=EDGE_LOOP('',(#2313,#2314,#2315,#2316));
#405=EDGE_LOOP('',(#2317,#2318,#2319,#2320));
#406=EDGE_LOOP('',(#2321,#2322,#2323,#2324));
#407=EDGE_LOOP('',(#2325,#2326,#2327,#2328));
#408=EDGE_LOOP('',(#2329,#2330,#2331,#2332));
#409=EDGE_LOOP('',(#2333,#2334,#2335,#2336));
#410=EDGE_LOOP('',(#2337,#2338,#2339,#2340));
#411=EDGE_LOOP('',(#2341,#2342,#2343));
#412=EDGE_LOOP('',(#2344,#2345,#2346));
#413=EDGE_LOOP('',(#2347,#2348,#2349,#2350));
#414=EDGE_LOOP('',(#2351,#2352,#2353,#2354));
#415=EDGE_LOOP('',(#2355,#2356,#2357,#2358));
#416=EDGE_LOOP('',(#2359,#2360,#2361,#2362));
#417=EDGE_LOOP('',(#2363,#2364,#2365));
#418=EDGE_LOOP('',(#2366,#2367,#2368));
#419=EDGE_LOOP('',(#2369,#2370,#2371,#2372));
#420=EDGE_LOOP('',(#2373,#2374,#2375,#2376));
#421=EDGE_LOOP('',(#2377,#2378,#2379,#2380));
#422=EDGE_LOOP('',(#2381,#2382,#2383,#2384));
#423=EDGE_LOOP('',(#2385,#2386,#2387,#2388));
#424=EDGE_LOOP('',(#2389,#2390,#2391,#2392));
#425=EDGE_LOOP('',(#2393,#2394,#2395,#2396));
#426=EDGE_LOOP('',(#2397,#2398,#2399,#2400));
#427=EDGE_LOOP('',(#2401,#2402,#2403,#2404));
#428=EDGE_LOOP('',(#2405,#2406,#2407,#2408));
#429=EDGE_LOOP('',(#2409,#2410,#2411,#2412));
#430=EDGE_LOOP('',(#2413,#2414,#2415,#2416));
#431=EDGE_LOOP('',(#2417,#2418,#2419,#2420));
#432=EDGE_LOOP('',(#2421,#2422,#2423,#2424));
#433=EDGE_LOOP('',(#2425,#2426,#2427,#2428));
#434=EDGE_LOOP('',(#2429,#2430,#2431,#2432));
#435=LINE('',#3668,#773);
#436=LINE('',#3670,#774);
#437=LINE('',#3672,#775);
#438=LINE('',#3673,#776);
#439=LINE('',#3678,#777);
#440=LINE('',#3680,#778);
#441=LINE('',#3682,#779);
#442=LINE('',#3684,#780);
#443=LINE('',#3686,#781);
#444=LINE('',#3688,#782);
#445=LINE('',#3690,#783);
#446=LINE('',#3692,#784);
#447=LINE('',#3694,#785);
#448=LINE('',#3696,#786);
#449=LINE('',#3698,#787);
#450=LINE('',#3700,#788);
#451=LINE('',#3702,#789);
#452=LINE('',#3704,#790);
#453=LINE('',#3708,#791);
#454=LINE('',#3710,#792);
#455=LINE('',#3712,#793);
#456=LINE('',#3714,#794);
#457=LINE('',#3716,#795);
#458=LINE('',#3718,#796);
#459=LINE('',#3720,#797);
#460=LINE('',#3722,#798);
#461=LINE('',#3724,#799);
#462=LINE('',#3726,#800);
#463=LINE('',#3728,#801);
#464=LINE('',#3730,#802);
#465=LINE('',#3732,#803);
#466=LINE('',#3734,#804);
#467=LINE('',#3738,#805);
#468=LINE('',#3740,#806);
#469=LINE('',#3742,#807);
#470=LINE('',#3744,#808);
#471=LINE('',#3746,#809);
#472=LINE('',#3748,#810);
#473=LINE('',#3750,#811);
#474=LINE('',#3752,#812);
#475=LINE('',#3754,#813);
#476=LINE('',#3756,#814);
#477=LINE('',#3758,#815);
#478=LINE('',#3760,#816);
#479=LINE('',#3762,#817);
#480=LINE('',#3764,#818);
#481=LINE('',#3768,#819);
#482=LINE('',#3770,#820);
#483=LINE('',#3772,#821);
#484=LINE('',#3774,#822);
#485=LINE('',#3776,#823);
#486=LINE('',#3778,#824);
#487=LINE('',#3780,#825);
#488=LINE('',#3782,#826);
#489=LINE('',#3784,#827);
#490=LINE('',#3786,#828);
#491=LINE('',#3788,#829);
#492=LINE('',#3790,#830);
#493=LINE('',#3791,#831);
#494=LINE('',#3797,#832);
#495=LINE('',#3800,#833);
#496=LINE('',#3801,#834);
#497=LINE('',#3804,#835);
#498=LINE('',#3806,#836);
#499=LINE('',#3808,#837);
#500=LINE('',#3810,#838);
#501=LINE('',#3812,#839);
#502=LINE('',#3814,#840);
#503=LINE('',#3816,#841);
#504=LINE('',#3818,#842);
#505=LINE('',#3820,#843);
#506=LINE('',#3822,#844);
#507=LINE('',#3824,#845);
#508=LINE('',#3826,#846);
#509=LINE('',#3830,#847);
#510=LINE('',#3832,#848);
#511=LINE('',#3834,#849);
#512=LINE('',#3836,#850);
#513=LINE('',#3838,#851);
#514=LINE('',#3840,#852);
#515=LINE('',#3842,#853);
#516=LINE('',#3844,#854);
#517=LINE('',#3846,#855);
#518=LINE('',#3848,#856);
#519=LINE('',#3850,#857);
#520=LINE('',#3852,#858);
#521=LINE('',#3854,#859);
#522=LINE('',#3856,#860);
#523=LINE('',#3860,#861);
#524=LINE('',#3862,#862);
#525=LINE('',#3864,#863);
#526=LINE('',#3866,#864);
#527=LINE('',#3868,#865);
#528=LINE('',#3870,#866);
#529=LINE('',#3872,#867);
#530=LINE('',#3874,#868);
#531=LINE('',#3876,#869);
#532=LINE('',#3878,#870);
#533=LINE('',#3880,#871);
#534=LINE('',#3882,#872);
#535=LINE('',#3884,#873);
#536=LINE('',#3886,#874);
#537=LINE('',#3890,#875);
#538=LINE('',#3892,#876);
#539=LINE('',#3894,#877);
#540=LINE('',#3896,#878);
#541=LINE('',#3898,#879);
#542=LINE('',#3900,#880);
#543=LINE('',#3902,#881);
#544=LINE('',#3904,#882);
#545=LINE('',#3906,#883);
#546=LINE('',#3908,#884);
#547=LINE('',#3910,#885);
#548=LINE('',#3912,#886);
#549=LINE('',#3914,#887);
#550=LINE('',#3915,#888);
#551=LINE('',#3919,#889);
#552=LINE('',#3921,#890);
#553=LINE('',#3923,#891);
#554=LINE('',#3925,#892);
#555=LINE('',#3927,#893);
#556=LINE('',#3929,#894);
#557=LINE('',#3931,#895);
#558=LINE('',#3933,#896);
#559=LINE('',#3935,#897);
#560=LINE('',#3937,#898);
#561=LINE('',#3939,#899);
#562=LINE('',#3941,#900);
#563=LINE('',#3943,#901);
#564=LINE('',#3945,#902);
#565=LINE('',#3947,#903);
#566=LINE('',#3949,#904);
#567=LINE('',#3951,#905);
#568=LINE('',#3953,#906);
#569=LINE('',#3955,#907);
#570=LINE('',#3957,#908);
#571=LINE('',#3959,#909);
#572=LINE('',#3961,#910);
#573=LINE('',#3963,#911);
#574=LINE('',#3965,#912);
#575=LINE('',#3967,#913);
#576=LINE('',#3969,#914);
#577=LINE('',#3971,#915);
#578=LINE('',#3973,#916);
#579=LINE('',#3975,#917);
#580=LINE('',#3977,#918);
#581=LINE('',#3979,#919);
#582=LINE('',#3981,#920);
#583=LINE('',#3983,#921);
#584=LINE('',#3985,#922);
#585=LINE('',#3987,#923);
#586=LINE('',#3989,#924);
#587=LINE('',#3991,#925);
#588=LINE('',#3993,#926);
#589=LINE('',#3995,#927);
#590=LINE('',#3997,#928);
#591=LINE('',#3999,#929);
#592=LINE('',#4001,#930);
#593=LINE('',#4003,#931);
#594=LINE('',#4005,#932);
#595=LINE('',#4007,#933);
#596=LINE('',#4009,#934);
#597=LINE('',#4011,#935);
#598=LINE('',#4013,#936);
#599=LINE('',#4015,#937);
#600=LINE('',#4017,#938);
#601=LINE('',#4019,#939);
#602=LINE('',#4021,#940);
#603=LINE('',#4023,#941);
#604=LINE('',#4025,#942);
#605=LINE('',#4027,#943);
#606=LINE('',#4029,#944);
#607=LINE('',#4032,#945);
#608=LINE('',#4039,#946);
#609=LINE('',#4041,#947);
#610=LINE('',#4043,#948);
#611=LINE('',#4045,#949);
#612=LINE('',#4047,#950);
#613=LINE('',#4049,#951);
#614=LINE('',#4051,#952);
#615=LINE('',#4052,#953);
#616=LINE('',#4055,#954);
#617=LINE('',#4057,#955);
#618=LINE('',#4058,#956);
#619=LINE('',#4061,#957);
#620=LINE('',#4063,#958);
#621=LINE('',#4065,#959);
#622=LINE('',#4067,#960);
#623=LINE('',#4069,#961);
#624=LINE('',#4070,#962);
#625=LINE('',#4074,#963);
#626=LINE('',#4076,#964);
#627=LINE('',#4078,#965);
#628=LINE('',#4079,#966);
#629=LINE('',#4081,#967);
#630=LINE('',#4082,#968);
#631=LINE('',#4085,#969);
#632=LINE('',#4086,#970);
#633=LINE('',#4089,#971);
#634=LINE('',#4090,#972);
#635=LINE('',#4093,#973);
#636=LINE('',#4095,#974);
#637=LINE('',#4096,#975);
#638=LINE('',#4099,#976);
#639=LINE('',#4101,#977);
#640=LINE('',#4102,#978);
#641=LINE('',#4105,#979);
#642=LINE('',#4107,#980);
#643=LINE('',#4108,#981);
#644=LINE('',#4111,#982);
#645=LINE('',#4113,#983);
#646=LINE('',#4114,#984);
#647=LINE('',#4119,#985);
#648=LINE('',#4122,#986);
#649=LINE('',#4124,#987);
#650=LINE('',#4126,#988);
#651=LINE('',#4127,#989);
#652=LINE('',#4132,#990);
#653=LINE('',#4135,#991);
#654=LINE('',#4137,#992);
#655=LINE('',#4140,#993);
#656=LINE('',#4142,#994);
#657=LINE('',#4143,#995);
#658=LINE('',#4147,#996);
#659=LINE('',#4148,#997);
#660=LINE('',#4151,#998);
#661=LINE('',#4152,#999);
#662=LINE('',#4154,#1000);
#663=LINE('',#4157,#1001);
#664=LINE('',#4159,#1002);
#665=LINE('',#4160,#1003);
#666=LINE('',#4162,#1004);
#667=LINE('',#4165,#1005);
#668=LINE('',#4167,#1006);
#669=LINE('',#4168,#1007);
#670=LINE('',#4171,#1008);
#671=LINE('',#4173,#1009);
#672=LINE('',#4174,#1010);
#673=LINE('',#4177,#1011);
#674=LINE('',#4179,#1012);
#675=LINE('',#4181,#1013);
#676=LINE('',#4182,#1014);
#677=LINE('',#4185,#1015);
#678=LINE('',#4187,#1016);
#679=LINE('',#4189,#1017);
#680=LINE('',#4190,#1018);
#681=LINE('',#4195,#1019);
#682=LINE('',#4198,#1020);
#683=LINE('',#4201,#1021);
#684=LINE('',#4204,#1022);
#685=LINE('',#4207,#1023);
#686=LINE('',#4208,#1024);
#687=LINE('',#4211,#1025);
#688=LINE('',#4212,#1026);
#689=LINE('',#4217,#1027);
#690=LINE('',#4220,#1028);
#691=LINE('',#4223,#1029);
#692=LINE('',#4224,#1030);
#693=LINE('',#4227,#1031);
#694=LINE('',#4228,#1032);
#695=LINE('',#4232,#1033);
#696=LINE('',#4234,#1034);
#697=LINE('',#4237,#1035);
#698=LINE('',#4239,#1036);
#699=LINE('',#4240,#1037);
#700=LINE('',#4242,#1038);
#701=LINE('',#4245,#1039);
#702=LINE('',#4246,#1040);
#703=LINE('',#4247,#1041);
#704=LINE('',#4249,#1042);
#705=LINE('',#4251,#1043);
#706=LINE('',#4253,#1044);
#707=LINE('',#4254,#1045);
#708=LINE('',#4256,#1046);
#709=LINE('',#4257,#1047);
#710=LINE('',#4258,#1048);
#711=LINE('',#4261,#1049);
#712=LINE('',#4263,#1050);
#713=LINE('',#4264,#1051);
#714=LINE('',#4267,#1052);
#715=LINE('',#4268,#1053);
#716=LINE('',#4271,#1054);
#717=LINE('',#4272,#1055);
#718=LINE('',#4274,#1056);
#719=LINE('',#4277,#1057);
#720=LINE('',#4279,#1058);
#721=LINE('',#4280,#1059);
#722=LINE('',#4283,#1060);
#723=LINE('',#4284,#1061);
#724=LINE('',#4287,#1062);
#725=LINE('',#4288,#1063);
#726=LINE('',#4290,#1064);
#727=LINE('',#4293,#1065);
#728=LINE('',#4295,#1066);
#729=LINE('',#4299,#1067);
#730=LINE('',#4300,#1068);
#731=LINE('',#4303,#1069);
#732=LINE('',#4304,#1070);
#733=LINE('',#4308,#1071);
#734=LINE('',#4309,#1072);
#735=LINE('',#4311,#1073);
#736=LINE('',#4313,#1074);
#737=LINE('',#4317,#1075);
#738=LINE('',#4319,#1076);
#739=LINE('',#4323,#1077);
#740=LINE('',#4324,#1078);
#741=LINE('',#4327,#1079);
#742=LINE('',#4328,#1080);
#743=LINE('',#4336,#1081);
#744=LINE('',#4338,#1082);
#745=LINE('',#4340,#1083);
#746=LINE('',#4341,#1084);
#747=LINE('',#4344,#1085);
#748=LINE('',#4346,#1086);
#749=LINE('',#4348,#1087);
#750=LINE('',#4349,#1088);
#751=LINE('',#4354,#1089);
#752=LINE('',#4357,#1090);
#753=LINE('',#4363,#1091);
#754=LINE('',#4364,#1092);
#755=LINE('',#4366,#1093);
#756=LINE('',#4368,#1094);
#757=LINE('',#4372,#1095);
#758=LINE('',#4374,#1096);
#759=LINE('',#4375,#1097);
#760=LINE('',#4378,#1098);
#761=LINE('',#4379,#1099);
#762=LINE('',#4382,#1100);
#763=LINE('',#4383,#1101);
#764=LINE('',#4385,#1102);
#765=LINE('',#4388,#1103);
#766=LINE('',#4390,#1104);
#767=LINE('',#4391,#1105);
#768=LINE('',#4394,#1106);
#769=LINE('',#4395,#1107);
#770=LINE('',#4398,#1108);
#771=LINE('',#4399,#1109);
#772=LINE('',#4401,#1110);
#773=VECTOR('',#2949,1.);
#774=VECTOR('',#2950,1.);
#775=VECTOR('',#2951,10.);
#776=VECTOR('',#2952,1.);
#777=VECTOR('',#2957,1.);
#778=VECTOR('',#2958,1.);
#779=VECTOR('',#2959,1.);
#780=VECTOR('',#2960,1.);
#781=VECTOR('',#2961,1.00000000000064);
#782=VECTOR('',#2962,1.);
#783=VECTOR('',#2963,1.00000000000064);
#784=VECTOR('',#2964,1.00000000000064);
#785=VECTOR('',#2965,1.);
#786=VECTOR('',#2966,1.00000000000064);
#787=VECTOR('',#2967,1.);
#788=VECTOR('',#2968,1.);
#789=VECTOR('',#2969,1.);
#790=VECTOR('',#2970,1.);
#791=VECTOR('',#2973,1.);
#792=VECTOR('',#2974,1.);
#793=VECTOR('',#2975,1.);
#794=VECTOR('',#2976,1.);
#795=VECTOR('',#2977,1.00000000000064);
#796=VECTOR('',#2978,1.);
#797=VECTOR('',#2979,1.00000000000064);
#798=VECTOR('',#2980,1.00000000000064);
#799=VECTOR('',#2981,1.);
#800=VECTOR('',#2982,1.00000000000064);
#801=VECTOR('',#2983,1.);
#802=VECTOR('',#2984,1.);
#803=VECTOR('',#2985,1.);
#804=VECTOR('',#2986,1.);
#805=VECTOR('',#2989,1.);
#806=VECTOR('',#2990,1.);
#807=VECTOR('',#2991,1.);
#808=VECTOR('',#2992,1.);
#809=VECTOR('',#2993,1.00000000000064);
#810=VECTOR('',#2994,1.);
#811=VECTOR('',#2995,1.00000000000064);
#812=VECTOR('',#2996,1.00000000000064);
#813=VECTOR('',#2997,1.);
#814=VECTOR('',#2998,1.00000000000064);
#815=VECTOR('',#2999,1.);
#816=VECTOR('',#3000,1.);
#817=VECTOR('',#3001,1.);
#818=VECTOR('',#3002,1.);
#819=VECTOR('',#3005,1.);
#820=VECTOR('',#3006,1.);
#821=VECTOR('',#3007,1.);
#822=VECTOR('',#3008,1.);
#823=VECTOR('',#3009,1.00000000000064);
#824=VECTOR('',#3010,1.);
#825=VECTOR('',#3011,1.00000000000064);
#826=VECTOR('',#3012,1.00000000000064);
#827=VECTOR('',#3013,1.);
#828=VECTOR('',#3014,1.00000000000064);
#829=VECTOR('',#3015,1.);
#830=VECTOR('',#3016,1.);
#831=VECTOR('',#3017,1.);
#832=VECTOR('',#3024,1.);
#833=VECTOR('',#3027,1.);
#834=VECTOR('',#3028,10.);
#835=VECTOR('',#3031,10.);
#836=VECTOR('',#3032,10.);
#837=VECTOR('',#3033,10.);
#838=VECTOR('',#3034,10.);
#839=VECTOR('',#3035,10.);
#840=VECTOR('',#3036,10.);
#841=VECTOR('',#3037,10.);
#842=VECTOR('',#3038,10.);
#843=VECTOR('',#3039,10.);
#844=VECTOR('',#3040,10.);
#845=VECTOR('',#3041,10.);
#846=VECTOR('',#3042,10.);
#847=VECTOR('',#3045,10.);
#848=VECTOR('',#3046,10.);
#849=VECTOR('',#3047,10.);
#850=VECTOR('',#3048,10.);
#851=VECTOR('',#3049,10.);
#852=VECTOR('',#3050,10.);
#853=VECTOR('',#3051,10.);
#854=VECTOR('',#3052,10.);
#855=VECTOR('',#3053,10.);
#856=VECTOR('',#3054,10.);
#857=VECTOR('',#3055,10.);
#858=VECTOR('',#3056,10.);
#859=VECTOR('',#3057,10.);
#860=VECTOR('',#3058,10.);
#861=VECTOR('',#3061,10.);
#862=VECTOR('',#3062,10.);
#863=VECTOR('',#3063,10.);
#864=VECTOR('',#3064,10.);
#865=VECTOR('',#3065,10.);
#866=VECTOR('',#3066,10.);
#867=VECTOR('',#3067,10.);
#868=VECTOR('',#3068,10.);
#869=VECTOR('',#3069,10.);
#870=VECTOR('',#3070,10.);
#871=VECTOR('',#3071,10.);
#872=VECTOR('',#3072,10.);
#873=VECTOR('',#3073,10.);
#874=VECTOR('',#3074,10.);
#875=VECTOR('',#3077,10.);
#876=VECTOR('',#3078,10.);
#877=VECTOR('',#3079,10.);
#878=VECTOR('',#3080,10.);
#879=VECTOR('',#3081,10.);
#880=VECTOR('',#3082,10.);
#881=VECTOR('',#3083,10.);
#882=VECTOR('',#3084,10.);
#883=VECTOR('',#3085,10.);
#884=VECTOR('',#3086,10.);
#885=VECTOR('',#3087,10.);
#886=VECTOR('',#3088,10.);
#887=VECTOR('',#3089,10.);
#888=VECTOR('',#3090,10.);
#889=VECTOR('',#3095,1.);
#890=VECTOR('',#3098,1.);
#891=VECTOR('',#3101,1.);
#892=VECTOR('',#3104,1.);
#893=VECTOR('',#3107,1.);
#894=VECTOR('',#3110,1.);
#895=VECTOR('',#3113,1.);
#896=VECTOR('',#3116,1.);
#897=VECTOR('',#3119,1.);
#898=VECTOR('',#3122,1.);
#899=VECTOR('',#3125,1.);
#900=VECTOR('',#3128,1.);
#901=VECTOR('',#3131,1.);
#902=VECTOR('',#3134,1.);
#903=VECTOR('',#3137,1.);
#904=VECTOR('',#3140,1.);
#905=VECTOR('',#3143,1.);
#906=VECTOR('',#3146,1.);
#907=VECTOR('',#3149,1.);
#908=VECTOR('',#3152,1.);
#909=VECTOR('',#3155,1.);
#910=VECTOR('',#3158,1.);
#911=VECTOR('',#3161,1.);
#912=VECTOR('',#3164,1.);
#913=VECTOR('',#3167,1.);
#914=VECTOR('',#3170,1.);
#915=VECTOR('',#3173,1.);
#916=VECTOR('',#3176,1.);
#917=VECTOR('',#3179,1.);
#918=VECTOR('',#3182,1.);
#919=VECTOR('',#3185,1.);
#920=VECTOR('',#3188,1.);
#921=VECTOR('',#3191,1.);
#922=VECTOR('',#3194,1.);
#923=VECTOR('',#3197,1.);
#924=VECTOR('',#3200,1.);
#925=VECTOR('',#3203,1.);
#926=VECTOR('',#3206,1.);
#927=VECTOR('',#3209,1.);
#928=VECTOR('',#3212,1.);
#929=VECTOR('',#3215,1.);
#930=VECTOR('',#3218,1.);
#931=VECTOR('',#3221,1.);
#932=VECTOR('',#3224,1.);
#933=VECTOR('',#3227,1.);
#934=VECTOR('',#3230,1.);
#935=VECTOR('',#3233,1.);
#936=VECTOR('',#3236,1.);
#937=VECTOR('',#3239,1.);
#938=VECTOR('',#3242,1.);
#939=VECTOR('',#3245,1.);
#940=VECTOR('',#3248,1.);
#941=VECTOR('',#3251,1.);
#942=VECTOR('',#3254,1.);
#943=VECTOR('',#3257,1.);
#944=VECTOR('',#3260,1.);
#945=VECTOR('',#3265,2.1);
#946=VECTOR('',#3274,1.);
#947=VECTOR('',#3275,1.00000000000044);
#948=VECTOR('',#3276,1.);
#949=VECTOR('',#3277,1.);
#950=VECTOR('',#3278,1.);
#951=VECTOR('',#3279,1.);
#952=VECTOR('',#3280,1.);
#953=VECTOR('',#3281,1.00000000000044);
#954=VECTOR('',#3284,1.00000000000064);
#955=VECTOR('',#3285,1.);
#956=VECTOR('',#3286,1.00000000000064);
#957=VECTOR('',#3289,1.00000000000044);
#958=VECTOR('',#3290,1.00000000000064);
#959=VECTOR('',#3291,1.00000000000044);
#960=VECTOR('',#3292,1.00000000000064);
#961=VECTOR('',#3293,1.00000000000044);
#962=VECTOR('',#3294,1.00000000000064);
#963=VECTOR('',#3297,1.00000000000044);
#964=VECTOR('',#3298,1.00000000000064);
#965=VECTOR('',#3299,1.00000000000044);
#966=VECTOR('',#3300,1.00000000000064);
#967=VECTOR('',#3301,1.00000000000044);
#968=VECTOR('',#3302,1.00000000000064);
#969=VECTOR('',#3305,1.);
#970=VECTOR('',#3306,1.00000000000064);
#971=VECTOR('',#3309,1.);
#972=VECTOR('',#3310,1.00000000000064);
#973=VECTOR('',#3313,1.00000000000064);
#974=VECTOR('',#3314,1.);
#975=VECTOR('',#3315,1.00000000000026);
#976=VECTOR('',#3318,1.00000000000064);
#977=VECTOR('',#3319,1.00000000000026);
#978=VECTOR('',#3320,1.);
#979=VECTOR('',#3323,1.00000000000064);
#980=VECTOR('',#3324,1.00000000000064);
#981=VECTOR('',#3325,1.);
#982=VECTOR('',#3328,1.);
#983=VECTOR('',#3329,1.);
#984=VECTOR('',#3330,1.);
#985=VECTOR('',#3333,1.);
#986=VECTOR('',#3336,1.);
#987=VECTOR('',#3339,1.);
#988=VECTOR('',#3342,1.);
#989=VECTOR('',#3343,1.);
#990=VECTOR('',#3346,1.);
#991=VECTOR('',#3349,1.);
#992=VECTOR('',#3352,1.);
#993=VECTOR('',#3355,1.);
#994=VECTOR('',#3356,1.);
#995=VECTOR('',#3357,1.);
#996=VECTOR('',#3362,1.00000000000064);
#997=VECTOR('',#3363,1.00000000000026);
#998=VECTOR('',#3366,1.00000000000026);
#999=VECTOR('',#3367,1.00000000000064);
#1000=VECTOR('',#3370,1.00000000000064);
#1001=VECTOR('',#3373,1.);
#1002=VECTOR('',#3374,1.);
#1003=VECTOR('',#3375,1.);
#1004=VECTOR('',#3378,1.00000000000064);
#1005=VECTOR('',#3381,1.);
#1006=VECTOR('',#3382,1.);
#1007=VECTOR('',#3383,1.);
#1008=VECTOR('',#3386,1.);
#1009=VECTOR('',#3387,1.);
#1010=VECTOR('',#3388,1.);
#1011=VECTOR('',#3389,1.);
#1012=VECTOR('',#3390,1.);
#1013=VECTOR('',#3391,1.);
#1014=VECTOR('',#3392,1.);
#1015=VECTOR('',#3393,1.);
#1016=VECTOR('',#3394,1.);
#1017=VECTOR('',#3395,1.);
#1018=VECTOR('',#3396,1.);
#1019=VECTOR('',#3399,1.);
#1020=VECTOR('',#3402,1.);
#1021=VECTOR('',#3405,1.00000000000064);
#1022=VECTOR('',#3408,1.00000000000064);
#1023=VECTOR('',#3411,1.00000000000064);
#1024=VECTOR('',#3412,1.);
#1025=VECTOR('',#3415,1.);
#1026=VECTOR('',#3416,1.00000000000064);
#1027=VECTOR('',#3423,1.00000000000064);
#1028=VECTOR('',#3426,1.00000000000064);
#1029=VECTOR('',#3429,1.00000000000064);
#1030=VECTOR('',#3430,1.);
#1031=VECTOR('',#3433,1.);
#1032=VECTOR('',#3434,1.00000000000064);
#1033=VECTOR('',#3441,1.00000000000064);
#1034=VECTOR('',#3444,1.00000000000064);
#1035=VECTOR('',#3447,1.00000000000064);
#1036=VECTOR('',#3448,1.);
#1037=VECTOR('',#3449,1.00000000000064);
#1038=VECTOR('',#3452,1.00000000000064);
#1039=VECTOR('',#3455,1.);
#1040=VECTOR('',#3456,1.00000000000064);
#1041=VECTOR('',#3457,1.00000000000064);
#1042=VECTOR('',#3460,1.00000000000064);
#1043=VECTOR('',#3463,1.00000000000064);
#1044=VECTOR('',#3464,1.);
#1045=VECTOR('',#3465,1.00000000000064);
#1046=VECTOR('',#3468,1.00000000000064);
#1047=VECTOR('',#3469,1.);
#1048=VECTOR('',#3470,1.00000000000064);
#1049=VECTOR('',#3473,1.);
#1050=VECTOR('',#3474,1.);
#1051=VECTOR('',#3475,1.);
#1052=VECTOR('',#3478,1.);
#1053=VECTOR('',#3479,1.);
#1054=VECTOR('',#3482,1.);
#1055=VECTOR('',#3483,1.);
#1056=VECTOR('',#3486,1.);
#1057=VECTOR('',#3489,1.);
#1058=VECTOR('',#3490,1.);
#1059=VECTOR('',#3491,1.);
#1060=VECTOR('',#3494,1.);
#1061=VECTOR('',#3495,1.);
#1062=VECTOR('',#3498,1.);
#1063=VECTOR('',#3499,1.);
#1064=VECTOR('',#3502,1.);
#1065=VECTOR('',#3505,1.00000000000064);
#1066=VECTOR('',#3506,1.00000000000064);
#1067=VECTOR('',#3511,1.00000000000064);
#1068=VECTOR('',#3512,1.);
#1069=VECTOR('',#3515,1.00000000000064);
#1070=VECTOR('',#3516,1.);
#1071=VECTOR('',#3523,1.);
#1072=VECTOR('',#3524,1.);
#1073=VECTOR('',#3527,1.);
#1074=VECTOR('',#3530,1.);
#1075=VECTOR('',#3535,1.);
#1076=VECTOR('',#3536,1.);
#1077=VECTOR('',#3541,1.);
#1078=VECTOR('',#3542,1.);
#1079=VECTOR('',#3545,1.);
#1080=VECTOR('',#3546,1.);
#1081=VECTOR('',#3557,1.);
#1082=VECTOR('',#3558,1.);
#1083=VECTOR('',#3559,1.);
#1084=VECTOR('',#3560,1.);
#1085=VECTOR('',#3561,1.);
#1086=VECTOR('',#3562,1.);
#1087=VECTOR('',#3563,1.);
#1088=VECTOR('',#3564,1.);
#1089=VECTOR('',#3567,1.);
#1090=VECTOR('',#3570,1.);
#1091=VECTOR('',#3581,1.00000000000064);
#1092=VECTOR('',#3582,1.00000000000064);
#1093=VECTOR('',#3585,1.00000000000064);
#1094=VECTOR('',#3588,1.00000000000064);
#1095=VECTOR('',#3593,1.);
#1096=VECTOR('',#3594,1.);
#1097=VECTOR('',#3595,1.);
#1098=VECTOR('',#3598,1.);
#1099=VECTOR('',#3599,1.);
#1100=VECTOR('',#3602,1.);
#1101=VECTOR('',#3603,1.);
#1102=VECTOR('',#3606,1.);
#1103=VECTOR('',#3609,1.);
#1104=VECTOR('',#3610,1.);
#1105=VECTOR('',#3611,1.);
#1106=VECTOR('',#3614,1.);
#1107=VECTOR('',#3615,1.);
#1108=VECTOR('',#3618,1.);
#1109=VECTOR('',#3619,1.);
#1110=VECTOR('',#3622,1.);
#1111=VERTEX_POINT('',#3666);
#1112=VERTEX_POINT('',#3667);
#1113=VERTEX_POINT('',#3669);
#1114=VERTEX_POINT('',#3671);
#1115=VERTEX_POINT('',#3675);
#1116=VERTEX_POINT('',#3677);
#1117=VERTEX_POINT('',#3679);
#1118=VERTEX_POINT('',#3681);
#1119=VERTEX_POINT('',#3683);
#1120=VERTEX_POINT('',#3685);
#1121=VERTEX_POINT('',#3687);
#1122=VERTEX_POINT('',#3689);
#1123=VERTEX_POINT('',#3691);
#1124=VERTEX_POINT('',#3693);
#1125=VERTEX_POINT('',#3695);
#1126=VERTEX_POINT('',#3697);
#1127=VERTEX_POINT('',#3699);
#1128=VERTEX_POINT('',#3701);
#1129=VERTEX_POINT('',#3703);
#1130=VERTEX_POINT('',#3705);
#1131=VERTEX_POINT('',#3707);
#1132=VERTEX_POINT('',#3709);
#1133=VERTEX_POINT('',#3711);
#1134=VERTEX_POINT('',#3713);
#1135=VERTEX_POINT('',#3715);
#1136=VERTEX_POINT('',#3717);
#1137=VERTEX_POINT('',#3719);
#1138=VERTEX_POINT('',#3721);
#1139=VERTEX_POINT('',#3723);
#1140=VERTEX_POINT('',#3725);
#1141=VERTEX_POINT('',#3727);
#1142=VERTEX_POINT('',#3729);
#1143=VERTEX_POINT('',#3731);
#1144=VERTEX_POINT('',#3733);
#1145=VERTEX_POINT('',#3735);
#1146=VERTEX_POINT('',#3737);
#1147=VERTEX_POINT('',#3739);
#1148=VERTEX_POINT('',#3741);
#1149=VERTEX_POINT('',#3743);
#1150=VERTEX_POINT('',#3745);
#1151=VERTEX_POINT('',#3747);
#1152=VERTEX_POINT('',#3749);
#1153=VERTEX_POINT('',#3751);
#1154=VERTEX_POINT('',#3753);
#1155=VERTEX_POINT('',#3755);
#1156=VERTEX_POINT('',#3757);
#1157=VERTEX_POINT('',#3759);
#1158=VERTEX_POINT('',#3761);
#1159=VERTEX_POINT('',#3763);
#1160=VERTEX_POINT('',#3765);
#1161=VERTEX_POINT('',#3767);
#1162=VERTEX_POINT('',#3769);
#1163=VERTEX_POINT('',#3771);
#1164=VERTEX_POINT('',#3773);
#1165=VERTEX_POINT('',#3775);
#1166=VERTEX_POINT('',#3777);
#1167=VERTEX_POINT('',#3779);
#1168=VERTEX_POINT('',#3781);
#1169=VERTEX_POINT('',#3783);
#1170=VERTEX_POINT('',#3785);
#1171=VERTEX_POINT('',#3787);
#1172=VERTEX_POINT('',#3789);
#1173=VERTEX_POINT('',#3792);
#1174=VERTEX_POINT('',#3795);
#1175=VERTEX_POINT('',#3799);
#1176=VERTEX_POINT('',#3803);
#1177=VERTEX_POINT('',#3805);
#1178=VERTEX_POINT('',#3807);
#1179=VERTEX_POINT('',#3809);
#1180=VERTEX_POINT('',#3811);
#1181=VERTEX_POINT('',#3813);
#1182=VERTEX_POINT('',#3815);
#1183=VERTEX_POINT('',#3817);
#1184=VERTEX_POINT('',#3819);
#1185=VERTEX_POINT('',#3821);
#1186=VERTEX_POINT('',#3823);
#1187=VERTEX_POINT('',#3825);
#1188=VERTEX_POINT('',#3827);
#1189=VERTEX_POINT('',#3829);
#1190=VERTEX_POINT('',#3831);
#1191=VERTEX_POINT('',#3833);
#1192=VERTEX_POINT('',#3835);
#1193=VERTEX_POINT('',#3837);
#1194=VERTEX_POINT('',#3839);
#1195=VERTEX_POINT('',#3841);
#1196=VERTEX_POINT('',#3843);
#1197=VERTEX_POINT('',#3845);
#1198=VERTEX_POINT('',#3847);
#1199=VERTEX_POINT('',#3849);
#1200=VERTEX_POINT('',#3851);
#1201=VERTEX_POINT('',#3853);
#1202=VERTEX_POINT('',#3855);
#1203=VERTEX_POINT('',#3857);
#1204=VERTEX_POINT('',#3859);
#1205=VERTEX_POINT('',#3861);
#1206=VERTEX_POINT('',#3863);
#1207=VERTEX_POINT('',#3865);
#1208=VERTEX_POINT('',#3867);
#1209=VERTEX_POINT('',#3869);
#1210=VERTEX_POINT('',#3871);
#1211=VERTEX_POINT('',#3873);
#1212=VERTEX_POINT('',#3875);
#1213=VERTEX_POINT('',#3877);
#1214=VERTEX_POINT('',#3879);
#1215=VERTEX_POINT('',#3881);
#1216=VERTEX_POINT('',#3883);
#1217=VERTEX_POINT('',#3885);
#1218=VERTEX_POINT('',#3887);
#1219=VERTEX_POINT('',#3889);
#1220=VERTEX_POINT('',#3891);
#1221=VERTEX_POINT('',#3893);
#1222=VERTEX_POINT('',#3895);
#1223=VERTEX_POINT('',#3897);
#1224=VERTEX_POINT('',#3899);
#1225=VERTEX_POINT('',#3901);
#1226=VERTEX_POINT('',#3903);
#1227=VERTEX_POINT('',#3905);
#1228=VERTEX_POINT('',#3907);
#1229=VERTEX_POINT('',#3909);
#1230=VERTEX_POINT('',#3911);
#1231=VERTEX_POINT('',#3913);
#1232=VERTEX_POINT('',#3916);
#1233=VERTEX_POINT('',#4037);
#1234=VERTEX_POINT('',#4038);
#1235=VERTEX_POINT('',#4040);
#1236=VERTEX_POINT('',#4042);
#1237=VERTEX_POINT('',#4044);
#1238=VERTEX_POINT('',#4046);
#1239=VERTEX_POINT('',#4048);
#1240=VERTEX_POINT('',#4050);
#1241=VERTEX_POINT('',#4054);
#1242=VERTEX_POINT('',#4056);
#1243=VERTEX_POINT('',#4060);
#1244=VERTEX_POINT('',#4062);
#1245=VERTEX_POINT('',#4064);
#1246=VERTEX_POINT('',#4066);
#1247=VERTEX_POINT('',#4068);
#1248=VERTEX_POINT('',#4072);
#1249=VERTEX_POINT('',#4073);
#1250=VERTEX_POINT('',#4075);
#1251=VERTEX_POINT('',#4077);
#1252=VERTEX_POINT('',#4080);
#1253=VERTEX_POINT('',#4084);
#1254=VERTEX_POINT('',#4088);
#1255=VERTEX_POINT('',#4092);
#1256=VERTEX_POINT('',#4094);
#1257=VERTEX_POINT('',#4098);
#1258=VERTEX_POINT('',#4100);
#1259=VERTEX_POINT('',#4104);
#1260=VERTEX_POINT('',#4106);
#1261=VERTEX_POINT('',#4110);
#1262=VERTEX_POINT('',#4112);
#1263=VERTEX_POINT('',#4115);
#1264=VERTEX_POINT('',#4116);
#1265=VERTEX_POINT('',#4118);
#1266=VERTEX_POINT('',#4120);
#1267=VERTEX_POINT('',#4128);
#1268=VERTEX_POINT('',#4129);
#1269=VERTEX_POINT('',#4131);
#1270=VERTEX_POINT('',#4133);
#1271=VERTEX_POINT('',#4139);
#1272=VERTEX_POINT('',#4141);
#1273=VERTEX_POINT('',#4146);
#1274=VERTEX_POINT('',#4150);
#1275=VERTEX_POINT('',#4156);
#1276=VERTEX_POINT('',#4158);
#1277=VERTEX_POINT('',#4164);
#1278=VERTEX_POINT('',#4166);
#1279=VERTEX_POINT('',#4170);
#1280=VERTEX_POINT('',#4172);
#1281=VERTEX_POINT('',#4175);
#1282=VERTEX_POINT('',#4176);
#1283=VERTEX_POINT('',#4178);
#1284=VERTEX_POINT('',#4180);
#1285=VERTEX_POINT('',#4183);
#1286=VERTEX_POINT('',#4184);
#1287=VERTEX_POINT('',#4186);
#1288=VERTEX_POINT('',#4188);
#1289=VERTEX_POINT('',#4191);
#1290=VERTEX_POINT('',#4192);
#1291=VERTEX_POINT('',#4194);
#1292=VERTEX_POINT('',#4196);
#1293=VERTEX_POINT('',#4200);
#1294=VERTEX_POINT('',#4202);
#1295=VERTEX_POINT('',#4206);
#1296=VERTEX_POINT('',#4210);
#1297=VERTEX_POINT('',#4216);
#1298=VERTEX_POINT('',#4218);
#1299=VERTEX_POINT('',#4222);
#1300=VERTEX_POINT('',#4226);
#1301=VERTEX_POINT('',#4236);
#1302=VERTEX_POINT('',#4238);
#1303=VERTEX_POINT('',#4244);
#1304=VERTEX_POINT('',#4252);
#1305=VERTEX_POINT('',#4260);
#1306=VERTEX_POINT('',#4262);
#1307=VERTEX_POINT('',#4266);
#1308=VERTEX_POINT('',#4270);
#1309=VERTEX_POINT('',#4276);
#1310=VERTEX_POINT('',#4278);
#1311=VERTEX_POINT('',#4282);
#1312=VERTEX_POINT('',#4286);
#1313=VERTEX_POINT('',#4292);
#1314=VERTEX_POINT('',#4294);
#1315=VERTEX_POINT('',#4298);
#1316=VERTEX_POINT('',#4302);
#1317=VERTEX_POINT('',#4316);
#1318=VERTEX_POINT('',#4318);
#1319=VERTEX_POINT('',#4322);
#1320=VERTEX_POINT('',#4326);
#1321=VERTEX_POINT('',#4334);
#1322=VERTEX_POINT('',#4335);
#1323=VERTEX_POINT('',#4337);
#1324=VERTEX_POINT('',#4339);
#1325=VERTEX_POINT('',#4342);
#1326=VERTEX_POINT('',#4343);
#1327=VERTEX_POINT('',#4345);
#1328=VERTEX_POINT('',#4347);
#1329=VERTEX_POINT('',#4350);
#1330=VERTEX_POINT('',#4351);
#1331=VERTEX_POINT('',#4353);
#1332=VERTEX_POINT('',#4355);
#1333=VERTEX_POINT('',#4371);
#1334=VERTEX_POINT('',#4373);
#1335=VERTEX_POINT('',#4377);
#1336=VERTEX_POINT('',#4381);
#1337=VERTEX_POINT('',#4387);
#1338=VERTEX_POINT('',#4389);
#1339=VERTEX_POINT('',#4393);
#1340=VERTEX_POINT('',#4397);
#1341=EDGE_CURVE('',#1111,#1112,#435,.T.);
#1342=EDGE_CURVE('',#1111,#1113,#436,.T.);
#1343=EDGE_CURVE('',#1113,#1114,#437,.T.);
#1344=EDGE_CURVE('',#1112,#1114,#438,.T.);
#1345=EDGE_CURVE('',#1112,#1115,#115,.T.);
#1346=EDGE_CURVE('',#1115,#1116,#439,.T.);
#1347=EDGE_CURVE('',#1116,#1117,#440,.T.);
#1348=EDGE_CURVE('',#1117,#1118,#441,.T.);
#1349=EDGE_CURVE('',#1118,#1119,#442,.T.);
#1350=EDGE_CURVE('',#1119,#1120,#443,.T.);
#1351=EDGE_CURVE('',#1120,#1121,#444,.T.);
#1352=EDGE_CURVE('',#1121,#1122,#445,.T.);
#1353=EDGE_CURVE('',#1122,#1123,#446,.T.);
#1354=EDGE_CURVE('',#1123,#1124,#447,.T.);
#1355=EDGE_CURVE('',#1124,#1125,#448,.T.);
#1356=EDGE_CURVE('',#1125,#1126,#449,.T.);
#1357=EDGE_CURVE('',#1126,#1127,#450,.T.);
#1358=EDGE_CURVE('',#1127,#1128,#451,.T.);
#1359=EDGE_CURVE('',#1128,#1129,#452,.T.);
#1360=EDGE_CURVE('',#1129,#1130,#116,.T.);
#1361=EDGE_CURVE('',#1130,#1131,#453,.T.);
#1362=EDGE_CURVE('',#1132,#1131,#454,.T.);
#1363=EDGE_CURVE('',#1133,#1132,#455,.T.);
#1364=EDGE_CURVE('',#1134,#1133,#456,.T.);
#1365=EDGE_CURVE('',#1135,#1134,#457,.T.);
#1366=EDGE_CURVE('',#1136,#1135,#458,.T.);
#1367=EDGE_CURVE('',#1136,#1137,#459,.T.);
#1368=EDGE_CURVE('',#1137,#1138,#460,.T.);
#1369=EDGE_CURVE('',#1139,#1138,#461,.T.);
#1370=EDGE_CURVE('',#1140,#1139,#462,.T.);
#1371=EDGE_CURVE('',#1141,#1140,#463,.T.);
#1372=EDGE_CURVE('',#1142,#1141,#464,.T.);
#1373=EDGE_CURVE('',#1143,#1142,#465,.T.);
#1374=EDGE_CURVE('',#1143,#1144,#466,.T.);
#1375=EDGE_CURVE('',#1144,#1145,#117,.T.);
#1376=EDGE_CURVE('',#1145,#1146,#467,.T.);
#1377=EDGE_CURVE('',#1147,#1146,#468,.T.);
#1378=EDGE_CURVE('',#1148,#1147,#469,.T.);
#1379=EDGE_CURVE('',#1149,#1148,#470,.T.);
#1380=EDGE_CURVE('',#1150,#1149,#471,.T.);
#1381=EDGE_CURVE('',#1151,#1150,#472,.T.);
#1382=EDGE_CURVE('',#1152,#1151,#473,.T.);
#1383=EDGE_CURVE('',#1153,#1152,#474,.T.);
#1384=EDGE_CURVE('',#1154,#1153,#475,.T.);
#1385=EDGE_CURVE('',#1155,#1154,#476,.T.);
#1386=EDGE_CURVE('',#1156,#1155,#477,.T.);
#1387=EDGE_CURVE('',#1157,#1156,#478,.T.);
#1388=EDGE_CURVE('',#1158,#1157,#479,.T.);
#1389=EDGE_CURVE('',#1158,#1159,#480,.T.);
#1390=EDGE_CURVE('',#1159,#1160,#118,.T.);
#1391=EDGE_CURVE('',#1160,#1161,#481,.T.);
#1392=EDGE_CURVE('',#1162,#1161,#482,.T.);
#1393=EDGE_CURVE('',#1163,#1162,#483,.T.);
#1394=EDGE_CURVE('',#1164,#1163,#484,.T.);
#1395=EDGE_CURVE('',#1165,#1164,#485,.T.);
#1396=EDGE_CURVE('',#1166,#1165,#486,.T.);
#1397=EDGE_CURVE('',#1167,#1166,#487,.T.);
#1398=EDGE_CURVE('',#1168,#1167,#488,.T.);
#1399=EDGE_CURVE('',#1169,#1168,#489,.T.);
#1400=EDGE_CURVE('',#1170,#1169,#490,.T.);
#1401=EDGE_CURVE('',#1171,#1170,#491,.T.);
#1402=EDGE_CURVE('',#1172,#1171,#492,.T.);
#1403=EDGE_CURVE('',#1111,#1172,#493,.T.);
#1404=EDGE_CURVE('',#1173,#1173,#119,.T.);
#1405=EDGE_CURVE('',#1114,#1174,#120,.T.);
#1406=EDGE_CURVE('',#1115,#1174,#494,.T.);
#1407=EDGE_CURVE('',#1172,#1175,#495,.T.);
#1408=EDGE_CURVE('',#1113,#1175,#496,.T.);
#1409=EDGE_CURVE('',#1175,#1176,#497,.T.);
#1410=EDGE_CURVE('',#1176,#1177,#498,.T.);
#1411=EDGE_CURVE('',#1177,#1178,#499,.T.);
#1412=EDGE_CURVE('',#1178,#1179,#500,.T.);
#1413=EDGE_CURVE('',#1179,#1180,#501,.T.);
#1414=EDGE_CURVE('',#1180,#1181,#502,.T.);
#1415=EDGE_CURVE('',#1181,#1182,#503,.T.);
#1416=EDGE_CURVE('',#1182,#1183,#504,.T.);
#1417=EDGE_CURVE('',#1183,#1184,#505,.T.);
#1418=EDGE_CURVE('',#1184,#1185,#506,.T.);
#1419=EDGE_CURVE('',#1185,#1186,#507,.T.);
#1420=EDGE_CURVE('',#1187,#1186,#508,.T.);
#1421=EDGE_CURVE('',#1188,#1187,#121,.T.);
#1422=EDGE_CURVE('',#1189,#1188,#509,.T.);
#1423=EDGE_CURVE('',#1189,#1190,#510,.T.);
#1424=EDGE_CURVE('',#1190,#1191,#511,.T.);
#1425=EDGE_CURVE('',#1191,#1192,#512,.T.);
#1426=EDGE_CURVE('',#1192,#1193,#513,.T.);
#1427=EDGE_CURVE('',#1193,#1194,#514,.T.);
#1428=EDGE_CURVE('',#1194,#1195,#515,.T.);
#1429=EDGE_CURVE('',#1195,#1196,#516,.T.);
#1430=EDGE_CURVE('',#1196,#1197,#517,.T.);
#1431=EDGE_CURVE('',#1197,#1198,#518,.T.);
#1432=EDGE_CURVE('',#1198,#1199,#519,.T.);
#1433=EDGE_CURVE('',#1199,#1200,#520,.T.);
#1434=EDGE_CURVE('',#1200,#1201,#521,.T.);
#1435=EDGE_CURVE('',#1202,#1201,#522,.T.);
#1436=EDGE_CURVE('',#1203,#1202,#122,.T.);
#1437=EDGE_CURVE('',#1204,#1203,#523,.T.);
#1438=EDGE_CURVE('',#1204,#1205,#524,.T.);
#1439=EDGE_CURVE('',#1205,#1206,#525,.T.);
#1440=EDGE_CURVE('',#1206,#1207,#526,.T.);
#1441=EDGE_CURVE('',#1207,#1208,#527,.T.);
#1442=EDGE_CURVE('',#1208,#1209,#528,.T.);
#1443=EDGE_CURVE('',#1210,#1209,#529,.T.);
#1444=EDGE_CURVE('',#1211,#1210,#530,.T.);
#1445=EDGE_CURVE('',#1211,#1212,#531,.T.);
#1446=EDGE_CURVE('',#1212,#1213,#532,.T.);
#1447=EDGE_CURVE('',#1213,#1214,#533,.T.);
#1448=EDGE_CURVE('',#1214,#1215,#534,.T.);
#1449=EDGE_CURVE('',#1215,#1216,#535,.T.);
#1450=EDGE_CURVE('',#1217,#1216,#536,.T.);
#1451=EDGE_CURVE('',#1218,#1217,#123,.T.);
#1452=EDGE_CURVE('',#1219,#1218,#537,.T.);
#1453=EDGE_CURVE('',#1220,#1219,#538,.T.);
#1454=EDGE_CURVE('',#1221,#1220,#539,.T.);
#1455=EDGE_CURVE('',#1222,#1221,#540,.T.);
#1456=EDGE_CURVE('',#1223,#1222,#541,.T.);
#1457=EDGE_CURVE('',#1224,#1223,#542,.T.);
#1458=EDGE_CURVE('',#1225,#1224,#543,.T.);
#1459=EDGE_CURVE('',#1226,#1225,#544,.T.);
#1460=EDGE_CURVE('',#1227,#1226,#545,.T.);
#1461=EDGE_CURVE('',#1228,#1227,#546,.T.);
#1462=EDGE_CURVE('',#1229,#1228,#547,.T.);
#1463=EDGE_CURVE('',#1230,#1229,#548,.T.);
#1464=EDGE_CURVE('',#1231,#1230,#549,.T.);
#1465=EDGE_CURVE('',#1174,#1231,#550,.T.);
#1466=EDGE_CURVE('',#1232,#1232,#124,.F.);
#1467=EDGE_CURVE('',#1116,#1231,#551,.T.);
#1468=EDGE_CURVE('',#1171,#1176,#552,.T.);
#1469=EDGE_CURVE('',#1117,#1230,#553,.T.);
#1470=EDGE_CURVE('',#1170,#1177,#554,.T.);
#1471=EDGE_CURVE('',#1118,#1229,#555,.T.);
#1472=EDGE_CURVE('',#1169,#1178,#556,.T.);
#1473=EDGE_CURVE('',#1119,#1228,#557,.T.);
#1474=EDGE_CURVE('',#1168,#1179,#558,.T.);
#1475=EDGE_CURVE('',#1120,#1227,#559,.T.);
#1476=EDGE_CURVE('',#1167,#1180,#560,.T.);
#1477=EDGE_CURVE('',#1121,#1226,#561,.T.);
#1478=EDGE_CURVE('',#1166,#1181,#562,.T.);
#1479=EDGE_CURVE('',#1122,#1225,#563,.T.);
#1480=EDGE_CURVE('',#1165,#1182,#564,.T.);
#1481=EDGE_CURVE('',#1123,#1224,#565,.T.);
#1482=EDGE_CURVE('',#1164,#1183,#566,.T.);
#1483=EDGE_CURVE('',#1124,#1223,#567,.T.);
#1484=EDGE_CURVE('',#1163,#1184,#568,.T.);
#1485=EDGE_CURVE('',#1125,#1222,#569,.T.);
#1486=EDGE_CURVE('',#1162,#1185,#570,.T.);
#1487=EDGE_CURVE('',#1126,#1221,#571,.T.);
#1488=EDGE_CURVE('',#1161,#1186,#572,.T.);
#1489=EDGE_CURVE('',#1127,#1220,#573,.T.);
#1490=EDGE_CURVE('',#1160,#1187,#574,.T.);
#1491=EDGE_CURVE('',#1128,#1219,#575,.T.);
#1492=EDGE_CURVE('',#1159,#1188,#576,.T.);
#1493=EDGE_CURVE('',#1129,#1218,#577,.T.);
#1494=EDGE_CURVE('',#1158,#1189,#578,.T.);
#1495=EDGE_CURVE('',#1130,#1217,#579,.T.);
#1496=EDGE_CURVE('',#1157,#1190,#580,.T.);
#1497=EDGE_CURVE('',#1131,#1216,#581,.T.);
#1498=EDGE_CURVE('',#1156,#1191,#582,.T.);
#1499=EDGE_CURVE('',#1132,#1215,#583,.T.);
#1500=EDGE_CURVE('',#1155,#1192,#584,.T.);
#1501=EDGE_CURVE('',#1133,#1214,#585,.T.);
#1502=EDGE_CURVE('',#1154,#1193,#586,.T.);
#1503=EDGE_CURVE('',#1134,#1213,#587,.T.);
#1504=EDGE_CURVE('',#1153,#1194,#588,.T.);
#1505=EDGE_CURVE('',#1135,#1212,#589,.T.);
#1506=EDGE_CURVE('',#1152,#1195,#590,.T.);
#1507=EDGE_CURVE('',#1136,#1211,#591,.T.);
#1508=EDGE_CURVE('',#1151,#1196,#592,.T.);
#1509=EDGE_CURVE('',#1137,#1210,#593,.T.);
#1510=EDGE_CURVE('',#1150,#1197,#594,.T.);
#1511=EDGE_CURVE('',#1138,#1209,#595,.T.);
#1512=EDGE_CURVE('',#1149,#1198,#596,.T.);
#1513=EDGE_CURVE('',#1139,#1208,#597,.T.);
#1514=EDGE_CURVE('',#1148,#1199,#598,.T.);
#1515=EDGE_CURVE('',#1140,#1207,#599,.T.);
#1516=EDGE_CURVE('',#1147,#1200,#600,.T.);
#1517=EDGE_CURVE('',#1141,#1206,#601,.T.);
#1518=EDGE_CURVE('',#1146,#1201,#602,.T.);
#1519=EDGE_CURVE('',#1142,#1205,#603,.T.);
#1520=EDGE_CURVE('',#1145,#1202,#604,.T.);
#1521=EDGE_CURVE('',#1143,#1204,#605,.T.);
#1522=EDGE_CURVE('',#1144,#1203,#606,.T.);
#1523=EDGE_CURVE('',#1232,#1173,#607,.T.);
#1524=EDGE_CURVE('',#1233,#1234,#608,.T.);
#1525=EDGE_CURVE('',#1234,#1235,#609,.T.);
#1526=EDGE_CURVE('',#1235,#1236,#610,.T.);
#1527=EDGE_CURVE('',#1237,#1236,#611,.T.);
#1528=EDGE_CURVE('',#1238,#1237,#612,.T.);
#1529=EDGE_CURVE('',#1238,#1239,#613,.T.);
#1530=EDGE_CURVE('',#1239,#1240,#614,.T.);
#1531=EDGE_CURVE('',#1233,#1240,#615,.T.);
#1532=EDGE_CURVE('',#1241,#1233,#616,.T.);
#1533=EDGE_CURVE('',#1241,#1242,#617,.T.);
#1534=EDGE_CURVE('',#1242,#1234,#618,.T.);
#1535=EDGE_CURVE('',#1243,#1241,#619,.T.);
#1536=EDGE_CURVE('',#1240,#1244,#620,.T.);
#1537=EDGE_CURVE('',#1245,#1244,#621,.T.);
#1538=EDGE_CURVE('',#1246,#1245,#622,.T.);
#1539=EDGE_CURVE('',#1247,#1246,#623,.T.);
#1540=EDGE_CURVE('',#1243,#1247,#624,.T.);
#1541=EDGE_CURVE('',#1248,#1249,#625,.T.);
#1542=EDGE_CURVE('',#1249,#1250,#626,.T.);
#1543=EDGE_CURVE('',#1250,#1251,#627,.T.);
#1544=EDGE_CURVE('',#1251,#1235,#628,.T.);
#1545=EDGE_CURVE('',#1252,#1242,#629,.T.);
#1546=EDGE_CURVE('',#1248,#1252,#630,.T.);
#1547=EDGE_CURVE('',#1253,#1244,#631,.T.);
#1548=EDGE_CURVE('',#1239,#1253,#632,.T.);
#1549=EDGE_CURVE('',#1251,#1254,#633,.T.);
#1550=EDGE_CURVE('',#1236,#1254,#634,.T.);
#1551=EDGE_CURVE('',#1238,#1255,#635,.T.);
#1552=EDGE_CURVE('',#1255,#1256,#636,.T.);
#1553=EDGE_CURVE('',#1256,#1239,#637,.T.);
#1554=EDGE_CURVE('',#1237,#1257,#638,.T.);
#1555=EDGE_CURVE('',#1258,#1236,#639,.T.);
#1556=EDGE_CURVE('',#1257,#1258,#640,.T.);
#1557=EDGE_CURVE('',#1238,#1259,#641,.T.);
#1558=EDGE_CURVE('',#1237,#1260,#642,.T.);
#1559=EDGE_CURVE('',#1259,#1260,#643,.T.);
#1560=EDGE_CURVE('',#1261,#1243,#644,.T.);
#1561=EDGE_CURVE('',#1262,#1261,#645,.T.);
#1562=EDGE_CURVE('',#1252,#1262,#646,.T.);
#1563=EDGE_CURVE('',#1263,#1264,#125,.T.);
#1564=EDGE_CURVE('',#1264,#1265,#647,.T.);
#1565=EDGE_CURVE('',#1265,#1266,#126,.T.);
#1566=EDGE_CURVE('',#1266,#1263,#648,.T.);
#1567=EDGE_CURVE('',#1247,#1261,#649,.T.);
#1568=EDGE_CURVE('',#1246,#1249,#650,.T.);
#1569=EDGE_CURVE('',#1248,#1262,#651,.T.);
#1570=EDGE_CURVE('',#1267,#1268,#127,.T.);
#1571=EDGE_CURVE('',#1268,#1269,#652,.T.);
#1572=EDGE_CURVE('',#1269,#1270,#128,.T.);
#1573=EDGE_CURVE('',#1270,#1267,#653,.T.);
#1574=EDGE_CURVE('',#1245,#1250,#654,.T.);
#1575=EDGE_CURVE('',#1253,#1271,#655,.T.);
#1576=EDGE_CURVE('',#1271,#1272,#656,.T.);
#1577=EDGE_CURVE('',#1254,#1272,#657,.T.);
#1578=EDGE_CURVE('',#1256,#1273,#658,.T.);
#1579=EDGE_CURVE('',#1273,#1253,#659,.T.);
#1580=EDGE_CURVE('',#1274,#1254,#660,.T.);
#1581=EDGE_CURVE('',#1258,#1274,#661,.T.);
#1582=EDGE_CURVE('',#1259,#1255,#662,.T.);
#1583=EDGE_CURVE('',#1275,#1255,#663,.T.);
#1584=EDGE_CURVE('',#1276,#1275,#664,.T.);
#1585=EDGE_CURVE('',#1273,#1276,#665,.T.);
#1586=EDGE_CURVE('',#1260,#1257,#666,.T.);
#1587=EDGE_CURVE('',#1274,#1277,#667,.T.);
#1588=EDGE_CURVE('',#1277,#1278,#668,.T.);
#1589=EDGE_CURVE('',#1278,#1257,#669,.T.);
#1590=EDGE_CURVE('',#1279,#1260,#670,.T.);
#1591=EDGE_CURVE('',#1280,#1279,#671,.T.);
#1592=EDGE_CURVE('',#1280,#1259,#672,.T.);
#1593=EDGE_CURVE('',#1281,#1282,#673,.T.);
#1594=EDGE_CURVE('',#1282,#1283,#674,.T.);
#1595=EDGE_CURVE('',#1283,#1284,#675,.T.);
#1596=EDGE_CURVE('',#1284,#1281,#676,.T.);
#1597=EDGE_CURVE('',#1285,#1286,#677,.T.);
#1598=EDGE_CURVE('',#1286,#1287,#678,.T.);
#1599=EDGE_CURVE('',#1287,#1288,#679,.T.);
#1600=EDGE_CURVE('',#1288,#1285,#680,.T.);
#1601=EDGE_CURVE('',#1289,#1290,#129,.T.);
#1602=EDGE_CURVE('',#1291,#1289,#681,.T.);
#1603=EDGE_CURVE('',#1292,#1291,#130,.T.);
#1604=EDGE_CURVE('',#1290,#1292,#682,.T.);
#1605=EDGE_CURVE('',#1293,#1263,#683,.T.);
#1606=EDGE_CURVE('',#1293,#1294,#131,.T.);
#1607=EDGE_CURVE('',#1294,#1264,#684,.T.);
#1608=EDGE_CURVE('',#1295,#1266,#685,.T.);
#1609=EDGE_CURVE('',#1295,#1293,#686,.T.);
#1610=EDGE_CURVE('',#1294,#1296,#687,.T.);
#1611=EDGE_CURVE('',#1296,#1265,#688,.T.);
#1612=EDGE_CURVE('',#1296,#1295,#132,.T.);
#1613=EDGE_CURVE('',#1297,#1267,#689,.T.);
#1614=EDGE_CURVE('',#1297,#1298,#133,.T.);
#1615=EDGE_CURVE('',#1298,#1268,#690,.T.);
#1616=EDGE_CURVE('',#1299,#1270,#691,.T.);
#1617=EDGE_CURVE('',#1299,#1297,#692,.T.);
#1618=EDGE_CURVE('',#1298,#1300,#693,.T.);
#1619=EDGE_CURVE('',#1300,#1269,#694,.T.);
#1620=EDGE_CURVE('',#1300,#1299,#134,.T.);
#1621=EDGE_CURVE('',#1271,#1276,#695,.T.);
#1622=EDGE_CURVE('',#1277,#1272,#696,.T.);
#1623=EDGE_CURVE('',#1271,#1301,#697,.T.);
#1624=EDGE_CURVE('',#1301,#1302,#698,.T.);
#1625=EDGE_CURVE('',#1302,#1272,#699,.T.);
#1626=EDGE_CURVE('',#1275,#1280,#700,.T.);
#1627=EDGE_CURVE('',#1301,#1303,#701,.T.);
#1628=EDGE_CURVE('',#1301,#1276,#702,.T.);
#1629=EDGE_CURVE('',#1275,#1303,#703,.T.);
#1630=EDGE_CURVE('',#1279,#1278,#704,.T.);
#1631=EDGE_CURVE('',#1302,#1277,#705,.T.);
#1632=EDGE_CURVE('',#1302,#1304,#706,.T.);
#1633=EDGE_CURVE('',#1278,#1304,#707,.T.);
#1634=EDGE_CURVE('',#1279,#1304,#708,.T.);
#1635=EDGE_CURVE('',#1303,#1304,#709,.T.);
#1636=EDGE_CURVE('',#1280,#1303,#710,.T.);
#1637=EDGE_CURVE('',#1281,#1305,#711,.T.);
#1638=EDGE_CURVE('',#1305,#1306,#712,.T.);
#1639=EDGE_CURVE('',#1282,#1306,#713,.T.);
#1640=EDGE_CURVE('',#1306,#1307,#714,.T.);
#1641=EDGE_CURVE('',#1283,#1307,#715,.T.);
#1642=EDGE_CURVE('',#1307,#1308,#716,.T.);
#1643=EDGE_CURVE('',#1284,#1308,#717,.T.);
#1644=EDGE_CURVE('',#1308,#1305,#718,.T.);
#1645=EDGE_CURVE('',#1285,#1309,#719,.T.);
#1646=EDGE_CURVE('',#1309,#1310,#720,.T.);
#1647=EDGE_CURVE('',#1286,#1310,#721,.T.);
#1648=EDGE_CURVE('',#1310,#1311,#722,.T.);
#1649=EDGE_CURVE('',#1287,#1311,#723,.T.);
#1650=EDGE_CURVE('',#1311,#1312,#724,.T.);
#1651=EDGE_CURVE('',#1288,#1312,#725,.T.);
#1652=EDGE_CURVE('',#1312,#1309,#726,.T.);
#1653=EDGE_CURVE('',#1289,#1313,#727,.T.);
#1654=EDGE_CURVE('',#1290,#1314,#728,.T.);
#1655=EDGE_CURVE('',#1313,#1314,#135,.T.);
#1656=EDGE_CURVE('',#1291,#1315,#729,.T.);
#1657=EDGE_CURVE('',#1315,#1313,#730,.T.);
#1658=EDGE_CURVE('',#1292,#1316,#731,.T.);
#1659=EDGE_CURVE('',#1314,#1316,#732,.T.);
#1660=EDGE_CURVE('',#1316,#1315,#136,.T.);
#1661=EDGE_CURVE('',#1314,#1294,#733,.T.);
#1662=EDGE_CURVE('',#1313,#1293,#734,.T.);
#1663=EDGE_CURVE('',#1315,#1295,#735,.T.);
#1664=EDGE_CURVE('',#1316,#1296,#736,.T.);
#1665=EDGE_CURVE('',#1317,#1298,#737,.T.);
#1666=EDGE_CURVE('',#1318,#1297,#738,.T.);
#1667=EDGE_CURVE('',#1318,#1317,#137,.T.);
#1668=EDGE_CURVE('',#1319,#1299,#739,.T.);
#1669=EDGE_CURVE('',#1319,#1318,#740,.T.);
#1670=EDGE_CURVE('',#1320,#1300,#741,.T.);
#1671=EDGE_CURVE('',#1317,#1320,#742,.T.);
#1672=EDGE_CURVE('',#1320,#1319,#138,.T.);
#1673=EDGE_CURVE('',#1321,#1322,#743,.T.);
#1674=EDGE_CURVE('',#1322,#1323,#744,.T.);
#1675=EDGE_CURVE('',#1323,#1324,#745,.T.);
#1676=EDGE_CURVE('',#1324,#1321,#746,.T.);
#1677=EDGE_CURVE('',#1325,#1326,#747,.T.);
#1678=EDGE_CURVE('',#1326,#1327,#748,.T.);
#1679=EDGE_CURVE('',#1327,#1328,#749,.T.);
#1680=EDGE_CURVE('',#1328,#1325,#750,.T.);
#1681=EDGE_CURVE('',#1329,#1330,#139,.T.);
#1682=EDGE_CURVE('',#1331,#1329,#751,.T.);
#1683=EDGE_CURVE('',#1332,#1331,#140,.T.);
#1684=EDGE_CURVE('',#1330,#1332,#752,.T.);
#1685=EDGE_CURVE('',#1332,#1318,#753,.T.);
#1686=EDGE_CURVE('',#1331,#1317,#754,.T.);
#1687=EDGE_CURVE('',#1330,#1319,#755,.T.);
#1688=EDGE_CURVE('',#1329,#1320,#756,.T.);
#1689=EDGE_CURVE('',#1321,#1333,#757,.T.);
#1690=EDGE_CURVE('',#1333,#1334,#758,.T.);
#1691=EDGE_CURVE('',#1322,#1334,#759,.T.);
#1692=EDGE_CURVE('',#1334,#1335,#760,.T.);
#1693=EDGE_CURVE('',#1323,#1335,#761,.T.);
#1694=EDGE_CURVE('',#1335,#1336,#762,.T.);
#1695=EDGE_CURVE('',#1324,#1336,#763,.T.);
#1696=EDGE_CURVE('',#1336,#1333,#764,.T.);
#1697=EDGE_CURVE('',#1325,#1337,#765,.T.);
#1698=EDGE_CURVE('',#1337,#1338,#766,.T.);
#1699=EDGE_CURVE('',#1326,#1338,#767,.T.);
#1700=EDGE_CURVE('',#1338,#1339,#768,.T.);
#1701=EDGE_CURVE('',#1327,#1339,#769,.T.);
#1702=EDGE_CURVE('',#1339,#1340,#770,.T.);
#1703=EDGE_CURVE('',#1328,#1340,#771,.T.);
#1704=EDGE_CURVE('',#1340,#1337,#772,.T.);
#1705=ORIENTED_EDGE('',*,*,#1341,.F.);
#1706=ORIENTED_EDGE('',*,*,#1342,.T.);
#1707=ORIENTED_EDGE('',*,*,#1343,.T.);
#1708=ORIENTED_EDGE('',*,*,#1344,.F.);
#1709=ORIENTED_EDGE('',*,*,#1341,.T.);
#1710=ORIENTED_EDGE('',*,*,#1345,.T.);
#1711=ORIENTED_EDGE('',*,*,#1346,.T.);
#1712=ORIENTED_EDGE('',*,*,#1347,.T.);
#1713=ORIENTED_EDGE('',*,*,#1348,.T.);
#1714=ORIENTED_EDGE('',*,*,#1349,.T.);
#1715=ORIENTED_EDGE('',*,*,#1350,.T.);
#1716=ORIENTED_EDGE('',*,*,#1351,.T.);
#1717=ORIENTED_EDGE('',*,*,#1352,.T.);
#1718=ORIENTED_EDGE('',*,*,#1353,.T.);
#1719=ORIENTED_EDGE('',*,*,#1354,.T.);
#1720=ORIENTED_EDGE('',*,*,#1355,.T.);
#1721=ORIENTED_EDGE('',*,*,#1356,.T.);
#1722=ORIENTED_EDGE('',*,*,#1357,.T.);
#1723=ORIENTED_EDGE('',*,*,#1358,.T.);
#1724=ORIENTED_EDGE('',*,*,#1359,.T.);
#1725=ORIENTED_EDGE('',*,*,#1360,.T.);
#1726=ORIENTED_EDGE('',*,*,#1361,.T.);
#1727=ORIENTED_EDGE('',*,*,#1362,.F.);
#1728=ORIENTED_EDGE('',*,*,#1363,.F.);
#1729=ORIENTED_EDGE('',*,*,#1364,.F.);
#1730=ORIENTED_EDGE('',*,*,#1365,.F.);
#1731=ORIENTED_EDGE('',*,*,#1366,.F.);
#1732=ORIENTED_EDGE('',*,*,#1367,.T.);
#1733=ORIENTED_EDGE('',*,*,#1368,.T.);
#1734=ORIENTED_EDGE('',*,*,#1369,.F.);
#1735=ORIENTED_EDGE('',*,*,#1370,.F.);
#1736=ORIENTED_EDGE('',*,*,#1371,.F.);
#1737=ORIENTED_EDGE('',*,*,#1372,.F.);
#1738=ORIENTED_EDGE('',*,*,#1373,.F.);
#1739=ORIENTED_EDGE('',*,*,#1374,.T.);
#1740=ORIENTED_EDGE('',*,*,#1375,.T.);
#1741=ORIENTED_EDGE('',*,*,#1376,.T.);
#1742=ORIENTED_EDGE('',*,*,#1377,.F.);
#1743=ORIENTED_EDGE('',*,*,#1378,.F.);
#1744=ORIENTED_EDGE('',*,*,#1379,.F.);
#1745=ORIENTED_EDGE('',*,*,#1380,.F.);
#1746=ORIENTED_EDGE('',*,*,#1381,.F.);
#1747=ORIENTED_EDGE('',*,*,#1382,.F.);
#1748=ORIENTED_EDGE('',*,*,#1383,.F.);
#1749=ORIENTED_EDGE('',*,*,#1384,.F.);
#1750=ORIENTED_EDGE('',*,*,#1385,.F.);
#1751=ORIENTED_EDGE('',*,*,#1386,.F.);
#1752=ORIENTED_EDGE('',*,*,#1387,.F.);
#1753=ORIENTED_EDGE('',*,*,#1388,.F.);
#1754=ORIENTED_EDGE('',*,*,#1389,.T.);
#1755=ORIENTED_EDGE('',*,*,#1390,.T.);
#1756=ORIENTED_EDGE('',*,*,#1391,.T.);
#1757=ORIENTED_EDGE('',*,*,#1392,.F.);
#1758=ORIENTED_EDGE('',*,*,#1393,.F.);
#1759=ORIENTED_EDGE('',*,*,#1394,.F.);
#1760=ORIENTED_EDGE('',*,*,#1395,.F.);
#1761=ORIENTED_EDGE('',*,*,#1396,.F.);
#1762=ORIENTED_EDGE('',*,*,#1397,.F.);
#1763=ORIENTED_EDGE('',*,*,#1398,.F.);
#1764=ORIENTED_EDGE('',*,*,#1399,.F.);
#1765=ORIENTED_EDGE('',*,*,#1400,.F.);
#1766=ORIENTED_EDGE('',*,*,#1401,.F.);
#1767=ORIENTED_EDGE('',*,*,#1402,.F.);
#1768=ORIENTED_EDGE('',*,*,#1403,.F.);
#1769=ORIENTED_EDGE('',*,*,#1404,.T.);
#1770=ORIENTED_EDGE('',*,*,#1345,.F.);
#1771=ORIENTED_EDGE('',*,*,#1344,.T.);
#1772=ORIENTED_EDGE('',*,*,#1405,.T.);
#1773=ORIENTED_EDGE('',*,*,#1406,.F.);
#1774=ORIENTED_EDGE('',*,*,#1342,.F.);
#1775=ORIENTED_EDGE('',*,*,#1403,.T.);
#1776=ORIENTED_EDGE('',*,*,#1407,.T.);
#1777=ORIENTED_EDGE('',*,*,#1408,.F.);
#1778=ORIENTED_EDGE('',*,*,#1343,.F.);
#1779=ORIENTED_EDGE('',*,*,#1408,.T.);
#1780=ORIENTED_EDGE('',*,*,#1409,.T.);
#1781=ORIENTED_EDGE('',*,*,#1410,.T.);
#1782=ORIENTED_EDGE('',*,*,#1411,.T.);
#1783=ORIENTED_EDGE('',*,*,#1412,.T.);
#1784=ORIENTED_EDGE('',*,*,#1413,.T.);
#1785=ORIENTED_EDGE('',*,*,#1414,.T.);
#1786=ORIENTED_EDGE('',*,*,#1415,.T.);
#1787=ORIENTED_EDGE('',*,*,#1416,.T.);
#1788=ORIENTED_EDGE('',*,*,#1417,.T.);
#1789=ORIENTED_EDGE('',*,*,#1418,.T.);
#1790=ORIENTED_EDGE('',*,*,#1419,.T.);
#1791=ORIENTED_EDGE('',*,*,#1420,.F.);
#1792=ORIENTED_EDGE('',*,*,#1421,.F.);
#1793=ORIENTED_EDGE('',*,*,#1422,.F.);
#1794=ORIENTED_EDGE('',*,*,#1423,.T.);
#1795=ORIENTED_EDGE('',*,*,#1424,.T.);
#1796=ORIENTED_EDGE('',*,*,#1425,.T.);
#1797=ORIENTED_EDGE('',*,*,#1426,.T.);
#1798=ORIENTED_EDGE('',*,*,#1427,.T.);
#1799=ORIENTED_EDGE('',*,*,#1428,.T.);
#1800=ORIENTED_EDGE('',*,*,#1429,.T.);
#1801=ORIENTED_EDGE('',*,*,#1430,.T.);
#1802=ORIENTED_EDGE('',*,*,#1431,.T.);
#1803=ORIENTED_EDGE('',*,*,#1432,.T.);
#1804=ORIENTED_EDGE('',*,*,#1433,.T.);
#1805=ORIENTED_EDGE('',*,*,#1434,.T.);
#1806=ORIENTED_EDGE('',*,*,#1435,.F.);
#1807=ORIENTED_EDGE('',*,*,#1436,.F.);
#1808=ORIENTED_EDGE('',*,*,#1437,.F.);
#1809=ORIENTED_EDGE('',*,*,#1438,.T.);
#1810=ORIENTED_EDGE('',*,*,#1439,.T.);
#1811=ORIENTED_EDGE('',*,*,#1440,.T.);
#1812=ORIENTED_EDGE('',*,*,#1441,.T.);
#1813=ORIENTED_EDGE('',*,*,#1442,.T.);
#1814=ORIENTED_EDGE('',*,*,#1443,.F.);
#1815=ORIENTED_EDGE('',*,*,#1444,.F.);
#1816=ORIENTED_EDGE('',*,*,#1445,.T.);
#1817=ORIENTED_EDGE('',*,*,#1446,.T.);
#1818=ORIENTED_EDGE('',*,*,#1447,.T.);
#1819=ORIENTED_EDGE('',*,*,#1448,.T.);
#1820=ORIENTED_EDGE('',*,*,#1449,.T.);
#1821=ORIENTED_EDGE('',*,*,#1450,.F.);
#1822=ORIENTED_EDGE('',*,*,#1451,.F.);
#1823=ORIENTED_EDGE('',*,*,#1452,.F.);
#1824=ORIENTED_EDGE('',*,*,#1453,.F.);
#1825=ORIENTED_EDGE('',*,*,#1454,.F.);
#1826=ORIENTED_EDGE('',*,*,#1455,.F.);
#1827=ORIENTED_EDGE('',*,*,#1456,.F.);
#1828=ORIENTED_EDGE('',*,*,#1457,.F.);
#1829=ORIENTED_EDGE('',*,*,#1458,.F.);
#1830=ORIENTED_EDGE('',*,*,#1459,.F.);
#1831=ORIENTED_EDGE('',*,*,#1460,.F.);
#1832=ORIENTED_EDGE('',*,*,#1461,.F.);
#1833=ORIENTED_EDGE('',*,*,#1462,.F.);
#1834=ORIENTED_EDGE('',*,*,#1463,.F.);
#1835=ORIENTED_EDGE('',*,*,#1464,.F.);
#1836=ORIENTED_EDGE('',*,*,#1465,.F.);
#1837=ORIENTED_EDGE('',*,*,#1405,.F.);
#1838=ORIENTED_EDGE('',*,*,#1466,.F.);
#1839=ORIENTED_EDGE('',*,*,#1346,.F.);
#1840=ORIENTED_EDGE('',*,*,#1406,.T.);
#1841=ORIENTED_EDGE('',*,*,#1465,.T.);
#1842=ORIENTED_EDGE('',*,*,#1467,.F.);
#1843=ORIENTED_EDGE('',*,*,#1407,.F.);
#1844=ORIENTED_EDGE('',*,*,#1402,.T.);
#1845=ORIENTED_EDGE('',*,*,#1468,.T.);
#1846=ORIENTED_EDGE('',*,*,#1409,.F.);
#1847=ORIENTED_EDGE('',*,*,#1467,.T.);
#1848=ORIENTED_EDGE('',*,*,#1464,.T.);
#1849=ORIENTED_EDGE('',*,*,#1469,.F.);
#1850=ORIENTED_EDGE('',*,*,#1347,.F.);
#1851=ORIENTED_EDGE('',*,*,#1468,.F.);
#1852=ORIENTED_EDGE('',*,*,#1401,.T.);
#1853=ORIENTED_EDGE('',*,*,#1470,.T.);
#1854=ORIENTED_EDGE('',*,*,#1410,.F.);
#1855=ORIENTED_EDGE('',*,*,#1469,.T.);
#1856=ORIENTED_EDGE('',*,*,#1463,.T.);
#1857=ORIENTED_EDGE('',*,*,#1471,.F.);
#1858=ORIENTED_EDGE('',*,*,#1348,.F.);
#1859=ORIENTED_EDGE('',*,*,#1470,.F.);
#1860=ORIENTED_EDGE('',*,*,#1400,.T.);
#1861=ORIENTED_EDGE('',*,*,#1472,.T.);
#1862=ORIENTED_EDGE('',*,*,#1411,.F.);
#1863=ORIENTED_EDGE('',*,*,#1471,.T.);
#1864=ORIENTED_EDGE('',*,*,#1462,.T.);
#1865=ORIENTED_EDGE('',*,*,#1473,.F.);
#1866=ORIENTED_EDGE('',*,*,#1349,.F.);
#1867=ORIENTED_EDGE('',*,*,#1472,.F.);
#1868=ORIENTED_EDGE('',*,*,#1399,.T.);
#1869=ORIENTED_EDGE('',*,*,#1474,.T.);
#1870=ORIENTED_EDGE('',*,*,#1412,.F.);
#1871=ORIENTED_EDGE('',*,*,#1473,.T.);
#1872=ORIENTED_EDGE('',*,*,#1461,.T.);
#1873=ORIENTED_EDGE('',*,*,#1475,.F.);
#1874=ORIENTED_EDGE('',*,*,#1350,.F.);
#1875=ORIENTED_EDGE('',*,*,#1474,.F.);
#1876=ORIENTED_EDGE('',*,*,#1398,.T.);
#1877=ORIENTED_EDGE('',*,*,#1476,.T.);
#1878=ORIENTED_EDGE('',*,*,#1413,.F.);
#1879=ORIENTED_EDGE('',*,*,#1475,.T.);
#1880=ORIENTED_EDGE('',*,*,#1460,.T.);
#1881=ORIENTED_EDGE('',*,*,#1477,.F.);
#1882=ORIENTED_EDGE('',*,*,#1351,.F.);
#1883=ORIENTED_EDGE('',*,*,#1476,.F.);
#1884=ORIENTED_EDGE('',*,*,#1397,.T.);
#1885=ORIENTED_EDGE('',*,*,#1478,.T.);
#1886=ORIENTED_EDGE('',*,*,#1414,.F.);
#1887=ORIENTED_EDGE('',*,*,#1477,.T.);
#1888=ORIENTED_EDGE('',*,*,#1459,.T.);
#1889=ORIENTED_EDGE('',*,*,#1479,.F.);
#1890=ORIENTED_EDGE('',*,*,#1352,.F.);
#1891=ORIENTED_EDGE('',*,*,#1478,.F.);
#1892=ORIENTED_EDGE('',*,*,#1396,.T.);
#1893=ORIENTED_EDGE('',*,*,#1480,.T.);
#1894=ORIENTED_EDGE('',*,*,#1415,.F.);
#1895=ORIENTED_EDGE('',*,*,#1479,.T.);
#1896=ORIENTED_EDGE('',*,*,#1458,.T.);
#1897=ORIENTED_EDGE('',*,*,#1481,.F.);
#1898=ORIENTED_EDGE('',*,*,#1353,.F.);
#1899=ORIENTED_EDGE('',*,*,#1480,.F.);
#1900=ORIENTED_EDGE('',*,*,#1395,.T.);
#1901=ORIENTED_EDGE('',*,*,#1482,.T.);
#1902=ORIENTED_EDGE('',*,*,#1416,.F.);
#1903=ORIENTED_EDGE('',*,*,#1481,.T.);
#1904=ORIENTED_EDGE('',*,*,#1457,.T.);
#1905=ORIENTED_EDGE('',*,*,#1483,.F.);
#1906=ORIENTED_EDGE('',*,*,#1354,.F.);
#1907=ORIENTED_EDGE('',*,*,#1482,.F.);
#1908=ORIENTED_EDGE('',*,*,#1394,.T.);
#1909=ORIENTED_EDGE('',*,*,#1484,.T.);
#1910=ORIENTED_EDGE('',*,*,#1417,.F.);
#1911=ORIENTED_EDGE('',*,*,#1483,.T.);
#1912=ORIENTED_EDGE('',*,*,#1456,.T.);
#1913=ORIENTED_EDGE('',*,*,#1485,.F.);
#1914=ORIENTED_EDGE('',*,*,#1355,.F.);
#1915=ORIENTED_EDGE('',*,*,#1484,.F.);
#1916=ORIENTED_EDGE('',*,*,#1393,.T.);
#1917=ORIENTED_EDGE('',*,*,#1486,.T.);
#1918=ORIENTED_EDGE('',*,*,#1418,.F.);
#1919=ORIENTED_EDGE('',*,*,#1485,.T.);
#1920=ORIENTED_EDGE('',*,*,#1455,.T.);
#1921=ORIENTED_EDGE('',*,*,#1487,.F.);
#1922=ORIENTED_EDGE('',*,*,#1356,.F.);
#1923=ORIENTED_EDGE('',*,*,#1486,.F.);
#1924=ORIENTED_EDGE('',*,*,#1392,.T.);
#1925=ORIENTED_EDGE('',*,*,#1488,.T.);
#1926=ORIENTED_EDGE('',*,*,#1419,.F.);
#1927=ORIENTED_EDGE('',*,*,#1487,.T.);
#1928=ORIENTED_EDGE('',*,*,#1454,.T.);
#1929=ORIENTED_EDGE('',*,*,#1489,.F.);
#1930=ORIENTED_EDGE('',*,*,#1357,.F.);
#1931=ORIENTED_EDGE('',*,*,#1391,.F.);
#1932=ORIENTED_EDGE('',*,*,#1490,.T.);
#1933=ORIENTED_EDGE('',*,*,#1420,.T.);
#1934=ORIENTED_EDGE('',*,*,#1488,.F.);
#1935=ORIENTED_EDGE('',*,*,#1489,.T.);
#1936=ORIENTED_EDGE('',*,*,#1453,.T.);
#1937=ORIENTED_EDGE('',*,*,#1491,.F.);
#1938=ORIENTED_EDGE('',*,*,#1358,.F.);
#1939=ORIENTED_EDGE('',*,*,#1390,.F.);
#1940=ORIENTED_EDGE('',*,*,#1492,.T.);
#1941=ORIENTED_EDGE('',*,*,#1421,.T.);
#1942=ORIENTED_EDGE('',*,*,#1490,.F.);
#1943=ORIENTED_EDGE('',*,*,#1359,.F.);
#1944=ORIENTED_EDGE('',*,*,#1491,.T.);
#1945=ORIENTED_EDGE('',*,*,#1452,.T.);
#1946=ORIENTED_EDGE('',*,*,#1493,.F.);
#1947=ORIENTED_EDGE('',*,*,#1389,.F.);
#1948=ORIENTED_EDGE('',*,*,#1494,.T.);
#1949=ORIENTED_EDGE('',*,*,#1422,.T.);
#1950=ORIENTED_EDGE('',*,*,#1492,.F.);
#1951=ORIENTED_EDGE('',*,*,#1360,.F.);
#1952=ORIENTED_EDGE('',*,*,#1493,.T.);
#1953=ORIENTED_EDGE('',*,*,#1451,.T.);
#1954=ORIENTED_EDGE('',*,*,#1495,.F.);
#1955=ORIENTED_EDGE('',*,*,#1494,.F.);
#1956=ORIENTED_EDGE('',*,*,#1388,.T.);
#1957=ORIENTED_EDGE('',*,*,#1496,.T.);
#1958=ORIENTED_EDGE('',*,*,#1423,.F.);
#1959=ORIENTED_EDGE('',*,*,#1361,.F.);
#1960=ORIENTED_EDGE('',*,*,#1495,.T.);
#1961=ORIENTED_EDGE('',*,*,#1450,.T.);
#1962=ORIENTED_EDGE('',*,*,#1497,.F.);
#1963=ORIENTED_EDGE('',*,*,#1496,.F.);
#1964=ORIENTED_EDGE('',*,*,#1387,.T.);
#1965=ORIENTED_EDGE('',*,*,#1498,.T.);
#1966=ORIENTED_EDGE('',*,*,#1424,.F.);
#1967=ORIENTED_EDGE('',*,*,#1499,.F.);
#1968=ORIENTED_EDGE('',*,*,#1362,.T.);
#1969=ORIENTED_EDGE('',*,*,#1497,.T.);
#1970=ORIENTED_EDGE('',*,*,#1449,.F.);
#1971=ORIENTED_EDGE('',*,*,#1498,.F.);
#1972=ORIENTED_EDGE('',*,*,#1386,.T.);
#1973=ORIENTED_EDGE('',*,*,#1500,.T.);
#1974=ORIENTED_EDGE('',*,*,#1425,.F.);
#1975=ORIENTED_EDGE('',*,*,#1501,.F.);
#1976=ORIENTED_EDGE('',*,*,#1363,.T.);
#1977=ORIENTED_EDGE('',*,*,#1499,.T.);
#1978=ORIENTED_EDGE('',*,*,#1448,.F.);
#1979=ORIENTED_EDGE('',*,*,#1500,.F.);
#1980=ORIENTED_EDGE('',*,*,#1385,.T.);
#1981=ORIENTED_EDGE('',*,*,#1502,.T.);
#1982=ORIENTED_EDGE('',*,*,#1426,.F.);
#1983=ORIENTED_EDGE('',*,*,#1503,.F.);
#1984=ORIENTED_EDGE('',*,*,#1364,.T.);
#1985=ORIENTED_EDGE('',*,*,#1501,.T.);
#1986=ORIENTED_EDGE('',*,*,#1447,.F.);
#1987=ORIENTED_EDGE('',*,*,#1502,.F.);
#1988=ORIENTED_EDGE('',*,*,#1384,.T.);
#1989=ORIENTED_EDGE('',*,*,#1504,.T.);
#1990=ORIENTED_EDGE('',*,*,#1427,.F.);
#1991=ORIENTED_EDGE('',*,*,#1505,.F.);
#1992=ORIENTED_EDGE('',*,*,#1365,.T.);
#1993=ORIENTED_EDGE('',*,*,#1503,.T.);
#1994=ORIENTED_EDGE('',*,*,#1446,.F.);
#1995=ORIENTED_EDGE('',*,*,#1504,.F.);
#1996=ORIENTED_EDGE('',*,*,#1383,.T.);
#1997=ORIENTED_EDGE('',*,*,#1506,.T.);
#1998=ORIENTED_EDGE('',*,*,#1428,.F.);
#1999=ORIENTED_EDGE('',*,*,#1507,.F.);
#2000=ORIENTED_EDGE('',*,*,#1366,.T.);
#2001=ORIENTED_EDGE('',*,*,#1505,.T.);
#2002=ORIENTED_EDGE('',*,*,#1445,.F.);
#2003=ORIENTED_EDGE('',*,*,#1506,.F.);
#2004=ORIENTED_EDGE('',*,*,#1382,.T.);
#2005=ORIENTED_EDGE('',*,*,#1508,.T.);
#2006=ORIENTED_EDGE('',*,*,#1429,.F.);
#2007=ORIENTED_EDGE('',*,*,#1507,.T.);
#2008=ORIENTED_EDGE('',*,*,#1444,.T.);
#2009=ORIENTED_EDGE('',*,*,#1509,.F.);
#2010=ORIENTED_EDGE('',*,*,#1367,.F.);
#2011=ORIENTED_EDGE('',*,*,#1508,.F.);
#2012=ORIENTED_EDGE('',*,*,#1381,.T.);
#2013=ORIENTED_EDGE('',*,*,#1510,.T.);
#2014=ORIENTED_EDGE('',*,*,#1430,.F.);
#2015=ORIENTED_EDGE('',*,*,#1509,.T.);
#2016=ORIENTED_EDGE('',*,*,#1443,.T.);
#2017=ORIENTED_EDGE('',*,*,#1511,.F.);
#2018=ORIENTED_EDGE('',*,*,#1368,.F.);
#2019=ORIENTED_EDGE('',*,*,#1510,.F.);
#2020=ORIENTED_EDGE('',*,*,#1380,.T.);
#2021=ORIENTED_EDGE('',*,*,#1512,.T.);
#2022=ORIENTED_EDGE('',*,*,#1431,.F.);
#2023=ORIENTED_EDGE('',*,*,#1513,.F.);
#2024=ORIENTED_EDGE('',*,*,#1369,.T.);
#2025=ORIENTED_EDGE('',*,*,#1511,.T.);
#2026=ORIENTED_EDGE('',*,*,#1442,.F.);
#2027=ORIENTED_EDGE('',*,*,#1512,.F.);
#2028=ORIENTED_EDGE('',*,*,#1379,.T.);
#2029=ORIENTED_EDGE('',*,*,#1514,.T.);
#2030=ORIENTED_EDGE('',*,*,#1432,.F.);
#2031=ORIENTED_EDGE('',*,*,#1515,.F.);
#2032=ORIENTED_EDGE('',*,*,#1370,.T.);
#2033=ORIENTED_EDGE('',*,*,#1513,.T.);
#2034=ORIENTED_EDGE('',*,*,#1441,.F.);
#2035=ORIENTED_EDGE('',*,*,#1514,.F.);
#2036=ORIENTED_EDGE('',*,*,#1378,.T.);
#2037=ORIENTED_EDGE('',*,*,#1516,.T.);
#2038=ORIENTED_EDGE('',*,*,#1433,.F.);
#2039=ORIENTED_EDGE('',*,*,#1517,.F.);
#2040=ORIENTED_EDGE('',*,*,#1371,.T.);
#2041=ORIENTED_EDGE('',*,*,#1515,.T.);
#2042=ORIENTED_EDGE('',*,*,#1440,.F.);
#2043=ORIENTED_EDGE('',*,*,#1516,.F.);
#2044=ORIENTED_EDGE('',*,*,#1377,.T.);
#2045=ORIENTED_EDGE('',*,*,#1518,.T.);
#2046=ORIENTED_EDGE('',*,*,#1434,.F.);
#2047=ORIENTED_EDGE('',*,*,#1519,.F.);
#2048=ORIENTED_EDGE('',*,*,#1372,.T.);
#2049=ORIENTED_EDGE('',*,*,#1517,.T.);
#2050=ORIENTED_EDGE('',*,*,#1439,.F.);
#2051=ORIENTED_EDGE('',*,*,#1376,.F.);
#2052=ORIENTED_EDGE('',*,*,#1520,.T.);
#2053=ORIENTED_EDGE('',*,*,#1435,.T.);
#2054=ORIENTED_EDGE('',*,*,#1518,.F.);
#2055=ORIENTED_EDGE('',*,*,#1521,.F.);
#2056=ORIENTED_EDGE('',*,*,#1373,.T.);
#2057=ORIENTED_EDGE('',*,*,#1519,.T.);
#2058=ORIENTED_EDGE('',*,*,#1438,.F.);
#2059=ORIENTED_EDGE('',*,*,#1375,.F.);
#2060=ORIENTED_EDGE('',*,*,#1522,.T.);
#2061=ORIENTED_EDGE('',*,*,#1436,.T.);
#2062=ORIENTED_EDGE('',*,*,#1520,.F.);
#2063=ORIENTED_EDGE('',*,*,#1374,.F.);
#2064=ORIENTED_EDGE('',*,*,#1521,.T.);
#2065=ORIENTED_EDGE('',*,*,#1437,.T.);
#2066=ORIENTED_EDGE('',*,*,#1522,.F.);
#2067=ORIENTED_EDGE('',*,*,#1466,.T.);
#2068=ORIENTED_EDGE('',*,*,#1523,.T.);
#2069=ORIENTED_EDGE('',*,*,#1404,.F.);
#2070=ORIENTED_EDGE('',*,*,#1523,.F.);
#2071=ORIENTED_EDGE('',*,*,#1524,.T.);
#2072=ORIENTED_EDGE('',*,*,#1525,.T.);
#2073=ORIENTED_EDGE('',*,*,#1526,.T.);
#2074=ORIENTED_EDGE('',*,*,#1527,.F.);
#2075=ORIENTED_EDGE('',*,*,#1528,.F.);
#2076=ORIENTED_EDGE('',*,*,#1529,.T.);
#2077=ORIENTED_EDGE('',*,*,#1530,.T.);
#2078=ORIENTED_EDGE('',*,*,#1531,.F.);
#2079=ORIENTED_EDGE('',*,*,#1524,.F.);
#2080=ORIENTED_EDGE('',*,*,#1532,.F.);
#2081=ORIENTED_EDGE('',*,*,#1533,.T.);
#2082=ORIENTED_EDGE('',*,*,#1534,.T.);
#2083=ORIENTED_EDGE('',*,*,#1535,.T.);
#2084=ORIENTED_EDGE('',*,*,#1532,.T.);
#2085=ORIENTED_EDGE('',*,*,#1531,.T.);
#2086=ORIENTED_EDGE('',*,*,#1536,.T.);
#2087=ORIENTED_EDGE('',*,*,#1537,.F.);
#2088=ORIENTED_EDGE('',*,*,#1538,.F.);
#2089=ORIENTED_EDGE('',*,*,#1539,.F.);
#2090=ORIENTED_EDGE('',*,*,#1540,.F.);
#2091=ORIENTED_EDGE('',*,*,#1541,.T.);
#2092=ORIENTED_EDGE('',*,*,#1542,.T.);
#2093=ORIENTED_EDGE('',*,*,#1543,.T.);
#2094=ORIENTED_EDGE('',*,*,#1544,.T.);
#2095=ORIENTED_EDGE('',*,*,#1525,.F.);
#2096=ORIENTED_EDGE('',*,*,#1534,.F.);
#2097=ORIENTED_EDGE('',*,*,#1545,.F.);
#2098=ORIENTED_EDGE('',*,*,#1546,.F.);
#2099=ORIENTED_EDGE('',*,*,#1547,.T.);
#2100=ORIENTED_EDGE('',*,*,#1536,.F.);
#2101=ORIENTED_EDGE('',*,*,#1530,.F.);
#2102=ORIENTED_EDGE('',*,*,#1548,.T.);
#2103=ORIENTED_EDGE('',*,*,#1549,.T.);
#2104=ORIENTED_EDGE('',*,*,#1550,.F.);
#2105=ORIENTED_EDGE('',*,*,#1526,.F.);
#2106=ORIENTED_EDGE('',*,*,#1544,.F.);
#2107=ORIENTED_EDGE('',*,*,#1551,.T.);
#2108=ORIENTED_EDGE('',*,*,#1552,.T.);
#2109=ORIENTED_EDGE('',*,*,#1553,.T.);
#2110=ORIENTED_EDGE('',*,*,#1529,.F.);
#2111=ORIENTED_EDGE('',*,*,#1554,.F.);
#2112=ORIENTED_EDGE('',*,*,#1527,.T.);
#2113=ORIENTED_EDGE('',*,*,#1555,.F.);
#2114=ORIENTED_EDGE('',*,*,#1556,.F.);
#2115=ORIENTED_EDGE('',*,*,#1557,.F.);
#2116=ORIENTED_EDGE('',*,*,#1528,.T.);
#2117=ORIENTED_EDGE('',*,*,#1558,.T.);
#2118=ORIENTED_EDGE('',*,*,#1559,.F.);
#2119=ORIENTED_EDGE('',*,*,#1533,.F.);
#2120=ORIENTED_EDGE('',*,*,#1535,.F.);
#2121=ORIENTED_EDGE('',*,*,#1560,.F.);
#2122=ORIENTED_EDGE('',*,*,#1561,.F.);
#2123=ORIENTED_EDGE('',*,*,#1562,.F.);
#2124=ORIENTED_EDGE('',*,*,#1545,.T.);
#2125=ORIENTED_EDGE('',*,*,#1563,.T.);
#2126=ORIENTED_EDGE('',*,*,#1564,.T.);
#2127=ORIENTED_EDGE('',*,*,#1565,.T.);
#2128=ORIENTED_EDGE('',*,*,#1566,.T.);
#2129=ORIENTED_EDGE('',*,*,#1560,.T.);
#2130=ORIENTED_EDGE('',*,*,#1540,.T.);
#2131=ORIENTED_EDGE('',*,*,#1567,.T.);
#2132=ORIENTED_EDGE('',*,*,#1568,.T.);
#2133=ORIENTED_EDGE('',*,*,#1541,.F.);
#2134=ORIENTED_EDGE('',*,*,#1569,.T.);
#2135=ORIENTED_EDGE('',*,*,#1561,.T.);
#2136=ORIENTED_EDGE('',*,*,#1567,.F.);
#2137=ORIENTED_EDGE('',*,*,#1539,.T.);
#2138=ORIENTED_EDGE('',*,*,#1570,.T.);
#2139=ORIENTED_EDGE('',*,*,#1571,.T.);
#2140=ORIENTED_EDGE('',*,*,#1572,.T.);
#2141=ORIENTED_EDGE('',*,*,#1573,.T.);
#2142=ORIENTED_EDGE('',*,*,#1574,.T.);
#2143=ORIENTED_EDGE('',*,*,#1542,.F.);
#2144=ORIENTED_EDGE('',*,*,#1568,.F.);
#2145=ORIENTED_EDGE('',*,*,#1538,.T.);
#2146=ORIENTED_EDGE('',*,*,#1574,.F.);
#2147=ORIENTED_EDGE('',*,*,#1537,.T.);
#2148=ORIENTED_EDGE('',*,*,#1547,.F.);
#2149=ORIENTED_EDGE('',*,*,#1575,.T.);
#2150=ORIENTED_EDGE('',*,*,#1576,.T.);
#2151=ORIENTED_EDGE('',*,*,#1577,.F.);
#2152=ORIENTED_EDGE('',*,*,#1549,.F.);
#2153=ORIENTED_EDGE('',*,*,#1543,.F.);
#2154=ORIENTED_EDGE('',*,*,#1569,.F.);
#2155=ORIENTED_EDGE('',*,*,#1546,.T.);
#2156=ORIENTED_EDGE('',*,*,#1562,.T.);
#2157=ORIENTED_EDGE('',*,*,#1553,.F.);
#2158=ORIENTED_EDGE('',*,*,#1578,.T.);
#2159=ORIENTED_EDGE('',*,*,#1579,.T.);
#2160=ORIENTED_EDGE('',*,*,#1548,.F.);
#2161=ORIENTED_EDGE('',*,*,#1555,.T.);
#2162=ORIENTED_EDGE('',*,*,#1550,.T.);
#2163=ORIENTED_EDGE('',*,*,#1580,.F.);
#2164=ORIENTED_EDGE('',*,*,#1581,.F.);
#2165=ORIENTED_EDGE('',*,*,#1557,.T.);
#2166=ORIENTED_EDGE('',*,*,#1582,.T.);
#2167=ORIENTED_EDGE('',*,*,#1551,.F.);
#2168=ORIENTED_EDGE('',*,*,#1583,.F.);
#2169=ORIENTED_EDGE('',*,*,#1584,.F.);
#2170=ORIENTED_EDGE('',*,*,#1585,.F.);
#2171=ORIENTED_EDGE('',*,*,#1578,.F.);
#2172=ORIENTED_EDGE('',*,*,#1552,.F.);
#2173=ORIENTED_EDGE('',*,*,#1558,.F.);
#2174=ORIENTED_EDGE('',*,*,#1554,.T.);
#2175=ORIENTED_EDGE('',*,*,#1586,.F.);
#2176=ORIENTED_EDGE('',*,*,#1587,.T.);
#2177=ORIENTED_EDGE('',*,*,#1588,.T.);
#2178=ORIENTED_EDGE('',*,*,#1589,.T.);
#2179=ORIENTED_EDGE('',*,*,#1556,.T.);
#2180=ORIENTED_EDGE('',*,*,#1581,.T.);
#2181=ORIENTED_EDGE('',*,*,#1590,.F.);
#2182=ORIENTED_EDGE('',*,*,#1591,.F.);
#2183=ORIENTED_EDGE('',*,*,#1592,.T.);
#2184=ORIENTED_EDGE('',*,*,#1559,.T.);
#2185=ORIENTED_EDGE('',*,*,#1593,.T.);
#2186=ORIENTED_EDGE('',*,*,#1594,.T.);
#2187=ORIENTED_EDGE('',*,*,#1595,.T.);
#2188=ORIENTED_EDGE('',*,*,#1596,.T.);
#2189=ORIENTED_EDGE('',*,*,#1597,.T.);
#2190=ORIENTED_EDGE('',*,*,#1598,.T.);
#2191=ORIENTED_EDGE('',*,*,#1599,.T.);
#2192=ORIENTED_EDGE('',*,*,#1600,.T.);
#2193=ORIENTED_EDGE('',*,*,#1601,.F.);
#2194=ORIENTED_EDGE('',*,*,#1602,.F.);
#2195=ORIENTED_EDGE('',*,*,#1603,.F.);
#2196=ORIENTED_EDGE('',*,*,#1604,.F.);
#2197=ORIENTED_EDGE('',*,*,#1605,.F.);
#2198=ORIENTED_EDGE('',*,*,#1606,.T.);
#2199=ORIENTED_EDGE('',*,*,#1607,.T.);
#2200=ORIENTED_EDGE('',*,*,#1563,.F.);
#2201=ORIENTED_EDGE('',*,*,#1608,.F.);
#2202=ORIENTED_EDGE('',*,*,#1609,.T.);
#2203=ORIENTED_EDGE('',*,*,#1605,.T.);
#2204=ORIENTED_EDGE('',*,*,#1566,.F.);
#2205=ORIENTED_EDGE('',*,*,#1607,.F.);
#2206=ORIENTED_EDGE('',*,*,#1610,.T.);
#2207=ORIENTED_EDGE('',*,*,#1611,.T.);
#2208=ORIENTED_EDGE('',*,*,#1564,.F.);
#2209=ORIENTED_EDGE('',*,*,#1611,.F.);
#2210=ORIENTED_EDGE('',*,*,#1612,.T.);
#2211=ORIENTED_EDGE('',*,*,#1608,.T.);
#2212=ORIENTED_EDGE('',*,*,#1565,.F.);
#2213=ORIENTED_EDGE('',*,*,#1613,.F.);
#2214=ORIENTED_EDGE('',*,*,#1614,.T.);
#2215=ORIENTED_EDGE('',*,*,#1615,.T.);
#2216=ORIENTED_EDGE('',*,*,#1570,.F.);
#2217=ORIENTED_EDGE('',*,*,#1616,.F.);
#2218=ORIENTED_EDGE('',*,*,#1617,.T.);
#2219=ORIENTED_EDGE('',*,*,#1613,.T.);
#2220=ORIENTED_EDGE('',*,*,#1573,.F.);
#2221=ORIENTED_EDGE('',*,*,#1615,.F.);
#2222=ORIENTED_EDGE('',*,*,#1618,.T.);
#2223=ORIENTED_EDGE('',*,*,#1619,.T.);
#2224=ORIENTED_EDGE('',*,*,#1571,.F.);
#2225=ORIENTED_EDGE('',*,*,#1619,.F.);
#2226=ORIENTED_EDGE('',*,*,#1620,.T.);
#2227=ORIENTED_EDGE('',*,*,#1616,.T.);
#2228=ORIENTED_EDGE('',*,*,#1572,.F.);
#2229=ORIENTED_EDGE('',*,*,#1579,.F.);
#2230=ORIENTED_EDGE('',*,*,#1585,.T.);
#2231=ORIENTED_EDGE('',*,*,#1621,.F.);
#2232=ORIENTED_EDGE('',*,*,#1575,.F.);
#2233=ORIENTED_EDGE('',*,*,#1580,.T.);
#2234=ORIENTED_EDGE('',*,*,#1577,.T.);
#2235=ORIENTED_EDGE('',*,*,#1622,.F.);
#2236=ORIENTED_EDGE('',*,*,#1587,.F.);
#2237=ORIENTED_EDGE('',*,*,#1623,.T.);
#2238=ORIENTED_EDGE('',*,*,#1624,.T.);
#2239=ORIENTED_EDGE('',*,*,#1625,.T.);
#2240=ORIENTED_EDGE('',*,*,#1576,.F.);
#2241=ORIENTED_EDGE('',*,*,#1626,.F.);
#2242=ORIENTED_EDGE('',*,*,#1583,.T.);
#2243=ORIENTED_EDGE('',*,*,#1582,.F.);
#2244=ORIENTED_EDGE('',*,*,#1592,.F.);
#2245=ORIENTED_EDGE('',*,*,#1627,.F.);
#2246=ORIENTED_EDGE('',*,*,#1628,.T.);
#2247=ORIENTED_EDGE('',*,*,#1584,.T.);
#2248=ORIENTED_EDGE('',*,*,#1629,.T.);
#2249=ORIENTED_EDGE('',*,*,#1630,.F.);
#2250=ORIENTED_EDGE('',*,*,#1590,.T.);
#2251=ORIENTED_EDGE('',*,*,#1586,.T.);
#2252=ORIENTED_EDGE('',*,*,#1589,.F.);
#2253=ORIENTED_EDGE('',*,*,#1631,.F.);
#2254=ORIENTED_EDGE('',*,*,#1632,.T.);
#2255=ORIENTED_EDGE('',*,*,#1633,.F.);
#2256=ORIENTED_EDGE('',*,*,#1588,.F.);
#2257=ORIENTED_EDGE('',*,*,#1591,.T.);
#2258=ORIENTED_EDGE('',*,*,#1634,.T.);
#2259=ORIENTED_EDGE('',*,*,#1635,.F.);
#2260=ORIENTED_EDGE('',*,*,#1636,.F.);
#2261=ORIENTED_EDGE('',*,*,#1637,.T.);
#2262=ORIENTED_EDGE('',*,*,#1638,.T.);
#2263=ORIENTED_EDGE('',*,*,#1639,.F.);
#2264=ORIENTED_EDGE('',*,*,#1593,.F.);
#2265=ORIENTED_EDGE('',*,*,#1639,.T.);
#2266=ORIENTED_EDGE('',*,*,#1640,.T.);
#2267=ORIENTED_EDGE('',*,*,#1641,.F.);
#2268=ORIENTED_EDGE('',*,*,#1594,.F.);
#2269=ORIENTED_EDGE('',*,*,#1641,.T.);
#2270=ORIENTED_EDGE('',*,*,#1642,.T.);
#2271=ORIENTED_EDGE('',*,*,#1643,.F.);
#2272=ORIENTED_EDGE('',*,*,#1595,.F.);
#2273=ORIENTED_EDGE('',*,*,#1643,.T.);
#2274=ORIENTED_EDGE('',*,*,#1644,.T.);
#2275=ORIENTED_EDGE('',*,*,#1637,.F.);
#2276=ORIENTED_EDGE('',*,*,#1596,.F.);
#2277=ORIENTED_EDGE('',*,*,#1645,.T.);
#2278=ORIENTED_EDGE('',*,*,#1646,.T.);
#2279=ORIENTED_EDGE('',*,*,#1647,.F.);
#2280=ORIENTED_EDGE('',*,*,#1597,.F.);
#2281=ORIENTED_EDGE('',*,*,#1647,.T.);
#2282=ORIENTED_EDGE('',*,*,#1648,.T.);
#2283=ORIENTED_EDGE('',*,*,#1649,.F.);
#2284=ORIENTED_EDGE('',*,*,#1598,.F.);
#2285=ORIENTED_EDGE('',*,*,#1649,.T.);
#2286=ORIENTED_EDGE('',*,*,#1650,.T.);
#2287=ORIENTED_EDGE('',*,*,#1651,.F.);
#2288=ORIENTED_EDGE('',*,*,#1599,.F.);
#2289=ORIENTED_EDGE('',*,*,#1651,.T.);
#2290=ORIENTED_EDGE('',*,*,#1652,.T.);
#2291=ORIENTED_EDGE('',*,*,#1645,.F.);
#2292=ORIENTED_EDGE('',*,*,#1600,.F.);
#2293=ORIENTED_EDGE('',*,*,#1653,.F.);
#2294=ORIENTED_EDGE('',*,*,#1601,.T.);
#2295=ORIENTED_EDGE('',*,*,#1654,.T.);
#2296=ORIENTED_EDGE('',*,*,#1655,.F.);
#2297=ORIENTED_EDGE('',*,*,#1656,.F.);
#2298=ORIENTED_EDGE('',*,*,#1602,.T.);
#2299=ORIENTED_EDGE('',*,*,#1653,.T.);
#2300=ORIENTED_EDGE('',*,*,#1657,.F.);
#2301=ORIENTED_EDGE('',*,*,#1654,.F.);
#2302=ORIENTED_EDGE('',*,*,#1604,.T.);
#2303=ORIENTED_EDGE('',*,*,#1658,.T.);
#2304=ORIENTED_EDGE('',*,*,#1659,.F.);
#2305=ORIENTED_EDGE('',*,*,#1658,.F.);
#2306=ORIENTED_EDGE('',*,*,#1603,.T.);
#2307=ORIENTED_EDGE('',*,*,#1656,.T.);
#2308=ORIENTED_EDGE('',*,*,#1660,.F.);
#2309=ORIENTED_EDGE('',*,*,#1661,.T.);
#2310=ORIENTED_EDGE('',*,*,#1606,.F.);
#2311=ORIENTED_EDGE('',*,*,#1662,.F.);
#2312=ORIENTED_EDGE('',*,*,#1655,.T.);
#2313=ORIENTED_EDGE('',*,*,#1662,.T.);
#2314=ORIENTED_EDGE('',*,*,#1609,.F.);
#2315=ORIENTED_EDGE('',*,*,#1663,.F.);
#2316=ORIENTED_EDGE('',*,*,#1657,.T.);
#2317=ORIENTED_EDGE('',*,*,#1661,.F.);
#2318=ORIENTED_EDGE('',*,*,#1659,.T.);
#2319=ORIENTED_EDGE('',*,*,#1664,.T.);
#2320=ORIENTED_EDGE('',*,*,#1610,.F.);
#2321=ORIENTED_EDGE('',*,*,#1663,.T.);
#2322=ORIENTED_EDGE('',*,*,#1612,.F.);
#2323=ORIENTED_EDGE('',*,*,#1664,.F.);
#2324=ORIENTED_EDGE('',*,*,#1660,.T.);
#2325=ORIENTED_EDGE('',*,*,#1665,.T.);
#2326=ORIENTED_EDGE('',*,*,#1614,.F.);
#2327=ORIENTED_EDGE('',*,*,#1666,.F.);
#2328=ORIENTED_EDGE('',*,*,#1667,.T.);
#2329=ORIENTED_EDGE('',*,*,#1668,.F.);
#2330=ORIENTED_EDGE('',*,*,#1669,.T.);
#2331=ORIENTED_EDGE('',*,*,#1666,.T.);
#2332=ORIENTED_EDGE('',*,*,#1617,.F.);
#2333=ORIENTED_EDGE('',*,*,#1670,.T.);
#2334=ORIENTED_EDGE('',*,*,#1618,.F.);
#2335=ORIENTED_EDGE('',*,*,#1665,.F.);
#2336=ORIENTED_EDGE('',*,*,#1671,.T.);
#2337=ORIENTED_EDGE('',*,*,#1668,.T.);
#2338=ORIENTED_EDGE('',*,*,#1620,.F.);
#2339=ORIENTED_EDGE('',*,*,#1670,.F.);
#2340=ORIENTED_EDGE('',*,*,#1672,.T.);
#2341=ORIENTED_EDGE('',*,*,#1623,.F.);
#2342=ORIENTED_EDGE('',*,*,#1621,.T.);
#2343=ORIENTED_EDGE('',*,*,#1628,.F.);
#2344=ORIENTED_EDGE('',*,*,#1631,.T.);
#2345=ORIENTED_EDGE('',*,*,#1622,.T.);
#2346=ORIENTED_EDGE('',*,*,#1625,.F.);
#2347=ORIENTED_EDGE('',*,*,#1632,.F.);
#2348=ORIENTED_EDGE('',*,*,#1624,.F.);
#2349=ORIENTED_EDGE('',*,*,#1627,.T.);
#2350=ORIENTED_EDGE('',*,*,#1635,.T.);
#2351=ORIENTED_EDGE('',*,*,#1673,.T.);
#2352=ORIENTED_EDGE('',*,*,#1674,.T.);
#2353=ORIENTED_EDGE('',*,*,#1675,.T.);
#2354=ORIENTED_EDGE('',*,*,#1676,.T.);
#2355=ORIENTED_EDGE('',*,*,#1677,.T.);
#2356=ORIENTED_EDGE('',*,*,#1678,.T.);
#2357=ORIENTED_EDGE('',*,*,#1679,.T.);
#2358=ORIENTED_EDGE('',*,*,#1680,.T.);
#2359=ORIENTED_EDGE('',*,*,#1681,.F.);
#2360=ORIENTED_EDGE('',*,*,#1682,.F.);
#2361=ORIENTED_EDGE('',*,*,#1683,.F.);
#2362=ORIENTED_EDGE('',*,*,#1684,.F.);
#2363=ORIENTED_EDGE('',*,*,#1626,.T.);
#2364=ORIENTED_EDGE('',*,*,#1636,.T.);
#2365=ORIENTED_EDGE('',*,*,#1629,.F.);
#2366=ORIENTED_EDGE('',*,*,#1630,.T.);
#2367=ORIENTED_EDGE('',*,*,#1633,.T.);
#2368=ORIENTED_EDGE('',*,*,#1634,.F.);
#2369=ORIENTED_EDGE('',*,*,#1638,.F.);
#2370=ORIENTED_EDGE('',*,*,#1644,.F.);
#2371=ORIENTED_EDGE('',*,*,#1642,.F.);
#2372=ORIENTED_EDGE('',*,*,#1640,.F.);
#2373=ORIENTED_EDGE('',*,*,#1646,.F.);
#2374=ORIENTED_EDGE('',*,*,#1652,.F.);
#2375=ORIENTED_EDGE('',*,*,#1650,.F.);
#2376=ORIENTED_EDGE('',*,*,#1648,.F.);
#2377=ORIENTED_EDGE('',*,*,#1685,.F.);
#2378=ORIENTED_EDGE('',*,*,#1683,.T.);
#2379=ORIENTED_EDGE('',*,*,#1686,.T.);
#2380=ORIENTED_EDGE('',*,*,#1667,.F.);
#2381=ORIENTED_EDGE('',*,*,#1687,.F.);
#2382=ORIENTED_EDGE('',*,*,#1684,.T.);
#2383=ORIENTED_EDGE('',*,*,#1685,.T.);
#2384=ORIENTED_EDGE('',*,*,#1669,.F.);
#2385=ORIENTED_EDGE('',*,*,#1686,.F.);
#2386=ORIENTED_EDGE('',*,*,#1682,.T.);
#2387=ORIENTED_EDGE('',*,*,#1688,.T.);
#2388=ORIENTED_EDGE('',*,*,#1671,.F.);
#2389=ORIENTED_EDGE('',*,*,#1688,.F.);
#2390=ORIENTED_EDGE('',*,*,#1681,.T.);
#2391=ORIENTED_EDGE('',*,*,#1687,.T.);
#2392=ORIENTED_EDGE('',*,*,#1672,.F.);
#2393=ORIENTED_EDGE('',*,*,#1689,.T.);
#2394=ORIENTED_EDGE('',*,*,#1690,.T.);
#2395=ORIENTED_EDGE('',*,*,#1691,.F.);
#2396=ORIENTED_EDGE('',*,*,#1673,.F.);
#2397=ORIENTED_EDGE('',*,*,#1691,.T.);
#2398=ORIENTED_EDGE('',*,*,#1692,.T.);
#2399=ORIENTED_EDGE('',*,*,#1693,.F.);
#2400=ORIENTED_EDGE('',*,*,#1674,.F.);
#2401=ORIENTED_EDGE('',*,*,#1693,.T.);
#2402=ORIENTED_EDGE('',*,*,#1694,.T.);
#2403=ORIENTED_EDGE('',*,*,#1695,.F.);
#2404=ORIENTED_EDGE('',*,*,#1675,.F.);
#2405=ORIENTED_EDGE('',*,*,#1695,.T.);
#2406=ORIENTED_EDGE('',*,*,#1696,.T.);
#2407=ORIENTED_EDGE('',*,*,#1689,.F.);
#2408=ORIENTED_EDGE('',*,*,#1676,.F.);
#2409=ORIENTED_EDGE('',*,*,#1697,.T.);
#2410=ORIENTED_EDGE('',*,*,#1698,.T.);
#2411=ORIENTED_EDGE('',*,*,#1699,.F.);
#2412=ORIENTED_EDGE('',*,*,#1677,.F.);
#2413=ORIENTED_EDGE('',*,*,#1699,.T.);
#2414=ORIENTED_EDGE('',*,*,#1700,.T.);
#2415=ORIENTED_EDGE('',*,*,#1701,.F.);
#2416=ORIENTED_EDGE('',*,*,#1678,.F.);
#2417=ORIENTED_EDGE('',*,*,#1701,.T.);
#2418=ORIENTED_EDGE('',*,*,#1702,.T.);
#2419=ORIENTED_EDGE('',*,*,#1703,.F.);
#2420=ORIENTED_EDGE('',*,*,#1679,.F.);
#2421=ORIENTED_EDGE('',*,*,#1703,.T.);
#2422=ORIENTED_EDGE('',*,*,#1704,.T.);
#2423=ORIENTED_EDGE('',*,*,#1697,.F.);
#2424=ORIENTED_EDGE('',*,*,#1680,.F.);
#2425=ORIENTED_EDGE('',*,*,#1690,.F.);
#2426=ORIENTED_EDGE('',*,*,#1696,.F.);
#2427=ORIENTED_EDGE('',*,*,#1694,.F.);
#2428=ORIENTED_EDGE('',*,*,#1692,.F.);
#2429=ORIENTED_EDGE('',*,*,#1698,.F.);
#2430=ORIENTED_EDGE('',*,*,#1704,.F.);
#2431=ORIENTED_EDGE('',*,*,#1702,.F.);
#2432=ORIENTED_EDGE('',*,*,#1700,.F.);
#2433=PLANE('',#2751);
#2434=PLANE('',#2752);
#2435=PLANE('',#2760);
#2436=PLANE('',#2761);
#2437=PLANE('',#2766);
#2438=PLANE('',#2767);
#2439=PLANE('',#2768);
#2440=PLANE('',#2769);
#2441=PLANE('',#2770);
#2442=PLANE('',#2771);
#2443=PLANE('',#2772);
#2444=PLANE('',#2773);
#2445=PLANE('',#2774);
#2446=PLANE('',#2775);
#2447=PLANE('',#2776);
#2448=PLANE('',#2777);
#2449=PLANE('',#2778);
#2450=PLANE('',#2779);
#2451=PLANE('',#2780);
#2452=PLANE('',#2781);
#2453=PLANE('',#2782);
#2454=PLANE('',#2783);
#2455=PLANE('',#2784);
#2456=PLANE('',#2785);
#2457=PLANE('',#2786);
#2458=PLANE('',#2787);
#2459=PLANE('',#2788);
#2460=PLANE('',#2789);
#2461=PLANE('',#2790);
#2462=PLANE('',#2792);
#2463=PLANE('',#2793);
#2464=PLANE('',#2795);
#2465=PLANE('',#2796);
#2466=PLANE('',#2797);
#2467=PLANE('',#2798);
#2468=PLANE('',#2799);
#2469=PLANE('',#2800);
#2470=PLANE('',#2801);
#2471=PLANE('',#2802);
#2472=PLANE('',#2803);
#2473=PLANE('',#2804);
#2474=PLANE('',#2805);
#2475=PLANE('',#2806);
#2476=PLANE('',#2807);
#2477=PLANE('',#2808);
#2478=PLANE('',#2809);
#2479=PLANE('',#2810);
#2480=PLANE('',#2811);
#2481=PLANE('',#2812);
#2482=PLANE('',#2813);
#2483=PLANE('',#2814);
#2484=PLANE('',#2815);
#2485=PLANE('',#2816);
#2486=PLANE('',#2817);
#2487=PLANE('',#2818);
#2488=PLANE('',#2819);
#2489=PLANE('',#2820);
#2490=PLANE('',#2822);
#2491=PLANE('',#2827);
#2492=PLANE('',#2828);
#2493=PLANE('',#2829);
#2494=PLANE('',#2830);
#2495=PLANE('',#2831);
#2496=PLANE('',#2832);
#2497=PLANE('',#2833);
#2498=PLANE('',#2834);
#2499=PLANE('',#2835);
#2500=PLANE('',#2836);
#2501=PLANE('',#2839);
#2502=PLANE('',#2840);
#2503=PLANE('',#2843);
#2504=PLANE('',#2844);
#2505=PLANE('',#2845);
#2506=PLANE('',#2846);
#2507=PLANE('',#2847);
#2508=PLANE('',#2848);
#2509=PLANE('',#2849);
#2510=PLANE('',#2850);
#2511=PLANE('',#2851);
#2512=PLANE('',#2852);
#2513=PLANE('',#2857);
#2514=PLANE('',#2858);
#2515=PLANE('',#2863);
#2516=PLANE('',#2864);
#2517=PLANE('',#2867);
#2518=PLANE('',#2868);
#2519=PLANE('',#2869);
#2520=PLANE('',#2870);
#2521=PLANE('',#2871);
#2522=PLANE('',#2872);
#2523=PLANE('',#2873);
#2524=PLANE('',#2874);
#2525=PLANE('',#2875);
#2526=PLANE('',#2876);
#2527=PLANE('',#2877);
#2528=PLANE('',#2878);
#2529=PLANE('',#2879);
#2530=PLANE('',#2880);
#2531=PLANE('',#2881);
#2532=PLANE('',#2882);
#2533=PLANE('',#2885);
#2534=PLANE('',#2886);
#2535=PLANE('',#2890);
#2536=PLANE('',#2891);
#2537=PLANE('',#2895);
#2538=PLANE('',#2896);
#2539=PLANE('',#2899);
#2540=PLANE('',#2900);
#2541=PLANE('',#2901);
#2542=PLANE('',#2904);
#2543=PLANE('',#2905);
#2544=PLANE('',#2906);
#2545=PLANE('',#2907);
#2546=PLANE('',#2909);
#2547=PLANE('',#2910);
#2548=PLANE('',#2912);
#2549=PLANE('',#2913);
#2550=PLANE('',#2914);
#2551=PLANE('',#2915);
#2552=PLANE('',#2916);
#2553=PLANE('',#2917);
#2554=PLANE('',#2918);
#2555=PLANE('',#2919);
#2556=PLANE('',#2920);
#2557=PLANE('',#2921);
#2558=ADVANCED_FACE('',(#141),#2433,.T.);
#2559=ADVANCED_FACE('',(#142,#105),#2434,.T.);
#2560=ADVANCED_FACE('',(#143),#96,.T.);
#2561=ADVANCED_FACE('',(#144),#2435,.F.);
#2562=ADVANCED_FACE('',(#145,#106),#2436,.F.);
#2563=ADVANCED_FACE('',(#146),#2437,.T.);
#2564=ADVANCED_FACE('',(#147),#2438,.F.);
#2565=ADVANCED_FACE('',(#148),#2439,.T.);
#2566=ADVANCED_FACE('',(#149),#2440,.F.);
#2567=ADVANCED_FACE('',(#150),#2441,.T.);
#2568=ADVANCED_FACE('',(#151),#2442,.F.);
#2569=ADVANCED_FACE('',(#152),#2443,.T.);
#2570=ADVANCED_FACE('',(#153),#2444,.F.);
#2571=ADVANCED_FACE('',(#154),#2445,.T.);
#2572=ADVANCED_FACE('',(#155),#2446,.F.);
#2573=ADVANCED_FACE('',(#156),#2447,.T.);
#2574=ADVANCED_FACE('',(#157),#2448,.F.);
#2575=ADVANCED_FACE('',(#158),#2449,.T.);
#2576=ADVANCED_FACE('',(#159),#2450,.F.);
#2577=ADVANCED_FACE('',(#160),#2451,.T.);
#2578=ADVANCED_FACE('',(#161),#2452,.F.);
#2579=ADVANCED_FACE('',(#162),#2453,.T.);
#2580=ADVANCED_FACE('',(#163),#2454,.F.);
#2581=ADVANCED_FACE('',(#164),#2455,.T.);
#2582=ADVANCED_FACE('',(#165),#2456,.F.);
#2583=ADVANCED_FACE('',(#166),#2457,.T.);
#2584=ADVANCED_FACE('',(#167),#2458,.F.);
#2585=ADVANCED_FACE('',(#168),#2459,.T.);
#2586=ADVANCED_FACE('',(#169),#2460,.T.);
#2587=ADVANCED_FACE('',(#170),#2461,.T.);
#2588=ADVANCED_FACE('',(#171),#97,.T.);
#2589=ADVANCED_FACE('',(#172),#2462,.T.);
#2590=ADVANCED_FACE('',(#173),#2463,.T.);
#2591=ADVANCED_FACE('',(#174),#98,.T.);
#2592=ADVANCED_FACE('',(#175),#2464,.F.);
#2593=ADVANCED_FACE('',(#176),#2465,.T.);
#2594=ADVANCED_FACE('',(#177),#2466,.F.);
#2595=ADVANCED_FACE('',(#178),#2467,.F.);
#2596=ADVANCED_FACE('',(#179),#2468,.F.);
#2597=ADVANCED_FACE('',(#180),#2469,.F.);
#2598=ADVANCED_FACE('',(#181),#2470,.F.);
#2599=ADVANCED_FACE('',(#182),#2471,.F.);
#2600=ADVANCED_FACE('',(#183),#2472,.F.);
#2601=ADVANCED_FACE('',(#184),#2473,.F.);
#2602=ADVANCED_FACE('',(#185),#2474,.F.);
#2603=ADVANCED_FACE('',(#186),#2475,.F.);
#2604=ADVANCED_FACE('',(#187),#2476,.F.);
#2605=ADVANCED_FACE('',(#188),#2477,.T.);
#2606=ADVANCED_FACE('',(#189),#2478,.F.);
#2607=ADVANCED_FACE('',(#190),#2479,.T.);
#2608=ADVANCED_FACE('',(#191),#2480,.F.);
#2609=ADVANCED_FACE('',(#192),#2481,.F.);
#2610=ADVANCED_FACE('',(#193),#2482,.F.);
#2611=ADVANCED_FACE('',(#194),#2483,.F.);
#2612=ADVANCED_FACE('',(#195),#2484,.F.);
#2613=ADVANCED_FACE('',(#196),#2485,.F.);
#2614=ADVANCED_FACE('',(#197),#2486,.F.);
#2615=ADVANCED_FACE('',(#198),#2487,.F.);
#2616=ADVANCED_FACE('',(#199),#2488,.T.);
#2617=ADVANCED_FACE('',(#200),#2489,.F.);
#2618=ADVANCED_FACE('',(#201),#99,.T.);
#2619=ADVANCED_FACE('',(#202),#2490,.T.);
#2620=ADVANCED_FACE('',(#203),#100,.F.);
#2621=ADVANCED_FACE('',(#204),#2491,.F.);
#2622=ADVANCED_FACE('',(#205),#2492,.F.);
#2623=ADVANCED_FACE('',(#206),#2493,.F.);
#2624=ADVANCED_FACE('',(#207),#2494,.F.);
#2625=ADVANCED_FACE('',(#208),#2495,.F.);
#2626=ADVANCED_FACE('',(#209),#2496,.F.);
#2627=ADVANCED_FACE('',(#210),#2497,.F.);
#2628=ADVANCED_FACE('',(#211),#2498,.T.);
#2629=ADVANCED_FACE('',(#212),#2499,.T.);
#2630=ADVANCED_FACE('',(#213,#107),#2500,.T.);
#2631=ADVANCED_FACE('',(#214),#2501,.T.);
#2632=ADVANCED_FACE('',(#215,#108),#2502,.T.);
#2633=ADVANCED_FACE('',(#216),#2503,.F.);
#2634=ADVANCED_FACE('',(#217),#2504,.F.);
#2635=ADVANCED_FACE('',(#218),#2505,.T.);
#2636=ADVANCED_FACE('',(#219),#2506,.F.);
#2637=ADVANCED_FACE('',(#220),#2507,.T.);
#2638=ADVANCED_FACE('',(#221),#2508,.F.);
#2639=ADVANCED_FACE('',(#222),#2509,.T.);
#2640=ADVANCED_FACE('',(#223),#2510,.T.);
#2641=ADVANCED_FACE('',(#224),#2511,.F.);
#2642=ADVANCED_FACE('',(#225,#109,#110,#111),#2512,.F.);
#2643=ADVANCED_FACE('',(#226),#15,.F.);
#2644=ADVANCED_FACE('',(#227),#2513,.F.);
#2645=ADVANCED_FACE('',(#228),#2514,.T.);
#2646=ADVANCED_FACE('',(#229),#16,.F.);
#2647=ADVANCED_FACE('',(#230),#17,.F.);
#2648=ADVANCED_FACE('',(#231),#2515,.T.);
#2649=ADVANCED_FACE('',(#232),#2516,.F.);
#2650=ADVANCED_FACE('',(#233),#18,.F.);
#2651=ADVANCED_FACE('',(#234),#2517,.F.);
#2652=ADVANCED_FACE('',(#235),#2518,.T.);
#2653=ADVANCED_FACE('',(#236),#2519,.T.);
#2654=ADVANCED_FACE('',(#237),#2520,.F.);
#2655=ADVANCED_FACE('',(#238),#2521,.F.);
#2656=ADVANCED_FACE('',(#239),#2522,.T.);
#2657=ADVANCED_FACE('',(#240),#2523,.T.);
#2658=ADVANCED_FACE('',(#241),#2524,.T.);
#2659=ADVANCED_FACE('',(#242),#2525,.T.);
#2660=ADVANCED_FACE('',(#243),#2526,.T.);
#2661=ADVANCED_FACE('',(#244),#2527,.T.);
#2662=ADVANCED_FACE('',(#245),#2528,.T.);
#2663=ADVANCED_FACE('',(#246),#2529,.T.);
#2664=ADVANCED_FACE('',(#247),#2530,.T.);
#2665=ADVANCED_FACE('',(#248),#2531,.T.);
#2666=ADVANCED_FACE('',(#249),#2532,.T.);
#2667=ADVANCED_FACE('',(#250),#19,.F.);
#2668=ADVANCED_FACE('',(#251),#2533,.T.);
#2669=ADVANCED_FACE('',(#252),#2534,.F.);
#2670=ADVANCED_FACE('',(#253),#20,.F.);
#2671=ADVANCED_FACE('',(#254),#101,.F.);
#2672=ADVANCED_FACE('',(#255),#2535,.F.);
#2673=ADVANCED_FACE('',(#256),#2536,.T.);
#2674=ADVANCED_FACE('',(#257),#102,.F.);
#2675=ADVANCED_FACE('',(#258),#103,.F.);
#2676=ADVANCED_FACE('',(#259),#2537,.T.);
#2677=ADVANCED_FACE('',(#260),#2538,.F.);
#2678=ADVANCED_FACE('',(#261),#104,.F.);
#2679=ADVANCED_FACE('',(#262),#2539,.T.);
#2680=ADVANCED_FACE('',(#263),#2540,.F.);
#2681=ADVANCED_FACE('',(#264,#112,#113,#114),#2541,.F.);
#2682=ADVANCED_FACE('',(#265),#2542,.F.);
#2683=ADVANCED_FACE('',(#266),#2543,.F.);
#2684=ADVANCED_FACE('',(#267),#2544,.F.);
#2685=ADVANCED_FACE('',(#268),#2545,.F.);
#2686=ADVANCED_FACE('',(#269),#21,.F.);
#2687=ADVANCED_FACE('',(#270),#2546,.F.);
#2688=ADVANCED_FACE('',(#271),#2547,.T.);
#2689=ADVANCED_FACE('',(#272),#22,.F.);
#2690=ADVANCED_FACE('',(#273),#2548,.T.);
#2691=ADVANCED_FACE('',(#274),#2549,.T.);
#2692=ADVANCED_FACE('',(#275),#2550,.T.);
#2693=ADVANCED_FACE('',(#276),#2551,.T.);
#2694=ADVANCED_FACE('',(#277),#2552,.T.);
#2695=ADVANCED_FACE('',(#278),#2553,.T.);
#2696=ADVANCED_FACE('',(#279),#2554,.T.);
#2697=ADVANCED_FACE('',(#280),#2555,.T.);
#2698=ADVANCED_FACE('',(#281),#2556,.F.);
#2699=ADVANCED_FACE('',(#282),#2557,.F.);
#2700=CLOSED_SHELL('',(#2558,#2559,#2560,#2561,#2562,#2563,#2564,#2565,
#2566,#2567,#2568,#2569,#2570,#2571,#2572,#2573,#2574,#2575,#2576,#2577,
#2578,#2579,#2580,#2581,#2582,#2583,#2584,#2585,#2586,#2587,#2588,#2589,
#2590,#2591,#2592,#2593,#2594,#2595,#2596,#2597,#2598,#2599,#2600,#2601,
#2602,#2603,#2604,#2605,#2606,#2607,#2608,#2609,#2610,#2611,#2612,#2613,
#2614,#2615,#2616,#2617,#2618,#2619,#2620));
#2701=CLOSED_SHELL('',(#2621,#2622,#2623,#2624,#2625,#2626,#2627,#2628,
#2629,#2630,#2631,#2632,#2633,#2634,#2635,#2636,#2637,#2638,#2639,#2640,
#2641,#2642,#2643,#2644,#2645,#2646,#2647,#2648,#2649,#2650,#2651,#2652,
#2653,#2654,#2655,#2656,#2657,#2658,#2659,#2660,#2661,#2662,#2663,#2664,
#2665,#2666,#2667,#2668,#2669,#2670,#2671,#2672,#2673,#2674,#2675,#2676,
#2677,#2678,#2679,#2680,#2681,#2682,#2683,#2684,#2685,#2686,#2687,#2688,
#2689,#2690,#2691,#2692,#2693,#2694,#2695,#2696,#2697,#2698,#2699));
#2702=DERIVED_UNIT_ELEMENT(#2710,1.);
#2703=DERIVED_UNIT_ELEMENT(#4438,-3.);
#2704=DERIVED_UNIT_ELEMENT(#2710,1.);
#2705=DERIVED_UNIT_ELEMENT(#4438,-3.);
#2706=DERIVED_UNIT_ELEMENT(#2710,1.);
#2707=DERIVED_UNIT_ELEMENT(#4438,-3.);
#2708=DERIVED_UNIT_ELEMENT(#2710,1.);
#2709=DERIVED_UNIT_ELEMENT(#4438,-3.);
#2710=(
MASS_UNIT()
NAMED_UNIT(*)
SI_UNIT(.KILO.,.GRAM.)
);
#2711=DERIVED_UNIT((#2702,#2703));
#2712=DERIVED_UNIT((#2704,#2705));
#2713=DERIVED_UNIT((#2706,#2707));
#2714=DERIVED_UNIT((#2708,#2709));
#2715=MEASURE_REPRESENTATION_ITEM('density measure',
POSITIVE_RATIO_MEASURE(1120.),#2711);
#2716=MEASURE_REPRESENTATION_ITEM('density measure',
POSITIVE_RATIO_MEASURE(1120.),#2712);
#2717=MEASURE_REPRESENTATION_ITEM('density measure',
POSITIVE_RATIO_MEASURE(1120.),#2713);
#2718=MEASURE_REPRESENTATION_ITEM('density measure',
POSITIVE_RATIO_MEASURE(1120.),#2714);
#2719=PROPERTY_DEFINITION_REPRESENTATION(#2739,#2727);
#2720=PROPERTY_DEFINITION_REPRESENTATION(#2740,#2728);
#2721=PROPERTY_DEFINITION_REPRESENTATION(#2741,#2729);
#2722=PROPERTY_DEFINITION_REPRESENTATION(#2742,#2730);
#2723=PROPERTY_DEFINITION_REPRESENTATION(#2743,#2731);
#2724=PROPERTY_DEFINITION_REPRESENTATION(#2744,#2732);
#2725=PROPERTY_DEFINITION_REPRESENTATION(#2745,#2733);
#2726=PROPERTY_DEFINITION_REPRESENTATION(#2746,#2734);
#2727=REPRESENTATION('material name',(#2735),#4432);
#2728=REPRESENTATION('density',(#2715),#4432);
#2729=REPRESENTATION('material name',(#2736),#4433);
#2730=REPRESENTATION('density',(#2716),#4433);
#2731=REPRESENTATION('material name',(#2737),#4434);
#2732=REPRESENTATION('density',(#2717),#4434);
#2733=REPRESENTATION('material name',(#2738),#4435);
#2734=REPRESENTATION('density',(#2718),#4435);
#2735=DESCRIPTIVE_REPRESENTATION_ITEM('Nylon 6','Nylon 6');
#2736=DESCRIPTIVE_REPRESENTATION_ITEM('Nylon 6','Nylon 6');
#2737=DESCRIPTIVE_REPRESENTATION_ITEM('Nylon 6','Nylon 6');
#2738=DESCRIPTIVE_REPRESENTATION_ITEM('Nylon 6','Nylon 6');
#2739=PROPERTY_DEFINITION('material property','material name',#4482);
#2740=PROPERTY_DEFINITION('material property','density of part',#4482);
#2741=PROPERTY_DEFINITION('material property','material name',#4483);
#2742=PROPERTY_DEFINITION('material property','density of part',#4483);
#2743=PROPERTY_DEFINITION('material property','material name',#4484);
#2744=PROPERTY_DEFINITION('material property','density of part',#4484);
#2745=PROPERTY_DEFINITION('material property','material name',#4485);
#2746=PROPERTY_DEFINITION('material property','density of part',#4485);
#2747=AXIS2_PLACEMENT_3D('',#3661,#2939,#2940);
#2748=AXIS2_PLACEMENT_3D('',#3662,#2941,#2942);
#2749=AXIS2_PLACEMENT_3D('',#3663,#2943,#2944);
#2750=AXIS2_PLACEMENT_3D('',#3664,#2945,#2946);
#2751=AXIS2_PLACEMENT_3D('',#3665,#2947,#2948);
#2752=AXIS2_PLACEMENT_3D('',#3674,#2953,#2954);
#2753=AXIS2_PLACEMENT_3D('',#3676,#2955,#2956);
#2754=AXIS2_PLACEMENT_3D('',#3706,#2971,#2972);
#2755=AXIS2_PLACEMENT_3D('',#3736,#2987,#2988);
#2756=AXIS2_PLACEMENT_3D('',#3766,#3003,#3004);
#2757=AXIS2_PLACEMENT_3D('',#3793,#3018,#3019);
#2758=AXIS2_PLACEMENT_3D('',#3794,#3020,#3021);
#2759=AXIS2_PLACEMENT_3D('',#3796,#3022,#3023);
#2760=AXIS2_PLACEMENT_3D('',#3798,#3025,#3026);
#2761=AXIS2_PLACEMENT_3D('',#3802,#3029,#3030);
#2762=AXIS2_PLACEMENT_3D('',#3828,#3043,#3044);
#2763=AXIS2_PLACEMENT_3D('',#3858,#3059,#3060);
#2764=AXIS2_PLACEMENT_3D('',#3888,#3075,#3076);
#2765=AXIS2_PLACEMENT_3D('',#3917,#3091,#3092);
#2766=AXIS2_PLACEMENT_3D('',#3918,#3093,#3094);
#2767=AXIS2_PLACEMENT_3D('',#3920,#3096,#3097);
#2768=AXIS2_PLACEMENT_3D('',#3922,#3099,#3100);
#2769=AXIS2_PLACEMENT_3D('',#3924,#3102,#3103);
#2770=AXIS2_PLACEMENT_3D('',#3926,#3105,#3106);
#2771=AXIS2_PLACEMENT_3D('',#3928,#3108,#3109);
#2772=AXIS2_PLACEMENT_3D('',#3930,#3111,#3112);
#2773=AXIS2_PLACEMENT_3D('',#3932,#3114,#3115);
#2774=AXIS2_PLACEMENT_3D('',#3934,#3117,#3118);
#2775=AXIS2_PLACEMENT_3D('',#3936,#3120,#3121);
#2776=AXIS2_PLACEMENT_3D('',#3938,#3123,#3124);
#2777=AXIS2_PLACEMENT_3D('',#3940,#3126,#3127);
#2778=AXIS2_PLACEMENT_3D('',#3942,#3129,#3130);
#2779=AXIS2_PLACEMENT_3D('',#3944,#3132,#3133);
#2780=AXIS2_PLACEMENT_3D('',#3946,#3135,#3136);
#2781=AXIS2_PLACEMENT_3D('',#3948,#3138,#3139);
#2782=AXIS2_PLACEMENT_3D('',#3950,#3141,#3142);
#2783=AXIS2_PLACEMENT_3D('',#3952,#3144,#3145);
#2784=AXIS2_PLACEMENT_3D('',#3954,#3147,#3148);
#2785=AXIS2_PLACEMENT_3D('',#3956,#3150,#3151);
#2786=AXIS2_PLACEMENT_3D('',#3958,#3153,#3154);
#2787=AXIS2_PLACEMENT_3D('',#3960,#3156,#3157);
#2788=AXIS2_PLACEMENT_3D('',#3962,#3159,#3160);
#2789=AXIS2_PLACEMENT_3D('',#3964,#3162,#3163);
#2790=AXIS2_PLACEMENT_3D('',#3966,#3165,#3166);
#2791=AXIS2_PLACEMENT_3D('',#3968,#3168,#3169);
#2792=AXIS2_PLACEMENT_3D('',#3970,#3171,#3172);
#2793=AXIS2_PLACEMENT_3D('',#3972,#3174,#3175);
#2794=AXIS2_PLACEMENT_3D('',#3974,#3177,#3178);
#2795=AXIS2_PLACEMENT_3D('',#3976,#3180,#3181);
#2796=AXIS2_PLACEMENT_3D('',#3978,#3183,#3184);
#2797=AXIS2_PLACEMENT_3D('',#3980,#3186,#3187);
#2798=AXIS2_PLACEMENT_3D('',#3982,#3189,#3190);
#2799=AXIS2_PLACEMENT_3D('',#3984,#3192,#3193);
#2800=AXIS2_PLACEMENT_3D('',#3986,#3195,#3196);
#2801=AXIS2_PLACEMENT_3D('',#3988,#3198,#3199);
#2802=AXIS2_PLACEMENT_3D('',#3990,#3201,#3202);
#2803=AXIS2_PLACEMENT_3D('',#3992,#3204,#3205);
#2804=AXIS2_PLACEMENT_3D('',#3994,#3207,#3208);
#2805=AXIS2_PLACEMENT_3D('',#3996,#3210,#3211);
#2806=AXIS2_PLACEMENT_3D('',#3998,#3213,#3214);
#2807=AXIS2_PLACEMENT_3D('',#4000,#3216,#3217);
#2808=AXIS2_PLACEMENT_3D('',#4002,#3219,#3220);
#2809=AXIS2_PLACEMENT_3D('',#4004,#3222,#3223);
#2810=AXIS2_PLACEMENT_3D('',#4006,#3225,#3226);
#2811=AXIS2_PLACEMENT_3D('',#4008,#3228,#3229);
#2812=AXIS2_PLACEMENT_3D('',#4010,#3231,#3232);
#2813=AXIS2_PLACEMENT_3D('',#4012,#3234,#3235);
#2814=AXIS2_PLACEMENT_3D('',#4014,#3237,#3238);
#2815=AXIS2_PLACEMENT_3D('',#4016,#3240,#3241);
#2816=AXIS2_PLACEMENT_3D('',#4018,#3243,#3244);
#2817=AXIS2_PLACEMENT_3D('',#4020,#3246,#3247);
#2818=AXIS2_PLACEMENT_3D('',#4022,#3249,#3250);
#2819=AXIS2_PLACEMENT_3D('',#4024,#3252,#3253);
#2820=AXIS2_PLACEMENT_3D('',#4026,#3255,#3256);
#2821=AXIS2_PLACEMENT_3D('',#4028,#3258,#3259);
#2822=AXIS2_PLACEMENT_3D('',#4030,#3261,#3262);
#2823=AXIS2_PLACEMENT_3D('',#4031,#3263,#3264);
#2824=AXIS2_PLACEMENT_3D('',#4033,#3266,#3267);
#2825=AXIS2_PLACEMENT_3D('',#4034,#3268,#3269);
#2826=AXIS2_PLACEMENT_3D('',#4035,#3270,#3271);
#2827=AXIS2_PLACEMENT_3D('',#4036,#3272,#3273);
#2828=AXIS2_PLACEMENT_3D('',#4053,#3282,#3283);
#2829=AXIS2_PLACEMENT_3D('',#4059,#3287,#3288);
#2830=AXIS2_PLACEMENT_3D('',#4071,#3295,#3296);
#2831=AXIS2_PLACEMENT_3D('',#4083,#3303,#3304);
#2832=AXIS2_PLACEMENT_3D('',#4087,#3307,#3308);
#2833=AXIS2_PLACEMENT_3D('',#4091,#3311,#3312);
#2834=AXIS2_PLACEMENT_3D('',#4097,#3316,#3317);
#2835=AXIS2_PLACEMENT_3D('',#4103,#3321,#3322);
#2836=AXIS2_PLACEMENT_3D('',#4109,#3326,#3327);
#2837=AXIS2_PLACEMENT_3D('',#4117,#3331,#3332);
#2838=AXIS2_PLACEMENT_3D('',#4121,#3334,#3335);
#2839=AXIS2_PLACEMENT_3D('',#4123,#3337,#3338);
#2840=AXIS2_PLACEMENT_3D('',#4125,#3340,#3341);
#2841=AXIS2_PLACEMENT_3D('',#4130,#3344,#3345);
#2842=AXIS2_PLACEMENT_3D('',#4134,#3347,#3348);
#2843=AXIS2_PLACEMENT_3D('',#4136,#3350,#3351);
#2844=AXIS2_PLACEMENT_3D('',#4138,#3353,#3354);
#2845=AXIS2_PLACEMENT_3D('',#4144,#3358,#3359);
#2846=AXIS2_PLACEMENT_3D('',#4145,#3360,#3361);
#2847=AXIS2_PLACEMENT_3D('',#4149,#3364,#3365);
#2848=AXIS2_PLACEMENT_3D('',#4153,#3368,#3369);
#2849=AXIS2_PLACEMENT_3D('',#4155,#3371,#3372);
#2850=AXIS2_PLACEMENT_3D('',#4161,#3376,#3377);
#2851=AXIS2_PLACEMENT_3D('',#4163,#3379,#3380);
#2852=AXIS2_PLACEMENT_3D('',#4169,#3384,#3385);
#2853=AXIS2_PLACEMENT_3D('',#4193,#3397,#3398);
#2854=AXIS2_PLACEMENT_3D('',#4197,#3400,#3401);
#2855=AXIS2_PLACEMENT_3D('',#4199,#3403,#3404);
#2856=AXIS2_PLACEMENT_3D('',#4203,#3406,#3407);
#2857=AXIS2_PLACEMENT_3D('',#4205,#3409,#3410);
#2858=AXIS2_PLACEMENT_3D('',#4209,#3413,#3414);
#2859=AXIS2_PLACEMENT_3D('',#4213,#3417,#3418);
#2860=AXIS2_PLACEMENT_3D('',#4214,#3419,#3420);
#2861=AXIS2_PLACEMENT_3D('',#4215,#3421,#3422);
#2862=AXIS2_PLACEMENT_3D('',#4219,#3424,#3425);
#2863=AXIS2_PLACEMENT_3D('',#4221,#3427,#3428);
#2864=AXIS2_PLACEMENT_3D('',#4225,#3431,#3432);
#2865=AXIS2_PLACEMENT_3D('',#4229,#3435,#3436);
#2866=AXIS2_PLACEMENT_3D('',#4230,#3437,#3438);
#2867=AXIS2_PLACEMENT_3D('',#4231,#3439,#3440);
#2868=AXIS2_PLACEMENT_3D('',#4233,#3442,#3443);
#2869=AXIS2_PLACEMENT_3D('',#4235,#3445,#3446);
#2870=AXIS2_PLACEMENT_3D('',#4241,#3450,#3451);
#2871=AXIS2_PLACEMENT_3D('',#4243,#3453,#3454);
#2872=AXIS2_PLACEMENT_3D('',#4248,#3458,#3459);
#2873=AXIS2_PLACEMENT_3D('',#4250,#3461,#3462);
#2874=AXIS2_PLACEMENT_3D('',#4255,#3466,#3467);
#2875=AXIS2_PLACEMENT_3D('',#4259,#3471,#3472);
#2876=AXIS2_PLACEMENT_3D('',#4265,#3476,#3477);
#2877=AXIS2_PLACEMENT_3D('',#4269,#3480,#3481);
#2878=AXIS2_PLACEMENT_3D('',#4273,#3484,#3485);
#2879=AXIS2_PLACEMENT_3D('',#4275,#3487,#3488);
#2880=AXIS2_PLACEMENT_3D('',#4281,#3492,#3493);
#2881=AXIS2_PLACEMENT_3D('',#4285,#3496,#3497);
#2882=AXIS2_PLACEMENT_3D('',#4289,#3500,#3501);
#2883=AXIS2_PLACEMENT_3D('',#4291,#3503,#3504);
#2884=AXIS2_PLACEMENT_3D('',#4296,#3507,#3508);
#2885=AXIS2_PLACEMENT_3D('',#4297,#3509,#3510);
#2886=AXIS2_PLACEMENT_3D('',#4301,#3513,#3514);
#2887=AXIS2_PLACEMENT_3D('',#4305,#3517,#3518);
#2888=AXIS2_PLACEMENT_3D('',#4306,#3519,#3520);
#2889=AXIS2_PLACEMENT_3D('',#4307,#3521,#3522);
#2890=AXIS2_PLACEMENT_3D('',#4310,#3525,#3526);
#2891=AXIS2_PLACEMENT_3D('',#4312,#3528,#3529);
#2892=AXIS2_PLACEMENT_3D('',#4314,#3531,#3532);
#2893=AXIS2_PLACEMENT_3D('',#4315,#3533,#3534);
#2894=AXIS2_PLACEMENT_3D('',#4320,#3537,#3538);
#2895=AXIS2_PLACEMENT_3D('',#4321,#3539,#3540);
#2896=AXIS2_PLACEMENT_3D('',#4325,#3543,#3544);
#2897=AXIS2_PLACEMENT_3D('',#4329,#3547,#3548);
#2898=AXIS2_PLACEMENT_3D('',#4330,#3549,#3550);
#2899=AXIS2_PLACEMENT_3D('',#4331,#3551,#3552);
#2900=AXIS2_PLACEMENT_3D('',#4332,#3553,#3554);
#2901=AXIS2_PLACEMENT_3D('',#4333,#3555,#3556);
#2902=AXIS2_PLACEMENT_3D('',#4352,#3565,#3566);
#2903=AXIS2_PLACEMENT_3D('',#4356,#3568,#3569);
#2904=AXIS2_PLACEMENT_3D('',#4358,#3571,#3572);
#2905=AXIS2_PLACEMENT_3D('',#4359,#3573,#3574);
#2906=AXIS2_PLACEMENT_3D('',#4360,#3575,#3576);
#2907=AXIS2_PLACEMENT_3D('',#4361,#3577,#3578);
#2908=AXIS2_PLACEMENT_3D('',#4362,#3579,#3580);
#2909=AXIS2_PLACEMENT_3D('',#4365,#3583,#3584);
#2910=AXIS2_PLACEMENT_3D('',#4367,#3586,#3587);
#2911=AXIS2_PLACEMENT_3D('',#4369,#3589,#3590);
#2912=AXIS2_PLACEMENT_3D('',#4370,#3591,#3592);
#2913=AXIS2_PLACEMENT_3D('',#4376,#3596,#3597);
#2914=AXIS2_PLACEMENT_3D('',#4380,#3600,#3601);
#2915=AXIS2_PLACEMENT_3D('',#4384,#3604,#3605);
#2916=AXIS2_PLACEMENT_3D('',#4386,#3607,#3608);
#2917=AXIS2_PLACEMENT_3D('',#4392,#3612,#3613);
#2918=AXIS2_PLACEMENT_3D('',#4396,#3616,#3617);
#2919=AXIS2_PLACEMENT_3D('',#4400,#3620,#3621);
#2920=AXIS2_PLACEMENT_3D('',#4402,#3623,#3624);
#2921=AXIS2_PLACEMENT_3D('',#4403,#3625,#3626);
#2922=AXIS2_PLACEMENT_3D('',#4404,#3627,#3628);
#2923=AXIS2_PLACEMENT_3D('',#4405,#3629,#3630);
#2924=AXIS2_PLACEMENT_3D('',#4406,#3631,#3632);
#2925=AXIS2_PLACEMENT_3D('',#4407,#3633,#3634);
#2926=AXIS2_PLACEMENT_3D('',#4408,#3635,#3636);
#2927=AXIS2_PLACEMENT_3D('',#4409,#3637,#3638);
#2928=AXIS2_PLACEMENT_3D('',#4410,#3639,#3640);
#2929=AXIS2_PLACEMENT_3D('',#4411,#3641,#3642);
#2930=AXIS2_PLACEMENT_3D('',#4412,#3643,#3644);
#2931=AXIS2_PLACEMENT_3D('',#4413,#3645,#3646);
#2932=AXIS2_PLACEMENT_3D('',#4414,#3647,#3648);
#2933=AXIS2_PLACEMENT_3D('',#4415,#3649,#3650);
#2934=AXIS2_PLACEMENT_3D('',#4416,#3651,#3652);
#2935=AXIS2_PLACEMENT_3D('',#4417,#3653,#3654);
#2936=AXIS2_PLACEMENT_3D('',#4418,#3655,#3656);
#2937=AXIS2_PLACEMENT_3D('',#4419,#3657,#3658);
#2938=AXIS2_PLACEMENT_3D('',#4420,#3659,#3660);
#2939=DIRECTION('axis',(0.,0.,1.));
#2940=DIRECTION('refdir',(1.,0.,0.));
#2941=DIRECTION('axis',(0.,0.,1.));
#2942=DIRECTION('refdir',(1.,0.,0.));
#2943=DIRECTION('axis',(0.,0.,1.));
#2944=DIRECTION('refdir',(1.,0.,0.));
#2945=DIRECTION('axis',(0.,0.,1.));
#2946=DIRECTION('refdir',(1.,0.,0.));
#2947=DIRECTION('center_axis',(-1.,0.,0.));
#2948=DIRECTION('ref_axis',(0.,2.22044604925E-16,1.));
#2949=DIRECTION('',(0.,2.22044604925E-16,1.));
#2950=DIRECTION('',(0.,-1.,2.22044604925E-16));
#2951=DIRECTION('',(0.,0.,1.));
#2952=DIRECTION('',(0.,-1.,2.22044604925E-16));
#2953=DIRECTION('center_axis',(0.,1.,0.));
#2954=DIRECTION('ref_axis',(0.,0.,1.));
#2955=DIRECTION('center_axis',(0.,1.,-2.22044604925E-16));
#2956=DIRECTION('ref_axis',(0.,-2.22044604925E-16,-1.));
#2957=DIRECTION('',(1.,0.,0.));
#2958=DIRECTION('',(0.,-2.22044604925E-16,-1.));
#2959=DIRECTION('',(-1.,0.,0.));
#2960=DIRECTION('',(0.,-2.22044604925E-16,-1.));
#2961=DIRECTION('',(0.707106781186548,-1.570092458683E-16,-0.707106781186548));
#2962=DIRECTION('',(1.,0.,0.));
#2963=DIRECTION('',(0.707106781186548,-1.570092458683E-16,-0.707106781186548));
#2964=DIRECTION('',(0.707106781186548,1.570092458683E-16,0.707106781186548));
#2965=DIRECTION('',(1.,0.,0.));
#2966=DIRECTION('',(0.707106781186548,1.570092458683E-16,0.707106781186548));
#2967=DIRECTION('',(0.,2.22044604925E-16,1.));
#2968=DIRECTION('',(-1.,0.,0.));
#2969=DIRECTION('',(0.,2.22044604925E-16,1.));
#2970=DIRECTION('',(1.,0.,0.));
#2971=DIRECTION('center_axis',(0.,1.,-2.22044604925E-16));
#2972=DIRECTION('ref_axis',(0.,-2.22044604925E-16,-1.));
#2973=DIRECTION('',(0.,-2.22044604925E-16,-1.));
#2974=DIRECTION('',(1.,0.,0.));
#2975=DIRECTION('',(0.,-2.22044604925E-16,-1.));
#2976=DIRECTION('',(1.,0.,0.));
#2977=DIRECTION('',(0.707106781186548,1.570092458683E-16,0.707106781186548));
#2978=DIRECTION('',(0.,2.22044604925E-16,1.));
#2979=DIRECTION('',(-0.707106781186548,-1.570092458683E-16,-0.707106781186548));
#2980=DIRECTION('',(0.707106781186548,-1.570092458683E-16,-0.707106781186548));
#2981=DIRECTION('',(0.,2.22044604925E-16,1.));
#2982=DIRECTION('',(-0.707106781186548,1.570092458683E-16,0.707106781186548));
#2983=DIRECTION('',(-1.,0.,0.));
#2984=DIRECTION('',(0.,-2.22044604925E-16,-1.));
#2985=DIRECTION('',(-1.,0.,0.));
#2986=DIRECTION('',(2.537652627715E-16,-2.22044604925E-16,-1.));
#2987=DIRECTION('center_axis',(0.,1.,-2.22044604925E-16));
#2988=DIRECTION('ref_axis',(0.,-2.22044604925E-16,-1.));
#2989=DIRECTION('',(-1.,0.,0.));
#2990=DIRECTION('',(0.,-2.22044604925E-16,-1.));
#2991=DIRECTION('',(-1.,0.,0.));
#2992=DIRECTION('',(0.,-2.22044604925E-16,-1.));
#2993=DIRECTION('',(0.707106781186548,-1.570092458683E-16,-0.707106781186548));
#2994=DIRECTION('',(1.,0.,0.));
#2995=DIRECTION('',(0.707106781186548,-1.570092458683E-16,-0.707106781186548));
#2996=DIRECTION('',(0.707106781186548,1.570092458683E-16,0.707106781186548));
#2997=DIRECTION('',(1.,0.,0.));
#2998=DIRECTION('',(0.707106781186548,1.570092458683E-16,0.707106781186548));
#2999=DIRECTION('',(0.,2.22044604925E-16,1.));
#3000=DIRECTION('',(-1.,0.,0.));
#3001=DIRECTION('',(0.,2.22044604925E-16,1.));
#3002=DIRECTION('',(-1.,0.,0.));
#3003=DIRECTION('center_axis',(0.,1.,-2.22044604925E-16));
#3004=DIRECTION('ref_axis',(0.,-2.22044604925E-16,-1.));
#3005=DIRECTION('',(0.,2.22044604925E-16,1.));
#3006=DIRECTION('',(-1.,0.,0.));
#3007=DIRECTION('',(0.,2.22044604925E-16,1.));
#3008=DIRECTION('',(-1.,0.,0.));
#3009=DIRECTION('',(-0.707106781186548,-1.570092458683E-16,-0.707106781186548));
#3010=DIRECTION('',(0.,-2.22044604925E-16,-1.));
#3011=DIRECTION('',(-0.707106781186548,-1.570092458683E-16,-0.707106781186548));
#3012=DIRECTION('',(0.707106781186548,-1.570092458683E-16,-0.707106781186548));
#3013=DIRECTION('',(0.,-2.22044604925E-16,-1.));
#3014=DIRECTION('',(0.707106781186548,-1.570092458683E-16,-0.707106781186548));
#3015=DIRECTION('',(1.,0.,0.));
#3016=DIRECTION('',(0.,2.22044604925E-16,1.));
#3017=DIRECTION('',(1.,0.,0.));
#3018=DIRECTION('center_axis',(0.,-1.,2.22044604925E-16));
#3019=DIRECTION('ref_axis',(1.,0.,0.));
#3020=DIRECTION('center_axis',(0.,-1.,2.22044604925E-16));
#3021=DIRECTION('ref_axis',(-1.,0.,0.));
#3022=DIRECTION('center_axis',(0.,1.,0.));
#3023=DIRECTION('ref_axis',(-1.,0.,0.));
#3024=DIRECTION('',(0.,-1.,2.22044604925E-16));
#3025=DIRECTION('center_axis',(0.,2.22044604925E-16,1.));
#3026=DIRECTION('ref_axis',(1.,0.,0.));
#3027=DIRECTION('',(0.,-1.,2.22044604925E-16));
#3028=DIRECTION('',(1.,0.,0.));
#3029=DIRECTION('center_axis',(0.,1.,0.));
#3030=DIRECTION('ref_axis',(0.,0.,1.));
#3031=DIRECTION('',(0.,0.,1.));
#3032=DIRECTION('',(1.,0.,0.));
#3033=DIRECTION('',(0.707106781186548,0.,-0.707106781186548));
#3034=DIRECTION('',(0.,0.,-1.));
#3035=DIRECTION('',(0.707106781186548,0.,-0.707106781186548));
#3036=DIRECTION('',(-0.707106781186548,0.,-0.707106781186548));
#3037=DIRECTION('',(0.,0.,-1.));
#3038=DIRECTION('',(-0.707106781186548,0.,-0.707106781186548));
#3039=DIRECTION('',(-1.,0.,0.));
#3040=DIRECTION('',(0.,0.,1.));
#3041=DIRECTION('',(-1.,0.,0.));
#3042=DIRECTION('',(0.,0.,1.));
#3043=DIRECTION('center_axis',(0.,1.,0.));
#3044=DIRECTION('ref_axis',(0.,-2.22044604925E-16,-1.));
#3045=DIRECTION('',(-1.,0.,0.));
#3046=DIRECTION('',(0.,0.,1.));
#3047=DIRECTION('',(-1.,0.,0.));
#3048=DIRECTION('',(0.,0.,1.));
#3049=DIRECTION('',(0.707106781186548,0.,0.707106781186548));
#3050=DIRECTION('',(1.,0.,0.));
#3051=DIRECTION('',(0.707106781186548,0.,0.707106781186548));
#3052=DIRECTION('',(0.707106781186548,0.,-0.707106781186548));
#3053=DIRECTION('',(1.,0.,0.));
#3054=DIRECTION('',(0.707106781186548,0.,-0.707106781186548));
#3055=DIRECTION('',(0.,0.,-1.));
#3056=DIRECTION('',(-1.,0.,0.));
#3057=DIRECTION('',(0.,0.,-1.));
#3058=DIRECTION('',(-1.,0.,0.));
#3059=DIRECTION('center_axis',(0.,1.,0.));
#3060=DIRECTION('ref_axis',(1.,5.63472075157865E-32,2.537652627715E-16));
#3061=DIRECTION('',(2.537652627715E-16,0.,-1.));
#3062=DIRECTION('',(-1.,0.,0.));
#3063=DIRECTION('',(0.,0.,-1.));
#3064=DIRECTION('',(-1.,0.,0.));
#3065=DIRECTION('',(-0.707106781186548,0.,0.707106781186548));
#3066=DIRECTION('',(0.,0.,1.));
#3067=DIRECTION('',(0.707106781186548,0.,-0.707106781186548));
#3068=DIRECTION('',(-0.707106781186548,0.,-0.707106781186548));
#3069=DIRECTION('',(0.,0.,1.));
#3070=DIRECTION('',(0.707106781186548,0.,0.707106781186548));
#3071=DIRECTION('',(1.,0.,0.));
#3072=DIRECTION('',(0.,0.,-1.));
#3073=DIRECTION('',(1.,0.,0.));
#3074=DIRECTION('',(0.,0.,-1.));
#3075=DIRECTION('center_axis',(0.,1.,0.));
#3076=DIRECTION('ref_axis',(0.,2.22044604925E-16,1.));
#3077=DIRECTION('',(1.,0.,0.));
#3078=DIRECTION('',(0.,0.,1.));
#3079=DIRECTION('',(-1.,0.,0.));
#3080=DIRECTION('',(0.,0.,1.));
#3081=DIRECTION('',(0.707106781186548,0.,0.707106781186548));
#3082=DIRECTION('',(1.,0.,0.));
#3083=DIRECTION('',(0.707106781186548,0.,0.707106781186548));
#3084=DIRECTION('',(0.707106781186548,0.,-0.707106781186548));
#3085=DIRECTION('',(1.,0.,0.));
#3086=DIRECTION('',(0.707106781186548,0.,-0.707106781186548));
#3087=DIRECTION('',(0.,0.,-1.));
#3088=DIRECTION('',(-1.,0.,0.));
#3089=DIRECTION('',(0.,0.,-1.));
#3090=DIRECTION('',(1.,0.,0.));
#3091=DIRECTION('center_axis',(0.,1.,0.));
#3092=DIRECTION('ref_axis',(1.,0.,0.));
#3093=DIRECTION('center_axis',(0.,2.22044604925E-16,1.));
#3094=DIRECTION('ref_axis',(1.,0.,0.));
#3095=DIRECTION('',(0.,-1.,2.22044604925E-16));
#3096=DIRECTION('center_axis',(-1.,0.,0.));
#3097=DIRECTION('ref_axis',(0.,2.22044604925E-16,1.));
#3098=DIRECTION('',(0.,-1.,2.22044604925E-16));
#3099=DIRECTION('center_axis',(1.,0.,0.));
#3100=DIRECTION('ref_axis',(0.,-2.22044604925E-16,-1.));
#3101=DIRECTION('',(0.,-1.,2.22044604925E-16));
#3102=DIRECTION('center_axis',(0.,2.22044604925E-16,1.));
#3103=DIRECTION('ref_axis',(1.,0.,0.));
#3104=DIRECTION('',(0.,-1.,2.22044604925E-16));
#3105=DIRECTION('center_axis',(0.,-2.22044604925E-16,-1.));
#3106=DIRECTION('ref_axis',(-1.,0.,0.));
#3107=DIRECTION('',(0.,-1.,2.22044604925E-16));
#3108=DIRECTION('center_axis',(0.707106781186548,1.570092458683E-16,0.707106781186548));
#3109=DIRECTION('ref_axis',(0.707106781186548,-1.570092458683E-16,-0.707106781186548));
#3110=DIRECTION('',(0.,-1.,2.22044604925E-16));
#3111=DIRECTION('center_axis',(1.,0.,0.));
#3112=DIRECTION('ref_axis',(0.,-2.22044604925E-16,-1.));
#3113=DIRECTION('',(0.,-1.,2.22044604925E-16));
#3114=DIRECTION('center_axis',(1.,0.,0.));
#3115=DIRECTION('ref_axis',(0.,-2.22044604925E-16,-1.));
#3116=DIRECTION('',(0.,-1.,2.22044604925E-16));
#3117=DIRECTION('center_axis',(0.707106781186548,1.570092458683E-16,0.707106781186548));
#3118=DIRECTION('ref_axis',(0.707106781186548,-1.570092458683E-16,-0.707106781186548));
#3119=DIRECTION('',(0.,-1.,2.22044604925E-16));
#3120=DIRECTION('center_axis',(0.707106781186548,1.570092458683E-16,0.707106781186548));
#3121=DIRECTION('ref_axis',(0.707106781186548,-1.570092458683E-16,-0.707106781186548));
#3122=DIRECTION('',(0.,-1.,2.22044604925E-16));
#3123=DIRECTION('center_axis',(0.,2.22044604925E-16,1.));
#3124=DIRECTION('ref_axis',(1.,0.,0.));
#3125=DIRECTION('',(0.,-1.,2.22044604925E-16));
#3126=DIRECTION('center_axis',(0.707106781186548,-1.570092458683E-16,-0.707106781186548));
#3127=DIRECTION('ref_axis',(-0.707106781186548,-1.570092458683E-16,-0.707106781186548));
#3128=DIRECTION('',(0.,-1.,2.22044604925E-16));
#3129=DIRECTION('center_axis',(0.707106781186548,1.570092458683E-16,0.707106781186548));
#3130=DIRECTION('ref_axis',(0.707106781186548,-1.570092458683E-16,-0.707106781186548));
#3131=DIRECTION('',(0.,-1.,2.22044604925E-16));
#3132=DIRECTION('center_axis',(1.,0.,0.));
#3133=DIRECTION('ref_axis',(0.,-2.22044604925E-16,-1.));
#3134=DIRECTION('',(0.,-1.,2.22044604925E-16));
#3135=DIRECTION('center_axis',(-0.707106781186548,1.570092458683E-16,0.707106781186548));
#3136=DIRECTION('ref_axis',(0.707106781186548,1.570092458683E-16,0.707106781186548));
#3137=DIRECTION('',(0.,-1.,2.22044604925E-16));
#3138=DIRECTION('center_axis',(0.707106781186548,-1.570092458683E-16,-0.707106781186548));
#3139=DIRECTION('ref_axis',(-0.707106781186548,-1.570092458683E-16,-0.707106781186548));
#3140=DIRECTION('',(0.,-1.,2.22044604925E-16));
#3141=DIRECTION('center_axis',(0.,2.22044604925E-16,1.));
#3142=DIRECTION('ref_axis',(1.,0.,0.));
#3143=DIRECTION('',(0.,-1.,2.22044604925E-16));
#3144=DIRECTION('center_axis',(0.,-2.22044604925E-16,-1.));
#3145=DIRECTION('ref_axis',(-1.,0.,0.));
#3146=DIRECTION('',(0.,-1.,2.22044604925E-16));
#3147=DIRECTION('center_axis',(-0.707106781186548,1.570092458683E-16,0.707106781186548));
#3148=DIRECTION('ref_axis',(0.707106781186548,1.570092458683E-16,0.707106781186548));
#3149=DIRECTION('',(0.,-1.,2.22044604925E-16));
#3150=DIRECTION('center_axis',(-1.,0.,0.));
#3151=DIRECTION('ref_axis',(0.,2.22044604925E-16,1.));
#3152=DIRECTION('',(0.,-1.,2.22044604925E-16));
#3153=DIRECTION('center_axis',(-1.,0.,0.));
#3154=DIRECTION('ref_axis',(0.,2.22044604925E-16,1.));
#3155=DIRECTION('',(0.,-1.,2.22044604925E-16));
#3156=DIRECTION('center_axis',(0.,-2.22044604925E-16,-1.));
#3157=DIRECTION('ref_axis',(-1.,0.,0.));
#3158=DIRECTION('',(0.,-1.,2.22044604925E-16));
#3159=DIRECTION('center_axis',(0.,-2.22044604925E-16,-1.));
#3160=DIRECTION('ref_axis',(-1.,0.,0.));
#3161=DIRECTION('',(0.,-1.,2.22044604925E-16));
#3162=DIRECTION('center_axis',(-1.,0.,0.));
#3163=DIRECTION('ref_axis',(0.,2.22044604925E-16,1.));
#3164=DIRECTION('',(0.,-1.,2.22044604925E-16));
#3165=DIRECTION('center_axis',(-1.,0.,0.));
#3166=DIRECTION('ref_axis',(0.,2.22044604925E-16,1.));
#3167=DIRECTION('',(0.,-1.,2.22044604925E-16));
#3168=DIRECTION('center_axis',(0.,-1.,2.22044604925E-16));
#3169=DIRECTION('ref_axis',(0.,-2.22044604925E-16,-1.));
#3170=DIRECTION('',(0.,-1.,2.22044604925E-16));
#3171=DIRECTION('center_axis',(0.,2.22044604925E-16,1.));
#3172=DIRECTION('ref_axis',(1.,0.,0.));
#3173=DIRECTION('',(0.,-1.,2.22044604925E-16));
#3174=DIRECTION('center_axis',(0.,-2.22044604925E-16,-1.));
#3175=DIRECTION('ref_axis',(-1.,0.,0.));
#3176=DIRECTION('',(0.,-1.,2.22044604925E-16));
#3177=DIRECTION('center_axis',(0.,-1.,2.22044604925E-16));
#3178=DIRECTION('ref_axis',(0.,2.22044604925E-16,1.));
#3179=DIRECTION('',(0.,-1.,2.22044604925E-16));
#3180=DIRECTION('center_axis',(-1.,0.,0.));
#3181=DIRECTION('ref_axis',(0.,2.22044604925E-16,1.));
#3182=DIRECTION('',(0.,-1.,2.22044604925E-16));
#3183=DIRECTION('center_axis',(1.,0.,0.));
#3184=DIRECTION('ref_axis',(0.,-2.22044604925E-16,-1.));
#3185=DIRECTION('',(0.,-1.,2.22044604925E-16));
#3186=DIRECTION('center_axis',(0.,-2.22044604925E-16,-1.));
#3187=DIRECTION('ref_axis',(-1.,0.,0.));
#3188=DIRECTION('',(0.,-1.,2.22044604925E-16));
#3189=DIRECTION('center_axis',(0.,2.22044604925E-16,1.));
#3190=DIRECTION('ref_axis',(1.,0.,0.));
#3191=DIRECTION('',(0.,-1.,2.22044604925E-16));
#3192=DIRECTION('center_axis',(-1.,0.,0.));
#3193=DIRECTION('ref_axis',(0.,2.22044604925E-16,1.));
#3194=DIRECTION('',(0.,-1.,2.22044604925E-16));
#3195=DIRECTION('center_axis',(1.,0.,0.));
#3196=DIRECTION('ref_axis',(0.,-2.22044604925E-16,-1.));
#3197=DIRECTION('',(0.,-1.,2.22044604925E-16));
#3198=DIRECTION('center_axis',(-0.707106781186548,1.570092458683E-16,0.707106781186548));
#3199=DIRECTION('ref_axis',(0.707106781186548,1.570092458683E-16,0.707106781186548));
#3200=DIRECTION('',(0.,-1.,2.22044604925E-16));
#3201=DIRECTION('center_axis',(0.,2.22044604925E-16,1.));
#3202=DIRECTION('ref_axis',(1.,0.,0.));
#3203=DIRECTION('',(0.,-1.,2.22044604925E-16));
#3204=DIRECTION('center_axis',(0.,2.22044604925E-16,1.));
#3205=DIRECTION('ref_axis',(1.,0.,0.));
#3206=DIRECTION('',(0.,-1.,2.22044604925E-16));
#3207=DIRECTION('center_axis',(-0.707106781186548,1.570092458683E-16,0.707106781186548));
#3208=DIRECTION('ref_axis',(0.707106781186548,1.570092458683E-16,0.707106781186548));
#3209=DIRECTION('',(0.,-1.,2.22044604925E-16));
#3210=DIRECTION('center_axis',(-0.707106781186548,1.570092458683E-16,0.707106781186548));
#3211=DIRECTION('ref_axis',(0.707106781186548,1.570092458683E-16,0.707106781186548));
#3212=DIRECTION('',(0.,-1.,2.22044604925E-16));
#3213=DIRECTION('center_axis',(-1.,0.,0.));
#3214=DIRECTION('ref_axis',(0.,2.22044604925E-16,1.));
#3215=DIRECTION('',(0.,-1.,2.22044604925E-16));
#3216=DIRECTION('center_axis',(0.707106781186548,1.570092458683E-16,0.707106781186548));
#3217=DIRECTION('ref_axis',(0.707106781186548,-1.570092458683E-16,-0.707106781186548));
#3218=DIRECTION('',(0.,-1.,2.22044604925E-16));
#3219=DIRECTION('center_axis',(0.707106781186548,-1.570092458683E-16,-0.707106781186548));
#3220=DIRECTION('ref_axis',(-0.707106781186548,-1.570092458683E-16,-0.707106781186548));
#3221=DIRECTION('',(0.,-1.,2.22044604925E-16));
#3222=DIRECTION('center_axis',(0.,2.22044604925E-16,1.));
#3223=DIRECTION('ref_axis',(1.,0.,0.));
#3224=DIRECTION('',(0.,-1.,2.22044604925E-16));
#3225=DIRECTION('center_axis',(0.707106781186548,1.570092458683E-16,0.707106781186548));
#3226=DIRECTION('ref_axis',(0.707106781186548,-1.570092458683E-16,-0.707106781186548));
#3227=DIRECTION('',(0.,-1.,2.22044604925E-16));
#3228=DIRECTION('center_axis',(0.707106781186548,1.570092458683E-16,0.707106781186548));
#3229=DIRECTION('ref_axis',(0.707106781186548,-1.570092458683E-16,-0.707106781186548));
#3230=DIRECTION('',(0.,-1.,2.22044604925E-16));
#3231=DIRECTION('center_axis',(-1.,0.,0.));
#3232=DIRECTION('ref_axis',(0.,2.22044604925E-16,1.));
#3233=DIRECTION('',(0.,-1.,2.22044604925E-16));
#3234=DIRECTION('center_axis',(1.,0.,0.));
#3235=DIRECTION('ref_axis',(0.,-2.22044604925E-16,-1.));
#3236=DIRECTION('',(0.,-1.,2.22044604925E-16));
#3237=DIRECTION('center_axis',(-0.707106781186548,-1.570092458683E-16,-0.707106781186548));
#3238=DIRECTION('ref_axis',(-0.707106781186548,1.570092458683E-16,0.707106781186548));
#3239=DIRECTION('',(0.,-1.,2.22044604925E-16));
#3240=DIRECTION('center_axis',(0.,-2.22044604925E-16,-1.));
#3241=DIRECTION('ref_axis',(-1.,0.,0.));
#3242=DIRECTION('',(0.,-1.,2.22044604925E-16));
#3243=DIRECTION('center_axis',(0.,-2.22044604925E-16,-1.));
#3244=DIRECTION('ref_axis',(-1.,0.,0.));
#3245=DIRECTION('',(0.,-1.,2.22044604925E-16));
#3246=DIRECTION('center_axis',(1.,0.,0.));
#3247=DIRECTION('ref_axis',(0.,-2.22044604925E-16,-1.));
#3248=DIRECTION('',(0.,-1.,2.22044604925E-16));
#3249=DIRECTION('center_axis',(1.,0.,0.));
#3250=DIRECTION('ref_axis',(0.,-2.22044604925E-16,-1.));
#3251=DIRECTION('',(0.,-1.,2.22044604925E-16));
#3252=DIRECTION('center_axis',(0.,-2.22044604925E-16,-1.));
#3253=DIRECTION('ref_axis',(-1.,0.,0.));
#3254=DIRECTION('',(0.,-1.,2.22044604925E-16));
#3255=DIRECTION('center_axis',(0.,-2.22044604925E-16,-1.));
#3256=DIRECTION('ref_axis',(-1.,0.,0.));
#3257=DIRECTION('',(0.,-1.,2.22044604925E-16));
#3258=DIRECTION('center_axis',(0.,-1.,2.22044604925E-16));
#3259=DIRECTION('ref_axis',(1.,5.63472075157865E-32,2.537652627715E-16));
#3260=DIRECTION('',(0.,-1.,2.22044604925E-16));
#3261=DIRECTION('center_axis',(1.,5.634720751579E-32,2.537652627715E-16));
#3262=DIRECTION('ref_axis',(2.537652627715E-16,-2.22044604925E-16,-1.));
#3263=DIRECTION('center_axis',(0.,1.,-2.22044604925E-16));
#3264=DIRECTION('ref_axis',(1.,0.,0.));
#3265=DIRECTION('',(0.,1.,-2.22044604925E-16));
#3266=DIRECTION('',(0.,0.,1.));
#3267=DIRECTION('',(1.,0.,0.));
#3268=DIRECTION('',(3.08148791101958E-33,-1.71056941445901E-49,1.));
#3269=DIRECTION('',(1.,6.16297582203915E-33,0.));
#3270=DIRECTION('axis',(0.,0.,1.));
#3271=DIRECTION('refdir',(1.,0.,0.));
#3272=DIRECTION('center_axis',(-1.,0.,0.));
#3273=DIRECTION('ref_axis',(0.,2.22044604925E-16,1.));
#3274=DIRECTION('',(0.,-1.,2.22044604925E-16));
#3275=DIRECTION('',(0.,-0.577350269189746,0.816496580927641));
#3276=DIRECTION('',(0.,-1.,2.22044604925E-16));
#3277=DIRECTION('',(0.,2.22044604925E-16,1.));
#3278=DIRECTION('',(0.,-1.,2.22044604925E-16));
#3279=DIRECTION('',(0.,2.22044604925E-16,1.));
#3280=DIRECTION('',(0.,-1.,2.22044604925E-16));
#3281=DIRECTION('',(0.,0.577350269189746,0.816496580927641));
#3282=DIRECTION('center_axis',(-0.707106781186548,3.20311174209195E-17,
-0.707106781186548));
#3283=DIRECTION('ref_axis',(-1.33671722799805E-16,-1.,8.83728821251753E-17));
#3284=DIRECTION('',(0.707106781186548,-2.35513868802449E-16,-0.707106781186548));
#3285=DIRECTION('',(0.,-1.,2.22044604925E-16));
#3286=DIRECTION('',(0.707106781186548,7.85046229341398E-17,-0.707106781186548));
#3287=DIRECTION('center_axis',(-0.49999999999984,0.707106781186774,-0.49999999999984));
#3288=DIRECTION('ref_axis',(-0.707106781186548,0.,0.707106781186548));
#3289=DIRECTION('',(0.816496580927641,0.577350269189746,0.));
#3290=DIRECTION('',(-0.707106781186548,0.,0.707106781186548));
#3291=DIRECTION('',(0.816496580927641,0.577350269189746,-1.28197512425544E-16));
#3292=DIRECTION('',(-0.707106781186548,2.35513868802449E-16,0.707106781186548));
#3293=DIRECTION('',(0.,0.577350269189746,0.816496580927641));
#3294=DIRECTION('',(-0.707106781186548,0.,0.707106781186548));
#3295=DIRECTION('center_axis',(-0.49999999999984,-0.707106781186774,-0.49999999999984));
#3296=DIRECTION('ref_axis',(0.707106781186548,-1.11022302462445E-16,-0.707106781186547));
#3297=DIRECTION('',(0.,-0.577350269189746,0.816496580927641));
#3298=DIRECTION('',(-0.707106781186548,-7.85046229341398E-17,0.707106781186548));
#3299=DIRECTION('',(0.816496580927641,-0.577350269189746,1.28197512425544E-16));
#3300=DIRECTION('',(0.707106781186548,0.,-0.707106781186548));
#3301=DIRECTION('',(0.816496580927641,-0.577350269189746,0.));
#3302=DIRECTION('',(0.707106781186548,0.,-0.707106781186548));
#3303=DIRECTION('center_axis',(-0.707106781186548,-1.570092458683E-16,-0.707106781186548));
#3304=DIRECTION('ref_axis',(-0.707106781186548,1.570092458683E-16,0.707106781186548));
#3305=DIRECTION('',(0.,-1.,2.22044604925E-16));
#3306=DIRECTION('',(-0.707106781186548,1.570092458683E-16,0.707106781186548));
#3307=DIRECTION('center_axis',(-0.707106781186548,-1.570092458683E-16,-0.707106781186548));
#3308=DIRECTION('ref_axis',(-0.707106781186548,1.570092458683E-16,0.707106781186548));
#3309=DIRECTION('',(0.,-1.,2.22044604925E-16));
#3310=DIRECTION('',(-0.707106781186548,1.570092458683E-16,0.707106781186548));
#3311=DIRECTION('center_axis',(-0.707106781186548,-0.707106781186548,-3.20311174209195E-17));
#3312=DIRECTION('ref_axis',(1.33671722799805E-16,-8.83728821251753E-17,
-1.));
#3313=DIRECTION('',(-0.707106781186548,0.707106781186548,-3.52870227699574E-17));
#3314=DIRECTION('',(0.,2.22044604925E-16,1.));
#3315=DIRECTION('',(0.678598344545825,-0.678598344545825,0.281084637714927));
#3316=DIRECTION('center_axis',(0.707106781186548,-0.707106781186548,-3.20311174209195E-17));
#3317=DIRECTION('ref_axis',(-1.33671722799805E-16,-8.83728821251753E-17,
-1.));
#3318=DIRECTION('',(-0.707106781186548,-0.707106781186548,-1.570092458683E-16));
#3319=DIRECTION('',(0.678598344545825,0.678598344545825,0.281084637714927));
#3320=DIRECTION('',(0.,2.22044604925E-16,1.));
#3321=DIRECTION('center_axis',(0.707106781186548,-1.58907689929198E-16,
-0.707106781186548));
#3322=DIRECTION('ref_axis',(1.34240266911789E-18,1.,-2.23387007594133E-16));
#3323=DIRECTION('',(-0.707106781186548,-4.45810120144915E-15,-0.707106781186548));
#3324=DIRECTION('',(-0.707106781186548,-1.38136090323712E-15,-0.707106781186548));
#3325=DIRECTION('',(0.,-1.,2.22044604925E-16));
#3326=DIRECTION('center_axis',(0.,0.,1.));
#3327=DIRECTION('ref_axis',(1.,0.,0.));
#3328=DIRECTION('',(1.,0.,0.));
#3329=DIRECTION('',(0.,1.,0.));
#3330=DIRECTION('',(-1.,0.,0.));
#3331=DIRECTION('center_axis',(0.,0.,-1.));
#3332=DIRECTION('ref_axis',(-8.478551194457E-12,1.,0.));
#3333=DIRECTION('',(-1.,0.,0.));
#3334=DIRECTION('center_axis',(0.,0.,-1.));
#3335=DIRECTION('ref_axis',(-1.157592540342E-11,-1.,0.));
#3336=DIRECTION('',(1.,0.,0.));
#3337=DIRECTION('center_axis',(0.,-1.,0.));
#3338=DIRECTION('ref_axis',(1.,0.,0.));
#3339=DIRECTION('',(0.,0.,-1.));
#3340=DIRECTION('center_axis',(1.,0.,0.));
#3341=DIRECTION('ref_axis',(0.,1.,0.));
#3342=DIRECTION('',(0.,-1.,2.22044604925E-16));
#3343=DIRECTION('',(0.,0.,-1.));
#3344=DIRECTION('center_axis',(-1.,0.,0.));
#3345=DIRECTION('ref_axis',(0.,-1.,9.621932880085E-16));
#3346=DIRECTION('',(0.,0.,-1.));
#3347=DIRECTION('center_axis',(-1.,0.,0.));
#3348=DIRECTION('ref_axis',(0.,1.,1.406282497859E-15));
#3349=DIRECTION('',(0.,0.,1.));
#3350=DIRECTION('center_axis',(-0.707106781186548,-3.46374882600278E-16,
-0.707106781186548));
#3351=DIRECTION('ref_axis',(-1.33901725856851E-16,1.,-3.55946330781851E-16));
#3352=DIRECTION('',(0.,-1.,2.22044604925E-16));
#3353=DIRECTION('center_axis',(0.,-2.22044604925E-16,-1.));
#3354=DIRECTION('ref_axis',(-1.,0.,0.));
#3355=DIRECTION('',(-1.,0.,0.));
#3356=DIRECTION('',(0.,-1.,2.22044604925E-16));
#3357=DIRECTION('',(-1.,0.,0.));
#3358=DIRECTION('center_axis',(0.,1.,0.));
#3359=DIRECTION('ref_axis',(-1.,0.,0.));
#3360=DIRECTION('center_axis',(-0.49999999999984,-0.707106781186774,-0.49999999999984));
#3361=DIRECTION('ref_axis',(0.707106781186548,0.,-0.707106781186548));
#3362=DIRECTION('',(-0.707106781186548,1.570092458683E-16,0.707106781186548));
#3363=DIRECTION('',(0.281084637714927,-0.678598344545825,0.678598344545825));
#3364=DIRECTION('center_axis',(0.49999999999984,-0.707106781186774,0.49999999999984));
#3365=DIRECTION('ref_axis',(0.707106781186548,0.,-0.707106781186548));
#3366=DIRECTION('',(0.281084637714927,0.678598344545825,0.678598344545825));
#3367=DIRECTION('',(-0.707106781186548,1.570092458683E-16,0.707106781186548));
#3368=DIRECTION('center_axis',(-0.577350269189626,-0.577350269189626,0.577350269189626));
#3369=DIRECTION('ref_axis',(0.,0.707106781186548,0.707106781186548));
#3370=DIRECTION('',(4.42281417867917E-15,0.707106781186548,0.707106781186548));
#3371=DIRECTION('center_axis',(0.,1.,0.));
#3372=DIRECTION('ref_axis',(0.,0.,1.));
#3373=DIRECTION('',(1.,0.,0.));
#3374=DIRECTION('',(0.,-2.22044604925E-16,-1.));
#3375=DIRECTION('',(-1.,0.,0.));
#3376=DIRECTION('center_axis',(0.577350269189626,-0.577350269189626,-0.577350269189626));
#3377=DIRECTION('ref_axis',(0.,-0.707106781186548,0.707106781186548));
#3378=DIRECTION('',(-1.15377761182926E-15,-0.707106781186548,0.707106781186548));
#3379=DIRECTION('center_axis',(0.,1.,0.));
#3380=DIRECTION('ref_axis',(0.,0.,1.));
#3381=DIRECTION('',(-1.,0.,0.));
#3382=DIRECTION('',(0.,-2.22044604925E-16,-1.));
#3383=DIRECTION('',(1.,0.,0.));
#3384=DIRECTION('center_axis',(0.,2.22044604925E-16,1.));
#3385=DIRECTION('ref_axis',(1.,0.,0.));
#3386=DIRECTION('',(1.,0.,0.));
#3387=DIRECTION('',(0.,-1.,2.22044604925E-16));
#3388=DIRECTION('',(1.,0.,0.));
#3389=DIRECTION('',(1.,0.,0.));
#3390=DIRECTION('',(0.,1.,0.));
#3391=DIRECTION('',(-1.,0.,0.));
#3392=DIRECTION('',(0.,-1.,0.));
#3393=DIRECTION('',(1.,0.,0.));
#3394=DIRECTION('',(0.,1.,0.));
#3395=DIRECTION('',(-1.,0.,0.));
#3396=DIRECTION('',(0.,-1.,0.));
#3397=DIRECTION('center_axis',(0.,-2.22044604925E-16,-1.));
#3398=DIRECTION('ref_axis',(-8.477959075511E-12,1.,-2.22044604925E-16));
#3399=DIRECTION('',(1.,0.,0.));
#3400=DIRECTION('center_axis',(0.,-2.22044604925E-16,-1.));
#3401=DIRECTION('ref_axis',(-1.157592540342E-11,-1.,2.22044604925E-16));
#3402=DIRECTION('',(-1.,0.,0.));
#3403=DIRECTION('center_axis',(0.,0.,1.));
#3404=DIRECTION('ref_axis',(-8.478551194457E-12,1.,0.));
#3405=DIRECTION('',(-5.99461300725116E-12,0.707106781186548,0.707106781186548));
#3406=DIRECTION('center_axis',(0.,0.,-1.));
#3407=DIRECTION('ref_axis',(-8.478551194457E-12,1.,0.));
#3408=DIRECTION('',(-5.17493814821269E-12,-0.707106781186548,0.707106781186548));
#3409=DIRECTION('center_axis',(0.,0.707106781186548,-0.707106781186548));
#3410=DIRECTION('ref_axis',(-1.,0.,0.));
#3411=DIRECTION('',(-1.01787866595835E-11,0.707106781186548,0.707106781186548));
#3412=DIRECTION('',(1.,0.,0.));
#3413=DIRECTION('center_axis',(0.,0.707106781186548,0.707106781186548));
#3414=DIRECTION('ref_axis',(-1.,0.,0.));
#3415=DIRECTION('',(-1.,0.,0.));
#3416=DIRECTION('',(0.,-0.707106781186548,0.707106781186548));
#3417=DIRECTION('center_axis',(0.,0.,1.));
#3418=DIRECTION('ref_axis',(-1.157592540342E-11,-1.,0.));
#3419=DIRECTION('center_axis',(0.,0.,-1.));
#3420=DIRECTION('ref_axis',(-1.157592540342E-11,-1.,0.));
#3421=DIRECTION('center_axis',(1.,0.,0.));
#3422=DIRECTION('ref_axis',(0.,-1.,9.621932880085E-16));
#3423=DIRECTION('',(0.707106781186548,-0.707106781186548,3.66354907025966E-16));
#3424=DIRECTION('center_axis',(-1.,0.,0.));
#3425=DIRECTION('ref_axis',(0.,-1.,9.621932880085E-16));
#3426=DIRECTION('',(0.707106781186548,0.707106781186548,3.42591903340681E-17));
#3427=DIRECTION('center_axis',(0.707106781186548,0.707106781186548,7.86585309083397E-19));
#3428=DIRECTION('ref_axis',(-5.56199806034586E-19,-5.56199806034586E-19,
1.));
#3429=DIRECTION('',(0.707106781186548,-0.707106781186548,-1.08098749612231E-15));
#3430=DIRECTION('',(0.,0.,1.));
#3431=DIRECTION('center_axis',(-0.707106781186548,0.707106781186548,7.86585309083397E-19));
#3432=DIRECTION('ref_axis',(5.56199806034586E-19,-5.56199806034586E-19,
1.));
#3433=DIRECTION('',(0.,0.,-1.));
#3434=DIRECTION('',(0.707106781186548,0.707106781186548,0.));
#3435=DIRECTION('center_axis',(1.,0.,0.));
#3436=DIRECTION('ref_axis',(0.,1.,1.406282497859E-15));
#3437=DIRECTION('center_axis',(-1.,0.,0.));
#3438=DIRECTION('ref_axis',(0.,1.,1.406282497859E-15));
#3439=DIRECTION('center_axis',(0.,-0.707106781186548,-0.707106781186548));
#3440=DIRECTION('ref_axis',(1.,0.,0.));
#3441=DIRECTION('',(-6.73036940233769E-16,0.707106781186548,-0.707106781186548));
#3442=DIRECTION('center_axis',(0.,-0.707106781186548,0.707106781186548));
#3443=DIRECTION('ref_axis',(1.,0.,0.));
#3444=DIRECTION('',(4.9997029845938E-15,0.707106781186548,0.707106781186548));
#3445=DIRECTION('center_axis',(-0.707106781186548,9.29470110264305E-17,
0.707106781186548));
#3446=DIRECTION('ref_axis',(4.52988406747201E-17,-1.,1.7674576425034E-16));
#3447=DIRECTION('',(-0.707106781186548,-5.80417508191729E-15,-0.707106781186548));
#3448=DIRECTION('',(0.,-1.,2.22044604925E-16));
#3449=DIRECTION('',(0.707106781186548,4.36195306713021E-15,0.707106781186548));
#3450=DIRECTION('center_axis',(3.47161467909278E-18,-0.707106781186548,
0.707106781186548));
#3451=DIRECTION('ref_axis',(1.,2.45480228125326E-18,-2.45480228125326E-18));
#3452=DIRECTION('',(3.26903656684991E-15,-0.707106781186548,-0.707106781186548));
#3453=DIRECTION('center_axis',(0.707106781186548,-0.707106781186548,-3.20311174209195E-17));
#3454=DIRECTION('ref_axis',(-1.33671722799805E-16,-8.83728821251753E-17,
-1.));
#3455=DIRECTION('',(0.,-2.22044604925E-16,-1.));
#3456=DIRECTION('',(0.707106781186548,0.707106781186548,6.79123051388765E-15));
#3457=DIRECTION('',(-0.707106781186548,-0.707106781186548,4.93884187304484E-15));
#3458=DIRECTION('center_axis',(3.47161467909278E-18,-0.707106781186548,
-0.707106781186548));
#3459=DIRECTION('ref_axis',(1.,2.45480228125326E-18,2.45480228125326E-18));
#3460=DIRECTION('',(8.26873955144371E-15,-0.707106781186548,0.707106781186548));
#3461=DIRECTION('center_axis',(-0.707106781186548,-0.707106781186548,-3.20311174209195E-17));
#3462=DIRECTION('ref_axis',(1.33671722799805E-16,-8.83728821251753E-17,
-1.));
#3463=DIRECTION('',(0.707106781186548,-0.707106781186548,3.23731425727293E-16));
#3464=DIRECTION('',(0.,-2.22044604925E-16,-1.));
#3465=DIRECTION('',(-0.707106781186548,0.707106781186548,-3.78506426121558E-15));
#3466=DIRECTION('center_axis',(-0.707106781186548,-1.55436075250101E-16,
-0.707106781186548));
#3467=DIRECTION('ref_axis',(-1.11239961216645E-18,-1.,2.20932205312904E-16));
#3468=DIRECTION('',(-0.707106781186548,4.45810120144915E-15,0.707106781186548));
#3469=DIRECTION('',(0.,-1.,2.22044604925E-16));
#3470=DIRECTION('',(-0.707106781186548,-1.50308312633604E-15,0.707106781186548));
#3471=DIRECTION('center_axis',(0.,-1.,0.));
#3472=DIRECTION('ref_axis',(1.,0.,0.));
#3473=DIRECTION('',(0.,0.,-1.));
#3474=DIRECTION('',(1.,0.,0.));
#3475=DIRECTION('',(0.,0.,-1.));
#3476=DIRECTION('center_axis',(1.,0.,0.));
#3477=DIRECTION('ref_axis',(0.,1.,0.));
#3478=DIRECTION('',(0.,1.,0.));
#3479=DIRECTION('',(0.,0.,-1.));
#3480=DIRECTION('center_axis',(0.,1.,0.));
#3481=DIRECTION('ref_axis',(-1.,0.,0.));
#3482=DIRECTION('',(-1.,0.,0.));
#3483=DIRECTION('',(0.,0.,-1.));
#3484=DIRECTION('center_axis',(-1.,0.,0.));
#3485=DIRECTION('ref_axis',(0.,-1.,0.));
#3486=DIRECTION('',(0.,-1.,0.));
#3487=DIRECTION('center_axis',(0.,-1.,0.));
#3488=DIRECTION('ref_axis',(1.,0.,0.));
#3489=DIRECTION('',(0.,0.,-1.));
#3490=DIRECTION('',(1.,0.,0.));
#3491=DIRECTION('',(0.,0.,-1.));
#3492=DIRECTION('center_axis',(1.,0.,0.));
#3493=DIRECTION('ref_axis',(0.,1.,0.));
#3494=DIRECTION('',(0.,1.,0.));
#3495=DIRECTION('',(0.,0.,-1.));
#3496=DIRECTION('center_axis',(0.,1.,0.));
#3497=DIRECTION('ref_axis',(-1.,0.,0.));
#3498=DIRECTION('',(-1.,0.,0.));
#3499=DIRECTION('',(0.,0.,-1.));
#3500=DIRECTION('center_axis',(-1.,0.,0.));
#3501=DIRECTION('ref_axis',(0.,-1.,0.));
#3502=DIRECTION('',(0.,-1.,0.));
#3503=DIRECTION('center_axis',(0.,-2.22044604925E-16,-1.));
#3504=DIRECTION('ref_axis',(-8.477959075511E-12,1.,-2.22044604925E-16));
#3505=DIRECTION('',(5.99419431592816E-12,-0.707106781186548,0.707106781186548));
#3506=DIRECTION('',(5.17535683953469E-12,0.707106781186548,0.707106781186548));
#3507=DIRECTION('center_axis',(0.,-2.22044604925E-16,-1.));
#3508=DIRECTION('ref_axis',(-8.477959075511E-12,1.,-2.22044604925E-16));
#3509=DIRECTION('center_axis',(3.47161467909278E-18,-0.707106781186548,
-0.707106781186548));
#3510=DIRECTION('ref_axis',(1.,2.45480228125326E-18,2.45480228125326E-18));
#3511=DIRECTION('',(1.01787866595835E-11,-0.707106781186548,0.707106781186548));
#3512=DIRECTION('',(1.,0.,0.));
#3513=DIRECTION('center_axis',(3.47161467909278E-18,-0.707106781186548,
0.707106781186548));
#3514=DIRECTION('ref_axis',(1.,2.45480228125326E-18,-2.45480228125326E-18));
#3515=DIRECTION('',(0.,0.707106781186548,0.707106781186548));
#3516=DIRECTION('',(-1.,0.,0.));
#3517=DIRECTION('center_axis',(0.,-2.22044604925E-16,-1.));
#3518=DIRECTION('ref_axis',(-1.157592540342E-11,-1.,2.22044604925E-16));
#3519=DIRECTION('center_axis',(0.,-2.22044604925E-16,-1.));
#3520=DIRECTION('ref_axis',(-1.157592540342E-11,-1.,2.22044604925E-16));
#3521=DIRECTION('center_axis',(0.,0.,-1.));
#3522=DIRECTION('ref_axis',(1.,0.,0.));
#3523=DIRECTION('',(0.,0.,1.));
#3524=DIRECTION('',(0.,0.,1.));
#3525=DIRECTION('center_axis',(0.,1.,0.));
#3526=DIRECTION('ref_axis',(1.,0.,0.));
#3527=DIRECTION('',(0.,0.,1.));
#3528=DIRECTION('center_axis',(0.,1.,0.));
#3529=DIRECTION('ref_axis',(1.,0.,0.));
#3530=DIRECTION('',(0.,0.,1.));
#3531=DIRECTION('center_axis',(0.,0.,-1.));
#3532=DIRECTION('ref_axis',(-1.,-1.33392152170967E-12,0.));
#3533=DIRECTION('center_axis',(-1.,0.,-2.22044604925E-16));
#3534=DIRECTION('ref_axis',(-2.22044604925E-16,1.22464679914735E-16,1.));
#3535=DIRECTION('',(1.,0.,2.22044604925E-16));
#3536=DIRECTION('',(1.,0.,2.22044604925E-16));
#3537=DIRECTION('center_axis',(-1.,0.,0.));
#3538=DIRECTION('ref_axis',(0.,-1.,-2.22044604925E-16));
#3539=DIRECTION('center_axis',(0.,1.,0.));
#3540=DIRECTION('ref_axis',(2.22044604925E-16,0.,-1.));
#3541=DIRECTION('',(1.,0.,2.22044604925E-16));
#3542=DIRECTION('',(-2.22044604925E-16,0.,1.));
#3543=DIRECTION('center_axis',(0.,1.,0.));
#3544=DIRECTION('ref_axis',(2.22044604925E-16,0.,-1.));
#3545=DIRECTION('',(1.,0.,2.22044604925E-16));
#3546=DIRECTION('',(2.22044604925E-16,0.,-1.));
#3547=DIRECTION('center_axis',(-1.,0.,-2.22044604925E-16));
#3548=DIRECTION('ref_axis',(2.22044604925E-16,0.,-1.));
#3549=DIRECTION('center_axis',(-1.,0.,0.));
#3550=DIRECTION('ref_axis',(0.,1.,2.22044604925E-16));
#3551=DIRECTION('center_axis',(-0.577350269189626,0.577350269189626,0.577350269189626));
#3552=DIRECTION('ref_axis',(0.707106781186548,0.707106781186547,1.38777878078056E-16));
#3553=DIRECTION('center_axis',(0.577350269189626,0.577350269189626,-0.577350269189626));
#3554=DIRECTION('ref_axis',(8.32667268468335E-17,0.707106781186547,0.707106781186548));
#3555=DIRECTION('center_axis',(1.,0.,0.));
#3556=DIRECTION('ref_axis',(0.,-2.22044604925E-16,-1.));
#3557=DIRECTION('',(2.22044604925E-16,1.094764425254E-47,-1.));
#3558=DIRECTION('',(0.,1.,-1.094764425254E-47));
#3559=DIRECTION('',(-2.22044604925E-16,-1.094764425254E-47,1.));
#3560=DIRECTION('',(0.,-1.,1.094764425254E-47));
#3561=DIRECTION('',(2.22044604925E-16,1.094764425254E-47,-1.));
#3562=DIRECTION('',(0.,1.,-1.094764425254E-47));
#3563=DIRECTION('',(-2.22044604925E-16,-1.094764425254E-47,1.));
#3564=DIRECTION('',(0.,-1.,1.094764425254E-47));
#3565=DIRECTION('center_axis',(-1.,0.,0.));
#3566=DIRECTION('ref_axis',(0.,1.,2.22044604925E-16));
#3567=DIRECTION('',(2.22044604925E-16,0.,-1.));
#3568=DIRECTION('center_axis',(-1.,0.,0.));
#3569=DIRECTION('ref_axis',(0.,-1.,-2.22044604925E-16));
#3570=DIRECTION('',(-2.22044604925E-16,0.,1.));
#3571=DIRECTION('center_axis',(0.577350269189626,-0.577350269189626,0.577350269189626));
#3572=DIRECTION('ref_axis',(-0.707106781186549,-3.46944695195139E-15,0.707106781186546));
#3573=DIRECTION('center_axis',(0.577350269189626,0.577350269189626,0.577350269189626));
#3574=DIRECTION('ref_axis',(-0.707106781186548,0.707106781186547,5.82867087927834E-16));
#3575=DIRECTION('center_axis',(0.,0.,1.));
#3576=DIRECTION('ref_axis',(1.,0.,0.));
#3577=DIRECTION('center_axis',(0.,0.,1.));
#3578=DIRECTION('ref_axis',(1.,0.,0.));
#3579=DIRECTION('center_axis',(-1.,0.,0.));
#3580=DIRECTION('ref_axis',(0.,-1.,-2.22044604925E-16));
#3581=DIRECTION('',(0.707106781186548,0.707106781186548,1.570092458683E-16));
#3582=DIRECTION('',(0.707106781186548,-0.707106781186548,-2.43604851491744E-16));
#3583=DIRECTION('center_axis',(0.707106781186548,-0.707106781186548,-7.86585309083397E-19));
#3584=DIRECTION('ref_axis',(1.10466102656515E-16,1.11578502268585E-16,-1.));
#3585=DIRECTION('',(0.707106781186548,0.707106781186548,2.43604851491744E-16));
#3586=DIRECTION('center_axis',(-0.707106781186548,-0.707106781186548,-7.86585309083397E-19));
#3587=DIRECTION('ref_axis',(1.11578502268585E-16,-1.10466102656515E-16,
-1.));
#3588=DIRECTION('',(0.707106781186548,-0.707106781186548,-1.570092458683E-16));
#3589=DIRECTION('center_axis',(-1.,0.,0.));
#3590=DIRECTION('ref_axis',(0.,1.,2.22044604925E-16));
#3591=DIRECTION('center_axis',(0.,-1.,0.));
#3592=DIRECTION('ref_axis',(2.22044604925E-16,0.,-1.));
#3593=DIRECTION('',(-1.,0.,-2.22044604925E-16));
#3594=DIRECTION('',(2.22044604925E-16,1.094764425254E-47,-1.));
#3595=DIRECTION('',(-1.,0.,-2.22044604925E-16));
#3596=DIRECTION('center_axis',(2.22044604925E-16,0.,-1.));
#3597=DIRECTION('ref_axis',(0.,1.,0.));
#3598=DIRECTION('',(0.,1.,-1.094764425254E-47));
#3599=DIRECTION('',(-1.,0.,-2.22044604925E-16));
#3600=DIRECTION('center_axis',(0.,1.,0.));
#3601=DIRECTION('ref_axis',(-2.22044604925E-16,0.,1.));
#3602=DIRECTION('',(-2.22044604925E-16,-1.094764425254E-47,1.));
#3603=DIRECTION('',(-1.,0.,-2.22044604925E-16));
#3604=DIRECTION('center_axis',(-2.22044604925E-16,0.,1.));
#3605=DIRECTION('ref_axis',(0.,-1.,0.));
#3606=DIRECTION('',(0.,-1.,1.094764425254E-47));
#3607=DIRECTION('center_axis',(0.,-1.,0.));
#3608=DIRECTION('ref_axis',(2.22044604925E-16,0.,-1.));
#3609=DIRECTION('',(-1.,0.,-2.22044604925E-16));
#3610=DIRECTION('',(2.22044604925E-16,1.094764425254E-47,-1.));
#3611=DIRECTION('',(-1.,0.,-2.22044604925E-16));
#3612=DIRECTION('center_axis',(2.22044604925E-16,0.,-1.));
#3613=DIRECTION('ref_axis',(0.,1.,0.));
#3614=DIRECTION('',(0.,1.,-1.094764425254E-47));
#3615=DIRECTION('',(-1.,0.,-2.22044604925E-16));
#3616=DIRECTION('center_axis',(0.,1.,0.));
#3617=DIRECTION('ref_axis',(-2.22044604925E-16,0.,1.));
#3618=DIRECTION('',(-2.22044604925E-16,-1.094764425254E-47,1.));
#3619=DIRECTION('',(-1.,0.,-2.22044604925E-16));
#3620=DIRECTION('center_axis',(-2.22044604925E-16,0.,1.));
#3621=DIRECTION('ref_axis',(0.,-1.,0.));
#3622=DIRECTION('',(0.,-1.,1.094764425254E-47));
#3623=DIRECTION('center_axis',(1.,0.,0.));
#3624=DIRECTION('ref_axis',(0.,0.,1.));
#3625=DIRECTION('center_axis',(1.,0.,0.));
#3626=DIRECTION('ref_axis',(0.,0.,1.));
#3627=DIRECTION('axis',(0.,0.,1.));
#3628=DIRECTION('refdir',(1.,0.,0.));
#3629=DIRECTION('axis',(0.,0.,1.));
#3630=DIRECTION('refdir',(1.,0.,0.));
#3631=DIRECTION('',(0.,0.,1.));
#3632=DIRECTION('',(1.,0.,0.));
#3633=DIRECTION('',(0.,0.,1.));
#3634=DIRECTION('',(1.,0.,0.));
#3635=DIRECTION('',(0.,0.,1.));
#3636=DIRECTION('',(3.33066907387547E-16,-1.,0.));
#3637=DIRECTION('',(0.,2.77555756156289E-17,1.));
#3638=DIRECTION('',(-5.55111512312578E-17,-1.,2.77555756156289E-17));
#3639=DIRECTION('',(0.,1.,-1.33226762955019E-15));
#3640=DIRECTION('',(1.,0.,-1.72355778614779E-49));
#3641=DIRECTION('',(-1.,-2.22044604925032E-16,1.91513471747839E-15));
#3642=DIRECTION('',(-2.22044604925033E-16,1.,-7.63278329429791E-16));
#3643=DIRECTION('',(-3.4536943032939E-14,-1.,-3.13638004456607E-15));
#3644=DIRECTION('',(-1.,3.42732650645905E-14,9.64976197159631E-28));
#3645=DIRECTION('',(1.96403704290817E-29,-1.,-9.20097331658098E-15));
#3646=DIRECTION('',(1.,2.28375232061482E-28,-2.23848717340047E-14));
#3647=DIRECTION('',(6.3108872417681E-30,-2.22044604925031E-16,1.));
#3648=DIRECTION('',(-3.6498581934552E-14,1.,2.22044604925031E-16));
#3649=DIRECTION('',(0.,0.,1.));
#3650=DIRECTION('',(-1.74305014866149E-14,-1.,0.));
#3651=DIRECTION('',(-2.77555756156289E-16,6.1629758220397E-32,0.999999999999999));
#3652=DIRECTION('',(-7.105427357601E-15,-1.,-2.00913011798477E-30));
#3653=DIRECTION('',(5.55111512312578E-17,1.23259516440783E-32,1.));
#3654=DIRECTION('',(-7.89646126264642E-14,1.,4.37109060178126E-30));
#3655=DIRECTION('',(9.24649246059063E-13,4.13002965160558E-14,-0.999999999999995));
#3656=DIRECTION('',(1.60982338581466E-15,0.999999999999998,4.14668299697497E-14));
#3657=DIRECTION('',(5.24050004100092E-12,-1.50220253942464E-16,-0.999999999999998));
#3658=DIRECTION('',(3.04714586896182E-13,-1.,1.5022025554148E-16));
#3659=DIRECTION('center_axis',(0.,0.,1.));
#3660=DIRECTION('ref_axis',(1.,0.,0.));
#3661=CARTESIAN_POINT('',(0.,0.,0.));
#3662=CARTESIAN_POINT('',(0.,0.,0.));
#3663=CARTESIAN_POINT('',(0.,0.,0.));
#3664=CARTESIAN_POINT('',(0.,0.,0.));
#3665=CARTESIAN_POINT('Origin',(-10.,250.,3.));
#3666=CARTESIAN_POINT('',(-10.,250.,3.));
#3667=CARTESIAN_POINT('',(-10.,250.,9.));
#3668=CARTESIAN_POINT('',(-10.,250.,3.));
#3669=CARTESIAN_POINT('',(-10.,-100.,3.00000000000008));
#3670=CARTESIAN_POINT('',(-10.,250.,3.));
#3671=CARTESIAN_POINT('',(-10.,-100.,9.00000000000008));
#3672=CARTESIAN_POINT('',(-10.,-100.,1.50000000000003));
#3673=CARTESIAN_POINT('',(-10.,250.,9.));
#3674=CARTESIAN_POINT('Origin',(-3.262632445176E-16,250.,-5.684341886081E-14));
#3675=CARTESIAN_POINT('',(-9.,250.,10.));
#3676=CARTESIAN_POINT('Origin',(-9.,250.,9.));
#3677=CARTESIAN_POINT('',(-3.,250.,10.));
#3678=CARTESIAN_POINT('',(-10.,250.,10.));
#3679=CARTESIAN_POINT('',(-3.,250.,8.));
#3680=CARTESIAN_POINT('',(-3.,250.,10.));
#3681=CARTESIAN_POINT('',(-6.,250.,8.));
#3682=CARTESIAN_POINT('',(-3.,250.,8.));
#3683=CARTESIAN_POINT('',(-6.,250.,6.883883476483));
#3684=CARTESIAN_POINT('',(-6.,250.,8.));
#3685=CARTESIAN_POINT('',(-3.116116523517,250.,4.));
#3686=CARTESIAN_POINT('',(-6.,250.,6.883883476483));
#3687=CARTESIAN_POINT('',(-0.25,250.,4.));
#3688=CARTESIAN_POINT('',(-3.116116523517,250.,4.));
#3689=CARTESIAN_POINT('',(0.,250.,3.75));
#3690=CARTESIAN_POINT('',(-0.25,250.,4.));
#3691=CARTESIAN_POINT('',(0.25,250.,4.));
#3692=CARTESIAN_POINT('',(0.,250.,3.75));
#3693=CARTESIAN_POINT('',(3.116116523517,250.,4.));
#3694=CARTESIAN_POINT('',(0.25,250.,4.));
#3695=CARTESIAN_POINT('',(6.,250.,6.883883476483));
#3696=CARTESIAN_POINT('',(3.116116523517,250.,4.));
#3697=CARTESIAN_POINT('',(6.,250.,8.));
#3698=CARTESIAN_POINT('',(6.,250.,6.883883476483));
#3699=CARTESIAN_POINT('',(3.,250.,8.));
#3700=CARTESIAN_POINT('',(6.,250.,8.));
#3701=CARTESIAN_POINT('',(3.,250.,10.));
#3702=CARTESIAN_POINT('',(3.,250.,8.));
#3703=CARTESIAN_POINT('',(9.,250.,10.));
#3704=CARTESIAN_POINT('',(3.,250.,10.));
#3705=CARTESIAN_POINT('',(10.,250.,9.));
#3706=CARTESIAN_POINT('Origin',(9.,250.,9.));
#3707=CARTESIAN_POINT('',(10.,250.,3.));
#3708=CARTESIAN_POINT('',(10.,250.,10.));
#3709=CARTESIAN_POINT('',(8.,250.,3.));
#3710=CARTESIAN_POINT('',(8.,250.,3.));
#3711=CARTESIAN_POINT('',(8.,250.,6.));
#3712=CARTESIAN_POINT('',(8.,250.,6.));
#3713=CARTESIAN_POINT('',(6.883883476483,250.,6.));
#3714=CARTESIAN_POINT('',(6.883883476483,250.,6.));
#3715=CARTESIAN_POINT('',(4.,250.,3.116116523517));
#3716=CARTESIAN_POINT('',(4.,250.,3.116116523517));
#3717=CARTESIAN_POINT('',(4.,250.,0.25));
#3718=CARTESIAN_POINT('',(4.,250.,0.25));
#3719=CARTESIAN_POINT('',(3.75,250.,-5.551115123126E-14));
#3720=CARTESIAN_POINT('',(4.,250.,0.25));
#3721=CARTESIAN_POINT('',(4.,250.,-0.25));
#3722=CARTESIAN_POINT('',(3.75,250.,-5.684341886081E-14));
#3723=CARTESIAN_POINT('',(4.,250.,-3.116116523517));
#3724=CARTESIAN_POINT('',(4.,250.,-3.116116523517));
#3725=CARTESIAN_POINT('',(6.883883476483,250.,-6.));
#3726=CARTESIAN_POINT('',(6.883883476483,250.,-6.));
#3727=CARTESIAN_POINT('',(8.,250.,-6.));
#3728=CARTESIAN_POINT('',(8.,250.,-6.));
#3729=CARTESIAN_POINT('',(8.,250.,-3.));
#3730=CARTESIAN_POINT('',(8.,250.,-3.));
#3731=CARTESIAN_POINT('',(10.,250.,-3.));
#3732=CARTESIAN_POINT('',(10.,250.,-3.));
#3733=CARTESIAN_POINT('',(10.,250.,-9.));
#3734=CARTESIAN_POINT('',(10.,250.,-3.));
#3735=CARTESIAN_POINT('',(9.,250.,-10.));
#3736=CARTESIAN_POINT('Origin',(9.,250.,-9.));
#3737=CARTESIAN_POINT('',(3.,250.,-10.));
#3738=CARTESIAN_POINT('',(10.,250.,-10.));
#3739=CARTESIAN_POINT('',(3.,250.,-8.));
#3740=CARTESIAN_POINT('',(3.,250.,-8.));
#3741=CARTESIAN_POINT('',(6.,250.,-8.));
#3742=CARTESIAN_POINT('',(6.,250.,-8.));
#3743=CARTESIAN_POINT('',(6.,250.,-6.883883476483));
#3744=CARTESIAN_POINT('',(6.,250.,-6.883883476483));
#3745=CARTESIAN_POINT('',(3.116116523517,250.,-4.));
#3746=CARTESIAN_POINT('',(3.116116523517,250.,-4.));
#3747=CARTESIAN_POINT('',(0.25,250.,-4.));
#3748=CARTESIAN_POINT('',(0.25,250.,-4.));
#3749=CARTESIAN_POINT('',(0.,250.,-3.75));
#3750=CARTESIAN_POINT('',(0.,250.,-3.75));
#3751=CARTESIAN_POINT('',(-0.25,250.,-4.));
#3752=CARTESIAN_POINT('',(-0.25,250.,-4.));
#3753=CARTESIAN_POINT('',(-3.116116523517,250.,-4.));
#3754=CARTESIAN_POINT('',(-3.116116523517,250.,-4.));
#3755=CARTESIAN_POINT('',(-6.,250.,-6.883883476483));
#3756=CARTESIAN_POINT('',(-6.,250.,-6.883883476483));
#3757=CARTESIAN_POINT('',(-6.,250.,-8.));
#3758=CARTESIAN_POINT('',(-6.,250.,-8.));
#3759=CARTESIAN_POINT('',(-3.,250.,-8.));
#3760=CARTESIAN_POINT('',(-3.,250.,-8.));
#3761=CARTESIAN_POINT('',(-3.,250.,-10.));
#3762=CARTESIAN_POINT('',(-3.,250.,-10.));
#3763=CARTESIAN_POINT('',(-9.,250.,-10.));
#3764=CARTESIAN_POINT('',(-3.,250.,-10.));
#3765=CARTESIAN_POINT('',(-10.,250.,-9.));
#3766=CARTESIAN_POINT('Origin',(-9.,250.,-9.));
#3767=CARTESIAN_POINT('',(-10.,250.,-3.));
#3768=CARTESIAN_POINT('',(-10.,250.,-10.));
#3769=CARTESIAN_POINT('',(-8.,250.,-3.));
#3770=CARTESIAN_POINT('',(-8.,250.,-3.));
#3771=CARTESIAN_POINT('',(-8.,250.,-6.));
#3772=CARTESIAN_POINT('',(-8.,250.,-6.));
#3773=CARTESIAN_POINT('',(-6.883883476483,250.,-6.));
#3774=CARTESIAN_POINT('',(-6.883883476483,250.,-6.));
#3775=CARTESIAN_POINT('',(-4.,250.,-3.116116523517));
#3776=CARTESIAN_POINT('',(-4.,250.,-3.116116523517));
#3777=CARTESIAN_POINT('',(-4.,250.,-0.25));
#3778=CARTESIAN_POINT('',(-4.,250.,-0.25));
#3779=CARTESIAN_POINT('',(-3.75,250.,-5.551115123126E-14));
#3780=CARTESIAN_POINT('',(-3.75,250.,-5.684341886081E-14));
#3781=CARTESIAN_POINT('',(-4.,250.,0.25));
#3782=CARTESIAN_POINT('',(-4.,250.,0.25));
#3783=CARTESIAN_POINT('',(-4.,250.,3.116116523517));
#3784=CARTESIAN_POINT('',(-4.,250.,3.116116523517));
#3785=CARTESIAN_POINT('',(-6.883883476483,250.,6.));
#3786=CARTESIAN_POINT('',(-6.883883476483,250.,6.));
#3787=CARTESIAN_POINT('',(-8.,250.,6.));
#3788=CARTESIAN_POINT('',(-8.,250.,6.));
#3789=CARTESIAN_POINT('',(-8.,250.,3.));
#3790=CARTESIAN_POINT('',(-8.,250.,3.));
#3791=CARTESIAN_POINT('',(-10.,250.,3.));
#3792=CARTESIAN_POINT('',(-2.1,250.,-5.52539754034391E-14));
#3793=CARTESIAN_POINT('Origin',(0.,250.,-5.684341886081E-14));
#3794=CARTESIAN_POINT('Origin',(-9.,250.,9.));
#3795=CARTESIAN_POINT('',(-9.,-100.,10.0000000000001));
#3796=CARTESIAN_POINT('Origin',(-9.,-100.,9.00000000000008));
#3797=CARTESIAN_POINT('',(-9.,250.,10.));
#3798=CARTESIAN_POINT('Origin',(-10.,250.,3.));
#3799=CARTESIAN_POINT('',(-8.,-100.,3.00000000000008));
#3800=CARTESIAN_POINT('',(-8.,250.,3.));
#3801=CARTESIAN_POINT('',(-5.,-100.,3.00000000000008));
#3802=CARTESIAN_POINT('Origin',(-3.262632445176E-16,-100.,5.684341886081E-14));
#3803=CARTESIAN_POINT('',(-8.,-100.,6.00000000000008));
#3804=CARTESIAN_POINT('',(-8.,-100.,1.50000000000003));
#3805=CARTESIAN_POINT('',(-6.883883476483,-100.,6.00000000000008));
#3806=CARTESIAN_POINT('',(-4.,-100.,6.00000000000008));
#3807=CARTESIAN_POINT('',(-4.,-100.,3.11611652351708));
#3808=CARTESIAN_POINT('',(-3.66291260736223,-100.,2.7790291308793));
#3809=CARTESIAN_POINT('',(-4.,-100.,0.250000000000078));
#3810=CARTESIAN_POINT('',(-4.,-100.,1.55805826175853));
#3811=CARTESIAN_POINT('',(-3.75,-100.,2.220446049249E-14));
#3812=CARTESIAN_POINT('',(-2.93749999999998,-100.,-0.812499999999947));
#3813=CARTESIAN_POINT('',(-4.,-100.,-0.249999999999922));
#3814=CARTESIAN_POINT('',(-2.81250000000001,-100.,0.937500000000011));
#3815=CARTESIAN_POINT('',(-4.,-100.,-3.11611652351692));
#3816=CARTESIAN_POINT('',(-4.,-100.,-0.124999999999972));
#3817=CARTESIAN_POINT('',(-6.883883476483,-100.,-5.99999999999992));
#3818=CARTESIAN_POINT('',(-2.22097086912077,-100.,-1.3370873926377));
#3819=CARTESIAN_POINT('',(-8.,-100.,-5.99999999999992));
#3820=CARTESIAN_POINT('',(-3.4419417382415,-100.,-5.99999999999992));
#3821=CARTESIAN_POINT('',(-8.,-100.,-2.99999999999992));
#3822=CARTESIAN_POINT('',(-8.,-100.,-2.99999999999997));
#3823=CARTESIAN_POINT('',(-10.,-100.,-2.99999999999992));
#3824=CARTESIAN_POINT('',(-4.,-100.,-2.99999999999992));
#3825=CARTESIAN_POINT('',(-10.,-100.,-8.99999999999992));
#3826=CARTESIAN_POINT('',(-10.,-100.,-4.99999999999997));
#3827=CARTESIAN_POINT('',(-9.,-100.,-9.99999999999992));
#3828=CARTESIAN_POINT('Origin',(-9.,-100.,-8.99999999999992));
#3829=CARTESIAN_POINT('',(-3.,-100.,-9.99999999999992));
#3830=CARTESIAN_POINT('',(-1.5,-100.,-9.99999999999992));
#3831=CARTESIAN_POINT('',(-3.,-100.,-7.99999999999992));
#3832=CARTESIAN_POINT('',(-3.,-100.,-4.99999999999997));
#3833=CARTESIAN_POINT('',(-6.,-100.,-7.99999999999992));
#3834=CARTESIAN_POINT('',(-1.5,-100.,-7.99999999999992));
#3835=CARTESIAN_POINT('',(-6.,-100.,-6.88388347648292));
#3836=CARTESIAN_POINT('',(-6.,-100.,-3.99999999999997));
#3837=CARTESIAN_POINT('',(-3.116116523517,-100.,-3.99999999999992));
#3838=CARTESIAN_POINT('',(-2.77902913087928,-100.,-3.6629126073622));
#3839=CARTESIAN_POINT('',(-0.25,-100.,-3.99999999999992));
#3840=CARTESIAN_POINT('',(-1.5580582617585,-100.,-3.99999999999992));
#3841=CARTESIAN_POINT('',(0.,-100.,-3.74999999999992));
#3842=CARTESIAN_POINT('',(0.812499999999975,-100.,-2.93749999999995));
#3843=CARTESIAN_POINT('',(0.25,-100.,-3.99999999999992));
#3844=CARTESIAN_POINT('',(-0.937499999999975,-100.,-2.81249999999995));
#3845=CARTESIAN_POINT('',(3.116116523517,-100.,-3.99999999999992));
#3846=CARTESIAN_POINT('',(0.125,-100.,-3.99999999999992));
#3847=CARTESIAN_POINT('',(6.,-100.,-6.88388347648292));
#3848=CARTESIAN_POINT('',(1.33708739263777,-100.,-2.2209708691207));
#3849=CARTESIAN_POINT('',(6.,-100.,-7.99999999999992));
#3850=CARTESIAN_POINT('',(6.,-100.,-3.44194173824147));
#3851=CARTESIAN_POINT('',(3.,-100.,-7.99999999999992));
#3852=CARTESIAN_POINT('',(3.,-100.,-7.99999999999992));
#3853=CARTESIAN_POINT('',(3.,-100.,-9.99999999999992));
#3854=CARTESIAN_POINT('',(3.,-100.,-3.99999999999997));
#3855=CARTESIAN_POINT('',(9.,-100.,-9.99999999999992));
#3856=CARTESIAN_POINT('',(5.,-100.,-9.99999999999992));
#3857=CARTESIAN_POINT('',(10.,-100.,-8.99999999999992));
#3858=CARTESIAN_POINT('Origin',(9.,-100.,-8.99999999999992));
#3859=CARTESIAN_POINT('',(10.,-100.,-2.99999999999992));
#3860=CARTESIAN_POINT('',(10.,-100.,-1.49999999999997));
#3861=CARTESIAN_POINT('',(8.,-100.,-2.99999999999992));
#3862=CARTESIAN_POINT('',(5.,-100.,-2.99999999999992));
#3863=CARTESIAN_POINT('',(8.,-100.,-5.99999999999992));
#3864=CARTESIAN_POINT('',(8.,-100.,-1.49999999999997));
#3865=CARTESIAN_POINT('',(6.883883476483,-100.,-5.99999999999992));
#3866=CARTESIAN_POINT('',(4.,-100.,-5.99999999999992));
#3867=CARTESIAN_POINT('',(4.,-100.,-3.11611652351692));
#3868=CARTESIAN_POINT('',(3.66291260736227,-100.,-2.7790291308792));
#3869=CARTESIAN_POINT('',(4.,-100.,-0.249999999999922));
#3870=CARTESIAN_POINT('',(4.,-100.,-1.55805826175847));
#3871=CARTESIAN_POINT('',(3.75,-100.,2.220446049249E-14));
#3872=CARTESIAN_POINT('',(2.81250000000001,-100.,0.937500000000011));
#3873=CARTESIAN_POINT('',(4.,-100.,0.250000000000078));
#3874=CARTESIAN_POINT('',(2.93749999999998,-100.,-0.812499999999947));
#3875=CARTESIAN_POINT('',(4.,-100.,3.11611652351708));
#3876=CARTESIAN_POINT('',(4.,-100.,0.125000000000028));
#3877=CARTESIAN_POINT('',(6.883883476483,-100.,6.00000000000008));
#3878=CARTESIAN_POINT('',(2.22097086912073,-100.,1.3370873926378));
#3879=CARTESIAN_POINT('',(8.,-100.,6.00000000000008));
#3880=CARTESIAN_POINT('',(3.4419417382415,-100.,6.00000000000008));
#3881=CARTESIAN_POINT('',(8.,-100.,3.00000000000008));
#3882=CARTESIAN_POINT('',(8.,-100.,3.00000000000003));
#3883=CARTESIAN_POINT('',(10.,-100.,3.00000000000008));
#3884=CARTESIAN_POINT('',(4.,-100.,3.00000000000008));
#3885=CARTESIAN_POINT('',(10.,-100.,9.00000000000008));
#3886=CARTESIAN_POINT('',(10.,-100.,5.00000000000003));
#3887=CARTESIAN_POINT('',(9.,-100.,10.0000000000001));
#3888=CARTESIAN_POINT('Origin',(9.,-100.,9.00000000000008));
#3889=CARTESIAN_POINT('',(3.,-100.,10.0000000000001));
#3890=CARTESIAN_POINT('',(1.5,-100.,10.0000000000001));
#3891=CARTESIAN_POINT('',(3.,-100.,8.00000000000008));
#3892=CARTESIAN_POINT('',(3.,-100.,4.00000000000003));
#3893=CARTESIAN_POINT('',(6.,-100.,8.00000000000008));
#3894=CARTESIAN_POINT('',(3.,-100.,8.00000000000008));
#3895=CARTESIAN_POINT('',(6.,-100.,6.88388347648308));
#3896=CARTESIAN_POINT('',(6.,-100.,3.44194173824153));
#3897=CARTESIAN_POINT('',(3.116116523517,-100.,4.00000000000008));
#3898=CARTESIAN_POINT('',(1.33708739263773,-100.,2.2209708691208));
#3899=CARTESIAN_POINT('',(0.25,-100.,4.00000000000008));
#3900=CARTESIAN_POINT('',(0.125,-100.,4.00000000000008));
#3901=CARTESIAN_POINT('',(0.,-100.,3.75000000000008));
#3902=CARTESIAN_POINT('',(-0.937500000000025,-100.,2.81250000000005));
#3903=CARTESIAN_POINT('',(-0.25,-100.,4.00000000000008));
#3904=CARTESIAN_POINT('',(0.812500000000025,-100.,2.93750000000005));
#3905=CARTESIAN_POINT('',(-3.116116523517,-100.,4.00000000000008));
#3906=CARTESIAN_POINT('',(-1.5580582617585,-100.,4.00000000000008));
#3907=CARTESIAN_POINT('',(-6.,-100.,6.88388347648308));
#3908=CARTESIAN_POINT('',(-2.77902913087923,-100.,3.6629126073623));
#3909=CARTESIAN_POINT('',(-6.,-100.,8.00000000000008));
#3910=CARTESIAN_POINT('',(-6.,-100.,4.00000000000003));
#3911=CARTESIAN_POINT('',(-3.,-100.,8.00000000000008));
#3912=CARTESIAN_POINT('',(-1.5,-100.,8.00000000000008));
#3913=CARTESIAN_POINT('',(-3.,-100.,10.0000000000001));
#3914=CARTESIAN_POINT('',(-3.,-100.,5.00000000000003));
#3915=CARTESIAN_POINT('',(-5.,-100.,10.0000000000001));
#3916=CARTESIAN_POINT('',(-2.1,-100.,2.24616363203109E-14));
#3917=CARTESIAN_POINT('Origin',(0.,-100.,2.220446049249E-14));
#3918=CARTESIAN_POINT('Origin',(-10.,250.,10.));
#3919=CARTESIAN_POINT('',(-3.,250.,10.));
#3920=CARTESIAN_POINT('Origin',(-8.,250.,3.));
#3921=CARTESIAN_POINT('',(-8.,250.,6.));
#3922=CARTESIAN_POINT('Origin',(-3.,250.,10.));
#3923=CARTESIAN_POINT('',(-3.,250.,8.));
#3924=CARTESIAN_POINT('Origin',(-8.,250.,6.));
#3925=CARTESIAN_POINT('',(-6.883883476483,250.,6.));
#3926=CARTESIAN_POINT('Origin',(-3.,250.,8.));
#3927=CARTESIAN_POINT('',(-6.,250.,8.));
#3928=CARTESIAN_POINT('Origin',(-6.883883476483,250.,6.));
#3929=CARTESIAN_POINT('',(-4.,250.,3.116116523517));
#3930=CARTESIAN_POINT('Origin',(-6.,250.,8.));
#3931=CARTESIAN_POINT('',(-6.,250.,6.883883476483));
#3932=CARTESIAN_POINT('Origin',(-4.,250.,3.116116523517));
#3933=CARTESIAN_POINT('',(-4.,250.,0.25));
#3934=CARTESIAN_POINT('Origin',(-6.,250.,6.883883476483));
#3935=CARTESIAN_POINT('',(-3.116116523517,250.,4.));
#3936=CARTESIAN_POINT('Origin',(-4.,250.,0.25));
#3937=CARTESIAN_POINT('',(-3.75,250.,-5.551115123126E-14));
#3938=CARTESIAN_POINT('Origin',(-3.116116523517,250.,4.));
#3939=CARTESIAN_POINT('',(-0.25,250.,4.));
#3940=CARTESIAN_POINT('Origin',(-3.75,250.,-5.551115123126E-14));
#3941=CARTESIAN_POINT('',(-4.,250.,-0.25));
#3942=CARTESIAN_POINT('Origin',(-0.25,250.,4.));
#3943=CARTESIAN_POINT('',(0.,250.,3.75));
#3944=CARTESIAN_POINT('Origin',(-4.,250.,-0.25));
#3945=CARTESIAN_POINT('',(-4.,250.,-3.116116523517));
#3946=CARTESIAN_POINT('Origin',(0.,250.,3.75));
#3947=CARTESIAN_POINT('',(0.25,250.,4.));
#3948=CARTESIAN_POINT('Origin',(-4.,250.,-3.116116523517));
#3949=CARTESIAN_POINT('',(-6.883883476483,250.,-6.));
#3950=CARTESIAN_POINT('Origin',(0.25,250.,4.));
#3951=CARTESIAN_POINT('',(3.116116523517,250.,4.));
#3952=CARTESIAN_POINT('Origin',(-6.883883476483,250.,-6.));
#3953=CARTESIAN_POINT('',(-8.,250.,-6.));
#3954=CARTESIAN_POINT('Origin',(3.116116523517,250.,4.));
#3955=CARTESIAN_POINT('',(6.,250.,6.883883476483));
#3956=CARTESIAN_POINT('Origin',(-8.,250.,-6.));
#3957=CARTESIAN_POINT('',(-8.,250.,-3.));
#3958=CARTESIAN_POINT('Origin',(6.,250.,6.883883476483));
#3959=CARTESIAN_POINT('',(6.,250.,8.));
#3960=CARTESIAN_POINT('Origin',(-8.,250.,-3.));
#3961=CARTESIAN_POINT('',(-10.,250.,-3.));
#3962=CARTESIAN_POINT('Origin',(6.,250.,8.));
#3963=CARTESIAN_POINT('',(3.,250.,8.));
#3964=CARTESIAN_POINT('Origin',(-10.,250.,-10.));
#3965=CARTESIAN_POINT('',(-10.,250.,-9.));
#3966=CARTESIAN_POINT('Origin',(3.,250.,8.));
#3967=CARTESIAN_POINT('',(3.,250.,10.));
#3968=CARTESIAN_POINT('Origin',(-9.,250.,-9.));
#3969=CARTESIAN_POINT('',(-9.,250.,-10.));
#3970=CARTESIAN_POINT('Origin',(3.,250.,10.));
#3971=CARTESIAN_POINT('',(9.,250.,10.));
#3972=CARTESIAN_POINT('Origin',(-3.,250.,-10.));
#3973=CARTESIAN_POINT('',(-3.,250.,-10.));
#3974=CARTESIAN_POINT('Origin',(9.,250.,9.));
#3975=CARTESIAN_POINT('',(10.,250.,9.));
#3976=CARTESIAN_POINT('Origin',(-3.,250.,-10.));
#3977=CARTESIAN_POINT('',(-3.,250.,-8.));
#3978=CARTESIAN_POINT('Origin',(10.,250.,10.));
#3979=CARTESIAN_POINT('',(10.,250.,3.));
#3980=CARTESIAN_POINT('Origin',(-3.,250.,-8.));
#3981=CARTESIAN_POINT('',(-6.,250.,-8.));
#3982=CARTESIAN_POINT('Origin',(8.,250.,3.));
#3983=CARTESIAN_POINT('',(8.,250.,3.));
#3984=CARTESIAN_POINT('Origin',(-6.,250.,-8.));
#3985=CARTESIAN_POINT('',(-6.,250.,-6.883883476483));
#3986=CARTESIAN_POINT('Origin',(8.,250.,6.));
#3987=CARTESIAN_POINT('',(8.,250.,6.));
#3988=CARTESIAN_POINT('Origin',(-6.,250.,-6.883883476483));
#3989=CARTESIAN_POINT('',(-3.116116523517,250.,-4.));
#3990=CARTESIAN_POINT('Origin',(6.883883476483,250.,6.));
#3991=CARTESIAN_POINT('',(6.883883476483,250.,6.));
#3992=CARTESIAN_POINT('Origin',(-3.116116523517,250.,-4.));
#3993=CARTESIAN_POINT('',(-0.25,250.,-4.));
#3994=CARTESIAN_POINT('Origin',(4.,250.,3.116116523517));
#3995=CARTESIAN_POINT('',(4.,250.,3.116116523517));
#3996=CARTESIAN_POINT('Origin',(-0.25,250.,-4.));
#3997=CARTESIAN_POINT('',(0.,250.,-3.75));
#3998=CARTESIAN_POINT('Origin',(4.,250.,0.25));
#3999=CARTESIAN_POINT('',(4.,250.,0.25));
#4000=CARTESIAN_POINT('Origin',(0.,250.,-3.75));
#4001=CARTESIAN_POINT('',(0.25,250.,-4.));
#4002=CARTESIAN_POINT('Origin',(4.,250.,0.25));
#4003=CARTESIAN_POINT('',(3.75,250.,-5.551115123126E-14));
#4004=CARTESIAN_POINT('Origin',(0.25,250.,-4.));
#4005=CARTESIAN_POINT('',(3.116116523517,250.,-4.));
#4006=CARTESIAN_POINT('Origin',(3.75,250.,-5.551115123126E-14));
#4007=CARTESIAN_POINT('',(4.,250.,-0.25));
#4008=CARTESIAN_POINT('Origin',(3.116116523517,250.,-4.));
#4009=CARTESIAN_POINT('',(6.,250.,-6.883883476483));
#4010=CARTESIAN_POINT('Origin',(4.,250.,-3.116116523517));
#4011=CARTESIAN_POINT('',(4.,250.,-3.116116523517));
#4012=CARTESIAN_POINT('Origin',(6.,250.,-6.883883476483));
#4013=CARTESIAN_POINT('',(6.,250.,-8.));
#4014=CARTESIAN_POINT('Origin',(6.883883476483,250.,-6.));
#4015=CARTESIAN_POINT('',(6.883883476483,250.,-6.));
#4016=CARTESIAN_POINT('Origin',(6.,250.,-8.));
#4017=CARTESIAN_POINT('',(3.,250.,-8.));
#4018=CARTESIAN_POINT('Origin',(8.,250.,-6.));
#4019=CARTESIAN_POINT('',(8.,250.,-6.));
#4020=CARTESIAN_POINT('Origin',(3.,250.,-8.));
#4021=CARTESIAN_POINT('',(3.,250.,-10.));
#4022=CARTESIAN_POINT('Origin',(8.,250.,-3.));
#4023=CARTESIAN_POINT('',(8.,250.,-3.));
#4024=CARTESIAN_POINT('Origin',(10.,250.,-10.));
#4025=CARTESIAN_POINT('',(9.,250.,-10.));
#4026=CARTESIAN_POINT('Origin',(10.,250.,-3.));
#4027=CARTESIAN_POINT('',(10.,250.,-3.));
#4028=CARTESIAN_POINT('Origin',(9.,250.,-9.));
#4029=CARTESIAN_POINT('',(10.,250.,-9.));
#4030=CARTESIAN_POINT('Origin',(10.,250.,-3.));
#4031=CARTESIAN_POINT('Origin',(0.,250.,-5.551115123126E-14));
#4032=CARTESIAN_POINT('',(-2.1,250.,-5.52539754034391E-14));
#4033=CARTESIAN_POINT('',(0.,0.,0.));
#4034=CARTESIAN_POINT('',(0.,0.,7.88860905221012E-31));
#4035=CARTESIAN_POINT('',(0.,0.,0.));
#4036=CARTESIAN_POINT('Origin',(20.,8.5,-1.887379141863E-15));
#4037=CARTESIAN_POINT('',(20.,6.573223304703,3.75));
#4038=CARTESIAN_POINT('',(20.,-6.573223304703,3.75));
#4039=CARTESIAN_POINT('',(20.,6.5,3.75));
#4040=CARTESIAN_POINT('',(20.,-6.75,4.));
#4041=CARTESIAN_POINT('',(20.,-6.995093791413,4.34661496387));
#4042=CARTESIAN_POINT('',(20.,-8.25,4.));
#4043=CARTESIAN_POINT('',(20.,8.5,4.));
#4044=CARTESIAN_POINT('',(20.,-8.25,0.25));
#4045=CARTESIAN_POINT('',(20.,-8.25,2.053912595557E-15));
#4046=CARTESIAN_POINT('',(20.,8.25,0.25));
#4047=CARTESIAN_POINT('',(20.,8.5,0.25));
#4048=CARTESIAN_POINT('',(20.,8.25,4.));
#4049=CARTESIAN_POINT('',(20.,8.25,-2.053912595557E-15));
#4050=CARTESIAN_POINT('',(20.,6.75,4.));
#4051=CARTESIAN_POINT('',(20.,8.5,4.));
#4052=CARTESIAN_POINT('',(20.,6.057190958418,3.02022005726));
#4053=CARTESIAN_POINT('Origin',(19.875,6.5,3.875));
#4054=CARTESIAN_POINT('',(19.75,6.573223304703,4.));
#4055=CARTESIAN_POINT('',(19.875,6.573223304703,3.875));
#4056=CARTESIAN_POINT('',(19.75,-6.573223304703,4.));
#4057=CARTESIAN_POINT('',(19.75,6.5,4.));
#4058=CARTESIAN_POINT('',(11.875,-6.573223304703,11.875));
#4059=CARTESIAN_POINT('Origin',(19.911611652352,6.625,3.911611652352));
#4060=CARTESIAN_POINT('',(19.646446609407,6.5,4.));
#4061=CARTESIAN_POINT('',(15.683417510565,3.697715250169,4.));
#4062=CARTESIAN_POINT('',(4.,6.75,20.));
#4063=CARTESIAN_POINT('',(20.,6.75,4.));
#4064=CARTESIAN_POINT('',(3.75,6.573223304703,20.));
#4065=CARTESIAN_POINT('',(9.686886723927,10.771236166328,20.));
#4066=CARTESIAN_POINT('',(4.,6.573223304703,19.75));
#4067=CARTESIAN_POINT('',(11.875,6.573223304703,11.875));
#4068=CARTESIAN_POINT('',(4.,6.5,19.646446609407));
#4069=CARTESIAN_POINT('',(4.,0.728763833672,11.484686151327));
#4070=CARTESIAN_POINT('',(19.823223304703,6.5,3.823223304703));
#4071=CARTESIAN_POINT('Origin',(3.911611652352,-6.625,19.911611652352));
#4072=CARTESIAN_POINT('',(4.,-6.5,19.646446609407));
#4073=CARTESIAN_POINT('',(4.,-6.573223304703,19.75));
#4074=CARTESIAN_POINT('',(4.,-6.666666666667,19.882148869802));
#4075=CARTESIAN_POINT('',(3.75,-6.573223304703,20.));
#4076=CARTESIAN_POINT('',(3.875,-6.573223304703,19.875));
#4077=CARTESIAN_POINT('',(4.,-6.75,20.));
#4078=CARTESIAN_POINT('',(0.34661496387,-4.166666666667,20.));
#4079=CARTESIAN_POINT('',(4.,-6.75,20.));
#4080=CARTESIAN_POINT('',(19.646446609407,-6.5,4.));
#4081=CARTESIAN_POINT('',(10.350084177231,0.07352091615904,4.));
#4082=CARTESIAN_POINT('',(3.823223304703,-6.5,19.823223304703));
#4083=CARTESIAN_POINT('Origin',(20.,8.5,4.));
#4084=CARTESIAN_POINT('',(4.,8.25,20.));
#4085=CARTESIAN_POINT('',(4.,8.5,20.));
#4086=CARTESIAN_POINT('',(20.,8.25,4.));
#4087=CARTESIAN_POINT('Origin',(20.,8.5,4.));
#4088=CARTESIAN_POINT('',(4.,-8.25,20.));
#4089=CARTESIAN_POINT('',(4.,8.5,20.));
#4090=CARTESIAN_POINT('',(20.,-8.25,4.));
#4091=CARTESIAN_POINT('Origin',(19.875,8.375,-2.081668171172E-15));
#4092=CARTESIAN_POINT('',(19.75,8.5,0.25));
#4093=CARTESIAN_POINT('',(19.9375,8.3125,0.25));
#4094=CARTESIAN_POINT('',(19.75,8.5,3.896446609407));
#4095=CARTESIAN_POINT('',(19.75,8.5,-2.109423746788E-15));
#4096=CARTESIAN_POINT('',(19.503388932034,8.746611067966,3.794296960424));
#4097=CARTESIAN_POINT('Origin',(19.875,-8.375,2.081668171172E-15));
#4098=CARTESIAN_POINT('',(19.75,-8.5,0.25));
#4099=CARTESIAN_POINT('',(19.9375,-8.3125,0.25));
#4100=CARTESIAN_POINT('',(19.75,-8.5,3.896446609407));
#4101=CARTESIAN_POINT('',(19.503388932034,-8.746611067966,3.794296960424));
#4102=CARTESIAN_POINT('',(19.75,-8.5,2.109423746788E-15));
#4103=CARTESIAN_POINT('Origin',(19.875,8.5,0.125));
#4104=CARTESIAN_POINT('',(19.75,8.25,-2.202886058021E-15));
#4105=CARTESIAN_POINT('',(19.9375,8.25,0.1875));
#4106=CARTESIAN_POINT('',(19.75,-8.25,1.117951243891E-15));
#4107=CARTESIAN_POINT('',(19.9375,-8.25,0.1875));
#4108=CARTESIAN_POINT('',(19.75,8.5,-1.887379141863E-15));
#4109=CARTESIAN_POINT('Origin',(12.,3.552713678801E-15,4.));
#4110=CARTESIAN_POINT('',(4.,6.5,4.));
#4111=CARTESIAN_POINT('',(4.,6.5,4.));
#4112=CARTESIAN_POINT('',(4.,-6.5,4.));
#4113=CARTESIAN_POINT('',(4.,-6.5,4.));
#4114=CARTESIAN_POINT('',(20.,-6.5,4.));
#4115=CARTESIAN_POINT('',(12.99999999996,3.25,4.));
#4116=CARTESIAN_POINT('',(12.999999999963,-3.25,4.));
#4117=CARTESIAN_POINT('Origin',(12.999999999987,0.,4.));
#4118=CARTESIAN_POINT('',(9.999999999965,-3.25,4.));
#4119=CARTESIAN_POINT('',(12.999999999965,-3.25,4.));
#4120=CARTESIAN_POINT('',(9.999999999953,3.25,4.));
#4121=CARTESIAN_POINT('Origin',(10.,0.,4.));
#4122=CARTESIAN_POINT('',(9.999999999957,3.25,4.));
#4123=CARTESIAN_POINT('Origin',(4.,6.5,20.));
#4124=CARTESIAN_POINT('',(4.,6.5,20.));
#4125=CARTESIAN_POINT('Origin',(4.,-6.5,20.));
#4126=CARTESIAN_POINT('',(4.,6.5,19.75));
#4127=CARTESIAN_POINT('',(4.,-6.5,20.));
#4128=CARTESIAN_POINT('',(4.,-3.25,13.));
#4129=CARTESIAN_POINT('',(4.,3.25,13.));
#4130=CARTESIAN_POINT('Origin',(4.,-2.22044604925E-16,13.));
#4131=CARTESIAN_POINT('',(4.,3.25,10.));
#4132=CARTESIAN_POINT('',(4.,3.25,13.));
#4133=CARTESIAN_POINT('',(4.,-3.25,10.));
#4134=CARTESIAN_POINT('Origin',(4.,-4.440892098501E-16,10.));
#4135=CARTESIAN_POINT('',(4.,-3.25,10.));
#4136=CARTESIAN_POINT('Origin',(3.875,6.5,19.875));
#4137=CARTESIAN_POINT('',(3.75,6.5,20.));
#4138=CARTESIAN_POINT('Origin',(4.,8.5,20.));
#4139=CARTESIAN_POINT('',(0.25,8.25,20.));
#4140=CARTESIAN_POINT('',(4.,8.25,20.));
#4141=CARTESIAN_POINT('',(0.25,-8.25,20.));
#4142=CARTESIAN_POINT('',(0.25,8.5,20.));
#4143=CARTESIAN_POINT('',(4.,-8.25,20.));
#4144=CARTESIAN_POINT('Origin',(20.,-6.5,20.));
#4145=CARTESIAN_POINT('Origin',(19.911611652352,8.375,3.911611652352));
#4146=CARTESIAN_POINT('',(3.896446609407,8.5,19.75));
#4147=CARTESIAN_POINT('',(19.823223304703,8.5,3.823223304703));
#4148=CARTESIAN_POINT('',(3.058434137372,10.523141075424,17.726858924576));
#4149=CARTESIAN_POINT('Origin',(19.911611652352,-8.375,3.911611652352));
#4150=CARTESIAN_POINT('',(3.896446609407,-8.5,19.75));
#4151=CARTESIAN_POINT('',(3.058434137372,-10.52314107542,17.726858924576));
#4152=CARTESIAN_POINT('',(19.823223304703,-8.5,3.823223304703));
#4153=CARTESIAN_POINT('Origin',(20.,8.25,0.25));
#4154=CARTESIAN_POINT('',(19.75,8.375,0.125));
#4155=CARTESIAN_POINT('Origin',(7.922263446102,8.5,7.922263446102));
#4156=CARTESIAN_POINT('',(0.25,8.5,0.25));
#4157=CARTESIAN_POINT('',(0.,8.5,0.25));
#4158=CARTESIAN_POINT('',(0.25,8.5,19.75));
#4159=CARTESIAN_POINT('',(0.25,8.5,20.));
#4160=CARTESIAN_POINT('',(4.,8.5,19.75));
#4161=CARTESIAN_POINT('Origin',(20.,-8.25,0.25));
#4162=CARTESIAN_POINT('',(19.75,-8.375,0.125));
#4163=CARTESIAN_POINT('Origin',(7.922263446102,-8.5,7.922263446102));
#4164=CARTESIAN_POINT('',(0.25,-8.5,19.75));
#4165=CARTESIAN_POINT('',(4.,-8.5,19.75));
#4166=CARTESIAN_POINT('',(0.25,-8.5,0.25));
#4167=CARTESIAN_POINT('',(0.25,-8.5,20.));
#4168=CARTESIAN_POINT('',(0.,-8.5,0.25));
#4169=CARTESIAN_POINT('Origin',(0.,8.5,-1.887379141863E-15));
#4170=CARTESIAN_POINT('',(0.25,-8.25,1.628569464856E-15));
#4171=CARTESIAN_POINT('',(0.,-8.25,1.720845688169E-15));
#4172=CARTESIAN_POINT('',(0.25,8.25,-1.624147073751E-15));
#4173=CARTESIAN_POINT('',(0.25,8.5,-1.7763568394E-15));
#4174=CARTESIAN_POINT('',(0.,8.25,-1.720845688169E-15));
#4175=CARTESIAN_POINT('',(2.5,-2.,0.));
#4176=CARTESIAN_POINT('',(4.5,-2.,0.));
#4177=CARTESIAN_POINT('',(2.5,-2.,0.));
#4178=CARTESIAN_POINT('',(4.5,2.,0.));
#4179=CARTESIAN_POINT('',(4.5,-2.,0.));
#4180=CARTESIAN_POINT('',(2.5,2.,0.));
#4181=CARTESIAN_POINT('',(4.5,2.,0.));
#4182=CARTESIAN_POINT('',(2.5,2.,0.));
#4183=CARTESIAN_POINT('',(16.5,-2.,0.));
#4184=CARTESIAN_POINT('',(18.5,-2.,0.));
#4185=CARTESIAN_POINT('',(16.5,-2.,0.));
#4186=CARTESIAN_POINT('',(18.5,2.,0.));
#4187=CARTESIAN_POINT('',(18.5,-2.,0.));
#4188=CARTESIAN_POINT('',(16.5,2.,0.));
#4189=CARTESIAN_POINT('',(18.5,2.,0.));
#4190=CARTESIAN_POINT('',(16.5,2.,0.));
#4191=CARTESIAN_POINT('',(12.99999999996,3.25,-7.216449660064E-16));
#4192=CARTESIAN_POINT('',(12.999999999963,-3.25,7.216449660064E-16));
#4193=CARTESIAN_POINT('Origin',(12.999999999987,0.,0.));
#4194=CARTESIAN_POINT('',(9.999999999953,3.25,-7.216449660064E-16));
#4195=CARTESIAN_POINT('',(9.999999999957,3.25,-7.216449660064E-16));
#4196=CARTESIAN_POINT('',(9.999999999965,-3.25,6.383782391595E-16));
#4197=CARTESIAN_POINT('Origin',(10.,0.,0.));
#4198=CARTESIAN_POINT('',(12.999999999965,-3.25,7.216449660064E-16));
#4199=CARTESIAN_POINT('Origin',(12.999999999987,0.,3.75));
#4200=CARTESIAN_POINT('',(12.999999999962,3.,3.75));
#4201=CARTESIAN_POINT('',(12.999999999962,3.,3.75));
#4202=CARTESIAN_POINT('',(12.999999999965,-3.,3.75));
#4203=CARTESIAN_POINT('Origin',(12.999999999987,0.,3.75));
#4204=CARTESIAN_POINT('',(12.999999999965,-3.,3.75));
#4205=CARTESIAN_POINT('Origin',(9.999999999957,3.125,3.875));
#4206=CARTESIAN_POINT('',(9.999999999957,3.,3.75));
#4207=CARTESIAN_POINT('',(9.999999999957,3.,3.75));
#4208=CARTESIAN_POINT('',(9.999999999957,3.,3.75));
#4209=CARTESIAN_POINT('Origin',(12.999999999965,-3.125,3.875));
#4210=CARTESIAN_POINT('',(9.999999999965,-3.,3.75));
#4211=CARTESIAN_POINT('',(12.999999999965,-3.,3.75));
#4212=CARTESIAN_POINT('',(9.999999999965,-3.125,3.875));
#4213=CARTESIAN_POINT('Origin',(10.,0.,3.75));
#4214=CARTESIAN_POINT('Origin',(10.,0.,3.75));
#4215=CARTESIAN_POINT('Origin',(3.75,-2.22044604925E-16,13.));
#4216=CARTESIAN_POINT('',(3.75,-3.,13.));
#4217=CARTESIAN_POINT('',(3.75,-3.,13.));
#4218=CARTESIAN_POINT('',(3.75,3.,13.));
#4219=CARTESIAN_POINT('Origin',(3.75,-2.22044604925E-16,13.));
#4220=CARTESIAN_POINT('',(3.75,3.,13.));
#4221=CARTESIAN_POINT('Origin',(3.875,-3.125,10.));
#4222=CARTESIAN_POINT('',(3.75,-3.,10.));
#4223=CARTESIAN_POINT('',(3.75,-3.,10.));
#4224=CARTESIAN_POINT('',(3.75,-3.,10.));
#4225=CARTESIAN_POINT('Origin',(3.875,3.125,13.));
#4226=CARTESIAN_POINT('',(3.75,3.,10.));
#4227=CARTESIAN_POINT('',(3.75,3.,13.));
#4228=CARTESIAN_POINT('',(3.875,3.125,10.));
#4229=CARTESIAN_POINT('Origin',(3.75,-4.440892098501E-16,10.));
#4230=CARTESIAN_POINT('Origin',(3.75,-4.440892098501E-16,10.));
#4231=CARTESIAN_POINT('Origin',(4.,8.375,19.875));
#4232=CARTESIAN_POINT('',(0.25,8.3125,19.9375));
#4233=CARTESIAN_POINT('Origin',(4.,-8.375,19.875));
#4234=CARTESIAN_POINT('',(0.25,-8.375,19.875));
#4235=CARTESIAN_POINT('Origin',(0.125,8.5,19.875));
#4236=CARTESIAN_POINT('',(2.289834988289E-16,8.25,19.75));
#4237=CARTESIAN_POINT('',(0.1875,8.25,19.9375));
#4238=CARTESIAN_POINT('',(6.320091487331E-16,-8.25,19.75));
#4239=CARTESIAN_POINT('',(0.,8.5,19.75));
#4240=CARTESIAN_POINT('',(0.06250000000003,-8.25,19.8125));
#4241=CARTESIAN_POINT('Origin',(0.,8.375,0.125));
#4242=CARTESIAN_POINT('',(0.25,8.4375,0.1875));
#4243=CARTESIAN_POINT('Origin',(0.125,8.375,20.));
#4244=CARTESIAN_POINT('',(-1.216063904041E-15,8.25,0.25));
#4245=CARTESIAN_POINT('',(0.,8.25,20.));
#4246=CARTESIAN_POINT('',(0.125,8.375,19.75));
#4247=CARTESIAN_POINT('',(0.1875,8.4375,0.25));
#4248=CARTESIAN_POINT('Origin',(0.,-8.375,0.125));
#4249=CARTESIAN_POINT('',(0.25,-8.3125,0.0625));
#4250=CARTESIAN_POINT('Origin',(0.125,-8.375,20.));
#4251=CARTESIAN_POINT('',(0.0625,-8.3125,19.75));
#4252=CARTESIAN_POINT('',(1.414775324456E-15,-8.25,0.25));
#4253=CARTESIAN_POINT('',(0.,-8.25,20.));
#4254=CARTESIAN_POINT('',(0.125,-8.375,0.25));
#4255=CARTESIAN_POINT('Origin',(0.125,8.5,0.125));
#4256=CARTESIAN_POINT('',(0.1875,-8.25,0.06250000000003));
#4257=CARTESIAN_POINT('',(0.,8.5,0.25));
#4258=CARTESIAN_POINT('',(0.125,8.25,0.125));
#4259=CARTESIAN_POINT('Origin',(2.5,-2.,0.));
#4260=CARTESIAN_POINT('',(2.5,-2.,-1.));
#4261=CARTESIAN_POINT('',(2.5,-2.,0.));
#4262=CARTESIAN_POINT('',(4.5,-2.,-1.));
#4263=CARTESIAN_POINT('',(2.5,-2.,-1.));
#4264=CARTESIAN_POINT('',(4.5,-2.,0.));
#4265=CARTESIAN_POINT('Origin',(4.5,-2.,0.));
#4266=CARTESIAN_POINT('',(4.5,2.,-1.));
#4267=CARTESIAN_POINT('',(4.5,-2.,-1.));
#4268=CARTESIAN_POINT('',(4.5,2.,0.));
#4269=CARTESIAN_POINT('Origin',(4.5,2.,0.));
#4270=CARTESIAN_POINT('',(2.5,2.,-1.));
#4271=CARTESIAN_POINT('',(4.5,2.,-1.));
#4272=CARTESIAN_POINT('',(2.5,2.,0.));
#4273=CARTESIAN_POINT('Origin',(2.5,2.,0.));
#4274=CARTESIAN_POINT('',(2.5,2.,-1.));
#4275=CARTESIAN_POINT('Origin',(16.5,-2.,0.));
#4276=CARTESIAN_POINT('',(16.5,-2.,-1.));
#4277=CARTESIAN_POINT('',(16.5,-2.,0.));
#4278=CARTESIAN_POINT('',(18.5,-2.,-1.));
#4279=CARTESIAN_POINT('',(16.5,-2.,-1.));
#4280=CARTESIAN_POINT('',(18.5,-2.,0.));
#4281=CARTESIAN_POINT('Origin',(18.5,-2.,0.));
#4282=CARTESIAN_POINT('',(18.5,2.,-1.));
#4283=CARTESIAN_POINT('',(18.5,-2.,-1.));
#4284=CARTESIAN_POINT('',(18.5,2.,0.));
#4285=CARTESIAN_POINT('Origin',(18.5,2.,0.));
#4286=CARTESIAN_POINT('',(16.5,2.,-1.));
#4287=CARTESIAN_POINT('',(18.5,2.,-1.));
#4288=CARTESIAN_POINT('',(16.5,2.,0.));
#4289=CARTESIAN_POINT('Origin',(16.5,2.,0.));
#4290=CARTESIAN_POINT('',(16.5,2.,-1.));
#4291=CARTESIAN_POINT('Origin',(12.999999999987,5.551115123126E-17,0.25));
#4292=CARTESIAN_POINT('',(12.999999999962,3.,0.25));
#4293=CARTESIAN_POINT('',(12.999999999962,3.,0.25));
#4294=CARTESIAN_POINT('',(12.999999999965,-3.,0.25));
#4295=CARTESIAN_POINT('',(12.999999999965,-3.,0.25));
#4296=CARTESIAN_POINT('Origin',(12.999999999987,5.551115123126E-17,0.25));
#4297=CARTESIAN_POINT('Origin',(9.999999999957,3.125,0.125));
#4298=CARTESIAN_POINT('',(9.999999999957,3.,0.25));
#4299=CARTESIAN_POINT('',(9.999999999957,3.,0.25));
#4300=CARTESIAN_POINT('',(9.999999999957,3.,0.25));
#4301=CARTESIAN_POINT('Origin',(12.999999999965,-3.125,0.125));
#4302=CARTESIAN_POINT('',(9.999999999965,-3.,0.25));
#4303=CARTESIAN_POINT('',(9.999999999965,-3.125,0.125));
#4304=CARTESIAN_POINT('',(12.999999999965,-3.,0.25));
#4305=CARTESIAN_POINT('Origin',(10.,5.551115123126E-17,0.25));
#4306=CARTESIAN_POINT('Origin',(10.,5.551115123126E-17,0.25));
#4307=CARTESIAN_POINT('Origin',(12.999999999987,0.,0.));
#4308=CARTESIAN_POINT('',(12.999999999965,-3.,0.));
#4309=CARTESIAN_POINT('',(12.999999999962,3.,0.));
#4310=CARTESIAN_POINT('Origin',(9.999999999957,3.,0.));
#4311=CARTESIAN_POINT('',(9.999999999957,3.,0.));
#4312=CARTESIAN_POINT('Origin',(9.999999999965,-3.,0.));
#4313=CARTESIAN_POINT('',(9.999999999965,-3.,0.));
#4314=CARTESIAN_POINT('Origin',(10.,0.,0.));
#4315=CARTESIAN_POINT('Origin',(-2.886579864025E-15,0.,13.));
#4316=CARTESIAN_POINT('',(0.25,3.,13.));
#4317=CARTESIAN_POINT('',(-2.886579864025E-15,3.,13.));
#4318=CARTESIAN_POINT('',(0.25,-3.,13.));
#4319=CARTESIAN_POINT('',(-2.886579864025E-15,-3.,13.));
#4320=CARTESIAN_POINT('Origin',(0.25,-1.110223024625E-15,13.));
#4321=CARTESIAN_POINT('Origin',(-2.886579864025E-15,-3.,13.));
#4322=CARTESIAN_POINT('',(0.25,-3.,10.));
#4323=CARTESIAN_POINT('',(-2.22044604925E-15,-3.,10.));
#4324=CARTESIAN_POINT('',(0.25,-3.,10.));
#4325=CARTESIAN_POINT('Origin',(-2.886579864025E-15,3.,13.));
#4326=CARTESIAN_POINT('',(0.25,3.,10.));
#4327=CARTESIAN_POINT('',(-2.22044604925E-15,3.,10.));
#4328=CARTESIAN_POINT('',(0.25,3.,13.));
#4329=CARTESIAN_POINT('Origin',(-2.22044604925E-15,0.,10.));
#4330=CARTESIAN_POINT('Origin',(0.25,-4.440892098501E-16,10.));
#4331=CARTESIAN_POINT('Origin',(0.25,8.25,20.));
#4332=CARTESIAN_POINT('Origin',(6.320091487331E-16,-8.25,19.75));
#4333=CARTESIAN_POINT('Origin',(0.,8.5,20.));
#4334=CARTESIAN_POINT('',(-4.107825191113E-15,-2.,18.5));
#4335=CARTESIAN_POINT('',(-3.663735981263E-15,-2.,16.5));
#4336=CARTESIAN_POINT('',(-4.107825191113E-15,-2.,18.5));
#4337=CARTESIAN_POINT('',(-3.663735981263E-15,2.,16.5));
#4338=CARTESIAN_POINT('',(-3.663735981263E-15,-2.,16.5));
#4339=CARTESIAN_POINT('',(-4.107825191113E-15,2.,18.5));
#4340=CARTESIAN_POINT('',(-3.663735981263E-15,2.,16.5));
#4341=CARTESIAN_POINT('',(-4.107825191113E-15,2.,18.5));
#4342=CARTESIAN_POINT('',(-9.992007221626E-16,-2.,4.5));
#4343=CARTESIAN_POINT('',(-5.551115123126E-16,-2.,2.5));
#4344=CARTESIAN_POINT('',(-9.992007221626E-16,-2.,4.5));
#4345=CARTESIAN_POINT('',(-5.551115123126E-16,2.,2.5));
#4346=CARTESIAN_POINT('',(-5.551115123126E-16,-2.,2.5));
#4347=CARTESIAN_POINT('',(-9.992007221626E-16,2.,4.5));
#4348=CARTESIAN_POINT('',(-5.551115123126E-16,2.,2.5));
#4349=CARTESIAN_POINT('',(-9.992007221626E-16,2.,4.5));
#4350=CARTESIAN_POINT('',(0.,3.25,10.));
#4351=CARTESIAN_POINT('',(0.,-3.25,10.));
#4352=CARTESIAN_POINT('Origin',(0.,-4.440892098501E-16,10.));
#4353=CARTESIAN_POINT('',(0.,3.25,13.));
#4354=CARTESIAN_POINT('',(0.,3.25,13.));
#4355=CARTESIAN_POINT('',(-4.163336342344E-16,-3.25,13.));
#4356=CARTESIAN_POINT('Origin',(0.,-1.110223024625E-15,13.));
#4357=CARTESIAN_POINT('',(0.,-3.25,10.));
#4358=CARTESIAN_POINT('Origin',(0.25,8.5,0.25));
#4359=CARTESIAN_POINT('Origin',(0.25,-8.25,1.628569464856E-15));
#4360=CARTESIAN_POINT('Origin',(10.5,0.,-1.));
#4361=CARTESIAN_POINT('Origin',(10.5,0.,-1.));
#4362=CARTESIAN_POINT('Origin',(0.25,-1.110223024625E-15,13.));
#4363=CARTESIAN_POINT('',(0.125,-3.125,13.));
#4364=CARTESIAN_POINT('',(0.25,3.,13.));
#4365=CARTESIAN_POINT('Origin',(0.125,-3.125,10.));
#4366=CARTESIAN_POINT('',(0.25,-3.,10.));
#4367=CARTESIAN_POINT('Origin',(0.125,3.125,13.));
#4368=CARTESIAN_POINT('',(0.25,3.,10.));
#4369=CARTESIAN_POINT('Origin',(0.25,-4.440892098501E-16,10.));
#4370=CARTESIAN_POINT('Origin',(-4.107825191113E-15,-2.,18.5));
#4371=CARTESIAN_POINT('',(-1.,-2.,18.5));
#4372=CARTESIAN_POINT('',(-4.107825191113E-15,-2.,18.5));
#4373=CARTESIAN_POINT('',(-1.,-2.,16.5));
#4374=CARTESIAN_POINT('',(-1.,-2.,18.5));
#4375=CARTESIAN_POINT('',(-3.663735981263E-15,-2.,16.5));
#4376=CARTESIAN_POINT('Origin',(-3.663735981263E-15,-2.,16.5));
#4377=CARTESIAN_POINT('',(-1.,2.,16.5));
#4378=CARTESIAN_POINT('',(-1.,-2.,16.5));
#4379=CARTESIAN_POINT('',(-3.663735981263E-15,2.,16.5));
#4380=CARTESIAN_POINT('Origin',(-3.663735981263E-15,2.,16.5));
#4381=CARTESIAN_POINT('',(-1.,2.,18.5));
#4382=CARTESIAN_POINT('',(-1.,2.,16.5));
#4383=CARTESIAN_POINT('',(-4.107825191113E-15,2.,18.5));
#4384=CARTESIAN_POINT('Origin',(-4.107825191113E-15,2.,18.5));
#4385=CARTESIAN_POINT('',(-1.,2.,18.5));
#4386=CARTESIAN_POINT('Origin',(-9.992007221626E-16,-2.,4.5));
#4387=CARTESIAN_POINT('',(-1.,-2.,4.5));
#4388=CARTESIAN_POINT('',(-9.992007221626E-16,-2.,4.5));
#4389=CARTESIAN_POINT('',(-1.,-2.,2.5));
#4390=CARTESIAN_POINT('',(-1.,-2.,4.5));
#4391=CARTESIAN_POINT('',(-5.551115123126E-16,-2.,2.5));
#4392=CARTESIAN_POINT('Origin',(-5.551115123126E-16,-2.,2.5));
#4393=CARTESIAN_POINT('',(-1.,2.,2.5));
#4394=CARTESIAN_POINT('',(-1.,-2.,2.5));
#4395=CARTESIAN_POINT('',(-5.551115123126E-16,2.,2.5));
#4396=CARTESIAN_POINT('Origin',(-5.551115123126E-16,2.,2.5));
#4397=CARTESIAN_POINT('',(-1.,2.,4.5));
#4398=CARTESIAN_POINT('',(-1.,2.,2.5));
#4399=CARTESIAN_POINT('',(-9.992007221626E-16,2.,4.5));
#4400=CARTESIAN_POINT('Origin',(-9.992007221626E-16,2.,4.5));
#4401=CARTESIAN_POINT('',(-1.,2.,4.5));
#4402=CARTESIAN_POINT('Origin',(-1.,0.,10.5));
#4403=CARTESIAN_POINT('Origin',(-1.,0.,10.5));
#4404=CARTESIAN_POINT('',(0.,0.,0.));
#4405=CARTESIAN_POINT('',(0.,0.,0.));
#4406=CARTESIAN_POINT('',(0.,0.,0.));
#4407=CARTESIAN_POINT('',(110.,0.,0.));
#4408=CARTESIAN_POINT('',(-20.,-110.,0.));
#4409=CARTESIAN_POINT('',(-20.,260.,3.17801340798951E-14));
#4410=CARTESIAN_POINT('',(120.,-99.9252217432896,-0.0747782567103966));
#4411=CARTESIAN_POINT('',(-9.94955651342057,-100.02522174329,0.425221743289529));
#4412=CARTESIAN_POINT('',(-10.1495565134206,249.925221743289,-0.0747782567103072));
#4413=CARTESIAN_POINT('',(120.,250.02522174329,-0.0747782567096843));
#4414=CARTESIAN_POINT('',(264.600001192096,160.000001192094,-100.));
#4415=CARTESIAN_POINT('',(-154.500001192092,360.000001192094,-100.));
#4416=CARTESIAN_POINT('',(-154.500001192092,-9.99999880790681,-100.));
#4417=CARTESIAN_POINT('',(264.500001192101,-209.999998807904,-100.));
#4418=CARTESIAN_POINT('',(804.999999996016,2159.99999999983,4261.9181030281));
#4419=CARTESIAN_POINT('',(-695.000000022024,-2010.00000000023,4261.91810302346));
#4420=CARTESIAN_POINT('Origin',(0.,0.,0.));
#4421=UNCERTAINTY_MEASURE_WITH_UNIT(LENGTH_MEASURE(0.01),#4437,
'DISTANCE_ACCURACY_VALUE',
'Maximum model space distance between geometric entities at asserted c
onnectivities');
#4422=UNCERTAINTY_MEASURE_WITH_UNIT(LENGTH_MEASURE(0.01),#4437,
'DISTANCE_ACCURACY_VALUE',
'Maximum model space distance between geometric entities at asserted c
onnectivities');
#4423=UNCERTAINTY_MEASURE_WITH_UNIT(LENGTH_MEASURE(0.01),#4437,
'DISTANCE_ACCURACY_VALUE',
'Maximum model space distance between geometric entities at asserted c
onnectivities');
#4424=UNCERTAINTY_MEASURE_WITH_UNIT(LENGTH_MEASURE(0.01),#4437,
'DISTANCE_ACCURACY_VALUE',
'Maximum model space distance between geometric entities at asserted c
onnectivities');
#4425=UNCERTAINTY_MEASURE_WITH_UNIT(LENGTH_MEASURE(0.01),#4437,
'DISTANCE_ACCURACY_VALUE',
'Maximum model space distance between geometric entities at asserted c
onnectivities');
#4426=UNCERTAINTY_MEASURE_WITH_UNIT(LENGTH_MEASURE(0.01),#4437,
'DISTANCE_ACCURACY_VALUE',
'Maximum model space distance between geometric entities at asserted c
onnectivities');
#4427=UNCERTAINTY_MEASURE_WITH_UNIT(LENGTH_MEASURE(0.01),#4437,
'DISTANCE_ACCURACY_VALUE',
'Maximum model space distance between geometric entities at asserted c
onnectivities');
#4428=UNCERTAINTY_MEASURE_WITH_UNIT(LENGTH_MEASURE(0.01),#4437,
'DISTANCE_ACCURACY_VALUE',
'Maximum model space distance between geometric entities at asserted c
onnectivities');
#4429=(
GEOMETRIC_REPRESENTATION_CONTEXT(3)
GLOBAL_UNCERTAINTY_ASSIGNED_CONTEXT((#4421))
GLOBAL_UNIT_ASSIGNED_CONTEXT((#4437,#4439,#4440))
REPRESENTATION_CONTEXT('','3D')
);
#4430=(
GEOMETRIC_REPRESENTATION_CONTEXT(3)
GLOBAL_UNCERTAINTY_ASSIGNED_CONTEXT((#4422))
GLOBAL_UNIT_ASSIGNED_CONTEXT((#4437,#4439,#4440))
REPRESENTATION_CONTEXT('','3D')
);
#4431=(
GEOMETRIC_REPRESENTATION_CONTEXT(3)
GLOBAL_UNCERTAINTY_ASSIGNED_CONTEXT((#4423))
GLOBAL_UNIT_ASSIGNED_CONTEXT((#4437,#4439,#4440))
REPRESENTATION_CONTEXT('','3D')
);
#4432=(
GEOMETRIC_REPRESENTATION_CONTEXT(3)
GLOBAL_UNCERTAINTY_ASSIGNED_CONTEXT((#4424))
GLOBAL_UNIT_ASSIGNED_CONTEXT((#4437,#4439,#4440))
REPRESENTATION_CONTEXT('','3D')
);
#4433=(
GEOMETRIC_REPRESENTATION_CONTEXT(3)
GLOBAL_UNCERTAINTY_ASSIGNED_CONTEXT((#4425))
GLOBAL_UNIT_ASSIGNED_CONTEXT((#4437,#4439,#4440))
REPRESENTATION_CONTEXT('','3D')
);
#4434=(
GEOMETRIC_REPRESENTATION_CONTEXT(3)
GLOBAL_UNCERTAINTY_ASSIGNED_CONTEXT((#4426))
GLOBAL_UNIT_ASSIGNED_CONTEXT((#4437,#4439,#4440))
REPRESENTATION_CONTEXT('','3D')
);
#4435=(
GEOMETRIC_REPRESENTATION_CONTEXT(3)
GLOBAL_UNCERTAINTY_ASSIGNED_CONTEXT((#4427))
GLOBAL_UNIT_ASSIGNED_CONTEXT((#4437,#4439,#4440))
REPRESENTATION_CONTEXT('','3D')
);
#4436=(
GEOMETRIC_REPRESENTATION_CONTEXT(3)
GLOBAL_UNCERTAINTY_ASSIGNED_CONTEXT((#4428))
GLOBAL_UNIT_ASSIGNED_CONTEXT((#4437,#4439,#4440))
REPRESENTATION_CONTEXT('','3D')
);
#4437=(
LENGTH_UNIT()
NAMED_UNIT(*)
SI_UNIT(.MILLI.,.METRE.)
);
#4438=(
LENGTH_UNIT()
NAMED_UNIT(*)
SI_UNIT($,.METRE.)
);
#4439=(
NAMED_UNIT(*)
PLANE_ANGLE_UNIT()
SI_UNIT($,.RADIAN.)
);
#4440=(
NAMED_UNIT(*)
SI_UNIT($,.STERADIAN.)
SOLID_ANGLE_UNIT()
);
#4441=SHAPE_DEFINITION_REPRESENTATION(#4448,#4471);
#4442=SHAPE_DEFINITION_REPRESENTATION(#4449,#4472);
#4443=SHAPE_DEFINITION_REPRESENTATION(#4450,#4473);
#4444=SHAPE_DEFINITION_REPRESENTATION(#4451,#4474);
#4445=SHAPE_DEFINITION_REPRESENTATION(#4454,#4475);
#4446=SHAPE_DEFINITION_REPRESENTATION(#4455,#4476);
#4447=SHAPE_DEFINITION_REPRESENTATION(#4456,#4477);
#4448=PRODUCT_DEFINITION_SHAPE('',$,#4479);
#4449=PRODUCT_DEFINITION_SHAPE('',$,#4480);
#4450=PRODUCT_DEFINITION_SHAPE('',$,#4481);
#4451=PRODUCT_DEFINITION_SHAPE('',$,#4482);
#4452=PRODUCT_DEFINITION_SHAPE($,$,#71);
#4453=PRODUCT_DEFINITION_SHAPE($,$,#72);
#4454=PRODUCT_DEFINITION_SHAPE('',$,#4483);
#4455=PRODUCT_DEFINITION_SHAPE('',$,#4484);
#4456=PRODUCT_DEFINITION_SHAPE('',$,#4485);
#4457=PRODUCT_DEFINITION_SHAPE($,$,#73);
#4458=PRODUCT_DEFINITION_SHAPE($,$,#74);
#4459=PRODUCT_DEFINITION_SHAPE($,$,#75);
#4460=PRODUCT_DEFINITION_SHAPE($,$,#76);
#4461=PRODUCT_DEFINITION_SHAPE($,$,#77);
#4462=PRODUCT_DEFINITION_SHAPE($,$,#78);
#4463=PRODUCT_DEFINITION_SHAPE($,$,#79);
#4464=PRODUCT_DEFINITION_SHAPE($,$,#80);
#4465=PRODUCT_DEFINITION_SHAPE($,$,#81);
#4466=PRODUCT_DEFINITION_SHAPE($,$,#82);
#4467=PRODUCT_DEFINITION_SHAPE($,$,#83);
#4468=PRODUCT_DEFINITION_SHAPE($,$,#84);
#4469=PRODUCT_DEFINITION_SHAPE($,$,#85);
#4470=PRODUCT_DEFINITION_SHAPE($,$,#86);
#4471=SHAPE_REPRESENTATION('',(#2747,#2924,#2925,#2926,#2927,#2928,#2929,
#2930,#2931,#2932,#2933,#2934,#2935,#2936,#2937),#4429);
#4472=SHAPE_REPRESENTATION('',(#2748,#2824),#4430);
#4473=SHAPE_REPRESENTATION('',(#2749,#2825),#4431);
#4474=SHAPE_REPRESENTATION('',(#2750),#4432);
#4475=SHAPE_REPRESENTATION('',(#2826),#4433);
#4476=SHAPE_REPRESENTATION('',(#2922),#4434);
#4477=SHAPE_REPRESENTATION('',(#2923),#4435);
#4478=PRODUCT_DEFINITION_CONTEXT('part definition',#4501,'design');
#4479=PRODUCT_DEFINITION('parol6-frame','parol6-frame v2',#4486,#4478);
#4480=PRODUCT_DEFINITION('2020 Extrusion','2020 Extrusion 350mm v2',#4487,
#4478);
#4481=PRODUCT_DEFINITION('2020 Extrusion_1','2020 Extrusion 350mm v2',#4488,
#4478);
#4482=PRODUCT_DEFINITION('Body','Body',#4489,#4478);
#4483=PRODUCT_DEFINITION('Body_1','2020 Corner Bracket v1',#4490,#4478);
#4484=PRODUCT_DEFINITION('2020 end cap','2020 end cap v2',#4491,#4478);
#4485=PRODUCT_DEFINITION('handle_v3','handle_v3 v1',#4492,#4478);
#4486=PRODUCT_DEFINITION_FORMATION('',$,#4503);
#4487=PRODUCT_DEFINITION_FORMATION('',$,#4504);
#4488=PRODUCT_DEFINITION_FORMATION('',$,#4505);
#4489=PRODUCT_DEFINITION_FORMATION('',$,#4506);
#4490=PRODUCT_DEFINITION_FORMATION('',$,#4507);
#4491=PRODUCT_DEFINITION_FORMATION('',$,#4508);
#4492=PRODUCT_DEFINITION_FORMATION('',$,#4509);
#4493=PRODUCT_RELATED_PRODUCT_CATEGORY('parol6-frame v2',
'parol6-frame v2',(#4503));
#4494=PRODUCT_RELATED_PRODUCT_CATEGORY('2020 Extrusion 350mm v2',
'2020 Extrusion 350mm v2',(#4504));
#4495=PRODUCT_RELATED_PRODUCT_CATEGORY('2020 Extrusion 350mm v2',
'2020 Extrusion 350mm v2',(#4505));
#4496=PRODUCT_RELATED_PRODUCT_CATEGORY('Body','Body',(#4506));
#4497=PRODUCT_RELATED_PRODUCT_CATEGORY('2020 Corner Bracket v1',
'2020 Corner Bracket v1',(#4507));
#4498=PRODUCT_RELATED_PRODUCT_CATEGORY('2020 end cap v2',
'2020 end cap v2',(#4508));
#4499=PRODUCT_RELATED_PRODUCT_CATEGORY('handle_v3 v1','handle_v3 v1',(#4509));
#4500=APPLICATION_PROTOCOL_DEFINITION('international standard',
'automotive_design',2009,#4501);
#4501=APPLICATION_CONTEXT(
'Core Data for Automotive Mechanical Design Process');
#4502=PRODUCT_CONTEXT('part definition',#4501,'mechanical');
#4503=PRODUCT('parol6-frame','parol6-frame v2',$,(#4502));
#4504=PRODUCT('2020 Extrusion','2020 Extrusion 350mm v2',
'FreeCAD Model',(#4502));
#4505=PRODUCT('2020 Extrusion_1','2020 Extrusion 350mm v2',
'FreeCAD Model',(#4502));
#4506=PRODUCT('Body','Body',$,(#4502));
#4507=PRODUCT('Body_1','2020 Corner Bracket v1','FreeCAD Model',(#4502));
#4508=PRODUCT('2020 end cap','2020 end cap v2',$,(#4502));
#4509=PRODUCT('handle_v3','handle_v3 v1',$,(#4502));
#4510=PRESENTATION_STYLE_ASSIGNMENT((#4515));
#4511=PRESENTATION_STYLE_ASSIGNMENT((#4516));
#4512=PRESENTATION_STYLE_ASSIGNMENT((#4517));
#4513=PRESENTATION_STYLE_ASSIGNMENT((#4518));
#4514=PRESENTATION_STYLE_ASSIGNMENT((NULL_STYLE(.NULL.)));
#4515=SURFACE_STYLE_USAGE(.BOTH.,#4519);
#4516=SURFACE_STYLE_USAGE(.BOTH.,#4520);
#4517=SURFACE_STYLE_USAGE(.BOTH.,#4521);
#4518=SURFACE_STYLE_USAGE(.BOTH.,#4522);
#4519=SURFACE_SIDE_STYLE('',(#4523));
#4520=SURFACE_SIDE_STYLE('',(#4524));
#4521=SURFACE_SIDE_STYLE('',(#4525));
#4522=SURFACE_SIDE_STYLE('',(#4526));
#4523=SURFACE_STYLE_FILL_AREA(#4527);
#4524=SURFACE_STYLE_FILL_AREA(#4528);
#4525=SURFACE_STYLE_FILL_AREA(#4529);
#4526=SURFACE_STYLE_FILL_AREA(#4530);
#4527=FILL_AREA_STYLE('Opaque(234,234,234)',(#4531));
#4528=FILL_AREA_STYLE('Nylon 6-6 (White)',(#4532));
#4529=FILL_AREA_STYLE(
'EPX 150 - Air Baked (with Carbon M2 M3 L1 3D Printers)',(#4533));
#4530=FILL_AREA_STYLE('EPX 82 (with Carbon M2 M3 L1 3D Printers)',(#4534));
#4531=FILL_AREA_STYLE_COLOUR('Opaque(234,234,234)',#4535);
#4532=FILL_AREA_STYLE_COLOUR('Nylon 6-6 (White)',#4536);
#4533=FILL_AREA_STYLE_COLOUR(
'EPX 150 - Air Baked (with Carbon M2 M3 L1 3D Printers)',#4537);
#4534=FILL_AREA_STYLE_COLOUR(
'EPX 82 (with Carbon M2 M3 L1 3D Printers)',#4538);
#4535=COLOUR_RGB('Opaque(234,234,234)',0.917647058823529,0.917647058823529,
0.917647058823529);
#4536=COLOUR_RGB('Nylon 6-6 (White)',0.972549019607843,0.968627450980392,
0.929411764705882);
#4537=COLOUR_RGB(
'EPX 150 - Air Baked (with Carbon M2 M3 L1 3D Printers)',0.247058823529412,
0.247058823529412,0.247058823529412);
#4538=COLOUR_RGB('EPX 82 (with Carbon M2 M3 L1 3D Printers)',0.247058823529412,
0.247058823529412,0.247058823529412);
ENDSEC;
END-ISO-10303-21;
