ISO-10303-21;
HEADER;
/* Generated by software containing ST-Developer
 * from STEP Tools, Inc. (www.steptools.com) 
 */

FILE_DESCRIPTION(
/* description */ (''),
/* implementation_level */ '2;1');

FILE_NAME(
/* name */ 'base.step',
/* time_stamp */ '2026-05-30T14:04:17+02:00',
/* author */ (''),
/* organization */ (''),
/* preprocessor_version */ 'ST-DEVELOPER v20.1',
/* originating_system */ 'Autodesk Translation Framework v15.8.0.0',
/* authorisation */ '');

FILE_SCHEMA (('AUTOMOTIVE_DESIGN { 1 0 10303 214 3 1 1 }'));
ENDSEC;

DATA;
#10=MECHANICAL_DESIGN_GEOMETRIC_PRESENTATION_REPRESENTATION('',(#13),#3552);
#11=SHAPE_REPRESENTATION_RELATIONSHIP('SRR','None',#3559,#12);
#12=ADVANCED_BREP_SHAPE_REPRESENTATION('',(#14),#3551);
#13=STYLED_ITEM('',(#3569),#14);
#14=MANIFOLD_SOLID_BREP('Body1',#2040);
#15=CONICAL_SURFACE('',#2127,9.9,0.785398163397434);
#16=CONICAL_SURFACE('',#2130,19.9,0.785398163397432);
#17=CONICAL_SURFACE('',#2133,14.9,0.785398163397434);
#18=CONICAL_SURFACE('',#2136,14.9,0.785398163397434);
#19=CONICAL_SURFACE('',#2139,19.9,0.785398163397432);
#20=CONICAL_SURFACE('',#2142,9.9,0.785398163397434);
#21=CONICAL_SURFACE('',#2170,14.,0.785398163397447);
#22=CONICAL_SURFACE('',#2172,19.,0.785398163397448);
#23=CONICAL_SURFACE('',#2174,9.,0.785398163397447);
#24=CONICAL_SURFACE('',#2178,14.,0.785398163397447);
#25=CONICAL_SURFACE('',#2180,19.,0.785398163397447);
#26=CONICAL_SURFACE('',#2182,9.,0.785398163397447);
#27=CONICAL_SURFACE('',#2188,1.3,0.78539816339745);
#28=CONICAL_SURFACE('',#2195,1.3,0.78539816339745);
#29=CONICAL_SURFACE('',#2202,1.3,0.78539816339745);
#30=CONICAL_SURFACE('',#2209,1.3,0.78539816339745);
#31=CIRCLE('',#2063,0.925);
#32=CIRCLE('',#2064,0.925);
#33=CIRCLE('',#2067,0.925);
#34=CIRCLE('',#2068,0.925);
#35=CIRCLE('',#2071,0.925);
#36=CIRCLE('',#2072,0.925);
#37=CIRCLE('',#2075,0.925);
#38=CIRCLE('',#2076,0.925);
#39=CIRCLE('',#2079,0.925);
#40=CIRCLE('',#2080,0.925);
#41=CIRCLE('',#2083,0.925);
#42=CIRCLE('',#2084,0.925);
#43=CIRCLE('',#2087,0.925);
#44=CIRCLE('',#2088,0.925);
#45=CIRCLE('',#2091,1.025);
#46=CIRCLE('',#2092,1.025);
#47=CIRCLE('',#2104,13.);
#48=CIRCLE('',#2105,18.);
#49=CIRCLE('',#2106,8.00000000000001);
#50=CIRCLE('',#2107,8.00000000000001);
#51=CIRCLE('',#2108,18.);
#52=CIRCLE('',#2109,13.);
#53=CIRCLE('',#2110,2.25);
#54=CIRCLE('',#2111,2.25);
#55=CIRCLE('',#2112,2.25);
#56=CIRCLE('',#2113,2.25);
#57=CIRCLE('',#2120,9.80000000000001);
#58=CIRCLE('',#2121,19.8);
#59=CIRCLE('',#2122,14.8);
#60=CIRCLE('',#2123,14.8);
#61=CIRCLE('',#2124,19.8);
#62=CIRCLE('',#2125,9.80000000000001);
#63=CIRCLE('',#2128,10.);
#64=CIRCLE('',#2131,20.);
#65=CIRCLE('',#2134,15.);
#66=CIRCLE('',#2137,15.);
#67=CIRCLE('',#2140,20.);
#68=CIRCLE('',#2143,10.);
#69=CIRCLE('',#2147,10.);
#70=CIRCLE('',#2150,20.);
#71=CIRCLE('',#2153,15.);
#72=CIRCLE('',#2156,15.);
#73=CIRCLE('',#2159,20.);
#74=CIRCLE('',#2162,10.);
#75=CIRCLE('',#2189,1.65);
#76=CIRCLE('',#2190,0.949999999999998);
#77=CIRCLE('',#2192,0.949999999999998);
#78=CIRCLE('',#2194,2.25);
#79=CIRCLE('',#2196,1.65);
#80=CIRCLE('',#2197,0.949999999999998);
#81=CIRCLE('',#2199,0.949999999999998);
#82=CIRCLE('',#2201,2.25);
#83=CIRCLE('',#2203,1.65);
#84=CIRCLE('',#2204,0.949999999999998);
#85=CIRCLE('',#2206,0.949999999999998);
#86=CIRCLE('',#2208,2.25);
#87=CIRCLE('',#2210,1.65);
#88=CIRCLE('',#2211,0.949999999999998);
#89=CIRCLE('',#2213,0.949999999999998);
#90=CIRCLE('',#2215,2.25);
#91=CYLINDRICAL_SURFACE('',#2062,0.925);
#92=CYLINDRICAL_SURFACE('',#2066,0.925);
#93=CYLINDRICAL_SURFACE('',#2070,0.925);
#94=CYLINDRICAL_SURFACE('',#2074,0.925);
#95=CYLINDRICAL_SURFACE('',#2078,0.925);
#96=CYLINDRICAL_SURFACE('',#2082,0.925);
#97=CYLINDRICAL_SURFACE('',#2086,0.925);
#98=CYLINDRICAL_SURFACE('',#2090,1.025);
#99=CYLINDRICAL_SURFACE('',#2146,10.);
#100=CYLINDRICAL_SURFACE('',#2149,20.);
#101=CYLINDRICAL_SURFACE('',#2152,15.);
#102=CYLINDRICAL_SURFACE('',#2155,15.);
#103=CYLINDRICAL_SURFACE('',#2158,20.);
#104=CYLINDRICAL_SURFACE('',#2161,10.);
#105=CYLINDRICAL_SURFACE('',#2191,0.949999999999998);
#106=CYLINDRICAL_SURFACE('',#2198,0.949999999999998);
#107=CYLINDRICAL_SURFACE('',#2205,0.949999999999998);
#108=CYLINDRICAL_SURFACE('',#2212,0.949999999999998);
#109=CYLINDRICAL_SURFACE('',#2225,2.25);
#110=CYLINDRICAL_SURFACE('',#2226,2.25);
#111=CYLINDRICAL_SURFACE('',#2227,2.25);
#112=CYLINDRICAL_SURFACE('',#2228,2.25);
#113=FACE_BOUND('',#755,.T.);
#114=FACE_BOUND('',#756,.T.);
#115=FACE_BOUND('',#778,.T.);
#116=FACE_BOUND('',#779,.T.);
#117=FACE_BOUND('',#780,.T.);
#118=FACE_BOUND('',#781,.T.);
#119=FACE_BOUND('',#782,.T.);
#120=FACE_BOUND('',#783,.T.);
#121=FACE_BOUND('',#784,.T.);
#122=FACE_BOUND('',#785,.T.);
#123=FACE_BOUND('',#791,.T.);
#124=FACE_BOUND('',#792,.T.);
#125=FACE_BOUND('',#793,.T.);
#126=FACE_BOUND('',#794,.T.);
#127=FACE_BOUND('',#795,.T.);
#128=FACE_BOUND('',#802,.T.);
#129=FACE_BOUND('',#856,.T.);
#130=FACE_BOUND('',#860,.T.);
#131=FACE_BOUND('',#864,.T.);
#132=FACE_BOUND('',#868,.T.);
#133=LINE('',#2841,#332);
#134=LINE('',#2847,#333);
#135=LINE('',#2850,#334);
#136=LINE('',#2866,#335);
#137=LINE('',#2882,#336);
#138=LINE('',#2919,#337);
#139=LINE('',#2921,#338);
#140=LINE('',#2923,#339);
#141=LINE('',#2924,#340);
#142=LINE('',#2927,#341);
#143=LINE('',#2929,#342);
#144=LINE('',#2930,#343);
#145=LINE('',#2933,#344);
#146=LINE('',#2935,#345);
#147=LINE('',#2936,#346);
#148=LINE('',#2938,#347);
#149=LINE('',#2939,#348);
#150=LINE('',#2975,#349);
#151=LINE('',#3051,#350);
#152=LINE('',#3053,#351);
#153=LINE('',#3055,#352);
#154=LINE('',#3057,#353);
#155=LINE('',#3059,#354);
#156=LINE('',#3061,#355);
#157=LINE('',#3063,#356);
#158=LINE('',#3065,#357);
#159=LINE('',#3067,#358);
#160=LINE('',#3069,#359);
#161=LINE('',#3071,#360);
#162=LINE('',#3072,#361);
#163=LINE('',#3077,#362);
#164=LINE('',#3084,#363);
#165=LINE('',#3091,#364);
#166=LINE('',#3098,#365);
#167=LINE('',#3105,#366);
#168=LINE('',#3112,#367);
#169=LINE('',#3119,#368);
#170=LINE('',#3126,#369);
#171=LINE('',#3132,#370);
#172=LINE('',#3133,#371);
#173=LINE('',#3134,#372);
#174=LINE('',#3137,#373);
#175=LINE('',#3138,#374);
#176=LINE('',#3141,#375);
#177=LINE('',#3142,#376);
#178=LINE('',#3144,#377);
#179=LINE('',#3149,#378);
#180=LINE('',#3151,#379);
#181=LINE('',#3153,#380);
#182=LINE('',#3154,#381);
#183=LINE('',#3157,#382);
#184=LINE('',#3159,#383);
#185=LINE('',#3161,#384);
#186=LINE('',#3162,#385);
#187=LINE('',#3166,#386);
#188=LINE('',#3168,#387);
#189=LINE('',#3170,#388);
#190=LINE('',#3171,#389);
#191=LINE('',#3174,#390);
#192=LINE('',#3176,#391);
#193=LINE('',#3177,#392);
#194=LINE('',#3180,#393);
#195=LINE('',#3182,#394);
#196=LINE('',#3184,#395);
#197=LINE('',#3185,#396);
#198=LINE('',#3186,#397);
#199=LINE('',#3188,#398);
#200=LINE('',#3192,#399);
#201=LINE('',#3196,#400);
#202=LINE('',#3200,#401);
#203=LINE('',#3202,#402);
#204=LINE('',#3204,#403);
#205=LINE('',#3208,#404);
#206=LINE('',#3212,#405);
#207=LINE('',#3215,#406);
#208=LINE('',#3216,#407);
#209=LINE('',#3227,#408);
#210=LINE('',#3229,#409);
#211=LINE('',#3231,#410);
#212=LINE('',#3232,#411);
#213=LINE('',#3235,#412);
#214=LINE('',#3237,#413);
#215=LINE('',#3238,#414);
#216=LINE('',#3241,#415);
#217=LINE('',#3243,#416);
#218=LINE('',#3244,#417);
#219=LINE('',#3247,#418);
#220=LINE('',#3249,#419);
#221=LINE('',#3250,#420);
#222=LINE('',#3252,#421);
#223=LINE('',#3253,#422);
#224=LINE('',#3256,#423);
#225=LINE('',#3257,#424);
#226=LINE('',#3261,#425);
#227=LINE('',#3263,#426);
#228=LINE('',#3267,#427);
#229=LINE('',#3271,#428);
#230=LINE('',#3275,#429);
#231=LINE('',#3279,#430);
#232=LINE('',#3283,#431);
#233=LINE('',#3286,#432);
#234=LINE('',#3289,#433);
#235=LINE('',#3291,#434);
#236=LINE('',#3292,#435);
#237=LINE('',#3295,#436);
#238=LINE('',#3299,#437);
#239=LINE('',#3300,#438);
#240=LINE('',#3303,#439);
#241=LINE('',#3307,#440);
#242=LINE('',#3308,#441);
#243=LINE('',#3312,#442);
#244=LINE('',#3315,#443);
#245=LINE('',#3316,#444);
#246=LINE('',#3320,#445);
#247=LINE('',#3323,#446);
#248=LINE('',#3324,#447);
#249=LINE('',#3327,#448);
#250=LINE('',#3331,#449);
#251=LINE('',#3332,#450);
#252=LINE('',#3335,#451);
#253=LINE('',#3339,#452);
#254=LINE('',#3340,#453);
#255=LINE('',#3343,#454);
#256=LINE('',#3345,#455);
#257=LINE('',#3346,#456);
#258=LINE('',#3349,#457);
#259=LINE('',#3353,#458);
#260=LINE('',#3354,#459);
#261=LINE('',#3357,#460);
#262=LINE('',#3361,#461);
#263=LINE('',#3362,#462);
#264=LINE('',#3365,#463);
#265=LINE('',#3369,#464);
#266=LINE('',#3371,#465);
#267=LINE('',#3373,#466);
#268=LINE('',#3374,#467);
#269=LINE('',#3375,#468);
#270=LINE('',#3378,#469);
#271=LINE('',#3382,#470);
#272=LINE('',#3383,#471);
#273=LINE('',#3386,#472);
#274=LINE('',#3390,#473);
#275=LINE('',#3391,#474);
#276=LINE('',#3394,#475);
#277=LINE('',#3398,#476);
#278=LINE('',#3399,#477);
#279=LINE('',#3402,#478);
#280=LINE('',#3403,#479);
#281=LINE('',#3405,#480);
#282=LINE('',#3407,#481);
#283=LINE('',#3410,#482);
#284=LINE('',#3412,#483);
#285=LINE('',#3413,#484);
#286=LINE('',#3415,#485);
#287=LINE('',#3417,#486);
#288=LINE('',#3418,#487);
#289=LINE('',#3420,#488);
#290=LINE('',#3422,#489);
#291=LINE('',#3424,#490);
#292=LINE('',#3426,#491);
#293=LINE('',#3428,#492);
#294=LINE('',#3430,#493);
#295=LINE('',#3432,#494);
#296=LINE('',#3433,#495);
#297=LINE('',#3435,#496);
#298=LINE('',#3437,#497);
#299=LINE('',#3439,#498);
#300=LINE('',#3441,#499);
#301=LINE('',#3443,#500);
#302=LINE('',#3445,#501);
#303=LINE('',#3449,#502);
#304=LINE('',#3450,#503);
#305=LINE('',#3452,#504);
#306=LINE('',#3455,#505);
#307=LINE('',#3456,#506);
#308=LINE('',#3458,#507);
#309=LINE('',#3463,#508);
#310=LINE('',#3467,#509);
#311=LINE('',#3476,#510);
#312=LINE('',#3480,#511);
#313=LINE('',#3489,#512);
#314=LINE('',#3493,#513);
#315=LINE('',#3502,#514);
#316=LINE('',#3506,#515);
#317=LINE('',#3517,#516);
#318=LINE('',#3519,#517);
#319=LINE('',#3520,#518);
#320=LINE('',#3523,#519);
#321=LINE('',#3524,#520);
#322=LINE('',#3527,#521);
#323=LINE('',#3528,#522);
#324=LINE('',#3530,#523);
#325=LINE('',#3533,#524);
#326=LINE('',#3535,#525);
#327=LINE('',#3537,#526);
#328=LINE('',#3539,#527);
#329=LINE('',#3542,#528);
#330=LINE('',#3544,#529);
#331=LINE('',#3546,#530);
#332=VECTOR('',#2239,10.);
#333=VECTOR('',#2240,10.);
#334=VECTOR('',#2243,10.);
#335=VECTOR('',#2244,10.);
#336=VECTOR('',#2245,10.);
#337=VECTOR('',#2248,10.);
#338=VECTOR('',#2249,10.);
#339=VECTOR('',#2250,10.);
#340=VECTOR('',#2251,10.);
#341=VECTOR('',#2254,10.);
#342=VECTOR('',#2255,10.);
#343=VECTOR('',#2256,10.);
#344=VECTOR('',#2259,10.);
#345=VECTOR('',#2260,10.);
#346=VECTOR('',#2261,10.);
#347=VECTOR('',#2264,10.);
#348=VECTOR('',#2265,10.);
#349=VECTOR('',#2268,10.);
#350=VECTOR('',#2271,10.);
#351=VECTOR('',#2272,10.);
#352=VECTOR('',#2273,10.);
#353=VECTOR('',#2274,10.);
#354=VECTOR('',#2275,10.);
#355=VECTOR('',#2276,10.);
#356=VECTOR('',#2277,10.);
#357=VECTOR('',#2278,10.);
#358=VECTOR('',#2279,10.);
#359=VECTOR('',#2280,10.);
#360=VECTOR('',#2281,10.);
#361=VECTOR('',#2282,10.);
#362=VECTOR('',#2287,0.925);
#363=VECTOR('',#2296,0.925);
#364=VECTOR('',#2305,0.925);
#365=VECTOR('',#2314,0.925);
#366=VECTOR('',#2323,0.925);
#367=VECTOR('',#2332,0.925);
#368=VECTOR('',#2341,0.925);
#369=VECTOR('',#2350,1.025);
#370=VECTOR('',#2357,10.);
#371=VECTOR('',#2358,10.);
#372=VECTOR('',#2359,10.);
#373=VECTOR('',#2362,10.);
#374=VECTOR('',#2363,10.);
#375=VECTOR('',#2366,10.);
#376=VECTOR('',#2367,10.);
#377=VECTOR('',#2370,10.);
#378=VECTOR('',#2375,10.);
#379=VECTOR('',#2376,10.);
#380=VECTOR('',#2377,10.);
#381=VECTOR('',#2378,10.);
#382=VECTOR('',#2381,10.);
#383=VECTOR('',#2382,10.);
#384=VECTOR('',#2383,10.);
#385=VECTOR('',#2384,10.);
#386=VECTOR('',#2387,10.);
#387=VECTOR('',#2388,10.);
#388=VECTOR('',#2389,10.);
#389=VECTOR('',#2390,10.);
#390=VECTOR('',#2393,10.);
#391=VECTOR('',#2394,10.);
#392=VECTOR('',#2395,10.);
#393=VECTOR('',#2398,10.);
#394=VECTOR('',#2399,10.);
#395=VECTOR('',#2400,10.);
#396=VECTOR('',#2401,10.);
#397=VECTOR('',#2402,10.);
#398=VECTOR('',#2403,10.);
#399=VECTOR('',#2406,10.);
#400=VECTOR('',#2409,10.);
#401=VECTOR('',#2412,10.);
#402=VECTOR('',#2413,10.);
#403=VECTOR('',#2414,10.);
#404=VECTOR('',#2417,10.);
#405=VECTOR('',#2420,10.);
#406=VECTOR('',#2423,10.);
#407=VECTOR('',#2424,10.);
#408=VECTOR('',#2433,10.);
#409=VECTOR('',#2434,10.);
#410=VECTOR('',#2435,10.);
#411=VECTOR('',#2436,10.);
#412=VECTOR('',#2439,10.);
#413=VECTOR('',#2440,10.);
#414=VECTOR('',#2441,10.);
#415=VECTOR('',#2444,10.);
#416=VECTOR('',#2445,10.);
#417=VECTOR('',#2446,10.);
#418=VECTOR('',#2449,10.);
#419=VECTOR('',#2450,10.);
#420=VECTOR('',#2451,10.);
#421=VECTOR('',#2454,10.);
#422=VECTOR('',#2455,10.);
#423=VECTOR('',#2458,10.);
#424=VECTOR('',#2459,10.);
#425=VECTOR('',#2462,10.);
#426=VECTOR('',#2463,10.);
#427=VECTOR('',#2466,10.);
#428=VECTOR('',#2469,10.);
#429=VECTOR('',#2472,10.);
#430=VECTOR('',#2475,10.);
#431=VECTOR('',#2478,10.);
#432=VECTOR('',#2481,10.);
#433=VECTOR('',#2484,10.);
#434=VECTOR('',#2485,10.);
#435=VECTOR('',#2486,10.);
#436=VECTOR('',#2489,10.);
#437=VECTOR('',#2494,10.);
#438=VECTOR('',#2495,10.);
#439=VECTOR('',#2498,10.);
#440=VECTOR('',#2503,10.);
#441=VECTOR('',#2504,10.);
#442=VECTOR('',#2509,10.);
#443=VECTOR('',#2512,10.);
#444=VECTOR('',#2513,10.);
#445=VECTOR('',#2518,10.);
#446=VECTOR('',#2521,10.);
#447=VECTOR('',#2522,10.);
#448=VECTOR('',#2525,10.);
#449=VECTOR('',#2530,10.);
#450=VECTOR('',#2531,10.);
#451=VECTOR('',#2534,10.);
#452=VECTOR('',#2539,10.);
#453=VECTOR('',#2540,10.);
#454=VECTOR('',#2543,10.);
#455=VECTOR('',#2544,10.);
#456=VECTOR('',#2545,10.);
#457=VECTOR('',#2548,10.);
#458=VECTOR('',#2553,10.);
#459=VECTOR('',#2554,10.);
#460=VECTOR('',#2557,10.);
#461=VECTOR('',#2562,10.);
#462=VECTOR('',#2563,10.);
#463=VECTOR('',#2566,10.);
#464=VECTOR('',#2571,10.);
#465=VECTOR('',#2572,10.);
#466=VECTOR('',#2573,10.);
#467=VECTOR('',#2574,10.);
#468=VECTOR('',#2575,10.);
#469=VECTOR('',#2578,10.);
#470=VECTOR('',#2583,10.);
#471=VECTOR('',#2584,10.);
#472=VECTOR('',#2587,10.);
#473=VECTOR('',#2592,10.);
#474=VECTOR('',#2593,10.);
#475=VECTOR('',#2596,10.);
#476=VECTOR('',#2601,10.);
#477=VECTOR('',#2602,10.);
#478=VECTOR('',#2605,10.);
#479=VECTOR('',#2606,10.);
#480=VECTOR('',#2609,10.);
#481=VECTOR('',#2612,10.);
#482=VECTOR('',#2615,10.);
#483=VECTOR('',#2616,10.);
#484=VECTOR('',#2617,10.);
#485=VECTOR('',#2620,10.);
#486=VECTOR('',#2623,10.);
#487=VECTOR('',#2624,10.);
#488=VECTOR('',#2627,10.);
#489=VECTOR('',#2630,10.);
#490=VECTOR('',#2633,10.);
#491=VECTOR('',#2636,10.);
#492=VECTOR('',#2639,10.);
#493=VECTOR('',#2642,10.);
#494=VECTOR('',#2645,10.);
#495=VECTOR('',#2646,10.);
#496=VECTOR('',#2649,10.);
#497=VECTOR('',#2652,10.);
#498=VECTOR('',#2655,10.);
#499=VECTOR('',#2658,10.);
#500=VECTOR('',#2661,10.);
#501=VECTOR('',#2664,10.);
#502=VECTOR('',#2669,10.);
#503=VECTOR('',#2670,10.);
#504=VECTOR('',#2673,10.);
#505=VECTOR('',#2676,10.);
#506=VECTOR('',#2677,10.);
#507=VECTOR('',#2680,10.);
#508=VECTOR('',#2685,1.3);
#509=VECTOR('',#2690,0.949999999999998);
#510=VECTOR('',#2701,1.3);
#511=VECTOR('',#2706,0.949999999999998);
#512=VECTOR('',#2717,1.3);
#513=VECTOR('',#2722,0.949999999999998);
#514=VECTOR('',#2733,1.3);
#515=VECTOR('',#2738,0.949999999999998);
#516=VECTOR('',#2755,10.);
#517=VECTOR('',#2756,10.);
#518=VECTOR('',#2757,10.);
#519=VECTOR('',#2760,10.);
#520=VECTOR('',#2761,10.);
#521=VECTOR('',#2764,10.);
#522=VECTOR('',#2765,10.);
#523=VECTOR('',#2768,10.);
#524=VECTOR('',#2773,2.25);
#525=VECTOR('',#2776,2.25);
#526=VECTOR('',#2779,2.25);
#527=VECTOR('',#2782,2.25);
#528=VECTOR('',#2787,10.);
#529=VECTOR('',#2790,10.);
#530=VECTOR('',#2793,10.);
#531=PLANE('',#2054);
#532=PLANE('',#2055);
#533=PLANE('',#2056);
#534=PLANE('',#2057);
#535=PLANE('',#2058);
#536=PLANE('',#2059);
#537=PLANE('',#2060);
#538=PLANE('',#2061);
#539=PLANE('',#2065);
#540=PLANE('',#2069);
#541=PLANE('',#2073);
#542=PLANE('',#2077);
#543=PLANE('',#2081);
#544=PLANE('',#2085);
#545=PLANE('',#2089);
#546=PLANE('',#2093);
#547=PLANE('',#2094);
#548=PLANE('',#2095);
#549=PLANE('',#2096);
#550=PLANE('',#2097);
#551=PLANE('',#2098);
#552=PLANE('',#2099);
#553=PLANE('',#2100);
#554=PLANE('',#2101);
#555=PLANE('',#2102);
#556=PLANE('',#2103);
#557=PLANE('',#2114);
#558=PLANE('',#2115);
#559=PLANE('',#2116);
#560=PLANE('',#2117);
#561=PLANE('',#2118);
#562=PLANE('',#2119);
#563=PLANE('',#2126);
#564=PLANE('',#2129);
#565=PLANE('',#2132);
#566=PLANE('',#2135);
#567=PLANE('',#2138);
#568=PLANE('',#2141);
#569=PLANE('',#2144);
#570=PLANE('',#2145);
#571=PLANE('',#2148);
#572=PLANE('',#2151);
#573=PLANE('',#2154);
#574=PLANE('',#2157);
#575=PLANE('',#2160);
#576=PLANE('',#2163);
#577=PLANE('',#2164);
#578=PLANE('',#2165);
#579=PLANE('',#2166);
#580=PLANE('',#2167);
#581=PLANE('',#2168);
#582=PLANE('',#2169);
#583=PLANE('',#2171);
#584=PLANE('',#2173);
#585=PLANE('',#2175);
#586=PLANE('',#2176);
#587=PLANE('',#2177);
#588=PLANE('',#2179);
#589=PLANE('',#2181);
#590=PLANE('',#2183);
#591=PLANE('',#2184);
#592=PLANE('',#2185);
#593=PLANE('',#2186);
#594=PLANE('',#2187);
#595=PLANE('',#2193);
#596=PLANE('',#2200);
#597=PLANE('',#2207);
#598=PLANE('',#2214);
#599=PLANE('',#2216);
#600=PLANE('',#2217);
#601=PLANE('',#2218);
#602=PLANE('',#2219);
#603=PLANE('',#2220);
#604=PLANE('',#2221);
#605=PLANE('',#2222);
#606=PLANE('',#2223);
#607=PLANE('',#2224);
#608=PLANE('',#2229);
#609=PLANE('',#2230);
#610=PLANE('',#2231);
#611=PLANE('',#2232);
#612=PLANE('',#2233);
#613=PLANE('',#2234);
#614=FACE_OUTER_BOUND('',#741,.T.);
#615=FACE_OUTER_BOUND('',#742,.T.);
#616=FACE_OUTER_BOUND('',#743,.T.);
#617=FACE_OUTER_BOUND('',#744,.T.);
#618=FACE_OUTER_BOUND('',#745,.T.);
#619=FACE_OUTER_BOUND('',#746,.T.);
#620=FACE_OUTER_BOUND('',#747,.T.);
#621=FACE_OUTER_BOUND('',#748,.T.);
#622=FACE_OUTER_BOUND('',#749,.T.);
#623=FACE_OUTER_BOUND('',#750,.T.);
#624=FACE_OUTER_BOUND('',#751,.T.);
#625=FACE_OUTER_BOUND('',#752,.T.);
#626=FACE_OUTER_BOUND('',#753,.T.);
#627=FACE_OUTER_BOUND('',#754,.T.);
#628=FACE_OUTER_BOUND('',#757,.T.);
#629=FACE_OUTER_BOUND('',#758,.T.);
#630=FACE_OUTER_BOUND('',#759,.T.);
#631=FACE_OUTER_BOUND('',#760,.T.);
#632=FACE_OUTER_BOUND('',#761,.T.);
#633=FACE_OUTER_BOUND('',#762,.T.);
#634=FACE_OUTER_BOUND('',#763,.T.);
#635=FACE_OUTER_BOUND('',#764,.T.);
#636=FACE_OUTER_BOUND('',#765,.T.);
#637=FACE_OUTER_BOUND('',#766,.T.);
#638=FACE_OUTER_BOUND('',#767,.T.);
#639=FACE_OUTER_BOUND('',#768,.T.);
#640=FACE_OUTER_BOUND('',#769,.T.);
#641=FACE_OUTER_BOUND('',#770,.T.);
#642=FACE_OUTER_BOUND('',#771,.T.);
#643=FACE_OUTER_BOUND('',#772,.T.);
#644=FACE_OUTER_BOUND('',#773,.T.);
#645=FACE_OUTER_BOUND('',#774,.T.);
#646=FACE_OUTER_BOUND('',#775,.T.);
#647=FACE_OUTER_BOUND('',#776,.T.);
#648=FACE_OUTER_BOUND('',#777,.T.);
#649=FACE_OUTER_BOUND('',#786,.T.);
#650=FACE_OUTER_BOUND('',#787,.T.);
#651=FACE_OUTER_BOUND('',#788,.T.);
#652=FACE_OUTER_BOUND('',#789,.T.);
#653=FACE_OUTER_BOUND('',#790,.T.);
#654=FACE_OUTER_BOUND('',#796,.T.);
#655=FACE_OUTER_BOUND('',#797,.T.);
#656=FACE_OUTER_BOUND('',#798,.T.);
#657=FACE_OUTER_BOUND('',#799,.T.);
#658=FACE_OUTER_BOUND('',#800,.T.);
#659=FACE_OUTER_BOUND('',#801,.T.);
#660=FACE_OUTER_BOUND('',#803,.T.);
#661=FACE_OUTER_BOUND('',#804,.T.);
#662=FACE_OUTER_BOUND('',#805,.T.);
#663=FACE_OUTER_BOUND('',#806,.T.);
#664=FACE_OUTER_BOUND('',#807,.T.);
#665=FACE_OUTER_BOUND('',#808,.T.);
#666=FACE_OUTER_BOUND('',#809,.T.);
#667=FACE_OUTER_BOUND('',#810,.T.);
#668=FACE_OUTER_BOUND('',#811,.T.);
#669=FACE_OUTER_BOUND('',#812,.T.);
#670=FACE_OUTER_BOUND('',#813,.T.);
#671=FACE_OUTER_BOUND('',#814,.T.);
#672=FACE_OUTER_BOUND('',#815,.T.);
#673=FACE_OUTER_BOUND('',#816,.T.);
#674=FACE_OUTER_BOUND('',#817,.T.);
#675=FACE_OUTER_BOUND('',#818,.T.);
#676=FACE_OUTER_BOUND('',#819,.T.);
#677=FACE_OUTER_BOUND('',#820,.T.);
#678=FACE_OUTER_BOUND('',#821,.T.);
#679=FACE_OUTER_BOUND('',#822,.T.);
#680=FACE_OUTER_BOUND('',#823,.T.);
#681=FACE_OUTER_BOUND('',#824,.T.);
#682=FACE_OUTER_BOUND('',#825,.T.);
#683=FACE_OUTER_BOUND('',#826,.T.);
#684=FACE_OUTER_BOUND('',#827,.T.);
#685=FACE_OUTER_BOUND('',#828,.T.);
#686=FACE_OUTER_BOUND('',#829,.T.);
#687=FACE_OUTER_BOUND('',#830,.T.);
#688=FACE_OUTER_BOUND('',#831,.T.);
#689=FACE_OUTER_BOUND('',#832,.T.);
#690=FACE_OUTER_BOUND('',#833,.T.);
#691=FACE_OUTER_BOUND('',#834,.T.);
#692=FACE_OUTER_BOUND('',#835,.T.);
#693=FACE_OUTER_BOUND('',#836,.T.);
#694=FACE_OUTER_BOUND('',#837,.T.);
#695=FACE_OUTER_BOUND('',#838,.T.);
#696=FACE_OUTER_BOUND('',#839,.T.);
#697=FACE_OUTER_BOUND('',#840,.T.);
#698=FACE_OUTER_BOUND('',#841,.T.);
#699=FACE_OUTER_BOUND('',#842,.T.);
#700=FACE_OUTER_BOUND('',#843,.T.);
#701=FACE_OUTER_BOUND('',#844,.T.);
#702=FACE_OUTER_BOUND('',#845,.T.);
#703=FACE_OUTER_BOUND('',#846,.T.);
#704=FACE_OUTER_BOUND('',#847,.T.);
#705=FACE_OUTER_BOUND('',#848,.T.);
#706=FACE_OUTER_BOUND('',#849,.T.);
#707=FACE_OUTER_BOUND('',#850,.T.);
#708=FACE_OUTER_BOUND('',#851,.T.);
#709=FACE_OUTER_BOUND('',#852,.T.);
#710=FACE_OUTER_BOUND('',#853,.T.);
#711=FACE_OUTER_BOUND('',#854,.T.);
#712=FACE_OUTER_BOUND('',#855,.T.);
#713=FACE_OUTER_BOUND('',#857,.T.);
#714=FACE_OUTER_BOUND('',#858,.T.);
#715=FACE_OUTER_BOUND('',#859,.T.);
#716=FACE_OUTER_BOUND('',#861,.T.);
#717=FACE_OUTER_BOUND('',#862,.T.);
#718=FACE_OUTER_BOUND('',#863,.T.);
#719=FACE_OUTER_BOUND('',#865,.T.);
#720=FACE_OUTER_BOUND('',#866,.T.);
#721=FACE_OUTER_BOUND('',#867,.T.);
#722=FACE_OUTER_BOUND('',#869,.T.);
#723=FACE_OUTER_BOUND('',#870,.T.);
#724=FACE_OUTER_BOUND('',#871,.T.);
#725=FACE_OUTER_BOUND('',#872,.T.);
#726=FACE_OUTER_BOUND('',#873,.T.);
#727=FACE_OUTER_BOUND('',#874,.T.);
#728=FACE_OUTER_BOUND('',#875,.T.);
#729=FACE_OUTER_BOUND('',#876,.T.);
#730=FACE_OUTER_BOUND('',#877,.T.);
#731=FACE_OUTER_BOUND('',#878,.T.);
#732=FACE_OUTER_BOUND('',#879,.T.);
#733=FACE_OUTER_BOUND('',#880,.T.);
#734=FACE_OUTER_BOUND('',#881,.T.);
#735=FACE_OUTER_BOUND('',#882,.T.);
#736=FACE_OUTER_BOUND('',#883,.T.);
#737=FACE_OUTER_BOUND('',#884,.T.);
#738=FACE_OUTER_BOUND('',#885,.T.);
#739=FACE_OUTER_BOUND('',#886,.T.);
#740=FACE_OUTER_BOUND('',#887,.T.);
#741=EDGE_LOOP('',(#1353,#1354,#1355,#1356));
#742=EDGE_LOOP('',(#1357,#1358,#1359,#1360));
#743=EDGE_LOOP('',(#1361,#1362,#1363,#1364,#1365,#1366,#1367,#1368));
#744=EDGE_LOOP('',(#1369,#1370,#1371,#1372));
#745=EDGE_LOOP('',(#1373,#1374,#1375,#1376));
#746=EDGE_LOOP('',(#1377,#1378,#1379,#1380));
#747=EDGE_LOOP('',(#1381,#1382,#1383,#1384));
#748=EDGE_LOOP('',(#1385,#1386,#1387,#1388));
#749=EDGE_LOOP('',(#1389,#1390,#1391,#1392));
#750=EDGE_LOOP('',(#1393,#1394,#1395,#1396));
#751=EDGE_LOOP('',(#1397,#1398,#1399,#1400));
#752=EDGE_LOOP('',(#1401,#1402,#1403,#1404));
#753=EDGE_LOOP('',(#1405,#1406,#1407,#1408));
#754=EDGE_LOOP('',(#1409,#1410,#1411,#1412,#1413,#1414,#1415,#1416,#1417,
#1418,#1419,#1420));
#755=EDGE_LOOP('',(#1421,#1422,#1423,#1424,#1425,#1426,#1427,#1428));
#756=EDGE_LOOP('',(#1429,#1430,#1431,#1432));
#757=EDGE_LOOP('',(#1433,#1434,#1435,#1436));
#758=EDGE_LOOP('',(#1437));
#759=EDGE_LOOP('',(#1438,#1439,#1440,#1441));
#760=EDGE_LOOP('',(#1442));
#761=EDGE_LOOP('',(#1443,#1444,#1445,#1446));
#762=EDGE_LOOP('',(#1447));
#763=EDGE_LOOP('',(#1448,#1449,#1450,#1451));
#764=EDGE_LOOP('',(#1452));
#765=EDGE_LOOP('',(#1453,#1454,#1455,#1456));
#766=EDGE_LOOP('',(#1457));
#767=EDGE_LOOP('',(#1458,#1459,#1460,#1461));
#768=EDGE_LOOP('',(#1462));
#769=EDGE_LOOP('',(#1463,#1464,#1465,#1466));
#770=EDGE_LOOP('',(#1467));
#771=EDGE_LOOP('',(#1468,#1469,#1470,#1471));
#772=EDGE_LOOP('',(#1472));
#773=EDGE_LOOP('',(#1473,#1474,#1475,#1476));
#774=EDGE_LOOP('',(#1477,#1478,#1479,#1480));
#775=EDGE_LOOP('',(#1481,#1482,#1483,#1484));
#776=EDGE_LOOP('',(#1485,#1486,#1487,#1488));
#777=EDGE_LOOP('',(#1489,#1490,#1491,#1492));
#778=EDGE_LOOP('',(#1493));
#779=EDGE_LOOP('',(#1494));
#780=EDGE_LOOP('',(#1495));
#781=EDGE_LOOP('',(#1496));
#782=EDGE_LOOP('',(#1497));
#783=EDGE_LOOP('',(#1498));
#784=EDGE_LOOP('',(#1499));
#785=EDGE_LOOP('',(#1500));
#786=EDGE_LOOP('',(#1501,#1502,#1503,#1504));
#787=EDGE_LOOP('',(#1505,#1506,#1507,#1508,#1509));
#788=EDGE_LOOP('',(#1510,#1511,#1512,#1513));
#789=EDGE_LOOP('',(#1514,#1515,#1516,#1517));
#790=EDGE_LOOP('',(#1518,#1519,#1520,#1521,#1522,#1523,#1524,#1525,#1526,
#1527,#1528,#1529,#1530,#1531,#1532,#1533,#1534,#1535,#1536,#1537,#1538,
#1539,#1540,#1541,#1542,#1543));
#791=EDGE_LOOP('',(#1544));
#792=EDGE_LOOP('',(#1545));
#793=EDGE_LOOP('',(#1546));
#794=EDGE_LOOP('',(#1547));
#795=EDGE_LOOP('',(#1548,#1549,#1550,#1551));
#796=EDGE_LOOP('',(#1552,#1553,#1554,#1555));
#797=EDGE_LOOP('',(#1556,#1557,#1558,#1559));
#798=EDGE_LOOP('',(#1560,#1561,#1562,#1563));
#799=EDGE_LOOP('',(#1564,#1565,#1566,#1567));
#800=EDGE_LOOP('',(#1568,#1569,#1570,#1571));
#801=EDGE_LOOP('',(#1572,#1573,#1574,#1575,#1576,#1577,#1578,#1579,#1580,
#1581,#1582,#1583,#1584,#1585));
#802=EDGE_LOOP('',(#1586,#1587,#1588,#1589));
#803=EDGE_LOOP('',(#1590,#1591,#1592,#1593));
#804=EDGE_LOOP('',(#1594,#1595,#1596,#1597));
#805=EDGE_LOOP('',(#1598,#1599,#1600,#1601));
#806=EDGE_LOOP('',(#1602,#1603,#1604,#1605));
#807=EDGE_LOOP('',(#1606,#1607,#1608,#1609));
#808=EDGE_LOOP('',(#1610,#1611,#1612,#1613));
#809=EDGE_LOOP('',(#1614,#1615,#1616,#1617));
#810=EDGE_LOOP('',(#1618,#1619,#1620,#1621));
#811=EDGE_LOOP('',(#1622,#1623,#1624,#1625));
#812=EDGE_LOOP('',(#1626,#1627,#1628,#1629));
#813=EDGE_LOOP('',(#1630,#1631,#1632,#1633));
#814=EDGE_LOOP('',(#1634,#1635,#1636,#1637));
#815=EDGE_LOOP('',(#1638,#1639,#1640,#1641));
#816=EDGE_LOOP('',(#1642,#1643,#1644,#1645));
#817=EDGE_LOOP('',(#1646,#1647,#1648,#1649));
#818=EDGE_LOOP('',(#1650,#1651,#1652,#1653));
#819=EDGE_LOOP('',(#1654,#1655,#1656,#1657));
#820=EDGE_LOOP('',(#1658,#1659,#1660,#1661));
#821=EDGE_LOOP('',(#1662,#1663,#1664,#1665));
#822=EDGE_LOOP('',(#1666,#1667,#1668,#1669,#1670,#1671,#1672,#1673));
#823=EDGE_LOOP('',(#1674,#1675,#1676,#1677));
#824=EDGE_LOOP('',(#1678,#1679,#1680,#1681));
#825=EDGE_LOOP('',(#1682,#1683,#1684,#1685));
#826=EDGE_LOOP('',(#1686,#1687,#1688,#1689));
#827=EDGE_LOOP('',(#1690,#1691,#1692,#1693));
#828=EDGE_LOOP('',(#1694,#1695,#1696,#1697));
#829=EDGE_LOOP('',(#1698,#1699,#1700,#1701));
#830=EDGE_LOOP('',(#1702,#1703,#1704,#1705));
#831=EDGE_LOOP('',(#1706,#1707,#1708,#1709));
#832=EDGE_LOOP('',(#1710,#1711,#1712,#1713));
#833=EDGE_LOOP('',(#1714,#1715,#1716,#1717));
#834=EDGE_LOOP('',(#1718,#1719,#1720,#1721,#1722));
#835=EDGE_LOOP('',(#1723,#1724,#1725,#1726));
#836=EDGE_LOOP('',(#1727,#1728,#1729,#1730));
#837=EDGE_LOOP('',(#1731,#1732,#1733,#1734));
#838=EDGE_LOOP('',(#1735,#1736,#1737,#1738));
#839=EDGE_LOOP('',(#1739,#1740,#1741,#1742));
#840=EDGE_LOOP('',(#1743,#1744,#1745,#1746));
#841=EDGE_LOOP('',(#1747,#1748,#1749,#1750));
#842=EDGE_LOOP('',(#1751,#1752,#1753,#1754,#1755));
#843=EDGE_LOOP('',(#1756,#1757,#1758,#1759));
#844=EDGE_LOOP('',(#1760,#1761,#1762,#1763));
#845=EDGE_LOOP('',(#1764,#1765,#1766,#1767));
#846=EDGE_LOOP('',(#1768,#1769,#1770,#1771));
#847=EDGE_LOOP('',(#1772,#1773,#1774,#1775));
#848=EDGE_LOOP('',(#1776,#1777,#1778,#1779));
#849=EDGE_LOOP('',(#1780,#1781,#1782,#1783));
#850=EDGE_LOOP('',(#1784,#1785,#1786,#1787));
#851=EDGE_LOOP('',(#1788,#1789,#1790,#1791));
#852=EDGE_LOOP('',(#1792,#1793,#1794,#1795));
#853=EDGE_LOOP('',(#1796,#1797,#1798,#1799));
#854=EDGE_LOOP('',(#1800,#1801,#1802,#1803));
#855=EDGE_LOOP('',(#1804));
#856=EDGE_LOOP('',(#1805));
#857=EDGE_LOOP('',(#1806,#1807,#1808,#1809));
#858=EDGE_LOOP('',(#1810,#1811,#1812,#1813));
#859=EDGE_LOOP('',(#1814));
#860=EDGE_LOOP('',(#1815));
#861=EDGE_LOOP('',(#1816,#1817,#1818,#1819));
#862=EDGE_LOOP('',(#1820,#1821,#1822,#1823));
#863=EDGE_LOOP('',(#1824));
#864=EDGE_LOOP('',(#1825));
#865=EDGE_LOOP('',(#1826,#1827,#1828,#1829));
#866=EDGE_LOOP('',(#1830,#1831,#1832,#1833));
#867=EDGE_LOOP('',(#1834));
#868=EDGE_LOOP('',(#1835));
#869=EDGE_LOOP('',(#1836));
#870=EDGE_LOOP('',(#1837));
#871=EDGE_LOOP('',(#1838));
#872=EDGE_LOOP('',(#1839));
#873=EDGE_LOOP('',(#1840,#1841,#1842,#1843));
#874=EDGE_LOOP('',(#1844,#1845,#1846,#1847));
#875=EDGE_LOOP('',(#1848,#1849,#1850,#1851));
#876=EDGE_LOOP('',(#1852,#1853,#1854,#1855));
#877=EDGE_LOOP('',(#1856,#1857,#1858,#1859));
#878=EDGE_LOOP('',(#1860,#1861,#1862,#1863));
#879=EDGE_LOOP('',(#1864,#1865,#1866,#1867));
#880=EDGE_LOOP('',(#1868,#1869,#1870,#1871));
#881=EDGE_LOOP('',(#1872,#1873,#1874,#1875));
#882=EDGE_LOOP('',(#1876,#1877,#1878,#1879,#1880,#1881));
#883=EDGE_LOOP('',(#1882,#1883,#1884,#1885,#1886));
#884=EDGE_LOOP('',(#1887,#1888,#1889,#1890,#1891,#1892));
#885=EDGE_LOOP('',(#1893,#1894,#1895,#1896));
#886=EDGE_LOOP('',(#1897,#1898,#1899,#1900));
#887=EDGE_LOOP('',(#1901,#1902,#1903,#1904,#1905,#1906));
#888=B_SPLINE_CURVE_WITH_KNOTS('',3,(#2817,#2818,#2819,#2820,#2821,#2822),
 .UNSPECIFIED.,.F.,.F.,(4,2,4),(0.,0.163260830920073,0.327822263322268),
 .UNSPECIFIED.);
#889=B_SPLINE_CURVE_WITH_KNOTS('',3,(#2824,#2825,#2826,#2827),
 .UNSPECIFIED.,.F.,.F.,(4,4),(-0.997937421295637,-0.0691117985198361),
 .UNSPECIFIED.);
#890=B_SPLINE_CURVE_WITH_KNOTS('',3,(#2829,#2830,#2831,#2832,#2833,#2834),
 .UNSPECIFIED.,.F.,.F.,(4,2,4),(0.,0.184884383383578,0.372044018613532),
 .UNSPECIFIED.);
#891=B_SPLINE_CURVE_WITH_KNOTS('',3,(#2835,#2836,#2837,#2838),
 .UNSPECIFIED.,.F.,.F.,(4,4),(0.180685757112056,0.924751652208308),
 .UNSPECIFIED.);
#892=B_SPLINE_CURVE_WITH_KNOTS('',3,(#2843,#2844,#2845,#2846),
 .UNSPECIFIED.,.F.,.F.,(4,4),(0.0691117985198361,0.997937421295637),
 .UNSPECIFIED.);
#893=B_SPLINE_CURVE_WITH_KNOTS('',3,(#2852,#2853,#2854,#2855,#2856,#2857,
#2858,#2859,#2860,#2861,#2862,#2863,#2864),.UNSPECIFIED.,.F.,.F.,(4,3,3,
3,4),(0.,0.161374603184455,0.186138661956077,0.335969516716189,0.373215378005778),
 .UNSPECIFIED.);
#894=B_SPLINE_CURVE_WITH_KNOTS('',3,(#2868,#2869,#2870,#2871,#2872,#2873,
#2874,#2875,#2876,#2877,#2878,#2879,#2880),.UNSPECIFIED.,.F.,.F.,(4,3,3,
3,4),(0.,0.149739345965281,0.183758643151406,0.345046095618959,0.373242426054676),
 .UNSPECIFIED.);
#895=B_SPLINE_CURVE_WITH_KNOTS('',3,(#2883,#2884,#2885,#2886,#2887,#2888),
 .UNSPECIFIED.,.F.,.F.,(4,2,4),(0.,0.163588819349144,0.327822614519048),
 .UNSPECIFIED.);
#896=B_SPLINE_CURVE_WITH_KNOTS('',3,(#2906,#2907,#2908,#2909),
 .UNSPECIFIED.,.F.,.F.,(4,4),(-0.924751652208307,-0.180685757112056),
 .UNSPECIFIED.);
#897=B_SPLINE_CURVE_WITH_KNOTS('',3,(#2910,#2911,#2912,#2913,#2914,#2915),
 .UNSPECIFIED.,.F.,.F.,(4,2,4),(0.,0.184603385159703,0.372043350120154),
 .UNSPECIFIED.);
#898=B_SPLINE_CURVE_WITH_KNOTS('',3,(#2958,#2959,#2960,#2961,#2962,#2963,
#2964),.UNSPECIFIED.,.F.,.F.,(4,3,4),(-0.325612941463119,-0.159895399034334,
0.),.UNSPECIFIED.);
#899=B_SPLINE_CURVE_WITH_KNOTS('',3,(#2965,#2966,#2967,#2968),
 .UNSPECIFIED.,.F.,.F.,(4,4),(0.148957358699852,0.983668102501506),
 .UNSPECIFIED.);
#900=B_SPLINE_CURVE_WITH_KNOTS('',3,(#2969,#2970,#2971,#2972),
 .UNSPECIFIED.,.F.,.F.,(4,4),(-1.31049231506168,0.0431593657842111),
 .UNSPECIFIED.);
#901=B_SPLINE_CURVE_WITH_KNOTS('',3,(#2976,#2977,#2978,#2979),
 .UNSPECIFIED.,.F.,.F.,(4,4),(-0.770501642638424,-0.116677453776785),
 .UNSPECIFIED.);
#902=B_SPLINE_CURVE_WITH_KNOTS('',3,(#2997,#2998,#2999,#3000,#3001,#3002,
#3003),.UNSPECIFIED.,.F.,.F.,(4,3,4),(-0.325604261247293,-0.160586027211774,
0.),.UNSPECIFIED.);
#903=B_SPLINE_CURVE_WITH_KNOTS('',3,(#3004,#3005,#3006,#3007),
 .UNSPECIFIED.,.F.,.F.,(4,4),(-0.0338064863010194,1.02650119369761),
 .UNSPECIFIED.);
#904=B_SPLINE_CURVE_WITH_KNOTS('',3,(#3024,#3025,#3026,#3027),
 .UNSPECIFIED.,.F.,.F.,(4,4),(-0.594126810416495,-0.067055901534815),
 .UNSPECIFIED.);
#905=B_SPLINE_CURVE_WITH_KNOTS('',3,(#3044,#3045,#3046,#3047),
 .UNSPECIFIED.,.F.,.F.,(4,4),(-0.567464736948233,-0.0151368372707064),
 .UNSPECIFIED.);
#906=VERTEX_POINT('',#2815);
#907=VERTEX_POINT('',#2816);
#908=VERTEX_POINT('',#2823);
#909=VERTEX_POINT('',#2828);
#910=VERTEX_POINT('',#2840);
#911=VERTEX_POINT('',#2842);
#912=VERTEX_POINT('',#2849);
#913=VERTEX_POINT('',#2851);
#914=VERTEX_POINT('',#2865);
#915=VERTEX_POINT('',#2867);
#916=VERTEX_POINT('',#2881);
#917=VERTEX_POINT('',#2905);
#918=VERTEX_POINT('',#2917);
#919=VERTEX_POINT('',#2918);
#920=VERTEX_POINT('',#2920);
#921=VERTEX_POINT('',#2922);
#922=VERTEX_POINT('',#2926);
#923=VERTEX_POINT('',#2928);
#924=VERTEX_POINT('',#2932);
#925=VERTEX_POINT('',#2934);
#926=VERTEX_POINT('',#2956);
#927=VERTEX_POINT('',#2957);
#928=VERTEX_POINT('',#2974);
#929=VERTEX_POINT('',#2996);
#930=VERTEX_POINT('',#3049);
#931=VERTEX_POINT('',#3050);
#932=VERTEX_POINT('',#3052);
#933=VERTEX_POINT('',#3054);
#934=VERTEX_POINT('',#3056);
#935=VERTEX_POINT('',#3058);
#936=VERTEX_POINT('',#3060);
#937=VERTEX_POINT('',#3062);
#938=VERTEX_POINT('',#3064);
#939=VERTEX_POINT('',#3066);
#940=VERTEX_POINT('',#3068);
#941=VERTEX_POINT('',#3070);
#942=VERTEX_POINT('',#3074);
#943=VERTEX_POINT('',#3076);
#944=VERTEX_POINT('',#3081);
#945=VERTEX_POINT('',#3083);
#946=VERTEX_POINT('',#3088);
#947=VERTEX_POINT('',#3090);
#948=VERTEX_POINT('',#3095);
#949=VERTEX_POINT('',#3097);
#950=VERTEX_POINT('',#3102);
#951=VERTEX_POINT('',#3104);
#952=VERTEX_POINT('',#3109);
#953=VERTEX_POINT('',#3111);
#954=VERTEX_POINT('',#3116);
#955=VERTEX_POINT('',#3118);
#956=VERTEX_POINT('',#3123);
#957=VERTEX_POINT('',#3125);
#958=VERTEX_POINT('',#3130);
#959=VERTEX_POINT('',#3131);
#960=VERTEX_POINT('',#3136);
#961=VERTEX_POINT('',#3140);
#962=VERTEX_POINT('',#3147);
#963=VERTEX_POINT('',#3148);
#964=VERTEX_POINT('',#3150);
#965=VERTEX_POINT('',#3152);
#966=VERTEX_POINT('',#3156);
#967=VERTEX_POINT('',#3158);
#968=VERTEX_POINT('',#3160);
#969=VERTEX_POINT('',#3164);
#970=VERTEX_POINT('',#3165);
#971=VERTEX_POINT('',#3167);
#972=VERTEX_POINT('',#3169);
#973=VERTEX_POINT('',#3173);
#974=VERTEX_POINT('',#3175);
#975=VERTEX_POINT('',#3179);
#976=VERTEX_POINT('',#3181);
#977=VERTEX_POINT('',#3183);
#978=VERTEX_POINT('',#3187);
#979=VERTEX_POINT('',#3189);
#980=VERTEX_POINT('',#3191);
#981=VERTEX_POINT('',#3193);
#982=VERTEX_POINT('',#3195);
#983=VERTEX_POINT('',#3197);
#984=VERTEX_POINT('',#3199);
#985=VERTEX_POINT('',#3201);
#986=VERTEX_POINT('',#3203);
#987=VERTEX_POINT('',#3205);
#988=VERTEX_POINT('',#3207);
#989=VERTEX_POINT('',#3209);
#990=VERTEX_POINT('',#3211);
#991=VERTEX_POINT('',#3213);
#992=VERTEX_POINT('',#3217);
#993=VERTEX_POINT('',#3219);
#994=VERTEX_POINT('',#3221);
#995=VERTEX_POINT('',#3223);
#996=VERTEX_POINT('',#3225);
#997=VERTEX_POINT('',#3226);
#998=VERTEX_POINT('',#3228);
#999=VERTEX_POINT('',#3230);
#1000=VERTEX_POINT('',#3234);
#1001=VERTEX_POINT('',#3236);
#1002=VERTEX_POINT('',#3240);
#1003=VERTEX_POINT('',#3242);
#1004=VERTEX_POINT('',#3246);
#1005=VERTEX_POINT('',#3248);
#1006=VERTEX_POINT('',#3255);
#1007=VERTEX_POINT('',#3259);
#1008=VERTEX_POINT('',#3260);
#1009=VERTEX_POINT('',#3262);
#1010=VERTEX_POINT('',#3264);
#1011=VERTEX_POINT('',#3266);
#1012=VERTEX_POINT('',#3268);
#1013=VERTEX_POINT('',#3270);
#1014=VERTEX_POINT('',#3272);
#1015=VERTEX_POINT('',#3274);
#1016=VERTEX_POINT('',#3276);
#1017=VERTEX_POINT('',#3278);
#1018=VERTEX_POINT('',#3280);
#1019=VERTEX_POINT('',#3282);
#1020=VERTEX_POINT('',#3284);
#1021=VERTEX_POINT('',#3288);
#1022=VERTEX_POINT('',#3290);
#1023=VERTEX_POINT('',#3294);
#1024=VERTEX_POINT('',#3298);
#1025=VERTEX_POINT('',#3302);
#1026=VERTEX_POINT('',#3306);
#1027=VERTEX_POINT('',#3310);
#1028=VERTEX_POINT('',#3314);
#1029=VERTEX_POINT('',#3318);
#1030=VERTEX_POINT('',#3322);
#1031=VERTEX_POINT('',#3326);
#1032=VERTEX_POINT('',#3330);
#1033=VERTEX_POINT('',#3334);
#1034=VERTEX_POINT('',#3338);
#1035=VERTEX_POINT('',#3342);
#1036=VERTEX_POINT('',#3344);
#1037=VERTEX_POINT('',#3348);
#1038=VERTEX_POINT('',#3352);
#1039=VERTEX_POINT('',#3356);
#1040=VERTEX_POINT('',#3360);
#1041=VERTEX_POINT('',#3364);
#1042=VERTEX_POINT('',#3368);
#1043=VERTEX_POINT('',#3370);
#1044=VERTEX_POINT('',#3372);
#1045=VERTEX_POINT('',#3377);
#1046=VERTEX_POINT('',#3381);
#1047=VERTEX_POINT('',#3385);
#1048=VERTEX_POINT('',#3389);
#1049=VERTEX_POINT('',#3393);
#1050=VERTEX_POINT('',#3397);
#1051=VERTEX_POINT('',#3401);
#1052=VERTEX_POINT('',#3409);
#1053=VERTEX_POINT('',#3411);
#1054=VERTEX_POINT('',#3448);
#1055=VERTEX_POINT('',#3454);
#1056=VERTEX_POINT('',#3460);
#1057=VERTEX_POINT('',#3462);
#1058=VERTEX_POINT('',#3466);
#1059=VERTEX_POINT('',#3470);
#1060=VERTEX_POINT('',#3473);
#1061=VERTEX_POINT('',#3475);
#1062=VERTEX_POINT('',#3479);
#1063=VERTEX_POINT('',#3483);
#1064=VERTEX_POINT('',#3486);
#1065=VERTEX_POINT('',#3488);
#1066=VERTEX_POINT('',#3492);
#1067=VERTEX_POINT('',#3496);
#1068=VERTEX_POINT('',#3499);
#1069=VERTEX_POINT('',#3501);
#1070=VERTEX_POINT('',#3505);
#1071=VERTEX_POINT('',#3509);
#1072=VERTEX_POINT('',#3516);
#1073=VERTEX_POINT('',#3518);
#1074=VERTEX_POINT('',#3522);
#1075=VERTEX_POINT('',#3526);
#1076=EDGE_CURVE('',#906,#907,#888,.T.);
#1077=EDGE_CURVE('',#907,#908,#889,.T.);
#1078=EDGE_CURVE('',#908,#909,#890,.F.);
#1079=EDGE_CURVE('',#909,#906,#891,.T.);
#1080=EDGE_CURVE('',#907,#910,#133,.T.);
#1081=EDGE_CURVE('',#911,#910,#892,.T.);
#1082=EDGE_CURVE('',#908,#911,#134,.T.);
#1083=EDGE_CURVE('',#912,#906,#135,.T.);
#1084=EDGE_CURVE('',#913,#912,#893,.T.);
#1085=EDGE_CURVE('',#914,#913,#136,.T.);
#1086=EDGE_CURVE('',#915,#914,#894,.T.);
#1087=EDGE_CURVE('',#916,#915,#137,.T.);
#1088=EDGE_CURVE('',#910,#916,#895,.T.);
#1089=EDGE_CURVE('',#916,#917,#896,.T.);
#1090=EDGE_CURVE('',#911,#917,#897,.T.);
#1091=EDGE_CURVE('',#918,#919,#138,.T.);
#1092=EDGE_CURVE('',#919,#920,#139,.T.);
#1093=EDGE_CURVE('',#921,#920,#140,.T.);
#1094=EDGE_CURVE('',#918,#921,#141,.T.);
#1095=EDGE_CURVE('',#922,#918,#142,.T.);
#1096=EDGE_CURVE('',#923,#921,#143,.T.);
#1097=EDGE_CURVE('',#922,#923,#144,.T.);
#1098=EDGE_CURVE('',#924,#922,#145,.T.);
#1099=EDGE_CURVE('',#925,#923,#146,.T.);
#1100=EDGE_CURVE('',#924,#925,#147,.T.);
#1101=EDGE_CURVE('',#919,#924,#148,.T.);
#1102=EDGE_CURVE('',#920,#925,#149,.T.);
#1103=EDGE_CURVE('',#926,#927,#898,.T.);
#1104=EDGE_CURVE('',#927,#913,#899,.T.);
#1105=EDGE_CURVE('',#912,#926,#900,.T.);
#1106=EDGE_CURVE('',#927,#928,#150,.T.);
#1107=EDGE_CURVE('',#914,#928,#901,.T.);
#1108=EDGE_CURVE('',#928,#929,#902,.T.);
#1109=EDGE_CURVE('',#929,#915,#903,.T.);
#1110=EDGE_CURVE('',#929,#917,#904,.T.);
#1111=EDGE_CURVE('',#909,#926,#905,.T.);
#1112=EDGE_CURVE('',#930,#931,#151,.T.);
#1113=EDGE_CURVE('',#931,#932,#152,.T.);
#1114=EDGE_CURVE('',#932,#933,#153,.T.);
#1115=EDGE_CURVE('',#933,#934,#154,.T.);
#1116=EDGE_CURVE('',#934,#935,#155,.T.);
#1117=EDGE_CURVE('',#936,#935,#156,.T.);
#1118=EDGE_CURVE('',#937,#936,#157,.F.);
#1119=EDGE_CURVE('',#937,#938,#158,.T.);
#1120=EDGE_CURVE('',#939,#938,#159,.T.);
#1121=EDGE_CURVE('',#940,#939,#160,.T.);
#1122=EDGE_CURVE('',#941,#940,#161,.F.);
#1123=EDGE_CURVE('',#930,#941,#162,.T.);
#1124=EDGE_CURVE('',#942,#942,#31,.T.);
#1125=EDGE_CURVE('',#942,#943,#163,.T.);
#1126=EDGE_CURVE('',#943,#943,#32,.T.);
#1127=EDGE_CURVE('',#944,#944,#33,.T.);
#1128=EDGE_CURVE('',#944,#945,#164,.T.);
#1129=EDGE_CURVE('',#945,#945,#34,.T.);
#1130=EDGE_CURVE('',#946,#946,#35,.T.);
#1131=EDGE_CURVE('',#946,#947,#165,.T.);
#1132=EDGE_CURVE('',#947,#947,#36,.T.);
#1133=EDGE_CURVE('',#948,#948,#37,.T.);
#1134=EDGE_CURVE('',#948,#949,#166,.T.);
#1135=EDGE_CURVE('',#949,#949,#38,.T.);
#1136=EDGE_CURVE('',#950,#950,#39,.T.);
#1137=EDGE_CURVE('',#950,#951,#167,.T.);
#1138=EDGE_CURVE('',#951,#951,#40,.T.);
#1139=EDGE_CURVE('',#952,#952,#41,.T.);
#1140=EDGE_CURVE('',#952,#953,#168,.T.);
#1141=EDGE_CURVE('',#953,#953,#42,.T.);
#1142=EDGE_CURVE('',#954,#954,#43,.T.);
#1143=EDGE_CURVE('',#954,#955,#169,.T.);
#1144=EDGE_CURVE('',#955,#955,#44,.T.);
#1145=EDGE_CURVE('',#956,#956,#45,.T.);
#1146=EDGE_CURVE('',#956,#957,#170,.T.);
#1147=EDGE_CURVE('',#957,#957,#46,.T.);
#1148=EDGE_CURVE('',#958,#959,#171,.T.);
#1149=EDGE_CURVE('',#924,#958,#172,.T.);
#1150=EDGE_CURVE('',#919,#959,#173,.T.);
#1151=EDGE_CURVE('',#959,#960,#174,.T.);
#1152=EDGE_CURVE('',#918,#960,#175,.T.);
#1153=EDGE_CURVE('',#960,#961,#176,.T.);
#1154=EDGE_CURVE('',#922,#961,#177,.T.);
#1155=EDGE_CURVE('',#961,#958,#178,.T.);
#1156=EDGE_CURVE('',#962,#963,#179,.T.);
#1157=EDGE_CURVE('',#962,#964,#180,.T.);
#1158=EDGE_CURVE('',#964,#965,#181,.T.);
#1159=EDGE_CURVE('',#965,#963,#182,.T.);
#1160=EDGE_CURVE('',#966,#965,#183,.T.);
#1161=EDGE_CURVE('',#966,#967,#184,.T.);
#1162=EDGE_CURVE('',#967,#968,#185,.T.);
#1163=EDGE_CURVE('',#963,#968,#186,.T.);
#1164=EDGE_CURVE('',#969,#970,#187,.T.);
#1165=EDGE_CURVE('',#969,#971,#188,.T.);
#1166=EDGE_CURVE('',#971,#972,#189,.T.);
#1167=EDGE_CURVE('',#972,#970,#190,.T.);
#1168=EDGE_CURVE('',#970,#973,#191,.T.);
#1169=EDGE_CURVE('',#973,#974,#192,.T.);
#1170=EDGE_CURVE('',#974,#969,#193,.T.);
#1171=EDGE_CURVE('',#975,#930,#194,.T.);
#1172=EDGE_CURVE('',#976,#941,#195,.T.);
#1173=EDGE_CURVE('',#976,#977,#196,.T.);
#1174=EDGE_CURVE('',#936,#977,#197,.T.);
#1175=EDGE_CURVE('',#935,#973,#198,.T.);
#1176=EDGE_CURVE('',#978,#972,#199,.T.);
#1177=EDGE_CURVE('',#979,#978,#47,.T.);
#1178=EDGE_CURVE('',#980,#979,#200,.T.);
#1179=EDGE_CURVE('',#981,#980,#48,.T.);
#1180=EDGE_CURVE('',#982,#981,#201,.T.);
#1181=EDGE_CURVE('',#983,#982,#49,.T.);
#1182=EDGE_CURVE('',#984,#983,#202,.T.);
#1183=EDGE_CURVE('',#985,#984,#203,.T.);
#1184=EDGE_CURVE('',#986,#985,#204,.T.);
#1185=EDGE_CURVE('',#987,#986,#50,.T.);
#1186=EDGE_CURVE('',#988,#987,#205,.T.);
#1187=EDGE_CURVE('',#989,#988,#51,.T.);
#1188=EDGE_CURVE('',#990,#989,#206,.T.);
#1189=EDGE_CURVE('',#991,#990,#52,.T.);
#1190=EDGE_CURVE('',#964,#991,#207,.T.);
#1191=EDGE_CURVE('',#975,#962,#208,.T.);
#1192=EDGE_CURVE('',#992,#992,#53,.T.);
#1193=EDGE_CURVE('',#993,#993,#54,.T.);
#1194=EDGE_CURVE('',#994,#994,#55,.T.);
#1195=EDGE_CURVE('',#995,#995,#56,.T.);
#1196=EDGE_CURVE('',#996,#997,#209,.T.);
#1197=EDGE_CURVE('',#997,#998,#210,.T.);
#1198=EDGE_CURVE('',#998,#999,#211,.T.);
#1199=EDGE_CURVE('',#999,#996,#212,.T.);
#1200=EDGE_CURVE('',#938,#1000,#213,.T.);
#1201=EDGE_CURVE('',#1000,#1001,#214,.T.);
#1202=EDGE_CURVE('',#1001,#939,#215,.T.);
#1203=EDGE_CURVE('',#1002,#1000,#216,.T.);
#1204=EDGE_CURVE('',#938,#1003,#217,.T.);
#1205=EDGE_CURVE('',#1003,#1002,#218,.T.);
#1206=EDGE_CURVE('',#1004,#1002,#219,.T.);
#1207=EDGE_CURVE('',#1003,#1005,#220,.T.);
#1208=EDGE_CURVE('',#1005,#1004,#221,.T.);
#1209=EDGE_CURVE('',#1001,#1004,#222,.T.);
#1210=EDGE_CURVE('',#1005,#939,#223,.T.);
#1211=EDGE_CURVE('',#1006,#937,#224,.T.);
#1212=EDGE_CURVE('',#1006,#1003,#225,.T.);
#1213=EDGE_CURVE('',#1007,#1008,#226,.T.);
#1214=EDGE_CURVE('',#1009,#1008,#227,.T.);
#1215=EDGE_CURVE('',#1010,#1009,#57,.T.);
#1216=EDGE_CURVE('',#1011,#1010,#228,.T.);
#1217=EDGE_CURVE('',#1012,#1011,#58,.T.);
#1218=EDGE_CURVE('',#1013,#1012,#229,.T.);
#1219=EDGE_CURVE('',#1014,#1013,#59,.T.);
#1220=EDGE_CURVE('',#1015,#1014,#230,.T.);
#1221=EDGE_CURVE('',#1016,#1015,#60,.T.);
#1222=EDGE_CURVE('',#1017,#1016,#231,.T.);
#1223=EDGE_CURVE('',#1018,#1017,#61,.T.);
#1224=EDGE_CURVE('',#1019,#1018,#232,.T.);
#1225=EDGE_CURVE('',#1020,#1019,#62,.T.);
#1226=EDGE_CURVE('',#1007,#1020,#233,.T.);
#1227=EDGE_CURVE('',#1008,#1021,#234,.F.);
#1228=EDGE_CURVE('',#1021,#1022,#235,.T.);
#1229=EDGE_CURVE('',#1022,#1009,#236,.T.);
#1230=EDGE_CURVE('',#1023,#1010,#237,.T.);
#1231=EDGE_CURVE('',#1022,#1023,#63,.T.);
#1232=EDGE_CURVE('',#1024,#1011,#238,.T.);
#1233=EDGE_CURVE('',#1023,#1024,#239,.T.);
#1234=EDGE_CURVE('',#1025,#1012,#240,.T.);
#1235=EDGE_CURVE('',#1024,#1025,#64,.T.);
#1236=EDGE_CURVE('',#1026,#1013,#241,.T.);
#1237=EDGE_CURVE('',#1025,#1026,#242,.T.);
#1238=EDGE_CURVE('',#1026,#1027,#65,.T.);
#1239=EDGE_CURVE('',#1027,#1014,#243,.T.);
#1240=EDGE_CURVE('',#1028,#1015,#244,.T.);
#1241=EDGE_CURVE('',#1027,#1028,#245,.T.);
#1242=EDGE_CURVE('',#1028,#1029,#66,.T.);
#1243=EDGE_CURVE('',#1029,#1016,#246,.T.);
#1244=EDGE_CURVE('',#1030,#1017,#247,.T.);
#1245=EDGE_CURVE('',#1029,#1030,#248,.T.);
#1246=EDGE_CURVE('',#1031,#1018,#249,.T.);
#1247=EDGE_CURVE('',#1030,#1031,#67,.T.);
#1248=EDGE_CURVE('',#1032,#1019,#250,.T.);
#1249=EDGE_CURVE('',#1031,#1032,#251,.T.);
#1250=EDGE_CURVE('',#1033,#1020,#252,.T.);
#1251=EDGE_CURVE('',#1032,#1033,#68,.T.);
#1252=EDGE_CURVE('',#1034,#1007,#253,.F.);
#1253=EDGE_CURVE('',#1033,#1034,#254,.T.);
#1254=EDGE_CURVE('',#1035,#1033,#255,.T.);
#1255=EDGE_CURVE('',#1036,#1035,#256,.T.);
#1256=EDGE_CURVE('',#1036,#1034,#257,.T.);
#1257=EDGE_CURVE('',#1037,#1032,#258,.T.);
#1258=EDGE_CURVE('',#1035,#1037,#69,.T.);
#1259=EDGE_CURVE('',#1038,#1031,#259,.T.);
#1260=EDGE_CURVE('',#1037,#1038,#260,.T.);
#1261=EDGE_CURVE('',#1039,#1030,#261,.T.);
#1262=EDGE_CURVE('',#1038,#1039,#70,.T.);
#1263=EDGE_CURVE('',#1040,#1029,#262,.T.);
#1264=EDGE_CURVE('',#1039,#1040,#263,.T.);
#1265=EDGE_CURVE('',#1028,#1041,#264,.T.);
#1266=EDGE_CURVE('',#1040,#1041,#71,.T.);
#1267=EDGE_CURVE('',#1042,#1027,#265,.T.);
#1268=EDGE_CURVE('',#1043,#1042,#266,.T.);
#1269=EDGE_CURVE('',#1044,#1043,#267,.T.);
#1270=EDGE_CURVE('',#1044,#967,#268,.T.);
#1271=EDGE_CURVE('',#1041,#966,#269,.T.);
#1272=EDGE_CURVE('',#1026,#1045,#270,.T.);
#1273=EDGE_CURVE('',#1042,#1045,#72,.T.);
#1274=EDGE_CURVE('',#1046,#1025,#271,.T.);
#1275=EDGE_CURVE('',#1045,#1046,#272,.T.);
#1276=EDGE_CURVE('',#1047,#1024,#273,.T.);
#1277=EDGE_CURVE('',#1046,#1047,#73,.T.);
#1278=EDGE_CURVE('',#1048,#1023,#274,.T.);
#1279=EDGE_CURVE('',#1047,#1048,#275,.T.);
#1280=EDGE_CURVE('',#1049,#1022,#276,.T.);
#1281=EDGE_CURVE('',#1048,#1049,#74,.T.);
#1282=EDGE_CURVE('',#1050,#1021,#277,.T.);
#1283=EDGE_CURVE('',#1049,#1050,#278,.T.);
#1284=EDGE_CURVE('',#963,#1051,#279,.T.);
#1285=EDGE_CURVE('',#1051,#975,#280,.T.);
#1286=EDGE_CURVE('',#1051,#931,#281,.T.);
#1287=EDGE_CURVE('',#974,#934,#282,.T.);
#1288=EDGE_CURVE('',#974,#1052,#283,.T.);
#1289=EDGE_CURVE('',#1052,#1053,#284,.T.);
#1290=EDGE_CURVE('',#1053,#969,#285,.T.);
#1291=EDGE_CURVE('',#1052,#933,#286,.T.);
#1292=EDGE_CURVE('',#1043,#971,#287,.T.);
#1293=EDGE_CURVE('',#1042,#978,#288,.T.);
#1294=EDGE_CURVE('',#1045,#979,#289,.T.);
#1295=EDGE_CURVE('',#1046,#980,#290,.T.);
#1296=EDGE_CURVE('',#1047,#981,#291,.T.);
#1297=EDGE_CURVE('',#1048,#982,#292,.T.);
#1298=EDGE_CURVE('',#1049,#983,#293,.T.);
#1299=EDGE_CURVE('',#1050,#984,#294,.T.);
#1300=EDGE_CURVE('',#1050,#1036,#295,.T.);
#1301=EDGE_CURVE('',#1036,#985,#296,.T.);
#1302=EDGE_CURVE('',#991,#1041,#297,.T.);
#1303=EDGE_CURVE('',#990,#1040,#298,.T.);
#1304=EDGE_CURVE('',#989,#1039,#299,.T.);
#1305=EDGE_CURVE('',#988,#1038,#300,.T.);
#1306=EDGE_CURVE('',#987,#1037,#301,.T.);
#1307=EDGE_CURVE('',#986,#1035,#302,.T.);
#1308=EDGE_CURVE('',#1054,#968,#303,.F.);
#1309=EDGE_CURVE('',#1051,#1054,#304,.T.);
#1310=EDGE_CURVE('',#977,#1006,#305,.F.);
#1311=EDGE_CURVE('',#940,#1055,#306,.T.);
#1312=EDGE_CURVE('',#1055,#976,#307,.F.);
#1313=EDGE_CURVE('',#1055,#1005,#308,.T.);
#1314=EDGE_CURVE('',#1056,#1056,#75,.T.);
#1315=EDGE_CURVE('',#1056,#1057,#309,.T.);
#1316=EDGE_CURVE('',#1057,#1057,#76,.T.);
#1317=EDGE_CURVE('',#1057,#1058,#310,.T.);
#1318=EDGE_CURVE('',#1058,#1058,#77,.T.);
#1319=EDGE_CURVE('',#1059,#1059,#78,.T.);
#1320=EDGE_CURVE('',#1060,#1060,#79,.T.);
#1321=EDGE_CURVE('',#1060,#1061,#311,.T.);
#1322=EDGE_CURVE('',#1061,#1061,#80,.T.);
#1323=EDGE_CURVE('',#1061,#1062,#312,.T.);
#1324=EDGE_CURVE('',#1062,#1062,#81,.T.);
#1325=EDGE_CURVE('',#1063,#1063,#82,.T.);
#1326=EDGE_CURVE('',#1064,#1064,#83,.T.);
#1327=EDGE_CURVE('',#1064,#1065,#313,.T.);
#1328=EDGE_CURVE('',#1065,#1065,#84,.T.);
#1329=EDGE_CURVE('',#1065,#1066,#314,.T.);
#1330=EDGE_CURVE('',#1066,#1066,#85,.T.);
#1331=EDGE_CURVE('',#1067,#1067,#86,.T.);
#1332=EDGE_CURVE('',#1068,#1068,#87,.T.);
#1333=EDGE_CURVE('',#1068,#1069,#315,.T.);
#1334=EDGE_CURVE('',#1069,#1069,#88,.T.);
#1335=EDGE_CURVE('',#1069,#1070,#316,.T.);
#1336=EDGE_CURVE('',#1070,#1070,#89,.T.);
#1337=EDGE_CURVE('',#1071,#1071,#90,.T.);
#1338=EDGE_CURVE('',#996,#1072,#317,.T.);
#1339=EDGE_CURVE('',#1072,#1073,#318,.T.);
#1340=EDGE_CURVE('',#997,#1073,#319,.T.);
#1341=EDGE_CURVE('',#999,#1074,#320,.T.);
#1342=EDGE_CURVE('',#1074,#1072,#321,.T.);
#1343=EDGE_CURVE('',#998,#1075,#322,.T.);
#1344=EDGE_CURVE('',#1075,#1074,#323,.T.);
#1345=EDGE_CURVE('',#1073,#1075,#324,.T.);
#1346=EDGE_CURVE('',#1059,#992,#325,.T.);
#1347=EDGE_CURVE('',#1071,#995,#326,.T.);
#1348=EDGE_CURVE('',#1063,#993,#327,.T.);
#1349=EDGE_CURVE('',#1067,#994,#328,.T.);
#1350=EDGE_CURVE('',#1053,#1044,#329,.T.);
#1351=EDGE_CURVE('',#1054,#1052,#330,.T.);
#1352=EDGE_CURVE('',#1054,#932,#331,.T.);
#1353=ORIENTED_EDGE('',*,*,#1076,.T.);
#1354=ORIENTED_EDGE('',*,*,#1077,.T.);
#1355=ORIENTED_EDGE('',*,*,#1078,.T.);
#1356=ORIENTED_EDGE('',*,*,#1079,.T.);
#1357=ORIENTED_EDGE('',*,*,#1077,.F.);
#1358=ORIENTED_EDGE('',*,*,#1080,.T.);
#1359=ORIENTED_EDGE('',*,*,#1081,.F.);
#1360=ORIENTED_EDGE('',*,*,#1082,.F.);
#1361=ORIENTED_EDGE('',*,*,#1076,.F.);
#1362=ORIENTED_EDGE('',*,*,#1083,.F.);
#1363=ORIENTED_EDGE('',*,*,#1084,.F.);
#1364=ORIENTED_EDGE('',*,*,#1085,.F.);
#1365=ORIENTED_EDGE('',*,*,#1086,.F.);
#1366=ORIENTED_EDGE('',*,*,#1087,.F.);
#1367=ORIENTED_EDGE('',*,*,#1088,.F.);
#1368=ORIENTED_EDGE('',*,*,#1080,.F.);
#1369=ORIENTED_EDGE('',*,*,#1088,.T.);
#1370=ORIENTED_EDGE('',*,*,#1089,.T.);
#1371=ORIENTED_EDGE('',*,*,#1090,.F.);
#1372=ORIENTED_EDGE('',*,*,#1081,.T.);
#1373=ORIENTED_EDGE('',*,*,#1091,.T.);
#1374=ORIENTED_EDGE('',*,*,#1092,.T.);
#1375=ORIENTED_EDGE('',*,*,#1093,.F.);
#1376=ORIENTED_EDGE('',*,*,#1094,.F.);
#1377=ORIENTED_EDGE('',*,*,#1095,.T.);
#1378=ORIENTED_EDGE('',*,*,#1094,.T.);
#1379=ORIENTED_EDGE('',*,*,#1096,.F.);
#1380=ORIENTED_EDGE('',*,*,#1097,.F.);
#1381=ORIENTED_EDGE('',*,*,#1098,.T.);
#1382=ORIENTED_EDGE('',*,*,#1097,.T.);
#1383=ORIENTED_EDGE('',*,*,#1099,.F.);
#1384=ORIENTED_EDGE('',*,*,#1100,.F.);
#1385=ORIENTED_EDGE('',*,*,#1101,.T.);
#1386=ORIENTED_EDGE('',*,*,#1100,.T.);
#1387=ORIENTED_EDGE('',*,*,#1102,.F.);
#1388=ORIENTED_EDGE('',*,*,#1092,.F.);
#1389=ORIENTED_EDGE('',*,*,#1103,.T.);
#1390=ORIENTED_EDGE('',*,*,#1104,.T.);
#1391=ORIENTED_EDGE('',*,*,#1084,.T.);
#1392=ORIENTED_EDGE('',*,*,#1105,.T.);
#1393=ORIENTED_EDGE('',*,*,#1106,.T.);
#1394=ORIENTED_EDGE('',*,*,#1107,.F.);
#1395=ORIENTED_EDGE('',*,*,#1085,.T.);
#1396=ORIENTED_EDGE('',*,*,#1104,.F.);
#1397=ORIENTED_EDGE('',*,*,#1108,.T.);
#1398=ORIENTED_EDGE('',*,*,#1109,.T.);
#1399=ORIENTED_EDGE('',*,*,#1086,.T.);
#1400=ORIENTED_EDGE('',*,*,#1107,.T.);
#1401=ORIENTED_EDGE('',*,*,#1089,.F.);
#1402=ORIENTED_EDGE('',*,*,#1087,.T.);
#1403=ORIENTED_EDGE('',*,*,#1109,.F.);
#1404=ORIENTED_EDGE('',*,*,#1110,.T.);
#1405=ORIENTED_EDGE('',*,*,#1079,.F.);
#1406=ORIENTED_EDGE('',*,*,#1111,.T.);
#1407=ORIENTED_EDGE('',*,*,#1105,.F.);
#1408=ORIENTED_EDGE('',*,*,#1083,.T.);
#1409=ORIENTED_EDGE('',*,*,#1112,.T.);
#1410=ORIENTED_EDGE('',*,*,#1113,.T.);
#1411=ORIENTED_EDGE('',*,*,#1114,.T.);
#1412=ORIENTED_EDGE('',*,*,#1115,.T.);
#1413=ORIENTED_EDGE('',*,*,#1116,.T.);
#1414=ORIENTED_EDGE('',*,*,#1117,.F.);
#1415=ORIENTED_EDGE('',*,*,#1118,.F.);
#1416=ORIENTED_EDGE('',*,*,#1119,.T.);
#1417=ORIENTED_EDGE('',*,*,#1120,.F.);
#1418=ORIENTED_EDGE('',*,*,#1121,.F.);
#1419=ORIENTED_EDGE('',*,*,#1122,.F.);
#1420=ORIENTED_EDGE('',*,*,#1123,.F.);
#1421=ORIENTED_EDGE('',*,*,#1082,.T.);
#1422=ORIENTED_EDGE('',*,*,#1090,.T.);
#1423=ORIENTED_EDGE('',*,*,#1110,.F.);
#1424=ORIENTED_EDGE('',*,*,#1108,.F.);
#1425=ORIENTED_EDGE('',*,*,#1106,.F.);
#1426=ORIENTED_EDGE('',*,*,#1103,.F.);
#1427=ORIENTED_EDGE('',*,*,#1111,.F.);
#1428=ORIENTED_EDGE('',*,*,#1078,.F.);
#1429=ORIENTED_EDGE('',*,*,#1102,.T.);
#1430=ORIENTED_EDGE('',*,*,#1099,.T.);
#1431=ORIENTED_EDGE('',*,*,#1096,.T.);
#1432=ORIENTED_EDGE('',*,*,#1093,.T.);
#1433=ORIENTED_EDGE('',*,*,#1124,.F.);
#1434=ORIENTED_EDGE('',*,*,#1125,.T.);
#1435=ORIENTED_EDGE('',*,*,#1126,.T.);
#1436=ORIENTED_EDGE('',*,*,#1125,.F.);
#1437=ORIENTED_EDGE('',*,*,#1126,.F.);
#1438=ORIENTED_EDGE('',*,*,#1127,.F.);
#1439=ORIENTED_EDGE('',*,*,#1128,.T.);
#1440=ORIENTED_EDGE('',*,*,#1129,.T.);
#1441=ORIENTED_EDGE('',*,*,#1128,.F.);
#1442=ORIENTED_EDGE('',*,*,#1129,.F.);
#1443=ORIENTED_EDGE('',*,*,#1130,.F.);
#1444=ORIENTED_EDGE('',*,*,#1131,.T.);
#1445=ORIENTED_EDGE('',*,*,#1132,.T.);
#1446=ORIENTED_EDGE('',*,*,#1131,.F.);
#1447=ORIENTED_EDGE('',*,*,#1132,.F.);
#1448=ORIENTED_EDGE('',*,*,#1133,.F.);
#1449=ORIENTED_EDGE('',*,*,#1134,.T.);
#1450=ORIENTED_EDGE('',*,*,#1135,.T.);
#1451=ORIENTED_EDGE('',*,*,#1134,.F.);
#1452=ORIENTED_EDGE('',*,*,#1135,.F.);
#1453=ORIENTED_EDGE('',*,*,#1136,.F.);
#1454=ORIENTED_EDGE('',*,*,#1137,.T.);
#1455=ORIENTED_EDGE('',*,*,#1138,.T.);
#1456=ORIENTED_EDGE('',*,*,#1137,.F.);
#1457=ORIENTED_EDGE('',*,*,#1138,.F.);
#1458=ORIENTED_EDGE('',*,*,#1139,.F.);
#1459=ORIENTED_EDGE('',*,*,#1140,.T.);
#1460=ORIENTED_EDGE('',*,*,#1141,.T.);
#1461=ORIENTED_EDGE('',*,*,#1140,.F.);
#1462=ORIENTED_EDGE('',*,*,#1141,.F.);
#1463=ORIENTED_EDGE('',*,*,#1142,.F.);
#1464=ORIENTED_EDGE('',*,*,#1143,.T.);
#1465=ORIENTED_EDGE('',*,*,#1144,.T.);
#1466=ORIENTED_EDGE('',*,*,#1143,.F.);
#1467=ORIENTED_EDGE('',*,*,#1144,.F.);
#1468=ORIENTED_EDGE('',*,*,#1145,.F.);
#1469=ORIENTED_EDGE('',*,*,#1146,.T.);
#1470=ORIENTED_EDGE('',*,*,#1147,.T.);
#1471=ORIENTED_EDGE('',*,*,#1146,.F.);
#1472=ORIENTED_EDGE('',*,*,#1147,.F.);
#1473=ORIENTED_EDGE('',*,*,#1148,.F.);
#1474=ORIENTED_EDGE('',*,*,#1149,.F.);
#1475=ORIENTED_EDGE('',*,*,#1101,.F.);
#1476=ORIENTED_EDGE('',*,*,#1150,.T.);
#1477=ORIENTED_EDGE('',*,*,#1151,.F.);
#1478=ORIENTED_EDGE('',*,*,#1150,.F.);
#1479=ORIENTED_EDGE('',*,*,#1091,.F.);
#1480=ORIENTED_EDGE('',*,*,#1152,.T.);
#1481=ORIENTED_EDGE('',*,*,#1153,.F.);
#1482=ORIENTED_EDGE('',*,*,#1152,.F.);
#1483=ORIENTED_EDGE('',*,*,#1095,.F.);
#1484=ORIENTED_EDGE('',*,*,#1154,.T.);
#1485=ORIENTED_EDGE('',*,*,#1155,.F.);
#1486=ORIENTED_EDGE('',*,*,#1154,.F.);
#1487=ORIENTED_EDGE('',*,*,#1098,.F.);
#1488=ORIENTED_EDGE('',*,*,#1149,.T.);
#1489=ORIENTED_EDGE('',*,*,#1148,.T.);
#1490=ORIENTED_EDGE('',*,*,#1151,.T.);
#1491=ORIENTED_EDGE('',*,*,#1153,.T.);
#1492=ORIENTED_EDGE('',*,*,#1155,.T.);
#1493=ORIENTED_EDGE('',*,*,#1145,.T.);
#1494=ORIENTED_EDGE('',*,*,#1142,.T.);
#1495=ORIENTED_EDGE('',*,*,#1139,.T.);
#1496=ORIENTED_EDGE('',*,*,#1136,.T.);
#1497=ORIENTED_EDGE('',*,*,#1133,.T.);
#1498=ORIENTED_EDGE('',*,*,#1130,.T.);
#1499=ORIENTED_EDGE('',*,*,#1127,.T.);
#1500=ORIENTED_EDGE('',*,*,#1124,.T.);
#1501=ORIENTED_EDGE('',*,*,#1156,.F.);
#1502=ORIENTED_EDGE('',*,*,#1157,.T.);
#1503=ORIENTED_EDGE('',*,*,#1158,.T.);
#1504=ORIENTED_EDGE('',*,*,#1159,.T.);
#1505=ORIENTED_EDGE('',*,*,#1159,.F.);
#1506=ORIENTED_EDGE('',*,*,#1160,.F.);
#1507=ORIENTED_EDGE('',*,*,#1161,.T.);
#1508=ORIENTED_EDGE('',*,*,#1162,.T.);
#1509=ORIENTED_EDGE('',*,*,#1163,.F.);
#1510=ORIENTED_EDGE('',*,*,#1164,.F.);
#1511=ORIENTED_EDGE('',*,*,#1165,.T.);
#1512=ORIENTED_EDGE('',*,*,#1166,.T.);
#1513=ORIENTED_EDGE('',*,*,#1167,.T.);
#1514=ORIENTED_EDGE('',*,*,#1164,.T.);
#1515=ORIENTED_EDGE('',*,*,#1168,.T.);
#1516=ORIENTED_EDGE('',*,*,#1169,.T.);
#1517=ORIENTED_EDGE('',*,*,#1170,.T.);
#1518=ORIENTED_EDGE('',*,*,#1171,.T.);
#1519=ORIENTED_EDGE('',*,*,#1123,.T.);
#1520=ORIENTED_EDGE('',*,*,#1172,.F.);
#1521=ORIENTED_EDGE('',*,*,#1173,.T.);
#1522=ORIENTED_EDGE('',*,*,#1174,.F.);
#1523=ORIENTED_EDGE('',*,*,#1117,.T.);
#1524=ORIENTED_EDGE('',*,*,#1175,.T.);
#1525=ORIENTED_EDGE('',*,*,#1168,.F.);
#1526=ORIENTED_EDGE('',*,*,#1167,.F.);
#1527=ORIENTED_EDGE('',*,*,#1176,.F.);
#1528=ORIENTED_EDGE('',*,*,#1177,.F.);
#1529=ORIENTED_EDGE('',*,*,#1178,.F.);
#1530=ORIENTED_EDGE('',*,*,#1179,.F.);
#1531=ORIENTED_EDGE('',*,*,#1180,.F.);
#1532=ORIENTED_EDGE('',*,*,#1181,.F.);
#1533=ORIENTED_EDGE('',*,*,#1182,.F.);
#1534=ORIENTED_EDGE('',*,*,#1183,.F.);
#1535=ORIENTED_EDGE('',*,*,#1184,.F.);
#1536=ORIENTED_EDGE('',*,*,#1185,.F.);
#1537=ORIENTED_EDGE('',*,*,#1186,.F.);
#1538=ORIENTED_EDGE('',*,*,#1187,.F.);
#1539=ORIENTED_EDGE('',*,*,#1188,.F.);
#1540=ORIENTED_EDGE('',*,*,#1189,.F.);
#1541=ORIENTED_EDGE('',*,*,#1190,.F.);
#1542=ORIENTED_EDGE('',*,*,#1157,.F.);
#1543=ORIENTED_EDGE('',*,*,#1191,.F.);
#1544=ORIENTED_EDGE('',*,*,#1192,.T.);
#1545=ORIENTED_EDGE('',*,*,#1193,.T.);
#1546=ORIENTED_EDGE('',*,*,#1194,.T.);
#1547=ORIENTED_EDGE('',*,*,#1195,.T.);
#1548=ORIENTED_EDGE('',*,*,#1196,.T.);
#1549=ORIENTED_EDGE('',*,*,#1197,.T.);
#1550=ORIENTED_EDGE('',*,*,#1198,.T.);
#1551=ORIENTED_EDGE('',*,*,#1199,.T.);
#1552=ORIENTED_EDGE('',*,*,#1120,.T.);
#1553=ORIENTED_EDGE('',*,*,#1200,.T.);
#1554=ORIENTED_EDGE('',*,*,#1201,.T.);
#1555=ORIENTED_EDGE('',*,*,#1202,.T.);
#1556=ORIENTED_EDGE('',*,*,#1203,.T.);
#1557=ORIENTED_EDGE('',*,*,#1200,.F.);
#1558=ORIENTED_EDGE('',*,*,#1204,.T.);
#1559=ORIENTED_EDGE('',*,*,#1205,.T.);
#1560=ORIENTED_EDGE('',*,*,#1206,.T.);
#1561=ORIENTED_EDGE('',*,*,#1205,.F.);
#1562=ORIENTED_EDGE('',*,*,#1207,.T.);
#1563=ORIENTED_EDGE('',*,*,#1208,.T.);
#1564=ORIENTED_EDGE('',*,*,#1209,.T.);
#1565=ORIENTED_EDGE('',*,*,#1208,.F.);
#1566=ORIENTED_EDGE('',*,*,#1210,.T.);
#1567=ORIENTED_EDGE('',*,*,#1202,.F.);
#1568=ORIENTED_EDGE('',*,*,#1204,.F.);
#1569=ORIENTED_EDGE('',*,*,#1119,.F.);
#1570=ORIENTED_EDGE('',*,*,#1211,.F.);
#1571=ORIENTED_EDGE('',*,*,#1212,.T.);
#1572=ORIENTED_EDGE('',*,*,#1213,.T.);
#1573=ORIENTED_EDGE('',*,*,#1214,.F.);
#1574=ORIENTED_EDGE('',*,*,#1215,.F.);
#1575=ORIENTED_EDGE('',*,*,#1216,.F.);
#1576=ORIENTED_EDGE('',*,*,#1217,.F.);
#1577=ORIENTED_EDGE('',*,*,#1218,.F.);
#1578=ORIENTED_EDGE('',*,*,#1219,.F.);
#1579=ORIENTED_EDGE('',*,*,#1220,.F.);
#1580=ORIENTED_EDGE('',*,*,#1221,.F.);
#1581=ORIENTED_EDGE('',*,*,#1222,.F.);
#1582=ORIENTED_EDGE('',*,*,#1223,.F.);
#1583=ORIENTED_EDGE('',*,*,#1224,.F.);
#1584=ORIENTED_EDGE('',*,*,#1225,.F.);
#1585=ORIENTED_EDGE('',*,*,#1226,.F.);
#1586=ORIENTED_EDGE('',*,*,#1201,.F.);
#1587=ORIENTED_EDGE('',*,*,#1203,.F.);
#1588=ORIENTED_EDGE('',*,*,#1206,.F.);
#1589=ORIENTED_EDGE('',*,*,#1209,.F.);
#1590=ORIENTED_EDGE('',*,*,#1227,.T.);
#1591=ORIENTED_EDGE('',*,*,#1228,.T.);
#1592=ORIENTED_EDGE('',*,*,#1229,.T.);
#1593=ORIENTED_EDGE('',*,*,#1214,.T.);
#1594=ORIENTED_EDGE('',*,*,#1230,.T.);
#1595=ORIENTED_EDGE('',*,*,#1215,.T.);
#1596=ORIENTED_EDGE('',*,*,#1229,.F.);
#1597=ORIENTED_EDGE('',*,*,#1231,.T.);
#1598=ORIENTED_EDGE('',*,*,#1232,.T.);
#1599=ORIENTED_EDGE('',*,*,#1216,.T.);
#1600=ORIENTED_EDGE('',*,*,#1230,.F.);
#1601=ORIENTED_EDGE('',*,*,#1233,.T.);
#1602=ORIENTED_EDGE('',*,*,#1234,.T.);
#1603=ORIENTED_EDGE('',*,*,#1217,.T.);
#1604=ORIENTED_EDGE('',*,*,#1232,.F.);
#1605=ORIENTED_EDGE('',*,*,#1235,.T.);
#1606=ORIENTED_EDGE('',*,*,#1236,.T.);
#1607=ORIENTED_EDGE('',*,*,#1218,.T.);
#1608=ORIENTED_EDGE('',*,*,#1234,.F.);
#1609=ORIENTED_EDGE('',*,*,#1237,.T.);
#1610=ORIENTED_EDGE('',*,*,#1236,.F.);
#1611=ORIENTED_EDGE('',*,*,#1238,.T.);
#1612=ORIENTED_EDGE('',*,*,#1239,.T.);
#1613=ORIENTED_EDGE('',*,*,#1219,.T.);
#1614=ORIENTED_EDGE('',*,*,#1240,.T.);
#1615=ORIENTED_EDGE('',*,*,#1220,.T.);
#1616=ORIENTED_EDGE('',*,*,#1239,.F.);
#1617=ORIENTED_EDGE('',*,*,#1241,.T.);
#1618=ORIENTED_EDGE('',*,*,#1240,.F.);
#1619=ORIENTED_EDGE('',*,*,#1242,.T.);
#1620=ORIENTED_EDGE('',*,*,#1243,.T.);
#1621=ORIENTED_EDGE('',*,*,#1221,.T.);
#1622=ORIENTED_EDGE('',*,*,#1244,.T.);
#1623=ORIENTED_EDGE('',*,*,#1222,.T.);
#1624=ORIENTED_EDGE('',*,*,#1243,.F.);
#1625=ORIENTED_EDGE('',*,*,#1245,.T.);
#1626=ORIENTED_EDGE('',*,*,#1246,.T.);
#1627=ORIENTED_EDGE('',*,*,#1223,.T.);
#1628=ORIENTED_EDGE('',*,*,#1244,.F.);
#1629=ORIENTED_EDGE('',*,*,#1247,.T.);
#1630=ORIENTED_EDGE('',*,*,#1248,.T.);
#1631=ORIENTED_EDGE('',*,*,#1224,.T.);
#1632=ORIENTED_EDGE('',*,*,#1246,.F.);
#1633=ORIENTED_EDGE('',*,*,#1249,.T.);
#1634=ORIENTED_EDGE('',*,*,#1250,.T.);
#1635=ORIENTED_EDGE('',*,*,#1225,.T.);
#1636=ORIENTED_EDGE('',*,*,#1248,.F.);
#1637=ORIENTED_EDGE('',*,*,#1251,.T.);
#1638=ORIENTED_EDGE('',*,*,#1252,.T.);
#1639=ORIENTED_EDGE('',*,*,#1226,.T.);
#1640=ORIENTED_EDGE('',*,*,#1250,.F.);
#1641=ORIENTED_EDGE('',*,*,#1253,.T.);
#1642=ORIENTED_EDGE('',*,*,#1253,.F.);
#1643=ORIENTED_EDGE('',*,*,#1254,.F.);
#1644=ORIENTED_EDGE('',*,*,#1255,.F.);
#1645=ORIENTED_EDGE('',*,*,#1256,.T.);
#1646=ORIENTED_EDGE('',*,*,#1251,.F.);
#1647=ORIENTED_EDGE('',*,*,#1257,.F.);
#1648=ORIENTED_EDGE('',*,*,#1258,.F.);
#1649=ORIENTED_EDGE('',*,*,#1254,.T.);
#1650=ORIENTED_EDGE('',*,*,#1249,.F.);
#1651=ORIENTED_EDGE('',*,*,#1259,.F.);
#1652=ORIENTED_EDGE('',*,*,#1260,.F.);
#1653=ORIENTED_EDGE('',*,*,#1257,.T.);
#1654=ORIENTED_EDGE('',*,*,#1247,.F.);
#1655=ORIENTED_EDGE('',*,*,#1261,.F.);
#1656=ORIENTED_EDGE('',*,*,#1262,.F.);
#1657=ORIENTED_EDGE('',*,*,#1259,.T.);
#1658=ORIENTED_EDGE('',*,*,#1245,.F.);
#1659=ORIENTED_EDGE('',*,*,#1263,.F.);
#1660=ORIENTED_EDGE('',*,*,#1264,.F.);
#1661=ORIENTED_EDGE('',*,*,#1261,.T.);
#1662=ORIENTED_EDGE('',*,*,#1242,.F.);
#1663=ORIENTED_EDGE('',*,*,#1265,.T.);
#1664=ORIENTED_EDGE('',*,*,#1266,.F.);
#1665=ORIENTED_EDGE('',*,*,#1263,.T.);
#1666=ORIENTED_EDGE('',*,*,#1241,.F.);
#1667=ORIENTED_EDGE('',*,*,#1267,.F.);
#1668=ORIENTED_EDGE('',*,*,#1268,.F.);
#1669=ORIENTED_EDGE('',*,*,#1269,.F.);
#1670=ORIENTED_EDGE('',*,*,#1270,.T.);
#1671=ORIENTED_EDGE('',*,*,#1161,.F.);
#1672=ORIENTED_EDGE('',*,*,#1271,.F.);
#1673=ORIENTED_EDGE('',*,*,#1265,.F.);
#1674=ORIENTED_EDGE('',*,*,#1238,.F.);
#1675=ORIENTED_EDGE('',*,*,#1272,.T.);
#1676=ORIENTED_EDGE('',*,*,#1273,.F.);
#1677=ORIENTED_EDGE('',*,*,#1267,.T.);
#1678=ORIENTED_EDGE('',*,*,#1237,.F.);
#1679=ORIENTED_EDGE('',*,*,#1274,.F.);
#1680=ORIENTED_EDGE('',*,*,#1275,.F.);
#1681=ORIENTED_EDGE('',*,*,#1272,.F.);
#1682=ORIENTED_EDGE('',*,*,#1235,.F.);
#1683=ORIENTED_EDGE('',*,*,#1276,.F.);
#1684=ORIENTED_EDGE('',*,*,#1277,.F.);
#1685=ORIENTED_EDGE('',*,*,#1274,.T.);
#1686=ORIENTED_EDGE('',*,*,#1233,.F.);
#1687=ORIENTED_EDGE('',*,*,#1278,.F.);
#1688=ORIENTED_EDGE('',*,*,#1279,.F.);
#1689=ORIENTED_EDGE('',*,*,#1276,.T.);
#1690=ORIENTED_EDGE('',*,*,#1231,.F.);
#1691=ORIENTED_EDGE('',*,*,#1280,.F.);
#1692=ORIENTED_EDGE('',*,*,#1281,.F.);
#1693=ORIENTED_EDGE('',*,*,#1278,.T.);
#1694=ORIENTED_EDGE('',*,*,#1228,.F.);
#1695=ORIENTED_EDGE('',*,*,#1282,.F.);
#1696=ORIENTED_EDGE('',*,*,#1283,.F.);
#1697=ORIENTED_EDGE('',*,*,#1280,.T.);
#1698=ORIENTED_EDGE('',*,*,#1156,.T.);
#1699=ORIENTED_EDGE('',*,*,#1284,.T.);
#1700=ORIENTED_EDGE('',*,*,#1285,.T.);
#1701=ORIENTED_EDGE('',*,*,#1191,.T.);
#1702=ORIENTED_EDGE('',*,*,#1286,.T.);
#1703=ORIENTED_EDGE('',*,*,#1112,.F.);
#1704=ORIENTED_EDGE('',*,*,#1171,.F.);
#1705=ORIENTED_EDGE('',*,*,#1285,.F.);
#1706=ORIENTED_EDGE('',*,*,#1175,.F.);
#1707=ORIENTED_EDGE('',*,*,#1116,.F.);
#1708=ORIENTED_EDGE('',*,*,#1287,.F.);
#1709=ORIENTED_EDGE('',*,*,#1169,.F.);
#1710=ORIENTED_EDGE('',*,*,#1170,.F.);
#1711=ORIENTED_EDGE('',*,*,#1288,.T.);
#1712=ORIENTED_EDGE('',*,*,#1289,.T.);
#1713=ORIENTED_EDGE('',*,*,#1290,.T.);
#1714=ORIENTED_EDGE('',*,*,#1287,.T.);
#1715=ORIENTED_EDGE('',*,*,#1115,.F.);
#1716=ORIENTED_EDGE('',*,*,#1291,.F.);
#1717=ORIENTED_EDGE('',*,*,#1288,.F.);
#1718=ORIENTED_EDGE('',*,*,#1292,.F.);
#1719=ORIENTED_EDGE('',*,*,#1268,.T.);
#1720=ORIENTED_EDGE('',*,*,#1293,.T.);
#1721=ORIENTED_EDGE('',*,*,#1176,.T.);
#1722=ORIENTED_EDGE('',*,*,#1166,.F.);
#1723=ORIENTED_EDGE('',*,*,#1293,.F.);
#1724=ORIENTED_EDGE('',*,*,#1273,.T.);
#1725=ORIENTED_EDGE('',*,*,#1294,.T.);
#1726=ORIENTED_EDGE('',*,*,#1177,.T.);
#1727=ORIENTED_EDGE('',*,*,#1294,.F.);
#1728=ORIENTED_EDGE('',*,*,#1275,.T.);
#1729=ORIENTED_EDGE('',*,*,#1295,.T.);
#1730=ORIENTED_EDGE('',*,*,#1178,.T.);
#1731=ORIENTED_EDGE('',*,*,#1296,.T.);
#1732=ORIENTED_EDGE('',*,*,#1179,.T.);
#1733=ORIENTED_EDGE('',*,*,#1295,.F.);
#1734=ORIENTED_EDGE('',*,*,#1277,.T.);
#1735=ORIENTED_EDGE('',*,*,#1296,.F.);
#1736=ORIENTED_EDGE('',*,*,#1279,.T.);
#1737=ORIENTED_EDGE('',*,*,#1297,.T.);
#1738=ORIENTED_EDGE('',*,*,#1180,.T.);
#1739=ORIENTED_EDGE('',*,*,#1298,.T.);
#1740=ORIENTED_EDGE('',*,*,#1181,.T.);
#1741=ORIENTED_EDGE('',*,*,#1297,.F.);
#1742=ORIENTED_EDGE('',*,*,#1281,.T.);
#1743=ORIENTED_EDGE('',*,*,#1182,.T.);
#1744=ORIENTED_EDGE('',*,*,#1298,.F.);
#1745=ORIENTED_EDGE('',*,*,#1283,.T.);
#1746=ORIENTED_EDGE('',*,*,#1299,.T.);
#1747=ORIENTED_EDGE('',*,*,#1183,.T.);
#1748=ORIENTED_EDGE('',*,*,#1299,.F.);
#1749=ORIENTED_EDGE('',*,*,#1300,.T.);
#1750=ORIENTED_EDGE('',*,*,#1301,.T.);
#1751=ORIENTED_EDGE('',*,*,#1160,.T.);
#1752=ORIENTED_EDGE('',*,*,#1158,.F.);
#1753=ORIENTED_EDGE('',*,*,#1190,.T.);
#1754=ORIENTED_EDGE('',*,*,#1302,.T.);
#1755=ORIENTED_EDGE('',*,*,#1271,.T.);
#1756=ORIENTED_EDGE('',*,*,#1303,.T.);
#1757=ORIENTED_EDGE('',*,*,#1266,.T.);
#1758=ORIENTED_EDGE('',*,*,#1302,.F.);
#1759=ORIENTED_EDGE('',*,*,#1189,.T.);
#1760=ORIENTED_EDGE('',*,*,#1304,.T.);
#1761=ORIENTED_EDGE('',*,*,#1264,.T.);
#1762=ORIENTED_EDGE('',*,*,#1303,.F.);
#1763=ORIENTED_EDGE('',*,*,#1188,.T.);
#1764=ORIENTED_EDGE('',*,*,#1304,.F.);
#1765=ORIENTED_EDGE('',*,*,#1187,.T.);
#1766=ORIENTED_EDGE('',*,*,#1305,.T.);
#1767=ORIENTED_EDGE('',*,*,#1262,.T.);
#1768=ORIENTED_EDGE('',*,*,#1306,.T.);
#1769=ORIENTED_EDGE('',*,*,#1260,.T.);
#1770=ORIENTED_EDGE('',*,*,#1305,.F.);
#1771=ORIENTED_EDGE('',*,*,#1186,.T.);
#1772=ORIENTED_EDGE('',*,*,#1306,.F.);
#1773=ORIENTED_EDGE('',*,*,#1185,.T.);
#1774=ORIENTED_EDGE('',*,*,#1307,.T.);
#1775=ORIENTED_EDGE('',*,*,#1258,.T.);
#1776=ORIENTED_EDGE('',*,*,#1255,.T.);
#1777=ORIENTED_EDGE('',*,*,#1307,.F.);
#1778=ORIENTED_EDGE('',*,*,#1184,.T.);
#1779=ORIENTED_EDGE('',*,*,#1301,.F.);
#1780=ORIENTED_EDGE('',*,*,#1284,.F.);
#1781=ORIENTED_EDGE('',*,*,#1163,.T.);
#1782=ORIENTED_EDGE('',*,*,#1308,.F.);
#1783=ORIENTED_EDGE('',*,*,#1309,.F.);
#1784=ORIENTED_EDGE('',*,*,#1310,.T.);
#1785=ORIENTED_EDGE('',*,*,#1211,.T.);
#1786=ORIENTED_EDGE('',*,*,#1118,.T.);
#1787=ORIENTED_EDGE('',*,*,#1174,.T.);
#1788=ORIENTED_EDGE('',*,*,#1122,.T.);
#1789=ORIENTED_EDGE('',*,*,#1311,.T.);
#1790=ORIENTED_EDGE('',*,*,#1312,.T.);
#1791=ORIENTED_EDGE('',*,*,#1172,.T.);
#1792=ORIENTED_EDGE('',*,*,#1210,.F.);
#1793=ORIENTED_EDGE('',*,*,#1313,.F.);
#1794=ORIENTED_EDGE('',*,*,#1311,.F.);
#1795=ORIENTED_EDGE('',*,*,#1121,.T.);
#1796=ORIENTED_EDGE('',*,*,#1314,.T.);
#1797=ORIENTED_EDGE('',*,*,#1315,.T.);
#1798=ORIENTED_EDGE('',*,*,#1316,.T.);
#1799=ORIENTED_EDGE('',*,*,#1315,.F.);
#1800=ORIENTED_EDGE('',*,*,#1316,.F.);
#1801=ORIENTED_EDGE('',*,*,#1317,.T.);
#1802=ORIENTED_EDGE('',*,*,#1318,.T.);
#1803=ORIENTED_EDGE('',*,*,#1317,.F.);
#1804=ORIENTED_EDGE('',*,*,#1319,.T.);
#1805=ORIENTED_EDGE('',*,*,#1314,.F.);
#1806=ORIENTED_EDGE('',*,*,#1320,.T.);
#1807=ORIENTED_EDGE('',*,*,#1321,.T.);
#1808=ORIENTED_EDGE('',*,*,#1322,.T.);
#1809=ORIENTED_EDGE('',*,*,#1321,.F.);
#1810=ORIENTED_EDGE('',*,*,#1322,.F.);
#1811=ORIENTED_EDGE('',*,*,#1323,.T.);
#1812=ORIENTED_EDGE('',*,*,#1324,.T.);
#1813=ORIENTED_EDGE('',*,*,#1323,.F.);
#1814=ORIENTED_EDGE('',*,*,#1325,.T.);
#1815=ORIENTED_EDGE('',*,*,#1320,.F.);
#1816=ORIENTED_EDGE('',*,*,#1326,.T.);
#1817=ORIENTED_EDGE('',*,*,#1327,.T.);
#1818=ORIENTED_EDGE('',*,*,#1328,.T.);
#1819=ORIENTED_EDGE('',*,*,#1327,.F.);
#1820=ORIENTED_EDGE('',*,*,#1328,.F.);
#1821=ORIENTED_EDGE('',*,*,#1329,.T.);
#1822=ORIENTED_EDGE('',*,*,#1330,.T.);
#1823=ORIENTED_EDGE('',*,*,#1329,.F.);
#1824=ORIENTED_EDGE('',*,*,#1331,.T.);
#1825=ORIENTED_EDGE('',*,*,#1326,.F.);
#1826=ORIENTED_EDGE('',*,*,#1332,.T.);
#1827=ORIENTED_EDGE('',*,*,#1333,.T.);
#1828=ORIENTED_EDGE('',*,*,#1334,.T.);
#1829=ORIENTED_EDGE('',*,*,#1333,.F.);
#1830=ORIENTED_EDGE('',*,*,#1334,.F.);
#1831=ORIENTED_EDGE('',*,*,#1335,.T.);
#1832=ORIENTED_EDGE('',*,*,#1336,.T.);
#1833=ORIENTED_EDGE('',*,*,#1335,.F.);
#1834=ORIENTED_EDGE('',*,*,#1337,.T.);
#1835=ORIENTED_EDGE('',*,*,#1332,.F.);
#1836=ORIENTED_EDGE('',*,*,#1318,.F.);
#1837=ORIENTED_EDGE('',*,*,#1324,.F.);
#1838=ORIENTED_EDGE('',*,*,#1330,.F.);
#1839=ORIENTED_EDGE('',*,*,#1336,.F.);
#1840=ORIENTED_EDGE('',*,*,#1196,.F.);
#1841=ORIENTED_EDGE('',*,*,#1338,.T.);
#1842=ORIENTED_EDGE('',*,*,#1339,.T.);
#1843=ORIENTED_EDGE('',*,*,#1340,.F.);
#1844=ORIENTED_EDGE('',*,*,#1199,.F.);
#1845=ORIENTED_EDGE('',*,*,#1341,.T.);
#1846=ORIENTED_EDGE('',*,*,#1342,.T.);
#1847=ORIENTED_EDGE('',*,*,#1338,.F.);
#1848=ORIENTED_EDGE('',*,*,#1198,.F.);
#1849=ORIENTED_EDGE('',*,*,#1343,.T.);
#1850=ORIENTED_EDGE('',*,*,#1344,.T.);
#1851=ORIENTED_EDGE('',*,*,#1341,.F.);
#1852=ORIENTED_EDGE('',*,*,#1197,.F.);
#1853=ORIENTED_EDGE('',*,*,#1340,.T.);
#1854=ORIENTED_EDGE('',*,*,#1345,.T.);
#1855=ORIENTED_EDGE('',*,*,#1343,.F.);
#1856=ORIENTED_EDGE('',*,*,#1345,.F.);
#1857=ORIENTED_EDGE('',*,*,#1339,.F.);
#1858=ORIENTED_EDGE('',*,*,#1342,.F.);
#1859=ORIENTED_EDGE('',*,*,#1344,.F.);
#1860=ORIENTED_EDGE('',*,*,#1319,.F.);
#1861=ORIENTED_EDGE('',*,*,#1346,.T.);
#1862=ORIENTED_EDGE('',*,*,#1192,.F.);
#1863=ORIENTED_EDGE('',*,*,#1346,.F.);
#1864=ORIENTED_EDGE('',*,*,#1337,.F.);
#1865=ORIENTED_EDGE('',*,*,#1347,.T.);
#1866=ORIENTED_EDGE('',*,*,#1195,.F.);
#1867=ORIENTED_EDGE('',*,*,#1347,.F.);
#1868=ORIENTED_EDGE('',*,*,#1325,.F.);
#1869=ORIENTED_EDGE('',*,*,#1348,.T.);
#1870=ORIENTED_EDGE('',*,*,#1193,.F.);
#1871=ORIENTED_EDGE('',*,*,#1348,.F.);
#1872=ORIENTED_EDGE('',*,*,#1331,.F.);
#1873=ORIENTED_EDGE('',*,*,#1349,.T.);
#1874=ORIENTED_EDGE('',*,*,#1194,.F.);
#1875=ORIENTED_EDGE('',*,*,#1349,.F.);
#1876=ORIENTED_EDGE('',*,*,#1207,.F.);
#1877=ORIENTED_EDGE('',*,*,#1212,.F.);
#1878=ORIENTED_EDGE('',*,*,#1310,.F.);
#1879=ORIENTED_EDGE('',*,*,#1173,.F.);
#1880=ORIENTED_EDGE('',*,*,#1312,.F.);
#1881=ORIENTED_EDGE('',*,*,#1313,.T.);
#1882=ORIENTED_EDGE('',*,*,#1165,.F.);
#1883=ORIENTED_EDGE('',*,*,#1290,.F.);
#1884=ORIENTED_EDGE('',*,*,#1350,.T.);
#1885=ORIENTED_EDGE('',*,*,#1269,.T.);
#1886=ORIENTED_EDGE('',*,*,#1292,.T.);
#1887=ORIENTED_EDGE('',*,*,#1351,.F.);
#1888=ORIENTED_EDGE('',*,*,#1308,.T.);
#1889=ORIENTED_EDGE('',*,*,#1162,.F.);
#1890=ORIENTED_EDGE('',*,*,#1270,.F.);
#1891=ORIENTED_EDGE('',*,*,#1350,.F.);
#1892=ORIENTED_EDGE('',*,*,#1289,.F.);
#1893=ORIENTED_EDGE('',*,*,#1286,.F.);
#1894=ORIENTED_EDGE('',*,*,#1309,.T.);
#1895=ORIENTED_EDGE('',*,*,#1352,.T.);
#1896=ORIENTED_EDGE('',*,*,#1113,.F.);
#1897=ORIENTED_EDGE('',*,*,#1291,.T.);
#1898=ORIENTED_EDGE('',*,*,#1114,.F.);
#1899=ORIENTED_EDGE('',*,*,#1352,.F.);
#1900=ORIENTED_EDGE('',*,*,#1351,.T.);
#1901=ORIENTED_EDGE('',*,*,#1300,.F.);
#1902=ORIENTED_EDGE('',*,*,#1282,.T.);
#1903=ORIENTED_EDGE('',*,*,#1227,.F.);
#1904=ORIENTED_EDGE('',*,*,#1213,.F.);
#1905=ORIENTED_EDGE('',*,*,#1252,.F.);
#1906=ORIENTED_EDGE('',*,*,#1256,.F.);
#1907=B_SPLINE_SURFACE_WITH_KNOTS('',3,3,((#2799,#2800,#2801,#2802),(#2803,
#2804,#2805,#2806),(#2807,#2808,#2809,#2810),(#2811,#2812,#2813,#2814)),
 .UNSPECIFIED.,.F.,.F.,.F.,(4,4),(4,4),(0.,1.),(0.0691117985198361,0.997937421295637),
 .UNSPECIFIED.);
#1908=B_SPLINE_SURFACE_WITH_KNOTS('',3,3,((#2889,#2890,#2891,#2892),(#2893,
#2894,#2895,#2896),(#2897,#2898,#2899,#2900),(#2901,#2902,#2903,#2904)),
 .UNSPECIFIED.,.F.,.F.,.F.,(4,4),(4,4),(0.,1.),(0.0691117985198361,0.997937421295637),
 .UNSPECIFIED.);
#1909=B_SPLINE_SURFACE_WITH_KNOTS('',3,3,((#2940,#2941,#2942,#2943),(#2944,
#2945,#2946,#2947),(#2948,#2949,#2950,#2951),(#2952,#2953,#2954,#2955)),
 .UNSPECIFIED.,.F.,.F.,.F.,(4,4),(4,4),(0.,1.),(-0.0431593657842111,1.31049231506168),
 .UNSPECIFIED.);
#1910=B_SPLINE_SURFACE_WITH_KNOTS('',3,3,((#2980,#2981,#2982,#2983),(#2984,
#2985,#2986,#2987),(#2988,#2989,#2990,#2991),(#2992,#2993,#2994,#2995)),
 .UNSPECIFIED.,.F.,.F.,.F.,(4,4),(4,4),(0.,1.),(-0.0338064863010194,1.02650119369761),
 .UNSPECIFIED.);
#1911=B_SPLINE_SURFACE_WITH_KNOTS('',3,3,((#3008,#3009,#3010,#3011),(#3012,
#3013,#3014,#3015),(#3016,#3017,#3018,#3019),(#3020,#3021,#3022,#3023)),
 .UNSPECIFIED.,.F.,.F.,.F.,(4,4),(4,4),(0.265442402899314,0.771675932694536),
(0.0838471713202471,1.),.UNSPECIFIED.);
#1912=B_SPLINE_SURFACE_WITH_KNOTS('',3,3,((#3028,#3029,#3030,#3031),(#3032,
#3033,#3034,#3035),(#3036,#3037,#3038,#3039),(#3040,#3041,#3042,#3043)),
 .UNSPECIFIED.,.F.,.F.,.F.,(4,4),(4,4),(0.228324067305463,0.734557597100686),
(0.0838471713202472,1.),.UNSPECIFIED.);
#1913=ADVANCED_FACE('',(#614),#1907,.T.);
#1914=ADVANCED_FACE('',(#615),#531,.F.);
#1915=ADVANCED_FACE('',(#616),#532,.T.);
#1916=ADVANCED_FACE('',(#617),#1908,.T.);
#1917=ADVANCED_FACE('',(#618),#533,.T.);
#1918=ADVANCED_FACE('',(#619),#534,.T.);
#1919=ADVANCED_FACE('',(#620),#535,.T.);
#1920=ADVANCED_FACE('',(#621),#536,.T.);
#1921=ADVANCED_FACE('',(#622),#1909,.T.);
#1922=ADVANCED_FACE('',(#623),#537,.F.);
#1923=ADVANCED_FACE('',(#624),#1910,.T.);
#1924=ADVANCED_FACE('',(#625),#1911,.F.);
#1925=ADVANCED_FACE('',(#626),#1912,.F.);
#1926=ADVANCED_FACE('',(#627,#113,#114),#538,.F.);
#1927=ADVANCED_FACE('',(#628),#91,.F.);
#1928=ADVANCED_FACE('',(#629),#539,.T.);
#1929=ADVANCED_FACE('',(#630),#92,.F.);
#1930=ADVANCED_FACE('',(#631),#540,.T.);
#1931=ADVANCED_FACE('',(#632),#93,.F.);
#1932=ADVANCED_FACE('',(#633),#541,.T.);
#1933=ADVANCED_FACE('',(#634),#94,.F.);
#1934=ADVANCED_FACE('',(#635),#542,.T.);
#1935=ADVANCED_FACE('',(#636),#95,.F.);
#1936=ADVANCED_FACE('',(#637),#543,.T.);
#1937=ADVANCED_FACE('',(#638),#96,.F.);
#1938=ADVANCED_FACE('',(#639),#544,.T.);
#1939=ADVANCED_FACE('',(#640),#97,.F.);
#1940=ADVANCED_FACE('',(#641),#545,.T.);
#1941=ADVANCED_FACE('',(#642),#98,.F.);
#1942=ADVANCED_FACE('',(#643),#546,.T.);
#1943=ADVANCED_FACE('',(#644),#547,.F.);
#1944=ADVANCED_FACE('',(#645),#548,.F.);
#1945=ADVANCED_FACE('',(#646),#549,.F.);
#1946=ADVANCED_FACE('',(#647),#550,.F.);
#1947=ADVANCED_FACE('',(#648,#115,#116,#117,#118,#119,#120,#121,#122),#551,
 .T.);
#1948=ADVANCED_FACE('',(#649),#552,.T.);
#1949=ADVANCED_FACE('',(#650),#553,.T.);
#1950=ADVANCED_FACE('',(#651),#554,.T.);
#1951=ADVANCED_FACE('',(#652),#555,.T.);
#1952=ADVANCED_FACE('',(#653,#123,#124,#125,#126,#127),#556,.T.);
#1953=ADVANCED_FACE('',(#654),#557,.T.);
#1954=ADVANCED_FACE('',(#655),#558,.T.);
#1955=ADVANCED_FACE('',(#656),#559,.T.);
#1956=ADVANCED_FACE('',(#657),#560,.T.);
#1957=ADVANCED_FACE('',(#658),#561,.F.);
#1958=ADVANCED_FACE('',(#659,#128),#562,.F.);
#1959=ADVANCED_FACE('',(#660),#563,.T.);
#1960=ADVANCED_FACE('',(#661),#15,.T.);
#1961=ADVANCED_FACE('',(#662),#564,.T.);
#1962=ADVANCED_FACE('',(#663),#16,.T.);
#1963=ADVANCED_FACE('',(#664),#565,.T.);
#1964=ADVANCED_FACE('',(#665),#17,.T.);
#1965=ADVANCED_FACE('',(#666),#566,.T.);
#1966=ADVANCED_FACE('',(#667),#18,.T.);
#1967=ADVANCED_FACE('',(#668),#567,.T.);
#1968=ADVANCED_FACE('',(#669),#19,.T.);
#1969=ADVANCED_FACE('',(#670),#568,.T.);
#1970=ADVANCED_FACE('',(#671),#20,.T.);
#1971=ADVANCED_FACE('',(#672),#569,.T.);
#1972=ADVANCED_FACE('',(#673),#570,.T.);
#1973=ADVANCED_FACE('',(#674),#99,.T.);
#1974=ADVANCED_FACE('',(#675),#571,.T.);
#1975=ADVANCED_FACE('',(#676),#100,.T.);
#1976=ADVANCED_FACE('',(#677),#572,.T.);
#1977=ADVANCED_FACE('',(#678),#101,.T.);
#1978=ADVANCED_FACE('',(#679),#573,.T.);
#1979=ADVANCED_FACE('',(#680),#102,.T.);
#1980=ADVANCED_FACE('',(#681),#574,.T.);
#1981=ADVANCED_FACE('',(#682),#103,.T.);
#1982=ADVANCED_FACE('',(#683),#575,.T.);
#1983=ADVANCED_FACE('',(#684),#104,.T.);
#1984=ADVANCED_FACE('',(#685),#576,.T.);
#1985=ADVANCED_FACE('',(#686),#577,.T.);
#1986=ADVANCED_FACE('',(#687),#578,.T.);
#1987=ADVANCED_FACE('',(#688),#579,.T.);
#1988=ADVANCED_FACE('',(#689),#580,.T.);
#1989=ADVANCED_FACE('',(#690),#581,.T.);
#1990=ADVANCED_FACE('',(#691),#582,.T.);
#1991=ADVANCED_FACE('',(#692),#21,.T.);
#1992=ADVANCED_FACE('',(#693),#583,.T.);
#1993=ADVANCED_FACE('',(#694),#22,.T.);
#1994=ADVANCED_FACE('',(#695),#584,.T.);
#1995=ADVANCED_FACE('',(#696),#23,.T.);
#1996=ADVANCED_FACE('',(#697),#585,.T.);
#1997=ADVANCED_FACE('',(#698),#586,.T.);
#1998=ADVANCED_FACE('',(#699),#587,.T.);
#1999=ADVANCED_FACE('',(#700),#24,.T.);
#2000=ADVANCED_FACE('',(#701),#588,.T.);
#2001=ADVANCED_FACE('',(#702),#25,.T.);
#2002=ADVANCED_FACE('',(#703),#589,.T.);
#2003=ADVANCED_FACE('',(#704),#26,.T.);
#2004=ADVANCED_FACE('',(#705),#590,.T.);
#2005=ADVANCED_FACE('',(#706),#591,.T.);
#2006=ADVANCED_FACE('',(#707),#592,.T.);
#2007=ADVANCED_FACE('',(#708),#593,.T.);
#2008=ADVANCED_FACE('',(#709),#594,.F.);
#2009=ADVANCED_FACE('',(#710),#27,.F.);
#2010=ADVANCED_FACE('',(#711),#105,.F.);
#2011=ADVANCED_FACE('',(#712,#129),#595,.T.);
#2012=ADVANCED_FACE('',(#713),#28,.F.);
#2013=ADVANCED_FACE('',(#714),#106,.F.);
#2014=ADVANCED_FACE('',(#715,#130),#596,.T.);
#2015=ADVANCED_FACE('',(#716),#29,.F.);
#2016=ADVANCED_FACE('',(#717),#107,.F.);
#2017=ADVANCED_FACE('',(#718,#131),#597,.T.);
#2018=ADVANCED_FACE('',(#719),#30,.F.);
#2019=ADVANCED_FACE('',(#720),#108,.F.);
#2020=ADVANCED_FACE('',(#721,#132),#598,.T.);
#2021=ADVANCED_FACE('',(#722),#599,.T.);
#2022=ADVANCED_FACE('',(#723),#600,.T.);
#2023=ADVANCED_FACE('',(#724),#601,.T.);
#2024=ADVANCED_FACE('',(#725),#602,.T.);
#2025=ADVANCED_FACE('',(#726),#603,.F.);
#2026=ADVANCED_FACE('',(#727),#604,.F.);
#2027=ADVANCED_FACE('',(#728),#605,.F.);
#2028=ADVANCED_FACE('',(#729),#606,.F.);
#2029=ADVANCED_FACE('',(#730),#607,.F.);
#2030=ADVANCED_FACE('',(#731),#109,.T.);
#2031=ADVANCED_FACE('',(#732),#110,.T.);
#2032=ADVANCED_FACE('',(#733),#111,.T.);
#2033=ADVANCED_FACE('',(#734),#112,.T.);
#2034=ADVANCED_FACE('',(#735),#608,.F.);
#2035=ADVANCED_FACE('',(#736),#609,.T.);
#2036=ADVANCED_FACE('',(#737),#610,.T.);
#2037=ADVANCED_FACE('',(#738),#611,.T.);
#2038=ADVANCED_FACE('',(#739),#612,.T.);
#2039=ADVANCED_FACE('',(#740),#613,.T.);
#2040=CLOSED_SHELL('',(#1913,#1914,#1915,#1916,#1917,#1918,#1919,#1920,
#1921,#1922,#1923,#1924,#1925,#1926,#1927,#1928,#1929,#1930,#1931,#1932,
#1933,#1934,#1935,#1936,#1937,#1938,#1939,#1940,#1941,#1942,#1943,#1944,
#1945,#1946,#1947,#1948,#1949,#1950,#1951,#1952,#1953,#1954,#1955,#1956,
#1957,#1958,#1959,#1960,#1961,#1962,#1963,#1964,#1965,#1966,#1967,#1968,
#1969,#1970,#1971,#1972,#1973,#1974,#1975,#1976,#1977,#1978,#1979,#1980,
#1981,#1982,#1983,#1984,#1985,#1986,#1987,#1988,#1989,#1990,#1991,#1992,
#1993,#1994,#1995,#1996,#1997,#1998,#1999,#2000,#2001,#2002,#2003,#2004,
#2005,#2006,#2007,#2008,#2009,#2010,#2011,#2012,#2013,#2014,#2015,#2016,
#2017,#2018,#2019,#2020,#2021,#2022,#2023,#2024,#2025,#2026,#2027,#2028,
#2029,#2030,#2031,#2032,#2033,#2034,#2035,#2036,#2037,#2038,#2039));
#2041=DERIVED_UNIT_ELEMENT(#2043,1.);
#2042=DERIVED_UNIT_ELEMENT(#3554,-3.);
#2043=(
MASS_UNIT()
NAMED_UNIT(*)
SI_UNIT(.KILO.,.GRAM.)
);
#2044=DERIVED_UNIT((#2041,#2042));
#2045=MEASURE_REPRESENTATION_ITEM('density measure',
POSITIVE_RATIO_MEASURE(1120.),#2044);
#2046=PROPERTY_DEFINITION_REPRESENTATION(#2051,#2048);
#2047=PROPERTY_DEFINITION_REPRESENTATION(#2052,#2049);
#2048=REPRESENTATION('material name',(#2050),#3551);
#2049=REPRESENTATION('density',(#2045),#3551);
#2050=DESCRIPTIVE_REPRESENTATION_ITEM('Nylon 6','Nylon 6');
#2051=PROPERTY_DEFINITION('material property','material name',#3561);
#2052=PROPERTY_DEFINITION('material property','density of part',#3561);
#2053=AXIS2_PLACEMENT_3D('',#2798,#2235,#2236);
#2054=AXIS2_PLACEMENT_3D('',#2839,#2237,#2238);
#2055=AXIS2_PLACEMENT_3D('',#2848,#2241,#2242);
#2056=AXIS2_PLACEMENT_3D('',#2916,#2246,#2247);
#2057=AXIS2_PLACEMENT_3D('',#2925,#2252,#2253);
#2058=AXIS2_PLACEMENT_3D('',#2931,#2257,#2258);
#2059=AXIS2_PLACEMENT_3D('',#2937,#2262,#2263);
#2060=AXIS2_PLACEMENT_3D('',#2973,#2266,#2267);
#2061=AXIS2_PLACEMENT_3D('',#3048,#2269,#2270);
#2062=AXIS2_PLACEMENT_3D('',#3073,#2283,#2284);
#2063=AXIS2_PLACEMENT_3D('',#3075,#2285,#2286);
#2064=AXIS2_PLACEMENT_3D('',#3078,#2288,#2289);
#2065=AXIS2_PLACEMENT_3D('',#3079,#2290,#2291);
#2066=AXIS2_PLACEMENT_3D('',#3080,#2292,#2293);
#2067=AXIS2_PLACEMENT_3D('',#3082,#2294,#2295);
#2068=AXIS2_PLACEMENT_3D('',#3085,#2297,#2298);
#2069=AXIS2_PLACEMENT_3D('',#3086,#2299,#2300);
#2070=AXIS2_PLACEMENT_3D('',#3087,#2301,#2302);
#2071=AXIS2_PLACEMENT_3D('',#3089,#2303,#2304);
#2072=AXIS2_PLACEMENT_3D('',#3092,#2306,#2307);
#2073=AXIS2_PLACEMENT_3D('',#3093,#2308,#2309);
#2074=AXIS2_PLACEMENT_3D('',#3094,#2310,#2311);
#2075=AXIS2_PLACEMENT_3D('',#3096,#2312,#2313);
#2076=AXIS2_PLACEMENT_3D('',#3099,#2315,#2316);
#2077=AXIS2_PLACEMENT_3D('',#3100,#2317,#2318);
#2078=AXIS2_PLACEMENT_3D('',#3101,#2319,#2320);
#2079=AXIS2_PLACEMENT_3D('',#3103,#2321,#2322);
#2080=AXIS2_PLACEMENT_3D('',#3106,#2324,#2325);
#2081=AXIS2_PLACEMENT_3D('',#3107,#2326,#2327);
#2082=AXIS2_PLACEMENT_3D('',#3108,#2328,#2329);
#2083=AXIS2_PLACEMENT_3D('',#3110,#2330,#2331);
#2084=AXIS2_PLACEMENT_3D('',#3113,#2333,#2334);
#2085=AXIS2_PLACEMENT_3D('',#3114,#2335,#2336);
#2086=AXIS2_PLACEMENT_3D('',#3115,#2337,#2338);
#2087=AXIS2_PLACEMENT_3D('',#3117,#2339,#2340);
#2088=AXIS2_PLACEMENT_3D('',#3120,#2342,#2343);
#2089=AXIS2_PLACEMENT_3D('',#3121,#2344,#2345);
#2090=AXIS2_PLACEMENT_3D('',#3122,#2346,#2347);
#2091=AXIS2_PLACEMENT_3D('',#3124,#2348,#2349);
#2092=AXIS2_PLACEMENT_3D('',#3127,#2351,#2352);
#2093=AXIS2_PLACEMENT_3D('',#3128,#2353,#2354);
#2094=AXIS2_PLACEMENT_3D('',#3129,#2355,#2356);
#2095=AXIS2_PLACEMENT_3D('',#3135,#2360,#2361);
#2096=AXIS2_PLACEMENT_3D('',#3139,#2364,#2365);
#2097=AXIS2_PLACEMENT_3D('',#3143,#2368,#2369);
#2098=AXIS2_PLACEMENT_3D('',#3145,#2371,#2372);
#2099=AXIS2_PLACEMENT_3D('',#3146,#2373,#2374);
#2100=AXIS2_PLACEMENT_3D('',#3155,#2379,#2380);
#2101=AXIS2_PLACEMENT_3D('',#3163,#2385,#2386);
#2102=AXIS2_PLACEMENT_3D('',#3172,#2391,#2392);
#2103=AXIS2_PLACEMENT_3D('',#3178,#2396,#2397);
#2104=AXIS2_PLACEMENT_3D('',#3190,#2404,#2405);
#2105=AXIS2_PLACEMENT_3D('',#3194,#2407,#2408);
#2106=AXIS2_PLACEMENT_3D('',#3198,#2410,#2411);
#2107=AXIS2_PLACEMENT_3D('',#3206,#2415,#2416);
#2108=AXIS2_PLACEMENT_3D('',#3210,#2418,#2419);
#2109=AXIS2_PLACEMENT_3D('',#3214,#2421,#2422);
#2110=AXIS2_PLACEMENT_3D('',#3218,#2425,#2426);
#2111=AXIS2_PLACEMENT_3D('',#3220,#2427,#2428);
#2112=AXIS2_PLACEMENT_3D('',#3222,#2429,#2430);
#2113=AXIS2_PLACEMENT_3D('',#3224,#2431,#2432);
#2114=AXIS2_PLACEMENT_3D('',#3233,#2437,#2438);
#2115=AXIS2_PLACEMENT_3D('',#3239,#2442,#2443);
#2116=AXIS2_PLACEMENT_3D('',#3245,#2447,#2448);
#2117=AXIS2_PLACEMENT_3D('',#3251,#2452,#2453);
#2118=AXIS2_PLACEMENT_3D('',#3254,#2456,#2457);
#2119=AXIS2_PLACEMENT_3D('',#3258,#2460,#2461);
#2120=AXIS2_PLACEMENT_3D('',#3265,#2464,#2465);
#2121=AXIS2_PLACEMENT_3D('',#3269,#2467,#2468);
#2122=AXIS2_PLACEMENT_3D('',#3273,#2470,#2471);
#2123=AXIS2_PLACEMENT_3D('',#3277,#2473,#2474);
#2124=AXIS2_PLACEMENT_3D('',#3281,#2476,#2477);
#2125=AXIS2_PLACEMENT_3D('',#3285,#2479,#2480);
#2126=AXIS2_PLACEMENT_3D('',#3287,#2482,#2483);
#2127=AXIS2_PLACEMENT_3D('',#3293,#2487,#2488);
#2128=AXIS2_PLACEMENT_3D('',#3296,#2490,#2491);
#2129=AXIS2_PLACEMENT_3D('',#3297,#2492,#2493);
#2130=AXIS2_PLACEMENT_3D('',#3301,#2496,#2497);
#2131=AXIS2_PLACEMENT_3D('',#3304,#2499,#2500);
#2132=AXIS2_PLACEMENT_3D('',#3305,#2501,#2502);
#2133=AXIS2_PLACEMENT_3D('',#3309,#2505,#2506);
#2134=AXIS2_PLACEMENT_3D('',#3311,#2507,#2508);
#2135=AXIS2_PLACEMENT_3D('',#3313,#2510,#2511);
#2136=AXIS2_PLACEMENT_3D('',#3317,#2514,#2515);
#2137=AXIS2_PLACEMENT_3D('',#3319,#2516,#2517);
#2138=AXIS2_PLACEMENT_3D('',#3321,#2519,#2520);
#2139=AXIS2_PLACEMENT_3D('',#3325,#2523,#2524);
#2140=AXIS2_PLACEMENT_3D('',#3328,#2526,#2527);
#2141=AXIS2_PLACEMENT_3D('',#3329,#2528,#2529);
#2142=AXIS2_PLACEMENT_3D('',#3333,#2532,#2533);
#2143=AXIS2_PLACEMENT_3D('',#3336,#2535,#2536);
#2144=AXIS2_PLACEMENT_3D('',#3337,#2537,#2538);
#2145=AXIS2_PLACEMENT_3D('',#3341,#2541,#2542);
#2146=AXIS2_PLACEMENT_3D('',#3347,#2546,#2547);
#2147=AXIS2_PLACEMENT_3D('',#3350,#2549,#2550);
#2148=AXIS2_PLACEMENT_3D('',#3351,#2551,#2552);
#2149=AXIS2_PLACEMENT_3D('',#3355,#2555,#2556);
#2150=AXIS2_PLACEMENT_3D('',#3358,#2558,#2559);
#2151=AXIS2_PLACEMENT_3D('',#3359,#2560,#2561);
#2152=AXIS2_PLACEMENT_3D('',#3363,#2564,#2565);
#2153=AXIS2_PLACEMENT_3D('',#3366,#2567,#2568);
#2154=AXIS2_PLACEMENT_3D('',#3367,#2569,#2570);
#2155=AXIS2_PLACEMENT_3D('',#3376,#2576,#2577);
#2156=AXIS2_PLACEMENT_3D('',#3379,#2579,#2580);
#2157=AXIS2_PLACEMENT_3D('',#3380,#2581,#2582);
#2158=AXIS2_PLACEMENT_3D('',#3384,#2585,#2586);
#2159=AXIS2_PLACEMENT_3D('',#3387,#2588,#2589);
#2160=AXIS2_PLACEMENT_3D('',#3388,#2590,#2591);
#2161=AXIS2_PLACEMENT_3D('',#3392,#2594,#2595);
#2162=AXIS2_PLACEMENT_3D('',#3395,#2597,#2598);
#2163=AXIS2_PLACEMENT_3D('',#3396,#2599,#2600);
#2164=AXIS2_PLACEMENT_3D('',#3400,#2603,#2604);
#2165=AXIS2_PLACEMENT_3D('',#3404,#2607,#2608);
#2166=AXIS2_PLACEMENT_3D('',#3406,#2610,#2611);
#2167=AXIS2_PLACEMENT_3D('',#3408,#2613,#2614);
#2168=AXIS2_PLACEMENT_3D('',#3414,#2618,#2619);
#2169=AXIS2_PLACEMENT_3D('',#3416,#2621,#2622);
#2170=AXIS2_PLACEMENT_3D('',#3419,#2625,#2626);
#2171=AXIS2_PLACEMENT_3D('',#3421,#2628,#2629);
#2172=AXIS2_PLACEMENT_3D('',#3423,#2631,#2632);
#2173=AXIS2_PLACEMENT_3D('',#3425,#2634,#2635);
#2174=AXIS2_PLACEMENT_3D('',#3427,#2637,#2638);
#2175=AXIS2_PLACEMENT_3D('',#3429,#2640,#2641);
#2176=AXIS2_PLACEMENT_3D('',#3431,#2643,#2644);
#2177=AXIS2_PLACEMENT_3D('',#3434,#2647,#2648);
#2178=AXIS2_PLACEMENT_3D('',#3436,#2650,#2651);
#2179=AXIS2_PLACEMENT_3D('',#3438,#2653,#2654);
#2180=AXIS2_PLACEMENT_3D('',#3440,#2656,#2657);
#2181=AXIS2_PLACEMENT_3D('',#3442,#2659,#2660);
#2182=AXIS2_PLACEMENT_3D('',#3444,#2662,#2663);
#2183=AXIS2_PLACEMENT_3D('',#3446,#2665,#2666);
#2184=AXIS2_PLACEMENT_3D('',#3447,#2667,#2668);
#2185=AXIS2_PLACEMENT_3D('',#3451,#2671,#2672);
#2186=AXIS2_PLACEMENT_3D('',#3453,#2674,#2675);
#2187=AXIS2_PLACEMENT_3D('',#3457,#2678,#2679);
#2188=AXIS2_PLACEMENT_3D('',#3459,#2681,#2682);
#2189=AXIS2_PLACEMENT_3D('',#3461,#2683,#2684);
#2190=AXIS2_PLACEMENT_3D('',#3464,#2686,#2687);
#2191=AXIS2_PLACEMENT_3D('',#3465,#2688,#2689);
#2192=AXIS2_PLACEMENT_3D('',#3468,#2691,#2692);
#2193=AXIS2_PLACEMENT_3D('',#3469,#2693,#2694);
#2194=AXIS2_PLACEMENT_3D('',#3471,#2695,#2696);
#2195=AXIS2_PLACEMENT_3D('',#3472,#2697,#2698);
#2196=AXIS2_PLACEMENT_3D('',#3474,#2699,#2700);
#2197=AXIS2_PLACEMENT_3D('',#3477,#2702,#2703);
#2198=AXIS2_PLACEMENT_3D('',#3478,#2704,#2705);
#2199=AXIS2_PLACEMENT_3D('',#3481,#2707,#2708);
#2200=AXIS2_PLACEMENT_3D('',#3482,#2709,#2710);
#2201=AXIS2_PLACEMENT_3D('',#3484,#2711,#2712);
#2202=AXIS2_PLACEMENT_3D('',#3485,#2713,#2714);
#2203=AXIS2_PLACEMENT_3D('',#3487,#2715,#2716);
#2204=AXIS2_PLACEMENT_3D('',#3490,#2718,#2719);
#2205=AXIS2_PLACEMENT_3D('',#3491,#2720,#2721);
#2206=AXIS2_PLACEMENT_3D('',#3494,#2723,#2724);
#2207=AXIS2_PLACEMENT_3D('',#3495,#2725,#2726);
#2208=AXIS2_PLACEMENT_3D('',#3497,#2727,#2728);
#2209=AXIS2_PLACEMENT_3D('',#3498,#2729,#2730);
#2210=AXIS2_PLACEMENT_3D('',#3500,#2731,#2732);
#2211=AXIS2_PLACEMENT_3D('',#3503,#2734,#2735);
#2212=AXIS2_PLACEMENT_3D('',#3504,#2736,#2737);
#2213=AXIS2_PLACEMENT_3D('',#3507,#2739,#2740);
#2214=AXIS2_PLACEMENT_3D('',#3508,#2741,#2742);
#2215=AXIS2_PLACEMENT_3D('',#3510,#2743,#2744);
#2216=AXIS2_PLACEMENT_3D('',#3511,#2745,#2746);
#2217=AXIS2_PLACEMENT_3D('',#3512,#2747,#2748);
#2218=AXIS2_PLACEMENT_3D('',#3513,#2749,#2750);
#2219=AXIS2_PLACEMENT_3D('',#3514,#2751,#2752);
#2220=AXIS2_PLACEMENT_3D('',#3515,#2753,#2754);
#2221=AXIS2_PLACEMENT_3D('',#3521,#2758,#2759);
#2222=AXIS2_PLACEMENT_3D('',#3525,#2762,#2763);
#2223=AXIS2_PLACEMENT_3D('',#3529,#2766,#2767);
#2224=AXIS2_PLACEMENT_3D('',#3531,#2769,#2770);
#2225=AXIS2_PLACEMENT_3D('',#3532,#2771,#2772);
#2226=AXIS2_PLACEMENT_3D('',#3534,#2774,#2775);
#2227=AXIS2_PLACEMENT_3D('',#3536,#2777,#2778);
#2228=AXIS2_PLACEMENT_3D('',#3538,#2780,#2781);
#2229=AXIS2_PLACEMENT_3D('',#3540,#2783,#2784);
#2230=AXIS2_PLACEMENT_3D('',#3541,#2785,#2786);
#2231=AXIS2_PLACEMENT_3D('',#3543,#2788,#2789);
#2232=AXIS2_PLACEMENT_3D('',#3545,#2791,#2792);
#2233=AXIS2_PLACEMENT_3D('',#3547,#2794,#2795);
#2234=AXIS2_PLACEMENT_3D('',#3548,#2796,#2797);
#2235=DIRECTION('axis',(0.,0.,1.));
#2236=DIRECTION('refdir',(1.,0.,0.));
#2237=DIRECTION('center_axis',(-0.769894031216285,-1.11820351764016E-16,
0.638171748589311));
#2238=DIRECTION('ref_axis',(0.638171748589311,0.,0.769894031216285));
#2239=DIRECTION('',(6.97313597170113E-26,-1.,3.60105934230886E-19));
#2240=DIRECTION('',(0.,-1.,-1.7521984013112E-16));
#2241=DIRECTION('center_axis',(2.20763313028268E-29,5.59510325030322E-31,
1.));
#2242=DIRECTION('ref_axis',(1.,0.,-2.20763313028268E-29));
#2243=DIRECTION('',(1.,6.97313597170113E-26,0.));
#2244=DIRECTION('',(-6.97313597170113E-26,1.,-3.60105934230886E-19));
#2245=DIRECTION('',(-1.,-6.97313597170113E-26,0.));
#2246=DIRECTION('center_axis',(0.,1.,-7.68320432202813E-17));
#2247=DIRECTION('ref_axis',(0.,7.68320432202813E-17,1.));
#2248=DIRECTION('',(0.,7.68320432202813E-17,1.));
#2249=DIRECTION('',(1.,0.,0.));
#2250=DIRECTION('',(0.,7.68320432202813E-17,1.));
#2251=DIRECTION('',(1.,0.,0.));
#2252=DIRECTION('center_axis',(0.,0.,1.));
#2253=DIRECTION('ref_axis',(0.,-1.,0.));
#2254=DIRECTION('',(0.,-1.,0.));
#2255=DIRECTION('',(0.,-1.,0.));
#2256=DIRECTION('',(1.,0.,0.));
#2257=DIRECTION('center_axis',(0.,-1.,0.));
#2258=DIRECTION('ref_axis',(0.,0.,-1.));
#2259=DIRECTION('',(0.,0.,-1.));
#2260=DIRECTION('',(0.,0.,-1.));
#2261=DIRECTION('',(1.,0.,0.));
#2262=DIRECTION('center_axis',(0.,-1.59814958867891E-8,-1.));
#2263=DIRECTION('ref_axis',(0.,1.,-1.59814958867891E-8));
#2264=DIRECTION('',(0.,1.,-1.59814958867891E-8));
#2265=DIRECTION('',(0.,1.,-1.59814958867891E-8));
#2266=DIRECTION('center_axis',(0.63323779025726,-7.19512096814728E-17,-0.773957299203323));
#2267=DIRECTION('ref_axis',(-0.773957299203323,0.,-0.63323779025726));
#2268=DIRECTION('',(0.,-1.,9.29653480308748E-17));
#2269=DIRECTION('center_axis',(-1.,0.,0.));
#2270=DIRECTION('ref_axis',(0.,1.,0.));
#2271=DIRECTION('',(0.,-0.707106781186547,0.707106781186548));
#2272=DIRECTION('',(0.,0.,1.));
#2273=DIRECTION('',(0.,-1.,0.));
#2274=DIRECTION('',(0.,0.,-1.));
#2275=DIRECTION('',(0.,-0.707106781186547,-0.707106781186548));
#2276=DIRECTION('',(0.,1.,0.));
#2277=DIRECTION('',(0.,0.707106781186548,-0.707106781186547));
#2278=DIRECTION('',(0.,0.,-1.));
#2279=DIRECTION('',(0.,-1.,0.));
#2280=DIRECTION('',(0.,0.,-1.));
#2281=DIRECTION('',(0.,0.707106781186548,0.707106781186547));
#2282=DIRECTION('',(0.,1.,0.));
#2283=DIRECTION('center_axis',(-1.,0.,0.));
#2284=DIRECTION('ref_axis',(0.,1.,0.));
#2285=DIRECTION('center_axis',(-1.,0.,0.));
#2286=DIRECTION('ref_axis',(0.,1.,0.));
#2287=DIRECTION('',(-1.,0.,0.));
#2288=DIRECTION('center_axis',(-1.,0.,0.));
#2289=DIRECTION('ref_axis',(0.,1.,0.));
#2290=DIRECTION('center_axis',(1.,0.,0.));
#2291=DIRECTION('ref_axis',(0.,1.,0.));
#2292=DIRECTION('center_axis',(-1.,0.,0.));
#2293=DIRECTION('ref_axis',(0.,1.,0.));
#2294=DIRECTION('center_axis',(-1.,0.,0.));
#2295=DIRECTION('ref_axis',(0.,1.,0.));
#2296=DIRECTION('',(-1.,0.,0.));
#2297=DIRECTION('center_axis',(-1.,0.,0.));
#2298=DIRECTION('ref_axis',(0.,1.,0.));
#2299=DIRECTION('center_axis',(1.,0.,0.));
#2300=DIRECTION('ref_axis',(0.,1.,0.));
#2301=DIRECTION('center_axis',(-1.,0.,0.));
#2302=DIRECTION('ref_axis',(0.,1.,0.));
#2303=DIRECTION('center_axis',(-1.,0.,0.));
#2304=DIRECTION('ref_axis',(0.,1.,0.));
#2305=DIRECTION('',(-1.,0.,0.));
#2306=DIRECTION('center_axis',(-1.,0.,0.));
#2307=DIRECTION('ref_axis',(0.,1.,0.));
#2308=DIRECTION('center_axis',(1.,0.,0.));
#2309=DIRECTION('ref_axis',(0.,1.,0.));
#2310=DIRECTION('center_axis',(-1.,0.,0.));
#2311=DIRECTION('ref_axis',(0.,1.,0.));
#2312=DIRECTION('center_axis',(-1.,0.,0.));
#2313=DIRECTION('ref_axis',(0.,1.,0.));
#2314=DIRECTION('',(-1.,0.,0.));
#2315=DIRECTION('center_axis',(-1.,0.,0.));
#2316=DIRECTION('ref_axis',(0.,1.,0.));
#2317=DIRECTION('center_axis',(1.,0.,0.));
#2318=DIRECTION('ref_axis',(0.,1.,0.));
#2319=DIRECTION('center_axis',(-1.,0.,0.));
#2320=DIRECTION('ref_axis',(0.,1.,0.));
#2321=DIRECTION('center_axis',(-1.,0.,0.));
#2322=DIRECTION('ref_axis',(0.,1.,0.));
#2323=DIRECTION('',(-1.,0.,0.));
#2324=DIRECTION('center_axis',(-1.,0.,0.));
#2325=DIRECTION('ref_axis',(0.,1.,0.));
#2326=DIRECTION('center_axis',(1.,0.,0.));
#2327=DIRECTION('ref_axis',(0.,1.,0.));
#2328=DIRECTION('center_axis',(-1.,0.,0.));
#2329=DIRECTION('ref_axis',(0.,1.,0.));
#2330=DIRECTION('center_axis',(-1.,0.,0.));
#2331=DIRECTION('ref_axis',(0.,1.,0.));
#2332=DIRECTION('',(-1.,0.,0.));
#2333=DIRECTION('center_axis',(-1.,0.,0.));
#2334=DIRECTION('ref_axis',(0.,1.,0.));
#2335=DIRECTION('center_axis',(1.,0.,0.));
#2336=DIRECTION('ref_axis',(0.,1.,0.));
#2337=DIRECTION('center_axis',(-1.,0.,0.));
#2338=DIRECTION('ref_axis',(0.,1.,0.));
#2339=DIRECTION('center_axis',(-1.,0.,0.));
#2340=DIRECTION('ref_axis',(0.,1.,0.));
#2341=DIRECTION('',(-1.,0.,0.));
#2342=DIRECTION('center_axis',(-1.,0.,0.));
#2343=DIRECTION('ref_axis',(0.,1.,0.));
#2344=DIRECTION('center_axis',(1.,0.,0.));
#2345=DIRECTION('ref_axis',(0.,1.,0.));
#2346=DIRECTION('center_axis',(-1.,0.,0.));
#2347=DIRECTION('ref_axis',(0.,1.,0.));
#2348=DIRECTION('center_axis',(-1.,0.,0.));
#2349=DIRECTION('ref_axis',(0.,1.,0.));
#2350=DIRECTION('',(-1.,0.,0.));
#2351=DIRECTION('center_axis',(-1.,0.,0.));
#2352=DIRECTION('ref_axis',(0.,1.,0.));
#2353=DIRECTION('center_axis',(1.,0.,0.));
#2354=DIRECTION('ref_axis',(0.,1.,0.));
#2355=DIRECTION('center_axis',(-0.0348994967024988,1.59717603913004E-8,
0.999390827019096));
#2356=DIRECTION('ref_axis',(0.,1.,-1.59814958867891E-8));
#2357=DIRECTION('',(0.,-1.,1.59814958867891E-8));
#2358=DIRECTION('',(-0.998782765978136,-0.0348782627430524,-0.0348782621856438));
#2359=DIRECTION('',(-0.9987827659393,0.0348782627416952,-0.0348782632991012));
#2360=DIRECTION('center_axis',(-0.0348994967024996,-0.999390827019096,7.67852392154838E-17));
#2361=DIRECTION('ref_axis',(0.,7.68320432202813E-17,1.));
#2362=DIRECTION('',(0.,-7.68320432202813E-17,-1.));
#2363=DIRECTION('',(-0.998782765958718,0.0348782627423733,0.0348782627423744));
#2364=DIRECTION('center_axis',(-0.0348994967025007,0.,-0.999390827019096));
#2365=DIRECTION('ref_axis',(0.,-1.,0.));
#2366=DIRECTION('',(0.,1.,0.));
#2367=DIRECTION('',(-0.998782765958718,-0.0348782627423744,0.0348782627423744));
#2368=DIRECTION('center_axis',(-0.0348994967025007,0.999390827019096,0.));
#2369=DIRECTION('ref_axis',(0.,0.,-1.));
#2370=DIRECTION('',(0.,0.,1.));
#2371=DIRECTION('center_axis',(1.,0.,0.));
#2372=DIRECTION('ref_axis',(0.,1.,0.));
#2373=DIRECTION('center_axis',(0.,0.707106781186548,0.707106781186547));
#2374=DIRECTION('ref_axis',(1.,0.,0.));
#2375=DIRECTION('',(0.281084637714819,-0.678598344545847,0.678598344545847));
#2376=DIRECTION('',(-1.,0.,0.));
#2377=DIRECTION('',(0.577350269189628,-0.577350269189625,0.577350269189625));
#2378=DIRECTION('',(1.,0.,0.));
#2379=DIRECTION('center_axis',(0.,1.,0.));
#2380=DIRECTION('ref_axis',(0.,0.,1.));
#2381=DIRECTION('',(0.707106781186549,0.,0.707106781186546));
#2382=DIRECTION('',(0.,0.,1.));
#2383=DIRECTION('',(0.544988350595414,0.,0.838443616300637));
#2384=DIRECTION('',(0.,0.,1.));
#2385=DIRECTION('center_axis',(0.,-0.707106781186548,0.707106781186547));
#2386=DIRECTION('ref_axis',(1.,0.,0.));
#2387=DIRECTION('',(-0.281084637714819,-0.678598344545847,-0.678598344545847));
#2388=DIRECTION('',(-1.,0.,0.));
#2389=DIRECTION('',(-0.577350269189628,-0.577350269189625,-0.577350269189625));
#2390=DIRECTION('',(1.,0.,0.));
#2391=DIRECTION('center_axis',(-0.5,-0.5,0.707106781186547));
#2392=DIRECTION('ref_axis',(0.816496580927726,0.,0.577350269189627));
#2393=DIRECTION('',(0.707106781186547,-0.707106781186547,0.));
#2394=DIRECTION('',(0.281084637714818,0.678598344545848,0.678598344545848));
#2395=DIRECTION('',(-0.707106781186548,0.707106781186548,0.));
#2396=DIRECTION('center_axis',(0.,0.,1.));
#2397=DIRECTION('ref_axis',(1.,0.,0.));
#2398=DIRECTION('',(1.,0.,0.));
#2399=DIRECTION('',(-1.,0.,0.));
#2400=DIRECTION('',(6.93889390390723E-17,-1.,0.));
#2401=DIRECTION('',(1.,0.,0.));
#2402=DIRECTION('',(-1.,0.,0.));
#2403=DIRECTION('',(1.0449157878825E-16,1.,0.));
#2404=DIRECTION('center_axis',(0.,0.,-1.));
#2405=DIRECTION('ref_axis',(-0.707106781186548,-0.707106781186548,0.));
#2406=DIRECTION('',(-1.,4.09928501400058E-16,0.));
#2407=DIRECTION('center_axis',(0.,0.,-1.));
#2408=DIRECTION('ref_axis',(-4.44089209850064E-16,-1.,0.));
#2409=DIRECTION('',(0.,-1.,0.));
#2410=DIRECTION('center_axis',(0.,0.,-1.));
#2411=DIRECTION('ref_axis',(1.,0.,0.));
#2412=DIRECTION('',(1.,7.35478226785582E-17,0.));
#2413=DIRECTION('',(0.,-1.,0.));
#2414=DIRECTION('',(-1.,1.10321734017837E-16,0.));
#2415=DIRECTION('center_axis',(0.,0.,-1.));
#2416=DIRECTION('ref_axis',(0.,-1.,0.));
#2417=DIRECTION('',(0.,-1.,0.));
#2418=DIRECTION('center_axis',(0.,0.,-1.));
#2419=DIRECTION('ref_axis',(1.,0.,0.));
#2420=DIRECTION('',(1.,1.36642833800019E-16,0.));
#2421=DIRECTION('center_axis',(0.,0.,-1.));
#2422=DIRECTION('ref_axis',(-0.707106781186548,0.707106781186548,0.));
#2423=DIRECTION('',(1.0449157878825E-16,1.,0.));
#2424=DIRECTION('',(-0.707106781186548,-0.707106781186548,0.));
#2425=DIRECTION('center_axis',(0.,0.,-1.));
#2426=DIRECTION('ref_axis',(0.,-1.,0.));
#2427=DIRECTION('center_axis',(0.,0.,-1.));
#2428=DIRECTION('ref_axis',(0.,-1.,0.));
#2429=DIRECTION('center_axis',(0.,0.,-1.));
#2430=DIRECTION('ref_axis',(-2.4671622769448E-16,-1.,0.));
#2431=DIRECTION('center_axis',(0.,0.,-1.));
#2432=DIRECTION('ref_axis',(-2.4671622769448E-16,-1.,0.));
#2433=DIRECTION('',(1.,-1.60032147693716E-16,0.));
#2434=DIRECTION('',(-2.71891352969426E-16,-1.,0.));
#2435=DIRECTION('',(-1.,3.20064295387432E-16,0.));
#2436=DIRECTION('',(0.,1.,0.));
#2437=DIRECTION('center_axis',(0.707106781186555,0.,-0.70710678118654));
#2438=DIRECTION('ref_axis',(-0.70710678118654,0.,-0.707106781186555));
#2439=DIRECTION('',(-0.577350269189617,-0.57735026918963,-0.57735026918963));
#2440=DIRECTION('',(0.,1.,0.));
#2441=DIRECTION('',(0.577350269189617,-0.57735026918963,0.57735026918963));
#2442=DIRECTION('center_axis',(0.,0.707106781186548,-0.707106781186548));
#2443=DIRECTION('ref_axis',(-1.,0.,0.));
#2444=DIRECTION('',(-1.,0.,0.));
#2445=DIRECTION('',(1.,0.,0.));
#2446=DIRECTION('',(0.577350269189629,-0.577350269189621,-0.577350269189628));
#2447=DIRECTION('center_axis',(-0.707106781186548,-4.9065389333868E-17,
-0.707106781186548));
#2448=DIRECTION('ref_axis',(-0.707106781186548,0.,0.707106781186548));
#2449=DIRECTION('',(6.93889390390723E-17,-1.,0.));
#2450=DIRECTION('',(-6.93889390390723E-17,1.,0.));
#2451=DIRECTION('',(0.577350269189626,0.577350269189626,-0.577350269189626));
#2452=DIRECTION('center_axis',(0.,-0.707106781186548,-0.707106781186548));
#2453=DIRECTION('ref_axis',(-1.,0.,0.));
#2454=DIRECTION('',(1.,0.,0.));
#2455=DIRECTION('',(-1.,0.,0.));
#2456=DIRECTION('center_axis',(0.,-1.,0.));
#2457=DIRECTION('ref_axis',(-1.,0.,0.));
#2458=DIRECTION('',(-1.,0.,0.));
#2459=DIRECTION('',(0.,0.,-1.));
#2460=DIRECTION('center_axis',(0.,0.,1.));
#2461=DIRECTION('ref_axis',(1.,0.,0.));
#2462=DIRECTION('',(0.,-1.,0.));
#2463=DIRECTION('',(-1.,-7.35478226785582E-17,0.));
#2464=DIRECTION('center_axis',(0.,0.,1.));
#2465=DIRECTION('ref_axis',(1.,0.,0.));
#2466=DIRECTION('',(0.,1.,0.));
#2467=DIRECTION('center_axis',(0.,0.,1.));
#2468=DIRECTION('ref_axis',(-4.44089209850064E-16,-1.,0.));
#2469=DIRECTION('',(1.,-4.09928501400058E-16,0.));
#2470=DIRECTION('center_axis',(0.,0.,1.));
#2471=DIRECTION('ref_axis',(-0.707106781186548,-0.707106781186548,0.));
#2472=DIRECTION('',(-1.0449157878825E-16,-1.,0.));
#2473=DIRECTION('center_axis',(0.,0.,1.));
#2474=DIRECTION('ref_axis',(-0.707106781186548,0.707106781186548,0.));
#2475=DIRECTION('',(-1.,-1.36642833800019E-16,0.));
#2476=DIRECTION('center_axis',(0.,0.,1.));
#2477=DIRECTION('ref_axis',(1.,0.,0.));
#2478=DIRECTION('',(0.,1.,0.));
#2479=DIRECTION('center_axis',(0.,0.,1.));
#2480=DIRECTION('ref_axis',(0.,-1.,0.));
#2481=DIRECTION('',(1.,-1.10321734017837E-16,0.));
#2482=DIRECTION('center_axis',(-5.20061641575148E-17,0.707106781186555,
-0.70710678118654));
#2483=DIRECTION('ref_axis',(-1.,0.,7.35478226785598E-17));
#2484=DIRECTION('',(0.,-0.70710678118654,-0.707106781186555));
#2485=DIRECTION('',(1.,7.35478226785582E-17,0.));
#2486=DIRECTION('',(0.,-0.707106781186587,-0.707106781186508));
#2487=DIRECTION('center_axis',(0.,0.,1.));
#2488=DIRECTION('ref_axis',(1.,0.,0.));
#2489=DIRECTION('',(-0.70710678118654,0.,-0.707106781186555));
#2490=DIRECTION('center_axis',(0.,0.,-1.));
#2491=DIRECTION('ref_axis',(1.,0.,0.));
#2492=DIRECTION('center_axis',(0.707106781186555,0.,-0.70710678118654));
#2493=DIRECTION('ref_axis',(-0.70710678118654,0.,-0.707106781186555));
#2494=DIRECTION('',(-0.70710678118654,0.,-0.707106781186555));
#2495=DIRECTION('',(0.,-1.,0.));
#2496=DIRECTION('center_axis',(0.,0.,1.));
#2497=DIRECTION('ref_axis',(-4.44089209850064E-16,-1.,0.));
#2498=DIRECTION('',(0.,0.70710678118654,-0.707106781186555));
#2499=DIRECTION('center_axis',(0.,0.,-1.));
#2500=DIRECTION('ref_axis',(-4.44089209850064E-16,-1.,0.));
#2501=DIRECTION('center_axis',(-2.89863223141623E-16,-0.707106781186555,
-0.70710678118654));
#2502=DIRECTION('ref_axis',(-1.,0.,4.09928501400067E-16));
#2503=DIRECTION('',(3.14018491736758E-14,0.70710678118654,-0.707106781186555));
#2504=DIRECTION('',(-1.,4.09928501400058E-16,0.));
#2505=DIRECTION('center_axis',(0.,0.,1.));
#2506=DIRECTION('ref_axis',(-0.707106781186548,-0.707106781186548,0.));
#2507=DIRECTION('center_axis',(0.,0.,-1.));
#2508=DIRECTION('ref_axis',(-0.707106781186547,-0.707106781186547,0.));
#2509=DIRECTION('',(0.70710678118654,0.,-0.707106781186555));
#2510=DIRECTION('center_axis',(-0.707106781186555,7.38867039380608E-17,
-0.70710678118654));
#2511=DIRECTION('ref_axis',(-0.70710678118654,0.,0.707106781186555));
#2512=DIRECTION('',(0.707106781186524,-3.14018491736765E-14,-0.707106781186571));
#2513=DIRECTION('',(1.0449157878825E-16,1.,0.));
#2514=DIRECTION('center_axis',(0.,0.,1.));
#2515=DIRECTION('ref_axis',(-0.707106781186548,0.707106781186548,0.));
#2516=DIRECTION('center_axis',(0.,0.,-1.));
#2517=DIRECTION('ref_axis',(-0.707106781186547,0.707106781186547,0.));
#2518=DIRECTION('',(0.,-0.70710678118654,-0.707106781186555));
#2519=DIRECTION('center_axis',(-9.66210743805411E-17,0.707106781186555,
-0.70710678118654));
#2520=DIRECTION('ref_axis',(-1.,0.,1.36642833800022E-16));
#2521=DIRECTION('',(0.,-0.70710678118654,-0.707106781186555));
#2522=DIRECTION('',(1.,1.36642833800019E-16,0.));
#2523=DIRECTION('center_axis',(0.,0.,1.));
#2524=DIRECTION('ref_axis',(1.,0.,0.));
#2525=DIRECTION('',(-0.70710678118654,0.,-0.707106781186555));
#2526=DIRECTION('center_axis',(0.,0.,-1.));
#2527=DIRECTION('ref_axis',(1.,0.,0.));
#2528=DIRECTION('center_axis',(0.707106781186555,0.,-0.70710678118654));
#2529=DIRECTION('ref_axis',(-0.70710678118654,0.,-0.707106781186555));
#2530=DIRECTION('',(-0.70710678118654,0.,-0.707106781186555));
#2531=DIRECTION('',(0.,-1.,0.));
#2532=DIRECTION('center_axis',(0.,0.,1.));
#2533=DIRECTION('ref_axis',(0.,-1.,0.));
#2534=DIRECTION('',(0.,0.70710678118654,-0.707106781186555));
#2535=DIRECTION('center_axis',(0.,0.,-1.));
#2536=DIRECTION('ref_axis',(0.,-1.,0.));
#2537=DIRECTION('center_axis',(-7.80092462362749E-17,-0.707106781186579,
-0.707106781186516));
#2538=DIRECTION('ref_axis',(-1.,0.,1.10321734017847E-16));
#2539=DIRECTION('',(0.,-0.707106781186516,0.707106781186579));
#2540=DIRECTION('',(-1.,1.10321734017837E-16,0.));
#2541=DIRECTION('center_axis',(-1.10321734017837E-16,-1.,0.));
#2542=DIRECTION('ref_axis',(-1.,1.10321734017837E-16,0.));
#2543=DIRECTION('',(0.,0.,-1.));
#2544=DIRECTION('',(1.,-1.10321734017837E-16,0.));
#2545=DIRECTION('',(0.,0.,-1.));
#2546=DIRECTION('center_axis',(0.,0.,-1.));
#2547=DIRECTION('ref_axis',(0.,-1.,0.));
#2548=DIRECTION('',(0.,0.,-1.));
#2549=DIRECTION('center_axis',(0.,0.,1.));
#2550=DIRECTION('ref_axis',(0.,-1.,0.));
#2551=DIRECTION('center_axis',(1.,0.,0.));
#2552=DIRECTION('ref_axis',(0.,-1.,0.));
#2553=DIRECTION('',(0.,0.,-1.));
#2554=DIRECTION('',(0.,1.,0.));
#2555=DIRECTION('center_axis',(0.,0.,-1.));
#2556=DIRECTION('ref_axis',(1.,0.,0.));
#2557=DIRECTION('',(0.,0.,-1.));
#2558=DIRECTION('center_axis',(0.,0.,1.));
#2559=DIRECTION('ref_axis',(1.,0.,0.));
#2560=DIRECTION('center_axis',(-1.36642833800019E-16,1.,0.));
#2561=DIRECTION('ref_axis',(1.,1.36642833800019E-16,0.));
#2562=DIRECTION('',(0.,0.,-1.));
#2563=DIRECTION('',(-1.,-1.36642833800019E-16,0.));
#2564=DIRECTION('center_axis',(0.,0.,-1.));
#2565=DIRECTION('ref_axis',(-0.707106781186547,0.707106781186547,0.));
#2566=DIRECTION('',(0.,0.,1.));
#2567=DIRECTION('center_axis',(0.,0.,1.));
#2568=DIRECTION('ref_axis',(-0.707106781186547,0.707106781186547,0.));
#2569=DIRECTION('center_axis',(-1.,1.0449157878825E-16,0.));
#2570=DIRECTION('ref_axis',(1.0449157878825E-16,1.,0.));
#2571=DIRECTION('',(0.,0.,-1.));
#2572=DIRECTION('',(-1.0449157878825E-16,-1.,0.));
#2573=DIRECTION('',(0.,0.,-1.));
#2574=DIRECTION('',(1.0449157878825E-16,1.,0.));
#2575=DIRECTION('',(-1.0449157878825E-16,-1.,0.));
#2576=DIRECTION('center_axis',(0.,0.,-1.));
#2577=DIRECTION('ref_axis',(-0.707106781186547,-0.707106781186547,0.));
#2578=DIRECTION('',(0.,0.,1.));
#2579=DIRECTION('center_axis',(0.,0.,1.));
#2580=DIRECTION('ref_axis',(-0.707106781186547,-0.707106781186547,0.));
#2581=DIRECTION('center_axis',(-4.09928501400058E-16,-1.,0.));
#2582=DIRECTION('ref_axis',(-1.,4.09928501400058E-16,0.));
#2583=DIRECTION('',(0.,0.,-1.));
#2584=DIRECTION('',(1.,-4.09928501400058E-16,0.));
#2585=DIRECTION('center_axis',(0.,0.,-1.));
#2586=DIRECTION('ref_axis',(-4.44089209850064E-16,-1.,0.));
#2587=DIRECTION('',(0.,0.,-1.));
#2588=DIRECTION('center_axis',(0.,0.,1.));
#2589=DIRECTION('ref_axis',(-4.44089209850064E-16,-1.,0.));
#2590=DIRECTION('center_axis',(1.,0.,0.));
#2591=DIRECTION('ref_axis',(0.,-1.,0.));
#2592=DIRECTION('',(0.,0.,-1.));
#2593=DIRECTION('',(0.,1.,0.));
#2594=DIRECTION('center_axis',(0.,0.,-1.));
#2595=DIRECTION('ref_axis',(1.,0.,0.));
#2596=DIRECTION('',(0.,0.,-1.));
#2597=DIRECTION('center_axis',(0.,0.,1.));
#2598=DIRECTION('ref_axis',(1.,0.,0.));
#2599=DIRECTION('center_axis',(-7.35478226785582E-17,1.,0.));
#2600=DIRECTION('ref_axis',(1.,7.35478226785582E-17,0.));
#2601=DIRECTION('',(0.,0.,-1.));
#2602=DIRECTION('',(-1.,-7.35478226785582E-17,0.));
#2603=DIRECTION('center_axis',(-0.5,0.5,0.707106781186547));
#2604=DIRECTION('ref_axis',(0.816496580927726,0.,0.577350269189627));
#2605=DIRECTION('',(0.707106781186547,0.707106781186547,0.));
#2606=DIRECTION('',(-0.281084637714818,0.678598344545848,-0.678598344545848));
#2607=DIRECTION('center_axis',(0.,0.707106781186548,0.707106781186547));
#2608=DIRECTION('ref_axis',(1.,0.,0.));
#2609=DIRECTION('',(1.,0.,0.));
#2610=DIRECTION('center_axis',(0.,-0.707106781186548,0.707106781186547));
#2611=DIRECTION('ref_axis',(1.,0.,0.));
#2612=DIRECTION('',(1.,0.,0.));
#2613=DIRECTION('center_axis',(-0.707106781186548,-0.707106781186548,0.));
#2614=DIRECTION('ref_axis',(0.,0.,1.));
#2615=DIRECTION('',(0.,0.,1.));
#2616=DIRECTION('',(-0.478536612991002,0.478536612991002,-0.73621017383231));
#2617=DIRECTION('',(0.,0.,-1.));
#2618=DIRECTION('center_axis',(0.,-1.,0.));
#2619=DIRECTION('ref_axis',(1.,0.,0.));
#2620=DIRECTION('',(1.,0.,0.));
#2621=DIRECTION('center_axis',(-0.707106781186546,7.38867039380598E-17,
0.707106781186549));
#2622=DIRECTION('ref_axis',(0.707106781186549,0.,0.707106781186546));
#2623=DIRECTION('',(0.707106781186549,0.,0.707106781186546));
#2624=DIRECTION('',(0.707106781186549,0.,0.707106781186546));
#2625=DIRECTION('center_axis',(0.,0.,-1.));
#2626=DIRECTION('ref_axis',(-0.707106781186548,-0.707106781186548,0.));
#2627=DIRECTION('',(3.14018491736756E-15,0.707106781186546,0.707106781186549));
#2628=DIRECTION('center_axis',(-2.8986322314162E-16,-0.707106781186549,
0.707106781186546));
#2629=DIRECTION('ref_axis',(1.,0.,4.09928501400059E-16));
#2630=DIRECTION('',(0.,0.707106781186546,0.707106781186549));
#2631=DIRECTION('center_axis',(0.,0.,-1.));
#2632=DIRECTION('ref_axis',(-4.44089209850064E-16,-1.,0.));
#2633=DIRECTION('',(-0.707106781186546,0.,0.707106781186549));
#2634=DIRECTION('center_axis',(0.707106781186547,0.,0.707106781186548));
#2635=DIRECTION('ref_axis',(0.707106781186548,0.,-0.707106781186547));
#2636=DIRECTION('',(-0.707106781186548,0.,0.707106781186547));
#2637=DIRECTION('center_axis',(0.,0.,-1.));
#2638=DIRECTION('ref_axis',(1.,0.,0.));
#2639=DIRECTION('',(0.,-0.707106781186546,0.707106781186549));
#2640=DIRECTION('center_axis',(-5.20061641575143E-17,0.707106781186547,
0.707106781186548));
#2641=DIRECTION('ref_axis',(1.,0.,7.35478226785582E-17));
#2642=DIRECTION('',(-0.577350269189626,-0.577350269189626,0.577350269189626));
#2643=DIRECTION('center_axis',(0.707106781186548,0.,0.707106781186547));
#2644=DIRECTION('ref_axis',(0.707106781186547,0.,-0.707106781186548));
#2645=DIRECTION('',(0.,1.,0.));
#2646=DIRECTION('',(-0.577350269189625,0.577350269189626,0.577350269189626));
#2647=DIRECTION('center_axis',(-0.707106781186546,7.38867039380598E-17,
0.707106781186549));
#2648=DIRECTION('ref_axis',(0.707106781186549,0.,0.707106781186546));
#2649=DIRECTION('',(-0.707106781186548,3.14018491736755E-15,-0.707106781186547));
#2650=DIRECTION('center_axis',(0.,0.,-1.));
#2651=DIRECTION('ref_axis',(-0.707106781186548,0.707106781186548,0.));
#2652=DIRECTION('',(0.,0.707106781186546,-0.707106781186549));
#2653=DIRECTION('center_axis',(-9.66210743805402E-17,0.707106781186549,
0.707106781186546));
#2654=DIRECTION('ref_axis',(1.,0.,1.3664283380002E-16));
#2655=DIRECTION('',(0.,0.707106781186546,-0.707106781186549));
#2656=DIRECTION('center_axis',(0.,0.,-1.));
#2657=DIRECTION('ref_axis',(1.,0.,0.));
#2658=DIRECTION('',(0.707106781186546,0.,-0.707106781186549));
#2659=DIRECTION('center_axis',(0.707106781186547,0.,0.707106781186548));
#2660=DIRECTION('ref_axis',(0.707106781186548,0.,-0.707106781186547));
#2661=DIRECTION('',(0.707106781186548,0.,-0.707106781186547));
#2662=DIRECTION('center_axis',(0.,0.,-1.));
#2663=DIRECTION('ref_axis',(0.,-1.,0.));
#2664=DIRECTION('',(0.,-0.707106781186546,-0.707106781186549));
#2665=DIRECTION('center_axis',(-7.80092462362715E-17,-0.707106781186548,
0.707106781186547));
#2666=DIRECTION('ref_axis',(1.,0.,1.10321734017838E-16));
#2667=DIRECTION('center_axis',(-0.707106781186548,0.707106781186548,0.));
#2668=DIRECTION('ref_axis',(0.,0.,1.));
#2669=DIRECTION('',(0.478536612991002,0.478536612991002,0.73621017383231));
#2670=DIRECTION('',(0.,0.,1.));
#2671=DIRECTION('center_axis',(0.,0.707106781186547,0.707106781186548));
#2672=DIRECTION('ref_axis',(1.,0.,0.));
#2673=DIRECTION('',(4.9065389333868E-17,-0.707106781186548,0.707106781186547));
#2674=DIRECTION('center_axis',(0.,-0.707106781186547,0.707106781186548));
#2675=DIRECTION('ref_axis',(1.,0.,0.));
#2676=DIRECTION('',(1.,0.,0.));
#2677=DIRECTION('',(4.9065389333868E-17,-0.707106781186548,-0.707106781186547));
#2678=DIRECTION('center_axis',(0.,1.,0.));
#2679=DIRECTION('ref_axis',(1.,0.,0.));
#2680=DIRECTION('',(0.,0.,-1.));
#2681=DIRECTION('center_axis',(0.,0.,1.));
#2682=DIRECTION('ref_axis',(0.,-1.,0.));
#2683=DIRECTION('center_axis',(0.,0.,1.));
#2684=DIRECTION('ref_axis',(0.,-1.,0.));
#2685=DIRECTION('',(8.65956056235495E-17,-0.707106781186549,-0.707106781186546));
#2686=DIRECTION('center_axis',(0.,0.,-1.));
#2687=DIRECTION('ref_axis',(0.,-1.,0.));
#2688=DIRECTION('center_axis',(0.,0.,1.));
#2689=DIRECTION('ref_axis',(0.,-1.,0.));
#2690=DIRECTION('',(0.,0.,-1.));
#2691=DIRECTION('center_axis',(0.,0.,-1.));
#2692=DIRECTION('ref_axis',(0.,-1.,0.));
#2693=DIRECTION('center_axis',(0.,0.,1.));
#2694=DIRECTION('ref_axis',(1.,0.,0.));
#2695=DIRECTION('center_axis',(0.,0.,1.));
#2696=DIRECTION('ref_axis',(0.,-1.,0.));
#2697=DIRECTION('center_axis',(0.,0.,1.));
#2698=DIRECTION('ref_axis',(0.,-1.,0.));
#2699=DIRECTION('center_axis',(0.,0.,1.));
#2700=DIRECTION('ref_axis',(0.,-1.,0.));
#2701=DIRECTION('',(8.65956056235495E-17,-0.707106781186549,-0.707106781186546));
#2702=DIRECTION('center_axis',(0.,0.,-1.));
#2703=DIRECTION('ref_axis',(0.,-1.,0.));
#2704=DIRECTION('center_axis',(0.,0.,1.));
#2705=DIRECTION('ref_axis',(0.,-1.,0.));
#2706=DIRECTION('',(0.,0.,-1.));
#2707=DIRECTION('center_axis',(0.,0.,-1.));
#2708=DIRECTION('ref_axis',(0.,-1.,0.));
#2709=DIRECTION('center_axis',(0.,0.,1.));
#2710=DIRECTION('ref_axis',(1.,0.,0.));
#2711=DIRECTION('center_axis',(0.,0.,1.));
#2712=DIRECTION('ref_axis',(0.,-1.,0.));
#2713=DIRECTION('center_axis',(0.,0.,1.));
#2714=DIRECTION('ref_axis',(-2.92163953848726E-16,-1.,0.));
#2715=DIRECTION('center_axis',(0.,0.,1.));
#2716=DIRECTION('ref_axis',(-2.92163953848726E-16,-1.,0.));
#2717=DIRECTION('',(-1.19995507361159E-16,-0.707106781186549,-0.707106781186546));
#2718=DIRECTION('center_axis',(0.,0.,-1.));
#2719=DIRECTION('ref_axis',(-2.92163953848726E-16,-1.,0.));
#2720=DIRECTION('center_axis',(0.,0.,1.));
#2721=DIRECTION('ref_axis',(-2.92163953848726E-16,-1.,0.));
#2722=DIRECTION('',(0.,0.,-1.));
#2723=DIRECTION('center_axis',(0.,0.,-1.));
#2724=DIRECTION('ref_axis',(-2.92163953848726E-16,-1.,0.));
#2725=DIRECTION('center_axis',(0.,0.,1.));
#2726=DIRECTION('ref_axis',(1.,0.,0.));
#2727=DIRECTION('center_axis',(0.,0.,1.));
#2728=DIRECTION('ref_axis',(-2.4671622769448E-16,-1.,0.));
#2729=DIRECTION('center_axis',(0.,0.,1.));
#2730=DIRECTION('ref_axis',(-2.92163953848726E-16,-1.,0.));
#2731=DIRECTION('center_axis',(0.,0.,1.));
#2732=DIRECTION('ref_axis',(-2.92163953848726E-16,-1.,0.));
#2733=DIRECTION('',(-1.19995507361159E-16,-0.707106781186549,-0.707106781186546));
#2734=DIRECTION('center_axis',(0.,0.,-1.));
#2735=DIRECTION('ref_axis',(-2.92163953848726E-16,-1.,0.));
#2736=DIRECTION('center_axis',(0.,0.,1.));
#2737=DIRECTION('ref_axis',(-2.92163953848726E-16,-1.,0.));
#2738=DIRECTION('',(0.,0.,-1.));
#2739=DIRECTION('center_axis',(0.,0.,-1.));
#2740=DIRECTION('ref_axis',(-2.92163953848726E-16,-1.,0.));
#2741=DIRECTION('center_axis',(0.,0.,1.));
#2742=DIRECTION('ref_axis',(1.,0.,0.));
#2743=DIRECTION('center_axis',(0.,0.,1.));
#2744=DIRECTION('ref_axis',(-2.4671622769448E-16,-1.,0.));
#2745=DIRECTION('center_axis',(0.,0.,1.));
#2746=DIRECTION('ref_axis',(1.,0.,0.));
#2747=DIRECTION('center_axis',(0.,0.,1.));
#2748=DIRECTION('ref_axis',(1.,0.,0.));
#2749=DIRECTION('center_axis',(0.,0.,1.));
#2750=DIRECTION('ref_axis',(1.,0.,0.));
#2751=DIRECTION('center_axis',(0.,0.,1.));
#2752=DIRECTION('ref_axis',(1.,0.,0.));
#2753=DIRECTION('center_axis',(1.60032147693716E-16,1.,0.));
#2754=DIRECTION('ref_axis',(1.,-1.60032147693716E-16,0.));
#2755=DIRECTION('',(0.,0.,-1.));
#2756=DIRECTION('',(1.,-1.60032147693716E-16,0.));
#2757=DIRECTION('',(0.,0.,-1.));
#2758=DIRECTION('center_axis',(-1.,0.,0.));
#2759=DIRECTION('ref_axis',(0.,1.,0.));
#2760=DIRECTION('',(0.,0.,-1.));
#2761=DIRECTION('',(0.,1.,0.));
#2762=DIRECTION('center_axis',(-3.20064295387432E-16,-1.,0.));
#2763=DIRECTION('ref_axis',(-1.,3.20064295387432E-16,0.));
#2764=DIRECTION('',(0.,0.,-1.));
#2765=DIRECTION('',(-1.,3.20064295387432E-16,0.));
#2766=DIRECTION('center_axis',(1.,-2.71891352969426E-16,0.));
#2767=DIRECTION('ref_axis',(-2.71891352969426E-16,-1.,0.));
#2768=DIRECTION('',(-2.71891352969426E-16,-1.,0.));
#2769=DIRECTION('center_axis',(0.,0.,-1.));
#2770=DIRECTION('ref_axis',(-1.,0.,0.));
#2771=DIRECTION('center_axis',(0.,0.,1.));
#2772=DIRECTION('ref_axis',(0.,-1.,0.));
#2773=DIRECTION('',(0.,0.,-1.));
#2774=DIRECTION('center_axis',(0.,0.,1.));
#2775=DIRECTION('ref_axis',(-2.4671622769448E-16,-1.,0.));
#2776=DIRECTION('',(0.,0.,-1.));
#2777=DIRECTION('center_axis',(0.,0.,1.));
#2778=DIRECTION('ref_axis',(0.,-1.,0.));
#2779=DIRECTION('',(0.,0.,-1.));
#2780=DIRECTION('center_axis',(0.,0.,1.));
#2781=DIRECTION('ref_axis',(-2.4671622769448E-16,-1.,0.));
#2782=DIRECTION('',(0.,0.,-1.));
#2783=DIRECTION('center_axis',(1.,6.93889390390723E-17,0.));
#2784=DIRECTION('ref_axis',(6.93889390390723E-17,-1.,0.));
#2785=DIRECTION('center_axis',(0.,-1.,0.));
#2786=DIRECTION('ref_axis',(0.,0.,-1.));
#2787=DIRECTION('',(-0.544988350595414,0.,-0.838443616300637));
#2788=DIRECTION('center_axis',(-0.838443616300637,0.,0.544988350595414));
#2789=DIRECTION('ref_axis',(0.544988350595414,0.,0.838443616300637));
#2790=DIRECTION('',(0.,-1.,0.));
#2791=DIRECTION('center_axis',(0.,1.,0.));
#2792=DIRECTION('ref_axis',(-1.,0.,0.));
#2793=DIRECTION('',(1.,0.,0.));
#2794=DIRECTION('center_axis',(0.,0.,1.));
#2795=DIRECTION('ref_axis',(1.,0.,0.));
#2796=DIRECTION('center_axis',(1.,0.,0.));
#2797=DIRECTION('ref_axis',(0.,-1.,0.));
#2798=CARTESIAN_POINT('',(0.,0.,0.));
#2799=CARTESIAN_POINT('Ctrl Pts',(-40.,3.03507147746365,-2.94359430604983));
#2800=CARTESIAN_POINT('Ctrl Pts',(-35.65,3.18987574792629,2.30427046263344));
#2801=CARTESIAN_POINT('Ctrl Pts',(-31.3,3.34468001838892,7.55213523131672));
#2802=CARTESIAN_POINT('Ctrl Pts',(-26.95,3.49948428885155,12.8));
#2803=CARTESIAN_POINT('Ctrl Pts',(-40.5224234132516,3.68215624648465,-2.52964111598056));
#2804=CARTESIAN_POINT('Ctrl Pts',(-36.1727484843983,3.84576289139854,2.7182334498936));
#2805=CARTESIAN_POINT('Ctrl Pts',(-31.8230760784412,4.01111236286117,7.96605869620539));
#2806=CARTESIAN_POINT('Ctrl Pts',(-27.4730051986591,4.18226921253187,13.2133823350631));
#2807=CARTESIAN_POINT('Ctrl Pts',(-41.0448468265032,4.32924101550564,-2.11568792591129));
#2808=CARTESIAN_POINT('Ctrl Pts',(-36.6954969687965,4.5016500348708,3.13219643715374));
#2809=CARTESIAN_POINT('Ctrl Pts',(-32.3461521568824,4.67754470733343,8.37998216109407));
#2810=CARTESIAN_POINT('Ctrl Pts',(-27.9960103973182,4.86505413621218,13.6267646701263));
#2811=CARTESIAN_POINT('Ctrl Pts',(-41.5672702397547,4.97632578452663,-1.70173473584201));
#2812=CARTESIAN_POINT('Ctrl Pts',(-37.2182454531948,5.15753717834305,3.5461594244139));
#2813=CARTESIAN_POINT('Ctrl Pts',(-32.8692282353237,5.34397705180568,8.79390562598274));
#2814=CARTESIAN_POINT('Ctrl Pts',(-28.5190155959773,5.5478390598925,14.0401470051894));
#2815=CARTESIAN_POINT('',(-29.5473001612365,5.5,12.8));
#2816=CARTESIAN_POINT('',(-26.95,3.49948428885155,12.8));
#2817=CARTESIAN_POINT('Ctrl Pts',(-29.5473001612365,5.5,12.8));
#2818=CARTESIAN_POINT('Ctrl Pts',(-29.115266977417,5.16908614011425,12.8));
#2819=CARTESIAN_POINT('Ctrl Pts',(-28.6835889659696,4.83755085375822,12.8));
#2820=CARTESIAN_POINT('Ctrl Pts',(-27.817853210656,4.17077844533094,12.8));
#2821=CARTESIAN_POINT('Ctrl Pts',(-27.3836452114518,3.83541065161945,12.8));
#2822=CARTESIAN_POINT('Ctrl Pts',(-26.95,3.49948428885155,12.8));
#2823=CARTESIAN_POINT('',(-40.,3.03507147746365,-2.94359430604983));
#2824=CARTESIAN_POINT('Ctrl Pts',(-26.95,3.49948428885155,12.8));
#2825=CARTESIAN_POINT('Ctrl Pts',(-31.3,3.34468001838892,7.55213523131672));
#2826=CARTESIAN_POINT('Ctrl Pts',(-35.65,3.18987574792629,2.30427046263344));
#2827=CARTESIAN_POINT('Ctrl Pts',(-40.,3.03507147746365,-2.94359430604983));
#2828=CARTESIAN_POINT('',(-40.,5.04192358566025,0.189439253095739));
#2829=CARTESIAN_POINT('Ctrl Pts',(-40.,5.04192358566025,0.189439253095743));
#2830=CARTESIAN_POINT('Ctrl Pts',(-40.,4.70835570830299,-0.328764456598828));
#2831=CARTESIAN_POINT('Ctrl Pts',(-40.,4.37531778331742,-0.847447362964168));
#2832=CARTESIAN_POINT('Ctrl Pts',(-40.,3.70641155229665,-1.891729712));
#2833=CARTESIAN_POINT('Ctrl Pts',(-40.,3.3704321496983,-2.41753352578241));
#2834=CARTESIAN_POINT('Ctrl Pts',(-40.,3.03507147746365,-2.94359430604983));
#2835=CARTESIAN_POINT('Ctrl Pts',(-40.000005802677,5.0418765989402,0.189445697251824));
#2836=CARTESIAN_POINT('Ctrl Pts',(-36.5160659711717,5.18818907780657,4.39339738929026));
#2837=CARTESIAN_POINT('Ctrl Pts',(-33.0320382614288,5.33879682145124,8.5971495343301));
#2838=CARTESIAN_POINT('Ctrl Pts',(-29.5473042389468,5.49996835738645,12.8000045944065));
#2839=CARTESIAN_POINT('Origin',(-41.,5.,-4.15));
#2840=CARTESIAN_POINT('',(-26.95,-3.49948428885155,12.8));
#2841=CARTESIAN_POINT('',(-26.95,5.5,12.8));
#2842=CARTESIAN_POINT('',(-40.,-3.03507147746365,-2.94359430604984));
#2843=CARTESIAN_POINT('Ctrl Pts',(-40.,-3.03507147746365,-2.94359430604984));
#2844=CARTESIAN_POINT('Ctrl Pts',(-35.65,-3.18987574792628,2.30427046263344));
#2845=CARTESIAN_POINT('Ctrl Pts',(-31.3,-3.34468001838892,7.55213523131672));
#2846=CARTESIAN_POINT('Ctrl Pts',(-26.95,-3.49948428885155,12.8));
#2847=CARTESIAN_POINT('',(-40.,-3.5,-2.94359430604983));
#2848=CARTESIAN_POINT('Origin',(-30.95,-9.71445146547012E-16,12.8));
#2849=CARTESIAN_POINT('',(-31.801197356924,5.5,12.8));
#2850=CARTESIAN_POINT('',(-34.95,5.5,12.8));
#2851=CARTESIAN_POINT('',(-34.95,3.49591285795978,12.8));
#2852=CARTESIAN_POINT('Ctrl Pts',(-34.95,3.49591285795978,12.8));
#2853=CARTESIAN_POINT('Ctrl Pts',(-34.5007658836012,3.79178045853823,12.7999892359898));
#2854=CARTESIAN_POINT('Ctrl Pts',(-34.0495418064892,4.08494859087094,12.7999860385163));
#2855=CARTESIAN_POINT('Ctrl Pts',(-33.5964095164296,4.37493597681884,12.7999866978129));
#2856=CARTESIAN_POINT('Ctrl Pts',(-33.5268732050094,4.41943656443878,12.7999867989866));
#2857=CARTESIAN_POINT('Ctrl Pts',(-33.457291984109,4.46386216192743,12.7999870328652));
#2858=CARTESIAN_POINT('Ctrl Pts',(-33.3876661789132,4.50821093540003,12.7999874319863));
#2859=CARTESIAN_POINT('Ctrl Pts',(-32.9664067237467,4.77653587753658,12.7999898468032));
#2860=CARTESIAN_POINT('Ctrl Pts',(-32.5433346961713,5.04216633464245,12.7999973446402));
#2861=CARTESIAN_POINT('Ctrl Pts',(-32.1184214111225,5.30474869762577,12.799999286478));
#2862=CARTESIAN_POINT('Ctrl Pts',(-32.0127938933434,5.37002301168096,12.7999997691918));
#2863=CARTESIAN_POINT('Ctrl Pts',(-31.9070526510779,5.43510874198515,12.8));
#2864=CARTESIAN_POINT('Ctrl Pts',(-31.801197356924,5.5,12.8));
#2865=CARTESIAN_POINT('',(-34.95,-3.49591285795978,12.8));
#2866=CARTESIAN_POINT('',(-34.95,-5.5,12.8));
#2867=CARTESIAN_POINT('',(-31.801197356924,-5.5,12.8));
#2868=CARTESIAN_POINT('Ctrl Pts',(-31.801197356924,-5.5,12.8));
#2869=CARTESIAN_POINT('Ctrl Pts',(-32.2267353387691,-5.23913732708647,12.8));
#2870=CARTESIAN_POINT('Ctrl Pts',(-32.6504277302686,-4.97513666864337,12.7999946497478));
#2871=CARTESIAN_POINT('Ctrl Pts',(-33.0723013705315,-4.70836178330677,12.7999901188925));
#2872=CARTESIAN_POINT('Ctrl Pts',(-33.1681468856202,-4.64775317006918,12.799989089527));
#2873=CARTESIAN_POINT('Ctrl Pts',(-33.2638985728873,-4.58700117137927,12.7999881801615));
#2874=CARTESIAN_POINT('Ctrl Pts',(-33.3595568297587,-4.5261097174381,12.799987598099));
#2875=CARTESIAN_POINT('Ctrl Pts',(-33.8130781495516,-4.23741981801182,12.799984838507));
#2876=CARTESIAN_POINT('Ctrl Pts',(-34.2647059247097,-3.94546693201369,12.7999872944197));
#2877=CARTESIAN_POINT('Ctrl Pts',(-34.7143570274544,-3.65073868555011,12.7999951527968));
#2878=CARTESIAN_POINT('Ctrl Pts',(-34.7929651949206,-3.5992141875257,12.7999965266011));
#2879=CARTESIAN_POINT('Ctrl Pts',(-34.8715129858666,-3.54760475690628,12.7999981193881));
#2880=CARTESIAN_POINT('Ctrl Pts',(-34.95,-3.49591285795978,12.8));
#2881=CARTESIAN_POINT('',(-29.5473001612365,-5.5,12.8));
#2882=CARTESIAN_POINT('',(-26.95,-5.5,12.8));
#2883=CARTESIAN_POINT('Ctrl Pts',(-26.95,-3.49948428885155,12.8));
#2884=CARTESIAN_POINT('Ctrl Pts',(-27.3810817687072,-3.83342486237371,12.8));
#2885=CARTESIAN_POINT('Ctrl Pts',(-27.812719227876,-4.16681309230414,12.8));
#2886=CARTESIAN_POINT('Ctrl Pts',(-28.6784441921883,-4.83359955837912,12.8));
#2887=CARTESIAN_POINT('Ctrl Pts',(-29.1126927039156,-5.16711438698823,12.8));
#2888=CARTESIAN_POINT('Ctrl Pts',(-29.5473001612365,-5.5,12.8));
#2889=CARTESIAN_POINT('Ctrl Pts',(-41.5672702397547,-4.97632578452663,-1.70173473584201));
#2890=CARTESIAN_POINT('Ctrl Pts',(-37.2182454531948,-5.15753717834305,3.5461594244139));
#2891=CARTESIAN_POINT('Ctrl Pts',(-32.8692282353237,-5.34397705180568,8.79390562598275));
#2892=CARTESIAN_POINT('Ctrl Pts',(-28.5190155959773,-5.5478390598925,14.0401470051894));
#2893=CARTESIAN_POINT('Ctrl Pts',(-41.0448468265032,-4.32924101550563,-2.11568792591129));
#2894=CARTESIAN_POINT('Ctrl Pts',(-36.6954969687965,-4.5016500348708,3.13219643715374));
#2895=CARTESIAN_POINT('Ctrl Pts',(-32.3461521568824,-4.67754470733343,8.37998216109408));
#2896=CARTESIAN_POINT('Ctrl Pts',(-27.9960103973182,-4.86505413621218,13.6267646701263));
#2897=CARTESIAN_POINT('Ctrl Pts',(-40.5224234132516,-3.68215624648464,-2.52964111598056));
#2898=CARTESIAN_POINT('Ctrl Pts',(-36.1727484843983,-3.84576289139854,2.71823344989359));
#2899=CARTESIAN_POINT('Ctrl Pts',(-31.8230760784412,-4.01111236286117,7.96605869620539));
#2900=CARTESIAN_POINT('Ctrl Pts',(-27.4730051986591,-4.18226921253187,13.2133823350631));
#2901=CARTESIAN_POINT('Ctrl Pts',(-40.,-3.03507147746365,-2.94359430604984));
#2902=CARTESIAN_POINT('Ctrl Pts',(-35.65,-3.18987574792628,2.30427046263344));
#2903=CARTESIAN_POINT('Ctrl Pts',(-31.3,-3.34468001838892,7.55213523131672));
#2904=CARTESIAN_POINT('Ctrl Pts',(-26.95,-3.49948428885155,12.8));
#2905=CARTESIAN_POINT('',(-40.,-5.04192358566025,0.189439253095746));
#2906=CARTESIAN_POINT('Ctrl Pts',(-29.5473042389468,-5.49996835738645,12.8000045944065));
#2907=CARTESIAN_POINT('Ctrl Pts',(-33.0320382614288,-5.33879682145124,8.5971495343301));
#2908=CARTESIAN_POINT('Ctrl Pts',(-36.5160659711717,-5.18818907780657,4.39339738929026));
#2909=CARTESIAN_POINT('Ctrl Pts',(-40.000005802677,-5.0418765989402,0.189445697251827));
#2910=CARTESIAN_POINT('Ctrl Pts',(-40.,-3.03507147746365,-2.94359430604984));
#2911=CARTESIAN_POINT('Ctrl Pts',(-40.,-3.36585233560811,-2.42471761376061));
#2912=CARTESIAN_POINT('Ctrl Pts',(-40.,-3.69723429037344,-1.90609225059522));
#2913=CARTESIAN_POINT('Ctrl Pts',(-40.,-4.36610892134966,-0.861789757172731));
#2914=CARTESIAN_POINT('Ctrl Pts',(-40.,-4.70374433720922,-0.33592830470825));
#2915=CARTESIAN_POINT('Ctrl Pts',(-40.,-5.04192358566025,0.189439253095743));
#2916=CARTESIAN_POINT('Origin',(-41.,-10.1499997764826,9.85));
#2917=CARTESIAN_POINT('',(-41.,-10.1499997764826,9.85));
#2918=CARTESIAN_POINT('',(-41.,-10.1499997764826,38.7500000023972));
#2919=CARTESIAN_POINT('',(-41.,-10.1499997764826,19.3750000011986));
#2920=CARTESIAN_POINT('',(-40.,-10.1499997764826,38.7500000023972));
#2921=CARTESIAN_POINT('',(-41.,-10.1499997764826,38.7500000023972));
#2922=CARTESIAN_POINT('',(-40.,-10.1499997764826,9.85));
#2923=CARTESIAN_POINT('',(-40.,-10.1499997764826,19.3750000011986));
#2924=CARTESIAN_POINT('',(-41.,-10.1499997764826,9.85));
#2925=CARTESIAN_POINT('Origin',(-41.,10.15,9.85));
#2926=CARTESIAN_POINT('',(-41.,10.15,9.85));
#2927=CARTESIAN_POINT('',(-41.,-11.0749998882413,9.85));
#2928=CARTESIAN_POINT('',(-40.,10.15,9.85));
#2929=CARTESIAN_POINT('',(-40.,-11.0749998882413,9.85));
#2930=CARTESIAN_POINT('',(-41.,10.15,9.85));
#2931=CARTESIAN_POINT('Origin',(-41.,10.15,38.7499996779729));
#2932=CARTESIAN_POINT('',(-41.,10.15,38.7499996779729));
#2933=CARTESIAN_POINT('',(-41.,10.15,4.925));
#2934=CARTESIAN_POINT('',(-40.,10.15,38.7499996779729));
#2935=CARTESIAN_POINT('',(-40.,10.15,4.925));
#2936=CARTESIAN_POINT('',(-41.,10.15,38.7499996779729));
#2937=CARTESIAN_POINT('Origin',(-41.,-10.1499997764826,38.7500000023972));
#2938=CARTESIAN_POINT('',(-41.,-0.924999690358518,38.7499998549679));
#2939=CARTESIAN_POINT('',(-40.,-0.924999690358518,38.7499998549679));
#2940=CARTESIAN_POINT('Ctrl Pts',(-40.,5.06347922627197,6.08640757559065));
#2941=CARTESIAN_POINT('Ctrl Pts',(-37.2659625587941,5.23458653829918,8.32033743096922));
#2942=CARTESIAN_POINT('Ctrl Pts',(-34.5310615799633,5.38397873595748,10.5554052973687));
#2943=CARTESIAN_POINT('Ctrl Pts',(-31.801197356924,5.5,12.8));
#2944=CARTESIAN_POINT('Ctrl Pts',(-40.3874353943762,4.36981919212029,6.630006394389));
#2945=CARTESIAN_POINT('Ctrl Pts',(-37.6547890258925,4.55909360462987,8.86380138910662));
#2946=CARTESIAN_POINT('Ctrl Pts',(-34.9215669656589,4.73389127422684,11.0983550578382));
#2947=CARTESIAN_POINT('Ctrl Pts',(-32.1917027426197,4.88644165474662,13.3392599507243));
#2948=CARTESIAN_POINT('Ctrl Pts',(-40.7748707887524,3.67615915796861,7.17360521318735));
#2949=CARTESIAN_POINT('Ctrl Pts',(-38.0436154929909,3.88360067096055,9.40726534724402));
#2950=CARTESIAN_POINT('Ctrl Pts',(-35.3120723513545,4.0838038124962,11.6413048183077));
#2951=CARTESIAN_POINT('Ctrl Pts',(-32.5822081283153,4.27288330949325,13.8785199014486));
#2952=CARTESIAN_POINT('Ctrl Pts',(-41.1623061831286,2.98249912381693,7.7172040319857));
#2953=CARTESIAN_POINT('Ctrl Pts',(-38.4324419600894,3.20810773729124,9.95072930538142));
#2954=CARTESIAN_POINT('Ctrl Pts',(-35.7025777370501,3.43371635076555,12.1842545787771));
#2955=CARTESIAN_POINT('Ctrl Pts',(-32.9727135140109,3.65932496423987,14.4177798521729));
#2956=CARTESIAN_POINT('',(-40.,5.06347922627197,6.08640757559065));
#2957=CARTESIAN_POINT('',(-40.,3.07855748605896,8.66818181818181));
#2958=CARTESIAN_POINT('Ctrl Pts',(-40.,5.06347922627197,6.08640757559066));
#2959=CARTESIAN_POINT('Ctrl Pts',(-40.,4.72422778959341,6.52233022941178));
#2960=CARTESIAN_POINT('Ctrl Pts',(-39.9999966191289,4.38602538008957,6.95943712846384));
#2961=CARTESIAN_POINT('Ctrl Pts',(-39.9999953345446,4.04935024488933,7.39736266946718));
#2962=CARTESIAN_POINT('Ctrl Pts',(-39.9999940950915,3.72450349481811,7.81990260156971));
#2963=CARTESIAN_POINT('Ctrl Pts',(-39.9999947766199,3.40076226408901,8.24361603736264));
#2964=CARTESIAN_POINT('Ctrl Pts',(-40.,3.07855748605896,8.66818181818181));
#2965=CARTESIAN_POINT('Ctrl Pts',(-40.,3.07855748605896,8.66818181818181));
#2966=CARTESIAN_POINT('Ctrl Pts',(-38.3166666666667,3.21767594335923,10.0454545454545));
#2967=CARTESIAN_POINT('Ctrl Pts',(-36.6333333333333,3.35679440065951,11.4227272727273));
#2968=CARTESIAN_POINT('Ctrl Pts',(-34.95,3.49591285795978,12.8));
#2969=CARTESIAN_POINT('Ctrl Pts',(-31.801197356924,5.5,12.8));
#2970=CARTESIAN_POINT('Ctrl Pts',(-34.5310615799633,5.38397873595748,10.5554052973687));
#2971=CARTESIAN_POINT('Ctrl Pts',(-37.2659625587941,5.23458653829918,8.32033743096922));
#2972=CARTESIAN_POINT('Ctrl Pts',(-40.,5.06347922627197,6.08640757559065));
#2973=CARTESIAN_POINT('Origin',(-41.,-5.,7.85));
#2974=CARTESIAN_POINT('',(-40.,-3.07855748605895,8.66818181818181));
#2975=CARTESIAN_POINT('',(-40.,-8.5,8.66818181818181));
#2976=CARTESIAN_POINT('Ctrl Pts',(-34.95,-3.49591285795978,12.8));
#2977=CARTESIAN_POINT('Ctrl Pts',(-36.6333333333333,-3.35679440065951,11.4227272727273));
#2978=CARTESIAN_POINT('Ctrl Pts',(-38.3166666666667,-3.21767594335923,10.0454545454545));
#2979=CARTESIAN_POINT('Ctrl Pts',(-40.,-3.07855748605895,8.66818181818181));
#2980=CARTESIAN_POINT('Ctrl Pts',(-41.1623061831286,-2.98249912381692,7.7172040319857));
#2981=CARTESIAN_POINT('Ctrl Pts',(-38.4324419600894,-3.20810773729124,9.95072930538142));
#2982=CARTESIAN_POINT('Ctrl Pts',(-35.7025777370501,-3.43371635076556,12.1842545787771));
#2983=CARTESIAN_POINT('Ctrl Pts',(-32.9727135140109,-3.65932496423987,14.4177798521729));
#2984=CARTESIAN_POINT('Ctrl Pts',(-40.7748707887524,-3.6761591579686,7.17360521318735));
#2985=CARTESIAN_POINT('Ctrl Pts',(-38.043615492991,-3.88360067096055,9.40726534724402));
#2986=CARTESIAN_POINT('Ctrl Pts',(-35.3120723513545,-4.0838038124962,11.6413048183077));
#2987=CARTESIAN_POINT('Ctrl Pts',(-32.5822081283153,-4.27288330949325,13.8785199014486));
#2988=CARTESIAN_POINT('Ctrl Pts',(-40.3874353943762,-4.36981919212029,6.630006394389));
#2989=CARTESIAN_POINT('Ctrl Pts',(-37.6547890258925,-4.55909360462987,8.86380138910662));
#2990=CARTESIAN_POINT('Ctrl Pts',(-34.9215669656589,-4.73389127422684,11.0983550578382));
#2991=CARTESIAN_POINT('Ctrl Pts',(-32.1917027426197,-4.88644165474663,13.3392599507243));
#2992=CARTESIAN_POINT('Ctrl Pts',(-40.,-5.06347922627197,6.08640757559065));
#2993=CARTESIAN_POINT('Ctrl Pts',(-37.2659625587941,-5.23458653829918,8.32033743096922));
#2994=CARTESIAN_POINT('Ctrl Pts',(-34.5310615799633,-5.38397873595748,10.5554052973687));
#2995=CARTESIAN_POINT('Ctrl Pts',(-31.801197356924,-5.5,12.8));
#2996=CARTESIAN_POINT('',(-40.,-5.06347922627197,6.08640757559066));
#2997=CARTESIAN_POINT('Ctrl Pts',(-40.,-3.07855748605895,8.66818181818181));
#2998=CARTESIAN_POINT('Ctrl Pts',(-39.999994609123,-3.41109433094612,8.23000158366183));
#2999=CARTESIAN_POINT('Ctrl Pts',(-39.9999940686138,-3.74527296791016,7.79272239403653));
#3000=CARTESIAN_POINT('Ctrl Pts',(-39.9999954590881,-4.08061949830373,7.35669767363999));
#3001=CARTESIAN_POINT('Ctrl Pts',(-39.9999968122158,-4.40695899266267,6.93238409384774));
#3002=CARTESIAN_POINT('Ctrl Pts',(-40.,-4.73472390756663,6.50884319558665));
#3003=CARTESIAN_POINT('Ctrl Pts',(-40.,-5.06347922627197,6.08640757559065));
#3004=CARTESIAN_POINT('Ctrl Pts',(-40.,-5.06347922627197,6.08640757559065));
#3005=CARTESIAN_POINT('Ctrl Pts',(-37.2659625587941,-5.23458653829918,8.32033743096922));
#3006=CARTESIAN_POINT('Ctrl Pts',(-34.5310615799633,-5.38397873595748,10.5554052973687));
#3007=CARTESIAN_POINT('Ctrl Pts',(-31.801197356924,-5.5,12.8));
#3008=CARTESIAN_POINT('Ctrl Pts',(-40.000000000003,-5.04192358566012,0.189439253091276));
#3009=CARTESIAN_POINT('Ctrl Pts',(-36.3578464077335,-5.19461572377342,4.39295950206085));
#3010=CARTESIAN_POINT('Ctrl Pts',(-32.715692815464,-5.34730786188671,8.59647975103042));
#3011=CARTESIAN_POINT('Ctrl Pts',(-29.0735392231945,-5.5,12.8));
#3012=CARTESIAN_POINT('Ctrl Pts',(-40.1131899986718,-5.04192358566012,2.04458837426899));
#3013=CARTESIAN_POINT('Ctrl Pts',(-36.883291766664,-5.19461572377341,5.62972558284599));
#3014=CARTESIAN_POINT('Ctrl Pts',(-33.6533935346562,-5.34730786188671,9.214862791423));
#3015=CARTESIAN_POINT('Ctrl Pts',(-30.4234953026484,-5.5,12.8));
#3016=CARTESIAN_POINT('Ctrl Pts',(-40.2263799973406,-5.04192358566012,3.89973749544671));
#3017=CARTESIAN_POINT('Ctrl Pts',(-37.4087371255945,-5.19461572377342,6.86649166363114));
#3018=CARTESIAN_POINT('Ctrl Pts',(-34.5910942538484,-5.34730786188671,9.83324583181556));
#3019=CARTESIAN_POINT('Ctrl Pts',(-31.7734513821023,-5.5,12.8));
#3020=CARTESIAN_POINT('Ctrl Pts',(-40.3395699960093,-5.04192358566012,5.75488661662442));
#3021=CARTESIAN_POINT('Ctrl Pts',(-37.934182484525,-5.19461572377342,8.10325774441628));
#3022=CARTESIAN_POINT('Ctrl Pts',(-35.5287949730406,-5.34730786188671,10.4516288722081));
#3023=CARTESIAN_POINT('Ctrl Pts',(-33.1234074615563,-5.5,12.8));
#3024=CARTESIAN_POINT('Ctrl Pts',(-40.,-5.06347922627197,6.08640757559066));
#3025=CARTESIAN_POINT('Ctrl Pts',(-40.,-5.05302555393993,4.22699061104616));
#3026=CARTESIAN_POINT('Ctrl Pts',(-40.,-5.04634990342126,2.04172664331268));
#3027=CARTESIAN_POINT('Ctrl Pts',(-40.,-5.04192358566025,0.189439253095746));
#3028=CARTESIAN_POINT('Ctrl Pts',(-40.3395699960093,5.04192358566013,5.75488661662443));
#3029=CARTESIAN_POINT('Ctrl Pts',(-37.934182484525,5.19461572377342,8.10325774441628));
#3030=CARTESIAN_POINT('Ctrl Pts',(-35.5287949730406,5.34730786188671,10.4516288722081));
#3031=CARTESIAN_POINT('Ctrl Pts',(-33.1234074615563,5.5,12.8));
#3032=CARTESIAN_POINT('Ctrl Pts',(-40.2263799973406,5.04192358566013,3.89973749544671));
#3033=CARTESIAN_POINT('Ctrl Pts',(-37.4087371255945,5.19461572377342,6.86649166363114));
#3034=CARTESIAN_POINT('Ctrl Pts',(-34.5910942538484,5.34730786188671,9.83324583181556));
#3035=CARTESIAN_POINT('Ctrl Pts',(-31.7734513821023,5.5,12.8));
#3036=CARTESIAN_POINT('Ctrl Pts',(-40.1131899986718,5.04192358566013,2.04458837426899));
#3037=CARTESIAN_POINT('Ctrl Pts',(-36.883291766664,5.19461572377342,5.62972558284599));
#3038=CARTESIAN_POINT('Ctrl Pts',(-33.6533935346562,5.34730786188671,9.21486279142299));
#3039=CARTESIAN_POINT('Ctrl Pts',(-30.4234953026484,5.5,12.8));
#3040=CARTESIAN_POINT('Ctrl Pts',(-40.000000000003,5.04192358566013,0.189439253091271));
#3041=CARTESIAN_POINT('Ctrl Pts',(-36.3578464077335,5.19461572377342,4.39295950206085));
#3042=CARTESIAN_POINT('Ctrl Pts',(-32.715692815464,5.34730786188671,8.59647975103042));
#3043=CARTESIAN_POINT('Ctrl Pts',(-29.0735392231945,5.5,12.8));
#3044=CARTESIAN_POINT('Ctrl Pts',(-40.,5.04192358566025,0.189439253095738));
#3045=CARTESIAN_POINT('Ctrl Pts',(-40.,5.04634990340872,2.04172663806094));
#3046=CARTESIAN_POINT('Ctrl Pts',(-40.,5.0530255539387,4.22699061082647));
#3047=CARTESIAN_POINT('Ctrl Pts',(-40.,5.06347922627197,6.08640757559066));
#3048=CARTESIAN_POINT('Origin',(-40.,-12.,0.));
#3049=CARTESIAN_POINT('',(-40.,14.,0.));
#3050=CARTESIAN_POINT('',(-40.,12.,2.));
#3051=CARTESIAN_POINT('',(-40.,7.,7.));
#3052=CARTESIAN_POINT('',(-40.,12.,40.));
#3053=CARTESIAN_POINT('',(-40.,12.,0.));
#3054=CARTESIAN_POINT('',(-40.,-12.,40.));
#3055=CARTESIAN_POINT('',(-40.,12.,40.));
#3056=CARTESIAN_POINT('',(-40.,-12.,2.));
#3057=CARTESIAN_POINT('',(-40.,-12.,0.));
#3058=CARTESIAN_POINT('',(-40.,-14.,0.));
#3059=CARTESIAN_POINT('',(-40.,-13.,1.));
#3060=CARTESIAN_POINT('',(-40.,-22.,0.));
#3061=CARTESIAN_POINT('',(-40.,-5.99999999999999,0.));
#3062=CARTESIAN_POINT('',(-40.,-12.,-10.));
#3063=CARTESIAN_POINT('',(-40.,-17.,-5.));
#3064=CARTESIAN_POINT('',(-40.,-12.,-12.8));
#3065=CARTESIAN_POINT('',(-40.,-12.,0.));
#3066=CARTESIAN_POINT('',(-40.,12.,-12.8));
#3067=CARTESIAN_POINT('',(-40.,-5.99999999999999,-12.8));
#3068=CARTESIAN_POINT('',(-40.,12.,-10.));
#3069=CARTESIAN_POINT('',(-40.,12.,0.));
#3070=CARTESIAN_POINT('',(-40.,22.,0.));
#3071=CARTESIAN_POINT('',(-40.,11.,-11.));
#3072=CARTESIAN_POINT('',(-40.,-5.99999999999999,0.));
#3073=CARTESIAN_POINT('Origin',(-41.,-5.656854249492,18.643145750508));
#3074=CARTESIAN_POINT('',(-43.,-6.581854249492,18.643145750508));
#3075=CARTESIAN_POINT('Origin',(-43.,-5.656854249492,18.643145750508));
#3076=CARTESIAN_POINT('',(-48.,-6.581854249492,18.643145750508));
#3077=CARTESIAN_POINT('',(-41.,-6.581854249492,18.643145750508));
#3078=CARTESIAN_POINT('Origin',(-48.,-5.656854249492,18.643145750508));
#3079=CARTESIAN_POINT('Origin',(-48.,-5.656854249492,18.643145750508));
#3080=CARTESIAN_POINT('Origin',(-41.,-3.,33.3));
#3081=CARTESIAN_POINT('',(-43.,-3.925,33.3));
#3082=CARTESIAN_POINT('Origin',(-43.,-3.,33.3));
#3083=CARTESIAN_POINT('',(-48.,-3.925,33.3));
#3084=CARTESIAN_POINT('',(-41.,-3.925,33.3));
#3085=CARTESIAN_POINT('Origin',(-48.,-3.,33.3));
#3086=CARTESIAN_POINT('Origin',(-48.,-3.,33.3));
#3087=CARTESIAN_POINT('Origin',(-41.,-5.656854249492,29.956854249492));
#3088=CARTESIAN_POINT('',(-43.,-6.581854249492,29.956854249492));
#3089=CARTESIAN_POINT('Origin',(-43.,-5.656854249492,29.956854249492));
#3090=CARTESIAN_POINT('',(-48.,-6.581854249492,29.956854249492));
#3091=CARTESIAN_POINT('',(-41.,-6.581854249492,29.956854249492));
#3092=CARTESIAN_POINT('Origin',(-48.,-5.656854249492,29.956854249492));
#3093=CARTESIAN_POINT('Origin',(-48.,-5.656854249492,29.956854249492));
#3094=CARTESIAN_POINT('Origin',(-41.,-3.,15.3));
#3095=CARTESIAN_POINT('',(-43.,-3.925,15.3));
#3096=CARTESIAN_POINT('Origin',(-43.,-3.,15.3));
#3097=CARTESIAN_POINT('',(-48.,-3.925,15.3));
#3098=CARTESIAN_POINT('',(-41.,-3.925,15.3));
#3099=CARTESIAN_POINT('Origin',(-48.,-3.,15.3));
#3100=CARTESIAN_POINT('Origin',(-48.,-3.,15.3));
#3101=CARTESIAN_POINT('Origin',(-41.,5.656854249492,18.643145750508));
#3102=CARTESIAN_POINT('',(-43.,4.731854249492,18.643145750508));
#3103=CARTESIAN_POINT('Origin',(-43.,5.656854249492,18.643145750508));
#3104=CARTESIAN_POINT('',(-48.,4.731854249492,18.643145750508));
#3105=CARTESIAN_POINT('',(-41.,4.731854249492,18.643145750508));
#3106=CARTESIAN_POINT('Origin',(-48.,5.656854249492,18.643145750508));
#3107=CARTESIAN_POINT('Origin',(-48.,5.656854249492,18.643145750508));
#3108=CARTESIAN_POINT('Origin',(-41.,3.,33.3));
#3109=CARTESIAN_POINT('',(-43.,2.075,33.3));
#3110=CARTESIAN_POINT('Origin',(-43.,3.,33.3));
#3111=CARTESIAN_POINT('',(-48.,2.075,33.3));
#3112=CARTESIAN_POINT('',(-41.,2.075,33.3));
#3113=CARTESIAN_POINT('Origin',(-48.,3.,33.3));
#3114=CARTESIAN_POINT('Origin',(-48.,3.,33.3));
#3115=CARTESIAN_POINT('Origin',(-41.,5.656854249492,29.956854249492));
#3116=CARTESIAN_POINT('',(-43.,4.731854249492,29.956854249492));
#3117=CARTESIAN_POINT('Origin',(-43.,5.656854249492,29.956854249492));
#3118=CARTESIAN_POINT('',(-48.,4.731854249492,29.956854249492));
#3119=CARTESIAN_POINT('',(-41.,4.731854249492,29.956854249492));
#3120=CARTESIAN_POINT('Origin',(-48.,5.656854249492,29.956854249492));
#3121=CARTESIAN_POINT('Origin',(-48.,5.656854249492,29.956854249492));
#3122=CARTESIAN_POINT('Origin',(-41.,3.,15.3));
#3123=CARTESIAN_POINT('',(-43.,1.975,15.3));
#3124=CARTESIAN_POINT('Origin',(-43.,3.,15.3));
#3125=CARTESIAN_POINT('',(-48.,1.975,15.3));
#3126=CARTESIAN_POINT('',(-41.,1.975,15.3));
#3127=CARTESIAN_POINT('Origin',(-48.,3.,15.3));
#3128=CARTESIAN_POINT('Origin',(-48.,3.,15.3));
#3129=CARTESIAN_POINT('Origin',(-41.,10.15,38.7499996779729));
#3130=CARTESIAN_POINT('',(-43.,10.0801584610165,38.6801581401056));
#3131=CARTESIAN_POINT('',(-43.,-10.0801582374991,38.6801584622976));
#3132=CARTESIAN_POINT('',(-43.,10.1499999988838,38.6801581389894));
#3133=CARTESIAN_POINT('',(-41.5033774081172,10.1324216735638,38.7324213518176));
#3134=CARTESIAN_POINT('',(-41.3535834502405,-10.1376523703206,38.737652596038));
#3135=CARTESIAN_POINT('Origin',(-41.,-10.1499997764826,38.7500000023972));
#3136=CARTESIAN_POINT('',(-43.,-10.0801582374991,9.91984153898349));
#3137=CARTESIAN_POINT('',(-43.,-10.0801582374991,9.85));
#3138=CARTESIAN_POINT('',(-41.5033774217932,-10.1324214495688,9.86757832691379));
#3139=CARTESIAN_POINT('Origin',(-41.,-10.1499997764826,9.85));
#3140=CARTESIAN_POINT('',(-43.,10.0801584610165,9.91984153898349));
#3141=CARTESIAN_POINT('',(-43.,10.15,9.91984153898349));
#3142=CARTESIAN_POINT('',(-41.3535834446035,10.1376525940349,9.8623474059651));
#3143=CARTESIAN_POINT('Origin',(-41.,10.15,9.85));
#3144=CARTESIAN_POINT('',(-43.,10.0801584610165,11.08284271247));
#3145=CARTESIAN_POINT('Origin',(-43.,1.11758708953857E-7,24.3000000011986));
#3146=CARTESIAN_POINT('Origin',(-31.,6.,1.));
#3147=CARTESIAN_POINT('',(-56.8284271247462,7.,0.));
#3148=CARTESIAN_POINT('',(-56.,5.,2.));
#3149=CARTESIAN_POINT('',(-56.2039586931369,5.4923998431351,1.50760015686491));
#3150=CARTESIAN_POINT('',(-73.,7.,0.));
#3151=CARTESIAN_POINT('',(-31.,7.,0.));
#3152=CARTESIAN_POINT('',(-71.,5.,2.));
#3153=CARTESIAN_POINT('',(-57.7499999999999,-8.24999999999997,15.25));
#3154=CARTESIAN_POINT('',(-31.,5.,2.));
#3155=CARTESIAN_POINT('Origin',(-62.,5.,20.));
#3156=CARTESIAN_POINT('',(-75.,5.,-2.));
#3157=CARTESIAN_POINT('',(-65.75,5.,7.24999999999997));
#3158=CARTESIAN_POINT('',(-75.,5.,0.));
#3159=CARTESIAN_POINT('',(-75.,5.,10.));
#3160=CARTESIAN_POINT('',(-56.,5.,29.2307692307692));
#3161=CARTESIAN_POINT('',(-49.,5.,40.));
#3162=CARTESIAN_POINT('',(-56.,5.,10.));
#3163=CARTESIAN_POINT('Origin',(-31.,-6.,1.));
#3164=CARTESIAN_POINT('',(-56.,-5.,2.));
#3165=CARTESIAN_POINT('',(-56.8284271247462,-7.,0.));
#3166=CARTESIAN_POINT('',(-56.2039586931369,-5.49239984313509,1.50760015686491));
#3167=CARTESIAN_POINT('',(-71.,-5.,2.));
#3168=CARTESIAN_POINT('',(-31.,-5.,2.));
#3169=CARTESIAN_POINT('',(-73.,-7.,0.));
#3170=CARTESIAN_POINT('',(-71.9166666666666,-5.91666666666663,1.08333333333337));
#3171=CARTESIAN_POINT('',(-31.,-7.,0.));
#3172=CARTESIAN_POINT('Origin',(-42.2071067811866,-20.2071067811865,1.));
#3173=CARTESIAN_POINT('',(-49.8284271247462,-14.,0.));
#3174=CARTESIAN_POINT('',(-42.9142135623731,-20.9142135623731,0.));
#3175=CARTESIAN_POINT('',(-49.,-12.,2.));
#3176=CARTESIAN_POINT('',(-49.8284271247462,-14.,0.));
#3177=CARTESIAN_POINT('',(-41.5,-19.5,2.));
#3178=CARTESIAN_POINT('Origin',(0.,1.77635683940025E-14,0.));
#3179=CARTESIAN_POINT('',(-49.8284271247462,14.,0.));
#3180=CARTESIAN_POINT('',(-20.5,14.,0.));
#3181=CARTESIAN_POINT('',(-2.,22.,0.));
#3182=CARTESIAN_POINT('',(-20.,22.,0.));
#3183=CARTESIAN_POINT('',(-2.,-22.,0.));
#3184=CARTESIAN_POINT('',(-2.,6.00000000000001,0.));
#3185=CARTESIAN_POINT('',(-1.,-22.,0.));
#3186=CARTESIAN_POINT('',(-20.5,-14.,0.));
#3187=CARTESIAN_POINT('',(-73.,-70.,0.));
#3188=CARTESIAN_POINT('',(-73.,-42.5,0.));
#3189=CARTESIAN_POINT('',(-60.,-83.,0.));
#3190=CARTESIAN_POINT('Origin',(-60.,-70.,0.));
#3191=CARTESIAN_POINT('',(55.,-83.,0.));
#3192=CARTESIAN_POINT('',(27.5,-83.,0.));
#3193=CARTESIAN_POINT('',(73.,-65.0000000000001,0.));
#3194=CARTESIAN_POINT('Origin',(55.,-65.0000000000001,0.));
#3195=CARTESIAN_POINT('',(73.,-50.,0.));
#3196=CARTESIAN_POINT('',(73.,-25.,0.));
#3197=CARTESIAN_POINT('',(65.,-42.,0.));
#3198=CARTESIAN_POINT('Origin',(65.,-50.,0.));
#3199=CARTESIAN_POINT('',(8.,-42.,0.));
#3200=CARTESIAN_POINT('',(5.,-42.,0.));
#3201=CARTESIAN_POINT('',(8.,42.,0.));
#3202=CARTESIAN_POINT('',(8.,20.,0.));
#3203=CARTESIAN_POINT('',(65.,42.,0.));
#3204=CARTESIAN_POINT('',(32.5,42.,0.));
#3205=CARTESIAN_POINT('',(73.,50.,0.));
#3206=CARTESIAN_POINT('Origin',(65.,50.,0.));
#3207=CARTESIAN_POINT('',(73.,65.0000000000001,0.));
#3208=CARTESIAN_POINT('',(73.,32.5000000000001,0.));
#3209=CARTESIAN_POINT('',(55.,83.0000000000001,0.));
#3210=CARTESIAN_POINT('Origin',(55.,65.0000000000001,0.));
#3211=CARTESIAN_POINT('',(-60.,83.,0.));
#3212=CARTESIAN_POINT('',(-37.5,83.,0.));
#3213=CARTESIAN_POINT('',(-73.,70.,0.));
#3214=CARTESIAN_POINT('Origin',(-60.,70.,0.));
#3215=CARTESIAN_POINT('',(-73.,-42.5,0.));
#3216=CARTESIAN_POINT('',(-42.9142135623731,20.9142135623731,0.));
#3217=CARTESIAN_POINT('',(-62.75,-58.5,0.));
#3218=CARTESIAN_POINT('Origin',(-62.75,-60.75,0.));
#3219=CARTESIAN_POINT('',(-62.75,-38.,0.));
#3220=CARTESIAN_POINT('Origin',(-62.75,-40.25,0.));
#3221=CARTESIAN_POINT('',(-1.24999999999997,-58.5,0.));
#3222=CARTESIAN_POINT('Origin',(-1.24999999999997,-60.75,0.));
#3223=CARTESIAN_POINT('',(-1.24999999999997,-38.,0.));
#3224=CARTESIAN_POINT('Origin',(-1.24999999999997,-40.25,0.));
#3225=CARTESIAN_POINT('',(-59.75,-38.25,0.));
#3226=CARTESIAN_POINT('',(-4.24999999999996,-38.25,0.));
#3227=CARTESIAN_POINT('',(-29.875,-38.25,0.));
#3228=CARTESIAN_POINT('',(-4.24999999999997,-62.75,0.));
#3229=CARTESIAN_POINT('',(-4.24999999999996,-19.125,0.));
#3230=CARTESIAN_POINT('',(-59.75,-62.75,0.));
#3231=CARTESIAN_POINT('',(-2.125,-62.75,0.));
#3232=CARTESIAN_POINT('',(-59.75,-31.375,0.));
#3233=CARTESIAN_POINT('Origin',(-40.1,-5.99999999999999,-12.9));
#3234=CARTESIAN_POINT('',(-40.2,-12.2,-13.));
#3235=CARTESIAN_POINT('',(-40.,-12.,-12.8));
#3236=CARTESIAN_POINT('',(-40.2,12.2,-13.));
#3237=CARTESIAN_POINT('',(-40.2,-5.99999999999999,-13.));
#3238=CARTESIAN_POINT('',(-40.2,12.2,-13.));
#3239=CARTESIAN_POINT('Origin',(-1.,-12.1,-12.9));
#3240=CARTESIAN_POINT('',(-1.8,-12.2,-13.));
#3241=CARTESIAN_POINT('',(-1.,-12.2,-13.));
#3242=CARTESIAN_POINT('',(-2.,-12.,-12.8));
#3243=CARTESIAN_POINT('',(-1.,-12.,-12.8));
#3244=CARTESIAN_POINT('',(-2.,-12.,-12.8));
#3245=CARTESIAN_POINT('Origin',(-1.9,6.00000000000001,-12.9));
#3246=CARTESIAN_POINT('',(-1.8,12.2,-13.));
#3247=CARTESIAN_POINT('',(-1.8,6.00000000000001,-13.));
#3248=CARTESIAN_POINT('',(-2.,12.,-12.8));
#3249=CARTESIAN_POINT('',(-2.,6.00000000000001,-12.8));
#3250=CARTESIAN_POINT('',(-2.,12.,-12.8));
#3251=CARTESIAN_POINT('Origin',(-20.,12.1,-12.9));
#3252=CARTESIAN_POINT('',(-20.,12.2,-13.));
#3253=CARTESIAN_POINT('',(-20.,12.,-12.8));
#3254=CARTESIAN_POINT('Origin',(-2.,-12.,0.));
#3255=CARTESIAN_POINT('',(-2.,-12.,-10.));
#3256=CARTESIAN_POINT('',(-1.,-12.,-10.));
#3257=CARTESIAN_POINT('',(-2.,-12.,0.));
#3258=CARTESIAN_POINT('Origin',(0.,1.77635683940025E-14,-13.));
#3259=CARTESIAN_POINT('',(10.,40.2,-13.));
#3260=CARTESIAN_POINT('',(10.,-40.2,-13.));
#3261=CARTESIAN_POINT('',(10.,-40.,-13.));
#3262=CARTESIAN_POINT('',(65.,-40.2,-13.));
#3263=CARTESIAN_POINT('',(5.,-40.2,-13.));
#3264=CARTESIAN_POINT('',(74.8,-50.,-13.));
#3265=CARTESIAN_POINT('Origin',(65.,-50.,-13.));
#3266=CARTESIAN_POINT('',(74.8,-65.0000000000001,-13.));
#3267=CARTESIAN_POINT('',(74.8,-25.,-13.));
#3268=CARTESIAN_POINT('',(55.,-84.8,-13.));
#3269=CARTESIAN_POINT('Origin',(55.,-65.0000000000001,-13.));
#3270=CARTESIAN_POINT('',(-60.,-84.8,-13.));
#3271=CARTESIAN_POINT('',(27.5,-84.8,-13.));
#3272=CARTESIAN_POINT('',(-74.8,-70.,-13.));
#3273=CARTESIAN_POINT('Origin',(-60.,-70.,-13.));
#3274=CARTESIAN_POINT('',(-74.8,70.,-13.));
#3275=CARTESIAN_POINT('',(-74.8,-42.5,-13.));
#3276=CARTESIAN_POINT('',(-60.,84.8,-13.));
#3277=CARTESIAN_POINT('Origin',(-60.,70.,-13.));
#3278=CARTESIAN_POINT('',(55.,84.8000000000001,-13.));
#3279=CARTESIAN_POINT('',(-37.5,84.8,-13.));
#3280=CARTESIAN_POINT('',(74.8,65.0000000000001,-13.));
#3281=CARTESIAN_POINT('Origin',(55.,65.0000000000001,-13.));
#3282=CARTESIAN_POINT('',(74.8,50.,-13.));
#3283=CARTESIAN_POINT('',(74.8,32.5000000000001,-13.));
#3284=CARTESIAN_POINT('',(65.,40.2,-13.));
#3285=CARTESIAN_POINT('Origin',(65.,50.,-13.));
#3286=CARTESIAN_POINT('',(32.5,40.2,-13.));
#3287=CARTESIAN_POINT('Origin',(5.,-40.1,-12.9));
#3288=CARTESIAN_POINT('',(10.,-40.,-12.8));
#3289=CARTESIAN_POINT('',(10.,-16.8500000000005,10.3500000000001));
#3290=CARTESIAN_POINT('',(65.,-40.,-12.8));
#3291=CARTESIAN_POINT('',(5.,-40.,-12.8));
#3292=CARTESIAN_POINT('',(65.,-40.,-12.8));
#3293=CARTESIAN_POINT('Origin',(65.,-50.,-12.9));
#3294=CARTESIAN_POINT('',(75.,-50.,-12.8));
#3295=CARTESIAN_POINT('',(75.,-50.,-12.8));
#3296=CARTESIAN_POINT('Origin',(65.,-50.,-12.8));
#3297=CARTESIAN_POINT('Origin',(74.9,-25.,-12.9));
#3298=CARTESIAN_POINT('',(75.,-65.0000000000001,-12.8));
#3299=CARTESIAN_POINT('',(75.,-65.0000000000001,-12.8));
#3300=CARTESIAN_POINT('',(75.,-25.,-12.8));
#3301=CARTESIAN_POINT('Origin',(55.,-65.0000000000001,-12.9));
#3302=CARTESIAN_POINT('',(55.,-85.,-12.8));
#3303=CARTESIAN_POINT('',(55.,-85.,-12.8));
#3304=CARTESIAN_POINT('Origin',(55.,-65.0000000000001,-12.8));
#3305=CARTESIAN_POINT('Origin',(27.5,-84.9,-12.9));
#3306=CARTESIAN_POINT('',(-60.,-85.,-12.8));
#3307=CARTESIAN_POINT('',(-60.,-85.,-12.8));
#3308=CARTESIAN_POINT('',(27.5,-85.,-12.8));
#3309=CARTESIAN_POINT('Origin',(-60.,-70.,-12.9));
#3310=CARTESIAN_POINT('',(-75.,-70.,-12.8));
#3311=CARTESIAN_POINT('Origin',(-60.,-70.,-12.8));
#3312=CARTESIAN_POINT('',(-75.,-70.,-12.8));
#3313=CARTESIAN_POINT('Origin',(-74.9,-42.5,-12.9));
#3314=CARTESIAN_POINT('',(-75.,70.,-12.8));
#3315=CARTESIAN_POINT('',(-75.,70.,-12.8));
#3316=CARTESIAN_POINT('',(-75.,-42.5,-12.8));
#3317=CARTESIAN_POINT('Origin',(-60.,70.,-12.9));
#3318=CARTESIAN_POINT('',(-60.,85.,-12.8));
#3319=CARTESIAN_POINT('Origin',(-60.,70.,-12.8));
#3320=CARTESIAN_POINT('',(-60.,85.,-12.8));
#3321=CARTESIAN_POINT('Origin',(-37.5,84.9,-12.9));
#3322=CARTESIAN_POINT('',(55.,85.0000000000001,-12.8));
#3323=CARTESIAN_POINT('',(55.,85.0000000000001,-12.8));
#3324=CARTESIAN_POINT('',(-37.5,85.,-12.8));
#3325=CARTESIAN_POINT('Origin',(55.,65.0000000000001,-12.9));
#3326=CARTESIAN_POINT('',(75.,65.0000000000001,-12.8));
#3327=CARTESIAN_POINT('',(75.,65.0000000000001,-12.8));
#3328=CARTESIAN_POINT('Origin',(55.,65.0000000000001,-12.8));
#3329=CARTESIAN_POINT('Origin',(74.9,32.5000000000001,-12.9));
#3330=CARTESIAN_POINT('',(75.,50.,-12.8));
#3331=CARTESIAN_POINT('',(75.,50.,-12.8));
#3332=CARTESIAN_POINT('',(75.,32.5000000000001,-12.8));
#3333=CARTESIAN_POINT('Origin',(65.,50.,-12.9));
#3334=CARTESIAN_POINT('',(65.,40.,-12.8));
#3335=CARTESIAN_POINT('',(65.,40.,-12.8));
#3336=CARTESIAN_POINT('Origin',(65.,50.,-12.8));
#3337=CARTESIAN_POINT('Origin',(32.5,40.1,-12.9));
#3338=CARTESIAN_POINT('',(10.,40.,-12.8));
#3339=CARTESIAN_POINT('',(10.,36.85,-9.64999999999971));
#3340=CARTESIAN_POINT('',(32.5,40.,-12.8));
#3341=CARTESIAN_POINT('Origin',(65.,40.,0.));
#3342=CARTESIAN_POINT('',(65.,40.,-2.));
#3343=CARTESIAN_POINT('',(65.,40.,0.));
#3344=CARTESIAN_POINT('',(10.,40.,-2.));
#3345=CARTESIAN_POINT('',(32.5,40.,-2.));
#3346=CARTESIAN_POINT('',(10.,40.,0.));
#3347=CARTESIAN_POINT('Origin',(65.,50.,0.));
#3348=CARTESIAN_POINT('',(75.,50.,-2.));
#3349=CARTESIAN_POINT('',(75.,50.,0.));
#3350=CARTESIAN_POINT('Origin',(65.,50.,-2.));
#3351=CARTESIAN_POINT('Origin',(75.,65.0000000000001,0.));
#3352=CARTESIAN_POINT('',(75.,65.0000000000001,-2.));
#3353=CARTESIAN_POINT('',(75.,65.0000000000001,0.));
#3354=CARTESIAN_POINT('',(75.,32.5000000000001,-2.));
#3355=CARTESIAN_POINT('Origin',(55.,65.0000000000001,0.));
#3356=CARTESIAN_POINT('',(55.,85.0000000000001,-2.));
#3357=CARTESIAN_POINT('',(55.,85.0000000000001,0.));
#3358=CARTESIAN_POINT('Origin',(55.,65.0000000000001,-2.));
#3359=CARTESIAN_POINT('Origin',(-75.,85.,0.));
#3360=CARTESIAN_POINT('',(-60.,85.,-2.));
#3361=CARTESIAN_POINT('',(-60.,85.,0.));
#3362=CARTESIAN_POINT('',(-37.5,85.,-2.));
#3363=CARTESIAN_POINT('Origin',(-60.,70.,0.));
#3364=CARTESIAN_POINT('',(-75.,70.,-2.));
#3365=CARTESIAN_POINT('',(-75.,70.,0.));
#3366=CARTESIAN_POINT('Origin',(-60.,70.,-2.));
#3367=CARTESIAN_POINT('Origin',(-75.,-85.,0.));
#3368=CARTESIAN_POINT('',(-75.,-70.,-2.));
#3369=CARTESIAN_POINT('',(-75.,-70.,0.));
#3370=CARTESIAN_POINT('',(-75.,-5.,-2.));
#3371=CARTESIAN_POINT('',(-75.,-42.5,-2.));
#3372=CARTESIAN_POINT('',(-75.,-5.,0.));
#3373=CARTESIAN_POINT('',(-75.,-5.,10.));
#3374=CARTESIAN_POINT('',(-75.,-85.,0.));
#3375=CARTESIAN_POINT('',(-75.,-42.5,-2.));
#3376=CARTESIAN_POINT('Origin',(-60.,-70.,0.));
#3377=CARTESIAN_POINT('',(-60.,-85.,-2.));
#3378=CARTESIAN_POINT('',(-60.,-85.,0.));
#3379=CARTESIAN_POINT('Origin',(-60.,-70.,-2.));
#3380=CARTESIAN_POINT('Origin',(55.,-85.,0.));
#3381=CARTESIAN_POINT('',(55.,-85.,-2.));
#3382=CARTESIAN_POINT('',(55.,-85.,0.));
#3383=CARTESIAN_POINT('',(27.5,-85.,-2.));
#3384=CARTESIAN_POINT('Origin',(55.,-65.0000000000001,0.));
#3385=CARTESIAN_POINT('',(75.,-65.0000000000001,-2.));
#3386=CARTESIAN_POINT('',(75.,-65.0000000000001,0.));
#3387=CARTESIAN_POINT('Origin',(55.,-65.0000000000001,-2.));
#3388=CARTESIAN_POINT('Origin',(75.,-50.,0.));
#3389=CARTESIAN_POINT('',(75.,-50.,-2.));
#3390=CARTESIAN_POINT('',(75.,-50.,0.));
#3391=CARTESIAN_POINT('',(75.,-25.,-2.));
#3392=CARTESIAN_POINT('Origin',(65.,-50.,0.));
#3393=CARTESIAN_POINT('',(65.,-40.,-2.));
#3394=CARTESIAN_POINT('',(65.,-40.,0.));
#3395=CARTESIAN_POINT('Origin',(65.,-50.,-2.));
#3396=CARTESIAN_POINT('Origin',(10.,-40.,0.));
#3397=CARTESIAN_POINT('',(10.,-40.,-2.));
#3398=CARTESIAN_POINT('',(10.,-40.,0.));
#3399=CARTESIAN_POINT('',(5.,-40.,-2.));
#3400=CARTESIAN_POINT('Origin',(-42.2071067811865,20.2071067811866,1.));
#3401=CARTESIAN_POINT('',(-49.,12.,2.));
#3402=CARTESIAN_POINT('',(-41.5,19.5,2.));
#3403=CARTESIAN_POINT('',(-49.,12.,2.));
#3404=CARTESIAN_POINT('Origin',(-20.5,13.,1.));
#3405=CARTESIAN_POINT('',(-20.5,12.,2.));
#3406=CARTESIAN_POINT('Origin',(-24.5,-13.,1.));
#3407=CARTESIAN_POINT('',(-41.,-12.,2.));
#3408=CARTESIAN_POINT('Origin',(-52.5,-8.5,10.));
#3409=CARTESIAN_POINT('',(-49.,-12.,40.));
#3410=CARTESIAN_POINT('',(-49.,-12.,0.));
#3411=CARTESIAN_POINT('',(-56.,-5.,29.2307692307692));
#3412=CARTESIAN_POINT('',(-66.4830623306233,5.4830623306233,13.1029810298103));
#3413=CARTESIAN_POINT('',(-56.,-5.,10.));
#3414=CARTESIAN_POINT('Origin',(-49.,-12.,0.));
#3415=CARTESIAN_POINT('',(-41.,-12.,40.));
#3416=CARTESIAN_POINT('Origin',(-74.,-42.5,-1.));
#3417=CARTESIAN_POINT('',(-65.75,-5.,7.24999999999997));
#3418=CARTESIAN_POINT('',(-75.,-70.,-2.));
#3419=CARTESIAN_POINT('Origin',(-60.,-70.,-1.));
#3420=CARTESIAN_POINT('',(-60.,-85.,-2.));
#3421=CARTESIAN_POINT('Origin',(27.5,-84.,-1.));
#3422=CARTESIAN_POINT('',(55.,-85.,-2.));
#3423=CARTESIAN_POINT('Origin',(55.,-65.0000000000001,-1.));
#3424=CARTESIAN_POINT('',(75.,-65.0000000000001,-2.));
#3425=CARTESIAN_POINT('Origin',(74.,-25.,-1.));
#3426=CARTESIAN_POINT('',(75.,-50.,-2.));
#3427=CARTESIAN_POINT('Origin',(65.,-50.,-1.));
#3428=CARTESIAN_POINT('',(65.,-40.,-2.));
#3429=CARTESIAN_POINT('Origin',(5.,-41.,-1.));
#3430=CARTESIAN_POINT('',(10.,-40.,-2.));
#3431=CARTESIAN_POINT('Origin',(9.,20.,-1.));
#3432=CARTESIAN_POINT('',(10.,20.,-2.));
#3433=CARTESIAN_POINT('',(10.,40.,-2.));
#3434=CARTESIAN_POINT('Origin',(-74.,-42.5,-1.));
#3435=CARTESIAN_POINT('',(-73.,70.,0.));
#3436=CARTESIAN_POINT('Origin',(-60.,70.,-1.));
#3437=CARTESIAN_POINT('',(-60.,83.,0.));
#3438=CARTESIAN_POINT('Origin',(-37.5,84.,-1.));
#3439=CARTESIAN_POINT('',(55.,83.0000000000001,0.));
#3440=CARTESIAN_POINT('Origin',(55.,65.0000000000001,-1.));
#3441=CARTESIAN_POINT('',(73.,65.0000000000001,0.));
#3442=CARTESIAN_POINT('Origin',(74.,32.5000000000001,-1.));
#3443=CARTESIAN_POINT('',(73.,50.,0.));
#3444=CARTESIAN_POINT('Origin',(65.,50.,-1.));
#3445=CARTESIAN_POINT('',(65.,42.,0.));
#3446=CARTESIAN_POINT('Origin',(32.5,41.,-1.));
#3447=CARTESIAN_POINT('Origin',(-52.5,8.5,10.));
#3448=CARTESIAN_POINT('',(-49.,12.,40.));
#3449=CARTESIAN_POINT('',(-66.4830623306233,-5.4830623306233,13.1029810298103));
#3450=CARTESIAN_POINT('',(-49.,12.,0.));
#3451=CARTESIAN_POINT('Origin',(-1.,-17.,-5.));
#3452=CARTESIAN_POINT('',(-2.,-11.,-11.));
#3453=CARTESIAN_POINT('Origin',(-20.,17.,-5.));
#3454=CARTESIAN_POINT('',(-2.,12.,-10.));
#3455=CARTESIAN_POINT('',(-20.,12.,-10.));
#3456=CARTESIAN_POINT('',(-2.,17.,-5.));
#3457=CARTESIAN_POINT('Origin',(-40.,12.,0.));
#3458=CARTESIAN_POINT('',(-2.,12.,0.));
#3459=CARTESIAN_POINT('Origin',(-62.75,-60.75,1.65));
#3460=CARTESIAN_POINT('',(-62.75,-59.1,2.));
#3461=CARTESIAN_POINT('Origin',(-62.75,-60.75,2.));
#3462=CARTESIAN_POINT('',(-62.75,-59.8,1.3));
#3463=CARTESIAN_POINT('',(-62.75,-59.45,1.65));
#3464=CARTESIAN_POINT('Origin',(-62.75,-60.75,1.3));
#3465=CARTESIAN_POINT('Origin',(-62.75,-60.75,0.));
#3466=CARTESIAN_POINT('',(-62.75,-59.8,-8.));
#3467=CARTESIAN_POINT('',(-62.75,-59.8,0.));
#3468=CARTESIAN_POINT('Origin',(-62.75,-60.75,-8.));
#3469=CARTESIAN_POINT('Origin',(-62.75,-60.75,2.));
#3470=CARTESIAN_POINT('',(-62.75,-58.5,2.));
#3471=CARTESIAN_POINT('Origin',(-62.75,-60.75,2.));
#3472=CARTESIAN_POINT('Origin',(-62.75,-40.25,1.65));
#3473=CARTESIAN_POINT('',(-62.75,-38.6,2.));
#3474=CARTESIAN_POINT('Origin',(-62.75,-40.25,2.));
#3475=CARTESIAN_POINT('',(-62.75,-39.3,1.3));
#3476=CARTESIAN_POINT('',(-62.75,-38.95,1.65));
#3477=CARTESIAN_POINT('Origin',(-62.75,-40.25,1.3));
#3478=CARTESIAN_POINT('Origin',(-62.75,-40.25,0.));
#3479=CARTESIAN_POINT('',(-62.75,-39.3,-8.));
#3480=CARTESIAN_POINT('',(-62.75,-39.3,0.));
#3481=CARTESIAN_POINT('Origin',(-62.75,-40.25,-8.));
#3482=CARTESIAN_POINT('Origin',(-62.75,-40.25,2.));
#3483=CARTESIAN_POINT('',(-62.75,-38.,2.));
#3484=CARTESIAN_POINT('Origin',(-62.75,-40.25,2.));
#3485=CARTESIAN_POINT('Origin',(-1.24999999999997,-60.75,1.65));
#3486=CARTESIAN_POINT('',(-1.24999999999997,-59.1,2.));
#3487=CARTESIAN_POINT('Origin',(-1.24999999999997,-60.75,2.));
#3488=CARTESIAN_POINT('',(-1.24999999999997,-59.8,1.3));
#3489=CARTESIAN_POINT('',(-1.24999999999997,-59.45,1.65));
#3490=CARTESIAN_POINT('Origin',(-1.24999999999997,-60.75,1.3));
#3491=CARTESIAN_POINT('Origin',(-1.24999999999997,-60.75,0.));
#3492=CARTESIAN_POINT('',(-1.24999999999997,-59.8,-8.));
#3493=CARTESIAN_POINT('',(-1.24999999999997,-59.8,0.));
#3494=CARTESIAN_POINT('Origin',(-1.24999999999997,-60.75,-8.));
#3495=CARTESIAN_POINT('Origin',(-1.24999999999997,-60.75,2.));
#3496=CARTESIAN_POINT('',(-1.24999999999997,-58.5,2.));
#3497=CARTESIAN_POINT('Origin',(-1.24999999999997,-60.75,2.));
#3498=CARTESIAN_POINT('Origin',(-1.24999999999997,-40.25,1.65));
#3499=CARTESIAN_POINT('',(-1.24999999999997,-38.6,2.));
#3500=CARTESIAN_POINT('Origin',(-1.24999999999997,-40.25,2.));
#3501=CARTESIAN_POINT('',(-1.24999999999997,-39.3,1.3));
#3502=CARTESIAN_POINT('',(-1.24999999999997,-38.95,1.65));
#3503=CARTESIAN_POINT('Origin',(-1.24999999999997,-40.25,1.3));
#3504=CARTESIAN_POINT('Origin',(-1.24999999999997,-40.25,0.));
#3505=CARTESIAN_POINT('',(-1.24999999999997,-39.3,-8.));
#3506=CARTESIAN_POINT('',(-1.24999999999997,-39.3,0.));
#3507=CARTESIAN_POINT('Origin',(-1.24999999999997,-40.25,-8.));
#3508=CARTESIAN_POINT('Origin',(-1.24999999999997,-40.25,2.));
#3509=CARTESIAN_POINT('',(-1.24999999999997,-38.,2.));
#3510=CARTESIAN_POINT('Origin',(-1.24999999999997,-40.25,2.));
#3511=CARTESIAN_POINT('Origin',(-62.75,-60.75,-8.));
#3512=CARTESIAN_POINT('Origin',(-62.75,-40.25,-8.));
#3513=CARTESIAN_POINT('Origin',(-1.24999999999997,-60.75,-8.));
#3514=CARTESIAN_POINT('Origin',(-1.24999999999997,-40.25,-8.));
#3515=CARTESIAN_POINT('Origin',(-59.75,-38.25,0.));
#3516=CARTESIAN_POINT('',(-59.75,-38.25,-8.));
#3517=CARTESIAN_POINT('',(-59.75,-38.25,0.));
#3518=CARTESIAN_POINT('',(-4.24999999999996,-38.25,-8.));
#3519=CARTESIAN_POINT('',(-59.75,-38.25,-8.));
#3520=CARTESIAN_POINT('',(-4.24999999999996,-38.25,0.));
#3521=CARTESIAN_POINT('Origin',(-59.75,-62.75,0.));
#3522=CARTESIAN_POINT('',(-59.75,-62.75,-8.));
#3523=CARTESIAN_POINT('',(-59.75,-62.75,0.));
#3524=CARTESIAN_POINT('',(-59.75,-62.75,-8.));
#3525=CARTESIAN_POINT('Origin',(-4.24999999999997,-62.75,0.));
#3526=CARTESIAN_POINT('',(-4.24999999999997,-62.75,-8.));
#3527=CARTESIAN_POINT('',(-4.24999999999997,-62.75,0.));
#3528=CARTESIAN_POINT('',(-4.24999999999997,-62.75,-8.));
#3529=CARTESIAN_POINT('Origin',(-4.24999999999997,-38.25,0.));
#3530=CARTESIAN_POINT('',(-4.24999999999997,-38.25,-8.));
#3531=CARTESIAN_POINT('Origin',(-32.,-50.5,-8.));
#3532=CARTESIAN_POINT('Origin',(-62.75,-60.75,0.));
#3533=CARTESIAN_POINT('',(-62.75,-58.5,0.));
#3534=CARTESIAN_POINT('Origin',(-1.24999999999997,-40.25,0.));
#3535=CARTESIAN_POINT('',(-1.24999999999997,-38.,0.));
#3536=CARTESIAN_POINT('Origin',(-62.75,-40.25,0.));
#3537=CARTESIAN_POINT('',(-62.75,-38.,0.));
#3538=CARTESIAN_POINT('Origin',(-1.24999999999997,-60.75,0.));
#3539=CARTESIAN_POINT('',(-1.24999999999997,-58.5,0.));
#3540=CARTESIAN_POINT('Origin',(-2.,12.,0.));
#3541=CARTESIAN_POINT('Origin',(-62.,-5.,20.));
#3542=CARTESIAN_POINT('',(-49.,-5.,40.));
#3543=CARTESIAN_POINT('Origin',(-75.,0.,4.44089209850063E-15));
#3544=CARTESIAN_POINT('',(-49.,-12.,40.));
#3545=CARTESIAN_POINT('Origin',(-41.,12.,0.));
#3546=CARTESIAN_POINT('',(-41.,12.,40.));
#3547=CARTESIAN_POINT('Origin',(-45.,0.,40.));
#3548=CARTESIAN_POINT('Origin',(10.,40.,0.));
#3549=UNCERTAINTY_MEASURE_WITH_UNIT(LENGTH_MEASURE(0.01),#3553,
'DISTANCE_ACCURACY_VALUE',
'Maximum model space distance between geometric entities at asserted c
onnectivities');
#3550=UNCERTAINTY_MEASURE_WITH_UNIT(LENGTH_MEASURE(0.01),#3553,
'DISTANCE_ACCURACY_VALUE',
'Maximum model space distance between geometric entities at asserted c
onnectivities');
#3551=(
GEOMETRIC_REPRESENTATION_CONTEXT(3)
GLOBAL_UNCERTAINTY_ASSIGNED_CONTEXT((#3549))
GLOBAL_UNIT_ASSIGNED_CONTEXT((#3553,#3555,#3556))
REPRESENTATION_CONTEXT('','3D')
);
#3552=(
GEOMETRIC_REPRESENTATION_CONTEXT(3)
GLOBAL_UNCERTAINTY_ASSIGNED_CONTEXT((#3550))
GLOBAL_UNIT_ASSIGNED_CONTEXT((#3553,#3555,#3556))
REPRESENTATION_CONTEXT('','3D')
);
#3553=(
LENGTH_UNIT()
NAMED_UNIT(*)
SI_UNIT(.MILLI.,.METRE.)
);
#3554=(
LENGTH_UNIT()
NAMED_UNIT(*)
SI_UNIT($,.METRE.)
);
#3555=(
NAMED_UNIT(*)
PLANE_ANGLE_UNIT()
SI_UNIT($,.RADIAN.)
);
#3556=(
NAMED_UNIT(*)
SI_UNIT($,.STERADIAN.)
SOLID_ANGLE_UNIT()
);
#3557=SHAPE_DEFINITION_REPRESENTATION(#3558,#3559);
#3558=PRODUCT_DEFINITION_SHAPE('',$,#3561);
#3559=SHAPE_REPRESENTATION('',(#2053),#3551);
#3560=PRODUCT_DEFINITION_CONTEXT('part definition',#3565,'design');
#3561=PRODUCT_DEFINITION('base','base',#3562,#3560);
#3562=PRODUCT_DEFINITION_FORMATION('',$,#3567);
#3563=PRODUCT_RELATED_PRODUCT_CATEGORY('base','base',(#3567));
#3564=APPLICATION_PROTOCOL_DEFINITION('international standard',
'automotive_design',2009,#3565);
#3565=APPLICATION_CONTEXT(
'Core Data for Automotive Mechanical Design Process');
#3566=PRODUCT_CONTEXT('part definition',#3565,'mechanical');
#3567=PRODUCT('base','base',$,(#3566));
#3568=PRESENTATION_STYLE_ASSIGNMENT((#3570));
#3569=PRESENTATION_STYLE_ASSIGNMENT((#3571));
#3570=SURFACE_STYLE_USAGE(.BOTH.,#3572);
#3571=SURFACE_STYLE_USAGE(.BOTH.,#3573);
#3572=SURFACE_SIDE_STYLE('',(#3574));
#3573=SURFACE_SIDE_STYLE('',(#3575));
#3574=SURFACE_STYLE_FILL_AREA(#3576);
#3575=SURFACE_STYLE_FILL_AREA(#3577);
#3576=FILL_AREA_STYLE('Nylon 6-6 (White)',(#3578));
#3577=FILL_AREA_STYLE('ABS (White)',(#3579));
#3578=FILL_AREA_STYLE_COLOUR('Nylon 6-6 (White)',#3580);
#3579=FILL_AREA_STYLE_COLOUR('ABS (White)',#3581);
#3580=COLOUR_RGB('Nylon 6-6 (White)',0.972549019607843,0.968627450980392,
0.929411764705882);
#3581=COLOUR_RGB('ABS (White)',0.964705882352941,0.964705882352941,0.952941176470588);
ENDSEC;
END-ISO-10303-21;
