ISO-10303-21;
HEADER;
/* Generated by software containing ST-Developer
 * from STEP Tools, Inc. (www.steptools.com) 
 */

FILE_DESCRIPTION(
/* description */ (''),
/* implementation_level */ '2;1');

FILE_NAME(
/* name */ 'L1.step',
/* time_stamp */ '2026-05-30T14:31:18+02:00',
/* author */ (''),
/* organization */ (''),
/* preprocessor_version */ 'ST-DEVELOPER v20.1',
/* originating_system */ 'Autodesk Translation Framework v15.8.0.0',
/* authorisation */ '');

FILE_SCHEMA (('AUTOMOTIVE_DESIGN { 1 0 10303 214 3 1 1 }'));
ENDSEC;

DATA;
#10=MECHANICAL_DESIGN_GEOMETRIC_PRESENTATION_REPRESENTATION('',(#13),#4122);
#11=SHAPE_REPRESENTATION_RELATIONSHIP('SRR','None',#4129,#12);
#12=ADVANCED_BREP_SHAPE_REPRESENTATION('',(#14),#4121);
#13=STYLED_ITEM('',(#4139),#14);
#14=MANIFOLD_SOLID_BREP('Body1',#2540);
#15=CIRCLE('',#2563,6.);
#16=CIRCLE('',#2564,6.);
#17=CIRCLE('',#2569,6.);
#18=CIRCLE('',#2570,6.);
#19=CIRCLE('',#2575,6.);
#20=CIRCLE('',#2576,6.);
#21=CIRCLE('',#2582,6.);
#22=CIRCLE('',#2583,6.);
#23=CIRCLE('',#2607,4.);
#24=CIRCLE('',#2609,1.);
#25=CIRCLE('',#2610,1.);
#26=CIRCLE('',#2613,4.);
#27=CIRCLE('',#2629,1.);
#28=CIRCLE('',#2630,1.);
#29=CIRCLE('',#2632,1.75);
#30=CIRCLE('',#2633,1.75);
#31=CIRCLE('',#2635,1.);
#32=CIRCLE('',#2637,1.75);
#33=CIRCLE('',#2638,1.75);
#34=CIRCLE('',#2640,1.);
#35=CIRCLE('',#2655,1.75);
#36=CIRCLE('',#2656,1.75);
#37=CIRCLE('',#2660,1.75);
#38=CIRCLE('',#2662,1.);
#39=CIRCLE('',#2664,1.75);
#40=CIRCLE('',#2666,1.);
#41=CIRCLE('',#2670,10.);
#42=CIRCLE('',#2671,1.75);
#43=CIRCLE('',#2672,1.75);
#44=CIRCLE('',#2673,1.75);
#45=CIRCLE('',#2674,1.75);
#46=CIRCLE('',#2675,2.99999980255967);
#47=CIRCLE('',#2680,1.75);
#48=CIRCLE('',#2681,1.75);
#49=CIRCLE('',#2683,0.800000000000001);
#50=CIRCLE('',#2685,1.75);
#51=CIRCLE('',#2686,1.75);
#52=CIRCLE('',#2688,0.800000000000001);
#53=CIRCLE('',#2690,1.75);
#54=CIRCLE('',#2691,1.75);
#55=CIRCLE('',#2693,0.800000000000001);
#56=CIRCLE('',#2695,1.75);
#57=CIRCLE('',#2696,1.75);
#58=CIRCLE('',#2698,0.800000000000001);
#59=CIRCLE('',#2700,1.75);
#60=CIRCLE('',#2702,0.800000000000001);
#61=CIRCLE('',#2704,1.75);
#62=CIRCLE('',#2706,0.800000000000001);
#63=CIRCLE('',#2708,1.75);
#64=CIRCLE('',#2710,0.800000000000001);
#65=CIRCLE('',#2712,1.75);
#66=CIRCLE('',#2714,0.800000000000001);
#67=CIRCLE('',#2717,0.800000000000001);
#68=CIRCLE('',#2719,0.800000000000001);
#69=CIRCLE('',#2721,2.99999980255967);
#70=CIRCLE('',#2722,2.99999980255967);
#71=CIRCLE('',#2724,0.800000000000001);
#72=CIRCLE('',#2726,0.800000000000001);
#73=CIRCLE('',#2728,10.);
#74=CIRCLE('',#2729,10.);
#75=CIRCLE('',#2733,2.99999980255967);
#76=CIRCLE('',#2735,0.800000000000001);
#77=CIRCLE('',#2737,0.800000000000001);
#78=CIRCLE('',#2739,0.800000000000001);
#79=CIRCLE('',#2741,0.800000000000001);
#80=CIRCLE('',#2743,10.);
#81=CYLINDRICAL_SURFACE('',#2562,6.);
#82=CYLINDRICAL_SURFACE('',#2568,6.);
#83=CYLINDRICAL_SURFACE('',#2574,6.);
#84=CYLINDRICAL_SURFACE('',#2581,6.);
#85=CYLINDRICAL_SURFACE('',#2612,4.);
#86=CYLINDRICAL_SURFACE('',#2631,1.75);
#87=CYLINDRICAL_SURFACE('',#2636,1.75);
#88=CYLINDRICAL_SURFACE('',#2641,1.);
#89=CYLINDRICAL_SURFACE('',#2642,1.);
#90=CYLINDRICAL_SURFACE('',#2659,1.75);
#91=CYLINDRICAL_SURFACE('',#2663,1.75);
#92=CYLINDRICAL_SURFACE('',#2667,1.);
#93=CYLINDRICAL_SURFACE('',#2668,1.);
#94=CYLINDRICAL_SURFACE('',#2679,1.75);
#95=CYLINDRICAL_SURFACE('',#2684,1.75);
#96=CYLINDRICAL_SURFACE('',#2689,1.75);
#97=CYLINDRICAL_SURFACE('',#2694,1.75);
#98=CYLINDRICAL_SURFACE('',#2699,1.75);
#99=CYLINDRICAL_SURFACE('',#2703,1.75);
#100=CYLINDRICAL_SURFACE('',#2707,1.75);
#101=CYLINDRICAL_SURFACE('',#2711,1.75);
#102=CYLINDRICAL_SURFACE('',#2716,0.800000000000001);
#103=CYLINDRICAL_SURFACE('',#2718,0.800000000000001);
#104=CYLINDRICAL_SURFACE('',#2720,2.99999980255967);
#105=CYLINDRICAL_SURFACE('',#2723,0.800000000000001);
#106=CYLINDRICAL_SURFACE('',#2725,0.800000000000001);
#107=CYLINDRICAL_SURFACE('',#2727,10.);
#108=CYLINDRICAL_SURFACE('',#2732,2.99999980255967);
#109=CYLINDRICAL_SURFACE('',#2734,0.800000000000001);
#110=CYLINDRICAL_SURFACE('',#2736,0.800000000000001);
#111=CYLINDRICAL_SURFACE('',#2738,0.800000000000001);
#112=CYLINDRICAL_SURFACE('',#2740,0.800000000000001);
#113=CYLINDRICAL_SURFACE('',#2742,10.);
#114=FACE_BOUND('',#303,.T.);
#115=FACE_BOUND('',#306,.T.);
#116=FACE_BOUND('',#332,.T.);
#117=FACE_BOUND('',#337,.T.);
#118=FACE_BOUND('',#346,.T.);
#119=FACE_BOUND('',#348,.T.);
#120=FACE_BOUND('',#349,.T.);
#121=FACE_BOUND('',#354,.T.);
#122=FACE_BOUND('',#360,.T.);
#123=FACE_BOUND('',#369,.T.);
#124=FACE_BOUND('',#370,.T.);
#125=FACE_BOUND('',#373,.T.);
#126=FACE_BOUND('',#376,.T.);
#127=FACE_BOUND('',#380,.T.);
#128=FACE_BOUND('',#381,.T.);
#129=FACE_BOUND('',#393,.T.);
#130=FACE_BOUND('',#394,.T.);
#131=FACE_BOUND('',#399,.T.);
#132=FACE_BOUND('',#402,.T.);
#133=FACE_BOUND('',#406,.T.);
#134=FACE_BOUND('',#407,.T.);
#135=FACE_BOUND('',#408,.T.);
#136=FACE_BOUND('',#409,.T.);
#137=FACE_BOUND('',#410,.T.);
#138=FACE_BOUND('',#412,.T.);
#139=FACE_BOUND('',#413,.T.);
#140=FACE_BOUND('',#414,.T.);
#141=FACE_BOUND('',#415,.T.);
#142=FACE_BOUND('',#416,.T.);
#143=FACE_BOUND('',#418,.T.);
#144=FACE_BOUND('',#419,.T.);
#145=FACE_BOUND('',#420,.T.);
#146=FACE_BOUND('',#421,.T.);
#147=FACE_BOUND('',#425,.T.);
#148=FACE_BOUND('',#428,.T.);
#149=FACE_BOUND('',#431,.T.);
#150=FACE_BOUND('',#434,.T.);
#151=FACE_BOUND('',#437,.T.);
#152=FACE_BOUND('',#440,.T.);
#153=FACE_BOUND('',#443,.T.);
#154=FACE_BOUND('',#446,.T.);
#155=FACE_BOUND('',#448,.T.);
#156=FACE_BOUND('',#456,.T.);
#157=FACE_BOUND('',#457,.T.);
#158=FACE_BOUND('',#458,.T.);
#159=FACE_BOUND('',#459,.T.);
#160=FACE_BOUND('',#460,.T.);
#161=FACE_BOUND('',#462,.T.);
#162=FACE_BOUND('',#463,.T.);
#163=FACE_BOUND('',#464,.T.);
#164=FACE_BOUND('',#465,.T.);
#165=FACE_BOUND('',#466,.T.);
#166=FACE_BOUND('',#475,.T.);
#167=FACE_BOUND('',#476,.T.);
#168=FACE_BOUND('',#477,.T.);
#169=FACE_BOUND('',#478,.T.);
#170=FACE_BOUND('',#479,.T.);
#171=FACE_OUTER_BOUND('',#297,.T.);
#172=FACE_OUTER_BOUND('',#298,.T.);
#173=FACE_OUTER_BOUND('',#299,.T.);
#174=FACE_OUTER_BOUND('',#300,.T.);
#175=FACE_OUTER_BOUND('',#301,.T.);
#176=FACE_OUTER_BOUND('',#302,.T.);
#177=FACE_OUTER_BOUND('',#304,.T.);
#178=FACE_OUTER_BOUND('',#305,.T.);
#179=FACE_OUTER_BOUND('',#307,.T.);
#180=FACE_OUTER_BOUND('',#308,.T.);
#181=FACE_OUTER_BOUND('',#309,.T.);
#182=FACE_OUTER_BOUND('',#310,.T.);
#183=FACE_OUTER_BOUND('',#311,.T.);
#184=FACE_OUTER_BOUND('',#312,.T.);
#185=FACE_OUTER_BOUND('',#313,.T.);
#186=FACE_OUTER_BOUND('',#314,.T.);
#187=FACE_OUTER_BOUND('',#315,.T.);
#188=FACE_OUTER_BOUND('',#316,.T.);
#189=FACE_OUTER_BOUND('',#317,.T.);
#190=FACE_OUTER_BOUND('',#318,.T.);
#191=FACE_OUTER_BOUND('',#319,.T.);
#192=FACE_OUTER_BOUND('',#320,.T.);
#193=FACE_OUTER_BOUND('',#321,.T.);
#194=FACE_OUTER_BOUND('',#322,.T.);
#195=FACE_OUTER_BOUND('',#323,.T.);
#196=FACE_OUTER_BOUND('',#324,.T.);
#197=FACE_OUTER_BOUND('',#325,.T.);
#198=FACE_OUTER_BOUND('',#326,.T.);
#199=FACE_OUTER_BOUND('',#327,.T.);
#200=FACE_OUTER_BOUND('',#328,.T.);
#201=FACE_OUTER_BOUND('',#329,.T.);
#202=FACE_OUTER_BOUND('',#330,.T.);
#203=FACE_OUTER_BOUND('',#331,.T.);
#204=FACE_OUTER_BOUND('',#333,.T.);
#205=FACE_OUTER_BOUND('',#334,.T.);
#206=FACE_OUTER_BOUND('',#335,.T.);
#207=FACE_OUTER_BOUND('',#336,.T.);
#208=FACE_OUTER_BOUND('',#338,.T.);
#209=FACE_OUTER_BOUND('',#339,.T.);
#210=FACE_OUTER_BOUND('',#340,.T.);
#211=FACE_OUTER_BOUND('',#341,.T.);
#212=FACE_OUTER_BOUND('',#342,.T.);
#213=FACE_OUTER_BOUND('',#343,.T.);
#214=FACE_OUTER_BOUND('',#344,.T.);
#215=FACE_OUTER_BOUND('',#345,.T.);
#216=FACE_OUTER_BOUND('',#347,.T.);
#217=FACE_OUTER_BOUND('',#350,.T.);
#218=FACE_OUTER_BOUND('',#351,.T.);
#219=FACE_OUTER_BOUND('',#352,.T.);
#220=FACE_OUTER_BOUND('',#353,.T.);
#221=FACE_OUTER_BOUND('',#355,.T.);
#222=FACE_OUTER_BOUND('',#356,.T.);
#223=FACE_OUTER_BOUND('',#357,.T.);
#224=FACE_OUTER_BOUND('',#358,.T.);
#225=FACE_OUTER_BOUND('',#359,.T.);
#226=FACE_OUTER_BOUND('',#361,.T.);
#227=FACE_OUTER_BOUND('',#362,.T.);
#228=FACE_OUTER_BOUND('',#363,.T.);
#229=FACE_OUTER_BOUND('',#364,.T.);
#230=FACE_OUTER_BOUND('',#365,.T.);
#231=FACE_OUTER_BOUND('',#366,.T.);
#232=FACE_OUTER_BOUND('',#367,.T.);
#233=FACE_OUTER_BOUND('',#368,.T.);
#234=FACE_OUTER_BOUND('',#371,.T.);
#235=FACE_OUTER_BOUND('',#372,.T.);
#236=FACE_OUTER_BOUND('',#374,.T.);
#237=FACE_OUTER_BOUND('',#375,.T.);
#238=FACE_OUTER_BOUND('',#377,.T.);
#239=FACE_OUTER_BOUND('',#378,.T.);
#240=FACE_OUTER_BOUND('',#379,.T.);
#241=FACE_OUTER_BOUND('',#382,.T.);
#242=FACE_OUTER_BOUND('',#383,.T.);
#243=FACE_OUTER_BOUND('',#384,.T.);
#244=FACE_OUTER_BOUND('',#385,.T.);
#245=FACE_OUTER_BOUND('',#386,.T.);
#246=FACE_OUTER_BOUND('',#387,.T.);
#247=FACE_OUTER_BOUND('',#388,.T.);
#248=FACE_OUTER_BOUND('',#389,.T.);
#249=FACE_OUTER_BOUND('',#390,.T.);
#250=FACE_OUTER_BOUND('',#391,.T.);
#251=FACE_OUTER_BOUND('',#392,.T.);
#252=FACE_OUTER_BOUND('',#395,.T.);
#253=FACE_OUTER_BOUND('',#396,.T.);
#254=FACE_OUTER_BOUND('',#397,.T.);
#255=FACE_OUTER_BOUND('',#398,.T.);
#256=FACE_OUTER_BOUND('',#400,.T.);
#257=FACE_OUTER_BOUND('',#401,.T.);
#258=FACE_OUTER_BOUND('',#403,.T.);
#259=FACE_OUTER_BOUND('',#404,.T.);
#260=FACE_OUTER_BOUND('',#405,.T.);
#261=FACE_OUTER_BOUND('',#411,.T.);
#262=FACE_OUTER_BOUND('',#417,.T.);
#263=FACE_OUTER_BOUND('',#422,.T.);
#264=FACE_OUTER_BOUND('',#423,.T.);
#265=FACE_OUTER_BOUND('',#424,.T.);
#266=FACE_OUTER_BOUND('',#426,.T.);
#267=FACE_OUTER_BOUND('',#427,.T.);
#268=FACE_OUTER_BOUND('',#429,.T.);
#269=FACE_OUTER_BOUND('',#430,.T.);
#270=FACE_OUTER_BOUND('',#432,.T.);
#271=FACE_OUTER_BOUND('',#433,.T.);
#272=FACE_OUTER_BOUND('',#435,.T.);
#273=FACE_OUTER_BOUND('',#436,.T.);
#274=FACE_OUTER_BOUND('',#438,.T.);
#275=FACE_OUTER_BOUND('',#439,.T.);
#276=FACE_OUTER_BOUND('',#441,.T.);
#277=FACE_OUTER_BOUND('',#442,.T.);
#278=FACE_OUTER_BOUND('',#444,.T.);
#279=FACE_OUTER_BOUND('',#445,.T.);
#280=FACE_OUTER_BOUND('',#447,.T.);
#281=FACE_OUTER_BOUND('',#449,.T.);
#282=FACE_OUTER_BOUND('',#450,.T.);
#283=FACE_OUTER_BOUND('',#451,.T.);
#284=FACE_OUTER_BOUND('',#452,.T.);
#285=FACE_OUTER_BOUND('',#453,.T.);
#286=FACE_OUTER_BOUND('',#454,.T.);
#287=FACE_OUTER_BOUND('',#455,.T.);
#288=FACE_OUTER_BOUND('',#461,.T.);
#289=FACE_OUTER_BOUND('',#467,.T.);
#290=FACE_OUTER_BOUND('',#468,.T.);
#291=FACE_OUTER_BOUND('',#469,.T.);
#292=FACE_OUTER_BOUND('',#470,.T.);
#293=FACE_OUTER_BOUND('',#471,.T.);
#294=FACE_OUTER_BOUND('',#472,.T.);
#295=FACE_OUTER_BOUND('',#473,.T.);
#296=FACE_OUTER_BOUND('',#474,.T.);
#297=EDGE_LOOP('',(#1623,#1624,#1625,#1626));
#298=EDGE_LOOP('',(#1627,#1628,#1629,#1630));
#299=EDGE_LOOP('',(#1631,#1632,#1633,#1634));
#300=EDGE_LOOP('',(#1635,#1636,#1637,#1638,#1639));
#301=EDGE_LOOP('',(#1640,#1641,#1642,#1643,#1644));
#302=EDGE_LOOP('',(#1645,#1646,#1647,#1648,#1649,#1650));
#303=EDGE_LOOP('',(#1651,#1652,#1653));
#304=EDGE_LOOP('',(#1654,#1655,#1656,#1657,#1658,#1659,#1660,#1661,#1662,
#1663));
#305=EDGE_LOOP('',(#1664,#1665,#1666,#1667,#1668,#1669));
#306=EDGE_LOOP('',(#1670,#1671,#1672));
#307=EDGE_LOOP('',(#1673,#1674,#1675,#1676));
#308=EDGE_LOOP('',(#1677,#1678,#1679,#1680,#1681));
#309=EDGE_LOOP('',(#1682,#1683,#1684,#1685,#1686,#1687));
#310=EDGE_LOOP('',(#1688,#1689,#1690,#1691,#1692));
#311=EDGE_LOOP('',(#1693,#1694,#1695,#1696));
#312=EDGE_LOOP('',(#1697,#1698,#1699,#1700,#1701));
#313=EDGE_LOOP('',(#1702,#1703,#1704,#1705,#1706,#1707));
#314=EDGE_LOOP('',(#1708,#1709,#1710,#1711,#1712));
#315=EDGE_LOOP('',(#1713,#1714,#1715,#1716));
#316=EDGE_LOOP('',(#1717,#1718,#1719,#1720));
#317=EDGE_LOOP('',(#1721,#1722,#1723,#1724,#1725));
#318=EDGE_LOOP('',(#1726,#1727,#1728,#1729));
#319=EDGE_LOOP('',(#1730,#1731,#1732,#1733,#1734));
#320=EDGE_LOOP('',(#1735,#1736,#1737,#1738));
#321=EDGE_LOOP('',(#1739,#1740,#1741));
#322=EDGE_LOOP('',(#1742,#1743,#1744,#1745));
#323=EDGE_LOOP('',(#1746,#1747,#1748));
#324=EDGE_LOOP('',(#1749,#1750,#1751,#1752,#1753,#1754));
#325=EDGE_LOOP('',(#1755,#1756,#1757));
#326=EDGE_LOOP('',(#1758,#1759,#1760,#1761,#1762,#1763));
#327=EDGE_LOOP('',(#1764,#1765,#1766,#1767,#1768,#1769,#1770,#1771));
#328=EDGE_LOOP('',(#1772,#1773,#1774,#1775));
#329=EDGE_LOOP('',(#1776,#1777,#1778,#1779,#1780,#1781,#1782,#1783,#1784,
#1785));
#330=EDGE_LOOP('',(#1786,#1787,#1788));
#331=EDGE_LOOP('',(#1789,#1790,#1791,#1792,#1793,#1794,#1795));
#332=EDGE_LOOP('',(#1796,#1797,#1798));
#333=EDGE_LOOP('',(#1799,#1800,#1801));
#334=EDGE_LOOP('',(#1802,#1803,#1804));
#335=EDGE_LOOP('',(#1805,#1806,#1807));
#336=EDGE_LOOP('',(#1808,#1809,#1810,#1811,#1812,#1813,#1814));
#337=EDGE_LOOP('',(#1815,#1816,#1817));
#338=EDGE_LOOP('',(#1818,#1819,#1820,#1821,#1822,#1823));
#339=EDGE_LOOP('',(#1824,#1825,#1826));
#340=EDGE_LOOP('',(#1827,#1828,#1829,#1830));
#341=EDGE_LOOP('',(#1831,#1832,#1833,#1834,#1835,#1836));
#342=EDGE_LOOP('',(#1837,#1838,#1839,#1840,#1841,#1842));
#343=EDGE_LOOP('',(#1843,#1844,#1845,#1846,#1847,#1848));
#344=EDGE_LOOP('',(#1849,#1850,#1851,#1852));
#345=EDGE_LOOP('',(#1853,#1854,#1855,#1856,#1857,#1858,#1859,#1860,#1861,
#1862,#1863,#1864,#1865,#1866,#1867,#1868,#1869,#1870,#1871,#1872));
#346=EDGE_LOOP('',(#1873));
#347=EDGE_LOOP('',(#1874,#1875,#1876,#1877));
#348=EDGE_LOOP('',(#1878));
#349=EDGE_LOOP('',(#1879));
#350=EDGE_LOOP('',(#1880,#1881,#1882,#1883,#1884,#1885,#1886,#1887,#1888,
#1889));
#351=EDGE_LOOP('',(#1890,#1891,#1892,#1893));
#352=EDGE_LOOP('',(#1894,#1895,#1896,#1897,#1898,#1899));
#353=EDGE_LOOP('',(#1900,#1901,#1902));
#354=EDGE_LOOP('',(#1903,#1904,#1905));
#355=EDGE_LOOP('',(#1906,#1907,#1908,#1909,#1910,#1911,#1912,#1913,#1914));
#356=EDGE_LOOP('',(#1915,#1916,#1917,#1918,#1919,#1920,#1921,#1922));
#357=EDGE_LOOP('',(#1923,#1924,#1925,#1926));
#358=EDGE_LOOP('',(#1927,#1928,#1929,#1930,#1931,#1932,#1933));
#359=EDGE_LOOP('',(#1934,#1935,#1936));
#360=EDGE_LOOP('',(#1937,#1938,#1939));
#361=EDGE_LOOP('',(#1940,#1941,#1942,#1943,#1944,#1945));
#362=EDGE_LOOP('',(#1946,#1947,#1948,#1949));
#363=EDGE_LOOP('',(#1950,#1951,#1952,#1953));
#364=EDGE_LOOP('',(#1954,#1955,#1956,#1957,#1958));
#365=EDGE_LOOP('',(#1959,#1960,#1961,#1962));
#366=EDGE_LOOP('',(#1963,#1964,#1965,#1966));
#367=EDGE_LOOP('',(#1967,#1968,#1969,#1970));
#368=EDGE_LOOP('',(#1971,#1972,#1973,#1974,#1975,#1976));
#369=EDGE_LOOP('',(#1977));
#370=EDGE_LOOP('',(#1978));
#371=EDGE_LOOP('',(#1979,#1980,#1981,#1982));
#372=EDGE_LOOP('',(#1983));
#373=EDGE_LOOP('',(#1984));
#374=EDGE_LOOP('',(#1985,#1986,#1987,#1988));
#375=EDGE_LOOP('',(#1989));
#376=EDGE_LOOP('',(#1990));
#377=EDGE_LOOP('',(#1991,#1992,#1993,#1994));
#378=EDGE_LOOP('',(#1995,#1996,#1997,#1998));
#379=EDGE_LOOP('',(#1999,#2000,#2001,#2002));
#380=EDGE_LOOP('',(#2003));
#381=EDGE_LOOP('',(#2004));
#382=EDGE_LOOP('',(#2005,#2006,#2007,#2008));
#383=EDGE_LOOP('',(#2009,#2010,#2011,#2012));
#384=EDGE_LOOP('',(#2013,#2014,#2015,#2016));
#385=EDGE_LOOP('',(#2017,#2018,#2019,#2020));
#386=EDGE_LOOP('',(#2021,#2022,#2023,#2024,#2025,#2026,#2027,#2028,#2029));
#387=EDGE_LOOP('',(#2030,#2031,#2032,#2033));
#388=EDGE_LOOP('',(#2034,#2035,#2036,#2037));
#389=EDGE_LOOP('',(#2038,#2039,#2040,#2041));
#390=EDGE_LOOP('',(#2042,#2043,#2044,#2045));
#391=EDGE_LOOP('',(#2046,#2047,#2048,#2049));
#392=EDGE_LOOP('',(#2050,#2051,#2052,#2053,#2054,#2055,#2056,#2057));
#393=EDGE_LOOP('',(#2058));
#394=EDGE_LOOP('',(#2059));
#395=EDGE_LOOP('',(#2060,#2061,#2062,#2063,#2064,#2065,#2066,#2067,#2068,
#2069,#2070,#2071,#2072,#2073,#2074,#2075,#2076));
#396=EDGE_LOOP('',(#2077,#2078,#2079,#2080,#2081,#2082,#2083,#2084,#2085,
#2086));
#397=EDGE_LOOP('',(#2087,#2088,#2089,#2090));
#398=EDGE_LOOP('',(#2091));
#399=EDGE_LOOP('',(#2092));
#400=EDGE_LOOP('',(#2093,#2094,#2095,#2096));
#401=EDGE_LOOP('',(#2097));
#402=EDGE_LOOP('',(#2098));
#403=EDGE_LOOP('',(#2099,#2100,#2101,#2102));
#404=EDGE_LOOP('',(#2103,#2104,#2105,#2106));
#405=EDGE_LOOP('',(#2107,#2108,#2109,#2110,#2111,#2112,#2113,#2114,#2115,
#2116,#2117,#2118,#2119,#2120));
#406=EDGE_LOOP('',(#2121));
#407=EDGE_LOOP('',(#2122));
#408=EDGE_LOOP('',(#2123));
#409=EDGE_LOOP('',(#2124));
#410=EDGE_LOOP('',(#2125));
#411=EDGE_LOOP('',(#2126,#2127,#2128,#2129,#2130,#2131));
#412=EDGE_LOOP('',(#2132));
#413=EDGE_LOOP('',(#2133,#2134,#2135,#2136));
#414=EDGE_LOOP('',(#2137,#2138,#2139,#2140));
#415=EDGE_LOOP('',(#2141,#2142,#2143,#2144));
#416=EDGE_LOOP('',(#2145,#2146,#2147,#2148));
#417=EDGE_LOOP('',(#2149,#2150,#2151,#2152));
#418=EDGE_LOOP('',(#2153,#2154,#2155));
#419=EDGE_LOOP('',(#2156,#2157,#2158));
#420=EDGE_LOOP('',(#2159,#2160,#2161));
#421=EDGE_LOOP('',(#2162,#2163,#2164));
#422=EDGE_LOOP('',(#2165,#2166,#2167,#2168,#2169,#2170,#2171,#2172,#2173,
#2174));
#423=EDGE_LOOP('',(#2175,#2176,#2177,#2178));
#424=EDGE_LOOP('',(#2179));
#425=EDGE_LOOP('',(#2180));
#426=EDGE_LOOP('',(#2181,#2182,#2183,#2184));
#427=EDGE_LOOP('',(#2185));
#428=EDGE_LOOP('',(#2186));
#429=EDGE_LOOP('',(#2187,#2188,#2189,#2190));
#430=EDGE_LOOP('',(#2191));
#431=EDGE_LOOP('',(#2192));
#432=EDGE_LOOP('',(#2193,#2194,#2195,#2196));
#433=EDGE_LOOP('',(#2197));
#434=EDGE_LOOP('',(#2198));
#435=EDGE_LOOP('',(#2199,#2200,#2201,#2202));
#436=EDGE_LOOP('',(#2203));
#437=EDGE_LOOP('',(#2204));
#438=EDGE_LOOP('',(#2205,#2206,#2207,#2208));
#439=EDGE_LOOP('',(#2209));
#440=EDGE_LOOP('',(#2210));
#441=EDGE_LOOP('',(#2211,#2212,#2213,#2214));
#442=EDGE_LOOP('',(#2215));
#443=EDGE_LOOP('',(#2216));
#444=EDGE_LOOP('',(#2217,#2218,#2219,#2220));
#445=EDGE_LOOP('',(#2221));
#446=EDGE_LOOP('',(#2222));
#447=EDGE_LOOP('',(#2223,#2224,#2225,#2226));
#448=EDGE_LOOP('',(#2227,#2228,#2229,#2230));
#449=EDGE_LOOP('',(#2231,#2232,#2233,#2234));
#450=EDGE_LOOP('',(#2235,#2236,#2237,#2238));
#451=EDGE_LOOP('',(#2239,#2240,#2241,#2242));
#452=EDGE_LOOP('',(#2243,#2244,#2245,#2246));
#453=EDGE_LOOP('',(#2247,#2248,#2249,#2250));
#454=EDGE_LOOP('',(#2251,#2252,#2253,#2254));
#455=EDGE_LOOP('',(#2255,#2256,#2257,#2258));
#456=EDGE_LOOP('',(#2259));
#457=EDGE_LOOP('',(#2260));
#458=EDGE_LOOP('',(#2261));
#459=EDGE_LOOP('',(#2262));
#460=EDGE_LOOP('',(#2263));
#461=EDGE_LOOP('',(#2264,#2265,#2266,#2267,#2268,#2269));
#462=EDGE_LOOP('',(#2270));
#463=EDGE_LOOP('',(#2271));
#464=EDGE_LOOP('',(#2272));
#465=EDGE_LOOP('',(#2273));
#466=EDGE_LOOP('',(#2274));
#467=EDGE_LOOP('',(#2275,#2276,#2277,#2278));
#468=EDGE_LOOP('',(#2279,#2280,#2281,#2282));
#469=EDGE_LOOP('',(#2283,#2284,#2285,#2286));
#470=EDGE_LOOP('',(#2287,#2288,#2289,#2290));
#471=EDGE_LOOP('',(#2291,#2292,#2293,#2294));
#472=EDGE_LOOP('',(#2295,#2296,#2297,#2298));
#473=EDGE_LOOP('',(#2299,#2300,#2301,#2302,#2303,#2304,#2305,#2306,#2307,
#2308,#2309,#2310,#2311));
#474=EDGE_LOOP('',(#2312,#2313,#2314,#2315));
#475=EDGE_LOOP('',(#2316));
#476=EDGE_LOOP('',(#2317));
#477=EDGE_LOOP('',(#2318));
#478=EDGE_LOOP('',(#2319));
#479=EDGE_LOOP('',(#2320));
#480=LINE('',#3419,#763);
#481=LINE('',#3421,#764);
#482=LINE('',#3423,#765);
#483=LINE('',#3424,#766);
#484=LINE('',#3427,#767);
#485=LINE('',#3429,#768);
#486=LINE('',#3430,#769);
#487=LINE('',#3432,#770);
#488=LINE('',#3433,#771);
#489=LINE('',#3437,#772);
#490=LINE('',#3439,#773);
#491=LINE('',#3441,#774);
#492=LINE('',#3443,#775);
#493=LINE('',#3444,#776);
#494=LINE('',#3448,#777);
#495=LINE('',#3450,#778);
#496=LINE('',#3452,#779);
#497=LINE('',#3454,#780);
#498=LINE('',#3455,#781);
#499=LINE('',#3458,#782);
#500=LINE('',#3460,#783);
#501=LINE('',#3462,#784);
#502=LINE('',#3464,#785);
#503=LINE('',#3465,#786);
#504=LINE('',#3468,#787);
#505=LINE('',#3470,#788);
#506=LINE('',#3471,#789);
#507=LINE('',#3473,#790);
#508=LINE('',#3475,#791);
#509=LINE('',#3477,#792);
#510=LINE('',#3478,#793);
#511=LINE('',#3480,#794);
#512=LINE('',#3482,#795);
#513=LINE('',#3483,#796);
#514=LINE('',#3485,#797);
#515=LINE('',#3487,#798);
#516=LINE('',#3489,#799);
#517=LINE('',#3490,#800);
#518=LINE('',#3493,#801);
#519=LINE('',#3495,#802);
#520=LINE('',#3496,#803);
#521=LINE('',#3503,#804);
#522=LINE('',#3505,#805);
#523=LINE('',#3507,#806);
#524=LINE('',#3509,#807);
#525=LINE('',#3510,#808);
#526=LINE('',#3514,#809);
#527=LINE('',#3516,#810);
#528=LINE('',#3518,#811);
#529=LINE('',#3520,#812);
#530=LINE('',#3522,#813);
#531=LINE('',#3523,#814);
#532=LINE('',#3526,#815);
#533=LINE('',#3528,#816);
#534=LINE('',#3530,#817);
#535=LINE('',#3531,#818);
#536=LINE('',#3538,#819);
#537=LINE('',#3540,#820);
#538=LINE('',#3542,#821);
#539=LINE('',#3544,#822);
#540=LINE('',#3545,#823);
#541=LINE('',#3549,#824);
#542=LINE('',#3551,#825);
#543=LINE('',#3553,#826);
#544=LINE('',#3555,#827);
#545=LINE('',#3557,#828);
#546=LINE('',#3558,#829);
#547=LINE('',#3561,#830);
#548=LINE('',#3563,#831);
#549=LINE('',#3565,#832);
#550=LINE('',#3566,#833);
#551=LINE('',#3573,#834);
#552=LINE('',#3575,#835);
#553=LINE('',#3577,#836);
#554=LINE('',#3578,#837);
#555=LINE('',#3581,#838);
#556=LINE('',#3583,#839);
#557=LINE('',#3585,#840);
#558=LINE('',#3586,#841);
#559=LINE('',#3589,#842);
#560=LINE('',#3590,#843);
#561=LINE('',#3593,#844);
#562=LINE('',#3595,#845);
#563=LINE('',#3596,#846);
#564=LINE('',#3602,#847);
#565=LINE('',#3603,#848);
#566=LINE('',#3606,#849);
#567=LINE('',#3608,#850);
#568=LINE('',#3609,#851);
#569=LINE('',#3611,#852);
#570=LINE('',#3614,#853);
#571=LINE('',#3616,#854);
#572=LINE('',#3617,#855);
#573=LINE('',#3620,#856);
#574=LINE('',#3621,#857);
#575=LINE('',#3623,#858);
#576=LINE('',#3624,#859);
#577=LINE('',#3626,#860);
#578=LINE('',#3628,#861);
#579=LINE('',#3630,#862);
#580=LINE('',#3632,#863);
#581=LINE('',#3633,#864);
#582=LINE('',#3636,#865);
#583=LINE('',#3637,#866);
#584=LINE('',#3639,#867);
#585=LINE('',#3641,#868);
#586=LINE('',#3643,#869);
#587=LINE('',#3645,#870);
#588=LINE('',#3647,#871);
#589=LINE('',#3649,#872);
#590=LINE('',#3650,#873);
#591=LINE('',#3653,#874);
#592=LINE('',#3654,#875);
#593=LINE('',#3657,#876);
#594=LINE('',#3659,#877);
#595=LINE('',#3661,#878);
#596=LINE('',#3662,#879);
#597=LINE('',#3664,#880);
#598=LINE('',#3669,#881);
#599=LINE('',#3671,#882);
#600=LINE('',#3673,#883);
#601=LINE('',#3675,#884);
#602=LINE('',#3676,#885);
#603=LINE('',#3679,#886);
#604=LINE('',#3680,#887);
#605=LINE('',#3681,#888);
#606=LINE('',#3683,#889);
#607=LINE('',#3686,#890);
#608=LINE('',#3687,#891);
#609=LINE('',#3690,#892);
#610=LINE('',#3692,#893);
#611=LINE('',#3693,#894);
#612=LINE('',#3694,#895);
#613=LINE('',#3698,#896);
#614=LINE('',#3700,#897);
#615=LINE('',#3702,#898);
#616=LINE('',#3704,#899);
#617=LINE('',#3706,#900);
#618=LINE('',#3707,#901);
#619=LINE('',#3711,#902);
#620=LINE('',#3713,#903);
#621=LINE('',#3714,#904);
#622=LINE('',#3716,#905);
#623=LINE('',#3717,#906);
#624=LINE('',#3719,#907);
#625=LINE('',#3720,#908);
#626=LINE('',#3722,#909);
#627=LINE('',#3723,#910);
#628=LINE('',#3724,#911);
#629=LINE('',#3725,#912);
#630=LINE('',#3730,#913);
#631=LINE('',#3731,#914);
#632=LINE('',#3738,#915);
#633=LINE('',#3740,#916);
#634=LINE('',#3742,#917);
#635=LINE('',#3744,#918);
#636=LINE('',#3746,#919);
#637=LINE('',#3748,#920);
#638=LINE('',#3749,#921);
#639=LINE('',#3753,#922);
#640=LINE('',#3757,#923);
#641=LINE('',#3759,#924);
#642=LINE('',#3761,#925);
#643=LINE('',#3763,#926);
#644=LINE('',#3765,#927);
#645=LINE('',#3766,#928);
#646=LINE('',#3769,#929);
#647=LINE('',#3770,#930);
#648=LINE('',#3773,#931);
#649=LINE('',#3775,#932);
#650=LINE('',#3777,#933);
#651=LINE('',#3779,#934);
#652=LINE('',#3781,#935);
#653=LINE('',#3783,#936);
#654=LINE('',#3784,#937);
#655=LINE('',#3787,#938);
#656=LINE('',#3789,#939);
#657=LINE('',#3790,#940);
#658=LINE('',#3792,#941);
#659=LINE('',#3793,#942);
#660=LINE('',#3797,#943);
#661=LINE('',#3799,#944);
#662=LINE('',#3801,#945);
#663=LINE('',#3802,#946);
#664=LINE('',#3805,#947);
#665=LINE('',#3807,#948);
#666=LINE('',#3809,#949);
#667=LINE('',#3811,#950);
#668=LINE('',#3813,#951);
#669=LINE('',#3814,#952);
#670=LINE('',#3816,#953);
#671=LINE('',#3818,#954);
#672=LINE('',#3819,#955);
#673=LINE('',#3822,#956);
#674=LINE('',#3823,#957);
#675=LINE('',#3826,#958);
#676=LINE('',#3828,#959);
#677=LINE('',#3829,#960);
#678=LINE('',#3832,#961);
#679=LINE('',#3833,#962);
#680=LINE('',#3834,#963);
#681=LINE('',#3836,#964);
#682=LINE('',#3839,#965);
#683=LINE('',#3840,#966);
#684=LINE('',#3843,#967);
#685=LINE('',#3845,#968);
#686=LINE('',#3846,#969);
#687=LINE('',#3849,#970);
#688=LINE('',#3851,#971);
#689=LINE('',#3852,#972);
#690=LINE('',#3861,#973);
#691=LINE('',#3870,#974);
#692=LINE('',#3876,#975);
#693=LINE('',#3878,#976);
#694=LINE('',#3881,#977);
#695=LINE('',#3883,#978);
#696=LINE('',#3884,#979);
#697=LINE('',#3888,#980);
#698=LINE('',#3889,#981);
#699=LINE('',#3890,#982);
#700=LINE('',#3893,#983);
#701=LINE('',#3894,#984);
#702=LINE('',#3897,#985);
#703=LINE('',#3898,#986);
#704=LINE('',#3900,#987);
#705=LINE('',#3902,#988);
#706=LINE('',#3904,#989);
#707=LINE('',#3906,#990);
#708=LINE('',#3907,#991);
#709=LINE('',#3910,#992);
#710=LINE('',#3911,#993);
#711=LINE('',#3914,#994);
#712=LINE('',#3915,#995);
#713=LINE('',#3917,#996);
#714=LINE('',#3920,#997);
#715=LINE('',#3921,#998);
#716=LINE('',#3923,#999);
#717=LINE('',#3926,#1000);
#718=LINE('',#3928,#1001);
#719=LINE('',#3929,#1002);
#720=LINE('',#3935,#1003);
#721=LINE('',#3938,#1004);
#722=LINE('',#3939,#1005);
#723=LINE('',#3940,#1006);
#724=LINE('',#3943,#1007);
#725=LINE('',#3950,#1008);
#726=LINE('',#3956,#1009);
#727=LINE('',#3958,#1010);
#728=LINE('',#3961,#1011);
#729=LINE('',#3964,#1012);
#730=LINE('',#3976,#1013);
#731=LINE('',#3980,#1014);
#732=LINE('',#3982,#1015);
#733=LINE('',#3984,#1016);
#734=LINE('',#3986,#1017);
#735=LINE('',#3988,#1018);
#736=LINE('',#3989,#1019);
#737=LINE('',#3994,#1020);
#738=LINE('',#4003,#1021);
#739=LINE('',#4012,#1022);
#740=LINE('',#4021,#1023);
#741=LINE('',#4028,#1024);
#742=LINE('',#4035,#1025);
#743=LINE('',#4042,#1026);
#744=LINE('',#4049,#1027);
#745=LINE('',#4056,#1028);
#746=LINE('',#4058,#1029);
#747=LINE('',#4059,#1030);
#748=LINE('',#4062,#1031);
#749=LINE('',#4066,#1032);
#750=LINE('',#4072,#1033);
#751=LINE('',#4076,#1034);
#752=LINE('',#4080,#1035);
#753=LINE('',#4086,#1036);
#754=LINE('',#4089,#1037);
#755=LINE('',#4091,#1038);
#756=LINE('',#4094,#1039);
#757=LINE('',#4098,#1040);
#758=LINE('',#4102,#1041);
#759=LINE('',#4106,#1042);
#760=LINE('',#4110,#1043);
#761=LINE('',#4115,#1044);
#762=LINE('',#4117,#1045);
#763=VECTOR('',#2750,10.);
#764=VECTOR('',#2751,10.);
#765=VECTOR('',#2752,10.);
#766=VECTOR('',#2753,10.);
#767=VECTOR('',#2756,10.);
#768=VECTOR('',#2757,10.);
#769=VECTOR('',#2758,10.);
#770=VECTOR('',#2761,10.);
#771=VECTOR('',#2762,10.);
#772=VECTOR('',#2765,10.);
#773=VECTOR('',#2766,10.);
#774=VECTOR('',#2767,10.);
#775=VECTOR('',#2768,10.);
#776=VECTOR('',#2769,10.);
#777=VECTOR('',#2772,10.);
#778=VECTOR('',#2773,10.);
#779=VECTOR('',#2774,10.);
#780=VECTOR('',#2775,10.);
#781=VECTOR('',#2776,10.);
#782=VECTOR('',#2779,10.);
#783=VECTOR('',#2780,10.);
#784=VECTOR('',#2781,10.);
#785=VECTOR('',#2782,10.);
#786=VECTOR('',#2783,10.);
#787=VECTOR('',#2784,10.);
#788=VECTOR('',#2785,10.);
#789=VECTOR('',#2786,10.);
#790=VECTOR('',#2789,10.);
#791=VECTOR('',#2790,10.);
#792=VECTOR('',#2791,10.);
#793=VECTOR('',#2792,10.);
#794=VECTOR('',#2793,10.);
#795=VECTOR('',#2794,10.);
#796=VECTOR('',#2795,10.);
#797=VECTOR('',#2798,10.);
#798=VECTOR('',#2799,10.);
#799=VECTOR('',#2800,10.);
#800=VECTOR('',#2801,10.);
#801=VECTOR('',#2802,10.);
#802=VECTOR('',#2803,10.);
#803=VECTOR('',#2804,10.);
#804=VECTOR('',#2813,10.);
#805=VECTOR('',#2814,10.);
#806=VECTOR('',#2815,10.);
#807=VECTOR('',#2816,10.);
#808=VECTOR('',#2817,10.);
#809=VECTOR('',#2820,10.);
#810=VECTOR('',#2821,10.);
#811=VECTOR('',#2822,10.);
#812=VECTOR('',#2823,10.);
#813=VECTOR('',#2824,10.);
#814=VECTOR('',#2825,10.);
#815=VECTOR('',#2828,10.);
#816=VECTOR('',#2829,10.);
#817=VECTOR('',#2830,10.);
#818=VECTOR('',#2831,10.);
#819=VECTOR('',#2840,10.);
#820=VECTOR('',#2841,10.);
#821=VECTOR('',#2842,10.);
#822=VECTOR('',#2843,10.);
#823=VECTOR('',#2844,10.);
#824=VECTOR('',#2847,10.);
#825=VECTOR('',#2848,10.);
#826=VECTOR('',#2849,10.);
#827=VECTOR('',#2850,10.);
#828=VECTOR('',#2851,10.);
#829=VECTOR('',#2852,10.);
#830=VECTOR('',#2855,10.);
#831=VECTOR('',#2856,10.);
#832=VECTOR('',#2857,10.);
#833=VECTOR('',#2858,10.);
#834=VECTOR('',#2867,10.);
#835=VECTOR('',#2868,10.);
#836=VECTOR('',#2869,10.);
#837=VECTOR('',#2870,10.);
#838=VECTOR('',#2873,10.);
#839=VECTOR('',#2874,10.);
#840=VECTOR('',#2875,10.);
#841=VECTOR('',#2876,10.);
#842=VECTOR('',#2879,10.);
#843=VECTOR('',#2880,10.);
#844=VECTOR('',#2883,10.);
#845=VECTOR('',#2884,10.);
#846=VECTOR('',#2885,10.);
#847=VECTOR('',#2894,10.);
#848=VECTOR('',#2895,10.);
#849=VECTOR('',#2898,10.);
#850=VECTOR('',#2899,10.);
#851=VECTOR('',#2900,10.);
#852=VECTOR('',#2903,10.);
#853=VECTOR('',#2906,10.);
#854=VECTOR('',#2907,10.);
#855=VECTOR('',#2908,10.);
#856=VECTOR('',#2911,10.);
#857=VECTOR('',#2912,10.);
#858=VECTOR('',#2915,10.);
#859=VECTOR('',#2916,10.);
#860=VECTOR('',#2919,10.);
#861=VECTOR('',#2920,10.);
#862=VECTOR('',#2921,10.);
#863=VECTOR('',#2922,10.);
#864=VECTOR('',#2923,10.);
#865=VECTOR('',#2926,10.);
#866=VECTOR('',#2927,10.);
#867=VECTOR('',#2930,10.);
#868=VECTOR('',#2931,10.);
#869=VECTOR('',#2932,10.);
#870=VECTOR('',#2933,10.);
#871=VECTOR('',#2934,10.);
#872=VECTOR('',#2935,10.);
#873=VECTOR('',#2936,10.);
#874=VECTOR('',#2939,10.);
#875=VECTOR('',#2940,10.);
#876=VECTOR('',#2943,10.);
#877=VECTOR('',#2944,10.);
#878=VECTOR('',#2945,10.);
#879=VECTOR('',#2946,10.);
#880=VECTOR('',#2949,10.);
#881=VECTOR('',#2956,10.);
#882=VECTOR('',#2957,10.);
#883=VECTOR('',#2958,10.);
#884=VECTOR('',#2959,10.);
#885=VECTOR('',#2960,10.);
#886=VECTOR('',#2963,10.);
#887=VECTOR('',#2964,10.);
#888=VECTOR('',#2965,10.);
#889=VECTOR('',#2968,10.);
#890=VECTOR('',#2971,10.);
#891=VECTOR('',#2972,10.);
#892=VECTOR('',#2975,10.);
#893=VECTOR('',#2976,10.);
#894=VECTOR('',#2977,10.);
#895=VECTOR('',#2978,10.);
#896=VECTOR('',#2981,10.);
#897=VECTOR('',#2982,10.);
#898=VECTOR('',#2983,10.);
#899=VECTOR('',#2984,10.);
#900=VECTOR('',#2985,10.);
#901=VECTOR('',#2986,10.);
#902=VECTOR('',#2989,10.);
#903=VECTOR('',#2990,10.);
#904=VECTOR('',#2991,10.);
#905=VECTOR('',#2992,10.);
#906=VECTOR('',#2993,10.);
#907=VECTOR('',#2996,10.);
#908=VECTOR('',#2997,10.);
#909=VECTOR('',#3000,10.);
#910=VECTOR('',#3001,10.);
#911=VECTOR('',#3002,10.);
#912=VECTOR('',#3003,10.);
#913=VECTOR('',#3008,10.);
#914=VECTOR('',#3009,10.);
#915=VECTOR('',#3016,10.);
#916=VECTOR('',#3017,10.);
#917=VECTOR('',#3018,10.);
#918=VECTOR('',#3019,10.);
#919=VECTOR('',#3020,10.);
#920=VECTOR('',#3021,10.);
#921=VECTOR('',#3022,10.);
#922=VECTOR('',#3027,4.);
#923=VECTOR('',#3030,10.);
#924=VECTOR('',#3031,10.);
#925=VECTOR('',#3032,10.);
#926=VECTOR('',#3033,10.);
#927=VECTOR('',#3034,10.);
#928=VECTOR('',#3035,10.);
#929=VECTOR('',#3038,10.);
#930=VECTOR('',#3039,10.);
#931=VECTOR('',#3042,10.);
#932=VECTOR('',#3043,10.);
#933=VECTOR('',#3044,10.);
#934=VECTOR('',#3045,10.);
#935=VECTOR('',#3046,10.);
#936=VECTOR('',#3047,10.);
#937=VECTOR('',#3048,10.);
#938=VECTOR('',#3051,10.);
#939=VECTOR('',#3052,10.);
#940=VECTOR('',#3053,10.);
#941=VECTOR('',#3054,10.);
#942=VECTOR('',#3055,10.);
#943=VECTOR('',#3058,10.);
#944=VECTOR('',#3059,10.);
#945=VECTOR('',#3060,10.);
#946=VECTOR('',#3061,10.);
#947=VECTOR('',#3064,10.);
#948=VECTOR('',#3065,10.);
#949=VECTOR('',#3066,10.);
#950=VECTOR('',#3067,10.);
#951=VECTOR('',#3068,10.);
#952=VECTOR('',#3069,10.);
#953=VECTOR('',#3072,10.);
#954=VECTOR('',#3075,10.);
#955=VECTOR('',#3076,10.);
#956=VECTOR('',#3079,10.);
#957=VECTOR('',#3080,10.);
#958=VECTOR('',#3083,10.);
#959=VECTOR('',#3084,10.);
#960=VECTOR('',#3085,10.);
#961=VECTOR('',#3088,10.);
#962=VECTOR('',#3089,10.);
#963=VECTOR('',#3090,10.);
#964=VECTOR('',#3093,10.);
#965=VECTOR('',#3096,10.);
#966=VECTOR('',#3097,10.);
#967=VECTOR('',#3100,10.);
#968=VECTOR('',#3101,10.);
#969=VECTOR('',#3102,10.);
#970=VECTOR('',#3105,10.);
#971=VECTOR('',#3106,10.);
#972=VECTOR('',#3107,10.);
#973=VECTOR('',#3116,1.75);
#974=VECTOR('',#3127,1.75);
#975=VECTOR('',#3136,1.);
#976=VECTOR('',#3139,1.);
#977=VECTOR('',#3142,10.);
#978=VECTOR('',#3143,10.);
#979=VECTOR('',#3144,10.);
#980=VECTOR('',#3147,10.);
#981=VECTOR('',#3148,10.);
#982=VECTOR('',#3149,10.);
#983=VECTOR('',#3152,10.);
#984=VECTOR('',#3153,10.);
#985=VECTOR('',#3156,10.);
#986=VECTOR('',#3157,10.);
#987=VECTOR('',#3160,10.);
#988=VECTOR('',#3163,10.);
#989=VECTOR('',#3164,10.);
#990=VECTOR('',#3165,10.);
#991=VECTOR('',#3166,10.);
#992=VECTOR('',#3169,10.);
#993=VECTOR('',#3170,10.);
#994=VECTOR('',#3173,10.);
#995=VECTOR('',#3174,10.);
#996=VECTOR('',#3177,10.);
#997=VECTOR('',#3180,10.);
#998=VECTOR('',#3181,10.);
#999=VECTOR('',#3184,10.);
#1000=VECTOR('',#3187,10.);
#1001=VECTOR('',#3188,10.);
#1002=VECTOR('',#3189,10.);
#1003=VECTOR('',#3196,10.);
#1004=VECTOR('',#3199,10.);
#1005=VECTOR('',#3200,10.);
#1006=VECTOR('',#3201,10.);
#1007=VECTOR('',#3204,1.75);
#1008=VECTOR('',#3213,1.75);
#1009=VECTOR('',#3222,1.);
#1010=VECTOR('',#3225,1.);
#1011=VECTOR('',#3228,10.);
#1012=VECTOR('',#3231,10.);
#1013=VECTOR('',#3244,10.);
#1014=VECTOR('',#3249,10.);
#1015=VECTOR('',#3250,10.);
#1016=VECTOR('',#3251,10.);
#1017=VECTOR('',#3252,10.);
#1018=VECTOR('',#3253,10.);
#1019=VECTOR('',#3254,10.);
#1020=VECTOR('',#3259,1.75);
#1021=VECTOR('',#3270,1.75);
#1022=VECTOR('',#3281,1.75);
#1023=VECTOR('',#3292,1.75);
#1024=VECTOR('',#3301,1.75);
#1025=VECTOR('',#3310,1.75);
#1026=VECTOR('',#3319,1.75);
#1027=VECTOR('',#3328,1.75);
#1028=VECTOR('',#3337,10.);
#1029=VECTOR('',#3338,10.);
#1030=VECTOR('',#3339,10.);
#1031=VECTOR('',#3342,0.800000000000001);
#1032=VECTOR('',#3347,0.800000000000001);
#1033=VECTOR('',#3354,2.99999980255967);
#1034=VECTOR('',#3359,0.800000000000001);
#1035=VECTOR('',#3364,0.800000000000001);
#1036=VECTOR('',#3371,10.);
#1037=VECTOR('',#3376,10.);
#1038=VECTOR('',#3379,10.);
#1039=VECTOR('',#3382,2.99999980255967);
#1040=VECTOR('',#3387,0.800000000000001);
#1041=VECTOR('',#3392,0.800000000000001);
#1042=VECTOR('',#3397,0.800000000000001);
#1043=VECTOR('',#3402,0.800000000000001);
#1044=VECTOR('',#3409,10.);
#1045=VECTOR('',#3412,10.);
#1046=VERTEX_POINT('',#3417);
#1047=VERTEX_POINT('',#3418);
#1048=VERTEX_POINT('',#3420);
#1049=VERTEX_POINT('',#3422);
#1050=VERTEX_POINT('',#3426);
#1051=VERTEX_POINT('',#3428);
#1052=VERTEX_POINT('',#3435);
#1053=VERTEX_POINT('',#3436);
#1054=VERTEX_POINT('',#3438);
#1055=VERTEX_POINT('',#3440);
#1056=VERTEX_POINT('',#3442);
#1057=VERTEX_POINT('',#3446);
#1058=VERTEX_POINT('',#3447);
#1059=VERTEX_POINT('',#3449);
#1060=VERTEX_POINT('',#3451);
#1061=VERTEX_POINT('',#3453);
#1062=VERTEX_POINT('',#3457);
#1063=VERTEX_POINT('',#3459);
#1064=VERTEX_POINT('',#3461);
#1065=VERTEX_POINT('',#3463);
#1066=VERTEX_POINT('',#3466);
#1067=VERTEX_POINT('',#3467);
#1068=VERTEX_POINT('',#3469);
#1069=VERTEX_POINT('',#3474);
#1070=VERTEX_POINT('',#3476);
#1071=VERTEX_POINT('',#3479);
#1072=VERTEX_POINT('',#3481);
#1073=VERTEX_POINT('',#3486);
#1074=VERTEX_POINT('',#3488);
#1075=VERTEX_POINT('',#3491);
#1076=VERTEX_POINT('',#3492);
#1077=VERTEX_POINT('',#3494);
#1078=VERTEX_POINT('',#3501);
#1079=VERTEX_POINT('',#3502);
#1080=VERTEX_POINT('',#3504);
#1081=VERTEX_POINT('',#3506);
#1082=VERTEX_POINT('',#3508);
#1083=VERTEX_POINT('',#3512);
#1084=VERTEX_POINT('',#3513);
#1085=VERTEX_POINT('',#3515);
#1086=VERTEX_POINT('',#3517);
#1087=VERTEX_POINT('',#3519);
#1088=VERTEX_POINT('',#3521);
#1089=VERTEX_POINT('',#3525);
#1090=VERTEX_POINT('',#3527);
#1091=VERTEX_POINT('',#3529);
#1092=VERTEX_POINT('',#3536);
#1093=VERTEX_POINT('',#3537);
#1094=VERTEX_POINT('',#3539);
#1095=VERTEX_POINT('',#3541);
#1096=VERTEX_POINT('',#3543);
#1097=VERTEX_POINT('',#3547);
#1098=VERTEX_POINT('',#3548);
#1099=VERTEX_POINT('',#3550);
#1100=VERTEX_POINT('',#3552);
#1101=VERTEX_POINT('',#3554);
#1102=VERTEX_POINT('',#3556);
#1103=VERTEX_POINT('',#3560);
#1104=VERTEX_POINT('',#3562);
#1105=VERTEX_POINT('',#3564);
#1106=VERTEX_POINT('',#3571);
#1107=VERTEX_POINT('',#3572);
#1108=VERTEX_POINT('',#3574);
#1109=VERTEX_POINT('',#3576);
#1110=VERTEX_POINT('',#3580);
#1111=VERTEX_POINT('',#3582);
#1112=VERTEX_POINT('',#3584);
#1113=VERTEX_POINT('',#3588);
#1114=VERTEX_POINT('',#3592);
#1115=VERTEX_POINT('',#3594);
#1116=VERTEX_POINT('',#3601);
#1117=VERTEX_POINT('',#3605);
#1118=VERTEX_POINT('',#3607);
#1119=VERTEX_POINT('',#3613);
#1120=VERTEX_POINT('',#3615);
#1121=VERTEX_POINT('',#3619);
#1122=VERTEX_POINT('',#3627);
#1123=VERTEX_POINT('',#3629);
#1124=VERTEX_POINT('',#3631);
#1125=VERTEX_POINT('',#3635);
#1126=VERTEX_POINT('',#3640);
#1127=VERTEX_POINT('',#3642);
#1128=VERTEX_POINT('',#3644);
#1129=VERTEX_POINT('',#3646);
#1130=VERTEX_POINT('',#3648);
#1131=VERTEX_POINT('',#3652);
#1132=VERTEX_POINT('',#3656);
#1133=VERTEX_POINT('',#3658);
#1134=VERTEX_POINT('',#3660);
#1135=VERTEX_POINT('',#3668);
#1136=VERTEX_POINT('',#3670);
#1137=VERTEX_POINT('',#3672);
#1138=VERTEX_POINT('',#3674);
#1139=VERTEX_POINT('',#3678);
#1140=VERTEX_POINT('',#3685);
#1141=VERTEX_POINT('',#3689);
#1142=VERTEX_POINT('',#3691);
#1143=VERTEX_POINT('',#3696);
#1144=VERTEX_POINT('',#3697);
#1145=VERTEX_POINT('',#3699);
#1146=VERTEX_POINT('',#3701);
#1147=VERTEX_POINT('',#3703);
#1148=VERTEX_POINT('',#3705);
#1149=VERTEX_POINT('',#3709);
#1150=VERTEX_POINT('',#3710);
#1151=VERTEX_POINT('',#3712);
#1152=VERTEX_POINT('',#3715);
#1153=VERTEX_POINT('',#3726);
#1154=VERTEX_POINT('',#3729);
#1155=VERTEX_POINT('',#3732);
#1156=VERTEX_POINT('',#3734);
#1157=VERTEX_POINT('',#3737);
#1158=VERTEX_POINT('',#3739);
#1159=VERTEX_POINT('',#3741);
#1160=VERTEX_POINT('',#3743);
#1161=VERTEX_POINT('',#3745);
#1162=VERTEX_POINT('',#3747);
#1163=VERTEX_POINT('',#3751);
#1164=VERTEX_POINT('',#3755);
#1165=VERTEX_POINT('',#3756);
#1166=VERTEX_POINT('',#3758);
#1167=VERTEX_POINT('',#3760);
#1168=VERTEX_POINT('',#3762);
#1169=VERTEX_POINT('',#3764);
#1170=VERTEX_POINT('',#3768);
#1171=VERTEX_POINT('',#3772);
#1172=VERTEX_POINT('',#3774);
#1173=VERTEX_POINT('',#3776);
#1174=VERTEX_POINT('',#3778);
#1175=VERTEX_POINT('',#3780);
#1176=VERTEX_POINT('',#3782);
#1177=VERTEX_POINT('',#3786);
#1178=VERTEX_POINT('',#3788);
#1179=VERTEX_POINT('',#3791);
#1180=VERTEX_POINT('',#3795);
#1181=VERTEX_POINT('',#3796);
#1182=VERTEX_POINT('',#3798);
#1183=VERTEX_POINT('',#3800);
#1184=VERTEX_POINT('',#3804);
#1185=VERTEX_POINT('',#3806);
#1186=VERTEX_POINT('',#3808);
#1187=VERTEX_POINT('',#3810);
#1188=VERTEX_POINT('',#3812);
#1189=VERTEX_POINT('',#3821);
#1190=VERTEX_POINT('',#3825);
#1191=VERTEX_POINT('',#3827);
#1192=VERTEX_POINT('',#3831);
#1193=VERTEX_POINT('',#3838);
#1194=VERTEX_POINT('',#3842);
#1195=VERTEX_POINT('',#3844);
#1196=VERTEX_POINT('',#3848);
#1197=VERTEX_POINT('',#3850);
#1198=VERTEX_POINT('',#3853);
#1199=VERTEX_POINT('',#3855);
#1200=VERTEX_POINT('',#3858);
#1201=VERTEX_POINT('',#3860);
#1202=VERTEX_POINT('',#3864);
#1203=VERTEX_POINT('',#3867);
#1204=VERTEX_POINT('',#3869);
#1205=VERTEX_POINT('',#3873);
#1206=VERTEX_POINT('',#3880);
#1207=VERTEX_POINT('',#3882);
#1208=VERTEX_POINT('',#3886);
#1209=VERTEX_POINT('',#3887);
#1210=VERTEX_POINT('',#3892);
#1211=VERTEX_POINT('',#3896);
#1212=VERTEX_POINT('',#3903);
#1213=VERTEX_POINT('',#3905);
#1214=VERTEX_POINT('',#3909);
#1215=VERTEX_POINT('',#3913);
#1216=VERTEX_POINT('',#3919);
#1217=VERTEX_POINT('',#3925);
#1218=VERTEX_POINT('',#3927);
#1219=VERTEX_POINT('',#3930);
#1220=VERTEX_POINT('',#3932);
#1221=VERTEX_POINT('',#3937);
#1222=VERTEX_POINT('',#3942);
#1223=VERTEX_POINT('',#3946);
#1224=VERTEX_POINT('',#3949);
#1225=VERTEX_POINT('',#3953);
#1226=VERTEX_POINT('',#3960);
#1227=VERTEX_POINT('',#3962);
#1228=VERTEX_POINT('',#3965);
#1229=VERTEX_POINT('',#3967);
#1230=VERTEX_POINT('',#3969);
#1231=VERTEX_POINT('',#3971);
#1232=VERTEX_POINT('',#3973);
#1233=VERTEX_POINT('',#3979);
#1234=VERTEX_POINT('',#3981);
#1235=VERTEX_POINT('',#3983);
#1236=VERTEX_POINT('',#3985);
#1237=VERTEX_POINT('',#3987);
#1238=VERTEX_POINT('',#3991);
#1239=VERTEX_POINT('',#3993);
#1240=VERTEX_POINT('',#3997);
#1241=VERTEX_POINT('',#4000);
#1242=VERTEX_POINT('',#4002);
#1243=VERTEX_POINT('',#4006);
#1244=VERTEX_POINT('',#4009);
#1245=VERTEX_POINT('',#4011);
#1246=VERTEX_POINT('',#4015);
#1247=VERTEX_POINT('',#4018);
#1248=VERTEX_POINT('',#4020);
#1249=VERTEX_POINT('',#4024);
#1250=VERTEX_POINT('',#4027);
#1251=VERTEX_POINT('',#4031);
#1252=VERTEX_POINT('',#4034);
#1253=VERTEX_POINT('',#4038);
#1254=VERTEX_POINT('',#4041);
#1255=VERTEX_POINT('',#4045);
#1256=VERTEX_POINT('',#4048);
#1257=VERTEX_POINT('',#4052);
#1258=VERTEX_POINT('',#4055);
#1259=VERTEX_POINT('',#4057);
#1260=VERTEX_POINT('',#4061);
#1261=VERTEX_POINT('',#4065);
#1262=VERTEX_POINT('',#4069);
#1263=VERTEX_POINT('',#4071);
#1264=VERTEX_POINT('',#4075);
#1265=VERTEX_POINT('',#4079);
#1266=VERTEX_POINT('',#4083);
#1267=VERTEX_POINT('',#4085);
#1268=VERTEX_POINT('',#4093);
#1269=VERTEX_POINT('',#4097);
#1270=VERTEX_POINT('',#4101);
#1271=VERTEX_POINT('',#4105);
#1272=VERTEX_POINT('',#4109);
#1273=VERTEX_POINT('',#4113);
#1274=EDGE_CURVE('',#1046,#1047,#480,.T.);
#1275=EDGE_CURVE('',#1048,#1046,#481,.T.);
#1276=EDGE_CURVE('',#1049,#1048,#482,.T.);
#1277=EDGE_CURVE('',#1049,#1047,#483,.T.);
#1278=EDGE_CURVE('',#1047,#1050,#484,.T.);
#1279=EDGE_CURVE('',#1051,#1049,#485,.T.);
#1280=EDGE_CURVE('',#1051,#1050,#486,.T.);
#1281=EDGE_CURVE('',#1050,#1046,#487,.T.);
#1282=EDGE_CURVE('',#1048,#1051,#488,.T.);
#1283=EDGE_CURVE('',#1052,#1053,#489,.T.);
#1284=EDGE_CURVE('',#1052,#1054,#490,.T.);
#1285=EDGE_CURVE('',#1055,#1054,#491,.T.);
#1286=EDGE_CURVE('',#1056,#1055,#492,.T.);
#1287=EDGE_CURVE('',#1056,#1053,#493,.T.);
#1288=EDGE_CURVE('',#1057,#1058,#494,.T.);
#1289=EDGE_CURVE('',#1057,#1059,#495,.T.);
#1290=EDGE_CURVE('',#1060,#1059,#496,.T.);
#1291=EDGE_CURVE('',#1061,#1060,#497,.T.);
#1292=EDGE_CURVE('',#1061,#1058,#498,.T.);
#1293=EDGE_CURVE('',#1058,#1062,#499,.T.);
#1294=EDGE_CURVE('',#1063,#1061,#500,.T.);
#1295=EDGE_CURVE('',#1064,#1063,#501,.T.);
#1296=EDGE_CURVE('',#1065,#1064,#502,.T.);
#1297=EDGE_CURVE('',#1065,#1062,#503,.T.);
#1298=EDGE_CURVE('',#1066,#1067,#504,.T.);
#1299=EDGE_CURVE('',#1068,#1066,#505,.T.);
#1300=EDGE_CURVE('',#1067,#1068,#506,.T.);
#1301=EDGE_CURVE('',#1062,#1057,#507,.T.);
#1302=EDGE_CURVE('',#1069,#1065,#508,.T.);
#1303=EDGE_CURVE('',#1069,#1070,#509,.T.);
#1304=EDGE_CURVE('',#1053,#1070,#510,.T.);
#1305=EDGE_CURVE('',#1071,#1056,#511,.T.);
#1306=EDGE_CURVE('',#1072,#1071,#512,.T.);
#1307=EDGE_CURVE('',#1059,#1072,#513,.T.);
#1308=EDGE_CURVE('',#1070,#1052,#514,.T.);
#1309=EDGE_CURVE('',#1073,#1069,#515,.T.);
#1310=EDGE_CURVE('',#1073,#1074,#516,.T.);
#1311=EDGE_CURVE('',#1054,#1074,#517,.T.);
#1312=EDGE_CURVE('',#1075,#1076,#518,.T.);
#1313=EDGE_CURVE('',#1077,#1075,#519,.T.);
#1314=EDGE_CURVE('',#1076,#1077,#520,.T.);
#1315=EDGE_CURVE('',#1074,#1063,#15,.T.);
#1316=EDGE_CURVE('',#1064,#1073,#16,.T.);
#1317=EDGE_CURVE('',#1078,#1079,#521,.T.);
#1318=EDGE_CURVE('',#1078,#1080,#522,.T.);
#1319=EDGE_CURVE('',#1080,#1081,#523,.T.);
#1320=EDGE_CURVE('',#1081,#1082,#524,.T.);
#1321=EDGE_CURVE('',#1082,#1079,#525,.T.);
#1322=EDGE_CURVE('',#1083,#1084,#526,.T.);
#1323=EDGE_CURVE('',#1085,#1083,#527,.T.);
#1324=EDGE_CURVE('',#1086,#1085,#528,.T.);
#1325=EDGE_CURVE('',#1087,#1086,#529,.T.);
#1326=EDGE_CURVE('',#1088,#1087,#530,.T.);
#1327=EDGE_CURVE('',#1088,#1084,#531,.T.);
#1328=EDGE_CURVE('',#1089,#1080,#532,.T.);
#1329=EDGE_CURVE('',#1090,#1089,#533,.T.);
#1330=EDGE_CURVE('',#1090,#1091,#534,.T.);
#1331=EDGE_CURVE('',#1081,#1091,#535,.T.);
#1332=EDGE_CURVE('',#1091,#1086,#17,.T.);
#1333=EDGE_CURVE('',#1087,#1090,#18,.T.);
#1334=EDGE_CURVE('',#1092,#1093,#536,.T.);
#1335=EDGE_CURVE('',#1093,#1094,#537,.T.);
#1336=EDGE_CURVE('',#1094,#1095,#538,.T.);
#1337=EDGE_CURVE('',#1096,#1095,#539,.T.);
#1338=EDGE_CURVE('',#1096,#1092,#540,.T.);
#1339=EDGE_CURVE('',#1097,#1098,#541,.T.);
#1340=EDGE_CURVE('',#1099,#1097,#542,.T.);
#1341=EDGE_CURVE('',#1100,#1099,#543,.T.);
#1342=EDGE_CURVE('',#1100,#1101,#544,.T.);
#1343=EDGE_CURVE('',#1102,#1101,#545,.T.);
#1344=EDGE_CURVE('',#1098,#1102,#546,.T.);
#1345=EDGE_CURVE('',#1103,#1093,#547,.T.);
#1346=EDGE_CURVE('',#1104,#1103,#548,.T.);
#1347=EDGE_CURVE('',#1105,#1104,#549,.T.);
#1348=EDGE_CURVE('',#1105,#1094,#550,.T.);
#1349=EDGE_CURVE('',#1101,#1103,#19,.T.);
#1350=EDGE_CURVE('',#1104,#1100,#20,.T.);
#1351=EDGE_CURVE('',#1106,#1107,#551,.T.);
#1352=EDGE_CURVE('',#1107,#1108,#552,.T.);
#1353=EDGE_CURVE('',#1108,#1109,#553,.T.);
#1354=EDGE_CURVE('',#1109,#1106,#554,.T.);
#1355=EDGE_CURVE('',#1110,#1107,#555,.T.);
#1356=EDGE_CURVE('',#1111,#1110,#556,.T.);
#1357=EDGE_CURVE('',#1112,#1111,#557,.T.);
#1358=EDGE_CURVE('',#1112,#1108,#558,.T.);
#1359=EDGE_CURVE('',#1113,#1112,#559,.T.);
#1360=EDGE_CURVE('',#1113,#1109,#560,.T.);
#1361=EDGE_CURVE('',#1114,#1113,#561,.T.);
#1362=EDGE_CURVE('',#1114,#1115,#562,.T.);
#1363=EDGE_CURVE('',#1106,#1115,#563,.T.);
#1364=EDGE_CURVE('',#1115,#1110,#21,.T.);
#1365=EDGE_CURVE('',#1111,#1114,#22,.T.);
#1366=EDGE_CURVE('',#1116,#1076,#564,.T.);
#1367=EDGE_CURVE('',#1075,#1116,#565,.T.);
#1368=EDGE_CURVE('',#1117,#1071,#566,.T.);
#1369=EDGE_CURVE('',#1118,#1117,#567,.T.);
#1370=EDGE_CURVE('',#1118,#1072,#568,.T.);
#1371=EDGE_CURVE('',#1077,#1116,#569,.T.);
#1372=EDGE_CURVE('',#1119,#1118,#570,.T.);
#1373=EDGE_CURVE('',#1119,#1120,#571,.T.);
#1374=EDGE_CURVE('',#1060,#1120,#572,.T.);
#1375=EDGE_CURVE('',#1066,#1121,#573,.T.);
#1376=EDGE_CURVE('',#1068,#1121,#574,.T.);
#1377=EDGE_CURVE('',#1120,#1055,#575,.T.);
#1378=EDGE_CURVE('',#1117,#1119,#576,.T.);
#1379=EDGE_CURVE('',#1089,#1088,#577,.T.);
#1380=EDGE_CURVE('',#1078,#1122,#578,.T.);
#1381=EDGE_CURVE('',#1123,#1122,#579,.T.);
#1382=EDGE_CURVE('',#1124,#1123,#580,.T.);
#1383=EDGE_CURVE('',#1124,#1084,#581,.T.);
#1384=EDGE_CURVE('',#1125,#1079,#582,.T.);
#1385=EDGE_CURVE('',#1122,#1125,#583,.T.);
#1386=EDGE_CURVE('',#1099,#1105,#584,.T.);
#1387=EDGE_CURVE('',#1126,#1097,#585,.T.);
#1388=EDGE_CURVE('',#1127,#1126,#586,.T.);
#1389=EDGE_CURVE('',#1127,#1128,#587,.T.);
#1390=EDGE_CURVE('',#1129,#1128,#588,.T.);
#1391=EDGE_CURVE('',#1130,#1129,#589,.T.);
#1392=EDGE_CURVE('',#1130,#1095,#590,.T.);
#1393=EDGE_CURVE('',#1131,#1102,#591,.T.);
#1394=EDGE_CURVE('',#1098,#1131,#592,.T.);
#1395=EDGE_CURVE('',#1132,#1131,#593,.T.);
#1396=EDGE_CURVE('',#1133,#1132,#594,.T.);
#1397=EDGE_CURVE('',#1134,#1133,#595,.T.);
#1398=EDGE_CURVE('',#1126,#1134,#596,.T.);
#1399=EDGE_CURVE('',#1121,#1067,#597,.T.);
#1400=EDGE_CURVE('',#1135,#1124,#598,.T.);
#1401=EDGE_CURVE('',#1135,#1136,#599,.T.);
#1402=EDGE_CURVE('',#1137,#1136,#600,.T.);
#1403=EDGE_CURVE('',#1138,#1137,#601,.T.);
#1404=EDGE_CURVE('',#1138,#1083,#602,.T.);
#1405=EDGE_CURVE('',#1136,#1139,#603,.T.);
#1406=EDGE_CURVE('',#1123,#1135,#604,.T.);
#1407=EDGE_CURVE('',#1139,#1125,#605,.T.);
#1408=EDGE_CURVE('',#1085,#1138,#606,.T.);
#1409=EDGE_CURVE('',#1140,#1130,#607,.T.);
#1410=EDGE_CURVE('',#1096,#1140,#608,.T.);
#1411=EDGE_CURVE('',#1141,#1133,#609,.T.);
#1412=EDGE_CURVE('',#1142,#1141,#610,.T.);
#1413=EDGE_CURVE('',#1128,#1142,#611,.T.);
#1414=EDGE_CURVE('',#1134,#1127,#612,.T.);
#1415=EDGE_CURVE('',#1143,#1144,#613,.T.);
#1416=EDGE_CURVE('',#1145,#1143,#614,.T.);
#1417=EDGE_CURVE('',#1146,#1145,#615,.T.);
#1418=EDGE_CURVE('',#1146,#1147,#616,.T.);
#1419=EDGE_CURVE('',#1148,#1147,#617,.T.);
#1420=EDGE_CURVE('',#1144,#1148,#618,.T.);
#1421=EDGE_CURVE('',#1149,#1150,#619,.T.);
#1422=EDGE_CURVE('',#1151,#1149,#620,.T.);
#1423=EDGE_CURVE('',#1147,#1151,#621,.T.);
#1424=EDGE_CURVE('',#1152,#1146,#622,.T.);
#1425=EDGE_CURVE('',#1152,#1150,#623,.T.);
#1426=EDGE_CURVE('',#1150,#1143,#624,.T.);
#1427=EDGE_CURVE('',#1145,#1152,#625,.T.);
#1428=EDGE_CURVE('',#1132,#1061,#626,.T.);
#1429=EDGE_CURVE('',#1093,#1106,#627,.T.);
#1430=EDGE_CURVE('',#1107,#1081,#628,.T.);
#1431=EDGE_CURVE('',#1054,#1137,#629,.T.);
#1432=EDGE_CURVE('',#1153,#1153,#23,.T.);
#1433=EDGE_CURVE('',#1140,#1154,#630,.T.);
#1434=EDGE_CURVE('',#1092,#1154,#631,.T.);
#1435=EDGE_CURVE('',#1155,#1155,#24,.T.);
#1436=EDGE_CURVE('',#1156,#1156,#25,.T.);
#1437=EDGE_CURVE('',#1157,#1129,#632,.T.);
#1438=EDGE_CURVE('',#1158,#1157,#633,.T.);
#1439=EDGE_CURVE('',#1158,#1159,#634,.T.);
#1440=EDGE_CURVE('',#1159,#1160,#635,.T.);
#1441=EDGE_CURVE('',#1160,#1161,#636,.T.);
#1442=EDGE_CURVE('',#1161,#1162,#637,.T.);
#1443=EDGE_CURVE('',#1154,#1162,#638,.T.);
#1444=EDGE_CURVE('',#1163,#1163,#26,.T.);
#1445=EDGE_CURVE('',#1163,#1153,#639,.T.);
#1446=EDGE_CURVE('',#1164,#1165,#640,.F.);
#1447=EDGE_CURVE('',#1164,#1166,#641,.T.);
#1448=EDGE_CURVE('',#1166,#1167,#642,.T.);
#1449=EDGE_CURVE('',#1167,#1168,#643,.T.);
#1450=EDGE_CURVE('',#1169,#1168,#644,.T.);
#1451=EDGE_CURVE('',#1169,#1165,#645,.T.);
#1452=EDGE_CURVE('',#1170,#1169,#646,.T.);
#1453=EDGE_CURVE('',#1170,#1165,#647,.T.);
#1454=EDGE_CURVE('',#1171,#1168,#648,.T.);
#1455=EDGE_CURVE('',#1171,#1172,#649,.T.);
#1456=EDGE_CURVE('',#1172,#1173,#650,.T.);
#1457=EDGE_CURVE('',#1173,#1174,#651,.T.);
#1458=EDGE_CURVE('',#1174,#1175,#652,.T.);
#1459=EDGE_CURVE('',#1176,#1175,#653,.T.);
#1460=EDGE_CURVE('',#1176,#1170,#654,.T.);
#1461=EDGE_CURVE('',#1167,#1177,#655,.T.);
#1462=EDGE_CURVE('',#1177,#1178,#656,.T.);
#1463=EDGE_CURVE('',#1178,#1166,#657,.T.);
#1464=EDGE_CURVE('',#1179,#1164,#658,.T.);
#1465=EDGE_CURVE('',#1179,#1171,#659,.T.);
#1466=EDGE_CURVE('',#1180,#1181,#660,.T.);
#1467=EDGE_CURVE('',#1180,#1182,#661,.T.);
#1468=EDGE_CURVE('',#1182,#1183,#662,.T.);
#1469=EDGE_CURVE('',#1183,#1181,#663,.T.);
#1470=EDGE_CURVE('',#1181,#1184,#664,.T.);
#1471=EDGE_CURVE('',#1184,#1185,#665,.T.);
#1472=EDGE_CURVE('',#1186,#1185,#666,.T.);
#1473=EDGE_CURVE('',#1187,#1186,#667,.T.);
#1474=EDGE_CURVE('',#1188,#1187,#668,.T.);
#1475=EDGE_CURVE('',#1180,#1188,#669,.T.);
#1476=EDGE_CURVE('',#1183,#1184,#670,.T.);
#1477=EDGE_CURVE('',#1164,#1182,#671,.T.);
#1478=EDGE_CURVE('',#1170,#1184,#672,.T.);
#1479=EDGE_CURVE('',#1189,#1188,#673,.T.);
#1480=EDGE_CURVE('',#1182,#1189,#674,.T.);
#1481=EDGE_CURVE('',#1159,#1190,#675,.T.);
#1482=EDGE_CURVE('',#1190,#1191,#676,.T.);
#1483=EDGE_CURVE('',#1160,#1191,#677,.T.);
#1484=EDGE_CURVE('',#1174,#1192,#678,.T.);
#1485=EDGE_CURVE('',#1173,#1190,#679,.T.);
#1486=EDGE_CURVE('',#1192,#1159,#680,.T.);
#1487=EDGE_CURVE('',#1191,#1172,#681,.F.);
#1488=EDGE_CURVE('',#1192,#1193,#682,.T.);
#1489=EDGE_CURVE('',#1175,#1193,#683,.T.);
#1490=EDGE_CURVE('',#1160,#1194,#684,.T.);
#1491=EDGE_CURVE('',#1194,#1195,#685,.T.);
#1492=EDGE_CURVE('',#1195,#1161,#686,.T.);
#1493=EDGE_CURVE('',#1196,#1082,#687,.T.);
#1494=EDGE_CURVE('',#1197,#1196,#688,.T.);
#1495=EDGE_CURVE('',#1139,#1197,#689,.T.);
#1496=EDGE_CURVE('',#1198,#1198,#27,.T.);
#1497=EDGE_CURVE('',#1199,#1199,#28,.T.);
#1498=EDGE_CURVE('',#1200,#1200,#29,.T.);
#1499=EDGE_CURVE('',#1200,#1201,#690,.T.);
#1500=EDGE_CURVE('',#1201,#1201,#30,.T.);
#1501=EDGE_CURVE('',#1202,#1202,#31,.T.);
#1502=EDGE_CURVE('',#1203,#1203,#32,.T.);
#1503=EDGE_CURVE('',#1203,#1204,#691,.T.);
#1504=EDGE_CURVE('',#1204,#1204,#33,.T.);
#1505=EDGE_CURVE('',#1205,#1205,#34,.T.);
#1506=EDGE_CURVE('',#1205,#1198,#692,.T.);
#1507=EDGE_CURVE('',#1202,#1199,#693,.T.);
#1508=EDGE_CURVE('',#1185,#1206,#694,.T.);
#1509=EDGE_CURVE('',#1206,#1207,#695,.T.);
#1510=EDGE_CURVE('',#1207,#1186,#696,.T.);
#1511=EDGE_CURVE('',#1208,#1209,#697,.T.);
#1512=EDGE_CURVE('',#1167,#1208,#698,.T.);
#1513=EDGE_CURVE('',#1166,#1209,#699,.T.);
#1514=EDGE_CURVE('',#1209,#1210,#700,.T.);
#1515=EDGE_CURVE('',#1178,#1210,#701,.T.);
#1516=EDGE_CURVE('',#1210,#1211,#702,.T.);
#1517=EDGE_CURVE('',#1177,#1211,#703,.T.);
#1518=EDGE_CURVE('',#1211,#1208,#704,.T.);
#1519=EDGE_CURVE('',#1142,#1148,#705,.T.);
#1520=EDGE_CURVE('',#1151,#1212,#706,.T.);
#1521=EDGE_CURVE('',#1213,#1212,#707,.T.);
#1522=EDGE_CURVE('',#1157,#1213,#708,.T.);
#1523=EDGE_CURVE('',#1162,#1214,#709,.T.);
#1524=EDGE_CURVE('',#1214,#1195,#710,.T.);
#1525=EDGE_CURVE('',#1215,#1149,#711,.T.);
#1526=EDGE_CURVE('',#1212,#1215,#712,.T.);
#1527=EDGE_CURVE('',#1193,#1158,#713,.T.);
#1528=EDGE_CURVE('',#1216,#1194,#714,.T.);
#1529=EDGE_CURVE('',#1214,#1216,#715,.T.);
#1530=EDGE_CURVE('',#1144,#1141,#716,.T.);
#1531=EDGE_CURVE('',#1213,#1217,#717,.T.);
#1532=EDGE_CURVE('',#1217,#1218,#718,.T.);
#1533=EDGE_CURVE('',#1218,#1176,#719,.T.);
#1534=EDGE_CURVE('',#1219,#1219,#35,.T.);
#1535=EDGE_CURVE('',#1220,#1220,#36,.T.);
#1536=EDGE_CURVE('',#1215,#1197,#720,.T.);
#1537=EDGE_CURVE('',#1187,#1221,#721,.T.);
#1538=EDGE_CURVE('',#1207,#1217,#722,.T.);
#1539=EDGE_CURVE('',#1196,#1221,#723,.T.);
#1540=EDGE_CURVE('',#1220,#1222,#724,.T.);
#1541=EDGE_CURVE('',#1222,#1222,#37,.T.);
#1542=EDGE_CURVE('',#1223,#1223,#38,.T.);
#1543=EDGE_CURVE('',#1219,#1224,#725,.T.);
#1544=EDGE_CURVE('',#1224,#1224,#39,.T.);
#1545=EDGE_CURVE('',#1225,#1225,#40,.T.);
#1546=EDGE_CURVE('',#1225,#1155,#726,.T.);
#1547=EDGE_CURVE('',#1223,#1156,#727,.T.);
#1548=EDGE_CURVE('',#1216,#1226,#728,.T.);
#1549=EDGE_CURVE('',#1226,#1227,#41,.T.);
#1550=EDGE_CURVE('',#1227,#1221,#729,.T.);
#1551=EDGE_CURVE('',#1228,#1228,#42,.T.);
#1552=EDGE_CURVE('',#1229,#1229,#43,.T.);
#1553=EDGE_CURVE('',#1230,#1230,#44,.T.);
#1554=EDGE_CURVE('',#1231,#1231,#45,.T.);
#1555=EDGE_CURVE('',#1232,#1232,#46,.T.);
#1556=EDGE_CURVE('',#1218,#1206,#730,.T.);
#1557=EDGE_CURVE('',#1233,#1227,#731,.T.);
#1558=EDGE_CURVE('',#1233,#1234,#732,.T.);
#1559=EDGE_CURVE('',#1234,#1235,#733,.T.);
#1560=EDGE_CURVE('',#1236,#1235,#734,.T.);
#1561=EDGE_CURVE('',#1236,#1237,#735,.T.);
#1562=EDGE_CURVE('',#1189,#1237,#736,.T.);
#1563=EDGE_CURVE('',#1238,#1238,#47,.T.);
#1564=EDGE_CURVE('',#1238,#1239,#737,.T.);
#1565=EDGE_CURVE('',#1239,#1239,#48,.T.);
#1566=EDGE_CURVE('',#1240,#1240,#49,.T.);
#1567=EDGE_CURVE('',#1241,#1241,#50,.T.);
#1568=EDGE_CURVE('',#1241,#1242,#738,.T.);
#1569=EDGE_CURVE('',#1242,#1242,#51,.T.);
#1570=EDGE_CURVE('',#1243,#1243,#52,.T.);
#1571=EDGE_CURVE('',#1244,#1244,#53,.T.);
#1572=EDGE_CURVE('',#1244,#1245,#739,.T.);
#1573=EDGE_CURVE('',#1245,#1245,#54,.T.);
#1574=EDGE_CURVE('',#1246,#1246,#55,.T.);
#1575=EDGE_CURVE('',#1247,#1247,#56,.T.);
#1576=EDGE_CURVE('',#1247,#1248,#740,.T.);
#1577=EDGE_CURVE('',#1248,#1248,#57,.T.);
#1578=EDGE_CURVE('',#1249,#1249,#58,.T.);
#1579=EDGE_CURVE('',#1228,#1250,#741,.T.);
#1580=EDGE_CURVE('',#1250,#1250,#59,.T.);
#1581=EDGE_CURVE('',#1251,#1251,#60,.T.);
#1582=EDGE_CURVE('',#1229,#1252,#742,.T.);
#1583=EDGE_CURVE('',#1252,#1252,#61,.T.);
#1584=EDGE_CURVE('',#1253,#1253,#62,.T.);
#1585=EDGE_CURVE('',#1230,#1254,#743,.T.);
#1586=EDGE_CURVE('',#1254,#1254,#63,.T.);
#1587=EDGE_CURVE('',#1255,#1255,#64,.T.);
#1588=EDGE_CURVE('',#1231,#1256,#744,.T.);
#1589=EDGE_CURVE('',#1256,#1256,#65,.T.);
#1590=EDGE_CURVE('',#1257,#1257,#66,.T.);
#1591=EDGE_CURVE('',#1235,#1258,#745,.T.);
#1592=EDGE_CURVE('',#1259,#1234,#746,.T.);
#1593=EDGE_CURVE('',#1259,#1258,#747,.T.);
#1594=EDGE_CURVE('',#1240,#1260,#748,.T.);
#1595=EDGE_CURVE('',#1260,#1260,#67,.T.);
#1596=EDGE_CURVE('',#1246,#1261,#749,.T.);
#1597=EDGE_CURVE('',#1261,#1261,#68,.T.);
#1598=EDGE_CURVE('',#1262,#1262,#69,.T.);
#1599=EDGE_CURVE('',#1262,#1263,#750,.T.);
#1600=EDGE_CURVE('',#1263,#1263,#70,.T.);
#1601=EDGE_CURVE('',#1249,#1264,#751,.T.);
#1602=EDGE_CURVE('',#1264,#1264,#71,.T.);
#1603=EDGE_CURVE('',#1243,#1265,#752,.T.);
#1604=EDGE_CURVE('',#1265,#1265,#72,.T.);
#1605=EDGE_CURVE('',#1266,#1236,#73,.T.);
#1606=EDGE_CURVE('',#1266,#1267,#753,.T.);
#1607=EDGE_CURVE('',#1237,#1267,#74,.T.);
#1608=EDGE_CURVE('',#1258,#1266,#754,.T.);
#1609=EDGE_CURVE('',#1267,#1179,#755,.T.);
#1610=EDGE_CURVE('',#1232,#1268,#756,.T.);
#1611=EDGE_CURVE('',#1268,#1268,#75,.T.);
#1612=EDGE_CURVE('',#1251,#1269,#757,.T.);
#1613=EDGE_CURVE('',#1269,#1269,#76,.T.);
#1614=EDGE_CURVE('',#1253,#1270,#758,.T.);
#1615=EDGE_CURVE('',#1270,#1270,#77,.T.);
#1616=EDGE_CURVE('',#1257,#1271,#759,.T.);
#1617=EDGE_CURVE('',#1271,#1271,#78,.T.);
#1618=EDGE_CURVE('',#1255,#1272,#760,.T.);
#1619=EDGE_CURVE('',#1272,#1272,#79,.T.);
#1620=EDGE_CURVE('',#1273,#1233,#80,.T.);
#1621=EDGE_CURVE('',#1273,#1226,#761,.T.);
#1622=EDGE_CURVE('',#1273,#1259,#762,.T.);
#1623=ORIENTED_EDGE('',*,*,#1274,.F.);
#1624=ORIENTED_EDGE('',*,*,#1275,.F.);
#1625=ORIENTED_EDGE('',*,*,#1276,.F.);
#1626=ORIENTED_EDGE('',*,*,#1277,.T.);
#1627=ORIENTED_EDGE('',*,*,#1278,.F.);
#1628=ORIENTED_EDGE('',*,*,#1277,.F.);
#1629=ORIENTED_EDGE('',*,*,#1279,.F.);
#1630=ORIENTED_EDGE('',*,*,#1280,.T.);
#1631=ORIENTED_EDGE('',*,*,#1281,.F.);
#1632=ORIENTED_EDGE('',*,*,#1280,.F.);
#1633=ORIENTED_EDGE('',*,*,#1282,.F.);
#1634=ORIENTED_EDGE('',*,*,#1275,.T.);
#1635=ORIENTED_EDGE('',*,*,#1283,.F.);
#1636=ORIENTED_EDGE('',*,*,#1284,.T.);
#1637=ORIENTED_EDGE('',*,*,#1285,.F.);
#1638=ORIENTED_EDGE('',*,*,#1286,.F.);
#1639=ORIENTED_EDGE('',*,*,#1287,.T.);
#1640=ORIENTED_EDGE('',*,*,#1288,.F.);
#1641=ORIENTED_EDGE('',*,*,#1289,.T.);
#1642=ORIENTED_EDGE('',*,*,#1290,.F.);
#1643=ORIENTED_EDGE('',*,*,#1291,.F.);
#1644=ORIENTED_EDGE('',*,*,#1292,.T.);
#1645=ORIENTED_EDGE('',*,*,#1293,.F.);
#1646=ORIENTED_EDGE('',*,*,#1292,.F.);
#1647=ORIENTED_EDGE('',*,*,#1294,.F.);
#1648=ORIENTED_EDGE('',*,*,#1295,.F.);
#1649=ORIENTED_EDGE('',*,*,#1296,.F.);
#1650=ORIENTED_EDGE('',*,*,#1297,.T.);
#1651=ORIENTED_EDGE('',*,*,#1298,.F.);
#1652=ORIENTED_EDGE('',*,*,#1299,.F.);
#1653=ORIENTED_EDGE('',*,*,#1300,.F.);
#1654=ORIENTED_EDGE('',*,*,#1301,.F.);
#1655=ORIENTED_EDGE('',*,*,#1297,.F.);
#1656=ORIENTED_EDGE('',*,*,#1302,.F.);
#1657=ORIENTED_EDGE('',*,*,#1303,.T.);
#1658=ORIENTED_EDGE('',*,*,#1304,.F.);
#1659=ORIENTED_EDGE('',*,*,#1287,.F.);
#1660=ORIENTED_EDGE('',*,*,#1305,.F.);
#1661=ORIENTED_EDGE('',*,*,#1306,.F.);
#1662=ORIENTED_EDGE('',*,*,#1307,.F.);
#1663=ORIENTED_EDGE('',*,*,#1289,.F.);
#1664=ORIENTED_EDGE('',*,*,#1308,.F.);
#1665=ORIENTED_EDGE('',*,*,#1303,.F.);
#1666=ORIENTED_EDGE('',*,*,#1309,.F.);
#1667=ORIENTED_EDGE('',*,*,#1310,.T.);
#1668=ORIENTED_EDGE('',*,*,#1311,.F.);
#1669=ORIENTED_EDGE('',*,*,#1284,.F.);
#1670=ORIENTED_EDGE('',*,*,#1312,.F.);
#1671=ORIENTED_EDGE('',*,*,#1313,.F.);
#1672=ORIENTED_EDGE('',*,*,#1314,.F.);
#1673=ORIENTED_EDGE('',*,*,#1315,.F.);
#1674=ORIENTED_EDGE('',*,*,#1310,.F.);
#1675=ORIENTED_EDGE('',*,*,#1316,.F.);
#1676=ORIENTED_EDGE('',*,*,#1295,.T.);
#1677=ORIENTED_EDGE('',*,*,#1317,.F.);
#1678=ORIENTED_EDGE('',*,*,#1318,.T.);
#1679=ORIENTED_EDGE('',*,*,#1319,.T.);
#1680=ORIENTED_EDGE('',*,*,#1320,.T.);
#1681=ORIENTED_EDGE('',*,*,#1321,.T.);
#1682=ORIENTED_EDGE('',*,*,#1322,.F.);
#1683=ORIENTED_EDGE('',*,*,#1323,.F.);
#1684=ORIENTED_EDGE('',*,*,#1324,.F.);
#1685=ORIENTED_EDGE('',*,*,#1325,.F.);
#1686=ORIENTED_EDGE('',*,*,#1326,.F.);
#1687=ORIENTED_EDGE('',*,*,#1327,.T.);
#1688=ORIENTED_EDGE('',*,*,#1319,.F.);
#1689=ORIENTED_EDGE('',*,*,#1328,.F.);
#1690=ORIENTED_EDGE('',*,*,#1329,.F.);
#1691=ORIENTED_EDGE('',*,*,#1330,.T.);
#1692=ORIENTED_EDGE('',*,*,#1331,.F.);
#1693=ORIENTED_EDGE('',*,*,#1332,.F.);
#1694=ORIENTED_EDGE('',*,*,#1330,.F.);
#1695=ORIENTED_EDGE('',*,*,#1333,.F.);
#1696=ORIENTED_EDGE('',*,*,#1325,.T.);
#1697=ORIENTED_EDGE('',*,*,#1334,.T.);
#1698=ORIENTED_EDGE('',*,*,#1335,.T.);
#1699=ORIENTED_EDGE('',*,*,#1336,.T.);
#1700=ORIENTED_EDGE('',*,*,#1337,.F.);
#1701=ORIENTED_EDGE('',*,*,#1338,.T.);
#1702=ORIENTED_EDGE('',*,*,#1339,.F.);
#1703=ORIENTED_EDGE('',*,*,#1340,.F.);
#1704=ORIENTED_EDGE('',*,*,#1341,.F.);
#1705=ORIENTED_EDGE('',*,*,#1342,.T.);
#1706=ORIENTED_EDGE('',*,*,#1343,.F.);
#1707=ORIENTED_EDGE('',*,*,#1344,.F.);
#1708=ORIENTED_EDGE('',*,*,#1345,.F.);
#1709=ORIENTED_EDGE('',*,*,#1346,.F.);
#1710=ORIENTED_EDGE('',*,*,#1347,.F.);
#1711=ORIENTED_EDGE('',*,*,#1348,.T.);
#1712=ORIENTED_EDGE('',*,*,#1335,.F.);
#1713=ORIENTED_EDGE('',*,*,#1349,.F.);
#1714=ORIENTED_EDGE('',*,*,#1342,.F.);
#1715=ORIENTED_EDGE('',*,*,#1350,.F.);
#1716=ORIENTED_EDGE('',*,*,#1346,.T.);
#1717=ORIENTED_EDGE('',*,*,#1351,.T.);
#1718=ORIENTED_EDGE('',*,*,#1352,.T.);
#1719=ORIENTED_EDGE('',*,*,#1353,.T.);
#1720=ORIENTED_EDGE('',*,*,#1354,.T.);
#1721=ORIENTED_EDGE('',*,*,#1355,.F.);
#1722=ORIENTED_EDGE('',*,*,#1356,.F.);
#1723=ORIENTED_EDGE('',*,*,#1357,.F.);
#1724=ORIENTED_EDGE('',*,*,#1358,.T.);
#1725=ORIENTED_EDGE('',*,*,#1352,.F.);
#1726=ORIENTED_EDGE('',*,*,#1353,.F.);
#1727=ORIENTED_EDGE('',*,*,#1358,.F.);
#1728=ORIENTED_EDGE('',*,*,#1359,.F.);
#1729=ORIENTED_EDGE('',*,*,#1360,.T.);
#1730=ORIENTED_EDGE('',*,*,#1354,.F.);
#1731=ORIENTED_EDGE('',*,*,#1360,.F.);
#1732=ORIENTED_EDGE('',*,*,#1361,.F.);
#1733=ORIENTED_EDGE('',*,*,#1362,.T.);
#1734=ORIENTED_EDGE('',*,*,#1363,.F.);
#1735=ORIENTED_EDGE('',*,*,#1364,.F.);
#1736=ORIENTED_EDGE('',*,*,#1362,.F.);
#1737=ORIENTED_EDGE('',*,*,#1365,.F.);
#1738=ORIENTED_EDGE('',*,*,#1356,.T.);
#1739=ORIENTED_EDGE('',*,*,#1312,.T.);
#1740=ORIENTED_EDGE('',*,*,#1366,.F.);
#1741=ORIENTED_EDGE('',*,*,#1367,.F.);
#1742=ORIENTED_EDGE('',*,*,#1306,.T.);
#1743=ORIENTED_EDGE('',*,*,#1368,.F.);
#1744=ORIENTED_EDGE('',*,*,#1369,.F.);
#1745=ORIENTED_EDGE('',*,*,#1370,.T.);
#1746=ORIENTED_EDGE('',*,*,#1313,.T.);
#1747=ORIENTED_EDGE('',*,*,#1367,.T.);
#1748=ORIENTED_EDGE('',*,*,#1371,.F.);
#1749=ORIENTED_EDGE('',*,*,#1307,.T.);
#1750=ORIENTED_EDGE('',*,*,#1370,.F.);
#1751=ORIENTED_EDGE('',*,*,#1372,.F.);
#1752=ORIENTED_EDGE('',*,*,#1373,.T.);
#1753=ORIENTED_EDGE('',*,*,#1374,.F.);
#1754=ORIENTED_EDGE('',*,*,#1290,.T.);
#1755=ORIENTED_EDGE('',*,*,#1299,.T.);
#1756=ORIENTED_EDGE('',*,*,#1375,.T.);
#1757=ORIENTED_EDGE('',*,*,#1376,.F.);
#1758=ORIENTED_EDGE('',*,*,#1305,.T.);
#1759=ORIENTED_EDGE('',*,*,#1286,.T.);
#1760=ORIENTED_EDGE('',*,*,#1377,.F.);
#1761=ORIENTED_EDGE('',*,*,#1373,.F.);
#1762=ORIENTED_EDGE('',*,*,#1378,.F.);
#1763=ORIENTED_EDGE('',*,*,#1368,.T.);
#1764=ORIENTED_EDGE('',*,*,#1327,.F.);
#1765=ORIENTED_EDGE('',*,*,#1379,.F.);
#1766=ORIENTED_EDGE('',*,*,#1328,.T.);
#1767=ORIENTED_EDGE('',*,*,#1318,.F.);
#1768=ORIENTED_EDGE('',*,*,#1380,.T.);
#1769=ORIENTED_EDGE('',*,*,#1381,.F.);
#1770=ORIENTED_EDGE('',*,*,#1382,.F.);
#1771=ORIENTED_EDGE('',*,*,#1383,.T.);
#1772=ORIENTED_EDGE('',*,*,#1317,.T.);
#1773=ORIENTED_EDGE('',*,*,#1384,.F.);
#1774=ORIENTED_EDGE('',*,*,#1385,.F.);
#1775=ORIENTED_EDGE('',*,*,#1380,.F.);
#1776=ORIENTED_EDGE('',*,*,#1336,.F.);
#1777=ORIENTED_EDGE('',*,*,#1348,.F.);
#1778=ORIENTED_EDGE('',*,*,#1386,.F.);
#1779=ORIENTED_EDGE('',*,*,#1340,.T.);
#1780=ORIENTED_EDGE('',*,*,#1387,.F.);
#1781=ORIENTED_EDGE('',*,*,#1388,.F.);
#1782=ORIENTED_EDGE('',*,*,#1389,.T.);
#1783=ORIENTED_EDGE('',*,*,#1390,.F.);
#1784=ORIENTED_EDGE('',*,*,#1391,.F.);
#1785=ORIENTED_EDGE('',*,*,#1392,.T.);
#1786=ORIENTED_EDGE('',*,*,#1344,.T.);
#1787=ORIENTED_EDGE('',*,*,#1393,.F.);
#1788=ORIENTED_EDGE('',*,*,#1394,.F.);
#1789=ORIENTED_EDGE('',*,*,#1339,.T.);
#1790=ORIENTED_EDGE('',*,*,#1394,.T.);
#1791=ORIENTED_EDGE('',*,*,#1395,.F.);
#1792=ORIENTED_EDGE('',*,*,#1396,.F.);
#1793=ORIENTED_EDGE('',*,*,#1397,.F.);
#1794=ORIENTED_EDGE('',*,*,#1398,.F.);
#1795=ORIENTED_EDGE('',*,*,#1387,.T.);
#1796=ORIENTED_EDGE('',*,*,#1293,.T.);
#1797=ORIENTED_EDGE('',*,*,#1301,.T.);
#1798=ORIENTED_EDGE('',*,*,#1288,.T.);
#1799=ORIENTED_EDGE('',*,*,#1298,.T.);
#1800=ORIENTED_EDGE('',*,*,#1399,.F.);
#1801=ORIENTED_EDGE('',*,*,#1375,.F.);
#1802=ORIENTED_EDGE('',*,*,#1314,.T.);
#1803=ORIENTED_EDGE('',*,*,#1371,.T.);
#1804=ORIENTED_EDGE('',*,*,#1366,.T.);
#1805=ORIENTED_EDGE('',*,*,#1300,.T.);
#1806=ORIENTED_EDGE('',*,*,#1376,.T.);
#1807=ORIENTED_EDGE('',*,*,#1399,.T.);
#1808=ORIENTED_EDGE('',*,*,#1322,.T.);
#1809=ORIENTED_EDGE('',*,*,#1383,.F.);
#1810=ORIENTED_EDGE('',*,*,#1400,.F.);
#1811=ORIENTED_EDGE('',*,*,#1401,.T.);
#1812=ORIENTED_EDGE('',*,*,#1402,.F.);
#1813=ORIENTED_EDGE('',*,*,#1403,.F.);
#1814=ORIENTED_EDGE('',*,*,#1404,.T.);
#1815=ORIENTED_EDGE('',*,*,#1304,.T.);
#1816=ORIENTED_EDGE('',*,*,#1308,.T.);
#1817=ORIENTED_EDGE('',*,*,#1283,.T.);
#1818=ORIENTED_EDGE('',*,*,#1405,.F.);
#1819=ORIENTED_EDGE('',*,*,#1401,.F.);
#1820=ORIENTED_EDGE('',*,*,#1406,.F.);
#1821=ORIENTED_EDGE('',*,*,#1381,.T.);
#1822=ORIENTED_EDGE('',*,*,#1385,.T.);
#1823=ORIENTED_EDGE('',*,*,#1407,.F.);
#1824=ORIENTED_EDGE('',*,*,#1323,.T.);
#1825=ORIENTED_EDGE('',*,*,#1404,.F.);
#1826=ORIENTED_EDGE('',*,*,#1408,.F.);
#1827=ORIENTED_EDGE('',*,*,#1337,.T.);
#1828=ORIENTED_EDGE('',*,*,#1392,.F.);
#1829=ORIENTED_EDGE('',*,*,#1409,.F.);
#1830=ORIENTED_EDGE('',*,*,#1410,.F.);
#1831=ORIENTED_EDGE('',*,*,#1411,.F.);
#1832=ORIENTED_EDGE('',*,*,#1412,.F.);
#1833=ORIENTED_EDGE('',*,*,#1413,.F.);
#1834=ORIENTED_EDGE('',*,*,#1389,.F.);
#1835=ORIENTED_EDGE('',*,*,#1414,.F.);
#1836=ORIENTED_EDGE('',*,*,#1397,.T.);
#1837=ORIENTED_EDGE('',*,*,#1415,.F.);
#1838=ORIENTED_EDGE('',*,*,#1416,.F.);
#1839=ORIENTED_EDGE('',*,*,#1417,.F.);
#1840=ORIENTED_EDGE('',*,*,#1418,.T.);
#1841=ORIENTED_EDGE('',*,*,#1419,.F.);
#1842=ORIENTED_EDGE('',*,*,#1420,.F.);
#1843=ORIENTED_EDGE('',*,*,#1421,.F.);
#1844=ORIENTED_EDGE('',*,*,#1422,.F.);
#1845=ORIENTED_EDGE('',*,*,#1423,.F.);
#1846=ORIENTED_EDGE('',*,*,#1418,.F.);
#1847=ORIENTED_EDGE('',*,*,#1424,.F.);
#1848=ORIENTED_EDGE('',*,*,#1425,.T.);
#1849=ORIENTED_EDGE('',*,*,#1426,.F.);
#1850=ORIENTED_EDGE('',*,*,#1425,.F.);
#1851=ORIENTED_EDGE('',*,*,#1427,.F.);
#1852=ORIENTED_EDGE('',*,*,#1416,.T.);
#1853=ORIENTED_EDGE('',*,*,#1294,.T.);
#1854=ORIENTED_EDGE('',*,*,#1428,.F.);
#1855=ORIENTED_EDGE('',*,*,#1395,.T.);
#1856=ORIENTED_EDGE('',*,*,#1393,.T.);
#1857=ORIENTED_EDGE('',*,*,#1343,.T.);
#1858=ORIENTED_EDGE('',*,*,#1349,.T.);
#1859=ORIENTED_EDGE('',*,*,#1345,.T.);
#1860=ORIENTED_EDGE('',*,*,#1429,.T.);
#1861=ORIENTED_EDGE('',*,*,#1363,.T.);
#1862=ORIENTED_EDGE('',*,*,#1364,.T.);
#1863=ORIENTED_EDGE('',*,*,#1355,.T.);
#1864=ORIENTED_EDGE('',*,*,#1430,.T.);
#1865=ORIENTED_EDGE('',*,*,#1331,.T.);
#1866=ORIENTED_EDGE('',*,*,#1332,.T.);
#1867=ORIENTED_EDGE('',*,*,#1324,.T.);
#1868=ORIENTED_EDGE('',*,*,#1408,.T.);
#1869=ORIENTED_EDGE('',*,*,#1403,.T.);
#1870=ORIENTED_EDGE('',*,*,#1431,.F.);
#1871=ORIENTED_EDGE('',*,*,#1311,.T.);
#1872=ORIENTED_EDGE('',*,*,#1315,.T.);
#1873=ORIENTED_EDGE('',*,*,#1432,.T.);
#1874=ORIENTED_EDGE('',*,*,#1410,.T.);
#1875=ORIENTED_EDGE('',*,*,#1433,.T.);
#1876=ORIENTED_EDGE('',*,*,#1434,.F.);
#1877=ORIENTED_EDGE('',*,*,#1338,.F.);
#1878=ORIENTED_EDGE('',*,*,#1435,.F.);
#1879=ORIENTED_EDGE('',*,*,#1436,.F.);
#1880=ORIENTED_EDGE('',*,*,#1409,.T.);
#1881=ORIENTED_EDGE('',*,*,#1391,.T.);
#1882=ORIENTED_EDGE('',*,*,#1437,.F.);
#1883=ORIENTED_EDGE('',*,*,#1438,.F.);
#1884=ORIENTED_EDGE('',*,*,#1439,.T.);
#1885=ORIENTED_EDGE('',*,*,#1440,.T.);
#1886=ORIENTED_EDGE('',*,*,#1441,.T.);
#1887=ORIENTED_EDGE('',*,*,#1442,.T.);
#1888=ORIENTED_EDGE('',*,*,#1443,.F.);
#1889=ORIENTED_EDGE('',*,*,#1433,.F.);
#1890=ORIENTED_EDGE('',*,*,#1444,.F.);
#1891=ORIENTED_EDGE('',*,*,#1445,.T.);
#1892=ORIENTED_EDGE('',*,*,#1432,.F.);
#1893=ORIENTED_EDGE('',*,*,#1445,.F.);
#1894=ORIENTED_EDGE('',*,*,#1446,.F.);
#1895=ORIENTED_EDGE('',*,*,#1447,.T.);
#1896=ORIENTED_EDGE('',*,*,#1448,.T.);
#1897=ORIENTED_EDGE('',*,*,#1449,.T.);
#1898=ORIENTED_EDGE('',*,*,#1450,.F.);
#1899=ORIENTED_EDGE('',*,*,#1451,.T.);
#1900=ORIENTED_EDGE('',*,*,#1451,.F.);
#1901=ORIENTED_EDGE('',*,*,#1452,.F.);
#1902=ORIENTED_EDGE('',*,*,#1453,.T.);
#1903=ORIENTED_EDGE('',*,*,#1278,.T.);
#1904=ORIENTED_EDGE('',*,*,#1281,.T.);
#1905=ORIENTED_EDGE('',*,*,#1274,.T.);
#1906=ORIENTED_EDGE('',*,*,#1450,.T.);
#1907=ORIENTED_EDGE('',*,*,#1454,.F.);
#1908=ORIENTED_EDGE('',*,*,#1455,.T.);
#1909=ORIENTED_EDGE('',*,*,#1456,.T.);
#1910=ORIENTED_EDGE('',*,*,#1457,.T.);
#1911=ORIENTED_EDGE('',*,*,#1458,.T.);
#1912=ORIENTED_EDGE('',*,*,#1459,.F.);
#1913=ORIENTED_EDGE('',*,*,#1460,.T.);
#1914=ORIENTED_EDGE('',*,*,#1452,.T.);
#1915=ORIENTED_EDGE('',*,*,#1449,.F.);
#1916=ORIENTED_EDGE('',*,*,#1461,.T.);
#1917=ORIENTED_EDGE('',*,*,#1462,.T.);
#1918=ORIENTED_EDGE('',*,*,#1463,.T.);
#1919=ORIENTED_EDGE('',*,*,#1447,.F.);
#1920=ORIENTED_EDGE('',*,*,#1464,.F.);
#1921=ORIENTED_EDGE('',*,*,#1465,.T.);
#1922=ORIENTED_EDGE('',*,*,#1454,.T.);
#1923=ORIENTED_EDGE('',*,*,#1466,.F.);
#1924=ORIENTED_EDGE('',*,*,#1467,.T.);
#1925=ORIENTED_EDGE('',*,*,#1468,.T.);
#1926=ORIENTED_EDGE('',*,*,#1469,.T.);
#1927=ORIENTED_EDGE('',*,*,#1466,.T.);
#1928=ORIENTED_EDGE('',*,*,#1470,.T.);
#1929=ORIENTED_EDGE('',*,*,#1471,.T.);
#1930=ORIENTED_EDGE('',*,*,#1472,.F.);
#1931=ORIENTED_EDGE('',*,*,#1473,.F.);
#1932=ORIENTED_EDGE('',*,*,#1474,.F.);
#1933=ORIENTED_EDGE('',*,*,#1475,.F.);
#1934=ORIENTED_EDGE('',*,*,#1469,.F.);
#1935=ORIENTED_EDGE('',*,*,#1476,.T.);
#1936=ORIENTED_EDGE('',*,*,#1470,.F.);
#1937=ORIENTED_EDGE('',*,*,#1279,.T.);
#1938=ORIENTED_EDGE('',*,*,#1276,.T.);
#1939=ORIENTED_EDGE('',*,*,#1282,.T.);
#1940=ORIENTED_EDGE('',*,*,#1477,.F.);
#1941=ORIENTED_EDGE('',*,*,#1446,.T.);
#1942=ORIENTED_EDGE('',*,*,#1453,.F.);
#1943=ORIENTED_EDGE('',*,*,#1478,.T.);
#1944=ORIENTED_EDGE('',*,*,#1476,.F.);
#1945=ORIENTED_EDGE('',*,*,#1468,.F.);
#1946=ORIENTED_EDGE('',*,*,#1467,.F.);
#1947=ORIENTED_EDGE('',*,*,#1475,.T.);
#1948=ORIENTED_EDGE('',*,*,#1479,.F.);
#1949=ORIENTED_EDGE('',*,*,#1480,.F.);
#1950=ORIENTED_EDGE('',*,*,#1440,.F.);
#1951=ORIENTED_EDGE('',*,*,#1481,.T.);
#1952=ORIENTED_EDGE('',*,*,#1482,.T.);
#1953=ORIENTED_EDGE('',*,*,#1483,.F.);
#1954=ORIENTED_EDGE('',*,*,#1484,.F.);
#1955=ORIENTED_EDGE('',*,*,#1457,.F.);
#1956=ORIENTED_EDGE('',*,*,#1485,.T.);
#1957=ORIENTED_EDGE('',*,*,#1481,.F.);
#1958=ORIENTED_EDGE('',*,*,#1486,.F.);
#1959=ORIENTED_EDGE('',*,*,#1487,.F.);
#1960=ORIENTED_EDGE('',*,*,#1482,.F.);
#1961=ORIENTED_EDGE('',*,*,#1485,.F.);
#1962=ORIENTED_EDGE('',*,*,#1456,.F.);
#1963=ORIENTED_EDGE('',*,*,#1484,.T.);
#1964=ORIENTED_EDGE('',*,*,#1488,.T.);
#1965=ORIENTED_EDGE('',*,*,#1489,.F.);
#1966=ORIENTED_EDGE('',*,*,#1458,.F.);
#1967=ORIENTED_EDGE('',*,*,#1490,.T.);
#1968=ORIENTED_EDGE('',*,*,#1491,.T.);
#1969=ORIENTED_EDGE('',*,*,#1492,.T.);
#1970=ORIENTED_EDGE('',*,*,#1441,.F.);
#1971=ORIENTED_EDGE('',*,*,#1384,.T.);
#1972=ORIENTED_EDGE('',*,*,#1321,.F.);
#1973=ORIENTED_EDGE('',*,*,#1493,.F.);
#1974=ORIENTED_EDGE('',*,*,#1494,.F.);
#1975=ORIENTED_EDGE('',*,*,#1495,.F.);
#1976=ORIENTED_EDGE('',*,*,#1407,.T.);
#1977=ORIENTED_EDGE('',*,*,#1496,.F.);
#1978=ORIENTED_EDGE('',*,*,#1497,.F.);
#1979=ORIENTED_EDGE('',*,*,#1498,.F.);
#1980=ORIENTED_EDGE('',*,*,#1499,.T.);
#1981=ORIENTED_EDGE('',*,*,#1500,.T.);
#1982=ORIENTED_EDGE('',*,*,#1499,.F.);
#1983=ORIENTED_EDGE('',*,*,#1500,.F.);
#1984=ORIENTED_EDGE('',*,*,#1501,.F.);
#1985=ORIENTED_EDGE('',*,*,#1502,.F.);
#1986=ORIENTED_EDGE('',*,*,#1503,.T.);
#1987=ORIENTED_EDGE('',*,*,#1504,.T.);
#1988=ORIENTED_EDGE('',*,*,#1503,.F.);
#1989=ORIENTED_EDGE('',*,*,#1504,.F.);
#1990=ORIENTED_EDGE('',*,*,#1505,.F.);
#1991=ORIENTED_EDGE('',*,*,#1505,.T.);
#1992=ORIENTED_EDGE('',*,*,#1506,.T.);
#1993=ORIENTED_EDGE('',*,*,#1496,.T.);
#1994=ORIENTED_EDGE('',*,*,#1506,.F.);
#1995=ORIENTED_EDGE('',*,*,#1501,.T.);
#1996=ORIENTED_EDGE('',*,*,#1507,.T.);
#1997=ORIENTED_EDGE('',*,*,#1497,.T.);
#1998=ORIENTED_EDGE('',*,*,#1507,.F.);
#1999=ORIENTED_EDGE('',*,*,#1472,.T.);
#2000=ORIENTED_EDGE('',*,*,#1508,.T.);
#2001=ORIENTED_EDGE('',*,*,#1509,.T.);
#2002=ORIENTED_EDGE('',*,*,#1510,.T.);
#2003=ORIENTED_EDGE('',*,*,#1498,.T.);
#2004=ORIENTED_EDGE('',*,*,#1502,.T.);
#2005=ORIENTED_EDGE('',*,*,#1511,.F.);
#2006=ORIENTED_EDGE('',*,*,#1512,.F.);
#2007=ORIENTED_EDGE('',*,*,#1448,.F.);
#2008=ORIENTED_EDGE('',*,*,#1513,.T.);
#2009=ORIENTED_EDGE('',*,*,#1514,.F.);
#2010=ORIENTED_EDGE('',*,*,#1513,.F.);
#2011=ORIENTED_EDGE('',*,*,#1463,.F.);
#2012=ORIENTED_EDGE('',*,*,#1515,.T.);
#2013=ORIENTED_EDGE('',*,*,#1516,.F.);
#2014=ORIENTED_EDGE('',*,*,#1515,.F.);
#2015=ORIENTED_EDGE('',*,*,#1462,.F.);
#2016=ORIENTED_EDGE('',*,*,#1517,.T.);
#2017=ORIENTED_EDGE('',*,*,#1518,.F.);
#2018=ORIENTED_EDGE('',*,*,#1517,.F.);
#2019=ORIENTED_EDGE('',*,*,#1461,.F.);
#2020=ORIENTED_EDGE('',*,*,#1512,.T.);
#2021=ORIENTED_EDGE('',*,*,#1413,.T.);
#2022=ORIENTED_EDGE('',*,*,#1519,.T.);
#2023=ORIENTED_EDGE('',*,*,#1419,.T.);
#2024=ORIENTED_EDGE('',*,*,#1423,.T.);
#2025=ORIENTED_EDGE('',*,*,#1520,.T.);
#2026=ORIENTED_EDGE('',*,*,#1521,.F.);
#2027=ORIENTED_EDGE('',*,*,#1522,.F.);
#2028=ORIENTED_EDGE('',*,*,#1437,.T.);
#2029=ORIENTED_EDGE('',*,*,#1390,.T.);
#2030=ORIENTED_EDGE('',*,*,#1523,.F.);
#2031=ORIENTED_EDGE('',*,*,#1442,.F.);
#2032=ORIENTED_EDGE('',*,*,#1492,.F.);
#2033=ORIENTED_EDGE('',*,*,#1524,.F.);
#2034=ORIENTED_EDGE('',*,*,#1422,.T.);
#2035=ORIENTED_EDGE('',*,*,#1525,.F.);
#2036=ORIENTED_EDGE('',*,*,#1526,.F.);
#2037=ORIENTED_EDGE('',*,*,#1520,.F.);
#2038=ORIENTED_EDGE('',*,*,#1486,.T.);
#2039=ORIENTED_EDGE('',*,*,#1439,.F.);
#2040=ORIENTED_EDGE('',*,*,#1527,.F.);
#2041=ORIENTED_EDGE('',*,*,#1488,.F.);
#2042=ORIENTED_EDGE('',*,*,#1528,.F.);
#2043=ORIENTED_EDGE('',*,*,#1529,.F.);
#2044=ORIENTED_EDGE('',*,*,#1524,.T.);
#2045=ORIENTED_EDGE('',*,*,#1491,.F.);
#2046=ORIENTED_EDGE('',*,*,#1412,.T.);
#2047=ORIENTED_EDGE('',*,*,#1530,.F.);
#2048=ORIENTED_EDGE('',*,*,#1420,.T.);
#2049=ORIENTED_EDGE('',*,*,#1519,.F.);
#2050=ORIENTED_EDGE('',*,*,#1527,.T.);
#2051=ORIENTED_EDGE('',*,*,#1438,.T.);
#2052=ORIENTED_EDGE('',*,*,#1522,.T.);
#2053=ORIENTED_EDGE('',*,*,#1531,.T.);
#2054=ORIENTED_EDGE('',*,*,#1532,.T.);
#2055=ORIENTED_EDGE('',*,*,#1533,.T.);
#2056=ORIENTED_EDGE('',*,*,#1459,.T.);
#2057=ORIENTED_EDGE('',*,*,#1489,.T.);
#2058=ORIENTED_EDGE('',*,*,#1534,.T.);
#2059=ORIENTED_EDGE('',*,*,#1535,.T.);
#2060=ORIENTED_EDGE('',*,*,#1377,.T.);
#2061=ORIENTED_EDGE('',*,*,#1285,.T.);
#2062=ORIENTED_EDGE('',*,*,#1431,.T.);
#2063=ORIENTED_EDGE('',*,*,#1402,.T.);
#2064=ORIENTED_EDGE('',*,*,#1405,.T.);
#2065=ORIENTED_EDGE('',*,*,#1495,.T.);
#2066=ORIENTED_EDGE('',*,*,#1536,.F.);
#2067=ORIENTED_EDGE('',*,*,#1525,.T.);
#2068=ORIENTED_EDGE('',*,*,#1421,.T.);
#2069=ORIENTED_EDGE('',*,*,#1426,.T.);
#2070=ORIENTED_EDGE('',*,*,#1415,.T.);
#2071=ORIENTED_EDGE('',*,*,#1530,.T.);
#2072=ORIENTED_EDGE('',*,*,#1411,.T.);
#2073=ORIENTED_EDGE('',*,*,#1396,.T.);
#2074=ORIENTED_EDGE('',*,*,#1428,.T.);
#2075=ORIENTED_EDGE('',*,*,#1291,.T.);
#2076=ORIENTED_EDGE('',*,*,#1374,.T.);
#2077=ORIENTED_EDGE('',*,*,#1537,.F.);
#2078=ORIENTED_EDGE('',*,*,#1473,.T.);
#2079=ORIENTED_EDGE('',*,*,#1510,.F.);
#2080=ORIENTED_EDGE('',*,*,#1538,.T.);
#2081=ORIENTED_EDGE('',*,*,#1531,.F.);
#2082=ORIENTED_EDGE('',*,*,#1521,.T.);
#2083=ORIENTED_EDGE('',*,*,#1526,.T.);
#2084=ORIENTED_EDGE('',*,*,#1536,.T.);
#2085=ORIENTED_EDGE('',*,*,#1494,.T.);
#2086=ORIENTED_EDGE('',*,*,#1539,.T.);
#2087=ORIENTED_EDGE('',*,*,#1535,.F.);
#2088=ORIENTED_EDGE('',*,*,#1540,.T.);
#2089=ORIENTED_EDGE('',*,*,#1541,.T.);
#2090=ORIENTED_EDGE('',*,*,#1540,.F.);
#2091=ORIENTED_EDGE('',*,*,#1541,.F.);
#2092=ORIENTED_EDGE('',*,*,#1542,.F.);
#2093=ORIENTED_EDGE('',*,*,#1534,.F.);
#2094=ORIENTED_EDGE('',*,*,#1543,.T.);
#2095=ORIENTED_EDGE('',*,*,#1544,.T.);
#2096=ORIENTED_EDGE('',*,*,#1543,.F.);
#2097=ORIENTED_EDGE('',*,*,#1544,.F.);
#2098=ORIENTED_EDGE('',*,*,#1545,.F.);
#2099=ORIENTED_EDGE('',*,*,#1545,.T.);
#2100=ORIENTED_EDGE('',*,*,#1546,.T.);
#2101=ORIENTED_EDGE('',*,*,#1435,.T.);
#2102=ORIENTED_EDGE('',*,*,#1546,.F.);
#2103=ORIENTED_EDGE('',*,*,#1542,.T.);
#2104=ORIENTED_EDGE('',*,*,#1547,.T.);
#2105=ORIENTED_EDGE('',*,*,#1436,.T.);
#2106=ORIENTED_EDGE('',*,*,#1547,.F.);
#2107=ORIENTED_EDGE('',*,*,#1529,.T.);
#2108=ORIENTED_EDGE('',*,*,#1548,.T.);
#2109=ORIENTED_EDGE('',*,*,#1549,.T.);
#2110=ORIENTED_EDGE('',*,*,#1550,.T.);
#2111=ORIENTED_EDGE('',*,*,#1539,.F.);
#2112=ORIENTED_EDGE('',*,*,#1493,.T.);
#2113=ORIENTED_EDGE('',*,*,#1320,.F.);
#2114=ORIENTED_EDGE('',*,*,#1430,.F.);
#2115=ORIENTED_EDGE('',*,*,#1351,.F.);
#2116=ORIENTED_EDGE('',*,*,#1429,.F.);
#2117=ORIENTED_EDGE('',*,*,#1334,.F.);
#2118=ORIENTED_EDGE('',*,*,#1434,.T.);
#2119=ORIENTED_EDGE('',*,*,#1443,.T.);
#2120=ORIENTED_EDGE('',*,*,#1523,.T.);
#2121=ORIENTED_EDGE('',*,*,#1551,.T.);
#2122=ORIENTED_EDGE('',*,*,#1552,.T.);
#2123=ORIENTED_EDGE('',*,*,#1553,.T.);
#2124=ORIENTED_EDGE('',*,*,#1554,.T.);
#2125=ORIENTED_EDGE('',*,*,#1555,.T.);
#2126=ORIENTED_EDGE('',*,*,#1460,.F.);
#2127=ORIENTED_EDGE('',*,*,#1533,.F.);
#2128=ORIENTED_EDGE('',*,*,#1556,.T.);
#2129=ORIENTED_EDGE('',*,*,#1508,.F.);
#2130=ORIENTED_EDGE('',*,*,#1471,.F.);
#2131=ORIENTED_EDGE('',*,*,#1478,.F.);
#2132=ORIENTED_EDGE('',*,*,#1444,.T.);
#2133=ORIENTED_EDGE('',*,*,#1357,.T.);
#2134=ORIENTED_EDGE('',*,*,#1365,.T.);
#2135=ORIENTED_EDGE('',*,*,#1361,.T.);
#2136=ORIENTED_EDGE('',*,*,#1359,.T.);
#2137=ORIENTED_EDGE('',*,*,#1347,.T.);
#2138=ORIENTED_EDGE('',*,*,#1350,.T.);
#2139=ORIENTED_EDGE('',*,*,#1341,.T.);
#2140=ORIENTED_EDGE('',*,*,#1386,.T.);
#2141=ORIENTED_EDGE('',*,*,#1326,.T.);
#2142=ORIENTED_EDGE('',*,*,#1333,.T.);
#2143=ORIENTED_EDGE('',*,*,#1329,.T.);
#2144=ORIENTED_EDGE('',*,*,#1379,.T.);
#2145=ORIENTED_EDGE('',*,*,#1296,.T.);
#2146=ORIENTED_EDGE('',*,*,#1316,.T.);
#2147=ORIENTED_EDGE('',*,*,#1309,.T.);
#2148=ORIENTED_EDGE('',*,*,#1302,.T.);
#2149=ORIENTED_EDGE('',*,*,#1556,.F.);
#2150=ORIENTED_EDGE('',*,*,#1532,.F.);
#2151=ORIENTED_EDGE('',*,*,#1538,.F.);
#2152=ORIENTED_EDGE('',*,*,#1509,.F.);
#2153=ORIENTED_EDGE('',*,*,#1372,.T.);
#2154=ORIENTED_EDGE('',*,*,#1369,.T.);
#2155=ORIENTED_EDGE('',*,*,#1378,.T.);
#2156=ORIENTED_EDGE('',*,*,#1400,.T.);
#2157=ORIENTED_EDGE('',*,*,#1382,.T.);
#2158=ORIENTED_EDGE('',*,*,#1406,.T.);
#2159=ORIENTED_EDGE('',*,*,#1388,.T.);
#2160=ORIENTED_EDGE('',*,*,#1398,.T.);
#2161=ORIENTED_EDGE('',*,*,#1414,.T.);
#2162=ORIENTED_EDGE('',*,*,#1424,.T.);
#2163=ORIENTED_EDGE('',*,*,#1417,.T.);
#2164=ORIENTED_EDGE('',*,*,#1427,.T.);
#2165=ORIENTED_EDGE('',*,*,#1474,.T.);
#2166=ORIENTED_EDGE('',*,*,#1537,.T.);
#2167=ORIENTED_EDGE('',*,*,#1550,.F.);
#2168=ORIENTED_EDGE('',*,*,#1557,.F.);
#2169=ORIENTED_EDGE('',*,*,#1558,.T.);
#2170=ORIENTED_EDGE('',*,*,#1559,.T.);
#2171=ORIENTED_EDGE('',*,*,#1560,.F.);
#2172=ORIENTED_EDGE('',*,*,#1561,.T.);
#2173=ORIENTED_EDGE('',*,*,#1562,.F.);
#2174=ORIENTED_EDGE('',*,*,#1479,.T.);
#2175=ORIENTED_EDGE('',*,*,#1563,.F.);
#2176=ORIENTED_EDGE('',*,*,#1564,.T.);
#2177=ORIENTED_EDGE('',*,*,#1565,.T.);
#2178=ORIENTED_EDGE('',*,*,#1564,.F.);
#2179=ORIENTED_EDGE('',*,*,#1565,.F.);
#2180=ORIENTED_EDGE('',*,*,#1566,.F.);
#2181=ORIENTED_EDGE('',*,*,#1567,.F.);
#2182=ORIENTED_EDGE('',*,*,#1568,.T.);
#2183=ORIENTED_EDGE('',*,*,#1569,.T.);
#2184=ORIENTED_EDGE('',*,*,#1568,.F.);
#2185=ORIENTED_EDGE('',*,*,#1569,.F.);
#2186=ORIENTED_EDGE('',*,*,#1570,.F.);
#2187=ORIENTED_EDGE('',*,*,#1571,.F.);
#2188=ORIENTED_EDGE('',*,*,#1572,.T.);
#2189=ORIENTED_EDGE('',*,*,#1573,.T.);
#2190=ORIENTED_EDGE('',*,*,#1572,.F.);
#2191=ORIENTED_EDGE('',*,*,#1573,.F.);
#2192=ORIENTED_EDGE('',*,*,#1574,.F.);
#2193=ORIENTED_EDGE('',*,*,#1575,.F.);
#2194=ORIENTED_EDGE('',*,*,#1576,.T.);
#2195=ORIENTED_EDGE('',*,*,#1577,.T.);
#2196=ORIENTED_EDGE('',*,*,#1576,.F.);
#2197=ORIENTED_EDGE('',*,*,#1577,.F.);
#2198=ORIENTED_EDGE('',*,*,#1578,.F.);
#2199=ORIENTED_EDGE('',*,*,#1551,.F.);
#2200=ORIENTED_EDGE('',*,*,#1579,.T.);
#2201=ORIENTED_EDGE('',*,*,#1580,.T.);
#2202=ORIENTED_EDGE('',*,*,#1579,.F.);
#2203=ORIENTED_EDGE('',*,*,#1580,.F.);
#2204=ORIENTED_EDGE('',*,*,#1581,.F.);
#2205=ORIENTED_EDGE('',*,*,#1552,.F.);
#2206=ORIENTED_EDGE('',*,*,#1582,.T.);
#2207=ORIENTED_EDGE('',*,*,#1583,.T.);
#2208=ORIENTED_EDGE('',*,*,#1582,.F.);
#2209=ORIENTED_EDGE('',*,*,#1583,.F.);
#2210=ORIENTED_EDGE('',*,*,#1584,.F.);
#2211=ORIENTED_EDGE('',*,*,#1553,.F.);
#2212=ORIENTED_EDGE('',*,*,#1585,.T.);
#2213=ORIENTED_EDGE('',*,*,#1586,.T.);
#2214=ORIENTED_EDGE('',*,*,#1585,.F.);
#2215=ORIENTED_EDGE('',*,*,#1586,.F.);
#2216=ORIENTED_EDGE('',*,*,#1587,.F.);
#2217=ORIENTED_EDGE('',*,*,#1554,.F.);
#2218=ORIENTED_EDGE('',*,*,#1588,.T.);
#2219=ORIENTED_EDGE('',*,*,#1589,.T.);
#2220=ORIENTED_EDGE('',*,*,#1588,.F.);
#2221=ORIENTED_EDGE('',*,*,#1589,.F.);
#2222=ORIENTED_EDGE('',*,*,#1590,.F.);
#2223=ORIENTED_EDGE('',*,*,#1591,.F.);
#2224=ORIENTED_EDGE('',*,*,#1559,.F.);
#2225=ORIENTED_EDGE('',*,*,#1592,.F.);
#2226=ORIENTED_EDGE('',*,*,#1593,.T.);
#2227=ORIENTED_EDGE('',*,*,#1516,.T.);
#2228=ORIENTED_EDGE('',*,*,#1518,.T.);
#2229=ORIENTED_EDGE('',*,*,#1511,.T.);
#2230=ORIENTED_EDGE('',*,*,#1514,.T.);
#2231=ORIENTED_EDGE('',*,*,#1566,.T.);
#2232=ORIENTED_EDGE('',*,*,#1594,.T.);
#2233=ORIENTED_EDGE('',*,*,#1595,.F.);
#2234=ORIENTED_EDGE('',*,*,#1594,.F.);
#2235=ORIENTED_EDGE('',*,*,#1574,.T.);
#2236=ORIENTED_EDGE('',*,*,#1596,.T.);
#2237=ORIENTED_EDGE('',*,*,#1597,.F.);
#2238=ORIENTED_EDGE('',*,*,#1596,.F.);
#2239=ORIENTED_EDGE('',*,*,#1598,.F.);
#2240=ORIENTED_EDGE('',*,*,#1599,.T.);
#2241=ORIENTED_EDGE('',*,*,#1600,.F.);
#2242=ORIENTED_EDGE('',*,*,#1599,.F.);
#2243=ORIENTED_EDGE('',*,*,#1578,.T.);
#2244=ORIENTED_EDGE('',*,*,#1601,.T.);
#2245=ORIENTED_EDGE('',*,*,#1602,.F.);
#2246=ORIENTED_EDGE('',*,*,#1601,.F.);
#2247=ORIENTED_EDGE('',*,*,#1570,.T.);
#2248=ORIENTED_EDGE('',*,*,#1603,.T.);
#2249=ORIENTED_EDGE('',*,*,#1604,.F.);
#2250=ORIENTED_EDGE('',*,*,#1603,.F.);
#2251=ORIENTED_EDGE('',*,*,#1605,.F.);
#2252=ORIENTED_EDGE('',*,*,#1606,.T.);
#2253=ORIENTED_EDGE('',*,*,#1607,.F.);
#2254=ORIENTED_EDGE('',*,*,#1561,.F.);
#2255=ORIENTED_EDGE('',*,*,#1591,.T.);
#2256=ORIENTED_EDGE('',*,*,#1608,.T.);
#2257=ORIENTED_EDGE('',*,*,#1605,.T.);
#2258=ORIENTED_EDGE('',*,*,#1560,.T.);
#2259=ORIENTED_EDGE('',*,*,#1604,.T.);
#2260=ORIENTED_EDGE('',*,*,#1602,.T.);
#2261=ORIENTED_EDGE('',*,*,#1600,.T.);
#2262=ORIENTED_EDGE('',*,*,#1597,.T.);
#2263=ORIENTED_EDGE('',*,*,#1595,.T.);
#2264=ORIENTED_EDGE('',*,*,#1464,.T.);
#2265=ORIENTED_EDGE('',*,*,#1477,.T.);
#2266=ORIENTED_EDGE('',*,*,#1480,.T.);
#2267=ORIENTED_EDGE('',*,*,#1562,.T.);
#2268=ORIENTED_EDGE('',*,*,#1607,.T.);
#2269=ORIENTED_EDGE('',*,*,#1609,.T.);
#2270=ORIENTED_EDGE('',*,*,#1598,.T.);
#2271=ORIENTED_EDGE('',*,*,#1575,.T.);
#2272=ORIENTED_EDGE('',*,*,#1571,.T.);
#2273=ORIENTED_EDGE('',*,*,#1567,.T.);
#2274=ORIENTED_EDGE('',*,*,#1563,.T.);
#2275=ORIENTED_EDGE('',*,*,#1555,.F.);
#2276=ORIENTED_EDGE('',*,*,#1610,.T.);
#2277=ORIENTED_EDGE('',*,*,#1611,.T.);
#2278=ORIENTED_EDGE('',*,*,#1610,.F.);
#2279=ORIENTED_EDGE('',*,*,#1581,.T.);
#2280=ORIENTED_EDGE('',*,*,#1612,.T.);
#2281=ORIENTED_EDGE('',*,*,#1613,.T.);
#2282=ORIENTED_EDGE('',*,*,#1612,.F.);
#2283=ORIENTED_EDGE('',*,*,#1584,.T.);
#2284=ORIENTED_EDGE('',*,*,#1614,.T.);
#2285=ORIENTED_EDGE('',*,*,#1615,.T.);
#2286=ORIENTED_EDGE('',*,*,#1614,.F.);
#2287=ORIENTED_EDGE('',*,*,#1590,.T.);
#2288=ORIENTED_EDGE('',*,*,#1616,.T.);
#2289=ORIENTED_EDGE('',*,*,#1617,.T.);
#2290=ORIENTED_EDGE('',*,*,#1616,.F.);
#2291=ORIENTED_EDGE('',*,*,#1587,.T.);
#2292=ORIENTED_EDGE('',*,*,#1618,.T.);
#2293=ORIENTED_EDGE('',*,*,#1619,.T.);
#2294=ORIENTED_EDGE('',*,*,#1618,.F.);
#2295=ORIENTED_EDGE('',*,*,#1620,.T.);
#2296=ORIENTED_EDGE('',*,*,#1557,.T.);
#2297=ORIENTED_EDGE('',*,*,#1549,.F.);
#2298=ORIENTED_EDGE('',*,*,#1621,.F.);
#2299=ORIENTED_EDGE('',*,*,#1490,.F.);
#2300=ORIENTED_EDGE('',*,*,#1483,.T.);
#2301=ORIENTED_EDGE('',*,*,#1487,.T.);
#2302=ORIENTED_EDGE('',*,*,#1455,.F.);
#2303=ORIENTED_EDGE('',*,*,#1465,.F.);
#2304=ORIENTED_EDGE('',*,*,#1609,.F.);
#2305=ORIENTED_EDGE('',*,*,#1606,.F.);
#2306=ORIENTED_EDGE('',*,*,#1608,.F.);
#2307=ORIENTED_EDGE('',*,*,#1593,.F.);
#2308=ORIENTED_EDGE('',*,*,#1622,.F.);
#2309=ORIENTED_EDGE('',*,*,#1621,.T.);
#2310=ORIENTED_EDGE('',*,*,#1548,.F.);
#2311=ORIENTED_EDGE('',*,*,#1528,.T.);
#2312=ORIENTED_EDGE('',*,*,#1592,.T.);
#2313=ORIENTED_EDGE('',*,*,#1558,.F.);
#2314=ORIENTED_EDGE('',*,*,#1620,.F.);
#2315=ORIENTED_EDGE('',*,*,#1622,.T.);
#2316=ORIENTED_EDGE('',*,*,#1619,.F.);
#2317=ORIENTED_EDGE('',*,*,#1617,.F.);
#2318=ORIENTED_EDGE('',*,*,#1615,.F.);
#2319=ORIENTED_EDGE('',*,*,#1613,.F.);
#2320=ORIENTED_EDGE('',*,*,#1611,.F.);
#2321=PLANE('',#2554);
#2322=PLANE('',#2555);
#2323=PLANE('',#2556);
#2324=PLANE('',#2557);
#2325=PLANE('',#2558);
#2326=PLANE('',#2559);
#2327=PLANE('',#2560);
#2328=PLANE('',#2561);
#2329=PLANE('',#2565);
#2330=PLANE('',#2566);
#2331=PLANE('',#2567);
#2332=PLANE('',#2571);
#2333=PLANE('',#2572);
#2334=PLANE('',#2573);
#2335=PLANE('',#2577);
#2336=PLANE('',#2578);
#2337=PLANE('',#2579);
#2338=PLANE('',#2580);
#2339=PLANE('',#2584);
#2340=PLANE('',#2585);
#2341=PLANE('',#2586);
#2342=PLANE('',#2587);
#2343=PLANE('',#2588);
#2344=PLANE('',#2589);
#2345=PLANE('',#2590);
#2346=PLANE('',#2591);
#2347=PLANE('',#2592);
#2348=PLANE('',#2593);
#2349=PLANE('',#2594);
#2350=PLANE('',#2595);
#2351=PLANE('',#2596);
#2352=PLANE('',#2597);
#2353=PLANE('',#2598);
#2354=PLANE('',#2599);
#2355=PLANE('',#2600);
#2356=PLANE('',#2601);
#2357=PLANE('',#2602);
#2358=PLANE('',#2603);
#2359=PLANE('',#2604);
#2360=PLANE('',#2605);
#2361=PLANE('',#2606);
#2362=PLANE('',#2608);
#2363=PLANE('',#2611);
#2364=PLANE('',#2614);
#2365=PLANE('',#2615);
#2366=PLANE('',#2616);
#2367=PLANE('',#2617);
#2368=PLANE('',#2618);
#2369=PLANE('',#2619);
#2370=PLANE('',#2620);
#2371=PLANE('',#2621);
#2372=PLANE('',#2622);
#2373=PLANE('',#2623);
#2374=PLANE('',#2624);
#2375=PLANE('',#2625);
#2376=PLANE('',#2626);
#2377=PLANE('',#2627);
#2378=PLANE('',#2628);
#2379=PLANE('',#2634);
#2380=PLANE('',#2639);
#2381=PLANE('',#2643);
#2382=PLANE('',#2644);
#2383=PLANE('',#2645);
#2384=PLANE('',#2646);
#2385=PLANE('',#2647);
#2386=PLANE('',#2648);
#2387=PLANE('',#2649);
#2388=PLANE('',#2650);
#2389=PLANE('',#2651);
#2390=PLANE('',#2652);
#2391=PLANE('',#2653);
#2392=PLANE('',#2654);
#2393=PLANE('',#2657);
#2394=PLANE('',#2658);
#2395=PLANE('',#2661);
#2396=PLANE('',#2665);
#2397=PLANE('',#2669);
#2398=PLANE('',#2676);
#2399=PLANE('',#2677);
#2400=PLANE('',#2678);
#2401=PLANE('',#2682);
#2402=PLANE('',#2687);
#2403=PLANE('',#2692);
#2404=PLANE('',#2697);
#2405=PLANE('',#2701);
#2406=PLANE('',#2705);
#2407=PLANE('',#2709);
#2408=PLANE('',#2713);
#2409=PLANE('',#2715);
#2410=PLANE('',#2730);
#2411=PLANE('',#2731);
#2412=PLANE('',#2744);
#2413=PLANE('',#2745);
#2414=ADVANCED_FACE('',(#171),#2321,.F.);
#2415=ADVANCED_FACE('',(#172),#2322,.F.);
#2416=ADVANCED_FACE('',(#173),#2323,.F.);
#2417=ADVANCED_FACE('',(#174),#2324,.F.);
#2418=ADVANCED_FACE('',(#175),#2325,.F.);
#2419=ADVANCED_FACE('',(#176,#114),#2326,.F.);
#2420=ADVANCED_FACE('',(#177),#2327,.F.);
#2421=ADVANCED_FACE('',(#178,#115),#2328,.F.);
#2422=ADVANCED_FACE('',(#179),#81,.T.);
#2423=ADVANCED_FACE('',(#180),#2329,.F.);
#2424=ADVANCED_FACE('',(#181),#2330,.F.);
#2425=ADVANCED_FACE('',(#182),#2331,.F.);
#2426=ADVANCED_FACE('',(#183),#82,.T.);
#2427=ADVANCED_FACE('',(#184),#2332,.F.);
#2428=ADVANCED_FACE('',(#185),#2333,.F.);
#2429=ADVANCED_FACE('',(#186),#2334,.F.);
#2430=ADVANCED_FACE('',(#187),#83,.T.);
#2431=ADVANCED_FACE('',(#188),#2335,.F.);
#2432=ADVANCED_FACE('',(#189),#2336,.F.);
#2433=ADVANCED_FACE('',(#190),#2337,.F.);
#2434=ADVANCED_FACE('',(#191),#2338,.F.);
#2435=ADVANCED_FACE('',(#192),#84,.T.);
#2436=ADVANCED_FACE('',(#193),#2339,.T.);
#2437=ADVANCED_FACE('',(#194),#2340,.F.);
#2438=ADVANCED_FACE('',(#195),#2341,.F.);
#2439=ADVANCED_FACE('',(#196),#2342,.F.);
#2440=ADVANCED_FACE('',(#197),#2343,.F.);
#2441=ADVANCED_FACE('',(#198),#2344,.F.);
#2442=ADVANCED_FACE('',(#199),#2345,.F.);
#2443=ADVANCED_FACE('',(#200),#2346,.T.);
#2444=ADVANCED_FACE('',(#201),#2347,.F.);
#2445=ADVANCED_FACE('',(#202),#2348,.T.);
#2446=ADVANCED_FACE('',(#203,#116),#2349,.F.);
#2447=ADVANCED_FACE('',(#204),#2350,.T.);
#2448=ADVANCED_FACE('',(#205),#2351,.F.);
#2449=ADVANCED_FACE('',(#206),#2352,.F.);
#2450=ADVANCED_FACE('',(#207,#117),#2353,.F.);
#2451=ADVANCED_FACE('',(#208),#2354,.F.);
#2452=ADVANCED_FACE('',(#209),#2355,.T.);
#2453=ADVANCED_FACE('',(#210),#2356,.T.);
#2454=ADVANCED_FACE('',(#211),#2357,.F.);
#2455=ADVANCED_FACE('',(#212),#2358,.F.);
#2456=ADVANCED_FACE('',(#213),#2359,.F.);
#2457=ADVANCED_FACE('',(#214),#2360,.F.);
#2458=ADVANCED_FACE('',(#215,#118),#2361,.T.);
#2459=ADVANCED_FACE('',(#216,#119,#120),#2362,.F.);
#2460=ADVANCED_FACE('',(#217),#2363,.F.);
#2461=ADVANCED_FACE('',(#218),#85,.F.);
#2462=ADVANCED_FACE('',(#219),#2364,.T.);
#2463=ADVANCED_FACE('',(#220,#121),#2365,.T.);
#2464=ADVANCED_FACE('',(#221),#2366,.T.);
#2465=ADVANCED_FACE('',(#222),#2367,.T.);
#2466=ADVANCED_FACE('',(#223),#2368,.T.);
#2467=ADVANCED_FACE('',(#224),#2369,.T.);
#2468=ADVANCED_FACE('',(#225,#122),#2370,.T.);
#2469=ADVANCED_FACE('',(#226),#2371,.T.);
#2470=ADVANCED_FACE('',(#227),#2372,.T.);
#2471=ADVANCED_FACE('',(#228),#2373,.F.);
#2472=ADVANCED_FACE('',(#229),#2374,.F.);
#2473=ADVANCED_FACE('',(#230),#2375,.F.);
#2474=ADVANCED_FACE('',(#231),#2376,.T.);
#2475=ADVANCED_FACE('',(#232),#2377,.F.);
#2476=ADVANCED_FACE('',(#233,#123,#124),#2378,.F.);
#2477=ADVANCED_FACE('',(#234),#86,.F.);
#2478=ADVANCED_FACE('',(#235,#125),#2379,.T.);
#2479=ADVANCED_FACE('',(#236),#87,.F.);
#2480=ADVANCED_FACE('',(#237,#126),#2380,.T.);
#2481=ADVANCED_FACE('',(#238),#88,.F.);
#2482=ADVANCED_FACE('',(#239),#89,.F.);
#2483=ADVANCED_FACE('',(#240,#127,#128),#2381,.T.);
#2484=ADVANCED_FACE('',(#241),#2382,.F.);
#2485=ADVANCED_FACE('',(#242),#2383,.F.);
#2486=ADVANCED_FACE('',(#243),#2384,.F.);
#2487=ADVANCED_FACE('',(#244),#2385,.F.);
#2488=ADVANCED_FACE('',(#245),#2386,.F.);
#2489=ADVANCED_FACE('',(#246),#2387,.F.);
#2490=ADVANCED_FACE('',(#247),#2388,.F.);
#2491=ADVANCED_FACE('',(#248),#2389,.F.);
#2492=ADVANCED_FACE('',(#249),#2390,.F.);
#2493=ADVANCED_FACE('',(#250),#2391,.F.);
#2494=ADVANCED_FACE('',(#251,#129,#130),#2392,.T.);
#2495=ADVANCED_FACE('',(#252),#2393,.T.);
#2496=ADVANCED_FACE('',(#253),#2394,.T.);
#2497=ADVANCED_FACE('',(#254),#90,.F.);
#2498=ADVANCED_FACE('',(#255,#131),#2395,.T.);
#2499=ADVANCED_FACE('',(#256),#91,.F.);
#2500=ADVANCED_FACE('',(#257,#132),#2396,.T.);
#2501=ADVANCED_FACE('',(#258),#92,.F.);
#2502=ADVANCED_FACE('',(#259),#93,.F.);
#2503=ADVANCED_FACE('',(#260,#133,#134,#135,#136,#137),#2397,.T.);
#2504=ADVANCED_FACE('',(#261,#138,#139,#140,#141,#142),#2398,.T.);
#2505=ADVANCED_FACE('',(#262,#143,#144,#145,#146),#2399,.T.);
#2506=ADVANCED_FACE('',(#263),#2400,.T.);
#2507=ADVANCED_FACE('',(#264),#94,.F.);
#2508=ADVANCED_FACE('',(#265,#147),#2401,.T.);
#2509=ADVANCED_FACE('',(#266),#95,.F.);
#2510=ADVANCED_FACE('',(#267,#148),#2402,.T.);
#2511=ADVANCED_FACE('',(#268),#96,.F.);
#2512=ADVANCED_FACE('',(#269,#149),#2403,.T.);
#2513=ADVANCED_FACE('',(#270),#97,.F.);
#2514=ADVANCED_FACE('',(#271,#150),#2404,.T.);
#2515=ADVANCED_FACE('',(#272),#98,.F.);
#2516=ADVANCED_FACE('',(#273,#151),#2405,.T.);
#2517=ADVANCED_FACE('',(#274),#99,.F.);
#2518=ADVANCED_FACE('',(#275,#152),#2406,.T.);
#2519=ADVANCED_FACE('',(#276),#100,.F.);
#2520=ADVANCED_FACE('',(#277,#153),#2407,.T.);
#2521=ADVANCED_FACE('',(#278),#101,.F.);
#2522=ADVANCED_FACE('',(#279,#154),#2408,.T.);
#2523=ADVANCED_FACE('',(#280,#155),#2409,.T.);
#2524=ADVANCED_FACE('',(#281),#102,.F.);
#2525=ADVANCED_FACE('',(#282),#103,.F.);
#2526=ADVANCED_FACE('',(#283),#104,.F.);
#2527=ADVANCED_FACE('',(#284),#105,.F.);
#2528=ADVANCED_FACE('',(#285),#106,.F.);
#2529=ADVANCED_FACE('',(#286),#107,.T.);
#2530=ADVANCED_FACE('',(#287,#156,#157,#158,#159,#160),#2410,.F.);
#2531=ADVANCED_FACE('',(#288,#161,#162,#163,#164,#165),#2411,.T.);
#2532=ADVANCED_FACE('',(#289),#108,.F.);
#2533=ADVANCED_FACE('',(#290),#109,.F.);
#2534=ADVANCED_FACE('',(#291),#110,.F.);
#2535=ADVANCED_FACE('',(#292),#111,.F.);
#2536=ADVANCED_FACE('',(#293),#112,.F.);
#2537=ADVANCED_FACE('',(#294),#113,.T.);
#2538=ADVANCED_FACE('',(#295),#2412,.T.);
#2539=ADVANCED_FACE('',(#296,#166,#167,#168,#169,#170),#2413,.F.);
#2540=CLOSED_SHELL('',(#2414,#2415,#2416,#2417,#2418,#2419,#2420,#2421,
#2422,#2423,#2424,#2425,#2426,#2427,#2428,#2429,#2430,#2431,#2432,#2433,
#2434,#2435,#2436,#2437,#2438,#2439,#2440,#2441,#2442,#2443,#2444,#2445,
#2446,#2447,#2448,#2449,#2450,#2451,#2452,#2453,#2454,#2455,#2456,#2457,
#2458,#2459,#2460,#2461,#2462,#2463,#2464,#2465,#2466,#2467,#2468,#2469,
#2470,#2471,#2472,#2473,#2474,#2475,#2476,#2477,#2478,#2479,#2480,#2481,
#2482,#2483,#2484,#2485,#2486,#2487,#2488,#2489,#2490,#2491,#2492,#2493,
#2494,#2495,#2496,#2497,#2498,#2499,#2500,#2501,#2502,#2503,#2504,#2505,
#2506,#2507,#2508,#2509,#2510,#2511,#2512,#2513,#2514,#2515,#2516,#2517,
#2518,#2519,#2520,#2521,#2522,#2523,#2524,#2525,#2526,#2527,#2528,#2529,
#2530,#2531,#2532,#2533,#2534,#2535,#2536,#2537,#2538,#2539));
#2541=DERIVED_UNIT_ELEMENT(#2543,1.);
#2542=DERIVED_UNIT_ELEMENT(#4124,-3.);
#2543=(
MASS_UNIT()
NAMED_UNIT(*)
SI_UNIT(.KILO.,.GRAM.)
);
#2544=DERIVED_UNIT((#2541,#2542));
#2545=MEASURE_REPRESENTATION_ITEM('density measure',
POSITIVE_RATIO_MEASURE(1120.),#2544);
#2546=PROPERTY_DEFINITION_REPRESENTATION(#2551,#2548);
#2547=PROPERTY_DEFINITION_REPRESENTATION(#2552,#2549);
#2548=REPRESENTATION('material name',(#2550),#4121);
#2549=REPRESENTATION('density',(#2545),#4121);
#2550=DESCRIPTIVE_REPRESENTATION_ITEM('Nylon 6','Nylon 6');
#2551=PROPERTY_DEFINITION('material property','material name',#4131);
#2552=PROPERTY_DEFINITION('material property','density of part',#4131);
#2553=AXIS2_PLACEMENT_3D('',#3415,#2746,#2747);
#2554=AXIS2_PLACEMENT_3D('',#3416,#2748,#2749);
#2555=AXIS2_PLACEMENT_3D('',#3425,#2754,#2755);
#2556=AXIS2_PLACEMENT_3D('',#3431,#2759,#2760);
#2557=AXIS2_PLACEMENT_3D('',#3434,#2763,#2764);
#2558=AXIS2_PLACEMENT_3D('',#3445,#2770,#2771);
#2559=AXIS2_PLACEMENT_3D('',#3456,#2777,#2778);
#2560=AXIS2_PLACEMENT_3D('',#3472,#2787,#2788);
#2561=AXIS2_PLACEMENT_3D('',#3484,#2796,#2797);
#2562=AXIS2_PLACEMENT_3D('',#3497,#2805,#2806);
#2563=AXIS2_PLACEMENT_3D('',#3498,#2807,#2808);
#2564=AXIS2_PLACEMENT_3D('',#3499,#2809,#2810);
#2565=AXIS2_PLACEMENT_3D('',#3500,#2811,#2812);
#2566=AXIS2_PLACEMENT_3D('',#3511,#2818,#2819);
#2567=AXIS2_PLACEMENT_3D('',#3524,#2826,#2827);
#2568=AXIS2_PLACEMENT_3D('',#3532,#2832,#2833);
#2569=AXIS2_PLACEMENT_3D('',#3533,#2834,#2835);
#2570=AXIS2_PLACEMENT_3D('',#3534,#2836,#2837);
#2571=AXIS2_PLACEMENT_3D('',#3535,#2838,#2839);
#2572=AXIS2_PLACEMENT_3D('',#3546,#2845,#2846);
#2573=AXIS2_PLACEMENT_3D('',#3559,#2853,#2854);
#2574=AXIS2_PLACEMENT_3D('',#3567,#2859,#2860);
#2575=AXIS2_PLACEMENT_3D('',#3568,#2861,#2862);
#2576=AXIS2_PLACEMENT_3D('',#3569,#2863,#2864);
#2577=AXIS2_PLACEMENT_3D('',#3570,#2865,#2866);
#2578=AXIS2_PLACEMENT_3D('',#3579,#2871,#2872);
#2579=AXIS2_PLACEMENT_3D('',#3587,#2877,#2878);
#2580=AXIS2_PLACEMENT_3D('',#3591,#2881,#2882);
#2581=AXIS2_PLACEMENT_3D('',#3597,#2886,#2887);
#2582=AXIS2_PLACEMENT_3D('',#3598,#2888,#2889);
#2583=AXIS2_PLACEMENT_3D('',#3599,#2890,#2891);
#2584=AXIS2_PLACEMENT_3D('',#3600,#2892,#2893);
#2585=AXIS2_PLACEMENT_3D('',#3604,#2896,#2897);
#2586=AXIS2_PLACEMENT_3D('',#3610,#2901,#2902);
#2587=AXIS2_PLACEMENT_3D('',#3612,#2904,#2905);
#2588=AXIS2_PLACEMENT_3D('',#3618,#2909,#2910);
#2589=AXIS2_PLACEMENT_3D('',#3622,#2913,#2914);
#2590=AXIS2_PLACEMENT_3D('',#3625,#2917,#2918);
#2591=AXIS2_PLACEMENT_3D('',#3634,#2924,#2925);
#2592=AXIS2_PLACEMENT_3D('',#3638,#2928,#2929);
#2593=AXIS2_PLACEMENT_3D('',#3651,#2937,#2938);
#2594=AXIS2_PLACEMENT_3D('',#3655,#2941,#2942);
#2595=AXIS2_PLACEMENT_3D('',#3663,#2947,#2948);
#2596=AXIS2_PLACEMENT_3D('',#3665,#2950,#2951);
#2597=AXIS2_PLACEMENT_3D('',#3666,#2952,#2953);
#2598=AXIS2_PLACEMENT_3D('',#3667,#2954,#2955);
#2599=AXIS2_PLACEMENT_3D('',#3677,#2961,#2962);
#2600=AXIS2_PLACEMENT_3D('',#3682,#2966,#2967);
#2601=AXIS2_PLACEMENT_3D('',#3684,#2969,#2970);
#2602=AXIS2_PLACEMENT_3D('',#3688,#2973,#2974);
#2603=AXIS2_PLACEMENT_3D('',#3695,#2979,#2980);
#2604=AXIS2_PLACEMENT_3D('',#3708,#2987,#2988);
#2605=AXIS2_PLACEMENT_3D('',#3718,#2994,#2995);
#2606=AXIS2_PLACEMENT_3D('',#3721,#2998,#2999);
#2607=AXIS2_PLACEMENT_3D('',#3727,#3004,#3005);
#2608=AXIS2_PLACEMENT_3D('',#3728,#3006,#3007);
#2609=AXIS2_PLACEMENT_3D('',#3733,#3010,#3011);
#2610=AXIS2_PLACEMENT_3D('',#3735,#3012,#3013);
#2611=AXIS2_PLACEMENT_3D('',#3736,#3014,#3015);
#2612=AXIS2_PLACEMENT_3D('',#3750,#3023,#3024);
#2613=AXIS2_PLACEMENT_3D('',#3752,#3025,#3026);
#2614=AXIS2_PLACEMENT_3D('',#3754,#3028,#3029);
#2615=AXIS2_PLACEMENT_3D('',#3767,#3036,#3037);
#2616=AXIS2_PLACEMENT_3D('',#3771,#3040,#3041);
#2617=AXIS2_PLACEMENT_3D('',#3785,#3049,#3050);
#2618=AXIS2_PLACEMENT_3D('',#3794,#3056,#3057);
#2619=AXIS2_PLACEMENT_3D('',#3803,#3062,#3063);
#2620=AXIS2_PLACEMENT_3D('',#3815,#3070,#3071);
#2621=AXIS2_PLACEMENT_3D('',#3817,#3073,#3074);
#2622=AXIS2_PLACEMENT_3D('',#3820,#3077,#3078);
#2623=AXIS2_PLACEMENT_3D('',#3824,#3081,#3082);
#2624=AXIS2_PLACEMENT_3D('',#3830,#3086,#3087);
#2625=AXIS2_PLACEMENT_3D('',#3835,#3091,#3092);
#2626=AXIS2_PLACEMENT_3D('',#3837,#3094,#3095);
#2627=AXIS2_PLACEMENT_3D('',#3841,#3098,#3099);
#2628=AXIS2_PLACEMENT_3D('',#3847,#3103,#3104);
#2629=AXIS2_PLACEMENT_3D('',#3854,#3108,#3109);
#2630=AXIS2_PLACEMENT_3D('',#3856,#3110,#3111);
#2631=AXIS2_PLACEMENT_3D('',#3857,#3112,#3113);
#2632=AXIS2_PLACEMENT_3D('',#3859,#3114,#3115);
#2633=AXIS2_PLACEMENT_3D('',#3862,#3117,#3118);
#2634=AXIS2_PLACEMENT_3D('',#3863,#3119,#3120);
#2635=AXIS2_PLACEMENT_3D('',#3865,#3121,#3122);
#2636=AXIS2_PLACEMENT_3D('',#3866,#3123,#3124);
#2637=AXIS2_PLACEMENT_3D('',#3868,#3125,#3126);
#2638=AXIS2_PLACEMENT_3D('',#3871,#3128,#3129);
#2639=AXIS2_PLACEMENT_3D('',#3872,#3130,#3131);
#2640=AXIS2_PLACEMENT_3D('',#3874,#3132,#3133);
#2641=AXIS2_PLACEMENT_3D('',#3875,#3134,#3135);
#2642=AXIS2_PLACEMENT_3D('',#3877,#3137,#3138);
#2643=AXIS2_PLACEMENT_3D('',#3879,#3140,#3141);
#2644=AXIS2_PLACEMENT_3D('',#3885,#3145,#3146);
#2645=AXIS2_PLACEMENT_3D('',#3891,#3150,#3151);
#2646=AXIS2_PLACEMENT_3D('',#3895,#3154,#3155);
#2647=AXIS2_PLACEMENT_3D('',#3899,#3158,#3159);
#2648=AXIS2_PLACEMENT_3D('',#3901,#3161,#3162);
#2649=AXIS2_PLACEMENT_3D('',#3908,#3167,#3168);
#2650=AXIS2_PLACEMENT_3D('',#3912,#3171,#3172);
#2651=AXIS2_PLACEMENT_3D('',#3916,#3175,#3176);
#2652=AXIS2_PLACEMENT_3D('',#3918,#3178,#3179);
#2653=AXIS2_PLACEMENT_3D('',#3922,#3182,#3183);
#2654=AXIS2_PLACEMENT_3D('',#3924,#3185,#3186);
#2655=AXIS2_PLACEMENT_3D('',#3931,#3190,#3191);
#2656=AXIS2_PLACEMENT_3D('',#3933,#3192,#3193);
#2657=AXIS2_PLACEMENT_3D('',#3934,#3194,#3195);
#2658=AXIS2_PLACEMENT_3D('',#3936,#3197,#3198);
#2659=AXIS2_PLACEMENT_3D('',#3941,#3202,#3203);
#2660=AXIS2_PLACEMENT_3D('',#3944,#3205,#3206);
#2661=AXIS2_PLACEMENT_3D('',#3945,#3207,#3208);
#2662=AXIS2_PLACEMENT_3D('',#3947,#3209,#3210);
#2663=AXIS2_PLACEMENT_3D('',#3948,#3211,#3212);
#2664=AXIS2_PLACEMENT_3D('',#3951,#3214,#3215);
#2665=AXIS2_PLACEMENT_3D('',#3952,#3216,#3217);
#2666=AXIS2_PLACEMENT_3D('',#3954,#3218,#3219);
#2667=AXIS2_PLACEMENT_3D('',#3955,#3220,#3221);
#2668=AXIS2_PLACEMENT_3D('',#3957,#3223,#3224);
#2669=AXIS2_PLACEMENT_3D('',#3959,#3226,#3227);
#2670=AXIS2_PLACEMENT_3D('',#3963,#3229,#3230);
#2671=AXIS2_PLACEMENT_3D('',#3966,#3232,#3233);
#2672=AXIS2_PLACEMENT_3D('',#3968,#3234,#3235);
#2673=AXIS2_PLACEMENT_3D('',#3970,#3236,#3237);
#2674=AXIS2_PLACEMENT_3D('',#3972,#3238,#3239);
#2675=AXIS2_PLACEMENT_3D('',#3974,#3240,#3241);
#2676=AXIS2_PLACEMENT_3D('',#3975,#3242,#3243);
#2677=AXIS2_PLACEMENT_3D('',#3977,#3245,#3246);
#2678=AXIS2_PLACEMENT_3D('',#3978,#3247,#3248);
#2679=AXIS2_PLACEMENT_3D('',#3990,#3255,#3256);
#2680=AXIS2_PLACEMENT_3D('',#3992,#3257,#3258);
#2681=AXIS2_PLACEMENT_3D('',#3995,#3260,#3261);
#2682=AXIS2_PLACEMENT_3D('',#3996,#3262,#3263);
#2683=AXIS2_PLACEMENT_3D('',#3998,#3264,#3265);
#2684=AXIS2_PLACEMENT_3D('',#3999,#3266,#3267);
#2685=AXIS2_PLACEMENT_3D('',#4001,#3268,#3269);
#2686=AXIS2_PLACEMENT_3D('',#4004,#3271,#3272);
#2687=AXIS2_PLACEMENT_3D('',#4005,#3273,#3274);
#2688=AXIS2_PLACEMENT_3D('',#4007,#3275,#3276);
#2689=AXIS2_PLACEMENT_3D('',#4008,#3277,#3278);
#2690=AXIS2_PLACEMENT_3D('',#4010,#3279,#3280);
#2691=AXIS2_PLACEMENT_3D('',#4013,#3282,#3283);
#2692=AXIS2_PLACEMENT_3D('',#4014,#3284,#3285);
#2693=AXIS2_PLACEMENT_3D('',#4016,#3286,#3287);
#2694=AXIS2_PLACEMENT_3D('',#4017,#3288,#3289);
#2695=AXIS2_PLACEMENT_3D('',#4019,#3290,#3291);
#2696=AXIS2_PLACEMENT_3D('',#4022,#3293,#3294);
#2697=AXIS2_PLACEMENT_3D('',#4023,#3295,#3296);
#2698=AXIS2_PLACEMENT_3D('',#4025,#3297,#3298);
#2699=AXIS2_PLACEMENT_3D('',#4026,#3299,#3300);
#2700=AXIS2_PLACEMENT_3D('',#4029,#3302,#3303);
#2701=AXIS2_PLACEMENT_3D('',#4030,#3304,#3305);
#2702=AXIS2_PLACEMENT_3D('',#4032,#3306,#3307);
#2703=AXIS2_PLACEMENT_3D('',#4033,#3308,#3309);
#2704=AXIS2_PLACEMENT_3D('',#4036,#3311,#3312);
#2705=AXIS2_PLACEMENT_3D('',#4037,#3313,#3314);
#2706=AXIS2_PLACEMENT_3D('',#4039,#3315,#3316);
#2707=AXIS2_PLACEMENT_3D('',#4040,#3317,#3318);
#2708=AXIS2_PLACEMENT_3D('',#4043,#3320,#3321);
#2709=AXIS2_PLACEMENT_3D('',#4044,#3322,#3323);
#2710=AXIS2_PLACEMENT_3D('',#4046,#3324,#3325);
#2711=AXIS2_PLACEMENT_3D('',#4047,#3326,#3327);
#2712=AXIS2_PLACEMENT_3D('',#4050,#3329,#3330);
#2713=AXIS2_PLACEMENT_3D('',#4051,#3331,#3332);
#2714=AXIS2_PLACEMENT_3D('',#4053,#3333,#3334);
#2715=AXIS2_PLACEMENT_3D('',#4054,#3335,#3336);
#2716=AXIS2_PLACEMENT_3D('',#4060,#3340,#3341);
#2717=AXIS2_PLACEMENT_3D('',#4063,#3343,#3344);
#2718=AXIS2_PLACEMENT_3D('',#4064,#3345,#3346);
#2719=AXIS2_PLACEMENT_3D('',#4067,#3348,#3349);
#2720=AXIS2_PLACEMENT_3D('',#4068,#3350,#3351);
#2721=AXIS2_PLACEMENT_3D('',#4070,#3352,#3353);
#2722=AXIS2_PLACEMENT_3D('',#4073,#3355,#3356);
#2723=AXIS2_PLACEMENT_3D('',#4074,#3357,#3358);
#2724=AXIS2_PLACEMENT_3D('',#4077,#3360,#3361);
#2725=AXIS2_PLACEMENT_3D('',#4078,#3362,#3363);
#2726=AXIS2_PLACEMENT_3D('',#4081,#3365,#3366);
#2727=AXIS2_PLACEMENT_3D('',#4082,#3367,#3368);
#2728=AXIS2_PLACEMENT_3D('',#4084,#3369,#3370);
#2729=AXIS2_PLACEMENT_3D('',#4087,#3372,#3373);
#2730=AXIS2_PLACEMENT_3D('',#4088,#3374,#3375);
#2731=AXIS2_PLACEMENT_3D('',#4090,#3377,#3378);
#2732=AXIS2_PLACEMENT_3D('',#4092,#3380,#3381);
#2733=AXIS2_PLACEMENT_3D('',#4095,#3383,#3384);
#2734=AXIS2_PLACEMENT_3D('',#4096,#3385,#3386);
#2735=AXIS2_PLACEMENT_3D('',#4099,#3388,#3389);
#2736=AXIS2_PLACEMENT_3D('',#4100,#3390,#3391);
#2737=AXIS2_PLACEMENT_3D('',#4103,#3393,#3394);
#2738=AXIS2_PLACEMENT_3D('',#4104,#3395,#3396);
#2739=AXIS2_PLACEMENT_3D('',#4107,#3398,#3399);
#2740=AXIS2_PLACEMENT_3D('',#4108,#3400,#3401);
#2741=AXIS2_PLACEMENT_3D('',#4111,#3403,#3404);
#2742=AXIS2_PLACEMENT_3D('',#4112,#3405,#3406);
#2743=AXIS2_PLACEMENT_3D('',#4114,#3407,#3408);
#2744=AXIS2_PLACEMENT_3D('',#4116,#3410,#3411);
#2745=AXIS2_PLACEMENT_3D('',#4118,#3413,#3414);
#2746=DIRECTION('axis',(0.,0.,1.));
#2747=DIRECTION('refdir',(1.,0.,0.));
#2748=DIRECTION('center_axis',(2.75100441463057E-15,0.,1.));
#2749=DIRECTION('ref_axis',(1.,0.,-2.75100441463057E-15));
#2750=DIRECTION('',(-1.,0.,2.75100441463057E-15));
#2751=DIRECTION('',(0.,1.,0.));
#2752=DIRECTION('',(1.,0.,-2.75100441463057E-15));
#2753=DIRECTION('',(0.,1.,0.));
#2754=DIRECTION('center_axis',(-1.,0.,0.));
#2755=DIRECTION('ref_axis',(0.,0.,1.));
#2756=DIRECTION('',(0.,0.,-1.));
#2757=DIRECTION('',(0.,0.,1.));
#2758=DIRECTION('',(0.,1.,0.));
#2759=DIRECTION('center_axis',(0.910632229624301,0.,-0.413217790480365));
#2760=DIRECTION('ref_axis',(-0.413217790480365,0.,-0.910632229624301));
#2761=DIRECTION('',(0.413217790480365,0.,0.910632229624301));
#2762=DIRECTION('',(-0.413217790480365,0.,-0.910632229624301));
#2763=DIRECTION('center_axis',(-1.,1.93082265152204E-16,1.31907682664963E-15));
#2764=DIRECTION('ref_axis',(1.31907682664963E-15,0.,1.));
#2765=DIRECTION('',(1.31907682664963E-15,-2.14349984330564E-15,1.));
#2766=DIRECTION('',(-7.96198390013985E-16,0.707106781186558,-0.707106781186537));
#2767=DIRECTION('',(0.,-1.,0.));
#2768=DIRECTION('',(-1.31907682664963E-15,2.14349984330564E-15,-1.));
#2769=DIRECTION('',(-1.93082265152212E-16,-1.,-6.13288307690954E-15));
#2770=DIRECTION('center_axis',(-1.,1.93082265152204E-16,1.31907682664963E-15));
#2771=DIRECTION('ref_axis',(1.31907682664963E-15,0.,1.));
#2772=DIRECTION('',(-1.31907682664963E-15,-2.14349984330564E-15,-1.));
#2773=DIRECTION('',(-1.93082265152212E-16,-1.,-6.13288307690954E-15));
#2774=DIRECTION('',(1.31907682664963E-15,2.14349984330564E-15,1.));
#2775=DIRECTION('',(0.,-1.,0.));
#2776=DIRECTION('',(1.06925794804596E-15,0.707106781186549,0.707106781186546));
#2777=DIRECTION('center_axis',(0.,0.707106781186546,-0.707106781186549));
#2778=DIRECTION('ref_axis',(5.45234892335731E-40,-0.707106781186549,-0.707106781186546));
#2779=DIRECTION('',(0.399003734443054,0.648381068469963,0.648381068469959));
#2780=DIRECTION('',(1.06925794804596E-15,0.707106781186549,0.707106781186546));
#2781=DIRECTION('',(-1.,0.,0.));
#2782=DIRECTION('',(-1.36529754768473E-16,-0.707106781186549,-0.707106781186546));
#2783=DIRECTION('',(-1.,0.,0.));
#2784=DIRECTION('',(1.,-1.50178853415778E-15,-1.50178853415777E-15));
#2785=DIRECTION('',(-0.399003734443054,-0.648381068469963,-0.648381068469959));
#2786=DIRECTION('',(0.,0.707106781186549,0.707106781186546));
#2787=DIRECTION('center_axis',(0.,-6.13288307690954E-15,1.));
#2788=DIRECTION('ref_axis',(0.,1.,6.13288307690954E-15));
#2789=DIRECTION('',(-0.524097425664335,-0.851658316704544,-5.22312087782656E-15));
#2790=DIRECTION('',(1.93082265152201E-16,1.,6.13288307690954E-15));
#2791=DIRECTION('',(-1.,0.,0.));
#2792=DIRECTION('',(0.524097425664335,-0.851658316704544,-5.22312087782656E-15));
#2793=DIRECTION('',(-0.524097425664335,0.851658316704544,5.22312087782656E-15));
#2794=DIRECTION('',(0.,-1.,-6.13288307690954E-15));
#2795=DIRECTION('',(0.524097425664335,0.851658316704544,5.22312087782656E-15));
#2796=DIRECTION('center_axis',(0.,-0.707106781186537,-0.707106781186558));
#2797=DIRECTION('ref_axis',(1.21955006769851E-38,-0.707106781186558,0.707106781186537));
#2798=DIRECTION('',(-0.399003734443058,0.64838106846997,-0.64838106846995));
#2799=DIRECTION('',(-1.3652980326349E-16,-0.707106781186558,0.707106781186537));
#2800=DIRECTION('',(-1.,0.,0.));
#2801=DIRECTION('',(-7.96198390013985E-16,0.707106781186558,-0.707106781186537));
#2802=DIRECTION('',(-1.,-1.50178853415782E-15,1.50178853415778E-15));
#2803=DIRECTION('',(0.,0.707106781186558,-0.707106781186537));
#2804=DIRECTION('',(0.399003734443058,-0.64838106846997,0.64838106846995));
#2805=DIRECTION('center_axis',(-1.,0.,0.));
#2806=DIRECTION('ref_axis',(0.,0.553342818637604,0.832953615192462));
#2807=DIRECTION('center_axis',(-1.,1.93082265152204E-16,1.31907682664963E-15));
#2808=DIRECTION('ref_axis',(0.,0.553342818637604,0.832953615192462));
#2809=DIRECTION('center_axis',(1.,-1.93082265152201E-16,3.42911538916493E-23));
#2810=DIRECTION('ref_axis',(0.,0.553342818637604,0.832953615192462));
#2811=DIRECTION('center_axis',(-1.,1.93082265152204E-16,1.31907682664963E-15));
#2812=DIRECTION('ref_axis',(1.31907682664963E-15,0.,1.));
#2813=DIRECTION('',(1.930822651522E-16,1.,-2.88657986402541E-15));
#2814=DIRECTION('',(-1.31907682664963E-15,-4.88714120191233E-15,-1.));
#2815=DIRECTION('',(1.06925794804596E-15,0.707106781186549,0.707106781186546));
#2816=DIRECTION('',(0.,-1.,0.));
#2817=DIRECTION('',(1.31907682664963E-15,2.17881268582687E-15,1.));
#2818=DIRECTION('center_axis',(0.,0.707106781186537,0.707106781186558));
#2819=DIRECTION('ref_axis',(-9.16966545292867E-39,0.707106781186558,-0.707106781186537));
#2820=DIRECTION('',(0.399003734443058,-0.64838106846997,0.64838106846995));
#2821=DIRECTION('',(1.,1.50178853415782E-15,-1.50178853415778E-15));
#2822=DIRECTION('',(7.96198390013985E-16,-0.707106781186558,0.707106781186537));
#2823=DIRECTION('',(-1.,0.,0.));
#2824=DIRECTION('',(1.3652980326349E-16,0.707106781186558,-0.707106781186537));
#2825=DIRECTION('',(-1.,0.,0.));
#2826=DIRECTION('center_axis',(0.,0.707106781186546,-0.707106781186549));
#2827=DIRECTION('ref_axis',(-1.01042827703259E-38,-0.707106781186549,-0.707106781186546));
#2828=DIRECTION('',(-1.,0.,0.));
#2829=DIRECTION('',(-1.36529754768473E-16,-0.707106781186549,-0.707106781186546));
#2830=DIRECTION('',(-1.,0.,0.));
#2831=DIRECTION('',(1.06925794804596E-15,0.707106781186549,0.707106781186546));
#2832=DIRECTION('center_axis',(-1.,0.,0.));
#2833=DIRECTION('ref_axis',(0.,-0.796470763884285,0.604677039648095));
#2834=DIRECTION('center_axis',(-1.,1.93082265152204E-16,1.31907682664963E-15));
#2835=DIRECTION('ref_axis',(0.,-0.796470763884285,0.604677039648095));
#2836=DIRECTION('center_axis',(1.,-1.93082265152201E-16,3.42911538916493E-23));
#2837=DIRECTION('ref_axis',(0.,-0.796470763884285,0.604677039648095));
#2838=DIRECTION('center_axis',(-1.,1.93082265152204E-16,1.31907682664963E-15));
#2839=DIRECTION('ref_axis',(1.31907682664963E-15,0.,1.));
#2840=DIRECTION('',(0.,-1.,0.));
#2841=DIRECTION('',(-7.96198390013985E-16,0.707106781186558,-0.707106781186537));
#2842=DIRECTION('',(1.31907682664962E-15,-1.75362125480384E-14,1.));
#2843=DIRECTION('',(1.930822651522E-16,1.,-2.88657986402541E-15));
#2844=DIRECTION('',(-1.31907682664963E-15,-2.17881268582687E-15,-1.));
#2845=DIRECTION('center_axis',(0.,-0.707106781186546,0.707106781186549));
#2846=DIRECTION('ref_axis',(7.0784475462695E-39,0.707106781186549,0.707106781186546));
#2847=DIRECTION('',(-0.399003734443054,-0.648381068469963,-0.648381068469959));
#2848=DIRECTION('',(-1.,0.,0.));
#2849=DIRECTION('',(1.36529754768473E-16,0.707106781186549,0.707106781186546));
#2850=DIRECTION('',(-1.,0.,0.));
#2851=DIRECTION('',(-1.06925794804596E-15,-0.707106781186549,-0.707106781186546));
#2852=DIRECTION('',(-1.,1.50178853415778E-15,1.50178853415777E-15));
#2853=DIRECTION('center_axis',(0.,-0.707106781186537,-0.707106781186558));
#2854=DIRECTION('ref_axis',(1.21955006769851E-38,-0.707106781186558,0.707106781186537));
#2855=DIRECTION('',(-7.96198390013985E-16,0.707106781186558,-0.707106781186537));
#2856=DIRECTION('',(-1.,0.,0.));
#2857=DIRECTION('',(-1.3652980326349E-16,-0.707106781186558,0.707106781186537));
#2858=DIRECTION('',(-1.,0.,0.));
#2859=DIRECTION('center_axis',(-1.,0.,0.));
#2860=DIRECTION('ref_axis',(0.,0.832953615192472,-0.553342818637589));
#2861=DIRECTION('center_axis',(-1.,1.93082265152204E-16,1.31907682664963E-15));
#2862=DIRECTION('ref_axis',(0.,0.832953615192472,-0.553342818637589));
#2863=DIRECTION('center_axis',(1.,-1.93082265152201E-16,3.42911538916493E-23));
#2864=DIRECTION('ref_axis',(0.,0.832953615192472,-0.553342818637589));
#2865=DIRECTION('center_axis',(-1.,1.93082265152204E-16,1.31907682664963E-15));
#2866=DIRECTION('ref_axis',(1.31907682664963E-15,0.,1.));
#2867=DIRECTION('',(0.,-1.,0.));
#2868=DIRECTION('',(-1.06925794804596E-15,-0.707106781186549,-0.707106781186546));
#2869=DIRECTION('',(1.93082265152198E-16,1.,-4.63278848052445E-15));
#2870=DIRECTION('',(7.96198390013985E-16,-0.707106781186558,0.707106781186537));
#2871=DIRECTION('center_axis',(0.,-0.707106781186546,0.707106781186549));
#2872=DIRECTION('ref_axis',(9.16966545292867E-39,0.707106781186549,0.707106781186546));
#2873=DIRECTION('',(-1.06925794804596E-15,-0.707106781186549,-0.707106781186546));
#2874=DIRECTION('',(-1.,0.,0.));
#2875=DIRECTION('',(1.36529754768473E-16,0.707106781186549,0.707106781186546));
#2876=DIRECTION('',(-1.,0.,0.));
#2877=DIRECTION('center_axis',(0.,-4.63278848052445E-15,-1.));
#2878=DIRECTION('ref_axis',(1.89148928721842E-37,-1.,4.63278848052445E-15));
#2879=DIRECTION('',(-1.93082265152201E-16,-1.,4.63278848052445E-15));
#2880=DIRECTION('',(-1.,0.,0.));
#2881=DIRECTION('center_axis',(0.,0.707106781186537,0.707106781186558));
#2882=DIRECTION('ref_axis',(-9.16966545292867E-39,0.707106781186558,-0.707106781186537));
#2883=DIRECTION('',(1.3652980326349E-16,0.707106781186558,-0.707106781186537));
#2884=DIRECTION('',(-1.,0.,0.));
#2885=DIRECTION('',(7.96198390013985E-16,-0.707106781186558,0.707106781186537));
#2886=DIRECTION('center_axis',(-1.,0.,0.));
#2887=DIRECTION('ref_axis',(0.,-0.604677039648109,-0.796470763884274));
#2888=DIRECTION('center_axis',(-1.,1.93082265152204E-16,1.31907682664963E-15));
#2889=DIRECTION('ref_axis',(0.,-0.604677039648109,-0.796470763884274));
#2890=DIRECTION('center_axis',(1.,-1.93082265152201E-16,3.42911538916493E-23));
#2891=DIRECTION('ref_axis',(0.,-0.604677039648109,-0.796470763884274));
#2892=DIRECTION('center_axis',(1.50178853415777E-15,2.88657986402541E-15,
1.));
#2893=DIRECTION('ref_axis',(1.,0.,-1.50178853415777E-15));
#2894=DIRECTION('',(-0.524097425664335,0.851658316704544,-1.67129624338481E-15));
#2895=DIRECTION('',(0.,-1.,2.88657986402541E-15));
#2896=DIRECTION('center_axis',(1.,0.,0.));
#2897=DIRECTION('ref_axis',(0.,-1.,0.));
#2898=DIRECTION('',(0.,0.,-1.));
#2899=DIRECTION('',(0.,-1.,2.31698718182641E-15));
#2900=DIRECTION('',(0.,0.,-1.));
#2901=DIRECTION('center_axis',(1.,0.,0.));
#2902=DIRECTION('ref_axis',(0.,-1.,0.));
#2903=DIRECTION('',(0.,0.,-1.));
#2904=DIRECTION('center_axis',(-0.851658316704544,0.524097425664335,0.));
#2905=DIRECTION('ref_axis',(0.524097425664335,0.851658316704544,0.));
#2906=DIRECTION('',(0.524097425664335,0.851658316704544,-1.97328138512838E-15));
#2907=DIRECTION('',(0.,0.,-1.));
#2908=DIRECTION('',(-0.524097425664335,-0.851658316704544,2.25454544754255E-15));
#2909=DIRECTION('center_axis',(-0.851658316704544,0.524097425664335,0.));
#2910=DIRECTION('ref_axis',(0.524097425664335,0.851658316704544,0.));
#2911=DIRECTION('',(0.524097425664335,0.851658316704544,-3.24546325267341E-15));
#2912=DIRECTION('',(0.,0.,-1.));
#2913=DIRECTION('center_axis',(-0.851658316704544,-0.524097425664335,0.));
#2914=DIRECTION('ref_axis',(-0.524097425664335,0.851658316704544,0.));
#2915=DIRECTION('',(0.524097425664335,-0.851658316704544,1.69201735865802E-15));
#2916=DIRECTION('',(-0.524097425664335,0.851658316704544,-1.97328142107219E-15));
#2917=DIRECTION('center_axis',(0.,-1.,0.));
#2918=DIRECTION('ref_axis',(-1.,0.,0.));
#2919=DIRECTION('',(-3.4291152948029E-23,4.88714120191233E-15,1.));
#2920=DIRECTION('',(-1.,0.,1.50178853415777E-15));
#2921=DIRECTION('',(0.,0.,-1.));
#2922=DIRECTION('',(-1.,0.,-3.42911534349384E-23));
#2923=DIRECTION('',(0.,0.,-1.));
#2924=DIRECTION('center_axis',(1.50178853415777E-15,2.88657986402541E-15,
1.));
#2925=DIRECTION('ref_axis',(1.,0.,-1.50178853415777E-15));
#2926=DIRECTION('',(1.,-2.60690525256046E-16,-1.50178853415777E-15));
#2927=DIRECTION('',(0.524097425664335,0.851658316704544,-3.24546325267341E-15));
#2928=DIRECTION('center_axis',(3.87108175257069E-14,1.,0.));
#2929=DIRECTION('ref_axis',(1.,-3.87108175257069E-14,0.));
#2930=DIRECTION('',(3.42911572775809E-23,1.75362125480384E-14,-1.));
#2931=DIRECTION('',(0.,0.,-1.));
#2932=DIRECTION('',(1.,-3.87108175257069E-14,3.42912431274064E-23));
#2933=DIRECTION('',(0.,0.,-1.));
#2934=DIRECTION('',(-1.,3.87108175257069E-14,0.));
#2935=DIRECTION('',(-7.72328816269184E-15,2.98974798764416E-28,1.));
#2936=DIRECTION('',(1.,-3.87108175257069E-14,-1.50178853415766E-15));
#2937=DIRECTION('center_axis',(1.50178853415777E-15,2.88657986402541E-15,
1.));
#2938=DIRECTION('ref_axis',(1.,0.,-1.50178853415777E-15));
#2939=DIRECTION('',(1.930822651522E-16,1.,-2.88657986402541E-15));
#2940=DIRECTION('',(-0.524097425664335,-0.851658316704544,3.24546325267341E-15));
#2941=DIRECTION('center_axis',(0.851658316704544,-0.524097425664335,0.));
#2942=DIRECTION('ref_axis',(-0.524097425664335,-0.851658316704544,0.));
#2943=DIRECTION('',(-1.31907682664963E-15,-2.14349984330564E-15,-1.));
#2944=DIRECTION('',(0.524097425664335,0.851658316704544,-2.25454544754255E-15));
#2945=DIRECTION('',(0.,0.,-1.));
#2946=DIRECTION('',(-0.524097425664335,-0.851658316704544,1.97328138512838E-15));
#2947=DIRECTION('center_axis',(1.50178853415777E-15,2.88657986402541E-15,
1.));
#2948=DIRECTION('ref_axis',(1.,0.,-1.50178853415777E-15));
#2949=DIRECTION('',(0.,-1.,2.88657986402541E-15));
#2950=DIRECTION('center_axis',(-0.851658316704544,-0.524097425664335,0.));
#2951=DIRECTION('ref_axis',(-0.524097425664335,0.851658316704544,0.));
#2952=DIRECTION('center_axis',(1.,0.,0.));
#2953=DIRECTION('ref_axis',(0.,-1.,0.));
#2954=DIRECTION('center_axis',(0.851658316704544,0.524097425664335,0.));
#2955=DIRECTION('ref_axis',(0.524097425664335,-0.851658316704544,0.));
#2956=DIRECTION('',(0.524097425664335,-0.851658316704544,1.97328142107219E-15));
#2957=DIRECTION('',(0.,0.,-1.));
#2958=DIRECTION('',(-0.524097425664335,0.851658316704544,-1.69201735865802E-15));
#2959=DIRECTION('',(1.31907682664963E-15,-2.14349984330564E-15,1.));
#2960=DIRECTION('',(0.524097425664335,-0.851658316704544,1.67129624338481E-15));
#2961=DIRECTION('center_axis',(-0.851658316704544,0.524097425664335,0.));
#2962=DIRECTION('ref_axis',(0.524097425664335,0.851658316704544,0.));
#2963=DIRECTION('',(-0.524097425664335,-0.851658316704544,2.25454544754255E-15));
#2964=DIRECTION('',(0.524097425664335,0.851658316704544,-1.97328138512838E-15));
#2965=DIRECTION('',(-1.34080780666269E-15,-2.17881268582687E-15,-1.));
#2966=DIRECTION('center_axis',(1.50178853415777E-15,2.88657986402541E-15,
1.));
#2967=DIRECTION('ref_axis',(1.,0.,-1.50178853415777E-15));
#2968=DIRECTION('',(1.930822651522E-16,1.,-2.88657986402541E-15));
#2969=DIRECTION('center_axis',(1.50178853415777E-15,2.88657986402541E-15,
1.));
#2970=DIRECTION('ref_axis',(1.,0.,-1.50178853415777E-15));
#2971=DIRECTION('',(2.22938880944921E-29,1.,-2.88657986402541E-15));
#2972=DIRECTION('',(-1.,1.93082265152205E-16,1.50178853415777E-15));
#2973=DIRECTION('center_axis',(-0.851658316704544,-0.524097425664335,0.));
#2974=DIRECTION('ref_axis',(-0.524097425664335,0.851658316704544,0.));
#2975=DIRECTION('',(0.524097425664335,-0.851658316704544,1.69201735865802E-15));
#2976=DIRECTION('',(7.72328816269184E-15,-1.25503432643742E-14,-1.));
#2977=DIRECTION('',(0.524097425664335,-0.851658316704544,0.));
#2978=DIRECTION('',(-0.524097425664335,0.851658316704544,-1.97328142107219E-15));
#2979=DIRECTION('center_axis',(0.851658316704544,0.524097425664335,0.));
#2980=DIRECTION('ref_axis',(0.524097425664335,-0.851658316704544,0.));
#2981=DIRECTION('',(-0.524097425664335,0.851658316704544,-1.69201735865802E-15));
#2982=DIRECTION('',(0.,0.,-1.));
#2983=DIRECTION('',(0.524097425664335,-0.851658316704544,1.97328142107219E-15));
#2984=DIRECTION('',(0.,0.,-1.));
#2985=DIRECTION('',(-0.524097425664335,0.851658316704544,0.));
#2986=DIRECTION('',(-7.72328816269184E-15,1.25503432643742E-14,1.));
#2987=DIRECTION('center_axis',(-1.,0.,0.));
#2988=DIRECTION('ref_axis',(0.,1.,0.));
#2989=DIRECTION('',(0.,-1.,2.31698718182641E-15));
#2990=DIRECTION('',(0.,0.,-1.));
#2991=DIRECTION('',(0.,-1.,0.));
#2992=DIRECTION('',(0.,1.,-2.31698718182641E-15));
#2993=DIRECTION('',(0.,0.,-1.));
#2994=DIRECTION('center_axis',(0.851658316704544,-0.524097425664335,0.));
#2995=DIRECTION('ref_axis',(-0.524097425664335,-0.851658316704544,0.));
#2996=DIRECTION('',(0.524097425664335,0.851658316704544,-2.25454544754255E-15));
#2997=DIRECTION('',(-0.524097425664335,-0.851658316704544,1.97328138512838E-15));
#2998=DIRECTION('center_axis',(-1.,1.93082265152204E-16,1.31907682664963E-15));
#2999=DIRECTION('ref_axis',(1.31907682664963E-15,2.17881268582687E-15,1.));
#3000=DIRECTION('',(0.,-1.,0.));
#3001=DIRECTION('',(0.,-1.,0.));
#3002=DIRECTION('',(0.,-1.,0.));
#3003=DIRECTION('',(0.,-1.,0.));
#3004=DIRECTION('center_axis',(1.,-1.93082265152204E-16,-1.31907682664963E-15));
#3005=DIRECTION('ref_axis',(0.,1.,0.));
#3006=DIRECTION('center_axis',(1.93082265152201E-16,1.,-2.31698718182641E-15));
#3007=DIRECTION('ref_axis',(0.,2.31698718182641E-15,1.));
#3008=DIRECTION('',(7.72328816269184E-15,-2.31698718182641E-15,-1.));
#3009=DIRECTION('',(-1.,2.60690525256045E-16,8.0499551226485E-16));
#3010=DIRECTION('center_axis',(-1.93082265152201E-16,-1.,2.31698718182641E-15));
#3011=DIRECTION('ref_axis',(1.,0.,3.42911533762902E-23));
#3012=DIRECTION('center_axis',(-1.93082265152201E-16,-1.,2.31698718182641E-15));
#3013=DIRECTION('ref_axis',(1.,0.,3.42911533762902E-23));
#3014=DIRECTION('center_axis',(1.,0.,7.72328816269184E-15));
#3015=DIRECTION('ref_axis',(-7.72328816269184E-15,0.,1.));
#3016=DIRECTION('',(0.,-1.,0.));
#3017=DIRECTION('',(-7.72328816269184E-15,2.31698718182641E-15,1.));
#3018=DIRECTION('',(0.,-1.,0.));
#3019=DIRECTION('',(0.,-1.,0.));
#3020=DIRECTION('',(0.,-1.,0.));
#3021=DIRECTION('',(-7.72328816269184E-15,0.,1.));
#3022=DIRECTION('',(-1.78947596745087E-29,-1.,2.31698718182641E-15));
#3023=DIRECTION('center_axis',(-1.,0.,0.));
#3024=DIRECTION('ref_axis',(0.,1.,0.));
#3025=DIRECTION('center_axis',(-1.,1.93082265152201E-16,-3.42911538916493E-23));
#3026=DIRECTION('ref_axis',(0.,1.,0.));
#3027=DIRECTION('',(-1.,0.,0.));
#3028=DIRECTION('center_axis',(0.707106781186548,0.707106781186547,2.82699805813846E-34));
#3029=DIRECTION('ref_axis',(3.99797899462182E-34,0.,-1.));
#3030=DIRECTION('',(-0.381897771470871,0.381897771470871,-0.841610470640168));
#3031=DIRECTION('',(-3.99797899462182E-34,0.,1.));
#3032=DIRECTION('',(-3.99797899462182E-34,0.,1.));
#3033=DIRECTION('',(-3.99797899462182E-34,0.,1.));
#3034=DIRECTION('',(-0.707106781186547,0.707106781186548,-1.63835737243927E-15));
#3035=DIRECTION('',(3.99797899462182E-34,0.,-1.));
#3036=DIRECTION('center_axis',(0.,1.,0.));
#3037=DIRECTION('ref_axis',(0.,0.,1.));
#3038=DIRECTION('',(-1.,0.,-3.42911534349384E-23));
#3039=DIRECTION('',(-0.413217790480365,0.,-0.910632229624301));
#3040=DIRECTION('center_axis',(3.42911534349384E-23,-2.31698718182641E-15,
-1.));
#3041=DIRECTION('ref_axis',(-1.,2.60690525256043E-16,-3.4291154038955E-23));
#3042=DIRECTION('',(-1.11022302455542E-15,-1.,2.31698718182641E-15));
#3043=DIRECTION('',(1.,0.,3.42911534349384E-23));
#3044=DIRECTION('',(1.94418308971303E-15,1.,-2.31698718182641E-15));
#3045=DIRECTION('',(-1.,0.,-3.42911534349384E-23));
#3046=DIRECTION('',(1.93082265152201E-16,1.,-2.31698718182641E-15));
#3047=DIRECTION('',(-1.,1.93082265152201E-16,-3.42911538965482E-23));
#3048=DIRECTION('',(0.,-1.,2.53765262771464E-15));
#3049=DIRECTION('center_axis',(1.,-1.11022302455542E-15,3.99797899462182E-34));
#3050=DIRECTION('ref_axis',(1.11022302455542E-15,1.,-3.60105934230883E-19));
#3051=DIRECTION('',(1.11022302455542E-15,1.,0.));
#3052=DIRECTION('',(3.99797899462182E-34,0.,-1.));
#3053=DIRECTION('',(-1.11022302455542E-15,-1.,0.));
#3054=DIRECTION('',(-1.11022302455542E-15,-1.,-3.59005606898013E-19));
#3055=DIRECTION('',(0.,3.60105934230895E-19,1.));
#3056=DIRECTION('center_axis',(0.707106781186547,-0.707106781186548,2.82699805813846E-34));
#3057=DIRECTION('ref_axis',(3.99797899462182E-34,0.,-1.));
#3058=DIRECTION('',(0.707106781186548,0.707106781186547,-1.63835732394426E-15));
#3059=DIRECTION('',(3.99797899462182E-34,0.,-1.));
#3060=DIRECTION('',(0.381897771470871,0.38189777147087,0.841610470640168));
#3061=DIRECTION('',(-3.99797899462182E-34,0.,1.));
#3062=DIRECTION('center_axis',(3.42911534349384E-23,-2.31698718182641E-15,
-1.));
#3063=DIRECTION('ref_axis',(-1.,2.60690525256043E-16,-3.4291154038955E-23));
#3064=DIRECTION('',(1.,0.,3.42911534349384E-23));
#3065=DIRECTION('',(0.,-1.,2.53765262771464E-15));
#3066=DIRECTION('',(1.,-2.60690525256043E-16,3.4291154038955E-23));
#3067=DIRECTION('',(0.,-1.,2.53765262771464E-15));
#3068=DIRECTION('',(-1.,9.32938672382081E-16,-3.42911555965454E-23));
#3069=DIRECTION('',(-1.11022302455542E-15,-1.,2.31698718182641E-15));
#3070=DIRECTION('center_axis',(0.,-1.,0.));
#3071=DIRECTION('ref_axis',(0.,0.,-1.));
#3072=DIRECTION('',(0.413217790480365,0.,0.910632229624301));
#3073=DIRECTION('center_axis',(0.910632229624301,0.,-0.413217790480365));
#3074=DIRECTION('ref_axis',(-0.413217790480365,0.,-0.910632229624301));
#3075=DIRECTION('',(-1.11022302455542E-15,-1.,-3.59005606898013E-19));
#3076=DIRECTION('',(0.,-1.,2.53765262771464E-15));
#3077=DIRECTION('center_axis',(1.,-1.11022302455542E-15,3.99797899462182E-34));
#3078=DIRECTION('ref_axis',(1.11022302455542E-15,1.,-3.60105934230883E-19));
#3079=DIRECTION('',(0.,3.60105934230895E-19,1.));
#3080=DIRECTION('',(-1.11022302455542E-15,-1.,-3.59005606898013E-19));
#3081=DIRECTION('center_axis',(0.,0.,1.));
#3082=DIRECTION('ref_axis',(6.69194672410784E-33,-1.,0.));
#3083=DIRECTION('',(1.,0.,0.));
#3084=DIRECTION('',(6.69194672410784E-33,-1.,0.));
#3085=DIRECTION('',(1.,0.,0.));
#3086=DIRECTION('center_axis',(0.,1.,0.));
#3087=DIRECTION('ref_axis',(0.,0.,1.));
#3088=DIRECTION('',(-3.42911538916493E-23,0.,1.));
#3089=DIRECTION('',(-0.642787609686539,0.,0.766044443118978));
#3090=DIRECTION('',(1.,0.,0.));
#3091=DIRECTION('center_axis',(0.766044443118978,0.,0.642787609686539));
#3092=DIRECTION('ref_axis',(0.642787609686539,0.,-0.766044443118978));
#3093=DIRECTION('',(-0.642787609686539,-1.90275775414233E-15,0.766044443118978));
#3094=DIRECTION('center_axis',(-1.,1.93082265152201E-16,-3.42911538916493E-23));
#3095=DIRECTION('ref_axis',(-3.42911534709592E-23,2.17881268582687E-15,
1.));
#3096=DIRECTION('',(1.93082265152201E-16,1.,0.));
#3097=DIRECTION('',(-3.42911534345787E-23,2.31698718182641E-15,1.));
#3098=DIRECTION('center_axis',(0.,0.,-1.));
#3099=DIRECTION('ref_axis',(1.,8.88356875248887E-32,0.));
#3100=DIRECTION('',(-1.,0.,0.));
#3101=DIRECTION('',(0.,-1.,0.));
#3102=DIRECTION('',(1.,8.88356875248887E-32,0.));
#3103=DIRECTION('center_axis',(-2.60690525256043E-16,-1.,2.17881268582687E-15));
#3104=DIRECTION('ref_axis',(1.,-2.60690525256043E-16,3.4291154038955E-23));
#3105=DIRECTION('',(1.,-2.60690525256045E-16,-8.0499551226485E-16));
#3106=DIRECTION('',(3.42911534709592E-23,-2.17881268582687E-15,-1.));
#3107=DIRECTION('',(-1.,2.60690525256044E-16,5.36663663412849E-16));
#3108=DIRECTION('center_axis',(2.60690525256043E-16,1.,-2.17881268582687E-15));
#3109=DIRECTION('ref_axis',(1.,0.,3.4291153377413E-23));
#3110=DIRECTION('center_axis',(2.60690525256043E-16,1.,-2.17881268582687E-15));
#3111=DIRECTION('ref_axis',(1.,0.,3.4291153377413E-23));
#3112=DIRECTION('center_axis',(0.,1.,0.));
#3113=DIRECTION('ref_axis',(1.,0.,3.42911534375532E-23));
#3114=DIRECTION('center_axis',(2.60690525256043E-16,1.,-2.17881268582687E-15));
#3115=DIRECTION('ref_axis',(1.,0.,3.42911534375532E-23));
#3116=DIRECTION('',(0.,1.,0.));
#3117=DIRECTION('center_axis',(2.60690525256043E-16,1.,-2.17881268582687E-15));
#3118=DIRECTION('ref_axis',(1.,0.,3.42911534375532E-23));
#3119=DIRECTION('center_axis',(-2.60690525256043E-16,-1.,2.17881268582687E-15));
#3120=DIRECTION('ref_axis',(0.,-2.17881268582687E-15,-1.));
#3121=DIRECTION('center_axis',(-2.60690525256043E-16,-1.,2.17881268582687E-15));
#3122=DIRECTION('ref_axis',(1.,0.,3.4291153377413E-23));
#3123=DIRECTION('center_axis',(0.,1.,0.));
#3124=DIRECTION('ref_axis',(1.,0.,3.42911534375532E-23));
#3125=DIRECTION('center_axis',(2.60690525256043E-16,1.,-2.17881268582687E-15));
#3126=DIRECTION('ref_axis',(1.,0.,3.42911534375532E-23));
#3127=DIRECTION('',(0.,1.,0.));
#3128=DIRECTION('center_axis',(2.60690525256043E-16,1.,-2.17881268582687E-15));
#3129=DIRECTION('ref_axis',(1.,0.,3.42911534375532E-23));
#3130=DIRECTION('center_axis',(-2.60690525256043E-16,-1.,2.17881268582687E-15));
#3131=DIRECTION('ref_axis',(0.,-2.17881268582687E-15,-1.));
#3132=DIRECTION('center_axis',(-2.60690525256043E-16,-1.,2.17881268582687E-15));
#3133=DIRECTION('ref_axis',(1.,0.,3.4291153377413E-23));
#3134=DIRECTION('center_axis',(0.,-1.,2.53765262771464E-15));
#3135=DIRECTION('ref_axis',(1.,0.,3.4291153377413E-23));
#3136=DIRECTION('',(0.,1.,-2.53765262771464E-15));
#3137=DIRECTION('center_axis',(0.,-1.,2.53765262771464E-15));
#3138=DIRECTION('ref_axis',(1.,0.,3.4291153377413E-23));
#3139=DIRECTION('',(0.,1.,-2.53765262771464E-15));
#3140=DIRECTION('center_axis',(-2.60690525256043E-16,-1.,2.17881268582687E-15));
#3141=DIRECTION('ref_axis',(1.,-2.60690525256043E-16,3.4291154038955E-23));
#3142=DIRECTION('',(-3.42911534709592E-23,2.17881268582687E-15,1.));
#3143=DIRECTION('',(-1.,2.60690525256043E-16,-3.4291154038955E-23));
#3144=DIRECTION('',(3.42911534709592E-23,-2.17881268582687E-15,-1.));
#3145=DIRECTION('center_axis',(0.,-1.,0.));
#3146=DIRECTION('ref_axis',(0.,0.,1.));
#3147=DIRECTION('',(0.,0.,-1.));
#3148=DIRECTION('',(-1.,0.,0.));
#3149=DIRECTION('',(-1.,0.,0.));
#3150=DIRECTION('center_axis',(0.,0.,-1.));
#3151=DIRECTION('ref_axis',(0.,-1.,0.));
#3152=DIRECTION('',(2.220446048553E-16,1.,0.));
#3153=DIRECTION('',(-1.,0.,0.));
#3154=DIRECTION('center_axis',(0.,1.,0.));
#3155=DIRECTION('ref_axis',(0.,0.,-1.));
#3156=DIRECTION('',(0.,0.,1.));
#3157=DIRECTION('',(-1.,0.,0.));
#3158=DIRECTION('center_axis',(0.,0.,1.));
#3159=DIRECTION('ref_axis',(0.,1.,0.));
#3160=DIRECTION('',(-2.220446048553E-16,-1.,0.));
#3161=DIRECTION('center_axis',(0.,0.,1.));
#3162=DIRECTION('ref_axis',(-1.,-8.88356875248887E-32,0.));
#3163=DIRECTION('',(0.,-1.,0.));
#3164=DIRECTION('',(-1.,-8.88356875248887E-32,0.));
#3165=DIRECTION('',(-1.93082265152201E-16,-1.,0.));
#3166=DIRECTION('',(-1.,1.93082265152201E-16,0.));
#3167=DIRECTION('center_axis',(0.,-1.,0.));
#3168=DIRECTION('ref_axis',(0.,0.,-1.));
#3169=DIRECTION('',(-1.,0.,8.04995512264851E-16));
#3170=DIRECTION('',(1.44811700136754E-15,6.12469569763387E-33,-1.));
#3171=DIRECTION('center_axis',(0.,-1.,0.));
#3172=DIRECTION('ref_axis',(0.,0.,-1.));
#3173=DIRECTION('',(1.,0.,-5.36663663412849E-16));
#3174=DIRECTION('',(3.42911538916493E-23,0.,-1.));
#3175=DIRECTION('center_axis',(0.,0.,-1.));
#3176=DIRECTION('ref_axis',(1.,8.88356875248887E-32,0.));
#3177=DIRECTION('',(1.,-1.93082265152201E-16,0.));
#3178=DIRECTION('center_axis',(-1.,0.,-1.44811700136754E-15));
#3179=DIRECTION('ref_axis',(1.44811700136754E-15,6.12469569763387E-33,-1.));
#3180=DIRECTION('',(1.44811700136754E-15,-3.60105934226608E-19,-1.));
#3181=DIRECTION('',(3.35526852995348E-30,1.,-2.31698718182641E-15));
#3182=DIRECTION('center_axis',(1.,0.,7.72328816269184E-15));
#3183=DIRECTION('ref_axis',(-7.72328816269184E-15,0.,1.));
#3184=DIRECTION('',(1.78947596745087E-29,1.,-2.31698718182641E-15));
#3185=DIRECTION('center_axis',(1.93082265152201E-16,1.,-2.31698718182641E-15));
#3186=DIRECTION('ref_axis',(0.,2.31698718182641E-15,1.));
#3187=DIRECTION('',(-3.42911534345787E-23,2.31698718182641E-15,1.));
#3188=DIRECTION('',(1.,-1.93082265152201E-16,3.42911538965482E-23));
#3189=DIRECTION('',(3.42911534345787E-23,-2.31698718182641E-15,-1.));
#3190=DIRECTION('center_axis',(-1.93082265152201E-16,-1.,2.31698718182641E-15));
#3191=DIRECTION('ref_axis',(1.,0.,3.42911539703388E-23));
#3192=DIRECTION('center_axis',(-1.93082265152201E-16,-1.,2.31698718182641E-15));
#3193=DIRECTION('ref_axis',(1.,0.,3.42911539703388E-23));
#3194=DIRECTION('center_axis',(-5.36663663412849E-16,-2.31698718182641E-15,
-1.));
#3195=DIRECTION('ref_axis',(-1.,2.60690525256044E-16,5.36663663412849E-16));
#3196=DIRECTION('',(8.70190357129457E-38,-1.,-4.6699954492363E-53));
#3197=DIRECTION('center_axis',(-1.,1.93082265152201E-16,-3.42911538916493E-23));
#3198=DIRECTION('ref_axis',(-3.42911534709592E-23,2.17881268582687E-15,
1.));
#3199=DIRECTION('',(-3.42911538915798E-23,3.60105934230895E-19,1.));
#3200=DIRECTION('',(1.93082265152201E-16,1.,-2.31698718182641E-15));
#3201=DIRECTION('',(-8.70190357129457E-38,1.,7.0049933230536E-53));
#3202=DIRECTION('center_axis',(0.,-1.,0.));
#3203=DIRECTION('ref_axis',(1.,0.,3.42911539703388E-23));
#3204=DIRECTION('',(0.,-1.,0.));
#3205=DIRECTION('center_axis',(-1.93082265152201E-16,-1.,2.31698718182641E-15));
#3206=DIRECTION('ref_axis',(1.,-2.28519318962296E-16,3.42911539703388E-23));
#3207=DIRECTION('center_axis',(1.93082265152201E-16,1.,-2.31698718182641E-15));
#3208=DIRECTION('ref_axis',(0.,2.31698718182641E-15,1.));
#3209=DIRECTION('center_axis',(1.93082265152201E-16,1.,-2.31698718182641E-15));
#3210=DIRECTION('ref_axis',(1.,0.,3.42911533762902E-23));
#3211=DIRECTION('center_axis',(0.,-1.,0.));
#3212=DIRECTION('ref_axis',(1.,0.,3.42911539703388E-23));
#3213=DIRECTION('',(0.,-1.,0.));
#3214=DIRECTION('center_axis',(-1.93082265152201E-16,-1.,2.31698718182641E-15));
#3215=DIRECTION('ref_axis',(1.,-2.28519318962296E-16,3.42911539703388E-23));
#3216=DIRECTION('center_axis',(1.93082265152201E-16,1.,-2.31698718182641E-15));
#3217=DIRECTION('ref_axis',(0.,2.31698718182641E-15,1.));
#3218=DIRECTION('center_axis',(1.93082265152201E-16,1.,-2.31698718182641E-15));
#3219=DIRECTION('ref_axis',(1.,0.,3.42911533762902E-23));
#3220=DIRECTION('center_axis',(0.,1.,-2.53765262771464E-15));
#3221=DIRECTION('ref_axis',(1.,0.,3.42911533762902E-23));
#3222=DIRECTION('',(0.,-1.,2.53765262771464E-15));
#3223=DIRECTION('center_axis',(0.,1.,-2.53765262771464E-15));
#3224=DIRECTION('ref_axis',(1.,0.,3.42911533762902E-23));
#3225=DIRECTION('',(0.,-1.,2.53765262771464E-15));
#3226=DIRECTION('center_axis',(8.04995512264851E-16,2.31698718182641E-15,
1.));
#3227=DIRECTION('ref_axis',(1.,-2.60690525256045E-16,-8.0499551226485E-16));
#3228=DIRECTION('',(-1.,-2.96059473240347E-15,-1.12598239171384E-32));
#3229=DIRECTION('center_axis',(-1.23259516491296E-32,3.60105934230884E-19,
1.));
#3230=DIRECTION('ref_axis',(-1.,-6.97316555398508E-26,-1.23259516491045E-32));
#3231=DIRECTION('',(1.,-9.32938672382081E-16,1.26619084013279E-32));
#3232=DIRECTION('center_axis',(1.23259516491296E-32,-3.60105934230884E-19,
-1.));
#3233=DIRECTION('ref_axis',(-1.,-6.97316555398508E-26,0.));
#3234=DIRECTION('center_axis',(1.23259516491296E-32,-3.60105934230884E-19,
-1.));
#3235=DIRECTION('ref_axis',(-1.,-6.97316555398508E-26,2.51107829636449E-44));
#3236=DIRECTION('center_axis',(1.23259516491296E-32,-3.60105934230884E-19,
-1.));
#3237=DIRECTION('ref_axis',(-1.,-6.97316555398508E-26,2.51107829636449E-44));
#3238=DIRECTION('center_axis',(1.23259516491296E-32,-3.60105934230884E-19,
-1.));
#3239=DIRECTION('ref_axis',(-1.,-6.97316555398508E-26,0.));
#3240=DIRECTION('center_axis',(1.23259516491296E-32,-3.60105934230884E-19,
-1.));
#3241=DIRECTION('ref_axis',(-1.,-6.97316555398508E-26,-1.23259516491045E-32));
#3242=DIRECTION('center_axis',(1.,-1.93082265152201E-16,3.42911538916493E-23));
#3243=DIRECTION('ref_axis',(3.42911534709592E-23,-2.17881268582687E-15,
-1.));
#3244=DIRECTION('',(0.,-1.,2.53765262771464E-15));
#3245=DIRECTION('center_axis',(-3.42911534349384E-23,2.31698718182641E-15,
1.));
#3246=DIRECTION('ref_axis',(1.,-2.60690525256043E-16,3.4291154038955E-23));
#3247=DIRECTION('center_axis',(-9.32938672382081E-16,-1.,3.60105934230895E-19));
#3248=DIRECTION('ref_axis',(1.,-9.32938672382081E-16,1.26619084013279E-32));
#3249=DIRECTION('',(0.,3.60105934230895E-19,1.));
#3250=DIRECTION('',(1.,-9.32938672382081E-16,1.26619084013279E-32));
#3251=DIRECTION('',(0.,0.,-1.));
#3252=DIRECTION('',(1.,-9.32938672382081E-16,-1.87587235544258E-33));
#3253=DIRECTION('',(0.,-3.60105934230882E-19,-1.));
#3254=DIRECTION('',(-1.,9.32938672382081E-16,1.87587235544258E-33));
#3255=DIRECTION('center_axis',(0.,0.,1.));
#3256=DIRECTION('ref_axis',(-1.,-6.97316555398508E-26,0.));
#3257=DIRECTION('center_axis',(1.54094214116542E-33,-3.59005606898013E-19,
1.));
#3258=DIRECTION('ref_axis',(-1.,-6.97316555398508E-26,0.));
#3259=DIRECTION('',(0.,0.,1.));
#3260=DIRECTION('center_axis',(1.54094214116542E-33,-3.59005606898013E-19,
1.));
#3261=DIRECTION('ref_axis',(-1.,-6.97316555398508E-26,0.));
#3262=DIRECTION('center_axis',(-1.54094214116542E-33,3.59005606898013E-19,
-1.));
#3263=DIRECTION('ref_axis',(-1.,0.,1.54094214116542E-33));
#3264=DIRECTION('center_axis',(-1.54094214116542E-33,3.59005606898013E-19,
-1.));
#3265=DIRECTION('ref_axis',(-1.,-6.97316555398508E-26,2.5110782963644E-44));
#3266=DIRECTION('center_axis',(0.,3.60105934230875E-19,1.));
#3267=DIRECTION('ref_axis',(-1.,-6.97316555398508E-26,2.51107829636435E-44));
#3268=DIRECTION('center_axis',(1.54094214116542E-33,-3.59005606898013E-19,
1.));
#3269=DIRECTION('ref_axis',(-1.,-6.97316555398508E-26,2.51107829636435E-44));
#3270=DIRECTION('',(0.,3.60105934230875E-19,1.));
#3271=DIRECTION('center_axis',(1.54094214116542E-33,-3.59005606898013E-19,
1.));
#3272=DIRECTION('ref_axis',(-1.,-6.97316555398508E-26,2.51111590042582E-44));
#3273=DIRECTION('center_axis',(-1.54094214116542E-33,3.59005606898013E-19,
-1.));
#3274=DIRECTION('ref_axis',(-1.,0.,1.54094214116542E-33));
#3275=DIRECTION('center_axis',(-1.54094214116542E-33,3.59005606898013E-19,
-1.));
#3276=DIRECTION('ref_axis',(-1.,-6.97316555398508E-26,2.5110782963644E-44));
#3277=DIRECTION('center_axis',(0.,3.60105934230895E-19,1.));
#3278=DIRECTION('ref_axis',(-1.,-6.97316555398508E-26,2.51107829636449E-44));
#3279=DIRECTION('center_axis',(1.54094214116542E-33,-3.59005606898013E-19,
1.));
#3280=DIRECTION('ref_axis',(-1.,-6.97316555398508E-26,2.51107829636449E-44));
#3281=DIRECTION('',(0.,3.60105934230895E-19,1.));
#3282=DIRECTION('center_axis',(1.54094214116542E-33,-3.59005606898013E-19,
1.));
#3283=DIRECTION('ref_axis',(-1.,-6.97316555398508E-26,2.51111590042582E-44));
#3284=DIRECTION('center_axis',(-1.54094214116542E-33,3.59005606898013E-19,
-1.));
#3285=DIRECTION('ref_axis',(-1.,0.,1.54094214116542E-33));
#3286=DIRECTION('center_axis',(-1.54094214116542E-33,3.59005606898013E-19,
-1.));
#3287=DIRECTION('ref_axis',(-1.,-6.97316555398508E-26,2.5110782963644E-44));
#3288=DIRECTION('center_axis',(0.,0.,1.));
#3289=DIRECTION('ref_axis',(-1.,-6.97316555398508E-26,0.));
#3290=DIRECTION('center_axis',(1.54094214116542E-33,-3.59005606898013E-19,
1.));
#3291=DIRECTION('ref_axis',(-1.,-6.97316555398508E-26,0.));
#3292=DIRECTION('',(0.,0.,1.));
#3293=DIRECTION('center_axis',(1.54094214116542E-33,-3.59005606898013E-19,
1.));
#3294=DIRECTION('ref_axis',(-1.,-6.97316555398508E-26,0.));
#3295=DIRECTION('center_axis',(-1.54094214116542E-33,3.59005606898013E-19,
-1.));
#3296=DIRECTION('ref_axis',(-1.,0.,1.54094214116542E-33));
#3297=DIRECTION('center_axis',(-1.54094214116542E-33,3.59005606898013E-19,
-1.));
#3298=DIRECTION('ref_axis',(-1.,-6.97316555398508E-26,2.5110782963644E-44));
#3299=DIRECTION('center_axis',(0.,0.,-1.));
#3300=DIRECTION('ref_axis',(-1.,-6.97316555398508E-26,0.));
#3301=DIRECTION('',(0.,0.,-1.));
#3302=DIRECTION('center_axis',(1.23259516491296E-32,-3.60105934230884E-19,
-1.));
#3303=DIRECTION('ref_axis',(-1.,-6.97316555398508E-26,0.));
#3304=DIRECTION('center_axis',(-1.23259516491296E-32,3.60105934230884E-19,
1.));
#3305=DIRECTION('ref_axis',(1.,0.,1.23259516491296E-32));
#3306=DIRECTION('center_axis',(-1.23259516491296E-32,3.60105934230884E-19,
1.));
#3307=DIRECTION('ref_axis',(-1.,-6.97316555398508E-26,2.51111590042582E-44));
#3308=DIRECTION('center_axis',(0.,-3.60105934230894E-19,-1.));
#3309=DIRECTION('ref_axis',(-1.,-6.97316555398508E-26,2.51107829636449E-44));
#3310=DIRECTION('',(0.,-3.60105934230894E-19,-1.));
#3311=DIRECTION('center_axis',(1.23259516491296E-32,-3.60105934230884E-19,
-1.));
#3312=DIRECTION('ref_axis',(-1.,-6.97316555398508E-26,2.51111590042582E-44));
#3313=DIRECTION('center_axis',(-1.23259516491296E-32,3.60105934230884E-19,
1.));
#3314=DIRECTION('ref_axis',(1.,0.,1.23259516491296E-32));
#3315=DIRECTION('center_axis',(-1.23259516491296E-32,3.60105934230884E-19,
1.));
#3316=DIRECTION('ref_axis',(-1.,-6.97316555398508E-26,2.51111590042582E-44));
#3317=DIRECTION('center_axis',(0.,-3.60105934230894E-19,-1.));
#3318=DIRECTION('ref_axis',(-1.,-6.97316555398508E-26,2.51107829636449E-44));
#3319=DIRECTION('',(0.,-3.60105934230894E-19,-1.));
#3320=DIRECTION('center_axis',(1.23259516491296E-32,-3.60105934230884E-19,
-1.));
#3321=DIRECTION('ref_axis',(-1.,-6.97316555398508E-26,2.51111590042582E-44));
#3322=DIRECTION('center_axis',(-1.23259516491296E-32,3.60105934230884E-19,
1.));
#3323=DIRECTION('ref_axis',(1.,0.,1.23259516491296E-32));
#3324=DIRECTION('center_axis',(-1.23259516491296E-32,3.60105934230884E-19,
1.));
#3325=DIRECTION('ref_axis',(-1.,-6.97316555398508E-26,2.51111590042582E-44));
#3326=DIRECTION('center_axis',(0.,0.,-1.));
#3327=DIRECTION('ref_axis',(-1.,-6.97316555398508E-26,0.));
#3328=DIRECTION('',(0.,0.,-1.));
#3329=DIRECTION('center_axis',(1.23259516491296E-32,-3.60105934230884E-19,
-1.));
#3330=DIRECTION('ref_axis',(-1.,-6.97316555398508E-26,0.));
#3331=DIRECTION('center_axis',(-1.23259516491296E-32,3.60105934230884E-19,
1.));
#3332=DIRECTION('ref_axis',(1.,0.,1.23259516491296E-32));
#3333=DIRECTION('center_axis',(-1.23259516491296E-32,3.60105934230884E-19,
1.));
#3334=DIRECTION('ref_axis',(-1.,-6.97316555398508E-26,2.51111590042582E-44));
#3335=DIRECTION('center_axis',(-1.,2.220446048553E-16,0.));
#3336=DIRECTION('ref_axis',(2.220446048553E-16,1.,-3.60105934230883E-19));
#3337=DIRECTION('',(2.220446048553E-16,1.,3.59005606898013E-19));
#3338=DIRECTION('',(-2.220446048553E-16,-1.,3.60105934230883E-19));
#3339=DIRECTION('',(0.,0.,-1.));
#3340=DIRECTION('center_axis',(0.,-3.60105934230882E-19,-1.));
#3341=DIRECTION('ref_axis',(-1.,-6.97316555398508E-26,2.5110782963644E-44));
#3342=DIRECTION('',(0.,3.60105934230882E-19,1.));
#3343=DIRECTION('center_axis',(-1.54094214116542E-33,3.59005606898013E-19,
-1.));
#3344=DIRECTION('ref_axis',(-1.,-6.97316555398508E-26,0.));
#3345=DIRECTION('center_axis',(0.,-3.60105934230882E-19,-1.));
#3346=DIRECTION('ref_axis',(-1.,-6.97316555398508E-26,2.5110782963644E-44));
#3347=DIRECTION('',(0.,3.60105934230882E-19,1.));
#3348=DIRECTION('center_axis',(-1.54094214116542E-33,3.59005606898013E-19,
-1.));
#3349=DIRECTION('ref_axis',(-1.,-6.97316555398508E-26,0.));
#3350=DIRECTION('center_axis',(0.,-3.60105934230882E-19,-1.));
#3351=DIRECTION('ref_axis',(-1.,-6.97316555398508E-26,2.5110782963644E-44));
#3352=DIRECTION('center_axis',(1.54094214116542E-33,-3.59005606898013E-19,
1.));
#3353=DIRECTION('ref_axis',(-1.,-6.97316555398508E-26,0.));
#3354=DIRECTION('',(0.,3.60105934230882E-19,1.));
#3355=DIRECTION('center_axis',(-1.54094214116542E-33,3.59005606898013E-19,
-1.));
#3356=DIRECTION('ref_axis',(-1.,-6.97316555398508E-26,0.));
#3357=DIRECTION('center_axis',(0.,-3.60105934230882E-19,-1.));
#3358=DIRECTION('ref_axis',(-1.,-6.97316555398508E-26,2.5110782963644E-44));
#3359=DIRECTION('',(0.,3.60105934230882E-19,1.));
#3360=DIRECTION('center_axis',(-1.54094214116542E-33,3.59005606898013E-19,
-1.));
#3361=DIRECTION('ref_axis',(-1.,-6.97316555398508E-26,0.));
#3362=DIRECTION('center_axis',(0.,-3.60105934230882E-19,-1.));
#3363=DIRECTION('ref_axis',(-1.,-6.97316555398508E-26,2.5110782963644E-44));
#3364=DIRECTION('',(0.,3.60105934230882E-19,1.));
#3365=DIRECTION('center_axis',(-1.54094214116542E-33,3.59005606898013E-19,
-1.));
#3366=DIRECTION('ref_axis',(-1.,-6.97316555398508E-26,0.));
#3367=DIRECTION('center_axis',(0.,-3.60105934230882E-19,-1.));
#3368=DIRECTION('ref_axis',(-1.,-6.97316555398508E-26,2.5110782963644E-44));
#3369=DIRECTION('center_axis',(1.54094214116542E-33,-3.59005606898013E-19,
1.));
#3370=DIRECTION('ref_axis',(-1.,-6.97316555398508E-26,0.));
#3371=DIRECTION('',(0.,-3.60105934230882E-19,-1.));
#3372=DIRECTION('center_axis',(-1.54094214116542E-33,3.59005606898013E-19,
-1.));
#3373=DIRECTION('ref_axis',(-1.,-6.97316555398508E-26,0.));
#3374=DIRECTION('center_axis',(-1.54094214116542E-33,3.59005606898013E-19,
-1.));
#3375=DIRECTION('ref_axis',(-1.,0.,1.54094214116542E-33));
#3376=DIRECTION('',(-1.,-2.96059473240347E-15,4.78072032479856E-34));
#3377=DIRECTION('center_axis',(-1.54094214116542E-33,3.59005606898013E-19,
-1.));
#3378=DIRECTION('ref_axis',(-1.,0.,1.54094214116542E-33));
#3379=DIRECTION('',(1.,2.96059473240347E-15,-4.78072032479856E-34));
#3380=DIRECTION('center_axis',(0.,3.60105934230895E-19,1.));
#3381=DIRECTION('ref_axis',(-1.,-6.97316555398508E-26,2.51111606569101E-44));
#3382=DIRECTION('',(0.,-3.60105934230895E-19,-1.));
#3383=DIRECTION('center_axis',(1.23259516491296E-32,-3.60105934230884E-19,
-1.));
#3384=DIRECTION('ref_axis',(-1.,-6.97316555398508E-26,-1.23259516491045E-32));
#3385=DIRECTION('center_axis',(0.,3.60105934230895E-19,1.));
#3386=DIRECTION('ref_axis',(-1.,-6.97316555398508E-26,2.51111590042582E-44));
#3387=DIRECTION('',(0.,-3.60105934230895E-19,-1.));
#3388=DIRECTION('center_axis',(1.23259516491296E-32,-3.60105934230884E-19,
-1.));
#3389=DIRECTION('ref_axis',(-1.,-6.97316555398508E-26,-1.23259516491045E-32));
#3390=DIRECTION('center_axis',(0.,3.60105934230895E-19,1.));
#3391=DIRECTION('ref_axis',(-1.,-6.97316555398508E-26,2.51111590042582E-44));
#3392=DIRECTION('',(0.,-3.60105934230895E-19,-1.));
#3393=DIRECTION('center_axis',(1.23259516491296E-32,-3.60105934230884E-19,
-1.));
#3394=DIRECTION('ref_axis',(-1.,-6.97316555398508E-26,-1.23259516491045E-32));
#3395=DIRECTION('center_axis',(0.,3.60105934230895E-19,1.));
#3396=DIRECTION('ref_axis',(-1.,-6.97316555398508E-26,2.51111590042582E-44));
#3397=DIRECTION('',(0.,-3.60105934230895E-19,-1.));
#3398=DIRECTION('center_axis',(1.23259516491296E-32,-3.60105934230884E-19,
-1.));
#3399=DIRECTION('ref_axis',(-1.,-6.97316555398508E-26,-1.23259516491045E-32));
#3400=DIRECTION('center_axis',(0.,3.60105934230895E-19,1.));
#3401=DIRECTION('ref_axis',(-1.,-6.97316555398508E-26,2.51111590042582E-44));
#3402=DIRECTION('',(0.,-3.60105934230895E-19,-1.));
#3403=DIRECTION('center_axis',(1.23259516491296E-32,-3.60105934230884E-19,
-1.));
#3404=DIRECTION('ref_axis',(-1.,-6.97316555398508E-26,-1.23259516491045E-32));
#3405=DIRECTION('center_axis',(0.,3.60105934230895E-19,1.));
#3406=DIRECTION('ref_axis',(-1.,-6.97316555398508E-26,2.51111590042582E-44));
#3407=DIRECTION('center_axis',(-1.23259516491296E-32,3.60105934230884E-19,
1.));
#3408=DIRECTION('ref_axis',(-1.,-6.97316555398508E-26,-1.23259516491045E-32));
#3409=DIRECTION('',(0.,3.60105934230895E-19,1.));
#3410=DIRECTION('center_axis',(-2.96059473240347E-15,1.,-3.60105934230895E-19));
#3411=DIRECTION('ref_axis',(-1.,-2.96059473240347E-15,-1.12598239171384E-32));
#3412=DIRECTION('',(1.,2.96059473240347E-15,1.12598239171384E-32));
#3413=DIRECTION('center_axis',(-1.23259516491296E-32,3.60105934230884E-19,
1.));
#3414=DIRECTION('ref_axis',(-1.,-6.97316555398508E-26,-1.23259516491045E-32));
#3415=CARTESIAN_POINT('',(0.,0.,0.));
#3416=CARTESIAN_POINT('Origin',(12.9205017257284,-2.,40.2999999999998));
#3417=CARTESIAN_POINT('',(22.6061832351062,2.,40.2999999999998));
#3418=CARTESIAN_POINT('',(12.9205017257284,2.,40.2999999999998));
#3419=CARTESIAN_POINT('',(15.1178762942964,2.,40.2999999999998));
#3420=CARTESIAN_POINT('',(22.6061832351062,-2.,40.2999999999998));
#3421=CARTESIAN_POINT('',(22.6061832351062,-2.,40.2999999999998));
#3422=CARTESIAN_POINT('',(12.9205017257284,-2.,40.2999999999998));
#3423=CARTESIAN_POINT('',(15.1178762942964,-2.,40.2999999999998));
#3424=CARTESIAN_POINT('',(12.9205017257284,-2.,40.2999999999998));
#3425=CARTESIAN_POINT('Origin',(12.9205017257284,-2.,18.9550967758135));
#3426=CARTESIAN_POINT('',(12.9205017257284,2.,18.9550967758135));
#3427=CARTESIAN_POINT('',(12.9205017257284,2.,21.3775483879067));
#3428=CARTESIAN_POINT('',(12.9205017257284,-2.,18.9550967758135));
#3429=CARTESIAN_POINT('',(12.9205017257284,-2.,21.3775483879067));
#3430=CARTESIAN_POINT('',(12.9205017257284,-2.,18.9550967758135));
#3431=CARTESIAN_POINT('Origin',(22.6061832351062,-2.,40.2999999999998));
#3432=CARTESIAN_POINT('',(19.0500848193609,2.,32.4632177904802));
#3433=CARTESIAN_POINT('',(19.0500848193609,-2.,32.4632177904802));
#3434=CARTESIAN_POINT('Origin',(20.8100000000002,7.32747196252603E-14,57.2999999999998));
#3435=CARTESIAN_POINT('',(20.8100000000002,-10.195542190309,68.9097557526817));
#3436=CARTESIAN_POINT('',(20.8100000000002,-10.195542190309,70.2999999999997));
#3437=CARTESIAN_POINT('',(20.8100000000002,-10.195542190309,64.7999999999998));
#3438=CARTESIAN_POINT('',(20.8100000000002,-8.68578643762708,67.3999999999998));
#3439=CARTESIAN_POINT('',(20.8100000000002,-1.30647506531951,60.0206886276925));
#3440=CARTESIAN_POINT('',(20.8100000000002,-6.37945780969054,67.3999999999998));
#3441=CARTESIAN_POINT('',(20.8100000000002,-11.5000000000001,67.3999999999998));
#3442=CARTESIAN_POINT('',(20.8100000000002,-6.37945780969055,70.2999999999997));
#3443=CARTESIAN_POINT('',(20.8100000000002,-6.37945780969052,64.7999999999998));
#3444=CARTESIAN_POINT('',(20.8100000000002,-5.79289321881349,70.2999999999997));
#3445=CARTESIAN_POINT('Origin',(20.8100000000002,7.32747196252603E-14,57.2999999999998));
#3446=CARTESIAN_POINT('',(20.8100000000002,10.195542190309,70.2999999999998));
#3447=CARTESIAN_POINT('',(20.8100000000002,10.195542190309,68.909755752682));
#3448=CARTESIAN_POINT('',(20.8100000000002,10.195542190309,64.7999999999998));
#3449=CARTESIAN_POINT('',(20.8100000000002,6.37945780969055,70.2999999999998));
#3450=CARTESIAN_POINT('',(20.8100000000002,-5.79289321881349,70.2999999999997));
#3451=CARTESIAN_POINT('',(20.8100000000002,6.37945780969054,67.3999999999998));
#3452=CARTESIAN_POINT('',(20.8100000000002,6.37945780969053,64.7999999999998));
#3453=CARTESIAN_POINT('',(20.8100000000002,8.68578643762685,67.3999999999998));
#3454=CARTESIAN_POINT('',(20.8100000000002,-11.5000000000001,67.3999999999998));
#3455=CARTESIAN_POINT('',(20.8100000000002,5.43933982822011,64.1535533905931));
#3456=CARTESIAN_POINT('Origin',(25.7100000000002,11.5857864376268,70.2999999999998));
#3457=CARTESIAN_POINT('',(21.6655349214266,11.5857864376268,70.2999999999998));
#3458=CARTESIAN_POINT('',(22.4983983949853,12.9391895821598,71.6534031445328));
#3459=CARTESIAN_POINT('',(20.8100000000002,3.32005691182562,62.0342704741986));
#3460=CARTESIAN_POINT('',(20.8100000000002,0.0393398282200581,58.7535533905931));
#3461=CARTESIAN_POINT('',(25.7100000000002,3.32005691182562,62.0342704741986));
#3462=CARTESIAN_POINT('',(25.7100000000002,3.32005691182562,62.0342704741986));
#3463=CARTESIAN_POINT('',(25.7100000000002,11.5857864376268,70.2999999999998));
#3464=CARTESIAN_POINT('',(25.7100000000002,6.31433982822007,65.0285533905931));
#3465=CARTESIAN_POINT('',(25.7100000000002,11.5857864376268,70.2999999999998));
#3466=CARTESIAN_POINT('',(22.1677406941148,8.58578643762677,67.2999999999998));
#3467=CARTESIAN_POINT('',(23.7100000000002,8.58578643762677,67.2999999999998));
#3468=CARTESIAN_POINT('',(20.7100000000002,8.58578643762677,67.2999999999998));
#3469=CARTESIAN_POINT('',(23.7100000000002,11.0919578096905,69.8061713720635));
#3470=CARTESIAN_POINT('',(22.3414159546162,8.86800873594152,67.5822222983145));
#3471=CARTESIAN_POINT('',(23.7100000000002,11.9623292806427,70.6765428430157));
#3472=CARTESIAN_POINT('Origin',(25.7100000000002,-11.585786437627,70.2999999999997));
#3473=CARTESIAN_POINT('',(17.4848024186688,4.7920961206454,70.2999999999998));
#3474=CARTESIAN_POINT('',(25.7100000000002,-11.585786437627,70.2999999999997));
#3475=CARTESIAN_POINT('',(25.7100000000002,-11.5428932188135,70.2999999999997));
#3476=CARTESIAN_POINT('',(21.6655349214267,-11.585786437627,70.2999999999997));
#3477=CARTESIAN_POINT('',(25.7100000000002,-11.585786437627,70.2999999999997));
#3478=CARTESIAN_POINT('',(19.2432304757966,-7.64954171347806,70.2999999999997));
#3479=CARTESIAN_POINT('',(23.7100000000002,-11.0919578096905,70.2999999999997));
#3480=CARTESIAN_POINT('',(24.094888792501,-11.7174020975044,70.2999999999997));
#3481=CARTESIAN_POINT('',(23.7100000000002,11.0919578096905,70.2999999999998));
#3482=CARTESIAN_POINT('',(23.7100000000002,-0.24691431396822,70.2999999999997));
#3483=CARTESIAN_POINT('',(15.5106405447944,-2.23200130501881,70.2999999999997));
#3484=CARTESIAN_POINT('Origin',(25.7100000000002,-3.32005691182568,62.0342704741986));
#3485=CARTESIAN_POINT('',(18.3818712236278,-6.2498329287038,64.9640464910766));
#3486=CARTESIAN_POINT('',(25.7100000000002,-3.32005691182568,62.0342704741986));
#3487=CARTESIAN_POINT('',(25.7100000000002,-7.93147506531966,66.6456886276925));
#3488=CARTESIAN_POINT('',(20.8100000000002,-3.32005691182568,62.0342704741986));
#3489=CARTESIAN_POINT('',(25.7100000000002,-3.32005691182568,62.0342704741986));
#3490=CARTESIAN_POINT('',(20.8100000000002,-1.65647506531967,60.3706886276926));
#3491=CARTESIAN_POINT('',(23.7100000000002,-8.58578643762706,67.2999999999998));
#3492=CARTESIAN_POINT('',(22.167740694115,-8.58578643762706,67.2999999999998));
#3493=CARTESIAN_POINT('',(20.7100000000002,-8.58578643762707,67.2999999999998));
#3494=CARTESIAN_POINT('',(23.7100000000002,-11.0919578096905,69.8061713720632));
#3495=CARTESIAN_POINT('',(23.7100000000002,-2.28348561289683,60.9976991752698));
#3496=CARTESIAN_POINT('',(22.1811477494399,-8.60757290253006,67.3217864649028));
#3497=CARTESIAN_POINT('Origin',(25.7100000000002,1.63347596318766E-15,57.0365487830439));
#3498=CARTESIAN_POINT('Origin',(20.8100000000002,1.63347596318766E-15,57.0365487830439));
#3499=CARTESIAN_POINT('Origin',(25.7100000000002,1.63347596318766E-15,57.0365487830439));
#3500=CARTESIAN_POINT('Origin',(20.8100000000002,7.32747196252603E-14,57.2999999999998));
#3501=CARTESIAN_POINT('',(20.8100000000002,-13.0000000000001,67.2999999999998));
#3502=CARTESIAN_POINT('',(20.8100000000002,-11.6000000000001,67.2999999999998));
#3503=CARTESIAN_POINT('',(20.8100000000002,5.05778993566191E-14,67.2999999999998));
#3504=CARTESIAN_POINT('',(20.8100000000002,-13.0000000000002,45.7142135623729));
#3505=CARTESIAN_POINT('',(20.8100000000002,-13.0000000000001,51.5071067811864));
#3506=CARTESIAN_POINT('',(20.8100000000002,-11.5142135623732,47.1999999999999));
#3507=CARTESIAN_POINT('',(20.8100000000002,-2.85241423617069,55.8617993262024));
#3508=CARTESIAN_POINT('',(20.8100000000002,-11.6000000000002,47.1999999999999));
#3509=CARTESIAN_POINT('',(20.8100000000002,-11.5000000000002,47.1999999999999));
#3510=CARTESIAN_POINT('',(20.8100000000002,-11.6000000000002,47.1999999999999));
#3511=CARTESIAN_POINT('Origin',(25.7100000000002,-13.,68.8857864376265));
#3512=CARTESIAN_POINT('',(21.5599516135782,-11.4142135623733,67.2999999999998));
#3513=CARTESIAN_POINT('',(22.5358201905793,-13.,68.8857864376265));
#3514=CARTESIAN_POINT('',(21.2520013023764,-10.9137943066702,66.7995807442968));
#3515=CARTESIAN_POINT('',(20.8100000000002,-11.4142135623733,67.2999999999998));
#3516=CARTESIAN_POINT('',(20.7100000000002,-11.4142135623733,67.2999999999998));
#3517=CARTESIAN_POINT('',(20.8100000000002,-4.7788245833057,60.6646110209324));
#3518=CARTESIAN_POINT('',(20.8100000000002,-7.20355339059339,63.0893398282201));
#3519=CARTESIAN_POINT('',(25.7100000000002,-4.7788245833057,60.6646110209324));
#3520=CARTESIAN_POINT('',(25.7100000000002,-4.7788245833057,60.6646110209324));
#3521=CARTESIAN_POINT('',(25.7100000000002,-13.,68.8857864376265));
#3522=CARTESIAN_POINT('',(25.7100000000002,-13.4785533905934,69.3643398282199));
#3523=CARTESIAN_POINT('',(25.7100000000002,-13.,68.8857864376265));
#3524=CARTESIAN_POINT('Origin',(25.7100000000002,-4.99772169115479,53.7164918712183));
#3525=CARTESIAN_POINT('',(25.7100000000002,-13.0000000000002,45.7142135623729));
#3526=CARTESIAN_POINT('',(25.7100000000002,-13.0000000000002,45.7142135623729));
#3527=CARTESIAN_POINT('',(25.7100000000002,-4.99772169115478,53.7164918712183));
#3528=CARTESIAN_POINT('',(25.7100000000002,-1.97741423617073,56.7367993262023));
#3529=CARTESIAN_POINT('',(20.8100000000002,-4.99772169115478,53.7164918712183));
#3530=CARTESIAN_POINT('',(25.7100000000002,-4.99772169115478,53.7164918712183));
#3531=CARTESIAN_POINT('',(20.8100000000002,-8.25241423617074,50.4617993262023));
#3532=CARTESIAN_POINT('Origin',(25.7100000000002,1.63347596318766E-15,57.0365487830439));
#3533=CARTESIAN_POINT('Origin',(20.8100000000002,1.63347596318766E-15,57.0365487830439));
#3534=CARTESIAN_POINT('Origin',(25.7100000000002,1.63347596318766E-15,57.0365487830439));
#3535=CARTESIAN_POINT('Origin',(20.8100000000002,7.32747196252603E-14,57.2999999999998));
#3536=CARTESIAN_POINT('',(20.8100000000002,11.5999999999998,47.1999999999998));
#3537=CARTESIAN_POINT('',(20.8100000000002,11.5142135623735,47.1999999999999));
#3538=CARTESIAN_POINT('',(20.8100000000002,-11.5000000000002,47.1999999999999));
#3539=CARTESIAN_POINT('',(20.8100000000002,13.0000000000003,45.7142135623731));
#3540=CARTESIAN_POINT('',(20.8100000000002,6.85355339059348,51.8606601717797));
#3541=CARTESIAN_POINT('',(20.8100000000002,12.9999999999999,67.2999999999998));
#3542=CARTESIAN_POINT('',(20.8100000000002,13.,63.0928932188134));
#3543=CARTESIAN_POINT('',(20.8100000000002,11.5999999999999,67.2999999999998));
#3544=CARTESIAN_POINT('',(20.8100000000002,5.05778993566191E-14,67.2999999999998));
#3545=CARTESIAN_POINT('',(20.8100000000002,11.5999999999998,47.1999999999998));
#3546=CARTESIAN_POINT('Origin',(25.7100000000002,4.77882458330566,60.6646110209325));
#3547=CARTESIAN_POINT('',(22.5358201905792,12.9999999999999,68.8857864376267));
#3548=CARTESIAN_POINT('',(21.559951613578,11.414213562373,67.2999999999998));
#3549=CARTESIAN_POINT('',(21.1032595333868,10.6720889320623,66.5578753696891));
#3550=CARTESIAN_POINT('',(25.7100000000002,12.9999999999999,68.8857864376267));
#3551=CARTESIAN_POINT('',(25.7100000000002,12.9999999999999,68.8857864376267));
#3552=CARTESIAN_POINT('',(25.7100000000002,4.77882458330567,60.6646110209325));
#3553=CARTESIAN_POINT('',(25.7100000000002,3.61796568224604,59.5037521198729));
#3554=CARTESIAN_POINT('',(20.8100000000002,4.77882458330567,60.6646110209325));
#3555=CARTESIAN_POINT('',(25.7100000000002,4.77882458330567,60.6646110209325));
#3556=CARTESIAN_POINT('',(20.8100000000002,11.414213562373,67.2999999999998));
#3557=CARTESIAN_POINT('',(20.8100000000002,-2.65703431775398,53.2287521198729));
#3558=CARTESIAN_POINT('',(20.7100000000002,11.414213562373,67.2999999999998));
#3559=CARTESIAN_POINT('Origin',(25.7100000000002,13.0000000000003,45.7142135623731));
#3560=CARTESIAN_POINT('',(20.8100000000002,4.99772169115483,53.7164918712183));
#3561=CARTESIAN_POINT('',(20.8100000000002,6.50355339059332,52.2106601717799));
#3562=CARTESIAN_POINT('',(25.7100000000002,4.99772169115483,53.7164918712183));
#3563=CARTESIAN_POINT('',(25.7100000000002,4.99772169115483,53.7164918712183));
#3564=CARTESIAN_POINT('',(25.7100000000002,13.0000000000003,45.7142135623731));
#3565=CARTESIAN_POINT('',(25.7100000000002,0.228553390593333,58.4856601717797));
#3566=CARTESIAN_POINT('',(25.7100000000002,13.0000000000003,45.7142135623731));
#3567=CARTESIAN_POINT('Origin',(25.7100000000002,1.63347596318766E-15,57.0365487830439));
#3568=CARTESIAN_POINT('Origin',(20.8100000000002,1.63347596318766E-15,57.0365487830439));
#3569=CARTESIAN_POINT('Origin',(25.7100000000002,1.63347596318766E-15,57.0365487830439));
#3570=CARTESIAN_POINT('Origin',(20.8100000000002,7.32747196252603E-14,57.2999999999998));
#3571=CARTESIAN_POINT('',(20.8100000000002,8.68578643762729,47.1999999999999));
#3572=CARTESIAN_POINT('',(20.8100000000002,-8.68578643762705,47.1999999999999));
#3573=CARTESIAN_POINT('',(20.8100000000002,-11.5000000000002,47.1999999999999));
#3574=CARTESIAN_POINT('',(20.8100000000002,-11.5857864376271,44.2999999999998));
#3575=CARTESIAN_POINT('',(20.8100000000002,-5.43933982822029,50.4464466094066));
#3576=CARTESIAN_POINT('',(20.8100000000002,11.5857864376272,44.3));
#3577=CARTESIAN_POINT('',(20.8100000000002,5.79289321881363,44.2999999999998));
#3578=CARTESIAN_POINT('',(20.8100000000002,1.46047772835116,54.4253087092758));
#3579=CARTESIAN_POINT('Origin',(25.7100000000002,-11.5857864376271,44.2999999999998));
#3580=CARTESIAN_POINT('',(20.8100000000002,-3.62806223788865,52.2577241997382));
#3581=CARTESIAN_POINT('',(20.8100000000002,-10.8393398282203,45.0464466094066));
#3582=CARTESIAN_POINT('',(25.7100000000002,-3.62806223788865,52.2577241997382));
#3583=CARTESIAN_POINT('',(25.7100000000002,-3.62806223788865,52.2577241997382));
#3584=CARTESIAN_POINT('',(25.7100000000002,-11.5857864376271,44.2999999999998));
#3585=CARTESIAN_POINT('',(25.7100000000002,-4.56433982822033,51.3214466094066));
#3586=CARTESIAN_POINT('',(25.7100000000002,-11.5857864376271,44.2999999999998));
#3587=CARTESIAN_POINT('Origin',(25.7100000000002,11.5857864376272,44.2999999999997));
#3588=CARTESIAN_POINT('',(25.7100000000002,11.5857864376272,44.3));
#3589=CARTESIAN_POINT('',(25.7100000000002,0.042893218813504,44.2999999999998));
#3590=CARTESIAN_POINT('',(25.7100000000002,11.5857864376272,44.3));
#3591=CARTESIAN_POINT('Origin',(25.7100000000002,3.62806223788872,52.2577241997383));
#3592=CARTESIAN_POINT('',(25.7100000000002,3.62806223788872,52.2577241997383));
#3593=CARTESIAN_POINT('',(25.7100000000002,-5.16452227164899,61.0503087092757));
#3594=CARTESIAN_POINT('',(20.8100000000002,3.62806223788872,52.2577241997383));
#3595=CARTESIAN_POINT('',(25.7100000000002,3.62806223788872,52.2577241997383));
#3596=CARTESIAN_POINT('',(20.8100000000002,1.11047772835099,54.7753087092759));
#3597=CARTESIAN_POINT('Origin',(25.7100000000002,1.63347596318766E-15,57.0365487830439));
#3598=CARTESIAN_POINT('Origin',(20.8100000000002,1.63347596318766E-15,57.0365487830439));
#3599=CARTESIAN_POINT('Origin',(25.7100000000002,1.63347596318766E-15,57.0365487830439));
#3600=CARTESIAN_POINT('Origin',(15.7100000000002,0.,67.2999999999998));
#3601=CARTESIAN_POINT('',(23.7100000000002,-11.0919578096905,67.2999999999998));
#3602=CARTESIAN_POINT('',(20.1358291583525,-5.28393019201306,67.2999999999998));
#3603=CARTESIAN_POINT('',(23.7100000000002,5.54597890484525,67.2999999999998));
#3604=CARTESIAN_POINT('Origin',(23.7100000000002,11.0919578096905,72.2999999999998));
#3605=CARTESIAN_POINT('',(23.7100000000002,-11.0919578096905,72.2999999999998));
#3606=CARTESIAN_POINT('',(23.7100000000002,-11.0919578096905,72.2999999999998));
#3607=CARTESIAN_POINT('',(23.7100000000002,11.0919578096905,72.2999999999998));
#3608=CARTESIAN_POINT('',(23.7100000000002,-0.204021095154787,72.2999999999998));
#3609=CARTESIAN_POINT('',(23.7100000000002,11.0919578096905,72.2999999999998));
#3610=CARTESIAN_POINT('Origin',(23.7100000000002,11.0919578096905,72.2999999999998));
#3611=CARTESIAN_POINT('',(23.7100000000002,-11.0919578096905,72.2999999999998));
#3612=CARTESIAN_POINT('Origin',(16.8841798094214,0.,72.2999999999998));
#3613=CARTESIAN_POINT('',(16.8841798094214,2.22044604925031E-15,72.2999999999998));
#3614=CARTESIAN_POINT('',(12.783004899973,-6.6644092278537,72.2999999999998));
#3615=CARTESIAN_POINT('',(16.8841798094214,2.22044604925031E-15,67.3999999999998));
#3616=CARTESIAN_POINT('',(16.8841798094214,2.22044604925031E-15,72.2999999999998));
#3617=CARTESIAN_POINT('',(14.8568246424622,-3.29445214630864,67.3999999999998));
#3618=CARTESIAN_POINT('Origin',(16.8841798094214,0.,72.2999999999998));
#3619=CARTESIAN_POINT('',(23.7100000000002,11.0919578096905,67.2999999999998));
#3620=CARTESIAN_POINT('',(16.7229190630631,-0.26204871283221,67.2999999999998));
#3621=CARTESIAN_POINT('',(23.7100000000002,11.0919578096905,72.2999999999998));
#3622=CARTESIAN_POINT('Origin',(23.7100000000002,-11.0919578096905,72.2999999999998));
#3623=CARTESIAN_POINT('',(23.4027819480521,-10.5927284752749,67.3999999999998));
#3624=CARTESIAN_POINT('',(21.3289622055628,-7.22277139372983,72.2999999999998));
#3625=CARTESIAN_POINT('Origin',(22.5358201905791,-13.0000000000003,72.2999999999998));
#3626=CARTESIAN_POINT('',(25.7100000000002,-13.0000000000001,59.0071067811864));
#3627=CARTESIAN_POINT('',(8.88417980942124,-13.0000000000003,67.2999999999999));
#3628=CARTESIAN_POINT('',(19.1229100952896,-13.0000000000003,67.2999999999998));
#3629=CARTESIAN_POINT('',(8.88417980942124,-13.0000000000003,72.2999999999998));
#3630=CARTESIAN_POINT('',(8.88417980942124,-13.0000000000003,72.2999999999998));
#3631=CARTESIAN_POINT('',(22.5358201905791,-12.9999999999997,72.2999999999998));
#3632=CARTESIAN_POINT('',(14.1229100952897,-13.0000000000003,72.2999999999999));
#3633=CARTESIAN_POINT('',(22.5358201905791,-12.9999999999997,72.2999999999998));
#3634=CARTESIAN_POINT('Origin',(15.7100000000002,0.,67.2999999999998));
#3635=CARTESIAN_POINT('',(9.7457182709598,-11.6000000000001,67.2999999999999));
#3636=CARTESIAN_POINT('',(14.4850000000002,-11.6000000000001,67.2999999999998));
#3637=CARTESIAN_POINT('',(12.722919063063,-6.76204871283234,67.2999999999998));
#3638=CARTESIAN_POINT('Origin',(8.88417980942124,13.0000000000003,72.2999999999998));
#3639=CARTESIAN_POINT('',(25.7100000000002,12.9999999999999,70.5928932188135));
#3640=CARTESIAN_POINT('',(22.5358201905791,12.9999999999997,72.2999999999998));
#3641=CARTESIAN_POINT('',(22.5358201905791,12.9999999999997,72.2999999999998));
#3642=CARTESIAN_POINT('',(8.88417980942124,13.0000000000003,72.2999999999998));
#3643=CARTESIAN_POINT('',(7.29708990471118,13.0000000000003,72.2999999999998));
#3644=CARTESIAN_POINT('',(8.88417980942124,13.0000000000003,67.5999999999998));
#3645=CARTESIAN_POINT('',(8.88417980942124,13.0000000000003,72.2999999999998));
#3646=CARTESIAN_POINT('',(10.7600000000002,13.0000000000002,67.5999999999998));
#3647=CARTESIAN_POINT('',(9.82208990471067,13.0000000000002,67.5999999999998));
#3648=CARTESIAN_POINT('',(10.7600000000002,13.0000000000002,67.2999999999998));
#3649=CARTESIAN_POINT('',(10.7600000000003,13.0000000000002,59.6499999999998));
#3650=CARTESIAN_POINT('',(12.297089904711,13.0000000000001,67.2999999999998));
#3651=CARTESIAN_POINT('Origin',(15.7100000000002,0.,67.2999999999998));
#3652=CARTESIAN_POINT('',(20.8100000000002,10.195542190309,67.2999999999998));
#3653=CARTESIAN_POINT('',(20.8100000000002,-5.75000000000005,67.2999999999998));
#3654=CARTESIAN_POINT('',(18.6970809369374,6.76204871283199,67.2999999999998));
#3655=CARTESIAN_POINT('Origin',(22.5358201905791,12.9999999999997,72.2999999999998));
#3656=CARTESIAN_POINT('',(20.8100000000002,10.195542190309,67.3999999999998));
#3657=CARTESIAN_POINT('',(20.8100000000002,10.195542190309,59.7499999999998));
#3658=CARTESIAN_POINT('',(15.7100000000003,1.90804219030921,67.3999999999998));
#3659=CARTESIAN_POINT('',(16.8309865163366,3.72964527935556,67.3999999999998));
#3660=CARTESIAN_POINT('',(15.7100000000003,1.90804219030921,72.2999999999998));
#3661=CARTESIAN_POINT('',(15.7100000000003,1.90804219030921,72.2999999999998));
#3662=CARTESIAN_POINT('',(14.7571667738473,0.359688197810504,72.2999999999998));
#3663=CARTESIAN_POINT('Origin',(15.7100000000002,0.,67.2999999999998));
#3664=CARTESIAN_POINT('',(23.7100000000002,5.54597890484525,67.2999999999998));
#3665=CARTESIAN_POINT('Origin',(23.7100000000002,-11.0919578096905,72.2999999999998));
#3666=CARTESIAN_POINT('Origin',(23.7100000000002,11.0919578096905,72.2999999999998));
#3667=CARTESIAN_POINT('Origin',(15.7100000000003,-1.90804219030921,72.2999999999998));
#3668=CARTESIAN_POINT('',(15.7100000000003,-1.90804219030921,72.2999999999998));
#3669=CARTESIAN_POINT('',(16.4773038888584,-3.15491100970351,72.2999999999998));
#3670=CARTESIAN_POINT('',(15.7100000000003,-1.90804219030921,67.3999999999998));
#3671=CARTESIAN_POINT('',(15.7100000000003,-1.90804219030921,72.2999999999998));
#3672=CARTESIAN_POINT('',(20.8100000000002,-10.195542190309,67.3999999999998));
#3673=CARTESIAN_POINT('',(18.5511236313477,-6.52486809124858,67.3999999999998));
#3674=CARTESIAN_POINT('',(20.8100000000002,-10.195542190309,67.2999999999998));
#3675=CARTESIAN_POINT('',(20.8100000000002,-10.1955421903089,59.7499999999998));
#3676=CARTESIAN_POINT('',(15.2841708416481,-1.21606980798674,67.2999999999998));
#3677=CARTESIAN_POINT('Origin',(8.88417980942124,-13.0000000000003,72.2999999999998));
#3678=CARTESIAN_POINT('',(9.74571827095979,-11.6000000000001,67.3999999999998));
#3679=CARTESIAN_POINT('',(10.8568246424622,-9.79445214630877,67.3999999999998));
#3680=CARTESIAN_POINT('',(8.78300489997289,-13.1644092278538,72.2999999999999));
#3681=CARTESIAN_POINT('',(9.74571827095979,-11.6000000000001,64.7999999999998));
#3682=CARTESIAN_POINT('Origin',(15.7100000000002,0.,67.2999999999998));
#3683=CARTESIAN_POINT('',(20.8100000000002,-5.75000000000005,67.2999999999998));
#3684=CARTESIAN_POINT('Origin',(15.7100000000002,0.,67.2999999999998));
#3685=CARTESIAN_POINT('',(10.7600000000002,11.5999999999999,67.2999999999998));
#3686=CARTESIAN_POINT('',(10.7600000000002,7.49999999999996,67.2999999999998));
#3687=CARTESIAN_POINT('',(15.7100000000002,11.5999999999999,67.2999999999998));
#3688=CARTESIAN_POINT('Origin',(15.7100000000003,1.90804219030922,72.2999999999998));
#3689=CARTESIAN_POINT('',(10.7600000000002,9.95179219030946,67.3999999999998));
#3690=CARTESIAN_POINT('',(19.4027819480522,-4.09272847527504,67.3999999999998));
#3691=CARTESIAN_POINT('',(10.7600000000002,9.95179219030947,67.5999999999998));
#3692=CARTESIAN_POINT('',(10.7600000000003,9.95179219030937,59.6499999999998));
#3693=CARTESIAN_POINT('',(12.1083613471938,7.76070500111981,67.5999999999998));
#3694=CARTESIAN_POINT('',(17.3289622055629,-0.722771393729963,72.2999999999998));
#3695=CARTESIAN_POINT('Origin',(7.71000000000018,11.0919578096911,72.2999999999998));
#3696=CARTESIAN_POINT('',(14.5358201905793,0.,67.3999999999998));
#3697=CARTESIAN_POINT('',(10.7600000000002,6.13570780969104,67.3999999999998));
#3698=CARTESIAN_POINT('',(14.5511236313476,-0.0248680912484508,67.3999999999998));
#3699=CARTESIAN_POINT('',(14.5358201905793,0.,72.2999999999998));
#3700=CARTESIAN_POINT('',(14.5358201905793,0.,72.2999999999998));
#3701=CARTESIAN_POINT('',(7.71000000000018,11.0919578096911,72.2999999999998));
#3702=CARTESIAN_POINT('',(12.4773038888583,3.34508899029662,72.2999999999998));
#3703=CARTESIAN_POINT('',(7.71000000000018,11.0919578096911,67.5999999999998));
#3704=CARTESIAN_POINT('',(7.71000000000018,11.0919578096911,72.2999999999998));
#3705=CARTESIAN_POINT('',(10.7600000000002,6.13570780969104,67.5999999999998));
#3706=CARTESIAN_POINT('',(7.2567030304892,11.8285653851464,67.5999999999998));
#3707=CARTESIAN_POINT('',(10.7600000000003,6.13570780969094,59.6499999999999));
#3708=CARTESIAN_POINT('Origin',(7.71000000000018,-11.0919578096911,72.2999999999998));
#3709=CARTESIAN_POINT('',(7.71000000000018,3.99999999999987,67.3999999999998));
#3710=CARTESIAN_POINT('',(7.71000000000018,-11.0919578096911,67.3999999999998));
#3711=CARTESIAN_POINT('',(7.71000000000018,-11.2959789048456,67.3999999999998));
#3712=CARTESIAN_POINT('',(7.71000000000018,3.99999999999987,67.5999999999998));
#3713=CARTESIAN_POINT('',(7.71000000000018,3.99999999999987,64.7999999999998));
#3714=CARTESIAN_POINT('',(7.71000000000018,1.95402109515441,67.5999999999998));
#3715=CARTESIAN_POINT('',(7.71000000000018,-11.0919578096911,72.2999999999998));
#3716=CARTESIAN_POINT('',(7.71000000000018,-11.2959789048456,72.2999999999999));
#3717=CARTESIAN_POINT('',(7.71000000000018,-11.0919578096911,72.2999999999998));
#3718=CARTESIAN_POINT('Origin',(14.5358201905793,-2.22044604925031E-15,
72.2999999999998));
#3719=CARTESIAN_POINT('',(12.8309865163366,-2.77035472064431,67.3999999999998));
#3720=CARTESIAN_POINT('',(10.7571667738474,-6.14031180218937,72.2999999999998));
#3721=CARTESIAN_POINT('Origin',(20.8100000000002,-11.5000000000002,47.1999999999999));
#3722=CARTESIAN_POINT('',(20.8100000000002,-11.5000000000001,67.3999999999998));
#3723=CARTESIAN_POINT('',(20.8100000000002,-11.5000000000002,47.1999999999999));
#3724=CARTESIAN_POINT('',(20.8100000000002,-11.5000000000002,47.1999999999999));
#3725=CARTESIAN_POINT('',(20.8100000000002,-11.5000000000001,67.3999999999998));
#3726=CARTESIAN_POINT('',(20.8100000000002,-4.,57.0365487830439));
#3727=CARTESIAN_POINT('Origin',(20.8100000000002,-3.33066907387547E-15,
57.0365487830439));
#3728=CARTESIAN_POINT('Origin',(15.7100000000002,11.5999999999999,57.2999999999998));
#3729=CARTESIAN_POINT('',(10.7600000000003,11.5999999999998,47.1999999999998));
#3730=CARTESIAN_POINT('',(10.7600000000003,11.5999999999999,52.1499999999998));
#3731=CARTESIAN_POINT('',(20.8100000000002,11.5999999999998,47.1999999999998));
#3732=CARTESIAN_POINT('',(17.7100000000002,11.5999999999999,49.2999999999998));
#3733=CARTESIAN_POINT('Origin',(18.7100000000002,11.5999999999998,49.2999999999998));
#3734=CARTESIAN_POINT('',(17.7100000000002,11.5999999999999,65.2999999999998));
#3735=CARTESIAN_POINT('Origin',(18.7100000000002,11.5999999999999,65.2999999999998));
#3736=CARTESIAN_POINT('Origin',(10.7600000000003,14.9999999999999,46.9999999999998));
#3737=CARTESIAN_POINT('',(10.7600000000002,14.9999999999999,67.5999999999998));
#3738=CARTESIAN_POINT('',(10.7600000000002,14.9999999999999,67.5999999999998));
#3739=CARTESIAN_POINT('',(10.7600000000002,14.9999999999999,46.9999999999998));
#3740=CARTESIAN_POINT('',(10.7600000000003,14.9999999999999,52.1499999999998));
#3741=CARTESIAN_POINT('',(10.7600000000003,13.4,46.9999999999998));
#3742=CARTESIAN_POINT('',(10.7600000000002,14.9999999999999,46.9999999999998));
#3743=CARTESIAN_POINT('',(10.7600000000003,9.99999999999998,46.9999999999998));
#3744=CARTESIAN_POINT('',(10.7600000000002,14.9999999999999,46.9999999999998));
#3745=CARTESIAN_POINT('',(10.7600000000002,3.99999999999987,46.9999999999998));
#3746=CARTESIAN_POINT('',(10.7600000000002,14.9999999999999,46.9999999999998));
#3747=CARTESIAN_POINT('',(10.7600000000003,3.99999999999987,47.1999999999998));
#3748=CARTESIAN_POINT('',(10.7600000000002,3.99999999999987,67.5999999999998));
#3749=CARTESIAN_POINT('',(10.7600000000003,1.74999999999986,47.1999999999998));
#3750=CARTESIAN_POINT('Origin',(25.7100000000002,-3.33066907387547E-15,
57.0365487830439));
#3751=CARTESIAN_POINT('',(25.7100000000002,-4.,57.0365487830439));
#3752=CARTESIAN_POINT('Origin',(25.7100000000002,-3.33066907387547E-15,
57.0365487830439));
#3753=CARTESIAN_POINT('',(25.7100000000002,-4.,57.0365487830439));
#3754=CARTESIAN_POINT('Origin',(9.92050172572844,3.,31.3));
#3755=CARTESIAN_POINT('',(8.92050172572844,4.,5.3));
#3756=CARTESIAN_POINT('',(10.9205017257284,2.,9.70751705567031));
#3757=CARTESIAN_POINT('',(20.7067678987043,-7.78626617297586,31.2740845900304));
#3758=CARTESIAN_POINT('',(8.92050172572844,3.99999999999999,11.8));
#3759=CARTESIAN_POINT('',(8.92050172572844,4.,31.3));
#3760=CARTESIAN_POINT('',(8.92050172572844,3.99999999999999,21.8));
#3761=CARTESIAN_POINT('',(8.92050172572844,3.99999999999999,25.3));
#3762=CARTESIAN_POINT('',(8.92050172572844,4.,42.2999999999998));
#3763=CARTESIAN_POINT('',(8.92050172572844,4.,31.3));
#3764=CARTESIAN_POINT('',(10.9205017257284,2.,42.2999999999998));
#3765=CARTESIAN_POINT('',(17.4928762942964,-4.57237456856797,42.2999999999998));
#3766=CARTESIAN_POINT('',(10.9205017257284,2.,31.3));
#3767=CARTESIAN_POINT('Origin',(17.3152508628643,2.,23.7999999999999));
#3768=CARTESIAN_POINT('',(25.7100000000002,2.,42.2999999999998));
#3769=CARTESIAN_POINT('',(21.5126254314322,2.,42.2999999999998));
#3770=CARTESIAN_POINT('',(25.7100000000002,2.,42.2999999999998));
#3771=CARTESIAN_POINT('Origin',(25.7100000000002,-11.5000000000002,42.2999999999999));
#3772=CARTESIAN_POINT('',(8.92050172572845,9.99999999999998,42.2999999999998));
#3773=CARTESIAN_POINT('',(8.92050172572842,-10.7500000000001,42.2999999999999));
#3774=CARTESIAN_POINT('',(15.6537682665334,10.,42.2999999999998));
#3775=CARTESIAN_POINT('',(15.7100000000002,9.99999999999998,42.2999999999998));
#3776=CARTESIAN_POINT('',(15.6537682665334,13.4,42.2999999999998));
#3777=CARTESIAN_POINT('',(15.6537682665334,0.0999999999999076,42.2999999999998));
#3778=CARTESIAN_POINT('',(5.71000000000019,13.4,42.2999999999998));
#3779=CARTESIAN_POINT('',(15.7100000000002,13.4,42.2999999999998));
#3780=CARTESIAN_POINT('',(5.71000000000019,14.9999999999998,42.2999999999998));
#3781=CARTESIAN_POINT('',(5.71000000000018,-11.5000000000002,42.2999999999999));
#3782=CARTESIAN_POINT('',(25.7100000000002,14.9999999999998,42.2999999999998));
#3783=CARTESIAN_POINT('',(20.7100000000002,14.9999999999998,42.2999999999998));
#3784=CARTESIAN_POINT('',(25.7100000000002,-11.5000000000002,42.2999999999999));
#3785=CARTESIAN_POINT('Origin',(8.92050172572842,-10.,38.8));
#3786=CARTESIAN_POINT('',(8.92050172572844,7.99999999999999,21.8));
#3787=CARTESIAN_POINT('',(8.92050172572843,-3.00000000000001,21.8));
#3788=CARTESIAN_POINT('',(8.92050172572844,7.99999999999999,11.8));
#3789=CARTESIAN_POINT('',(8.92050172572844,7.99999999999999,30.3));
#3790=CARTESIAN_POINT('',(8.92050172572844,-1.00000000000001,11.8));
#3791=CARTESIAN_POINT('',(8.92050172572845,9.99999999999998,5.3));
#3792=CARTESIAN_POINT('',(8.92050172572844,4.99999999999998,5.3));
#3793=CARTESIAN_POINT('',(8.92050172572845,9.99999999999998,38.8));
#3794=CARTESIAN_POINT('Origin',(9.92050172572843,-3.,31.3));
#3795=CARTESIAN_POINT('',(8.92050172572843,-4.,42.2999999999998));
#3796=CARTESIAN_POINT('',(10.9205017257284,-2.,42.2999999999998));
#3797=CARTESIAN_POINT('',(11.7428762942963,-1.1776254314321,42.2999999999998));
#3798=CARTESIAN_POINT('',(8.92050172572843,-4.,5.3));
#3799=CARTESIAN_POINT('',(8.92050172572843,-4.,31.3));
#3800=CARTESIAN_POINT('',(10.9205017257284,-2.,9.7075170556703));
#3801=CARTESIAN_POINT('',(20.7067678987043,7.78626617297585,31.2740845900304));
#3802=CARTESIAN_POINT('',(10.9205017257284,-2.,31.3));
#3803=CARTESIAN_POINT('Origin',(25.7100000000002,-11.5000000000002,42.2999999999999));
#3804=CARTESIAN_POINT('',(25.7100000000002,-2.,42.2999999999998));
#3805=CARTESIAN_POINT('',(21.5126254314322,-2.,42.2999999999998));
#3806=CARTESIAN_POINT('',(25.7100000000002,-15.0000000000002,42.2999999999999));
#3807=CARTESIAN_POINT('',(25.7100000000002,-11.5000000000002,42.2999999999999));
#3808=CARTESIAN_POINT('',(5.71000000000018,-15.0000000000002,42.2999999999999));
#3809=CARTESIAN_POINT('',(25.7100000000002,-15.0000000000002,42.2999999999999));
#3810=CARTESIAN_POINT('',(5.71000000000018,-10.,42.2999999999999));
#3811=CARTESIAN_POINT('',(5.71000000000018,-11.5000000000002,42.2999999999999));
#3812=CARTESIAN_POINT('',(8.92050172572842,-10.,42.2999999999999));
#3813=CARTESIAN_POINT('',(5.1050000000001,-10.,42.2999999999999));
#3814=CARTESIAN_POINT('',(8.92050172572842,-10.7500000000001,42.2999999999999));
#3815=CARTESIAN_POINT('Origin',(17.3152508628643,-2.,23.7999999999999));
#3816=CARTESIAN_POINT('',(25.7100000000002,-2.,42.2999999999998));
#3817=CARTESIAN_POINT('Origin',(25.7100000000002,0.,42.2999999999998));
#3818=CARTESIAN_POINT('',(8.92050172572844,4.99999999999998,5.3));
#3819=CARTESIAN_POINT('',(25.7100000000002,-11.5000000000002,42.2999999999999));
#3820=CARTESIAN_POINT('Origin',(8.92050172572842,-10.,38.8));
#3821=CARTESIAN_POINT('',(8.92050172572842,-10.,5.3));
#3822=CARTESIAN_POINT('',(8.92050172572842,-10.,38.8));
#3823=CARTESIAN_POINT('',(8.92050172572844,4.99999999999998,5.3));
#3824=CARTESIAN_POINT('Origin',(5.71000000000019,13.4,46.9999999999998));
#3825=CARTESIAN_POINT('',(11.7100000000002,13.4,46.9999999999998));
#3826=CARTESIAN_POINT('',(5.71000000000019,13.4,46.9999999999998));
#3827=CARTESIAN_POINT('',(11.7100000000002,9.99999999999998,46.9999999999998));
#3828=CARTESIAN_POINT('',(11.7100000000002,9.99999999999998,46.9999999999998));
#3829=CARTESIAN_POINT('',(5.71000000000019,9.99999999999998,46.9999999999998));
#3830=CARTESIAN_POINT('Origin',(5.71000000000019,13.4,42.2999999999998));
#3831=CARTESIAN_POINT('',(5.71000000000019,13.4,46.9999999999998));
#3832=CARTESIAN_POINT('',(5.71000000000019,13.4,54.8499999999998));
#3833=CARTESIAN_POINT('',(12.3828968176716,13.4,46.1980728000947));
#3834=CARTESIAN_POINT('',(2.68500000000019,13.4,46.9999999999998));
#3835=CARTESIAN_POINT('Origin',(13.2205508827636,11.7,45.1997955586702));
#3836=CARTESIAN_POINT('',(13.907854589472,10.,44.3806988969971));
#3837=CARTESIAN_POINT('Origin',(5.71000000000018,-11.5000000000001,67.3999999999998));
#3838=CARTESIAN_POINT('',(5.71000000000019,14.9999999999999,46.9999999999998));
#3839=CARTESIAN_POINT('',(5.71000000000018,1.74999999999988,46.9999999999998));
#3840=CARTESIAN_POINT('',(5.71000000000019,14.9999999999999,49.7999999999998));
#3841=CARTESIAN_POINT('Origin',(-0.339999999999816,14.9999999999999,46.9999999999998));
#3842=CARTESIAN_POINT('',(-0.339999999999816,9.99999999999996,46.9999999999998));
#3843=CARTESIAN_POINT('',(2.68500000000019,9.99999999999998,46.9999999999998));
#3844=CARTESIAN_POINT('',(-0.339999999999816,3.99999999999987,46.9999999999998));
#3845=CARTESIAN_POINT('',(-0.339999999999816,14.9999999999999,46.9999999999998));
#3846=CARTESIAN_POINT('',(10.7600000000002,3.99999999999987,46.9999999999998));
#3847=CARTESIAN_POINT('Origin',(13.2600000000002,-11.6000000000001,57.2999999999999));
#3848=CARTESIAN_POINT('',(5.71000000000018,-11.6000000000002,47.1999999999999));
#3849=CARTESIAN_POINT('',(20.8100000000002,-11.6000000000002,47.1999999999999));
#3850=CARTESIAN_POINT('',(5.71000000000018,-11.6000000000001,67.3999999999998));
#3851=CARTESIAN_POINT('',(5.71000000000018,-11.6000000000001,64.7999999999999));
#3852=CARTESIAN_POINT('',(-12.2899999999998,-11.6000000000001,67.3999999999999));
#3853=CARTESIAN_POINT('',(17.7100000000002,-11.6000000000001,65.2999999999998));
#3854=CARTESIAN_POINT('Origin',(18.7100000000002,-11.6000000000001,65.2999999999998));
#3855=CARTESIAN_POINT('',(17.7100000000002,-11.6000000000002,49.2999999999999));
#3856=CARTESIAN_POINT('Origin',(18.7100000000002,-11.6000000000002,49.2999999999999));
#3857=CARTESIAN_POINT('Origin',(18.7100000000002,-15.0000000000002,49.2999999999999));
#3858=CARTESIAN_POINT('',(16.9600000000002,-15.0000000000002,49.2999999999999));
#3859=CARTESIAN_POINT('Origin',(18.7100000000002,-15.0000000000001,49.2999999999999));
#3860=CARTESIAN_POINT('',(16.9600000000002,-13.5000000000002,49.2999999999999));
#3861=CARTESIAN_POINT('',(16.9600000000002,-15.0000000000002,49.2999999999999));
#3862=CARTESIAN_POINT('Origin',(18.7100000000002,-13.5000000000002,49.2999999999999));
#3863=CARTESIAN_POINT('Origin',(18.7100000000002,-13.5000000000001,57.2999999999999));
#3864=CARTESIAN_POINT('',(17.7100000000002,-13.5000000000002,49.2999999999999));
#3865=CARTESIAN_POINT('Origin',(18.7100000000002,-13.5000000000002,49.2999999999999));
#3866=CARTESIAN_POINT('Origin',(18.7100000000002,-15.0000000000001,65.2999999999999));
#3867=CARTESIAN_POINT('',(16.9600000000002,-15.0000000000001,65.2999999999999));
#3868=CARTESIAN_POINT('Origin',(18.7100000000002,-15.0000000000001,65.2999999999999));
#3869=CARTESIAN_POINT('',(16.9600000000002,-13.5000000000001,65.2999999999999));
#3870=CARTESIAN_POINT('',(16.9600000000002,-15.0000000000001,65.2999999999999));
#3871=CARTESIAN_POINT('Origin',(18.7100000000002,-13.5000000000001,65.2999999999999));
#3872=CARTESIAN_POINT('Origin',(18.7100000000002,-13.5000000000001,57.2999999999999));
#3873=CARTESIAN_POINT('',(17.7100000000002,-13.5000000000001,65.2999999999999));
#3874=CARTESIAN_POINT('Origin',(18.7100000000002,-13.5000000000001,65.2999999999999));
#3875=CARTESIAN_POINT('Origin',(18.7100000000002,-11.5000000000001,65.2999999999998));
#3876=CARTESIAN_POINT('',(17.7100000000002,-11.5000000000001,65.2999999999998));
#3877=CARTESIAN_POINT('Origin',(18.7100000000002,-11.5000000000002,49.2999999999999));
#3878=CARTESIAN_POINT('',(17.7100000000002,-11.5000000000002,49.2999999999999));
#3879=CARTESIAN_POINT('Origin',(15.7100000000002,-15.0000000000001,57.2999999999999));
#3880=CARTESIAN_POINT('',(25.7100000000002,-15.0000000000001,72.2999999999999));
#3881=CARTESIAN_POINT('',(25.7100000000002,-15.0000000000001,72.2999999999999));
#3882=CARTESIAN_POINT('',(5.71000000000018,-15.0000000000001,72.2999999999999));
#3883=CARTESIAN_POINT('',(5.71000000000018,-15.0000000000001,72.2999999999999));
#3884=CARTESIAN_POINT('',(5.71000000000018,-15.0000000000002,42.2999999999999));
#3885=CARTESIAN_POINT('Origin',(8.92050172572844,3.99999999999999,11.8));
#3886=CARTESIAN_POINT('',(5.92050172572843,3.99999999999999,21.8));
#3887=CARTESIAN_POINT('',(5.92050172572843,3.99999999999999,11.8));
#3888=CARTESIAN_POINT('',(5.92050172572843,3.99999999999999,25.3));
#3889=CARTESIAN_POINT('',(8.92050172572844,3.99999999999999,21.8));
#3890=CARTESIAN_POINT('',(8.92050172572844,3.99999999999999,11.8));
#3891=CARTESIAN_POINT('Origin',(8.92050172572844,7.99999999999999,11.8));
#3892=CARTESIAN_POINT('',(5.92050172572843,7.99999999999999,11.8));
#3893=CARTESIAN_POINT('',(5.92050172572843,-1.00000000000001,11.8));
#3894=CARTESIAN_POINT('',(8.92050172572844,7.99999999999999,11.8));
#3895=CARTESIAN_POINT('Origin',(8.92050172572844,7.99999999999999,21.8));
#3896=CARTESIAN_POINT('',(5.92050172572843,7.99999999999999,21.8));
#3897=CARTESIAN_POINT('',(5.92050172572843,7.99999999999999,30.3));
#3898=CARTESIAN_POINT('',(8.92050172572844,7.99999999999999,21.8));
#3899=CARTESIAN_POINT('Origin',(8.92050172572844,3.99999999999999,21.8));
#3900=CARTESIAN_POINT('',(5.92050172572843,-3.00000000000001,21.8));
#3901=CARTESIAN_POINT('Origin',(10.7600000000002,14.9999999999999,67.5999999999998));
#3902=CARTESIAN_POINT('',(10.7600000000002,14.9999999999999,67.5999999999998));
#3903=CARTESIAN_POINT('',(5.71000000000018,3.99999999999987,67.5999999999998));
#3904=CARTESIAN_POINT('',(10.7600000000002,3.99999999999987,67.5999999999998));
#3905=CARTESIAN_POINT('',(5.71000000000019,14.9999999999999,67.5999999999998));
#3906=CARTESIAN_POINT('',(5.71000000000018,1.74999999999988,67.5999999999998));
#3907=CARTESIAN_POINT('',(13.2350000000002,14.9999999999999,67.5999999999998));
#3908=CARTESIAN_POINT('Origin',(5.2100000000002,3.99999999999987,57.2999999999998));
#3909=CARTESIAN_POINT('',(-0.339999999999816,3.99999999999987,47.1999999999998));
#3910=CARTESIAN_POINT('',(5.46000000000019,3.99999999999987,47.1999999999998));
#3911=CARTESIAN_POINT('',(-0.339999999999816,3.99999999999987,46.9999999999998));
#3912=CARTESIAN_POINT('Origin',(5.2100000000002,3.99999999999987,57.2999999999998));
#3913=CARTESIAN_POINT('',(5.71000000000018,3.99999999999987,67.3999999999998));
#3914=CARTESIAN_POINT('',(13.0100000000002,3.99999999999987,67.3999999999998));
#3915=CARTESIAN_POINT('',(5.71000000000018,3.99999999999987,62.3499999999998));
#3916=CARTESIAN_POINT('Origin',(-0.339999999999816,14.9999999999999,46.9999999999998));
#3917=CARTESIAN_POINT('',(7.68500000000019,14.9999999999998,46.9999999999998));
#3918=CARTESIAN_POINT('Origin',(-0.339999999999846,14.9999999999999,67.5999999999998));
#3919=CARTESIAN_POINT('',(-0.339999999999816,9.99999999999996,47.2));
#3920=CARTESIAN_POINT('',(-0.339999999999825,9.99999999999996,53.1999999999999));
#3921=CARTESIAN_POINT('',(-0.339999999999816,1.74999999999983,47.1999999999998));
#3922=CARTESIAN_POINT('Origin',(10.7600000000003,14.9999999999999,46.9999999999998));
#3923=CARTESIAN_POINT('',(10.7600000000002,1.7499999999999,67.3999999999998));
#3924=CARTESIAN_POINT('Origin',(15.7100000000002,14.9999999999999,57.2999999999998));
#3925=CARTESIAN_POINT('',(5.71000000000019,14.9999999999999,72.2999999999998));
#3926=CARTESIAN_POINT('',(5.71000000000019,14.9999999999999,49.7999999999998));
#3927=CARTESIAN_POINT('',(25.7100000000002,14.9999999999999,72.2999999999998));
#3928=CARTESIAN_POINT('',(10.7100000000002,14.9999999999999,72.2999999999998));
#3929=CARTESIAN_POINT('',(25.7100000000002,14.9999999999999,64.7999999999998));
#3930=CARTESIAN_POINT('',(16.9600000000002,14.9999999999998,49.2999999999998));
#3931=CARTESIAN_POINT('Origin',(18.7100000000002,14.9999999999999,49.2999999999998));
#3932=CARTESIAN_POINT('',(16.9600000000002,14.9999999999999,65.2999999999998));
#3933=CARTESIAN_POINT('Origin',(18.7100000000002,14.9999999999999,65.2999999999998));
#3934=CARTESIAN_POINT('Origin',(20.8100000000002,-11.5000000000001,67.3999999999998));
#3935=CARTESIAN_POINT('',(5.71000000000018,-11.5000000000001,67.3999999999998));
#3936=CARTESIAN_POINT('Origin',(5.71000000000018,-11.5000000000001,67.3999999999998));
#3937=CARTESIAN_POINT('',(5.71000000000018,-10.,47.2));
#3938=CARTESIAN_POINT('',(5.71000000000018,-10.,40.5499999999999));
#3939=CARTESIAN_POINT('',(5.71000000000018,-11.5000000000001,72.2999999999999));
#3940=CARTESIAN_POINT('',(5.71000000000018,-11.5000000000001,47.1999999999999));
#3941=CARTESIAN_POINT('Origin',(18.7100000000002,14.9999999999999,65.2999999999998));
#3942=CARTESIAN_POINT('',(16.9600000000002,13.4999999999999,65.2999999999998));
#3943=CARTESIAN_POINT('',(16.9600000000002,14.9999999999999,65.2999999999998));
#3944=CARTESIAN_POINT('Origin',(18.7100000000002,13.4999999999999,65.2999999999998));
#3945=CARTESIAN_POINT('Origin',(18.7100000000002,13.4999999999999,57.2999999999998));
#3946=CARTESIAN_POINT('',(17.7100000000002,13.4999999999999,65.2999999999998));
#3947=CARTESIAN_POINT('Origin',(18.7100000000002,13.4999999999999,65.2999999999998));
#3948=CARTESIAN_POINT('Origin',(18.7100000000002,14.9999999999998,49.2999999999998));
#3949=CARTESIAN_POINT('',(16.9600000000002,13.4999999999998,49.2999999999998));
#3950=CARTESIAN_POINT('',(16.9600000000002,14.9999999999998,49.2999999999998));
#3951=CARTESIAN_POINT('Origin',(18.7100000000002,13.4999999999998,49.2999999999998));
#3952=CARTESIAN_POINT('Origin',(18.7100000000002,13.4999999999999,57.2999999999998));
#3953=CARTESIAN_POINT('',(17.7100000000002,13.4999999999998,49.2999999999998));
#3954=CARTESIAN_POINT('Origin',(18.7100000000002,13.4999999999998,49.2999999999998));
#3955=CARTESIAN_POINT('Origin',(18.7100000000002,11.4999999999999,49.2999999999998));
#3956=CARTESIAN_POINT('',(17.7100000000002,11.4999999999999,49.2999999999998));
#3957=CARTESIAN_POINT('Origin',(18.7100000000002,11.4999999999999,65.2999999999998));
#3958=CARTESIAN_POINT('',(17.7100000000002,11.4999999999999,65.2999999999998));
#3959=CARTESIAN_POINT('Origin',(5.71000000000018,-11.5000000000002,47.1999999999999));
#3960=CARTESIAN_POINT('',(-15.5,10.,47.2));
#3961=CARTESIAN_POINT('',(5.92050172572843,9.99999999999998,47.2));
#3962=CARTESIAN_POINT('',(-15.5,-10.,47.2));
#3963=CARTESIAN_POINT('Origin',(-15.5,1.55926072862742E-17,47.2));
#3964=CARTESIAN_POINT('',(-15.5,-10.,47.2));
#3965=CARTESIAN_POINT('',(-13.75,6.00000000000005,47.2));
#3966=CARTESIAN_POINT('Origin',(-15.5,6.00000000000005,47.2));
#3967=CARTESIAN_POINT('',(-19.75,-2.22044604925031E-15,47.2));
#3968=CARTESIAN_POINT('Origin',(-21.5,-2.20485344238243E-15,47.2));
#3969=CARTESIAN_POINT('',(-7.74999999999993,-2.22044604925031E-15,47.2));
#3970=CARTESIAN_POINT('Origin',(-9.49999999999993,-2.20485344154565E-15,
47.2));
#3971=CARTESIAN_POINT('',(-13.75,-6.00000000000005,47.2));
#3972=CARTESIAN_POINT('Origin',(-15.5,-6.00000000000005,47.2));
#3973=CARTESIAN_POINT('',(-12.5000001974403,0.,47.2));
#3974=CARTESIAN_POINT('Origin',(-15.5,-1.09463041733888E-15,47.2));
#3975=CARTESIAN_POINT('Origin',(25.7100000000002,-11.5000000000001,72.2999999999999));
#3976=CARTESIAN_POINT('',(25.7100000000002,-11.5000000000001,72.2999999999999));
#3977=CARTESIAN_POINT('Origin',(5.71000000000018,-11.5000000000001,72.2999999999999));
#3978=CARTESIAN_POINT('Origin',(-15.5,-10.,38.8));
#3979=CARTESIAN_POINT('',(-15.5,-10.,38.8));
#3980=CARTESIAN_POINT('',(-15.5,-10.,38.8));
#3981=CARTESIAN_POINT('',(5.92050172572843,-10.,38.8));
#3982=CARTESIAN_POINT('',(-15.5,-10.,38.8));
#3983=CARTESIAN_POINT('',(5.92050172572843,-10.,9.8));
#3984=CARTESIAN_POINT('',(5.92050172572843,-10.,38.8));
#3985=CARTESIAN_POINT('',(-15.5,-10.,9.8));
#3986=CARTESIAN_POINT('',(0.315376294296324,-10.,9.8));
#3987=CARTESIAN_POINT('',(-15.5,-10.,5.3));
#3988=CARTESIAN_POINT('',(-15.5,-10.,9.8));
#3989=CARTESIAN_POINT('',(0.315376294296324,-10.,5.3));
#3990=CARTESIAN_POINT('Origin',(-15.5,6.00000000000005,5.30000000000001));
#3991=CARTESIAN_POINT('',(-13.75,6.00000000000005,5.30000000000001));
#3992=CARTESIAN_POINT('Origin',(-15.5,6.00000000000005,5.3));
#3993=CARTESIAN_POINT('',(-13.75,6.00000000000005,6.80000000000001));
#3994=CARTESIAN_POINT('',(-13.75,6.00000000000005,5.30000000000001));
#3995=CARTESIAN_POINT('Origin',(-15.5,6.00000000000005,6.80000000000001));
#3996=CARTESIAN_POINT('Origin',(-15.5,-1.20635487967346E-17,6.80000000000001));
#3997=CARTESIAN_POINT('',(-14.7,6.00000000000005,6.80000000000001));
#3998=CARTESIAN_POINT('Origin',(-15.5,6.00000000000005,6.80000000000001));
#3999=CARTESIAN_POINT('Origin',(-21.5,-2.2185374678832E-15,5.30000000000001));
#4000=CARTESIAN_POINT('',(-19.75,-2.00422427791038E-15,5.30000000000001));
#4001=CARTESIAN_POINT('Origin',(-21.5,-2.2185374678832E-15,5.3));
#4002=CARTESIAN_POINT('',(-19.75,-2.00368411900904E-15,6.80000000000001));
#4003=CARTESIAN_POINT('',(-19.75,-2.00422427791038E-15,5.30000000000001));
#4004=CARTESIAN_POINT('Origin',(-21.5,-2.21799730898186E-15,6.80000000000001));
#4005=CARTESIAN_POINT('Origin',(-15.5,-1.15233898953883E-17,6.80000000000001));
#4006=CARTESIAN_POINT('',(-20.7,2.28175847980677E-16,6.80000000000001));
#4007=CARTESIAN_POINT('Origin',(-21.5,3.36590663949376E-16,6.80000000000001));
#4008=CARTESIAN_POINT('Origin',(-9.49999999999993,-2.21853746704642E-15,
5.30000000000001));
#4009=CARTESIAN_POINT('',(-7.74999999999993,-2.00422427707361E-15,5.30000000000001));
#4010=CARTESIAN_POINT('Origin',(-9.49999999999993,-2.21853746704642E-15,
5.3));
#4011=CARTESIAN_POINT('',(-7.74999999999993,-2.00368411817226E-15,6.80000000000001));
#4012=CARTESIAN_POINT('',(-7.74999999999993,-2.00422427707361E-15,5.30000000000001));
#4013=CARTESIAN_POINT('Origin',(-9.49999999999993,-2.21799730814508E-15,
6.80000000000001));
#4014=CARTESIAN_POINT('Origin',(-15.5,-1.15233898953883E-17,6.80000000000001));
#4015=CARTESIAN_POINT('',(-8.69999999999993,-1.90487982412088E-15,6.80000000000001));
#4016=CARTESIAN_POINT('Origin',(-9.49999999999993,-1.79646500815219E-15,
6.80000000000001));
#4017=CARTESIAN_POINT('Origin',(-15.5,-6.00000000000005,5.30000000000001));
#4018=CARTESIAN_POINT('',(-13.75,-6.00000000000005,5.30000000000001));
#4019=CARTESIAN_POINT('Origin',(-15.5,-6.00000000000005,5.3));
#4020=CARTESIAN_POINT('',(-13.75,-6.00000000000005,6.80000000000001));
#4021=CARTESIAN_POINT('',(-13.75,-6.00000000000005,5.30000000000001));
#4022=CARTESIAN_POINT('Origin',(-15.5,-6.00000000000005,6.80000000000001));
#4023=CARTESIAN_POINT('Origin',(-15.5,-1.20635487967346E-17,6.80000000000001));
#4024=CARTESIAN_POINT('',(-14.7,-6.00000000000005,6.80000000000001));
#4025=CARTESIAN_POINT('Origin',(-15.5,-6.00000000000005,6.80000000000001));
#4026=CARTESIAN_POINT('Origin',(-15.5,6.00000000000005,43.3));
#4027=CARTESIAN_POINT('',(-13.75,6.00000000000005,41.8));
#4028=CARTESIAN_POINT('',(-13.75,6.00000000000005,43.3));
#4029=CARTESIAN_POINT('Origin',(-15.5,6.00000000000005,41.8));
#4030=CARTESIAN_POINT('Origin',(-15.5,1.62047670403897E-18,41.8));
#4031=CARTESIAN_POINT('',(-14.7,6.00000000000005,41.8));
#4032=CARTESIAN_POINT('Origin',(-15.5,6.00000000000005,41.8));
#4033=CARTESIAN_POINT('Origin',(-21.5,-2.20485344238243E-15,43.3));
#4034=CARTESIAN_POINT('',(-19.75,-2.41970679101253E-15,41.8));
#4035=CARTESIAN_POINT('',(-19.75,-2.41916663211119E-15,43.3));
#4036=CARTESIAN_POINT('Origin',(-21.5,-2.20539360128378E-15,41.8));
#4037=CARTESIAN_POINT('Origin',(-15.5,1.08031780269263E-18,41.8));
#4038=CARTESIAN_POINT('',(-20.7,4.36723043542335E-16,41.8));
#4039=CARTESIAN_POINT('Origin',(-21.5,3.38751299554761E-16,41.8));
#4040=CARTESIAN_POINT('Origin',(-9.49999999999993,-2.20485344154565E-15,
43.3));
#4041=CARTESIAN_POINT('',(-7.74999999999993,-2.41970679017575E-15,41.8));
#4042=CARTESIAN_POINT('',(-7.74999999999993,-2.41916663127441E-15,43.3));
#4043=CARTESIAN_POINT('Origin',(-9.49999999999993,-2.205393600447E-15,41.8));
#4044=CARTESIAN_POINT('Origin',(-15.5,1.08031780269263E-18,41.8));
#4045=CARTESIAN_POINT('',(-8.69999999999993,-1.69633262855923E-15,41.8));
#4046=CARTESIAN_POINT('Origin',(-9.49999999999993,-1.7943043725468E-15,
41.8));
#4047=CARTESIAN_POINT('Origin',(-15.5,-6.00000000000005,43.3));
#4048=CARTESIAN_POINT('',(-13.75,-6.00000000000005,41.8));
#4049=CARTESIAN_POINT('',(-13.75,-6.00000000000005,43.3));
#4050=CARTESIAN_POINT('Origin',(-15.5,-6.00000000000005,41.8));
#4051=CARTESIAN_POINT('Origin',(-15.5,1.62047670403897E-18,41.8));
#4052=CARTESIAN_POINT('',(-14.7,-6.00000000000005,41.8));
#4053=CARTESIAN_POINT('Origin',(-15.5,-6.00000000000005,41.8));
#4054=CARTESIAN_POINT('Origin',(5.92050172572843,-10.,38.8));
#4055=CARTESIAN_POINT('',(5.92050172572843,9.99999999999998,9.8));
#4056=CARTESIAN_POINT('',(5.92050172572843,-5.00000000000002,9.8));
#4057=CARTESIAN_POINT('',(5.92050172572843,9.99999999999998,38.8));
#4058=CARTESIAN_POINT('',(5.92050172572843,-5.00000000000002,38.8));
#4059=CARTESIAN_POINT('',(5.92050172572843,9.99999999999998,38.8));
#4060=CARTESIAN_POINT('Origin',(-15.5,6.00000000000005,9.8));
#4061=CARTESIAN_POINT('',(-14.7,6.00000000000005,9.8));
#4062=CARTESIAN_POINT('',(-14.7,6.00000000000005,9.8));
#4063=CARTESIAN_POINT('Origin',(-15.5,6.00000000000005,9.8));
#4064=CARTESIAN_POINT('Origin',(-9.49999999999993,-1.79538469034949E-15,
9.8));
#4065=CARTESIAN_POINT('',(-8.69999999999993,-1.8933564342255E-15,9.8));
#4066=CARTESIAN_POINT('',(-8.69999999999993,-1.8933564342255E-15,9.8));
#4067=CARTESIAN_POINT('Origin',(-9.49999999999993,-1.79538469034949E-15,
9.8));
#4068=CARTESIAN_POINT('Origin',(-15.5,-1.09625089404292E-15,9.8));
#4069=CARTESIAN_POINT('',(-12.5000001974403,-1.4652653861025E-15,5.3));
#4070=CARTESIAN_POINT('Origin',(-15.5,-1.09787137074696E-15,5.3));
#4071=CARTESIAN_POINT('',(-12.5000001974403,-1.46364490939847E-15,9.8));
#4072=CARTESIAN_POINT('',(-12.5000001974403,-1.46364490939847E-15,9.8));
#4073=CARTESIAN_POINT('Origin',(-15.5,-1.09625089404292E-15,9.8));
#4074=CARTESIAN_POINT('Origin',(-15.5,-6.00000000000005,9.8));
#4075=CARTESIAN_POINT('',(-14.7,-6.00000000000005,9.8));
#4076=CARTESIAN_POINT('',(-14.7,-6.00000000000005,9.8));
#4077=CARTESIAN_POINT('Origin',(-15.5,-6.00000000000005,9.8));
#4078=CARTESIAN_POINT('Origin',(-21.5,3.37670981752068E-16,9.8));
#4079=CARTESIAN_POINT('',(-20.7,2.39699237876065E-16,9.8));
#4080=CARTESIAN_POINT('',(-20.7,2.39699237876065E-16,9.8));
#4081=CARTESIAN_POINT('Origin',(-21.5,3.37670981752068E-16,9.8));
#4082=CARTESIAN_POINT('Origin',(-15.5,1.39721305822352E-17,9.8));
#4083=CARTESIAN_POINT('',(-15.5,10.,9.8));
#4084=CARTESIAN_POINT('Origin',(-15.5,1.39721305822352E-17,9.8));
#4085=CARTESIAN_POINT('',(-15.5,10.,5.3));
#4086=CARTESIAN_POINT('',(-15.5,10.,9.8));
#4087=CARTESIAN_POINT('Origin',(-15.5,1.23516538781962E-17,5.3));
#4088=CARTESIAN_POINT('Origin',(-8.28974913713577,-1.11126733183443E-14,
9.8));
#4089=CARTESIAN_POINT('',(-11.8948745685679,9.99999999999992,9.8));
#4090=CARTESIAN_POINT('Origin',(-8.28974913713577,-1.11142937950483E-14,
5.3));
#4091=CARTESIAN_POINT('',(-11.8948745685679,9.99999999999992,5.3));
#4092=CARTESIAN_POINT('Origin',(-15.5,-1.09625089404292E-15,38.8));
#4093=CARTESIAN_POINT('',(-12.5000001974403,-7.28856878268987E-16,38.8));
#4094=CARTESIAN_POINT('',(-12.5000001974403,-7.28856878268987E-16,38.8));
#4095=CARTESIAN_POINT('Origin',(-15.5,-1.09625089404292E-15,38.8));
#4096=CARTESIAN_POINT('Origin',(-15.5,6.00000000000005,38.8));
#4097=CARTESIAN_POINT('',(-14.7,6.00000000000005,38.8));
#4098=CARTESIAN_POINT('',(-14.7,6.00000000000005,38.8));
#4099=CARTESIAN_POINT('Origin',(-15.5,6.00000000000005,38.8));
#4100=CARTESIAN_POINT('Origin',(-21.5,3.37670981752068E-16,38.8));
#4101=CARTESIAN_POINT('',(-20.7,4.35642725739642E-16,38.8));
#4102=CARTESIAN_POINT('',(-20.7,4.35642725739642E-16,38.8));
#4103=CARTESIAN_POINT('Origin',(-21.5,3.37670981752068E-16,38.8));
#4104=CARTESIAN_POINT('Origin',(-15.5,-6.00000000000005,38.8));
#4105=CARTESIAN_POINT('',(-14.7,-6.00000000000005,38.8));
#4106=CARTESIAN_POINT('',(-14.7,-6.00000000000005,38.8));
#4107=CARTESIAN_POINT('Origin',(-15.5,-6.00000000000005,38.8));
#4108=CARTESIAN_POINT('Origin',(-9.49999999999993,-1.79538469034949E-15,
38.8));
#4109=CARTESIAN_POINT('',(-8.69999999999993,-1.69741294636192E-15,38.8));
#4110=CARTESIAN_POINT('',(-8.69999999999993,-1.69741294636192E-15,38.8));
#4111=CARTESIAN_POINT('Origin',(-9.49999999999993,-1.79538469034949E-15,
38.8));
#4112=CARTESIAN_POINT('Origin',(-15.5,1.39721305822352E-17,38.8));
#4113=CARTESIAN_POINT('',(-15.5,10.,38.8));
#4114=CARTESIAN_POINT('Origin',(-15.5,1.39721305822352E-17,38.8));
#4115=CARTESIAN_POINT('',(-15.5,10.,38.8));
#4116=CARTESIAN_POINT('Origin',(8.92050172572845,9.99999999999998,38.8));
#4117=CARTESIAN_POINT('',(5.92050172572843,9.99999999999998,38.8));
#4118=CARTESIAN_POINT('Origin',(-8.28974913713577,-1.10882581151665E-14,
38.8));
#4119=UNCERTAINTY_MEASURE_WITH_UNIT(LENGTH_MEASURE(0.01),#4123,
'DISTANCE_ACCURACY_VALUE',
'Maximum model space distance between geometric entities at asserted c
onnectivities');
#4120=UNCERTAINTY_MEASURE_WITH_UNIT(LENGTH_MEASURE(0.01),#4123,
'DISTANCE_ACCURACY_VALUE',
'Maximum model space distance between geometric entities at asserted c
onnectivities');
#4121=(
GEOMETRIC_REPRESENTATION_CONTEXT(3)
GLOBAL_UNCERTAINTY_ASSIGNED_CONTEXT((#4119))
GLOBAL_UNIT_ASSIGNED_CONTEXT((#4123,#4125,#4126))
REPRESENTATION_CONTEXT('','3D')
);
#4122=(
GEOMETRIC_REPRESENTATION_CONTEXT(3)
GLOBAL_UNCERTAINTY_ASSIGNED_CONTEXT((#4120))
GLOBAL_UNIT_ASSIGNED_CONTEXT((#4123,#4125,#4126))
REPRESENTATION_CONTEXT('','3D')
);
#4123=(
LENGTH_UNIT()
NAMED_UNIT(*)
SI_UNIT(.MILLI.,.METRE.)
);
#4124=(
LENGTH_UNIT()
NAMED_UNIT(*)
SI_UNIT($,.METRE.)
);
#4125=(
NAMED_UNIT(*)
PLANE_ANGLE_UNIT()
SI_UNIT($,.RADIAN.)
);
#4126=(
NAMED_UNIT(*)
SI_UNIT($,.STERADIAN.)
SOLID_ANGLE_UNIT()
);
#4127=SHAPE_DEFINITION_REPRESENTATION(#4128,#4129);
#4128=PRODUCT_DEFINITION_SHAPE('',$,#4131);
#4129=SHAPE_REPRESENTATION('',(#2553),#4121);
#4130=PRODUCT_DEFINITION_CONTEXT('part definition',#4135,'design');
#4131=PRODUCT_DEFINITION('L1','L1',#4132,#4130);
#4132=PRODUCT_DEFINITION_FORMATION('',$,#4137);
#4133=PRODUCT_RELATED_PRODUCT_CATEGORY('L1','L1',(#4137));
#4134=APPLICATION_PROTOCOL_DEFINITION('international standard',
'automotive_design',2009,#4135);
#4135=APPLICATION_CONTEXT(
'Core Data for Automotive Mechanical Design Process');
#4136=PRODUCT_CONTEXT('part definition',#4135,'mechanical');
#4137=PRODUCT('L1','L1',$,(#4136));
#4138=PRESENTATION_STYLE_ASSIGNMENT((#4140));
#4139=PRESENTATION_STYLE_ASSIGNMENT((#4141));
#4140=SURFACE_STYLE_USAGE(.BOTH.,#4142);
#4141=SURFACE_STYLE_USAGE(.BOTH.,#4143);
#4142=SURFACE_SIDE_STYLE('',(#4144));
#4143=SURFACE_SIDE_STYLE('',(#4145));
#4144=SURFACE_STYLE_FILL_AREA(#4146);
#4145=SURFACE_STYLE_FILL_AREA(#4147);
#4146=FILL_AREA_STYLE('Nylon 6-6 (White)',(#4148));
#4147=FILL_AREA_STYLE('ABS (White)',(#4149));
#4148=FILL_AREA_STYLE_COLOUR('Nylon 6-6 (White)',#4150);
#4149=FILL_AREA_STYLE_COLOUR('ABS (White)',#4151);
#4150=COLOUR_RGB('Nylon 6-6 (White)',0.972549019607843,0.968627450980392,
0.929411764705882);
#4151=COLOUR_RGB('ABS (White)',0.964705882352941,0.964705882352941,0.952941176470588);
ENDSEC;
END-ISO-10303-21;
