ISO-10303-21;
HEADER;
/* Generated by software containing ST-Developer
 * from STEP Tools, Inc. (www.steptools.com) 
 */

FILE_DESCRIPTION(
/* description */ (''),
/* implementation_level */ '2;1');

FILE_NAME(
/* name */ 'L2.step',
/* time_stamp */ '2026-05-30T14:32:34+02:00',
/* author */ (''),
/* organization */ (''),
/* preprocessor_version */ 'ST-DEVELOPER v20.1',
/* originating_system */ 'Autodesk Translation Framework v15.8.0.0',
/* authorisation */ '');

FILE_SCHEMA (('AUTOMOTIVE_DESIGN { 1 0 10303 214 3 1 1 }'));
ENDSEC;

DATA;
#10=MECHANICAL_DESIGN_GEOMETRIC_PRESENTATION_REPRESENTATION('',(#13),#6897);
#11=SHAPE_REPRESENTATION_RELATIONSHIP('SRR','None',#6904,#12);
#12=ADVANCED_BREP_SHAPE_REPRESENTATION('',(#14),#6896);
#13=STYLED_ITEM('',(#6913),#14);
#14=MANIFOLD_SOLID_BREP('Body1',#4307);
#15=CYLINDRICAL_SURFACE('',#4474,2.5);
#16=CYLINDRICAL_SURFACE('',#4476,2.5);
#17=CYLINDRICAL_SURFACE('',#4477,2.5);
#18=CYLINDRICAL_SURFACE('',#4480,2.5);
#19=CYLINDRICAL_SURFACE('',#4484,1.75);
#20=CYLINDRICAL_SURFACE('',#4487,1.75);
#21=CYLINDRICAL_SURFACE('',#4490,1.75);
#22=CYLINDRICAL_SURFACE('',#4493,1.75);
#23=CYLINDRICAL_SURFACE('',#4504,0.800000000000002);
#24=CYLINDRICAL_SURFACE('',#4506,0.800000000000002);
#25=CYLINDRICAL_SURFACE('',#4508,0.800000000000002);
#26=CYLINDRICAL_SURFACE('',#4510,3.);
#27=CYLINDRICAL_SURFACE('',#4513,0.800000000000002);
#28=CYLINDRICAL_SURFACE('',#4515,9.00000000000001);
#29=CYLINDRICAL_SURFACE('',#4519,1.75);
#30=CYLINDRICAL_SURFACE('',#4521,1.75);
#31=CYLINDRICAL_SURFACE('',#4523,1.75);
#32=CYLINDRICAL_SURFACE('',#4525,1.75);
#33=CYLINDRICAL_SURFACE('',#4535,0.800000000000002);
#34=CYLINDRICAL_SURFACE('',#4537,0.800000000000002);
#35=CYLINDRICAL_SURFACE('',#4539,0.800000000000002);
#36=CYLINDRICAL_SURFACE('',#4541,3.);
#37=CYLINDRICAL_SURFACE('',#4543,0.800000000000002);
#38=CYLINDRICAL_SURFACE('',#4545,9.00000000000001);
#39=CYLINDRICAL_SURFACE('',#4548,9.00000000000001);
#40=CYLINDRICAL_SURFACE('',#4551,1.75);
#41=CYLINDRICAL_SURFACE('',#4554,1.75);
#42=CYLINDRICAL_SURFACE('',#4557,1.75);
#43=CYLINDRICAL_SURFACE('',#4560,1.75);
#44=CYLINDRICAL_SURFACE('',#4573,0.800000000000005);
#45=CYLINDRICAL_SURFACE('',#4575,0.800000000000001);
#46=CYLINDRICAL_SURFACE('',#4577,0.800000000000002);
#47=CYLINDRICAL_SURFACE('',#4579,3.);
#48=CYLINDRICAL_SURFACE('',#4581,0.799999999999998);
#49=CYLINDRICAL_SURFACE('',#4584,9.00000000000001);
#50=CYLINDRICAL_SURFACE('',#4586,1.75);
#51=CYLINDRICAL_SURFACE('',#4588,1.75);
#52=CYLINDRICAL_SURFACE('',#4590,1.75);
#53=CYLINDRICAL_SURFACE('',#4592,1.75);
#54=CYLINDRICAL_SURFACE('',#4603,0.800000000000005);
#55=CYLINDRICAL_SURFACE('',#4605,0.800000000000001);
#56=CYLINDRICAL_SURFACE('',#4607,0.800000000000002);
#57=CYLINDRICAL_SURFACE('',#4609,3.);
#58=CYLINDRICAL_SURFACE('',#4611,0.799999999999998);
#59=ELLIPSE('',#4449,2.53856652971438,2.5);
#60=ELLIPSE('',#4450,2.53856652971438,2.5);
#61=ELLIPSE('',#4451,2.53856652971438,2.5);
#62=ELLIPSE('',#4452,2.53856652971438,2.5);
#63=CIRCLE('',#4329,9.00000000000001);
#64=CIRCLE('',#4330,9.00000000000001);
#65=CIRCLE('',#4336,9.00000000000001);
#66=CIRCLE('',#4337,9.00000000000001);
#67=CIRCLE('',#4338,1.75);
#68=CIRCLE('',#4339,3.);
#69=CIRCLE('',#4340,1.75);
#70=CIRCLE('',#4341,1.75);
#71=CIRCLE('',#4342,1.75);
#72=CIRCLE('',#4343,1.75);
#73=CIRCLE('',#4344,3.);
#74=CIRCLE('',#4345,1.75);
#75=CIRCLE('',#4346,1.75);
#76=CIRCLE('',#4347,1.75);
#77=CIRCLE('',#4349,9.00000000000001);
#78=CIRCLE('',#4350,9.00000000000001);
#79=CIRCLE('',#4355,2.5);
#80=CIRCLE('',#4356,2.5);
#81=CIRCLE('',#4357,2.5);
#82=CIRCLE('',#4358,2.5);
#83=CIRCLE('',#4485,1.75);
#84=CIRCLE('',#4486,1.75);
#85=CIRCLE('',#4488,1.75);
#86=CIRCLE('',#4489,1.75);
#87=CIRCLE('',#4491,1.75);
#88=CIRCLE('',#4492,1.75);
#89=CIRCLE('',#4494,1.75);
#90=CIRCLE('',#4495,1.75);
#91=CIRCLE('',#4497,0.800000000000002);
#92=CIRCLE('',#4499,0.800000000000002);
#93=CIRCLE('',#4501,0.800000000000002);
#94=CIRCLE('',#4503,0.800000000000002);
#95=CIRCLE('',#4505,0.800000000000002);
#96=CIRCLE('',#4507,0.800000000000002);
#97=CIRCLE('',#4509,0.800000000000002);
#98=CIRCLE('',#4511,3.);
#99=CIRCLE('',#4512,3.);
#100=CIRCLE('',#4514,0.800000000000002);
#101=CIRCLE('',#4516,9.00000000000001);
#102=CIRCLE('',#4517,9.00000000000001);
#103=CIRCLE('',#4520,1.75);
#104=CIRCLE('',#4522,1.75);
#105=CIRCLE('',#4524,1.75);
#106=CIRCLE('',#4526,1.75);
#107=CIRCLE('',#4528,0.800000000000002);
#108=CIRCLE('',#4530,0.800000000000002);
#109=CIRCLE('',#4532,0.800000000000002);
#110=CIRCLE('',#4534,0.800000000000002);
#111=CIRCLE('',#4536,0.800000000000002);
#112=CIRCLE('',#4538,0.800000000000002);
#113=CIRCLE('',#4540,0.800000000000002);
#114=CIRCLE('',#4542,3.);
#115=CIRCLE('',#4544,0.800000000000002);
#116=CIRCLE('',#4546,9.00000000000001);
#117=CIRCLE('',#4549,9.00000000000001);
#118=CIRCLE('',#4550,9.00000000000001);
#119=CIRCLE('',#4552,1.75);
#120=CIRCLE('',#4553,1.75);
#121=CIRCLE('',#4555,1.75);
#122=CIRCLE('',#4556,1.75);
#123=CIRCLE('',#4558,1.75);
#124=CIRCLE('',#4559,1.75);
#125=CIRCLE('',#4561,1.75);
#126=CIRCLE('',#4562,1.75);
#127=CIRCLE('',#4564,3.);
#128=CIRCLE('',#4566,0.800000000000001);
#129=CIRCLE('',#4568,0.800000000000005);
#130=CIRCLE('',#4570,0.799999999999998);
#131=CIRCLE('',#4572,0.800000000000002);
#132=CIRCLE('',#4574,0.800000000000005);
#133=CIRCLE('',#4576,0.800000000000001);
#134=CIRCLE('',#4578,0.800000000000002);
#135=CIRCLE('',#4580,3.);
#136=CIRCLE('',#4582,0.799999999999998);
#137=CIRCLE('',#4585,9.00000000000001);
#138=CIRCLE('',#4587,1.75);
#139=CIRCLE('',#4589,1.75);
#140=CIRCLE('',#4591,1.75);
#141=CIRCLE('',#4593,1.75);
#142=CIRCLE('',#4596,0.800000000000001);
#143=CIRCLE('',#4598,0.800000000000005);
#144=CIRCLE('',#4600,0.799999999999998);
#145=CIRCLE('',#4602,0.800000000000002);
#146=CIRCLE('',#4604,0.800000000000005);
#147=CIRCLE('',#4606,0.800000000000001);
#148=CIRCLE('',#4608,0.800000000000002);
#149=CIRCLE('',#4610,3.);
#150=CIRCLE('',#4612,0.799999999999998);
#151=FACE_BOUND('',#460,.T.);
#152=FACE_BOUND('',#466,.T.);
#153=FACE_BOUND('',#467,.T.);
#154=FACE_BOUND('',#468,.T.);
#155=FACE_BOUND('',#469,.T.);
#156=FACE_BOUND('',#470,.T.);
#157=FACE_BOUND('',#471,.T.);
#158=FACE_BOUND('',#472,.T.);
#159=FACE_BOUND('',#478,.T.);
#160=FACE_BOUND('',#479,.T.);
#161=FACE_BOUND('',#480,.T.);
#162=FACE_BOUND('',#481,.T.);
#163=FACE_BOUND('',#482,.T.);
#164=FACE_BOUND('',#483,.T.);
#165=FACE_BOUND('',#484,.T.);
#166=FACE_BOUND('',#485,.T.);
#167=FACE_BOUND('',#486,.T.);
#168=FACE_BOUND('',#487,.T.);
#169=FACE_BOUND('',#488,.T.);
#170=FACE_BOUND('',#489,.T.);
#171=FACE_BOUND('',#490,.T.);
#172=FACE_BOUND('',#491,.T.);
#173=FACE_BOUND('',#492,.T.);
#174=FACE_BOUND('',#493,.T.);
#175=FACE_BOUND('',#494,.T.);
#176=FACE_BOUND('',#495,.T.);
#177=FACE_BOUND('',#496,.T.);
#178=FACE_BOUND('',#497,.T.);
#179=FACE_BOUND('',#498,.T.);
#180=FACE_BOUND('',#499,.T.);
#181=FACE_BOUND('',#500,.T.);
#182=FACE_BOUND('',#501,.T.);
#183=FACE_BOUND('',#503,.T.);
#184=FACE_BOUND('',#504,.T.);
#185=FACE_BOUND('',#505,.T.);
#186=FACE_BOUND('',#506,.T.);
#187=FACE_BOUND('',#507,.T.);
#188=FACE_BOUND('',#508,.T.);
#189=FACE_BOUND('',#509,.T.);
#190=FACE_BOUND('',#514,.T.);
#191=FACE_BOUND('',#515,.T.);
#192=FACE_BOUND('',#516,.T.);
#193=FACE_BOUND('',#517,.T.);
#194=FACE_BOUND('',#608,.T.);
#195=FACE_BOUND('',#609,.T.);
#196=FACE_BOUND('',#610,.T.);
#197=FACE_BOUND('',#641,.T.);
#198=FACE_BOUND('',#648,.T.);
#199=FACE_BOUND('',#650,.T.);
#200=FACE_BOUND('',#652,.T.);
#201=FACE_BOUND('',#654,.T.);
#202=FACE_BOUND('',#662,.T.);
#203=FACE_BOUND('',#663,.T.);
#204=FACE_BOUND('',#664,.T.);
#205=FACE_BOUND('',#665,.T.);
#206=FACE_BOUND('',#666,.T.);
#207=FACE_BOUND('',#672,.T.);
#208=FACE_BOUND('',#674,.T.);
#209=FACE_BOUND('',#676,.T.);
#210=FACE_BOUND('',#678,.T.);
#211=FACE_BOUND('',#686,.T.);
#212=FACE_BOUND('',#687,.T.);
#213=FACE_BOUND('',#688,.T.);
#214=FACE_BOUND('',#689,.T.);
#215=FACE_BOUND('',#690,.T.);
#216=FACE_BOUND('',#697,.T.);
#217=FACE_BOUND('',#698,.T.);
#218=FACE_BOUND('',#699,.T.);
#219=FACE_BOUND('',#700,.T.);
#220=FACE_BOUND('',#701,.T.);
#221=FACE_BOUND('',#702,.T.);
#222=FACE_BOUND('',#703,.T.);
#223=FACE_BOUND('',#704,.T.);
#224=FACE_BOUND('',#705,.T.);
#225=FACE_BOUND('',#706,.T.);
#226=FACE_BOUND('',#707,.T.);
#227=FACE_BOUND('',#708,.T.);
#228=FACE_BOUND('',#709,.T.);
#229=FACE_BOUND('',#710,.T.);
#230=FACE_BOUND('',#711,.T.);
#231=FACE_BOUND('',#712,.T.);
#232=FACE_BOUND('',#713,.T.);
#233=FACE_BOUND('',#714,.T.);
#234=FACE_BOUND('',#715,.T.);
#235=FACE_BOUND('',#716,.T.);
#236=FACE_BOUND('',#717,.T.);
#237=FACE_BOUND('',#718,.T.);
#238=FACE_BOUND('',#720,.T.);
#239=FACE_BOUND('',#722,.T.);
#240=FACE_BOUND('',#724,.T.);
#241=FACE_BOUND('',#726,.T.);
#242=FACE_BOUND('',#733,.T.);
#243=FACE_BOUND('',#734,.T.);
#244=FACE_BOUND('',#735,.T.);
#245=FACE_BOUND('',#736,.T.);
#246=FACE_BOUND('',#737,.T.);
#247=FACE_BOUND('',#745,.T.);
#248=FACE_BOUND('',#747,.T.);
#249=FACE_BOUND('',#749,.T.);
#250=FACE_BOUND('',#751,.T.);
#251=FACE_BOUND('',#758,.T.);
#252=FACE_BOUND('',#759,.T.);
#253=FACE_BOUND('',#760,.T.);
#254=FACE_BOUND('',#761,.T.);
#255=FACE_BOUND('',#762,.T.);
#256=FACE_OUTER_BOUND('',#457,.T.);
#257=FACE_OUTER_BOUND('',#458,.T.);
#258=FACE_OUTER_BOUND('',#459,.T.);
#259=FACE_OUTER_BOUND('',#461,.T.);
#260=FACE_OUTER_BOUND('',#462,.T.);
#261=FACE_OUTER_BOUND('',#463,.T.);
#262=FACE_OUTER_BOUND('',#464,.T.);
#263=FACE_OUTER_BOUND('',#465,.T.);
#264=FACE_OUTER_BOUND('',#473,.T.);
#265=FACE_OUTER_BOUND('',#474,.T.);
#266=FACE_OUTER_BOUND('',#475,.T.);
#267=FACE_OUTER_BOUND('',#476,.T.);
#268=FACE_OUTER_BOUND('',#477,.T.);
#269=FACE_OUTER_BOUND('',#502,.T.);
#270=FACE_OUTER_BOUND('',#510,.T.);
#271=FACE_OUTER_BOUND('',#511,.T.);
#272=FACE_OUTER_BOUND('',#512,.T.);
#273=FACE_OUTER_BOUND('',#513,.T.);
#274=FACE_OUTER_BOUND('',#518,.T.);
#275=FACE_OUTER_BOUND('',#519,.T.);
#276=FACE_OUTER_BOUND('',#520,.T.);
#277=FACE_OUTER_BOUND('',#521,.T.);
#278=FACE_OUTER_BOUND('',#522,.T.);
#279=FACE_OUTER_BOUND('',#523,.T.);
#280=FACE_OUTER_BOUND('',#524,.T.);
#281=FACE_OUTER_BOUND('',#525,.T.);
#282=FACE_OUTER_BOUND('',#526,.T.);
#283=FACE_OUTER_BOUND('',#527,.T.);
#284=FACE_OUTER_BOUND('',#528,.T.);
#285=FACE_OUTER_BOUND('',#529,.T.);
#286=FACE_OUTER_BOUND('',#530,.T.);
#287=FACE_OUTER_BOUND('',#531,.T.);
#288=FACE_OUTER_BOUND('',#532,.T.);
#289=FACE_OUTER_BOUND('',#533,.T.);
#290=FACE_OUTER_BOUND('',#534,.T.);
#291=FACE_OUTER_BOUND('',#535,.T.);
#292=FACE_OUTER_BOUND('',#536,.T.);
#293=FACE_OUTER_BOUND('',#537,.T.);
#294=FACE_OUTER_BOUND('',#538,.T.);
#295=FACE_OUTER_BOUND('',#539,.T.);
#296=FACE_OUTER_BOUND('',#540,.T.);
#297=FACE_OUTER_BOUND('',#541,.T.);
#298=FACE_OUTER_BOUND('',#542,.T.);
#299=FACE_OUTER_BOUND('',#543,.T.);
#300=FACE_OUTER_BOUND('',#544,.T.);
#301=FACE_OUTER_BOUND('',#545,.T.);
#302=FACE_OUTER_BOUND('',#546,.T.);
#303=FACE_OUTER_BOUND('',#547,.T.);
#304=FACE_OUTER_BOUND('',#548,.T.);
#305=FACE_OUTER_BOUND('',#549,.T.);
#306=FACE_OUTER_BOUND('',#550,.T.);
#307=FACE_OUTER_BOUND('',#551,.T.);
#308=FACE_OUTER_BOUND('',#552,.T.);
#309=FACE_OUTER_BOUND('',#553,.T.);
#310=FACE_OUTER_BOUND('',#554,.T.);
#311=FACE_OUTER_BOUND('',#555,.T.);
#312=FACE_OUTER_BOUND('',#556,.T.);
#313=FACE_OUTER_BOUND('',#557,.T.);
#314=FACE_OUTER_BOUND('',#558,.T.);
#315=FACE_OUTER_BOUND('',#559,.T.);
#316=FACE_OUTER_BOUND('',#560,.T.);
#317=FACE_OUTER_BOUND('',#561,.T.);
#318=FACE_OUTER_BOUND('',#562,.T.);
#319=FACE_OUTER_BOUND('',#563,.T.);
#320=FACE_OUTER_BOUND('',#564,.T.);
#321=FACE_OUTER_BOUND('',#565,.T.);
#322=FACE_OUTER_BOUND('',#566,.T.);
#323=FACE_OUTER_BOUND('',#567,.T.);
#324=FACE_OUTER_BOUND('',#568,.T.);
#325=FACE_OUTER_BOUND('',#569,.T.);
#326=FACE_OUTER_BOUND('',#570,.T.);
#327=FACE_OUTER_BOUND('',#571,.T.);
#328=FACE_OUTER_BOUND('',#572,.T.);
#329=FACE_OUTER_BOUND('',#573,.T.);
#330=FACE_OUTER_BOUND('',#574,.T.);
#331=FACE_OUTER_BOUND('',#575,.T.);
#332=FACE_OUTER_BOUND('',#576,.T.);
#333=FACE_OUTER_BOUND('',#577,.T.);
#334=FACE_OUTER_BOUND('',#578,.T.);
#335=FACE_OUTER_BOUND('',#579,.T.);
#336=FACE_OUTER_BOUND('',#580,.T.);
#337=FACE_OUTER_BOUND('',#581,.T.);
#338=FACE_OUTER_BOUND('',#582,.T.);
#339=FACE_OUTER_BOUND('',#583,.T.);
#340=FACE_OUTER_BOUND('',#584,.T.);
#341=FACE_OUTER_BOUND('',#585,.T.);
#342=FACE_OUTER_BOUND('',#586,.T.);
#343=FACE_OUTER_BOUND('',#587,.T.);
#344=FACE_OUTER_BOUND('',#588,.T.);
#345=FACE_OUTER_BOUND('',#589,.T.);
#346=FACE_OUTER_BOUND('',#590,.T.);
#347=FACE_OUTER_BOUND('',#591,.T.);
#348=FACE_OUTER_BOUND('',#592,.T.);
#349=FACE_OUTER_BOUND('',#593,.T.);
#350=FACE_OUTER_BOUND('',#594,.T.);
#351=FACE_OUTER_BOUND('',#595,.T.);
#352=FACE_OUTER_BOUND('',#596,.T.);
#353=FACE_OUTER_BOUND('',#597,.T.);
#354=FACE_OUTER_BOUND('',#598,.T.);
#355=FACE_OUTER_BOUND('',#599,.T.);
#356=FACE_OUTER_BOUND('',#600,.T.);
#357=FACE_OUTER_BOUND('',#601,.T.);
#358=FACE_OUTER_BOUND('',#602,.T.);
#359=FACE_OUTER_BOUND('',#603,.T.);
#360=FACE_OUTER_BOUND('',#604,.T.);
#361=FACE_OUTER_BOUND('',#605,.T.);
#362=FACE_OUTER_BOUND('',#606,.T.);
#363=FACE_OUTER_BOUND('',#607,.T.);
#364=FACE_OUTER_BOUND('',#611,.T.);
#365=FACE_OUTER_BOUND('',#612,.T.);
#366=FACE_OUTER_BOUND('',#613,.T.);
#367=FACE_OUTER_BOUND('',#614,.T.);
#368=FACE_OUTER_BOUND('',#615,.T.);
#369=FACE_OUTER_BOUND('',#616,.T.);
#370=FACE_OUTER_BOUND('',#617,.T.);
#371=FACE_OUTER_BOUND('',#618,.T.);
#372=FACE_OUTER_BOUND('',#619,.T.);
#373=FACE_OUTER_BOUND('',#620,.T.);
#374=FACE_OUTER_BOUND('',#621,.T.);
#375=FACE_OUTER_BOUND('',#622,.T.);
#376=FACE_OUTER_BOUND('',#623,.T.);
#377=FACE_OUTER_BOUND('',#624,.T.);
#378=FACE_OUTER_BOUND('',#625,.T.);
#379=FACE_OUTER_BOUND('',#626,.T.);
#380=FACE_OUTER_BOUND('',#627,.T.);
#381=FACE_OUTER_BOUND('',#628,.T.);
#382=FACE_OUTER_BOUND('',#629,.T.);
#383=FACE_OUTER_BOUND('',#630,.T.);
#384=FACE_OUTER_BOUND('',#631,.T.);
#385=FACE_OUTER_BOUND('',#632,.T.);
#386=FACE_OUTER_BOUND('',#633,.T.);
#387=FACE_OUTER_BOUND('',#634,.T.);
#388=FACE_OUTER_BOUND('',#635,.T.);
#389=FACE_OUTER_BOUND('',#636,.T.);
#390=FACE_OUTER_BOUND('',#637,.T.);
#391=FACE_OUTER_BOUND('',#638,.T.);
#392=FACE_OUTER_BOUND('',#639,.T.);
#393=FACE_OUTER_BOUND('',#640,.T.);
#394=FACE_OUTER_BOUND('',#642,.T.);
#395=FACE_OUTER_BOUND('',#643,.T.);
#396=FACE_OUTER_BOUND('',#644,.T.);
#397=FACE_OUTER_BOUND('',#645,.T.);
#398=FACE_OUTER_BOUND('',#646,.T.);
#399=FACE_OUTER_BOUND('',#647,.T.);
#400=FACE_OUTER_BOUND('',#649,.T.);
#401=FACE_OUTER_BOUND('',#651,.T.);
#402=FACE_OUTER_BOUND('',#653,.T.);
#403=FACE_OUTER_BOUND('',#655,.T.);
#404=FACE_OUTER_BOUND('',#656,.T.);
#405=FACE_OUTER_BOUND('',#657,.T.);
#406=FACE_OUTER_BOUND('',#658,.T.);
#407=FACE_OUTER_BOUND('',#659,.T.);
#408=FACE_OUTER_BOUND('',#660,.T.);
#409=FACE_OUTER_BOUND('',#661,.T.);
#410=FACE_OUTER_BOUND('',#667,.T.);
#411=FACE_OUTER_BOUND('',#668,.T.);
#412=FACE_OUTER_BOUND('',#669,.T.);
#413=FACE_OUTER_BOUND('',#670,.T.);
#414=FACE_OUTER_BOUND('',#671,.T.);
#415=FACE_OUTER_BOUND('',#673,.T.);
#416=FACE_OUTER_BOUND('',#675,.T.);
#417=FACE_OUTER_BOUND('',#677,.T.);
#418=FACE_OUTER_BOUND('',#679,.T.);
#419=FACE_OUTER_BOUND('',#680,.T.);
#420=FACE_OUTER_BOUND('',#681,.T.);
#421=FACE_OUTER_BOUND('',#682,.T.);
#422=FACE_OUTER_BOUND('',#683,.T.);
#423=FACE_OUTER_BOUND('',#684,.T.);
#424=FACE_OUTER_BOUND('',#685,.T.);
#425=FACE_OUTER_BOUND('',#691,.T.);
#426=FACE_OUTER_BOUND('',#692,.T.);
#427=FACE_OUTER_BOUND('',#693,.T.);
#428=FACE_OUTER_BOUND('',#694,.T.);
#429=FACE_OUTER_BOUND('',#695,.T.);
#430=FACE_OUTER_BOUND('',#696,.T.);
#431=FACE_OUTER_BOUND('',#719,.T.);
#432=FACE_OUTER_BOUND('',#721,.T.);
#433=FACE_OUTER_BOUND('',#723,.T.);
#434=FACE_OUTER_BOUND('',#725,.T.);
#435=FACE_OUTER_BOUND('',#727,.T.);
#436=FACE_OUTER_BOUND('',#728,.T.);
#437=FACE_OUTER_BOUND('',#729,.T.);
#438=FACE_OUTER_BOUND('',#730,.T.);
#439=FACE_OUTER_BOUND('',#731,.T.);
#440=FACE_OUTER_BOUND('',#732,.T.);
#441=FACE_OUTER_BOUND('',#738,.T.);
#442=FACE_OUTER_BOUND('',#739,.T.);
#443=FACE_OUTER_BOUND('',#740,.T.);
#444=FACE_OUTER_BOUND('',#741,.T.);
#445=FACE_OUTER_BOUND('',#742,.T.);
#446=FACE_OUTER_BOUND('',#743,.T.);
#447=FACE_OUTER_BOUND('',#744,.T.);
#448=FACE_OUTER_BOUND('',#746,.T.);
#449=FACE_OUTER_BOUND('',#748,.T.);
#450=FACE_OUTER_BOUND('',#750,.T.);
#451=FACE_OUTER_BOUND('',#752,.T.);
#452=FACE_OUTER_BOUND('',#753,.T.);
#453=FACE_OUTER_BOUND('',#754,.T.);
#454=FACE_OUTER_BOUND('',#755,.T.);
#455=FACE_OUTER_BOUND('',#756,.T.);
#456=FACE_OUTER_BOUND('',#757,.T.);
#457=EDGE_LOOP('',(#2757,#2758,#2759,#2760));
#458=EDGE_LOOP('',(#2761,#2762,#2763,#2764));
#459=EDGE_LOOP('',(#2765,#2766,#2767,#2768,#2769,#2770,#2771,#2772,#2773,
#2774));
#460=EDGE_LOOP('',(#2775,#2776,#2777,#2778));
#461=EDGE_LOOP('',(#2779,#2780,#2781,#2782));
#462=EDGE_LOOP('',(#2783,#2784,#2785,#2786));
#463=EDGE_LOOP('',(#2787,#2788,#2789,#2790));
#464=EDGE_LOOP('',(#2791,#2792,#2793,#2794));
#465=EDGE_LOOP('',(#2795,#2796,#2797,#2798,#2799,#2800,#2801,#2802,#2803,
#2804,#2805,#2806,#2807,#2808,#2809,#2810,#2811,#2812,#2813,#2814,#2815,
#2816,#2817,#2818,#2819,#2820,#2821,#2822,#2823,#2824));
#466=EDGE_LOOP('',(#2825,#2826,#2827,#2828));
#467=EDGE_LOOP('',(#2829,#2830,#2831,#2832));
#468=EDGE_LOOP('',(#2833,#2834,#2835));
#469=EDGE_LOOP('',(#2836,#2837,#2838));
#470=EDGE_LOOP('',(#2839,#2840,#2841));
#471=EDGE_LOOP('',(#2842,#2843,#2844));
#472=EDGE_LOOP('',(#2845,#2846,#2847));
#473=EDGE_LOOP('',(#2848,#2849,#2850,#2851));
#474=EDGE_LOOP('',(#2852,#2853,#2854,#2855));
#475=EDGE_LOOP('',(#2856,#2857,#2858,#2859,#2860,#2861,#2862,#2863,#2864,
#2865,#2866,#2867));
#476=EDGE_LOOP('',(#2868,#2869,#2870,#2871));
#477=EDGE_LOOP('',(#2872,#2873,#2874,#2875,#2876,#2877,#2878,#2879));
#478=EDGE_LOOP('',(#2880,#2881,#2882));
#479=EDGE_LOOP('',(#2883,#2884,#2885));
#480=EDGE_LOOP('',(#2886,#2887,#2888));
#481=EDGE_LOOP('',(#2889,#2890,#2891));
#482=EDGE_LOOP('',(#2892,#2893,#2894));
#483=EDGE_LOOP('',(#2895,#2896,#2897));
#484=EDGE_LOOP('',(#2898,#2899,#2900));
#485=EDGE_LOOP('',(#2901,#2902,#2903));
#486=EDGE_LOOP('',(#2904,#2905,#2906));
#487=EDGE_LOOP('',(#2907,#2908,#2909));
#488=EDGE_LOOP('',(#2910,#2911,#2912));
#489=EDGE_LOOP('',(#2913,#2914,#2915));
#490=EDGE_LOOP('',(#2916));
#491=EDGE_LOOP('',(#2917));
#492=EDGE_LOOP('',(#2918));
#493=EDGE_LOOP('',(#2919));
#494=EDGE_LOOP('',(#2920));
#495=EDGE_LOOP('',(#2921));
#496=EDGE_LOOP('',(#2922));
#497=EDGE_LOOP('',(#2923));
#498=EDGE_LOOP('',(#2924));
#499=EDGE_LOOP('',(#2925));
#500=EDGE_LOOP('',(#2926,#2927,#2928,#2929));
#501=EDGE_LOOP('',(#2930,#2931,#2932,#2933));
#502=EDGE_LOOP('',(#2934,#2935,#2936,#2937,#2938,#2939,#2940,#2941,#2942,
#2943,#2944,#2945,#2946,#2947,#2948,#2949,#2950,#2951,#2952,#2953,#2954,
#2955,#2956,#2957,#2958,#2959,#2960,#2961,#2962,#2963,#2964,#2965));
#503=EDGE_LOOP('',(#2966,#2967,#2968,#2969));
#504=EDGE_LOOP('',(#2970,#2971,#2972));
#505=EDGE_LOOP('',(#2973,#2974,#2975));
#506=EDGE_LOOP('',(#2976,#2977,#2978));
#507=EDGE_LOOP('',(#2979,#2980,#2981));
#508=EDGE_LOOP('',(#2982,#2983,#2984));
#509=EDGE_LOOP('',(#2985,#2986,#2987,#2988));
#510=EDGE_LOOP('',(#2989,#2990,#2991,#2992,#2993,#2994,#2995,#2996,#2997,
#2998,#2999,#3000));
#511=EDGE_LOOP('',(#3001,#3002,#3003,#3004));
#512=EDGE_LOOP('',(#3005,#3006,#3007,#3008));
#513=EDGE_LOOP('',(#3009,#3010,#3011,#3012,#3013,#3014,#3015,#3016,#3017,
#3018,#3019,#3020));
#514=EDGE_LOOP('',(#3021,#3022,#3023,#3024));
#515=EDGE_LOOP('',(#3025,#3026,#3027,#3028));
#516=EDGE_LOOP('',(#3029,#3030,#3031,#3032));
#517=EDGE_LOOP('',(#3033,#3034,#3035,#3036));
#518=EDGE_LOOP('',(#3037,#3038,#3039,#3040));
#519=EDGE_LOOP('',(#3041,#3042,#3043,#3044,#3045));
#520=EDGE_LOOP('',(#3046,#3047,#3048,#3049,#3050));
#521=EDGE_LOOP('',(#3051,#3052,#3053,#3054));
#522=EDGE_LOOP('',(#3055,#3056,#3057,#3058));
#523=EDGE_LOOP('',(#3059,#3060,#3061,#3062));
#524=EDGE_LOOP('',(#3063,#3064,#3065,#3066));
#525=EDGE_LOOP('',(#3067,#3068,#3069));
#526=EDGE_LOOP('',(#3070,#3071,#3072,#3073));
#527=EDGE_LOOP('',(#3074,#3075,#3076,#3077,#3078));
#528=EDGE_LOOP('',(#3079,#3080,#3081,#3082,#3083));
#529=EDGE_LOOP('',(#3084,#3085,#3086,#3087));
#530=EDGE_LOOP('',(#3088,#3089,#3090,#3091));
#531=EDGE_LOOP('',(#3092,#3093,#3094,#3095));
#532=EDGE_LOOP('',(#3096,#3097,#3098,#3099));
#533=EDGE_LOOP('',(#3100,#3101,#3102,#3103));
#534=EDGE_LOOP('',(#3104,#3105,#3106,#3107));
#535=EDGE_LOOP('',(#3108,#3109,#3110,#3111));
#536=EDGE_LOOP('',(#3112,#3113,#3114,#3115));
#537=EDGE_LOOP('',(#3116,#3117,#3118,#3119));
#538=EDGE_LOOP('',(#3120,#3121,#3122,#3123));
#539=EDGE_LOOP('',(#3124,#3125,#3126,#3127,#3128));
#540=EDGE_LOOP('',(#3129,#3130,#3131,#3132));
#541=EDGE_LOOP('',(#3133,#3134,#3135,#3136,#3137));
#542=EDGE_LOOP('',(#3138,#3139,#3140,#3141));
#543=EDGE_LOOP('',(#3142,#3143,#3144,#3145));
#544=EDGE_LOOP('',(#3146,#3147,#3148,#3149));
#545=EDGE_LOOP('',(#3150,#3151,#3152,#3153));
#546=EDGE_LOOP('',(#3154,#3155,#3156,#3157,#3158));
#547=EDGE_LOOP('',(#3159,#3160,#3161,#3162,#3163));
#548=EDGE_LOOP('',(#3164,#3165,#3166,#3167));
#549=EDGE_LOOP('',(#3168,#3169,#3170,#3171));
#550=EDGE_LOOP('',(#3172,#3173,#3174,#3175));
#551=EDGE_LOOP('',(#3176,#3177,#3178,#3179));
#552=EDGE_LOOP('',(#3180,#3181,#3182));
#553=EDGE_LOOP('',(#3183,#3184,#3185,#3186));
#554=EDGE_LOOP('',(#3187,#3188,#3189,#3190));
#555=EDGE_LOOP('',(#3191,#3192,#3193,#3194));
#556=EDGE_LOOP('',(#3195,#3196,#3197));
#557=EDGE_LOOP('',(#3198,#3199,#3200,#3201,#3202));
#558=EDGE_LOOP('',(#3203,#3204,#3205,#3206));
#559=EDGE_LOOP('',(#3207,#3208,#3209,#3210,#3211));
#560=EDGE_LOOP('',(#3212,#3213,#3214,#3215,#3216));
#561=EDGE_LOOP('',(#3217,#3218,#3219,#3220));
#562=EDGE_LOOP('',(#3221,#3222,#3223,#3224,#3225));
#563=EDGE_LOOP('',(#3226,#3227,#3228,#3229));
#564=EDGE_LOOP('',(#3230,#3231,#3232,#3233));
#565=EDGE_LOOP('',(#3234,#3235,#3236,#3237));
#566=EDGE_LOOP('',(#3238,#3239,#3240,#3241));
#567=EDGE_LOOP('',(#3242,#3243,#3244,#3245));
#568=EDGE_LOOP('',(#3246,#3247,#3248,#3249));
#569=EDGE_LOOP('',(#3250,#3251,#3252,#3253));
#570=EDGE_LOOP('',(#3254,#3255,#3256,#3257,#3258));
#571=EDGE_LOOP('',(#3259,#3260,#3261,#3262));
#572=EDGE_LOOP('',(#3263,#3264,#3265,#3266,#3267));
#573=EDGE_LOOP('',(#3268,#3269,#3270,#3271));
#574=EDGE_LOOP('',(#3272,#3273,#3274,#3275));
#575=EDGE_LOOP('',(#3276,#3277,#3278,#3279));
#576=EDGE_LOOP('',(#3280,#3281,#3282,#3283));
#577=EDGE_LOOP('',(#3284,#3285,#3286,#3287));
#578=EDGE_LOOP('',(#3288,#3289,#3290,#3291));
#579=EDGE_LOOP('',(#3292,#3293,#3294,#3295,#3296));
#580=EDGE_LOOP('',(#3297,#3298,#3299,#3300,#3301));
#581=EDGE_LOOP('',(#3302,#3303,#3304));
#582=EDGE_LOOP('',(#3305,#3306,#3307,#3308));
#583=EDGE_LOOP('',(#3309,#3310,#3311,#3312,#3313));
#584=EDGE_LOOP('',(#3314,#3315,#3316,#3317,#3318));
#585=EDGE_LOOP('',(#3319,#3320,#3321,#3322));
#586=EDGE_LOOP('',(#3323,#3324,#3325,#3326));
#587=EDGE_LOOP('',(#3327,#3328,#3329,#3330));
#588=EDGE_LOOP('',(#3331,#3332,#3333,#3334));
#589=EDGE_LOOP('',(#3335,#3336,#3337,#3338));
#590=EDGE_LOOP('',(#3339,#3340,#3341,#3342));
#591=EDGE_LOOP('',(#3343,#3344,#3345,#3346,#3347,#3348,#3349,#3350,#3351,
#3352,#3353,#3354,#3355,#3356,#3357,#3358));
#592=EDGE_LOOP('',(#3359,#3360,#3361,#3362,#3363,#3364,#3365,#3366,#3367,
#3368));
#593=EDGE_LOOP('',(#3369,#3370,#3371,#3372,#3373,#3374,#3375,#3376,#3377,
#3378));
#594=EDGE_LOOP('',(#3379,#3380,#3381,#3382,#3383,#3384,#3385,#3386,#3387,
#3388));
#595=EDGE_LOOP('',(#3389,#3390,#3391,#3392));
#596=EDGE_LOOP('',(#3393,#3394,#3395,#3396,#3397,#3398,#3399,#3400,#3401,
#3402));
#597=EDGE_LOOP('',(#3403,#3404,#3405,#3406));
#598=EDGE_LOOP('',(#3407,#3408,#3409,#3410));
#599=EDGE_LOOP('',(#3411,#3412,#3413,#3414));
#600=EDGE_LOOP('',(#3415,#3416,#3417,#3418,#3419,#3420,#3421,#3422,#3423,
#3424,#3425,#3426));
#601=EDGE_LOOP('',(#3427,#3428,#3429,#3430,#3431,#3432,#3433,#3434));
#602=EDGE_LOOP('',(#3435,#3436,#3437,#3438,#3439,#3440,#3441,#3442));
#603=EDGE_LOOP('',(#3443,#3444,#3445,#3446,#3447,#3448,#3449,#3450));
#604=EDGE_LOOP('',(#3451,#3452,#3453,#3454,#3455,#3456,#3457,#3458));
#605=EDGE_LOOP('',(#3459,#3460,#3461,#3462,#3463));
#606=EDGE_LOOP('',(#3464,#3465,#3466,#3467,#3468,#3469));
#607=EDGE_LOOP('',(#3470,#3471,#3472,#3473,#3474,#3475,#3476,#3477,#3478,
#3479,#3480,#3481,#3482,#3483,#3484,#3485,#3486,#3487,#3488,#3489,#3490,
#3491));
#608=EDGE_LOOP('',(#3492,#3493,#3494,#3495));
#609=EDGE_LOOP('',(#3496,#3497,#3498,#3499));
#610=EDGE_LOOP('',(#3500,#3501,#3502,#3503));
#611=EDGE_LOOP('',(#3504,#3505,#3506,#3507,#3508,#3509));
#612=EDGE_LOOP('',(#3510,#3511,#3512,#3513,#3514,#3515,#3516,#3517,#3518,
#3519));
#613=EDGE_LOOP('',(#3520,#3521,#3522,#3523,#3524));
#614=EDGE_LOOP('',(#3525,#3526,#3527,#3528));
#615=EDGE_LOOP('',(#3529,#3530,#3531,#3532));
#616=EDGE_LOOP('',(#3533,#3534,#3535,#3536));
#617=EDGE_LOOP('',(#3537,#3538,#3539,#3540));
#618=EDGE_LOOP('',(#3541,#3542,#3543,#3544));
#619=EDGE_LOOP('',(#3545,#3546,#3547,#3548));
#620=EDGE_LOOP('',(#3549,#3550,#3551,#3552));
#621=EDGE_LOOP('',(#3553,#3554,#3555,#3556));
#622=EDGE_LOOP('',(#3557,#3558,#3559,#3560));
#623=EDGE_LOOP('',(#3561,#3562,#3563,#3564));
#624=EDGE_LOOP('',(#3565,#3566,#3567,#3568));
#625=EDGE_LOOP('',(#3569,#3570,#3571,#3572));
#626=EDGE_LOOP('',(#3573,#3574,#3575,#3576));
#627=EDGE_LOOP('',(#3577,#3578,#3579,#3580));
#628=EDGE_LOOP('',(#3581,#3582,#3583,#3584));
#629=EDGE_LOOP('',(#3585,#3586,#3587,#3588));
#630=EDGE_LOOP('',(#3589,#3590,#3591,#3592));
#631=EDGE_LOOP('',(#3593,#3594,#3595,#3596));
#632=EDGE_LOOP('',(#3597,#3598,#3599,#3600));
#633=EDGE_LOOP('',(#3601,#3602,#3603,#3604,#3605,#3606,#3607,#3608));
#634=EDGE_LOOP('',(#3609,#3610,#3611,#3612));
#635=EDGE_LOOP('',(#3613,#3614,#3615,#3616));
#636=EDGE_LOOP('',(#3617,#3618,#3619,#3620,#3621,#3622,#3623,#3624));
#637=EDGE_LOOP('',(#3625,#3626,#3627,#3628,#3629,#3630,#3631,#3632));
#638=EDGE_LOOP('',(#3633,#3634,#3635,#3636));
#639=EDGE_LOOP('',(#3637,#3638,#3639,#3640,#3641,#3642,#3643,#3644));
#640=EDGE_LOOP('',(#3645,#3646,#3647,#3648,#3649,#3650));
#641=EDGE_LOOP('',(#3651,#3652,#3653,#3654));
#642=EDGE_LOOP('',(#3655,#3656,#3657,#3658));
#643=EDGE_LOOP('',(#3659,#3660,#3661,#3662));
#644=EDGE_LOOP('',(#3663,#3664,#3665,#3666));
#645=EDGE_LOOP('',(#3667,#3668,#3669,#3670));
#646=EDGE_LOOP('',(#3671,#3672,#3673,#3674));
#647=EDGE_LOOP('',(#3675));
#648=EDGE_LOOP('',(#3676));
#649=EDGE_LOOP('',(#3677));
#650=EDGE_LOOP('',(#3678));
#651=EDGE_LOOP('',(#3679));
#652=EDGE_LOOP('',(#3680));
#653=EDGE_LOOP('',(#3681));
#654=EDGE_LOOP('',(#3682));
#655=EDGE_LOOP('',(#3683,#3684,#3685,#3686));
#656=EDGE_LOOP('',(#3687,#3688,#3689,#3690));
#657=EDGE_LOOP('',(#3691,#3692,#3693,#3694));
#658=EDGE_LOOP('',(#3695,#3696,#3697,#3698));
#659=EDGE_LOOP('',(#3699,#3700,#3701,#3702));
#660=EDGE_LOOP('',(#3703,#3704,#3705,#3706,#3707,#3708,#3709));
#661=EDGE_LOOP('',(#3710));
#662=EDGE_LOOP('',(#3711));
#663=EDGE_LOOP('',(#3712));
#664=EDGE_LOOP('',(#3713));
#665=EDGE_LOOP('',(#3714));
#666=EDGE_LOOP('',(#3715));
#667=EDGE_LOOP('',(#3716,#3717,#3718,#3719));
#668=EDGE_LOOP('',(#3720,#3721,#3722,#3723));
#669=EDGE_LOOP('',(#3724,#3725,#3726,#3727));
#670=EDGE_LOOP('',(#3728,#3729,#3730,#3731));
#671=EDGE_LOOP('',(#3732));
#672=EDGE_LOOP('',(#3733));
#673=EDGE_LOOP('',(#3734));
#674=EDGE_LOOP('',(#3735));
#675=EDGE_LOOP('',(#3736));
#676=EDGE_LOOP('',(#3737));
#677=EDGE_LOOP('',(#3738));
#678=EDGE_LOOP('',(#3739));
#679=EDGE_LOOP('',(#3740,#3741,#3742,#3743));
#680=EDGE_LOOP('',(#3744,#3745,#3746,#3747));
#681=EDGE_LOOP('',(#3748,#3749,#3750,#3751));
#682=EDGE_LOOP('',(#3752,#3753,#3754,#3755));
#683=EDGE_LOOP('',(#3756,#3757,#3758,#3759));
#684=EDGE_LOOP('',(#3760,#3761,#3762,#3763,#3764,#3765,#3766));
#685=EDGE_LOOP('',(#3767));
#686=EDGE_LOOP('',(#3768));
#687=EDGE_LOOP('',(#3769));
#688=EDGE_LOOP('',(#3770));
#689=EDGE_LOOP('',(#3771));
#690=EDGE_LOOP('',(#3772));
#691=EDGE_LOOP('',(#3773,#3774,#3775,#3776,#3777,#3778,#3779));
#692=EDGE_LOOP('',(#3780,#3781,#3782,#3783));
#693=EDGE_LOOP('',(#3784,#3785,#3786,#3787));
#694=EDGE_LOOP('',(#3788,#3789,#3790,#3791));
#695=EDGE_LOOP('',(#3792,#3793,#3794,#3795));
#696=EDGE_LOOP('',(#3796,#3797,#3798,#3799,#3800,#3801,#3802,#3803));
#697=EDGE_LOOP('',(#3804,#3805,#3806,#3807));
#698=EDGE_LOOP('',(#3808,#3809,#3810,#3811));
#699=EDGE_LOOP('',(#3812,#3813,#3814,#3815));
#700=EDGE_LOOP('',(#3816));
#701=EDGE_LOOP('',(#3817));
#702=EDGE_LOOP('',(#3818));
#703=EDGE_LOOP('',(#3819));
#704=EDGE_LOOP('',(#3820));
#705=EDGE_LOOP('',(#3821));
#706=EDGE_LOOP('',(#3822));
#707=EDGE_LOOP('',(#3823));
#708=EDGE_LOOP('',(#3824));
#709=EDGE_LOOP('',(#3825));
#710=EDGE_LOOP('',(#3826,#3827,#3828,#3829));
#711=EDGE_LOOP('',(#3830,#3831,#3832));
#712=EDGE_LOOP('',(#3833,#3834,#3835));
#713=EDGE_LOOP('',(#3836,#3837,#3838));
#714=EDGE_LOOP('',(#3839,#3840,#3841));
#715=EDGE_LOOP('',(#3842,#3843,#3844));
#716=EDGE_LOOP('',(#3845,#3846,#3847));
#717=EDGE_LOOP('',(#3848,#3849,#3850));
#718=EDGE_LOOP('',(#3851,#3852,#3853));
#719=EDGE_LOOP('',(#3854));
#720=EDGE_LOOP('',(#3855));
#721=EDGE_LOOP('',(#3856));
#722=EDGE_LOOP('',(#3857));
#723=EDGE_LOOP('',(#3858));
#724=EDGE_LOOP('',(#3859));
#725=EDGE_LOOP('',(#3860));
#726=EDGE_LOOP('',(#3861));
#727=EDGE_LOOP('',(#3862,#3863,#3864,#3865));
#728=EDGE_LOOP('',(#3866,#3867,#3868,#3869));
#729=EDGE_LOOP('',(#3870,#3871,#3872,#3873));
#730=EDGE_LOOP('',(#3874,#3875,#3876,#3877));
#731=EDGE_LOOP('',(#3878,#3879,#3880,#3881));
#732=EDGE_LOOP('',(#3882));
#733=EDGE_LOOP('',(#3883));
#734=EDGE_LOOP('',(#3884));
#735=EDGE_LOOP('',(#3885));
#736=EDGE_LOOP('',(#3886));
#737=EDGE_LOOP('',(#3887));
#738=EDGE_LOOP('',(#3888,#3889,#3890,#3891,#3892,#3893,#3894));
#739=EDGE_LOOP('',(#3895,#3896,#3897,#3898));
#740=EDGE_LOOP('',(#3899,#3900,#3901,#3902));
#741=EDGE_LOOP('',(#3903,#3904,#3905,#3906));
#742=EDGE_LOOP('',(#3907,#3908,#3909,#3910));
#743=EDGE_LOOP('',(#3911,#3912,#3913,#3914));
#744=EDGE_LOOP('',(#3915));
#745=EDGE_LOOP('',(#3916));
#746=EDGE_LOOP('',(#3917));
#747=EDGE_LOOP('',(#3918));
#748=EDGE_LOOP('',(#3919));
#749=EDGE_LOOP('',(#3920));
#750=EDGE_LOOP('',(#3921));
#751=EDGE_LOOP('',(#3922));
#752=EDGE_LOOP('',(#3923,#3924,#3925,#3926));
#753=EDGE_LOOP('',(#3927,#3928,#3929,#3930));
#754=EDGE_LOOP('',(#3931,#3932,#3933,#3934));
#755=EDGE_LOOP('',(#3935,#3936,#3937,#3938));
#756=EDGE_LOOP('',(#3939,#3940,#3941,#3942));
#757=EDGE_LOOP('',(#3943));
#758=EDGE_LOOP('',(#3944));
#759=EDGE_LOOP('',(#3945));
#760=EDGE_LOOP('',(#3946));
#761=EDGE_LOOP('',(#3947));
#762=EDGE_LOOP('',(#3948));
#763=LINE('',#5710,#1267);
#764=LINE('',#5712,#1268);
#765=LINE('',#5714,#1269);
#766=LINE('',#5715,#1270);
#767=LINE('',#5719,#1271);
#768=LINE('',#5721,#1272);
#769=LINE('',#5723,#1273);
#770=LINE('',#5724,#1274);
#771=LINE('',#5728,#1275);
#772=LINE('',#5730,#1276);
#773=LINE('',#5732,#1277);
#774=LINE('',#5734,#1278);
#775=LINE('',#5736,#1279);
#776=LINE('',#5738,#1280);
#777=LINE('',#5740,#1281);
#778=LINE('',#5742,#1282);
#779=LINE('',#5744,#1283);
#780=LINE('',#5745,#1284);
#781=LINE('',#5748,#1285);
#782=LINE('',#5750,#1286);
#783=LINE('',#5752,#1287);
#784=LINE('',#5753,#1288);
#785=LINE('',#5757,#1289);
#786=LINE('',#5759,#1290);
#787=LINE('',#5761,#1291);
#788=LINE('',#5762,#1292);
#789=LINE('',#5766,#1293);
#790=LINE('',#5768,#1294);
#791=LINE('',#5770,#1295);
#792=LINE('',#5771,#1296);
#793=LINE('',#5774,#1297);
#794=LINE('',#5776,#1298);
#795=LINE('',#5777,#1299);
#796=LINE('',#5780,#1300);
#797=LINE('',#5782,#1301);
#798=LINE('',#5783,#1302);
#799=LINE('',#5786,#1303);
#800=LINE('',#5788,#1304);
#801=LINE('',#5792,#1305);
#802=LINE('',#5795,#1306);
#803=LINE('',#5797,#1307);
#804=LINE('',#5799,#1308);
#805=LINE('',#5800,#1309);
#806=LINE('',#5802,#1310);
#807=LINE('',#5804,#1311);
#808=LINE('',#5806,#1312);
#809=LINE('',#5808,#1313);
#810=LINE('',#5810,#1314);
#811=LINE('',#5812,#1315);
#812=LINE('',#5814,#1316);
#813=LINE('',#5816,#1317);
#814=LINE('',#5818,#1318);
#815=LINE('',#5820,#1319);
#816=LINE('',#5822,#1320);
#817=LINE('',#5824,#1321);
#818=LINE('',#5826,#1322);
#819=LINE('',#5828,#1323);
#820=LINE('',#5830,#1324);
#821=LINE('',#5832,#1325);
#822=LINE('',#5834,#1326);
#823=LINE('',#5835,#1327);
#824=LINE('',#5838,#1328);
#825=LINE('',#5840,#1329);
#826=LINE('',#5842,#1330);
#827=LINE('',#5843,#1331);
#828=LINE('',#5846,#1332);
#829=LINE('',#5848,#1333);
#830=LINE('',#5850,#1334);
#831=LINE('',#5851,#1335);
#832=LINE('',#5854,#1336);
#833=LINE('',#5856,#1337);
#834=LINE('',#5857,#1338);
#835=LINE('',#5860,#1339);
#836=LINE('',#5862,#1340);
#837=LINE('',#5863,#1341);
#838=LINE('',#5866,#1342);
#839=LINE('',#5868,#1343);
#840=LINE('',#5869,#1344);
#841=LINE('',#5872,#1345);
#842=LINE('',#5874,#1346);
#843=LINE('',#5875,#1347);
#844=LINE('',#5878,#1348);
#845=LINE('',#5880,#1349);
#846=LINE('',#5881,#1350);
#847=LINE('',#5885,#1351);
#848=LINE('',#5887,#1352);
#849=LINE('',#5889,#1353);
#850=LINE('',#5890,#1354);
#851=LINE('',#5893,#1355);
#852=LINE('',#5895,#1356);
#853=LINE('',#5896,#1357);
#854=LINE('',#5899,#1358);
#855=LINE('',#5900,#1359);
#856=LINE('',#5902,#1360);
#857=LINE('',#5904,#1361);
#858=LINE('',#5906,#1362);
#859=LINE('',#5907,#1363);
#860=LINE('',#5910,#1364);
#861=LINE('',#5911,#1365);
#862=LINE('',#5914,#1366);
#863=LINE('',#5918,#1367);
#864=LINE('',#5922,#1368);
#865=LINE('',#5923,#1369);
#866=LINE('',#5926,#1370);
#867=LINE('',#5928,#1371);
#868=LINE('',#5929,#1372);
#869=LINE('',#5932,#1373);
#870=LINE('',#5934,#1374);
#871=LINE('',#5935,#1375);
#872=LINE('',#5938,#1376);
#873=LINE('',#5940,#1377);
#874=LINE('',#5941,#1378);
#875=LINE('',#5944,#1379);
#876=LINE('',#5946,#1380);
#877=LINE('',#5947,#1381);
#878=LINE('',#5950,#1382);
#879=LINE('',#5952,#1383);
#880=LINE('',#5953,#1384);
#881=LINE('',#5956,#1385);
#882=LINE('',#5958,#1386);
#883=LINE('',#5959,#1387);
#884=LINE('',#5962,#1388);
#885=LINE('',#5964,#1389);
#886=LINE('',#5965,#1390);
#887=LINE('',#5968,#1391);
#888=LINE('',#5970,#1392);
#889=LINE('',#5971,#1393);
#890=LINE('',#5974,#1394);
#891=LINE('',#5976,#1395);
#892=LINE('',#5977,#1396);
#893=LINE('',#5980,#1397);
#894=LINE('',#5982,#1398);
#895=LINE('',#5983,#1399);
#896=LINE('',#5986,#1400);
#897=LINE('',#5988,#1401);
#898=LINE('',#5989,#1402);
#899=LINE('',#5992,#1403);
#900=LINE('',#5994,#1404);
#901=LINE('',#5995,#1405);
#902=LINE('',#6018,#1406);
#903=LINE('',#6020,#1407);
#904=LINE('',#6022,#1408);
#905=LINE('',#6023,#1409);
#906=LINE('',#6026,#1410);
#907=LINE('',#6028,#1411);
#908=LINE('',#6030,#1412);
#909=LINE('',#6031,#1413);
#910=LINE('',#6034,#1414);
#911=LINE('',#6036,#1415);
#912=LINE('',#6038,#1416);
#913=LINE('',#6040,#1417);
#914=LINE('',#6042,#1418);
#915=LINE('',#6044,#1419);
#916=LINE('',#6046,#1420);
#917=LINE('',#6048,#1421);
#918=LINE('',#6050,#1422);
#919=LINE('',#6052,#1423);
#920=LINE('',#6054,#1424);
#921=LINE('',#6056,#1425);
#922=LINE('',#6058,#1426);
#923=LINE('',#6060,#1427);
#924=LINE('',#6062,#1428);
#925=LINE('',#6064,#1429);
#926=LINE('',#6066,#1430);
#927=LINE('',#6068,#1431);
#928=LINE('',#6070,#1432);
#929=LINE('',#6071,#1433);
#930=LINE('',#6073,#1434);
#931=LINE('',#6075,#1435);
#932=LINE('',#6076,#1436);
#933=LINE('',#6078,#1437);
#934=LINE('',#6082,#1438);
#935=LINE('',#6085,#1439);
#936=LINE('',#6088,#1440);
#937=LINE('',#6090,#1441);
#938=LINE('',#6092,#1442);
#939=LINE('',#6093,#1443);
#940=LINE('',#6096,#1444);
#941=LINE('',#6098,#1445);
#942=LINE('',#6099,#1446);
#943=LINE('',#6102,#1447);
#944=LINE('',#6104,#1448);
#945=LINE('',#6105,#1449);
#946=LINE('',#6108,#1450);
#947=LINE('',#6110,#1451);
#948=LINE('',#6111,#1452);
#949=LINE('',#6114,#1453);
#950=LINE('',#6116,#1454);
#951=LINE('',#6117,#1455);
#952=LINE('',#6120,#1456);
#953=LINE('',#6122,#1457);
#954=LINE('',#6123,#1458);
#955=LINE('',#6126,#1459);
#956=LINE('',#6128,#1460);
#957=LINE('',#6130,#1461);
#958=LINE('',#6131,#1462);
#959=LINE('',#6133,#1463);
#960=LINE('',#6135,#1464);
#961=LINE('',#6136,#1465);
#962=LINE('',#6139,#1466);
#963=LINE('',#6140,#1467);
#964=LINE('',#6142,#1468);
#965=LINE('',#6144,#1469);
#966=LINE('',#6146,#1470);
#967=LINE('',#6147,#1471);
#968=LINE('',#6148,#1472);
#969=LINE('',#6151,#1473);
#970=LINE('',#6153,#1474);
#971=LINE('',#6156,#1475);
#972=LINE('',#6158,#1476);
#973=LINE('',#6161,#1477);
#974=LINE('',#6166,#1478);
#975=LINE('',#6168,#1479);
#976=LINE('',#6169,#1480);
#977=LINE('',#6174,#1481);
#978=LINE('',#6176,#1482);
#979=LINE('',#6177,#1483);
#980=LINE('',#6180,#1484);
#981=LINE('',#6182,#1485);
#982=LINE('',#6183,#1486);
#983=LINE('',#6184,#1487);
#984=LINE('',#6187,#1488);
#985=LINE('',#6189,#1489);
#986=LINE('',#6190,#1490);
#987=LINE('',#6193,#1491);
#988=LINE('',#6194,#1492);
#989=LINE('',#6196,#1493);
#990=LINE('',#6199,#1494);
#991=LINE('',#6201,#1495);
#992=LINE('',#6202,#1496);
#993=LINE('',#6205,#1497);
#994=LINE('',#6206,#1498);
#995=LINE('',#6208,#1499);
#996=LINE('',#6211,#1500);
#997=LINE('',#6212,#1501);
#998=LINE('',#6215,#1502);
#999=LINE('',#6217,#1503);
#1000=LINE('',#6218,#1504);
#1001=LINE('',#6221,#1505);
#1002=LINE('',#6222,#1506);
#1003=LINE('',#6224,#1507);
#1004=LINE('',#6227,#1508);
#1005=LINE('',#6229,#1509);
#1006=LINE('',#6230,#1510);
#1007=LINE('',#6233,#1511);
#1008=LINE('',#6234,#1512);
#1009=LINE('',#6236,#1513);
#1010=LINE('',#6239,#1514);
#1011=LINE('',#6241,#1515);
#1012=LINE('',#6242,#1516);
#1013=LINE('',#6245,#1517);
#1014=LINE('',#6246,#1518);
#1015=LINE('',#6248,#1519);
#1016=LINE('',#6251,#1520);
#1017=LINE('',#6253,#1521);
#1018=LINE('',#6254,#1522);
#1019=LINE('',#6257,#1523);
#1020=LINE('',#6258,#1524);
#1021=LINE('',#6260,#1525);
#1022=LINE('',#6262,#1526);
#1023=LINE('',#6264,#1527);
#1024=LINE('',#6265,#1528);
#1025=LINE('',#6268,#1529);
#1026=LINE('',#6270,#1530);
#1027=LINE('',#6271,#1531);
#1028=LINE('',#6274,#1532);
#1029=LINE('',#6275,#1533);
#1030=LINE('',#6277,#1534);
#1031=LINE('',#6280,#1535);
#1032=LINE('',#6282,#1536);
#1033=LINE('',#6283,#1537);
#1034=LINE('',#6286,#1538);
#1035=LINE('',#6287,#1539);
#1036=LINE('',#6289,#1540);
#1037=LINE('',#6292,#1541);
#1038=LINE('',#6294,#1542);
#1039=LINE('',#6295,#1543);
#1040=LINE('',#6296,#1544);
#1041=LINE('',#6298,#1545);
#1042=LINE('',#6299,#1546);
#1043=LINE('',#6301,#1547);
#1044=LINE('',#6306,#1548);
#1045=LINE('',#6307,#1549);
#1046=LINE('',#6308,#1550);
#1047=LINE('',#6311,#1551);
#1048=LINE('',#6312,#1552);
#1049=LINE('',#6314,#1553);
#1050=LINE('',#6317,#1554);
#1051=LINE('',#6318,#1555);
#1052=LINE('',#6320,#1556);
#1053=LINE('',#6324,#1557);
#1054=LINE('',#6325,#1558);
#1055=LINE('',#6327,#1559);
#1056=LINE('',#6328,#1560);
#1057=LINE('',#6330,#1561);
#1058=LINE('',#6333,#1562);
#1059=LINE('',#6335,#1563);
#1060=LINE('',#6336,#1564);
#1061=LINE('',#6339,#1565);
#1062=LINE('',#6340,#1566);
#1063=LINE('',#6342,#1567);
#1064=LINE('',#6344,#1568);
#1065=LINE('',#6346,#1569);
#1066=LINE('',#6347,#1570);
#1067=LINE('',#6349,#1571);
#1068=LINE('',#6352,#1572);
#1069=LINE('',#6353,#1573);
#1070=LINE('',#6355,#1574);
#1071=LINE('',#6358,#1575);
#1072=LINE('',#6360,#1576);
#1073=LINE('',#6361,#1577);
#1074=LINE('',#6364,#1578);
#1075=LINE('',#6365,#1579);
#1076=LINE('',#6367,#1580);
#1077=LINE('',#6369,#1581);
#1078=LINE('',#6371,#1582);
#1079=LINE('',#6372,#1583);
#1080=LINE('',#6374,#1584);
#1081=LINE('',#6378,#1585);
#1082=LINE('',#6379,#1586);
#1083=LINE('',#6380,#1587);
#1084=LINE('',#6382,#1588);
#1085=LINE('',#6383,#1589);
#1086=LINE('',#6385,#1590);
#1087=LINE('',#6388,#1591);
#1088=LINE('',#6390,#1592);
#1089=LINE('',#6391,#1593);
#1090=LINE('',#6393,#1594);
#1091=LINE('',#6394,#1595);
#1092=LINE('',#6396,#1596);
#1093=LINE('',#6399,#1597);
#1094=LINE('',#6400,#1598);
#1095=LINE('',#6402,#1599);
#1096=LINE('',#6406,#1600);
#1097=LINE('',#6408,#1601);
#1098=LINE('',#6409,#1602);
#1099=LINE('',#6412,#1603);
#1100=LINE('',#6414,#1604);
#1101=LINE('',#6415,#1605);
#1102=LINE('',#6418,#1606);
#1103=LINE('',#6420,#1607);
#1104=LINE('',#6421,#1608);
#1105=LINE('',#6425,#1609);
#1106=LINE('',#6427,#1610);
#1107=LINE('',#6429,#1611);
#1108=LINE('',#6431,#1612);
#1109=LINE('',#6432,#1613);
#1110=LINE('',#6434,#1614);
#1111=LINE('',#6435,#1615);
#1112=LINE('',#6437,#1616);
#1113=LINE('',#6439,#1617);
#1114=LINE('',#6441,#1618);
#1115=LINE('',#6443,#1619);
#1116=LINE('',#6445,#1620);
#1117=LINE('',#6447,#1621);
#1118=LINE('',#6448,#1622);
#1119=LINE('',#6452,#1623);
#1120=LINE('',#6454,#1624);
#1121=LINE('',#6455,#1625);
#1122=LINE('',#6457,#1626);
#1123=LINE('',#6459,#1627);
#1124=LINE('',#6460,#1628);
#1125=LINE('',#6462,#1629);
#1126=LINE('',#6463,#1630);
#1127=LINE('',#6467,#1631);
#1128=LINE('',#6469,#1632);
#1129=LINE('',#6471,#1633);
#1130=LINE('',#6473,#1634);
#1131=LINE('',#6475,#1635);
#1132=LINE('',#6477,#1636);
#1133=LINE('',#6478,#1637);
#1134=LINE('',#6479,#1638);
#1135=LINE('',#6483,#1639);
#1136=LINE('',#6485,#1640);
#1137=LINE('',#6486,#1641);
#1138=LINE('',#6488,#1642);
#1139=LINE('',#6490,#1643);
#1140=LINE('',#6491,#1644);
#1141=LINE('',#6493,#1645);
#1142=LINE('',#6494,#1646);
#1143=LINE('',#6496,#1647);
#1144=LINE('',#6497,#1648);
#1145=LINE('',#6501,#1649);
#1146=LINE('',#6502,#1650);
#1147=LINE('',#6504,#1651);
#1148=LINE('',#6506,#1652);
#1149=LINE('',#6507,#1653);
#1150=LINE('',#6509,#1654);
#1151=LINE('',#6510,#1655);
#1152=LINE('',#6512,#1656);
#1153=LINE('',#6513,#1657);
#1154=LINE('',#6515,#1658);
#1155=LINE('',#6516,#1659);
#1156=LINE('',#6518,#1660);
#1157=LINE('',#6519,#1661);
#1158=LINE('',#6521,#1662);
#1159=LINE('',#6522,#1663);
#1160=LINE('',#6524,#1664);
#1161=LINE('',#6526,#1665);
#1162=LINE('',#6527,#1666);
#1163=LINE('',#6528,#1667);
#1164=LINE('',#6531,#1668);
#1165=LINE('',#6532,#1669);
#1166=LINE('',#6535,#1670);
#1167=LINE('',#6536,#1671);
#1168=LINE('',#6537,#1672);
#1169=LINE('',#6539,#1673);
#1170=LINE('',#6541,#1674);
#1171=LINE('',#6542,#1675);
#1172=LINE('',#6545,#1676);
#1173=LINE('',#6546,#1677);
#1174=LINE('',#6549,#1678);
#1175=LINE('',#6550,#1679);
#1176=LINE('',#6552,#1680);
#1177=LINE('',#6554,#1681);
#1178=LINE('',#6555,#1682);
#1179=LINE('',#6557,#1683);
#1180=LINE('',#6558,#1684);
#1181=LINE('',#6560,#1685);
#1182=LINE('',#6563,#1686);
#1183=LINE('',#6566,#1687);
#1184=LINE('',#6569,#1688);
#1185=LINE('',#6573,#1689);
#1186=LINE('',#6575,#1690);
#1187=LINE('',#6576,#1691);
#1188=LINE('',#6579,#1692);
#1189=LINE('',#6580,#1693);
#1190=LINE('',#6581,#1694);
#1191=LINE('',#6584,#1695);
#1192=LINE('',#6585,#1696);
#1193=LINE('',#6587,#1697);
#1194=LINE('',#6589,#1698);
#1195=LINE('',#6590,#1699);
#1196=LINE('',#6593,#1700);
#1197=LINE('',#6595,#1701);
#1198=LINE('',#6596,#1702);
#1199=LINE('',#6598,#1703);
#1200=LINE('',#6601,#1704);
#1201=LINE('',#6602,#1705);
#1202=LINE('',#6604,#1706);
#1203=LINE('',#6608,#1707);
#1204=LINE('',#6609,#1708);
#1205=LINE('',#6611,#1709);
#1206=LINE('',#6613,#1710);
#1207=LINE('',#6614,#1711);
#1208=LINE('',#6617,#1712);
#1209=LINE('',#6619,#1713);
#1210=LINE('',#6620,#1714);
#1211=LINE('',#6622,#1715);
#1212=LINE('',#6625,#1716);
#1213=LINE('',#6626,#1717);
#1214=LINE('',#6628,#1718);
#1215=LINE('',#6632,#1719);
#1216=LINE('',#6633,#1720);
#1217=LINE('',#6635,#1721);
#1218=LINE('',#6639,#1722);
#1219=LINE('',#6642,#1723);
#1220=LINE('',#6643,#1724);
#1221=LINE('',#6647,#1725);
#1222=LINE('',#6651,#1726);
#1223=LINE('',#6652,#1727);
#1224=LINE('',#6657,#1728);
#1225=LINE('',#6663,#1729);
#1226=LINE('',#6669,#1730);
#1227=LINE('',#6675,#1731);
#1228=LINE('',#6691,#1732);
#1229=LINE('',#6695,#1733);
#1230=LINE('',#6699,#1734);
#1231=LINE('',#6705,#1735);
#1232=LINE('',#6709,#1736);
#1233=LINE('',#6713,#1737);
#1234=LINE('',#6716,#1738);
#1235=LINE('',#6721,#1739);
#1236=LINE('',#6725,#1740);
#1237=LINE('',#6729,#1741);
#1238=LINE('',#6733,#1742);
#1239=LINE('',#6749,#1743);
#1240=LINE('',#6753,#1744);
#1241=LINE('',#6757,#1745);
#1242=LINE('',#6761,#1746);
#1243=LINE('',#6765,#1747);
#1244=LINE('',#6769,#1748);
#1245=LINE('',#6775,#1749);
#1246=LINE('',#6777,#1750);
#1247=LINE('',#6783,#1751);
#1248=LINE('',#6789,#1752);
#1249=LINE('',#6795,#1753);
#1250=LINE('',#6801,#1754);
#1251=LINE('',#6804,#1755);
#1252=LINE('',#6821,#1756);
#1253=LINE('',#6825,#1757);
#1254=LINE('',#6829,#1758);
#1255=LINE('',#6833,#1759);
#1256=LINE('',#6837,#1760);
#1257=LINE('',#6842,#1761);
#1258=LINE('',#6846,#1762);
#1259=LINE('',#6850,#1763);
#1260=LINE('',#6854,#1764);
#1261=LINE('',#6858,#1765);
#1262=LINE('',#6875,#1766);
#1263=LINE('',#6879,#1767);
#1264=LINE('',#6883,#1768);
#1265=LINE('',#6887,#1769);
#1266=LINE('',#6891,#1770);
#1267=VECTOR('',#4618,10.);
#1268=VECTOR('',#4619,10.);
#1269=VECTOR('',#4620,10.);
#1270=VECTOR('',#4621,10.);
#1271=VECTOR('',#4624,10.);
#1272=VECTOR('',#4625,10.);
#1273=VECTOR('',#4626,10.);
#1274=VECTOR('',#4627,10.);
#1275=VECTOR('',#4630,10.);
#1276=VECTOR('',#4631,10.);
#1277=VECTOR('',#4632,10.);
#1278=VECTOR('',#4633,10.);
#1279=VECTOR('',#4634,10.);
#1280=VECTOR('',#4635,10.);
#1281=VECTOR('',#4636,10.);
#1282=VECTOR('',#4637,10.);
#1283=VECTOR('',#4638,10.);
#1284=VECTOR('',#4639,10.);
#1285=VECTOR('',#4640,10.);
#1286=VECTOR('',#4641,10.);
#1287=VECTOR('',#4642,10.);
#1288=VECTOR('',#4643,10.);
#1289=VECTOR('',#4646,10.);
#1290=VECTOR('',#4647,10.);
#1291=VECTOR('',#4648,10.);
#1292=VECTOR('',#4649,10.);
#1293=VECTOR('',#4652,10.);
#1294=VECTOR('',#4653,10.);
#1295=VECTOR('',#4654,10.);
#1296=VECTOR('',#4655,10.);
#1297=VECTOR('',#4658,10.);
#1298=VECTOR('',#4659,10.);
#1299=VECTOR('',#4660,10.);
#1300=VECTOR('',#4663,10.);
#1301=VECTOR('',#4664,10.);
#1302=VECTOR('',#4665,10.);
#1303=VECTOR('',#4668,10.);
#1304=VECTOR('',#4669,10.);
#1305=VECTOR('',#4672,10.);
#1306=VECTOR('',#4675,10.);
#1307=VECTOR('',#4676,10.);
#1308=VECTOR('',#4677,10.);
#1309=VECTOR('',#4678,10.);
#1310=VECTOR('',#4679,10.);
#1311=VECTOR('',#4680,10.);
#1312=VECTOR('',#4681,10.);
#1313=VECTOR('',#4682,10.);
#1314=VECTOR('',#4683,10.);
#1315=VECTOR('',#4684,10.);
#1316=VECTOR('',#4685,10.);
#1317=VECTOR('',#4686,10.);
#1318=VECTOR('',#4687,10.);
#1319=VECTOR('',#4688,10.);
#1320=VECTOR('',#4689,10.);
#1321=VECTOR('',#4690,10.);
#1322=VECTOR('',#4691,10.);
#1323=VECTOR('',#4692,10.);
#1324=VECTOR('',#4693,10.);
#1325=VECTOR('',#4694,10.);
#1326=VECTOR('',#4695,10.);
#1327=VECTOR('',#4696,10.);
#1328=VECTOR('',#4697,10.);
#1329=VECTOR('',#4698,10.);
#1330=VECTOR('',#4699,10.);
#1331=VECTOR('',#4700,10.);
#1332=VECTOR('',#4701,10.);
#1333=VECTOR('',#4702,10.);
#1334=VECTOR('',#4703,10.);
#1335=VECTOR('',#4704,10.);
#1336=VECTOR('',#4705,10.);
#1337=VECTOR('',#4706,10.);
#1338=VECTOR('',#4707,10.);
#1339=VECTOR('',#4708,10.);
#1340=VECTOR('',#4709,10.);
#1341=VECTOR('',#4710,10.);
#1342=VECTOR('',#4711,10.);
#1343=VECTOR('',#4712,10.);
#1344=VECTOR('',#4713,10.);
#1345=VECTOR('',#4714,10.);
#1346=VECTOR('',#4715,10.);
#1347=VECTOR('',#4716,10.);
#1348=VECTOR('',#4717,10.);
#1349=VECTOR('',#4718,10.);
#1350=VECTOR('',#4719,10.);
#1351=VECTOR('',#4722,10.);
#1352=VECTOR('',#4723,10.);
#1353=VECTOR('',#4724,10.);
#1354=VECTOR('',#4725,10.);
#1355=VECTOR('',#4728,10.);
#1356=VECTOR('',#4729,10.);
#1357=VECTOR('',#4730,10.);
#1358=VECTOR('',#4733,10.);
#1359=VECTOR('',#4734,10.);
#1360=VECTOR('',#4735,10.);
#1361=VECTOR('',#4736,10.);
#1362=VECTOR('',#4737,10.);
#1363=VECTOR('',#4738,10.);
#1364=VECTOR('',#4741,10.);
#1365=VECTOR('',#4742,10.);
#1366=VECTOR('',#4745,10.);
#1367=VECTOR('',#4748,10.);
#1368=VECTOR('',#4751,10.);
#1369=VECTOR('',#4752,10.);
#1370=VECTOR('',#4753,10.);
#1371=VECTOR('',#4754,10.);
#1372=VECTOR('',#4755,10.);
#1373=VECTOR('',#4756,10.);
#1374=VECTOR('',#4757,10.);
#1375=VECTOR('',#4758,10.);
#1376=VECTOR('',#4759,10.);
#1377=VECTOR('',#4760,10.);
#1378=VECTOR('',#4761,10.);
#1379=VECTOR('',#4762,10.);
#1380=VECTOR('',#4763,10.);
#1381=VECTOR('',#4764,10.);
#1382=VECTOR('',#4765,10.);
#1383=VECTOR('',#4766,10.);
#1384=VECTOR('',#4767,10.);
#1385=VECTOR('',#4768,10.);
#1386=VECTOR('',#4769,10.);
#1387=VECTOR('',#4770,10.);
#1388=VECTOR('',#4771,10.);
#1389=VECTOR('',#4772,10.);
#1390=VECTOR('',#4773,10.);
#1391=VECTOR('',#4774,10.);
#1392=VECTOR('',#4775,10.);
#1393=VECTOR('',#4776,10.);
#1394=VECTOR('',#4777,10.);
#1395=VECTOR('',#4778,10.);
#1396=VECTOR('',#4779,10.);
#1397=VECTOR('',#4780,10.);
#1398=VECTOR('',#4781,10.);
#1399=VECTOR('',#4782,10.);
#1400=VECTOR('',#4783,10.);
#1401=VECTOR('',#4784,10.);
#1402=VECTOR('',#4785,10.);
#1403=VECTOR('',#4786,10.);
#1404=VECTOR('',#4787,10.);
#1405=VECTOR('',#4788,10.);
#1406=VECTOR('',#4809,10.);
#1407=VECTOR('',#4810,10.);
#1408=VECTOR('',#4811,10.);
#1409=VECTOR('',#4812,10.);
#1410=VECTOR('',#4813,10.);
#1411=VECTOR('',#4814,10.);
#1412=VECTOR('',#4815,10.);
#1413=VECTOR('',#4816,10.);
#1414=VECTOR('',#4819,10.);
#1415=VECTOR('',#4820,10.);
#1416=VECTOR('',#4821,10.);
#1417=VECTOR('',#4822,10.);
#1418=VECTOR('',#4823,10.);
#1419=VECTOR('',#4824,10.);
#1420=VECTOR('',#4825,10.);
#1421=VECTOR('',#4826,10.);
#1422=VECTOR('',#4827,10.);
#1423=VECTOR('',#4828,10.);
#1424=VECTOR('',#4829,10.);
#1425=VECTOR('',#4830,10.);
#1426=VECTOR('',#4831,10.);
#1427=VECTOR('',#4832,10.);
#1428=VECTOR('',#4833,10.);
#1429=VECTOR('',#4834,10.);
#1430=VECTOR('',#4835,10.);
#1431=VECTOR('',#4836,10.);
#1432=VECTOR('',#4837,10.);
#1433=VECTOR('',#4838,10.);
#1434=VECTOR('',#4839,10.);
#1435=VECTOR('',#4840,10.);
#1436=VECTOR('',#4841,10.);
#1437=VECTOR('',#4842,10.);
#1438=VECTOR('',#4845,10.);
#1439=VECTOR('',#4848,10.);
#1440=VECTOR('',#4849,10.);
#1441=VECTOR('',#4850,10.);
#1442=VECTOR('',#4851,10.);
#1443=VECTOR('',#4852,10.);
#1444=VECTOR('',#4853,10.);
#1445=VECTOR('',#4854,10.);
#1446=VECTOR('',#4855,10.);
#1447=VECTOR('',#4856,10.);
#1448=VECTOR('',#4857,10.);
#1449=VECTOR('',#4858,10.);
#1450=VECTOR('',#4859,10.);
#1451=VECTOR('',#4860,10.);
#1452=VECTOR('',#4861,10.);
#1453=VECTOR('',#4862,10.);
#1454=VECTOR('',#4863,10.);
#1455=VECTOR('',#4864,10.);
#1456=VECTOR('',#4865,10.);
#1457=VECTOR('',#4866,10.);
#1458=VECTOR('',#4867,10.);
#1459=VECTOR('',#4868,10.);
#1460=VECTOR('',#4869,10.);
#1461=VECTOR('',#4870,10.);
#1462=VECTOR('',#4871,10.);
#1463=VECTOR('',#4874,10.);
#1464=VECTOR('',#4875,10.);
#1465=VECTOR('',#4876,10.);
#1466=VECTOR('',#4879,10.);
#1467=VECTOR('',#4880,10.);
#1468=VECTOR('',#4883,10.);
#1469=VECTOR('',#4886,10.);
#1470=VECTOR('',#4887,10.);
#1471=VECTOR('',#4888,10.);
#1472=VECTOR('',#4889,10.);
#1473=VECTOR('',#4890,10.);
#1474=VECTOR('',#4891,10.);
#1475=VECTOR('',#4894,10.);
#1476=VECTOR('',#4895,10.);
#1477=VECTOR('',#4898,10.);
#1478=VECTOR('',#4901,10.);
#1479=VECTOR('',#4902,10.);
#1480=VECTOR('',#4903,10.);
#1481=VECTOR('',#4906,10.);
#1482=VECTOR('',#4907,10.);
#1483=VECTOR('',#4908,10.);
#1484=VECTOR('',#4911,10.);
#1485=VECTOR('',#4912,10.);
#1486=VECTOR('',#4913,10.);
#1487=VECTOR('',#4914,10.);
#1488=VECTOR('',#4917,10.);
#1489=VECTOR('',#4918,10.);
#1490=VECTOR('',#4919,10.);
#1491=VECTOR('',#4922,10.);
#1492=VECTOR('',#4923,10.);
#1493=VECTOR('',#4926,10.);
#1494=VECTOR('',#4929,10.);
#1495=VECTOR('',#4930,10.);
#1496=VECTOR('',#4931,10.);
#1497=VECTOR('',#4934,10.);
#1498=VECTOR('',#4935,10.);
#1499=VECTOR('',#4938,10.);
#1500=VECTOR('',#4941,10.);
#1501=VECTOR('',#4942,10.);
#1502=VECTOR('',#4945,10.);
#1503=VECTOR('',#4946,10.);
#1504=VECTOR('',#4947,10.);
#1505=VECTOR('',#4950,10.);
#1506=VECTOR('',#4951,10.);
#1507=VECTOR('',#4954,10.);
#1508=VECTOR('',#4957,10.);
#1509=VECTOR('',#4958,10.);
#1510=VECTOR('',#4959,10.);
#1511=VECTOR('',#4962,10.);
#1512=VECTOR('',#4963,10.);
#1513=VECTOR('',#4966,10.);
#1514=VECTOR('',#4969,10.);
#1515=VECTOR('',#4970,10.);
#1516=VECTOR('',#4971,10.);
#1517=VECTOR('',#4974,10.);
#1518=VECTOR('',#4975,10.);
#1519=VECTOR('',#4978,10.);
#1520=VECTOR('',#4981,10.);
#1521=VECTOR('',#4982,10.);
#1522=VECTOR('',#4983,10.);
#1523=VECTOR('',#4986,10.);
#1524=VECTOR('',#4987,10.);
#1525=VECTOR('',#4990,10.);
#1526=VECTOR('',#4993,10.);
#1527=VECTOR('',#4994,10.);
#1528=VECTOR('',#4995,10.);
#1529=VECTOR('',#4998,10.);
#1530=VECTOR('',#4999,10.);
#1531=VECTOR('',#5000,10.);
#1532=VECTOR('',#5003,10.);
#1533=VECTOR('',#5004,10.);
#1534=VECTOR('',#5007,10.);
#1535=VECTOR('',#5010,10.);
#1536=VECTOR('',#5011,10.);
#1537=VECTOR('',#5012,10.);
#1538=VECTOR('',#5015,10.);
#1539=VECTOR('',#5016,10.);
#1540=VECTOR('',#5019,10.);
#1541=VECTOR('',#5022,10.);
#1542=VECTOR('',#5023,10.);
#1543=VECTOR('',#5024,10.);
#1544=VECTOR('',#5025,10.);
#1545=VECTOR('',#5028,10.);
#1546=VECTOR('',#5029,10.);
#1547=VECTOR('',#5032,10.);
#1548=VECTOR('',#5037,10.);
#1549=VECTOR('',#5038,10.);
#1550=VECTOR('',#5039,10.);
#1551=VECTOR('',#5042,10.);
#1552=VECTOR('',#5043,10.);
#1553=VECTOR('',#5046,10.);
#1554=VECTOR('',#5051,10.);
#1555=VECTOR('',#5052,10.);
#1556=VECTOR('',#5055,10.);
#1557=VECTOR('',#5060,10.);
#1558=VECTOR('',#5061,10.);
#1559=VECTOR('',#5064,10.);
#1560=VECTOR('',#5065,10.);
#1561=VECTOR('',#5068,10.);
#1562=VECTOR('',#5073,10.);
#1563=VECTOR('',#5074,10.);
#1564=VECTOR('',#5075,10.);
#1565=VECTOR('',#5078,10.);
#1566=VECTOR('',#5079,10.);
#1567=VECTOR('',#5082,10.);
#1568=VECTOR('',#5085,10.);
#1569=VECTOR('',#5088,10.);
#1570=VECTOR('',#5089,10.);
#1571=VECTOR('',#5092,10.);
#1572=VECTOR('',#5097,10.);
#1573=VECTOR('',#5098,10.);
#1574=VECTOR('',#5101,10.);
#1575=VECTOR('',#5106,10.);
#1576=VECTOR('',#5107,10.);
#1577=VECTOR('',#5108,10.);
#1578=VECTOR('',#5111,10.);
#1579=VECTOR('',#5112,10.);
#1580=VECTOR('',#5115,10.);
#1581=VECTOR('',#5118,10.);
#1582=VECTOR('',#5121,10.);
#1583=VECTOR('',#5122,10.);
#1584=VECTOR('',#5125,10.);
#1585=VECTOR('',#5130,10.);
#1586=VECTOR('',#5131,10.);
#1587=VECTOR('',#5132,10.);
#1588=VECTOR('',#5135,10.);
#1589=VECTOR('',#5136,10.);
#1590=VECTOR('',#5139,10.);
#1591=VECTOR('',#5144,10.);
#1592=VECTOR('',#5145,10.);
#1593=VECTOR('',#5146,10.);
#1594=VECTOR('',#5149,10.);
#1595=VECTOR('',#5150,10.);
#1596=VECTOR('',#5153,10.);
#1597=VECTOR('',#5158,10.);
#1598=VECTOR('',#5159,10.);
#1599=VECTOR('',#5162,10.);
#1600=VECTOR('',#5167,10.);
#1601=VECTOR('',#5168,10.);
#1602=VECTOR('',#5169,10.);
#1603=VECTOR('',#5172,10.);
#1604=VECTOR('',#5173,10.);
#1605=VECTOR('',#5174,10.);
#1606=VECTOR('',#5177,10.);
#1607=VECTOR('',#5178,10.);
#1608=VECTOR('',#5179,10.);
#1609=VECTOR('',#5182,10.);
#1610=VECTOR('',#5183,10.);
#1611=VECTOR('',#5184,10.);
#1612=VECTOR('',#5185,10.);
#1613=VECTOR('',#5186,10.);
#1614=VECTOR('',#5187,10.);
#1615=VECTOR('',#5188,10.);
#1616=VECTOR('',#5189,10.);
#1617=VECTOR('',#5190,10.);
#1618=VECTOR('',#5191,10.);
#1619=VECTOR('',#5192,10.);
#1620=VECTOR('',#5193,10.);
#1621=VECTOR('',#5194,10.);
#1622=VECTOR('',#5195,10.);
#1623=VECTOR('',#5198,10.);
#1624=VECTOR('',#5199,10.);
#1625=VECTOR('',#5200,10.);
#1626=VECTOR('',#5201,10.);
#1627=VECTOR('',#5202,10.);
#1628=VECTOR('',#5203,10.);
#1629=VECTOR('',#5204,10.);
#1630=VECTOR('',#5205,10.);
#1631=VECTOR('',#5208,10.);
#1632=VECTOR('',#5209,10.);
#1633=VECTOR('',#5210,10.);
#1634=VECTOR('',#5211,10.);
#1635=VECTOR('',#5212,10.);
#1636=VECTOR('',#5213,10.);
#1637=VECTOR('',#5214,10.);
#1638=VECTOR('',#5215,10.);
#1639=VECTOR('',#5218,10.);
#1640=VECTOR('',#5219,10.);
#1641=VECTOR('',#5220,10.);
#1642=VECTOR('',#5221,10.);
#1643=VECTOR('',#5222,10.);
#1644=VECTOR('',#5223,10.);
#1645=VECTOR('',#5224,10.);
#1646=VECTOR('',#5225,10.);
#1647=VECTOR('',#5228,10.);
#1648=VECTOR('',#5229,10.);
#1649=VECTOR('',#5232,10.);
#1650=VECTOR('',#5233,10.);
#1651=VECTOR('',#5234,10.);
#1652=VECTOR('',#5235,10.);
#1653=VECTOR('',#5236,10.);
#1654=VECTOR('',#5237,10.);
#1655=VECTOR('',#5238,10.);
#1656=VECTOR('',#5241,10.);
#1657=VECTOR('',#5242,10.);
#1658=VECTOR('',#5245,10.);
#1659=VECTOR('',#5246,10.);
#1660=VECTOR('',#5249,10.);
#1661=VECTOR('',#5250,10.);
#1662=VECTOR('',#5253,10.);
#1663=VECTOR('',#5254,10.);
#1664=VECTOR('',#5255,10.);
#1665=VECTOR('',#5256,10.);
#1666=VECTOR('',#5257,10.);
#1667=VECTOR('',#5258,10.);
#1668=VECTOR('',#5261,10.);
#1669=VECTOR('',#5262,10.);
#1670=VECTOR('',#5265,10.);
#1671=VECTOR('',#5266,10.);
#1672=VECTOR('',#5267,10.);
#1673=VECTOR('',#5270,10.);
#1674=VECTOR('',#5271,10.);
#1675=VECTOR('',#5272,10.);
#1676=VECTOR('',#5275,10.);
#1677=VECTOR('',#5276,10.);
#1678=VECTOR('',#5279,10.);
#1679=VECTOR('',#5280,10.);
#1680=VECTOR('',#5283,10.);
#1681=VECTOR('',#5284,10.);
#1682=VECTOR('',#5285,10.);
#1683=VECTOR('',#5288,10.);
#1684=VECTOR('',#5289,10.);
#1685=VECTOR('',#5290,10.);
#1686=VECTOR('',#5293,10.);
#1687=VECTOR('',#5296,10.);
#1688=VECTOR('',#5299,10.);
#1689=VECTOR('',#5304,10.);
#1690=VECTOR('',#5305,10.);
#1691=VECTOR('',#5306,10.);
#1692=VECTOR('',#5309,10.);
#1693=VECTOR('',#5310,10.);
#1694=VECTOR('',#5311,10.);
#1695=VECTOR('',#5314,10.);
#1696=VECTOR('',#5315,10.);
#1697=VECTOR('',#5318,10.);
#1698=VECTOR('',#5321,10.);
#1699=VECTOR('',#5322,10.);
#1700=VECTOR('',#5325,10.);
#1701=VECTOR('',#5326,10.);
#1702=VECTOR('',#5327,10.);
#1703=VECTOR('',#5330,10.);
#1704=VECTOR('',#5333,10.);
#1705=VECTOR('',#5334,10.);
#1706=VECTOR('',#5337,10.);
#1707=VECTOR('',#5342,10.);
#1708=VECTOR('',#5343,10.);
#1709=VECTOR('',#5346,10.);
#1710=VECTOR('',#5349,10.);
#1711=VECTOR('',#5350,10.);
#1712=VECTOR('',#5353,10.);
#1713=VECTOR('',#5354,10.);
#1714=VECTOR('',#5355,10.);
#1715=VECTOR('',#5358,10.);
#1716=VECTOR('',#5361,10.);
#1717=VECTOR('',#5362,10.);
#1718=VECTOR('',#5365,10.);
#1719=VECTOR('',#5370,10.);
#1720=VECTOR('',#5371,10.);
#1721=VECTOR('',#5374,10.);
#1722=VECTOR('',#5381,10.);
#1723=VECTOR('',#5386,10.);
#1724=VECTOR('',#5387,10.);
#1725=VECTOR('',#5394,10.);
#1726=VECTOR('',#5401,10.);
#1727=VECTOR('',#5402,10.);
#1728=VECTOR('',#5407,1.75);
#1729=VECTOR('',#5414,1.75);
#1730=VECTOR('',#5421,1.75);
#1731=VECTOR('',#5428,1.75);
#1732=VECTOR('',#5449,0.800000000000002);
#1733=VECTOR('',#5454,0.800000000000002);
#1734=VECTOR('',#5459,0.800000000000002);
#1735=VECTOR('',#5466,3.);
#1736=VECTOR('',#5471,0.800000000000002);
#1737=VECTOR('',#5476,9.00000000000001);
#1738=VECTOR('',#5479,10.);
#1739=VECTOR('',#5486,1.75);
#1740=VECTOR('',#5491,1.75);
#1741=VECTOR('',#5496,1.75);
#1742=VECTOR('',#5501,1.75);
#1743=VECTOR('',#5522,0.800000000000002);
#1744=VECTOR('',#5527,0.800000000000002);
#1745=VECTOR('',#5532,0.800000000000002);
#1746=VECTOR('',#5537,3.);
#1747=VECTOR('',#5542,0.800000000000002);
#1748=VECTOR('',#5547,9.00000000000001);
#1749=VECTOR('',#5556,10.);
#1750=VECTOR('',#5557,9.00000000000001);
#1751=VECTOR('',#5564,1.75);
#1752=VECTOR('',#5571,1.75);
#1753=VECTOR('',#5578,1.75);
#1754=VECTOR('',#5585,1.75);
#1755=VECTOR('',#5590,10.);
#1756=VECTOR('',#5611,0.800000000000005);
#1757=VECTOR('',#5616,0.800000000000001);
#1758=VECTOR('',#5621,0.800000000000002);
#1759=VECTOR('',#5626,3.);
#1760=VECTOR('',#5631,0.799999999999998);
#1761=VECTOR('',#5638,9.00000000000001);
#1762=VECTOR('',#5643,1.75);
#1763=VECTOR('',#5648,1.75);
#1764=VECTOR('',#5653,1.75);
#1765=VECTOR('',#5658,1.75);
#1766=VECTOR('',#5681,0.800000000000005);
#1767=VECTOR('',#5686,0.800000000000001);
#1768=VECTOR('',#5691,0.800000000000002);
#1769=VECTOR('',#5696,3.);
#1770=VECTOR('',#5701,0.799999999999998);
#1771=VERTEX_POINT('',#5708);
#1772=VERTEX_POINT('',#5709);
#1773=VERTEX_POINT('',#5711);
#1774=VERTEX_POINT('',#5713);
#1775=VERTEX_POINT('',#5717);
#1776=VERTEX_POINT('',#5718);
#1777=VERTEX_POINT('',#5720);
#1778=VERTEX_POINT('',#5722);
#1779=VERTEX_POINT('',#5726);
#1780=VERTEX_POINT('',#5727);
#1781=VERTEX_POINT('',#5729);
#1782=VERTEX_POINT('',#5731);
#1783=VERTEX_POINT('',#5733);
#1784=VERTEX_POINT('',#5735);
#1785=VERTEX_POINT('',#5737);
#1786=VERTEX_POINT('',#5739);
#1787=VERTEX_POINT('',#5741);
#1788=VERTEX_POINT('',#5743);
#1789=VERTEX_POINT('',#5746);
#1790=VERTEX_POINT('',#5747);
#1791=VERTEX_POINT('',#5749);
#1792=VERTEX_POINT('',#5751);
#1793=VERTEX_POINT('',#5755);
#1794=VERTEX_POINT('',#5756);
#1795=VERTEX_POINT('',#5758);
#1796=VERTEX_POINT('',#5760);
#1797=VERTEX_POINT('',#5764);
#1798=VERTEX_POINT('',#5765);
#1799=VERTEX_POINT('',#5767);
#1800=VERTEX_POINT('',#5769);
#1801=VERTEX_POINT('',#5773);
#1802=VERTEX_POINT('',#5775);
#1803=VERTEX_POINT('',#5779);
#1804=VERTEX_POINT('',#5781);
#1805=VERTEX_POINT('',#5785);
#1806=VERTEX_POINT('',#5787);
#1807=VERTEX_POINT('',#5789);
#1808=VERTEX_POINT('',#5791);
#1809=VERTEX_POINT('',#5793);
#1810=VERTEX_POINT('',#5796);
#1811=VERTEX_POINT('',#5798);
#1812=VERTEX_POINT('',#5801);
#1813=VERTEX_POINT('',#5803);
#1814=VERTEX_POINT('',#5805);
#1815=VERTEX_POINT('',#5807);
#1816=VERTEX_POINT('',#5809);
#1817=VERTEX_POINT('',#5811);
#1818=VERTEX_POINT('',#5813);
#1819=VERTEX_POINT('',#5815);
#1820=VERTEX_POINT('',#5817);
#1821=VERTEX_POINT('',#5819);
#1822=VERTEX_POINT('',#5821);
#1823=VERTEX_POINT('',#5823);
#1824=VERTEX_POINT('',#5825);
#1825=VERTEX_POINT('',#5827);
#1826=VERTEX_POINT('',#5829);
#1827=VERTEX_POINT('',#5831);
#1828=VERTEX_POINT('',#5833);
#1829=VERTEX_POINT('',#5836);
#1830=VERTEX_POINT('',#5837);
#1831=VERTEX_POINT('',#5839);
#1832=VERTEX_POINT('',#5841);
#1833=VERTEX_POINT('',#5844);
#1834=VERTEX_POINT('',#5845);
#1835=VERTEX_POINT('',#5847);
#1836=VERTEX_POINT('',#5849);
#1837=VERTEX_POINT('',#5852);
#1838=VERTEX_POINT('',#5853);
#1839=VERTEX_POINT('',#5855);
#1840=VERTEX_POINT('',#5858);
#1841=VERTEX_POINT('',#5859);
#1842=VERTEX_POINT('',#5861);
#1843=VERTEX_POINT('',#5864);
#1844=VERTEX_POINT('',#5865);
#1845=VERTEX_POINT('',#5867);
#1846=VERTEX_POINT('',#5870);
#1847=VERTEX_POINT('',#5871);
#1848=VERTEX_POINT('',#5873);
#1849=VERTEX_POINT('',#5876);
#1850=VERTEX_POINT('',#5877);
#1851=VERTEX_POINT('',#5879);
#1852=VERTEX_POINT('',#5883);
#1853=VERTEX_POINT('',#5884);
#1854=VERTEX_POINT('',#5886);
#1855=VERTEX_POINT('',#5888);
#1856=VERTEX_POINT('',#5892);
#1857=VERTEX_POINT('',#5894);
#1858=VERTEX_POINT('',#5898);
#1859=VERTEX_POINT('',#5901);
#1860=VERTEX_POINT('',#5903);
#1861=VERTEX_POINT('',#5905);
#1862=VERTEX_POINT('',#5909);
#1863=VERTEX_POINT('',#5913);
#1864=VERTEX_POINT('',#5915);
#1865=VERTEX_POINT('',#5917);
#1866=VERTEX_POINT('',#5919);
#1867=VERTEX_POINT('',#5921);
#1868=VERTEX_POINT('',#5924);
#1869=VERTEX_POINT('',#5925);
#1870=VERTEX_POINT('',#5927);
#1871=VERTEX_POINT('',#5930);
#1872=VERTEX_POINT('',#5931);
#1873=VERTEX_POINT('',#5933);
#1874=VERTEX_POINT('',#5936);
#1875=VERTEX_POINT('',#5937);
#1876=VERTEX_POINT('',#5939);
#1877=VERTEX_POINT('',#5942);
#1878=VERTEX_POINT('',#5943);
#1879=VERTEX_POINT('',#5945);
#1880=VERTEX_POINT('',#5948);
#1881=VERTEX_POINT('',#5949);
#1882=VERTEX_POINT('',#5951);
#1883=VERTEX_POINT('',#5954);
#1884=VERTEX_POINT('',#5955);
#1885=VERTEX_POINT('',#5957);
#1886=VERTEX_POINT('',#5960);
#1887=VERTEX_POINT('',#5961);
#1888=VERTEX_POINT('',#5963);
#1889=VERTEX_POINT('',#5966);
#1890=VERTEX_POINT('',#5967);
#1891=VERTEX_POINT('',#5969);
#1892=VERTEX_POINT('',#5972);
#1893=VERTEX_POINT('',#5973);
#1894=VERTEX_POINT('',#5975);
#1895=VERTEX_POINT('',#5978);
#1896=VERTEX_POINT('',#5979);
#1897=VERTEX_POINT('',#5981);
#1898=VERTEX_POINT('',#5984);
#1899=VERTEX_POINT('',#5985);
#1900=VERTEX_POINT('',#5987);
#1901=VERTEX_POINT('',#5990);
#1902=VERTEX_POINT('',#5991);
#1903=VERTEX_POINT('',#5993);
#1904=VERTEX_POINT('',#5996);
#1905=VERTEX_POINT('',#5998);
#1906=VERTEX_POINT('',#6000);
#1907=VERTEX_POINT('',#6002);
#1908=VERTEX_POINT('',#6004);
#1909=VERTEX_POINT('',#6006);
#1910=VERTEX_POINT('',#6008);
#1911=VERTEX_POINT('',#6010);
#1912=VERTEX_POINT('',#6012);
#1913=VERTEX_POINT('',#6014);
#1914=VERTEX_POINT('',#6016);
#1915=VERTEX_POINT('',#6017);
#1916=VERTEX_POINT('',#6019);
#1917=VERTEX_POINT('',#6021);
#1918=VERTEX_POINT('',#6024);
#1919=VERTEX_POINT('',#6025);
#1920=VERTEX_POINT('',#6027);
#1921=VERTEX_POINT('',#6029);
#1922=VERTEX_POINT('',#6033);
#1923=VERTEX_POINT('',#6035);
#1924=VERTEX_POINT('',#6037);
#1925=VERTEX_POINT('',#6039);
#1926=VERTEX_POINT('',#6041);
#1927=VERTEX_POINT('',#6043);
#1928=VERTEX_POINT('',#6045);
#1929=VERTEX_POINT('',#6047);
#1930=VERTEX_POINT('',#6049);
#1931=VERTEX_POINT('',#6051);
#1932=VERTEX_POINT('',#6053);
#1933=VERTEX_POINT('',#6055);
#1934=VERTEX_POINT('',#6057);
#1935=VERTEX_POINT('',#6059);
#1936=VERTEX_POINT('',#6061);
#1937=VERTEX_POINT('',#6063);
#1938=VERTEX_POINT('',#6065);
#1939=VERTEX_POINT('',#6067);
#1940=VERTEX_POINT('',#6069);
#1941=VERTEX_POINT('',#6072);
#1942=VERTEX_POINT('',#6074);
#1943=VERTEX_POINT('',#6077);
#1944=VERTEX_POINT('',#6079);
#1945=VERTEX_POINT('',#6081);
#1946=VERTEX_POINT('',#6083);
#1947=VERTEX_POINT('',#6086);
#1948=VERTEX_POINT('',#6087);
#1949=VERTEX_POINT('',#6089);
#1950=VERTEX_POINT('',#6091);
#1951=VERTEX_POINT('',#6094);
#1952=VERTEX_POINT('',#6095);
#1953=VERTEX_POINT('',#6097);
#1954=VERTEX_POINT('',#6100);
#1955=VERTEX_POINT('',#6101);
#1956=VERTEX_POINT('',#6103);
#1957=VERTEX_POINT('',#6106);
#1958=VERTEX_POINT('',#6107);
#1959=VERTEX_POINT('',#6109);
#1960=VERTEX_POINT('',#6112);
#1961=VERTEX_POINT('',#6113);
#1962=VERTEX_POINT('',#6115);
#1963=VERTEX_POINT('',#6118);
#1964=VERTEX_POINT('',#6119);
#1965=VERTEX_POINT('',#6121);
#1966=VERTEX_POINT('',#6124);
#1967=VERTEX_POINT('',#6125);
#1968=VERTEX_POINT('',#6127);
#1969=VERTEX_POINT('',#6129);
#1970=VERTEX_POINT('',#6134);
#1971=VERTEX_POINT('',#6138);
#1972=VERTEX_POINT('',#6145);
#1973=VERTEX_POINT('',#6149);
#1974=VERTEX_POINT('',#6150);
#1975=VERTEX_POINT('',#6152);
#1976=VERTEX_POINT('',#6154);
#1977=VERTEX_POINT('',#6157);
#1978=VERTEX_POINT('',#6159);
#1979=VERTEX_POINT('',#6162);
#1980=VERTEX_POINT('',#6163);
#1981=VERTEX_POINT('',#6165);
#1982=VERTEX_POINT('',#6167);
#1983=VERTEX_POINT('',#6170);
#1984=VERTEX_POINT('',#6171);
#1985=VERTEX_POINT('',#6173);
#1986=VERTEX_POINT('',#6175);
#1987=VERTEX_POINT('',#6179);
#1988=VERTEX_POINT('',#6181);
#1989=VERTEX_POINT('',#6186);
#1990=VERTEX_POINT('',#6188);
#1991=VERTEX_POINT('',#6192);
#1992=VERTEX_POINT('',#6198);
#1993=VERTEX_POINT('',#6200);
#1994=VERTEX_POINT('',#6204);
#1995=VERTEX_POINT('',#6210);
#1996=VERTEX_POINT('',#6214);
#1997=VERTEX_POINT('',#6216);
#1998=VERTEX_POINT('',#6220);
#1999=VERTEX_POINT('',#6226);
#2000=VERTEX_POINT('',#6228);
#2001=VERTEX_POINT('',#6232);
#2002=VERTEX_POINT('',#6238);
#2003=VERTEX_POINT('',#6240);
#2004=VERTEX_POINT('',#6244);
#2005=VERTEX_POINT('',#6250);
#2006=VERTEX_POINT('',#6252);
#2007=VERTEX_POINT('',#6256);
#2008=VERTEX_POINT('',#6263);
#2009=VERTEX_POINT('',#6267);
#2010=VERTEX_POINT('',#6269);
#2011=VERTEX_POINT('',#6273);
#2012=VERTEX_POINT('',#6279);
#2013=VERTEX_POINT('',#6281);
#2014=VERTEX_POINT('',#6285);
#2015=VERTEX_POINT('',#6291);
#2016=VERTEX_POINT('',#6293);
#2017=VERTEX_POINT('',#6304);
#2018=VERTEX_POINT('',#6305);
#2019=VERTEX_POINT('',#6310);
#2020=VERTEX_POINT('',#6323);
#2021=VERTEX_POINT('',#6334);
#2022=VERTEX_POINT('',#6338);
#2023=VERTEX_POINT('',#6359);
#2024=VERTEX_POINT('',#6363);
#2025=VERTEX_POINT('',#6377);
#2026=VERTEX_POINT('',#6389);
#2027=VERTEX_POINT('',#6405);
#2028=VERTEX_POINT('',#6407);
#2029=VERTEX_POINT('',#6411);
#2030=VERTEX_POINT('',#6413);
#2031=VERTEX_POINT('',#6417);
#2032=VERTEX_POINT('',#6419);
#2033=VERTEX_POINT('',#6423);
#2034=VERTEX_POINT('',#6424);
#2035=VERTEX_POINT('',#6426);
#2036=VERTEX_POINT('',#6428);
#2037=VERTEX_POINT('',#6430);
#2038=VERTEX_POINT('',#6433);
#2039=VERTEX_POINT('',#6436);
#2040=VERTEX_POINT('',#6438);
#2041=VERTEX_POINT('',#6440);
#2042=VERTEX_POINT('',#6442);
#2043=VERTEX_POINT('',#6444);
#2044=VERTEX_POINT('',#6446);
#2045=VERTEX_POINT('',#6450);
#2046=VERTEX_POINT('',#6451);
#2047=VERTEX_POINT('',#6453);
#2048=VERTEX_POINT('',#6456);
#2049=VERTEX_POINT('',#6458);
#2050=VERTEX_POINT('',#6461);
#2051=VERTEX_POINT('',#6465);
#2052=VERTEX_POINT('',#6466);
#2053=VERTEX_POINT('',#6468);
#2054=VERTEX_POINT('',#6470);
#2055=VERTEX_POINT('',#6472);
#2056=VERTEX_POINT('',#6474);
#2057=VERTEX_POINT('',#6476);
#2058=VERTEX_POINT('',#6481);
#2059=VERTEX_POINT('',#6482);
#2060=VERTEX_POINT('',#6484);
#2061=VERTEX_POINT('',#6487);
#2062=VERTEX_POINT('',#6489);
#2063=VERTEX_POINT('',#6492);
#2064=VERTEX_POINT('',#6499);
#2065=VERTEX_POINT('',#6500);
#2066=VERTEX_POINT('',#6503);
#2067=VERTEX_POINT('',#6505);
#2068=VERTEX_POINT('',#6508);
#2069=VERTEX_POINT('',#6523);
#2070=VERTEX_POINT('',#6525);
#2071=VERTEX_POINT('',#6530);
#2072=VERTEX_POINT('',#6534);
#2073=VERTEX_POINT('',#6540);
#2074=VERTEX_POINT('',#6544);
#2075=VERTEX_POINT('',#6548);
#2076=VERTEX_POINT('',#6553);
#2077=VERTEX_POINT('',#6559);
#2078=VERTEX_POINT('',#6562);
#2079=VERTEX_POINT('',#6564);
#2080=VERTEX_POINT('',#6567);
#2081=VERTEX_POINT('',#6572);
#2082=VERTEX_POINT('',#6574);
#2083=VERTEX_POINT('',#6578);
#2084=VERTEX_POINT('',#6583);
#2085=VERTEX_POINT('',#6592);
#2086=VERTEX_POINT('',#6594);
#2087=VERTEX_POINT('',#6600);
#2088=VERTEX_POINT('',#6607);
#2089=VERTEX_POINT('',#6616);
#2090=VERTEX_POINT('',#6618);
#2091=VERTEX_POINT('',#6624);
#2092=VERTEX_POINT('',#6631);
#2093=VERTEX_POINT('',#6654);
#2094=VERTEX_POINT('',#6656);
#2095=VERTEX_POINT('',#6660);
#2096=VERTEX_POINT('',#6662);
#2097=VERTEX_POINT('',#6666);
#2098=VERTEX_POINT('',#6668);
#2099=VERTEX_POINT('',#6672);
#2100=VERTEX_POINT('',#6674);
#2101=VERTEX_POINT('',#6678);
#2102=VERTEX_POINT('',#6681);
#2103=VERTEX_POINT('',#6684);
#2104=VERTEX_POINT('',#6687);
#2105=VERTEX_POINT('',#6690);
#2106=VERTEX_POINT('',#6694);
#2107=VERTEX_POINT('',#6698);
#2108=VERTEX_POINT('',#6702);
#2109=VERTEX_POINT('',#6704);
#2110=VERTEX_POINT('',#6708);
#2111=VERTEX_POINT('',#6712);
#2112=VERTEX_POINT('',#6715);
#2113=VERTEX_POINT('',#6720);
#2114=VERTEX_POINT('',#6724);
#2115=VERTEX_POINT('',#6728);
#2116=VERTEX_POINT('',#6732);
#2117=VERTEX_POINT('',#6736);
#2118=VERTEX_POINT('',#6739);
#2119=VERTEX_POINT('',#6742);
#2120=VERTEX_POINT('',#6745);
#2121=VERTEX_POINT('',#6748);
#2122=VERTEX_POINT('',#6752);
#2123=VERTEX_POINT('',#6756);
#2124=VERTEX_POINT('',#6760);
#2125=VERTEX_POINT('',#6764);
#2126=VERTEX_POINT('',#6768);
#2127=VERTEX_POINT('',#6773);
#2128=VERTEX_POINT('',#6776);
#2129=VERTEX_POINT('',#6780);
#2130=VERTEX_POINT('',#6782);
#2131=VERTEX_POINT('',#6786);
#2132=VERTEX_POINT('',#6788);
#2133=VERTEX_POINT('',#6792);
#2134=VERTEX_POINT('',#6794);
#2135=VERTEX_POINT('',#6798);
#2136=VERTEX_POINT('',#6800);
#2137=VERTEX_POINT('',#6805);
#2138=VERTEX_POINT('',#6808);
#2139=VERTEX_POINT('',#6811);
#2140=VERTEX_POINT('',#6814);
#2141=VERTEX_POINT('',#6817);
#2142=VERTEX_POINT('',#6820);
#2143=VERTEX_POINT('',#6824);
#2144=VERTEX_POINT('',#6828);
#2145=VERTEX_POINT('',#6832);
#2146=VERTEX_POINT('',#6836);
#2147=VERTEX_POINT('',#6841);
#2148=VERTEX_POINT('',#6845);
#2149=VERTEX_POINT('',#6849);
#2150=VERTEX_POINT('',#6853);
#2151=VERTEX_POINT('',#6857);
#2152=VERTEX_POINT('',#6862);
#2153=VERTEX_POINT('',#6865);
#2154=VERTEX_POINT('',#6868);
#2155=VERTEX_POINT('',#6871);
#2156=VERTEX_POINT('',#6874);
#2157=VERTEX_POINT('',#6878);
#2158=VERTEX_POINT('',#6882);
#2159=VERTEX_POINT('',#6886);
#2160=VERTEX_POINT('',#6890);
#2161=EDGE_CURVE('',#1771,#1772,#763,.T.);
#2162=EDGE_CURVE('',#1772,#1773,#764,.T.);
#2163=EDGE_CURVE('',#1774,#1773,#765,.T.);
#2164=EDGE_CURVE('',#1771,#1774,#766,.T.);
#2165=EDGE_CURVE('',#1775,#1776,#767,.T.);
#2166=EDGE_CURVE('',#1777,#1776,#768,.T.);
#2167=EDGE_CURVE('',#1778,#1777,#769,.T.);
#2168=EDGE_CURVE('',#1778,#1775,#770,.T.);
#2169=EDGE_CURVE('',#1779,#1780,#771,.T.);
#2170=EDGE_CURVE('',#1779,#1781,#772,.T.);
#2171=EDGE_CURVE('',#1782,#1781,#773,.T.);
#2172=EDGE_CURVE('',#1783,#1782,#774,.T.);
#2173=EDGE_CURVE('',#1784,#1783,#775,.T.);
#2174=EDGE_CURVE('',#1785,#1784,#776,.T.);
#2175=EDGE_CURVE('',#1786,#1785,#777,.T.);
#2176=EDGE_CURVE('',#1787,#1786,#778,.T.);
#2177=EDGE_CURVE('',#1788,#1787,#779,.T.);
#2178=EDGE_CURVE('',#1780,#1788,#780,.T.);
#2179=EDGE_CURVE('',#1789,#1790,#781,.T.);
#2180=EDGE_CURVE('',#1790,#1791,#782,.T.);
#2181=EDGE_CURVE('',#1791,#1792,#783,.T.);
#2182=EDGE_CURVE('',#1792,#1789,#784,.T.);
#2183=EDGE_CURVE('',#1793,#1794,#785,.T.);
#2184=EDGE_CURVE('',#1794,#1795,#786,.T.);
#2185=EDGE_CURVE('',#1796,#1795,#787,.T.);
#2186=EDGE_CURVE('',#1793,#1796,#788,.T.);
#2187=EDGE_CURVE('',#1797,#1798,#789,.T.);
#2188=EDGE_CURVE('',#1798,#1799,#790,.T.);
#2189=EDGE_CURVE('',#1799,#1800,#791,.T.);
#2190=EDGE_CURVE('',#1800,#1797,#792,.T.);
#2191=EDGE_CURVE('',#1801,#1798,#793,.T.);
#2192=EDGE_CURVE('',#1802,#1801,#794,.T.);
#2193=EDGE_CURVE('',#1799,#1802,#795,.T.);
#2194=EDGE_CURVE('',#1801,#1803,#796,.T.);
#2195=EDGE_CURVE('',#1803,#1804,#797,.T.);
#2196=EDGE_CURVE('',#1804,#1802,#798,.T.);
#2197=EDGE_CURVE('',#1805,#1803,#799,.T.);
#2198=EDGE_CURVE('',#1806,#1805,#800,.T.);
#2199=EDGE_CURVE('',#1806,#1807,#63,.T.);
#2200=EDGE_CURVE('',#1808,#1807,#801,.T.);
#2201=EDGE_CURVE('',#1809,#1808,#64,.T.);
#2202=EDGE_CURVE('',#1785,#1809,#802,.T.);
#2203=EDGE_CURVE('',#1784,#1810,#803,.T.);
#2204=EDGE_CURVE('',#1810,#1811,#804,.T.);
#2205=EDGE_CURVE('',#1811,#1783,#805,.T.);
#2206=EDGE_CURVE('',#1782,#1812,#806,.T.);
#2207=EDGE_CURVE('',#1812,#1813,#807,.T.);
#2208=EDGE_CURVE('',#1813,#1814,#808,.T.);
#2209=EDGE_CURVE('',#1814,#1815,#809,.T.);
#2210=EDGE_CURVE('',#1815,#1816,#810,.T.);
#2211=EDGE_CURVE('',#1816,#1817,#811,.T.);
#2212=EDGE_CURVE('',#1818,#1817,#812,.T.);
#2213=EDGE_CURVE('',#1819,#1818,#813,.T.);
#2214=EDGE_CURVE('',#1820,#1819,#814,.T.);
#2215=EDGE_CURVE('',#1820,#1821,#815,.T.);
#2216=EDGE_CURVE('',#1821,#1822,#816,.T.);
#2217=EDGE_CURVE('',#1822,#1823,#817,.T.);
#2218=EDGE_CURVE('',#1823,#1824,#818,.T.);
#2219=EDGE_CURVE('',#1824,#1825,#819,.T.);
#2220=EDGE_CURVE('',#1825,#1826,#820,.T.);
#2221=EDGE_CURVE('',#1826,#1827,#821,.T.);
#2222=EDGE_CURVE('',#1828,#1827,#822,.T.);
#2223=EDGE_CURVE('',#1804,#1828,#823,.T.);
#2224=EDGE_CURVE('',#1829,#1830,#824,.T.);
#2225=EDGE_CURVE('',#1830,#1831,#825,.T.);
#2226=EDGE_CURVE('',#1831,#1832,#826,.T.);
#2227=EDGE_CURVE('',#1832,#1829,#827,.T.);
#2228=EDGE_CURVE('',#1833,#1834,#828,.T.);
#2229=EDGE_CURVE('',#1834,#1835,#829,.T.);
#2230=EDGE_CURVE('',#1835,#1836,#830,.T.);
#2231=EDGE_CURVE('',#1836,#1833,#831,.T.);
#2232=EDGE_CURVE('',#1837,#1838,#832,.T.);
#2233=EDGE_CURVE('',#1838,#1839,#833,.T.);
#2234=EDGE_CURVE('',#1839,#1837,#834,.T.);
#2235=EDGE_CURVE('',#1840,#1841,#835,.T.);
#2236=EDGE_CURVE('',#1841,#1842,#836,.T.);
#2237=EDGE_CURVE('',#1842,#1840,#837,.T.);
#2238=EDGE_CURVE('',#1843,#1844,#838,.T.);
#2239=EDGE_CURVE('',#1844,#1845,#839,.T.);
#2240=EDGE_CURVE('',#1845,#1843,#840,.T.);
#2241=EDGE_CURVE('',#1846,#1847,#841,.T.);
#2242=EDGE_CURVE('',#1847,#1848,#842,.T.);
#2243=EDGE_CURVE('',#1848,#1846,#843,.T.);
#2244=EDGE_CURVE('',#1849,#1850,#844,.T.);
#2245=EDGE_CURVE('',#1850,#1851,#845,.T.);
#2246=EDGE_CURVE('',#1851,#1849,#846,.T.);
#2247=EDGE_CURVE('',#1852,#1853,#847,.T.);
#2248=EDGE_CURVE('',#1853,#1854,#848,.T.);
#2249=EDGE_CURVE('',#1854,#1855,#849,.T.);
#2250=EDGE_CURVE('',#1855,#1852,#850,.T.);
#2251=EDGE_CURVE('',#1856,#1855,#851,.T.);
#2252=EDGE_CURVE('',#1857,#1856,#852,.T.);
#2253=EDGE_CURVE('',#1857,#1852,#853,.T.);
#2254=EDGE_CURVE('',#1854,#1858,#854,.T.);
#2255=EDGE_CURVE('',#1805,#1858,#855,.T.);
#2256=EDGE_CURVE('',#1797,#1859,#856,.T.);
#2257=EDGE_CURVE('',#1860,#1859,#857,.T.);
#2258=EDGE_CURVE('',#1861,#1860,#858,.T.);
#2259=EDGE_CURVE('',#1856,#1861,#859,.T.);
#2260=EDGE_CURVE('',#1862,#1857,#860,.T.);
#2261=EDGE_CURVE('',#1861,#1862,#861,.T.);
#2262=EDGE_CURVE('',#1863,#1860,#862,.T.);
#2263=EDGE_CURVE('',#1863,#1864,#65,.T.);
#2264=EDGE_CURVE('',#1864,#1865,#863,.T.);
#2265=EDGE_CURVE('',#1865,#1866,#66,.T.);
#2266=EDGE_CURVE('',#1867,#1866,#864,.T.);
#2267=EDGE_CURVE('',#1862,#1867,#865,.T.);
#2268=EDGE_CURVE('',#1868,#1869,#866,.T.);
#2269=EDGE_CURVE('',#1869,#1870,#867,.T.);
#2270=EDGE_CURVE('',#1870,#1868,#868,.T.);
#2271=EDGE_CURVE('',#1871,#1872,#869,.T.);
#2272=EDGE_CURVE('',#1872,#1873,#870,.T.);
#2273=EDGE_CURVE('',#1873,#1871,#871,.T.);
#2274=EDGE_CURVE('',#1874,#1875,#872,.T.);
#2275=EDGE_CURVE('',#1875,#1876,#873,.T.);
#2276=EDGE_CURVE('',#1876,#1874,#874,.T.);
#2277=EDGE_CURVE('',#1877,#1878,#875,.T.);
#2278=EDGE_CURVE('',#1878,#1879,#876,.T.);
#2279=EDGE_CURVE('',#1879,#1877,#877,.T.);
#2280=EDGE_CURVE('',#1880,#1881,#878,.T.);
#2281=EDGE_CURVE('',#1881,#1882,#879,.T.);
#2282=EDGE_CURVE('',#1882,#1880,#880,.T.);
#2283=EDGE_CURVE('',#1883,#1884,#881,.T.);
#2284=EDGE_CURVE('',#1884,#1885,#882,.T.);
#2285=EDGE_CURVE('',#1885,#1883,#883,.T.);
#2286=EDGE_CURVE('',#1886,#1887,#884,.T.);
#2287=EDGE_CURVE('',#1887,#1888,#885,.T.);
#2288=EDGE_CURVE('',#1888,#1886,#886,.T.);
#2289=EDGE_CURVE('',#1889,#1890,#887,.T.);
#2290=EDGE_CURVE('',#1890,#1891,#888,.T.);
#2291=EDGE_CURVE('',#1891,#1889,#889,.T.);
#2292=EDGE_CURVE('',#1892,#1893,#890,.T.);
#2293=EDGE_CURVE('',#1893,#1894,#891,.T.);
#2294=EDGE_CURVE('',#1894,#1892,#892,.T.);
#2295=EDGE_CURVE('',#1895,#1896,#893,.T.);
#2296=EDGE_CURVE('',#1896,#1897,#894,.T.);
#2297=EDGE_CURVE('',#1897,#1895,#895,.T.);
#2298=EDGE_CURVE('',#1898,#1899,#896,.T.);
#2299=EDGE_CURVE('',#1899,#1900,#897,.T.);
#2300=EDGE_CURVE('',#1900,#1898,#898,.T.);
#2301=EDGE_CURVE('',#1901,#1902,#899,.T.);
#2302=EDGE_CURVE('',#1902,#1903,#900,.T.);
#2303=EDGE_CURVE('',#1903,#1901,#901,.T.);
#2304=EDGE_CURVE('',#1904,#1904,#67,.T.);
#2305=EDGE_CURVE('',#1905,#1905,#68,.T.);
#2306=EDGE_CURVE('',#1906,#1906,#69,.T.);
#2307=EDGE_CURVE('',#1907,#1907,#70,.T.);
#2308=EDGE_CURVE('',#1908,#1908,#71,.T.);
#2309=EDGE_CURVE('',#1909,#1909,#72,.T.);
#2310=EDGE_CURVE('',#1910,#1910,#73,.T.);
#2311=EDGE_CURVE('',#1911,#1911,#74,.T.);
#2312=EDGE_CURVE('',#1912,#1912,#75,.T.);
#2313=EDGE_CURVE('',#1913,#1913,#76,.T.);
#2314=EDGE_CURVE('',#1914,#1915,#902,.T.);
#2315=EDGE_CURVE('',#1915,#1916,#903,.T.);
#2316=EDGE_CURVE('',#1916,#1917,#904,.T.);
#2317=EDGE_CURVE('',#1917,#1914,#905,.T.);
#2318=EDGE_CURVE('',#1918,#1919,#906,.T.);
#2319=EDGE_CURVE('',#1919,#1920,#907,.T.);
#2320=EDGE_CURVE('',#1920,#1921,#908,.T.);
#2321=EDGE_CURVE('',#1921,#1918,#909,.T.);
#2322=EDGE_CURVE('',#1922,#1800,#910,.T.);
#2323=EDGE_CURVE('',#1922,#1923,#911,.T.);
#2324=EDGE_CURVE('',#1923,#1924,#912,.T.);
#2325=EDGE_CURVE('',#1924,#1925,#913,.T.);
#2326=EDGE_CURVE('',#1925,#1926,#914,.T.);
#2327=EDGE_CURVE('',#1926,#1927,#915,.T.);
#2328=EDGE_CURVE('',#1927,#1928,#916,.T.);
#2329=EDGE_CURVE('',#1928,#1929,#917,.T.);
#2330=EDGE_CURVE('',#1929,#1930,#918,.T.);
#2331=EDGE_CURVE('',#1930,#1931,#919,.T.);
#2332=EDGE_CURVE('',#1931,#1932,#920,.T.);
#2333=EDGE_CURVE('',#1932,#1933,#921,.T.);
#2334=EDGE_CURVE('',#1933,#1934,#922,.T.);
#2335=EDGE_CURVE('',#1934,#1935,#923,.T.);
#2336=EDGE_CURVE('',#1935,#1936,#924,.T.);
#2337=EDGE_CURVE('',#1936,#1937,#925,.T.);
#2338=EDGE_CURVE('',#1937,#1938,#926,.T.);
#2339=EDGE_CURVE('',#1938,#1939,#927,.T.);
#2340=EDGE_CURVE('',#1939,#1940,#928,.T.);
#2341=EDGE_CURVE('',#1940,#1780,#929,.T.);
#2342=EDGE_CURVE('',#1788,#1941,#930,.T.);
#2343=EDGE_CURVE('',#1941,#1942,#931,.T.);
#2344=EDGE_CURVE('',#1942,#1787,#932,.T.);
#2345=EDGE_CURVE('',#1786,#1943,#933,.T.);
#2346=EDGE_CURVE('',#1943,#1944,#77,.T.);
#2347=EDGE_CURVE('',#1945,#1944,#934,.T.);
#2348=EDGE_CURVE('',#1946,#1945,#78,.T.);
#2349=EDGE_CURVE('',#1946,#1859,#935,.T.);
#2350=EDGE_CURVE('',#1947,#1948,#936,.T.);
#2351=EDGE_CURVE('',#1948,#1949,#937,.T.);
#2352=EDGE_CURVE('',#1949,#1950,#938,.T.);
#2353=EDGE_CURVE('',#1950,#1947,#939,.T.);
#2354=EDGE_CURVE('',#1951,#1952,#940,.T.);
#2355=EDGE_CURVE('',#1952,#1953,#941,.T.);
#2356=EDGE_CURVE('',#1953,#1951,#942,.T.);
#2357=EDGE_CURVE('',#1954,#1955,#943,.T.);
#2358=EDGE_CURVE('',#1955,#1956,#944,.T.);
#2359=EDGE_CURVE('',#1956,#1954,#945,.T.);
#2360=EDGE_CURVE('',#1957,#1958,#946,.T.);
#2361=EDGE_CURVE('',#1958,#1959,#947,.T.);
#2362=EDGE_CURVE('',#1959,#1957,#948,.T.);
#2363=EDGE_CURVE('',#1960,#1961,#949,.T.);
#2364=EDGE_CURVE('',#1961,#1962,#950,.T.);
#2365=EDGE_CURVE('',#1962,#1960,#951,.T.);
#2366=EDGE_CURVE('',#1963,#1964,#952,.T.);
#2367=EDGE_CURVE('',#1964,#1965,#953,.T.);
#2368=EDGE_CURVE('',#1965,#1963,#954,.T.);
#2369=EDGE_CURVE('',#1966,#1967,#955,.T.);
#2370=EDGE_CURVE('',#1967,#1968,#956,.T.);
#2371=EDGE_CURVE('',#1968,#1969,#957,.T.);
#2372=EDGE_CURVE('',#1969,#1966,#958,.T.);
#2373=EDGE_CURVE('',#1922,#1867,#959,.T.);
#2374=EDGE_CURVE('',#1970,#1828,#960,.T.);
#2375=EDGE_CURVE('',#1970,#1853,#961,.T.);
#2376=EDGE_CURVE('',#1858,#1971,#962,.T.);
#2377=EDGE_CURVE('',#1806,#1971,#963,.T.);
#2378=EDGE_CURVE('',#1946,#1863,#964,.T.);
#2379=EDGE_CURVE('',#1943,#1866,#965,.T.);
#2380=EDGE_CURVE('',#1809,#1972,#966,.T.);
#2381=EDGE_CURVE('',#1972,#1970,#967,.T.);
#2382=EDGE_CURVE('',#1923,#1827,#968,.T.);
#2383=EDGE_CURVE('',#1973,#1974,#969,.T.);
#2384=EDGE_CURVE('',#1974,#1975,#970,.T.);
#2385=EDGE_CURVE('',#1975,#1976,#79,.T.);
#2386=EDGE_CURVE('',#1976,#1973,#971,.T.);
#2387=EDGE_CURVE('',#1777,#1977,#972,.T.);
#2388=EDGE_CURVE('',#1977,#1978,#80,.T.);
#2389=EDGE_CURVE('',#1978,#1778,#973,.T.);
#2390=EDGE_CURVE('',#1979,#1980,#81,.T.);
#2391=EDGE_CURVE('',#1980,#1981,#974,.T.);
#2392=EDGE_CURVE('',#1981,#1982,#975,.T.);
#2393=EDGE_CURVE('',#1982,#1979,#976,.T.);
#2394=EDGE_CURVE('',#1983,#1984,#82,.T.);
#2395=EDGE_CURVE('',#1984,#1985,#977,.T.);
#2396=EDGE_CURVE('',#1985,#1986,#978,.T.);
#2397=EDGE_CURVE('',#1986,#1983,#979,.T.);
#2398=EDGE_CURVE('',#1987,#1826,#980,.T.);
#2399=EDGE_CURVE('',#1826,#1988,#981,.T.);
#2400=EDGE_CURVE('',#1988,#1823,#982,.T.);
#2401=EDGE_CURVE('',#1823,#1987,#983,.T.);
#2402=EDGE_CURVE('',#1989,#1825,#984,.T.);
#2403=EDGE_CURVE('',#1990,#1989,#985,.T.);
#2404=EDGE_CURVE('',#1990,#1988,#986,.T.);
#2405=EDGE_CURVE('',#1991,#1990,#987,.T.);
#2406=EDGE_CURVE('',#1991,#1824,#988,.T.);
#2407=EDGE_CURVE('',#1989,#1991,#989,.T.);
#2408=EDGE_CURVE('',#1992,#1849,#990,.T.);
#2409=EDGE_CURVE('',#1993,#1992,#991,.T.);
#2410=EDGE_CURVE('',#1993,#1850,#992,.T.);
#2411=EDGE_CURVE('',#1994,#1993,#993,.T.);
#2412=EDGE_CURVE('',#1994,#1851,#994,.T.);
#2413=EDGE_CURVE('',#1992,#1994,#995,.T.);
#2414=EDGE_CURVE('',#1783,#1995,#996,.T.);
#2415=EDGE_CURVE('',#1995,#1784,#997,.T.);
#2416=EDGE_CURVE('',#1996,#1810,#998,.T.);
#2417=EDGE_CURVE('',#1997,#1996,#999,.T.);
#2418=EDGE_CURVE('',#1997,#1811,#1000,.T.);
#2419=EDGE_CURVE('',#1998,#1997,#1001,.T.);
#2420=EDGE_CURVE('',#1998,#1995,#1002,.T.);
#2421=EDGE_CURVE('',#1996,#1998,#1003,.T.);
#2422=EDGE_CURVE('',#1999,#1846,#1004,.T.);
#2423=EDGE_CURVE('',#2000,#1999,#1005,.T.);
#2424=EDGE_CURVE('',#2000,#1847,#1006,.T.);
#2425=EDGE_CURVE('',#2001,#2000,#1007,.T.);
#2426=EDGE_CURVE('',#2001,#1848,#1008,.T.);
#2427=EDGE_CURVE('',#1999,#2001,#1009,.T.);
#2428=EDGE_CURVE('',#2002,#1843,#1010,.T.);
#2429=EDGE_CURVE('',#2003,#2002,#1011,.T.);
#2430=EDGE_CURVE('',#2003,#1844,#1012,.T.);
#2431=EDGE_CURVE('',#2004,#2003,#1013,.T.);
#2432=EDGE_CURVE('',#2004,#1845,#1014,.T.);
#2433=EDGE_CURVE('',#2002,#2004,#1015,.T.);
#2434=EDGE_CURVE('',#2005,#1840,#1016,.T.);
#2435=EDGE_CURVE('',#2006,#2005,#1017,.T.);
#2436=EDGE_CURVE('',#2006,#1841,#1018,.T.);
#2437=EDGE_CURVE('',#2007,#2006,#1019,.T.);
#2438=EDGE_CURVE('',#2007,#1842,#1020,.T.);
#2439=EDGE_CURVE('',#2005,#2007,#1021,.T.);
#2440=EDGE_CURVE('',#1781,#1814,#1022,.T.);
#2441=EDGE_CURVE('',#1814,#2008,#1023,.T.);
#2442=EDGE_CURVE('',#2008,#1782,#1024,.T.);
#2443=EDGE_CURVE('',#2009,#2008,#1025,.T.);
#2444=EDGE_CURVE('',#2010,#2009,#1026,.T.);
#2445=EDGE_CURVE('',#2010,#1812,#1027,.T.);
#2446=EDGE_CURVE('',#2011,#2010,#1028,.T.);
#2447=EDGE_CURVE('',#2011,#1813,#1029,.T.);
#2448=EDGE_CURVE('',#2009,#2011,#1030,.T.);
#2449=EDGE_CURVE('',#2012,#1837,#1031,.T.);
#2450=EDGE_CURVE('',#2013,#2012,#1032,.T.);
#2451=EDGE_CURVE('',#2013,#1838,#1033,.T.);
#2452=EDGE_CURVE('',#2014,#2013,#1034,.T.);
#2453=EDGE_CURVE('',#2014,#1839,#1035,.T.);
#2454=EDGE_CURVE('',#2012,#2014,#1036,.T.);
#2455=EDGE_CURVE('',#2015,#1927,#1037,.T.);
#2456=EDGE_CURVE('',#1927,#2016,#1038,.T.);
#2457=EDGE_CURVE('',#2016,#1924,#1039,.T.);
#2458=EDGE_CURVE('',#1924,#2015,#1040,.T.);
#2459=EDGE_CURVE('',#1869,#1926,#1041,.T.);
#2460=EDGE_CURVE('',#1868,#2016,#1042,.T.);
#2461=EDGE_CURVE('',#1870,#1925,#1043,.T.);
#2462=EDGE_CURVE('',#2017,#2018,#1044,.T.);
#2463=EDGE_CURVE('',#1872,#2017,#1045,.T.);
#2464=EDGE_CURVE('',#1871,#2018,#1046,.T.);
#2465=EDGE_CURVE('',#2018,#2019,#1047,.T.);
#2466=EDGE_CURVE('',#1873,#2019,#1048,.T.);
#2467=EDGE_CURVE('',#2019,#2017,#1049,.T.);
#2468=EDGE_CURVE('',#1875,#1951,#1050,.T.);
#2469=EDGE_CURVE('',#1874,#1952,#1051,.T.);
#2470=EDGE_CURVE('',#1876,#1953,#1052,.T.);
#2471=EDGE_CURVE('',#1787,#2020,#1053,.T.);
#2472=EDGE_CURVE('',#2020,#1788,#1054,.T.);
#2473=EDGE_CURVE('',#1878,#2020,#1055,.T.);
#2474=EDGE_CURVE('',#1877,#1941,#1056,.T.);
#2475=EDGE_CURVE('',#1879,#1942,#1057,.T.);
#2476=EDGE_CURVE('',#1881,#1929,#1058,.T.);
#2477=EDGE_CURVE('',#1880,#2021,#1059,.T.);
#2478=EDGE_CURVE('',#1930,#2021,#1060,.T.);
#2479=EDGE_CURVE('',#2021,#2022,#1061,.T.);
#2480=EDGE_CURVE('',#1882,#2022,#1062,.T.);
#2481=EDGE_CURVE('',#2022,#1928,#1063,.T.);
#2482=EDGE_CURVE('',#1928,#1930,#1064,.T.);
#2483=EDGE_CURVE('',#1884,#1954,#1065,.T.);
#2484=EDGE_CURVE('',#1883,#1955,#1066,.T.);
#2485=EDGE_CURVE('',#1885,#1956,#1067,.T.);
#2486=EDGE_CURVE('',#1887,#1957,#1068,.T.);
#2487=EDGE_CURVE('',#1886,#1958,#1069,.T.);
#2488=EDGE_CURVE('',#1888,#1959,#1070,.T.);
#2489=EDGE_CURVE('',#1890,#1936,#1071,.T.);
#2490=EDGE_CURVE('',#1889,#2023,#1072,.T.);
#2491=EDGE_CURVE('',#1937,#2023,#1073,.T.);
#2492=EDGE_CURVE('',#2023,#2024,#1074,.T.);
#2493=EDGE_CURVE('',#1891,#2024,#1075,.T.);
#2494=EDGE_CURVE('',#2024,#1935,#1076,.T.);
#2495=EDGE_CURVE('',#1935,#1937,#1077,.T.);
#2496=EDGE_CURVE('',#1893,#1960,#1078,.T.);
#2497=EDGE_CURVE('',#1892,#1961,#1079,.T.);
#2498=EDGE_CURVE('',#1894,#1962,#1080,.T.);
#2499=EDGE_CURVE('',#1780,#2025,#1081,.T.);
#2500=EDGE_CURVE('',#2025,#1938,#1082,.T.);
#2501=EDGE_CURVE('',#1938,#1779,#1083,.T.);
#2502=EDGE_CURVE('',#1896,#1939,#1084,.T.);
#2503=EDGE_CURVE('',#1895,#1940,#1085,.T.);
#2504=EDGE_CURVE('',#1897,#2025,#1086,.T.);
#2505=EDGE_CURVE('',#1931,#1934,#1087,.T.);
#2506=EDGE_CURVE('',#1934,#2026,#1088,.T.);
#2507=EDGE_CURVE('',#2026,#1931,#1089,.T.);
#2508=EDGE_CURVE('',#1899,#1932,#1090,.T.);
#2509=EDGE_CURVE('',#1898,#1933,#1091,.T.);
#2510=EDGE_CURVE('',#1900,#2026,#1092,.T.);
#2511=EDGE_CURVE('',#1902,#1963,#1093,.T.);
#2512=EDGE_CURVE('',#1901,#1964,#1094,.T.);
#2513=EDGE_CURVE('',#1903,#1965,#1095,.T.);
#2514=EDGE_CURVE('',#2027,#1820,#1096,.F.);
#2515=EDGE_CURVE('',#1819,#2028,#1097,.F.);
#2516=EDGE_CURVE('',#2028,#2027,#1098,.T.);
#2517=EDGE_CURVE('',#1817,#2029,#1099,.F.);
#2518=EDGE_CURVE('',#2029,#2030,#1100,.T.);
#2519=EDGE_CURVE('',#2030,#1818,#1101,.F.);
#2520=EDGE_CURVE('',#2029,#2031,#1102,.T.);
#2521=EDGE_CURVE('',#2032,#2031,#1103,.T.);
#2522=EDGE_CURVE('',#2030,#2032,#1104,.T.);
#2523=EDGE_CURVE('',#2033,#2034,#1105,.T.);
#2524=EDGE_CURVE('',#2034,#2035,#1106,.T.);
#2525=EDGE_CURVE('',#2036,#2035,#1107,.T.);
#2526=EDGE_CURVE('',#2037,#2036,#1108,.T.);
#2527=EDGE_CURVE('',#1791,#2037,#1109,.T.);
#2528=EDGE_CURVE('',#1790,#2038,#1110,.T.);
#2529=EDGE_CURVE('',#1974,#2038,#1111,.T.);
#2530=EDGE_CURVE('',#1973,#2039,#1112,.T.);
#2531=EDGE_CURVE('',#2039,#2040,#1113,.T.);
#2532=EDGE_CURVE('',#2041,#2040,#1114,.T.);
#2533=EDGE_CURVE('',#2042,#2041,#1115,.T.);
#2534=EDGE_CURVE('',#2042,#2043,#1116,.T.);
#2535=EDGE_CURVE('',#2044,#2043,#1117,.T.);
#2536=EDGE_CURVE('',#2044,#2033,#1118,.T.);
#2537=EDGE_CURVE('',#2045,#2046,#1119,.T.);
#2538=EDGE_CURVE('',#2045,#2047,#1120,.T.);
#2539=EDGE_CURVE('',#2040,#2047,#1121,.T.);
#2540=EDGE_CURVE('',#2048,#2039,#1122,.T.);
#2541=EDGE_CURVE('',#2048,#2049,#1123,.T.);
#2542=EDGE_CURVE('',#1776,#2049,#1124,.T.);
#2543=EDGE_CURVE('',#2050,#1775,#1125,.T.);
#2544=EDGE_CURVE('',#2046,#2050,#1126,.T.);
#2545=EDGE_CURVE('',#2051,#2052,#1127,.T.);
#2546=EDGE_CURVE('',#2053,#2051,#1128,.T.);
#2547=EDGE_CURVE('',#2054,#2053,#1129,.T.);
#2548=EDGE_CURVE('',#2055,#2054,#1130,.T.);
#2549=EDGE_CURVE('',#2056,#2055,#1131,.T.);
#2550=EDGE_CURVE('',#2056,#2057,#1132,.T.);
#2551=EDGE_CURVE('',#2038,#2057,#1133,.T.);
#2552=EDGE_CURVE('',#1789,#2052,#1134,.T.);
#2553=EDGE_CURVE('',#2058,#2059,#1135,.T.);
#2554=EDGE_CURVE('',#2058,#2060,#1136,.T.);
#2555=EDGE_CURVE('',#1772,#2060,#1137,.T.);
#2556=EDGE_CURVE('',#2061,#1771,#1138,.T.);
#2557=EDGE_CURVE('',#2062,#2061,#1139,.T.);
#2558=EDGE_CURVE('',#2042,#2062,#1140,.T.);
#2559=EDGE_CURVE('',#2063,#2041,#1141,.T.);
#2560=EDGE_CURVE('',#2059,#2063,#1142,.T.);
#2561=EDGE_CURVE('',#2046,#2058,#1143,.T.);
#2562=EDGE_CURVE('',#2060,#2050,#1144,.T.);
#2563=EDGE_CURVE('',#2064,#2065,#1145,.T.);
#2564=EDGE_CURVE('',#1792,#2064,#1146,.T.);
#2565=EDGE_CURVE('',#2066,#2037,#1147,.T.);
#2566=EDGE_CURVE('',#2067,#2066,#1148,.T.);
#2567=EDGE_CURVE('',#1794,#2067,#1149,.T.);
#2568=EDGE_CURVE('',#2068,#1793,#1150,.T.);
#2569=EDGE_CURVE('',#2068,#2065,#1151,.T.);
#2570=EDGE_CURVE('',#2065,#2051,#1152,.T.);
#2571=EDGE_CURVE('',#2053,#2068,#1153,.T.);
#2572=EDGE_CURVE('',#2049,#2061,#1154,.T.);
#2573=EDGE_CURVE('',#2062,#2048,#1155,.T.);
#2574=EDGE_CURVE('',#2067,#2056,#1156,.T.);
#2575=EDGE_CURVE('',#2057,#2066,#1157,.T.);
#2576=EDGE_CURVE('',#1982,#2045,#1158,.T.);
#2577=EDGE_CURVE('',#1981,#2052,#1159,.T.);
#2578=EDGE_CURVE('',#2064,#2069,#1160,.T.);
#2579=EDGE_CURVE('',#2070,#2069,#1161,.T.);
#2580=EDGE_CURVE('',#2059,#2070,#1162,.T.);
#2581=EDGE_CURVE('',#2047,#2063,#1163,.T.);
#2582=EDGE_CURVE('',#2071,#2070,#1164,.T.);
#2583=EDGE_CURVE('',#1979,#2071,#1165,.T.);
#2584=EDGE_CURVE('',#2072,#1796,#1166,.T.);
#2585=EDGE_CURVE('',#1983,#2072,#1167,.T.);
#2586=EDGE_CURVE('',#1986,#2054,#1168,.T.);
#2587=EDGE_CURVE('',#1985,#2055,#1169,.T.);
#2588=EDGE_CURVE('',#1984,#2073,#1170,.T.);
#2589=EDGE_CURVE('',#1795,#2073,#1171,.T.);
#2590=EDGE_CURVE('',#2074,#2036,#1172,.T.);
#2591=EDGE_CURVE('',#1975,#2074,#1173,.T.);
#2592=EDGE_CURVE('',#1816,#2075,#1174,.T.);
#2593=EDGE_CURVE('',#2031,#2075,#1175,.T.);
#2594=EDGE_CURVE('',#2035,#1815,#1176,.T.);
#2595=EDGE_CURVE('',#2034,#2076,#1177,.T.);
#2596=EDGE_CURVE('',#2075,#2076,#1178,.T.);
#2597=EDGE_CURVE('',#1987,#2015,#1179,.T.);
#2598=EDGE_CURVE('',#1822,#2044,#1180,.T.);
#2599=EDGE_CURVE('',#2043,#2077,#1181,.T.);
#2600=EDGE_CURVE('',#2077,#2074,#59,.T.);
#2601=EDGE_CURVE('',#1773,#2078,#1182,.T.);
#2602=EDGE_CURVE('',#2078,#2079,#60,.T.);
#2603=EDGE_CURVE('',#2079,#1774,#1183,.T.);
#2604=EDGE_CURVE('',#2080,#2071,#61,.T.);
#2605=EDGE_CURVE('',#2069,#2080,#1184,.T.);
#2606=EDGE_CURVE('',#2073,#2072,#62,.T.);
#2607=EDGE_CURVE('',#1821,#2081,#1185,.T.);
#2608=EDGE_CURVE('',#2082,#2081,#1186,.T.);
#2609=EDGE_CURVE('',#2033,#2082,#1187,.T.);
#2610=EDGE_CURVE('',#2083,#2082,#1188,.T.);
#2611=EDGE_CURVE('',#2028,#2083,#1189,.T.);
#2612=EDGE_CURVE('',#2076,#2032,#1190,.T.);
#2613=EDGE_CURVE('',#2027,#2084,#1191,.T.);
#2614=EDGE_CURVE('',#2081,#2084,#1192,.T.);
#2615=EDGE_CURVE('',#2084,#2083,#1193,.T.);
#2616=EDGE_CURVE('',#1921,#1950,#1194,.T.);
#2617=EDGE_CURVE('',#1920,#1947,#1195,.T.);
#2618=EDGE_CURVE('',#1830,#2085,#1196,.T.);
#2619=EDGE_CURVE('',#2086,#2085,#1197,.T.);
#2620=EDGE_CURVE('',#1831,#2086,#1198,.T.);
#2621=EDGE_CURVE('',#1918,#1949,#1199,.T.);
#2622=EDGE_CURVE('',#2087,#2086,#1200,.T.);
#2623=EDGE_CURVE('',#1832,#2087,#1201,.T.);
#2624=EDGE_CURVE('',#1919,#1948,#1202,.T.);
#2625=EDGE_CURVE('',#2088,#2087,#1203,.T.);
#2626=EDGE_CURVE('',#1829,#2088,#1204,.T.);
#2627=EDGE_CURVE('',#2085,#2088,#1205,.T.);
#2628=EDGE_CURVE('',#1917,#1968,#1206,.T.);
#2629=EDGE_CURVE('',#1916,#1969,#1207,.T.);
#2630=EDGE_CURVE('',#1835,#2089,#1208,.T.);
#2631=EDGE_CURVE('',#2090,#2089,#1209,.T.);
#2632=EDGE_CURVE('',#1836,#2090,#1210,.T.);
#2633=EDGE_CURVE('',#1914,#1967,#1211,.T.);
#2634=EDGE_CURVE('',#2091,#2090,#1212,.T.);
#2635=EDGE_CURVE('',#1833,#2091,#1213,.T.);
#2636=EDGE_CURVE('',#1915,#1966,#1214,.T.);
#2637=EDGE_CURVE('',#2092,#2091,#1215,.T.);
#2638=EDGE_CURVE('',#1834,#2092,#1216,.T.);
#2639=EDGE_CURVE('',#2089,#2092,#1217,.T.);
#2640=EDGE_CURVE('',#1980,#2080,#1218,.T.);
#2641=EDGE_CURVE('',#1978,#2078,#1219,.T.);
#2642=EDGE_CURVE('',#1977,#2079,#1220,.T.);
#2643=EDGE_CURVE('',#1976,#2077,#1221,.T.);
#2644=EDGE_CURVE('',#1944,#1865,#1222,.T.);
#2645=EDGE_CURVE('',#1945,#1864,#1223,.T.);
#2646=EDGE_CURVE('',#2093,#2093,#83,.T.);
#2647=EDGE_CURVE('',#2093,#2094,#1224,.T.);
#2648=EDGE_CURVE('',#2094,#2094,#84,.T.);
#2649=EDGE_CURVE('',#2095,#2095,#85,.T.);
#2650=EDGE_CURVE('',#2095,#2096,#1225,.T.);
#2651=EDGE_CURVE('',#2096,#2096,#86,.T.);
#2652=EDGE_CURVE('',#2097,#2097,#87,.T.);
#2653=EDGE_CURVE('',#2097,#2098,#1226,.T.);
#2654=EDGE_CURVE('',#2098,#2098,#88,.T.);
#2655=EDGE_CURVE('',#2099,#2099,#89,.T.);
#2656=EDGE_CURVE('',#2099,#2100,#1227,.T.);
#2657=EDGE_CURVE('',#2100,#2100,#90,.T.);
#2658=EDGE_CURVE('',#2101,#2101,#91,.T.);
#2659=EDGE_CURVE('',#2102,#2102,#92,.T.);
#2660=EDGE_CURVE('',#2103,#2103,#93,.T.);
#2661=EDGE_CURVE('',#2104,#2104,#94,.T.);
#2662=EDGE_CURVE('',#2103,#2105,#1228,.T.);
#2663=EDGE_CURVE('',#2105,#2105,#95,.T.);
#2664=EDGE_CURVE('',#2102,#2106,#1229,.T.);
#2665=EDGE_CURVE('',#2106,#2106,#96,.T.);
#2666=EDGE_CURVE('',#2104,#2107,#1230,.T.);
#2667=EDGE_CURVE('',#2107,#2107,#97,.T.);
#2668=EDGE_CURVE('',#2108,#2108,#98,.T.);
#2669=EDGE_CURVE('',#2108,#2109,#1231,.T.);
#2670=EDGE_CURVE('',#2109,#2109,#99,.T.);
#2671=EDGE_CURVE('',#2101,#2110,#1232,.T.);
#2672=EDGE_CURVE('',#2110,#2110,#100,.T.);
#2673=EDGE_CURVE('',#1809,#2111,#1233,.T.);
#2674=EDGE_CURVE('',#2111,#2111,#101,.T.);
#2675=EDGE_CURVE('',#1808,#2112,#1234,.T.);
#2676=EDGE_CURVE('',#2112,#1972,#102,.T.);
#2677=EDGE_CURVE('',#1908,#2113,#1235,.T.);
#2678=EDGE_CURVE('',#2113,#2113,#103,.T.);
#2679=EDGE_CURVE('',#1907,#2114,#1236,.T.);
#2680=EDGE_CURVE('',#2114,#2114,#104,.T.);
#2681=EDGE_CURVE('',#1906,#2115,#1237,.T.);
#2682=EDGE_CURVE('',#2115,#2115,#105,.T.);
#2683=EDGE_CURVE('',#1904,#2116,#1238,.T.);
#2684=EDGE_CURVE('',#2116,#2116,#106,.T.);
#2685=EDGE_CURVE('',#2117,#2117,#107,.T.);
#2686=EDGE_CURVE('',#2118,#2118,#108,.T.);
#2687=EDGE_CURVE('',#2119,#2119,#109,.T.);
#2688=EDGE_CURVE('',#2120,#2120,#110,.T.);
#2689=EDGE_CURVE('',#2119,#2121,#1239,.T.);
#2690=EDGE_CURVE('',#2121,#2121,#111,.T.);
#2691=EDGE_CURVE('',#2118,#2122,#1240,.T.);
#2692=EDGE_CURVE('',#2122,#2122,#112,.T.);
#2693=EDGE_CURVE('',#2120,#2123,#1241,.T.);
#2694=EDGE_CURVE('',#2123,#2123,#113,.T.);
#2695=EDGE_CURVE('',#1905,#2124,#1242,.T.);
#2696=EDGE_CURVE('',#2124,#2124,#114,.T.);
#2697=EDGE_CURVE('',#2117,#2125,#1243,.T.);
#2698=EDGE_CURVE('',#2125,#2125,#115,.T.);
#2699=EDGE_CURVE('',#1943,#2126,#1244,.T.);
#2700=EDGE_CURVE('',#2126,#2126,#116,.T.);
#2701=EDGE_CURVE('',#1971,#2127,#117,.T.);
#2702=EDGE_CURVE('',#1807,#2127,#1245,.T.);
#2703=EDGE_CURVE('',#1806,#2128,#1246,.T.);
#2704=EDGE_CURVE('',#2128,#2128,#118,.T.);
#2705=EDGE_CURVE('',#2129,#2129,#119,.T.);
#2706=EDGE_CURVE('',#2129,#2130,#1247,.T.);
#2707=EDGE_CURVE('',#2130,#2130,#120,.T.);
#2708=EDGE_CURVE('',#2131,#2131,#121,.T.);
#2709=EDGE_CURVE('',#2131,#2132,#1248,.T.);
#2710=EDGE_CURVE('',#2132,#2132,#122,.T.);
#2711=EDGE_CURVE('',#2133,#2133,#123,.T.);
#2712=EDGE_CURVE('',#2133,#2134,#1249,.T.);
#2713=EDGE_CURVE('',#2134,#2134,#124,.T.);
#2714=EDGE_CURVE('',#2135,#2135,#125,.T.);
#2715=EDGE_CURVE('',#2135,#2136,#1250,.T.);
#2716=EDGE_CURVE('',#2136,#2136,#126,.T.);
#2717=EDGE_CURVE('',#2127,#2112,#1251,.T.);
#2718=EDGE_CURVE('',#2137,#2137,#127,.T.);
#2719=EDGE_CURVE('',#2138,#2138,#128,.T.);
#2720=EDGE_CURVE('',#2139,#2139,#129,.T.);
#2721=EDGE_CURVE('',#2140,#2140,#130,.T.);
#2722=EDGE_CURVE('',#2141,#2141,#131,.T.);
#2723=EDGE_CURVE('',#2139,#2142,#1252,.T.);
#2724=EDGE_CURVE('',#2142,#2142,#132,.T.);
#2725=EDGE_CURVE('',#2138,#2143,#1253,.T.);
#2726=EDGE_CURVE('',#2143,#2143,#133,.T.);
#2727=EDGE_CURVE('',#2141,#2144,#1254,.T.);
#2728=EDGE_CURVE('',#2144,#2144,#134,.T.);
#2729=EDGE_CURVE('',#2137,#2145,#1255,.T.);
#2730=EDGE_CURVE('',#2145,#2145,#135,.T.);
#2731=EDGE_CURVE('',#2140,#2146,#1256,.T.);
#2732=EDGE_CURVE('',#2146,#2146,#136,.T.);
#2733=EDGE_CURVE('',#1946,#2147,#1257,.T.);
#2734=EDGE_CURVE('',#2147,#2147,#137,.T.);
#2735=EDGE_CURVE('',#1913,#2148,#1258,.T.);
#2736=EDGE_CURVE('',#2148,#2148,#138,.T.);
#2737=EDGE_CURVE('',#1912,#2149,#1259,.T.);
#2738=EDGE_CURVE('',#2149,#2149,#139,.T.);
#2739=EDGE_CURVE('',#1911,#2150,#1260,.T.);
#2740=EDGE_CURVE('',#2150,#2150,#140,.T.);
#2741=EDGE_CURVE('',#1909,#2151,#1261,.T.);
#2742=EDGE_CURVE('',#2151,#2151,#141,.T.);
#2743=EDGE_CURVE('',#2152,#2152,#142,.T.);
#2744=EDGE_CURVE('',#2153,#2153,#143,.T.);
#2745=EDGE_CURVE('',#2154,#2154,#144,.T.);
#2746=EDGE_CURVE('',#2155,#2155,#145,.T.);
#2747=EDGE_CURVE('',#2153,#2156,#1262,.T.);
#2748=EDGE_CURVE('',#2156,#2156,#146,.T.);
#2749=EDGE_CURVE('',#2152,#2157,#1263,.T.);
#2750=EDGE_CURVE('',#2157,#2157,#147,.T.);
#2751=EDGE_CURVE('',#2155,#2158,#1264,.T.);
#2752=EDGE_CURVE('',#2158,#2158,#148,.T.);
#2753=EDGE_CURVE('',#1910,#2159,#1265,.T.);
#2754=EDGE_CURVE('',#2159,#2159,#149,.T.);
#2755=EDGE_CURVE('',#2154,#2160,#1266,.T.);
#2756=EDGE_CURVE('',#2160,#2160,#150,.T.);
#2757=ORIENTED_EDGE('',*,*,#2161,.T.);
#2758=ORIENTED_EDGE('',*,*,#2162,.T.);
#2759=ORIENTED_EDGE('',*,*,#2163,.F.);
#2760=ORIENTED_EDGE('',*,*,#2164,.F.);
#2761=ORIENTED_EDGE('',*,*,#2165,.T.);
#2762=ORIENTED_EDGE('',*,*,#2166,.F.);
#2763=ORIENTED_EDGE('',*,*,#2167,.F.);
#2764=ORIENTED_EDGE('',*,*,#2168,.T.);
#2765=ORIENTED_EDGE('',*,*,#2169,.F.);
#2766=ORIENTED_EDGE('',*,*,#2170,.T.);
#2767=ORIENTED_EDGE('',*,*,#2171,.F.);
#2768=ORIENTED_EDGE('',*,*,#2172,.F.);
#2769=ORIENTED_EDGE('',*,*,#2173,.F.);
#2770=ORIENTED_EDGE('',*,*,#2174,.F.);
#2771=ORIENTED_EDGE('',*,*,#2175,.F.);
#2772=ORIENTED_EDGE('',*,*,#2176,.F.);
#2773=ORIENTED_EDGE('',*,*,#2177,.F.);
#2774=ORIENTED_EDGE('',*,*,#2178,.F.);
#2775=ORIENTED_EDGE('',*,*,#2179,.T.);
#2776=ORIENTED_EDGE('',*,*,#2180,.T.);
#2777=ORIENTED_EDGE('',*,*,#2181,.T.);
#2778=ORIENTED_EDGE('',*,*,#2182,.T.);
#2779=ORIENTED_EDGE('',*,*,#2183,.T.);
#2780=ORIENTED_EDGE('',*,*,#2184,.T.);
#2781=ORIENTED_EDGE('',*,*,#2185,.F.);
#2782=ORIENTED_EDGE('',*,*,#2186,.F.);
#2783=ORIENTED_EDGE('',*,*,#2187,.T.);
#2784=ORIENTED_EDGE('',*,*,#2188,.T.);
#2785=ORIENTED_EDGE('',*,*,#2189,.T.);
#2786=ORIENTED_EDGE('',*,*,#2190,.T.);
#2787=ORIENTED_EDGE('',*,*,#2188,.F.);
#2788=ORIENTED_EDGE('',*,*,#2191,.F.);
#2789=ORIENTED_EDGE('',*,*,#2192,.F.);
#2790=ORIENTED_EDGE('',*,*,#2193,.F.);
#2791=ORIENTED_EDGE('',*,*,#2194,.T.);
#2792=ORIENTED_EDGE('',*,*,#2195,.T.);
#2793=ORIENTED_EDGE('',*,*,#2196,.T.);
#2794=ORIENTED_EDGE('',*,*,#2192,.T.);
#2795=ORIENTED_EDGE('',*,*,#2195,.F.);
#2796=ORIENTED_EDGE('',*,*,#2197,.F.);
#2797=ORIENTED_EDGE('',*,*,#2198,.F.);
#2798=ORIENTED_EDGE('',*,*,#2199,.T.);
#2799=ORIENTED_EDGE('',*,*,#2200,.F.);
#2800=ORIENTED_EDGE('',*,*,#2201,.F.);
#2801=ORIENTED_EDGE('',*,*,#2202,.F.);
#2802=ORIENTED_EDGE('',*,*,#2174,.T.);
#2803=ORIENTED_EDGE('',*,*,#2203,.T.);
#2804=ORIENTED_EDGE('',*,*,#2204,.T.);
#2805=ORIENTED_EDGE('',*,*,#2205,.T.);
#2806=ORIENTED_EDGE('',*,*,#2172,.T.);
#2807=ORIENTED_EDGE('',*,*,#2206,.T.);
#2808=ORIENTED_EDGE('',*,*,#2207,.T.);
#2809=ORIENTED_EDGE('',*,*,#2208,.T.);
#2810=ORIENTED_EDGE('',*,*,#2209,.T.);
#2811=ORIENTED_EDGE('',*,*,#2210,.T.);
#2812=ORIENTED_EDGE('',*,*,#2211,.T.);
#2813=ORIENTED_EDGE('',*,*,#2212,.F.);
#2814=ORIENTED_EDGE('',*,*,#2213,.F.);
#2815=ORIENTED_EDGE('',*,*,#2214,.F.);
#2816=ORIENTED_EDGE('',*,*,#2215,.T.);
#2817=ORIENTED_EDGE('',*,*,#2216,.T.);
#2818=ORIENTED_EDGE('',*,*,#2217,.T.);
#2819=ORIENTED_EDGE('',*,*,#2218,.T.);
#2820=ORIENTED_EDGE('',*,*,#2219,.T.);
#2821=ORIENTED_EDGE('',*,*,#2220,.T.);
#2822=ORIENTED_EDGE('',*,*,#2221,.T.);
#2823=ORIENTED_EDGE('',*,*,#2222,.F.);
#2824=ORIENTED_EDGE('',*,*,#2223,.F.);
#2825=ORIENTED_EDGE('',*,*,#2224,.T.);
#2826=ORIENTED_EDGE('',*,*,#2225,.T.);
#2827=ORIENTED_EDGE('',*,*,#2226,.T.);
#2828=ORIENTED_EDGE('',*,*,#2227,.T.);
#2829=ORIENTED_EDGE('',*,*,#2228,.T.);
#2830=ORIENTED_EDGE('',*,*,#2229,.T.);
#2831=ORIENTED_EDGE('',*,*,#2230,.T.);
#2832=ORIENTED_EDGE('',*,*,#2231,.T.);
#2833=ORIENTED_EDGE('',*,*,#2232,.T.);
#2834=ORIENTED_EDGE('',*,*,#2233,.T.);
#2835=ORIENTED_EDGE('',*,*,#2234,.T.);
#2836=ORIENTED_EDGE('',*,*,#2235,.T.);
#2837=ORIENTED_EDGE('',*,*,#2236,.T.);
#2838=ORIENTED_EDGE('',*,*,#2237,.T.);
#2839=ORIENTED_EDGE('',*,*,#2238,.T.);
#2840=ORIENTED_EDGE('',*,*,#2239,.T.);
#2841=ORIENTED_EDGE('',*,*,#2240,.T.);
#2842=ORIENTED_EDGE('',*,*,#2241,.T.);
#2843=ORIENTED_EDGE('',*,*,#2242,.T.);
#2844=ORIENTED_EDGE('',*,*,#2243,.T.);
#2845=ORIENTED_EDGE('',*,*,#2244,.T.);
#2846=ORIENTED_EDGE('',*,*,#2245,.T.);
#2847=ORIENTED_EDGE('',*,*,#2246,.T.);
#2848=ORIENTED_EDGE('',*,*,#2247,.T.);
#2849=ORIENTED_EDGE('',*,*,#2248,.T.);
#2850=ORIENTED_EDGE('',*,*,#2249,.T.);
#2851=ORIENTED_EDGE('',*,*,#2250,.T.);
#2852=ORIENTED_EDGE('',*,*,#2250,.F.);
#2853=ORIENTED_EDGE('',*,*,#2251,.F.);
#2854=ORIENTED_EDGE('',*,*,#2252,.F.);
#2855=ORIENTED_EDGE('',*,*,#2253,.T.);
#2856=ORIENTED_EDGE('',*,*,#2249,.F.);
#2857=ORIENTED_EDGE('',*,*,#2254,.T.);
#2858=ORIENTED_EDGE('',*,*,#2255,.F.);
#2859=ORIENTED_EDGE('',*,*,#2197,.T.);
#2860=ORIENTED_EDGE('',*,*,#2194,.F.);
#2861=ORIENTED_EDGE('',*,*,#2191,.T.);
#2862=ORIENTED_EDGE('',*,*,#2187,.F.);
#2863=ORIENTED_EDGE('',*,*,#2256,.T.);
#2864=ORIENTED_EDGE('',*,*,#2257,.F.);
#2865=ORIENTED_EDGE('',*,*,#2258,.F.);
#2866=ORIENTED_EDGE('',*,*,#2259,.F.);
#2867=ORIENTED_EDGE('',*,*,#2251,.T.);
#2868=ORIENTED_EDGE('',*,*,#2260,.T.);
#2869=ORIENTED_EDGE('',*,*,#2252,.T.);
#2870=ORIENTED_EDGE('',*,*,#2259,.T.);
#2871=ORIENTED_EDGE('',*,*,#2261,.T.);
#2872=ORIENTED_EDGE('',*,*,#2261,.F.);
#2873=ORIENTED_EDGE('',*,*,#2258,.T.);
#2874=ORIENTED_EDGE('',*,*,#2262,.F.);
#2875=ORIENTED_EDGE('',*,*,#2263,.T.);
#2876=ORIENTED_EDGE('',*,*,#2264,.T.);
#2877=ORIENTED_EDGE('',*,*,#2265,.T.);
#2878=ORIENTED_EDGE('',*,*,#2266,.F.);
#2879=ORIENTED_EDGE('',*,*,#2267,.F.);
#2880=ORIENTED_EDGE('',*,*,#2268,.T.);
#2881=ORIENTED_EDGE('',*,*,#2269,.T.);
#2882=ORIENTED_EDGE('',*,*,#2270,.T.);
#2883=ORIENTED_EDGE('',*,*,#2271,.T.);
#2884=ORIENTED_EDGE('',*,*,#2272,.T.);
#2885=ORIENTED_EDGE('',*,*,#2273,.T.);
#2886=ORIENTED_EDGE('',*,*,#2274,.T.);
#2887=ORIENTED_EDGE('',*,*,#2275,.T.);
#2888=ORIENTED_EDGE('',*,*,#2276,.T.);
#2889=ORIENTED_EDGE('',*,*,#2277,.T.);
#2890=ORIENTED_EDGE('',*,*,#2278,.T.);
#2891=ORIENTED_EDGE('',*,*,#2279,.T.);
#2892=ORIENTED_EDGE('',*,*,#2280,.T.);
#2893=ORIENTED_EDGE('',*,*,#2281,.T.);
#2894=ORIENTED_EDGE('',*,*,#2282,.T.);
#2895=ORIENTED_EDGE('',*,*,#2283,.T.);
#2896=ORIENTED_EDGE('',*,*,#2284,.T.);
#2897=ORIENTED_EDGE('',*,*,#2285,.T.);
#2898=ORIENTED_EDGE('',*,*,#2286,.T.);
#2899=ORIENTED_EDGE('',*,*,#2287,.T.);
#2900=ORIENTED_EDGE('',*,*,#2288,.T.);
#2901=ORIENTED_EDGE('',*,*,#2289,.T.);
#2902=ORIENTED_EDGE('',*,*,#2290,.T.);
#2903=ORIENTED_EDGE('',*,*,#2291,.T.);
#2904=ORIENTED_EDGE('',*,*,#2292,.T.);
#2905=ORIENTED_EDGE('',*,*,#2293,.T.);
#2906=ORIENTED_EDGE('',*,*,#2294,.T.);
#2907=ORIENTED_EDGE('',*,*,#2295,.T.);
#2908=ORIENTED_EDGE('',*,*,#2296,.T.);
#2909=ORIENTED_EDGE('',*,*,#2297,.T.);
#2910=ORIENTED_EDGE('',*,*,#2298,.T.);
#2911=ORIENTED_EDGE('',*,*,#2299,.T.);
#2912=ORIENTED_EDGE('',*,*,#2300,.T.);
#2913=ORIENTED_EDGE('',*,*,#2301,.T.);
#2914=ORIENTED_EDGE('',*,*,#2302,.T.);
#2915=ORIENTED_EDGE('',*,*,#2303,.T.);
#2916=ORIENTED_EDGE('',*,*,#2304,.T.);
#2917=ORIENTED_EDGE('',*,*,#2305,.T.);
#2918=ORIENTED_EDGE('',*,*,#2306,.T.);
#2919=ORIENTED_EDGE('',*,*,#2307,.T.);
#2920=ORIENTED_EDGE('',*,*,#2308,.T.);
#2921=ORIENTED_EDGE('',*,*,#2309,.T.);
#2922=ORIENTED_EDGE('',*,*,#2310,.T.);
#2923=ORIENTED_EDGE('',*,*,#2311,.T.);
#2924=ORIENTED_EDGE('',*,*,#2312,.T.);
#2925=ORIENTED_EDGE('',*,*,#2313,.T.);
#2926=ORIENTED_EDGE('',*,*,#2314,.T.);
#2927=ORIENTED_EDGE('',*,*,#2315,.T.);
#2928=ORIENTED_EDGE('',*,*,#2316,.T.);
#2929=ORIENTED_EDGE('',*,*,#2317,.T.);
#2930=ORIENTED_EDGE('',*,*,#2318,.T.);
#2931=ORIENTED_EDGE('',*,*,#2319,.T.);
#2932=ORIENTED_EDGE('',*,*,#2320,.T.);
#2933=ORIENTED_EDGE('',*,*,#2321,.T.);
#2934=ORIENTED_EDGE('',*,*,#2190,.F.);
#2935=ORIENTED_EDGE('',*,*,#2322,.F.);
#2936=ORIENTED_EDGE('',*,*,#2323,.T.);
#2937=ORIENTED_EDGE('',*,*,#2324,.T.);
#2938=ORIENTED_EDGE('',*,*,#2325,.T.);
#2939=ORIENTED_EDGE('',*,*,#2326,.T.);
#2940=ORIENTED_EDGE('',*,*,#2327,.T.);
#2941=ORIENTED_EDGE('',*,*,#2328,.T.);
#2942=ORIENTED_EDGE('',*,*,#2329,.T.);
#2943=ORIENTED_EDGE('',*,*,#2330,.T.);
#2944=ORIENTED_EDGE('',*,*,#2331,.T.);
#2945=ORIENTED_EDGE('',*,*,#2332,.T.);
#2946=ORIENTED_EDGE('',*,*,#2333,.T.);
#2947=ORIENTED_EDGE('',*,*,#2334,.T.);
#2948=ORIENTED_EDGE('',*,*,#2335,.T.);
#2949=ORIENTED_EDGE('',*,*,#2336,.T.);
#2950=ORIENTED_EDGE('',*,*,#2337,.T.);
#2951=ORIENTED_EDGE('',*,*,#2338,.T.);
#2952=ORIENTED_EDGE('',*,*,#2339,.T.);
#2953=ORIENTED_EDGE('',*,*,#2340,.T.);
#2954=ORIENTED_EDGE('',*,*,#2341,.T.);
#2955=ORIENTED_EDGE('',*,*,#2178,.T.);
#2956=ORIENTED_EDGE('',*,*,#2342,.T.);
#2957=ORIENTED_EDGE('',*,*,#2343,.T.);
#2958=ORIENTED_EDGE('',*,*,#2344,.T.);
#2959=ORIENTED_EDGE('',*,*,#2176,.T.);
#2960=ORIENTED_EDGE('',*,*,#2345,.T.);
#2961=ORIENTED_EDGE('',*,*,#2346,.T.);
#2962=ORIENTED_EDGE('',*,*,#2347,.F.);
#2963=ORIENTED_EDGE('',*,*,#2348,.F.);
#2964=ORIENTED_EDGE('',*,*,#2349,.T.);
#2965=ORIENTED_EDGE('',*,*,#2256,.F.);
#2966=ORIENTED_EDGE('',*,*,#2350,.T.);
#2967=ORIENTED_EDGE('',*,*,#2351,.T.);
#2968=ORIENTED_EDGE('',*,*,#2352,.T.);
#2969=ORIENTED_EDGE('',*,*,#2353,.T.);
#2970=ORIENTED_EDGE('',*,*,#2354,.T.);
#2971=ORIENTED_EDGE('',*,*,#2355,.T.);
#2972=ORIENTED_EDGE('',*,*,#2356,.T.);
#2973=ORIENTED_EDGE('',*,*,#2357,.T.);
#2974=ORIENTED_EDGE('',*,*,#2358,.T.);
#2975=ORIENTED_EDGE('',*,*,#2359,.T.);
#2976=ORIENTED_EDGE('',*,*,#2360,.T.);
#2977=ORIENTED_EDGE('',*,*,#2361,.T.);
#2978=ORIENTED_EDGE('',*,*,#2362,.T.);
#2979=ORIENTED_EDGE('',*,*,#2363,.T.);
#2980=ORIENTED_EDGE('',*,*,#2364,.T.);
#2981=ORIENTED_EDGE('',*,*,#2365,.T.);
#2982=ORIENTED_EDGE('',*,*,#2366,.T.);
#2983=ORIENTED_EDGE('',*,*,#2367,.T.);
#2984=ORIENTED_EDGE('',*,*,#2368,.T.);
#2985=ORIENTED_EDGE('',*,*,#2369,.T.);
#2986=ORIENTED_EDGE('',*,*,#2370,.T.);
#2987=ORIENTED_EDGE('',*,*,#2371,.T.);
#2988=ORIENTED_EDGE('',*,*,#2372,.T.);
#2989=ORIENTED_EDGE('',*,*,#2247,.F.);
#2990=ORIENTED_EDGE('',*,*,#2253,.F.);
#2991=ORIENTED_EDGE('',*,*,#2260,.F.);
#2992=ORIENTED_EDGE('',*,*,#2267,.T.);
#2993=ORIENTED_EDGE('',*,*,#2373,.F.);
#2994=ORIENTED_EDGE('',*,*,#2322,.T.);
#2995=ORIENTED_EDGE('',*,*,#2189,.F.);
#2996=ORIENTED_EDGE('',*,*,#2193,.T.);
#2997=ORIENTED_EDGE('',*,*,#2196,.F.);
#2998=ORIENTED_EDGE('',*,*,#2223,.T.);
#2999=ORIENTED_EDGE('',*,*,#2374,.F.);
#3000=ORIENTED_EDGE('',*,*,#2375,.T.);
#3001=ORIENTED_EDGE('',*,*,#2255,.T.);
#3002=ORIENTED_EDGE('',*,*,#2376,.T.);
#3003=ORIENTED_EDGE('',*,*,#2377,.F.);
#3004=ORIENTED_EDGE('',*,*,#2198,.T.);
#3005=ORIENTED_EDGE('',*,*,#2257,.T.);
#3006=ORIENTED_EDGE('',*,*,#2349,.F.);
#3007=ORIENTED_EDGE('',*,*,#2378,.T.);
#3008=ORIENTED_EDGE('',*,*,#2262,.T.);
#3009=ORIENTED_EDGE('',*,*,#2373,.T.);
#3010=ORIENTED_EDGE('',*,*,#2266,.T.);
#3011=ORIENTED_EDGE('',*,*,#2379,.F.);
#3012=ORIENTED_EDGE('',*,*,#2345,.F.);
#3013=ORIENTED_EDGE('',*,*,#2175,.T.);
#3014=ORIENTED_EDGE('',*,*,#2202,.T.);
#3015=ORIENTED_EDGE('',*,*,#2380,.T.);
#3016=ORIENTED_EDGE('',*,*,#2381,.T.);
#3017=ORIENTED_EDGE('',*,*,#2374,.T.);
#3018=ORIENTED_EDGE('',*,*,#2222,.T.);
#3019=ORIENTED_EDGE('',*,*,#2382,.F.);
#3020=ORIENTED_EDGE('',*,*,#2323,.F.);
#3021=ORIENTED_EDGE('',*,*,#2383,.T.);
#3022=ORIENTED_EDGE('',*,*,#2384,.T.);
#3023=ORIENTED_EDGE('',*,*,#2385,.T.);
#3024=ORIENTED_EDGE('',*,*,#2386,.T.);
#3025=ORIENTED_EDGE('',*,*,#2167,.T.);
#3026=ORIENTED_EDGE('',*,*,#2387,.T.);
#3027=ORIENTED_EDGE('',*,*,#2388,.T.);
#3028=ORIENTED_EDGE('',*,*,#2389,.T.);
#3029=ORIENTED_EDGE('',*,*,#2390,.T.);
#3030=ORIENTED_EDGE('',*,*,#2391,.T.);
#3031=ORIENTED_EDGE('',*,*,#2392,.T.);
#3032=ORIENTED_EDGE('',*,*,#2393,.T.);
#3033=ORIENTED_EDGE('',*,*,#2394,.T.);
#3034=ORIENTED_EDGE('',*,*,#2395,.T.);
#3035=ORIENTED_EDGE('',*,*,#2396,.T.);
#3036=ORIENTED_EDGE('',*,*,#2397,.T.);
#3037=ORIENTED_EDGE('',*,*,#2398,.T.);
#3038=ORIENTED_EDGE('',*,*,#2399,.T.);
#3039=ORIENTED_EDGE('',*,*,#2400,.T.);
#3040=ORIENTED_EDGE('',*,*,#2401,.T.);
#3041=ORIENTED_EDGE('',*,*,#2220,.F.);
#3042=ORIENTED_EDGE('',*,*,#2402,.F.);
#3043=ORIENTED_EDGE('',*,*,#2403,.F.);
#3044=ORIENTED_EDGE('',*,*,#2404,.T.);
#3045=ORIENTED_EDGE('',*,*,#2399,.F.);
#3046=ORIENTED_EDGE('',*,*,#2400,.F.);
#3047=ORIENTED_EDGE('',*,*,#2404,.F.);
#3048=ORIENTED_EDGE('',*,*,#2405,.F.);
#3049=ORIENTED_EDGE('',*,*,#2406,.T.);
#3050=ORIENTED_EDGE('',*,*,#2218,.F.);
#3051=ORIENTED_EDGE('',*,*,#2219,.F.);
#3052=ORIENTED_EDGE('',*,*,#2406,.F.);
#3053=ORIENTED_EDGE('',*,*,#2407,.F.);
#3054=ORIENTED_EDGE('',*,*,#2402,.T.);
#3055=ORIENTED_EDGE('',*,*,#2244,.F.);
#3056=ORIENTED_EDGE('',*,*,#2408,.F.);
#3057=ORIENTED_EDGE('',*,*,#2409,.F.);
#3058=ORIENTED_EDGE('',*,*,#2410,.T.);
#3059=ORIENTED_EDGE('',*,*,#2245,.F.);
#3060=ORIENTED_EDGE('',*,*,#2410,.F.);
#3061=ORIENTED_EDGE('',*,*,#2411,.F.);
#3062=ORIENTED_EDGE('',*,*,#2412,.T.);
#3063=ORIENTED_EDGE('',*,*,#2246,.F.);
#3064=ORIENTED_EDGE('',*,*,#2412,.F.);
#3065=ORIENTED_EDGE('',*,*,#2413,.F.);
#3066=ORIENTED_EDGE('',*,*,#2408,.T.);
#3067=ORIENTED_EDGE('',*,*,#2173,.T.);
#3068=ORIENTED_EDGE('',*,*,#2414,.T.);
#3069=ORIENTED_EDGE('',*,*,#2415,.T.);
#3070=ORIENTED_EDGE('',*,*,#2204,.F.);
#3071=ORIENTED_EDGE('',*,*,#2416,.F.);
#3072=ORIENTED_EDGE('',*,*,#2417,.F.);
#3073=ORIENTED_EDGE('',*,*,#2418,.T.);
#3074=ORIENTED_EDGE('',*,*,#2205,.F.);
#3075=ORIENTED_EDGE('',*,*,#2418,.F.);
#3076=ORIENTED_EDGE('',*,*,#2419,.F.);
#3077=ORIENTED_EDGE('',*,*,#2420,.T.);
#3078=ORIENTED_EDGE('',*,*,#2414,.F.);
#3079=ORIENTED_EDGE('',*,*,#2415,.F.);
#3080=ORIENTED_EDGE('',*,*,#2420,.F.);
#3081=ORIENTED_EDGE('',*,*,#2421,.F.);
#3082=ORIENTED_EDGE('',*,*,#2416,.T.);
#3083=ORIENTED_EDGE('',*,*,#2203,.F.);
#3084=ORIENTED_EDGE('',*,*,#2241,.F.);
#3085=ORIENTED_EDGE('',*,*,#2422,.F.);
#3086=ORIENTED_EDGE('',*,*,#2423,.F.);
#3087=ORIENTED_EDGE('',*,*,#2424,.T.);
#3088=ORIENTED_EDGE('',*,*,#2242,.F.);
#3089=ORIENTED_EDGE('',*,*,#2424,.F.);
#3090=ORIENTED_EDGE('',*,*,#2425,.F.);
#3091=ORIENTED_EDGE('',*,*,#2426,.T.);
#3092=ORIENTED_EDGE('',*,*,#2243,.F.);
#3093=ORIENTED_EDGE('',*,*,#2426,.F.);
#3094=ORIENTED_EDGE('',*,*,#2427,.F.);
#3095=ORIENTED_EDGE('',*,*,#2422,.T.);
#3096=ORIENTED_EDGE('',*,*,#2238,.F.);
#3097=ORIENTED_EDGE('',*,*,#2428,.F.);
#3098=ORIENTED_EDGE('',*,*,#2429,.F.);
#3099=ORIENTED_EDGE('',*,*,#2430,.T.);
#3100=ORIENTED_EDGE('',*,*,#2239,.F.);
#3101=ORIENTED_EDGE('',*,*,#2430,.F.);
#3102=ORIENTED_EDGE('',*,*,#2431,.F.);
#3103=ORIENTED_EDGE('',*,*,#2432,.T.);
#3104=ORIENTED_EDGE('',*,*,#2240,.F.);
#3105=ORIENTED_EDGE('',*,*,#2432,.F.);
#3106=ORIENTED_EDGE('',*,*,#2433,.F.);
#3107=ORIENTED_EDGE('',*,*,#2428,.T.);
#3108=ORIENTED_EDGE('',*,*,#2235,.F.);
#3109=ORIENTED_EDGE('',*,*,#2434,.F.);
#3110=ORIENTED_EDGE('',*,*,#2435,.F.);
#3111=ORIENTED_EDGE('',*,*,#2436,.T.);
#3112=ORIENTED_EDGE('',*,*,#2236,.F.);
#3113=ORIENTED_EDGE('',*,*,#2436,.F.);
#3114=ORIENTED_EDGE('',*,*,#2437,.F.);
#3115=ORIENTED_EDGE('',*,*,#2438,.T.);
#3116=ORIENTED_EDGE('',*,*,#2237,.F.);
#3117=ORIENTED_EDGE('',*,*,#2438,.F.);
#3118=ORIENTED_EDGE('',*,*,#2439,.F.);
#3119=ORIENTED_EDGE('',*,*,#2434,.T.);
#3120=ORIENTED_EDGE('',*,*,#2440,.T.);
#3121=ORIENTED_EDGE('',*,*,#2441,.T.);
#3122=ORIENTED_EDGE('',*,*,#2442,.T.);
#3123=ORIENTED_EDGE('',*,*,#2171,.T.);
#3124=ORIENTED_EDGE('',*,*,#2442,.F.);
#3125=ORIENTED_EDGE('',*,*,#2443,.F.);
#3126=ORIENTED_EDGE('',*,*,#2444,.F.);
#3127=ORIENTED_EDGE('',*,*,#2445,.T.);
#3128=ORIENTED_EDGE('',*,*,#2206,.F.);
#3129=ORIENTED_EDGE('',*,*,#2207,.F.);
#3130=ORIENTED_EDGE('',*,*,#2445,.F.);
#3131=ORIENTED_EDGE('',*,*,#2446,.F.);
#3132=ORIENTED_EDGE('',*,*,#2447,.T.);
#3133=ORIENTED_EDGE('',*,*,#2208,.F.);
#3134=ORIENTED_EDGE('',*,*,#2447,.F.);
#3135=ORIENTED_EDGE('',*,*,#2448,.F.);
#3136=ORIENTED_EDGE('',*,*,#2443,.T.);
#3137=ORIENTED_EDGE('',*,*,#2441,.F.);
#3138=ORIENTED_EDGE('',*,*,#2232,.F.);
#3139=ORIENTED_EDGE('',*,*,#2449,.F.);
#3140=ORIENTED_EDGE('',*,*,#2450,.F.);
#3141=ORIENTED_EDGE('',*,*,#2451,.T.);
#3142=ORIENTED_EDGE('',*,*,#2233,.F.);
#3143=ORIENTED_EDGE('',*,*,#2451,.F.);
#3144=ORIENTED_EDGE('',*,*,#2452,.F.);
#3145=ORIENTED_EDGE('',*,*,#2453,.T.);
#3146=ORIENTED_EDGE('',*,*,#2234,.F.);
#3147=ORIENTED_EDGE('',*,*,#2453,.F.);
#3148=ORIENTED_EDGE('',*,*,#2454,.F.);
#3149=ORIENTED_EDGE('',*,*,#2449,.T.);
#3150=ORIENTED_EDGE('',*,*,#2455,.T.);
#3151=ORIENTED_EDGE('',*,*,#2456,.T.);
#3152=ORIENTED_EDGE('',*,*,#2457,.T.);
#3153=ORIENTED_EDGE('',*,*,#2458,.T.);
#3154=ORIENTED_EDGE('',*,*,#2327,.F.);
#3155=ORIENTED_EDGE('',*,*,#2459,.F.);
#3156=ORIENTED_EDGE('',*,*,#2268,.F.);
#3157=ORIENTED_EDGE('',*,*,#2460,.T.);
#3158=ORIENTED_EDGE('',*,*,#2456,.F.);
#3159=ORIENTED_EDGE('',*,*,#2457,.F.);
#3160=ORIENTED_EDGE('',*,*,#2460,.F.);
#3161=ORIENTED_EDGE('',*,*,#2270,.F.);
#3162=ORIENTED_EDGE('',*,*,#2461,.T.);
#3163=ORIENTED_EDGE('',*,*,#2325,.F.);
#3164=ORIENTED_EDGE('',*,*,#2326,.F.);
#3165=ORIENTED_EDGE('',*,*,#2461,.F.);
#3166=ORIENTED_EDGE('',*,*,#2269,.F.);
#3167=ORIENTED_EDGE('',*,*,#2459,.T.);
#3168=ORIENTED_EDGE('',*,*,#2462,.F.);
#3169=ORIENTED_EDGE('',*,*,#2463,.F.);
#3170=ORIENTED_EDGE('',*,*,#2271,.F.);
#3171=ORIENTED_EDGE('',*,*,#2464,.T.);
#3172=ORIENTED_EDGE('',*,*,#2465,.F.);
#3173=ORIENTED_EDGE('',*,*,#2464,.F.);
#3174=ORIENTED_EDGE('',*,*,#2273,.F.);
#3175=ORIENTED_EDGE('',*,*,#2466,.T.);
#3176=ORIENTED_EDGE('',*,*,#2467,.F.);
#3177=ORIENTED_EDGE('',*,*,#2466,.F.);
#3178=ORIENTED_EDGE('',*,*,#2272,.F.);
#3179=ORIENTED_EDGE('',*,*,#2463,.T.);
#3180=ORIENTED_EDGE('',*,*,#2465,.T.);
#3181=ORIENTED_EDGE('',*,*,#2467,.T.);
#3182=ORIENTED_EDGE('',*,*,#2462,.T.);
#3183=ORIENTED_EDGE('',*,*,#2354,.F.);
#3184=ORIENTED_EDGE('',*,*,#2468,.F.);
#3185=ORIENTED_EDGE('',*,*,#2274,.F.);
#3186=ORIENTED_EDGE('',*,*,#2469,.T.);
#3187=ORIENTED_EDGE('',*,*,#2355,.F.);
#3188=ORIENTED_EDGE('',*,*,#2469,.F.);
#3189=ORIENTED_EDGE('',*,*,#2276,.F.);
#3190=ORIENTED_EDGE('',*,*,#2470,.T.);
#3191=ORIENTED_EDGE('',*,*,#2356,.F.);
#3192=ORIENTED_EDGE('',*,*,#2470,.F.);
#3193=ORIENTED_EDGE('',*,*,#2275,.F.);
#3194=ORIENTED_EDGE('',*,*,#2468,.T.);
#3195=ORIENTED_EDGE('',*,*,#2177,.T.);
#3196=ORIENTED_EDGE('',*,*,#2471,.T.);
#3197=ORIENTED_EDGE('',*,*,#2472,.T.);
#3198=ORIENTED_EDGE('',*,*,#2472,.F.);
#3199=ORIENTED_EDGE('',*,*,#2473,.F.);
#3200=ORIENTED_EDGE('',*,*,#2277,.F.);
#3201=ORIENTED_EDGE('',*,*,#2474,.T.);
#3202=ORIENTED_EDGE('',*,*,#2342,.F.);
#3203=ORIENTED_EDGE('',*,*,#2343,.F.);
#3204=ORIENTED_EDGE('',*,*,#2474,.F.);
#3205=ORIENTED_EDGE('',*,*,#2279,.F.);
#3206=ORIENTED_EDGE('',*,*,#2475,.T.);
#3207=ORIENTED_EDGE('',*,*,#2344,.F.);
#3208=ORIENTED_EDGE('',*,*,#2475,.F.);
#3209=ORIENTED_EDGE('',*,*,#2278,.F.);
#3210=ORIENTED_EDGE('',*,*,#2473,.T.);
#3211=ORIENTED_EDGE('',*,*,#2471,.F.);
#3212=ORIENTED_EDGE('',*,*,#2330,.F.);
#3213=ORIENTED_EDGE('',*,*,#2476,.F.);
#3214=ORIENTED_EDGE('',*,*,#2280,.F.);
#3215=ORIENTED_EDGE('',*,*,#2477,.T.);
#3216=ORIENTED_EDGE('',*,*,#2478,.F.);
#3217=ORIENTED_EDGE('',*,*,#2479,.F.);
#3218=ORIENTED_EDGE('',*,*,#2477,.F.);
#3219=ORIENTED_EDGE('',*,*,#2282,.F.);
#3220=ORIENTED_EDGE('',*,*,#2480,.T.);
#3221=ORIENTED_EDGE('',*,*,#2481,.F.);
#3222=ORIENTED_EDGE('',*,*,#2480,.F.);
#3223=ORIENTED_EDGE('',*,*,#2281,.F.);
#3224=ORIENTED_EDGE('',*,*,#2476,.T.);
#3225=ORIENTED_EDGE('',*,*,#2329,.F.);
#3226=ORIENTED_EDGE('',*,*,#2482,.T.);
#3227=ORIENTED_EDGE('',*,*,#2478,.T.);
#3228=ORIENTED_EDGE('',*,*,#2479,.T.);
#3229=ORIENTED_EDGE('',*,*,#2481,.T.);
#3230=ORIENTED_EDGE('',*,*,#2357,.F.);
#3231=ORIENTED_EDGE('',*,*,#2483,.F.);
#3232=ORIENTED_EDGE('',*,*,#2283,.F.);
#3233=ORIENTED_EDGE('',*,*,#2484,.T.);
#3234=ORIENTED_EDGE('',*,*,#2358,.F.);
#3235=ORIENTED_EDGE('',*,*,#2484,.F.);
#3236=ORIENTED_EDGE('',*,*,#2285,.F.);
#3237=ORIENTED_EDGE('',*,*,#2485,.T.);
#3238=ORIENTED_EDGE('',*,*,#2359,.F.);
#3239=ORIENTED_EDGE('',*,*,#2485,.F.);
#3240=ORIENTED_EDGE('',*,*,#2284,.F.);
#3241=ORIENTED_EDGE('',*,*,#2483,.T.);
#3242=ORIENTED_EDGE('',*,*,#2360,.F.);
#3243=ORIENTED_EDGE('',*,*,#2486,.F.);
#3244=ORIENTED_EDGE('',*,*,#2286,.F.);
#3245=ORIENTED_EDGE('',*,*,#2487,.T.);
#3246=ORIENTED_EDGE('',*,*,#2361,.F.);
#3247=ORIENTED_EDGE('',*,*,#2487,.F.);
#3248=ORIENTED_EDGE('',*,*,#2288,.F.);
#3249=ORIENTED_EDGE('',*,*,#2488,.T.);
#3250=ORIENTED_EDGE('',*,*,#2362,.F.);
#3251=ORIENTED_EDGE('',*,*,#2488,.F.);
#3252=ORIENTED_EDGE('',*,*,#2287,.F.);
#3253=ORIENTED_EDGE('',*,*,#2486,.T.);
#3254=ORIENTED_EDGE('',*,*,#2337,.F.);
#3255=ORIENTED_EDGE('',*,*,#2489,.F.);
#3256=ORIENTED_EDGE('',*,*,#2289,.F.);
#3257=ORIENTED_EDGE('',*,*,#2490,.T.);
#3258=ORIENTED_EDGE('',*,*,#2491,.F.);
#3259=ORIENTED_EDGE('',*,*,#2492,.F.);
#3260=ORIENTED_EDGE('',*,*,#2490,.F.);
#3261=ORIENTED_EDGE('',*,*,#2291,.F.);
#3262=ORIENTED_EDGE('',*,*,#2493,.T.);
#3263=ORIENTED_EDGE('',*,*,#2494,.F.);
#3264=ORIENTED_EDGE('',*,*,#2493,.F.);
#3265=ORIENTED_EDGE('',*,*,#2290,.F.);
#3266=ORIENTED_EDGE('',*,*,#2489,.T.);
#3267=ORIENTED_EDGE('',*,*,#2336,.F.);
#3268=ORIENTED_EDGE('',*,*,#2495,.T.);
#3269=ORIENTED_EDGE('',*,*,#2491,.T.);
#3270=ORIENTED_EDGE('',*,*,#2492,.T.);
#3271=ORIENTED_EDGE('',*,*,#2494,.T.);
#3272=ORIENTED_EDGE('',*,*,#2363,.F.);
#3273=ORIENTED_EDGE('',*,*,#2496,.F.);
#3274=ORIENTED_EDGE('',*,*,#2292,.F.);
#3275=ORIENTED_EDGE('',*,*,#2497,.T.);
#3276=ORIENTED_EDGE('',*,*,#2364,.F.);
#3277=ORIENTED_EDGE('',*,*,#2497,.F.);
#3278=ORIENTED_EDGE('',*,*,#2294,.F.);
#3279=ORIENTED_EDGE('',*,*,#2498,.T.);
#3280=ORIENTED_EDGE('',*,*,#2365,.F.);
#3281=ORIENTED_EDGE('',*,*,#2498,.F.);
#3282=ORIENTED_EDGE('',*,*,#2293,.F.);
#3283=ORIENTED_EDGE('',*,*,#2496,.T.);
#3284=ORIENTED_EDGE('',*,*,#2169,.T.);
#3285=ORIENTED_EDGE('',*,*,#2499,.T.);
#3286=ORIENTED_EDGE('',*,*,#2500,.T.);
#3287=ORIENTED_EDGE('',*,*,#2501,.T.);
#3288=ORIENTED_EDGE('',*,*,#2340,.F.);
#3289=ORIENTED_EDGE('',*,*,#2502,.F.);
#3290=ORIENTED_EDGE('',*,*,#2295,.F.);
#3291=ORIENTED_EDGE('',*,*,#2503,.T.);
#3292=ORIENTED_EDGE('',*,*,#2341,.F.);
#3293=ORIENTED_EDGE('',*,*,#2503,.F.);
#3294=ORIENTED_EDGE('',*,*,#2297,.F.);
#3295=ORIENTED_EDGE('',*,*,#2504,.T.);
#3296=ORIENTED_EDGE('',*,*,#2499,.F.);
#3297=ORIENTED_EDGE('',*,*,#2500,.F.);
#3298=ORIENTED_EDGE('',*,*,#2504,.F.);
#3299=ORIENTED_EDGE('',*,*,#2296,.F.);
#3300=ORIENTED_EDGE('',*,*,#2502,.T.);
#3301=ORIENTED_EDGE('',*,*,#2339,.F.);
#3302=ORIENTED_EDGE('',*,*,#2505,.T.);
#3303=ORIENTED_EDGE('',*,*,#2506,.T.);
#3304=ORIENTED_EDGE('',*,*,#2507,.T.);
#3305=ORIENTED_EDGE('',*,*,#2333,.F.);
#3306=ORIENTED_EDGE('',*,*,#2508,.F.);
#3307=ORIENTED_EDGE('',*,*,#2298,.F.);
#3308=ORIENTED_EDGE('',*,*,#2509,.T.);
#3309=ORIENTED_EDGE('',*,*,#2334,.F.);
#3310=ORIENTED_EDGE('',*,*,#2509,.F.);
#3311=ORIENTED_EDGE('',*,*,#2300,.F.);
#3312=ORIENTED_EDGE('',*,*,#2510,.T.);
#3313=ORIENTED_EDGE('',*,*,#2506,.F.);
#3314=ORIENTED_EDGE('',*,*,#2507,.F.);
#3315=ORIENTED_EDGE('',*,*,#2510,.F.);
#3316=ORIENTED_EDGE('',*,*,#2299,.F.);
#3317=ORIENTED_EDGE('',*,*,#2508,.T.);
#3318=ORIENTED_EDGE('',*,*,#2332,.F.);
#3319=ORIENTED_EDGE('',*,*,#2366,.F.);
#3320=ORIENTED_EDGE('',*,*,#2511,.F.);
#3321=ORIENTED_EDGE('',*,*,#2301,.F.);
#3322=ORIENTED_EDGE('',*,*,#2512,.T.);
#3323=ORIENTED_EDGE('',*,*,#2367,.F.);
#3324=ORIENTED_EDGE('',*,*,#2512,.F.);
#3325=ORIENTED_EDGE('',*,*,#2303,.F.);
#3326=ORIENTED_EDGE('',*,*,#2513,.T.);
#3327=ORIENTED_EDGE('',*,*,#2368,.F.);
#3328=ORIENTED_EDGE('',*,*,#2513,.F.);
#3329=ORIENTED_EDGE('',*,*,#2302,.F.);
#3330=ORIENTED_EDGE('',*,*,#2511,.T.);
#3331=ORIENTED_EDGE('',*,*,#2514,.T.);
#3332=ORIENTED_EDGE('',*,*,#2214,.T.);
#3333=ORIENTED_EDGE('',*,*,#2515,.T.);
#3334=ORIENTED_EDGE('',*,*,#2516,.T.);
#3335=ORIENTED_EDGE('',*,*,#2517,.T.);
#3336=ORIENTED_EDGE('',*,*,#2518,.T.);
#3337=ORIENTED_EDGE('',*,*,#2519,.T.);
#3338=ORIENTED_EDGE('',*,*,#2212,.T.);
#3339=ORIENTED_EDGE('',*,*,#2518,.F.);
#3340=ORIENTED_EDGE('',*,*,#2520,.T.);
#3341=ORIENTED_EDGE('',*,*,#2521,.F.);
#3342=ORIENTED_EDGE('',*,*,#2522,.F.);
#3343=ORIENTED_EDGE('',*,*,#2523,.T.);
#3344=ORIENTED_EDGE('',*,*,#2524,.T.);
#3345=ORIENTED_EDGE('',*,*,#2525,.F.);
#3346=ORIENTED_EDGE('',*,*,#2526,.F.);
#3347=ORIENTED_EDGE('',*,*,#2527,.F.);
#3348=ORIENTED_EDGE('',*,*,#2180,.F.);
#3349=ORIENTED_EDGE('',*,*,#2528,.T.);
#3350=ORIENTED_EDGE('',*,*,#2529,.F.);
#3351=ORIENTED_EDGE('',*,*,#2383,.F.);
#3352=ORIENTED_EDGE('',*,*,#2530,.T.);
#3353=ORIENTED_EDGE('',*,*,#2531,.T.);
#3354=ORIENTED_EDGE('',*,*,#2532,.F.);
#3355=ORIENTED_EDGE('',*,*,#2533,.F.);
#3356=ORIENTED_EDGE('',*,*,#2534,.T.);
#3357=ORIENTED_EDGE('',*,*,#2535,.F.);
#3358=ORIENTED_EDGE('',*,*,#2536,.T.);
#3359=ORIENTED_EDGE('',*,*,#2537,.F.);
#3360=ORIENTED_EDGE('',*,*,#2538,.T.);
#3361=ORIENTED_EDGE('',*,*,#2539,.F.);
#3362=ORIENTED_EDGE('',*,*,#2531,.F.);
#3363=ORIENTED_EDGE('',*,*,#2540,.F.);
#3364=ORIENTED_EDGE('',*,*,#2541,.T.);
#3365=ORIENTED_EDGE('',*,*,#2542,.F.);
#3366=ORIENTED_EDGE('',*,*,#2165,.F.);
#3367=ORIENTED_EDGE('',*,*,#2543,.F.);
#3368=ORIENTED_EDGE('',*,*,#2544,.F.);
#3369=ORIENTED_EDGE('',*,*,#2545,.F.);
#3370=ORIENTED_EDGE('',*,*,#2546,.F.);
#3371=ORIENTED_EDGE('',*,*,#2547,.F.);
#3372=ORIENTED_EDGE('',*,*,#2548,.F.);
#3373=ORIENTED_EDGE('',*,*,#2549,.F.);
#3374=ORIENTED_EDGE('',*,*,#2550,.T.);
#3375=ORIENTED_EDGE('',*,*,#2551,.F.);
#3376=ORIENTED_EDGE('',*,*,#2528,.F.);
#3377=ORIENTED_EDGE('',*,*,#2179,.F.);
#3378=ORIENTED_EDGE('',*,*,#2552,.T.);
#3379=ORIENTED_EDGE('',*,*,#2553,.F.);
#3380=ORIENTED_EDGE('',*,*,#2554,.T.);
#3381=ORIENTED_EDGE('',*,*,#2555,.F.);
#3382=ORIENTED_EDGE('',*,*,#2161,.F.);
#3383=ORIENTED_EDGE('',*,*,#2556,.F.);
#3384=ORIENTED_EDGE('',*,*,#2557,.F.);
#3385=ORIENTED_EDGE('',*,*,#2558,.F.);
#3386=ORIENTED_EDGE('',*,*,#2533,.T.);
#3387=ORIENTED_EDGE('',*,*,#2559,.F.);
#3388=ORIENTED_EDGE('',*,*,#2560,.F.);
#3389=ORIENTED_EDGE('',*,*,#2561,.F.);
#3390=ORIENTED_EDGE('',*,*,#2544,.T.);
#3391=ORIENTED_EDGE('',*,*,#2562,.F.);
#3392=ORIENTED_EDGE('',*,*,#2554,.F.);
#3393=ORIENTED_EDGE('',*,*,#2563,.F.);
#3394=ORIENTED_EDGE('',*,*,#2564,.F.);
#3395=ORIENTED_EDGE('',*,*,#2181,.F.);
#3396=ORIENTED_EDGE('',*,*,#2527,.T.);
#3397=ORIENTED_EDGE('',*,*,#2565,.F.);
#3398=ORIENTED_EDGE('',*,*,#2566,.F.);
#3399=ORIENTED_EDGE('',*,*,#2567,.F.);
#3400=ORIENTED_EDGE('',*,*,#2183,.F.);
#3401=ORIENTED_EDGE('',*,*,#2568,.F.);
#3402=ORIENTED_EDGE('',*,*,#2569,.T.);
#3403=ORIENTED_EDGE('',*,*,#2570,.F.);
#3404=ORIENTED_EDGE('',*,*,#2569,.F.);
#3405=ORIENTED_EDGE('',*,*,#2571,.F.);
#3406=ORIENTED_EDGE('',*,*,#2546,.T.);
#3407=ORIENTED_EDGE('',*,*,#2572,.F.);
#3408=ORIENTED_EDGE('',*,*,#2541,.F.);
#3409=ORIENTED_EDGE('',*,*,#2573,.F.);
#3410=ORIENTED_EDGE('',*,*,#2557,.T.);
#3411=ORIENTED_EDGE('',*,*,#2574,.F.);
#3412=ORIENTED_EDGE('',*,*,#2566,.T.);
#3413=ORIENTED_EDGE('',*,*,#2575,.F.);
#3414=ORIENTED_EDGE('',*,*,#2550,.F.);
#3415=ORIENTED_EDGE('',*,*,#2576,.F.);
#3416=ORIENTED_EDGE('',*,*,#2392,.F.);
#3417=ORIENTED_EDGE('',*,*,#2577,.T.);
#3418=ORIENTED_EDGE('',*,*,#2552,.F.);
#3419=ORIENTED_EDGE('',*,*,#2182,.F.);
#3420=ORIENTED_EDGE('',*,*,#2564,.T.);
#3421=ORIENTED_EDGE('',*,*,#2578,.T.);
#3422=ORIENTED_EDGE('',*,*,#2579,.F.);
#3423=ORIENTED_EDGE('',*,*,#2580,.F.);
#3424=ORIENTED_EDGE('',*,*,#2560,.T.);
#3425=ORIENTED_EDGE('',*,*,#2581,.F.);
#3426=ORIENTED_EDGE('',*,*,#2538,.F.);
#3427=ORIENTED_EDGE('',*,*,#2537,.T.);
#3428=ORIENTED_EDGE('',*,*,#2561,.T.);
#3429=ORIENTED_EDGE('',*,*,#2553,.T.);
#3430=ORIENTED_EDGE('',*,*,#2580,.T.);
#3431=ORIENTED_EDGE('',*,*,#2582,.F.);
#3432=ORIENTED_EDGE('',*,*,#2583,.F.);
#3433=ORIENTED_EDGE('',*,*,#2393,.F.);
#3434=ORIENTED_EDGE('',*,*,#2576,.T.);
#3435=ORIENTED_EDGE('',*,*,#2547,.T.);
#3436=ORIENTED_EDGE('',*,*,#2571,.T.);
#3437=ORIENTED_EDGE('',*,*,#2568,.T.);
#3438=ORIENTED_EDGE('',*,*,#2186,.T.);
#3439=ORIENTED_EDGE('',*,*,#2584,.F.);
#3440=ORIENTED_EDGE('',*,*,#2585,.F.);
#3441=ORIENTED_EDGE('',*,*,#2397,.F.);
#3442=ORIENTED_EDGE('',*,*,#2586,.T.);
#3443=ORIENTED_EDGE('',*,*,#2567,.T.);
#3444=ORIENTED_EDGE('',*,*,#2574,.T.);
#3445=ORIENTED_EDGE('',*,*,#2549,.T.);
#3446=ORIENTED_EDGE('',*,*,#2587,.F.);
#3447=ORIENTED_EDGE('',*,*,#2395,.F.);
#3448=ORIENTED_EDGE('',*,*,#2588,.T.);
#3449=ORIENTED_EDGE('',*,*,#2589,.F.);
#3450=ORIENTED_EDGE('',*,*,#2184,.F.);
#3451=ORIENTED_EDGE('',*,*,#2551,.T.);
#3452=ORIENTED_EDGE('',*,*,#2575,.T.);
#3453=ORIENTED_EDGE('',*,*,#2565,.T.);
#3454=ORIENTED_EDGE('',*,*,#2526,.T.);
#3455=ORIENTED_EDGE('',*,*,#2590,.F.);
#3456=ORIENTED_EDGE('',*,*,#2591,.F.);
#3457=ORIENTED_EDGE('',*,*,#2384,.F.);
#3458=ORIENTED_EDGE('',*,*,#2529,.T.);
#3459=ORIENTED_EDGE('',*,*,#2211,.F.);
#3460=ORIENTED_EDGE('',*,*,#2592,.T.);
#3461=ORIENTED_EDGE('',*,*,#2593,.F.);
#3462=ORIENTED_EDGE('',*,*,#2520,.F.);
#3463=ORIENTED_EDGE('',*,*,#2517,.F.);
#3464=ORIENTED_EDGE('',*,*,#2210,.F.);
#3465=ORIENTED_EDGE('',*,*,#2594,.F.);
#3466=ORIENTED_EDGE('',*,*,#2524,.F.);
#3467=ORIENTED_EDGE('',*,*,#2595,.T.);
#3468=ORIENTED_EDGE('',*,*,#2596,.F.);
#3469=ORIENTED_EDGE('',*,*,#2592,.F.);
#3470=ORIENTED_EDGE('',*,*,#2594,.T.);
#3471=ORIENTED_EDGE('',*,*,#2209,.F.);
#3472=ORIENTED_EDGE('',*,*,#2440,.F.);
#3473=ORIENTED_EDGE('',*,*,#2170,.F.);
#3474=ORIENTED_EDGE('',*,*,#2501,.F.);
#3475=ORIENTED_EDGE('',*,*,#2338,.F.);
#3476=ORIENTED_EDGE('',*,*,#2495,.F.);
#3477=ORIENTED_EDGE('',*,*,#2335,.F.);
#3478=ORIENTED_EDGE('',*,*,#2505,.F.);
#3479=ORIENTED_EDGE('',*,*,#2331,.F.);
#3480=ORIENTED_EDGE('',*,*,#2482,.F.);
#3481=ORIENTED_EDGE('',*,*,#2328,.F.);
#3482=ORIENTED_EDGE('',*,*,#2455,.F.);
#3483=ORIENTED_EDGE('',*,*,#2597,.F.);
#3484=ORIENTED_EDGE('',*,*,#2401,.F.);
#3485=ORIENTED_EDGE('',*,*,#2217,.F.);
#3486=ORIENTED_EDGE('',*,*,#2598,.T.);
#3487=ORIENTED_EDGE('',*,*,#2535,.T.);
#3488=ORIENTED_EDGE('',*,*,#2599,.T.);
#3489=ORIENTED_EDGE('',*,*,#2600,.T.);
#3490=ORIENTED_EDGE('',*,*,#2590,.T.);
#3491=ORIENTED_EDGE('',*,*,#2525,.T.);
#3492=ORIENTED_EDGE('',*,*,#2163,.T.);
#3493=ORIENTED_EDGE('',*,*,#2601,.T.);
#3494=ORIENTED_EDGE('',*,*,#2602,.T.);
#3495=ORIENTED_EDGE('',*,*,#2603,.T.);
#3496=ORIENTED_EDGE('',*,*,#2604,.T.);
#3497=ORIENTED_EDGE('',*,*,#2582,.T.);
#3498=ORIENTED_EDGE('',*,*,#2579,.T.);
#3499=ORIENTED_EDGE('',*,*,#2605,.T.);
#3500=ORIENTED_EDGE('',*,*,#2606,.T.);
#3501=ORIENTED_EDGE('',*,*,#2584,.T.);
#3502=ORIENTED_EDGE('',*,*,#2185,.T.);
#3503=ORIENTED_EDGE('',*,*,#2589,.T.);
#3504=ORIENTED_EDGE('',*,*,#2216,.F.);
#3505=ORIENTED_EDGE('',*,*,#2607,.T.);
#3506=ORIENTED_EDGE('',*,*,#2608,.F.);
#3507=ORIENTED_EDGE('',*,*,#2609,.F.);
#3508=ORIENTED_EDGE('',*,*,#2536,.F.);
#3509=ORIENTED_EDGE('',*,*,#2598,.F.);
#3510=ORIENTED_EDGE('',*,*,#2523,.F.);
#3511=ORIENTED_EDGE('',*,*,#2609,.T.);
#3512=ORIENTED_EDGE('',*,*,#2610,.F.);
#3513=ORIENTED_EDGE('',*,*,#2611,.F.);
#3514=ORIENTED_EDGE('',*,*,#2515,.F.);
#3515=ORIENTED_EDGE('',*,*,#2213,.T.);
#3516=ORIENTED_EDGE('',*,*,#2519,.F.);
#3517=ORIENTED_EDGE('',*,*,#2522,.T.);
#3518=ORIENTED_EDGE('',*,*,#2612,.F.);
#3519=ORIENTED_EDGE('',*,*,#2595,.F.);
#3520=ORIENTED_EDGE('',*,*,#2215,.F.);
#3521=ORIENTED_EDGE('',*,*,#2514,.F.);
#3522=ORIENTED_EDGE('',*,*,#2613,.T.);
#3523=ORIENTED_EDGE('',*,*,#2614,.F.);
#3524=ORIENTED_EDGE('',*,*,#2607,.F.);
#3525=ORIENTED_EDGE('',*,*,#2516,.F.);
#3526=ORIENTED_EDGE('',*,*,#2611,.T.);
#3527=ORIENTED_EDGE('',*,*,#2615,.F.);
#3528=ORIENTED_EDGE('',*,*,#2613,.F.);
#3529=ORIENTED_EDGE('',*,*,#2353,.F.);
#3530=ORIENTED_EDGE('',*,*,#2616,.F.);
#3531=ORIENTED_EDGE('',*,*,#2320,.F.);
#3532=ORIENTED_EDGE('',*,*,#2617,.T.);
#3533=ORIENTED_EDGE('',*,*,#2225,.F.);
#3534=ORIENTED_EDGE('',*,*,#2618,.T.);
#3535=ORIENTED_EDGE('',*,*,#2619,.F.);
#3536=ORIENTED_EDGE('',*,*,#2620,.F.);
#3537=ORIENTED_EDGE('',*,*,#2352,.F.);
#3538=ORIENTED_EDGE('',*,*,#2621,.F.);
#3539=ORIENTED_EDGE('',*,*,#2321,.F.);
#3540=ORIENTED_EDGE('',*,*,#2616,.T.);
#3541=ORIENTED_EDGE('',*,*,#2226,.F.);
#3542=ORIENTED_EDGE('',*,*,#2620,.T.);
#3543=ORIENTED_EDGE('',*,*,#2622,.F.);
#3544=ORIENTED_EDGE('',*,*,#2623,.F.);
#3545=ORIENTED_EDGE('',*,*,#2350,.F.);
#3546=ORIENTED_EDGE('',*,*,#2617,.F.);
#3547=ORIENTED_EDGE('',*,*,#2319,.F.);
#3548=ORIENTED_EDGE('',*,*,#2624,.T.);
#3549=ORIENTED_EDGE('',*,*,#2351,.F.);
#3550=ORIENTED_EDGE('',*,*,#2624,.F.);
#3551=ORIENTED_EDGE('',*,*,#2318,.F.);
#3552=ORIENTED_EDGE('',*,*,#2621,.T.);
#3553=ORIENTED_EDGE('',*,*,#2227,.F.);
#3554=ORIENTED_EDGE('',*,*,#2623,.T.);
#3555=ORIENTED_EDGE('',*,*,#2625,.F.);
#3556=ORIENTED_EDGE('',*,*,#2626,.F.);
#3557=ORIENTED_EDGE('',*,*,#2224,.F.);
#3558=ORIENTED_EDGE('',*,*,#2626,.T.);
#3559=ORIENTED_EDGE('',*,*,#2627,.F.);
#3560=ORIENTED_EDGE('',*,*,#2618,.F.);
#3561=ORIENTED_EDGE('',*,*,#2371,.F.);
#3562=ORIENTED_EDGE('',*,*,#2628,.F.);
#3563=ORIENTED_EDGE('',*,*,#2316,.F.);
#3564=ORIENTED_EDGE('',*,*,#2629,.T.);
#3565=ORIENTED_EDGE('',*,*,#2230,.F.);
#3566=ORIENTED_EDGE('',*,*,#2630,.T.);
#3567=ORIENTED_EDGE('',*,*,#2631,.F.);
#3568=ORIENTED_EDGE('',*,*,#2632,.F.);
#3569=ORIENTED_EDGE('',*,*,#2370,.F.);
#3570=ORIENTED_EDGE('',*,*,#2633,.F.);
#3571=ORIENTED_EDGE('',*,*,#2317,.F.);
#3572=ORIENTED_EDGE('',*,*,#2628,.T.);
#3573=ORIENTED_EDGE('',*,*,#2231,.F.);
#3574=ORIENTED_EDGE('',*,*,#2632,.T.);
#3575=ORIENTED_EDGE('',*,*,#2634,.F.);
#3576=ORIENTED_EDGE('',*,*,#2635,.F.);
#3577=ORIENTED_EDGE('',*,*,#2372,.F.);
#3578=ORIENTED_EDGE('',*,*,#2629,.F.);
#3579=ORIENTED_EDGE('',*,*,#2315,.F.);
#3580=ORIENTED_EDGE('',*,*,#2636,.T.);
#3581=ORIENTED_EDGE('',*,*,#2369,.F.);
#3582=ORIENTED_EDGE('',*,*,#2636,.F.);
#3583=ORIENTED_EDGE('',*,*,#2314,.F.);
#3584=ORIENTED_EDGE('',*,*,#2633,.T.);
#3585=ORIENTED_EDGE('',*,*,#2228,.F.);
#3586=ORIENTED_EDGE('',*,*,#2635,.T.);
#3587=ORIENTED_EDGE('',*,*,#2637,.F.);
#3588=ORIENTED_EDGE('',*,*,#2638,.F.);
#3589=ORIENTED_EDGE('',*,*,#2229,.F.);
#3590=ORIENTED_EDGE('',*,*,#2638,.T.);
#3591=ORIENTED_EDGE('',*,*,#2639,.F.);
#3592=ORIENTED_EDGE('',*,*,#2630,.F.);
#3593=ORIENTED_EDGE('',*,*,#2548,.T.);
#3594=ORIENTED_EDGE('',*,*,#2586,.F.);
#3595=ORIENTED_EDGE('',*,*,#2396,.F.);
#3596=ORIENTED_EDGE('',*,*,#2587,.T.);
#3597=ORIENTED_EDGE('',*,*,#2606,.F.);
#3598=ORIENTED_EDGE('',*,*,#2588,.F.);
#3599=ORIENTED_EDGE('',*,*,#2394,.F.);
#3600=ORIENTED_EDGE('',*,*,#2585,.T.);
#3601=ORIENTED_EDGE('',*,*,#2545,.T.);
#3602=ORIENTED_EDGE('',*,*,#2577,.F.);
#3603=ORIENTED_EDGE('',*,*,#2391,.F.);
#3604=ORIENTED_EDGE('',*,*,#2640,.T.);
#3605=ORIENTED_EDGE('',*,*,#2605,.F.);
#3606=ORIENTED_EDGE('',*,*,#2578,.F.);
#3607=ORIENTED_EDGE('',*,*,#2563,.T.);
#3608=ORIENTED_EDGE('',*,*,#2570,.T.);
#3609=ORIENTED_EDGE('',*,*,#2604,.F.);
#3610=ORIENTED_EDGE('',*,*,#2640,.F.);
#3611=ORIENTED_EDGE('',*,*,#2390,.F.);
#3612=ORIENTED_EDGE('',*,*,#2583,.T.);
#3613=ORIENTED_EDGE('',*,*,#2602,.F.);
#3614=ORIENTED_EDGE('',*,*,#2641,.F.);
#3615=ORIENTED_EDGE('',*,*,#2388,.F.);
#3616=ORIENTED_EDGE('',*,*,#2642,.T.);
#3617=ORIENTED_EDGE('',*,*,#2556,.T.);
#3618=ORIENTED_EDGE('',*,*,#2164,.T.);
#3619=ORIENTED_EDGE('',*,*,#2603,.F.);
#3620=ORIENTED_EDGE('',*,*,#2642,.F.);
#3621=ORIENTED_EDGE('',*,*,#2387,.F.);
#3622=ORIENTED_EDGE('',*,*,#2166,.T.);
#3623=ORIENTED_EDGE('',*,*,#2542,.T.);
#3624=ORIENTED_EDGE('',*,*,#2572,.T.);
#3625=ORIENTED_EDGE('',*,*,#2543,.T.);
#3626=ORIENTED_EDGE('',*,*,#2168,.F.);
#3627=ORIENTED_EDGE('',*,*,#2389,.F.);
#3628=ORIENTED_EDGE('',*,*,#2641,.T.);
#3629=ORIENTED_EDGE('',*,*,#2601,.F.);
#3630=ORIENTED_EDGE('',*,*,#2162,.F.);
#3631=ORIENTED_EDGE('',*,*,#2555,.T.);
#3632=ORIENTED_EDGE('',*,*,#2562,.T.);
#3633=ORIENTED_EDGE('',*,*,#2600,.F.);
#3634=ORIENTED_EDGE('',*,*,#2643,.F.);
#3635=ORIENTED_EDGE('',*,*,#2385,.F.);
#3636=ORIENTED_EDGE('',*,*,#2591,.T.);
#3637=ORIENTED_EDGE('',*,*,#2540,.T.);
#3638=ORIENTED_EDGE('',*,*,#2530,.F.);
#3639=ORIENTED_EDGE('',*,*,#2386,.F.);
#3640=ORIENTED_EDGE('',*,*,#2643,.T.);
#3641=ORIENTED_EDGE('',*,*,#2599,.F.);
#3642=ORIENTED_EDGE('',*,*,#2534,.F.);
#3643=ORIENTED_EDGE('',*,*,#2558,.T.);
#3644=ORIENTED_EDGE('',*,*,#2573,.T.);
#3645=ORIENTED_EDGE('',*,*,#2597,.T.);
#3646=ORIENTED_EDGE('',*,*,#2458,.F.);
#3647=ORIENTED_EDGE('',*,*,#2324,.F.);
#3648=ORIENTED_EDGE('',*,*,#2382,.T.);
#3649=ORIENTED_EDGE('',*,*,#2221,.F.);
#3650=ORIENTED_EDGE('',*,*,#2398,.F.);
#3651=ORIENTED_EDGE('',*,*,#2539,.T.);
#3652=ORIENTED_EDGE('',*,*,#2581,.T.);
#3653=ORIENTED_EDGE('',*,*,#2559,.T.);
#3654=ORIENTED_EDGE('',*,*,#2532,.T.);
#3655=ORIENTED_EDGE('',*,*,#2347,.T.);
#3656=ORIENTED_EDGE('',*,*,#2644,.T.);
#3657=ORIENTED_EDGE('',*,*,#2264,.F.);
#3658=ORIENTED_EDGE('',*,*,#2645,.F.);
#3659=ORIENTED_EDGE('',*,*,#2646,.T.);
#3660=ORIENTED_EDGE('',*,*,#2647,.T.);
#3661=ORIENTED_EDGE('',*,*,#2648,.T.);
#3662=ORIENTED_EDGE('',*,*,#2647,.F.);
#3663=ORIENTED_EDGE('',*,*,#2649,.T.);
#3664=ORIENTED_EDGE('',*,*,#2650,.T.);
#3665=ORIENTED_EDGE('',*,*,#2651,.T.);
#3666=ORIENTED_EDGE('',*,*,#2650,.F.);
#3667=ORIENTED_EDGE('',*,*,#2652,.T.);
#3668=ORIENTED_EDGE('',*,*,#2653,.T.);
#3669=ORIENTED_EDGE('',*,*,#2654,.T.);
#3670=ORIENTED_EDGE('',*,*,#2653,.F.);
#3671=ORIENTED_EDGE('',*,*,#2655,.T.);
#3672=ORIENTED_EDGE('',*,*,#2656,.T.);
#3673=ORIENTED_EDGE('',*,*,#2657,.T.);
#3674=ORIENTED_EDGE('',*,*,#2656,.F.);
#3675=ORIENTED_EDGE('',*,*,#2657,.F.);
#3676=ORIENTED_EDGE('',*,*,#2658,.F.);
#3677=ORIENTED_EDGE('',*,*,#2654,.F.);
#3678=ORIENTED_EDGE('',*,*,#2659,.F.);
#3679=ORIENTED_EDGE('',*,*,#2651,.F.);
#3680=ORIENTED_EDGE('',*,*,#2660,.F.);
#3681=ORIENTED_EDGE('',*,*,#2648,.F.);
#3682=ORIENTED_EDGE('',*,*,#2661,.F.);
#3683=ORIENTED_EDGE('',*,*,#2660,.T.);
#3684=ORIENTED_EDGE('',*,*,#2662,.T.);
#3685=ORIENTED_EDGE('',*,*,#2663,.F.);
#3686=ORIENTED_EDGE('',*,*,#2662,.F.);
#3687=ORIENTED_EDGE('',*,*,#2659,.T.);
#3688=ORIENTED_EDGE('',*,*,#2664,.T.);
#3689=ORIENTED_EDGE('',*,*,#2665,.F.);
#3690=ORIENTED_EDGE('',*,*,#2664,.F.);
#3691=ORIENTED_EDGE('',*,*,#2661,.T.);
#3692=ORIENTED_EDGE('',*,*,#2666,.T.);
#3693=ORIENTED_EDGE('',*,*,#2667,.F.);
#3694=ORIENTED_EDGE('',*,*,#2666,.F.);
#3695=ORIENTED_EDGE('',*,*,#2668,.T.);
#3696=ORIENTED_EDGE('',*,*,#2669,.T.);
#3697=ORIENTED_EDGE('',*,*,#2670,.F.);
#3698=ORIENTED_EDGE('',*,*,#2669,.F.);
#3699=ORIENTED_EDGE('',*,*,#2658,.T.);
#3700=ORIENTED_EDGE('',*,*,#2671,.T.);
#3701=ORIENTED_EDGE('',*,*,#2672,.F.);
#3702=ORIENTED_EDGE('',*,*,#2671,.F.);
#3703=ORIENTED_EDGE('',*,*,#2380,.F.);
#3704=ORIENTED_EDGE('',*,*,#2673,.T.);
#3705=ORIENTED_EDGE('',*,*,#2674,.F.);
#3706=ORIENTED_EDGE('',*,*,#2673,.F.);
#3707=ORIENTED_EDGE('',*,*,#2201,.T.);
#3708=ORIENTED_EDGE('',*,*,#2675,.T.);
#3709=ORIENTED_EDGE('',*,*,#2676,.T.);
#3710=ORIENTED_EDGE('',*,*,#2674,.T.);
#3711=ORIENTED_EDGE('',*,*,#2672,.T.);
#3712=ORIENTED_EDGE('',*,*,#2670,.T.);
#3713=ORIENTED_EDGE('',*,*,#2667,.T.);
#3714=ORIENTED_EDGE('',*,*,#2665,.T.);
#3715=ORIENTED_EDGE('',*,*,#2663,.T.);
#3716=ORIENTED_EDGE('',*,*,#2308,.F.);
#3717=ORIENTED_EDGE('',*,*,#2677,.T.);
#3718=ORIENTED_EDGE('',*,*,#2678,.F.);
#3719=ORIENTED_EDGE('',*,*,#2677,.F.);
#3720=ORIENTED_EDGE('',*,*,#2307,.F.);
#3721=ORIENTED_EDGE('',*,*,#2679,.T.);
#3722=ORIENTED_EDGE('',*,*,#2680,.F.);
#3723=ORIENTED_EDGE('',*,*,#2679,.F.);
#3724=ORIENTED_EDGE('',*,*,#2306,.F.);
#3725=ORIENTED_EDGE('',*,*,#2681,.T.);
#3726=ORIENTED_EDGE('',*,*,#2682,.F.);
#3727=ORIENTED_EDGE('',*,*,#2681,.F.);
#3728=ORIENTED_EDGE('',*,*,#2304,.F.);
#3729=ORIENTED_EDGE('',*,*,#2683,.T.);
#3730=ORIENTED_EDGE('',*,*,#2684,.F.);
#3731=ORIENTED_EDGE('',*,*,#2683,.F.);
#3732=ORIENTED_EDGE('',*,*,#2684,.T.);
#3733=ORIENTED_EDGE('',*,*,#2685,.T.);
#3734=ORIENTED_EDGE('',*,*,#2682,.T.);
#3735=ORIENTED_EDGE('',*,*,#2686,.T.);
#3736=ORIENTED_EDGE('',*,*,#2680,.T.);
#3737=ORIENTED_EDGE('',*,*,#2687,.T.);
#3738=ORIENTED_EDGE('',*,*,#2678,.T.);
#3739=ORIENTED_EDGE('',*,*,#2688,.T.);
#3740=ORIENTED_EDGE('',*,*,#2687,.F.);
#3741=ORIENTED_EDGE('',*,*,#2689,.T.);
#3742=ORIENTED_EDGE('',*,*,#2690,.T.);
#3743=ORIENTED_EDGE('',*,*,#2689,.F.);
#3744=ORIENTED_EDGE('',*,*,#2686,.F.);
#3745=ORIENTED_EDGE('',*,*,#2691,.T.);
#3746=ORIENTED_EDGE('',*,*,#2692,.T.);
#3747=ORIENTED_EDGE('',*,*,#2691,.F.);
#3748=ORIENTED_EDGE('',*,*,#2688,.F.);
#3749=ORIENTED_EDGE('',*,*,#2693,.T.);
#3750=ORIENTED_EDGE('',*,*,#2694,.T.);
#3751=ORIENTED_EDGE('',*,*,#2693,.F.);
#3752=ORIENTED_EDGE('',*,*,#2305,.F.);
#3753=ORIENTED_EDGE('',*,*,#2695,.T.);
#3754=ORIENTED_EDGE('',*,*,#2696,.T.);
#3755=ORIENTED_EDGE('',*,*,#2695,.F.);
#3756=ORIENTED_EDGE('',*,*,#2685,.F.);
#3757=ORIENTED_EDGE('',*,*,#2697,.T.);
#3758=ORIENTED_EDGE('',*,*,#2698,.T.);
#3759=ORIENTED_EDGE('',*,*,#2697,.F.);
#3760=ORIENTED_EDGE('',*,*,#2379,.T.);
#3761=ORIENTED_EDGE('',*,*,#2265,.F.);
#3762=ORIENTED_EDGE('',*,*,#2644,.F.);
#3763=ORIENTED_EDGE('',*,*,#2346,.F.);
#3764=ORIENTED_EDGE('',*,*,#2699,.T.);
#3765=ORIENTED_EDGE('',*,*,#2700,.T.);
#3766=ORIENTED_EDGE('',*,*,#2699,.F.);
#3767=ORIENTED_EDGE('',*,*,#2700,.F.);
#3768=ORIENTED_EDGE('',*,*,#2698,.F.);
#3769=ORIENTED_EDGE('',*,*,#2696,.F.);
#3770=ORIENTED_EDGE('',*,*,#2694,.F.);
#3771=ORIENTED_EDGE('',*,*,#2692,.F.);
#3772=ORIENTED_EDGE('',*,*,#2690,.F.);
#3773=ORIENTED_EDGE('',*,*,#2377,.T.);
#3774=ORIENTED_EDGE('',*,*,#2701,.T.);
#3775=ORIENTED_EDGE('',*,*,#2702,.F.);
#3776=ORIENTED_EDGE('',*,*,#2199,.F.);
#3777=ORIENTED_EDGE('',*,*,#2703,.T.);
#3778=ORIENTED_EDGE('',*,*,#2704,.F.);
#3779=ORIENTED_EDGE('',*,*,#2703,.F.);
#3780=ORIENTED_EDGE('',*,*,#2705,.T.);
#3781=ORIENTED_EDGE('',*,*,#2706,.T.);
#3782=ORIENTED_EDGE('',*,*,#2707,.T.);
#3783=ORIENTED_EDGE('',*,*,#2706,.F.);
#3784=ORIENTED_EDGE('',*,*,#2708,.T.);
#3785=ORIENTED_EDGE('',*,*,#2709,.T.);
#3786=ORIENTED_EDGE('',*,*,#2710,.T.);
#3787=ORIENTED_EDGE('',*,*,#2709,.F.);
#3788=ORIENTED_EDGE('',*,*,#2711,.T.);
#3789=ORIENTED_EDGE('',*,*,#2712,.T.);
#3790=ORIENTED_EDGE('',*,*,#2713,.T.);
#3791=ORIENTED_EDGE('',*,*,#2712,.F.);
#3792=ORIENTED_EDGE('',*,*,#2714,.T.);
#3793=ORIENTED_EDGE('',*,*,#2715,.T.);
#3794=ORIENTED_EDGE('',*,*,#2716,.T.);
#3795=ORIENTED_EDGE('',*,*,#2715,.F.);
#3796=ORIENTED_EDGE('',*,*,#2248,.F.);
#3797=ORIENTED_EDGE('',*,*,#2375,.F.);
#3798=ORIENTED_EDGE('',*,*,#2381,.F.);
#3799=ORIENTED_EDGE('',*,*,#2676,.F.);
#3800=ORIENTED_EDGE('',*,*,#2717,.F.);
#3801=ORIENTED_EDGE('',*,*,#2701,.F.);
#3802=ORIENTED_EDGE('',*,*,#2376,.F.);
#3803=ORIENTED_EDGE('',*,*,#2254,.F.);
#3804=ORIENTED_EDGE('',*,*,#2593,.T.);
#3805=ORIENTED_EDGE('',*,*,#2596,.T.);
#3806=ORIENTED_EDGE('',*,*,#2612,.T.);
#3807=ORIENTED_EDGE('',*,*,#2521,.T.);
#3808=ORIENTED_EDGE('',*,*,#2625,.T.);
#3809=ORIENTED_EDGE('',*,*,#2622,.T.);
#3810=ORIENTED_EDGE('',*,*,#2619,.T.);
#3811=ORIENTED_EDGE('',*,*,#2627,.T.);
#3812=ORIENTED_EDGE('',*,*,#2637,.T.);
#3813=ORIENTED_EDGE('',*,*,#2634,.T.);
#3814=ORIENTED_EDGE('',*,*,#2631,.T.);
#3815=ORIENTED_EDGE('',*,*,#2639,.T.);
#3816=ORIENTED_EDGE('',*,*,#2705,.F.);
#3817=ORIENTED_EDGE('',*,*,#2708,.F.);
#3818=ORIENTED_EDGE('',*,*,#2711,.F.);
#3819=ORIENTED_EDGE('',*,*,#2718,.F.);
#3820=ORIENTED_EDGE('',*,*,#2714,.F.);
#3821=ORIENTED_EDGE('',*,*,#2646,.F.);
#3822=ORIENTED_EDGE('',*,*,#2649,.F.);
#3823=ORIENTED_EDGE('',*,*,#2652,.F.);
#3824=ORIENTED_EDGE('',*,*,#2668,.F.);
#3825=ORIENTED_EDGE('',*,*,#2655,.F.);
#3826=ORIENTED_EDGE('',*,*,#2614,.T.);
#3827=ORIENTED_EDGE('',*,*,#2615,.T.);
#3828=ORIENTED_EDGE('',*,*,#2610,.T.);
#3829=ORIENTED_EDGE('',*,*,#2608,.T.);
#3830=ORIENTED_EDGE('',*,*,#2450,.T.);
#3831=ORIENTED_EDGE('',*,*,#2454,.T.);
#3832=ORIENTED_EDGE('',*,*,#2452,.T.);
#3833=ORIENTED_EDGE('',*,*,#2444,.T.);
#3834=ORIENTED_EDGE('',*,*,#2448,.T.);
#3835=ORIENTED_EDGE('',*,*,#2446,.T.);
#3836=ORIENTED_EDGE('',*,*,#2435,.T.);
#3837=ORIENTED_EDGE('',*,*,#2439,.T.);
#3838=ORIENTED_EDGE('',*,*,#2437,.T.);
#3839=ORIENTED_EDGE('',*,*,#2429,.T.);
#3840=ORIENTED_EDGE('',*,*,#2433,.T.);
#3841=ORIENTED_EDGE('',*,*,#2431,.T.);
#3842=ORIENTED_EDGE('',*,*,#2423,.T.);
#3843=ORIENTED_EDGE('',*,*,#2427,.T.);
#3844=ORIENTED_EDGE('',*,*,#2425,.T.);
#3845=ORIENTED_EDGE('',*,*,#2417,.T.);
#3846=ORIENTED_EDGE('',*,*,#2421,.T.);
#3847=ORIENTED_EDGE('',*,*,#2419,.T.);
#3848=ORIENTED_EDGE('',*,*,#2409,.T.);
#3849=ORIENTED_EDGE('',*,*,#2413,.T.);
#3850=ORIENTED_EDGE('',*,*,#2411,.T.);
#3851=ORIENTED_EDGE('',*,*,#2403,.T.);
#3852=ORIENTED_EDGE('',*,*,#2407,.T.);
#3853=ORIENTED_EDGE('',*,*,#2405,.T.);
#3854=ORIENTED_EDGE('',*,*,#2716,.F.);
#3855=ORIENTED_EDGE('',*,*,#2719,.F.);
#3856=ORIENTED_EDGE('',*,*,#2713,.F.);
#3857=ORIENTED_EDGE('',*,*,#2720,.F.);
#3858=ORIENTED_EDGE('',*,*,#2710,.F.);
#3859=ORIENTED_EDGE('',*,*,#2721,.F.);
#3860=ORIENTED_EDGE('',*,*,#2707,.F.);
#3861=ORIENTED_EDGE('',*,*,#2722,.F.);
#3862=ORIENTED_EDGE('',*,*,#2720,.T.);
#3863=ORIENTED_EDGE('',*,*,#2723,.T.);
#3864=ORIENTED_EDGE('',*,*,#2724,.F.);
#3865=ORIENTED_EDGE('',*,*,#2723,.F.);
#3866=ORIENTED_EDGE('',*,*,#2719,.T.);
#3867=ORIENTED_EDGE('',*,*,#2725,.T.);
#3868=ORIENTED_EDGE('',*,*,#2726,.F.);
#3869=ORIENTED_EDGE('',*,*,#2725,.F.);
#3870=ORIENTED_EDGE('',*,*,#2722,.T.);
#3871=ORIENTED_EDGE('',*,*,#2727,.T.);
#3872=ORIENTED_EDGE('',*,*,#2728,.F.);
#3873=ORIENTED_EDGE('',*,*,#2727,.F.);
#3874=ORIENTED_EDGE('',*,*,#2718,.T.);
#3875=ORIENTED_EDGE('',*,*,#2729,.T.);
#3876=ORIENTED_EDGE('',*,*,#2730,.F.);
#3877=ORIENTED_EDGE('',*,*,#2729,.F.);
#3878=ORIENTED_EDGE('',*,*,#2721,.T.);
#3879=ORIENTED_EDGE('',*,*,#2731,.T.);
#3880=ORIENTED_EDGE('',*,*,#2732,.F.);
#3881=ORIENTED_EDGE('',*,*,#2731,.F.);
#3882=ORIENTED_EDGE('',*,*,#2704,.T.);
#3883=ORIENTED_EDGE('',*,*,#2732,.T.);
#3884=ORIENTED_EDGE('',*,*,#2730,.T.);
#3885=ORIENTED_EDGE('',*,*,#2728,.T.);
#3886=ORIENTED_EDGE('',*,*,#2726,.T.);
#3887=ORIENTED_EDGE('',*,*,#2724,.T.);
#3888=ORIENTED_EDGE('',*,*,#2378,.F.);
#3889=ORIENTED_EDGE('',*,*,#2733,.T.);
#3890=ORIENTED_EDGE('',*,*,#2734,.T.);
#3891=ORIENTED_EDGE('',*,*,#2733,.F.);
#3892=ORIENTED_EDGE('',*,*,#2348,.T.);
#3893=ORIENTED_EDGE('',*,*,#2645,.T.);
#3894=ORIENTED_EDGE('',*,*,#2263,.F.);
#3895=ORIENTED_EDGE('',*,*,#2313,.F.);
#3896=ORIENTED_EDGE('',*,*,#2735,.T.);
#3897=ORIENTED_EDGE('',*,*,#2736,.F.);
#3898=ORIENTED_EDGE('',*,*,#2735,.F.);
#3899=ORIENTED_EDGE('',*,*,#2312,.F.);
#3900=ORIENTED_EDGE('',*,*,#2737,.T.);
#3901=ORIENTED_EDGE('',*,*,#2738,.F.);
#3902=ORIENTED_EDGE('',*,*,#2737,.F.);
#3903=ORIENTED_EDGE('',*,*,#2311,.F.);
#3904=ORIENTED_EDGE('',*,*,#2739,.T.);
#3905=ORIENTED_EDGE('',*,*,#2740,.F.);
#3906=ORIENTED_EDGE('',*,*,#2739,.F.);
#3907=ORIENTED_EDGE('',*,*,#2309,.F.);
#3908=ORIENTED_EDGE('',*,*,#2741,.T.);
#3909=ORIENTED_EDGE('',*,*,#2742,.F.);
#3910=ORIENTED_EDGE('',*,*,#2741,.F.);
#3911=ORIENTED_EDGE('',*,*,#2200,.T.);
#3912=ORIENTED_EDGE('',*,*,#2702,.T.);
#3913=ORIENTED_EDGE('',*,*,#2717,.T.);
#3914=ORIENTED_EDGE('',*,*,#2675,.F.);
#3915=ORIENTED_EDGE('',*,*,#2742,.T.);
#3916=ORIENTED_EDGE('',*,*,#2743,.T.);
#3917=ORIENTED_EDGE('',*,*,#2740,.T.);
#3918=ORIENTED_EDGE('',*,*,#2744,.T.);
#3919=ORIENTED_EDGE('',*,*,#2738,.T.);
#3920=ORIENTED_EDGE('',*,*,#2745,.T.);
#3921=ORIENTED_EDGE('',*,*,#2736,.T.);
#3922=ORIENTED_EDGE('',*,*,#2746,.T.);
#3923=ORIENTED_EDGE('',*,*,#2744,.F.);
#3924=ORIENTED_EDGE('',*,*,#2747,.T.);
#3925=ORIENTED_EDGE('',*,*,#2748,.T.);
#3926=ORIENTED_EDGE('',*,*,#2747,.F.);
#3927=ORIENTED_EDGE('',*,*,#2743,.F.);
#3928=ORIENTED_EDGE('',*,*,#2749,.T.);
#3929=ORIENTED_EDGE('',*,*,#2750,.T.);
#3930=ORIENTED_EDGE('',*,*,#2749,.F.);
#3931=ORIENTED_EDGE('',*,*,#2746,.F.);
#3932=ORIENTED_EDGE('',*,*,#2751,.T.);
#3933=ORIENTED_EDGE('',*,*,#2752,.T.);
#3934=ORIENTED_EDGE('',*,*,#2751,.F.);
#3935=ORIENTED_EDGE('',*,*,#2310,.F.);
#3936=ORIENTED_EDGE('',*,*,#2753,.T.);
#3937=ORIENTED_EDGE('',*,*,#2754,.T.);
#3938=ORIENTED_EDGE('',*,*,#2753,.F.);
#3939=ORIENTED_EDGE('',*,*,#2745,.F.);
#3940=ORIENTED_EDGE('',*,*,#2755,.T.);
#3941=ORIENTED_EDGE('',*,*,#2756,.T.);
#3942=ORIENTED_EDGE('',*,*,#2755,.F.);
#3943=ORIENTED_EDGE('',*,*,#2734,.F.);
#3944=ORIENTED_EDGE('',*,*,#2756,.F.);
#3945=ORIENTED_EDGE('',*,*,#2754,.F.);
#3946=ORIENTED_EDGE('',*,*,#2752,.F.);
#3947=ORIENTED_EDGE('',*,*,#2750,.F.);
#3948=ORIENTED_EDGE('',*,*,#2748,.F.);
#3949=PLANE('',#4321);
#3950=PLANE('',#4322);
#3951=PLANE('',#4323);
#3952=PLANE('',#4324);
#3953=PLANE('',#4325);
#3954=PLANE('',#4326);
#3955=PLANE('',#4327);
#3956=PLANE('',#4328);
#3957=PLANE('',#4331);
#3958=PLANE('',#4332);
#3959=PLANE('',#4333);
#3960=PLANE('',#4334);
#3961=PLANE('',#4335);
#3962=PLANE('',#4348);
#3963=PLANE('',#4351);
#3964=PLANE('',#4352);
#3965=PLANE('',#4353);
#3966=PLANE('',#4354);
#3967=PLANE('',#4359);
#3968=PLANE('',#4360);
#3969=PLANE('',#4361);
#3970=PLANE('',#4362);
#3971=PLANE('',#4363);
#3972=PLANE('',#4364);
#3973=PLANE('',#4365);
#3974=PLANE('',#4366);
#3975=PLANE('',#4367);
#3976=PLANE('',#4368);
#3977=PLANE('',#4369);
#3978=PLANE('',#4370);
#3979=PLANE('',#4371);
#3980=PLANE('',#4372);
#3981=PLANE('',#4373);
#3982=PLANE('',#4374);
#3983=PLANE('',#4375);
#3984=PLANE('',#4376);
#3985=PLANE('',#4377);
#3986=PLANE('',#4378);
#3987=PLANE('',#4379);
#3988=PLANE('',#4380);
#3989=PLANE('',#4381);
#3990=PLANE('',#4382);
#3991=PLANE('',#4383);
#3992=PLANE('',#4384);
#3993=PLANE('',#4385);
#3994=PLANE('',#4386);
#3995=PLANE('',#4387);
#3996=PLANE('',#4388);
#3997=PLANE('',#4389);
#3998=PLANE('',#4390);
#3999=PLANE('',#4391);
#4000=PLANE('',#4392);
#4001=PLANE('',#4393);
#4002=PLANE('',#4394);
#4003=PLANE('',#4395);
#4004=PLANE('',#4396);
#4005=PLANE('',#4397);
#4006=PLANE('',#4398);
#4007=PLANE('',#4399);
#4008=PLANE('',#4400);
#4009=PLANE('',#4401);
#4010=PLANE('',#4402);
#4011=PLANE('',#4403);
#4012=PLANE('',#4404);
#4013=PLANE('',#4405);
#4014=PLANE('',#4406);
#4015=PLANE('',#4407);
#4016=PLANE('',#4408);
#4017=PLANE('',#4409);
#4018=PLANE('',#4410);
#4019=PLANE('',#4411);
#4020=PLANE('',#4412);
#4021=PLANE('',#4413);
#4022=PLANE('',#4414);
#4023=PLANE('',#4415);
#4024=PLANE('',#4416);
#4025=PLANE('',#4417);
#4026=PLANE('',#4418);
#4027=PLANE('',#4419);
#4028=PLANE('',#4420);
#4029=PLANE('',#4421);
#4030=PLANE('',#4422);
#4031=PLANE('',#4423);
#4032=PLANE('',#4424);
#4033=PLANE('',#4425);
#4034=PLANE('',#4426);
#4035=PLANE('',#4427);
#4036=PLANE('',#4428);
#4037=PLANE('',#4429);
#4038=PLANE('',#4430);
#4039=PLANE('',#4431);
#4040=PLANE('',#4432);
#4041=PLANE('',#4433);
#4042=PLANE('',#4434);
#4043=PLANE('',#4435);
#4044=PLANE('',#4436);
#4045=PLANE('',#4437);
#4046=PLANE('',#4438);
#4047=PLANE('',#4439);
#4048=PLANE('',#4440);
#4049=PLANE('',#4441);
#4050=PLANE('',#4442);
#4051=PLANE('',#4443);
#4052=PLANE('',#4444);
#4053=PLANE('',#4445);
#4054=PLANE('',#4446);
#4055=PLANE('',#4447);
#4056=PLANE('',#4448);
#4057=PLANE('',#4453);
#4058=PLANE('',#4454);
#4059=PLANE('',#4455);
#4060=PLANE('',#4456);
#4061=PLANE('',#4457);
#4062=PLANE('',#4458);
#4063=PLANE('',#4459);
#4064=PLANE('',#4460);
#4065=PLANE('',#4461);
#4066=PLANE('',#4462);
#4067=PLANE('',#4463);
#4068=PLANE('',#4464);
#4069=PLANE('',#4465);
#4070=PLANE('',#4466);
#4071=PLANE('',#4467);
#4072=PLANE('',#4468);
#4073=PLANE('',#4469);
#4074=PLANE('',#4470);
#4075=PLANE('',#4471);
#4076=PLANE('',#4472);
#4077=PLANE('',#4473);
#4078=PLANE('',#4475);
#4079=PLANE('',#4478);
#4080=PLANE('',#4479);
#4081=PLANE('',#4481);
#4082=PLANE('',#4482);
#4083=PLANE('',#4483);
#4084=PLANE('',#4496);
#4085=PLANE('',#4498);
#4086=PLANE('',#4500);
#4087=PLANE('',#4502);
#4088=PLANE('',#4518);
#4089=PLANE('',#4527);
#4090=PLANE('',#4529);
#4091=PLANE('',#4531);
#4092=PLANE('',#4533);
#4093=PLANE('',#4547);
#4094=PLANE('',#4563);
#4095=PLANE('',#4565);
#4096=PLANE('',#4567);
#4097=PLANE('',#4569);
#4098=PLANE('',#4571);
#4099=PLANE('',#4583);
#4100=PLANE('',#4594);
#4101=PLANE('',#4595);
#4102=PLANE('',#4597);
#4103=PLANE('',#4599);
#4104=PLANE('',#4601);
#4105=PLANE('',#4613);
#4106=ADVANCED_FACE('',(#256),#3949,.F.);
#4107=ADVANCED_FACE('',(#257),#3950,.F.);
#4108=ADVANCED_FACE('',(#258,#151),#3951,.T.);
#4109=ADVANCED_FACE('',(#259),#3952,.F.);
#4110=ADVANCED_FACE('',(#260),#3953,.T.);
#4111=ADVANCED_FACE('',(#261),#3954,.F.);
#4112=ADVANCED_FACE('',(#262),#3955,.T.);
#4113=ADVANCED_FACE('',(#263,#152,#153,#154,#155,#156,#157,#158),#3956,
 .T.);
#4114=ADVANCED_FACE('',(#264),#3957,.T.);
#4115=ADVANCED_FACE('',(#265),#3958,.T.);
#4116=ADVANCED_FACE('',(#266),#3959,.T.);
#4117=ADVANCED_FACE('',(#267),#3960,.T.);
#4118=ADVANCED_FACE('',(#268,#159,#160,#161,#162,#163,#164,#165,#166,#167,
#168,#169,#170,#171,#172,#173,#174,#175,#176,#177,#178,#179,#180,#181,#182),
#3961,.T.);
#4119=ADVANCED_FACE('',(#269,#183,#184,#185,#186,#187,#188,#189),#3962,
 .F.);
#4120=ADVANCED_FACE('',(#270),#3963,.T.);
#4121=ADVANCED_FACE('',(#271),#3964,.T.);
#4122=ADVANCED_FACE('',(#272),#3965,.T.);
#4123=ADVANCED_FACE('',(#273,#190,#191,#192,#193),#3966,.T.);
#4124=ADVANCED_FACE('',(#274),#3967,.F.);
#4125=ADVANCED_FACE('',(#275),#3968,.F.);
#4126=ADVANCED_FACE('',(#276),#3969,.F.);
#4127=ADVANCED_FACE('',(#277),#3970,.F.);
#4128=ADVANCED_FACE('',(#278),#3971,.F.);
#4129=ADVANCED_FACE('',(#279),#3972,.F.);
#4130=ADVANCED_FACE('',(#280),#3973,.F.);
#4131=ADVANCED_FACE('',(#281),#3974,.F.);
#4132=ADVANCED_FACE('',(#282),#3975,.F.);
#4133=ADVANCED_FACE('',(#283),#3976,.F.);
#4134=ADVANCED_FACE('',(#284),#3977,.F.);
#4135=ADVANCED_FACE('',(#285),#3978,.F.);
#4136=ADVANCED_FACE('',(#286),#3979,.F.);
#4137=ADVANCED_FACE('',(#287),#3980,.F.);
#4138=ADVANCED_FACE('',(#288),#3981,.F.);
#4139=ADVANCED_FACE('',(#289),#3982,.F.);
#4140=ADVANCED_FACE('',(#290),#3983,.F.);
#4141=ADVANCED_FACE('',(#291),#3984,.F.);
#4142=ADVANCED_FACE('',(#292),#3985,.F.);
#4143=ADVANCED_FACE('',(#293),#3986,.F.);
#4144=ADVANCED_FACE('',(#294),#3987,.F.);
#4145=ADVANCED_FACE('',(#295),#3988,.F.);
#4146=ADVANCED_FACE('',(#296),#3989,.F.);
#4147=ADVANCED_FACE('',(#297),#3990,.F.);
#4148=ADVANCED_FACE('',(#298),#3991,.F.);
#4149=ADVANCED_FACE('',(#299),#3992,.F.);
#4150=ADVANCED_FACE('',(#300),#3993,.F.);
#4151=ADVANCED_FACE('',(#301),#3994,.F.);
#4152=ADVANCED_FACE('',(#302),#3995,.F.);
#4153=ADVANCED_FACE('',(#303),#3996,.F.);
#4154=ADVANCED_FACE('',(#304),#3997,.F.);
#4155=ADVANCED_FACE('',(#305),#3998,.F.);
#4156=ADVANCED_FACE('',(#306),#3999,.F.);
#4157=ADVANCED_FACE('',(#307),#4000,.F.);
#4158=ADVANCED_FACE('',(#308),#4001,.F.);
#4159=ADVANCED_FACE('',(#309),#4002,.F.);
#4160=ADVANCED_FACE('',(#310),#4003,.F.);
#4161=ADVANCED_FACE('',(#311),#4004,.F.);
#4162=ADVANCED_FACE('',(#312),#4005,.F.);
#4163=ADVANCED_FACE('',(#313),#4006,.F.);
#4164=ADVANCED_FACE('',(#314),#4007,.F.);
#4165=ADVANCED_FACE('',(#315),#4008,.F.);
#4166=ADVANCED_FACE('',(#316),#4009,.F.);
#4167=ADVANCED_FACE('',(#317),#4010,.F.);
#4168=ADVANCED_FACE('',(#318),#4011,.F.);
#4169=ADVANCED_FACE('',(#319),#4012,.F.);
#4170=ADVANCED_FACE('',(#320),#4013,.F.);
#4171=ADVANCED_FACE('',(#321),#4014,.F.);
#4172=ADVANCED_FACE('',(#322),#4015,.F.);
#4173=ADVANCED_FACE('',(#323),#4016,.F.);
#4174=ADVANCED_FACE('',(#324),#4017,.F.);
#4175=ADVANCED_FACE('',(#325),#4018,.F.);
#4176=ADVANCED_FACE('',(#326),#4019,.F.);
#4177=ADVANCED_FACE('',(#327),#4020,.F.);
#4178=ADVANCED_FACE('',(#328),#4021,.F.);
#4179=ADVANCED_FACE('',(#329),#4022,.F.);
#4180=ADVANCED_FACE('',(#330),#4023,.F.);
#4181=ADVANCED_FACE('',(#331),#4024,.F.);
#4182=ADVANCED_FACE('',(#332),#4025,.F.);
#4183=ADVANCED_FACE('',(#333),#4026,.F.);
#4184=ADVANCED_FACE('',(#334),#4027,.F.);
#4185=ADVANCED_FACE('',(#335),#4028,.F.);
#4186=ADVANCED_FACE('',(#336),#4029,.F.);
#4187=ADVANCED_FACE('',(#337),#4030,.F.);
#4188=ADVANCED_FACE('',(#338),#4031,.F.);
#4189=ADVANCED_FACE('',(#339),#4032,.F.);
#4190=ADVANCED_FACE('',(#340),#4033,.F.);
#4191=ADVANCED_FACE('',(#341),#4034,.F.);
#4192=ADVANCED_FACE('',(#342),#4035,.F.);
#4193=ADVANCED_FACE('',(#343),#4036,.F.);
#4194=ADVANCED_FACE('',(#344),#4037,.T.);
#4195=ADVANCED_FACE('',(#345),#4038,.T.);
#4196=ADVANCED_FACE('',(#346),#4039,.F.);
#4197=ADVANCED_FACE('',(#347),#4040,.F.);
#4198=ADVANCED_FACE('',(#348),#4041,.F.);
#4199=ADVANCED_FACE('',(#349),#4042,.F.);
#4200=ADVANCED_FACE('',(#350),#4043,.F.);
#4201=ADVANCED_FACE('',(#351),#4044,.F.);
#4202=ADVANCED_FACE('',(#352),#4045,.F.);
#4203=ADVANCED_FACE('',(#353),#4046,.F.);
#4204=ADVANCED_FACE('',(#354),#4047,.F.);
#4205=ADVANCED_FACE('',(#355),#4048,.F.);
#4206=ADVANCED_FACE('',(#356),#4049,.F.);
#4207=ADVANCED_FACE('',(#357),#4050,.F.);
#4208=ADVANCED_FACE('',(#358),#4051,.F.);
#4209=ADVANCED_FACE('',(#359),#4052,.F.);
#4210=ADVANCED_FACE('',(#360),#4053,.F.);
#4211=ADVANCED_FACE('',(#361),#4054,.F.);
#4212=ADVANCED_FACE('',(#362),#4055,.F.);
#4213=ADVANCED_FACE('',(#363,#194,#195,#196),#4056,.T.);
#4214=ADVANCED_FACE('',(#364),#4057,.F.);
#4215=ADVANCED_FACE('',(#365),#4058,.F.);
#4216=ADVANCED_FACE('',(#366),#4059,.F.);
#4217=ADVANCED_FACE('',(#367),#4060,.F.);
#4218=ADVANCED_FACE('',(#368),#4061,.F.);
#4219=ADVANCED_FACE('',(#369),#4062,.F.);
#4220=ADVANCED_FACE('',(#370),#4063,.F.);
#4221=ADVANCED_FACE('',(#371),#4064,.F.);
#4222=ADVANCED_FACE('',(#372),#4065,.F.);
#4223=ADVANCED_FACE('',(#373),#4066,.F.);
#4224=ADVANCED_FACE('',(#374),#4067,.F.);
#4225=ADVANCED_FACE('',(#375),#4068,.F.);
#4226=ADVANCED_FACE('',(#376),#4069,.F.);
#4227=ADVANCED_FACE('',(#377),#4070,.F.);
#4228=ADVANCED_FACE('',(#378),#4071,.F.);
#4229=ADVANCED_FACE('',(#379),#4072,.F.);
#4230=ADVANCED_FACE('',(#380),#4073,.F.);
#4231=ADVANCED_FACE('',(#381),#4074,.F.);
#4232=ADVANCED_FACE('',(#382),#4075,.F.);
#4233=ADVANCED_FACE('',(#383),#4076,.F.);
#4234=ADVANCED_FACE('',(#384),#4077,.F.);
#4235=ADVANCED_FACE('',(#385),#15,.T.);
#4236=ADVANCED_FACE('',(#386),#4078,.F.);
#4237=ADVANCED_FACE('',(#387),#16,.T.);
#4238=ADVANCED_FACE('',(#388),#17,.T.);
#4239=ADVANCED_FACE('',(#389),#4079,.F.);
#4240=ADVANCED_FACE('',(#390),#4080,.F.);
#4241=ADVANCED_FACE('',(#391),#18,.T.);
#4242=ADVANCED_FACE('',(#392),#4081,.F.);
#4243=ADVANCED_FACE('',(#393,#197),#4082,.T.);
#4244=ADVANCED_FACE('',(#394),#4083,.T.);
#4245=ADVANCED_FACE('',(#395),#19,.F.);
#4246=ADVANCED_FACE('',(#396),#20,.F.);
#4247=ADVANCED_FACE('',(#397),#21,.F.);
#4248=ADVANCED_FACE('',(#398),#22,.F.);
#4249=ADVANCED_FACE('',(#399,#198),#4084,.F.);
#4250=ADVANCED_FACE('',(#400,#199),#4085,.F.);
#4251=ADVANCED_FACE('',(#401,#200),#4086,.F.);
#4252=ADVANCED_FACE('',(#402,#201),#4087,.F.);
#4253=ADVANCED_FACE('',(#403),#23,.F.);
#4254=ADVANCED_FACE('',(#404),#24,.F.);
#4255=ADVANCED_FACE('',(#405),#25,.F.);
#4256=ADVANCED_FACE('',(#406),#26,.F.);
#4257=ADVANCED_FACE('',(#407),#27,.F.);
#4258=ADVANCED_FACE('',(#408),#28,.T.);
#4259=ADVANCED_FACE('',(#409,#202,#203,#204,#205,#206),#4088,.T.);
#4260=ADVANCED_FACE('',(#410),#29,.F.);
#4261=ADVANCED_FACE('',(#411),#30,.F.);
#4262=ADVANCED_FACE('',(#412),#31,.F.);
#4263=ADVANCED_FACE('',(#413),#32,.F.);
#4264=ADVANCED_FACE('',(#414,#207),#4089,.T.);
#4265=ADVANCED_FACE('',(#415,#208),#4090,.T.);
#4266=ADVANCED_FACE('',(#416,#209),#4091,.T.);
#4267=ADVANCED_FACE('',(#417,#210),#4092,.T.);
#4268=ADVANCED_FACE('',(#418),#33,.F.);
#4269=ADVANCED_FACE('',(#419),#34,.F.);
#4270=ADVANCED_FACE('',(#420),#35,.F.);
#4271=ADVANCED_FACE('',(#421),#36,.F.);
#4272=ADVANCED_FACE('',(#422),#37,.F.);
#4273=ADVANCED_FACE('',(#423),#38,.T.);
#4274=ADVANCED_FACE('',(#424,#211,#212,#213,#214,#215),#4093,.F.);
#4275=ADVANCED_FACE('',(#425),#39,.T.);
#4276=ADVANCED_FACE('',(#426),#40,.F.);
#4277=ADVANCED_FACE('',(#427),#41,.F.);
#4278=ADVANCED_FACE('',(#428),#42,.F.);
#4279=ADVANCED_FACE('',(#429),#43,.F.);
#4280=ADVANCED_FACE('',(#430,#216,#217,#218,#219,#220,#221,#222,#223,#224,
#225,#226,#227,#228,#229,#230,#231,#232,#233,#234,#235,#236,#237),#4094,
 .F.);
#4281=ADVANCED_FACE('',(#431,#238),#4095,.F.);
#4282=ADVANCED_FACE('',(#432,#239),#4096,.F.);
#4283=ADVANCED_FACE('',(#433,#240),#4097,.F.);
#4284=ADVANCED_FACE('',(#434,#241),#4098,.F.);
#4285=ADVANCED_FACE('',(#435),#44,.F.);
#4286=ADVANCED_FACE('',(#436),#45,.F.);
#4287=ADVANCED_FACE('',(#437),#46,.F.);
#4288=ADVANCED_FACE('',(#438),#47,.F.);
#4289=ADVANCED_FACE('',(#439),#48,.F.);
#4290=ADVANCED_FACE('',(#440,#242,#243,#244,#245,#246),#4099,.T.);
#4291=ADVANCED_FACE('',(#441),#49,.T.);
#4292=ADVANCED_FACE('',(#442),#50,.F.);
#4293=ADVANCED_FACE('',(#443),#51,.F.);
#4294=ADVANCED_FACE('',(#444),#52,.F.);
#4295=ADVANCED_FACE('',(#445),#53,.F.);
#4296=ADVANCED_FACE('',(#446),#4100,.T.);
#4297=ADVANCED_FACE('',(#447,#247),#4101,.T.);
#4298=ADVANCED_FACE('',(#448,#248),#4102,.T.);
#4299=ADVANCED_FACE('',(#449,#249),#4103,.T.);
#4300=ADVANCED_FACE('',(#450,#250),#4104,.T.);
#4301=ADVANCED_FACE('',(#451),#54,.F.);
#4302=ADVANCED_FACE('',(#452),#55,.F.);
#4303=ADVANCED_FACE('',(#453),#56,.F.);
#4304=ADVANCED_FACE('',(#454),#57,.F.);
#4305=ADVANCED_FACE('',(#455),#58,.F.);
#4306=ADVANCED_FACE('',(#456,#251,#252,#253,#254,#255),#4105,.F.);
#4307=CLOSED_SHELL('',(#4106,#4107,#4108,#4109,#4110,#4111,#4112,#4113,
#4114,#4115,#4116,#4117,#4118,#4119,#4120,#4121,#4122,#4123,#4124,#4125,
#4126,#4127,#4128,#4129,#4130,#4131,#4132,#4133,#4134,#4135,#4136,#4137,
#4138,#4139,#4140,#4141,#4142,#4143,#4144,#4145,#4146,#4147,#4148,#4149,
#4150,#4151,#4152,#4153,#4154,#4155,#4156,#4157,#4158,#4159,#4160,#4161,
#4162,#4163,#4164,#4165,#4166,#4167,#4168,#4169,#4170,#4171,#4172,#4173,
#4174,#4175,#4176,#4177,#4178,#4179,#4180,#4181,#4182,#4183,#4184,#4185,
#4186,#4187,#4188,#4189,#4190,#4191,#4192,#4193,#4194,#4195,#4196,#4197,
#4198,#4199,#4200,#4201,#4202,#4203,#4204,#4205,#4206,#4207,#4208,#4209,
#4210,#4211,#4212,#4213,#4214,#4215,#4216,#4217,#4218,#4219,#4220,#4221,
#4222,#4223,#4224,#4225,#4226,#4227,#4228,#4229,#4230,#4231,#4232,#4233,
#4234,#4235,#4236,#4237,#4238,#4239,#4240,#4241,#4242,#4243,#4244,#4245,
#4246,#4247,#4248,#4249,#4250,#4251,#4252,#4253,#4254,#4255,#4256,#4257,
#4258,#4259,#4260,#4261,#4262,#4263,#4264,#4265,#4266,#4267,#4268,#4269,
#4270,#4271,#4272,#4273,#4274,#4275,#4276,#4277,#4278,#4279,#4280,#4281,
#4282,#4283,#4284,#4285,#4286,#4287,#4288,#4289,#4290,#4291,#4292,#4293,
#4294,#4295,#4296,#4297,#4298,#4299,#4300,#4301,#4302,#4303,#4304,#4305,
#4306));
#4308=DERIVED_UNIT_ELEMENT(#4310,1.);
#4309=DERIVED_UNIT_ELEMENT(#6899,-3.);
#4310=(
MASS_UNIT()
NAMED_UNIT(*)
SI_UNIT(.KILO.,.GRAM.)
);
#4311=DERIVED_UNIT((#4308,#4309));
#4312=MEASURE_REPRESENTATION_ITEM('density measure',
POSITIVE_RATIO_MEASURE(1120.),#4311);
#4313=PROPERTY_DEFINITION_REPRESENTATION(#4318,#4315);
#4314=PROPERTY_DEFINITION_REPRESENTATION(#4319,#4316);
#4315=REPRESENTATION('material name',(#4317),#6896);
#4316=REPRESENTATION('density',(#4312),#6896);
#4317=DESCRIPTIVE_REPRESENTATION_ITEM('Nylon 6','Nylon 6');
#4318=PROPERTY_DEFINITION('material property','material name',#6906);
#4319=PROPERTY_DEFINITION('material property','density of part',#6906);
#4320=AXIS2_PLACEMENT_3D('',#5706,#4614,#4615);
#4321=AXIS2_PLACEMENT_3D('',#5707,#4616,#4617);
#4322=AXIS2_PLACEMENT_3D('',#5716,#4622,#4623);
#4323=AXIS2_PLACEMENT_3D('',#5725,#4628,#4629);
#4324=AXIS2_PLACEMENT_3D('',#5754,#4644,#4645);
#4325=AXIS2_PLACEMENT_3D('',#5763,#4650,#4651);
#4326=AXIS2_PLACEMENT_3D('',#5772,#4656,#4657);
#4327=AXIS2_PLACEMENT_3D('',#5778,#4661,#4662);
#4328=AXIS2_PLACEMENT_3D('',#5784,#4666,#4667);
#4329=AXIS2_PLACEMENT_3D('',#5790,#4670,#4671);
#4330=AXIS2_PLACEMENT_3D('',#5794,#4673,#4674);
#4331=AXIS2_PLACEMENT_3D('',#5882,#4720,#4721);
#4332=AXIS2_PLACEMENT_3D('',#5891,#4726,#4727);
#4333=AXIS2_PLACEMENT_3D('',#5897,#4731,#4732);
#4334=AXIS2_PLACEMENT_3D('',#5908,#4739,#4740);
#4335=AXIS2_PLACEMENT_3D('',#5912,#4743,#4744);
#4336=AXIS2_PLACEMENT_3D('',#5916,#4746,#4747);
#4337=AXIS2_PLACEMENT_3D('',#5920,#4749,#4750);
#4338=AXIS2_PLACEMENT_3D('',#5997,#4789,#4790);
#4339=AXIS2_PLACEMENT_3D('',#5999,#4791,#4792);
#4340=AXIS2_PLACEMENT_3D('',#6001,#4793,#4794);
#4341=AXIS2_PLACEMENT_3D('',#6003,#4795,#4796);
#4342=AXIS2_PLACEMENT_3D('',#6005,#4797,#4798);
#4343=AXIS2_PLACEMENT_3D('',#6007,#4799,#4800);
#4344=AXIS2_PLACEMENT_3D('',#6009,#4801,#4802);
#4345=AXIS2_PLACEMENT_3D('',#6011,#4803,#4804);
#4346=AXIS2_PLACEMENT_3D('',#6013,#4805,#4806);
#4347=AXIS2_PLACEMENT_3D('',#6015,#4807,#4808);
#4348=AXIS2_PLACEMENT_3D('',#6032,#4817,#4818);
#4349=AXIS2_PLACEMENT_3D('',#6080,#4843,#4844);
#4350=AXIS2_PLACEMENT_3D('',#6084,#4846,#4847);
#4351=AXIS2_PLACEMENT_3D('',#6132,#4872,#4873);
#4352=AXIS2_PLACEMENT_3D('',#6137,#4877,#4878);
#4353=AXIS2_PLACEMENT_3D('',#6141,#4881,#4882);
#4354=AXIS2_PLACEMENT_3D('',#6143,#4884,#4885);
#4355=AXIS2_PLACEMENT_3D('',#6155,#4892,#4893);
#4356=AXIS2_PLACEMENT_3D('',#6160,#4896,#4897);
#4357=AXIS2_PLACEMENT_3D('',#6164,#4899,#4900);
#4358=AXIS2_PLACEMENT_3D('',#6172,#4904,#4905);
#4359=AXIS2_PLACEMENT_3D('',#6178,#4909,#4910);
#4360=AXIS2_PLACEMENT_3D('',#6185,#4915,#4916);
#4361=AXIS2_PLACEMENT_3D('',#6191,#4920,#4921);
#4362=AXIS2_PLACEMENT_3D('',#6195,#4924,#4925);
#4363=AXIS2_PLACEMENT_3D('',#6197,#4927,#4928);
#4364=AXIS2_PLACEMENT_3D('',#6203,#4932,#4933);
#4365=AXIS2_PLACEMENT_3D('',#6207,#4936,#4937);
#4366=AXIS2_PLACEMENT_3D('',#6209,#4939,#4940);
#4367=AXIS2_PLACEMENT_3D('',#6213,#4943,#4944);
#4368=AXIS2_PLACEMENT_3D('',#6219,#4948,#4949);
#4369=AXIS2_PLACEMENT_3D('',#6223,#4952,#4953);
#4370=AXIS2_PLACEMENT_3D('',#6225,#4955,#4956);
#4371=AXIS2_PLACEMENT_3D('',#6231,#4960,#4961);
#4372=AXIS2_PLACEMENT_3D('',#6235,#4964,#4965);
#4373=AXIS2_PLACEMENT_3D('',#6237,#4967,#4968);
#4374=AXIS2_PLACEMENT_3D('',#6243,#4972,#4973);
#4375=AXIS2_PLACEMENT_3D('',#6247,#4976,#4977);
#4376=AXIS2_PLACEMENT_3D('',#6249,#4979,#4980);
#4377=AXIS2_PLACEMENT_3D('',#6255,#4984,#4985);
#4378=AXIS2_PLACEMENT_3D('',#6259,#4988,#4989);
#4379=AXIS2_PLACEMENT_3D('',#6261,#4991,#4992);
#4380=AXIS2_PLACEMENT_3D('',#6266,#4996,#4997);
#4381=AXIS2_PLACEMENT_3D('',#6272,#5001,#5002);
#4382=AXIS2_PLACEMENT_3D('',#6276,#5005,#5006);
#4383=AXIS2_PLACEMENT_3D('',#6278,#5008,#5009);
#4384=AXIS2_PLACEMENT_3D('',#6284,#5013,#5014);
#4385=AXIS2_PLACEMENT_3D('',#6288,#5017,#5018);
#4386=AXIS2_PLACEMENT_3D('',#6290,#5020,#5021);
#4387=AXIS2_PLACEMENT_3D('',#6297,#5026,#5027);
#4388=AXIS2_PLACEMENT_3D('',#6300,#5030,#5031);
#4389=AXIS2_PLACEMENT_3D('',#6302,#5033,#5034);
#4390=AXIS2_PLACEMENT_3D('',#6303,#5035,#5036);
#4391=AXIS2_PLACEMENT_3D('',#6309,#5040,#5041);
#4392=AXIS2_PLACEMENT_3D('',#6313,#5044,#5045);
#4393=AXIS2_PLACEMENT_3D('',#6315,#5047,#5048);
#4394=AXIS2_PLACEMENT_3D('',#6316,#5049,#5050);
#4395=AXIS2_PLACEMENT_3D('',#6319,#5053,#5054);
#4396=AXIS2_PLACEMENT_3D('',#6321,#5056,#5057);
#4397=AXIS2_PLACEMENT_3D('',#6322,#5058,#5059);
#4398=AXIS2_PLACEMENT_3D('',#6326,#5062,#5063);
#4399=AXIS2_PLACEMENT_3D('',#6329,#5066,#5067);
#4400=AXIS2_PLACEMENT_3D('',#6331,#5069,#5070);
#4401=AXIS2_PLACEMENT_3D('',#6332,#5071,#5072);
#4402=AXIS2_PLACEMENT_3D('',#6337,#5076,#5077);
#4403=AXIS2_PLACEMENT_3D('',#6341,#5080,#5081);
#4404=AXIS2_PLACEMENT_3D('',#6343,#5083,#5084);
#4405=AXIS2_PLACEMENT_3D('',#6345,#5086,#5087);
#4406=AXIS2_PLACEMENT_3D('',#6348,#5090,#5091);
#4407=AXIS2_PLACEMENT_3D('',#6350,#5093,#5094);
#4408=AXIS2_PLACEMENT_3D('',#6351,#5095,#5096);
#4409=AXIS2_PLACEMENT_3D('',#6354,#5099,#5100);
#4410=AXIS2_PLACEMENT_3D('',#6356,#5102,#5103);
#4411=AXIS2_PLACEMENT_3D('',#6357,#5104,#5105);
#4412=AXIS2_PLACEMENT_3D('',#6362,#5109,#5110);
#4413=AXIS2_PLACEMENT_3D('',#6366,#5113,#5114);
#4414=AXIS2_PLACEMENT_3D('',#6368,#5116,#5117);
#4415=AXIS2_PLACEMENT_3D('',#6370,#5119,#5120);
#4416=AXIS2_PLACEMENT_3D('',#6373,#5123,#5124);
#4417=AXIS2_PLACEMENT_3D('',#6375,#5126,#5127);
#4418=AXIS2_PLACEMENT_3D('',#6376,#5128,#5129);
#4419=AXIS2_PLACEMENT_3D('',#6381,#5133,#5134);
#4420=AXIS2_PLACEMENT_3D('',#6384,#5137,#5138);
#4421=AXIS2_PLACEMENT_3D('',#6386,#5140,#5141);
#4422=AXIS2_PLACEMENT_3D('',#6387,#5142,#5143);
#4423=AXIS2_PLACEMENT_3D('',#6392,#5147,#5148);
#4424=AXIS2_PLACEMENT_3D('',#6395,#5151,#5152);
#4425=AXIS2_PLACEMENT_3D('',#6397,#5154,#5155);
#4426=AXIS2_PLACEMENT_3D('',#6398,#5156,#5157);
#4427=AXIS2_PLACEMENT_3D('',#6401,#5160,#5161);
#4428=AXIS2_PLACEMENT_3D('',#6403,#5163,#5164);
#4429=AXIS2_PLACEMENT_3D('',#6404,#5165,#5166);
#4430=AXIS2_PLACEMENT_3D('',#6410,#5170,#5171);
#4431=AXIS2_PLACEMENT_3D('',#6416,#5175,#5176);
#4432=AXIS2_PLACEMENT_3D('',#6422,#5180,#5181);
#4433=AXIS2_PLACEMENT_3D('',#6449,#5196,#5197);
#4434=AXIS2_PLACEMENT_3D('',#6464,#5206,#5207);
#4435=AXIS2_PLACEMENT_3D('',#6480,#5216,#5217);
#4436=AXIS2_PLACEMENT_3D('',#6495,#5226,#5227);
#4437=AXIS2_PLACEMENT_3D('',#6498,#5230,#5231);
#4438=AXIS2_PLACEMENT_3D('',#6511,#5239,#5240);
#4439=AXIS2_PLACEMENT_3D('',#6514,#5243,#5244);
#4440=AXIS2_PLACEMENT_3D('',#6517,#5247,#5248);
#4441=AXIS2_PLACEMENT_3D('',#6520,#5251,#5252);
#4442=AXIS2_PLACEMENT_3D('',#6529,#5259,#5260);
#4443=AXIS2_PLACEMENT_3D('',#6533,#5263,#5264);
#4444=AXIS2_PLACEMENT_3D('',#6538,#5268,#5269);
#4445=AXIS2_PLACEMENT_3D('',#6543,#5273,#5274);
#4446=AXIS2_PLACEMENT_3D('',#6547,#5277,#5278);
#4447=AXIS2_PLACEMENT_3D('',#6551,#5281,#5282);
#4448=AXIS2_PLACEMENT_3D('',#6556,#5286,#5287);
#4449=AXIS2_PLACEMENT_3D('',#6561,#5291,#5292);
#4450=AXIS2_PLACEMENT_3D('',#6565,#5294,#5295);
#4451=AXIS2_PLACEMENT_3D('',#6568,#5297,#5298);
#4452=AXIS2_PLACEMENT_3D('',#6570,#5300,#5301);
#4453=AXIS2_PLACEMENT_3D('',#6571,#5302,#5303);
#4454=AXIS2_PLACEMENT_3D('',#6577,#5307,#5308);
#4455=AXIS2_PLACEMENT_3D('',#6582,#5312,#5313);
#4456=AXIS2_PLACEMENT_3D('',#6586,#5316,#5317);
#4457=AXIS2_PLACEMENT_3D('',#6588,#5319,#5320);
#4458=AXIS2_PLACEMENT_3D('',#6591,#5323,#5324);
#4459=AXIS2_PLACEMENT_3D('',#6597,#5328,#5329);
#4460=AXIS2_PLACEMENT_3D('',#6599,#5331,#5332);
#4461=AXIS2_PLACEMENT_3D('',#6603,#5335,#5336);
#4462=AXIS2_PLACEMENT_3D('',#6605,#5338,#5339);
#4463=AXIS2_PLACEMENT_3D('',#6606,#5340,#5341);
#4464=AXIS2_PLACEMENT_3D('',#6610,#5344,#5345);
#4465=AXIS2_PLACEMENT_3D('',#6612,#5347,#5348);
#4466=AXIS2_PLACEMENT_3D('',#6615,#5351,#5352);
#4467=AXIS2_PLACEMENT_3D('',#6621,#5356,#5357);
#4468=AXIS2_PLACEMENT_3D('',#6623,#5359,#5360);
#4469=AXIS2_PLACEMENT_3D('',#6627,#5363,#5364);
#4470=AXIS2_PLACEMENT_3D('',#6629,#5366,#5367);
#4471=AXIS2_PLACEMENT_3D('',#6630,#5368,#5369);
#4472=AXIS2_PLACEMENT_3D('',#6634,#5372,#5373);
#4473=AXIS2_PLACEMENT_3D('',#6636,#5375,#5376);
#4474=AXIS2_PLACEMENT_3D('',#6637,#5377,#5378);
#4475=AXIS2_PLACEMENT_3D('',#6638,#5379,#5380);
#4476=AXIS2_PLACEMENT_3D('',#6640,#5382,#5383);
#4477=AXIS2_PLACEMENT_3D('',#6641,#5384,#5385);
#4478=AXIS2_PLACEMENT_3D('',#6644,#5388,#5389);
#4479=AXIS2_PLACEMENT_3D('',#6645,#5390,#5391);
#4480=AXIS2_PLACEMENT_3D('',#6646,#5392,#5393);
#4481=AXIS2_PLACEMENT_3D('',#6648,#5395,#5396);
#4482=AXIS2_PLACEMENT_3D('',#6649,#5397,#5398);
#4483=AXIS2_PLACEMENT_3D('',#6650,#5399,#5400);
#4484=AXIS2_PLACEMENT_3D('',#6653,#5403,#5404);
#4485=AXIS2_PLACEMENT_3D('',#6655,#5405,#5406);
#4486=AXIS2_PLACEMENT_3D('',#6658,#5408,#5409);
#4487=AXIS2_PLACEMENT_3D('',#6659,#5410,#5411);
#4488=AXIS2_PLACEMENT_3D('',#6661,#5412,#5413);
#4489=AXIS2_PLACEMENT_3D('',#6664,#5415,#5416);
#4490=AXIS2_PLACEMENT_3D('',#6665,#5417,#5418);
#4491=AXIS2_PLACEMENT_3D('',#6667,#5419,#5420);
#4492=AXIS2_PLACEMENT_3D('',#6670,#5422,#5423);
#4493=AXIS2_PLACEMENT_3D('',#6671,#5424,#5425);
#4494=AXIS2_PLACEMENT_3D('',#6673,#5426,#5427);
#4495=AXIS2_PLACEMENT_3D('',#6676,#5429,#5430);
#4496=AXIS2_PLACEMENT_3D('',#6677,#5431,#5432);
#4497=AXIS2_PLACEMENT_3D('',#6679,#5433,#5434);
#4498=AXIS2_PLACEMENT_3D('',#6680,#5435,#5436);
#4499=AXIS2_PLACEMENT_3D('',#6682,#5437,#5438);
#4500=AXIS2_PLACEMENT_3D('',#6683,#5439,#5440);
#4501=AXIS2_PLACEMENT_3D('',#6685,#5441,#5442);
#4502=AXIS2_PLACEMENT_3D('',#6686,#5443,#5444);
#4503=AXIS2_PLACEMENT_3D('',#6688,#5445,#5446);
#4504=AXIS2_PLACEMENT_3D('',#6689,#5447,#5448);
#4505=AXIS2_PLACEMENT_3D('',#6692,#5450,#5451);
#4506=AXIS2_PLACEMENT_3D('',#6693,#5452,#5453);
#4507=AXIS2_PLACEMENT_3D('',#6696,#5455,#5456);
#4508=AXIS2_PLACEMENT_3D('',#6697,#5457,#5458);
#4509=AXIS2_PLACEMENT_3D('',#6700,#5460,#5461);
#4510=AXIS2_PLACEMENT_3D('',#6701,#5462,#5463);
#4511=AXIS2_PLACEMENT_3D('',#6703,#5464,#5465);
#4512=AXIS2_PLACEMENT_3D('',#6706,#5467,#5468);
#4513=AXIS2_PLACEMENT_3D('',#6707,#5469,#5470);
#4514=AXIS2_PLACEMENT_3D('',#6710,#5472,#5473);
#4515=AXIS2_PLACEMENT_3D('',#6711,#5474,#5475);
#4516=AXIS2_PLACEMENT_3D('',#6714,#5477,#5478);
#4517=AXIS2_PLACEMENT_3D('',#6717,#5480,#5481);
#4518=AXIS2_PLACEMENT_3D('',#6718,#5482,#5483);
#4519=AXIS2_PLACEMENT_3D('',#6719,#5484,#5485);
#4520=AXIS2_PLACEMENT_3D('',#6722,#5487,#5488);
#4521=AXIS2_PLACEMENT_3D('',#6723,#5489,#5490);
#4522=AXIS2_PLACEMENT_3D('',#6726,#5492,#5493);
#4523=AXIS2_PLACEMENT_3D('',#6727,#5494,#5495);
#4524=AXIS2_PLACEMENT_3D('',#6730,#5497,#5498);
#4525=AXIS2_PLACEMENT_3D('',#6731,#5499,#5500);
#4526=AXIS2_PLACEMENT_3D('',#6734,#5502,#5503);
#4527=AXIS2_PLACEMENT_3D('',#6735,#5504,#5505);
#4528=AXIS2_PLACEMENT_3D('',#6737,#5506,#5507);
#4529=AXIS2_PLACEMENT_3D('',#6738,#5508,#5509);
#4530=AXIS2_PLACEMENT_3D('',#6740,#5510,#5511);
#4531=AXIS2_PLACEMENT_3D('',#6741,#5512,#5513);
#4532=AXIS2_PLACEMENT_3D('',#6743,#5514,#5515);
#4533=AXIS2_PLACEMENT_3D('',#6744,#5516,#5517);
#4534=AXIS2_PLACEMENT_3D('',#6746,#5518,#5519);
#4535=AXIS2_PLACEMENT_3D('',#6747,#5520,#5521);
#4536=AXIS2_PLACEMENT_3D('',#6750,#5523,#5524);
#4537=AXIS2_PLACEMENT_3D('',#6751,#5525,#5526);
#4538=AXIS2_PLACEMENT_3D('',#6754,#5528,#5529);
#4539=AXIS2_PLACEMENT_3D('',#6755,#5530,#5531);
#4540=AXIS2_PLACEMENT_3D('',#6758,#5533,#5534);
#4541=AXIS2_PLACEMENT_3D('',#6759,#5535,#5536);
#4542=AXIS2_PLACEMENT_3D('',#6762,#5538,#5539);
#4543=AXIS2_PLACEMENT_3D('',#6763,#5540,#5541);
#4544=AXIS2_PLACEMENT_3D('',#6766,#5543,#5544);
#4545=AXIS2_PLACEMENT_3D('',#6767,#5545,#5546);
#4546=AXIS2_PLACEMENT_3D('',#6770,#5548,#5549);
#4547=AXIS2_PLACEMENT_3D('',#6771,#5550,#5551);
#4548=AXIS2_PLACEMENT_3D('',#6772,#5552,#5553);
#4549=AXIS2_PLACEMENT_3D('',#6774,#5554,#5555);
#4550=AXIS2_PLACEMENT_3D('',#6778,#5558,#5559);
#4551=AXIS2_PLACEMENT_3D('',#6779,#5560,#5561);
#4552=AXIS2_PLACEMENT_3D('',#6781,#5562,#5563);
#4553=AXIS2_PLACEMENT_3D('',#6784,#5565,#5566);
#4554=AXIS2_PLACEMENT_3D('',#6785,#5567,#5568);
#4555=AXIS2_PLACEMENT_3D('',#6787,#5569,#5570);
#4556=AXIS2_PLACEMENT_3D('',#6790,#5572,#5573);
#4557=AXIS2_PLACEMENT_3D('',#6791,#5574,#5575);
#4558=AXIS2_PLACEMENT_3D('',#6793,#5576,#5577);
#4559=AXIS2_PLACEMENT_3D('',#6796,#5579,#5580);
#4560=AXIS2_PLACEMENT_3D('',#6797,#5581,#5582);
#4561=AXIS2_PLACEMENT_3D('',#6799,#5583,#5584);
#4562=AXIS2_PLACEMENT_3D('',#6802,#5586,#5587);
#4563=AXIS2_PLACEMENT_3D('',#6803,#5588,#5589);
#4564=AXIS2_PLACEMENT_3D('',#6806,#5591,#5592);
#4565=AXIS2_PLACEMENT_3D('',#6807,#5593,#5594);
#4566=AXIS2_PLACEMENT_3D('',#6809,#5595,#5596);
#4567=AXIS2_PLACEMENT_3D('',#6810,#5597,#5598);
#4568=AXIS2_PLACEMENT_3D('',#6812,#5599,#5600);
#4569=AXIS2_PLACEMENT_3D('',#6813,#5601,#5602);
#4570=AXIS2_PLACEMENT_3D('',#6815,#5603,#5604);
#4571=AXIS2_PLACEMENT_3D('',#6816,#5605,#5606);
#4572=AXIS2_PLACEMENT_3D('',#6818,#5607,#5608);
#4573=AXIS2_PLACEMENT_3D('',#6819,#5609,#5610);
#4574=AXIS2_PLACEMENT_3D('',#6822,#5612,#5613);
#4575=AXIS2_PLACEMENT_3D('',#6823,#5614,#5615);
#4576=AXIS2_PLACEMENT_3D('',#6826,#5617,#5618);
#4577=AXIS2_PLACEMENT_3D('',#6827,#5619,#5620);
#4578=AXIS2_PLACEMENT_3D('',#6830,#5622,#5623);
#4579=AXIS2_PLACEMENT_3D('',#6831,#5624,#5625);
#4580=AXIS2_PLACEMENT_3D('',#6834,#5627,#5628);
#4581=AXIS2_PLACEMENT_3D('',#6835,#5629,#5630);
#4582=AXIS2_PLACEMENT_3D('',#6838,#5632,#5633);
#4583=AXIS2_PLACEMENT_3D('',#6839,#5634,#5635);
#4584=AXIS2_PLACEMENT_3D('',#6840,#5636,#5637);
#4585=AXIS2_PLACEMENT_3D('',#6843,#5639,#5640);
#4586=AXIS2_PLACEMENT_3D('',#6844,#5641,#5642);
#4587=AXIS2_PLACEMENT_3D('',#6847,#5644,#5645);
#4588=AXIS2_PLACEMENT_3D('',#6848,#5646,#5647);
#4589=AXIS2_PLACEMENT_3D('',#6851,#5649,#5650);
#4590=AXIS2_PLACEMENT_3D('',#6852,#5651,#5652);
#4591=AXIS2_PLACEMENT_3D('',#6855,#5654,#5655);
#4592=AXIS2_PLACEMENT_3D('',#6856,#5656,#5657);
#4593=AXIS2_PLACEMENT_3D('',#6859,#5659,#5660);
#4594=AXIS2_PLACEMENT_3D('',#6860,#5661,#5662);
#4595=AXIS2_PLACEMENT_3D('',#6861,#5663,#5664);
#4596=AXIS2_PLACEMENT_3D('',#6863,#5665,#5666);
#4597=AXIS2_PLACEMENT_3D('',#6864,#5667,#5668);
#4598=AXIS2_PLACEMENT_3D('',#6866,#5669,#5670);
#4599=AXIS2_PLACEMENT_3D('',#6867,#5671,#5672);
#4600=AXIS2_PLACEMENT_3D('',#6869,#5673,#5674);
#4601=AXIS2_PLACEMENT_3D('',#6870,#5675,#5676);
#4602=AXIS2_PLACEMENT_3D('',#6872,#5677,#5678);
#4603=AXIS2_PLACEMENT_3D('',#6873,#5679,#5680);
#4604=AXIS2_PLACEMENT_3D('',#6876,#5682,#5683);
#4605=AXIS2_PLACEMENT_3D('',#6877,#5684,#5685);
#4606=AXIS2_PLACEMENT_3D('',#6880,#5687,#5688);
#4607=AXIS2_PLACEMENT_3D('',#6881,#5689,#5690);
#4608=AXIS2_PLACEMENT_3D('',#6884,#5692,#5693);
#4609=AXIS2_PLACEMENT_3D('',#6885,#5694,#5695);
#4610=AXIS2_PLACEMENT_3D('',#6888,#5697,#5698);
#4611=AXIS2_PLACEMENT_3D('',#6889,#5699,#5700);
#4612=AXIS2_PLACEMENT_3D('',#6892,#5702,#5703);
#4613=AXIS2_PLACEMENT_3D('',#6893,#5704,#5705);
#4614=DIRECTION('axis',(0.,0.,1.));
#4615=DIRECTION('refdir',(1.,0.,0.));
#4616=DIRECTION('center_axis',(0.,0.,-1.));
#4617=DIRECTION('ref_axis',(5.73457415278965E-49,1.,0.));
#4618=DIRECTION('',(0.,-1.,0.));
#4619=DIRECTION('',(1.,0.,0.));
#4620=DIRECTION('',(2.27738056333365E-16,-1.,0.));
#4621=DIRECTION('',(1.,0.,0.));
#4622=DIRECTION('center_axis',(0.,0.,-1.));
#4623=DIRECTION('ref_axis',(5.73457415278965E-49,1.,0.));
#4624=DIRECTION('',(-2.25470000866535E-15,1.,0.));
#4625=DIRECTION('',(1.,0.,0.));
#4626=DIRECTION('',(2.77555756156289E-16,1.,0.));
#4627=DIRECTION('',(1.,0.,0.));
#4628=DIRECTION('center_axis',(-0.173648177666964,-3.95462984677053E-17,
0.984807753012202));
#4629=DIRECTION('ref_axis',(0.984807753012202,1.38073214722439E-16,0.173648177666964));
#4630=DIRECTION('',(-0.984807753012202,-2.76325520103678E-17,-0.173648177666964));
#4631=DIRECTION('',(-2.27738056333365E-16,1.,0.));
#4632=DIRECTION('',(0.984807753012202,4.61406028733124E-16,0.173648177666964));
#4633=DIRECTION('',(0.984807753012202,4.61406028733124E-16,0.173648177666964));
#4634=DIRECTION('',(0.984807753012202,4.61406028733124E-16,0.173648177666964));
#4635=DIRECTION('',(0.984807753012202,4.61406028733124E-16,0.173648177666964));
#4636=DIRECTION('',(-2.27738056333365E-16,1.,0.));
#4637=DIRECTION('',(-0.984807753012202,-2.76325520103678E-17,-0.173648177666964));
#4638=DIRECTION('',(-0.984807753012202,-2.76325520103678E-17,-0.173648177666964));
#4639=DIRECTION('',(-0.984807753012202,-2.76325520103678E-17,-0.173648177666964));
#4640=DIRECTION('',(-2.19357962710941E-15,1.,-3.46630908726196E-16));
#4641=DIRECTION('',(0.984807753012202,2.22044601616567E-15,0.173648177666964));
#4642=DIRECTION('',(6.86714266239086E-18,-1.,-3.89455013339308E-17));
#4643=DIRECTION('',(-0.984807753012202,0.,-0.173648177666964));
#4644=DIRECTION('center_axis',(0.,0.,1.));
#4645=DIRECTION('ref_axis',(-3.36527472078537E-32,-1.,0.));
#4646=DIRECTION('',(-2.25470000866535E-15,1.,0.));
#4647=DIRECTION('',(1.,0.,0.));
#4648=DIRECTION('',(-2.27738056333365E-16,1.,0.));
#4649=DIRECTION('',(1.,0.,0.));
#4650=DIRECTION('center_axis',(0.579227963686097,0.707106781186549,0.40557979003404));
#4651=DIRECTION('ref_axis',(0.573576439690572,0.,-0.81915204195063));
#4652=DIRECTION('',(-0.579227963686099,0.707106781186546,-0.405579790034042));
#4653=DIRECTION('',(-0.573576439690574,1.93430479947428E-15,0.819152041950629));
#4654=DIRECTION('',(0.579227963686099,-0.707106781186546,0.405579790034043));
#4655=DIRECTION('',(0.573576439690574,-1.93430479947428E-15,-0.819152041950629));
#4656=DIRECTION('center_axis',(-0.819152041950629,-1.050268292362E-15,-0.573576439690574));
#4657=DIRECTION('ref_axis',(-8.60329416284335E-16,1.,-6.02409147852889E-16));
#4658=DIRECTION('',(9.28441714198161E-16,-1.,5.05134706196674E-16));
#4659=DIRECTION('',(0.573576439690574,-1.9343048084466E-15,-0.819152041950629));
#4660=DIRECTION('',(-9.2844171419816E-16,1.,-5.05134706196675E-16));
#4661=DIRECTION('center_axis',(0.579227963686093,-0.707106781186552,0.40557979003404));
#4662=DIRECTION('ref_axis',(0.573576439690576,0.,-0.819152041950628));
#4663=DIRECTION('',(0.579227963686101,0.707106781186543,0.405579790034044));
#4664=DIRECTION('',(-0.573576439690574,1.9343048084466E-15,0.819152041950629));
#4665=DIRECTION('',(-0.579227963686101,-0.707106781186543,-0.405579790034044));
#4666=DIRECTION('center_axis',(-2.60690533077421E-16,-1.,2.17881268582687E-15));
#4667=DIRECTION('ref_axis',(0.,-2.17881268582687E-15,-1.));
#4668=DIRECTION('',(-0.81915204195063,-4.84878319066773E-16,-0.573576439690574));
#4669=DIRECTION('',(5.67995806461418E-31,2.17881268582687E-15,1.));
#4670=DIRECTION('center_axis',(2.60690533077421E-16,1.,-2.17881268582687E-15));
#4671=DIRECTION('ref_axis',(1.,-3.36343879741226E-16,1.05690077339068E-31));
#4672=DIRECTION('',(-5.67995806461418E-31,-2.17881268582687E-15,-1.));
#4673=DIRECTION('center_axis',(-2.60690509613284E-16,-1.,4.13558076672872E-15));
#4674=DIRECTION('ref_axis',(1.,-2.60690509613285E-16,-1.94288995018246E-16));
#4675=DIRECTION('',(1.57683087474014E-15,4.17747597520514E-15,1.));
#4676=DIRECTION('',(-2.32841773481488E-31,2.17881268582687E-15,1.));
#4677=DIRECTION('',(0.61394061351492,-1.87989913062019E-15,-0.789352217376326));
#4678=DIRECTION('',(-0.61394061351492,-1.55980211899002E-15,-0.789352217376326));
#4679=DIRECTION('',(0.61394061351492,1.55980211899003E-15,0.789352217376327));
#4680=DIRECTION('',(0.61394061351492,-1.87989913062019E-15,-0.789352217376326));
#4681=DIRECTION('',(-1.,2.60690533077421E-16,0.));
#4682=DIRECTION('',(0.173648177666964,-4.11802043421201E-15,-0.984807753012202));
#4683=DIRECTION('',(1.,-2.60690533077421E-16,0.));
#4684=DIRECTION('',(0.,-2.17881268582687E-15,-1.));
#4685=DIRECTION('',(1.,-2.60690533077421E-16,0.));
#4686=DIRECTION('',(0.,0.,1.));
#4687=DIRECTION('',(-1.,2.60690533077421E-16,0.));
#4688=DIRECTION('',(0.,-2.17881268582687E-15,-1.));
#4689=DIRECTION('',(-1.,2.60690533077421E-16,0.));
#4690=DIRECTION('',(0.173648177666964,-4.11802043421201E-15,-0.984807753012202));
#4691=DIRECTION('',(1.,-2.60690533077421E-16,0.));
#4692=DIRECTION('',(-0.61394061351492,-1.55980211899002E-15,-0.789352217376326));
#4693=DIRECTION('',(-0.61394061351492,1.87989913062019E-15,0.789352217376327));
#4694=DIRECTION('',(-1.,2.60690533077421E-16,-3.25948585257823E-38));
#4695=DIRECTION('',(5.67995806461418E-31,2.17881268582687E-15,1.));
#4696=DIRECTION('',(0.819152041950629,4.84878319066773E-16,0.573576439690574));
#4697=DIRECTION('',(-1.,2.60690533077421E-16,0.));
#4698=DIRECTION('',(0.,2.17881268582687E-15,1.));
#4699=DIRECTION('',(1.,-2.60690533077421E-16,0.));
#4700=DIRECTION('',(0.,-2.17881268582687E-15,-1.));
#4701=DIRECTION('',(-1.,2.60690533077421E-16,0.));
#4702=DIRECTION('',(0.,2.17881268582687E-15,1.));
#4703=DIRECTION('',(1.,-2.60690533077421E-16,0.));
#4704=DIRECTION('',(0.,-2.17881268582687E-15,-1.));
#4705=DIRECTION('',(0.61394061351492,1.55980211899002E-15,0.789352217376327));
#4706=DIRECTION('',(0.61394061351492,-1.87989913062019E-15,-0.789352217376326));
#4707=DIRECTION('',(-1.,2.60690533077421E-16,0.));
#4708=DIRECTION('',(-0.61394061351492,1.87989913062019E-15,0.789352217376327));
#4709=DIRECTION('',(1.,-2.60690533077421E-16,0.));
#4710=DIRECTION('',(-0.61394061351492,-1.55980211899002E-15,-0.789352217376326));
#4711=DIRECTION('',(-0.61394061351492,1.87989913062019E-15,0.789352217376327));
#4712=DIRECTION('',(0.61394061351492,1.55980211899002E-15,0.789352217376327));
#4713=DIRECTION('',(9.91270557701055E-18,-2.17881268582687E-15,-1.));
#4714=DIRECTION('',(-2.32841773481488E-31,2.17881268582687E-15,1.));
#4715=DIRECTION('',(0.61394061351492,-1.87989913062019E-15,-0.789352217376326));
#4716=DIRECTION('',(-0.61394061351492,-1.55980211899002E-15,-0.789352217376326));
#4717=DIRECTION('',(0.61394061351492,1.55980211899002E-15,0.789352217376327));
#4718=DIRECTION('',(9.91270557701055E-18,-2.17881268582687E-15,-1.));
#4719=DIRECTION('',(-0.61394061351492,1.87989913062019E-15,0.789352217376327));
#4720=DIRECTION('center_axis',(-0.801581056810447,0.206010481049841,-0.561273098464785));
#4721=DIRECTION('ref_axis',(-0.573576436351049,0.,0.81915204428899));
#4722=DIRECTION('',(0.168753906215209,0.978549784986749,0.118162758259511));
#4723=DIRECTION('',(0.573576436351048,-1.93430481267087E-15,-0.81915204428899));
#4724=DIRECTION('',(-0.168753906215209,-0.978549784986749,-0.11816275825951));
#4725=DIRECTION('',(-0.573576436351048,1.93430481267087E-15,0.81915204428899));
#4726=DIRECTION('center_axis',(-0.81915204428899,-1.69592813098071E-16,
-0.573576436351048));
#4727=DIRECTION('ref_axis',(-0.573576436351048,-1.31929432467823E-16,0.81915204428899));
#4728=DIRECTION('',(-2.07034596666696E-16,1.,0.));
#4729=DIRECTION('',(0.573576436351048,-1.93430480369855E-15,-0.81915204428899));
#4730=DIRECTION('',(-2.07034596666696E-16,1.,0.));
#4731=DIRECTION('center_axis',(0.573576439690574,1.18750166848857E-16,-0.81915204195063));
#4732=DIRECTION('ref_axis',(-0.819152041950629,-2.10484711127981E-17,-0.573576439690573));
#4733=DIRECTION('',(0.81915204195063,1.03617044060166E-15,0.573576439690574));
#4734=DIRECTION('',(2.77555756156289E-16,1.,3.3931382093455E-16));
#4735=DIRECTION('',(0.81915204195063,4.84878319066768E-16,0.573576439690574));
#4736=DIRECTION('',(2.77555756156289E-16,1.,3.3931382093455E-16));
#4737=DIRECTION('',(0.81915204195063,2.10484711127981E-17,0.573576439690574));
#4738=DIRECTION('',(0.168753906215208,-0.978549784986749,0.118162758259509));
#4739=DIRECTION('center_axis',(-0.801581056810448,-0.20601048104984,-0.561273098464784));
#4740=DIRECTION('ref_axis',(-0.573576436351048,0.,0.81915204428899));
#4741=DIRECTION('',(-0.168753906215208,0.978549784986749,-0.11816275825951));
#4742=DIRECTION('',(-0.573576436351048,1.93430480369855E-15,0.81915204428899));
#4743=DIRECTION('center_axis',(-2.60690517434665E-16,-1.,2.17881268582687E-15));
#4744=DIRECTION('ref_axis',(0.,-2.17881268582687E-15,-1.));
#4745=DIRECTION('',(1.57683087474014E-15,2.17881268582687E-15,1.));
#4746=DIRECTION('center_axis',(-2.60690517434665E-16,-1.,2.17881268582687E-15));
#4747=DIRECTION('ref_axis',(1.,-3.3643121958338E-16,2.03852294367951E-31));
#4748=DIRECTION('',(5.67995806461418E-31,2.17881268582687E-15,1.));
#4749=DIRECTION('center_axis',(-2.60690525256043E-16,-1.,1.6375789613221E-15));
#4750=DIRECTION('ref_axis',(1.,0.,-1.94288995018246E-16));
#4751=DIRECTION('',(1.57683087474014E-15,2.17881268582687E-15,1.));
#4752=DIRECTION('',(0.819152041950629,1.41547165536026E-17,0.573576439690574));
#4753=DIRECTION('',(1.,-2.60690517434665E-16,0.));
#4754=DIRECTION('',(-0.61394061351492,-1.55980212859375E-15,-0.789352217376326));
#4755=DIRECTION('',(-0.61394061351492,1.87989912101647E-15,0.789352217376327));
#4756=DIRECTION('',(-0.61394061351492,-1.55980212859375E-15,-0.789352217376326));
#4757=DIRECTION('',(-2.83775911430563E-31,2.17881268582687E-15,1.));
#4758=DIRECTION('',(0.61394061351492,-1.87989912101647E-15,-0.789352217376326));
#4759=DIRECTION('',(9.9127055770106E-18,-2.17881268582687E-15,-1.));
#4760=DIRECTION('',(-0.61394061351492,1.87989912101647E-15,0.789352217376327));
#4761=DIRECTION('',(0.61394061351492,1.55980212859375E-15,0.789352217376327));
#4762=DIRECTION('',(-0.61394061351492,-1.55980212859375E-15,-0.789352217376326));
#4763=DIRECTION('',(-2.83775911430563E-31,2.17881268582687E-15,1.));
#4764=DIRECTION('',(0.61394061351492,-1.87989912101647E-15,-0.789352217376326));
#4765=DIRECTION('',(0.61394061351492,-1.87989912101647E-15,-0.789352217376326));
#4766=DIRECTION('',(-1.,2.60690517434665E-16,0.));
#4767=DIRECTION('',(0.61394061351492,1.55980212859375E-15,0.789352217376327));
#4768=DIRECTION('',(0.61394061351492,-1.87989912101647E-15,-0.789352217376326));
#4769=DIRECTION('',(-0.61394061351492,-1.55980212859375E-15,-0.789352217376326));
#4770=DIRECTION('',(-2.83775911430563E-31,2.17881268582687E-15,1.));
#4771=DIRECTION('',(0.61394061351492,1.55980212859375E-15,0.789352217376327));
#4772=DIRECTION('',(9.9127055770106E-18,-2.17881268582687E-15,-1.));
#4773=DIRECTION('',(-0.61394061351492,1.87989912101647E-15,0.789352217376327));
#4774=DIRECTION('',(1.,-2.60690517434665E-16,0.));
#4775=DIRECTION('',(-0.61394061351492,-1.55980212859375E-15,-0.789352217376326));
#4776=DIRECTION('',(-0.61394061351492,1.87989912101647E-15,0.789352217376327));
#4777=DIRECTION('',(1.,-2.60690517434665E-16,0.));
#4778=DIRECTION('',(-0.61394061351492,-1.55980212859375E-15,-0.789352217376326));
#4779=DIRECTION('',(-0.61394061351492,1.87989912101647E-15,0.789352217376327));
#4780=DIRECTION('',(0.61394061351492,-1.87989912101647E-15,-0.789352217376326));
#4781=DIRECTION('',(-1.,2.60690517434665E-16,0.));
#4782=DIRECTION('',(0.61394061351492,1.55980212859375E-15,0.789352217376327));
#4783=DIRECTION('',(9.9127055770106E-18,-2.17881268582687E-15,-1.));
#4784=DIRECTION('',(-0.61394061351492,1.87989912101647E-15,0.789352217376327));
#4785=DIRECTION('',(0.61394061351492,1.55980212859375E-15,0.789352217376327));
#4786=DIRECTION('',(0.61394061351492,-1.87989912101647E-15,-0.789352217376326));
#4787=DIRECTION('',(-1.,2.60690517434665E-16,0.));
#4788=DIRECTION('',(0.61394061351492,1.55980212859375E-15,0.789352217376327));
#4789=DIRECTION('center_axis',(2.60690525256043E-16,1.,-1.6375789613221E-15));
#4790=DIRECTION('ref_axis',(1.,0.,-1.94288995018246E-16));
#4791=DIRECTION('center_axis',(2.60690525256043E-16,1.,-1.6375789613221E-15));
#4792=DIRECTION('ref_axis',(1.,0.,-1.94288995018246E-16));
#4793=DIRECTION('center_axis',(2.60690525256043E-16,1.,-1.6375789613221E-15));
#4794=DIRECTION('ref_axis',(1.,0.,-1.94288995018246E-16));
#4795=DIRECTION('center_axis',(2.60690525256043E-16,1.,-1.6375789613221E-15));
#4796=DIRECTION('ref_axis',(1.,0.,-1.94288995018246E-16));
#4797=DIRECTION('center_axis',(2.60690525256043E-16,1.,-1.6375789613221E-15));
#4798=DIRECTION('ref_axis',(1.,0.,-1.94288995018246E-16));
#4799=DIRECTION('center_axis',(2.60690517434665E-16,1.,-2.17881268582687E-15));
#4800=DIRECTION('ref_axis',(1.,-3.3643121958338E-16,2.03852294367951E-31));
#4801=DIRECTION('center_axis',(2.60690517434665E-16,1.,-2.17881268582687E-15));
#4802=DIRECTION('ref_axis',(1.,-3.3643121958338E-16,2.03852294367951E-31));
#4803=DIRECTION('center_axis',(2.60690517434665E-16,1.,-2.17881268582687E-15));
#4804=DIRECTION('ref_axis',(1.,-3.3643121958338E-16,2.03852294367951E-31));
#4805=DIRECTION('center_axis',(2.60690517434665E-16,1.,-2.17881268582687E-15));
#4806=DIRECTION('ref_axis',(1.,-3.3643121958338E-16,2.03852294367951E-31));
#4807=DIRECTION('center_axis',(2.60690517434665E-16,1.,-2.17881268582687E-15));
#4808=DIRECTION('ref_axis',(1.,-3.3643121958338E-16,2.03852294367951E-31));
#4809=DIRECTION('',(-1.,2.60690517434665E-16,0.));
#4810=DIRECTION('',(0.,2.17881268582687E-15,1.));
#4811=DIRECTION('',(1.,-2.60690517434665E-16,0.));
#4812=DIRECTION('',(0.,-2.17881268582687E-15,-1.));
#4813=DIRECTION('',(0.,-2.17881268582687E-15,-1.));
#4814=DIRECTION('',(-1.,2.60690517434665E-16,0.));
#4815=DIRECTION('',(0.,2.17881268582687E-15,1.));
#4816=DIRECTION('',(1.,-2.60690517434665E-16,0.));
#4817=DIRECTION('center_axis',(-2.60690517434665E-16,-1.,2.17881268582687E-15));
#4818=DIRECTION('ref_axis',(0.,-2.17881268582687E-15,-1.));
#4819=DIRECTION('',(-0.819152041950629,-4.84878319066768E-16,-0.573576439690574));
#4820=DIRECTION('',(5.67995806461418E-31,2.17881268582687E-15,1.));
#4821=DIRECTION('',(1.,-2.60690517434665E-16,0.));
#4822=DIRECTION('',(0.61394061351492,-1.87989912101647E-15,-0.789352217376327));
#4823=DIRECTION('',(0.61394061351492,1.55980212859375E-15,0.789352217376326));
#4824=DIRECTION('',(-1.,2.60690517434665E-16,0.));
#4825=DIRECTION('',(-0.173648177666964,1.65796889192543E-15,0.984807753012202));
#4826=DIRECTION('',(1.,-2.60690517434665E-16,0.));
#4827=DIRECTION('',(-0.61394061351492,1.87989912101647E-15,0.789352217376326));
#4828=DIRECTION('',(-0.173648177666964,1.65796889192543E-15,0.984807753012202));
#4829=DIRECTION('',(0.61394061351492,-1.87989912101647E-15,-0.789352217376327));
#4830=DIRECTION('',(-9.9127055770106E-18,2.17881268582687E-15,1.));
#4831=DIRECTION('',(-0.61394061351492,-1.55980212859375E-15,-0.789352217376327));
#4832=DIRECTION('',(-0.173648177666964,1.65796889192543E-15,0.984807753012202));
#4833=DIRECTION('',(0.61394061351492,1.55980212859375E-15,0.789352217376326));
#4834=DIRECTION('',(-1.,2.60690517434665E-16,0.));
#4835=DIRECTION('',(-0.173648177666964,1.65796889192543E-15,0.984807753012202));
#4836=DIRECTION('',(1.,-2.60690517434665E-16,0.));
#4837=DIRECTION('',(-0.61394061351492,1.87989912101647E-15,0.789352217376326));
#4838=DIRECTION('',(-0.61394061351492,-1.55980212859375E-15,-0.789352217376327));
#4839=DIRECTION('',(0.61394061351492,1.55980212859375E-15,0.789352217376326));
#4840=DIRECTION('',(-0.61394061351492,1.87989912101647E-15,0.789352217376326));
#4841=DIRECTION('',(2.83775911430563E-31,-2.17881268582687E-15,-1.));
#4842=DIRECTION('',(1.57683087474014E-15,1.59568375284568E-15,1.));
#4843=DIRECTION('center_axis',(-2.60690525256043E-16,-1.,1.6375789613221E-15));
#4844=DIRECTION('ref_axis',(1.,-2.60690525256044E-16,-1.94288995018246E-16));
#4845=DIRECTION('',(1.97483535526614E-15,1.6375789613221E-15,1.));
#4846=DIRECTION('center_axis',(2.60690517434665E-16,1.,-2.17881268582687E-15));
#4847=DIRECTION('ref_axis',(1.,-1.85037170770859E-16,-2.23978899616281E-31));
#4848=DIRECTION('',(5.67995806461418E-31,2.17881268582687E-15,1.));
#4849=DIRECTION('',(1.,-2.60690517434665E-16,0.));
#4850=DIRECTION('',(0.,2.17881268582687E-15,1.));
#4851=DIRECTION('',(-1.,2.60690517434665E-16,0.));
#4852=DIRECTION('',(0.,-2.17881268582687E-15,-1.));
#4853=DIRECTION('',(-9.9127055770106E-18,2.17881268582687E-15,1.));
#4854=DIRECTION('',(-0.61394061351492,-1.55980212859375E-15,-0.789352217376327));
#4855=DIRECTION('',(0.61394061351492,-1.87989912101647E-15,-0.789352217376327));
#4856=DIRECTION('',(-0.61394061351492,1.87989912101647E-15,0.789352217376326));
#4857=DIRECTION('',(2.83775911430563E-31,-2.17881268582687E-15,-1.));
#4858=DIRECTION('',(0.61394061351492,1.55980212859375E-15,0.789352217376326));
#4859=DIRECTION('',(-0.61394061351492,-1.55980212859375E-15,-0.789352217376327));
#4860=DIRECTION('',(0.61394061351492,-1.87989912101647E-15,-0.789352217376327));
#4861=DIRECTION('',(-9.9127055770106E-18,2.17881268582687E-15,1.));
#4862=DIRECTION('',(-1.,2.60690517434665E-16,0.));
#4863=DIRECTION('',(0.61394061351492,-1.87989912101647E-15,-0.789352217376327));
#4864=DIRECTION('',(0.61394061351492,1.55980212859375E-15,0.789352217376326));
#4865=DIRECTION('',(-0.61394061351492,1.87989912101647E-15,0.789352217376326));
#4866=DIRECTION('',(-0.61394061351492,-1.55980212859375E-15,-0.789352217376327));
#4867=DIRECTION('',(1.,-2.60690517434665E-16,0.));
#4868=DIRECTION('',(1.,-2.60690517434665E-16,0.));
#4869=DIRECTION('',(0.,2.17881268582687E-15,1.));
#4870=DIRECTION('',(-1.,2.60690517434665E-16,0.));
#4871=DIRECTION('',(0.,-2.17881268582687E-15,-1.));
#4872=DIRECTION('center_axis',(-0.573576439690574,-1.18750166848858E-16,
0.819152041950629));
#4873=DIRECTION('ref_axis',(0.819152041950629,1.41547165536026E-17,0.573576439690574));
#4874=DIRECTION('',(-2.77555756156289E-16,-1.,-3.3931382093455E-16));
#4875=DIRECTION('',(-2.77555756156289E-16,-1.,-3.3931382093455E-16));
#4876=DIRECTION('',(-0.819152041950629,-1.03617044060167E-15,-0.573576439690574));
#4877=DIRECTION('center_axis',(-1.,2.77555756156289E-16,-3.6746196076174E-32));
#4878=DIRECTION('ref_axis',(-5.67995806461418E-31,-2.17881268582687E-15,
-1.));
#4879=DIRECTION('',(-5.67995806461418E-31,-2.17881268582687E-15,-1.));
#4880=DIRECTION('',(3.36343879741226E-16,1.,-1.39703063931999E-15));
#4881=DIRECTION('center_axis',(-1.,2.77555756156289E-16,-3.6746196076174E-32));
#4882=DIRECTION('ref_axis',(-5.67995806461418E-31,-2.17881268582687E-15,
-1.));
#4883=DIRECTION('',(-1.85037170770859E-16,-1.,2.96059473233375E-15));
#4884=DIRECTION('center_axis',(-1.,2.77555756156289E-16,-3.6746196076174E-32));
#4885=DIRECTION('ref_axis',(-5.67995806461418E-31,-2.17881268582687E-15,
-1.));
#4886=DIRECTION('',(-2.52323414687532E-16,-1.,0.));
#4887=DIRECTION('',(2.69057620181796E-16,1.,-5.77315972805081E-15));
#4888=DIRECTION('',(-5.67995806461418E-31,-2.17881268582687E-15,-1.));
#4889=DIRECTION('',(2.60462879677456E-16,1.,-2.08370303741965E-15));
#4890=DIRECTION('',(-3.6746196076174E-32,0.,1.));
#4891=DIRECTION('',(-2.23940510431471E-16,-0.806830719465864,-0.590782692811998));
#4892=DIRECTION('center_axis',(-1.,2.77555756156289E-16,-3.6746196076174E-32));
#4893=DIRECTION('ref_axis',(0.,-1.,0.));
#4894=DIRECTION('',(2.23940510431471E-16,0.806830719465864,-0.590782692811998));
#4895=DIRECTION('',(-2.23940510431471E-16,-0.806830719465864,0.590782692811998));
#4896=DIRECTION('center_axis',(-1.,2.77555756156289E-16,-3.6746196076174E-32));
#4897=DIRECTION('ref_axis',(0.,-1.,0.));
#4898=DIRECTION('',(-2.23940510431471E-16,-0.806830719465864,-0.590782692811998));
#4899=DIRECTION('center_axis',(-1.,2.77555756156289E-16,-3.6746196076174E-32));
#4900=DIRECTION('ref_axis',(0.,-1.,0.));
#4901=DIRECTION('',(-2.23940510431471E-16,-0.806830719465864,0.590782692811998));
#4902=DIRECTION('',(3.6746196076174E-32,0.,-1.));
#4903=DIRECTION('',(2.23940510431471E-16,0.806830719465864,0.590782692811998));
#4904=DIRECTION('center_axis',(-1.,2.77555756156289E-16,-3.6746196076174E-32));
#4905=DIRECTION('ref_axis',(0.,-1.,0.));
#4906=DIRECTION('',(2.23940510431471E-16,0.806830719465864,0.590782692811998));
#4907=DIRECTION('',(-2.77555756156289E-16,-1.,0.));
#4908=DIRECTION('',(2.23940510431471E-16,0.806830719465864,-0.590782692811998));
#4909=DIRECTION('center_axis',(-2.60690533077421E-16,-1.,2.17881268582687E-15));
#4910=DIRECTION('ref_axis',(0.,-2.17881268582687E-15,-1.));
#4911=DIRECTION('',(-1.,2.60690533077421E-16,-3.25948585257823E-38));
#4912=DIRECTION('',(-0.61394061351492,1.87989913062019E-15,0.789352217376327));
#4913=DIRECTION('',(1.,-2.60690533077421E-16,0.));
#4914=DIRECTION('',(0.173648177666964,-4.11802043421201E-15,-0.984807753012202));
#4915=DIRECTION('center_axis',(-0.789352217376327,0.,-0.61394061351492));
#4916=DIRECTION('ref_axis',(0.61394061351492,-1.87989913062019E-15,-0.789352217376327));
#4917=DIRECTION('',(0.,-1.,0.));
#4918=DIRECTION('',(0.61394061351492,-1.87989913062019E-15,-0.789352217376327));
#4919=DIRECTION('',(0.,-1.,0.));
#4920=DIRECTION('center_axis',(0.,0.,1.));
#4921=DIRECTION('ref_axis',(-1.,2.60690533077421E-16,0.));
#4922=DIRECTION('',(-1.,2.60690533077421E-16,0.));
#4923=DIRECTION('',(0.,-1.,0.));
#4924=DIRECTION('center_axis',(0.789352217376326,0.,-0.61394061351492));
#4925=DIRECTION('ref_axis',(0.61394061351492,1.55980211899002E-15,0.789352217376326));
#4926=DIRECTION('',(0.61394061351492,1.55980211899002E-15,0.789352217376326));
#4927=DIRECTION('center_axis',(-0.789352217376327,-9.95860234397865E-17,
0.61394061351492));
#4928=DIRECTION('ref_axis',(-0.61394061351492,-1.55980211899003E-15,-0.789352217376327));
#4929=DIRECTION('',(1.26161707343768E-16,-1.,0.));
#4930=DIRECTION('',(-0.61394061351492,-1.55980211899003E-15,-0.789352217376327));
#4931=DIRECTION('',(1.26161707343768E-16,-1.,0.));
#4932=DIRECTION('center_axis',(1.,1.26161707343768E-16,9.91270557701028E-18));
#4933=DIRECTION('ref_axis',(-9.91270557701055E-18,2.17881268582687E-15,
1.));
#4934=DIRECTION('',(-9.91270557701055E-18,2.17881268582687E-15,1.));
#4935=DIRECTION('',(1.26161707343768E-16,-1.,0.));
#4936=DIRECTION('center_axis',(-0.789352217376327,-9.95860234397864E-17,
-0.61394061351492));
#4937=DIRECTION('ref_axis',(0.61394061351492,-1.87989913062019E-15,-0.789352217376327));
#4938=DIRECTION('',(0.61394061351492,-1.87989913062019E-15,-0.789352217376327));
#4939=DIRECTION('center_axis',(-2.60690533077421E-16,-1.,2.17881268582687E-15));
#4940=DIRECTION('ref_axis',(0.,-2.17881268582687E-15,-1.));
#4941=DIRECTION('',(-0.61394061351492,-1.55980211899002E-15,-0.789352217376326));
#4942=DIRECTION('',(-2.32841773481488E-31,2.17881268582687E-15,1.));
#4943=DIRECTION('center_axis',(0.789352217376326,9.95860234397864E-17,0.61394061351492));
#4944=DIRECTION('ref_axis',(-0.61394061351492,1.87989913062019E-15,0.789352217376326));
#4945=DIRECTION('',(1.26161707343768E-16,-1.,0.));
#4946=DIRECTION('',(-0.61394061351492,1.87989913062019E-15,0.789352217376326));
#4947=DIRECTION('',(1.26161707343768E-16,-1.,0.));
#4948=DIRECTION('center_axis',(0.789352217376326,9.95860234397864E-17,-0.61394061351492));
#4949=DIRECTION('ref_axis',(0.61394061351492,1.55980211899002E-15,0.789352217376326));
#4950=DIRECTION('',(0.61394061351492,1.55980211899002E-15,0.789352217376326));
#4951=DIRECTION('',(1.26161707343768E-16,-1.,0.));
#4952=DIRECTION('center_axis',(-1.,-1.26161707343768E-16,4.20409549446906E-32));
#4953=DIRECTION('ref_axis',(2.32841773481488E-31,-2.17881268582687E-15,
-1.));
#4954=DIRECTION('',(2.32841773481488E-31,-2.17881268582687E-15,-1.));
#4955=DIRECTION('center_axis',(-1.,0.,-2.32841773481488E-31));
#4956=DIRECTION('ref_axis',(2.32841773481488E-31,-2.17881268582687E-15,
-1.));
#4957=DIRECTION('',(0.,-1.,0.));
#4958=DIRECTION('',(2.32841773481488E-31,-2.17881268582687E-15,-1.));
#4959=DIRECTION('',(0.,-1.,0.));
#4960=DIRECTION('center_axis',(0.789352217376326,0.,0.61394061351492));
#4961=DIRECTION('ref_axis',(-0.61394061351492,1.87989913062019E-15,0.789352217376326));
#4962=DIRECTION('',(-0.61394061351492,1.87989913062019E-15,0.789352217376326));
#4963=DIRECTION('',(0.,-1.,0.));
#4964=DIRECTION('center_axis',(0.789352217376326,0.,-0.61394061351492));
#4965=DIRECTION('ref_axis',(0.61394061351492,1.55980211899002E-15,0.789352217376326));
#4966=DIRECTION('',(0.61394061351492,1.55980211899002E-15,0.789352217376326));
#4967=DIRECTION('center_axis',(-0.789352217376327,-9.95860234397864E-17,
-0.61394061351492));
#4968=DIRECTION('ref_axis',(0.61394061351492,-1.87989913062019E-15,-0.789352217376327));
#4969=DIRECTION('',(1.26161707343768E-16,-1.,0.));
#4970=DIRECTION('',(0.61394061351492,-1.87989913062019E-15,-0.789352217376327));
#4971=DIRECTION('',(1.26161707343768E-16,-1.,0.));
#4972=DIRECTION('center_axis',(-0.789352217376327,-9.95860234397865E-17,
0.61394061351492));
#4973=DIRECTION('ref_axis',(-0.61394061351492,-1.55980211899002E-15,-0.789352217376327));
#4974=DIRECTION('',(-0.61394061351492,-1.55980211899002E-15,-0.789352217376327));
#4975=DIRECTION('',(1.26161707343768E-16,-1.,0.));
#4976=DIRECTION('center_axis',(1.,1.26161707343768E-16,9.91270557701028E-18));
#4977=DIRECTION('ref_axis',(-9.91270557701055E-18,2.17881268582687E-15,
1.));
#4978=DIRECTION('',(-9.91270557701055E-18,2.17881268582687E-15,1.));
#4979=DIRECTION('center_axis',(-0.789352217376327,0.,-0.61394061351492));
#4980=DIRECTION('ref_axis',(0.61394061351492,-1.87989913062019E-15,-0.789352217376327));
#4981=DIRECTION('',(0.,-1.,0.));
#4982=DIRECTION('',(0.61394061351492,-1.87989913062019E-15,-0.789352217376327));
#4983=DIRECTION('',(0.,-1.,0.));
#4984=DIRECTION('center_axis',(0.,0.,1.));
#4985=DIRECTION('ref_axis',(-1.,2.60690533077421E-16,0.));
#4986=DIRECTION('',(-1.,2.60690533077421E-16,0.));
#4987=DIRECTION('',(0.,-1.,0.));
#4988=DIRECTION('center_axis',(0.789352217376326,0.,-0.61394061351492));
#4989=DIRECTION('ref_axis',(0.61394061351492,1.55980211899002E-15,0.789352217376326));
#4990=DIRECTION('',(0.61394061351492,1.55980211899002E-15,0.789352217376326));
#4991=DIRECTION('center_axis',(-2.60690533077421E-16,-1.,2.17881268582687E-15));
#4992=DIRECTION('ref_axis',(0.,-2.17881268582687E-15,-1.));
#4993=DIRECTION('',(0.173648177666964,-4.11802043421201E-15,-0.984807753012202));
#4994=DIRECTION('',(-1.,2.60690533077421E-16,0.));
#4995=DIRECTION('',(0.61394061351492,1.55980211899003E-15,0.789352217376327));
#4996=DIRECTION('center_axis',(-0.789352217376327,-9.95860234397865E-17,
0.61394061351492));
#4997=DIRECTION('ref_axis',(-0.61394061351492,-1.55980211899003E-15,-0.789352217376327));
#4998=DIRECTION('',(1.26161707343768E-16,-1.,0.));
#4999=DIRECTION('',(-0.61394061351492,-1.55980211899003E-15,-0.789352217376327));
#5000=DIRECTION('',(1.26161707343768E-16,-1.,0.));
#5001=DIRECTION('center_axis',(0.789352217376326,9.95860234397864E-17,0.61394061351492));
#5002=DIRECTION('ref_axis',(-0.61394061351492,1.87989913062019E-15,0.789352217376326));
#5003=DIRECTION('',(-0.61394061351492,1.87989913062019E-15,0.789352217376326));
#5004=DIRECTION('',(1.26161707343768E-16,-1.,0.));
#5005=DIRECTION('center_axis',(0.,0.,-1.));
#5006=DIRECTION('ref_axis',(1.,-2.60690533077421E-16,0.));
#5007=DIRECTION('',(1.,-2.60690533077421E-16,0.));
#5008=DIRECTION('center_axis',(-0.789352217376327,-9.95860234397865E-17,
0.61394061351492));
#5009=DIRECTION('ref_axis',(-0.61394061351492,-1.55980211899002E-15,-0.789352217376327));
#5010=DIRECTION('',(1.26161707343768E-16,-1.,0.));
#5011=DIRECTION('',(-0.61394061351492,-1.55980211899002E-15,-0.789352217376327));
#5012=DIRECTION('',(1.26161707343768E-16,-1.,0.));
#5013=DIRECTION('center_axis',(0.789352217376326,9.95860234397864E-17,0.61394061351492));
#5014=DIRECTION('ref_axis',(-0.61394061351492,1.87989913062019E-15,0.789352217376326));
#5015=DIRECTION('',(-0.61394061351492,1.87989913062019E-15,0.789352217376326));
#5016=DIRECTION('',(1.26161707343768E-16,-1.,0.));
#5017=DIRECTION('center_axis',(0.,0.,-1.));
#5018=DIRECTION('ref_axis',(1.,-2.60690533077421E-16,0.));
#5019=DIRECTION('',(1.,-2.60690533077421E-16,0.));
#5020=DIRECTION('center_axis',(2.60690517434665E-16,1.,-2.17881268582687E-15));
#5021=DIRECTION('ref_axis',(0.,2.17881268582687E-15,1.));
#5022=DIRECTION('',(-0.173648177666964,1.65796889192543E-15,0.984807753012202));
#5023=DIRECTION('',(-1.,2.60690517434665E-16,0.));
#5024=DIRECTION('',(0.61394061351492,-1.87989912101647E-15,-0.789352217376327));
#5025=DIRECTION('',(1.,-2.60690517434665E-16,0.));
#5026=DIRECTION('center_axis',(0.,0.,1.));
#5027=DIRECTION('ref_axis',(1.,0.,0.));
#5028=DIRECTION('',(-1.26161707343768E-16,1.,0.));
#5029=DIRECTION('',(-1.26161707343768E-16,1.,0.));
#5030=DIRECTION('center_axis',(-0.789352217376327,-9.95860234397863E-17,
-0.61394061351492));
#5031=DIRECTION('ref_axis',(-0.61394061351492,6.95521433547716E-18,0.789352217376327));
#5032=DIRECTION('',(-1.26161707343768E-16,1.,0.));
#5033=DIRECTION('center_axis',(0.789352217376326,9.95860234397862E-17,-0.61394061351492));
#5034=DIRECTION('ref_axis',(-0.61394061351492,-4.05121496664454E-18,-0.789352217376326));
#5035=DIRECTION('center_axis',(0.789352217376326,9.95860234397862E-17,-0.61394061351492));
#5036=DIRECTION('ref_axis',(-0.61394061351492,-4.05121496664454E-18,-0.789352217376326));
#5037=DIRECTION('',(0.61394061351492,1.55980212859375E-15,0.789352217376326));
#5038=DIRECTION('',(-1.26161707343768E-16,1.,0.));
#5039=DIRECTION('',(-1.26161707343768E-16,1.,0.));
#5040=DIRECTION('center_axis',(0.789352217376326,9.95860234397862E-17,0.61394061351492));
#5041=DIRECTION('ref_axis',(0.61394061351492,4.05121496664454E-18,-0.789352217376326));
#5042=DIRECTION('',(-0.61394061351492,1.87989912101647E-15,0.789352217376326));
#5043=DIRECTION('',(-1.26161707343768E-16,1.,0.));
#5044=DIRECTION('center_axis',(-1.,-1.26161707343768E-16,-8.8931830043855E-33));
#5045=DIRECTION('ref_axis',(0.,-7.04903507698512E-17,1.));
#5046=DIRECTION('',(2.83775911430563E-31,-2.17881268582687E-15,-1.));
#5047=DIRECTION('center_axis',(2.60690517434665E-16,1.,-2.17881268582687E-15));
#5048=DIRECTION('ref_axis',(0.,2.17881268582687E-15,1.));
#5049=DIRECTION('center_axis',(1.,1.26161707343768E-16,9.91270557701033E-18));
#5050=DIRECTION('ref_axis',(9.91270557701033E-18,8.81129384623144E-18,-1.));
#5051=DIRECTION('',(-1.26161707343768E-16,1.,0.));
#5052=DIRECTION('',(-1.26161707343768E-16,1.,0.));
#5053=DIRECTION('center_axis',(-0.789352217376327,-9.95860234397863E-17,
0.61394061351492));
#5054=DIRECTION('ref_axis',(0.61394061351492,-6.95521433547716E-18,0.789352217376327));
#5055=DIRECTION('',(-1.26161707343768E-16,1.,0.));
#5056=DIRECTION('center_axis',(-0.789352217376327,-9.95860234397863E-17,
-0.61394061351492));
#5057=DIRECTION('ref_axis',(-0.61394061351492,6.95521433547716E-18,0.789352217376327));
#5058=DIRECTION('center_axis',(2.60690517434665E-16,1.,-2.17881268582687E-15));
#5059=DIRECTION('ref_axis',(0.,2.17881268582687E-15,1.));
#5060=DIRECTION('',(2.83775911430563E-31,-2.17881268582687E-15,-1.));
#5061=DIRECTION('',(0.61394061351492,1.55980212859375E-15,0.789352217376326));
#5062=DIRECTION('center_axis',(0.789352217376326,9.95860234397862E-17,-0.61394061351492));
#5063=DIRECTION('ref_axis',(-0.61394061351492,-4.05121496664454E-18,-0.789352217376326));
#5064=DIRECTION('',(-1.26161707343768E-16,1.,0.));
#5065=DIRECTION('',(-1.26161707343768E-16,1.,0.));
#5066=DIRECTION('center_axis',(0.789352217376326,9.95860234397862E-17,0.61394061351492));
#5067=DIRECTION('ref_axis',(0.61394061351492,4.05121496664454E-18,-0.789352217376326));
#5068=DIRECTION('',(-1.26161707343768E-16,1.,0.));
#5069=DIRECTION('center_axis',(-1.,-1.26161707343768E-16,-8.8931830043855E-33));
#5070=DIRECTION('ref_axis',(0.,-7.04903507698512E-17,1.));
#5071=DIRECTION('center_axis',(0.789352217376326,9.95860234397862E-17,0.61394061351492));
#5072=DIRECTION('ref_axis',(0.61394061351492,4.05121496664454E-18,-0.789352217376326));
#5073=DIRECTION('',(-1.26161707343768E-16,1.,0.));
#5074=DIRECTION('',(-1.26161707343768E-16,1.,0.));
#5075=DIRECTION('',(-0.61394061351492,1.87989912101647E-15,0.789352217376326));
#5076=DIRECTION('center_axis',(-0.789352217376327,-9.95860234397863E-17,
0.61394061351492));
#5077=DIRECTION('ref_axis',(0.61394061351492,-6.95521433547716E-18,0.789352217376327));
#5078=DIRECTION('',(-0.61394061351492,-1.55980212859375E-15,-0.789352217376327));
#5079=DIRECTION('',(-1.26161707343768E-16,1.,0.));
#5080=DIRECTION('center_axis',(0.,0.,-1.));
#5081=DIRECTION('ref_axis',(-1.,0.,0.));
#5082=DIRECTION('',(1.,-2.60690517434665E-16,0.));
#5083=DIRECTION('center_axis',(2.60690517434665E-16,1.,-2.17881268582687E-15));
#5084=DIRECTION('ref_axis',(0.,2.17881268582687E-15,1.));
#5085=DIRECTION('',(-0.173648177666964,1.65796889192543E-15,0.984807753012202));
#5086=DIRECTION('center_axis',(0.789352217376326,9.95860234397862E-17,0.61394061351492));
#5087=DIRECTION('ref_axis',(0.61394061351492,4.05121496664454E-18,-0.789352217376326));
#5088=DIRECTION('',(-1.26161707343768E-16,1.,0.));
#5089=DIRECTION('',(-1.26161707343768E-16,1.,0.));
#5090=DIRECTION('center_axis',(-1.,-1.26161707343768E-16,-8.8931830043855E-33));
#5091=DIRECTION('ref_axis',(0.,-7.04903507698512E-17,1.));
#5092=DIRECTION('',(-1.26161707343768E-16,1.,0.));
#5093=DIRECTION('center_axis',(0.789352217376326,9.95860234397862E-17,-0.61394061351492));
#5094=DIRECTION('ref_axis',(-0.61394061351492,-4.05121496664454E-18,-0.789352217376326));
#5095=DIRECTION('center_axis',(-0.789352217376327,-9.95860234397863E-17,
0.61394061351492));
#5096=DIRECTION('ref_axis',(0.61394061351492,-6.95521433547716E-18,0.789352217376327));
#5097=DIRECTION('',(-1.26161707343768E-16,1.,0.));
#5098=DIRECTION('',(-1.26161707343768E-16,1.,0.));
#5099=DIRECTION('center_axis',(-0.789352217376327,-9.95860234397863E-17,
-0.61394061351492));
#5100=DIRECTION('ref_axis',(-0.61394061351492,6.95521433547716E-18,0.789352217376327));
#5101=DIRECTION('',(-1.26161707343768E-16,1.,0.));
#5102=DIRECTION('center_axis',(1.,1.26161707343768E-16,9.91270557701033E-18));
#5103=DIRECTION('ref_axis',(9.91270557701033E-18,8.81129384623144E-18,-1.));
#5104=DIRECTION('center_axis',(0.,0.,1.));
#5105=DIRECTION('ref_axis',(1.,0.,0.));
#5106=DIRECTION('',(-1.26161707343768E-16,1.,0.));
#5107=DIRECTION('',(-1.26161707343768E-16,1.,0.));
#5108=DIRECTION('',(-1.,2.60690517434665E-16,0.));
#5109=DIRECTION('center_axis',(-0.789352217376327,-9.95860234397863E-17,
-0.61394061351492));
#5110=DIRECTION('ref_axis',(-0.61394061351492,6.95521433547716E-18,0.789352217376327));
#5111=DIRECTION('',(0.61394061351492,-1.87989912101647E-15,-0.789352217376327));
#5112=DIRECTION('',(-1.26161707343768E-16,1.,0.));
#5113=DIRECTION('center_axis',(0.789352217376326,9.95860234397862E-17,-0.61394061351492));
#5114=DIRECTION('ref_axis',(-0.61394061351492,-4.05121496664454E-18,-0.789352217376326));
#5115=DIRECTION('',(0.61394061351492,1.55980212859375E-15,0.789352217376326));
#5116=DIRECTION('center_axis',(2.60690517434665E-16,1.,-2.17881268582687E-15));
#5117=DIRECTION('ref_axis',(0.,2.17881268582687E-15,1.));
#5118=DIRECTION('',(-0.173648177666964,1.65796889192543E-15,0.984807753012202));
#5119=DIRECTION('center_axis',(0.,0.,1.));
#5120=DIRECTION('ref_axis',(1.,2.4671622769448E-16,0.));
#5121=DIRECTION('',(0.,1.,0.));
#5122=DIRECTION('',(0.,1.,0.));
#5123=DIRECTION('center_axis',(-0.789352217376327,0.,-0.61394061351492));
#5124=DIRECTION('ref_axis',(-0.61394061351492,6.95521433547716E-18,0.789352217376327));
#5125=DIRECTION('',(0.,1.,0.));
#5126=DIRECTION('center_axis',(0.789352217376326,0.,-0.61394061351492));
#5127=DIRECTION('ref_axis',(-0.61394061351492,-4.05121496664454E-18,-0.789352217376326));
#5128=DIRECTION('center_axis',(2.60690517434665E-16,1.,-2.17881268582687E-15));
#5129=DIRECTION('ref_axis',(0.,2.17881268582687E-15,1.));
#5130=DIRECTION('',(-0.61394061351492,-1.55980212859375E-15,-0.789352217376327));
#5131=DIRECTION('',(1.,-2.60690517434665E-16,0.));
#5132=DIRECTION('',(-0.173648177666964,1.65796889192543E-15,0.984807753012202));
#5133=DIRECTION('center_axis',(0.789352217376326,9.95860234397862E-17,0.61394061351492));
#5134=DIRECTION('ref_axis',(0.61394061351492,4.05121496664454E-18,-0.789352217376326));
#5135=DIRECTION('',(-1.26161707343768E-16,1.,0.));
#5136=DIRECTION('',(-1.26161707343768E-16,1.,0.));
#5137=DIRECTION('center_axis',(-0.789352217376327,-9.95860234397863E-17,
0.61394061351492));
#5138=DIRECTION('ref_axis',(0.61394061351492,-6.95521433547716E-18,0.789352217376327));
#5139=DIRECTION('',(-1.26161707343768E-16,1.,0.));
#5140=DIRECTION('center_axis',(0.,0.,-1.));
#5141=DIRECTION('ref_axis',(-1.,0.,0.));
#5142=DIRECTION('center_axis',(2.60690517434665E-16,1.,-2.17881268582687E-15));
#5143=DIRECTION('ref_axis',(0.,2.17881268582687E-15,1.));
#5144=DIRECTION('',(-0.173648177666964,1.65796889192543E-15,0.984807753012202));
#5145=DIRECTION('',(-0.61394061351492,-1.55980212859375E-15,-0.789352217376327));
#5146=DIRECTION('',(0.61394061351492,-1.87989912101647E-15,-0.789352217376327));
#5147=DIRECTION('center_axis',(1.,1.26161707343768E-16,9.91270557701033E-18));
#5148=DIRECTION('ref_axis',(9.91270557701033E-18,8.81129384623144E-18,-1.));
#5149=DIRECTION('',(-1.26161707343768E-16,1.,0.));
#5150=DIRECTION('',(-1.26161707343768E-16,1.,0.));
#5151=DIRECTION('center_axis',(-0.789352217376327,-9.95860234397863E-17,
0.61394061351492));
#5152=DIRECTION('ref_axis',(0.61394061351492,-6.95521433547716E-18,0.789352217376327));
#5153=DIRECTION('',(-1.26161707343768E-16,1.,0.));
#5154=DIRECTION('center_axis',(-0.789352217376327,-9.95860234397863E-17,
-0.61394061351492));
#5155=DIRECTION('ref_axis',(-0.61394061351492,6.95521433547716E-18,0.789352217376327));
#5156=DIRECTION('center_axis',(0.789352217376326,9.95860234397862E-17,0.61394061351492));
#5157=DIRECTION('ref_axis',(0.61394061351492,4.05121496664454E-18,-0.789352217376326));
#5158=DIRECTION('',(-1.26161707343768E-16,1.,0.));
#5159=DIRECTION('',(-1.26161707343768E-16,1.,0.));
#5160=DIRECTION('center_axis',(-0.789352217376327,-9.95860234397863E-17,
0.61394061351492));
#5161=DIRECTION('ref_axis',(0.61394061351492,-6.95521433547716E-18,0.789352217376327));
#5162=DIRECTION('',(-1.26161707343768E-16,1.,0.));
#5163=DIRECTION('center_axis',(0.,0.,-1.));
#5164=DIRECTION('ref_axis',(-1.,0.,0.));
#5165=DIRECTION('center_axis',(-1.84336043730177E-16,-0.707106781186535,
-0.70710678118656));
#5166=DIRECTION('ref_axis',(-1.,0.,2.60690533077412E-16));
#5167=DIRECTION('',(0.,0.70710678118656,-0.707106781186535));
#5168=DIRECTION('',(0.,-0.70710678118656,0.707106781186535));
#5169=DIRECTION('',(1.,-2.60690533077421E-16,0.));
#5170=DIRECTION('center_axis',(-1.84336043730177E-16,-0.707106781186536,
0.707106781186559));
#5171=DIRECTION('ref_axis',(1.,0.,2.60690533077412E-16));
#5172=DIRECTION('',(0.,-0.707106781186559,-0.707106781186536));
#5173=DIRECTION('',(-1.,2.60690533077421E-16,0.));
#5174=DIRECTION('',(0.,0.707106781186559,0.707106781186536));
#5175=DIRECTION('center_axis',(0.,0.,-1.));
#5176=DIRECTION('ref_axis',(-1.,0.,0.));
#5177=DIRECTION('',(0.,1.,0.));
#5178=DIRECTION('',(1.,-2.60690533077421E-16,0.));
#5179=DIRECTION('',(0.,1.,0.));
#5180=DIRECTION('center_axis',(0.,1.,0.));
#5181=DIRECTION('ref_axis',(4.94347970800723E-32,0.,1.));
#5182=DIRECTION('',(0.,0.,1.));
#5183=DIRECTION('',(1.,0.,0.));
#5184=DIRECTION('',(0.173648177666964,0.,-0.984807753012202));
#5185=DIRECTION('',(1.,0.,0.));
#5186=DIRECTION('',(0.173648177666964,0.,-0.984807753012202));
#5187=DIRECTION('',(0.173648177666964,0.,-0.984807753012202));
#5188=DIRECTION('',(1.,0.,0.));
#5189=DIRECTION('',(1.,0.,0.));
#5190=DIRECTION('',(0.173648177666964,0.,-0.984807753012202));
#5191=DIRECTION('',(-1.,-2.18671245186501E-15,5.09966100091959E-30));
#5192=DIRECTION('',(0.173648177666964,0.,-0.984807753012202));
#5193=DIRECTION('',(1.,0.,0.));
#5194=DIRECTION('',(0.173648177666964,0.,-0.984807753012202));
#5195=DIRECTION('',(-1.,0.,0.));
#5196=DIRECTION('center_axis',(-0.984807753012202,0.,-0.173648177666964));
#5197=DIRECTION('ref_axis',(0.,1.,0.));
#5198=DIRECTION('',(-0.103610277632041,0.80248833400069,0.587603083860022));
#5199=DIRECTION('',(0.173648177666964,0.,-0.984807753012202));
#5200=DIRECTION('',(1.88728694338401E-15,-1.,2.08370303741965E-15));
#5201=DIRECTION('',(0.103610277632039,0.80248833400069,-0.587603083860022));
#5202=DIRECTION('',(0.173648177666964,0.,-0.984807753012202));
#5203=DIRECTION('',(-0.103610277632039,-0.80248833400069,0.587603083860022));
#5204=DIRECTION('',(0.103610277632041,-0.80248833400069,-0.587603083860022));
#5205=DIRECTION('',(0.173648177666964,0.,-0.984807753012202));
#5206=DIRECTION('center_axis',(-0.984807753012202,0.,-0.173648177666964));
#5207=DIRECTION('ref_axis',(0.,1.,0.));
#5208=DIRECTION('',(-0.103610277632041,-0.80248833400069,0.587603083860022));
#5209=DIRECTION('',(0.173648177666964,0.,-0.984807753012202));
#5210=DIRECTION('',(0.103610277632041,0.80248833400069,-0.587603083860022));
#5211=DIRECTION('',(2.25470000866535E-15,-1.,0.));
#5212=DIRECTION('',(-0.103610277632043,0.80248833400069,0.587603083860022));
#5213=DIRECTION('',(0.173648177666964,0.,-0.984807753012202));
#5214=DIRECTION('',(0.103610277632043,-0.80248833400069,-0.587603083860022));
#5215=DIRECTION('',(0.173648177666964,0.,-0.984807753012202));
#5216=DIRECTION('center_axis',(0.984807753012202,0.,0.173648177666964));
#5217=DIRECTION('ref_axis',(0.,-1.,0.));
#5218=DIRECTION('',(0.103610277632041,-0.80248833400069,-0.587603083860022));
#5219=DIRECTION('',(0.173648177666964,0.,-0.984807753012202));
#5220=DIRECTION('',(-0.103610277632041,0.80248833400069,0.587603083860022));
#5221=DIRECTION('',(0.103610277632039,0.80248833400069,-0.587603083860022));
#5222=DIRECTION('',(0.173648177666964,0.,-0.984807753012202));
#5223=DIRECTION('',(-0.103610277632039,-0.80248833400069,0.587603083860022));
#5224=DIRECTION('',(-1.88728694338401E-15,1.,-2.08370303741965E-15));
#5225=DIRECTION('',(0.173648177666964,0.,-0.984807753012202));
#5226=DIRECTION('center_axis',(0.,1.,0.));
#5227=DIRECTION('ref_axis',(0.984807753012202,0.,0.173648177666964));
#5228=DIRECTION('',(1.,0.,0.));
#5229=DIRECTION('',(-1.,0.,0.));
#5230=DIRECTION('center_axis',(0.984807753012202,0.,0.173648177666964));
#5231=DIRECTION('ref_axis',(0.,-1.,0.));
#5232=DIRECTION('',(0.103610277632041,0.80248833400069,-0.587603083860022));
#5233=DIRECTION('',(0.173648177666964,0.,-0.984807753012202));
#5234=DIRECTION('',(-0.103610277632043,0.80248833400069,0.587603083860022));
#5235=DIRECTION('',(0.173648177666964,0.,-0.984807753012202));
#5236=DIRECTION('',(0.103610277632043,-0.80248833400069,-0.587603083860022));
#5237=DIRECTION('',(-0.103610277632041,-0.80248833400069,0.587603083860022));
#5238=DIRECTION('',(0.173648177666964,0.,-0.984807753012202));
#5239=DIRECTION('center_axis',(0.,1.,0.));
#5240=DIRECTION('ref_axis',(0.984807753012202,0.,0.173648177666964));
#5241=DIRECTION('',(-1.,0.,0.));
#5242=DIRECTION('',(1.,0.,0.));
#5243=DIRECTION('center_axis',(1.91337339538188E-15,-1.,3.37379353775658E-16));
#5244=DIRECTION('ref_axis',(-0.984807753012202,-1.94289026414496E-15,-0.173648177666964));
#5245=DIRECTION('',(1.,1.91337339538188E-15,-1.4010223701285E-15));
#5246=DIRECTION('',(-1.,-1.91337339538188E-15,1.4010223701285E-15));
#5247=DIRECTION('center_axis',(1.91337339538188E-15,-1.,3.37379353775658E-16));
#5248=DIRECTION('ref_axis',(-0.984807753012202,-1.94289026414496E-15,-0.173648177666964));
#5249=DIRECTION('',(-1.,-1.91337339538188E-15,-1.4010223701285E-15));
#5250=DIRECTION('',(1.,1.91337339538188E-15,1.4010223701285E-15));
#5251=DIRECTION('center_axis',(0.,-1.,0.));
#5252=DIRECTION('ref_axis',(-3.47530880786606E-33,0.,-1.));
#5253=DIRECTION('',(1.,0.,0.));
#5254=DIRECTION('',(1.,0.,0.));
#5255=DIRECTION('',(1.,0.,0.));
#5256=DIRECTION('',(-0.173648177666964,0.,0.984807753012202));
#5257=DIRECTION('',(1.,0.,0.));
#5258=DIRECTION('',(1.,0.,-5.4320162300511E-31));
#5259=DIRECTION('center_axis',(0.,0.590782692811999,-0.806830719465864));
#5260=DIRECTION('ref_axis',(2.92052225375798E-32,0.806830719465864,0.590782692811998));
#5261=DIRECTION('',(0.103610277632042,-0.80248833400069,-0.587603083860022));
#5262=DIRECTION('',(1.,0.,0.));
#5263=DIRECTION('center_axis',(0.,-0.590782692811999,-0.806830719465864));
#5264=DIRECTION('ref_axis',(-2.05315229586437E-33,0.806830719465864,-0.590782692811998));
#5265=DIRECTION('',(-0.103610277632041,-0.80248833400069,0.587603083860022));
#5266=DIRECTION('',(1.,0.,0.));
#5267=DIRECTION('',(1.,0.,0.));
#5268=DIRECTION('center_axis',(0.,0.590782692811999,-0.806830719465864));
#5269=DIRECTION('ref_axis',(2.92052225375798E-32,0.806830719465864,0.590782692811998));
#5270=DIRECTION('',(1.,0.,0.));
#5271=DIRECTION('',(1.,0.,0.));
#5272=DIRECTION('',(0.103610277632042,-0.80248833400069,-0.587603083860022));
#5273=DIRECTION('center_axis',(0.,-0.590782692811999,0.806830719465864));
#5274=DIRECTION('ref_axis',(-2.92052225375798E-32,-0.806830719465864,-0.590782692811998));
#5275=DIRECTION('',(-0.103610277632042,0.80248833400069,0.587603083860022));
#5276=DIRECTION('',(1.,0.,0.));
#5277=DIRECTION('center_axis',(1.,0.,0.));
#5278=DIRECTION('ref_axis',(0.,0.,-1.));
#5279=DIRECTION('',(0.,1.,0.));
#5280=DIRECTION('',(0.,2.17881268582687E-15,1.));
#5281=DIRECTION('center_axis',(0.,0.,1.));
#5282=DIRECTION('ref_axis',(1.,0.,0.));
#5283=DIRECTION('',(-2.27738056333365E-16,1.,0.));
#5284=DIRECTION('',(0.,1.,0.));
#5285=DIRECTION('',(-1.,2.60690533077421E-16,0.));
#5286=DIRECTION('center_axis',(0.984807753012202,2.24278203533028E-16,0.173648177666964));
#5287=DIRECTION('ref_axis',(0.173648177666964,6.41593334795439E-32,-0.984807753012202));
#5288=DIRECTION('',(-3.6741306528134E-16,-1.,2.08370303741965E-15));
#5289=DIRECTION('',(2.27738056333365E-16,-1.,0.));
#5290=DIRECTION('',(-0.103610277632041,-0.80248833400069,0.587603083860022));
#5291=DIRECTION('center_axis',(0.984807753012202,2.24278203533028E-16,0.173648177666964));
#5292=DIRECTION('ref_axis',(0.173648177666964,0.,-0.984807753012202));
#5293=DIRECTION('',(-0.103610277632042,0.80248833400069,0.587603083860022));
#5294=DIRECTION('center_axis',(0.984807753012202,2.24278203533028E-16,0.173648177666964));
#5295=DIRECTION('ref_axis',(0.173648177666964,0.,-0.984807753012202));
#5296=DIRECTION('',(0.103610277632041,0.80248833400069,-0.587603083860022));
#5297=DIRECTION('center_axis',(0.984807753012202,2.24278203533028E-16,0.173648177666964));
#5298=DIRECTION('ref_axis',(0.173648177666964,0.,-0.984807753012202));
#5299=DIRECTION('',(0.103610277632041,0.80248833400069,-0.587603083860022));
#5300=DIRECTION('center_axis',(0.984807753012202,2.24278203533028E-16,0.173648177666964));
#5301=DIRECTION('ref_axis',(0.173648177666964,0.,-0.984807753012202));
#5302=DIRECTION('center_axis',(0.,0.,-1.));
#5303=DIRECTION('ref_axis',(-1.,0.,0.));
#5304=DIRECTION('',(0.,1.,0.));
#5305=DIRECTION('',(1.,-2.60690533077421E-16,0.));
#5306=DIRECTION('',(0.,1.,0.));
#5307=DIRECTION('center_axis',(-1.,0.,0.));
#5308=DIRECTION('ref_axis',(0.,0.,1.));
#5309=DIRECTION('',(0.,-2.17881268582687E-15,-1.));
#5310=DIRECTION('',(0.,1.,0.));
#5311=DIRECTION('',(0.,-2.17881268582687E-15,-1.));
#5312=DIRECTION('center_axis',(1.,0.,0.));
#5313=DIRECTION('ref_axis',(0.,0.,-1.));
#5314=DIRECTION('',(0.,1.,0.));
#5315=DIRECTION('',(0.,2.17881268582687E-15,1.));
#5316=DIRECTION('center_axis',(0.,0.,1.));
#5317=DIRECTION('ref_axis',(1.,0.,0.));
#5318=DIRECTION('',(-1.,2.60690533077421E-16,0.));
#5319=DIRECTION('center_axis',(-1.,0.,0.));
#5320=DIRECTION('ref_axis',(0.,0.,1.));
#5321=DIRECTION('',(0.,1.,0.));
#5322=DIRECTION('',(0.,1.,0.));
#5323=DIRECTION('center_axis',(-1.,0.,0.));
#5324=DIRECTION('ref_axis',(0.,0.,1.));
#5325=DIRECTION('',(0.,1.,0.));
#5326=DIRECTION('',(0.,-2.17881268582687E-15,-1.));
#5327=DIRECTION('',(0.,1.,0.));
#5328=DIRECTION('center_axis',(0.,0.,1.));
#5329=DIRECTION('ref_axis',(1.,0.,0.));
#5330=DIRECTION('',(0.,1.,0.));
#5331=DIRECTION('center_axis',(0.,0.,1.));
#5332=DIRECTION('ref_axis',(1.,0.,0.));
#5333=DIRECTION('',(-1.,2.60690533077421E-16,0.));
#5334=DIRECTION('',(0.,1.,0.));
#5335=DIRECTION('center_axis',(0.,0.,-1.));
#5336=DIRECTION('ref_axis',(-1.,0.,0.));
#5337=DIRECTION('',(0.,1.,0.));
#5338=DIRECTION('center_axis',(1.,0.,0.));
#5339=DIRECTION('ref_axis',(0.,0.,-1.));
#5340=DIRECTION('center_axis',(1.,0.,0.));
#5341=DIRECTION('ref_axis',(0.,0.,-1.));
#5342=DIRECTION('',(0.,2.17881268582687E-15,1.));
#5343=DIRECTION('',(0.,1.,0.));
#5344=DIRECTION('center_axis',(0.,0.,-1.));
#5345=DIRECTION('ref_axis',(-1.,0.,0.));
#5346=DIRECTION('',(1.,-2.60690533077421E-16,0.));
#5347=DIRECTION('center_axis',(0.,0.,1.));
#5348=DIRECTION('ref_axis',(1.,0.,0.));
#5349=DIRECTION('',(0.,1.,0.));
#5350=DIRECTION('',(0.,1.,0.));
#5351=DIRECTION('center_axis',(0.,0.,1.));
#5352=DIRECTION('ref_axis',(1.,0.,0.));
#5353=DIRECTION('',(0.,1.,0.));
#5354=DIRECTION('',(-1.,2.60690533077421E-16,0.));
#5355=DIRECTION('',(0.,1.,0.));
#5356=DIRECTION('center_axis',(1.,0.,0.));
#5357=DIRECTION('ref_axis',(0.,0.,-1.));
#5358=DIRECTION('',(0.,1.,0.));
#5359=DIRECTION('center_axis',(1.,0.,0.));
#5360=DIRECTION('ref_axis',(0.,0.,-1.));
#5361=DIRECTION('',(0.,2.17881268582687E-15,1.));
#5362=DIRECTION('',(0.,1.,0.));
#5363=DIRECTION('center_axis',(-1.,0.,0.));
#5364=DIRECTION('ref_axis',(0.,0.,1.));
#5365=DIRECTION('',(0.,1.,0.));
#5366=DIRECTION('center_axis',(0.,0.,-1.));
#5367=DIRECTION('ref_axis',(-1.,0.,0.));
#5368=DIRECTION('center_axis',(0.,0.,-1.));
#5369=DIRECTION('ref_axis',(-1.,0.,0.));
#5370=DIRECTION('',(1.,-2.60690533077421E-16,0.));
#5371=DIRECTION('',(0.,1.,0.));
#5372=DIRECTION('center_axis',(-1.,0.,0.));
#5373=DIRECTION('ref_axis',(0.,0.,1.));
#5374=DIRECTION('',(0.,-2.17881268582687E-15,-1.));
#5375=DIRECTION('center_axis',(0.,0.,1.));
#5376=DIRECTION('ref_axis',(-3.36527472078537E-32,-1.,0.));
#5377=DIRECTION('center_axis',(1.,0.,0.));
#5378=DIRECTION('ref_axis',(0.,-1.,0.));
#5379=DIRECTION('center_axis',(0.,0.590782692811999,0.806830719465864));
#5380=DIRECTION('ref_axis',(2.05315229586437E-33,-0.806830719465864,0.590782692811998));
#5381=DIRECTION('',(1.,0.,0.));
#5382=DIRECTION('center_axis',(1.,0.,0.));
#5383=DIRECTION('ref_axis',(0.,-1.,0.));
#5384=DIRECTION('center_axis',(1.,0.,0.));
#5385=DIRECTION('ref_axis',(0.,-1.,0.));
#5386=DIRECTION('',(1.,0.,0.));
#5387=DIRECTION('',(1.,0.,0.));
#5388=DIRECTION('center_axis',(0.,0.590782692811999,0.806830719465864));
#5389=DIRECTION('ref_axis',(2.05315229586437E-33,-0.806830719465864,0.590782692811998));
#5390=DIRECTION('center_axis',(0.,-0.590782692811999,0.806830719465864));
#5391=DIRECTION('ref_axis',(-2.92052225375798E-32,-0.806830719465864,-0.590782692811998));
#5392=DIRECTION('center_axis',(1.,0.,0.));
#5393=DIRECTION('ref_axis',(0.,1.,3.67517835871524E-15));
#5394=DIRECTION('',(1.,0.,0.));
#5395=DIRECTION('center_axis',(0.,-0.590782692811999,-0.806830719465864));
#5396=DIRECTION('ref_axis',(-2.05315229586437E-33,0.806830719465864,-0.590782692811998));
#5397=DIRECTION('center_axis',(-5.4320162300511E-31,-2.08370303741965E-15,
-1.));
#5398=DIRECTION('ref_axis',(-1.,2.60690517434665E-16,0.));
#5399=DIRECTION('center_axis',(1.,-2.77555756156289E-16,3.6746196076174E-32));
#5400=DIRECTION('ref_axis',(5.67995806461418E-31,2.17881268582687E-15,1.));
#5401=DIRECTION('',(-2.52323414687532E-16,-1.,0.));
#5402=DIRECTION('',(-1.85037170770859E-16,-1.,2.96059473233375E-15));
#5403=DIRECTION('center_axis',(-5.21381034869327E-16,-1.,5.77315972805082E-15));
#5404=DIRECTION('ref_axis',(1.,-5.21381034869328E-16,-1.94288995018245E-16));
#5405=DIRECTION('center_axis',(2.60690509613284E-16,1.,-4.13558076672872E-15));
#5406=DIRECTION('ref_axis',(1.,-5.21381034869328E-16,-1.94288995018245E-16));
#5407=DIRECTION('',(-5.21381034869327E-16,-1.,5.77315972805081E-15));
#5408=DIRECTION('center_axis',(-2.60690509613284E-16,-1.,4.13558076672872E-15));
#5409=DIRECTION('ref_axis',(1.,-5.21381034869328E-16,-1.94288995018245E-16));
#5410=DIRECTION('center_axis',(-5.21381034869327E-16,-1.,5.77315972805082E-15));
#5411=DIRECTION('ref_axis',(1.,-5.21381034869328E-16,-1.94288995018245E-16));
#5412=DIRECTION('center_axis',(2.60690509613284E-16,1.,-4.13558076672872E-15));
#5413=DIRECTION('ref_axis',(1.,-5.21381034869328E-16,-1.94288995018245E-16));
#5414=DIRECTION('',(-5.21381034869327E-16,-1.,5.77315972805081E-15));
#5415=DIRECTION('center_axis',(-2.60690509613284E-16,-1.,4.13558076672872E-15));
#5416=DIRECTION('ref_axis',(1.,-5.21381034869328E-16,-1.94288995018245E-16));
#5417=DIRECTION('center_axis',(-5.21381034869327E-16,-1.,5.77315972805082E-15));
#5418=DIRECTION('ref_axis',(1.,-5.21381034869328E-16,-1.94288995018245E-16));
#5419=DIRECTION('center_axis',(2.60690509613284E-16,1.,-4.13558076672872E-15));
#5420=DIRECTION('ref_axis',(1.,-5.21381034869328E-16,-1.94288995018245E-16));
#5421=DIRECTION('',(-5.21381034869327E-16,-1.,5.77315972805082E-15));
#5422=DIRECTION('center_axis',(-2.60690509613284E-16,-1.,4.13558076672872E-15));
#5423=DIRECTION('ref_axis',(1.,-5.21381034869328E-16,-1.94288995018245E-16));
#5424=DIRECTION('center_axis',(-5.21381034869327E-16,-1.,5.77315972805082E-15));
#5425=DIRECTION('ref_axis',(1.,-5.21381034869328E-16,-1.94288995018245E-16));
#5426=DIRECTION('center_axis',(2.60690509613284E-16,1.,-4.13558076672872E-15));
#5427=DIRECTION('ref_axis',(1.,-5.21381034869328E-16,-1.94288995018245E-16));
#5428=DIRECTION('',(-5.21381034869327E-16,-1.,5.77315972805082E-15));
#5429=DIRECTION('center_axis',(-2.60690509613284E-16,-1.,4.13558076672872E-15));
#5430=DIRECTION('ref_axis',(1.,-5.21381034869328E-16,-1.94288995018245E-16));
#5431=DIRECTION('center_axis',(-2.60690509613284E-16,-1.,4.13558076672872E-15));
#5432=DIRECTION('ref_axis',(1.,-2.60690509613285E-16,-1.94288995018246E-16));
#5433=DIRECTION('center_axis',(2.60690509613284E-16,1.,-4.13558076672872E-15));
#5434=DIRECTION('ref_axis',(1.,-2.60690509613285E-16,-1.94288995018246E-16));
#5435=DIRECTION('center_axis',(-2.60690509613284E-16,-1.,4.13558076672872E-15));
#5436=DIRECTION('ref_axis',(1.,-2.60690509613285E-16,-1.94288995018246E-16));
#5437=DIRECTION('center_axis',(2.60690509613284E-16,1.,-4.13558076672872E-15));
#5438=DIRECTION('ref_axis',(1.,-2.60690509613285E-16,-1.94288995018246E-16));
#5439=DIRECTION('center_axis',(-2.60690509613284E-16,-1.,4.13558076672872E-15));
#5440=DIRECTION('ref_axis',(1.,-2.60690509613285E-16,-1.94288995018246E-16));
#5441=DIRECTION('center_axis',(2.60690509613284E-16,1.,-4.13558076672872E-15));
#5442=DIRECTION('ref_axis',(1.,-2.60690509613285E-16,-1.94288995018246E-16));
#5443=DIRECTION('center_axis',(-2.60690509613284E-16,-1.,4.13558076672872E-15));
#5444=DIRECTION('ref_axis',(1.,-2.60690509613285E-16,-1.94288995018246E-16));
#5445=DIRECTION('center_axis',(2.60690509613284E-16,1.,-4.13558076672872E-15));
#5446=DIRECTION('ref_axis',(1.,-2.60690509613285E-16,-1.94288995018246E-16));
#5447=DIRECTION('center_axis',(-3.36343864098468E-16,-1.,5.77315972805082E-15));
#5448=DIRECTION('ref_axis',(1.,-3.36343864098469E-16,-1.94288995018246E-16));
#5449=DIRECTION('',(-3.36343864098468E-16,-1.,5.77315972805082E-15));
#5450=DIRECTION('center_axis',(2.60690509613284E-16,1.,-4.13558076672872E-15));
#5451=DIRECTION('ref_axis',(1.,-2.60690509613285E-16,-1.94288995018246E-16));
#5452=DIRECTION('center_axis',(-3.36343864098468E-16,-1.,5.77315972805082E-15));
#5453=DIRECTION('ref_axis',(1.,-3.36343864098469E-16,-1.94288995018246E-16));
#5454=DIRECTION('',(-3.36343864098468E-16,-1.,5.77315972805082E-15));
#5455=DIRECTION('center_axis',(2.60690509613284E-16,1.,-4.13558076672872E-15));
#5456=DIRECTION('ref_axis',(1.,-2.60690509613285E-16,-1.94288995018246E-16));
#5457=DIRECTION('center_axis',(-3.36343864098468E-16,-1.,5.77315972805082E-15));
#5458=DIRECTION('ref_axis',(1.,-3.36343864098469E-16,-1.94288995018246E-16));
#5459=DIRECTION('',(-3.36343864098468E-16,-1.,5.77315972805082E-15));
#5460=DIRECTION('center_axis',(2.60690509613284E-16,1.,-4.13558076672872E-15));
#5461=DIRECTION('ref_axis',(1.,-2.60690509613285E-16,-1.94288995018246E-16));
#5462=DIRECTION('center_axis',(-3.36343864098468E-16,-1.,5.77315972805082E-15));
#5463=DIRECTION('ref_axis',(1.,-3.36343864098469E-16,-1.94288995018246E-16));
#5464=DIRECTION('center_axis',(2.60690509613284E-16,1.,-4.13558076672872E-15));
#5465=DIRECTION('ref_axis',(1.,-5.21381034869328E-16,-1.94288995018245E-16));
#5466=DIRECTION('',(-3.36343864098468E-16,-1.,5.77315972805081E-15));
#5467=DIRECTION('center_axis',(2.60690509613284E-16,1.,-4.13558076672872E-15));
#5468=DIRECTION('ref_axis',(1.,-2.60690509613285E-16,-1.94288995018246E-16));
#5469=DIRECTION('center_axis',(-3.36343864098468E-16,-1.,5.77315972805082E-15));
#5470=DIRECTION('ref_axis',(1.,-3.36343864098469E-16,-1.94288995018246E-16));
#5471=DIRECTION('',(-3.36343864098468E-16,-1.,5.77315972805082E-15));
#5472=DIRECTION('center_axis',(2.60690509613284E-16,1.,-4.13558076672872E-15));
#5473=DIRECTION('ref_axis',(1.,-2.60690509613285E-16,-1.94288995018246E-16));
#5474=DIRECTION('center_axis',(-3.36343864098468E-16,-1.,5.77315972805082E-15));
#5475=DIRECTION('ref_axis',(1.,-3.36343864098469E-16,-1.94288995018246E-16));
#5476=DIRECTION('',(-3.36343864098468E-16,-1.,5.77315972805081E-15));
#5477=DIRECTION('center_axis',(-2.60690509613284E-16,-1.,4.13558076672872E-15));
#5478=DIRECTION('ref_axis',(1.,-2.60690509613285E-16,-1.94288995018246E-16));
#5479=DIRECTION('',(2.69057620181796E-16,1.,-5.77315972805081E-15));
#5480=DIRECTION('center_axis',(-2.60690509613284E-16,-1.,4.13558076672872E-15));
#5481=DIRECTION('ref_axis',(1.,-5.21381034869328E-16,-1.94288995018245E-16));
#5482=DIRECTION('center_axis',(-2.60690509613284E-16,-1.,4.13558076672872E-15));
#5483=DIRECTION('ref_axis',(1.,-2.60690509613285E-16,-1.94288995018246E-16));
#5484=DIRECTION('center_axis',(0.,-1.,0.));
#5485=DIRECTION('ref_axis',(1.,0.,-1.94288995018246E-16));
#5486=DIRECTION('',(0.,1.,0.));
#5487=DIRECTION('center_axis',(-2.60690525256043E-16,-1.,1.6375789613221E-15));
#5488=DIRECTION('ref_axis',(1.,0.,-1.94288995018246E-16));
#5489=DIRECTION('center_axis',(0.,-1.,0.));
#5490=DIRECTION('ref_axis',(1.,0.,-1.94288995018246E-16));
#5491=DIRECTION('',(0.,1.,0.));
#5492=DIRECTION('center_axis',(-2.60690525256043E-16,-1.,1.6375789613221E-15));
#5493=DIRECTION('ref_axis',(1.,0.,-1.94288995018246E-16));
#5494=DIRECTION('center_axis',(0.,-1.,0.));
#5495=DIRECTION('ref_axis',(1.,0.,-1.94288995018246E-16));
#5496=DIRECTION('',(0.,1.,0.));
#5497=DIRECTION('center_axis',(-2.60690525256043E-16,-1.,1.6375789613221E-15));
#5498=DIRECTION('ref_axis',(1.,0.,-1.94288995018246E-16));
#5499=DIRECTION('center_axis',(0.,-1.,0.));
#5500=DIRECTION('ref_axis',(1.,0.,-1.94288995018246E-16));
#5501=DIRECTION('',(0.,1.,0.));
#5502=DIRECTION('center_axis',(-2.60690525256043E-16,-1.,1.6375789613221E-15));
#5503=DIRECTION('ref_axis',(1.,0.,-1.94288995018246E-16));
#5504=DIRECTION('center_axis',(-2.60690525256043E-16,-1.,1.6375789613221E-15));
#5505=DIRECTION('ref_axis',(1.,-2.60690525256044E-16,-1.94288995018246E-16));
#5506=DIRECTION('center_axis',(2.60690525256043E-16,1.,-1.6375789613221E-15));
#5507=DIRECTION('ref_axis',(1.,-2.60690525256044E-16,-1.94288995018246E-16));
#5508=DIRECTION('center_axis',(-2.60690525256043E-16,-1.,1.6375789613221E-15));
#5509=DIRECTION('ref_axis',(1.,-2.60690525256044E-16,-1.94288995018246E-16));
#5510=DIRECTION('center_axis',(2.60690525256043E-16,1.,-1.6375789613221E-15));
#5511=DIRECTION('ref_axis',(1.,-2.60690525256044E-16,-1.94288995018246E-16));
#5512=DIRECTION('center_axis',(-2.60690525256043E-16,-1.,1.6375789613221E-15));
#5513=DIRECTION('ref_axis',(1.,-2.60690525256044E-16,-1.94288995018246E-16));
#5514=DIRECTION('center_axis',(2.60690525256043E-16,1.,-1.6375789613221E-15));
#5515=DIRECTION('ref_axis',(1.,-2.60690525256044E-16,-1.94288995018246E-16));
#5516=DIRECTION('center_axis',(-2.60690525256043E-16,-1.,1.6375789613221E-15));
#5517=DIRECTION('ref_axis',(1.,-2.60690525256044E-16,-1.94288995018246E-16));
#5518=DIRECTION('center_axis',(2.60690525256043E-16,1.,-1.6375789613221E-15));
#5519=DIRECTION('ref_axis',(1.,-2.60690525256044E-16,-1.94288995018246E-16));
#5520=DIRECTION('center_axis',(-1.85037170770859E-16,-1.,0.));
#5521=DIRECTION('ref_axis',(1.,-1.85037170770859E-16,-1.94288995018246E-16));
#5522=DIRECTION('',(1.85037170770859E-16,1.,0.));
#5523=DIRECTION('center_axis',(2.60690525256043E-16,1.,-1.6375789613221E-15));
#5524=DIRECTION('ref_axis',(1.,-2.60690525256044E-16,-1.94288995018246E-16));
#5525=DIRECTION('center_axis',(-1.85037170770859E-16,-1.,0.));
#5526=DIRECTION('ref_axis',(1.,-1.85037170770859E-16,-1.94288995018246E-16));
#5527=DIRECTION('',(1.85037170770859E-16,1.,0.));
#5528=DIRECTION('center_axis',(2.60690525256043E-16,1.,-1.6375789613221E-15));
#5529=DIRECTION('ref_axis',(1.,-2.60690525256044E-16,-1.94288995018246E-16));
#5530=DIRECTION('center_axis',(-1.85037170770859E-16,-1.,0.));
#5531=DIRECTION('ref_axis',(1.,-1.85037170770859E-16,-1.94288995018246E-16));
#5532=DIRECTION('',(1.85037170770859E-16,1.,0.));
#5533=DIRECTION('center_axis',(2.60690525256043E-16,1.,-1.6375789613221E-15));
#5534=DIRECTION('ref_axis',(1.,-2.60690525256044E-16,-1.94288995018246E-16));
#5535=DIRECTION('center_axis',(-1.85037170770859E-16,-1.,0.));
#5536=DIRECTION('ref_axis',(1.,-1.85037170770859E-16,-1.94288995018246E-16));
#5537=DIRECTION('',(1.85037170770859E-16,1.,0.));
#5538=DIRECTION('center_axis',(2.60690525256043E-16,1.,-1.6375789613221E-15));
#5539=DIRECTION('ref_axis',(1.,-2.60690525256044E-16,-1.94288995018246E-16));
#5540=DIRECTION('center_axis',(-1.85037170770859E-16,-1.,0.));
#5541=DIRECTION('ref_axis',(1.,-1.85037170770859E-16,-1.94288995018246E-16));
#5542=DIRECTION('',(1.85037170770859E-16,1.,0.));
#5543=DIRECTION('center_axis',(2.60690525256043E-16,1.,-1.6375789613221E-15));
#5544=DIRECTION('ref_axis',(1.,-2.60690525256044E-16,-1.94288995018246E-16));
#5545=DIRECTION('center_axis',(-1.85037170770859E-16,-1.,0.));
#5546=DIRECTION('ref_axis',(1.,-1.85037170770859E-16,-1.94288995018246E-16));
#5547=DIRECTION('',(1.85037170770859E-16,1.,0.));
#5548=DIRECTION('center_axis',(-2.60690525256043E-16,-1.,1.6375789613221E-15));
#5549=DIRECTION('ref_axis',(1.,-2.60690525256044E-16,-1.94288995018246E-16));
#5550=DIRECTION('center_axis',(-2.60690525256043E-16,-1.,1.6375789613221E-15));
#5551=DIRECTION('ref_axis',(1.,-2.60690525256044E-16,-1.94288995018246E-16));
#5552=DIRECTION('center_axis',(-3.36343879741226E-16,-1.,1.39703063931999E-15));
#5553=DIRECTION('ref_axis',(1.,-3.36343879741226E-16,1.05690077339068E-31));
#5554=DIRECTION('center_axis',(-2.60690533077421E-16,-1.,2.17881268582687E-15));
#5555=DIRECTION('ref_axis',(1.,-1.84949830928705E-16,-1.26197276899525E-31));
#5556=DIRECTION('',(3.36343879741226E-16,1.,-1.39703063931999E-15));
#5557=DIRECTION('',(-3.36343879741226E-16,-1.,1.39703063931999E-15));
#5558=DIRECTION('center_axis',(-2.60690533077421E-16,-1.,2.17881268582687E-15));
#5559=DIRECTION('ref_axis',(1.,-2.60690533077421E-16,3.40826354292796E-38));
#5560=DIRECTION('center_axis',(-2.43825294355796E-16,-1.,4.35762537165374E-15));
#5561=DIRECTION('ref_axis',(1.,-2.43825294355796E-16,1.30359936298239E-31));
#5562=DIRECTION('center_axis',(2.60690533077421E-16,1.,-2.17881268582687E-15));
#5563=DIRECTION('ref_axis',(1.,-1.84949830928705E-16,-1.26197276899525E-31));
#5564=DIRECTION('',(-2.43825294355796E-16,-1.,4.35762537165374E-15));
#5565=DIRECTION('center_axis',(-2.60690533077421E-16,-1.,2.17881268582687E-15));
#5566=DIRECTION('ref_axis',(1.,-2.43825294355796E-16,1.30359936298239E-31));
#5567=DIRECTION('center_axis',(-2.43825294355796E-16,-1.,4.35762537165374E-15));
#5568=DIRECTION('ref_axis',(1.,-2.43825294355796E-16,1.30359936298239E-31));
#5569=DIRECTION('center_axis',(2.60690533077421E-16,1.,-2.17881268582687E-15));
#5570=DIRECTION('ref_axis',(1.,-1.84949830928705E-16,-1.26197276899525E-31));
#5571=DIRECTION('',(-2.43825294355796E-16,-1.,4.35762537165374E-15));
#5572=DIRECTION('center_axis',(-2.60690533077421E-16,-1.,2.17881268582687E-15));
#5573=DIRECTION('ref_axis',(1.,-2.43825294355796E-16,1.30359936298239E-31));
#5574=DIRECTION('center_axis',(-2.43825294355796E-16,-1.,4.35762537165374E-15));
#5575=DIRECTION('ref_axis',(1.,-2.43825294355796E-16,1.30359936298239E-31));
#5576=DIRECTION('center_axis',(2.60690533077421E-16,1.,-2.17881268582687E-15));
#5577=DIRECTION('ref_axis',(1.,-1.84949830928705E-16,-1.26197276899525E-31));
#5578=DIRECTION('',(-2.43825294355796E-16,-1.,4.35762537165374E-15));
#5579=DIRECTION('center_axis',(-2.60690533077421E-16,-1.,2.17881268582687E-15));
#5580=DIRECTION('ref_axis',(1.,-2.43825294355796E-16,1.30359936298239E-31));
#5581=DIRECTION('center_axis',(-2.43825294355796E-16,-1.,4.35762537165374E-15));
#5582=DIRECTION('ref_axis',(1.,-2.43825294355796E-16,1.30359936298239E-31));
#5583=DIRECTION('center_axis',(2.60690533077421E-16,1.,-2.17881268582687E-15));
#5584=DIRECTION('ref_axis',(1.,-1.84949830928705E-16,-1.26197276899525E-31));
#5585=DIRECTION('',(-2.43825294355796E-16,-1.,4.35762537165374E-15));
#5586=DIRECTION('center_axis',(-2.60690533077421E-16,-1.,2.17881268582687E-15));
#5587=DIRECTION('ref_axis',(1.,-2.43825294355796E-16,1.30359936298239E-31));
#5588=DIRECTION('center_axis',(-2.60690533077421E-16,-1.,2.17881268582687E-15));
#5589=DIRECTION('ref_axis',(0.,-2.17881268582687E-15,-1.));
#5590=DIRECTION('',(5.67995806461418E-31,2.17881268582687E-15,1.));
#5591=DIRECTION('center_axis',(2.60690533077421E-16,1.,-2.17881268582687E-15));
#5592=DIRECTION('ref_axis',(1.,-1.84949830928705E-16,-1.26197276899525E-31));
#5593=DIRECTION('center_axis',(-2.60690533077421E-16,-1.,2.17881268582687E-15));
#5594=DIRECTION('ref_axis',(1.,-2.60690533077421E-16,3.40826355849795E-38));
#5595=DIRECTION('center_axis',(2.60690533077421E-16,1.,-2.17881268582687E-15));
#5596=DIRECTION('ref_axis',(1.,-2.60690533077421E-16,3.40826356451915E-38));
#5597=DIRECTION('center_axis',(-2.60690533077421E-16,-1.,2.17881268582687E-15));
#5598=DIRECTION('ref_axis',(1.,-2.60690533077421E-16,3.40826355849795E-38));
#5599=DIRECTION('center_axis',(2.60690533077421E-16,1.,-2.17881268582687E-15));
#5600=DIRECTION('ref_axis',(1.,-2.60690533077421E-16,3.40826355083457E-38));
#5601=DIRECTION('center_axis',(-2.60690533077421E-16,-1.,2.17881268582687E-15));
#5602=DIRECTION('ref_axis',(1.,-2.60690533077421E-16,3.40826355849795E-38));
#5603=DIRECTION('center_axis',(2.60690533077421E-16,1.,-2.17881268582687E-15));
#5604=DIRECTION('ref_axis',(1.,-2.60690533077421E-16,3.40826356451916E-38));
#5605=DIRECTION('center_axis',(-2.60690533077421E-16,-1.,2.17881268582687E-15));
#5606=DIRECTION('ref_axis',(1.,-2.60690533077421E-16,3.40826355849795E-38));
#5607=DIRECTION('center_axis',(2.60690533077421E-16,1.,-2.17881268582687E-15));
#5608=DIRECTION('ref_axis',(1.,-2.60690533077421E-16,3.40826355083459E-38));
#5609=DIRECTION('center_axis',(-3.36343879741226E-16,-1.,1.39703063931999E-15));
#5610=DIRECTION('ref_axis',(1.,-3.36343879741226E-16,1.05690077339068E-31));
#5611=DIRECTION('',(-3.36343879741226E-16,-1.,1.39703063931999E-15));
#5612=DIRECTION('center_axis',(2.60690533077421E-16,1.,-2.17881268582687E-15));
#5613=DIRECTION('ref_axis',(1.,-2.60690533077421E-16,3.40826355083457E-38));
#5614=DIRECTION('center_axis',(-3.36343879741226E-16,-1.,1.39703063931999E-15));
#5615=DIRECTION('ref_axis',(1.,-3.36343879741226E-16,1.05690077339068E-31));
#5616=DIRECTION('',(-3.36343879741226E-16,-1.,1.39703063931999E-15));
#5617=DIRECTION('center_axis',(2.60690533077421E-16,1.,-2.17881268582687E-15));
#5618=DIRECTION('ref_axis',(1.,-2.60690533077421E-16,3.40826356451915E-38));
#5619=DIRECTION('center_axis',(-3.36343879741226E-16,-1.,1.39703063931999E-15));
#5620=DIRECTION('ref_axis',(1.,-3.36343879741226E-16,1.05690077339068E-31));
#5621=DIRECTION('',(-3.36343879741226E-16,-1.,1.39703063931999E-15));
#5622=DIRECTION('center_axis',(2.60690533077421E-16,1.,-2.17881268582687E-15));
#5623=DIRECTION('ref_axis',(1.,-2.60690533077421E-16,3.40826355083459E-38));
#5624=DIRECTION('center_axis',(-3.36343879741226E-16,-1.,1.39703063931999E-15));
#5625=DIRECTION('ref_axis',(1.,-3.36343879741226E-16,1.05690077339068E-31));
#5626=DIRECTION('',(-3.36343879741226E-16,-1.,1.39703063931999E-15));
#5627=DIRECTION('center_axis',(2.60690533077421E-16,1.,-2.17881268582687E-15));
#5628=DIRECTION('ref_axis',(1.,-2.60690533077421E-16,3.4082635526592E-38));
#5629=DIRECTION('center_axis',(-3.36343879741226E-16,-1.,1.39703063931999E-15));
#5630=DIRECTION('ref_axis',(1.,-3.36343879741226E-16,1.05690077339068E-31));
#5631=DIRECTION('',(-3.36343879741226E-16,-1.,1.39703063931999E-15));
#5632=DIRECTION('center_axis',(2.60690533077421E-16,1.,-2.17881268582687E-15));
#5633=DIRECTION('ref_axis',(1.,-2.60690533077421E-16,3.40826356451916E-38));
#5634=DIRECTION('center_axis',(-2.60690533077421E-16,-1.,2.17881268582687E-15));
#5635=DIRECTION('ref_axis',(1.,-2.60690533077421E-16,3.40826355849795E-38));
#5636=DIRECTION('center_axis',(-1.85037170770859E-16,-1.,2.96059473233375E-15));
#5637=DIRECTION('ref_axis',(1.,-1.85037170770859E-16,-2.23978899616281E-31));
#5638=DIRECTION('',(1.85037170770859E-16,1.,-2.96059473233375E-15));
#5639=DIRECTION('center_axis',(-2.60690517434665E-16,-1.,2.17881268582687E-15));
#5640=DIRECTION('ref_axis',(1.,-2.60690517434665E-16,0.));
#5641=DIRECTION('center_axis',(-2.77555756156289E-16,-1.,0.));
#5642=DIRECTION('ref_axis',(1.,-2.77555756156289E-16,2.03852294367951E-31));
#5643=DIRECTION('',(2.77555756156289E-16,1.,0.));
#5644=DIRECTION('center_axis',(-2.60690517434665E-16,-1.,2.17881268582687E-15));
#5645=DIRECTION('ref_axis',(1.,-2.77555756156289E-16,2.03852294367951E-31));
#5646=DIRECTION('center_axis',(-2.77555756156289E-16,-1.,0.));
#5647=DIRECTION('ref_axis',(1.,-2.77555756156289E-16,2.03852294367951E-31));
#5648=DIRECTION('',(2.77555756156289E-16,1.,0.));
#5649=DIRECTION('center_axis',(-2.60690517434665E-16,-1.,2.17881268582687E-15));
#5650=DIRECTION('ref_axis',(1.,-2.77555756156289E-16,2.03852294367951E-31));
#5651=DIRECTION('center_axis',(-2.77555756156289E-16,-1.,0.));
#5652=DIRECTION('ref_axis',(1.,-2.77555756156289E-16,2.03852294367951E-31));
#5653=DIRECTION('',(2.77555756156289E-16,1.,0.));
#5654=DIRECTION('center_axis',(-2.60690517434665E-16,-1.,2.17881268582687E-15));
#5655=DIRECTION('ref_axis',(1.,-2.77555756156289E-16,2.03852294367951E-31));
#5656=DIRECTION('center_axis',(-2.77555756156289E-16,-1.,0.));
#5657=DIRECTION('ref_axis',(1.,-2.77555756156289E-16,2.03852294367951E-31));
#5658=DIRECTION('',(2.77555756156289E-16,1.,0.));
#5659=DIRECTION('center_axis',(-2.60690517434665E-16,-1.,2.17881268582687E-15));
#5660=DIRECTION('ref_axis',(1.,-2.77555756156289E-16,2.03852294367951E-31));
#5661=DIRECTION('center_axis',(1.,-2.77555756156289E-16,3.6746196076174E-32));
#5662=DIRECTION('ref_axis',(5.67995806461418E-31,2.17881268582687E-15,1.));
#5663=DIRECTION('center_axis',(-2.60690517434665E-16,-1.,2.17881268582687E-15));
#5664=DIRECTION('ref_axis',(1.,-2.60690517434665E-16,0.));
#5665=DIRECTION('center_axis',(2.60690517434665E-16,1.,-2.17881268582687E-15));
#5666=DIRECTION('ref_axis',(1.,-2.60690517434665E-16,0.));
#5667=DIRECTION('center_axis',(-2.60690517434665E-16,-1.,2.17881268582687E-15));
#5668=DIRECTION('ref_axis',(1.,-2.60690517434665E-16,0.));
#5669=DIRECTION('center_axis',(2.60690517434665E-16,1.,-2.17881268582687E-15));
#5670=DIRECTION('ref_axis',(1.,-2.60690517434665E-16,0.));
#5671=DIRECTION('center_axis',(-2.60690517434665E-16,-1.,2.17881268582687E-15));
#5672=DIRECTION('ref_axis',(1.,-2.60690517434665E-16,0.));
#5673=DIRECTION('center_axis',(2.60690517434665E-16,1.,-2.17881268582687E-15));
#5674=DIRECTION('ref_axis',(1.,-2.60690517434665E-16,0.));
#5675=DIRECTION('center_axis',(-2.60690517434665E-16,-1.,2.17881268582687E-15));
#5676=DIRECTION('ref_axis',(1.,-2.60690517434665E-16,0.));
#5677=DIRECTION('center_axis',(2.60690517434665E-16,1.,-2.17881268582687E-15));
#5678=DIRECTION('ref_axis',(1.,-2.60690517434665E-16,0.));
#5679=DIRECTION('center_axis',(-1.85037170770859E-16,-1.,2.96059473233375E-15));
#5680=DIRECTION('ref_axis',(1.,-1.85037170770859E-16,-2.23978899616281E-31));
#5681=DIRECTION('',(1.85037170770859E-16,1.,-2.96059473233375E-15));
#5682=DIRECTION('center_axis',(2.60690517434665E-16,1.,-2.17881268582687E-15));
#5683=DIRECTION('ref_axis',(1.,-2.60690517434665E-16,0.));
#5684=DIRECTION('center_axis',(-1.85037170770859E-16,-1.,2.96059473233375E-15));
#5685=DIRECTION('ref_axis',(1.,-1.85037170770859E-16,-2.23978899616281E-31));
#5686=DIRECTION('',(1.85037170770859E-16,1.,-2.96059473233375E-15));
#5687=DIRECTION('center_axis',(2.60690517434665E-16,1.,-2.17881268582687E-15));
#5688=DIRECTION('ref_axis',(1.,-2.60690517434665E-16,0.));
#5689=DIRECTION('center_axis',(-1.85037170770859E-16,-1.,2.96059473233375E-15));
#5690=DIRECTION('ref_axis',(1.,-1.85037170770859E-16,-2.23978899616281E-31));
#5691=DIRECTION('',(1.85037170770859E-16,1.,-2.96059473233375E-15));
#5692=DIRECTION('center_axis',(2.60690517434665E-16,1.,-2.17881268582687E-15));
#5693=DIRECTION('ref_axis',(1.,-2.60690517434665E-16,0.));
#5694=DIRECTION('center_axis',(-1.85037170770859E-16,-1.,2.96059473233375E-15));
#5695=DIRECTION('ref_axis',(1.,-1.85037170770859E-16,-2.23978899616281E-31));
#5696=DIRECTION('',(1.85037170770859E-16,1.,-2.96059473233375E-15));
#5697=DIRECTION('center_axis',(2.60690517434665E-16,1.,-2.17881268582687E-15));
#5698=DIRECTION('ref_axis',(1.,-2.60690517434665E-16,0.));
#5699=DIRECTION('center_axis',(-1.85037170770859E-16,-1.,2.96059473233375E-15));
#5700=DIRECTION('ref_axis',(1.,-1.85037170770859E-16,-2.23978899616281E-31));
#5701=DIRECTION('',(1.85037170770859E-16,1.,-2.96059473233375E-15));
#5702=DIRECTION('center_axis',(2.60690517434665E-16,1.,-2.17881268582687E-15));
#5703=DIRECTION('ref_axis',(1.,-2.60690517434665E-16,0.));
#5704=DIRECTION('center_axis',(-2.60690517434665E-16,-1.,2.17881268582687E-15));
#5705=DIRECTION('ref_axis',(1.,-2.60690517434665E-16,0.));
#5706=CARTESIAN_POINT('',(0.,0.,0.));
#5707=CARTESIAN_POINT('Origin',(-12.7899999999998,-11.1458641904486,94.2999999999999));
#5708=CARTESIAN_POINT('',(-1.80651295862249,11.1458641904485,94.2999999999999));
#5709=CARTESIAN_POINT('',(-1.80651295862246,-11.1458641904486,94.2999999999999));
#5710=CARTESIAN_POINT('',(-1.80651295862246,-6.82293209522422,94.2999999999999));
#5711=CARTESIAN_POINT('',(0.732053571091931,-11.1458641904486,94.2999999999999));
#5712=CARTESIAN_POINT('',(-12.7899999999998,-11.1458641904486,94.2999999999999));
#5713=CARTESIAN_POINT('',(0.732053571091926,11.1458641904485,94.2999999999999));
#5714=CARTESIAN_POINT('',(0.732053571091932,-15.3229320952243,94.2999999999999));
#5715=CARTESIAN_POINT('',(-12.7899999999998,11.1458641904485,94.2999999999999));
#5716=CARTESIAN_POINT('Origin',(-12.7899999999998,-11.1458641904486,94.2999999999999));
#5717=CARTESIAN_POINT('',(-5.8682194666849,-11.1458641904486,94.2999999999999));
#5718=CARTESIAN_POINT('',(-5.86821946668492,11.1458641904485,94.2999999999999));
#5719=CARTESIAN_POINT('',(-5.86821946668489,-4.32293209522421,94.2999999999999));
#5720=CARTESIAN_POINT('',(-12.7899999999998,11.1458641904485,94.2999999999999));
#5721=CARTESIAN_POINT('',(-12.7899999999998,11.1458641904485,94.2999999999999));
#5722=CARTESIAN_POINT('',(-12.7899999999998,-11.1458641904486,94.2999999999999));
#5723=CARTESIAN_POINT('',(-12.7899999999998,-14.3229320952243,94.2999999999999));
#5724=CARTESIAN_POINT('',(-12.7899999999998,-11.1458641904486,94.2999999999999));
#5725=CARTESIAN_POINT('Origin',(-12.7899999999997,-19.5,115.60565813121));
#5726=CARTESIAN_POINT('',(-3.31916835898347,-15.5,117.275621279268));
#5727=CARTESIAN_POINT('',(-6.02418547821281,-15.5,116.79865377787));
#5728=CARTESIAN_POINT('',(-7.98154921561985,-15.5,116.453517739905));
#5729=CARTESIAN_POINT('',(-3.31916835898348,15.5000000000001,117.275621279268));
#5730=CARTESIAN_POINT('',(-3.31916835898347,-19.5,117.275621279268));
#5731=CARTESIAN_POINT('',(-6.02418547821281,15.5000000000001,116.79865377787));
#5732=CARTESIAN_POINT('',(-7.98154921561986,15.5000000000001,116.453517739905));
#5733=CARTESIAN_POINT('',(-8.22651197208876,15.5000000000001,116.41032419667));
#5734=CARTESIAN_POINT('',(-7.98154921561986,15.5000000000001,116.453517739905));
#5735=CARTESIAN_POINT('',(-10.7899999999997,15.5000000000001,115.958312092627));
#5736=CARTESIAN_POINT('',(-7.98154921561986,15.5000000000001,116.453517739905));
#5737=CARTESIAN_POINT('',(-12.7899999999997,15.5000000000001,115.60565813121));
#5738=CARTESIAN_POINT('',(-7.98154921561986,15.5000000000001,116.453517739905));
#5739=CARTESIAN_POINT('',(-12.7899999999997,-15.5,115.60565813121));
#5740=CARTESIAN_POINT('',(-12.7899999999997,-19.5,115.60565813121));
#5741=CARTESIAN_POINT('',(-10.7899999999997,-15.5,115.958312092627));
#5742=CARTESIAN_POINT('',(-7.98154921561985,-15.5,116.453517739905));
#5743=CARTESIAN_POINT('',(-8.22651197208875,-15.5,116.41032419667));
#5744=CARTESIAN_POINT('',(-7.98154921561985,-15.5,116.453517739905));
#5745=CARTESIAN_POINT('',(-7.98154921561985,-15.5,116.453517739905));
#5746=CARTESIAN_POINT('',(-9.72041881225733,-12.4999999999999,116.146908114084));
#5747=CARTESIAN_POINT('',(-9.72041881225736,12.5000000000001,116.146908114084));
#5748=CARTESIAN_POINT('',(-9.72041881225731,-8.49999999999993,116.146908114084));
#5749=CARTESIAN_POINT('',(-5.78118774151401,12.5000000000001,116.841500835101));
#5750=CARTESIAN_POINT('',(-11.2552094061286,12.5000000000001,115.876283122647));
#5751=CARTESIAN_POINT('',(-5.78118774151398,-12.4999999999999,116.841500835101));
#5752=CARTESIAN_POINT('',(-5.78118774151398,-10.9999999999999,116.841500835101));
#5753=CARTESIAN_POINT('',(-9.28559387075685,-12.4999999999999,116.223579483155));
#5754=CARTESIAN_POINT('Origin',(-12.7899999999998,11.1458641904485,112.60565813121));
#5755=CARTESIAN_POINT('',(-5.03429438678066,-11.1458641904486,112.60565813121));
#5756=CARTESIAN_POINT('',(-5.03429438678068,11.1458641904485,112.60565813121));
#5757=CARTESIAN_POINT('',(-5.03429438678069,11.8229320952243,112.60565813121));
#5758=CARTESIAN_POINT('',(-2.49572785706628,11.1458641904485,112.60565813121));
#5759=CARTESIAN_POINT('',(-12.7899999999998,11.1458641904485,112.60565813121));
#5760=CARTESIAN_POINT('',(-2.49572785706628,-11.1458641904486,112.60565813121));
#5761=CARTESIAN_POINT('',(-2.49572785706628,-4.17706790477573,112.60565813121));
#5762=CARTESIAN_POINT('',(-12.7899999999998,-11.1458641904486,112.60565813121));
#5763=CARTESIAN_POINT('Origin',(-17.4917545132875,-15.0000000000001,66.6611277197083));
#5764=CARTESIAN_POINT('',(-15.968902110332,-15.5000000000001,65.3579925074712));
#5765=CARTESIAN_POINT('',(-16.7880541522827,-14.5000000000001,64.7844160677806));
#5766=CARTESIAN_POINT('',(-14.559812551286,-17.220180731883,66.3446476472889));
#5767=CARTESIAN_POINT('',(-20.2295127904261,-14.5000000000001,69.6993283194844));
#5768=CARTESIAN_POINT('',(-17.9013305342628,-14.5000000000001,66.374339499863));
#5769=CARTESIAN_POINT('',(-19.4103607484755,-15.5000000000001,70.2729047591749));
#5770=CARTESIAN_POINT('',(-19.7678186442307,-15.0636244830643,70.0226100438028));
#5771=CARTESIAN_POINT('',(-17.0821784923122,-15.5000000000001,66.9479159395536));
#5772=CARTESIAN_POINT('Origin',(-20.2295127904261,-15.5000000000001,69.6993283194843));
#5773=CARTESIAN_POINT('',(-16.7880541522827,14.4999999999999,64.7844160677806));
#5774=CARTESIAN_POINT('',(-16.7880541522827,-17.5000000000001,64.7844160677806));
#5775=CARTESIAN_POINT('',(-20.2295127904262,14.4999999999999,69.6993283194843));
#5776=CARTESIAN_POINT('',(-17.9013305342628,14.4999999999999,66.3743394998629));
#5777=CARTESIAN_POINT('',(-20.2295127904261,-17.5000000000001,69.6993283194844));
#5778=CARTESIAN_POINT('Origin',(-17.4917545132875,14.9999999999999,66.6611277197082));
#5779=CARTESIAN_POINT('',(-15.9689021103321,15.4999999999999,65.3579925074711));
#5780=CARTESIAN_POINT('',(-22.5465449603047,7.47018073188296,60.7522773603058));
#5781=CARTESIAN_POINT('',(-19.4103607484755,15.4999999999999,70.2729047591749));
#5782=CARTESIAN_POINT('',(-17.0821784923122,15.4999999999999,66.9479159395535));
#5783=CARTESIAN_POINT('',(-27.7545510532493,5.3136244830643,64.4302397568197));
#5784=CARTESIAN_POINT('Origin',(-3.78999999999981,15.4999999999999,71.2999999999998));
#5785=CARTESIAN_POINT('',(-12.7899999999998,15.4999999999999,67.5838837476704));
#5786=CARTESIAN_POINT('',(-14.7890270761413,15.4999999999999,66.1841499077255));
#5787=CARTESIAN_POINT('',(-12.7899999999998,15.4999999999999,57.2999999999998));
#5788=CARTESIAN_POINT('',(-12.7899999999998,15.4999999999999,82.7999999999998));
#5789=CARTESIAN_POINT('',(5.2100000000002,15.4999999999999,57.2999999999998));
#5790=CARTESIAN_POINT('Origin',(-3.78999999999981,15.4999999999999,57.2999999999998));
#5791=CARTESIAN_POINT('',(5.21000000000036,15.5000000000002,147.3));
#5792=CARTESIAN_POINT('',(5.2100000000002,15.4999999999999,64.2999999999998));
#5793=CARTESIAN_POINT('',(-12.7899999999997,15.5000000000002,147.3));
#5794=CARTESIAN_POINT('Origin',(-3.78999999999965,15.5000000000002,147.3));
#5795=CARTESIAN_POINT('',(-12.7899999999998,15.5,94.2999999999996));
#5796=CARTESIAN_POINT('',(-10.7899999999997,15.5,128.671177964144));
#5797=CARTESIAN_POINT('',(-10.7899999999997,15.5,99.9855889820719));
#5798=CARTESIAN_POINT('',(-4.74014618758231,15.5,120.892794491036));
#5799=CARTESIAN_POINT('',(7.45563541290544,15.5,105.212503861837));
#5800=CARTESIAN_POINT('',(-19.6027226697284,15.5,101.783767585419));
#5801=CARTESIAN_POINT('',(-3.78999999999969,15.5,119.671177964144));
#5802=CARTESIAN_POINT('',(-15.5107085066962,15.5,104.601695598391));
#5803=CARTESIAN_POINT('',(2.25985381241769,15.5,111.892794491036));
#5804=CARTESIAN_POINT('',(10.9556354129054,15.5,100.712503861837));
#5805=CARTESIAN_POINT('',(-2.37003076373759,15.5,111.892794491036));
#5806=CARTESIAN_POINT('',(-6.81492690620844,15.5,111.892794491036));
#5807=CARTESIAN_POINT('',(-2.08917812024407,15.5,110.3));
#5808=CARTESIAN_POINT('',(-3.62761914336332,15.5000000000001,119.024932604968));
#5809=CARTESIAN_POINT('',(1.21000000000019,15.5,110.3));
#5810=CARTESIAN_POINT('',(-6.28999999999981,15.5,110.3));
#5811=CARTESIAN_POINT('',(1.21000000000019,15.5,104.3));
#5812=CARTESIAN_POINT('',(1.21000000000019,15.5,90.7999999999998));
#5813=CARTESIAN_POINT('',(-8.78999999999981,15.5,104.3));
#5814=CARTESIAN_POINT('',(-1.28999999999981,15.5,104.3));
#5815=CARTESIAN_POINT('',(-8.78999999999981,15.5,102.3));
#5816=CARTESIAN_POINT('',(-8.78999999999981,15.5,106.3));
#5817=CARTESIAN_POINT('',(1.21000000000019,15.5,102.3));
#5818=CARTESIAN_POINT('',(-6.28999999999981,15.5,102.3));
#5819=CARTESIAN_POINT('',(1.21000000000019,15.5,96.2999999999998));
#5820=CARTESIAN_POINT('',(1.21000000000019,15.5,85.7999999999998));
#5821=CARTESIAN_POINT('',(0.379399609674935,15.5,96.2999999999998));
#5822=CARTESIAN_POINT('',(-1.28999999999981,15.5,96.2999999999998));
#5823=CARTESIAN_POINT('',(1.15650885043241,15.4999999999999,91.8927944910359));
#5824=CARTESIAN_POINT('',(-3.62761914336332,15.5000000000001,119.024932604968));
#5825=CARTESIAN_POINT('',(2.25985381241769,15.5,91.8927944910359));
#5826=CARTESIAN_POINT('',(-0.765073093791062,15.5,91.8927944910359));
#5827=CARTESIAN_POINT('',(-3.7899999999997,15.4999999999999,84.1144110179278));
#5828=CARTESIAN_POINT('',(-6.89503036203613,15.4999999999999,80.122229123881));
#5829=CARTESIAN_POINT('',(-9.37879143050012,15.5,91.2999999999998));
#5830=CARTESIAN_POINT('',(-3.70989654417201,15.4999999999999,84.0114208604351));
#5831=CARTESIAN_POINT('',(-12.7899999999998,15.5,91.2999999999998));
#5832=CARTESIAN_POINT('',(0.710000000000194,15.5,91.2999999999998));
#5833=CARTESIAN_POINT('',(-12.7899999999998,15.4999999999999,74.9085313011482));
#5834=CARTESIAN_POINT('',(-12.7899999999998,15.4999999999999,82.7999999999998));
#5835=CARTESIAN_POINT('',(-21.7635806238871,15.4999999999999,68.6251624490495));
#5836=CARTESIAN_POINT('',(1.21000000000019,15.4999999999999,68.2999999999998));
#5837=CARTESIAN_POINT('',(-8.78999999999981,15.4999999999999,68.2999999999998));
#5838=CARTESIAN_POINT('',(-1.28999999999981,15.4999999999999,68.2999999999998));
#5839=CARTESIAN_POINT('',(-8.78999999999981,15.4999999999999,72.2999999999998));
#5840=CARTESIAN_POINT('',(-8.78999999999981,15.4999999999999,69.7999999999998));
#5841=CARTESIAN_POINT('',(1.21000000000019,15.4999999999999,72.2999999999998));
#5842=CARTESIAN_POINT('',(-6.28999999999981,15.4999999999999,72.2999999999998));
#5843=CARTESIAN_POINT('',(1.21000000000019,15.4999999999999,71.7999999999998));
#5844=CARTESIAN_POINT('',(1.21000000000019,15.5000000000001,132.3));
#5845=CARTESIAN_POINT('',(-8.78999999999981,15.5000000000001,132.3));
#5846=CARTESIAN_POINT('',(-1.28999999999981,15.5000000000001,132.3));
#5847=CARTESIAN_POINT('',(-8.78999999999981,15.5000000000001,136.3));
#5848=CARTESIAN_POINT('',(-8.78999999999981,15.5,101.8));
#5849=CARTESIAN_POINT('',(1.21000000000019,15.5000000000001,136.3));
#5850=CARTESIAN_POINT('',(-6.28999999999981,15.5000000000001,136.3));
#5851=CARTESIAN_POINT('',(1.21000000000019,15.5,103.8));
#5852=CARTESIAN_POINT('',(-9.83985381241708,15.4999999999999,73.8927944910359));
#5853=CARTESIAN_POINT('',(-3.7899999999997,15.4999999999999,81.671177964144));
#5854=CARTESIAN_POINT('',(-6.30301619900388,15.4999999999999,78.4401571368529));
#5855=CARTESIAN_POINT('',(2.25985381241769,15.4999999999999,73.8927944910359));
#5856=CARTESIAN_POINT('',(1.74794310521313,15.4999999999999,74.5509654002989));
#5857=CARTESIAN_POINT('',(-6.81492690620844,15.4999999999999,73.8927944910359));
#5858=CARTESIAN_POINT('',(-3.7899999999997,15.5,122.114411017928));
#5859=CARTESIAN_POINT('',(-9.83985381241708,15.5,129.892794491036));
#5860=CARTESIAN_POINT('',(5.49779576352029,15.5,110.172959321974));
#5861=CARTESIAN_POINT('',(2.25985381241769,15.5,129.892794491036));
#5862=CARTESIAN_POINT('',(-0.765073093791062,15.5,129.892794491036));
#5863=CARTESIAN_POINT('',(-16.1027226697284,15.5,106.283767585419));
#5864=CARTESIAN_POINT('',(3.21000000000022,15.4999999999999,75.1144110179279));
#5865=CARTESIAN_POINT('',(-2.83985381241708,15.4999999999999,82.8927944910359));
#5866=CARTESIAN_POINT('',(-0.209896544172013,15.4999999999999,79.5114208604351));
#5867=CARTESIAN_POINT('',(3.21000000000022,15.5,90.6711779641439));
#5868=CARTESIAN_POINT('',(-2.80301619900392,15.4999999999999,82.9401571368528));
#5869=CARTESIAN_POINT('',(3.21000000000021,15.4999999999999,73.2072055089639));
#5870=CARTESIAN_POINT('',(-10.7899999999997,15.4999999999999,75.1144110179278));
#5871=CARTESIAN_POINT('',(-10.7899999999997,15.5,90.671177964144));
#5872=CARTESIAN_POINT('',(-10.7899999999997,15.4999999999999,80.9855889820719));
#5873=CARTESIAN_POINT('',(-4.74014618758231,15.4999999999999,82.8927944910359));
#5874=CARTESIAN_POINT('',(-1.75205689478687,15.4999999999999,79.0509654002989));
#5875=CARTESIAN_POINT('',(-10.3950303620361,15.4999999999999,75.622229123881));
#5876=CARTESIAN_POINT('',(-2.83985381241708,15.5,120.892794491036));
#5877=CARTESIAN_POINT('',(3.21000000000022,15.5,128.671177964144));
#5878=CARTESIAN_POINT('',(-12.0107085066962,15.5,109.101695598391));
#5879=CARTESIAN_POINT('',(3.21000000000022,15.5,113.114411017928));
#5880=CARTESIAN_POINT('',(3.21000000000021,15.5,92.2072055089639));
#5881=CARTESIAN_POINT('',(8.9977957635203,15.5,105.672959321974));
#5882=CARTESIAN_POINT('Origin',(-18.4295848608884,14.7499999999999,62.342128098458));
#5883=CARTESIAN_POINT('',(-23.2976484573481,9.99999999999991,67.5509965786146));
#5884=CARTESIAN_POINT('',(-21.6593443517399,19.4999999999999,68.6981494731951));
#5885=CARTESIAN_POINT('',(-25.3238003706046,-1.74900531061162,66.1322697230843));
#5886=CARTESIAN_POINT('',(-18.2178857336336,19.4999999999999,63.7832372074612));
#5887=CARTESIAN_POINT('',(-17.6104328165994,19.4999999999999,62.9157045348091));
#5888=CARTESIAN_POINT('',(-19.8561898192047,9.99999999999989,62.6360843269109));
#5889=CARTESIAN_POINT('',(-21.7323960790919,-0.879518436130294,61.3223505491025));
#5890=CARTESIAN_POINT('',(-19.2487369051774,9.9999999999999,61.768551662107));
#5891=CARTESIAN_POINT('Origin',(-19.8561898175349,-19.5,62.6360843280801));
#5892=CARTESIAN_POINT('',(-19.8561898192047,-10.0000000000001,62.6360843269109));
#5893=CARTESIAN_POINT('',(-19.8561898192047,-19.5,62.6360843269109));
#5894=CARTESIAN_POINT('',(-23.2976484573481,-10.,67.5509965786146));
#5895=CARTESIAN_POINT('',(-19.2487369051774,-10.0000000000001,61.768551662107));
#5896=CARTESIAN_POINT('',(-23.2976484573481,-19.5,67.5509965786146));
#5897=CARTESIAN_POINT('Origin',(-12.7899999999998,-19.5,67.5838837476704));
#5898=CARTESIAN_POINT('',(-12.7899999999999,19.4999999999999,67.5838837476704));
#5899=CARTESIAN_POINT('',(-14.2734961438205,19.4999999999999,66.5451285558489));
#5900=CARTESIAN_POINT('',(-12.7899999999998,-18.5000000000001,67.5838837476704));
#5901=CARTESIAN_POINT('',(-12.7899999999998,-15.5000000000001,67.5838837476704));
#5902=CARTESIAN_POINT('',(-11.0692706809281,-15.5000000000001,68.7887513985574));
#5903=CARTESIAN_POINT('',(-12.7899999999998,-19.5,67.5838837476704));
#5904=CARTESIAN_POINT('',(-12.7899999999998,-18.5000000000001,67.5838837476704));
#5905=CARTESIAN_POINT('',(-18.2178857336336,-19.5,63.7832372074612));
#5906=CARTESIAN_POINT('',(-19.8561898192047,-19.5,62.6360843269109));
#5907=CARTESIAN_POINT('',(-18.5122811555618,-17.7928953569733,63.577099312024));
#5908=CARTESIAN_POINT('Origin',(-18.4295848608884,-14.7500000000001,62.3421280984581));
#5909=CARTESIAN_POINT('',(-21.6593443517399,-19.5,68.6981494731951));
#5910=CARTESIAN_POINT('',(-22.1036854470746,-16.923408482492,68.3870184860058));
#5911=CARTESIAN_POINT('',(-17.6104328165994,-19.5000000000001,62.9157045348091));
#5912=CARTESIAN_POINT('Origin',(-3.78999999999982,-19.5000000000001,71.2999999999999));
#5913=CARTESIAN_POINT('',(-12.7899999999998,-19.5000000000001,57.2999999999999));
#5914=CARTESIAN_POINT('',(-12.7899999999997,-19.5,134.05));
#5915=CARTESIAN_POINT('',(5.21000000000019,-19.5000000000001,57.2999999999999));
#5916=CARTESIAN_POINT('Origin',(-3.78999999999982,-19.5000000000002,57.2999999999999));
#5917=CARTESIAN_POINT('',(5.21000000000035,-19.5,147.3));
#5918=CARTESIAN_POINT('',(5.21000000000019,-19.5000000000001,64.2999999999999));
#5919=CARTESIAN_POINT('',(-12.7899999999997,-19.5,147.3));
#5920=CARTESIAN_POINT('Origin',(-3.78999999999966,-19.4999999999999,147.3));
#5921=CARTESIAN_POINT('',(-12.7899999999998,-19.5,74.9085313011482));
#5922=CARTESIAN_POINT('',(-12.7899999999997,-19.5,134.05));
#5923=CARTESIAN_POINT('',(-23.2976484573481,-19.5,67.5509965786146));
#5924=CARTESIAN_POINT('',(-9.83985381241708,-19.5,91.8927944910359));
#5925=CARTESIAN_POINT('',(2.25985381241769,-19.5,91.8927944910359));
#5926=CARTESIAN_POINT('',(-6.81492690620845,-19.5000000000001,91.8927944910359));
#5927=CARTESIAN_POINT('',(-3.78999999999969,-19.5,84.1144110179278));
#5928=CARTESIAN_POINT('',(-3.87010345582741,-19.5000000000001,84.0114208604351));
#5929=CARTESIAN_POINT('',(-0.684969637963332,-19.5000000000001,80.1222291238811));
#5930=CARTESIAN_POINT('',(-4.74014618758231,-19.5,101.892794491036));
#5931=CARTESIAN_POINT('',(-10.7899999999997,-19.5,94.1144110179278));
#5932=CARTESIAN_POINT('',(-11.9739496096736,-19.5000000000001,92.5921900912043));
#5933=CARTESIAN_POINT('',(-10.7899999999997,-19.5,109.671177964144));
#5934=CARTESIAN_POINT('',(-10.7899999999997,-19.5000000000001,82.7072055089639));
#5935=CARTESIAN_POINT('',(-0.173137647149421,-19.5000000000001,96.0209263676222));
#5936=CARTESIAN_POINT('',(3.21000000000022,-19.5,128.671177964144));
#5937=CARTESIAN_POINT('',(3.21000000000022,-19.5,113.114411017928));
#5938=CARTESIAN_POINT('',(3.21000000000022,-19.5000000000001,99.9855889820719));
#5939=CARTESIAN_POINT('',(-2.83985381241708,-19.5,120.892794491036));
#5940=CARTESIAN_POINT('',(12.0227226697289,-19.5000000000001,101.78376758542));
#5941=CARTESIAN_POINT('',(-15.0356354129049,-19.5,105.212503861837));
#5942=CARTESIAN_POINT('',(-4.74014618758231,-19.5,120.892794491036));
#5943=CARTESIAN_POINT('',(-10.7899999999997,-19.5,113.114411017928));
#5944=CARTESIAN_POINT('',(-16.5777957635197,-19.5,105.672959321974));
#5945=CARTESIAN_POINT('',(-10.7899999999997,-19.5,128.671177964144));
#5946=CARTESIAN_POINT('',(-10.7899999999997,-19.5000000000001,92.2072055089639));
#5947=CARTESIAN_POINT('',(4.43070850669673,-19.5,109.101695598391));
#5948=CARTESIAN_POINT('',(-3.78999999999969,-19.5,100.671177964144));
#5949=CARTESIAN_POINT('',(2.25985381241769,-19.5,92.8927944910359));
#5950=CARTESIAN_POINT('',(3.32686235285058,-19.5000000000001,91.5209263676222));
#5951=CARTESIAN_POINT('',(-9.83985381241708,-19.5,92.8927944910359));
#5952=CARTESIAN_POINT('',(-0.765073093791064,-19.5000000000001,92.8927944910359));
#5953=CARTESIAN_POINT('',(-13.9317892590587,-19.5000000000001,87.6317346310681));
#5954=CARTESIAN_POINT('',(-10.7899999999997,-19.5,90.671177964144));
#5955=CARTESIAN_POINT('',(-4.74014618758231,-19.5,82.8927944910359));
#5956=CARTESIAN_POINT('',(-4.77698380099558,-19.5000000000001,82.940157136853));
#5957=CARTESIAN_POINT('',(-10.7899999999997,-19.5,75.1144110179278));
#5958=CARTESIAN_POINT('',(-7.37010345582742,-19.5000000000001,79.5114208604351));
#5959=CARTESIAN_POINT('',(-10.7899999999997,-19.5000000000001,73.2072055089639));
#5960=CARTESIAN_POINT('',(-2.83985381241708,-19.5,82.8927944910359));
#5961=CARTESIAN_POINT('',(3.21000000000022,-19.5,90.6711779641439));
#5962=CARTESIAN_POINT('',(-5.82794310521255,-19.5000000000001,79.0509654002989));
#5963=CARTESIAN_POINT('',(3.21000000000022,-19.5,75.1144110179279));
#5964=CARTESIAN_POINT('',(3.21000000000022,-19.5000000000001,80.9855889820719));
#5965=CARTESIAN_POINT('',(2.81503036203663,-19.5000000000001,75.6222291238811));
#5966=CARTESIAN_POINT('',(-9.83985381241708,-19.5,110.892794491036));
#5967=CARTESIAN_POINT('',(2.25985381241769,-19.5,110.892794491036));
#5968=CARTESIAN_POINT('',(-6.81492690620845,-19.5,110.892794491036));
#5969=CARTESIAN_POINT('',(-3.78999999999969,-19.5,103.114411017928));
#5970=CARTESIAN_POINT('',(-8.47394960967357,-19.5000000000001,97.0921900912043));
#5971=CARTESIAN_POINT('',(3.91887651588282,-19.5000000000001,93.2029983546503));
#5972=CARTESIAN_POINT('',(-9.83985381241708,-19.5,129.892794491036));
#5973=CARTESIAN_POINT('',(2.25985381241769,-19.5,129.892794491036));
#5974=CARTESIAN_POINT('',(-6.81492690620845,-19.5,129.892794491036));
#5975=CARTESIAN_POINT('',(-3.78999999999969,-19.5,122.114411017928));
#5976=CARTESIAN_POINT('',(-13.0777957635197,-19.5,110.172959321974));
#5977=CARTESIAN_POINT('',(8.52272266972898,-19.5,106.28376758542));
#5978=CARTESIAN_POINT('',(-3.78999999999969,-19.5,119.671177964144));
#5979=CARTESIAN_POINT('',(2.25985381241769,-19.5,111.892794491036));
#5980=CARTESIAN_POINT('',(7.93070850669674,-19.5,104.601695598391));
#5981=CARTESIAN_POINT('',(-9.83985381241708,-19.5,111.892794491036));
#5982=CARTESIAN_POINT('',(-0.765073093791064,-19.5,111.892794491036));
#5983=CARTESIAN_POINT('',(-18.5356354129049,-19.5,100.712503861837));
#5984=CARTESIAN_POINT('',(3.21000000000022,-19.5,109.671177964144));
#5985=CARTESIAN_POINT('',(3.21000000000022,-19.5,94.1144110179279));
#5986=CARTESIAN_POINT('',(3.21000000000022,-19.5000000000001,90.4855889820719));
#5987=CARTESIAN_POINT('',(-2.83985381241708,-19.5,101.892794491036));
#5988=CARTESIAN_POINT('',(7.41887651588278,-19.5000000000001,88.7029983546504));
#5989=CARTESIAN_POINT('',(-10.4317892590587,-19.5000000000001,92.1317346310681));
#5990=CARTESIAN_POINT('',(-3.78999999999969,-19.5,81.671177964144));
#5991=CARTESIAN_POINT('',(2.25985381241769,-19.5,73.8927944910359));
#5992=CARTESIAN_POINT('',(-1.27698380099558,-19.5000000000001,78.440157136853));
#5993=CARTESIAN_POINT('',(-9.83985381241708,-19.5,73.8927944910359));
#5994=CARTESIAN_POINT('',(-0.765073093791064,-19.5000000000001,73.8927944910359));
#5995=CARTESIAN_POINT('',(-9.32794310521255,-19.5000000000001,74.5509654002989));
#5996=CARTESIAN_POINT('',(-5.53999999999966,-19.4999999999999,153.3));
#5997=CARTESIAN_POINT('Origin',(-3.78999999999965,-19.4999999999999,153.3));
#5998=CARTESIAN_POINT('',(-6.78999999999966,-19.4999999999999,147.3));
#5999=CARTESIAN_POINT('Origin',(-3.78999999999965,-19.4999999999999,147.3));
#6000=CARTESIAN_POINT('',(-5.53999999999966,-19.4999999999999,141.3));
#6001=CARTESIAN_POINT('Origin',(-3.78999999999966,-19.4999999999999,141.3));
#6002=CARTESIAN_POINT('',(0.460000000000376,-19.4999999999999,147.3));
#6003=CARTESIAN_POINT('Origin',(2.21000000000038,-19.4999999999999,147.3));
#6004=CARTESIAN_POINT('',(-11.5399999999997,-19.4999999999999,147.3));
#6005=CARTESIAN_POINT('Origin',(-9.7899999999997,-19.4999999999999,147.3));
#6006=CARTESIAN_POINT('',(0.460000000000174,-19.5000000000002,57.2999999999999));
#6007=CARTESIAN_POINT('Origin',(2.21000000000017,-19.5000000000002,57.2999999999999));
#6008=CARTESIAN_POINT('',(-6.78999999999982,-19.5000000000002,57.2999999999999));
#6009=CARTESIAN_POINT('Origin',(-3.78999999999982,-19.5000000000002,57.2999999999999));
#6010=CARTESIAN_POINT('',(-11.5399999999998,-19.5000000000002,57.2999999999999));
#6011=CARTESIAN_POINT('Origin',(-9.78999999999983,-19.5000000000002,57.2999999999999));
#6012=CARTESIAN_POINT('',(-5.53999999999979,-19.5000000000002,51.2999999999999));
#6013=CARTESIAN_POINT('Origin',(-3.78999999999979,-19.5000000000002,51.2999999999999));
#6014=CARTESIAN_POINT('',(-5.53999999999985,-19.5000000000001,63.2999999999999));
#6015=CARTESIAN_POINT('Origin',(-3.78999999999985,-19.5000000000001,63.2999999999999));
#6016=CARTESIAN_POINT('',(1.21000000000019,-19.5,132.3));
#6017=CARTESIAN_POINT('',(-8.78999999999981,-19.5,132.3));
#6018=CARTESIAN_POINT('',(-1.28999999999981,-19.5,132.3));
#6019=CARTESIAN_POINT('',(-8.78999999999981,-19.5,136.3));
#6020=CARTESIAN_POINT('',(-8.78999999999981,-19.5,101.8));
#6021=CARTESIAN_POINT('',(1.21000000000019,-19.5,136.3));
#6022=CARTESIAN_POINT('',(-6.28999999999982,-19.5,136.3));
#6023=CARTESIAN_POINT('',(1.21000000000019,-19.5,103.8));
#6024=CARTESIAN_POINT('',(1.21000000000019,-19.5,72.2999999999998));
#6025=CARTESIAN_POINT('',(1.21000000000019,-19.5,68.2999999999998));
#6026=CARTESIAN_POINT('',(1.21000000000019,-19.5000000000001,71.7999999999999));
#6027=CARTESIAN_POINT('',(-8.78999999999981,-19.5,68.2999999999998));
#6028=CARTESIAN_POINT('',(-1.28999999999982,-19.5000000000001,68.2999999999998));
#6029=CARTESIAN_POINT('',(-8.78999999999981,-19.5,72.2999999999998));
#6030=CARTESIAN_POINT('',(-8.78999999999981,-19.5000000000001,69.7999999999999));
#6031=CARTESIAN_POINT('',(-6.28999999999982,-19.5000000000001,72.2999999999998));
#6032=CARTESIAN_POINT('Origin',(-3.78999999999982,-15.5000000000001,71.2999999999999));
#6033=CARTESIAN_POINT('',(-12.7899999999998,-15.5000000000001,74.9085313011482));
#6034=CARTESIAN_POINT('',(-18.0438242286739,-15.5000000000001,71.2297639398814));
#6035=CARTESIAN_POINT('',(-12.7899999999998,-15.5000000000001,91.2999999999999));
#6036=CARTESIAN_POINT('',(-12.7899999999998,-15.5000000000001,82.7999999999999));
#6037=CARTESIAN_POINT('',(-9.37879143050016,-15.5000000000001,91.2999999999999));
#6038=CARTESIAN_POINT('',(0.710000000000186,-15.5000000000001,91.2999999999999));
#6039=CARTESIAN_POINT('',(-3.7899999999997,-15.5000000000001,84.1144110179278));
#6040=CARTESIAN_POINT('',(-0.68496963796333,-15.5000000000001,80.1222291238811));
#6041=CARTESIAN_POINT('',(2.25985381241769,-15.5000000000001,91.8927944910359));
#6042=CARTESIAN_POINT('',(-3.87010345582742,-15.5000000000001,84.0114208604351));
#6043=CARTESIAN_POINT('',(1.15650885043242,-15.5000000000001,91.8927944910359));
#6044=CARTESIAN_POINT('',(-6.81492690620845,-15.5000000000001,91.8927944910359));
#6045=CARTESIAN_POINT('',(0.980181869723918,-15.5000000000001,92.8927944910359));
#6046=CARTESIAN_POINT('',(-3.62761914336333,-15.5,119.024932604968));
#6047=CARTESIAN_POINT('',(2.25985381241769,-15.5000000000001,92.8927944910359));
#6048=CARTESIAN_POINT('',(-0.765073093791063,-15.5000000000001,92.8927944910359));
#6049=CARTESIAN_POINT('',(0.605021189827799,-15.5000000000001,95.0204364343658));
#6050=CARTESIAN_POINT('',(3.32686235285058,-15.5000000000001,91.5209263676222));
#6051=CARTESIAN_POINT('',(0.0479135783506927,-15.5000000000001,98.1799507029059));
#6052=CARTESIAN_POINT('',(-3.62761914336333,-15.5,119.024932604968));
#6053=CARTESIAN_POINT('',(3.21000000000022,-15.5000000000001,94.1144110179279));
#6054=CARTESIAN_POINT('',(7.41887651588278,-15.5000000000001,88.7029983546504));
#6055=CARTESIAN_POINT('',(3.21000000000022,-15.5,109.671177964144));
#6056=CARTESIAN_POINT('',(3.21000000000022,-15.5000000000001,90.4855889820719));
#6057=CARTESIAN_POINT('',(-1.01945622663885,-15.5,104.233305672751));
#6058=CARTESIAN_POINT('',(-10.4317892590587,-15.5000000000001,92.1317346310681));
#6059=CARTESIAN_POINT('',(-1.37064703036975,-15.5,106.225007693166));
#6060=CARTESIAN_POINT('',(-3.62761914336333,-15.5,119.024932604968));
#6061=CARTESIAN_POINT('',(2.25985381241769,-15.5,110.892794491036));
#6062=CARTESIAN_POINT('',(-8.47394960967357,-15.5000000000001,97.0921900912043));
#6063=CARTESIAN_POINT('',(-2.19370378302908,-15.5,110.892794491036));
#6064=CARTESIAN_POINT('',(-6.81492690620845,-15.5,110.892794491036));
#6065=CARTESIAN_POINT('',(-2.37003076373759,-15.5,111.892794491036));
#6066=CARTESIAN_POINT('',(-3.62761914336333,-15.5,119.024932604968));
#6067=CARTESIAN_POINT('',(2.25985381241769,-15.5,111.892794491036));
#6068=CARTESIAN_POINT('',(-0.765073093791063,-15.5,111.892794491036));
#6069=CARTESIAN_POINT('',(-3.78999999999969,-15.5,119.671177964144));
#6070=CARTESIAN_POINT('',(7.93070850669674,-15.5,104.601695598391));
#6071=CARTESIAN_POINT('',(-18.5356354129049,-15.5,100.712503861837));
#6072=CARTESIAN_POINT('',(-4.74014618758231,-15.5,120.892794491036));
#6073=CARTESIAN_POINT('',(-16.5777957635197,-15.5,105.672959321974));
#6074=CARTESIAN_POINT('',(-10.7899999999997,-15.5,128.671177964144));
#6075=CARTESIAN_POINT('',(4.43070850669674,-15.5,109.101695598391));
#6076=CARTESIAN_POINT('',(-10.7899999999997,-15.5000000000001,92.2072055089639));
#6077=CARTESIAN_POINT('',(-12.7899999999997,-15.4999999999999,147.3));
#6078=CARTESIAN_POINT('',(-12.7899999999998,-15.5,94.2999999999997));
#6079=CARTESIAN_POINT('',(5.21000000000035,-15.4999999999999,147.3));
#6080=CARTESIAN_POINT('Origin',(-3.78999999999966,-15.4999999999999,147.3));
#6081=CARTESIAN_POINT('',(5.21000000000019,-15.5000000000002,57.2999999999999));
#6082=CARTESIAN_POINT('',(5.21000000000025,-15.5,94.2999999999998));
#6083=CARTESIAN_POINT('',(-12.7899999999998,-15.5000000000001,57.2999999999999));
#6084=CARTESIAN_POINT('Origin',(-3.78999999999982,-15.5000000000002,57.2999999999999));
#6085=CARTESIAN_POINT('',(-12.7899999999998,-15.5000000000001,82.7999999999999));
#6086=CARTESIAN_POINT('',(-8.78999999999981,-15.5000000000001,68.2999999999998));
#6087=CARTESIAN_POINT('',(1.21000000000019,-15.5000000000001,68.2999999999998));
#6088=CARTESIAN_POINT('',(-1.28999999999982,-15.5000000000001,68.2999999999998));
#6089=CARTESIAN_POINT('',(1.21000000000019,-15.5000000000001,72.2999999999998));
#6090=CARTESIAN_POINT('',(1.21000000000019,-15.5000000000001,71.7999999999999));
#6091=CARTESIAN_POINT('',(-8.78999999999981,-15.5000000000001,72.2999999999998));
#6092=CARTESIAN_POINT('',(-6.28999999999982,-15.5000000000001,72.2999999999998));
#6093=CARTESIAN_POINT('',(-8.78999999999981,-15.5000000000001,69.7999999999999));
#6094=CARTESIAN_POINT('',(3.21000000000022,-15.5,113.114411017928));
#6095=CARTESIAN_POINT('',(3.21000000000022,-15.5,128.671177964144));
#6096=CARTESIAN_POINT('',(3.21000000000022,-15.5000000000001,99.9855889820719));
#6097=CARTESIAN_POINT('',(-2.83985381241708,-15.5,120.892794491036));
#6098=CARTESIAN_POINT('',(-15.0356354129049,-15.5,105.212503861837));
#6099=CARTESIAN_POINT('',(12.0227226697289,-15.5000000000001,101.78376758542));
#6100=CARTESIAN_POINT('',(-4.74014618758231,-15.5000000000001,82.8927944910359));
#6101=CARTESIAN_POINT('',(-10.7899999999997,-15.5000000000001,90.671177964144));
#6102=CARTESIAN_POINT('',(-4.77698380099557,-15.5000000000001,82.940157136853));
#6103=CARTESIAN_POINT('',(-10.7899999999997,-15.5000000000001,75.1144110179278));
#6104=CARTESIAN_POINT('',(-10.7899999999997,-15.5000000000001,73.2072055089639));
#6105=CARTESIAN_POINT('',(-7.37010345582742,-15.5000000000001,79.5114208604351));
#6106=CARTESIAN_POINT('',(3.21000000000022,-15.5000000000001,90.6711779641439));
#6107=CARTESIAN_POINT('',(-2.83985381241708,-15.5000000000001,82.8927944910359));
#6108=CARTESIAN_POINT('',(-5.82794310521255,-15.5000000000001,79.0509654002989));
#6109=CARTESIAN_POINT('',(3.21000000000022,-15.5000000000001,75.1144110179279));
#6110=CARTESIAN_POINT('',(2.81503036203663,-15.5000000000001,75.6222291238811));
#6111=CARTESIAN_POINT('',(3.21000000000022,-15.5000000000001,80.9855889820719));
#6112=CARTESIAN_POINT('',(2.25985381241769,-15.5,129.892794491036));
#6113=CARTESIAN_POINT('',(-9.83985381241708,-15.5,129.892794491036));
#6114=CARTESIAN_POINT('',(-6.81492690620845,-15.5,129.892794491036));
#6115=CARTESIAN_POINT('',(-3.78999999999969,-15.5,122.114411017928));
#6116=CARTESIAN_POINT('',(8.52272266972898,-15.5,106.28376758542));
#6117=CARTESIAN_POINT('',(-13.0777957635197,-15.5,110.172959321974));
#6118=CARTESIAN_POINT('',(2.25985381241769,-15.5000000000001,73.8927944910359));
#6119=CARTESIAN_POINT('',(-3.78999999999969,-15.5000000000001,81.671177964144));
#6120=CARTESIAN_POINT('',(-1.27698380099557,-15.5000000000001,78.440157136853));
#6121=CARTESIAN_POINT('',(-9.83985381241708,-15.5000000000001,73.8927944910359));
#6122=CARTESIAN_POINT('',(-9.32794310521255,-15.5000000000001,74.5509654002989));
#6123=CARTESIAN_POINT('',(-0.765073093791063,-15.5000000000001,73.8927944910359));
#6124=CARTESIAN_POINT('',(-8.78999999999981,-15.5,132.3));
#6125=CARTESIAN_POINT('',(1.21000000000019,-15.5,132.3));
#6126=CARTESIAN_POINT('',(-1.28999999999981,-15.5,132.3));
#6127=CARTESIAN_POINT('',(1.21000000000019,-15.5,136.3));
#6128=CARTESIAN_POINT('',(1.21000000000019,-15.5,103.8));
#6129=CARTESIAN_POINT('',(-8.78999999999981,-15.5,136.3));
#6130=CARTESIAN_POINT('',(-6.28999999999982,-15.5,136.3));
#6131=CARTESIAN_POINT('',(-8.78999999999981,-15.5000000000001,101.8));
#6132=CARTESIAN_POINT('Origin',(-23.2976484573481,-19.5,67.5509965786146));
#6133=CARTESIAN_POINT('',(-12.7899999999998,-18.5000000000001,74.9085313011482));
#6134=CARTESIAN_POINT('',(-12.7899999999998,19.4999999999999,74.9085313011482));
#6135=CARTESIAN_POINT('',(-12.7899999999998,-18.5000000000001,74.9085313011482));
#6136=CARTESIAN_POINT('',(-21.2480496915664,19.4999999999999,68.9861410971729));
#6137=CARTESIAN_POINT('Origin',(-12.7899999999998,-17.5000000000001,94.2999999999999));
#6138=CARTESIAN_POINT('',(-12.7899999999998,19.4999999999999,57.2999999999998));
#6139=CARTESIAN_POINT('',(-12.7899999999998,19.4999999999999,82.7999999999998));
#6140=CARTESIAN_POINT('',(-12.7899999999998,14.4999999999999,57.2999999999998));
#6141=CARTESIAN_POINT('Origin',(-12.7899999999998,-17.5000000000001,94.2999999999999));
#6142=CARTESIAN_POINT('',(-12.7899999999998,-14.5000000000001,57.2999999999999));
#6143=CARTESIAN_POINT('Origin',(-12.7899999999998,-17.5000000000001,94.2999999999999));
#6144=CARTESIAN_POINT('',(-12.7899999999997,-15.4999999999999,147.3));
#6145=CARTESIAN_POINT('',(-12.7899999999997,19.5000000000002,147.3));
#6146=CARTESIAN_POINT('',(-12.7899999999997,15.5000000000002,147.3));
#6147=CARTESIAN_POINT('',(-12.7899999999998,19.4999999999999,82.7999999999998));
#6148=CARTESIAN_POINT('',(-12.7899999999998,-15.5000000000001,91.2999999999999));
#6149=CARTESIAN_POINT('',(-12.7899999999998,12.5000000000001,95.291533887715));
#6150=CARTESIAN_POINT('',(-12.7899999999998,12.5000000000001,111.614124243494));
#6151=CARTESIAN_POINT('',(-12.7899999999998,12.5,94.7957669438574));
#6152=CARTESIAN_POINT('',(-12.7899999999998,2.38364009804801,104.206659207598));
#6153=CARTESIAN_POINT('',(-12.7899999999998,-1.39112644755972,101.442675771237));
#6154=CARTESIAN_POINT('',(-12.7899999999998,2.38364009804802,102.698998923611));
#6155=CARTESIAN_POINT('Origin',(-12.7899999999998,-1.33226762955019E-14,
103.452829065605));
#6156=CARTESIAN_POINT('',(-12.7899999999998,-2.08650402195827,105.972156125934));
#6157=CARTESIAN_POINT('',(-12.7899999999998,1.43838778954883,101.408069772466));
#6158=CARTESIAN_POINT('',(-12.7899999999998,1.82198186999241,101.127192088556));
#6159=CARTESIAN_POINT('',(-12.7899999999998,-1.43838778954886,101.408069772466));
#6160=CARTESIAN_POINT('Origin',(-12.7899999999998,-1.33226762955019E-14,
103.452829065605));
#6161=CARTESIAN_POINT('',(-12.7899999999998,-8.36032034233418,96.3396485357229));
#6162=CARTESIAN_POINT('',(-12.7899999999998,-2.38364009804804,102.698998923611));
#6163=CARTESIAN_POINT('',(-12.7899999999998,-2.38364009804804,104.206659207598));
#6164=CARTESIAN_POINT('Origin',(-12.7899999999998,-1.33226762955019E-14,
103.452829065605));
#6165=CARTESIAN_POINT('',(-12.7899999999998,-12.5000000000001,111.614124243494));
#6166=CARTESIAN_POINT('',(-12.7899999999998,-4.94277027425589,106.080521692355));
#6167=CARTESIAN_POINT('',(-12.7899999999998,-12.5000000000001,95.291533887715));
#6168=CARTESIAN_POINT('',(-12.7899999999998,-12.5000000000001,102.957062121747));
#6169=CARTESIAN_POINT('',(-12.7899999999998,-14.3637526018094,93.9268451689201));
#6170=CARTESIAN_POINT('',(-12.7899999999998,-1.43838778954886,105.497588358743));
#6171=CARTESIAN_POINT('',(-12.7899999999998,1.43838778954883,105.497588358743));
#6172=CARTESIAN_POINT('Origin',(-12.7899999999998,-1.33226762955019E-14,
103.452829065605));
#6173=CARTESIAN_POINT('',(-12.7899999999998,11.1458641904485,112.60565813121));
#6174=CARTESIAN_POINT('',(-12.7899999999998,-7.39455870703492,99.0298724044342));
#6175=CARTESIAN_POINT('',(-12.7899999999998,-11.1458641904486,112.60565813121));
#6176=CARTESIAN_POINT('',(-12.7899999999998,-3.17706790477576,112.60565813121));
#6177=CARTESIAN_POINT('',(-12.7899999999998,-8.85125616620656,110.925485729733));
#6178=CARTESIAN_POINT('Origin',(-3.78999999999975,15.5,101.892794491036));
#6179=CARTESIAN_POINT('',(1.26103451321744,15.5,91.2999999999998));
#6180=CARTESIAN_POINT('',(0.710000000000194,15.5,91.2999999999998));
#6181=CARTESIAN_POINT('',(-9.83985381241708,15.5,91.8927944910359));
#6182=CARTESIAN_POINT('',(-11.1227659785384,15.5,93.5422529903348));
#6183=CARTESIAN_POINT('',(-0.765073093791031,15.5,91.8927944910359));
#6184=CARTESIAN_POINT('',(-3.62761914336332,15.5000000000001,119.024932604968));
#6185=CARTESIAN_POINT('Origin',(-9.83985381241708,19.5,91.8927944910359));
#6186=CARTESIAN_POINT('',(-3.7899999999997,19.4999999999999,84.1144110179278));
#6187=CARTESIAN_POINT('',(-3.7899999999997,19.4999999999999,84.1144110179278));
#6188=CARTESIAN_POINT('',(-9.83985381241708,19.5,91.8927944910359));
#6189=CARTESIAN_POINT('',(-3.709896544172,19.4999999999999,84.0114208604351));
#6190=CARTESIAN_POINT('',(-9.83985381241708,19.5,91.8927944910359));
#6191=CARTESIAN_POINT('Origin',(2.25985381241769,19.5,91.8927944910359));
#6192=CARTESIAN_POINT('',(2.25985381241769,19.5,91.8927944910359));
#6193=CARTESIAN_POINT('',(-0.765073093791061,19.5,91.8927944910359));
#6194=CARTESIAN_POINT('',(2.25985381241769,19.5,91.8927944910359));
#6195=CARTESIAN_POINT('Origin',(-3.7899999999997,19.4999999999999,84.1144110179278));
#6196=CARTESIAN_POINT('',(-6.89503036203613,19.4999999999999,80.122229123881));
#6197=CARTESIAN_POINT('Origin',(3.21000000000021,19.5,128.671177964144));
#6198=CARTESIAN_POINT('',(-2.83985381241708,19.5,120.892794491036));
#6199=CARTESIAN_POINT('',(-2.83985381241708,19.5,120.892794491036));
#6200=CARTESIAN_POINT('',(3.21000000000022,19.5,128.671177964144));
#6201=CARTESIAN_POINT('',(-12.0107085066962,19.5,109.101695598391));
#6202=CARTESIAN_POINT('',(3.21000000000022,19.5,128.671177964144));
#6203=CARTESIAN_POINT('Origin',(3.21000000000021,19.5,113.114411017928));
#6204=CARTESIAN_POINT('',(3.21000000000022,19.5,113.114411017928));
#6205=CARTESIAN_POINT('',(3.21000000000021,19.5,92.2072055089639));
#6206=CARTESIAN_POINT('',(3.21000000000022,19.5,113.114411017928));
#6207=CARTESIAN_POINT('Origin',(-2.83985381241708,19.5,120.892794491036));
#6208=CARTESIAN_POINT('',(8.9977957635203,19.5,105.672959321974));
#6209=CARTESIAN_POINT('Origin',(-3.78999999999975,15.5,101.892794491036));
#6210=CARTESIAN_POINT('',(-10.7899999999997,15.5,113.114411017928));
#6211=CARTESIAN_POINT('',(-12.189853235362,15.5,111.314599715319));
#6212=CARTESIAN_POINT('',(-10.7899999999997,15.5,115.28198622759));
#6213=CARTESIAN_POINT('Origin',(-4.74014618758232,19.5,120.892794491036));
#6214=CARTESIAN_POINT('',(-10.7899999999997,19.5,128.671177964144));
#6215=CARTESIAN_POINT('',(-10.7899999999997,19.5,128.671177964144));
#6216=CARTESIAN_POINT('',(-4.74014618758232,19.5,120.892794491036));
#6217=CARTESIAN_POINT('',(7.45563541290544,19.5,105.212503861837));
#6218=CARTESIAN_POINT('',(-4.74014618758232,19.5,120.892794491036));
#6219=CARTESIAN_POINT('Origin',(-10.7899999999997,19.5,113.114411017928));
#6220=CARTESIAN_POINT('',(-10.7899999999997,19.5,113.114411017928));
#6221=CARTESIAN_POINT('',(-19.6027226697284,19.5,101.783767585419));
#6222=CARTESIAN_POINT('',(-10.7899999999997,19.5,113.114411017928));
#6223=CARTESIAN_POINT('Origin',(-10.7899999999997,19.5,128.671177964144));
#6224=CARTESIAN_POINT('',(-10.7899999999997,19.5,99.9855889820719));
#6225=CARTESIAN_POINT('Origin',(-10.7899999999997,19.5,90.671177964144));
#6226=CARTESIAN_POINT('',(-10.7899999999997,19.4999999999999,75.1144110179278));
#6227=CARTESIAN_POINT('',(-10.7899999999997,19.4999999999999,75.1144110179278));
#6228=CARTESIAN_POINT('',(-10.7899999999997,19.5,90.671177964144));
#6229=CARTESIAN_POINT('',(-10.7899999999997,19.4999999999999,80.9855889820719));
#6230=CARTESIAN_POINT('',(-10.7899999999997,19.5,90.671177964144));
#6231=CARTESIAN_POINT('Origin',(-4.74014618758232,19.4999999999999,82.8927944910359));
#6232=CARTESIAN_POINT('',(-4.74014618758231,19.4999999999999,82.8927944910359));
#6233=CARTESIAN_POINT('',(-1.75205689478687,19.4999999999999,79.0509654002989));
#6234=CARTESIAN_POINT('',(-4.74014618758231,19.4999999999999,82.8927944910359));
#6235=CARTESIAN_POINT('Origin',(-10.7899999999997,19.4999999999999,75.1144110179278));
#6236=CARTESIAN_POINT('',(-10.3950303620361,19.4999999999999,75.622229123881));
#6237=CARTESIAN_POINT('Origin',(-2.83985381241709,19.4999999999999,82.8927944910359));
#6238=CARTESIAN_POINT('',(3.21000000000022,19.4999999999999,75.1144110179279));
#6239=CARTESIAN_POINT('',(3.21000000000022,19.4999999999999,75.1144110179279));
#6240=CARTESIAN_POINT('',(-2.83985381241708,19.4999999999999,82.8927944910359));
#6241=CARTESIAN_POINT('',(-0.209896544172006,19.4999999999999,79.5114208604351));
#6242=CARTESIAN_POINT('',(-2.83985381241708,19.4999999999999,82.8927944910359));
#6243=CARTESIAN_POINT('Origin',(3.21000000000021,19.5,90.6711779641439));
#6244=CARTESIAN_POINT('',(3.21000000000022,19.5,90.6711779641439));
#6245=CARTESIAN_POINT('',(-2.80301619900393,19.4999999999999,82.9401571368528));
#6246=CARTESIAN_POINT('',(3.21000000000022,19.5,90.6711779641439));
#6247=CARTESIAN_POINT('Origin',(3.21000000000021,19.4999999999999,75.1144110179279));
#6248=CARTESIAN_POINT('',(3.21000000000021,19.4999999999999,73.2072055089639));
#6249=CARTESIAN_POINT('Origin',(-9.83985381241709,19.5,129.892794491036));
#6250=CARTESIAN_POINT('',(-3.7899999999997,19.5,122.114411017928));
#6251=CARTESIAN_POINT('',(-3.7899999999997,19.5,122.114411017928));
#6252=CARTESIAN_POINT('',(-9.83985381241708,19.5,129.892794491036));
#6253=CARTESIAN_POINT('',(5.4977957635203,19.5,110.172959321974));
#6254=CARTESIAN_POINT('',(-9.83985381241708,19.5,129.892794491036));
#6255=CARTESIAN_POINT('Origin',(2.25985381241769,19.5,129.892794491036));
#6256=CARTESIAN_POINT('',(2.25985381241769,19.5,129.892794491036));
#6257=CARTESIAN_POINT('',(-0.765073093791061,19.5,129.892794491036));
#6258=CARTESIAN_POINT('',(2.25985381241769,19.5,129.892794491036));
#6259=CARTESIAN_POINT('Origin',(-3.7899999999997,19.5,122.114411017928));
#6260=CARTESIAN_POINT('',(-16.1027226697284,19.5,106.283767585419));
#6261=CARTESIAN_POINT('Origin',(-3.78999999999975,15.5,101.892794491036));
#6262=CARTESIAN_POINT('',(-3.62761914336332,15.5000000000001,119.024932604968));
#6263=CARTESIAN_POINT('',(-9.83985381241708,15.5,111.892794491036));
#6264=CARTESIAN_POINT('',(-6.81492690620841,15.5,111.892794491036));
#6265=CARTESIAN_POINT('',(-8.09783907232974,15.5,114.132527728291));
#6266=CARTESIAN_POINT('Origin',(-3.7899999999997,19.5,119.671177964144));
#6267=CARTESIAN_POINT('',(-9.83985381241708,19.5,111.892794491036));
#6268=CARTESIAN_POINT('',(-9.83985381241708,19.5,111.892794491036));
#6269=CARTESIAN_POINT('',(-3.78999999999969,19.5,119.671177964144));
#6270=CARTESIAN_POINT('',(-15.5107085066962,19.5,104.601695598391));
#6271=CARTESIAN_POINT('',(-3.78999999999969,19.5,119.671177964144));
#6272=CARTESIAN_POINT('Origin',(2.25985381241768,19.5,111.892794491036));
#6273=CARTESIAN_POINT('',(2.25985381241769,19.5,111.892794491036));
#6274=CARTESIAN_POINT('',(10.9556354129054,19.5,100.712503861837));
#6275=CARTESIAN_POINT('',(2.25985381241769,19.5,111.892794491036));
#6276=CARTESIAN_POINT('Origin',(-9.83985381241708,19.5,111.892794491036));
#6277=CARTESIAN_POINT('',(-6.81492690620844,19.5,111.892794491036));
#6278=CARTESIAN_POINT('Origin',(-3.7899999999997,19.4999999999999,81.671177964144));
#6279=CARTESIAN_POINT('',(-9.83985381241708,19.4999999999999,73.8927944910359));
#6280=CARTESIAN_POINT('',(-9.83985381241708,19.4999999999999,73.8927944910359));
#6281=CARTESIAN_POINT('',(-3.7899999999997,19.4999999999999,81.671177964144));
#6282=CARTESIAN_POINT('',(-6.30301619900388,19.4999999999999,78.4401571368529));
#6283=CARTESIAN_POINT('',(-3.7899999999997,19.4999999999999,81.671177964144));
#6284=CARTESIAN_POINT('Origin',(2.25985381241769,19.4999999999999,73.8927944910359));
#6285=CARTESIAN_POINT('',(2.25985381241769,19.4999999999999,73.8927944910359));
#6286=CARTESIAN_POINT('',(1.74794310521314,19.4999999999999,74.5509654002989));
#6287=CARTESIAN_POINT('',(2.25985381241769,19.4999999999999,73.8927944910359));
#6288=CARTESIAN_POINT('Origin',(-9.83985381241708,19.4999999999999,73.8927944910359));
#6289=CARTESIAN_POINT('',(-6.81492690620844,19.4999999999999,73.8927944910359));
#6290=CARTESIAN_POINT('Origin',(-3.78999999999974,-15.5000000000001,101.892794491036));
#6291=CARTESIAN_POINT('',(1.26103451321744,-15.5000000000001,91.2999999999998));
#6292=CARTESIAN_POINT('',(-3.62761914336333,-15.5,119.024932604968));
#6293=CARTESIAN_POINT('',(-9.83985381241708,-15.5000000000001,91.8927944910359));
#6294=CARTESIAN_POINT('',(-6.81492690620841,-15.5000000000001,91.8927944910359));
#6295=CARTESIAN_POINT('',(-8.09783907232973,-15.5000000000001,89.6530612537808));
#6296=CARTESIAN_POINT('',(0.710000000000186,-15.5000000000001,91.2999999999999));
#6297=CARTESIAN_POINT('Origin',(-9.83985381241708,-19.5,91.8927944910359));
#6298=CARTESIAN_POINT('',(2.25985381241769,-19.5,91.8927944910359));
#6299=CARTESIAN_POINT('',(-9.83985381241708,-19.5,91.8927944910359));
#6300=CARTESIAN_POINT('Origin',(-3.78999999999969,-19.5,84.1144110179278));
#6301=CARTESIAN_POINT('',(-3.78999999999969,-19.5,84.1144110179278));
#6302=CARTESIAN_POINT('Origin',(2.25985381241769,-19.5,91.8927944910359));
#6303=CARTESIAN_POINT('Origin',(-4.74014618758231,-19.5,101.892794491036));
#6304=CARTESIAN_POINT('',(-10.7899999999997,-15.5000000000001,94.1144110179278));
#6305=CARTESIAN_POINT('',(-4.74014618758231,-15.5000000000001,101.892794491036));
#6306=CARTESIAN_POINT('',(-4.56108017530714,-15.5000000000001,102.123022221104));
#6307=CARTESIAN_POINT('',(-10.7899999999997,-19.5,94.1144110179278));
#6308=CARTESIAN_POINT('',(-4.74014618758231,-19.5,101.892794491036));
#6309=CARTESIAN_POINT('Origin',(-10.7899999999997,-19.5,109.671177964144));
#6310=CARTESIAN_POINT('',(-10.7899999999997,-15.5,109.671177964144));
#6311=CARTESIAN_POINT('',(-7.58600708151582,-15.5,105.551758497522));
#6312=CARTESIAN_POINT('',(-10.7899999999997,-19.5,109.671177964144));
#6313=CARTESIAN_POINT('Origin',(-10.7899999999997,-19.5,94.1144110179278));
#6314=CARTESIAN_POINT('',(-10.7899999999997,-15.5000000000001,98.0036027544819));
#6315=CARTESIAN_POINT('Origin',(-3.78999999999974,-15.5000000000001,101.892794491036));
#6316=CARTESIAN_POINT('Origin',(3.21000000000022,-19.5,128.671177964144));
#6317=CARTESIAN_POINT('',(3.21000000000022,-19.5,113.114411017928));
#6318=CARTESIAN_POINT('',(3.21000000000022,-19.5,128.671177964144));
#6319=CARTESIAN_POINT('Origin',(-2.83985381241707,-19.5,120.892794491036));
#6320=CARTESIAN_POINT('',(-2.83985381241708,-19.5,120.892794491036));
#6321=CARTESIAN_POINT('Origin',(3.21000000000022,-19.5,113.114411017928));
#6322=CARTESIAN_POINT('Origin',(-3.78999999999974,-15.5000000000001,101.892794491036));
#6323=CARTESIAN_POINT('',(-10.7899999999997,-15.5,113.114411017928));
#6324=CARTESIAN_POINT('',(-10.7899999999997,-15.5,107.503602754482));
#6325=CARTESIAN_POINT('',(-9.16492632915329,-15.5,115.203791451873));
#6326=CARTESIAN_POINT('Origin',(-4.74014618758231,-19.5,120.892794491036));
#6327=CARTESIAN_POINT('',(-10.7899999999997,-19.5,113.114411017928));
#6328=CARTESIAN_POINT('',(-4.74014618758231,-19.5,120.892794491036));
#6329=CARTESIAN_POINT('Origin',(-10.7899999999997,-19.5,128.671177964144));
#6330=CARTESIAN_POINT('',(-10.7899999999997,-19.5,128.671177964144));
#6331=CARTESIAN_POINT('Origin',(-10.7899999999997,-19.5,113.114411017928));
#6332=CARTESIAN_POINT('Origin',(-3.78999999999969,-19.5,100.671177964144));
#6333=CARTESIAN_POINT('',(2.25985381241769,-19.5,92.8927944910359));
#6334=CARTESIAN_POINT('',(-3.78999999999969,-15.5000000000001,100.671177964144));
#6335=CARTESIAN_POINT('',(-3.78999999999969,-19.5,100.671177964144));
#6336=CARTESIAN_POINT('',(-4.08600708151582,-15.5000000000001,101.051758497522));
#6337=CARTESIAN_POINT('Origin',(-9.83985381241708,-19.5,92.8927944910359));
#6338=CARTESIAN_POINT('',(-9.83985381241708,-15.5000000000001,92.8927944910359));
#6339=CARTESIAN_POINT('',(-6.51891982469227,-15.5000000000001,97.1625667609678));
#6340=CARTESIAN_POINT('',(-9.83985381241708,-19.5,92.8927944910359));
#6341=CARTESIAN_POINT('Origin',(2.25985381241769,-19.5,92.8927944910359));
#6342=CARTESIAN_POINT('',(-0.765073093791023,-15.5000000000001,92.8927944910359));
#6343=CARTESIAN_POINT('Origin',(-3.78999999999974,-15.5000000000001,101.892794491036));
#6344=CARTESIAN_POINT('',(-3.62761914336333,-15.5,119.024932604968));
#6345=CARTESIAN_POINT('Origin',(-10.7899999999997,-19.5,90.671177964144));
#6346=CARTESIAN_POINT('',(-4.74014618758231,-19.5,82.8927944910359));
#6347=CARTESIAN_POINT('',(-10.7899999999997,-19.5,90.671177964144));
#6348=CARTESIAN_POINT('Origin',(-10.7899999999997,-19.5,75.1144110179278));
#6349=CARTESIAN_POINT('',(-10.7899999999997,-19.5,75.1144110179278));
#6350=CARTESIAN_POINT('Origin',(-4.74014618758231,-19.5,82.8927944910359));
#6351=CARTESIAN_POINT('Origin',(-2.83985381241708,-19.5,82.8927944910359));
#6352=CARTESIAN_POINT('',(3.21000000000022,-19.5,90.6711779641439));
#6353=CARTESIAN_POINT('',(-2.83985381241708,-19.5,82.8927944910359));
#6354=CARTESIAN_POINT('Origin',(3.21000000000022,-19.5,75.1144110179279));
#6355=CARTESIAN_POINT('',(3.21000000000022,-19.5,75.1144110179279));
#6356=CARTESIAN_POINT('Origin',(3.21000000000022,-19.5,90.6711779641439));
#6357=CARTESIAN_POINT('Origin',(-9.83985381241708,-19.5,110.892794491036));
#6358=CARTESIAN_POINT('',(2.25985381241769,-19.5,110.892794491036));
#6359=CARTESIAN_POINT('',(-9.83985381241708,-15.5,110.892794491036));
#6360=CARTESIAN_POINT('',(-9.83985381241708,-19.5,110.892794491036));
#6361=CARTESIAN_POINT('',(-6.81492690620841,-15.5,110.892794491036));
#6362=CARTESIAN_POINT('Origin',(-3.78999999999969,-19.5,103.114411017928));
#6363=CARTESIAN_POINT('',(-3.78999999999969,-15.5,103.114411017928));
#6364=CARTESIAN_POINT('',(-3.49399291848358,-15.5,102.73383048455));
#6365=CARTESIAN_POINT('',(-3.78999999999969,-19.5,103.114411017928));
#6366=CARTESIAN_POINT('Origin',(2.25985381241769,-19.5,110.892794491036));
#6367=CARTESIAN_POINT('',(-1.06108017530714,-15.5,106.623022221104));
#6368=CARTESIAN_POINT('Origin',(-3.78999999999974,-15.5000000000001,101.892794491036));
#6369=CARTESIAN_POINT('',(-3.62761914336333,-15.5,119.024932604968));
#6370=CARTESIAN_POINT('Origin',(-9.83985381241708,-19.5000000000001,129.892794491036));
#6371=CARTESIAN_POINT('',(2.25985381241769,-19.5,129.892794491036));
#6372=CARTESIAN_POINT('',(-9.83985381241708,-19.5,129.892794491036));
#6373=CARTESIAN_POINT('Origin',(-3.78999999999969,-19.5,122.114411017928));
#6374=CARTESIAN_POINT('',(-3.78999999999969,-19.5,122.114411017928));
#6375=CARTESIAN_POINT('Origin',(2.25985381241769,-19.5,129.892794491036));
#6376=CARTESIAN_POINT('Origin',(-3.78999999999974,-15.5000000000001,101.892794491036));
#6377=CARTESIAN_POINT('',(-9.83985381241708,-15.5,111.892794491036));
#6378=CARTESIAN_POINT('',(-11.1227659785384,-15.5,110.243335991737));
#6379=CARTESIAN_POINT('',(-0.765073093791023,-15.5,111.892794491036));
#6380=CARTESIAN_POINT('',(-3.62761914336333,-15.5,119.024932604968));
#6381=CARTESIAN_POINT('Origin',(-3.78999999999969,-19.5,119.671177964144));
#6382=CARTESIAN_POINT('',(2.25985381241769,-19.5,111.892794491036));
#6383=CARTESIAN_POINT('',(-3.78999999999969,-19.5,119.671177964144));
#6384=CARTESIAN_POINT('Origin',(-9.83985381241708,-19.5,111.892794491036));
#6385=CARTESIAN_POINT('',(-9.83985381241708,-19.5,111.892794491036));
#6386=CARTESIAN_POINT('Origin',(2.25985381241769,-19.5,111.892794491036));
#6387=CARTESIAN_POINT('Origin',(-3.78999999999974,-15.5000000000001,101.892794491036));
#6388=CARTESIAN_POINT('',(-3.62761914336333,-15.5,119.024932604968));
#6389=CARTESIAN_POINT('',(-2.83985381241708,-15.5000000000001,101.892794491036));
#6390=CARTESIAN_POINT('',(-3.01891982469227,-15.5000000000001,101.662566760968));
#6391=CARTESIAN_POINT('',(0.0060070815163786,-15.5000000000001,98.23383048455));
#6392=CARTESIAN_POINT('Origin',(3.21000000000022,-19.5,109.671177964144));
#6393=CARTESIAN_POINT('',(3.21000000000022,-19.5,94.1144110179279));
#6394=CARTESIAN_POINT('',(3.21000000000022,-19.5,109.671177964144));
#6395=CARTESIAN_POINT('Origin',(-2.83985381241707,-19.5,101.892794491036));
#6396=CARTESIAN_POINT('',(-2.83985381241708,-19.5,101.892794491036));
#6397=CARTESIAN_POINT('Origin',(3.21000000000022,-19.5,94.1144110179279));
#6398=CARTESIAN_POINT('Origin',(-3.78999999999969,-19.5,81.671177964144));
#6399=CARTESIAN_POINT('',(2.25985381241769,-19.5,73.8927944910359));
#6400=CARTESIAN_POINT('',(-3.78999999999969,-19.5,81.671177964144));
#6401=CARTESIAN_POINT('Origin',(-9.83985381241708,-19.5,73.8927944910359));
#6402=CARTESIAN_POINT('',(-9.83985381241708,-19.5,73.8927944910359));
#6403=CARTESIAN_POINT('Origin',(2.25985381241769,-19.5,73.8927944910359));
#6404=CARTESIAN_POINT('Origin',(-6.28999999999981,16.5,101.3));
#6405=CARTESIAN_POINT('',(1.21000000000019,17.5,100.3));
#6406=CARTESIAN_POINT('',(1.21000000000019,15.5,102.3));
#6407=CARTESIAN_POINT('',(-8.78999999999981,17.5,100.3));
#6408=CARTESIAN_POINT('',(-8.78999999999981,16.5,101.3));
#6409=CARTESIAN_POINT('',(-6.28999999999981,17.5,100.3));
#6410=CARTESIAN_POINT('Origin',(-1.28999999999981,16.5,105.3));
#6411=CARTESIAN_POINT('',(1.21000000000019,17.5,106.3));
#6412=CARTESIAN_POINT('',(1.21000000000019,16.5,105.3));
#6413=CARTESIAN_POINT('',(-8.78999999999981,17.5,106.3));
#6414=CARTESIAN_POINT('',(-1.28999999999981,17.5,106.3));
#6415=CARTESIAN_POINT('',(-8.78999999999981,13.,101.8));
#6416=CARTESIAN_POINT('Origin',(1.21000000000019,11.5,106.3));
#6417=CARTESIAN_POINT('',(1.21000000000019,19.5,106.3));
#6418=CARTESIAN_POINT('',(1.21000000000019,11.5,106.3));
#6419=CARTESIAN_POINT('',(-8.78999999999981,19.5,106.3));
#6420=CARTESIAN_POINT('',(-1.28999999999981,19.5,106.3));
#6421=CARTESIAN_POINT('',(-8.78999999999981,11.5,106.3));
#6422=CARTESIAN_POINT('Origin',(-12.7899999999998,12.5,95.291533887715));
#6423=CARTESIAN_POINT('',(-8.78999999999981,12.5,96.2999999999998));
#6424=CARTESIAN_POINT('',(-8.78999999999981,12.5,110.3));
#6425=CARTESIAN_POINT('',(-8.78999999999981,12.5,100.795766943857));
#6426=CARTESIAN_POINT('',(-2.08917812024407,12.5,110.3));
#6427=CARTESIAN_POINT('',(-10.7899999999998,12.5,110.3));
#6428=CARTESIAN_POINT('',(-2.32089368037531,12.5000000000001,111.614124243494));
#6429=CARTESIAN_POINT('',(-1.58220843765929,12.5,107.42483205606));
#6430=CARTESIAN_POINT('',(-4.85946021008972,12.5000000000001,111.614124243494));
#6431=CARTESIAN_POINT('',(-12.7899999999998,12.5000000000001,111.614124243494));
#6432=CARTESIAN_POINT('',(-5.78118774151401,12.5000000000001,116.841500835101));
#6433=CARTESIAN_POINT('',(-8.92116671815215,12.5000000000001,111.614124243494));
#6434=CARTESIAN_POINT('',(-9.72041881225736,12.5000000000001,116.146908114084));
#6435=CARTESIAN_POINT('',(-12.7899999999998,12.5000000000001,111.614124243494));
#6436=CARTESIAN_POINT('',(-6.04305364337589,12.5000000000001,95.291533887715));
#6437=CARTESIAN_POINT('',(-12.7899999999998,12.5000000000001,95.291533887715));
#6438=CARTESIAN_POINT('',(-5.33923852455941,12.5000000000001,91.2999999999998));
#6439=CARTESIAN_POINT('',(-9.72041881225736,12.5000000000001,116.146908114084));
#6440=CARTESIAN_POINT('',(-1.27753201649698,12.5000000000001,91.2999999999998));
#6441=CARTESIAN_POINT('',(-2.25520940612862,12.5000000000001,91.2999999999998));
#6442=CARTESIAN_POINT('',(-1.98134713531346,12.5000000000001,95.291533887715));
#6443=CARTESIAN_POINT('',(-5.78118774151401,12.5000000000001,116.841500835101));
#6444=CARTESIAN_POINT('',(0.557219394400956,12.5000000000001,95.291533887715));
#6445=CARTESIAN_POINT('',(-12.7899999999998,12.5000000000001,95.291533887715));
#6446=CARTESIAN_POINT('',(0.379399609674934,12.5,96.2999999999998));
#6447=CARTESIAN_POINT('',(-1.58220843765929,12.5,107.42483205606));
#6448=CARTESIAN_POINT('',(-5.78999999999982,12.5,96.2999999999998));
#6449=CARTESIAN_POINT('Origin',(-9.72041881225733,-12.4999999999999,116.146908114084));
#6450=CARTESIAN_POINT('',(-6.04305364337589,-12.4999999999999,95.2915338877152));
#6451=CARTESIAN_POINT('',(-7.33416621463917,-2.49999999999987,102.613797140199));
#6452=CARTESIAN_POINT('',(-6.73386211571927,-7.14951013785359,99.2093034177533));
#6453=CARTESIAN_POINT('',(-5.33923852455939,-12.4999999999999,91.2999999999999));
#6454=CARTESIAN_POINT('',(-9.72041881225733,-12.4999999999999,116.146908114084));
#6455=CARTESIAN_POINT('',(-5.33923852455937,-6.50000000000001,91.2999999999999));
#6456=CARTESIAN_POINT('',(-7.33416621463913,2.50000000000013,102.613797140199));
#6457=CARTESIAN_POINT('',(-7.79564954015524,-1.07430742901498,105.230999134255));
#6458=CARTESIAN_POINT('',(-6.98449786125719,2.50000000000013,100.630729364769));
#6459=CARTESIAN_POINT('',(-9.72041881225734,2.50000000000013,116.146908114084));
#6460=CARTESIAN_POINT('',(-6.95052262412018,2.76314697798802,100.438046220076));
#6461=CARTESIAN_POINT('',(-6.98449786125722,-2.49999999999987,100.630729364769));
#6462=CARTESIAN_POINT('',(-7.15473728685644,-1.1814517232013,101.596205124152));
#6463=CARTESIAN_POINT('',(-9.72041881225733,-2.49999999999987,116.146908114084));
#6464=CARTESIAN_POINT('Origin',(-9.72041881225733,-12.4999999999999,116.146908114084));
#6465=CARTESIAN_POINT('',(-7.63005414688882,-2.49999999999987,104.29186099101));
#6466=CARTESIAN_POINT('',(-8.9211667181521,-12.4999999999999,111.614124243494));
#6467=CARTESIAN_POINT('',(-8.43814748275479,-8.75889139221437,108.87478603526));
#6468=CARTESIAN_POINT('',(-7.97972250027077,-2.49999999999987,106.274928766441));
#6469=CARTESIAN_POINT('',(-9.72041881225733,-2.49999999999987,116.146908114084));
#6470=CARTESIAN_POINT('',(-9.09600089484309,-11.1458641904486,112.60565813121));
#6471=CARTESIAN_POINT('',(-9.28327439878985,-12.5963457992174,113.667738949439));
#6472=CARTESIAN_POINT('',(-9.09600089484312,11.1458641904485,112.60565813121));
#6473=CARTESIAN_POINT('',(-9.09600089484311,6.82293209522434,112.60565813121));
#6474=CARTESIAN_POINT('',(-7.97972250027081,2.50000000000013,106.274928766441));
#6475=CARTESIAN_POINT('',(-8.24759934523076,4.57477528235875,107.794133847159));
#6476=CARTESIAN_POINT('',(-7.63005414688886,2.50000000000013,104.291860991011));
#6477=CARTESIAN_POINT('',(-9.72041881225734,2.50000000000013,116.146908114084));
#6478=CARTESIAN_POINT('',(-8.66847451636795,10.5428336970111,110.181035553557));
#6479=CARTESIAN_POINT('',(-9.72041881225733,-12.4999999999999,116.146908114084));
#6480=CARTESIAN_POINT('Origin',(-5.78118774151398,-2.49999999999987,116.841500835101));
#6481=CARTESIAN_POINT('',(-3.27245970657673,-2.49999999999987,102.613797140199));
#6482=CARTESIAN_POINT('',(-1.98134713531346,-12.4999999999999,95.2915338877152));
#6483=CARTESIAN_POINT('',(-3.13148858648709,-3.59185769875745,101.814310189744));
#6484=CARTESIAN_POINT('',(-2.92279135319479,-2.49999999999987,100.630729364769));
#6485=CARTESIAN_POINT('',(-5.78118774151398,-2.49999999999987,116.841500835101));
#6486=CARTESIAN_POINT('',(-3.55236375762426,2.37620071589486,104.201211896142));
#6487=CARTESIAN_POINT('',(-2.92279135319476,2.50000000000014,100.630729364769));
#6488=CARTESIAN_POINT('',(-2.51668870406514,5.6453698009639,98.3276067938616));
#6489=CARTESIAN_POINT('',(-3.2724597065767,2.50000000000014,102.613797140199));
#6490=CARTESIAN_POINT('',(-5.78118774151399,2.50000000000014,116.841500835101));
#6491=CARTESIAN_POINT('',(-3.3618156201002,1.8079153939609,103.12055970804));
#6492=CARTESIAN_POINT('',(-1.27753201649696,-12.4999999999999,91.2999999999999));
#6493=CARTESIAN_POINT('',(-1.27753201649695,-1.5,91.2999999999998));
#6494=CARTESIAN_POINT('',(-5.78118774151398,-12.4999999999999,116.841500835101));
#6495=CARTESIAN_POINT('Origin',(-9.72041881225733,-2.49999999999987,116.146908114084));
#6496=CARTESIAN_POINT('',(-11.2552094061286,-2.49999999999987,102.613797140199));
#6497=CARTESIAN_POINT('',(-11.2552094061286,-2.49999999999987,100.630729364769));
#6498=CARTESIAN_POINT('Origin',(-5.78118774151398,-2.49999999999987,116.841500835101));
#6499=CARTESIAN_POINT('',(-4.85946021008966,-12.4999999999999,111.614124243494));
#6500=CARTESIAN_POINT('',(-3.56834763882639,-2.49999999999987,104.29186099101));
#6501=CARTESIAN_POINT('',(-4.00431356269975,-5.8766685692385,106.764346609046));
#6502=CARTESIAN_POINT('',(-5.78118774151398,-12.4999999999999,116.841500835101));
#6503=CARTESIAN_POINT('',(-3.56834763882643,2.50000000000014,104.291860991011));
#6504=CARTESIAN_POINT('',(-5.06610098713577,14.1004861361072,112.786042325547));
#6505=CARTESIAN_POINT('',(-3.91801599220838,2.50000000000014,106.274928766441));
#6506=CARTESIAN_POINT('',(-5.78118774151399,2.50000000000014,116.841500835101));
#6507=CARTESIAN_POINT('',(-4.64522581599859,8.13242772145491,110.399140619149));
#6508=CARTESIAN_POINT('',(-3.91801599220833,-2.49999999999987,106.274928766441));
#6509=CARTESIAN_POINT('',(-4.84944047873481,-9.71412297624148,111.557299523224));
#6510=CARTESIAN_POINT('',(-5.78118774151398,-2.49999999999987,116.841500835101));
#6511=CARTESIAN_POINT('Origin',(-9.72041881225733,-2.49999999999987,116.146908114084));
#6512=CARTESIAN_POINT('',(-11.2552094061286,-2.49999999999987,104.29186099101));
#6513=CARTESIAN_POINT('',(-11.2552094061286,-2.49999999999987,106.274928766441));
#6514=CARTESIAN_POINT('Origin',(-5.78118774151399,2.50000000000014,116.841500835101));
#6515=CARTESIAN_POINT('',(-9.2855938707569,2.50000000000012,100.630729364769));
#6516=CARTESIAN_POINT('',(-9.28559387075691,2.50000000000013,102.613797140199));
#6517=CARTESIAN_POINT('Origin',(-5.78118774151399,2.50000000000014,116.841500835101));
#6518=CARTESIAN_POINT('',(-9.2855938707569,2.50000000000013,106.274928766441));
#6519=CARTESIAN_POINT('',(-9.28559387075688,2.50000000000012,104.291860991011));
#6520=CARTESIAN_POINT('Origin',(-12.7899999999998,-12.5000000000001,111.614124243494));
#6521=CARTESIAN_POINT('',(-12.7899999999998,-12.5000000000001,95.291533887715));
#6522=CARTESIAN_POINT('',(-12.7899999999998,-12.5000000000001,111.614124243494));
#6523=CARTESIAN_POINT('',(-2.32089368037531,-12.5000000000001,111.614124243494));
#6524=CARTESIAN_POINT('',(-12.7899999999998,-12.5000000000001,111.614124243494));
#6525=CARTESIAN_POINT('',(0.557219394400961,-12.5000000000001,95.291533887715));
#6526=CARTESIAN_POINT('',(-2.97787211089201,-12.5000000000001,115.340034072364));
#6527=CARTESIAN_POINT('',(-12.7899999999998,-12.5000000000001,95.291533887715));
#6528=CARTESIAN_POINT('',(-0.285593870756896,-12.4999999999999,91.2999999999999));
#6529=CARTESIAN_POINT('Origin',(-12.7899999999998,-12.5000000000001,95.291533887715));
#6530=CARTESIAN_POINT('',(-0.748916550082444,-2.38364009804804,102.698998923611));
#6531=CARTESIAN_POINT('',(0.0865675361960327,-8.85467991962609,97.9607332145214));
#6532=CARTESIAN_POINT('',(-12.7899999999998,-2.38364009804804,102.698998923611));
#6533=CARTESIAN_POINT('Origin',(-12.7899999999998,-11.1458641904486,112.60565813121));
#6534=CARTESIAN_POINT('',(-1.24238337542196,-1.43838778954886,105.497588358743));
#6535=CARTESIAN_POINT('',(-3.04486702045057,-15.3990887008954,115.71998108495));
#6536=CARTESIAN_POINT('',(-12.7899999999998,-1.43838778954886,105.497588358743));
#6537=CARTESIAN_POINT('',(-12.7899999999998,-11.1458641904486,112.60565813121));
#6538=CARTESIAN_POINT('Origin',(-12.7899999999998,1.43838778954883,105.497588358743));
#6539=CARTESIAN_POINT('',(-12.7899999999998,11.1458641904485,112.60565813121));
#6540=CARTESIAN_POINT('',(-1.24238337542196,1.43838778954883,105.497588358743));
#6541=CARTESIAN_POINT('',(-12.7899999999998,1.43838778954883,105.497588358743));
#6542=CARTESIAN_POINT('',(-0.803574400198317,-1.96030094596778,103.008978995273));
#6543=CARTESIAN_POINT('Origin',(-12.7899999999998,12.5000000000001,111.614124243494));
#6544=CARTESIAN_POINT('',(-1.01475773589191,2.38364009804801,104.206659207598));
#6545=CARTESIAN_POINT('',(-1.22444957133549,4.00775746868452,105.395880701671));
#6546=CARTESIAN_POINT('',(-12.7899999999998,2.38364009804801,104.206659207598));
#6547=CARTESIAN_POINT('Origin',(1.21000000000019,11.5,110.3));
#6548=CARTESIAN_POINT('',(1.21000000000019,19.5,110.3));
#6549=CARTESIAN_POINT('',(1.21000000000019,11.5,110.3));
#6550=CARTESIAN_POINT('',(1.21000000000019,19.5,90.7999999999998));
#6551=CARTESIAN_POINT('Origin',(-8.78999999999981,11.5,110.3));
#6552=CARTESIAN_POINT('',(-2.08917812024407,-4.,110.3));
#6553=CARTESIAN_POINT('',(-8.78999999999981,19.5,110.3));
#6554=CARTESIAN_POINT('',(-8.78999999999981,11.5,110.3));
#6555=CARTESIAN_POINT('',(-6.28999999999981,19.5,110.3));
#6556=CARTESIAN_POINT('Origin',(-3.31916835898347,-19.5,117.275621279268));
#6557=CARTESIAN_POINT('',(1.26103451321746,-15.5000000000001,91.2999999999999));
#6558=CARTESIAN_POINT('',(0.379399609674937,-4.,96.2999999999998));
#6559=CARTESIAN_POINT('',(-0.748916550082448,2.38364009804802,102.698998923611));
#6560=CARTESIAN_POINT('',(-2.1808374549331,-8.70695677724701,110.81982591842));
#6561=CARTESIAN_POINT('Origin',(-0.881837142987176,-1.33226762955019E-14,
103.452829065605));
#6562=CARTESIAN_POINT('',(-0.521290910552392,-1.43838778954886,101.408069772466));
#6563=CARTESIAN_POINT('',(-0.334307634941143,-2.88662150497379,100.34763492092));
#6564=CARTESIAN_POINT('',(-0.521290910552392,1.43838778954883,101.408069772466));
#6565=CARTESIAN_POINT('Origin',(-0.881837142987176,-1.33226762955019E-14,
103.452829065605));
#6566=CARTESIAN_POINT('',(-1.33571053889804,-4.86950237024401,106.026873004242));
#6567=CARTESIAN_POINT('',(-1.01475773589191,-2.38364009804804,104.206659207598));
#6568=CARTESIAN_POINT('Origin',(-0.881837142987176,-1.33226762955019E-14,
103.452829065605));
#6569=CARTESIAN_POINT('',(-2.19974010441551,-11.5616342938924,110.927028170772));
#6570=CARTESIAN_POINT('Origin',(-0.881837142987176,-1.33226762955019E-14,
103.452829065605));
#6571=CARTESIAN_POINT('Origin',(1.21000000000019,11.5,96.2999999999998));
#6572=CARTESIAN_POINT('',(1.21000000000019,19.5,96.2999999999998));
#6573=CARTESIAN_POINT('',(1.21000000000019,11.5,96.2999999999998));
#6574=CARTESIAN_POINT('',(-8.78999999999981,19.5,96.2999999999998));
#6575=CARTESIAN_POINT('',(-1.28999999999981,19.5,96.2999999999998));
#6576=CARTESIAN_POINT('',(-8.78999999999981,11.5,96.2999999999998));
#6577=CARTESIAN_POINT('Origin',(-8.78999999999981,11.5,96.2999999999998));
#6578=CARTESIAN_POINT('',(-8.78999999999981,19.5,100.3));
#6579=CARTESIAN_POINT('',(-8.78999999999981,19.4999999999999,83.7999999999998));
#6580=CARTESIAN_POINT('',(-8.78999999999981,11.5,100.3));
#6581=CARTESIAN_POINT('',(-8.78999999999981,19.5,88.7999999999998));
#6582=CARTESIAN_POINT('Origin',(1.21000000000019,11.5,100.3));
#6583=CARTESIAN_POINT('',(1.21000000000019,19.5,100.3));
#6584=CARTESIAN_POINT('',(1.21000000000019,11.5,100.3));
#6585=CARTESIAN_POINT('',(1.21000000000019,19.5,85.7999999999998));
#6586=CARTESIAN_POINT('Origin',(-8.78999999999981,11.5,100.3));
#6587=CARTESIAN_POINT('',(-6.28999999999981,19.5,100.3));
#6588=CARTESIAN_POINT('Origin',(-8.78999999999981,-19.5,68.2999999999998));
#6589=CARTESIAN_POINT('',(-8.78999999999981,-19.5,72.2999999999998));
#6590=CARTESIAN_POINT('',(-8.78999999999981,-19.5,68.2999999999998));
#6591=CARTESIAN_POINT('Origin',(-8.78999999999981,-19.5,68.2999999999998));
#6592=CARTESIAN_POINT('',(-8.78999999999981,19.4999999999999,68.2999999999998));
#6593=CARTESIAN_POINT('',(-8.78999999999981,-19.5,68.2999999999998));
#6594=CARTESIAN_POINT('',(-8.78999999999981,19.4999999999999,72.2999999999998));
#6595=CARTESIAN_POINT('',(-8.78999999999981,19.4999999999999,69.7999999999998));
#6596=CARTESIAN_POINT('',(-8.78999999999981,-19.5,72.2999999999998));
#6597=CARTESIAN_POINT('Origin',(-8.78999999999981,-19.5,72.2999999999998));
#6598=CARTESIAN_POINT('',(1.21000000000019,-19.5,72.2999999999998));
#6599=CARTESIAN_POINT('Origin',(-8.78999999999981,-19.5,72.2999999999998));
#6600=CARTESIAN_POINT('',(1.21000000000019,19.4999999999999,72.2999999999998));
#6601=CARTESIAN_POINT('',(-6.28999999999981,19.4999999999999,72.2999999999998));
#6602=CARTESIAN_POINT('',(1.21000000000019,-19.5,72.2999999999998));
#6603=CARTESIAN_POINT('Origin',(1.21000000000019,-19.5,68.2999999999998));
#6604=CARTESIAN_POINT('',(1.21000000000019,-19.5,68.2999999999998));
#6605=CARTESIAN_POINT('Origin',(1.21000000000019,-19.5,72.2999999999998));
#6606=CARTESIAN_POINT('Origin',(1.21000000000019,-19.5,72.2999999999998));
#6607=CARTESIAN_POINT('',(1.21000000000019,19.4999999999999,68.2999999999998));
#6608=CARTESIAN_POINT('',(1.21000000000019,19.4999999999999,71.7999999999998));
#6609=CARTESIAN_POINT('',(1.21000000000019,-19.5,68.2999999999998));
#6610=CARTESIAN_POINT('Origin',(1.21000000000019,-19.5,68.2999999999998));
#6611=CARTESIAN_POINT('',(-1.28999999999981,19.4999999999999,68.2999999999998));
#6612=CARTESIAN_POINT('Origin',(-8.78999999999981,-19.5,136.3));
#6613=CARTESIAN_POINT('',(1.21000000000019,-19.5,136.3));
#6614=CARTESIAN_POINT('',(-8.78999999999981,-19.5,136.3));
#6615=CARTESIAN_POINT('Origin',(-8.78999999999981,-19.5,136.3));
#6616=CARTESIAN_POINT('',(-8.78999999999981,19.5000000000001,136.3));
#6617=CARTESIAN_POINT('',(-8.78999999999981,-19.5,136.3));
#6618=CARTESIAN_POINT('',(1.21000000000019,19.5000000000001,136.3));
#6619=CARTESIAN_POINT('',(-6.28999999999981,19.5000000000001,136.3));
#6620=CARTESIAN_POINT('',(1.21000000000019,-19.5,136.3));
#6621=CARTESIAN_POINT('Origin',(1.21000000000019,-19.5,136.3));
#6622=CARTESIAN_POINT('',(1.21000000000019,-19.5,132.3));
#6623=CARTESIAN_POINT('Origin',(1.21000000000019,-19.5,136.3));
#6624=CARTESIAN_POINT('',(1.21000000000019,19.5,132.3));
#6625=CARTESIAN_POINT('',(1.21000000000019,19.5,103.8));
#6626=CARTESIAN_POINT('',(1.21000000000019,-19.5,132.3));
#6627=CARTESIAN_POINT('Origin',(-8.78999999999981,-19.5,132.3));
#6628=CARTESIAN_POINT('',(-8.78999999999981,-19.5,132.3));
#6629=CARTESIAN_POINT('Origin',(1.21000000000019,-19.5,132.3));
#6630=CARTESIAN_POINT('Origin',(1.21000000000019,-19.5,132.3));
#6631=CARTESIAN_POINT('',(-8.78999999999981,19.5,132.3));
#6632=CARTESIAN_POINT('',(-1.2899999999998,19.5,132.3));
#6633=CARTESIAN_POINT('',(-8.78999999999981,-19.5,132.3));
#6634=CARTESIAN_POINT('Origin',(-8.78999999999981,-19.5,132.3));
#6635=CARTESIAN_POINT('',(-8.78999999999981,19.5,101.8));
#6636=CARTESIAN_POINT('Origin',(-12.7899999999998,11.1458641904485,112.60565813121));
#6637=CARTESIAN_POINT('Origin',(-12.7899999999998,-1.33226762955019E-14,
103.452829065605));
#6638=CARTESIAN_POINT('Origin',(-12.7899999999998,-2.38364009804804,104.206659207598));
#6639=CARTESIAN_POINT('',(-12.7899999999998,-2.38364009804804,104.206659207598));
#6640=CARTESIAN_POINT('Origin',(-12.7899999999998,-1.33226762955019E-14,
103.452829065605));
#6641=CARTESIAN_POINT('Origin',(-12.7899999999998,-1.33226762955019E-14,
103.452829065605));
#6642=CARTESIAN_POINT('',(-12.7899999999998,-1.43838778954886,101.408069772466));
#6643=CARTESIAN_POINT('',(-12.7899999999998,1.43838778954883,101.408069772466));
#6644=CARTESIAN_POINT('Origin',(-12.7899999999998,11.1458641904485,94.2999999999999));
#6645=CARTESIAN_POINT('Origin',(-12.7899999999998,-1.43838778954886,101.408069772466));
#6646=CARTESIAN_POINT('Origin',(-12.7899999999998,-1.33226762955019E-14,
103.452829065605));
#6647=CARTESIAN_POINT('',(-12.7899999999998,2.38364009804802,102.698998923611));
#6648=CARTESIAN_POINT('Origin',(-12.7899999999998,2.38364009804801,102.698998923611));
#6649=CARTESIAN_POINT('Origin',(5.21000000000019,-15.5000000000001,91.2999999999999));
#6650=CARTESIAN_POINT('Origin',(5.21000000000019,-17.5000000000001,57.2999999999999));
#6651=CARTESIAN_POINT('',(5.21000000000035,-15.4999999999999,147.3));
#6652=CARTESIAN_POINT('',(5.21000000000019,-14.5000000000001,57.2999999999999));
#6653=CARTESIAN_POINT('Origin',(-9.78999999999969,17.5000000000002,147.3));
#6654=CARTESIAN_POINT('',(-11.5399999999997,19.5000000000002,147.3));
#6655=CARTESIAN_POINT('Origin',(-9.78999999999969,19.5000000000002,147.3));
#6656=CARTESIAN_POINT('',(-11.5399999999997,17.5000000000002,147.3));
#6657=CARTESIAN_POINT('',(-11.5399999999997,17.5000000000002,147.3));
#6658=CARTESIAN_POINT('Origin',(-9.78999999999969,17.5000000000002,147.3));
#6659=CARTESIAN_POINT('Origin',(2.21000000000039,17.5000000000002,147.3));
#6660=CARTESIAN_POINT('',(0.460000000000386,19.5000000000002,147.3));
#6661=CARTESIAN_POINT('Origin',(2.21000000000039,19.5000000000002,147.3));
#6662=CARTESIAN_POINT('',(0.460000000000385,17.5000000000002,147.3));
#6663=CARTESIAN_POINT('',(0.460000000000385,17.5000000000002,147.3));
#6664=CARTESIAN_POINT('Origin',(2.21000000000039,17.5000000000002,147.3));
#6665=CARTESIAN_POINT('Origin',(-3.78999999999965,17.5000000000001,141.3));
#6666=CARTESIAN_POINT('',(-5.53999999999965,19.5000000000001,141.3));
#6667=CARTESIAN_POINT('Origin',(-3.78999999999965,19.5000000000001,141.3));
#6668=CARTESIAN_POINT('',(-5.53999999999965,17.5000000000001,141.3));
#6669=CARTESIAN_POINT('',(-5.53999999999965,17.5000000000001,141.3));
#6670=CARTESIAN_POINT('Origin',(-3.78999999999965,17.5000000000001,141.3));
#6671=CARTESIAN_POINT('Origin',(-3.78999999999965,17.5000000000002,153.3));
#6672=CARTESIAN_POINT('',(-5.53999999999965,19.5000000000002,153.3));
#6673=CARTESIAN_POINT('Origin',(-3.78999999999964,19.5000000000002,153.3));
#6674=CARTESIAN_POINT('',(-5.53999999999965,17.5000000000002,153.3));
#6675=CARTESIAN_POINT('',(-5.53999999999965,17.5000000000002,153.3));
#6676=CARTESIAN_POINT('Origin',(-3.78999999999965,17.5000000000002,153.3));
#6677=CARTESIAN_POINT('Origin',(-3.78999999999965,17.5000000000002,147.3));
#6678=CARTESIAN_POINT('',(-4.58999999999968,17.5000000000002,153.3));
#6679=CARTESIAN_POINT('Origin',(-3.78999999999967,17.5000000000002,153.3));
#6680=CARTESIAN_POINT('Origin',(-3.78999999999965,17.5000000000002,147.3));
#6681=CARTESIAN_POINT('',(-4.58999999999963,17.5000000000002,141.3));
#6682=CARTESIAN_POINT('Origin',(-3.78999999999963,17.5000000000002,141.3));
#6683=CARTESIAN_POINT('Origin',(-3.78999999999965,17.5000000000002,147.3));
#6684=CARTESIAN_POINT('',(1.41000000000037,17.5000000000002,147.3));
#6685=CARTESIAN_POINT('Origin',(2.21000000000037,17.5000000000002,147.3));
#6686=CARTESIAN_POINT('Origin',(-3.78999999999965,17.5000000000002,147.3));
#6687=CARTESIAN_POINT('',(-10.5899999999997,17.5000000000002,147.3));
#6688=CARTESIAN_POINT('Origin',(-9.78999999999966,17.5000000000002,147.3));
#6689=CARTESIAN_POINT('Origin',(2.21000000000037,14.5000000000002,147.3));
#6690=CARTESIAN_POINT('',(1.41000000000036,14.5000000000002,147.3));
#6691=CARTESIAN_POINT('',(1.41000000000036,14.5000000000002,147.3));
#6692=CARTESIAN_POINT('Origin',(2.21000000000037,14.5000000000002,147.3));
#6693=CARTESIAN_POINT('Origin',(-3.78999999999963,14.5000000000002,141.3));
#6694=CARTESIAN_POINT('',(-4.58999999999963,14.5000000000002,141.3));
#6695=CARTESIAN_POINT('',(-4.58999999999963,14.5000000000002,141.3));
#6696=CARTESIAN_POINT('Origin',(-3.78999999999963,14.5000000000002,141.3));
#6697=CARTESIAN_POINT('Origin',(-9.78999999999966,14.5000000000002,147.3));
#6698=CARTESIAN_POINT('',(-10.5899999999997,14.5000000000002,147.3));
#6699=CARTESIAN_POINT('',(-10.5899999999997,14.5000000000002,147.3));
#6700=CARTESIAN_POINT('Origin',(-9.78999999999966,14.5000000000002,147.3));
#6701=CARTESIAN_POINT('Origin',(-3.78999999999965,14.5000000000002,147.3));
#6702=CARTESIAN_POINT('',(-6.78999999999965,19.5000000000002,147.3));
#6703=CARTESIAN_POINT('Origin',(-3.78999999999964,19.5000000000002,147.3));
#6704=CARTESIAN_POINT('',(-6.78999999999965,14.5000000000002,147.3));
#6705=CARTESIAN_POINT('',(-6.78999999999965,14.5000000000002,147.3));
#6706=CARTESIAN_POINT('Origin',(-3.78999999999965,14.5000000000002,147.3));
#6707=CARTESIAN_POINT('Origin',(-3.78999999999967,14.5000000000002,153.3));
#6708=CARTESIAN_POINT('',(-4.58999999999968,14.5000000000002,153.3));
#6709=CARTESIAN_POINT('',(-4.58999999999968,14.5000000000002,153.3));
#6710=CARTESIAN_POINT('Origin',(-3.78999999999967,14.5000000000002,153.3));
#6711=CARTESIAN_POINT('Origin',(-3.78999999999965,14.5000000000002,147.3));
#6712=CARTESIAN_POINT('',(-12.7899999999997,14.5000000000002,147.3));
#6713=CARTESIAN_POINT('',(-12.7899999999997,14.5000000000002,147.3));
#6714=CARTESIAN_POINT('Origin',(-3.78999999999965,14.5000000000002,147.3));
#6715=CARTESIAN_POINT('',(5.21000000000036,19.5000000000002,147.3));
#6716=CARTESIAN_POINT('',(5.21000000000036,15.5000000000002,147.3));
#6717=CARTESIAN_POINT('Origin',(-3.78999999999965,19.5000000000002,147.3));
#6718=CARTESIAN_POINT('Origin',(-3.78999999999965,14.5000000000002,147.3));
#6719=CARTESIAN_POINT('Origin',(-9.7899999999997,-17.4999999999999,147.3));
#6720=CARTESIAN_POINT('',(-11.5399999999997,-17.4999999999999,147.3));
#6721=CARTESIAN_POINT('',(-11.5399999999997,-17.4999999999999,147.3));
#6722=CARTESIAN_POINT('Origin',(-9.7899999999997,-17.4999999999999,147.3));
#6723=CARTESIAN_POINT('Origin',(2.21000000000038,-17.4999999999999,147.3));
#6724=CARTESIAN_POINT('',(0.460000000000376,-17.4999999999999,147.3));
#6725=CARTESIAN_POINT('',(0.460000000000376,-17.4999999999999,147.3));
#6726=CARTESIAN_POINT('Origin',(2.21000000000038,-17.4999999999999,147.3));
#6727=CARTESIAN_POINT('Origin',(-3.78999999999966,-17.4999999999999,141.3));
#6728=CARTESIAN_POINT('',(-5.53999999999966,-17.4999999999999,141.3));
#6729=CARTESIAN_POINT('',(-5.53999999999966,-17.4999999999999,141.3));
#6730=CARTESIAN_POINT('Origin',(-3.78999999999966,-17.4999999999999,141.3));
#6731=CARTESIAN_POINT('Origin',(-3.78999999999965,-17.4999999999999,153.3));
#6732=CARTESIAN_POINT('',(-5.53999999999966,-17.4999999999999,153.3));
#6733=CARTESIAN_POINT('',(-5.53999999999966,-17.4999999999999,153.3));
#6734=CARTESIAN_POINT('Origin',(-3.78999999999965,-17.4999999999999,153.3));
#6735=CARTESIAN_POINT('Origin',(-3.78999999999966,-17.4999999999999,147.3));
#6736=CARTESIAN_POINT('',(-4.58999999999968,-17.4999999999999,153.3));
#6737=CARTESIAN_POINT('Origin',(-3.78999999999968,-17.4999999999999,153.3));
#6738=CARTESIAN_POINT('Origin',(-3.78999999999966,-17.4999999999999,147.3));
#6739=CARTESIAN_POINT('',(-4.58999999999964,-17.4999999999999,141.3));
#6740=CARTESIAN_POINT('Origin',(-3.78999999999964,-17.4999999999999,141.3));
#6741=CARTESIAN_POINT('Origin',(-3.78999999999966,-17.4999999999999,147.3));
#6742=CARTESIAN_POINT('',(1.41000000000036,-17.4999999999999,147.3));
#6743=CARTESIAN_POINT('Origin',(2.21000000000036,-17.4999999999999,147.3));
#6744=CARTESIAN_POINT('Origin',(-3.78999999999966,-17.4999999999999,147.3));
#6745=CARTESIAN_POINT('',(-10.5899999999997,-17.4999999999999,147.3));
#6746=CARTESIAN_POINT('Origin',(-9.78999999999967,-17.4999999999999,147.3));
#6747=CARTESIAN_POINT('Origin',(2.21000000000036,-14.4999999999999,147.3));
#6748=CARTESIAN_POINT('',(1.41000000000036,-14.4999999999999,147.3));
#6749=CARTESIAN_POINT('',(1.41000000000036,-14.4999999999999,147.3));
#6750=CARTESIAN_POINT('Origin',(2.21000000000036,-14.4999999999999,147.3));
#6751=CARTESIAN_POINT('Origin',(-3.78999999999964,-14.4999999999999,141.3));
#6752=CARTESIAN_POINT('',(-4.58999999999964,-14.4999999999999,141.3));
#6753=CARTESIAN_POINT('',(-4.58999999999964,-14.4999999999999,141.3));
#6754=CARTESIAN_POINT('Origin',(-3.78999999999964,-14.4999999999999,141.3));
#6755=CARTESIAN_POINT('Origin',(-9.78999999999967,-14.4999999999999,147.3));
#6756=CARTESIAN_POINT('',(-10.5899999999997,-14.4999999999999,147.3));
#6757=CARTESIAN_POINT('',(-10.5899999999997,-14.4999999999999,147.3));
#6758=CARTESIAN_POINT('Origin',(-9.78999999999967,-14.4999999999999,147.3));
#6759=CARTESIAN_POINT('Origin',(-3.78999999999965,-14.4999999999999,147.3));
#6760=CARTESIAN_POINT('',(-6.78999999999966,-14.4999999999999,147.3));
#6761=CARTESIAN_POINT('',(-6.78999999999966,-14.4999999999999,147.3));
#6762=CARTESIAN_POINT('Origin',(-3.78999999999965,-14.4999999999999,147.3));
#6763=CARTESIAN_POINT('Origin',(-3.78999999999968,-14.4999999999999,153.3));
#6764=CARTESIAN_POINT('',(-4.58999999999968,-14.4999999999999,153.3));
#6765=CARTESIAN_POINT('',(-4.58999999999968,-14.4999999999999,153.3));
#6766=CARTESIAN_POINT('Origin',(-3.78999999999968,-14.4999999999999,153.3));
#6767=CARTESIAN_POINT('Origin',(-3.78999999999966,-14.4999999999999,147.3));
#6768=CARTESIAN_POINT('',(-12.7899999999997,-14.4999999999999,147.3));
#6769=CARTESIAN_POINT('',(-12.7899999999997,-14.4999999999999,147.3));
#6770=CARTESIAN_POINT('Origin',(-3.78999999999966,-14.4999999999999,147.3));
#6771=CARTESIAN_POINT('Origin',(-3.78999999999966,-14.4999999999999,147.3));
#6772=CARTESIAN_POINT('Origin',(-3.78999999999981,14.4999999999999,57.2999999999998));
#6773=CARTESIAN_POINT('',(5.2100000000002,19.4999999999999,57.2999999999998));
#6774=CARTESIAN_POINT('Origin',(-3.78999999999981,19.4999999999999,57.2999999999998));
#6775=CARTESIAN_POINT('',(5.2100000000002,14.4999999999999,57.2999999999998));
#6776=CARTESIAN_POINT('',(-12.7899999999998,14.4999999999999,57.2999999999998));
#6777=CARTESIAN_POINT('',(-12.7899999999998,14.4999999999999,57.2999999999998));
#6778=CARTESIAN_POINT('Origin',(-3.78999999999981,14.4999999999999,57.2999999999998));
#6779=CARTESIAN_POINT('Origin',(-3.78999999999984,17.4999999999999,63.2999999999998));
#6780=CARTESIAN_POINT('',(-5.53999999999984,19.4999999999999,63.2999999999998));
#6781=CARTESIAN_POINT('Origin',(-3.78999999999984,19.4999999999999,63.2999999999998));
#6782=CARTESIAN_POINT('',(-5.53999999999984,17.4999999999999,63.2999999999998));
#6783=CARTESIAN_POINT('',(-5.53999999999984,17.4999999999999,63.2999999999998));
#6784=CARTESIAN_POINT('Origin',(-3.78999999999984,17.4999999999999,63.2999999999998));
#6785=CARTESIAN_POINT('Origin',(-3.78999999999978,17.4999999999999,51.2999999999998));
#6786=CARTESIAN_POINT('',(-5.53999999999978,19.4999999999999,51.2999999999998));
#6787=CARTESIAN_POINT('Origin',(-3.78999999999978,19.4999999999999,51.2999999999998));
#6788=CARTESIAN_POINT('',(-5.53999999999978,17.4999999999999,51.2999999999998));
#6789=CARTESIAN_POINT('',(-5.53999999999978,17.4999999999999,51.2999999999998));
#6790=CARTESIAN_POINT('Origin',(-3.78999999999978,17.4999999999999,51.2999999999998));
#6791=CARTESIAN_POINT('Origin',(-9.78999999999982,17.4999999999999,57.2999999999998));
#6792=CARTESIAN_POINT('',(-11.5399999999998,19.4999999999999,57.2999999999998));
#6793=CARTESIAN_POINT('Origin',(-9.78999999999982,19.4999999999999,57.2999999999998));
#6794=CARTESIAN_POINT('',(-11.5399999999998,17.4999999999999,57.2999999999998));
#6795=CARTESIAN_POINT('',(-11.5399999999998,17.4999999999999,57.2999999999998));
#6796=CARTESIAN_POINT('Origin',(-9.78999999999982,17.4999999999999,57.2999999999998));
#6797=CARTESIAN_POINT('Origin',(2.21000000000018,17.4999999999999,57.2999999999998));
#6798=CARTESIAN_POINT('',(0.460000000000184,19.4999999999999,57.2999999999998));
#6799=CARTESIAN_POINT('Origin',(2.21000000000018,19.4999999999999,57.2999999999998));
#6800=CARTESIAN_POINT('',(0.460000000000183,17.4999999999999,57.2999999999998));
#6801=CARTESIAN_POINT('',(0.460000000000183,17.4999999999999,57.2999999999998));
#6802=CARTESIAN_POINT('Origin',(2.21000000000018,17.4999999999999,57.2999999999998));
#6803=CARTESIAN_POINT('Origin',(-3.78999999999981,19.4999999999999,71.2999999999998));
#6804=CARTESIAN_POINT('',(5.2100000000002,19.4999999999999,64.2999999999998));
#6805=CARTESIAN_POINT('',(-6.78999999999981,19.4999999999999,57.2999999999998));
#6806=CARTESIAN_POINT('Origin',(-3.78999999999981,19.4999999999999,57.2999999999998));
#6807=CARTESIAN_POINT('Origin',(-3.78999999999981,17.4999999999999,57.2999999999998));
#6808=CARTESIAN_POINT('',(1.41000000000016,17.4999999999999,57.2999999999998));
#6809=CARTESIAN_POINT('Origin',(2.21000000000016,17.4999999999999,57.2999999999998));
#6810=CARTESIAN_POINT('Origin',(-3.78999999999981,17.4999999999999,57.2999999999998));
#6811=CARTESIAN_POINT('',(-10.5899999999999,17.4999999999999,57.2999999999998));
#6812=CARTESIAN_POINT('Origin',(-9.78999999999985,17.4999999999999,57.2999999999998));
#6813=CARTESIAN_POINT('Origin',(-3.78999999999981,17.4999999999999,57.2999999999998));
#6814=CARTESIAN_POINT('',(-4.58999999999985,17.4999999999999,51.2999999999998));
#6815=CARTESIAN_POINT('Origin',(-3.78999999999986,17.4999999999999,51.2999999999998));
#6816=CARTESIAN_POINT('Origin',(-3.78999999999981,17.4999999999999,57.2999999999998));
#6817=CARTESIAN_POINT('',(-4.58999999999984,17.4999999999999,63.2999999999998));
#6818=CARTESIAN_POINT('Origin',(-3.78999999999984,17.4999999999999,63.2999999999998));
#6819=CARTESIAN_POINT('Origin',(-9.78999999999985,14.4999999999999,57.2999999999998));
#6820=CARTESIAN_POINT('',(-10.5899999999999,14.4999999999999,57.2999999999998));
#6821=CARTESIAN_POINT('',(-10.5899999999999,14.4999999999999,57.2999999999998));
#6822=CARTESIAN_POINT('Origin',(-9.78999999999985,14.4999999999999,57.2999999999998));
#6823=CARTESIAN_POINT('Origin',(2.21000000000016,14.4999999999999,57.2999999999998));
#6824=CARTESIAN_POINT('',(1.41000000000016,14.4999999999999,57.2999999999998));
#6825=CARTESIAN_POINT('',(1.41000000000016,14.4999999999999,57.2999999999998));
#6826=CARTESIAN_POINT('Origin',(2.21000000000016,14.4999999999999,57.2999999999998));
#6827=CARTESIAN_POINT('Origin',(-3.78999999999984,14.4999999999999,63.2999999999998));
#6828=CARTESIAN_POINT('',(-4.58999999999984,14.4999999999999,63.2999999999998));
#6829=CARTESIAN_POINT('',(-4.58999999999984,14.4999999999999,63.2999999999998));
#6830=CARTESIAN_POINT('Origin',(-3.78999999999984,14.4999999999999,63.2999999999998));
#6831=CARTESIAN_POINT('Origin',(-3.78999999999981,14.4999999999999,57.2999999999998));
#6832=CARTESIAN_POINT('',(-6.78999999999981,14.4999999999999,57.2999999999998));
#6833=CARTESIAN_POINT('',(-6.78999999999981,14.4999999999999,57.2999999999998));
#6834=CARTESIAN_POINT('Origin',(-3.78999999999981,14.4999999999999,57.2999999999998));
#6835=CARTESIAN_POINT('Origin',(-3.78999999999986,14.4999999999999,51.2999999999998));
#6836=CARTESIAN_POINT('',(-4.58999999999986,14.4999999999999,51.2999999999998));
#6837=CARTESIAN_POINT('',(-4.58999999999986,14.4999999999999,51.2999999999998));
#6838=CARTESIAN_POINT('Origin',(-3.78999999999986,14.4999999999999,51.2999999999998));
#6839=CARTESIAN_POINT('Origin',(-3.78999999999981,14.4999999999999,57.2999999999998));
#6840=CARTESIAN_POINT('Origin',(-3.78999999999982,-14.5000000000001,57.2999999999999));
#6841=CARTESIAN_POINT('',(-12.7899999999998,-14.5000000000001,57.2999999999999));
#6842=CARTESIAN_POINT('',(-12.7899999999998,-14.5000000000001,57.2999999999999));
#6843=CARTESIAN_POINT('Origin',(-3.78999999999982,-14.5000000000001,57.2999999999999));
#6844=CARTESIAN_POINT('Origin',(-3.78999999999985,-17.5000000000001,63.2999999999999));
#6845=CARTESIAN_POINT('',(-5.53999999999985,-17.5000000000001,63.2999999999999));
#6846=CARTESIAN_POINT('',(-5.53999999999985,-17.5000000000001,63.2999999999999));
#6847=CARTESIAN_POINT('Origin',(-3.78999999999985,-17.5000000000001,63.2999999999999));
#6848=CARTESIAN_POINT('Origin',(-3.78999999999979,-17.5000000000002,51.2999999999999));
#6849=CARTESIAN_POINT('',(-5.53999999999979,-17.5000000000002,51.2999999999999));
#6850=CARTESIAN_POINT('',(-5.53999999999979,-17.5000000000002,51.2999999999999));
#6851=CARTESIAN_POINT('Origin',(-3.78999999999979,-17.5000000000001,51.2999999999999));
#6852=CARTESIAN_POINT('Origin',(-9.78999999999983,-17.5000000000002,57.2999999999999));
#6853=CARTESIAN_POINT('',(-11.5399999999998,-17.5000000000002,57.2999999999999));
#6854=CARTESIAN_POINT('',(-11.5399999999998,-17.5000000000002,57.2999999999999));
#6855=CARTESIAN_POINT('Origin',(-9.78999999999983,-17.5000000000001,57.2999999999999));
#6856=CARTESIAN_POINT('Origin',(2.21000000000017,-17.5000000000002,57.2999999999999));
#6857=CARTESIAN_POINT('',(0.460000000000174,-17.5000000000002,57.2999999999999));
#6858=CARTESIAN_POINT('',(0.460000000000174,-17.5000000000002,57.2999999999999));
#6859=CARTESIAN_POINT('Origin',(2.21000000000017,-17.5000000000001,57.2999999999999));
#6860=CARTESIAN_POINT('Origin',(5.21000000000019,-17.5000000000001,57.2999999999999));
#6861=CARTESIAN_POINT('Origin',(-3.78999999999982,-17.5000000000001,57.2999999999999));
#6862=CARTESIAN_POINT('',(1.41000000000015,-17.5000000000001,57.2999999999999));
#6863=CARTESIAN_POINT('Origin',(2.21000000000015,-17.5000000000001,57.2999999999999));
#6864=CARTESIAN_POINT('Origin',(-3.78999999999982,-17.5000000000001,57.2999999999999));
#6865=CARTESIAN_POINT('',(-10.5899999999999,-17.5000000000001,57.2999999999999));
#6866=CARTESIAN_POINT('Origin',(-9.78999999999986,-17.5000000000001,57.2999999999999));
#6867=CARTESIAN_POINT('Origin',(-3.78999999999982,-17.5000000000001,57.2999999999999));
#6868=CARTESIAN_POINT('',(-4.58999999999986,-17.5000000000002,51.2999999999999));
#6869=CARTESIAN_POINT('Origin',(-3.78999999999987,-17.5000000000002,51.2999999999999));
#6870=CARTESIAN_POINT('Origin',(-3.78999999999982,-17.5000000000001,57.2999999999999));
#6871=CARTESIAN_POINT('',(-4.58999999999985,-17.5000000000001,63.2999999999999));
#6872=CARTESIAN_POINT('Origin',(-3.78999999999985,-17.5000000000001,63.2999999999999));
#6873=CARTESIAN_POINT('Origin',(-9.78999999999986,-14.5000000000001,57.2999999999999));
#6874=CARTESIAN_POINT('',(-10.5899999999999,-14.5000000000001,57.2999999999999));
#6875=CARTESIAN_POINT('',(-10.5899999999999,-14.5000000000001,57.2999999999999));
#6876=CARTESIAN_POINT('Origin',(-9.78999999999986,-14.5000000000001,57.2999999999999));
#6877=CARTESIAN_POINT('Origin',(2.21000000000015,-14.5000000000001,57.2999999999999));
#6878=CARTESIAN_POINT('',(1.41000000000015,-14.5000000000001,57.2999999999999));
#6879=CARTESIAN_POINT('',(1.41000000000015,-14.5000000000001,57.2999999999999));
#6880=CARTESIAN_POINT('Origin',(2.21000000000015,-14.5000000000001,57.2999999999999));
#6881=CARTESIAN_POINT('Origin',(-3.78999999999985,-14.5000000000001,63.2999999999999));
#6882=CARTESIAN_POINT('',(-4.58999999999985,-14.5000000000001,63.2999999999999));
#6883=CARTESIAN_POINT('',(-4.58999999999985,-14.5000000000001,63.2999999999999));
#6884=CARTESIAN_POINT('Origin',(-3.78999999999985,-14.5000000000001,63.2999999999999));
#6885=CARTESIAN_POINT('Origin',(-3.78999999999982,-14.5000000000001,57.2999999999999));
#6886=CARTESIAN_POINT('',(-6.78999999999982,-14.5000000000001,57.2999999999999));
#6887=CARTESIAN_POINT('',(-6.78999999999982,-14.5000000000001,57.2999999999999));
#6888=CARTESIAN_POINT('Origin',(-3.78999999999982,-14.5000000000001,57.2999999999999));
#6889=CARTESIAN_POINT('Origin',(-3.78999999999986,-14.5000000000002,51.2999999999999));
#6890=CARTESIAN_POINT('',(-4.58999999999986,-14.5000000000002,51.2999999999999));
#6891=CARTESIAN_POINT('',(-4.58999999999986,-14.5000000000002,51.2999999999999));
#6892=CARTESIAN_POINT('Origin',(-3.78999999999986,-14.5000000000002,51.2999999999999));
#6893=CARTESIAN_POINT('Origin',(-3.78999999999982,-14.5000000000001,57.2999999999999));
#6894=UNCERTAINTY_MEASURE_WITH_UNIT(LENGTH_MEASURE(0.01),#6898,
'DISTANCE_ACCURACY_VALUE',
'Maximum model space distance between geometric entities at asserted c
onnectivities');
#6895=UNCERTAINTY_MEASURE_WITH_UNIT(LENGTH_MEASURE(0.01),#6898,
'DISTANCE_ACCURACY_VALUE',
'Maximum model space distance between geometric entities at asserted c
onnectivities');
#6896=(
GEOMETRIC_REPRESENTATION_CONTEXT(3)
GLOBAL_UNCERTAINTY_ASSIGNED_CONTEXT((#6894))
GLOBAL_UNIT_ASSIGNED_CONTEXT((#6898,#6900,#6901))
REPRESENTATION_CONTEXT('','3D')
);
#6897=(
GEOMETRIC_REPRESENTATION_CONTEXT(3)
GLOBAL_UNCERTAINTY_ASSIGNED_CONTEXT((#6895))
GLOBAL_UNIT_ASSIGNED_CONTEXT((#6898,#6900,#6901))
REPRESENTATION_CONTEXT('','3D')
);
#6898=(
LENGTH_UNIT()
NAMED_UNIT(*)
SI_UNIT(.MILLI.,.METRE.)
);
#6899=(
LENGTH_UNIT()
NAMED_UNIT(*)
SI_UNIT($,.METRE.)
);
#6900=(
NAMED_UNIT(*)
PLANE_ANGLE_UNIT()
SI_UNIT($,.RADIAN.)
);
#6901=(
NAMED_UNIT(*)
SI_UNIT($,.STERADIAN.)
SOLID_ANGLE_UNIT()
);
#6902=SHAPE_DEFINITION_REPRESENTATION(#6903,#6904);
#6903=PRODUCT_DEFINITION_SHAPE('',$,#6906);
#6904=SHAPE_REPRESENTATION('',(#4320),#6896);
#6905=PRODUCT_DEFINITION_CONTEXT('part definition',#6910,'design');
#6906=PRODUCT_DEFINITION('L2','L2',#6907,#6905);
#6907=PRODUCT_DEFINITION_FORMATION('',$,#6912);
#6908=PRODUCT_RELATED_PRODUCT_CATEGORY('L2','L2',(#6912));
#6909=APPLICATION_PROTOCOL_DEFINITION('international standard',
'automotive_design',2009,#6910);
#6910=APPLICATION_CONTEXT(
'Core Data for Automotive Mechanical Design Process');
#6911=PRODUCT_CONTEXT('part definition',#6910,'mechanical');
#6912=PRODUCT('L2','L2',$,(#6911));
#6913=PRESENTATION_STYLE_ASSIGNMENT((#6914));
#6914=SURFACE_STYLE_USAGE(.BOTH.,#6915);
#6915=SURFACE_SIDE_STYLE('',(#6916));
#6916=SURFACE_STYLE_FILL_AREA(#6917);
#6917=FILL_AREA_STYLE('Nylon 6-6 (White)',(#6918));
#6918=FILL_AREA_STYLE_COLOUR('Nylon 6-6 (White)',#6919);
#6919=COLOUR_RGB('Nylon 6-6 (White)',0.972549019607843,0.968627450980392,
0.929411764705882);
ENDSEC;
END-ISO-10303-21;
