ISO-10303-21;
HEADER;
/* Generated by software containing ST-Developer
 * from STEP Tools, Inc. (www.steptools.com) 
 */

FILE_DESCRIPTION(
/* description */ (''),
/* implementation_level */ '2;1');

FILE_NAME(
/* name */ 'L4.step',
/* time_stamp */ '2026-05-30T14:32:42+02:00',
/* author */ (''),
/* organization */ (''),
/* preprocessor_version */ 'ST-DEVELOPER v20.1',
/* originating_system */ 'Autodesk Translation Framework v15.8.0.0',
/* authorisation */ '');

FILE_SCHEMA (('AUTOMOTIVE_DESIGN { 1 0 10303 214 3 1 1 }'));
ENDSEC;

DATA;
#10=MECHANICAL_DESIGN_GEOMETRIC_PRESENTATION_REPRESENTATION('',(#13),#2162);
#11=SHAPE_REPRESENTATION_RELATIONSHIP('SRR','None',#2169,#12);
#12=ADVANCED_BREP_SHAPE_REPRESENTATION('',(#14),#2161);
#13=STYLED_ITEM('',(#2178),#14);
#14=MANIFOLD_SOLID_BREP('Body1',#1145);
#15=ELLIPSE('',#1187,3.00520382004283,2.12500000000001);
#16=ELLIPSE('',#1188,3.00520382004283,2.12500000000001);
#17=SPHERICAL_SURFACE('',#1180,2.12500000000001);
#18=SPHERICAL_SURFACE('',#1183,2.12500000000004);
#19=CYLINDRICAL_SURFACE('',#1178,8.05);
#20=CYLINDRICAL_SURFACE('',#1186,2.12500000000001);
#21=CYLINDRICAL_SURFACE('',#1189,2.12500000000001);
#22=CYLINDRICAL_SURFACE('',#1191,2.12500000000001);
#23=CYLINDRICAL_SURFACE('',#1193,1.75000000000001);
#24=CYLINDRICAL_SURFACE('',#1198,1.75000000000001);
#25=CYLINDRICAL_SURFACE('',#1203,1.75000000000001);
#26=CYLINDRICAL_SURFACE('',#1208,1.75000000000001);
#27=CYLINDRICAL_SURFACE('',#1213,0.800000000000001);
#28=CYLINDRICAL_SURFACE('',#1215,0.8);
#29=CYLINDRICAL_SURFACE('',#1217,0.8);
#30=CYLINDRICAL_SURFACE('',#1219,3.8);
#31=CYLINDRICAL_SURFACE('',#1222,0.800000000000001);
#32=CYLINDRICAL_SURFACE('',#1228,1.75000000000001);
#33=CYLINDRICAL_SURFACE('',#1231,1.75000000000002);
#34=CYLINDRICAL_SURFACE('',#1237,1.00000000000001);
#35=CYLINDRICAL_SURFACE('',#1239,0.999999999999988);
#36=CYLINDRICAL_SURFACE('',#1241,1.75000000000001);
#37=CYLINDRICAL_SURFACE('',#1244,1.75000000000002);
#38=CYLINDRICAL_SURFACE('',#1250,1.00000000000001);
#39=CYLINDRICAL_SURFACE('',#1252,0.999999999999988);
#40=B_SPLINE_CURVE_WITH_KNOTS('',3,(#1709,#1710,#1711,#1712,#1713,#1714,
#1715),.UNSPECIFIED.,.F.,.F.,(4,1,1,1,4),(0.677167140455322,0.997881304593913,
1.3185954687325,1.96002379700969,2.46452034717544),.UNSPECIFIED.);
#41=B_SPLINE_CURVE_WITH_KNOTS('',3,(#1717,#1718,#1719,#1720,#1721,#1722,
#1723,#1724,#1725,#1726,#1727,#1728,#1729,#1730,#1731,#1732,#1733,#1734,
#1735,#1736,#1737,#1738,#1739,#1740,#1741,#1742,#1743,#1744,#1745,#1746,
#1747,#1748,#1749,#1750,#1751,#1752,#1753,#1754,#1755,#1756,#1757,#1758,
#1759,#1760,#1761,#1762,#1763,#1764,#1765,#1766,#1767,#1768,#1769,#1770,
#1771,#1772,#1773,#1774),.UNSPECIFIED.,.F.,.F.,(4,3,3,3,3,3,3,3,3,3,3,3,
3,3,3,3,3,3,3,4),(0.,0.0149365511405035,0.0224048267137361,0.0283356214310454,
0.02910436199076,0.0294887321527683,0.0295329722634704,0.0295479053655707,
0.0295495948428043,0.0295504682460464,0.029571344482604,0.0398613373249756,
0.0480191487407348,0.0744379113744179,0.100721275626596,0.112042541579175,
0.116528299303157,0.142378940906815,0.168327408198883,0.179571368383129),
 .UNSPECIFIED.);
#42=B_SPLINE_CURVE_WITH_KNOTS('',3,(#1775,#1776,#1777,#1778,#1779,#1780,
#1781,#1782),.UNSPECIFIED.,.F.,.F.,(4,1,1,1,1,4),(-2.92216628942546,-2.60145212528687,
-1.96002379700969,-1.3185954687325,-0.997881304593913,-0.677167140455322),
 .UNSPECIFIED.);
#43=B_SPLINE_CURVE_WITH_KNOTS('',3,(#1804,#1805,#1806,#1807,#1808),
 .UNSPECIFIED.,.F.,.F.,(4,1,4),(-0.677167140455327,-0.0967381629222209,
0.677167140455253),.UNSPECIFIED.);
#44=B_SPLINE_CURVE_WITH_KNOTS('',3,(#1811,#1812,#1813,#1814,#1815),
 .UNSPECIFIED.,.F.,.F.,(4,1,4),(-0.677167140455253,0.0967381629222209,0.677167140455327),
 .UNSPECIFIED.);
#45=B_SPLINE_CURVE_WITH_KNOTS('',3,(#1847,#1848,#1849,#1850,#1851,#1852,
#1853),.UNSPECIFIED.,.F.,.F.,(4,1,1,1,4),(-2.46442551313447,-1.95378026379755,
-1.69845763912909,-1.18781238979217,-0.677167140455247),.UNSPECIFIED.);
#46=B_SPLINE_CURVE_WITH_KNOTS('',3,(#1854,#1855,#1856,#1857,#1858,#1859,
#1860),.UNSPECIFIED.,.F.,.F.,(4,1,1,1,4),(0.677167140455247,1.18781238979217,
1.69845763912909,1.95378026379755,2.46442551313447),.UNSPECIFIED.);
#47=B_SPLINE_CURVE_WITH_KNOTS('',3,(#1881,#1882,#1883,#1884,#1885),
 .UNSPECIFIED.,.F.,.F.,(4,1,4),(-3.81875979404505,-3.04485478070844,-2.46442551313447),
 .UNSPECIFIED.);
#48=B_SPLINE_CURVE_WITH_KNOTS('',3,(#1887,#1888,#1889,#1890,#1891),
 .UNSPECIFIED.,.F.,.F.,(4,1,4),(2.46442551313447,3.04485478070844,3.14163266132081),
 .UNSPECIFIED.);
#49=B_SPLINE_CURVE_WITH_KNOTS('',3,(#1892,#1893,#1894,#1895),
 .UNSPECIFIED.,.F.,.F.,(4,4),(3.14163266132081,3.3611036742087),
 .UNSPECIFIED.);
#50=B_SPLINE_SURFACE_WITH_KNOTS('',3,3,((#1673,#1674,#1675,#1676,#1677,
#1678,#1679,#1680),(#1681,#1682,#1683,#1684,#1685,#1686,#1687,#1688),(#1689,
#1690,#1691,#1692,#1693,#1694,#1695,#1696),(#1697,#1698,#1699,#1700,#1701,
#1702,#1703,#1704)),.UNSPECIFIED.,.F.,.F.,.F.,(4,4),(4,1,1,1,1,4),(0.,1.),
(-2.92216628942546,-2.60145212528687,-1.96002379700969,-1.3185954687325,
-0.997881304593913,-0.677167140455322),.UNSPECIFIED.);
#51=B_SPLINE_SURFACE_WITH_KNOTS('',3,3,((#1783,#1784,#1785,#1786,#1787),
(#1788,#1789,#1790,#1791,#1792),(#1793,#1794,#1795,#1796,#1797),(#1798,
#1799,#1800,#1801,#1802)),.UNSPECIFIED.,.F.,.F.,.F.,(4,4),(4,1,4),(0.,1.),
(-0.677167140455327,-0.0967381629222209,0.677167140455253),
 .UNSPECIFIED.);
#52=B_SPLINE_SURFACE_WITH_KNOTS('',3,3,((#1816,#1817,#1818,#1819,#1820,
#1821,#1822),(#1823,#1824,#1825,#1826,#1827,#1828,#1829),(#1830,#1831,#1832,
#1833,#1834,#1835,#1836),(#1837,#1838,#1839,#1840,#1841,#1842,#1843)),
 .UNSPECIFIED.,.F.,.F.,.F.,(4,4),(4,1,1,1,4),(0.,1.),(0.677167140455247,
1.18781238979217,1.69845763912909,1.95378026379755,2.46442551313447),
 .UNSPECIFIED.);
#53=B_SPLINE_SURFACE_WITH_KNOTS('',3,3,((#1861,#1862,#1863,#1864,#1865),
(#1866,#1867,#1868,#1869,#1870),(#1871,#1872,#1873,#1874,#1875),(#1876,
#1877,#1878,#1879,#1880)),.UNSPECIFIED.,.F.,.F.,.F.,(4,4),(4,1,4),(0.,1.),
(2.46442551313447,3.04485478070844,3.81876047080707),.UNSPECIFIED.);
#54=B_SPLINE_SURFACE_WITH_KNOTS('',3,3,((#1896,#1897,#1898,#1899),(#1900,
#1901,#1902,#1903),(#1904,#1905,#1906,#1907),(#1908,#1909,#1910,#1911),
(#1912,#1913,#1914,#1915)),.UNSPECIFIED.,.F.,.F.,.F.,(4,1,4),(4,4),(0.,
0.571428571428571,1.),(0.,0.976993719642376),.UNSPECIFIED.);
#55=B_SPLINE_SURFACE_WITH_KNOTS('',3,3,((#1921,#1922,#1923,#1924),(#1925,
#1926,#1927,#1928),(#1929,#1930,#1931,#1932),(#1933,#1934,#1935,#1936),
(#1937,#1938,#1939,#1940),(#1941,#1942,#1943,#1944),(#1945,#1946,#1947,
#1948)),.UNSPECIFIED.,.F.,.F.,.F.,(4,1,1,1,4),(4,4),(0.,0.285714285714286,
0.571428571428571,0.785714285714286,1.),(0.,0.976993719642376),
 .UNSPECIFIED.);
#56=B_SPLINE_SURFACE_WITH_KNOTS('',3,3,((#2037,#2038,#2039,#2040),(#2041,
#2042,#2043,#2044),(#2045,#2046,#2047,#2048),(#2049,#2050,#2051,#2052),
(#2053,#2054,#2055,#2056)),.UNSPECIFIED.,.F.,.F.,.F.,(4,1,4),(4,4),(0.,
0.571428571428571,1.),(0.,0.976993719642375),.UNSPECIFIED.);
#57=B_SPLINE_SURFACE_WITH_KNOTS('',3,3,((#2060,#2061,#2062,#2063),(#2064,
#2065,#2066,#2067),(#2068,#2069,#2070,#2071),(#2072,#2073,#2074,#2075),
(#2076,#2077,#2078,#2079),(#2080,#2081,#2082,#2083),(#2084,#2085,#2086,
#2087)),.UNSPECIFIED.,.F.,.F.,.F.,(4,1,1,1,4),(4,4),(0.,0.285714285714286,
0.571428571428571,0.785714285714286,1.),(0.,0.976993719642376),
 .UNSPECIFIED.);
#58=FACE_BOUND('',#210,.T.);
#59=FACE_BOUND('',#211,.T.);
#60=FACE_BOUND('',#213,.T.);
#61=FACE_BOUND('',#214,.T.);
#62=FACE_BOUND('',#229,.T.);
#63=FACE_BOUND('',#232,.T.);
#64=FACE_BOUND('',#235,.T.);
#65=FACE_BOUND('',#238,.T.);
#66=FACE_BOUND('',#245,.T.);
#67=FACE_BOUND('',#246,.T.);
#68=FACE_BOUND('',#247,.T.);
#69=FACE_BOUND('',#248,.T.);
#70=FACE_BOUND('',#249,.T.);
#71=FACE_BOUND('',#253,.T.);
#72=FACE_BOUND('',#255,.T.);
#73=FACE_BOUND('',#256,.T.);
#74=FACE_BOUND('',#257,.T.);
#75=FACE_BOUND('',#258,.T.);
#76=FACE_BOUND('',#259,.T.);
#77=FACE_BOUND('',#264,.T.);
#78=FACE_BOUND('',#265,.T.);
#79=FACE_BOUND('',#267,.T.);
#80=FACE_BOUND('',#271,.T.);
#81=FACE_BOUND('',#275,.T.);
#82=FACE_BOUND('',#276,.T.);
#83=FACE_BOUND('',#278,.T.);
#84=FACE_BOUND('',#282,.T.);
#85=FACE_BOUND('',#284,.T.);
#86=FACE_BOUND('',#285,.T.);
#87=FACE_BOUND('',#286,.T.);
#88=FACE_BOUND('',#287,.T.);
#89=FACE_BOUND('',#289,.T.);
#90=FACE_BOUND('',#290,.T.);
#91=FACE_BOUND('',#292,.T.);
#92=CIRCLE('',#1173,1.00000000000001);
#93=CIRCLE('',#1174,0.999999999999988);
#94=CIRCLE('',#1176,0.999999999999988);
#95=CIRCLE('',#1177,1.00000000000001);
#96=CIRCLE('',#1179,8.05);
#97=CIRCLE('',#1181,2.12500000000001);
#98=CIRCLE('',#1182,2.12500000000001);
#99=CIRCLE('',#1184,2.12500000000001);
#100=CIRCLE('',#1185,2.12500000000001);
#101=CIRCLE('',#1190,2.12500000000001);
#102=CIRCLE('',#1192,2.12500000000001);
#103=CIRCLE('',#1194,1.75000000000001);
#104=CIRCLE('',#1195,1.75000000000001);
#105=CIRCLE('',#1197,0.8);
#106=CIRCLE('',#1199,1.75000000000001);
#107=CIRCLE('',#1200,1.75000000000001);
#108=CIRCLE('',#1202,0.8);
#109=CIRCLE('',#1204,1.75000000000001);
#110=CIRCLE('',#1205,1.75000000000001);
#111=CIRCLE('',#1207,0.800000000000001);
#112=CIRCLE('',#1209,1.75000000000001);
#113=CIRCLE('',#1210,1.75000000000001);
#114=CIRCLE('',#1212,0.800000000000001);
#115=CIRCLE('',#1214,0.800000000000001);
#116=CIRCLE('',#1216,0.8);
#117=CIRCLE('',#1218,0.8);
#118=CIRCLE('',#1220,3.8);
#119=CIRCLE('',#1221,3.8);
#120=CIRCLE('',#1223,0.800000000000001);
#121=CIRCLE('',#1229,1.75000000000001);
#122=CIRCLE('',#1230,1.75000000000001);
#123=CIRCLE('',#1232,1.75000000000002);
#124=CIRCLE('',#1233,1.75000000000002);
#125=CIRCLE('',#1236,0.999999999999988);
#126=CIRCLE('',#1238,1.00000000000001);
#127=CIRCLE('',#1242,1.75000000000001);
#128=CIRCLE('',#1243,1.75000000000001);
#129=CIRCLE('',#1245,1.75000000000002);
#130=CIRCLE('',#1246,1.75000000000002);
#131=CIRCLE('',#1249,0.999999999999988);
#132=CIRCLE('',#1251,1.00000000000001);
#133=FACE_OUTER_BOUND('',#196,.T.);
#134=FACE_OUTER_BOUND('',#197,.T.);
#135=FACE_OUTER_BOUND('',#198,.T.);
#136=FACE_OUTER_BOUND('',#199,.T.);
#137=FACE_OUTER_BOUND('',#200,.T.);
#138=FACE_OUTER_BOUND('',#201,.T.);
#139=FACE_OUTER_BOUND('',#202,.T.);
#140=FACE_OUTER_BOUND('',#203,.T.);
#141=FACE_OUTER_BOUND('',#204,.T.);
#142=FACE_OUTER_BOUND('',#205,.T.);
#143=FACE_OUTER_BOUND('',#206,.T.);
#144=FACE_OUTER_BOUND('',#207,.T.);
#145=FACE_OUTER_BOUND('',#208,.T.);
#146=FACE_OUTER_BOUND('',#209,.T.);
#147=FACE_OUTER_BOUND('',#212,.T.);
#148=FACE_OUTER_BOUND('',#215,.T.);
#149=FACE_OUTER_BOUND('',#216,.T.);
#150=FACE_OUTER_BOUND('',#217,.T.);
#151=FACE_OUTER_BOUND('',#218,.T.);
#152=FACE_OUTER_BOUND('',#219,.T.);
#153=FACE_OUTER_BOUND('',#220,.T.);
#154=FACE_OUTER_BOUND('',#221,.T.);
#155=FACE_OUTER_BOUND('',#222,.T.);
#156=FACE_OUTER_BOUND('',#223,.T.);
#157=FACE_OUTER_BOUND('',#224,.T.);
#158=FACE_OUTER_BOUND('',#225,.T.);
#159=FACE_OUTER_BOUND('',#226,.T.);
#160=FACE_OUTER_BOUND('',#227,.T.);
#161=FACE_OUTER_BOUND('',#228,.T.);
#162=FACE_OUTER_BOUND('',#230,.T.);
#163=FACE_OUTER_BOUND('',#231,.T.);
#164=FACE_OUTER_BOUND('',#233,.T.);
#165=FACE_OUTER_BOUND('',#234,.T.);
#166=FACE_OUTER_BOUND('',#236,.T.);
#167=FACE_OUTER_BOUND('',#237,.T.);
#168=FACE_OUTER_BOUND('',#239,.T.);
#169=FACE_OUTER_BOUND('',#240,.T.);
#170=FACE_OUTER_BOUND('',#241,.T.);
#171=FACE_OUTER_BOUND('',#242,.T.);
#172=FACE_OUTER_BOUND('',#243,.T.);
#173=FACE_OUTER_BOUND('',#244,.T.);
#174=FACE_OUTER_BOUND('',#250,.T.);
#175=FACE_OUTER_BOUND('',#251,.T.);
#176=FACE_OUTER_BOUND('',#252,.T.);
#177=FACE_OUTER_BOUND('',#254,.T.);
#178=FACE_OUTER_BOUND('',#260,.T.);
#179=FACE_OUTER_BOUND('',#261,.T.);
#180=FACE_OUTER_BOUND('',#262,.T.);
#181=FACE_OUTER_BOUND('',#263,.T.);
#182=FACE_OUTER_BOUND('',#266,.T.);
#183=FACE_OUTER_BOUND('',#268,.T.);
#184=FACE_OUTER_BOUND('',#269,.T.);
#185=FACE_OUTER_BOUND('',#270,.T.);
#186=FACE_OUTER_BOUND('',#272,.T.);
#187=FACE_OUTER_BOUND('',#273,.T.);
#188=FACE_OUTER_BOUND('',#274,.T.);
#189=FACE_OUTER_BOUND('',#277,.T.);
#190=FACE_OUTER_BOUND('',#279,.T.);
#191=FACE_OUTER_BOUND('',#280,.T.);
#192=FACE_OUTER_BOUND('',#281,.T.);
#193=FACE_OUTER_BOUND('',#283,.T.);
#194=FACE_OUTER_BOUND('',#288,.T.);
#195=FACE_OUTER_BOUND('',#291,.T.);
#196=EDGE_LOOP('',(#744,#745,#746,#747));
#197=EDGE_LOOP('',(#748,#749,#750,#751,#752,#753));
#198=EDGE_LOOP('',(#754,#755,#756,#757,#758,#759));
#199=EDGE_LOOP('',(#760,#761,#762,#763));
#200=EDGE_LOOP('',(#764,#765,#766,#767));
#201=EDGE_LOOP('',(#768,#769,#770,#771));
#202=EDGE_LOOP('',(#772,#773,#774,#775));
#203=EDGE_LOOP('',(#776,#777,#778,#779));
#204=EDGE_LOOP('',(#780,#781,#782,#783));
#205=EDGE_LOOP('',(#784,#785,#786,#787));
#206=EDGE_LOOP('',(#788,#789,#790,#791,#792,#793));
#207=EDGE_LOOP('',(#794,#795,#796,#797));
#208=EDGE_LOOP('',(#798,#799,#800,#801,#802,#803));
#209=EDGE_LOOP('',(#804,#805,#806,#807,#808,#809,#810,#811));
#210=EDGE_LOOP('',(#812));
#211=EDGE_LOOP('',(#813));
#212=EDGE_LOOP('',(#814,#815,#816,#817,#818,#819,#820,#821));
#213=EDGE_LOOP('',(#822));
#214=EDGE_LOOP('',(#823));
#215=EDGE_LOOP('',(#824,#825,#826,#827));
#216=EDGE_LOOP('',(#828,#829,#830,#831));
#217=EDGE_LOOP('',(#832,#833,#834,#835));
#218=EDGE_LOOP('',(#836,#837,#838,#839,#840));
#219=EDGE_LOOP('',(#841,#842,#843,#844));
#220=EDGE_LOOP('',(#845,#846,#847,#848));
#221=EDGE_LOOP('',(#849,#850,#851,#852,#853,#854,#855,#856));
#222=EDGE_LOOP('',(#857,#858));
#223=EDGE_LOOP('',(#859,#860));
#224=EDGE_LOOP('',(#861,#862,#863,#864,#865,#866));
#225=EDGE_LOOP('',(#867,#868,#869,#870,#871));
#226=EDGE_LOOP('',(#872,#873,#874,#875,#876));
#227=EDGE_LOOP('',(#877,#878,#879,#880));
#228=EDGE_LOOP('',(#881));
#229=EDGE_LOOP('',(#882));
#230=EDGE_LOOP('',(#883,#884,#885,#886));
#231=EDGE_LOOP('',(#887));
#232=EDGE_LOOP('',(#888));
#233=EDGE_LOOP('',(#889,#890,#891,#892));
#234=EDGE_LOOP('',(#893));
#235=EDGE_LOOP('',(#894));
#236=EDGE_LOOP('',(#895,#896,#897,#898));
#237=EDGE_LOOP('',(#899));
#238=EDGE_LOOP('',(#900));
#239=EDGE_LOOP('',(#901,#902,#903,#904));
#240=EDGE_LOOP('',(#905,#906,#907,#908));
#241=EDGE_LOOP('',(#909,#910,#911,#912));
#242=EDGE_LOOP('',(#913,#914,#915,#916));
#243=EDGE_LOOP('',(#917,#918,#919,#920));
#244=EDGE_LOOP('',(#921));
#245=EDGE_LOOP('',(#922));
#246=EDGE_LOOP('',(#923));
#247=EDGE_LOOP('',(#924));
#248=EDGE_LOOP('',(#925));
#249=EDGE_LOOP('',(#926));
#250=EDGE_LOOP('',(#927,#928,#929,#930));
#251=EDGE_LOOP('',(#931,#932,#933,#934));
#252=EDGE_LOOP('',(#935,#936,#937,#938,#939,#940,#941,#942,#943,#944,#945,
#946,#947));
#253=EDGE_LOOP('',(#948,#949,#950));
#254=EDGE_LOOP('',(#951,#952,#953,#954,#955,#956,#957,#958));
#255=EDGE_LOOP('',(#959));
#256=EDGE_LOOP('',(#960));
#257=EDGE_LOOP('',(#961));
#258=EDGE_LOOP('',(#962));
#259=EDGE_LOOP('',(#963));
#260=EDGE_LOOP('',(#964,#965,#966,#967));
#261=EDGE_LOOP('',(#968,#969,#970,#971));
#262=EDGE_LOOP('',(#972,#973,#974,#975));
#263=EDGE_LOOP('',(#976,#977,#978,#979));
#264=EDGE_LOOP('',(#980));
#265=EDGE_LOOP('',(#981));
#266=EDGE_LOOP('',(#982));
#267=EDGE_LOOP('',(#983));
#268=EDGE_LOOP('',(#984,#985,#986,#987));
#269=EDGE_LOOP('',(#988,#989,#990,#991));
#270=EDGE_LOOP('',(#992));
#271=EDGE_LOOP('',(#993));
#272=EDGE_LOOP('',(#994,#995,#996,#997));
#273=EDGE_LOOP('',(#998,#999,#1000,#1001));
#274=EDGE_LOOP('',(#1002,#1003,#1004,#1005));
#275=EDGE_LOOP('',(#1006));
#276=EDGE_LOOP('',(#1007));
#277=EDGE_LOOP('',(#1008));
#278=EDGE_LOOP('',(#1009));
#279=EDGE_LOOP('',(#1010,#1011,#1012,#1013));
#280=EDGE_LOOP('',(#1014,#1015,#1016,#1017));
#281=EDGE_LOOP('',(#1018,#1019,#1020,#1021));
#282=EDGE_LOOP('',(#1022,#1023,#1024,#1025));
#283=EDGE_LOOP('',(#1026,#1027,#1028,#1029));
#284=EDGE_LOOP('',(#1030,#1031,#1032));
#285=EDGE_LOOP('',(#1033,#1034,#1035));
#286=EDGE_LOOP('',(#1036,#1037,#1038));
#287=EDGE_LOOP('',(#1039,#1040,#1041));
#288=EDGE_LOOP('',(#1042,#1043,#1044,#1045));
#289=EDGE_LOOP('',(#1046));
#290=EDGE_LOOP('',(#1047));
#291=EDGE_LOOP('',(#1048));
#292=EDGE_LOOP('',(#1049));
#293=LINE('',#1559,#393);
#294=LINE('',#1561,#394);
#295=LINE('',#1563,#395);
#296=LINE('',#1564,#396);
#297=LINE('',#1567,#397);
#298=LINE('',#1569,#398);
#299=LINE('',#1571,#399);
#300=LINE('',#1573,#400);
#301=LINE('',#1574,#401);
#302=LINE('',#1577,#402);
#303=LINE('',#1578,#403);
#304=LINE('',#1580,#404);
#305=LINE('',#1581,#405);
#306=LINE('',#1583,#406);
#307=LINE('',#1587,#407);
#308=LINE('',#1589,#408);
#309=LINE('',#1591,#409);
#310=LINE('',#1592,#410);
#311=LINE('',#1595,#411);
#312=LINE('',#1597,#412);
#313=LINE('',#1598,#413);
#314=LINE('',#1602,#414);
#315=LINE('',#1604,#415);
#316=LINE('',#1606,#416);
#317=LINE('',#1607,#417);
#318=LINE('',#1610,#418);
#319=LINE('',#1612,#419);
#320=LINE('',#1613,#420);
#321=LINE('',#1615,#421);
#322=LINE('',#1616,#422);
#323=LINE('',#1620,#423);
#324=LINE('',#1622,#424);
#325=LINE('',#1624,#425);
#326=LINE('',#1625,#426);
#327=LINE('',#1628,#427);
#328=LINE('',#1630,#428);
#329=LINE('',#1632,#429);
#330=LINE('',#1634,#430);
#331=LINE('',#1635,#431);
#332=LINE('',#1638,#432);
#333=LINE('',#1639,#433);
#334=LINE('',#1642,#434);
#335=LINE('',#1643,#435);
#336=LINE('',#1644,#436);
#337=LINE('',#1647,#437);
#338=LINE('',#1649,#438);
#339=LINE('',#1651,#439);
#340=LINE('',#1653,#440);
#341=LINE('',#1654,#441);
#342=LINE('',#1661,#442);
#343=LINE('',#1663,#443);
#344=LINE('',#1665,#444);
#345=LINE('',#1667,#445);
#346=LINE('',#1668,#446);
#347=LINE('',#1707,#447);
#348=LINE('',#1810,#448);
#349=LINE('',#1846,#449);
#350=LINE('',#1917,#450);
#351=LINE('',#1919,#451);
#352=LINE('',#1920,#452);
#353=LINE('',#1950,#453);
#354=LINE('',#1951,#454);
#355=LINE('',#1954,#455);
#356=LINE('',#1968,#456);
#357=LINE('',#1972,#457);
#358=LINE('',#1976,#458);
#359=LINE('',#1982,#459);
#360=LINE('',#1991,#460);
#361=LINE('',#2000,#461);
#362=LINE('',#2009,#462);
#363=LINE('',#2017,#463);
#364=LINE('',#2021,#464);
#365=LINE('',#2025,#465);
#366=LINE('',#2030,#466);
#367=LINE('',#2035,#467);
#368=LINE('',#2058,#468);
#369=LINE('',#2059,#469);
#370=LINE('',#2088,#470);
#371=LINE('',#2090,#471);
#372=LINE('',#2091,#472);
#373=LINE('',#2092,#473);
#374=LINE('',#2094,#474);
#375=LINE('',#2095,#475);
#376=LINE('',#2097,#476);
#377=LINE('',#2102,#477);
#378=LINE('',#2108,#478);
#379=LINE('',#2113,#479);
#380=LINE('',#2114,#480);
#381=LINE('',#2115,#481);
#382=LINE('',#2122,#482);
#383=LINE('',#2124,#483);
#384=LINE('',#2130,#484);
#385=LINE('',#2136,#485);
#386=LINE('',#2141,#486);
#387=LINE('',#2142,#487);
#388=LINE('',#2143,#488);
#389=LINE('',#2150,#489);
#390=LINE('',#2152,#490);
#391=LINE('',#2154,#491);
#392=LINE('',#2155,#492);
#393=VECTOR('',#1261,10.);
#394=VECTOR('',#1262,10.);
#395=VECTOR('',#1263,10.);
#396=VECTOR('',#1264,10.);
#397=VECTOR('',#1267,10.);
#398=VECTOR('',#1268,10.);
#399=VECTOR('',#1269,10.);
#400=VECTOR('',#1270,10.);
#401=VECTOR('',#1271,10.);
#402=VECTOR('',#1274,10.);
#403=VECTOR('',#1275,10.);
#404=VECTOR('',#1276,10.);
#405=VECTOR('',#1277,10.);
#406=VECTOR('',#1280,10.);
#407=VECTOR('',#1283,10.);
#408=VECTOR('',#1284,10.);
#409=VECTOR('',#1285,10.);
#410=VECTOR('',#1286,10.);
#411=VECTOR('',#1289,10.);
#412=VECTOR('',#1290,10.);
#413=VECTOR('',#1291,10.);
#414=VECTOR('',#1294,10.);
#415=VECTOR('',#1295,10.);
#416=VECTOR('',#1296,10.);
#417=VECTOR('',#1297,10.);
#418=VECTOR('',#1300,10.);
#419=VECTOR('',#1301,10.);
#420=VECTOR('',#1302,10.);
#421=VECTOR('',#1305,10.);
#422=VECTOR('',#1306,10.);
#423=VECTOR('',#1309,10.);
#424=VECTOR('',#1310,10.);
#425=VECTOR('',#1311,10.);
#426=VECTOR('',#1312,10.);
#427=VECTOR('',#1315,10.);
#428=VECTOR('',#1316,10.);
#429=VECTOR('',#1317,10.);
#430=VECTOR('',#1318,10.);
#431=VECTOR('',#1319,10.);
#432=VECTOR('',#1322,10.);
#433=VECTOR('',#1323,10.);
#434=VECTOR('',#1326,10.);
#435=VECTOR('',#1327,10.);
#436=VECTOR('',#1328,10.);
#437=VECTOR('',#1331,10.);
#438=VECTOR('',#1332,10.);
#439=VECTOR('',#1333,10.);
#440=VECTOR('',#1334,10.);
#441=VECTOR('',#1335,10.);
#442=VECTOR('',#1342,10.);
#443=VECTOR('',#1343,10.);
#444=VECTOR('',#1344,10.);
#445=VECTOR('',#1345,10.);
#446=VECTOR('',#1346,10.);
#447=VECTOR('',#1351,10.);
#448=VECTOR('',#1352,10.);
#449=VECTOR('',#1353,10.);
#450=VECTOR('',#1354,13.0399175936555);
#451=VECTOR('',#1355,10.);
#452=VECTOR('',#1356,13.0399175936552);
#453=VECTOR('',#1357,13.0399175936571);
#454=VECTOR('',#1358,10.);
#455=VECTOR('',#1361,8.05);
#456=VECTOR('',#1380,2.12500000000001);
#457=VECTOR('',#1385,2.12500000000001);
#458=VECTOR('',#1390,2.12500000000001);
#459=VECTOR('',#1397,1.75000000000001);
#460=VECTOR('',#1408,1.75000000000001);
#461=VECTOR('',#1419,1.75000000000001);
#462=VECTOR('',#1430,1.75000000000001);
#463=VECTOR('',#1441,0.800000000000001);
#464=VECTOR('',#1446,0.8);
#465=VECTOR('',#1451,0.8);
#466=VECTOR('',#1456,3.8);
#467=VECTOR('',#1463,0.800000000000001);
#468=VECTOR('',#1466,13.0399175936567);
#469=VECTOR('',#1467,10.);
#470=VECTOR('',#1468,10.);
#471=VECTOR('',#1471,10.);
#472=VECTOR('',#1472,10.);
#473=VECTOR('',#1473,10.);
#474=VECTOR('',#1476,10.);
#475=VECTOR('',#1477,10.);
#476=VECTOR('',#1480,10.);
#477=VECTOR('',#1485,1.75000000000001);
#478=VECTOR('',#1492,1.75000000000002);
#479=VECTOR('',#1497,10.);
#480=VECTOR('',#1498,10.);
#481=VECTOR('',#1499,10.);
#482=VECTOR('',#1508,1.00000000000001);
#483=VECTOR('',#1511,0.999999999999988);
#484=VECTOR('',#1518,1.75000000000001);
#485=VECTOR('',#1525,1.75000000000002);
#486=VECTOR('',#1530,10.);
#487=VECTOR('',#1531,10.);
#488=VECTOR('',#1532,10.);
#489=VECTOR('',#1541,1.00000000000001);
#490=VECTOR('',#1544,0.999999999999988);
#491=VECTOR('',#1547,10.);
#492=VECTOR('',#1548,10.);
#493=VERTEX_POINT('',#1557);
#494=VERTEX_POINT('',#1558);
#495=VERTEX_POINT('',#1560);
#496=VERTEX_POINT('',#1562);
#497=VERTEX_POINT('',#1566);
#498=VERTEX_POINT('',#1568);
#499=VERTEX_POINT('',#1570);
#500=VERTEX_POINT('',#1572);
#501=VERTEX_POINT('',#1576);
#502=VERTEX_POINT('',#1579);
#503=VERTEX_POINT('',#1585);
#504=VERTEX_POINT('',#1586);
#505=VERTEX_POINT('',#1588);
#506=VERTEX_POINT('',#1590);
#507=VERTEX_POINT('',#1594);
#508=VERTEX_POINT('',#1596);
#509=VERTEX_POINT('',#1600);
#510=VERTEX_POINT('',#1601);
#511=VERTEX_POINT('',#1603);
#512=VERTEX_POINT('',#1605);
#513=VERTEX_POINT('',#1609);
#514=VERTEX_POINT('',#1611);
#515=VERTEX_POINT('',#1618);
#516=VERTEX_POINT('',#1619);
#517=VERTEX_POINT('',#1621);
#518=VERTEX_POINT('',#1623);
#519=VERTEX_POINT('',#1627);
#520=VERTEX_POINT('',#1629);
#521=VERTEX_POINT('',#1631);
#522=VERTEX_POINT('',#1633);
#523=VERTEX_POINT('',#1637);
#524=VERTEX_POINT('',#1641);
#525=VERTEX_POINT('',#1646);
#526=VERTEX_POINT('',#1648);
#527=VERTEX_POINT('',#1650);
#528=VERTEX_POINT('',#1652);
#529=VERTEX_POINT('',#1655);
#530=VERTEX_POINT('',#1657);
#531=VERTEX_POINT('',#1660);
#532=VERTEX_POINT('',#1662);
#533=VERTEX_POINT('',#1664);
#534=VERTEX_POINT('',#1666);
#535=VERTEX_POINT('',#1669);
#536=VERTEX_POINT('',#1671);
#537=VERTEX_POINT('',#1705);
#538=VERTEX_POINT('',#1706);
#539=VERTEX_POINT('',#1708);
#540=VERTEX_POINT('',#1716);
#541=VERTEX_POINT('',#1803);
#542=VERTEX_POINT('',#1809);
#543=VERTEX_POINT('',#1844);
#544=VERTEX_POINT('',#1845);
#545=VERTEX_POINT('',#1886);
#546=VERTEX_POINT('',#1916);
#547=VERTEX_POINT('',#1918);
#548=VERTEX_POINT('',#1949);
#549=VERTEX_POINT('',#1953);
#550=VERTEX_POINT('',#1957);
#551=VERTEX_POINT('',#1958);
#552=VERTEX_POINT('',#1962);
#553=VERTEX_POINT('',#1963);
#554=VERTEX_POINT('',#1971);
#555=VERTEX_POINT('',#1975);
#556=VERTEX_POINT('',#1979);
#557=VERTEX_POINT('',#1981);
#558=VERTEX_POINT('',#1985);
#559=VERTEX_POINT('',#1988);
#560=VERTEX_POINT('',#1990);
#561=VERTEX_POINT('',#1994);
#562=VERTEX_POINT('',#1997);
#563=VERTEX_POINT('',#1999);
#564=VERTEX_POINT('',#2003);
#565=VERTEX_POINT('',#2006);
#566=VERTEX_POINT('',#2008);
#567=VERTEX_POINT('',#2012);
#568=VERTEX_POINT('',#2015);
#569=VERTEX_POINT('',#2019);
#570=VERTEX_POINT('',#2023);
#571=VERTEX_POINT('',#2027);
#572=VERTEX_POINT('',#2029);
#573=VERTEX_POINT('',#2033);
#574=VERTEX_POINT('',#2057);
#575=VERTEX_POINT('',#2099);
#576=VERTEX_POINT('',#2101);
#577=VERTEX_POINT('',#2105);
#578=VERTEX_POINT('',#2107);
#579=VERTEX_POINT('',#2111);
#580=VERTEX_POINT('',#2112);
#581=VERTEX_POINT('',#2117);
#582=VERTEX_POINT('',#2120);
#583=VERTEX_POINT('',#2127);
#584=VERTEX_POINT('',#2129);
#585=VERTEX_POINT('',#2133);
#586=VERTEX_POINT('',#2135);
#587=VERTEX_POINT('',#2139);
#588=VERTEX_POINT('',#2140);
#589=VERTEX_POINT('',#2145);
#590=VERTEX_POINT('',#2148);
#591=EDGE_CURVE('',#493,#494,#293,.T.);
#592=EDGE_CURVE('',#495,#493,#294,.T.);
#593=EDGE_CURVE('',#496,#495,#295,.T.);
#594=EDGE_CURVE('',#494,#496,#296,.T.);
#595=EDGE_CURVE('',#494,#497,#297,.T.);
#596=EDGE_CURVE('',#498,#496,#298,.T.);
#597=EDGE_CURVE('',#499,#498,#299,.T.);
#598=EDGE_CURVE('',#499,#500,#300,.T.);
#599=EDGE_CURVE('',#497,#500,#301,.T.);
#600=EDGE_CURVE('',#501,#493,#302,.T.);
#601=EDGE_CURVE('',#500,#501,#303,.T.);
#602=EDGE_CURVE('',#502,#499,#304,.T.);
#603=EDGE_CURVE('',#502,#495,#305,.T.);
#604=EDGE_CURVE('',#498,#502,#306,.T.);
#605=EDGE_CURVE('',#503,#504,#307,.T.);
#606=EDGE_CURVE('',#505,#503,#308,.T.);
#607=EDGE_CURVE('',#506,#505,#309,.T.);
#608=EDGE_CURVE('',#506,#504,#310,.T.);
#609=EDGE_CURVE('',#507,#503,#311,.T.);
#610=EDGE_CURVE('',#508,#507,#312,.T.);
#611=EDGE_CURVE('',#505,#508,#313,.T.);
#612=EDGE_CURVE('',#509,#510,#314,.T.);
#613=EDGE_CURVE('',#511,#509,#315,.T.);
#614=EDGE_CURVE('',#512,#511,#316,.T.);
#615=EDGE_CURVE('',#512,#510,#317,.T.);
#616=EDGE_CURVE('',#510,#513,#318,.T.);
#617=EDGE_CURVE('',#514,#512,#319,.T.);
#618=EDGE_CURVE('',#514,#513,#320,.T.);
#619=EDGE_CURVE('',#513,#509,#321,.T.);
#620=EDGE_CURVE('',#511,#514,#322,.T.);
#621=EDGE_CURVE('',#515,#516,#323,.T.);
#622=EDGE_CURVE('',#517,#515,#324,.T.);
#623=EDGE_CURVE('',#518,#517,#325,.T.);
#624=EDGE_CURVE('',#516,#518,#326,.T.);
#625=EDGE_CURVE('',#516,#519,#327,.T.);
#626=EDGE_CURVE('',#520,#518,#328,.T.);
#627=EDGE_CURVE('',#521,#520,#329,.T.);
#628=EDGE_CURVE('',#521,#522,#330,.T.);
#629=EDGE_CURVE('',#519,#522,#331,.T.);
#630=EDGE_CURVE('',#523,#517,#332,.T.);
#631=EDGE_CURVE('',#520,#523,#333,.T.);
#632=EDGE_CURVE('',#524,#515,#334,.T.);
#633=EDGE_CURVE('',#522,#524,#335,.T.);
#634=EDGE_CURVE('',#523,#521,#336,.T.);
#635=EDGE_CURVE('',#497,#525,#337,.T.);
#636=EDGE_CURVE('',#526,#525,#338,.T.);
#637=EDGE_CURVE('',#526,#527,#339,.T.);
#638=EDGE_CURVE('',#527,#528,#340,.T.);
#639=EDGE_CURVE('',#528,#501,#341,.T.);
#640=EDGE_CURVE('',#529,#529,#92,.T.);
#641=EDGE_CURVE('',#530,#530,#93,.T.);
#642=EDGE_CURVE('',#519,#531,#342,.T.);
#643=EDGE_CURVE('',#531,#532,#343,.T.);
#644=EDGE_CURVE('',#532,#533,#344,.T.);
#645=EDGE_CURVE('',#533,#534,#345,.T.);
#646=EDGE_CURVE('',#534,#524,#346,.T.);
#647=EDGE_CURVE('',#535,#535,#94,.T.);
#648=EDGE_CURVE('',#536,#536,#95,.T.);
#649=EDGE_CURVE('',#537,#538,#347,.T.);
#650=EDGE_CURVE('',#537,#539,#40,.T.);
#651=EDGE_CURVE('',#539,#540,#41,.T.);
#652=EDGE_CURVE('',#540,#538,#42,.T.);
#653=EDGE_CURVE('',#538,#541,#43,.T.);
#654=EDGE_CURVE('',#541,#542,#348,.T.);
#655=EDGE_CURVE('',#542,#537,#44,.T.);
#656=EDGE_CURVE('',#543,#544,#349,.T.);
#657=EDGE_CURVE('',#544,#542,#45,.T.);
#658=EDGE_CURVE('',#541,#543,#46,.T.);
#659=EDGE_CURVE('',#539,#544,#47,.T.);
#660=EDGE_CURVE('',#543,#545,#48,.T.);
#661=EDGE_CURVE('',#545,#540,#49,.T.);
#662=EDGE_CURVE('',#546,#539,#350,.T.);
#663=EDGE_CURVE('',#547,#546,#351,.T.);
#664=EDGE_CURVE('',#547,#544,#352,.T.);
#665=EDGE_CURVE('',#548,#537,#353,.T.);
#666=EDGE_CURVE('',#548,#546,#354,.T.);
#667=EDGE_CURVE('',#545,#549,#355,.T.);
#668=EDGE_CURVE('',#549,#549,#96,.T.);
#669=EDGE_CURVE('',#550,#551,#97,.T.);
#670=EDGE_CURVE('',#550,#551,#98,.T.);
#671=EDGE_CURVE('',#552,#553,#99,.T.);
#672=EDGE_CURVE('',#553,#552,#100,.T.);
#673=EDGE_CURVE('',#553,#552,#15,.T.);
#674=EDGE_CURVE('',#553,#551,#356,.T.);
#675=EDGE_CURVE('',#550,#551,#16,.T.);
#676=EDGE_CURVE('',#553,#554,#357,.T.);
#677=EDGE_CURVE('',#554,#554,#101,.T.);
#678=EDGE_CURVE('',#551,#555,#358,.T.);
#679=EDGE_CURVE('',#555,#555,#102,.T.);
#680=EDGE_CURVE('',#556,#556,#103,.T.);
#681=EDGE_CURVE('',#556,#557,#359,.T.);
#682=EDGE_CURVE('',#557,#557,#104,.T.);
#683=EDGE_CURVE('',#558,#558,#105,.T.);
#684=EDGE_CURVE('',#559,#559,#106,.T.);
#685=EDGE_CURVE('',#559,#560,#360,.T.);
#686=EDGE_CURVE('',#560,#560,#107,.T.);
#687=EDGE_CURVE('',#561,#561,#108,.T.);
#688=EDGE_CURVE('',#562,#562,#109,.T.);
#689=EDGE_CURVE('',#562,#563,#361,.T.);
#690=EDGE_CURVE('',#563,#563,#110,.T.);
#691=EDGE_CURVE('',#564,#564,#111,.T.);
#692=EDGE_CURVE('',#565,#565,#112,.T.);
#693=EDGE_CURVE('',#565,#566,#362,.T.);
#694=EDGE_CURVE('',#566,#566,#113,.T.);
#695=EDGE_CURVE('',#567,#567,#114,.T.);
#696=EDGE_CURVE('',#568,#568,#115,.T.);
#697=EDGE_CURVE('',#568,#567,#363,.T.);
#698=EDGE_CURVE('',#569,#569,#116,.T.);
#699=EDGE_CURVE('',#569,#558,#364,.T.);
#700=EDGE_CURVE('',#570,#570,#117,.T.);
#701=EDGE_CURVE('',#570,#561,#365,.T.);
#702=EDGE_CURVE('',#571,#571,#118,.T.);
#703=EDGE_CURVE('',#571,#572,#366,.T.);
#704=EDGE_CURVE('',#572,#572,#119,.T.);
#705=EDGE_CURVE('',#573,#573,#120,.T.);
#706=EDGE_CURVE('',#573,#564,#367,.T.);
#707=EDGE_CURVE('',#574,#542,#368,.T.);
#708=EDGE_CURVE('',#574,#548,#369,.T.);
#709=EDGE_CURVE('',#574,#547,#370,.T.);
#710=EDGE_CURVE('',#507,#528,#371,.T.);
#711=EDGE_CURVE('',#531,#504,#372,.T.);
#712=EDGE_CURVE('',#534,#525,#373,.T.);
#713=EDGE_CURVE('',#532,#527,#374,.T.);
#714=EDGE_CURVE('',#508,#506,#375,.T.);
#715=EDGE_CURVE('',#533,#526,#376,.T.);
#716=EDGE_CURVE('',#575,#575,#121,.T.);
#717=EDGE_CURVE('',#575,#576,#377,.T.);
#718=EDGE_CURVE('',#576,#576,#122,.T.);
#719=EDGE_CURVE('',#577,#577,#123,.T.);
#720=EDGE_CURVE('',#577,#578,#378,.T.);
#721=EDGE_CURVE('',#578,#578,#124,.T.);
#722=EDGE_CURVE('',#579,#580,#379,.T.);
#723=EDGE_CURVE('',#548,#579,#380,.T.);
#724=EDGE_CURVE('',#580,#574,#381,.T.);
#725=EDGE_CURVE('',#581,#581,#125,.T.);
#726=EDGE_CURVE('',#582,#582,#126,.T.);
#727=EDGE_CURVE('',#582,#529,#382,.T.);
#728=EDGE_CURVE('',#581,#530,#383,.T.);
#729=EDGE_CURVE('',#583,#583,#127,.T.);
#730=EDGE_CURVE('',#583,#584,#384,.T.);
#731=EDGE_CURVE('',#584,#584,#128,.T.);
#732=EDGE_CURVE('',#585,#585,#129,.T.);
#733=EDGE_CURVE('',#585,#586,#385,.T.);
#734=EDGE_CURVE('',#586,#586,#130,.T.);
#735=EDGE_CURVE('',#587,#588,#386,.T.);
#736=EDGE_CURVE('',#588,#547,#387,.T.);
#737=EDGE_CURVE('',#546,#587,#388,.T.);
#738=EDGE_CURVE('',#589,#589,#131,.T.);
#739=EDGE_CURVE('',#590,#590,#132,.T.);
#740=EDGE_CURVE('',#590,#536,#389,.T.);
#741=EDGE_CURVE('',#589,#535,#390,.T.);
#742=EDGE_CURVE('',#579,#587,#391,.T.);
#743=EDGE_CURVE('',#588,#580,#392,.T.);
#744=ORIENTED_EDGE('',*,*,#591,.F.);
#745=ORIENTED_EDGE('',*,*,#592,.F.);
#746=ORIENTED_EDGE('',*,*,#593,.F.);
#747=ORIENTED_EDGE('',*,*,#594,.F.);
#748=ORIENTED_EDGE('',*,*,#595,.F.);
#749=ORIENTED_EDGE('',*,*,#594,.T.);
#750=ORIENTED_EDGE('',*,*,#596,.F.);
#751=ORIENTED_EDGE('',*,*,#597,.F.);
#752=ORIENTED_EDGE('',*,*,#598,.T.);
#753=ORIENTED_EDGE('',*,*,#599,.F.);
#754=ORIENTED_EDGE('',*,*,#600,.F.);
#755=ORIENTED_EDGE('',*,*,#601,.F.);
#756=ORIENTED_EDGE('',*,*,#598,.F.);
#757=ORIENTED_EDGE('',*,*,#602,.F.);
#758=ORIENTED_EDGE('',*,*,#603,.T.);
#759=ORIENTED_EDGE('',*,*,#592,.T.);
#760=ORIENTED_EDGE('',*,*,#593,.T.);
#761=ORIENTED_EDGE('',*,*,#603,.F.);
#762=ORIENTED_EDGE('',*,*,#604,.F.);
#763=ORIENTED_EDGE('',*,*,#596,.T.);
#764=ORIENTED_EDGE('',*,*,#605,.F.);
#765=ORIENTED_EDGE('',*,*,#606,.F.);
#766=ORIENTED_EDGE('',*,*,#607,.F.);
#767=ORIENTED_EDGE('',*,*,#608,.T.);
#768=ORIENTED_EDGE('',*,*,#609,.F.);
#769=ORIENTED_EDGE('',*,*,#610,.F.);
#770=ORIENTED_EDGE('',*,*,#611,.F.);
#771=ORIENTED_EDGE('',*,*,#606,.T.);
#772=ORIENTED_EDGE('',*,*,#612,.F.);
#773=ORIENTED_EDGE('',*,*,#613,.F.);
#774=ORIENTED_EDGE('',*,*,#614,.F.);
#775=ORIENTED_EDGE('',*,*,#615,.T.);
#776=ORIENTED_EDGE('',*,*,#616,.F.);
#777=ORIENTED_EDGE('',*,*,#615,.F.);
#778=ORIENTED_EDGE('',*,*,#617,.F.);
#779=ORIENTED_EDGE('',*,*,#618,.T.);
#780=ORIENTED_EDGE('',*,*,#619,.F.);
#781=ORIENTED_EDGE('',*,*,#618,.F.);
#782=ORIENTED_EDGE('',*,*,#620,.F.);
#783=ORIENTED_EDGE('',*,*,#613,.T.);
#784=ORIENTED_EDGE('',*,*,#621,.F.);
#785=ORIENTED_EDGE('',*,*,#622,.F.);
#786=ORIENTED_EDGE('',*,*,#623,.F.);
#787=ORIENTED_EDGE('',*,*,#624,.F.);
#788=ORIENTED_EDGE('',*,*,#625,.F.);
#789=ORIENTED_EDGE('',*,*,#624,.T.);
#790=ORIENTED_EDGE('',*,*,#626,.F.);
#791=ORIENTED_EDGE('',*,*,#627,.F.);
#792=ORIENTED_EDGE('',*,*,#628,.T.);
#793=ORIENTED_EDGE('',*,*,#629,.F.);
#794=ORIENTED_EDGE('',*,*,#623,.T.);
#795=ORIENTED_EDGE('',*,*,#630,.F.);
#796=ORIENTED_EDGE('',*,*,#631,.F.);
#797=ORIENTED_EDGE('',*,*,#626,.T.);
#798=ORIENTED_EDGE('',*,*,#632,.F.);
#799=ORIENTED_EDGE('',*,*,#633,.F.);
#800=ORIENTED_EDGE('',*,*,#628,.F.);
#801=ORIENTED_EDGE('',*,*,#634,.F.);
#802=ORIENTED_EDGE('',*,*,#630,.T.);
#803=ORIENTED_EDGE('',*,*,#622,.T.);
#804=ORIENTED_EDGE('',*,*,#600,.T.);
#805=ORIENTED_EDGE('',*,*,#591,.T.);
#806=ORIENTED_EDGE('',*,*,#595,.T.);
#807=ORIENTED_EDGE('',*,*,#635,.T.);
#808=ORIENTED_EDGE('',*,*,#636,.F.);
#809=ORIENTED_EDGE('',*,*,#637,.T.);
#810=ORIENTED_EDGE('',*,*,#638,.T.);
#811=ORIENTED_EDGE('',*,*,#639,.T.);
#812=ORIENTED_EDGE('',*,*,#640,.T.);
#813=ORIENTED_EDGE('',*,*,#641,.T.);
#814=ORIENTED_EDGE('',*,*,#632,.T.);
#815=ORIENTED_EDGE('',*,*,#621,.T.);
#816=ORIENTED_EDGE('',*,*,#625,.T.);
#817=ORIENTED_EDGE('',*,*,#642,.T.);
#818=ORIENTED_EDGE('',*,*,#643,.T.);
#819=ORIENTED_EDGE('',*,*,#644,.T.);
#820=ORIENTED_EDGE('',*,*,#645,.T.);
#821=ORIENTED_EDGE('',*,*,#646,.T.);
#822=ORIENTED_EDGE('',*,*,#647,.F.);
#823=ORIENTED_EDGE('',*,*,#648,.F.);
#824=ORIENTED_EDGE('',*,*,#649,.F.);
#825=ORIENTED_EDGE('',*,*,#650,.T.);
#826=ORIENTED_EDGE('',*,*,#651,.T.);
#827=ORIENTED_EDGE('',*,*,#652,.T.);
#828=ORIENTED_EDGE('',*,*,#649,.T.);
#829=ORIENTED_EDGE('',*,*,#653,.T.);
#830=ORIENTED_EDGE('',*,*,#654,.T.);
#831=ORIENTED_EDGE('',*,*,#655,.T.);
#832=ORIENTED_EDGE('',*,*,#656,.T.);
#833=ORIENTED_EDGE('',*,*,#657,.T.);
#834=ORIENTED_EDGE('',*,*,#654,.F.);
#835=ORIENTED_EDGE('',*,*,#658,.T.);
#836=ORIENTED_EDGE('',*,*,#659,.T.);
#837=ORIENTED_EDGE('',*,*,#656,.F.);
#838=ORIENTED_EDGE('',*,*,#660,.T.);
#839=ORIENTED_EDGE('',*,*,#661,.T.);
#840=ORIENTED_EDGE('',*,*,#651,.F.);
#841=ORIENTED_EDGE('',*,*,#659,.F.);
#842=ORIENTED_EDGE('',*,*,#662,.F.);
#843=ORIENTED_EDGE('',*,*,#663,.F.);
#844=ORIENTED_EDGE('',*,*,#664,.T.);
#845=ORIENTED_EDGE('',*,*,#650,.F.);
#846=ORIENTED_EDGE('',*,*,#665,.F.);
#847=ORIENTED_EDGE('',*,*,#666,.T.);
#848=ORIENTED_EDGE('',*,*,#662,.T.);
#849=ORIENTED_EDGE('',*,*,#652,.F.);
#850=ORIENTED_EDGE('',*,*,#661,.F.);
#851=ORIENTED_EDGE('',*,*,#667,.T.);
#852=ORIENTED_EDGE('',*,*,#668,.T.);
#853=ORIENTED_EDGE('',*,*,#667,.F.);
#854=ORIENTED_EDGE('',*,*,#660,.F.);
#855=ORIENTED_EDGE('',*,*,#658,.F.);
#856=ORIENTED_EDGE('',*,*,#653,.F.);
#857=ORIENTED_EDGE('',*,*,#669,.F.);
#858=ORIENTED_EDGE('',*,*,#670,.T.);
#859=ORIENTED_EDGE('',*,*,#671,.T.);
#860=ORIENTED_EDGE('',*,*,#672,.T.);
#861=ORIENTED_EDGE('',*,*,#673,.F.);
#862=ORIENTED_EDGE('',*,*,#674,.T.);
#863=ORIENTED_EDGE('',*,*,#675,.F.);
#864=ORIENTED_EDGE('',*,*,#669,.T.);
#865=ORIENTED_EDGE('',*,*,#674,.F.);
#866=ORIENTED_EDGE('',*,*,#671,.F.);
#867=ORIENTED_EDGE('',*,*,#673,.T.);
#868=ORIENTED_EDGE('',*,*,#672,.F.);
#869=ORIENTED_EDGE('',*,*,#676,.T.);
#870=ORIENTED_EDGE('',*,*,#677,.F.);
#871=ORIENTED_EDGE('',*,*,#676,.F.);
#872=ORIENTED_EDGE('',*,*,#675,.T.);
#873=ORIENTED_EDGE('',*,*,#678,.T.);
#874=ORIENTED_EDGE('',*,*,#679,.F.);
#875=ORIENTED_EDGE('',*,*,#678,.F.);
#876=ORIENTED_EDGE('',*,*,#670,.F.);
#877=ORIENTED_EDGE('',*,*,#680,.F.);
#878=ORIENTED_EDGE('',*,*,#681,.T.);
#879=ORIENTED_EDGE('',*,*,#682,.T.);
#880=ORIENTED_EDGE('',*,*,#681,.F.);
#881=ORIENTED_EDGE('',*,*,#682,.F.);
#882=ORIENTED_EDGE('',*,*,#683,.F.);
#883=ORIENTED_EDGE('',*,*,#684,.F.);
#884=ORIENTED_EDGE('',*,*,#685,.T.);
#885=ORIENTED_EDGE('',*,*,#686,.T.);
#886=ORIENTED_EDGE('',*,*,#685,.F.);
#887=ORIENTED_EDGE('',*,*,#686,.F.);
#888=ORIENTED_EDGE('',*,*,#687,.F.);
#889=ORIENTED_EDGE('',*,*,#688,.F.);
#890=ORIENTED_EDGE('',*,*,#689,.T.);
#891=ORIENTED_EDGE('',*,*,#690,.T.);
#892=ORIENTED_EDGE('',*,*,#689,.F.);
#893=ORIENTED_EDGE('',*,*,#690,.F.);
#894=ORIENTED_EDGE('',*,*,#691,.F.);
#895=ORIENTED_EDGE('',*,*,#692,.F.);
#896=ORIENTED_EDGE('',*,*,#693,.T.);
#897=ORIENTED_EDGE('',*,*,#694,.T.);
#898=ORIENTED_EDGE('',*,*,#693,.F.);
#899=ORIENTED_EDGE('',*,*,#694,.F.);
#900=ORIENTED_EDGE('',*,*,#695,.F.);
#901=ORIENTED_EDGE('',*,*,#696,.F.);
#902=ORIENTED_EDGE('',*,*,#697,.T.);
#903=ORIENTED_EDGE('',*,*,#695,.T.);
#904=ORIENTED_EDGE('',*,*,#697,.F.);
#905=ORIENTED_EDGE('',*,*,#698,.F.);
#906=ORIENTED_EDGE('',*,*,#699,.T.);
#907=ORIENTED_EDGE('',*,*,#683,.T.);
#908=ORIENTED_EDGE('',*,*,#699,.F.);
#909=ORIENTED_EDGE('',*,*,#700,.F.);
#910=ORIENTED_EDGE('',*,*,#701,.T.);
#911=ORIENTED_EDGE('',*,*,#687,.T.);
#912=ORIENTED_EDGE('',*,*,#701,.F.);
#913=ORIENTED_EDGE('',*,*,#702,.F.);
#914=ORIENTED_EDGE('',*,*,#703,.T.);
#915=ORIENTED_EDGE('',*,*,#704,.F.);
#916=ORIENTED_EDGE('',*,*,#703,.F.);
#917=ORIENTED_EDGE('',*,*,#705,.F.);
#918=ORIENTED_EDGE('',*,*,#706,.T.);
#919=ORIENTED_EDGE('',*,*,#691,.T.);
#920=ORIENTED_EDGE('',*,*,#706,.F.);
#921=ORIENTED_EDGE('',*,*,#668,.F.);
#922=ORIENTED_EDGE('',*,*,#705,.T.);
#923=ORIENTED_EDGE('',*,*,#702,.T.);
#924=ORIENTED_EDGE('',*,*,#700,.T.);
#925=ORIENTED_EDGE('',*,*,#698,.T.);
#926=ORIENTED_EDGE('',*,*,#696,.T.);
#927=ORIENTED_EDGE('',*,*,#655,.F.);
#928=ORIENTED_EDGE('',*,*,#707,.F.);
#929=ORIENTED_EDGE('',*,*,#708,.T.);
#930=ORIENTED_EDGE('',*,*,#665,.T.);
#931=ORIENTED_EDGE('',*,*,#657,.F.);
#932=ORIENTED_EDGE('',*,*,#664,.F.);
#933=ORIENTED_EDGE('',*,*,#709,.F.);
#934=ORIENTED_EDGE('',*,*,#707,.T.);
#935=ORIENTED_EDGE('',*,*,#601,.T.);
#936=ORIENTED_EDGE('',*,*,#639,.F.);
#937=ORIENTED_EDGE('',*,*,#710,.F.);
#938=ORIENTED_EDGE('',*,*,#609,.T.);
#939=ORIENTED_EDGE('',*,*,#605,.T.);
#940=ORIENTED_EDGE('',*,*,#711,.F.);
#941=ORIENTED_EDGE('',*,*,#642,.F.);
#942=ORIENTED_EDGE('',*,*,#629,.T.);
#943=ORIENTED_EDGE('',*,*,#633,.T.);
#944=ORIENTED_EDGE('',*,*,#646,.F.);
#945=ORIENTED_EDGE('',*,*,#712,.T.);
#946=ORIENTED_EDGE('',*,*,#635,.F.);
#947=ORIENTED_EDGE('',*,*,#599,.T.);
#948=ORIENTED_EDGE('',*,*,#616,.T.);
#949=ORIENTED_EDGE('',*,*,#619,.T.);
#950=ORIENTED_EDGE('',*,*,#612,.T.);
#951=ORIENTED_EDGE('',*,*,#710,.T.);
#952=ORIENTED_EDGE('',*,*,#638,.F.);
#953=ORIENTED_EDGE('',*,*,#713,.F.);
#954=ORIENTED_EDGE('',*,*,#643,.F.);
#955=ORIENTED_EDGE('',*,*,#711,.T.);
#956=ORIENTED_EDGE('',*,*,#608,.F.);
#957=ORIENTED_EDGE('',*,*,#714,.F.);
#958=ORIENTED_EDGE('',*,*,#610,.T.);
#959=ORIENTED_EDGE('',*,*,#704,.T.);
#960=ORIENTED_EDGE('',*,*,#692,.T.);
#961=ORIENTED_EDGE('',*,*,#688,.T.);
#962=ORIENTED_EDGE('',*,*,#684,.T.);
#963=ORIENTED_EDGE('',*,*,#680,.T.);
#964=ORIENTED_EDGE('',*,*,#637,.F.);
#965=ORIENTED_EDGE('',*,*,#715,.F.);
#966=ORIENTED_EDGE('',*,*,#644,.F.);
#967=ORIENTED_EDGE('',*,*,#713,.T.);
#968=ORIENTED_EDGE('',*,*,#716,.T.);
#969=ORIENTED_EDGE('',*,*,#717,.T.);
#970=ORIENTED_EDGE('',*,*,#718,.T.);
#971=ORIENTED_EDGE('',*,*,#717,.F.);
#972=ORIENTED_EDGE('',*,*,#719,.T.);
#973=ORIENTED_EDGE('',*,*,#720,.T.);
#974=ORIENTED_EDGE('',*,*,#721,.T.);
#975=ORIENTED_EDGE('',*,*,#720,.F.);
#976=ORIENTED_EDGE('',*,*,#722,.F.);
#977=ORIENTED_EDGE('',*,*,#723,.F.);
#978=ORIENTED_EDGE('',*,*,#708,.F.);
#979=ORIENTED_EDGE('',*,*,#724,.F.);
#980=ORIENTED_EDGE('',*,*,#719,.F.);
#981=ORIENTED_EDGE('',*,*,#716,.F.);
#982=ORIENTED_EDGE('',*,*,#721,.F.);
#983=ORIENTED_EDGE('',*,*,#725,.F.);
#984=ORIENTED_EDGE('',*,*,#726,.T.);
#985=ORIENTED_EDGE('',*,*,#727,.T.);
#986=ORIENTED_EDGE('',*,*,#640,.F.);
#987=ORIENTED_EDGE('',*,*,#727,.F.);
#988=ORIENTED_EDGE('',*,*,#725,.T.);
#989=ORIENTED_EDGE('',*,*,#728,.T.);
#990=ORIENTED_EDGE('',*,*,#641,.F.);
#991=ORIENTED_EDGE('',*,*,#728,.F.);
#992=ORIENTED_EDGE('',*,*,#718,.F.);
#993=ORIENTED_EDGE('',*,*,#726,.F.);
#994=ORIENTED_EDGE('',*,*,#729,.F.);
#995=ORIENTED_EDGE('',*,*,#730,.T.);
#996=ORIENTED_EDGE('',*,*,#731,.F.);
#997=ORIENTED_EDGE('',*,*,#730,.F.);
#998=ORIENTED_EDGE('',*,*,#732,.F.);
#999=ORIENTED_EDGE('',*,*,#733,.T.);
#1000=ORIENTED_EDGE('',*,*,#734,.F.);
#1001=ORIENTED_EDGE('',*,*,#733,.F.);
#1002=ORIENTED_EDGE('',*,*,#735,.T.);
#1003=ORIENTED_EDGE('',*,*,#736,.T.);
#1004=ORIENTED_EDGE('',*,*,#663,.T.);
#1005=ORIENTED_EDGE('',*,*,#737,.T.);
#1006=ORIENTED_EDGE('',*,*,#732,.T.);
#1007=ORIENTED_EDGE('',*,*,#729,.T.);
#1008=ORIENTED_EDGE('',*,*,#734,.T.);
#1009=ORIENTED_EDGE('',*,*,#738,.T.);
#1010=ORIENTED_EDGE('',*,*,#739,.F.);
#1011=ORIENTED_EDGE('',*,*,#740,.T.);
#1012=ORIENTED_EDGE('',*,*,#648,.T.);
#1013=ORIENTED_EDGE('',*,*,#740,.F.);
#1014=ORIENTED_EDGE('',*,*,#738,.F.);
#1015=ORIENTED_EDGE('',*,*,#741,.T.);
#1016=ORIENTED_EDGE('',*,*,#647,.T.);
#1017=ORIENTED_EDGE('',*,*,#741,.F.);
#1018=ORIENTED_EDGE('',*,*,#742,.F.);
#1019=ORIENTED_EDGE('',*,*,#722,.T.);
#1020=ORIENTED_EDGE('',*,*,#743,.F.);
#1021=ORIENTED_EDGE('',*,*,#735,.F.);
#1022=ORIENTED_EDGE('',*,*,#645,.F.);
#1023=ORIENTED_EDGE('',*,*,#715,.T.);
#1024=ORIENTED_EDGE('',*,*,#636,.T.);
#1025=ORIENTED_EDGE('',*,*,#712,.F.);
#1026=ORIENTED_EDGE('',*,*,#742,.T.);
#1027=ORIENTED_EDGE('',*,*,#737,.F.);
#1028=ORIENTED_EDGE('',*,*,#666,.F.);
#1029=ORIENTED_EDGE('',*,*,#723,.T.);
#1030=ORIENTED_EDGE('',*,*,#597,.T.);
#1031=ORIENTED_EDGE('',*,*,#604,.T.);
#1032=ORIENTED_EDGE('',*,*,#602,.T.);
#1033=ORIENTED_EDGE('',*,*,#714,.T.);
#1034=ORIENTED_EDGE('',*,*,#607,.T.);
#1035=ORIENTED_EDGE('',*,*,#611,.T.);
#1036=ORIENTED_EDGE('',*,*,#617,.T.);
#1037=ORIENTED_EDGE('',*,*,#614,.T.);
#1038=ORIENTED_EDGE('',*,*,#620,.T.);
#1039=ORIENTED_EDGE('',*,*,#631,.T.);
#1040=ORIENTED_EDGE('',*,*,#634,.T.);
#1041=ORIENTED_EDGE('',*,*,#627,.T.);
#1042=ORIENTED_EDGE('',*,*,#709,.T.);
#1043=ORIENTED_EDGE('',*,*,#736,.F.);
#1044=ORIENTED_EDGE('',*,*,#743,.T.);
#1045=ORIENTED_EDGE('',*,*,#724,.T.);
#1046=ORIENTED_EDGE('',*,*,#677,.T.);
#1047=ORIENTED_EDGE('',*,*,#679,.T.);
#1048=ORIENTED_EDGE('',*,*,#731,.T.);
#1049=ORIENTED_EDGE('',*,*,#739,.T.);
#1050=PLANE('',#1159);
#1051=PLANE('',#1160);
#1052=PLANE('',#1161);
#1053=PLANE('',#1162);
#1054=PLANE('',#1163);
#1055=PLANE('',#1164);
#1056=PLANE('',#1165);
#1057=PLANE('',#1166);
#1058=PLANE('',#1167);
#1059=PLANE('',#1168);
#1060=PLANE('',#1169);
#1061=PLANE('',#1170);
#1062=PLANE('',#1171);
#1063=PLANE('',#1172);
#1064=PLANE('',#1175);
#1065=PLANE('',#1196);
#1066=PLANE('',#1201);
#1067=PLANE('',#1206);
#1068=PLANE('',#1211);
#1069=PLANE('',#1224);
#1070=PLANE('',#1225);
#1071=PLANE('',#1226);
#1072=PLANE('',#1227);
#1073=PLANE('',#1234);
#1074=PLANE('',#1235);
#1075=PLANE('',#1240);
#1076=PLANE('',#1247);
#1077=PLANE('',#1248);
#1078=PLANE('',#1253);
#1079=PLANE('',#1254);
#1080=PLANE('',#1255);
#1081=PLANE('',#1256);
#1082=ADVANCED_FACE('',(#133),#1050,.T.);
#1083=ADVANCED_FACE('',(#134),#1051,.F.);
#1084=ADVANCED_FACE('',(#135),#1052,.F.);
#1085=ADVANCED_FACE('',(#136),#1053,.F.);
#1086=ADVANCED_FACE('',(#137),#1054,.F.);
#1087=ADVANCED_FACE('',(#138),#1055,.F.);
#1088=ADVANCED_FACE('',(#139),#1056,.F.);
#1089=ADVANCED_FACE('',(#140),#1057,.F.);
#1090=ADVANCED_FACE('',(#141),#1058,.F.);
#1091=ADVANCED_FACE('',(#142),#1059,.T.);
#1092=ADVANCED_FACE('',(#143),#1060,.F.);
#1093=ADVANCED_FACE('',(#144),#1061,.F.);
#1094=ADVANCED_FACE('',(#145),#1062,.F.);
#1095=ADVANCED_FACE('',(#146,#58,#59),#1063,.T.);
#1096=ADVANCED_FACE('',(#147,#60,#61),#1064,.F.);
#1097=ADVANCED_FACE('',(#148),#50,.T.);
#1098=ADVANCED_FACE('',(#149),#51,.T.);
#1099=ADVANCED_FACE('',(#150),#52,.T.);
#1100=ADVANCED_FACE('',(#151),#53,.T.);
#1101=ADVANCED_FACE('',(#152),#54,.F.);
#1102=ADVANCED_FACE('',(#153),#55,.F.);
#1103=ADVANCED_FACE('',(#154),#19,.F.);
#1104=ADVANCED_FACE('',(#155),#17,.T.);
#1105=ADVANCED_FACE('',(#156),#18,.T.);
#1106=ADVANCED_FACE('',(#157),#20,.T.);
#1107=ADVANCED_FACE('',(#158),#21,.T.);
#1108=ADVANCED_FACE('',(#159),#22,.T.);
#1109=ADVANCED_FACE('',(#160),#23,.F.);
#1110=ADVANCED_FACE('',(#161,#62),#1065,.T.);
#1111=ADVANCED_FACE('',(#162),#24,.F.);
#1112=ADVANCED_FACE('',(#163,#63),#1066,.T.);
#1113=ADVANCED_FACE('',(#164),#25,.F.);
#1114=ADVANCED_FACE('',(#165,#64),#1067,.T.);
#1115=ADVANCED_FACE('',(#166),#26,.F.);
#1116=ADVANCED_FACE('',(#167,#65),#1068,.T.);
#1117=ADVANCED_FACE('',(#168),#27,.F.);
#1118=ADVANCED_FACE('',(#169),#28,.F.);
#1119=ADVANCED_FACE('',(#170),#29,.F.);
#1120=ADVANCED_FACE('',(#171),#30,.F.);
#1121=ADVANCED_FACE('',(#172),#31,.F.);
#1122=ADVANCED_FACE('',(#173,#66,#67,#68,#69,#70),#1069,.F.);
#1123=ADVANCED_FACE('',(#174),#56,.F.);
#1124=ADVANCED_FACE('',(#175),#57,.F.);
#1125=ADVANCED_FACE('',(#176,#71),#1070,.T.);
#1126=ADVANCED_FACE('',(#177,#72,#73,#74,#75,#76),#1071,.T.);
#1127=ADVANCED_FACE('',(#178),#1072,.T.);
#1128=ADVANCED_FACE('',(#179),#32,.F.);
#1129=ADVANCED_FACE('',(#180),#33,.F.);
#1130=ADVANCED_FACE('',(#181,#77,#78),#1073,.F.);
#1131=ADVANCED_FACE('',(#182,#79),#1074,.F.);
#1132=ADVANCED_FACE('',(#183),#34,.F.);
#1133=ADVANCED_FACE('',(#184),#35,.F.);
#1134=ADVANCED_FACE('',(#185,#80),#1075,.F.);
#1135=ADVANCED_FACE('',(#186),#36,.F.);
#1136=ADVANCED_FACE('',(#187),#37,.F.);
#1137=ADVANCED_FACE('',(#188,#81,#82),#1076,.T.);
#1138=ADVANCED_FACE('',(#189,#83),#1077,.T.);
#1139=ADVANCED_FACE('',(#190),#38,.F.);
#1140=ADVANCED_FACE('',(#191),#39,.F.);
#1141=ADVANCED_FACE('',(#192,#84),#1078,.T.);
#1142=ADVANCED_FACE('',(#193,#85,#86,#87,#88),#1079,.T.);
#1143=ADVANCED_FACE('',(#194,#89,#90),#1080,.T.);
#1144=ADVANCED_FACE('',(#195,#91),#1081,.T.);
#1145=CLOSED_SHELL('',(#1082,#1083,#1084,#1085,#1086,#1087,#1088,#1089,
#1090,#1091,#1092,#1093,#1094,#1095,#1096,#1097,#1098,#1099,#1100,#1101,
#1102,#1103,#1104,#1105,#1106,#1107,#1108,#1109,#1110,#1111,#1112,#1113,
#1114,#1115,#1116,#1117,#1118,#1119,#1120,#1121,#1122,#1123,#1124,#1125,
#1126,#1127,#1128,#1129,#1130,#1131,#1132,#1133,#1134,#1135,#1136,#1137,
#1138,#1139,#1140,#1141,#1142,#1143,#1144));
#1146=DERIVED_UNIT_ELEMENT(#1148,1.);
#1147=DERIVED_UNIT_ELEMENT(#2164,-3.);
#1148=(
MASS_UNIT()
NAMED_UNIT(*)
SI_UNIT(.KILO.,.GRAM.)
);
#1149=DERIVED_UNIT((#1146,#1147));
#1150=MEASURE_REPRESENTATION_ITEM('density measure',
POSITIVE_RATIO_MEASURE(1120.),#1149);
#1151=PROPERTY_DEFINITION_REPRESENTATION(#1156,#1153);
#1152=PROPERTY_DEFINITION_REPRESENTATION(#1157,#1154);
#1153=REPRESENTATION('material name',(#1155),#2161);
#1154=REPRESENTATION('density',(#1150),#2161);
#1155=DESCRIPTIVE_REPRESENTATION_ITEM('Nylon 6','Nylon 6');
#1156=PROPERTY_DEFINITION('material property','material name',#2171);
#1157=PROPERTY_DEFINITION('material property','density of part',#2171);
#1158=AXIS2_PLACEMENT_3D('',#1555,#1257,#1258);
#1159=AXIS2_PLACEMENT_3D('',#1556,#1259,#1260);
#1160=AXIS2_PLACEMENT_3D('',#1565,#1265,#1266);
#1161=AXIS2_PLACEMENT_3D('',#1575,#1272,#1273);
#1162=AXIS2_PLACEMENT_3D('',#1582,#1278,#1279);
#1163=AXIS2_PLACEMENT_3D('',#1584,#1281,#1282);
#1164=AXIS2_PLACEMENT_3D('',#1593,#1287,#1288);
#1165=AXIS2_PLACEMENT_3D('',#1599,#1292,#1293);
#1166=AXIS2_PLACEMENT_3D('',#1608,#1298,#1299);
#1167=AXIS2_PLACEMENT_3D('',#1614,#1303,#1304);
#1168=AXIS2_PLACEMENT_3D('',#1617,#1307,#1308);
#1169=AXIS2_PLACEMENT_3D('',#1626,#1313,#1314);
#1170=AXIS2_PLACEMENT_3D('',#1636,#1320,#1321);
#1171=AXIS2_PLACEMENT_3D('',#1640,#1324,#1325);
#1172=AXIS2_PLACEMENT_3D('',#1645,#1329,#1330);
#1173=AXIS2_PLACEMENT_3D('',#1656,#1336,#1337);
#1174=AXIS2_PLACEMENT_3D('',#1658,#1338,#1339);
#1175=AXIS2_PLACEMENT_3D('',#1659,#1340,#1341);
#1176=AXIS2_PLACEMENT_3D('',#1670,#1347,#1348);
#1177=AXIS2_PLACEMENT_3D('',#1672,#1349,#1350);
#1178=AXIS2_PLACEMENT_3D('',#1952,#1359,#1360);
#1179=AXIS2_PLACEMENT_3D('',#1955,#1362,#1363);
#1180=AXIS2_PLACEMENT_3D('',#1956,#1364,#1365);
#1181=AXIS2_PLACEMENT_3D('',#1959,#1366,#1367);
#1182=AXIS2_PLACEMENT_3D('',#1960,#1368,#1369);
#1183=AXIS2_PLACEMENT_3D('',#1961,#1370,#1371);
#1184=AXIS2_PLACEMENT_3D('',#1964,#1372,#1373);
#1185=AXIS2_PLACEMENT_3D('',#1965,#1374,#1375);
#1186=AXIS2_PLACEMENT_3D('',#1966,#1376,#1377);
#1187=AXIS2_PLACEMENT_3D('',#1967,#1378,#1379);
#1188=AXIS2_PLACEMENT_3D('',#1969,#1381,#1382);
#1189=AXIS2_PLACEMENT_3D('',#1970,#1383,#1384);
#1190=AXIS2_PLACEMENT_3D('',#1973,#1386,#1387);
#1191=AXIS2_PLACEMENT_3D('',#1974,#1388,#1389);
#1192=AXIS2_PLACEMENT_3D('',#1977,#1391,#1392);
#1193=AXIS2_PLACEMENT_3D('',#1978,#1393,#1394);
#1194=AXIS2_PLACEMENT_3D('',#1980,#1395,#1396);
#1195=AXIS2_PLACEMENT_3D('',#1983,#1398,#1399);
#1196=AXIS2_PLACEMENT_3D('',#1984,#1400,#1401);
#1197=AXIS2_PLACEMENT_3D('',#1986,#1402,#1403);
#1198=AXIS2_PLACEMENT_3D('',#1987,#1404,#1405);
#1199=AXIS2_PLACEMENT_3D('',#1989,#1406,#1407);
#1200=AXIS2_PLACEMENT_3D('',#1992,#1409,#1410);
#1201=AXIS2_PLACEMENT_3D('',#1993,#1411,#1412);
#1202=AXIS2_PLACEMENT_3D('',#1995,#1413,#1414);
#1203=AXIS2_PLACEMENT_3D('',#1996,#1415,#1416);
#1204=AXIS2_PLACEMENT_3D('',#1998,#1417,#1418);
#1205=AXIS2_PLACEMENT_3D('',#2001,#1420,#1421);
#1206=AXIS2_PLACEMENT_3D('',#2002,#1422,#1423);
#1207=AXIS2_PLACEMENT_3D('',#2004,#1424,#1425);
#1208=AXIS2_PLACEMENT_3D('',#2005,#1426,#1427);
#1209=AXIS2_PLACEMENT_3D('',#2007,#1428,#1429);
#1210=AXIS2_PLACEMENT_3D('',#2010,#1431,#1432);
#1211=AXIS2_PLACEMENT_3D('',#2011,#1433,#1434);
#1212=AXIS2_PLACEMENT_3D('',#2013,#1435,#1436);
#1213=AXIS2_PLACEMENT_3D('',#2014,#1437,#1438);
#1214=AXIS2_PLACEMENT_3D('',#2016,#1439,#1440);
#1215=AXIS2_PLACEMENT_3D('',#2018,#1442,#1443);
#1216=AXIS2_PLACEMENT_3D('',#2020,#1444,#1445);
#1217=AXIS2_PLACEMENT_3D('',#2022,#1447,#1448);
#1218=AXIS2_PLACEMENT_3D('',#2024,#1449,#1450);
#1219=AXIS2_PLACEMENT_3D('',#2026,#1452,#1453);
#1220=AXIS2_PLACEMENT_3D('',#2028,#1454,#1455);
#1221=AXIS2_PLACEMENT_3D('',#2031,#1457,#1458);
#1222=AXIS2_PLACEMENT_3D('',#2032,#1459,#1460);
#1223=AXIS2_PLACEMENT_3D('',#2034,#1461,#1462);
#1224=AXIS2_PLACEMENT_3D('',#2036,#1464,#1465);
#1225=AXIS2_PLACEMENT_3D('',#2089,#1469,#1470);
#1226=AXIS2_PLACEMENT_3D('',#2093,#1474,#1475);
#1227=AXIS2_PLACEMENT_3D('',#2096,#1478,#1479);
#1228=AXIS2_PLACEMENT_3D('',#2098,#1481,#1482);
#1229=AXIS2_PLACEMENT_3D('',#2100,#1483,#1484);
#1230=AXIS2_PLACEMENT_3D('',#2103,#1486,#1487);
#1231=AXIS2_PLACEMENT_3D('',#2104,#1488,#1489);
#1232=AXIS2_PLACEMENT_3D('',#2106,#1490,#1491);
#1233=AXIS2_PLACEMENT_3D('',#2109,#1493,#1494);
#1234=AXIS2_PLACEMENT_3D('',#2110,#1495,#1496);
#1235=AXIS2_PLACEMENT_3D('',#2116,#1500,#1501);
#1236=AXIS2_PLACEMENT_3D('',#2118,#1502,#1503);
#1237=AXIS2_PLACEMENT_3D('',#2119,#1504,#1505);
#1238=AXIS2_PLACEMENT_3D('',#2121,#1506,#1507);
#1239=AXIS2_PLACEMENT_3D('',#2123,#1509,#1510);
#1240=AXIS2_PLACEMENT_3D('',#2125,#1512,#1513);
#1241=AXIS2_PLACEMENT_3D('',#2126,#1514,#1515);
#1242=AXIS2_PLACEMENT_3D('',#2128,#1516,#1517);
#1243=AXIS2_PLACEMENT_3D('',#2131,#1519,#1520);
#1244=AXIS2_PLACEMENT_3D('',#2132,#1521,#1522);
#1245=AXIS2_PLACEMENT_3D('',#2134,#1523,#1524);
#1246=AXIS2_PLACEMENT_3D('',#2137,#1526,#1527);
#1247=AXIS2_PLACEMENT_3D('',#2138,#1528,#1529);
#1248=AXIS2_PLACEMENT_3D('',#2144,#1533,#1534);
#1249=AXIS2_PLACEMENT_3D('',#2146,#1535,#1536);
#1250=AXIS2_PLACEMENT_3D('',#2147,#1537,#1538);
#1251=AXIS2_PLACEMENT_3D('',#2149,#1539,#1540);
#1252=AXIS2_PLACEMENT_3D('',#2151,#1542,#1543);
#1253=AXIS2_PLACEMENT_3D('',#2153,#1545,#1546);
#1254=AXIS2_PLACEMENT_3D('',#2156,#1549,#1550);
#1255=AXIS2_PLACEMENT_3D('',#2157,#1551,#1552);
#1256=AXIS2_PLACEMENT_3D('',#2158,#1553,#1554);
#1257=DIRECTION('axis',(0.,0.,1.));
#1258=DIRECTION('refdir',(1.,0.,0.));
#1259=DIRECTION('center_axis',(3.33483241021783E-14,-3.3403835253409E-14,
-1.));
#1260=DIRECTION('ref_axis',(-1.,0.,-3.33483241021783E-14));
#1261=DIRECTION('',(1.,-1.63034089538123E-14,3.33483241021789E-14));
#1262=DIRECTION('',(0.308014382033135,-0.951381700717828,4.20515610340595E-14));
#1263=DIRECTION('',(-1.,1.60907100736342E-14,-3.33483241021789E-14));
#1264=DIRECTION('',(0.308014382033167,0.951381700717817,-2.15080341537118E-14));
#1265=DIRECTION('center_axis',(0.951381700717817,-0.308014382033167,0.));
#1266=DIRECTION('ref_axis',(0.308014382033167,0.951381700717817,0.));
#1267=DIRECTION('',(-1.07068196369298E-14,-3.30707683460195E-14,-1.));
#1268=DIRECTION('',(0.,0.,1.));
#1269=DIRECTION('',(0.308014382033167,0.951381700717817,-2.85261959716984E-14));
#1270=DIRECTION('',(0.,0.,1.));
#1271=DIRECTION('',(-0.308014382033167,-0.951381700717817,2.71557174653847E-14));
#1272=DIRECTION('center_axis',(-0.951381700717827,-0.308014382033135,0.));
#1273=DIRECTION('ref_axis',(0.308014382033135,-0.951381700717828,0.));
#1274=DIRECTION('',(-1.07068196369287E-14,3.30707683460198E-14,1.));
#1275=DIRECTION('',(-0.308014382033135,0.951381700717828,-3.76273625210453E-14));
#1276=DIRECTION('',(0.308014382033135,-0.951381700717828,3.90735396663155E-14));
#1277=DIRECTION('',(0.,0.,1.));
#1278=DIRECTION('center_axis',(1.60907100736342E-14,1.,0.));
#1279=DIRECTION('ref_axis',(-1.,1.60907100736342E-14,0.));
#1280=DIRECTION('',(-1.,1.60907100736342E-14,-1.71215117050637E-14));
#1281=DIRECTION('center_axis',(0.951381700717817,-0.308014382033167,0.));
#1282=DIRECTION('ref_axis',(0.308014382033167,0.951381700717817,0.));
#1283=DIRECTION('',(-0.308014382033167,-0.951381700717817,2.71557174653847E-14));
#1284=DIRECTION('',(0.,0.,1.));
#1285=DIRECTION('',(0.308014382033167,0.951381700717817,-2.85261959716984E-14));
#1286=DIRECTION('',(0.,0.,1.));
#1287=DIRECTION('center_axis',(0.951381700717827,0.308014382033135,0.));
#1288=DIRECTION('ref_axis',(-0.308014382033135,0.951381700717828,0.));
#1289=DIRECTION('',(0.308014382033135,-0.951381700717828,3.76273625210453E-14));
#1290=DIRECTION('',(0.,0.,1.));
#1291=DIRECTION('',(-0.308014382033135,0.951381700717828,-3.90735396663155E-14));
#1292=DIRECTION('center_axis',(1.,-1.67608212711028E-14,0.));
#1293=DIRECTION('ref_axis',(1.67608212711028E-14,1.,0.));
#1294=DIRECTION('',(-1.67608212711028E-14,-1.,3.40468394218381E-14));
#1295=DIRECTION('',(0.,0.,1.));
#1296=DIRECTION('',(1.67608212711028E-14,1.,-3.5527136788005E-14));
#1297=DIRECTION('',(0.,0.,1.));
#1298=DIRECTION('center_axis',(-0.951381700717827,-0.308014382033135,0.));
#1299=DIRECTION('ref_axis',(0.308014382033135,-0.951381700717828,0.));
#1300=DIRECTION('',(-0.308014382033135,0.951381700717828,-3.76273625210453E-14));
#1301=DIRECTION('',(0.308014382033135,-0.951381700717828,3.90735396663155E-14));
#1302=DIRECTION('',(0.,0.,1.));
#1303=DIRECTION('center_axis',(-0.951381700717817,0.308014382033167,0.));
#1304=DIRECTION('ref_axis',(-0.308014382033167,-0.951381700717817,0.));
#1305=DIRECTION('',(0.308014382033167,0.951381700717817,-2.71557174653847E-14));
#1306=DIRECTION('',(-0.308014382033167,-0.951381700717817,2.85261959716984E-14));
#1307=DIRECTION('center_axis',(3.33483241021783E-14,-3.3403835253409E-14,
-1.));
#1308=DIRECTION('ref_axis',(-1.,0.,-3.33483241021783E-14));
#1309=DIRECTION('',(-1.,1.73581221663378E-14,-3.33483241021789E-14));
#1310=DIRECTION('',(-0.308014382033135,0.951381700717828,-4.20515610340595E-14));
#1311=DIRECTION('',(1.,-1.74899022539502E-14,3.33483241021789E-14));
#1312=DIRECTION('',(-0.308014382033167,-0.951381700717817,2.15080341537118E-14));
#1313=DIRECTION('center_axis',(-0.951381700717817,0.308014382033167,0.));
#1314=DIRECTION('ref_axis',(-0.308014382033167,-0.951381700717817,0.));
#1315=DIRECTION('',(-1.09224836497601E-14,-3.3736902160797E-14,-1.));
#1316=DIRECTION('',(0.,0.,1.));
#1317=DIRECTION('',(-0.308014382033167,-0.951381700717817,2.85261959716984E-14));
#1318=DIRECTION('',(0.,0.,1.));
#1319=DIRECTION('',(0.308014382033167,0.951381700717817,-2.71557174653847E-14));
#1320=DIRECTION('center_axis',(-1.74899022539502E-14,-1.,0.));
#1321=DIRECTION('ref_axis',(1.,-1.74899022539502E-14,0.));
#1322=DIRECTION('',(0.,0.,1.));
#1323=DIRECTION('',(1.,-1.74899022539502E-14,1.71215117050638E-14));
#1324=DIRECTION('center_axis',(0.951381700717827,0.308014382033135,0.));
#1325=DIRECTION('ref_axis',(-0.308014382033135,0.951381700717828,0.));
#1326=DIRECTION('',(-1.0922483649759E-14,3.37369021607974E-14,1.));
#1327=DIRECTION('',(0.308014382033135,-0.951381700717828,3.76273625210453E-14));
#1328=DIRECTION('',(-0.308014382033135,0.951381700717828,-3.90735396663155E-14));
#1329=DIRECTION('center_axis',(-1.63034089538134E-14,-1.,3.30707683460196E-14));
#1330=DIRECTION('ref_axis',(1.,-1.63034089538134E-14,7.58799042576016E-28));
#1331=DIRECTION('',(1.,-1.63034089538128E-14,1.69986300421087E-14));
#1332=DIRECTION('',(3.30314288318229E-14,-3.30707683460202E-14,-1.));
#1333=DIRECTION('',(-1.,1.63034089538117E-14,-5.09958901263247E-14));
#1334=DIRECTION('',(3.34166138105004E-14,-3.30707683460202E-14,-1.));
#1335=DIRECTION('',(1.,-1.63034089538128E-14,1.69986300421087E-14));
#1336=DIRECTION('center_axis',(1.63034089538134E-14,1.,-3.30707683460196E-14));
#1337=DIRECTION('ref_axis',(1.,-1.63034089538134E-14,7.58799042576016E-28));
#1338=DIRECTION('center_axis',(1.63034089538134E-14,1.,-3.30707683460196E-14));
#1339=DIRECTION('ref_axis',(1.,-1.63034089538134E-14,7.58799042576016E-28));
#1340=DIRECTION('center_axis',(-1.7358122166339E-14,-1.,3.37369021607972E-14));
#1341=DIRECTION('ref_axis',(1.,-1.7358122166339E-14,7.94030508966813E-28));
#1342=DIRECTION('',(-1.,1.73581221663384E-14,-1.69986300421088E-14));
#1343=DIRECTION('',(-3.34166138105004E-14,3.37369021607978E-14,1.));
#1344=DIRECTION('',(1.,-1.73581221663372E-14,5.09958901263247E-14));
#1345=DIRECTION('',(3.30314288318229E-14,-3.37369021607978E-14,-1.));
#1346=DIRECTION('',(-1.,1.73581221663384E-14,-1.69986300421088E-14));
#1347=DIRECTION('center_axis',(1.7358122166339E-14,1.,-3.37369021607972E-14));
#1348=DIRECTION('ref_axis',(1.,-1.7358122166339E-14,7.94030508966813E-28));
#1349=DIRECTION('center_axis',(1.7358122166339E-14,1.,-3.37369021607972E-14));
#1350=DIRECTION('ref_axis',(1.,-1.7358122166339E-14,7.94030508966813E-28));
#1351=DIRECTION('',(0.497885038016782,-0.675886624543208,0.543403864250722));
#1352=DIRECTION('',(-0.497885038016823,0.675886624543167,0.543403864250734));
#1353=DIRECTION('',(-0.497885038016836,-0.675886624543171,0.543403864250717));
#1354=DIRECTION('',(-0.504220977838009,0.67302767551149,0.541105307221877));
#1355=DIRECTION('',(3.37654605836418E-14,-3.37369021607978E-14,-1.));
#1356=DIRECTION('',(-0.504220977837986,0.673027675511471,-0.541105307221923));
#1357=DIRECTION('',(-0.504220977837989,-0.673027675511521,0.541105307221858));
#1358=DIRECTION('',(-1.77635683940025E-14,-1.,3.5527136788005E-14));
#1359=DIRECTION('center_axis',(1.,2.14881875733901E-15,3.43811001174241E-14));
#1360=DIRECTION('ref_axis',(-2.14881875733901E-15,1.,-4.37483097417457E-29));
#1361=DIRECTION('',(1.,2.14881875733901E-15,3.43811001174241E-14));
#1362=DIRECTION('center_axis',(1.,2.19568149014743E-15,3.41254802194157E-14));
#1363=DIRECTION('ref_axis',(-2.19568149014743E-15,1.,-4.53595020502082E-29));
#1364=DIRECTION('center_axis',(0.577350269189627,0.577350269189624,0.577350269189627));
#1365=DIRECTION('ref_axis',(-0.707106781186549,0.,0.707106781186546));
#1366=DIRECTION('center_axis',(-4.01890687647113E-16,1.,-1.92855074408925E-31));
#1367=DIRECTION('ref_axis',(1.,4.01890687647113E-16,-7.75066584704381E-47));
#1368=DIRECTION('center_axis',(0.,0.,1.));
#1369=DIRECTION('ref_axis',(-1.,0.,0.));
#1370=DIRECTION('center_axis',(1.,0.,0.));
#1371=DIRECTION('ref_axis',(0.,-1.,0.));
#1372=DIRECTION('center_axis',(-4.01890687647113E-16,1.,-1.92855074408925E-31));
#1373=DIRECTION('ref_axis',(1.,4.01890687647113E-16,-7.75066584704381E-47));
#1374=DIRECTION('center_axis',(0.,0.,1.));
#1375=DIRECTION('ref_axis',(-1.,0.,0.));
#1376=DIRECTION('center_axis',(-4.01890687647113E-16,1.,-1.92855074408925E-31));
#1377=DIRECTION('ref_axis',(-1.,0.,1.26413857540782E-30));
#1378=DIRECTION('center_axis',(0.,0.70710678118655,-0.707106781186545));
#1379=DIRECTION('ref_axis',(-2.84179630530996E-16,0.707106781186545,0.70710678118655));
#1380=DIRECTION('',(4.01890687647113E-16,-1.,1.92855074408925E-31));
#1381=DIRECTION('center_axis',(0.,-0.70710678118655,-0.707106781186545));
#1382=DIRECTION('ref_axis',(2.84179630530998E-16,-0.707106781186545,0.70710678118655));
#1383=DIRECTION('center_axis',(0.,0.,1.));
#1384=DIRECTION('ref_axis',(-1.,0.,0.));
#1385=DIRECTION('',(0.,0.,-1.));
#1386=DIRECTION('center_axis',(5.1364535115189E-14,-3.55271367880059E-14,
-1.));
#1387=DIRECTION('ref_axis',(-1.,0.,0.));
#1388=DIRECTION('center_axis',(0.,0.,1.));
#1389=DIRECTION('ref_axis',(-1.,0.,0.));
#1390=DIRECTION('',(0.,0.,-1.));
#1391=DIRECTION('center_axis',(5.1364535115189E-14,-3.55271367880059E-14,
-1.));
#1392=DIRECTION('ref_axis',(-1.,0.,0.));
#1393=DIRECTION('center_axis',(-1.,-2.1741867565576E-15,-3.5527136788005E-14));
#1394=DIRECTION('ref_axis',(2.1741867565576E-15,-1.,-8.54004482640846E-31));
#1395=DIRECTION('center_axis',(-1.,1.73934940524596E-14,-3.34166138105009E-14));
#1396=DIRECTION('ref_axis',(2.1741867565576E-15,-1.,-8.54004482640846E-31));
#1397=DIRECTION('',(-1.,-2.1741867565576E-15,-3.5527136788005E-14));
#1398=DIRECTION('center_axis',(-1.,1.73934940524596E-14,-3.34166138105009E-14));
#1399=DIRECTION('ref_axis',(2.19411664945682E-15,-1.,-1.45952451439806E-31));
#1400=DIRECTION('center_axis',(1.,-1.73934940524596E-14,3.34166138105009E-14));
#1401=DIRECTION('ref_axis',(3.34166138105009E-14,0.,-1.));
#1402=DIRECTION('center_axis',(1.,-1.73934940524596E-14,3.34166138105009E-14));
#1403=DIRECTION('ref_axis',(2.19411664945682E-15,-1.,-1.45952451439804E-31));
#1404=DIRECTION('center_axis',(-1.,-2.1741867565576E-15,-3.5527136788005E-14));
#1405=DIRECTION('ref_axis',(2.1741867565576E-15,-1.,-8.54004482640845E-31));
#1406=DIRECTION('center_axis',(-1.,1.73934940524596E-14,-3.34166138105009E-14));
#1407=DIRECTION('ref_axis',(2.1741867565576E-15,-1.,-8.54004482640845E-31));
#1408=DIRECTION('',(-1.,-2.1741867565576E-15,-3.5527136788005E-14));
#1409=DIRECTION('center_axis',(-1.,1.73934940524596E-14,-3.34166138105009E-14));
#1410=DIRECTION('ref_axis',(2.19411664945682E-15,-1.,-1.45952451439815E-31));
#1411=DIRECTION('center_axis',(1.,-1.73934940524596E-14,3.34166138105009E-14));
#1412=DIRECTION('ref_axis',(3.34166138105009E-14,0.,-1.));
#1413=DIRECTION('center_axis',(1.,-1.73934940524596E-14,3.34166138105009E-14));
#1414=DIRECTION('ref_axis',(2.19411664945682E-15,-1.,-1.45952451439793E-31));
#1415=DIRECTION('center_axis',(-1.,-2.22044604925031E-15,-3.5527136788005E-14));
#1416=DIRECTION('ref_axis',(2.22044604925031E-15,-1.,7.99938443291808E-31));
#1417=DIRECTION('center_axis',(-1.,1.73934940524596E-14,-3.34166138105009E-14));
#1418=DIRECTION('ref_axis',(2.22044604925031E-15,-1.,7.99938443291808E-31));
#1419=DIRECTION('',(-1.,-2.22044604925031E-15,-3.5527136788005E-14));
#1420=DIRECTION('center_axis',(-1.,1.73934940524596E-14,-3.34166138105009E-14));
#1421=DIRECTION('ref_axis',(2.18692282437664E-15,-1.,-3.9104575237034E-31));
#1422=DIRECTION('center_axis',(1.,-1.73934940524596E-14,3.34166138105009E-14));
#1423=DIRECTION('ref_axis',(3.34166138105009E-14,0.,-1.));
#1424=DIRECTION('center_axis',(1.,-1.73934940524596E-14,3.34166138105009E-14));
#1425=DIRECTION('ref_axis',(2.18692282437664E-15,-1.,-3.91045752370339E-31));
#1426=DIRECTION('center_axis',(-1.,-2.22044604925031E-15,-3.5527136788005E-14));
#1427=DIRECTION('ref_axis',(2.22044604925031E-15,-1.,7.99938443291809E-31));
#1428=DIRECTION('center_axis',(-1.,1.73934940524596E-14,-3.34166138105009E-14));
#1429=DIRECTION('ref_axis',(2.22044604925031E-15,-1.,7.99938443291809E-31));
#1430=DIRECTION('',(-1.,-2.22044604925031E-15,-3.5527136788005E-14));
#1431=DIRECTION('center_axis',(-1.,1.73934940524596E-14,-3.34166138105009E-14));
#1432=DIRECTION('ref_axis',(2.18692282437664E-15,-1.,-3.91045752370359E-31));
#1433=DIRECTION('center_axis',(1.,-1.73934940524596E-14,3.34166138105009E-14));
#1434=DIRECTION('ref_axis',(3.34166138105009E-14,0.,-1.));
#1435=DIRECTION('center_axis',(1.,-1.73934940524596E-14,3.34166138105009E-14));
#1436=DIRECTION('ref_axis',(2.18692282437664E-15,-1.,-3.91045752370328E-31));
#1437=DIRECTION('center_axis',(1.,2.18692282437664E-15,3.40699555797624E-14));
#1438=DIRECTION('ref_axis',(2.18692282437664E-15,-1.,-3.91045752370328E-31));
#1439=DIRECTION('center_axis',(1.,2.19568149014743E-15,3.41254802194157E-14));
#1440=DIRECTION('ref_axis',(2.18692282437664E-15,-1.,-3.91045752370328E-31));
#1441=DIRECTION('',(1.,2.18692282437664E-15,3.40699555797624E-14));
#1442=DIRECTION('center_axis',(1.,2.19411664945682E-15,3.40699555797624E-14));
#1443=DIRECTION('ref_axis',(2.19411664945682E-15,-1.,-1.45952451439804E-31));
#1444=DIRECTION('center_axis',(1.,2.19568149014743E-15,3.41254802194157E-14));
#1445=DIRECTION('ref_axis',(2.19411664945682E-15,-1.,-1.45952451439804E-31));
#1446=DIRECTION('',(1.,2.19411664945682E-15,3.40699555797624E-14));
#1447=DIRECTION('center_axis',(1.,2.19411664945682E-15,3.40699555797624E-14));
#1448=DIRECTION('ref_axis',(2.19411664945682E-15,-1.,-1.45952451439793E-31));
#1449=DIRECTION('center_axis',(1.,2.19568149014743E-15,3.41254802194157E-14));
#1450=DIRECTION('ref_axis',(2.19411664945682E-15,-1.,-1.45952451439793E-31));
#1451=DIRECTION('',(1.,2.19411664945682E-15,3.40699555797624E-14));
#1452=DIRECTION('center_axis',(1.,2.20131047453701E-15,3.40699555797624E-14));
#1453=DIRECTION('ref_axis',(2.20131047453701E-15,-1.,9.91408494907404E-32));
#1454=DIRECTION('center_axis',(1.,2.19568149014743E-15,3.41254802194157E-14));
#1455=DIRECTION('ref_axis',(2.20131047453701E-15,-1.,9.91408494907404E-32));
#1456=DIRECTION('',(1.,2.20131047453701E-15,3.40699555797624E-14));
#1457=DIRECTION('center_axis',(-1.,1.73934940524596E-14,-3.34166138105009E-14));
#1458=DIRECTION('ref_axis',(2.20131047453701E-15,-1.,9.91408494907404E-32));
#1459=DIRECTION('center_axis',(1.,2.18692282437664E-15,3.40699555797624E-14));
#1460=DIRECTION('ref_axis',(2.18692282437664E-15,-1.,-3.91045752370339E-31));
#1461=DIRECTION('center_axis',(1.,2.19568149014743E-15,3.41254802194157E-14));
#1462=DIRECTION('ref_axis',(2.18692282437664E-15,-1.,-3.91045752370339E-31));
#1463=DIRECTION('',(1.,2.18692282437664E-15,3.40699555797624E-14));
#1464=DIRECTION('center_axis',(1.,2.19568149014743E-15,3.41254802194157E-14));
#1465=DIRECTION('ref_axis',(3.41254802194157E-14,0.,-1.));
#1466=DIRECTION('',(-0.504220977837968,-0.673027675511576,-0.541105307221809));
#1467=DIRECTION('',(3.37654605836418E-14,-3.30707683460202E-14,-1.));
#1468=DIRECTION('',(-1.77635683940025E-14,-1.,3.5527136788005E-14));
#1469=DIRECTION('center_axis',(-1.69986300421082E-14,3.40468394218384E-14,
1.));
#1470=DIRECTION('ref_axis',(1.,-1.73581221663384E-14,1.69986300421088E-14));
#1471=DIRECTION('',(1.73934940524608E-14,1.,-3.40468394218381E-14));
#1472=DIRECTION('',(1.73934940524608E-14,1.,-3.40468394218381E-14));
#1473=DIRECTION('',(1.73934940524608E-14,1.,-3.40468394218381E-14));
#1474=DIRECTION('center_axis',(1.,-1.73934940524596E-14,3.34166138105009E-14));
#1475=DIRECTION('ref_axis',(3.34166138105004E-14,-3.37369021607978E-14,
-1.));
#1476=DIRECTION('',(1.73934940524608E-14,1.,-3.40468394218381E-14));
#1477=DIRECTION('',(-1.67608212711028E-14,-1.,3.5527136788005E-14));
#1478=DIRECTION('center_axis',(5.09958901263241E-14,-3.4046839421839E-14,
-1.));
#1479=DIRECTION('ref_axis',(-1.,1.73581221663372E-14,-5.09958901263247E-14));
#1480=DIRECTION('',(1.73934940524608E-14,1.,-3.40468394218381E-14));
#1481=DIRECTION('center_axis',(-1.58979627261499E-14,-1.,4.31229126481468E-14));
#1482=DIRECTION('ref_axis',(1.,-1.58979627261499E-14,7.28769406053873E-28));
#1483=DIRECTION('center_axis',(1.63034089538134E-14,1.,-3.30707683460196E-14));
#1484=DIRECTION('ref_axis',(1.,-1.79067032762477E-14,8.15392149328532E-28));
#1485=DIRECTION('',(-1.58979627261499E-14,-1.,4.31229126481468E-14));
#1486=DIRECTION('center_axis',(-1.63034089538134E-14,-1.,3.30707683460196E-14));
#1487=DIRECTION('ref_axis',(1.,-1.58979627261499E-14,7.28769406053873E-28));
#1488=DIRECTION('center_axis',(-1.58979627261499E-14,-1.,4.31229126481468E-14));
#1489=DIRECTION('ref_axis',(1.,-1.58979627261499E-14,7.28769406053873E-28));
#1490=DIRECTION('center_axis',(1.63034089538134E-14,1.,-3.30707683460196E-14));
#1491=DIRECTION('ref_axis',(1.,-1.79067032762477E-14,8.15392149328533E-28));
#1492=DIRECTION('',(-1.58979627261499E-14,-1.,4.31229126481468E-14));
#1493=DIRECTION('center_axis',(-1.63034089538134E-14,-1.,3.30707683460196E-14));
#1494=DIRECTION('ref_axis',(1.,-1.58979627261499E-14,7.28769406053873E-28));
#1495=DIRECTION('center_axis',(-1.63034089538134E-14,-1.,3.30707683460196E-14));
#1496=DIRECTION('ref_axis',(1.12115420681599E-29,-3.30707683460196E-14,
-1.));
#1497=DIRECTION('',(-3.30314288318229E-14,3.30707683460202E-14,1.));
#1498=DIRECTION('',(1.,-1.63034089538128E-14,1.71215117050637E-14));
#1499=DIRECTION('',(-1.,1.63034089538117E-14,-5.13645351151896E-14));
#1500=DIRECTION('center_axis',(-1.63034089538134E-14,-1.,3.30707683460196E-14));
#1501=DIRECTION('ref_axis',(1.,-1.63034089538134E-14,7.58799042576016E-28));
#1502=DIRECTION('center_axis',(1.63034089538134E-14,1.,-3.30707683460196E-14));
#1503=DIRECTION('ref_axis',(1.,-1.63034089538134E-14,7.58799042576016E-28));
#1504=DIRECTION('center_axis',(-1.58979627261499E-14,-1.,3.12805337188118E-14));
#1505=DIRECTION('ref_axis',(1.,-1.58979627261499E-14,7.46116468180422E-28));
#1506=DIRECTION('center_axis',(1.63034089538134E-14,1.,-3.30707683460196E-14));
#1507=DIRECTION('ref_axis',(1.,-1.63034089538134E-14,7.58799042576016E-28));
#1508=DIRECTION('',(-1.58979627261499E-14,-1.,3.12805337188118E-14));
#1509=DIRECTION('center_axis',(-1.58979627261499E-14,-1.,3.12805337188118E-14));
#1510=DIRECTION('ref_axis',(1.,-1.58979627261499E-14,7.46116468180422E-28));
#1511=DIRECTION('',(-1.58979627261499E-14,-1.,3.12805337188118E-14));
#1512=DIRECTION('center_axis',(-1.63034089538134E-14,-1.,3.30707683460196E-14));
#1513=DIRECTION('ref_axis',(1.,-1.63034089538134E-14,7.58799042576016E-28));
#1514=DIRECTION('center_axis',(-1.77635683940025E-14,-1.,2.368475785867E-14));
#1515=DIRECTION('ref_axis',(1.,-1.77635683940025E-14,7.91087790430648E-28));
#1516=DIRECTION('center_axis',(1.7358122166339E-14,1.,-3.37369021607972E-14));
#1517=DIRECTION('ref_axis',(1.,-1.57548278439047E-14,7.43511256900689E-28));
#1518=DIRECTION('',(1.77635683940025E-14,1.,-2.368475785867E-14));
#1519=DIRECTION('center_axis',(-1.7358122166339E-14,-1.,3.37369021607972E-14));
#1520=DIRECTION('ref_axis',(1.,-1.77635683940025E-14,7.91087790430648E-28));
#1521=DIRECTION('center_axis',(-1.77635683940025E-14,-1.,2.368475785867E-14));
#1522=DIRECTION('ref_axis',(1.,-1.77635683940025E-14,7.91087790430648E-28));
#1523=DIRECTION('center_axis',(1.7358122166339E-14,1.,-3.37369021607972E-14));
#1524=DIRECTION('ref_axis',(1.,-1.57548278439047E-14,7.43511256900689E-28));
#1525=DIRECTION('',(1.77635683940025E-14,1.,-2.368475785867E-14));
#1526=DIRECTION('center_axis',(-1.7358122166339E-14,-1.,3.37369021607972E-14));
#1527=DIRECTION('ref_axis',(1.,-1.77635683940025E-14,7.91087790430648E-28));
#1528=DIRECTION('center_axis',(-1.7358122166339E-14,-1.,3.37369021607972E-14));
#1529=DIRECTION('ref_axis',(0.,-3.37369021607972E-14,-1.));
#1530=DIRECTION('',(-3.30314288318229E-14,3.37369021607978E-14,1.));
#1531=DIRECTION('',(-1.,1.73581221663372E-14,-5.13645351151896E-14));
#1532=DIRECTION('',(1.,-1.73581221663384E-14,1.71215117050638E-14));
#1533=DIRECTION('center_axis',(-1.7358122166339E-14,-1.,3.37369021607972E-14));
#1534=DIRECTION('ref_axis',(1.,-1.7358122166339E-14,7.94030508966813E-28));
#1535=DIRECTION('center_axis',(1.7358122166339E-14,1.,-3.37369021607972E-14));
#1536=DIRECTION('ref_axis',(1.,-1.7358122166339E-14,7.94030508966813E-28));
#1537=DIRECTION('center_axis',(-1.77635683940025E-14,-1.,3.5527136788005E-14));
#1538=DIRECTION('ref_axis',(1.,-1.77635683940025E-14,8.08434852557196E-28));
#1539=DIRECTION('center_axis',(1.7358122166339E-14,1.,-3.37369021607972E-14));
#1540=DIRECTION('ref_axis',(1.,-1.7358122166339E-14,7.94030508966813E-28));
#1541=DIRECTION('',(1.77635683940025E-14,1.,-3.5527136788005E-14));
#1542=DIRECTION('center_axis',(-1.77635683940025E-14,-1.,3.5527136788005E-14));
#1543=DIRECTION('ref_axis',(1.,-1.77635683940025E-14,8.08434852557196E-28));
#1544=DIRECTION('',(1.77635683940025E-14,1.,-3.5527136788005E-14));
#1545=DIRECTION('center_axis',(1.,-1.77635683940013E-14,3.30314288318235E-14));
#1546=DIRECTION('ref_axis',(-3.30314288318229E-14,3.37369021607978E-14,
1.));
#1547=DIRECTION('',(-1.77635683940025E-14,-1.,3.5527136788005E-14));
#1548=DIRECTION('',(1.58979627261499E-14,1.,-3.12805337188118E-14));
#1549=DIRECTION('center_axis',(1.71215117050632E-14,-3.55271367880053E-14,
-1.));
#1550=DIRECTION('ref_axis',(1.,-1.73581221663384E-14,1.71215117050638E-14));
#1551=DIRECTION('center_axis',(-5.1364535115189E-14,3.55271367880059E-14,
1.));
#1552=DIRECTION('ref_axis',(-1.,1.73581221663372E-14,-5.13645351151896E-14));
#1553=DIRECTION('center_axis',(-1.7358122166339E-14,-1.,3.37369021607972E-14));
#1554=DIRECTION('ref_axis',(1.,-1.7358122166339E-14,7.94030508966813E-28));
#1555=CARTESIAN_POINT('',(0.,0.,0.));
#1556=CARTESIAN_POINT('Origin',(64.0100000000038,-5.17474951777785E-12,
159.05));
#1557=CARTESIAN_POINT('',(61.321735015976,11.5500000000007,159.05));
#1558=CARTESIAN_POINT('',(66.6982649840319,11.5500000000006,159.05));
#1559=CARTESIAN_POINT('',(64.0100000000026,11.5500000000007,159.05));
#1560=CARTESIAN_POINT('',(60.8361028320698,13.0499999999951,159.05));
#1561=CARTESIAN_POINT('',(62.8987422663957,6.67900719101157,159.05));
#1562=CARTESIAN_POINT('',(67.1838971679382,13.049999999995,159.05));
#1563=CARTESIAN_POINT('',(65.596948583971,13.049999999995,159.05));
#1564=CARTESIAN_POINT('',(63.5343091496449,1.77730801449761,159.05));
#1565=CARTESIAN_POINT('Origin',(64.0100000000038,3.24660164696718,156.950000000001));
#1566=CARTESIAN_POINT('',(66.6982649840319,11.5500000000006,158.95));
#1567=CARTESIAN_POINT('',(66.698264984032,11.5500000000008,163.));
#1568=CARTESIAN_POINT('',(67.1838971679382,13.049999999995,156.950000000001));
#1569=CARTESIAN_POINT('',(67.1838971679382,13.049999999995,156.950000000001));
#1570=CARTESIAN_POINT('',(64.0100000000038,3.24660164696718,156.950000000001));
#1571=CARTESIAN_POINT('',(61.5467157250745,-4.36188587677905,156.950000000001));
#1572=CARTESIAN_POINT('',(64.0100000000038,3.24660164696718,158.95));
#1573=CARTESIAN_POINT('',(64.0100000000038,3.24660164696718,156.950000000001));
#1574=CARTESIAN_POINT('',(61.6415885846137,-4.06884663015476,158.950000000001));
#1575=CARTESIAN_POINT('Origin',(60.8361028320698,13.0499999999951,156.950000000001));
#1576=CARTESIAN_POINT('',(61.321735015976,11.5500000000007,158.95));
#1577=CARTESIAN_POINT('',(61.3217350159759,11.5500000000009,163.));
#1578=CARTESIAN_POINT('',(64.390624999873,2.07094336334736,158.95));
#1579=CARTESIAN_POINT('',(60.8361028320698,13.0499999999951,156.950000000001));
#1580=CARTESIAN_POINT('',(64.2957521403338,2.36398260997153,156.95));
#1581=CARTESIAN_POINT('',(60.8361028320698,13.0499999999951,156.950000000001));
#1582=CARTESIAN_POINT('Origin',(67.1838971679382,13.049999999995,156.950000000001));
#1583=CARTESIAN_POINT('',(62.4844485839698,13.0499999999951,156.95));
#1584=CARTESIAN_POINT('Origin',(59.7850000000037,-9.80339835303295,156.950000000001));
#1585=CARTESIAN_POINT('',(62.9588971679381,-5.15365528030998E-12,158.950000000001));
#1586=CARTESIAN_POINT('',(59.7850000000037,-9.80339835303295,158.950000000001));
#1587=CARTESIAN_POINT('',(59.5290885846137,-10.5938466301548,158.950000000001));
#1588=CARTESIAN_POINT('',(62.9588971679381,-5.15365528030998E-12,156.950000000001));
#1589=CARTESIAN_POINT('',(62.9588971679381,-5.15365528030998E-12,156.950000000001));
#1590=CARTESIAN_POINT('',(59.7850000000037,-9.80339835303295,156.950000000001));
#1591=CARTESIAN_POINT('',(59.4342157250744,-10.8868858767791,156.950000000001));
#1592=CARTESIAN_POINT('',(59.7850000000037,-9.80339835303295,156.950000000001));
#1593=CARTESIAN_POINT('Origin',(62.9588971679381,-5.15143483426073E-12,
156.950000000001));
#1594=CARTESIAN_POINT('',(59.7850000000041,9.80339835302274,158.95));
#1595=CARTESIAN_POINT('',(64.5006404670893,-4.7620710186859,158.950000000001));
#1596=CARTESIAN_POINT('',(59.7850000000041,9.80339835302274,156.950000000001));
#1597=CARTESIAN_POINT('',(59.7850000000041,9.80339835302274,156.950000000001));
#1598=CARTESIAN_POINT('',(64.4057676075501,-4.46903177206172,156.950000000001));
#1599=CARTESIAN_POINT('Origin',(68.2350000000035,-9.80339835303311,156.950000000001));
#1600=CARTESIAN_POINT('',(68.2350000000038,9.80339835302262,158.95));
#1601=CARTESIAN_POINT('',(68.2350000000035,-9.80339835303311,158.950000000001));
#1602=CARTESIAN_POINT('',(68.2350000000035,-10.6766991765164,158.950000000001));
#1603=CARTESIAN_POINT('',(68.2350000000038,9.80339835302262,156.950000000001));
#1604=CARTESIAN_POINT('',(68.2350000000038,9.80339835302262,156.950000000001));
#1605=CARTESIAN_POINT('',(68.2350000000035,-9.80339835303311,156.950000000001));
#1606=CARTESIAN_POINT('',(68.2350000000035,-10.6766991765165,156.950000000001));
#1607=CARTESIAN_POINT('',(68.2350000000035,-9.80339835303311,156.950000000001));
#1608=CARTESIAN_POINT('Origin',(65.0611028320695,-5.19362330919648E-12,
156.950000000001));
#1609=CARTESIAN_POINT('',(65.0611028320695,-5.19362330919648E-12,158.950000000001));
#1610=CARTESIAN_POINT('',(66.5031249998729,-4.45405663665278,158.950000000001));
#1611=CARTESIAN_POINT('',(65.0611028320695,-5.19362330919648E-12,156.950000000001));
#1612=CARTESIAN_POINT('',(66.4082521403336,-4.16101739002861,156.950000000001));
#1613=CARTESIAN_POINT('',(65.0611028320695,-5.19362330919648E-12,156.950000000001));
#1614=CARTESIAN_POINT('Origin',(68.2350000000038,9.80339835302262,156.950000000001));
#1615=CARTESIAN_POINT('',(64.7054702853316,-1.09846265916021,158.950000000001));
#1616=CARTESIAN_POINT('',(64.6105974257923,-1.3915019057845,156.950000000001));
#1617=CARTESIAN_POINT('Origin',(64.0100000000038,-5.17474951777785E-12,
159.05));
#1618=CARTESIAN_POINT('',(66.6982649840279,-11.5499999999998,159.050000000001));
#1619=CARTESIAN_POINT('',(61.3217350159793,-11.5499999999997,159.050000000001));
#1620=CARTESIAN_POINT('',(64.0100000000022,-11.5499999999997,159.050000000001));
#1621=CARTESIAN_POINT('',(67.1838971679377,-13.0500000000054,159.050000000001));
#1622=CARTESIAN_POINT('',(65.1212577336118,-6.67900719102183,159.050000000001));
#1623=CARTESIAN_POINT('',(60.8361028320694,-13.0500000000053,159.050000000001));
#1624=CARTESIAN_POINT('',(62.4230514160364,-13.0500000000054,159.050000000001));
#1625=CARTESIAN_POINT('',(64.4856908503627,-1.77730801450792,159.05));
#1626=CARTESIAN_POINT('Origin',(64.0100000000037,-3.24660164697754,156.950000000001));
#1627=CARTESIAN_POINT('',(61.3217350159793,-11.5499999999997,158.950000000001));
#1628=CARTESIAN_POINT('',(61.3217350159793,-11.5499999999996,163.000000000001));
#1629=CARTESIAN_POINT('',(60.8361028320694,-13.0500000000053,156.950000000001));
#1630=CARTESIAN_POINT('',(60.8361028320694,-13.0500000000053,156.950000000001));
#1631=CARTESIAN_POINT('',(64.0100000000037,-3.24660164697753,156.950000000001));
#1632=CARTESIAN_POINT('',(62.4980974257922,-7.91650190578458,156.950000000001));
#1633=CARTESIAN_POINT('',(64.0100000000037,-3.24660164697753,158.950000000001));
#1634=CARTESIAN_POINT('',(64.0100000000037,-3.24660164697753,156.950000000001));
#1635=CARTESIAN_POINT('',(62.5929702853315,-7.62346265916028,158.950000000001));
#1636=CARTESIAN_POINT('Origin',(60.8361028320694,-13.0500000000053,156.950000000001));
#1637=CARTESIAN_POINT('',(67.1838971679377,-13.0500000000054,156.950000000001));
#1638=CARTESIAN_POINT('',(67.1838971679377,-13.0500000000054,156.950000000001));
#1639=CARTESIAN_POINT('',(59.3105514160352,-13.0500000000053,156.950000000001));
#1640=CARTESIAN_POINT('Origin',(67.1838971679377,-13.0500000000054,156.950000000001));
#1641=CARTESIAN_POINT('',(66.6982649840279,-11.5499999999998,158.950000000001));
#1642=CARTESIAN_POINT('',(66.6982649840278,-11.5499999999996,163.000000000001));
#1643=CARTESIAN_POINT('',(66.6131404670892,-11.287071018686,158.950000000001));
#1644=CARTESIAN_POINT('',(66.5182676075499,-10.9940317720619,156.950000000001));
#1645=CARTESIAN_POINT('Origin',(64.0100000000009,11.550000000001,169.05));
#1646=CARTESIAN_POINT('',(70.2350000000011,11.5500000000006,158.95));
#1647=CARTESIAN_POINT('',(61.8975000000012,11.5500000000007,158.95));
#1648=CARTESIAN_POINT('',(70.2350000000004,11.5500000000012,179.15));
#1649=CARTESIAN_POINT('',(70.2350000000004,11.5500000000013,181.15));
#1650=CARTESIAN_POINT('',(59.7850000000007,11.5500000000014,179.15));
#1651=CARTESIAN_POINT('',(67.1225000000004,11.5500000000013,179.15));
#1652=CARTESIAN_POINT('',(59.7850000000013,11.5500000000008,158.95));
#1653=CARTESIAN_POINT('',(59.7850000000008,11.5500000000012,174.1));
#1654=CARTESIAN_POINT('',(61.8975000000012,11.5500000000007,158.95));
#1655=CARTESIAN_POINT('',(60.8850000000012,11.5500000000008,161.05));
#1656=CARTESIAN_POINT('Origin',(61.8850000000013,11.5500000000008,161.05));
#1657=CARTESIAN_POINT('',(60.8850000000007,11.5500000000013,177.05));
#1658=CARTESIAN_POINT('Origin',(61.8850000000007,11.5500000000013,177.05));
#1659=CARTESIAN_POINT('Origin',(64.0100000000005,-11.5499999999994,169.050000000001));
#1660=CARTESIAN_POINT('',(59.7850000000009,-11.5499999999997,158.950000000001));
#1661=CARTESIAN_POINT('',(61.8975000000008,-11.5499999999997,158.950000000001));
#1662=CARTESIAN_POINT('',(59.7850000000003,-11.549999999999,179.150000000001));
#1663=CARTESIAN_POINT('',(59.7850000000004,-11.5499999999992,174.100000000001));
#1664=CARTESIAN_POINT('',(70.2350000000001,-11.5499999999992,179.150000000001));
#1665=CARTESIAN_POINT('',(67.1225,-11.5499999999991,179.150000000001));
#1666=CARTESIAN_POINT('',(70.2350000000007,-11.5499999999998,158.950000000001));
#1667=CARTESIAN_POINT('',(70.235,-11.5499999999991,181.150000000001));
#1668=CARTESIAN_POINT('',(61.8975000000008,-11.5499999999997,158.950000000001));
#1669=CARTESIAN_POINT('',(60.8850000000003,-11.5499999999991,177.050000000001));
#1670=CARTESIAN_POINT('Origin',(61.8850000000003,-11.5499999999991,177.050000000001));
#1671=CARTESIAN_POINT('',(60.8850000000009,-11.5499999999996,161.050000000001));
#1672=CARTESIAN_POINT('Origin',(61.8850000000009,-11.5499999999996,161.050000000001));
#1673=CARTESIAN_POINT('Ctrl Pts',(51.3183189997836,-8.13003528716203,167.236862474517));
#1674=CARTESIAN_POINT('Ctrl Pts',(51.3242279366094,-7.93396934700662,166.368221309827));
#1675=CARTESIAN_POINT('Ctrl Pts',(51.3447742556966,-6.93435012776713,163.841014250758));
#1676=CARTESIAN_POINT('Ctrl Pts',(51.4558640645933,-3.32490006652635,160.879422584298));
#1677=CARTESIAN_POINT('Ctrl Pts',(51.4782784272345,1.25902041357141,160.618898732049));
#1678=CARTESIAN_POINT('Ctrl Pts',(51.4112730519101,4.5567309222189,161.96797846527));
#1679=CARTESIAN_POINT('Ctrl Pts',(51.3756721064522,5.91254280364891,163.15662631491));
#1680=CARTESIAN_POINT('Ctrl Pts',(51.3612662933523,6.47568287573333,163.843637023497));
#1681=CARTESIAN_POINT('Ctrl Pts',(51.3822126665227,-8.0390171609062,167.257161080167));
#1682=CARTESIAN_POINT('Ctrl Pts',(51.3861519577399,-7.84586556358914,166.398084185408));
#1683=CARTESIAN_POINT('Ctrl Pts',(51.399849503798,-6.85866639377806,163.902310273465));
#1684=CARTESIAN_POINT('Ctrl Pts',(51.4739093763959,-3.30752232954093,160.94311299802));
#1685=CARTESIAN_POINT('Ctrl Pts',(51.4888522848233,1.25468507590897,160.667466979618));
#1686=CARTESIAN_POINT('Ctrl Pts',(51.4441820346071,4.51736328131046,162.035633341306));
#1687=CARTESIAN_POINT('Ctrl Pts',(51.4204480709685,5.85320980353519,163.216175040917));
#1688=CARTESIAN_POINT('Ctrl Pts',(51.4108441955685,6.40838010818218,163.897747554219));
#1689=CARTESIAN_POINT('Ctrl Pts',(51.4461063332617,-7.94799903465037,167.277459685817));
#1690=CARTESIAN_POINT('Ctrl Pts',(51.4480759788703,-7.75776178017165,166.427947060989));
#1691=CARTESIAN_POINT('Ctrl Pts',(51.4549247518995,-6.782982659789,163.963606296172));
#1692=CARTESIAN_POINT('Ctrl Pts',(51.4919546881984,-3.29014459255552,161.006803411742));
#1693=CARTESIAN_POINT('Ctrl Pts',(51.4994261424122,1.25034973824653,160.716035227187));
#1694=CARTESIAN_POINT('Ctrl Pts',(51.477091017304,4.47799564040201,162.103288217342));
#1695=CARTESIAN_POINT('Ctrl Pts',(51.4652240354847,5.79387680342147,163.275723766924));
#1696=CARTESIAN_POINT('Ctrl Pts',(51.4604220977847,6.34107734063104,163.951858084941));
#1697=CARTESIAN_POINT('Ctrl Pts',(51.5100000000008,-7.85698090839455,167.297758291467));
#1698=CARTESIAN_POINT('Ctrl Pts',(51.5100000000008,-7.66965799675417,166.457809936571));
#1699=CARTESIAN_POINT('Ctrl Pts',(51.5100000000009,-6.70729892579994,164.024902318879));
#1700=CARTESIAN_POINT('Ctrl Pts',(51.510000000001,-3.2727668555701,161.070493825464));
#1701=CARTESIAN_POINT('Ctrl Pts',(51.510000000001,1.24601440058408,160.764603474756));
#1702=CARTESIAN_POINT('Ctrl Pts',(51.5100000000009,4.43862799949357,162.170943093379));
#1703=CARTESIAN_POINT('Ctrl Pts',(51.5100000000009,5.73454380330774,163.33527249293));
#1704=CARTESIAN_POINT('Ctrl Pts',(51.5100000000009,6.27377457307989,164.005968615664));
#1705=CARTESIAN_POINT('',(51.3612662933523,6.47568287573331,163.843637023497));
#1706=CARTESIAN_POINT('',(51.5100000000009,6.27377457307986,164.005968615663));
#1707=CARTESIAN_POINT('',(51.3612662933523,6.47568287573331,163.843637023497));
#1708=CARTESIAN_POINT('',(51.3612662933523,-6.47568287573379,163.843637023497));
#1709=CARTESIAN_POINT('Ctrl Pts',(51.3624008021032,6.47414276259147,163.844875253996));
#1710=CARTESIAN_POINT('Ctrl Pts',(51.3766967307567,5.91118506552689,163.157988989564));
#1711=CARTESIAN_POINT('Ctrl Pts',(51.4120261198534,4.55583005850507,161.969526635835));
#1712=CARTESIAN_POINT('Ctrl Pts',(51.4785203925745,1.25892120649938,160.620010136513));
#1713=CARTESIAN_POINT('Ctrl Pts',(51.4581764047575,-2.93311567234915,160.858603887861));
#1714=CARTESIAN_POINT('Ctrl Pts',(51.3861085633534,-5.58589851393108,162.768943442096));
#1715=CARTESIAN_POINT('Ctrl Pts',(51.361950756512,-6.47599133126905,163.843396883797));
#1716=CARTESIAN_POINT('',(51.5092608629636,-7.85213219072782,167.298898870869));
#1717=CARTESIAN_POINT('Ctrl Pts',(51.3608265174255,-6.47703610072438,163.841534376241));
#1718=CARTESIAN_POINT('Ctrl Pts',(51.3856887645214,-6.44323967169352,163.868991294379));
#1719=CARTESIAN_POINT('Ctrl Pts',(51.4105510116173,-6.40944324266261,163.896448212517));
#1720=CARTESIAN_POINT('Ctrl Pts',(51.4354132587132,-6.37564681363182,163.923905130655));
#1721=CARTESIAN_POINT('Ctrl Pts',(51.4478443822661,-6.35874859910969,163.937633589729));
#1722=CARTESIAN_POINT('Ctrl Pts',(51.460275505819,-6.3418503845875,163.951362048804));
#1723=CARTESIAN_POINT('Ctrl Pts',(51.4727066293719,-6.32495217006556,163.965090507878));
#1724=CARTESIAN_POINT('Ctrl Pts',(51.4825785792183,-6.31153276147037,163.975992713047));
#1725=CARTESIAN_POINT('Ctrl Pts',(51.4924505290647,-6.29811335287541,163.986894918217));
#1726=CARTESIAN_POINT('Ctrl Pts',(51.502322478911,-6.2846939442796,163.997797123385));
#1727=CARTESIAN_POINT('Ctrl Pts',(51.5036020659836,-6.28295454101803,163.99921025058));
#1728=CARTESIAN_POINT('Ctrl Pts',(51.5048816530562,-6.28121513775632,164.000623377775));
#1729=CARTESIAN_POINT('Ctrl Pts',(51.5061612401288,-6.27947573449456,164.002036504969));
#1730=CARTESIAN_POINT('Ctrl Pts',(51.5068010334689,-6.27860603313034,164.00274306835));
#1731=CARTESIAN_POINT('Ctrl Pts',(51.507440826809,-6.27773633176532,164.00344963173));
#1732=CARTESIAN_POINT('Ctrl Pts',(51.5080806201491,-6.27686663040115,164.004156195111));
#1733=CARTESIAN_POINT('Ctrl Pts',(51.5081542588729,-6.2767665297991,164.004237518911));
#1734=CARTESIAN_POINT('Ctrl Pts',(51.5090258835321,-6.27558168916863,164.005200107985));
#1735=CARTESIAN_POINT('Ctrl Pts',(51.509185201006,-6.27536512139074,164.005376052136));
#1736=CARTESIAN_POINT('Ctrl Pts',(51.509238978089,-6.27529201965823,164.005435441499));
#1737=CARTESIAN_POINT('Ctrl Pts',(51.5099466319272,-6.2743300694741,164.00621694392));
#1738=CARTESIAN_POINT('Ctrl Pts',(51.5099918572508,-6.27426859598268,164.006266893291));
#1739=CARTESIAN_POINT('Ctrl Pts',(51.5099969738806,-6.2742616410939,164.006272544382));
#1740=CARTESIAN_POINT('Ctrl Pts',(51.5099999848411,-6.27425412284643,164.006271629875));
#1741=CARTESIAN_POINT('Ctrl Pts',(51.5099999965091,-6.27425899373113,164.006277691363));
#1742=CARTESIAN_POINT('Ctrl Pts',(51.510000002541,-6.27426151181566,164.00628082495));
#1743=CARTESIAN_POINT('Ctrl Pts',(51.5099999960037,-6.27427324208818,164.006295326007));
#1744=CARTESIAN_POINT('Ctrl Pts',(51.5099999962329,-6.2742742594652,164.006296585919));
#1745=CARTESIAN_POINT('Ctrl Pts',(51.5100000017122,-6.27429857698812,164.006326700554));
#1746=CARTESIAN_POINT('Ctrl Pts',(51.5099999999581,-6.27431711791483,164.006349642495));
#1747=CARTESIAN_POINT('Ctrl Pts',(51.5099999999749,-6.27442543902134,164.006483726733));
#1748=CARTESIAN_POINT('Ctrl Pts',(51.5100000082513,-6.32781740972048,164.072574462995));
#1749=CARTESIAN_POINT('Ctrl Pts',(51.5100000074746,-6.37981846548584,164.139071477416));
#1750=CARTESIAN_POINT('Ctrl Pts',(51.5100000049907,-6.43067710252298,164.20625279711));
#1751=CARTESIAN_POINT('Ctrl Pts',(51.5100000030215,-6.47099736087177,164.259513527717));
#1752=CARTESIAN_POINT('Ctrl Pts',(51.5100000000009,-6.51059887308995,164.313205072193));
#1753=CARTESIAN_POINT('Ctrl Pts',(51.5100000000009,-6.54958712316702,164.367480298028));
#1754=CARTESIAN_POINT('Ctrl Pts',(51.5100000000009,-6.6758490912114,164.543248556837));
#1755=CARTESIAN_POINT('Ctrl Pts',(51.5100000000008,-6.79480682575019,164.723946469774));
#1756=CARTESIAN_POINT('Ctrl Pts',(51.5100000000008,-6.90604526376437,164.909234027181));
#1757=CARTESIAN_POINT('Ctrl Pts',(51.5100000000008,-7.01671359542357,165.093571970265));
#1758=CARTESIAN_POINT('Ctrl Pts',(51.5100000000007,-7.1197419606302,165.282453238147));
#1759=CARTESIAN_POINT('Ctrl Pts',(51.5100000000007,-7.21502527561111,165.475341559047));
#1760=CARTESIAN_POINT('Ctrl Pts',(51.5100000000007,-7.25606750062432,165.558426051546));
#1761=CARTESIAN_POINT('Ctrl Pts',(51.5100000000007,-7.29567211202696,165.642254322091));
#1762=CARTESIAN_POINT('Ctrl Pts',(51.5100000000007,-7.33382779783189,165.726784763681));
#1763=CARTESIAN_POINT('Ctrl Pts',(51.5100000000007,-7.34894599777792,165.760277756679));
#1764=CARTESIAN_POINT('Ctrl Pts',(51.5100000000007,-7.36383717425896,165.793882229955));
#1765=CARTESIAN_POINT('Ctrl Pts',(51.5100000000007,-7.37849354676641,165.827579046919));
#1766=CARTESIAN_POINT('Ctrl Pts',(51.5100000000009,-7.46295567250145,166.021767942557));
#1767=CARTESIAN_POINT('Ctrl Pts',(51.5100000000018,-7.53968015689359,166.219144588174));
#1768=CARTESIAN_POINT('Ctrl Pts',(51.5100000000025,-7.60858076031127,166.419192820883));
#1769=CARTESIAN_POINT('Ctrl Pts',(51.5100000000031,-7.67774210189803,166.619998089196));
#1770=CARTESIAN_POINT('Ctrl Pts',(51.5100000000036,-7.73902044204093,166.82349588452));
#1771=CARTESIAN_POINT('Ctrl Pts',(51.5100000000027,-7.79227955935999,167.029182194899));
#1772=CARTESIAN_POINT('Ctrl Pts',(51.5100000000024,-7.81535773919401,167.118309951784));
#1773=CARTESIAN_POINT('Ctrl Pts',(51.5100000000018,-7.83692954810874,167.207848803424));
#1774=CARTESIAN_POINT('Ctrl Pts',(51.5100000000008,-7.85698090839455,167.297758291467));
#1775=CARTESIAN_POINT('Ctrl Pts',(51.5100000000008,-7.85698090839455,167.297758291467));
#1776=CARTESIAN_POINT('Ctrl Pts',(51.5100000000008,-7.66965799675417,166.457809936571));
#1777=CARTESIAN_POINT('Ctrl Pts',(51.5100000000009,-6.70729892579994,164.024902318879));
#1778=CARTESIAN_POINT('Ctrl Pts',(51.510000000001,-3.2727668555701,161.070493825464));
#1779=CARTESIAN_POINT('Ctrl Pts',(51.510000000001,1.24601440058408,160.764603474756));
#1780=CARTESIAN_POINT('Ctrl Pts',(51.5100000000009,4.43862799949357,162.170943093379));
#1781=CARTESIAN_POINT('Ctrl Pts',(51.5100000000009,5.73454380330774,163.33527249293));
#1782=CARTESIAN_POINT('Ctrl Pts',(51.5100000000009,6.27377457307989,164.005968615664));
#1783=CARTESIAN_POINT('Ctrl Pts',(51.3612662933523,6.47568287573331,163.843637023497));
#1784=CARTESIAN_POINT('Ctrl Pts',(51.3832950830888,7.4729667717583,165.104587583696));
#1785=CARTESIAN_POINT('Ctrl Pts',(51.4435816645312,8.89486706466867,168.727012578818));
#1786=CARTESIAN_POINT('Ctrl Pts',(51.3906380130007,7.80539473710023,172.575095562904));
#1787=CARTESIAN_POINT('Ctrl Pts',(51.3612662933519,6.47568287573369,174.256362976503));
#1788=CARTESIAN_POINT('Ctrl Pts',(51.4108441955685,6.40838010818216,163.897747554219));
#1789=CARTESIAN_POINT('Ctrl Pts',(51.4255300553928,7.39853625876055,165.14299021221));
#1790=CARTESIAN_POINT('Ctrl Pts',(51.4657211096877,8.82487858697934,168.729130329146));
#1791=CARTESIAN_POINT('Ctrl Pts',(51.4304253420006,7.72858830895361,172.541928901793));
#1792=CARTESIAN_POINT('Ctrl Pts',(51.4108441955681,6.40838010818254,174.202252445781));
#1793=CARTESIAN_POINT('Ctrl Pts',(51.4604220977847,6.34107734063101,163.951858084941));
#1794=CARTESIAN_POINT('Ctrl Pts',(51.4677650276968,7.3241057457628,165.181392840725));
#1795=CARTESIAN_POINT('Ctrl Pts',(51.4878605548442,8.75489010929002,168.731248079474));
#1796=CARTESIAN_POINT('Ctrl Pts',(51.4702126710006,7.65178188080699,172.508762240681));
#1797=CARTESIAN_POINT('Ctrl Pts',(51.4604220977843,6.34107734063139,174.148141915059));
#1798=CARTESIAN_POINT('Ctrl Pts',(51.5100000000009,6.27377457307986,164.005968615663));
#1799=CARTESIAN_POINT('Ctrl Pts',(51.5100000000008,7.24967523276505,165.219795469239));
#1800=CARTESIAN_POINT('Ctrl Pts',(51.5100000000007,8.68490163160069,168.733365829802));
#1801=CARTESIAN_POINT('Ctrl Pts',(51.5100000000006,7.57497545266037,172.47559557957));
#1802=CARTESIAN_POINT('Ctrl Pts',(51.5100000000005,6.27377457308024,174.094031384337));
#1803=CARTESIAN_POINT('',(51.5100000000005,6.27377457308027,174.094031384337));
#1804=CARTESIAN_POINT('Ctrl Pts',(51.5100000000009,6.27377457307986,164.005968615663));
#1805=CARTESIAN_POINT('Ctrl Pts',(51.5100000000008,7.24967523276505,165.219795469239));
#1806=CARTESIAN_POINT('Ctrl Pts',(51.5100000000007,8.68490163160069,168.733365829802));
#1807=CARTESIAN_POINT('Ctrl Pts',(51.5100000000006,7.57497545266037,172.47559557957));
#1808=CARTESIAN_POINT('Ctrl Pts',(51.5100000000005,6.27377457308024,174.094031384337));
#1809=CARTESIAN_POINT('',(51.3612662933519,6.47568287573371,174.256362976503));
#1810=CARTESIAN_POINT('',(51.5100000000005,6.27377457308027,174.094031384337));
#1811=CARTESIAN_POINT('Ctrl Pts',(51.3612662933519,6.47568287573369,174.256362976503));
#1812=CARTESIAN_POINT('Ctrl Pts',(51.3906380130007,7.80539473710023,172.575095562904));
#1813=CARTESIAN_POINT('Ctrl Pts',(51.4435816645312,8.89486706466867,168.727012578818));
#1814=CARTESIAN_POINT('Ctrl Pts',(51.3832950830888,7.4729667717583,165.104587583696));
#1815=CARTESIAN_POINT('Ctrl Pts',(51.3612662933523,6.47568287573331,163.843637023497));
#1816=CARTESIAN_POINT('Ctrl Pts',(51.3612662933519,6.47568287573372,174.256362976503));
#1817=CARTESIAN_POINT('Ctrl Pts',(51.3842034157022,5.57904395336649,175.350230331959));
#1818=CARTESIAN_POINT('Ctrl Pts',(51.452583412985,3.19667397018214,177.032759548972));
#1819=CARTESIAN_POINT('Ctrl Pts',(51.4758015676548,-0.37018168420974,177.438880067869));
#1820=CARTESIAN_POINT('Ctrl Pts',(51.4344056989167,-3.795043945186,176.614599854883));
#1821=CARTESIAN_POINT('Ctrl Pts',(51.3842034157022,-5.57904395336613,175.350230331959));
#1822=CARTESIAN_POINT('Ctrl Pts',(51.3612662933519,-6.47568287573345,174.256362976504));
#1823=CARTESIAN_POINT('Ctrl Pts',(51.4108441955681,6.40838010818257,174.202252445781));
#1824=CARTESIAN_POINT('Ctrl Pts',(51.4261356104683,5.52443075283578,175.287461036213));
#1825=CARTESIAN_POINT('Ctrl Pts',(51.4717222753235,3.1780347302996,176.971429332054));
#1826=CARTESIAN_POINT('Ctrl Pts',(51.4872010451033,-0.369206449108284,177.391502128218));
#1827=CARTESIAN_POINT('Ctrl Pts',(51.4596037992779,-3.76662480324477,176.550607614765));
#1828=CARTESIAN_POINT('Ctrl Pts',(51.4261356104683,-5.52443075283542,175.287461036214));
#1829=CARTESIAN_POINT('Ctrl Pts',(51.4108441955682,-6.4083801081823,174.202252445782));
#1830=CARTESIAN_POINT('Ctrl Pts',(51.4604220977843,6.34107734063142,174.148141915059));
#1831=CARTESIAN_POINT('Ctrl Pts',(51.4680678052344,5.46981755230507,175.224691740467));
#1832=CARTESIAN_POINT('Ctrl Pts',(51.490861137662,3.15939549041706,176.910099115136));
#1833=CARTESIAN_POINT('Ctrl Pts',(51.4986005225519,-0.368231214006829,177.344124188567));
#1834=CARTESIAN_POINT('Ctrl Pts',(51.4848018996392,-3.73820566130355,176.486615374646));
#1835=CARTESIAN_POINT('Ctrl Pts',(51.4680678052344,-5.46981755230472,175.224691740468));
#1836=CARTESIAN_POINT('Ctrl Pts',(51.4604220977844,-6.34107734063115,174.148141915059));
#1837=CARTESIAN_POINT('Ctrl Pts',(51.5100000000005,6.27377457308027,174.094031384337));
#1838=CARTESIAN_POINT('Ctrl Pts',(51.5100000000005,5.41520435177436,175.161922444722));
#1839=CARTESIAN_POINT('Ctrl Pts',(51.5100000000005,3.14075625053451,176.848768898218));
#1840=CARTESIAN_POINT('Ctrl Pts',(51.5100000000004,-0.367255978905372,177.296746248916));
#1841=CARTESIAN_POINT('Ctrl Pts',(51.5100000000005,-3.70978651936232,176.422623134527));
#1842=CARTESIAN_POINT('Ctrl Pts',(51.5100000000005,-5.41520435177401,175.161922444722));
#1843=CARTESIAN_POINT('Ctrl Pts',(51.5100000000006,-6.27377457308,174.094031384337));
#1844=CARTESIAN_POINT('',(51.5100000000006,-6.27377457308,174.094031384337));
#1845=CARTESIAN_POINT('',(51.3612662933519,-6.47568287573345,174.256362976504));
#1846=CARTESIAN_POINT('',(51.5100000000006,-6.27377457308,174.094031384337));
#1847=CARTESIAN_POINT('Ctrl Pts',(51.3612662933519,-6.47568287573345,174.256362976504));
#1848=CARTESIAN_POINT('Ctrl Pts',(51.3842034157022,-5.57904395336613,175.350230331959));
#1849=CARTESIAN_POINT('Ctrl Pts',(51.4344056989167,-3.795043945186,176.614599854883));
#1850=CARTESIAN_POINT('Ctrl Pts',(51.4758015676548,-0.37018168420974,177.438880067869));
#1851=CARTESIAN_POINT('Ctrl Pts',(51.452583412985,3.19667397018214,177.032759548972));
#1852=CARTESIAN_POINT('Ctrl Pts',(51.3842034157022,5.57904395336649,175.350230331959));
#1853=CARTESIAN_POINT('Ctrl Pts',(51.3612662933519,6.47568287573372,174.256362976503));
#1854=CARTESIAN_POINT('Ctrl Pts',(51.5100000000005,6.27377457308027,174.094031384337));
#1855=CARTESIAN_POINT('Ctrl Pts',(51.5100000000005,5.41520435177436,175.161922444722));
#1856=CARTESIAN_POINT('Ctrl Pts',(51.5100000000005,3.14075625053451,176.848768898218));
#1857=CARTESIAN_POINT('Ctrl Pts',(51.5100000000004,-0.367255978905372,177.296746248916));
#1858=CARTESIAN_POINT('Ctrl Pts',(51.5100000000005,-3.70978651936232,176.422623134527));
#1859=CARTESIAN_POINT('Ctrl Pts',(51.5100000000005,-5.41520435177401,175.161922444722));
#1860=CARTESIAN_POINT('Ctrl Pts',(51.5100000000006,-6.27377457308,174.094031384337));
#1861=CARTESIAN_POINT('Ctrl Pts',(51.361266293352,-6.47568287573344,174.256362976504));
#1862=CARTESIAN_POINT('Ctrl Pts',(51.3832950940963,-7.47296727010206,172.995411786206));
#1863=CARTESIAN_POINT('Ctrl Pts',(51.4435817013516,-8.8948678161118,169.372984644088));
#1864=CARTESIAN_POINT('Ctrl Pts',(51.3906379421501,-7.80539307122712,165.524899965248));
#1865=CARTESIAN_POINT('Ctrl Pts',(51.3612662162977,-6.47567938732688,163.843632612812));
#1866=CARTESIAN_POINT('Ctrl Pts',(51.4108441955682,-6.4083801081823,174.202252445782));
#1867=CARTESIAN_POINT('Ctrl Pts',(51.4255300627311,-7.39853675354257,172.957009165541));
#1868=CARTESIAN_POINT('Ctrl Pts',(51.4657211342346,-8.82487934164919,169.370866910813));
#1869=CARTESIAN_POINT('Ctrl Pts',(51.430425294767,-7.72858664233726,165.558066677735));
#1870=CARTESIAN_POINT('Ctrl Pts',(51.4108441441987,-6.40837664470794,163.897743198479));
#1871=CARTESIAN_POINT('Ctrl Pts',(51.4604220977844,-6.34107734063115,174.148141915059));
#1872=CARTESIAN_POINT('Ctrl Pts',(51.4677650313659,-7.32410623698309,172.918606544877));
#1873=CARTESIAN_POINT('Ctrl Pts',(51.4878605671177,-8.75489086718658,169.368749177538));
#1874=CARTESIAN_POINT('Ctrl Pts',(51.4702126473839,-7.6517802134474,165.591233390222));
#1875=CARTESIAN_POINT('Ctrl Pts',(51.4604220720998,-6.341073902089,163.951853784146));
#1876=CARTESIAN_POINT('Ctrl Pts',(51.5100000000006,-6.27377457308,174.094031384337));
#1877=CARTESIAN_POINT('Ctrl Pts',(51.5100000000006,-7.2496757204236,172.880203924212));
#1878=CARTESIAN_POINT('Ctrl Pts',(51.5100000000007,-8.68490239272396,169.366631444263));
#1879=CARTESIAN_POINT('Ctrl Pts',(51.5100000000009,-7.57497378455754,165.62440010271));
#1880=CARTESIAN_POINT('Ctrl Pts',(51.5100000000009,-6.27377115947005,164.005964369813));
#1881=CARTESIAN_POINT('Ctrl Pts',(51.3612662933523,-6.47568287573371,163.843637023497));
#1882=CARTESIAN_POINT('Ctrl Pts',(51.3906379950621,-7.8053941600489,165.524903811029));
#1883=CARTESIAN_POINT('Ctrl Pts',(51.4435816712263,-8.89486710558722,169.372986454217));
#1884=CARTESIAN_POINT('Ctrl Pts',(51.3832950940963,-7.47296727010206,172.995411786206));
#1885=CARTESIAN_POINT('Ctrl Pts',(51.361266293352,-6.47568287573344,174.256362976504));
#1886=CARTESIAN_POINT('',(51.5091105252364,-8.04961382742031,169.050001578744));
#1887=CARTESIAN_POINT('Ctrl Pts',(51.5100000000006,-6.27377457308,174.094031384337));
#1888=CARTESIAN_POINT('Ctrl Pts',(51.5100000000006,-7.2496757204236,172.880203924212));
#1889=CARTESIAN_POINT('Ctrl Pts',(51.5100000000007,-7.96733109529466,171.123314769419));
#1890=CARTESIAN_POINT('Ctrl Pts',(51.5100000000007,-8.04862309861513,169.309254201462));
#1891=CARTESIAN_POINT('Ctrl Pts',(51.5100000000007,-8.04756511386505,169.050006872578));
#1892=CARTESIAN_POINT('Ctrl Pts',(51.5091105252364,-8.04961382742031,169.050001578744));
#1893=CARTESIAN_POINT('Ctrl Pts',(51.5091053842968,-8.0472214964982,168.461922729473));
#1894=CARTESIAN_POINT('Ctrl Pts',(51.5090759592391,-7.97964620673625,167.873819949265));
#1895=CARTESIAN_POINT('Ctrl Pts',(51.5090303363407,-7.85061994272397,167.299254601816));
#1896=CARTESIAN_POINT('Ctrl Pts',(57.7850000000001,-15.0499999999989,181.150000000001));
#1897=CARTESIAN_POINT('Ctrl Pts',(55.6437554311174,-12.1918942919104,178.852120992168));
#1898=CARTESIAN_POINT('Ctrl Pts',(53.5025108622347,-9.3337885838219,176.554241984336));
#1899=CARTESIAN_POINT('Ctrl Pts',(51.3612662933519,-6.47568287573341,174.256362976504));
#1900=CARTESIAN_POINT('Ctrl Pts',(57.7850000000003,-15.049999999999,176.540476190477));
#1901=CARTESIAN_POINT('Ctrl Pts',(55.6437554311175,-12.6199634076961,175.218227223135));
#1902=CARTESIAN_POINT('Ctrl Pts',(53.5025108622348,-10.1769845553794,173.891362329867));
#1903=CARTESIAN_POINT('Ctrl Pts',(51.361266293352,-7.74694796307646,172.569113362525));
#1904=CARTESIAN_POINT('Ctrl Pts',(57.7850000000006,-15.0499999999993,168.47380952381));
#1905=CARTESIAN_POINT('Ctrl Pts',(55.6437554311178,-12.9766470349185,168.558256870753));
#1906=CARTESIAN_POINT('Ctrl Pts',(53.5025108622349,-10.9059019260543,168.642970999252));
#1907=CARTESIAN_POINT('Ctrl Pts',(51.3612662933521,-8.83254896097344,168.727418346195));
#1908=CARTESIAN_POINT('Ctrl Pts',(57.7850000000008,-15.0499999999996,160.407142857144));
#1909=CARTESIAN_POINT('Ctrl Pts',(55.643755431118,-12.5096943472276,161.973166140091));
#1910=CARTESIAN_POINT('Ctrl Pts',(53.5025108622351,-9.96943734401295,163.543050951034));
#1911=CARTESIAN_POINT('Ctrl Pts',(51.3612662933522,-7.42913169124097,165.109074233982));
#1912=CARTESIAN_POINT('Ctrl Pts',(57.7850000000009,-15.0499999999997,156.950000000001));
#1913=CARTESIAN_POINT('Ctrl Pts',(55.6437554311181,-12.1918942919111,159.247879007833));
#1914=CARTESIAN_POINT('Ctrl Pts',(53.5025108622352,-9.33378858382241,161.545758015665));
#1915=CARTESIAN_POINT('Ctrl Pts',(51.3612662933523,-6.47568287573377,163.843637023497));
#1916=CARTESIAN_POINT('',(57.7850000000009,-15.0499999999997,156.950000000001));
#1917=CARTESIAN_POINT('',(57.7850000000009,-15.0499999999997,156.950000000001));
#1918=CARTESIAN_POINT('',(57.7850000000001,-15.0499999999989,181.150000000001));
#1919=CARTESIAN_POINT('',(57.7850000000003,-15.0499999999991,175.100000000001));
#1920=CARTESIAN_POINT('',(57.7850000000001,-15.0499999999989,181.150000000001));
#1921=CARTESIAN_POINT('Ctrl Pts',(57.7850000000009,-15.0499999999997,156.950000000001));
#1922=CARTESIAN_POINT('Ctrl Pts',(55.6437554311181,-12.1918942919111,159.247879007833));
#1923=CARTESIAN_POINT('Ctrl Pts',(53.5025108622352,-9.33378858382241,161.545758015665));
#1924=CARTESIAN_POINT('Ctrl Pts',(51.3612662933523,-6.47568287573377,163.843637023497));
#1925=CARTESIAN_POINT('Ctrl Pts',(57.785000000001,-12.183333333333,156.950000000001));
#1926=CARTESIAN_POINT('Ctrl Pts',(55.6437554311181,-9.97990605901642,158.900019683633));
#1927=CARTESIAN_POINT('Ctrl Pts',(53.5025108622352,-7.77434109893731,160.850294480607));
#1928=CARTESIAN_POINT('Ctrl Pts',(51.3612662933523,-5.57091382462073,162.800314164239));
#1929=CARTESIAN_POINT('Ctrl Pts',(57.7850000000011,-6.44999999999958,156.950000000001));
#1930=CARTESIAN_POINT('Ctrl Pts',(55.6437554311182,-5.37238669272112,158.350540222766));
#1931=CARTESIAN_POINT('Ctrl Pts',(53.5025108622353,-4.29442335138008,159.752495903464));
#1932=CARTESIAN_POINT('Ctrl Pts',(51.3612662933524,-3.21681004410163,161.153036126229));
#1933=CARTESIAN_POINT('Ctrl Pts',(57.7850000000012,1.43333333333386,156.95));
#1934=CARTESIAN_POINT('Ctrl Pts',(55.6437554311183,1.20058605888889,158.189363295579));
#1935=CARTESIAN_POINT('Ctrl Pts',(53.5025108622353,0.968386028792711,159.429491360498));
#1936=CARTESIAN_POINT('Ctrl Pts',(51.3612662933524,0.735638754347739,160.668854656077));
#1937=CARTESIAN_POINT('Ctrl Pts',(57.7850000000013,8.60000000000062,156.95));
#1938=CARTESIAN_POINT('Ctrl Pts',(55.6437554311183,7.11236266525324,158.547281339826));
#1939=CARTESIAN_POINT('Ctrl Pts',(53.5025108622353,5.62465447287772,160.144120929293));
#1940=CARTESIAN_POINT('Ctrl Pts',(51.3612662933523,4.13701713813033,161.74140226912));
#1941=CARTESIAN_POINT('Ctrl Pts',(57.7850000000014,12.9000000000007,156.95));
#1942=CARTESIAN_POINT('Ctrl Pts',(55.6437554311184,10.5324569438733,158.986634586172));
#1943=CARTESIAN_POINT('Ctrl Pts',(53.5025108622354,8.16464914352589,161.024510292881));
#1944=CARTESIAN_POINT('Ctrl Pts',(51.3612662933523,5.79710608739849,163.061144879053));
#1945=CARTESIAN_POINT('Ctrl Pts',(57.7850000000015,15.0500000000007,156.95));
#1946=CARTESIAN_POINT('Ctrl Pts',(55.6437554311184,12.1918942919116,159.247879007832));
#1947=CARTESIAN_POINT('Ctrl Pts',(53.5025108622353,9.33378858382245,161.545758015665));
#1948=CARTESIAN_POINT('Ctrl Pts',(51.3612662933523,6.47568287573332,163.843637023497));
#1949=CARTESIAN_POINT('',(57.7850000000014,15.0500000000007,156.95));
#1950=CARTESIAN_POINT('',(57.7850000000015,15.0500000000007,156.95));
#1951=CARTESIAN_POINT('',(57.785000000001,-11.5499999999997,156.950000000001));
#1952=CARTESIAN_POINT('Origin',(51.2100000000007,-6.81479149892328E-14,
169.05));
#1953=CARTESIAN_POINT('',(54.3100000000007,-8.05000000000006,169.05));
#1954=CARTESIAN_POINT('',(51.2100000000007,-8.05000000000007,169.05));
#1955=CARTESIAN_POINT('Origin',(54.3100000000007,-6.14865768414818E-14,
169.05));
#1956=CARTESIAN_POINT('Origin',(64.5850000000005,-11.0499999999999,188.15));
#1957=CARTESIAN_POINT('',(62.4600000000005,-11.0499999999999,188.15));
#1958=CARTESIAN_POINT('',(66.7100000000005,-11.0499999999999,188.15));
#1959=CARTESIAN_POINT('Origin',(64.5850000000005,-11.0499999999999,188.15));
#1960=CARTESIAN_POINT('Origin',(64.5850000000005,-11.0499999999999,188.15));
#1961=CARTESIAN_POINT('Origin',(64.5850000000005,11.0500000000002,188.15));
#1962=CARTESIAN_POINT('',(62.4600000000005,11.0500000000002,188.15));
#1963=CARTESIAN_POINT('',(66.7100000000005,11.0500000000002,188.15));
#1964=CARTESIAN_POINT('Origin',(64.5850000000005,11.0500000000002,188.15));
#1965=CARTESIAN_POINT('Origin',(64.5850000000005,11.0500000000002,188.15));
#1966=CARTESIAN_POINT('Origin',(64.5850000000005,1.75415237890775E-13,188.15));
#1967=CARTESIAN_POINT('Origin',(64.5850000000005,11.0500000000002,188.15));
#1968=CARTESIAN_POINT('',(66.7100000000005,1.75415237890775E-13,188.15));
#1969=CARTESIAN_POINT('Origin',(64.5850000000005,-11.0499999999999,188.15));
#1970=CARTESIAN_POINT('Origin',(64.5850000000005,11.0500000000002,181.15));
#1971=CARTESIAN_POINT('',(66.7100000000005,11.0500000000002,181.15));
#1972=CARTESIAN_POINT('',(66.7100000000005,11.0500000000002,181.15));
#1973=CARTESIAN_POINT('Origin',(64.5850000000005,11.0500000000002,181.150000000001));
#1974=CARTESIAN_POINT('Origin',(64.5850000000005,-11.0499999999999,181.15));
#1975=CARTESIAN_POINT('',(66.7100000000005,-11.0499999999999,181.15));
#1976=CARTESIAN_POINT('',(66.7100000000005,-11.0499999999999,181.15));
#1977=CARTESIAN_POINT('Origin',(64.5850000000005,-11.0499999999999,181.150000000001));
#1978=CARTESIAN_POINT('Origin',(59.7850000000006,-4.09584933403861E-14,
175.050000000001));
#1979=CARTESIAN_POINT('',(59.7850000000006,1.74999999999997,175.050000000001));
#1980=CARTESIAN_POINT('Origin',(59.7850000000004,-4.09584933403865E-14,
175.050000000001));
#1981=CARTESIAN_POINT('',(56.7850000000006,1.74999999999996,175.05));
#1982=CARTESIAN_POINT('',(59.7850000000006,1.74999999999997,175.050000000001));
#1983=CARTESIAN_POINT('Origin',(56.7850000000006,-4.74810536100589E-14,
175.05));
#1984=CARTESIAN_POINT('Origin',(56.7850000000008,-5.27437865333785E-14,
169.05));
#1985=CARTESIAN_POINT('',(56.7850000000006,0.799999999999953,175.05));
#1986=CARTESIAN_POINT('Origin',(56.7850000000006,-4.75408432887565E-14,
175.05));
#1987=CARTESIAN_POINT('Origin',(59.785000000001,-6.80347920277581E-14,163.05));
#1988=CARTESIAN_POINT('',(59.785000000001,1.74999999999994,163.05));
#1989=CARTESIAN_POINT('Origin',(59.7850000000008,-6.80347920277585E-14,
163.05));
#1990=CARTESIAN_POINT('',(56.785000000001,1.74999999999993,163.05));
#1991=CARTESIAN_POINT('',(59.785000000001,1.74999999999994,163.05));
#1992=CARTESIAN_POINT('Origin',(56.785000000001,-7.45573522974309E-14,163.05));
#1993=CARTESIAN_POINT('Origin',(56.7850000000008,-5.27437865333785E-14,
169.05));
#1994=CARTESIAN_POINT('',(56.785000000001,0.799999999999926,163.05));
#1995=CARTESIAN_POINT('Origin',(56.785000000001,-7.46171419761285E-14,163.05));
#1996=CARTESIAN_POINT('Origin',(59.7850000000008,6.,169.050000000001));
#1997=CARTESIAN_POINT('',(59.7850000000008,7.75000000000001,169.050000000001));
#1998=CARTESIAN_POINT('Origin',(59.7850000000006,6.,169.050000000001));
#1999=CARTESIAN_POINT('',(56.7850000000008,7.75,169.05));
#2000=CARTESIAN_POINT('',(59.7850000000008,7.75000000000001,169.050000000001));
#2001=CARTESIAN_POINT('Origin',(56.7850000000008,6.,169.05));
#2002=CARTESIAN_POINT('Origin',(56.7850000000008,-5.28825644114567E-14,
169.05));
#2003=CARTESIAN_POINT('',(56.7850000000008,6.8,169.05));
#2004=CARTESIAN_POINT('Origin',(56.7850000000008,6.,169.05));
#2005=CARTESIAN_POINT('Origin',(59.7850000000008,-6.0000000000001,169.050000000001));
#2006=CARTESIAN_POINT('',(59.7850000000008,-4.25000000000009,169.050000000001));
#2007=CARTESIAN_POINT('Origin',(59.7850000000006,-6.0000000000001,169.050000000001));
#2008=CARTESIAN_POINT('',(56.7850000000008,-4.2500000000001,169.05));
#2009=CARTESIAN_POINT('',(59.7850000000008,-4.25000000000009,169.050000000001));
#2010=CARTESIAN_POINT('Origin',(56.7850000000008,-6.0000000000001,169.05));
#2011=CARTESIAN_POINT('Origin',(56.7850000000008,-5.28825644114567E-14,
169.05));
#2012=CARTESIAN_POINT('',(56.7850000000008,-5.2000000000001,169.05));
#2013=CARTESIAN_POINT('Origin',(56.7850000000008,-6.0000000000001,169.05));
#2014=CARTESIAN_POINT('Origin',(24.7100000000007,-6.00000000000017,169.049999999999));
#2015=CARTESIAN_POINT('',(54.3100000000007,-5.20000000000011,169.05));
#2016=CARTESIAN_POINT('Origin',(54.3100000000007,-6.00000000000011,169.05));
#2017=CARTESIAN_POINT('',(24.7100000000007,-5.20000000000017,169.049999999999));
#2018=CARTESIAN_POINT('Origin',(24.7100000000005,-1.17917134820084E-13,
175.049999999999));
#2019=CARTESIAN_POINT('',(54.3100000000005,0.799999999999947,175.05));
#2020=CARTESIAN_POINT('Origin',(54.3100000000005,-5.29712819961624E-14,
175.05));
#2021=CARTESIAN_POINT('',(24.7100000000005,0.799999999999882,175.049999999999));
#2022=CARTESIAN_POINT('Origin',(24.7100000000009,-1.44993433507456E-13,
163.049999999999));
#2023=CARTESIAN_POINT('',(54.3100000000009,0.79999999999992,163.05));
#2024=CARTESIAN_POINT('Origin',(54.3100000000009,-8.00475806835343E-14,
163.05));
#2025=CARTESIAN_POINT('',(24.7100000000009,0.799999999999855,163.049999999999));
#2026=CARTESIAN_POINT('Origin',(24.7100000000007,-1.31822678203515E-13,
169.049999999999));
#2027=CARTESIAN_POINT('',(54.3100000000007,3.79999999999993,169.05));
#2028=CARTESIAN_POINT('Origin',(54.3100000000007,-6.66638881572189E-14,
169.05));
#2029=CARTESIAN_POINT('',(59.7850000000008,3.79999999999995,169.050000000001));
#2030=CARTESIAN_POINT('',(24.7100000000007,3.79999999999987,169.049999999999));
#2031=CARTESIAN_POINT('Origin',(59.7850000000006,-5.46117133091291E-14,
169.050000000001));
#2032=CARTESIAN_POINT('Origin',(24.7100000000007,5.99999999999993,169.049999999999));
#2033=CARTESIAN_POINT('',(54.3100000000007,6.79999999999999,169.05));
#2034=CARTESIAN_POINT('Origin',(54.3100000000007,5.99999999999999,169.05));
#2035=CARTESIAN_POINT('',(24.7100000000007,6.79999999999993,169.049999999999));
#2036=CARTESIAN_POINT('Origin',(54.3100000000007,-6.14865768414818E-14,
169.05));
#2037=CARTESIAN_POINT('Ctrl Pts',(57.7850000000014,15.0500000000007,156.95));
#2038=CARTESIAN_POINT('Ctrl Pts',(55.6437554311184,12.1918942919116,159.247879007832));
#2039=CARTESIAN_POINT('Ctrl Pts',(53.5025108622353,9.33378858382245,161.545758015665));
#2040=CARTESIAN_POINT('Ctrl Pts',(51.3612662933523,6.47568287573332,163.843637023497));
#2041=CARTESIAN_POINT('Ctrl Pts',(57.7850000000013,15.0500000000009,161.559523809524));
#2042=CARTESIAN_POINT('Ctrl Pts',(55.6437554311183,12.6199634076972,162.881772776866));
#2043=CARTESIAN_POINT('Ctrl Pts',(53.5025108622352,10.17698455538,164.208637670134));
#2044=CARTESIAN_POINT('Ctrl Pts',(51.3612662933522,7.74694796307637,165.530886637476));
#2045=CARTESIAN_POINT('Ctrl Pts',(57.785000000001,15.0500000000011,169.62619047619));
#2046=CARTESIAN_POINT('Ctrl Pts',(55.643755431118,12.9766470349197,169.541743129247));
#2047=CARTESIAN_POINT('Ctrl Pts',(53.5025108622351,10.9059019260548,169.457029000748));
#2048=CARTESIAN_POINT('Ctrl Pts',(51.3612662933521,8.83254896097335,169.372581653805));
#2049=CARTESIAN_POINT('Ctrl Pts',(57.7850000000007,15.0500000000014,177.692857142857));
#2050=CARTESIAN_POINT('Ctrl Pts',(55.6437554311178,12.5096943472288,176.126833859909));
#2051=CARTESIAN_POINT('Ctrl Pts',(53.5025108622349,9.9694373440135,174.556949048967));
#2052=CARTESIAN_POINT('Ctrl Pts',(51.361266293352,7.42913169124087,172.990925766019));
#2053=CARTESIAN_POINT('Ctrl Pts',(57.7850000000006,15.0500000000015,181.15));
#2054=CARTESIAN_POINT('Ctrl Pts',(55.6437554311177,12.1918942919122,178.852120992168));
#2055=CARTESIAN_POINT('Ctrl Pts',(53.5025108622348,9.33378858382295,176.554241984335));
#2056=CARTESIAN_POINT('Ctrl Pts',(51.3612662933519,6.47568287573367,174.256362976503));
#2057=CARTESIAN_POINT('',(57.7850000000006,15.0500000000015,181.15));
#2058=CARTESIAN_POINT('',(57.7850000000007,15.0500000000015,181.15));
#2059=CARTESIAN_POINT('',(57.7850000000008,15.0500000000013,175.1));
#2060=CARTESIAN_POINT('Ctrl Pts',(57.7850000000007,15.0500000000015,181.15));
#2061=CARTESIAN_POINT('Ctrl Pts',(55.6437554311177,12.1918942919122,178.852120992167));
#2062=CARTESIAN_POINT('Ctrl Pts',(53.5025108622348,9.33378858382295,176.554241984335));
#2063=CARTESIAN_POINT('Ctrl Pts',(51.3612662933519,6.47568287573367,174.256362976503));
#2064=CARTESIAN_POINT('Ctrl Pts',(57.7850000000006,12.1833333333348,181.15));
#2065=CARTESIAN_POINT('Ctrl Pts',(55.6437554311177,9.97990605901759,179.199980316368));
#2066=CARTESIAN_POINT('Ctrl Pts',(53.5025108622348,7.77434109893785,177.249705519394));
#2067=CARTESIAN_POINT('Ctrl Pts',(51.3612662933519,5.57091382462064,175.299685835761));
#2068=CARTESIAN_POINT('Ctrl Pts',(57.7850000000005,6.4500000000014,181.15));
#2069=CARTESIAN_POINT('Ctrl Pts',(55.6437554311176,5.3723866927223,179.749459777235));
#2070=CARTESIAN_POINT('Ctrl Pts',(53.5025108622347,4.29440069650116,178.347476727549));
#2071=CARTESIAN_POINT('Ctrl Pts',(51.3612662933518,3.21678738922206,176.946936504784));
#2072=CARTESIAN_POINT('Ctrl Pts',(57.7850000000004,-1.43333333333203,181.15));
#2073=CARTESIAN_POINT('Ctrl Pts',(55.6437554311175,-1.2005860588877,179.910636704421));
#2074=CARTESIAN_POINT('Ctrl Pts',(53.5025108622347,-0.968395044953935,178.670494497455));
#2075=CARTESIAN_POINT('Ctrl Pts',(51.3612662933518,-0.735647770509601,177.431131201876));
#2076=CARTESIAN_POINT('Ctrl Pts',(57.7850000000002,-8.5999999999988,181.15));
#2077=CARTESIAN_POINT('Ctrl Pts',(55.6437554311174,-7.11236266525206,179.552718660174));
#2078=CARTESIAN_POINT('Ctrl Pts',(53.5025108622347,-5.62466216586808,177.955866694047));
#2079=CARTESIAN_POINT('Ctrl Pts',(51.3612662933519,-4.13702483112135,176.358585354221));
#2080=CARTESIAN_POINT('Ctrl Pts',(57.7850000000002,-12.8999999999988,181.150000000001));
#2081=CARTESIAN_POINT('Ctrl Pts',(55.6437554311174,-10.5324569438721,179.113365413828));
#2082=CARTESIAN_POINT('Ctrl Pts',(53.5025108622347,-8.16464914352535,177.07548970712));
#2083=CARTESIAN_POINT('Ctrl Pts',(51.3612662933519,-5.79710608739858,175.038855120947));
#2084=CARTESIAN_POINT('Ctrl Pts',(57.7850000000001,-15.0499999999989,181.150000000001));
#2085=CARTESIAN_POINT('Ctrl Pts',(55.6437554311174,-12.1918942919104,178.852120992168));
#2086=CARTESIAN_POINT('Ctrl Pts',(53.5025108622347,-9.3337885838219,176.554241984336));
#2087=CARTESIAN_POINT('Ctrl Pts',(51.3612662933519,-6.47568287573341,174.256362976504));
#2088=CARTESIAN_POINT('',(57.7850000000002,-11.5499999999989,181.150000000001));
#2089=CARTESIAN_POINT('Origin',(59.7850000000009,-11.5499999999997,158.950000000001));
#2090=CARTESIAN_POINT('',(59.7850000000009,-11.5499999999997,158.950000000001));
#2091=CARTESIAN_POINT('',(59.7850000000009,-11.5499999999997,158.950000000001));
#2092=CARTESIAN_POINT('',(70.2350000000007,-11.5499999999998,158.950000000001));
#2093=CARTESIAN_POINT('Origin',(59.7850000000003,-11.549999999999,179.150000000001));
#2094=CARTESIAN_POINT('',(59.7850000000003,-11.549999999999,179.150000000001));
#2095=CARTESIAN_POINT('',(59.7850000000039,-0.873300823488494,156.950000000001));
#2096=CARTESIAN_POINT('Origin',(70.2350000000001,-11.5499999999992,179.150000000001));
#2097=CARTESIAN_POINT('',(70.2350000000001,-11.5499999999992,179.150000000001));
#2098=CARTESIAN_POINT('Origin',(61.8850000000013,13.5500000000008,161.05));
#2099=CARTESIAN_POINT('',(60.1350000000013,15.0500000000008,161.05));
#2100=CARTESIAN_POINT('Origin',(61.8850000000013,15.0500000000008,161.05));
#2101=CARTESIAN_POINT('',(60.1350000000013,13.5500000000008,161.05));
#2102=CARTESIAN_POINT('',(60.1350000000013,13.5500000000008,161.05));
#2103=CARTESIAN_POINT('Origin',(61.8850000000013,13.5500000000007,161.05));
#2104=CARTESIAN_POINT('Origin',(61.8850000000008,13.5500000000013,177.05));
#2105=CARTESIAN_POINT('',(60.1350000000008,15.0500000000014,177.05));
#2106=CARTESIAN_POINT('Origin',(61.8850000000008,15.0500000000013,177.05));
#2107=CARTESIAN_POINT('',(60.1350000000007,13.5500000000014,177.05));
#2108=CARTESIAN_POINT('',(60.1350000000007,13.5500000000014,177.05));
#2109=CARTESIAN_POINT('Origin',(61.8850000000008,13.5500000000014,177.05));
#2110=CARTESIAN_POINT('Origin',(64.0100000000009,15.050000000001,169.05));
#2111=CARTESIAN_POINT('',(70.2350000000012,15.0500000000005,156.95));
#2112=CARTESIAN_POINT('',(70.2350000000004,15.0500000000013,181.15));
#2113=CARTESIAN_POINT('',(70.235000000001,15.0500000000007,163.));
#2114=CARTESIAN_POINT('',(60.8975000000013,15.0500000000007,156.95));
#2115=CARTESIAN_POINT('',(67.1225000000004,15.0500000000014,181.15));
#2116=CARTESIAN_POINT('Origin',(64.0100000000009,13.550000000001,169.05));
#2117=CARTESIAN_POINT('',(60.8850000000008,13.5500000000013,177.05));
#2118=CARTESIAN_POINT('Origin',(61.8850000000008,13.5500000000013,177.05));
#2119=CARTESIAN_POINT('Origin',(61.8850000000013,11.5500000000008,161.05));
#2120=CARTESIAN_POINT('',(60.8850000000013,13.5500000000008,161.05));
#2121=CARTESIAN_POINT('Origin',(61.8850000000013,13.5500000000008,161.05));
#2122=CARTESIAN_POINT('',(60.8850000000012,11.5500000000008,161.05));
#2123=CARTESIAN_POINT('Origin',(61.8850000000007,11.5500000000013,177.05));
#2124=CARTESIAN_POINT('',(60.8850000000007,11.5500000000013,177.05));
#2125=CARTESIAN_POINT('Origin',(64.0100000000009,13.550000000001,169.05));
#2126=CARTESIAN_POINT('Origin',(61.8850000000008,-13.5499999999996,161.050000000001));
#2127=CARTESIAN_POINT('',(60.1350000000008,-15.0499999999996,161.050000000001));
#2128=CARTESIAN_POINT('Origin',(61.8850000000008,-15.0499999999996,161.050000000001));
#2129=CARTESIAN_POINT('',(60.1350000000008,-13.5499999999996,161.050000000001));
#2130=CARTESIAN_POINT('',(60.1350000000008,-13.5499999999996,161.050000000001));
#2131=CARTESIAN_POINT('Origin',(61.8850000000008,-13.5499999999995,161.050000000001));
#2132=CARTESIAN_POINT('Origin',(61.8850000000003,-13.5499999999991,177.050000000001));
#2133=CARTESIAN_POINT('',(60.1350000000003,-15.0499999999991,177.050000000001));
#2134=CARTESIAN_POINT('Origin',(61.8850000000003,-15.0499999999991,177.050000000001));
#2135=CARTESIAN_POINT('',(60.1350000000003,-13.5499999999991,177.050000000001));
#2136=CARTESIAN_POINT('',(60.1350000000003,-13.5499999999991,177.050000000001));
#2137=CARTESIAN_POINT('Origin',(61.8850000000003,-13.5499999999992,177.050000000001));
#2138=CARTESIAN_POINT('Origin',(64.0100000000004,-15.0499999999994,169.050000000001));
#2139=CARTESIAN_POINT('',(70.2350000000007,-15.0499999999999,156.950000000001));
#2140=CARTESIAN_POINT('',(70.2349999999999,-15.0499999999991,181.150000000001));
#2141=CARTESIAN_POINT('',(70.2350000000005,-15.0499999999997,163.000000000001));
#2142=CARTESIAN_POINT('',(67.1224999999998,-15.049999999999,181.150000000001));
#2143=CARTESIAN_POINT('',(60.8975000000008,-15.0499999999998,156.950000000001));
#2144=CARTESIAN_POINT('Origin',(64.0100000000004,-13.5499999999994,169.050000000001));
#2145=CARTESIAN_POINT('',(60.8850000000003,-13.5499999999991,177.050000000001));
#2146=CARTESIAN_POINT('Origin',(61.8850000000003,-13.5499999999991,177.050000000001));
#2147=CARTESIAN_POINT('Origin',(61.8850000000009,-11.5499999999996,161.050000000001));
#2148=CARTESIAN_POINT('',(60.8850000000008,-13.5499999999996,161.050000000001));
#2149=CARTESIAN_POINT('Origin',(61.8850000000008,-13.5499999999996,161.050000000001));
#2150=CARTESIAN_POINT('',(60.8850000000009,-11.5499999999996,161.050000000001));
#2151=CARTESIAN_POINT('Origin',(61.8850000000003,-11.5499999999991,177.050000000001));
#2152=CARTESIAN_POINT('',(60.8850000000003,-11.5499999999991,177.050000000001));
#2153=CARTESIAN_POINT('Origin',(70.2350000000008,-11.5499999999999,156.950000000001));
#2154=CARTESIAN_POINT('',(70.2350000000008,-11.5499999999999,156.950000000001));
#2155=CARTESIAN_POINT('',(70.2350000000004,11.5500000000013,181.15));
#2156=CARTESIAN_POINT('Origin',(57.785000000001,-11.5499999999997,156.950000000001));
#2157=CARTESIAN_POINT('Origin',(70.235,-11.5499999999991,181.150000000001));
#2158=CARTESIAN_POINT('Origin',(64.0100000000004,-13.5499999999994,169.050000000001));
#2159=UNCERTAINTY_MEASURE_WITH_UNIT(LENGTH_MEASURE(0.01),#2163,
'DISTANCE_ACCURACY_VALUE',
'Maximum model space distance between geometric entities at asserted c
onnectivities');
#2160=UNCERTAINTY_MEASURE_WITH_UNIT(LENGTH_MEASURE(0.01),#2163,
'DISTANCE_ACCURACY_VALUE',
'Maximum model space distance between geometric entities at asserted c
onnectivities');
#2161=(
GEOMETRIC_REPRESENTATION_CONTEXT(3)
GLOBAL_UNCERTAINTY_ASSIGNED_CONTEXT((#2159))
GLOBAL_UNIT_ASSIGNED_CONTEXT((#2163,#2165,#2166))
REPRESENTATION_CONTEXT('','3D')
);
#2162=(
GEOMETRIC_REPRESENTATION_CONTEXT(3)
GLOBAL_UNCERTAINTY_ASSIGNED_CONTEXT((#2160))
GLOBAL_UNIT_ASSIGNED_CONTEXT((#2163,#2165,#2166))
REPRESENTATION_CONTEXT('','3D')
);
#2163=(
LENGTH_UNIT()
NAMED_UNIT(*)
SI_UNIT(.MILLI.,.METRE.)
);
#2164=(
LENGTH_UNIT()
NAMED_UNIT(*)
SI_UNIT($,.METRE.)
);
#2165=(
NAMED_UNIT(*)
PLANE_ANGLE_UNIT()
SI_UNIT($,.RADIAN.)
);
#2166=(
NAMED_UNIT(*)
SI_UNIT($,.STERADIAN.)
SOLID_ANGLE_UNIT()
);
#2167=SHAPE_DEFINITION_REPRESENTATION(#2168,#2169);
#2168=PRODUCT_DEFINITION_SHAPE('',$,#2171);
#2169=SHAPE_REPRESENTATION('',(#1158),#2161);
#2170=PRODUCT_DEFINITION_CONTEXT('part definition',#2175,'design');
#2171=PRODUCT_DEFINITION('L4','L4',#2172,#2170);
#2172=PRODUCT_DEFINITION_FORMATION('',$,#2177);
#2173=PRODUCT_RELATED_PRODUCT_CATEGORY('L4','L4',(#2177));
#2174=APPLICATION_PROTOCOL_DEFINITION('international standard',
'automotive_design',2009,#2175);
#2175=APPLICATION_CONTEXT(
'Core Data for Automotive Mechanical Design Process');
#2176=PRODUCT_CONTEXT('part definition',#2175,'mechanical');
#2177=PRODUCT('L4','L4',$,(#2176));
#2178=PRESENTATION_STYLE_ASSIGNMENT((#2179));
#2179=SURFACE_STYLE_USAGE(.BOTH.,#2180);
#2180=SURFACE_SIDE_STYLE('',(#2181));
#2181=SURFACE_STYLE_FILL_AREA(#2182);
#2182=FILL_AREA_STYLE('Nylon 6-6 (White)',(#2183));
#2183=FILL_AREA_STYLE_COLOUR('Nylon 6-6 (White)',#2184);
#2184=COLOUR_RGB('Nylon 6-6 (White)',0.972549019607843,0.968627450980392,
0.929411764705882);
ENDSEC;
END-ISO-10303-21;
