ISO-10303-21;
HEADER;
/* Generated by software containing ST-Developer
 * from STEP Tools, Inc. (www.steptools.com) 
 */

FILE_DESCRIPTION(
/* description */ (''),
/* implementation_level */ '2;1');

FILE_NAME(
/* name */ 'L5.step',
/* time_stamp */ '2026-05-30T14:32:45+02:00',
/* author */ (''),
/* organization */ (''),
/* preprocessor_version */ 'ST-DEVELOPER v20.1',
/* originating_system */ 'Autodesk Translation Framework v15.8.0.0',
/* authorisation */ '');

FILE_SCHEMA (('AUTOMOTIVE_DESIGN { 1 0 10303 214 3 1 1 }'));
ENDSEC;

DATA;
#10=MECHANICAL_DESIGN_GEOMETRIC_PRESENTATION_REPRESENTATION('',(#13),#2833);
#11=SHAPE_REPRESENTATION_RELATIONSHIP('SRR','None',#2840,#12);
#12=ADVANCED_BREP_SHAPE_REPRESENTATION('',(#14),#2832);
#13=STYLED_ITEM('',(#2849),#14);
#14=MANIFOLD_SOLID_BREP('Body1',#1717);
#15=FACE_BOUND('',#245,.T.);
#16=FACE_BOUND('',#256,.T.);
#17=FACE_BOUND('',#257,.T.);
#18=FACE_BOUND('',#258,.T.);
#19=FACE_BOUND('',#259,.T.);
#20=FACE_BOUND('',#260,.T.);
#21=FACE_BOUND('',#272,.T.);
#22=FACE_BOUND('',#287,.T.);
#23=FACE_BOUND('',#288,.T.);
#24=FACE_BOUND('',#289,.T.);
#25=FACE_BOUND('',#290,.T.);
#26=FACE_BOUND('',#291,.T.);
#27=FACE_BOUND('',#302,.T.);
#28=FACE_BOUND('',#303,.T.);
#29=FACE_BOUND('',#304,.T.);
#30=FACE_BOUND('',#305,.T.);
#31=FACE_BOUND('',#306,.T.);
#32=FACE_BOUND('',#307,.T.);
#33=FACE_BOUND('',#309,.T.);
#34=FACE_BOUND('',#311,.T.);
#35=FACE_BOUND('',#313,.T.);
#36=FACE_BOUND('',#315,.T.);
#37=FACE_BOUND('',#323,.T.);
#38=FACE_BOUND('',#324,.T.);
#39=FACE_BOUND('',#325,.T.);
#40=FACE_BOUND('',#326,.T.);
#41=FACE_BOUND('',#327,.T.);
#42=FACE_BOUND('',#339,.T.);
#43=FACE_BOUND('',#340,.T.);
#44=FACE_BOUND('',#341,.T.);
#45=FACE_BOUND('',#342,.T.);
#46=FACE_BOUND('',#343,.T.);
#47=FACE_BOUND('',#344,.T.);
#48=FACE_BOUND('',#346,.T.);
#49=FACE_BOUND('',#348,.T.);
#50=FACE_BOUND('',#350,.T.);
#51=FACE_BOUND('',#352,.T.);
#52=FACE_BOUND('',#360,.T.);
#53=FACE_BOUND('',#361,.T.);
#54=FACE_BOUND('',#362,.T.);
#55=FACE_BOUND('',#363,.T.);
#56=FACE_BOUND('',#364,.T.);
#57=CIRCLE('',#1733,3.49999999999999);
#58=CIRCLE('',#1734,3.49999999999999);
#59=CIRCLE('',#1737,3.5);
#60=CIRCLE('',#1738,3.5);
#61=CIRCLE('',#1740,0.99999999999999);
#62=CIRCLE('',#1741,0.99999999999999);
#63=CIRCLE('',#1743,1.00000000000002);
#64=CIRCLE('',#1744,1.00000000000002);
#65=CIRCLE('',#1749,10.);
#66=CIRCLE('',#1750,10.);
#67=CIRCLE('',#1751,8.00000000000001);
#68=CIRCLE('',#1762,1.);
#69=CIRCLE('',#1763,1.);
#70=CIRCLE('',#1775,10.);
#71=CIRCLE('',#1776,10.);
#72=CIRCLE('',#1777,8.00000000000001);
#73=CIRCLE('',#1780,1.);
#74=CIRCLE('',#1782,1.);
#75=CIRCLE('',#1795,1.74999999999999);
#76=CIRCLE('',#1796,1.74999999999999);
#77=CIRCLE('',#1798,1.74999999999999);
#78=CIRCLE('',#1799,1.74999999999999);
#79=CIRCLE('',#1801,1.74999999999999);
#80=CIRCLE('',#1802,1.74999999999999);
#81=CIRCLE('',#1804,1.74999999999999);
#82=CIRCLE('',#1805,1.74999999999999);
#83=CIRCLE('',#1807,10.);
#84=CIRCLE('',#1812,10.);
#85=CIRCLE('',#1814,3.00000000000002);
#86=CIRCLE('',#1816,0.800000000000001);
#87=CIRCLE('',#1818,0.800000000000001);
#88=CIRCLE('',#1820,0.800000000000001);
#89=CIRCLE('',#1822,0.800000000000001);
#90=CIRCLE('',#1824,0.800000000000001);
#91=CIRCLE('',#1826,3.00000000000002);
#92=CIRCLE('',#1828,0.800000000000001);
#93=CIRCLE('',#1830,0.800000000000001);
#94=CIRCLE('',#1832,0.800000000000001);
#95=CIRCLE('',#1834,8.00000000000001);
#96=CIRCLE('',#1837,1.74999999999999);
#97=CIRCLE('',#1838,1.74999999999999);
#98=CIRCLE('',#1840,1.74999999999999);
#99=CIRCLE('',#1841,1.74999999999999);
#100=CIRCLE('',#1843,1.74999999999999);
#101=CIRCLE('',#1844,1.74999999999999);
#102=CIRCLE('',#1846,1.74999999999999);
#103=CIRCLE('',#1847,1.74999999999999);
#104=CIRCLE('',#1849,10.);
#105=CIRCLE('',#1854,10.);
#106=CIRCLE('',#1857,3.00000000000002);
#107=CIRCLE('',#1859,0.800000000000001);
#108=CIRCLE('',#1861,0.800000000000001);
#109=CIRCLE('',#1863,0.800000000000001);
#110=CIRCLE('',#1865,0.800000000000001);
#111=CIRCLE('',#1867,0.800000000000001);
#112=CIRCLE('',#1869,3.00000000000002);
#113=CIRCLE('',#1871,0.800000000000001);
#114=CIRCLE('',#1873,0.800000000000001);
#115=CIRCLE('',#1875,0.800000000000001);
#116=CIRCLE('',#1877,8.00000000000001);
#117=CYLINDRICAL_SURFACE('',#1732,3.49999999999999);
#118=CYLINDRICAL_SURFACE('',#1736,3.5);
#119=CYLINDRICAL_SURFACE('',#1739,0.99999999999999);
#120=CYLINDRICAL_SURFACE('',#1742,1.00000000000002);
#121=CYLINDRICAL_SURFACE('',#1779,1.);
#122=CYLINDRICAL_SURFACE('',#1781,1.);
#123=CYLINDRICAL_SURFACE('',#1794,1.74999999999999);
#124=CYLINDRICAL_SURFACE('',#1797,1.74999999999999);
#125=CYLINDRICAL_SURFACE('',#1800,1.74999999999999);
#126=CYLINDRICAL_SURFACE('',#1803,1.74999999999999);
#127=CYLINDRICAL_SURFACE('',#1806,10.);
#128=CYLINDRICAL_SURFACE('',#1811,10.);
#129=CYLINDRICAL_SURFACE('',#1823,0.800000000000001);
#130=CYLINDRICAL_SURFACE('',#1825,3.00000000000002);
#131=CYLINDRICAL_SURFACE('',#1827,0.800000000000001);
#132=CYLINDRICAL_SURFACE('',#1829,0.800000000000001);
#133=CYLINDRICAL_SURFACE('',#1831,0.800000000000001);
#134=CYLINDRICAL_SURFACE('',#1833,8.00000000000001);
#135=CYLINDRICAL_SURFACE('',#1836,1.74999999999999);
#136=CYLINDRICAL_SURFACE('',#1839,1.74999999999999);
#137=CYLINDRICAL_SURFACE('',#1842,1.74999999999999);
#138=CYLINDRICAL_SURFACE('',#1845,1.74999999999999);
#139=CYLINDRICAL_SURFACE('',#1848,10.);
#140=CYLINDRICAL_SURFACE('',#1853,10.);
#141=CYLINDRICAL_SURFACE('',#1866,0.800000000000001);
#142=CYLINDRICAL_SURFACE('',#1868,3.00000000000002);
#143=CYLINDRICAL_SURFACE('',#1870,0.800000000000001);
#144=CYLINDRICAL_SURFACE('',#1872,0.800000000000001);
#145=CYLINDRICAL_SURFACE('',#1874,0.800000000000001);
#146=CYLINDRICAL_SURFACE('',#1876,8.00000000000001);
#147=FACE_OUTER_BOUND('',#235,.T.);
#148=FACE_OUTER_BOUND('',#236,.T.);
#149=FACE_OUTER_BOUND('',#237,.T.);
#150=FACE_OUTER_BOUND('',#238,.T.);
#151=FACE_OUTER_BOUND('',#239,.T.);
#152=FACE_OUTER_BOUND('',#240,.T.);
#153=FACE_OUTER_BOUND('',#241,.T.);
#154=FACE_OUTER_BOUND('',#242,.T.);
#155=FACE_OUTER_BOUND('',#243,.T.);
#156=FACE_OUTER_BOUND('',#244,.T.);
#157=FACE_OUTER_BOUND('',#246,.T.);
#158=FACE_OUTER_BOUND('',#247,.T.);
#159=FACE_OUTER_BOUND('',#248,.T.);
#160=FACE_OUTER_BOUND('',#249,.T.);
#161=FACE_OUTER_BOUND('',#250,.T.);
#162=FACE_OUTER_BOUND('',#251,.T.);
#163=FACE_OUTER_BOUND('',#252,.T.);
#164=FACE_OUTER_BOUND('',#253,.T.);
#165=FACE_OUTER_BOUND('',#254,.T.);
#166=FACE_OUTER_BOUND('',#255,.T.);
#167=FACE_OUTER_BOUND('',#261,.T.);
#168=FACE_OUTER_BOUND('',#262,.T.);
#169=FACE_OUTER_BOUND('',#263,.T.);
#170=FACE_OUTER_BOUND('',#264,.T.);
#171=FACE_OUTER_BOUND('',#265,.T.);
#172=FACE_OUTER_BOUND('',#266,.T.);
#173=FACE_OUTER_BOUND('',#267,.T.);
#174=FACE_OUTER_BOUND('',#268,.T.);
#175=FACE_OUTER_BOUND('',#269,.T.);
#176=FACE_OUTER_BOUND('',#270,.T.);
#177=FACE_OUTER_BOUND('',#271,.T.);
#178=FACE_OUTER_BOUND('',#273,.T.);
#179=FACE_OUTER_BOUND('',#274,.T.);
#180=FACE_OUTER_BOUND('',#275,.T.);
#181=FACE_OUTER_BOUND('',#276,.T.);
#182=FACE_OUTER_BOUND('',#277,.T.);
#183=FACE_OUTER_BOUND('',#278,.T.);
#184=FACE_OUTER_BOUND('',#279,.T.);
#185=FACE_OUTER_BOUND('',#280,.T.);
#186=FACE_OUTER_BOUND('',#281,.T.);
#187=FACE_OUTER_BOUND('',#282,.T.);
#188=FACE_OUTER_BOUND('',#283,.T.);
#189=FACE_OUTER_BOUND('',#284,.T.);
#190=FACE_OUTER_BOUND('',#285,.T.);
#191=FACE_OUTER_BOUND('',#286,.T.);
#192=FACE_OUTER_BOUND('',#292,.T.);
#193=FACE_OUTER_BOUND('',#293,.T.);
#194=FACE_OUTER_BOUND('',#294,.T.);
#195=FACE_OUTER_BOUND('',#295,.T.);
#196=FACE_OUTER_BOUND('',#296,.T.);
#197=FACE_OUTER_BOUND('',#297,.T.);
#198=FACE_OUTER_BOUND('',#298,.T.);
#199=FACE_OUTER_BOUND('',#299,.T.);
#200=FACE_OUTER_BOUND('',#300,.T.);
#201=FACE_OUTER_BOUND('',#301,.T.);
#202=FACE_OUTER_BOUND('',#308,.T.);
#203=FACE_OUTER_BOUND('',#310,.T.);
#204=FACE_OUTER_BOUND('',#312,.T.);
#205=FACE_OUTER_BOUND('',#314,.T.);
#206=FACE_OUTER_BOUND('',#316,.T.);
#207=FACE_OUTER_BOUND('',#317,.T.);
#208=FACE_OUTER_BOUND('',#318,.T.);
#209=FACE_OUTER_BOUND('',#319,.T.);
#210=FACE_OUTER_BOUND('',#320,.T.);
#211=FACE_OUTER_BOUND('',#321,.T.);
#212=FACE_OUTER_BOUND('',#322,.T.);
#213=FACE_OUTER_BOUND('',#328,.T.);
#214=FACE_OUTER_BOUND('',#329,.T.);
#215=FACE_OUTER_BOUND('',#330,.T.);
#216=FACE_OUTER_BOUND('',#331,.T.);
#217=FACE_OUTER_BOUND('',#332,.T.);
#218=FACE_OUTER_BOUND('',#333,.T.);
#219=FACE_OUTER_BOUND('',#334,.T.);
#220=FACE_OUTER_BOUND('',#335,.T.);
#221=FACE_OUTER_BOUND('',#336,.T.);
#222=FACE_OUTER_BOUND('',#337,.T.);
#223=FACE_OUTER_BOUND('',#338,.T.);
#224=FACE_OUTER_BOUND('',#345,.T.);
#225=FACE_OUTER_BOUND('',#347,.T.);
#226=FACE_OUTER_BOUND('',#349,.T.);
#227=FACE_OUTER_BOUND('',#351,.T.);
#228=FACE_OUTER_BOUND('',#353,.T.);
#229=FACE_OUTER_BOUND('',#354,.T.);
#230=FACE_OUTER_BOUND('',#355,.T.);
#231=FACE_OUTER_BOUND('',#356,.T.);
#232=FACE_OUTER_BOUND('',#357,.T.);
#233=FACE_OUTER_BOUND('',#358,.T.);
#234=FACE_OUTER_BOUND('',#359,.T.);
#235=EDGE_LOOP('',(#1103,#1104,#1105,#1106));
#236=EDGE_LOOP('',(#1107,#1108,#1109,#1110));
#237=EDGE_LOOP('',(#1111,#1112,#1113,#1114));
#238=EDGE_LOOP('',(#1115,#1116,#1117,#1118));
#239=EDGE_LOOP('',(#1119,#1120,#1121,#1122));
#240=EDGE_LOOP('',(#1123,#1124,#1125,#1126));
#241=EDGE_LOOP('',(#1127,#1128,#1129,#1130));
#242=EDGE_LOOP('',(#1131,#1132,#1133,#1134));
#243=EDGE_LOOP('',(#1135,#1136,#1137,#1138));
#244=EDGE_LOOP('',(#1139,#1140,#1141,#1142,#1143,#1144,#1145,#1146,#1147,
#1148,#1149,#1150));
#245=EDGE_LOOP('',(#1151));
#246=EDGE_LOOP('',(#1152,#1153,#1154,#1155));
#247=EDGE_LOOP('',(#1156,#1157,#1158,#1159));
#248=EDGE_LOOP('',(#1160,#1161,#1162,#1163));
#249=EDGE_LOOP('',(#1164,#1165,#1166,#1167));
#250=EDGE_LOOP('',(#1168,#1169,#1170,#1171));
#251=EDGE_LOOP('',(#1172,#1173,#1174,#1175,#1176,#1177));
#252=EDGE_LOOP('',(#1178,#1179,#1180,#1181));
#253=EDGE_LOOP('',(#1182,#1183,#1184,#1185));
#254=EDGE_LOOP('',(#1186,#1187,#1188,#1189));
#255=EDGE_LOOP('',(#1190,#1191,#1192,#1193,#1194,#1195,#1196,#1197,#1198,
#1199,#1200,#1201,#1202,#1203,#1204,#1205,#1206,#1207,#1208,#1209,#1210,
#1211,#1212,#1213,#1214,#1215,#1216,#1217,#1218,#1219,#1220,#1221,#1222,
#1223,#1224,#1225,#1226,#1227));
#256=EDGE_LOOP('',(#1228,#1229,#1230,#1231));
#257=EDGE_LOOP('',(#1232));
#258=EDGE_LOOP('',(#1233));
#259=EDGE_LOOP('',(#1234));
#260=EDGE_LOOP('',(#1235));
#261=EDGE_LOOP('',(#1236,#1237,#1238,#1239));
#262=EDGE_LOOP('',(#1240,#1241,#1242,#1243));
#263=EDGE_LOOP('',(#1244,#1245,#1246,#1247));
#264=EDGE_LOOP('',(#1248,#1249,#1250,#1251));
#265=EDGE_LOOP('',(#1252,#1253,#1254,#1255));
#266=EDGE_LOOP('',(#1256,#1257,#1258,#1259));
#267=EDGE_LOOP('',(#1260,#1261,#1262,#1263));
#268=EDGE_LOOP('',(#1264,#1265,#1266,#1267));
#269=EDGE_LOOP('',(#1268,#1269,#1270,#1271));
#270=EDGE_LOOP('',(#1272,#1273,#1274,#1275));
#271=EDGE_LOOP('',(#1276,#1277,#1278,#1279,#1280,#1281,#1282,#1283,#1284,
#1285,#1286,#1287));
#272=EDGE_LOOP('',(#1288));
#273=EDGE_LOOP('',(#1289,#1290,#1291,#1292));
#274=EDGE_LOOP('',(#1293,#1294,#1295,#1296));
#275=EDGE_LOOP('',(#1297,#1298,#1299,#1300));
#276=EDGE_LOOP('',(#1301,#1302,#1303,#1304));
#277=EDGE_LOOP('',(#1305,#1306,#1307,#1308));
#278=EDGE_LOOP('',(#1309,#1310,#1311,#1312));
#279=EDGE_LOOP('',(#1313,#1314,#1315,#1316));
#280=EDGE_LOOP('',(#1317,#1318,#1319,#1320));
#281=EDGE_LOOP('',(#1321,#1322,#1323,#1324));
#282=EDGE_LOOP('',(#1325,#1326,#1327,#1328));
#283=EDGE_LOOP('',(#1329,#1330,#1331,#1332));
#284=EDGE_LOOP('',(#1333,#1334,#1335,#1336));
#285=EDGE_LOOP('',(#1337,#1338,#1339,#1340,#1341,#1342));
#286=EDGE_LOOP('',(#1343,#1344,#1345,#1346,#1347,#1348,#1349,#1350,#1351,
#1352,#1353,#1354,#1355,#1356,#1357,#1358,#1359,#1360,#1361,#1362,#1363,
#1364,#1365,#1366,#1367,#1368,#1369,#1370,#1371,#1372));
#287=EDGE_LOOP('',(#1373,#1374,#1375,#1376));
#288=EDGE_LOOP('',(#1377));
#289=EDGE_LOOP('',(#1378));
#290=EDGE_LOOP('',(#1379));
#291=EDGE_LOOP('',(#1380));
#292=EDGE_LOOP('',(#1381,#1382,#1383,#1384));
#293=EDGE_LOOP('',(#1385,#1386,#1387,#1388));
#294=EDGE_LOOP('',(#1389,#1390,#1391,#1392));
#295=EDGE_LOOP('',(#1393,#1394,#1395,#1396));
#296=EDGE_LOOP('',(#1397,#1398,#1399,#1400));
#297=EDGE_LOOP('',(#1401,#1402,#1403,#1404));
#298=EDGE_LOOP('',(#1405,#1406,#1407,#1408));
#299=EDGE_LOOP('',(#1409,#1410,#1411,#1412));
#300=EDGE_LOOP('',(#1413,#1414,#1415,#1416));
#301=EDGE_LOOP('',(#1417,#1418,#1419,#1420,#1421,#1422,#1423,#1424));
#302=EDGE_LOOP('',(#1425,#1426,#1427,#1428));
#303=EDGE_LOOP('',(#1429));
#304=EDGE_LOOP('',(#1430));
#305=EDGE_LOOP('',(#1431));
#306=EDGE_LOOP('',(#1432));
#307=EDGE_LOOP('',(#1433));
#308=EDGE_LOOP('',(#1434));
#309=EDGE_LOOP('',(#1435));
#310=EDGE_LOOP('',(#1436));
#311=EDGE_LOOP('',(#1437));
#312=EDGE_LOOP('',(#1438));
#313=EDGE_LOOP('',(#1439));
#314=EDGE_LOOP('',(#1440));
#315=EDGE_LOOP('',(#1441));
#316=EDGE_LOOP('',(#1442,#1443,#1444,#1445));
#317=EDGE_LOOP('',(#1446,#1447,#1448,#1449));
#318=EDGE_LOOP('',(#1450,#1451,#1452,#1453));
#319=EDGE_LOOP('',(#1454,#1455,#1456,#1457));
#320=EDGE_LOOP('',(#1458,#1459,#1460,#1461));
#321=EDGE_LOOP('',(#1462,#1463,#1464,#1465));
#322=EDGE_LOOP('',(#1466));
#323=EDGE_LOOP('',(#1467));
#324=EDGE_LOOP('',(#1468));
#325=EDGE_LOOP('',(#1469));
#326=EDGE_LOOP('',(#1470));
#327=EDGE_LOOP('',(#1471));
#328=EDGE_LOOP('',(#1472,#1473,#1474,#1475));
#329=EDGE_LOOP('',(#1476,#1477,#1478,#1479));
#330=EDGE_LOOP('',(#1480,#1481,#1482,#1483));
#331=EDGE_LOOP('',(#1484,#1485,#1486,#1487));
#332=EDGE_LOOP('',(#1488,#1489,#1490,#1491));
#333=EDGE_LOOP('',(#1492,#1493,#1494,#1495));
#334=EDGE_LOOP('',(#1496,#1497,#1498,#1499));
#335=EDGE_LOOP('',(#1500,#1501,#1502,#1503));
#336=EDGE_LOOP('',(#1504,#1505,#1506,#1507));
#337=EDGE_LOOP('',(#1508,#1509,#1510,#1511,#1512,#1513,#1514,#1515));
#338=EDGE_LOOP('',(#1516,#1517,#1518,#1519,#1520,#1521,#1522,#1523));
#339=EDGE_LOOP('',(#1524,#1525,#1526,#1527));
#340=EDGE_LOOP('',(#1528));
#341=EDGE_LOOP('',(#1529));
#342=EDGE_LOOP('',(#1530));
#343=EDGE_LOOP('',(#1531));
#344=EDGE_LOOP('',(#1532));
#345=EDGE_LOOP('',(#1533));
#346=EDGE_LOOP('',(#1534));
#347=EDGE_LOOP('',(#1535));
#348=EDGE_LOOP('',(#1536));
#349=EDGE_LOOP('',(#1537));
#350=EDGE_LOOP('',(#1538));
#351=EDGE_LOOP('',(#1539));
#352=EDGE_LOOP('',(#1540));
#353=EDGE_LOOP('',(#1541,#1542,#1543,#1544));
#354=EDGE_LOOP('',(#1545,#1546,#1547,#1548));
#355=EDGE_LOOP('',(#1549,#1550,#1551,#1552));
#356=EDGE_LOOP('',(#1553,#1554,#1555,#1556));
#357=EDGE_LOOP('',(#1557,#1558,#1559,#1560));
#358=EDGE_LOOP('',(#1561,#1562,#1563,#1564));
#359=EDGE_LOOP('',(#1565));
#360=EDGE_LOOP('',(#1566));
#361=EDGE_LOOP('',(#1567));
#362=EDGE_LOOP('',(#1568));
#363=EDGE_LOOP('',(#1569));
#364=EDGE_LOOP('',(#1570));
#365=LINE('',#2355,#539);
#366=LINE('',#2357,#540);
#367=LINE('',#2359,#541);
#368=LINE('',#2360,#542);
#369=LINE('',#2366,#543);
#370=LINE('',#2369,#544);
#371=LINE('',#2371,#545);
#372=LINE('',#2372,#546);
#373=LINE('',#2380,#547);
#374=LINE('',#2386,#548);
#375=LINE('',#2391,#549);
#376=LINE('',#2393,#550);
#377=LINE('',#2395,#551);
#378=LINE('',#2396,#552);
#379=LINE('',#2399,#553);
#380=LINE('',#2401,#554);
#381=LINE('',#2402,#555);
#382=LINE('',#2405,#556);
#383=LINE('',#2407,#557);
#384=LINE('',#2408,#558);
#385=LINE('',#2411,#559);
#386=LINE('',#2413,#560);
#387=LINE('',#2417,#561);
#388=LINE('',#2419,#562);
#389=LINE('',#2421,#563);
#390=LINE('',#2425,#564);
#391=LINE('',#2426,#565);
#392=LINE('',#2432,#566);
#393=LINE('',#2434,#567);
#394=LINE('',#2436,#568);
#395=LINE('',#2437,#569);
#396=LINE('',#2441,#570);
#397=LINE('',#2442,#571);
#398=LINE('',#2443,#572);
#399=LINE('',#2447,#573);
#400=LINE('',#2449,#574);
#401=LINE('',#2451,#575);
#402=LINE('',#2452,#576);
#403=LINE('',#2456,#577);
#404=LINE('',#2458,#578);
#405=LINE('',#2460,#579);
#406=LINE('',#2461,#580);
#407=LINE('',#2463,#581);
#408=LINE('',#2464,#582);
#409=LINE('',#2467,#583);
#410=LINE('',#2469,#584);
#411=LINE('',#2470,#585);
#412=LINE('',#2471,#586);
#413=LINE('',#2474,#587);
#414=LINE('',#2476,#588);
#415=LINE('',#2477,#589);
#416=LINE('',#2480,#590);
#417=LINE('',#2482,#591);
#418=LINE('',#2483,#592);
#419=LINE('',#2486,#593);
#420=LINE('',#2488,#594);
#421=LINE('',#2489,#595);
#422=LINE('',#2491,#596);
#423=LINE('',#2493,#597);
#424=LINE('',#2495,#598);
#425=LINE('',#2497,#599);
#426=LINE('',#2499,#600);
#427=LINE('',#2501,#601);
#428=LINE('',#2503,#602);
#429=LINE('',#2505,#603);
#430=LINE('',#2507,#604);
#431=LINE('',#2509,#605);
#432=LINE('',#2511,#606);
#433=LINE('',#2513,#607);
#434=LINE('',#2515,#608);
#435=LINE('',#2517,#609);
#436=LINE('',#2519,#610);
#437=LINE('',#2521,#611);
#438=LINE('',#2523,#612);
#439=LINE('',#2525,#613);
#440=LINE('',#2527,#614);
#441=LINE('',#2529,#615);
#442=LINE('',#2531,#616);
#443=LINE('',#2533,#617);
#444=LINE('',#2535,#618);
#445=LINE('',#2536,#619);
#446=LINE('',#2537,#620);
#447=LINE('',#2544,#621);
#448=LINE('',#2546,#622);
#449=LINE('',#2547,#623);
#450=LINE('',#2550,#624);
#451=LINE('',#2552,#625);
#452=LINE('',#2553,#626);
#453=LINE('',#2556,#627);
#454=LINE('',#2557,#628);
#455=LINE('',#2560,#629);
#456=LINE('',#2561,#630);
#457=LINE('',#2564,#631);
#458=LINE('',#2565,#632);
#459=LINE('',#2568,#633);
#460=LINE('',#2569,#634);
#461=LINE('',#2572,#635);
#462=LINE('',#2573,#636);
#463=LINE('',#2576,#637);
#464=LINE('',#2578,#638);
#465=LINE('',#2579,#639);
#466=LINE('',#2582,#640);
#467=LINE('',#2584,#641);
#468=LINE('',#2585,#642);
#469=LINE('',#2587,#643);
#470=LINE('',#2588,#644);
#471=LINE('',#2591,#645);
#472=LINE('',#2595,#646);
#473=LINE('',#2597,#647);
#474=LINE('',#2599,#648);
#475=LINE('',#2602,#649);
#476=LINE('',#2607,#650);
#477=LINE('',#2608,#651);
#478=LINE('',#2611,#652);
#479=LINE('',#2615,#653);
#480=LINE('',#2618,#654);
#481=LINE('',#2621,#655);
#482=LINE('',#2622,#656);
#483=LINE('',#2625,#657);
#484=LINE('',#2626,#658);
#485=LINE('',#2629,#659);
#486=LINE('',#2630,#660);
#487=LINE('',#2633,#661);
#488=LINE('',#2634,#662);
#489=LINE('',#2637,#663);
#490=LINE('',#2638,#664);
#491=LINE('',#2641,#665);
#492=LINE('',#2642,#666);
#493=LINE('',#2644,#667);
#494=LINE('',#2646,#668);
#495=LINE('',#2649,#669);
#496=LINE('',#2651,#670);
#497=LINE('',#2652,#671);
#498=LINE('',#2655,#672);
#499=LINE('',#2657,#673);
#500=LINE('',#2658,#674);
#501=LINE('',#2663,#675);
#502=LINE('',#2669,#676);
#503=LINE('',#2675,#677);
#504=LINE('',#2681,#678);
#505=LINE('',#2685,#679);
#506=LINE('',#2689,#680);
#507=LINE('',#2690,#681);
#508=LINE('',#2693,#682);
#509=LINE('',#2694,#683);
#510=LINE('',#2697,#684);
#511=LINE('',#2698,#685);
#512=LINE('',#2701,#686);
#513=LINE('',#2704,#687);
#514=LINE('',#2721,#688);
#515=LINE('',#2725,#689);
#516=LINE('',#2729,#690);
#517=LINE('',#2733,#691);
#518=LINE('',#2737,#692);
#519=LINE('',#2741,#693);
#520=LINE('',#2748,#694);
#521=LINE('',#2754,#695);
#522=LINE('',#2760,#696);
#523=LINE('',#2766,#697);
#524=LINE('',#2771,#698);
#525=LINE('',#2774,#699);
#526=LINE('',#2775,#700);
#527=LINE('',#2778,#701);
#528=LINE('',#2779,#702);
#529=LINE('',#2782,#703);
#530=LINE('',#2783,#704);
#531=LINE('',#2787,#705);
#532=LINE('',#2789,#706);
#533=LINE('',#2807,#707);
#534=LINE('',#2811,#708);
#535=LINE('',#2815,#709);
#536=LINE('',#2819,#710);
#537=LINE('',#2823,#711);
#538=LINE('',#2827,#712);
#539=VECTOR('',#1883,10.);
#540=VECTOR('',#1884,10.);
#541=VECTOR('',#1885,10.);
#542=VECTOR('',#1886,10.);
#543=VECTOR('',#1893,10.);
#544=VECTOR('',#1896,10.);
#545=VECTOR('',#1897,10.);
#546=VECTOR('',#1898,10.);
#547=VECTOR('',#1909,0.99999999999999);
#548=VECTOR('',#1916,1.00000000000002);
#549=VECTOR('',#1921,10.);
#550=VECTOR('',#1922,10.);
#551=VECTOR('',#1923,10.);
#552=VECTOR('',#1924,10.);
#553=VECTOR('',#1927,10.);
#554=VECTOR('',#1928,10.);
#555=VECTOR('',#1929,10.);
#556=VECTOR('',#1932,10.);
#557=VECTOR('',#1933,10.);
#558=VECTOR('',#1934,10.);
#559=VECTOR('',#1937,10.);
#560=VECTOR('',#1938,10.);
#561=VECTOR('',#1941,10.);
#562=VECTOR('',#1942,10.);
#563=VECTOR('',#1943,10.);
#564=VECTOR('',#1946,10.);
#565=VECTOR('',#1947,10.);
#566=VECTOR('',#1952,10.);
#567=VECTOR('',#1953,10.);
#568=VECTOR('',#1954,10.);
#569=VECTOR('',#1955,10.);
#570=VECTOR('',#1958,10.);
#571=VECTOR('',#1959,10.);
#572=VECTOR('',#1960,10.);
#573=VECTOR('',#1963,10.);
#574=VECTOR('',#1964,10.);
#575=VECTOR('',#1965,10.);
#576=VECTOR('',#1966,10.);
#577=VECTOR('',#1969,10.);
#578=VECTOR('',#1970,10.);
#579=VECTOR('',#1971,10.);
#580=VECTOR('',#1972,10.);
#581=VECTOR('',#1975,10.);
#582=VECTOR('',#1976,10.);
#583=VECTOR('',#1979,10.);
#584=VECTOR('',#1980,10.);
#585=VECTOR('',#1981,10.);
#586=VECTOR('',#1982,10.);
#587=VECTOR('',#1985,10.);
#588=VECTOR('',#1986,10.);
#589=VECTOR('',#1987,10.);
#590=VECTOR('',#1990,10.);
#591=VECTOR('',#1991,10.);
#592=VECTOR('',#1992,10.);
#593=VECTOR('',#1995,10.);
#594=VECTOR('',#1996,10.);
#595=VECTOR('',#1997,10.);
#596=VECTOR('',#2000,10.);
#597=VECTOR('',#2001,10.);
#598=VECTOR('',#2002,10.);
#599=VECTOR('',#2003,10.);
#600=VECTOR('',#2004,10.);
#601=VECTOR('',#2005,10.);
#602=VECTOR('',#2006,10.);
#603=VECTOR('',#2007,10.);
#604=VECTOR('',#2008,10.);
#605=VECTOR('',#2009,10.);
#606=VECTOR('',#2010,10.);
#607=VECTOR('',#2011,10.);
#608=VECTOR('',#2012,10.);
#609=VECTOR('',#2013,10.);
#610=VECTOR('',#2014,10.);
#611=VECTOR('',#2015,10.);
#612=VECTOR('',#2016,10.);
#613=VECTOR('',#2017,10.);
#614=VECTOR('',#2018,10.);
#615=VECTOR('',#2019,10.);
#616=VECTOR('',#2020,10.);
#617=VECTOR('',#2021,10.);
#618=VECTOR('',#2022,10.);
#619=VECTOR('',#2023,10.);
#620=VECTOR('',#2024,10.);
#621=VECTOR('',#2031,10.);
#622=VECTOR('',#2032,10.);
#623=VECTOR('',#2033,10.);
#624=VECTOR('',#2036,10.);
#625=VECTOR('',#2037,10.);
#626=VECTOR('',#2038,10.);
#627=VECTOR('',#2041,10.);
#628=VECTOR('',#2042,10.);
#629=VECTOR('',#2045,10.);
#630=VECTOR('',#2046,10.);
#631=VECTOR('',#2049,10.);
#632=VECTOR('',#2050,10.);
#633=VECTOR('',#2053,10.);
#634=VECTOR('',#2054,10.);
#635=VECTOR('',#2057,10.);
#636=VECTOR('',#2058,10.);
#637=VECTOR('',#2061,10.);
#638=VECTOR('',#2062,10.);
#639=VECTOR('',#2063,10.);
#640=VECTOR('',#2066,10.);
#641=VECTOR('',#2067,10.);
#642=VECTOR('',#2068,10.);
#643=VECTOR('',#2071,10.);
#644=VECTOR('',#2072,10.);
#645=VECTOR('',#2075,10.);
#646=VECTOR('',#2078,10.);
#647=VECTOR('',#2079,10.);
#648=VECTOR('',#2080,10.);
#649=VECTOR('',#2083,10.);
#650=VECTOR('',#2088,10.);
#651=VECTOR('',#2089,10.);
#652=VECTOR('',#2092,1.);
#653=VECTOR('',#2097,1.);
#654=VECTOR('',#2102,10.);
#655=VECTOR('',#2105,10.);
#656=VECTOR('',#2106,10.);
#657=VECTOR('',#2109,10.);
#658=VECTOR('',#2110,10.);
#659=VECTOR('',#2113,10.);
#660=VECTOR('',#2114,10.);
#661=VECTOR('',#2117,10.);
#662=VECTOR('',#2118,10.);
#663=VECTOR('',#2121,10.);
#664=VECTOR('',#2122,10.);
#665=VECTOR('',#2125,10.);
#666=VECTOR('',#2126,10.);
#667=VECTOR('',#2129,10.);
#668=VECTOR('',#2132,10.);
#669=VECTOR('',#2135,10.);
#670=VECTOR('',#2136,10.);
#671=VECTOR('',#2137,10.);
#672=VECTOR('',#2140,10.);
#673=VECTOR('',#2141,10.);
#674=VECTOR('',#2142,10.);
#675=VECTOR('',#2147,1.74999999999999);
#676=VECTOR('',#2154,1.74999999999999);
#677=VECTOR('',#2161,1.74999999999999);
#678=VECTOR('',#2168,1.74999999999999);
#679=VECTOR('',#2173,10.);
#680=VECTOR('',#2178,10.);
#681=VECTOR('',#2179,10.);
#682=VECTOR('',#2182,10.);
#683=VECTOR('',#2183,10.);
#684=VECTOR('',#2186,10.);
#685=VECTOR('',#2187,10.);
#686=VECTOR('',#2190,10.);
#687=VECTOR('',#2195,10.);
#688=VECTOR('',#2216,0.800000000000001);
#689=VECTOR('',#2221,3.00000000000002);
#690=VECTOR('',#2226,0.800000000000001);
#691=VECTOR('',#2231,0.800000000000001);
#692=VECTOR('',#2236,0.800000000000001);
#693=VECTOR('',#2241,8.00000000000001);
#694=VECTOR('',#2250,1.74999999999999);
#695=VECTOR('',#2257,1.74999999999999);
#696=VECTOR('',#2264,1.74999999999999);
#697=VECTOR('',#2271,1.74999999999999);
#698=VECTOR('',#2278,10.);
#699=VECTOR('',#2281,10.);
#700=VECTOR('',#2282,10.);
#701=VECTOR('',#2285,10.);
#702=VECTOR('',#2286,10.);
#703=VECTOR('',#2289,10.);
#704=VECTOR('',#2290,10.);
#705=VECTOR('',#2295,10.);
#706=VECTOR('',#2298,10.);
#707=VECTOR('',#2321,0.800000000000001);
#708=VECTOR('',#2326,3.00000000000002);
#709=VECTOR('',#2331,0.800000000000001);
#710=VECTOR('',#2336,0.800000000000001);
#711=VECTOR('',#2341,0.800000000000001);
#712=VECTOR('',#2346,8.00000000000001);
#713=VERTEX_POINT('',#2353);
#714=VERTEX_POINT('',#2354);
#715=VERTEX_POINT('',#2356);
#716=VERTEX_POINT('',#2358);
#717=VERTEX_POINT('',#2362);
#718=VERTEX_POINT('',#2364);
#719=VERTEX_POINT('',#2368);
#720=VERTEX_POINT('',#2370);
#721=VERTEX_POINT('',#2377);
#722=VERTEX_POINT('',#2379);
#723=VERTEX_POINT('',#2383);
#724=VERTEX_POINT('',#2385);
#725=VERTEX_POINT('',#2389);
#726=VERTEX_POINT('',#2390);
#727=VERTEX_POINT('',#2392);
#728=VERTEX_POINT('',#2394);
#729=VERTEX_POINT('',#2398);
#730=VERTEX_POINT('',#2400);
#731=VERTEX_POINT('',#2404);
#732=VERTEX_POINT('',#2406);
#733=VERTEX_POINT('',#2410);
#734=VERTEX_POINT('',#2412);
#735=VERTEX_POINT('',#2414);
#736=VERTEX_POINT('',#2416);
#737=VERTEX_POINT('',#2418);
#738=VERTEX_POINT('',#2420);
#739=VERTEX_POINT('',#2422);
#740=VERTEX_POINT('',#2424);
#741=VERTEX_POINT('',#2427);
#742=VERTEX_POINT('',#2430);
#743=VERTEX_POINT('',#2431);
#744=VERTEX_POINT('',#2433);
#745=VERTEX_POINT('',#2435);
#746=VERTEX_POINT('',#2439);
#747=VERTEX_POINT('',#2440);
#748=VERTEX_POINT('',#2445);
#749=VERTEX_POINT('',#2446);
#750=VERTEX_POINT('',#2448);
#751=VERTEX_POINT('',#2450);
#752=VERTEX_POINT('',#2454);
#753=VERTEX_POINT('',#2455);
#754=VERTEX_POINT('',#2457);
#755=VERTEX_POINT('',#2459);
#756=VERTEX_POINT('',#2466);
#757=VERTEX_POINT('',#2468);
#758=VERTEX_POINT('',#2473);
#759=VERTEX_POINT('',#2475);
#760=VERTEX_POINT('',#2479);
#761=VERTEX_POINT('',#2481);
#762=VERTEX_POINT('',#2485);
#763=VERTEX_POINT('',#2487);
#764=VERTEX_POINT('',#2492);
#765=VERTEX_POINT('',#2494);
#766=VERTEX_POINT('',#2496);
#767=VERTEX_POINT('',#2498);
#768=VERTEX_POINT('',#2500);
#769=VERTEX_POINT('',#2502);
#770=VERTEX_POINT('',#2504);
#771=VERTEX_POINT('',#2506);
#772=VERTEX_POINT('',#2508);
#773=VERTEX_POINT('',#2510);
#774=VERTEX_POINT('',#2512);
#775=VERTEX_POINT('',#2514);
#776=VERTEX_POINT('',#2516);
#777=VERTEX_POINT('',#2518);
#778=VERTEX_POINT('',#2520);
#779=VERTEX_POINT('',#2522);
#780=VERTEX_POINT('',#2524);
#781=VERTEX_POINT('',#2526);
#782=VERTEX_POINT('',#2528);
#783=VERTEX_POINT('',#2530);
#784=VERTEX_POINT('',#2532);
#785=VERTEX_POINT('',#2534);
#786=VERTEX_POINT('',#2538);
#787=VERTEX_POINT('',#2540);
#788=VERTEX_POINT('',#2543);
#789=VERTEX_POINT('',#2545);
#790=VERTEX_POINT('',#2549);
#791=VERTEX_POINT('',#2551);
#792=VERTEX_POINT('',#2555);
#793=VERTEX_POINT('',#2559);
#794=VERTEX_POINT('',#2563);
#795=VERTEX_POINT('',#2567);
#796=VERTEX_POINT('',#2571);
#797=VERTEX_POINT('',#2575);
#798=VERTEX_POINT('',#2577);
#799=VERTEX_POINT('',#2581);
#800=VERTEX_POINT('',#2583);
#801=VERTEX_POINT('',#2590);
#802=VERTEX_POINT('',#2592);
#803=VERTEX_POINT('',#2594);
#804=VERTEX_POINT('',#2596);
#805=VERTEX_POINT('',#2598);
#806=VERTEX_POINT('',#2600);
#807=VERTEX_POINT('',#2603);
#808=VERTEX_POINT('',#2606);
#809=VERTEX_POINT('',#2610);
#810=VERTEX_POINT('',#2614);
#811=VERTEX_POINT('',#2620);
#812=VERTEX_POINT('',#2624);
#813=VERTEX_POINT('',#2628);
#814=VERTEX_POINT('',#2632);
#815=VERTEX_POINT('',#2636);
#816=VERTEX_POINT('',#2640);
#817=VERTEX_POINT('',#2648);
#818=VERTEX_POINT('',#2650);
#819=VERTEX_POINT('',#2654);
#820=VERTEX_POINT('',#2656);
#821=VERTEX_POINT('',#2660);
#822=VERTEX_POINT('',#2662);
#823=VERTEX_POINT('',#2666);
#824=VERTEX_POINT('',#2668);
#825=VERTEX_POINT('',#2672);
#826=VERTEX_POINT('',#2674);
#827=VERTEX_POINT('',#2678);
#828=VERTEX_POINT('',#2680);
#829=VERTEX_POINT('',#2684);
#830=VERTEX_POINT('',#2688);
#831=VERTEX_POINT('',#2692);
#832=VERTEX_POINT('',#2696);
#833=VERTEX_POINT('',#2700);
#834=VERTEX_POINT('',#2705);
#835=VERTEX_POINT('',#2708);
#836=VERTEX_POINT('',#2711);
#837=VERTEX_POINT('',#2714);
#838=VERTEX_POINT('',#2717);
#839=VERTEX_POINT('',#2720);
#840=VERTEX_POINT('',#2724);
#841=VERTEX_POINT('',#2728);
#842=VERTEX_POINT('',#2732);
#843=VERTEX_POINT('',#2736);
#844=VERTEX_POINT('',#2740);
#845=VERTEX_POINT('',#2745);
#846=VERTEX_POINT('',#2747);
#847=VERTEX_POINT('',#2751);
#848=VERTEX_POINT('',#2753);
#849=VERTEX_POINT('',#2757);
#850=VERTEX_POINT('',#2759);
#851=VERTEX_POINT('',#2763);
#852=VERTEX_POINT('',#2765);
#853=VERTEX_POINT('',#2769);
#854=VERTEX_POINT('',#2773);
#855=VERTEX_POINT('',#2777);
#856=VERTEX_POINT('',#2781);
#857=VERTEX_POINT('',#2785);
#858=VERTEX_POINT('',#2791);
#859=VERTEX_POINT('',#2794);
#860=VERTEX_POINT('',#2797);
#861=VERTEX_POINT('',#2800);
#862=VERTEX_POINT('',#2803);
#863=VERTEX_POINT('',#2806);
#864=VERTEX_POINT('',#2810);
#865=VERTEX_POINT('',#2814);
#866=VERTEX_POINT('',#2818);
#867=VERTEX_POINT('',#2822);
#868=VERTEX_POINT('',#2826);
#869=EDGE_CURVE('',#713,#714,#365,.T.);
#870=EDGE_CURVE('',#715,#713,#366,.T.);
#871=EDGE_CURVE('',#716,#715,#367,.T.);
#872=EDGE_CURVE('',#716,#714,#368,.T.);
#873=EDGE_CURVE('',#714,#717,#57,.T.);
#874=EDGE_CURVE('',#718,#716,#58,.T.);
#875=EDGE_CURVE('',#718,#717,#369,.T.);
#876=EDGE_CURVE('',#717,#719,#370,.T.);
#877=EDGE_CURVE('',#720,#718,#371,.T.);
#878=EDGE_CURVE('',#720,#719,#372,.T.);
#879=EDGE_CURVE('',#719,#713,#59,.T.);
#880=EDGE_CURVE('',#715,#720,#60,.T.);
#881=EDGE_CURVE('',#721,#721,#61,.T.);
#882=EDGE_CURVE('',#721,#722,#373,.T.);
#883=EDGE_CURVE('',#722,#722,#62,.T.);
#884=EDGE_CURVE('',#723,#723,#63,.T.);
#885=EDGE_CURVE('',#723,#724,#374,.T.);
#886=EDGE_CURVE('',#724,#724,#64,.T.);
#887=EDGE_CURVE('',#725,#726,#375,.T.);
#888=EDGE_CURVE('',#725,#727,#376,.T.);
#889=EDGE_CURVE('',#728,#727,#377,.T.);
#890=EDGE_CURVE('',#726,#728,#378,.T.);
#891=EDGE_CURVE('',#726,#729,#379,.T.);
#892=EDGE_CURVE('',#730,#728,#380,.T.);
#893=EDGE_CURVE('',#729,#730,#381,.T.);
#894=EDGE_CURVE('',#729,#731,#382,.T.);
#895=EDGE_CURVE('',#732,#730,#383,.T.);
#896=EDGE_CURVE('',#731,#732,#384,.T.);
#897=EDGE_CURVE('',#727,#733,#385,.T.);
#898=EDGE_CURVE('',#733,#734,#386,.T.);
#899=EDGE_CURVE('',#734,#735,#65,.T.);
#900=EDGE_CURVE('',#735,#736,#387,.T.);
#901=EDGE_CURVE('',#736,#737,#388,.T.);
#902=EDGE_CURVE('',#737,#738,#389,.T.);
#903=EDGE_CURVE('',#738,#739,#66,.T.);
#904=EDGE_CURVE('',#739,#740,#390,.T.);
#905=EDGE_CURVE('',#740,#732,#391,.T.);
#906=EDGE_CURVE('',#741,#741,#67,.T.);
#907=EDGE_CURVE('',#742,#743,#392,.T.);
#908=EDGE_CURVE('',#744,#742,#393,.T.);
#909=EDGE_CURVE('',#744,#745,#394,.T.);
#910=EDGE_CURVE('',#743,#745,#395,.T.);
#911=EDGE_CURVE('',#746,#747,#396,.T.);
#912=EDGE_CURVE('',#745,#746,#397,.T.);
#913=EDGE_CURVE('',#747,#744,#398,.T.);
#914=EDGE_CURVE('',#748,#749,#399,.T.);
#915=EDGE_CURVE('',#750,#748,#400,.T.);
#916=EDGE_CURVE('',#750,#751,#401,.T.);
#917=EDGE_CURVE('',#749,#751,#402,.T.);
#918=EDGE_CURVE('',#752,#753,#403,.T.);
#919=EDGE_CURVE('',#754,#752,#404,.T.);
#920=EDGE_CURVE('',#755,#754,#405,.T.);
#921=EDGE_CURVE('',#753,#755,#406,.T.);
#922=EDGE_CURVE('',#755,#750,#407,.T.);
#923=EDGE_CURVE('',#751,#754,#408,.T.);
#924=EDGE_CURVE('',#756,#753,#409,.T.);
#925=EDGE_CURVE('',#757,#756,#410,.T.);
#926=EDGE_CURVE('',#734,#757,#411,.T.);
#927=EDGE_CURVE('',#733,#752,#412,.T.);
#928=EDGE_CURVE('',#749,#758,#413,.T.);
#929=EDGE_CURVE('',#758,#759,#414,.T.);
#930=EDGE_CURVE('',#748,#759,#415,.T.);
#931=EDGE_CURVE('',#747,#760,#416,.T.);
#932=EDGE_CURVE('',#760,#761,#417,.T.);
#933=EDGE_CURVE('',#746,#761,#418,.T.);
#934=EDGE_CURVE('',#762,#743,#419,.T.);
#935=EDGE_CURVE('',#763,#762,#420,.T.);
#936=EDGE_CURVE('',#763,#742,#421,.T.);
#937=EDGE_CURVE('',#731,#725,#422,.T.);
#938=EDGE_CURVE('',#740,#764,#423,.T.);
#939=EDGE_CURVE('',#764,#765,#424,.T.);
#940=EDGE_CURVE('',#766,#765,#425,.T.);
#941=EDGE_CURVE('',#767,#766,#426,.T.);
#942=EDGE_CURVE('',#767,#768,#427,.T.);
#943=EDGE_CURVE('',#768,#769,#428,.T.);
#944=EDGE_CURVE('',#770,#769,#429,.T.);
#945=EDGE_CURVE('',#770,#771,#430,.T.);
#946=EDGE_CURVE('',#771,#772,#431,.T.);
#947=EDGE_CURVE('',#772,#773,#432,.T.);
#948=EDGE_CURVE('',#774,#773,#433,.T.);
#949=EDGE_CURVE('',#774,#775,#434,.T.);
#950=EDGE_CURVE('',#775,#776,#435,.T.);
#951=EDGE_CURVE('',#776,#777,#436,.T.);
#952=EDGE_CURVE('',#777,#778,#437,.T.);
#953=EDGE_CURVE('',#778,#779,#438,.T.);
#954=EDGE_CURVE('',#779,#780,#439,.T.);
#955=EDGE_CURVE('',#780,#781,#440,.T.);
#956=EDGE_CURVE('',#781,#782,#441,.T.);
#957=EDGE_CURVE('',#782,#783,#442,.T.);
#958=EDGE_CURVE('',#783,#784,#443,.T.);
#959=EDGE_CURVE('',#784,#785,#444,.T.);
#960=EDGE_CURVE('',#785,#762,#445,.T.);
#961=EDGE_CURVE('',#761,#758,#446,.T.);
#962=EDGE_CURVE('',#786,#786,#68,.T.);
#963=EDGE_CURVE('',#787,#787,#69,.T.);
#964=EDGE_CURVE('',#788,#776,#447,.T.);
#965=EDGE_CURVE('',#789,#788,#448,.T.);
#966=EDGE_CURVE('',#789,#777,#449,.T.);
#967=EDGE_CURVE('',#790,#770,#450,.T.);
#968=EDGE_CURVE('',#791,#790,#451,.T.);
#969=EDGE_CURVE('',#791,#771,#452,.T.);
#970=EDGE_CURVE('',#792,#791,#453,.T.);
#971=EDGE_CURVE('',#792,#772,#454,.T.);
#972=EDGE_CURVE('',#773,#793,#455,.T.);
#973=EDGE_CURVE('',#793,#792,#456,.T.);
#974=EDGE_CURVE('',#778,#794,#457,.T.);
#975=EDGE_CURVE('',#794,#789,#458,.T.);
#976=EDGE_CURVE('',#795,#793,#459,.T.);
#977=EDGE_CURVE('',#795,#774,#460,.T.);
#978=EDGE_CURVE('',#794,#796,#461,.T.);
#979=EDGE_CURVE('',#796,#779,#462,.T.);
#980=EDGE_CURVE('',#797,#767,#463,.T.);
#981=EDGE_CURVE('',#797,#798,#464,.T.);
#982=EDGE_CURVE('',#768,#798,#465,.T.);
#983=EDGE_CURVE('',#799,#797,#466,.T.);
#984=EDGE_CURVE('',#799,#800,#467,.T.);
#985=EDGE_CURVE('',#798,#800,#468,.T.);
#986=EDGE_CURVE('',#766,#799,#469,.T.);
#987=EDGE_CURVE('',#800,#765,#470,.T.);
#988=EDGE_CURVE('',#801,#764,#471,.T.);
#989=EDGE_CURVE('',#802,#801,#70,.T.);
#990=EDGE_CURVE('',#803,#802,#472,.T.);
#991=EDGE_CURVE('',#804,#803,#473,.T.);
#992=EDGE_CURVE('',#805,#804,#474,.T.);
#993=EDGE_CURVE('',#806,#805,#71,.T.);
#994=EDGE_CURVE('',#769,#806,#475,.T.);
#995=EDGE_CURVE('',#807,#807,#72,.T.);
#996=EDGE_CURVE('',#795,#808,#476,.T.);
#997=EDGE_CURVE('',#808,#775,#477,.T.);
#998=EDGE_CURVE('',#787,#809,#478,.T.);
#999=EDGE_CURVE('',#809,#809,#73,.T.);
#1000=EDGE_CURVE('',#786,#810,#479,.T.);
#1001=EDGE_CURVE('',#810,#810,#74,.T.);
#1002=EDGE_CURVE('',#760,#759,#480,.T.);
#1003=EDGE_CURVE('',#811,#763,#481,.T.);
#1004=EDGE_CURVE('',#811,#785,#482,.T.);
#1005=EDGE_CURVE('',#812,#811,#483,.T.);
#1006=EDGE_CURVE('',#812,#784,#484,.T.);
#1007=EDGE_CURVE('',#813,#812,#485,.T.);
#1008=EDGE_CURVE('',#813,#783,#486,.T.);
#1009=EDGE_CURVE('',#814,#813,#487,.T.);
#1010=EDGE_CURVE('',#814,#782,#488,.T.);
#1011=EDGE_CURVE('',#815,#814,#489,.T.);
#1012=EDGE_CURVE('',#815,#781,#490,.T.);
#1013=EDGE_CURVE('',#816,#815,#491,.T.);
#1014=EDGE_CURVE('',#816,#780,#492,.T.);
#1015=EDGE_CURVE('',#796,#816,#493,.T.);
#1016=EDGE_CURVE('',#808,#788,#494,.T.);
#1017=EDGE_CURVE('',#806,#817,#495,.T.);
#1018=EDGE_CURVE('',#817,#818,#496,.T.);
#1019=EDGE_CURVE('',#790,#818,#497,.T.);
#1020=EDGE_CURVE('',#818,#819,#498,.T.);
#1021=EDGE_CURVE('',#820,#819,#499,.T.);
#1022=EDGE_CURVE('',#820,#756,#500,.T.);
#1023=EDGE_CURVE('',#821,#821,#75,.T.);
#1024=EDGE_CURVE('',#821,#822,#501,.T.);
#1025=EDGE_CURVE('',#822,#822,#76,.T.);
#1026=EDGE_CURVE('',#823,#823,#77,.T.);
#1027=EDGE_CURVE('',#823,#824,#502,.T.);
#1028=EDGE_CURVE('',#824,#824,#78,.T.);
#1029=EDGE_CURVE('',#825,#825,#79,.T.);
#1030=EDGE_CURVE('',#825,#826,#503,.T.);
#1031=EDGE_CURVE('',#826,#826,#80,.T.);
#1032=EDGE_CURVE('',#827,#827,#81,.T.);
#1033=EDGE_CURVE('',#827,#828,#504,.T.);
#1034=EDGE_CURVE('',#828,#828,#82,.T.);
#1035=EDGE_CURVE('',#805,#829,#505,.T.);
#1036=EDGE_CURVE('',#829,#817,#83,.T.);
#1037=EDGE_CURVE('',#804,#830,#506,.T.);
#1038=EDGE_CURVE('',#830,#829,#507,.T.);
#1039=EDGE_CURVE('',#803,#831,#508,.T.);
#1040=EDGE_CURVE('',#831,#830,#509,.T.);
#1041=EDGE_CURVE('',#802,#832,#510,.T.);
#1042=EDGE_CURVE('',#832,#831,#511,.T.);
#1043=EDGE_CURVE('',#801,#833,#512,.T.);
#1044=EDGE_CURVE('',#833,#832,#84,.T.);
#1045=EDGE_CURVE('',#819,#833,#513,.T.);
#1046=EDGE_CURVE('',#834,#834,#85,.T.);
#1047=EDGE_CURVE('',#835,#835,#86,.T.);
#1048=EDGE_CURVE('',#836,#836,#87,.T.);
#1049=EDGE_CURVE('',#837,#837,#88,.T.);
#1050=EDGE_CURVE('',#838,#838,#89,.T.);
#1051=EDGE_CURVE('',#836,#839,#514,.T.);
#1052=EDGE_CURVE('',#839,#839,#90,.T.);
#1053=EDGE_CURVE('',#834,#840,#515,.T.);
#1054=EDGE_CURVE('',#840,#840,#91,.T.);
#1055=EDGE_CURVE('',#835,#841,#516,.T.);
#1056=EDGE_CURVE('',#841,#841,#92,.T.);
#1057=EDGE_CURVE('',#837,#842,#517,.T.);
#1058=EDGE_CURVE('',#842,#842,#93,.T.);
#1059=EDGE_CURVE('',#838,#843,#518,.T.);
#1060=EDGE_CURVE('',#843,#843,#94,.T.);
#1061=EDGE_CURVE('',#807,#844,#519,.T.);
#1062=EDGE_CURVE('',#844,#844,#95,.T.);
#1063=EDGE_CURVE('',#845,#845,#96,.T.);
#1064=EDGE_CURVE('',#845,#846,#520,.T.);
#1065=EDGE_CURVE('',#846,#846,#97,.T.);
#1066=EDGE_CURVE('',#847,#847,#98,.T.);
#1067=EDGE_CURVE('',#847,#848,#521,.T.);
#1068=EDGE_CURVE('',#848,#848,#99,.T.);
#1069=EDGE_CURVE('',#849,#849,#100,.T.);
#1070=EDGE_CURVE('',#849,#850,#522,.T.);
#1071=EDGE_CURVE('',#850,#850,#101,.T.);
#1072=EDGE_CURVE('',#851,#851,#102,.T.);
#1073=EDGE_CURVE('',#851,#852,#523,.T.);
#1074=EDGE_CURVE('',#852,#852,#103,.T.);
#1075=EDGE_CURVE('',#853,#757,#104,.T.);
#1076=EDGE_CURVE('',#735,#853,#524,.T.);
#1077=EDGE_CURVE('',#854,#853,#525,.T.);
#1078=EDGE_CURVE('',#736,#854,#526,.T.);
#1079=EDGE_CURVE('',#855,#854,#527,.T.);
#1080=EDGE_CURVE('',#737,#855,#528,.T.);
#1081=EDGE_CURVE('',#856,#855,#529,.T.);
#1082=EDGE_CURVE('',#738,#856,#530,.T.);
#1083=EDGE_CURVE('',#857,#856,#105,.T.);
#1084=EDGE_CURVE('',#739,#857,#531,.T.);
#1085=EDGE_CURVE('',#857,#820,#532,.T.);
#1086=EDGE_CURVE('',#858,#858,#106,.T.);
#1087=EDGE_CURVE('',#859,#859,#107,.T.);
#1088=EDGE_CURVE('',#860,#860,#108,.T.);
#1089=EDGE_CURVE('',#861,#861,#109,.T.);
#1090=EDGE_CURVE('',#862,#862,#110,.T.);
#1091=EDGE_CURVE('',#860,#863,#533,.T.);
#1092=EDGE_CURVE('',#863,#863,#111,.T.);
#1093=EDGE_CURVE('',#858,#864,#534,.T.);
#1094=EDGE_CURVE('',#864,#864,#112,.T.);
#1095=EDGE_CURVE('',#859,#865,#535,.T.);
#1096=EDGE_CURVE('',#865,#865,#113,.T.);
#1097=EDGE_CURVE('',#861,#866,#536,.T.);
#1098=EDGE_CURVE('',#866,#866,#114,.T.);
#1099=EDGE_CURVE('',#862,#867,#537,.T.);
#1100=EDGE_CURVE('',#867,#867,#115,.T.);
#1101=EDGE_CURVE('',#741,#868,#538,.T.);
#1102=EDGE_CURVE('',#868,#868,#116,.T.);
#1103=ORIENTED_EDGE('',*,*,#869,.F.);
#1104=ORIENTED_EDGE('',*,*,#870,.F.);
#1105=ORIENTED_EDGE('',*,*,#871,.F.);
#1106=ORIENTED_EDGE('',*,*,#872,.T.);
#1107=ORIENTED_EDGE('',*,*,#873,.F.);
#1108=ORIENTED_EDGE('',*,*,#872,.F.);
#1109=ORIENTED_EDGE('',*,*,#874,.F.);
#1110=ORIENTED_EDGE('',*,*,#875,.T.);
#1111=ORIENTED_EDGE('',*,*,#876,.F.);
#1112=ORIENTED_EDGE('',*,*,#875,.F.);
#1113=ORIENTED_EDGE('',*,*,#877,.F.);
#1114=ORIENTED_EDGE('',*,*,#878,.T.);
#1115=ORIENTED_EDGE('',*,*,#879,.F.);
#1116=ORIENTED_EDGE('',*,*,#878,.F.);
#1117=ORIENTED_EDGE('',*,*,#880,.F.);
#1118=ORIENTED_EDGE('',*,*,#870,.T.);
#1119=ORIENTED_EDGE('',*,*,#881,.F.);
#1120=ORIENTED_EDGE('',*,*,#882,.T.);
#1121=ORIENTED_EDGE('',*,*,#883,.F.);
#1122=ORIENTED_EDGE('',*,*,#882,.F.);
#1123=ORIENTED_EDGE('',*,*,#884,.F.);
#1124=ORIENTED_EDGE('',*,*,#885,.T.);
#1125=ORIENTED_EDGE('',*,*,#886,.F.);
#1126=ORIENTED_EDGE('',*,*,#885,.F.);
#1127=ORIENTED_EDGE('',*,*,#887,.F.);
#1128=ORIENTED_EDGE('',*,*,#888,.T.);
#1129=ORIENTED_EDGE('',*,*,#889,.F.);
#1130=ORIENTED_EDGE('',*,*,#890,.F.);
#1131=ORIENTED_EDGE('',*,*,#891,.F.);
#1132=ORIENTED_EDGE('',*,*,#890,.T.);
#1133=ORIENTED_EDGE('',*,*,#892,.F.);
#1134=ORIENTED_EDGE('',*,*,#893,.F.);
#1135=ORIENTED_EDGE('',*,*,#894,.F.);
#1136=ORIENTED_EDGE('',*,*,#893,.T.);
#1137=ORIENTED_EDGE('',*,*,#895,.F.);
#1138=ORIENTED_EDGE('',*,*,#896,.F.);
#1139=ORIENTED_EDGE('',*,*,#895,.T.);
#1140=ORIENTED_EDGE('',*,*,#892,.T.);
#1141=ORIENTED_EDGE('',*,*,#889,.T.);
#1142=ORIENTED_EDGE('',*,*,#897,.T.);
#1143=ORIENTED_EDGE('',*,*,#898,.T.);
#1144=ORIENTED_EDGE('',*,*,#899,.T.);
#1145=ORIENTED_EDGE('',*,*,#900,.T.);
#1146=ORIENTED_EDGE('',*,*,#901,.T.);
#1147=ORIENTED_EDGE('',*,*,#902,.T.);
#1148=ORIENTED_EDGE('',*,*,#903,.T.);
#1149=ORIENTED_EDGE('',*,*,#904,.T.);
#1150=ORIENTED_EDGE('',*,*,#905,.T.);
#1151=ORIENTED_EDGE('',*,*,#906,.F.);
#1152=ORIENTED_EDGE('',*,*,#907,.F.);
#1153=ORIENTED_EDGE('',*,*,#908,.F.);
#1154=ORIENTED_EDGE('',*,*,#909,.T.);
#1155=ORIENTED_EDGE('',*,*,#910,.F.);
#1156=ORIENTED_EDGE('',*,*,#911,.F.);
#1157=ORIENTED_EDGE('',*,*,#912,.F.);
#1158=ORIENTED_EDGE('',*,*,#909,.F.);
#1159=ORIENTED_EDGE('',*,*,#913,.F.);
#1160=ORIENTED_EDGE('',*,*,#914,.F.);
#1161=ORIENTED_EDGE('',*,*,#915,.F.);
#1162=ORIENTED_EDGE('',*,*,#916,.T.);
#1163=ORIENTED_EDGE('',*,*,#917,.F.);
#1164=ORIENTED_EDGE('',*,*,#918,.F.);
#1165=ORIENTED_EDGE('',*,*,#919,.F.);
#1166=ORIENTED_EDGE('',*,*,#920,.F.);
#1167=ORIENTED_EDGE('',*,*,#921,.F.);
#1168=ORIENTED_EDGE('',*,*,#922,.F.);
#1169=ORIENTED_EDGE('',*,*,#920,.T.);
#1170=ORIENTED_EDGE('',*,*,#923,.F.);
#1171=ORIENTED_EDGE('',*,*,#916,.F.);
#1172=ORIENTED_EDGE('',*,*,#918,.T.);
#1173=ORIENTED_EDGE('',*,*,#924,.F.);
#1174=ORIENTED_EDGE('',*,*,#925,.F.);
#1175=ORIENTED_EDGE('',*,*,#926,.F.);
#1176=ORIENTED_EDGE('',*,*,#898,.F.);
#1177=ORIENTED_EDGE('',*,*,#927,.T.);
#1178=ORIENTED_EDGE('',*,*,#914,.T.);
#1179=ORIENTED_EDGE('',*,*,#928,.T.);
#1180=ORIENTED_EDGE('',*,*,#929,.T.);
#1181=ORIENTED_EDGE('',*,*,#930,.F.);
#1182=ORIENTED_EDGE('',*,*,#911,.T.);
#1183=ORIENTED_EDGE('',*,*,#931,.T.);
#1184=ORIENTED_EDGE('',*,*,#932,.T.);
#1185=ORIENTED_EDGE('',*,*,#933,.F.);
#1186=ORIENTED_EDGE('',*,*,#907,.T.);
#1187=ORIENTED_EDGE('',*,*,#934,.F.);
#1188=ORIENTED_EDGE('',*,*,#935,.F.);
#1189=ORIENTED_EDGE('',*,*,#936,.T.);
#1190=ORIENTED_EDGE('',*,*,#917,.T.);
#1191=ORIENTED_EDGE('',*,*,#923,.T.);
#1192=ORIENTED_EDGE('',*,*,#919,.T.);
#1193=ORIENTED_EDGE('',*,*,#927,.F.);
#1194=ORIENTED_EDGE('',*,*,#897,.F.);
#1195=ORIENTED_EDGE('',*,*,#888,.F.);
#1196=ORIENTED_EDGE('',*,*,#937,.F.);
#1197=ORIENTED_EDGE('',*,*,#896,.T.);
#1198=ORIENTED_EDGE('',*,*,#905,.F.);
#1199=ORIENTED_EDGE('',*,*,#938,.T.);
#1200=ORIENTED_EDGE('',*,*,#939,.T.);
#1201=ORIENTED_EDGE('',*,*,#940,.F.);
#1202=ORIENTED_EDGE('',*,*,#941,.F.);
#1203=ORIENTED_EDGE('',*,*,#942,.T.);
#1204=ORIENTED_EDGE('',*,*,#943,.T.);
#1205=ORIENTED_EDGE('',*,*,#944,.F.);
#1206=ORIENTED_EDGE('',*,*,#945,.T.);
#1207=ORIENTED_EDGE('',*,*,#946,.T.);
#1208=ORIENTED_EDGE('',*,*,#947,.T.);
#1209=ORIENTED_EDGE('',*,*,#948,.F.);
#1210=ORIENTED_EDGE('',*,*,#949,.T.);
#1211=ORIENTED_EDGE('',*,*,#950,.T.);
#1212=ORIENTED_EDGE('',*,*,#951,.T.);
#1213=ORIENTED_EDGE('',*,*,#952,.T.);
#1214=ORIENTED_EDGE('',*,*,#953,.T.);
#1215=ORIENTED_EDGE('',*,*,#954,.T.);
#1216=ORIENTED_EDGE('',*,*,#955,.T.);
#1217=ORIENTED_EDGE('',*,*,#956,.T.);
#1218=ORIENTED_EDGE('',*,*,#957,.T.);
#1219=ORIENTED_EDGE('',*,*,#958,.T.);
#1220=ORIENTED_EDGE('',*,*,#959,.T.);
#1221=ORIENTED_EDGE('',*,*,#960,.T.);
#1222=ORIENTED_EDGE('',*,*,#934,.T.);
#1223=ORIENTED_EDGE('',*,*,#910,.T.);
#1224=ORIENTED_EDGE('',*,*,#912,.T.);
#1225=ORIENTED_EDGE('',*,*,#933,.T.);
#1226=ORIENTED_EDGE('',*,*,#961,.T.);
#1227=ORIENTED_EDGE('',*,*,#928,.F.);
#1228=ORIENTED_EDGE('',*,*,#869,.T.);
#1229=ORIENTED_EDGE('',*,*,#873,.T.);
#1230=ORIENTED_EDGE('',*,*,#876,.T.);
#1231=ORIENTED_EDGE('',*,*,#879,.T.);
#1232=ORIENTED_EDGE('',*,*,#883,.T.);
#1233=ORIENTED_EDGE('',*,*,#886,.T.);
#1234=ORIENTED_EDGE('',*,*,#962,.T.);
#1235=ORIENTED_EDGE('',*,*,#963,.T.);
#1236=ORIENTED_EDGE('',*,*,#964,.F.);
#1237=ORIENTED_EDGE('',*,*,#965,.F.);
#1238=ORIENTED_EDGE('',*,*,#966,.T.);
#1239=ORIENTED_EDGE('',*,*,#951,.F.);
#1240=ORIENTED_EDGE('',*,*,#967,.F.);
#1241=ORIENTED_EDGE('',*,*,#968,.F.);
#1242=ORIENTED_EDGE('',*,*,#969,.T.);
#1243=ORIENTED_EDGE('',*,*,#945,.F.);
#1244=ORIENTED_EDGE('',*,*,#970,.F.);
#1245=ORIENTED_EDGE('',*,*,#971,.T.);
#1246=ORIENTED_EDGE('',*,*,#946,.F.);
#1247=ORIENTED_EDGE('',*,*,#969,.F.);
#1248=ORIENTED_EDGE('',*,*,#972,.F.);
#1249=ORIENTED_EDGE('',*,*,#947,.F.);
#1250=ORIENTED_EDGE('',*,*,#971,.F.);
#1251=ORIENTED_EDGE('',*,*,#973,.F.);
#1252=ORIENTED_EDGE('',*,*,#974,.F.);
#1253=ORIENTED_EDGE('',*,*,#952,.F.);
#1254=ORIENTED_EDGE('',*,*,#966,.F.);
#1255=ORIENTED_EDGE('',*,*,#975,.F.);
#1256=ORIENTED_EDGE('',*,*,#972,.T.);
#1257=ORIENTED_EDGE('',*,*,#976,.F.);
#1258=ORIENTED_EDGE('',*,*,#977,.T.);
#1259=ORIENTED_EDGE('',*,*,#948,.T.);
#1260=ORIENTED_EDGE('',*,*,#974,.T.);
#1261=ORIENTED_EDGE('',*,*,#978,.T.);
#1262=ORIENTED_EDGE('',*,*,#979,.T.);
#1263=ORIENTED_EDGE('',*,*,#953,.F.);
#1264=ORIENTED_EDGE('',*,*,#980,.F.);
#1265=ORIENTED_EDGE('',*,*,#981,.T.);
#1266=ORIENTED_EDGE('',*,*,#982,.F.);
#1267=ORIENTED_EDGE('',*,*,#942,.F.);
#1268=ORIENTED_EDGE('',*,*,#983,.F.);
#1269=ORIENTED_EDGE('',*,*,#984,.T.);
#1270=ORIENTED_EDGE('',*,*,#985,.F.);
#1271=ORIENTED_EDGE('',*,*,#981,.F.);
#1272=ORIENTED_EDGE('',*,*,#986,.F.);
#1273=ORIENTED_EDGE('',*,*,#940,.T.);
#1274=ORIENTED_EDGE('',*,*,#987,.F.);
#1275=ORIENTED_EDGE('',*,*,#984,.F.);
#1276=ORIENTED_EDGE('',*,*,#982,.T.);
#1277=ORIENTED_EDGE('',*,*,#985,.T.);
#1278=ORIENTED_EDGE('',*,*,#987,.T.);
#1279=ORIENTED_EDGE('',*,*,#939,.F.);
#1280=ORIENTED_EDGE('',*,*,#988,.F.);
#1281=ORIENTED_EDGE('',*,*,#989,.F.);
#1282=ORIENTED_EDGE('',*,*,#990,.F.);
#1283=ORIENTED_EDGE('',*,*,#991,.F.);
#1284=ORIENTED_EDGE('',*,*,#992,.F.);
#1285=ORIENTED_EDGE('',*,*,#993,.F.);
#1286=ORIENTED_EDGE('',*,*,#994,.F.);
#1287=ORIENTED_EDGE('',*,*,#943,.F.);
#1288=ORIENTED_EDGE('',*,*,#995,.T.);
#1289=ORIENTED_EDGE('',*,*,#977,.F.);
#1290=ORIENTED_EDGE('',*,*,#996,.T.);
#1291=ORIENTED_EDGE('',*,*,#997,.T.);
#1292=ORIENTED_EDGE('',*,*,#949,.F.);
#1293=ORIENTED_EDGE('',*,*,#963,.F.);
#1294=ORIENTED_EDGE('',*,*,#998,.T.);
#1295=ORIENTED_EDGE('',*,*,#999,.T.);
#1296=ORIENTED_EDGE('',*,*,#998,.F.);
#1297=ORIENTED_EDGE('',*,*,#962,.F.);
#1298=ORIENTED_EDGE('',*,*,#1000,.T.);
#1299=ORIENTED_EDGE('',*,*,#1001,.T.);
#1300=ORIENTED_EDGE('',*,*,#1000,.F.);
#1301=ORIENTED_EDGE('',*,*,#929,.F.);
#1302=ORIENTED_EDGE('',*,*,#961,.F.);
#1303=ORIENTED_EDGE('',*,*,#932,.F.);
#1304=ORIENTED_EDGE('',*,*,#1002,.T.);
#1305=ORIENTED_EDGE('',*,*,#1003,.T.);
#1306=ORIENTED_EDGE('',*,*,#935,.T.);
#1307=ORIENTED_EDGE('',*,*,#960,.F.);
#1308=ORIENTED_EDGE('',*,*,#1004,.F.);
#1309=ORIENTED_EDGE('',*,*,#1005,.T.);
#1310=ORIENTED_EDGE('',*,*,#1004,.T.);
#1311=ORIENTED_EDGE('',*,*,#959,.F.);
#1312=ORIENTED_EDGE('',*,*,#1006,.F.);
#1313=ORIENTED_EDGE('',*,*,#1007,.T.);
#1314=ORIENTED_EDGE('',*,*,#1006,.T.);
#1315=ORIENTED_EDGE('',*,*,#958,.F.);
#1316=ORIENTED_EDGE('',*,*,#1008,.F.);
#1317=ORIENTED_EDGE('',*,*,#1009,.T.);
#1318=ORIENTED_EDGE('',*,*,#1008,.T.);
#1319=ORIENTED_EDGE('',*,*,#957,.F.);
#1320=ORIENTED_EDGE('',*,*,#1010,.F.);
#1321=ORIENTED_EDGE('',*,*,#1011,.T.);
#1322=ORIENTED_EDGE('',*,*,#1010,.T.);
#1323=ORIENTED_EDGE('',*,*,#956,.F.);
#1324=ORIENTED_EDGE('',*,*,#1012,.F.);
#1325=ORIENTED_EDGE('',*,*,#1013,.T.);
#1326=ORIENTED_EDGE('',*,*,#1012,.T.);
#1327=ORIENTED_EDGE('',*,*,#955,.F.);
#1328=ORIENTED_EDGE('',*,*,#1014,.F.);
#1329=ORIENTED_EDGE('',*,*,#1015,.T.);
#1330=ORIENTED_EDGE('',*,*,#1014,.T.);
#1331=ORIENTED_EDGE('',*,*,#954,.F.);
#1332=ORIENTED_EDGE('',*,*,#979,.F.);
#1333=ORIENTED_EDGE('',*,*,#964,.T.);
#1334=ORIENTED_EDGE('',*,*,#950,.F.);
#1335=ORIENTED_EDGE('',*,*,#997,.F.);
#1336=ORIENTED_EDGE('',*,*,#1016,.T.);
#1337=ORIENTED_EDGE('',*,*,#967,.T.);
#1338=ORIENTED_EDGE('',*,*,#944,.T.);
#1339=ORIENTED_EDGE('',*,*,#994,.T.);
#1340=ORIENTED_EDGE('',*,*,#1017,.T.);
#1341=ORIENTED_EDGE('',*,*,#1018,.T.);
#1342=ORIENTED_EDGE('',*,*,#1019,.F.);
#1343=ORIENTED_EDGE('',*,*,#915,.T.);
#1344=ORIENTED_EDGE('',*,*,#930,.T.);
#1345=ORIENTED_EDGE('',*,*,#1002,.F.);
#1346=ORIENTED_EDGE('',*,*,#931,.F.);
#1347=ORIENTED_EDGE('',*,*,#913,.T.);
#1348=ORIENTED_EDGE('',*,*,#908,.T.);
#1349=ORIENTED_EDGE('',*,*,#936,.F.);
#1350=ORIENTED_EDGE('',*,*,#1003,.F.);
#1351=ORIENTED_EDGE('',*,*,#1005,.F.);
#1352=ORIENTED_EDGE('',*,*,#1007,.F.);
#1353=ORIENTED_EDGE('',*,*,#1009,.F.);
#1354=ORIENTED_EDGE('',*,*,#1011,.F.);
#1355=ORIENTED_EDGE('',*,*,#1013,.F.);
#1356=ORIENTED_EDGE('',*,*,#1015,.F.);
#1357=ORIENTED_EDGE('',*,*,#978,.F.);
#1358=ORIENTED_EDGE('',*,*,#975,.T.);
#1359=ORIENTED_EDGE('',*,*,#965,.T.);
#1360=ORIENTED_EDGE('',*,*,#1016,.F.);
#1361=ORIENTED_EDGE('',*,*,#996,.F.);
#1362=ORIENTED_EDGE('',*,*,#976,.T.);
#1363=ORIENTED_EDGE('',*,*,#973,.T.);
#1364=ORIENTED_EDGE('',*,*,#970,.T.);
#1365=ORIENTED_EDGE('',*,*,#968,.T.);
#1366=ORIENTED_EDGE('',*,*,#1019,.T.);
#1367=ORIENTED_EDGE('',*,*,#1020,.T.);
#1368=ORIENTED_EDGE('',*,*,#1021,.F.);
#1369=ORIENTED_EDGE('',*,*,#1022,.T.);
#1370=ORIENTED_EDGE('',*,*,#924,.T.);
#1371=ORIENTED_EDGE('',*,*,#921,.T.);
#1372=ORIENTED_EDGE('',*,*,#922,.T.);
#1373=ORIENTED_EDGE('',*,*,#871,.T.);
#1374=ORIENTED_EDGE('',*,*,#880,.T.);
#1375=ORIENTED_EDGE('',*,*,#877,.T.);
#1376=ORIENTED_EDGE('',*,*,#874,.T.);
#1377=ORIENTED_EDGE('',*,*,#881,.T.);
#1378=ORIENTED_EDGE('',*,*,#884,.T.);
#1379=ORIENTED_EDGE('',*,*,#999,.F.);
#1380=ORIENTED_EDGE('',*,*,#1001,.F.);
#1381=ORIENTED_EDGE('',*,*,#1023,.T.);
#1382=ORIENTED_EDGE('',*,*,#1024,.T.);
#1383=ORIENTED_EDGE('',*,*,#1025,.T.);
#1384=ORIENTED_EDGE('',*,*,#1024,.F.);
#1385=ORIENTED_EDGE('',*,*,#1026,.T.);
#1386=ORIENTED_EDGE('',*,*,#1027,.T.);
#1387=ORIENTED_EDGE('',*,*,#1028,.T.);
#1388=ORIENTED_EDGE('',*,*,#1027,.F.);
#1389=ORIENTED_EDGE('',*,*,#1029,.T.);
#1390=ORIENTED_EDGE('',*,*,#1030,.T.);
#1391=ORIENTED_EDGE('',*,*,#1031,.T.);
#1392=ORIENTED_EDGE('',*,*,#1030,.F.);
#1393=ORIENTED_EDGE('',*,*,#1032,.T.);
#1394=ORIENTED_EDGE('',*,*,#1033,.T.);
#1395=ORIENTED_EDGE('',*,*,#1034,.T.);
#1396=ORIENTED_EDGE('',*,*,#1033,.F.);
#1397=ORIENTED_EDGE('',*,*,#1017,.F.);
#1398=ORIENTED_EDGE('',*,*,#993,.T.);
#1399=ORIENTED_EDGE('',*,*,#1035,.T.);
#1400=ORIENTED_EDGE('',*,*,#1036,.T.);
#1401=ORIENTED_EDGE('',*,*,#1035,.F.);
#1402=ORIENTED_EDGE('',*,*,#992,.T.);
#1403=ORIENTED_EDGE('',*,*,#1037,.T.);
#1404=ORIENTED_EDGE('',*,*,#1038,.T.);
#1405=ORIENTED_EDGE('',*,*,#1037,.F.);
#1406=ORIENTED_EDGE('',*,*,#991,.T.);
#1407=ORIENTED_EDGE('',*,*,#1039,.T.);
#1408=ORIENTED_EDGE('',*,*,#1040,.T.);
#1409=ORIENTED_EDGE('',*,*,#1039,.F.);
#1410=ORIENTED_EDGE('',*,*,#990,.T.);
#1411=ORIENTED_EDGE('',*,*,#1041,.T.);
#1412=ORIENTED_EDGE('',*,*,#1042,.T.);
#1413=ORIENTED_EDGE('',*,*,#1041,.F.);
#1414=ORIENTED_EDGE('',*,*,#989,.T.);
#1415=ORIENTED_EDGE('',*,*,#1043,.T.);
#1416=ORIENTED_EDGE('',*,*,#1044,.T.);
#1417=ORIENTED_EDGE('',*,*,#1045,.F.);
#1418=ORIENTED_EDGE('',*,*,#1020,.F.);
#1419=ORIENTED_EDGE('',*,*,#1018,.F.);
#1420=ORIENTED_EDGE('',*,*,#1036,.F.);
#1421=ORIENTED_EDGE('',*,*,#1038,.F.);
#1422=ORIENTED_EDGE('',*,*,#1040,.F.);
#1423=ORIENTED_EDGE('',*,*,#1042,.F.);
#1424=ORIENTED_EDGE('',*,*,#1044,.F.);
#1425=ORIENTED_EDGE('',*,*,#941,.T.);
#1426=ORIENTED_EDGE('',*,*,#986,.T.);
#1427=ORIENTED_EDGE('',*,*,#983,.T.);
#1428=ORIENTED_EDGE('',*,*,#980,.T.);
#1429=ORIENTED_EDGE('',*,*,#1032,.F.);
#1430=ORIENTED_EDGE('',*,*,#1029,.F.);
#1431=ORIENTED_EDGE('',*,*,#1026,.F.);
#1432=ORIENTED_EDGE('',*,*,#1023,.F.);
#1433=ORIENTED_EDGE('',*,*,#1046,.F.);
#1434=ORIENTED_EDGE('',*,*,#1034,.F.);
#1435=ORIENTED_EDGE('',*,*,#1047,.F.);
#1436=ORIENTED_EDGE('',*,*,#1031,.F.);
#1437=ORIENTED_EDGE('',*,*,#1048,.F.);
#1438=ORIENTED_EDGE('',*,*,#1028,.F.);
#1439=ORIENTED_EDGE('',*,*,#1049,.F.);
#1440=ORIENTED_EDGE('',*,*,#1025,.F.);
#1441=ORIENTED_EDGE('',*,*,#1050,.F.);
#1442=ORIENTED_EDGE('',*,*,#1048,.T.);
#1443=ORIENTED_EDGE('',*,*,#1051,.T.);
#1444=ORIENTED_EDGE('',*,*,#1052,.F.);
#1445=ORIENTED_EDGE('',*,*,#1051,.F.);
#1446=ORIENTED_EDGE('',*,*,#1046,.T.);
#1447=ORIENTED_EDGE('',*,*,#1053,.T.);
#1448=ORIENTED_EDGE('',*,*,#1054,.F.);
#1449=ORIENTED_EDGE('',*,*,#1053,.F.);
#1450=ORIENTED_EDGE('',*,*,#1047,.T.);
#1451=ORIENTED_EDGE('',*,*,#1055,.T.);
#1452=ORIENTED_EDGE('',*,*,#1056,.F.);
#1453=ORIENTED_EDGE('',*,*,#1055,.F.);
#1454=ORIENTED_EDGE('',*,*,#1049,.T.);
#1455=ORIENTED_EDGE('',*,*,#1057,.T.);
#1456=ORIENTED_EDGE('',*,*,#1058,.F.);
#1457=ORIENTED_EDGE('',*,*,#1057,.F.);
#1458=ORIENTED_EDGE('',*,*,#1050,.T.);
#1459=ORIENTED_EDGE('',*,*,#1059,.T.);
#1460=ORIENTED_EDGE('',*,*,#1060,.F.);
#1461=ORIENTED_EDGE('',*,*,#1059,.F.);
#1462=ORIENTED_EDGE('',*,*,#995,.F.);
#1463=ORIENTED_EDGE('',*,*,#1061,.T.);
#1464=ORIENTED_EDGE('',*,*,#1062,.F.);
#1465=ORIENTED_EDGE('',*,*,#1061,.F.);
#1466=ORIENTED_EDGE('',*,*,#1062,.T.);
#1467=ORIENTED_EDGE('',*,*,#1060,.T.);
#1468=ORIENTED_EDGE('',*,*,#1058,.T.);
#1469=ORIENTED_EDGE('',*,*,#1056,.T.);
#1470=ORIENTED_EDGE('',*,*,#1054,.T.);
#1471=ORIENTED_EDGE('',*,*,#1052,.T.);
#1472=ORIENTED_EDGE('',*,*,#1063,.F.);
#1473=ORIENTED_EDGE('',*,*,#1064,.T.);
#1474=ORIENTED_EDGE('',*,*,#1065,.F.);
#1475=ORIENTED_EDGE('',*,*,#1064,.F.);
#1476=ORIENTED_EDGE('',*,*,#1066,.F.);
#1477=ORIENTED_EDGE('',*,*,#1067,.T.);
#1478=ORIENTED_EDGE('',*,*,#1068,.F.);
#1479=ORIENTED_EDGE('',*,*,#1067,.F.);
#1480=ORIENTED_EDGE('',*,*,#1069,.F.);
#1481=ORIENTED_EDGE('',*,*,#1070,.T.);
#1482=ORIENTED_EDGE('',*,*,#1071,.F.);
#1483=ORIENTED_EDGE('',*,*,#1070,.F.);
#1484=ORIENTED_EDGE('',*,*,#1072,.F.);
#1485=ORIENTED_EDGE('',*,*,#1073,.T.);
#1486=ORIENTED_EDGE('',*,*,#1074,.F.);
#1487=ORIENTED_EDGE('',*,*,#1073,.F.);
#1488=ORIENTED_EDGE('',*,*,#926,.T.);
#1489=ORIENTED_EDGE('',*,*,#1075,.F.);
#1490=ORIENTED_EDGE('',*,*,#1076,.F.);
#1491=ORIENTED_EDGE('',*,*,#899,.F.);
#1492=ORIENTED_EDGE('',*,*,#1076,.T.);
#1493=ORIENTED_EDGE('',*,*,#1077,.F.);
#1494=ORIENTED_EDGE('',*,*,#1078,.F.);
#1495=ORIENTED_EDGE('',*,*,#900,.F.);
#1496=ORIENTED_EDGE('',*,*,#1078,.T.);
#1497=ORIENTED_EDGE('',*,*,#1079,.F.);
#1498=ORIENTED_EDGE('',*,*,#1080,.F.);
#1499=ORIENTED_EDGE('',*,*,#901,.F.);
#1500=ORIENTED_EDGE('',*,*,#1080,.T.);
#1501=ORIENTED_EDGE('',*,*,#1081,.F.);
#1502=ORIENTED_EDGE('',*,*,#1082,.F.);
#1503=ORIENTED_EDGE('',*,*,#902,.F.);
#1504=ORIENTED_EDGE('',*,*,#1082,.T.);
#1505=ORIENTED_EDGE('',*,*,#1083,.F.);
#1506=ORIENTED_EDGE('',*,*,#1084,.F.);
#1507=ORIENTED_EDGE('',*,*,#903,.F.);
#1508=ORIENTED_EDGE('',*,*,#1084,.T.);
#1509=ORIENTED_EDGE('',*,*,#1085,.T.);
#1510=ORIENTED_EDGE('',*,*,#1021,.T.);
#1511=ORIENTED_EDGE('',*,*,#1045,.T.);
#1512=ORIENTED_EDGE('',*,*,#1043,.F.);
#1513=ORIENTED_EDGE('',*,*,#988,.T.);
#1514=ORIENTED_EDGE('',*,*,#938,.F.);
#1515=ORIENTED_EDGE('',*,*,#904,.F.);
#1516=ORIENTED_EDGE('',*,*,#1085,.F.);
#1517=ORIENTED_EDGE('',*,*,#1083,.T.);
#1518=ORIENTED_EDGE('',*,*,#1081,.T.);
#1519=ORIENTED_EDGE('',*,*,#1079,.T.);
#1520=ORIENTED_EDGE('',*,*,#1077,.T.);
#1521=ORIENTED_EDGE('',*,*,#1075,.T.);
#1522=ORIENTED_EDGE('',*,*,#925,.T.);
#1523=ORIENTED_EDGE('',*,*,#1022,.F.);
#1524=ORIENTED_EDGE('',*,*,#937,.T.);
#1525=ORIENTED_EDGE('',*,*,#887,.T.);
#1526=ORIENTED_EDGE('',*,*,#891,.T.);
#1527=ORIENTED_EDGE('',*,*,#894,.T.);
#1528=ORIENTED_EDGE('',*,*,#1072,.T.);
#1529=ORIENTED_EDGE('',*,*,#1069,.T.);
#1530=ORIENTED_EDGE('',*,*,#1066,.T.);
#1531=ORIENTED_EDGE('',*,*,#1063,.T.);
#1532=ORIENTED_EDGE('',*,*,#1086,.T.);
#1533=ORIENTED_EDGE('',*,*,#1074,.T.);
#1534=ORIENTED_EDGE('',*,*,#1087,.T.);
#1535=ORIENTED_EDGE('',*,*,#1071,.T.);
#1536=ORIENTED_EDGE('',*,*,#1088,.T.);
#1537=ORIENTED_EDGE('',*,*,#1068,.T.);
#1538=ORIENTED_EDGE('',*,*,#1089,.T.);
#1539=ORIENTED_EDGE('',*,*,#1065,.T.);
#1540=ORIENTED_EDGE('',*,*,#1090,.T.);
#1541=ORIENTED_EDGE('',*,*,#1088,.F.);
#1542=ORIENTED_EDGE('',*,*,#1091,.T.);
#1543=ORIENTED_EDGE('',*,*,#1092,.T.);
#1544=ORIENTED_EDGE('',*,*,#1091,.F.);
#1545=ORIENTED_EDGE('',*,*,#1086,.F.);
#1546=ORIENTED_EDGE('',*,*,#1093,.T.);
#1547=ORIENTED_EDGE('',*,*,#1094,.T.);
#1548=ORIENTED_EDGE('',*,*,#1093,.F.);
#1549=ORIENTED_EDGE('',*,*,#1087,.F.);
#1550=ORIENTED_EDGE('',*,*,#1095,.T.);
#1551=ORIENTED_EDGE('',*,*,#1096,.T.);
#1552=ORIENTED_EDGE('',*,*,#1095,.F.);
#1553=ORIENTED_EDGE('',*,*,#1089,.F.);
#1554=ORIENTED_EDGE('',*,*,#1097,.T.);
#1555=ORIENTED_EDGE('',*,*,#1098,.T.);
#1556=ORIENTED_EDGE('',*,*,#1097,.F.);
#1557=ORIENTED_EDGE('',*,*,#1090,.F.);
#1558=ORIENTED_EDGE('',*,*,#1099,.T.);
#1559=ORIENTED_EDGE('',*,*,#1100,.T.);
#1560=ORIENTED_EDGE('',*,*,#1099,.F.);
#1561=ORIENTED_EDGE('',*,*,#906,.T.);
#1562=ORIENTED_EDGE('',*,*,#1101,.T.);
#1563=ORIENTED_EDGE('',*,*,#1102,.T.);
#1564=ORIENTED_EDGE('',*,*,#1101,.F.);
#1565=ORIENTED_EDGE('',*,*,#1102,.F.);
#1566=ORIENTED_EDGE('',*,*,#1100,.F.);
#1567=ORIENTED_EDGE('',*,*,#1098,.F.);
#1568=ORIENTED_EDGE('',*,*,#1096,.F.);
#1569=ORIENTED_EDGE('',*,*,#1094,.F.);
#1570=ORIENTED_EDGE('',*,*,#1092,.F.);
#1571=PLANE('',#1731);
#1572=PLANE('',#1735);
#1573=PLANE('',#1745);
#1574=PLANE('',#1746);
#1575=PLANE('',#1747);
#1576=PLANE('',#1748);
#1577=PLANE('',#1752);
#1578=PLANE('',#1753);
#1579=PLANE('',#1754);
#1580=PLANE('',#1755);
#1581=PLANE('',#1756);
#1582=PLANE('',#1757);
#1583=PLANE('',#1758);
#1584=PLANE('',#1759);
#1585=PLANE('',#1760);
#1586=PLANE('',#1761);
#1587=PLANE('',#1764);
#1588=PLANE('',#1765);
#1589=PLANE('',#1766);
#1590=PLANE('',#1767);
#1591=PLANE('',#1768);
#1592=PLANE('',#1769);
#1593=PLANE('',#1770);
#1594=PLANE('',#1771);
#1595=PLANE('',#1772);
#1596=PLANE('',#1773);
#1597=PLANE('',#1774);
#1598=PLANE('',#1778);
#1599=PLANE('',#1783);
#1600=PLANE('',#1784);
#1601=PLANE('',#1785);
#1602=PLANE('',#1786);
#1603=PLANE('',#1787);
#1604=PLANE('',#1788);
#1605=PLANE('',#1789);
#1606=PLANE('',#1790);
#1607=PLANE('',#1791);
#1608=PLANE('',#1792);
#1609=PLANE('',#1793);
#1610=PLANE('',#1808);
#1611=PLANE('',#1809);
#1612=PLANE('',#1810);
#1613=PLANE('',#1813);
#1614=PLANE('',#1815);
#1615=PLANE('',#1817);
#1616=PLANE('',#1819);
#1617=PLANE('',#1821);
#1618=PLANE('',#1835);
#1619=PLANE('',#1850);
#1620=PLANE('',#1851);
#1621=PLANE('',#1852);
#1622=PLANE('',#1855);
#1623=PLANE('',#1856);
#1624=PLANE('',#1858);
#1625=PLANE('',#1860);
#1626=PLANE('',#1862);
#1627=PLANE('',#1864);
#1628=PLANE('',#1878);
#1629=ADVANCED_FACE('',(#147),#1571,.F.);
#1630=ADVANCED_FACE('',(#148),#117,.F.);
#1631=ADVANCED_FACE('',(#149),#1572,.F.);
#1632=ADVANCED_FACE('',(#150),#118,.F.);
#1633=ADVANCED_FACE('',(#151),#119,.F.);
#1634=ADVANCED_FACE('',(#152),#120,.F.);
#1635=ADVANCED_FACE('',(#153),#1573,.T.);
#1636=ADVANCED_FACE('',(#154),#1574,.T.);
#1637=ADVANCED_FACE('',(#155),#1575,.T.);
#1638=ADVANCED_FACE('',(#156,#15),#1576,.F.);
#1639=ADVANCED_FACE('',(#157),#1577,.T.);
#1640=ADVANCED_FACE('',(#158),#1578,.T.);
#1641=ADVANCED_FACE('',(#159),#1579,.T.);
#1642=ADVANCED_FACE('',(#160),#1580,.T.);
#1643=ADVANCED_FACE('',(#161),#1581,.T.);
#1644=ADVANCED_FACE('',(#162),#1582,.T.);
#1645=ADVANCED_FACE('',(#163),#1583,.T.);
#1646=ADVANCED_FACE('',(#164),#1584,.T.);
#1647=ADVANCED_FACE('',(#165),#1585,.T.);
#1648=ADVANCED_FACE('',(#166,#16,#17,#18,#19,#20),#1586,.T.);
#1649=ADVANCED_FACE('',(#167),#1587,.F.);
#1650=ADVANCED_FACE('',(#168),#1588,.F.);
#1651=ADVANCED_FACE('',(#169),#1589,.F.);
#1652=ADVANCED_FACE('',(#170),#1590,.F.);
#1653=ADVANCED_FACE('',(#171),#1591,.F.);
#1654=ADVANCED_FACE('',(#172),#1592,.T.);
#1655=ADVANCED_FACE('',(#173),#1593,.T.);
#1656=ADVANCED_FACE('',(#174),#1594,.F.);
#1657=ADVANCED_FACE('',(#175),#1595,.F.);
#1658=ADVANCED_FACE('',(#176),#1596,.F.);
#1659=ADVANCED_FACE('',(#177,#21),#1597,.T.);
#1660=ADVANCED_FACE('',(#178),#1598,.T.);
#1661=ADVANCED_FACE('',(#179),#121,.F.);
#1662=ADVANCED_FACE('',(#180),#122,.F.);
#1663=ADVANCED_FACE('',(#181),#1599,.T.);
#1664=ADVANCED_FACE('',(#182),#1600,.T.);
#1665=ADVANCED_FACE('',(#183),#1601,.T.);
#1666=ADVANCED_FACE('',(#184),#1602,.T.);
#1667=ADVANCED_FACE('',(#185),#1603,.T.);
#1668=ADVANCED_FACE('',(#186),#1604,.T.);
#1669=ADVANCED_FACE('',(#187),#1605,.T.);
#1670=ADVANCED_FACE('',(#188),#1606,.T.);
#1671=ADVANCED_FACE('',(#189),#1607,.T.);
#1672=ADVANCED_FACE('',(#190),#1608,.T.);
#1673=ADVANCED_FACE('',(#191,#22,#23,#24,#25,#26),#1609,.T.);
#1674=ADVANCED_FACE('',(#192),#123,.F.);
#1675=ADVANCED_FACE('',(#193),#124,.F.);
#1676=ADVANCED_FACE('',(#194),#125,.F.);
#1677=ADVANCED_FACE('',(#195),#126,.F.);
#1678=ADVANCED_FACE('',(#196),#127,.T.);
#1679=ADVANCED_FACE('',(#197),#1610,.F.);
#1680=ADVANCED_FACE('',(#198),#1611,.F.);
#1681=ADVANCED_FACE('',(#199),#1612,.F.);
#1682=ADVANCED_FACE('',(#200),#128,.T.);
#1683=ADVANCED_FACE('',(#201,#27,#28,#29,#30,#31,#32),#1613,.F.);
#1684=ADVANCED_FACE('',(#202,#33),#1614,.F.);
#1685=ADVANCED_FACE('',(#203,#34),#1615,.F.);
#1686=ADVANCED_FACE('',(#204,#35),#1616,.F.);
#1687=ADVANCED_FACE('',(#205,#36),#1617,.F.);
#1688=ADVANCED_FACE('',(#206),#129,.F.);
#1689=ADVANCED_FACE('',(#207),#130,.F.);
#1690=ADVANCED_FACE('',(#208),#131,.F.);
#1691=ADVANCED_FACE('',(#209),#132,.F.);
#1692=ADVANCED_FACE('',(#210),#133,.F.);
#1693=ADVANCED_FACE('',(#211),#134,.T.);
#1694=ADVANCED_FACE('',(#212,#37,#38,#39,#40,#41),#1618,.T.);
#1695=ADVANCED_FACE('',(#213),#135,.F.);
#1696=ADVANCED_FACE('',(#214),#136,.F.);
#1697=ADVANCED_FACE('',(#215),#137,.F.);
#1698=ADVANCED_FACE('',(#216),#138,.F.);
#1699=ADVANCED_FACE('',(#217),#139,.T.);
#1700=ADVANCED_FACE('',(#218),#1619,.T.);
#1701=ADVANCED_FACE('',(#219),#1620,.T.);
#1702=ADVANCED_FACE('',(#220),#1621,.T.);
#1703=ADVANCED_FACE('',(#221),#140,.T.);
#1704=ADVANCED_FACE('',(#222),#1622,.T.);
#1705=ADVANCED_FACE('',(#223,#42,#43,#44,#45,#46,#47),#1623,.T.);
#1706=ADVANCED_FACE('',(#224,#48),#1624,.T.);
#1707=ADVANCED_FACE('',(#225,#49),#1625,.T.);
#1708=ADVANCED_FACE('',(#226,#50),#1626,.T.);
#1709=ADVANCED_FACE('',(#227,#51),#1627,.T.);
#1710=ADVANCED_FACE('',(#228),#141,.F.);
#1711=ADVANCED_FACE('',(#229),#142,.F.);
#1712=ADVANCED_FACE('',(#230),#143,.F.);
#1713=ADVANCED_FACE('',(#231),#144,.F.);
#1714=ADVANCED_FACE('',(#232),#145,.F.);
#1715=ADVANCED_FACE('',(#233),#146,.T.);
#1716=ADVANCED_FACE('',(#234,#52,#53,#54,#55,#56),#1628,.F.);
#1717=CLOSED_SHELL('',(#1629,#1630,#1631,#1632,#1633,#1634,#1635,#1636,
#1637,#1638,#1639,#1640,#1641,#1642,#1643,#1644,#1645,#1646,#1647,#1648,
#1649,#1650,#1651,#1652,#1653,#1654,#1655,#1656,#1657,#1658,#1659,#1660,
#1661,#1662,#1663,#1664,#1665,#1666,#1667,#1668,#1669,#1670,#1671,#1672,
#1673,#1674,#1675,#1676,#1677,#1678,#1679,#1680,#1681,#1682,#1683,#1684,
#1685,#1686,#1687,#1688,#1689,#1690,#1691,#1692,#1693,#1694,#1695,#1696,
#1697,#1698,#1699,#1700,#1701,#1702,#1703,#1704,#1705,#1706,#1707,#1708,
#1709,#1710,#1711,#1712,#1713,#1714,#1715,#1716));
#1718=DERIVED_UNIT_ELEMENT(#1720,1.);
#1719=DERIVED_UNIT_ELEMENT(#2835,-3.);
#1720=(
MASS_UNIT()
NAMED_UNIT(*)
SI_UNIT(.KILO.,.GRAM.)
);
#1721=DERIVED_UNIT((#1718,#1719));
#1722=MEASURE_REPRESENTATION_ITEM('density measure',
POSITIVE_RATIO_MEASURE(1120.),#1721);
#1723=PROPERTY_DEFINITION_REPRESENTATION(#1728,#1725);
#1724=PROPERTY_DEFINITION_REPRESENTATION(#1729,#1726);
#1725=REPRESENTATION('material name',(#1727),#2832);
#1726=REPRESENTATION('density',(#1722),#2832);
#1727=DESCRIPTIVE_REPRESENTATION_ITEM('Nylon 6','Nylon 6');
#1728=PROPERTY_DEFINITION('material property','material name',#2842);
#1729=PROPERTY_DEFINITION('material property','density of part',#2842);
#1730=AXIS2_PLACEMENT_3D('',#2351,#1879,#1880);
#1731=AXIS2_PLACEMENT_3D('',#2352,#1881,#1882);
#1732=AXIS2_PLACEMENT_3D('',#2361,#1887,#1888);
#1733=AXIS2_PLACEMENT_3D('',#2363,#1889,#1890);
#1734=AXIS2_PLACEMENT_3D('',#2365,#1891,#1892);
#1735=AXIS2_PLACEMENT_3D('',#2367,#1894,#1895);
#1736=AXIS2_PLACEMENT_3D('',#2373,#1899,#1900);
#1737=AXIS2_PLACEMENT_3D('',#2374,#1901,#1902);
#1738=AXIS2_PLACEMENT_3D('',#2375,#1903,#1904);
#1739=AXIS2_PLACEMENT_3D('',#2376,#1905,#1906);
#1740=AXIS2_PLACEMENT_3D('',#2378,#1907,#1908);
#1741=AXIS2_PLACEMENT_3D('',#2381,#1910,#1911);
#1742=AXIS2_PLACEMENT_3D('',#2382,#1912,#1913);
#1743=AXIS2_PLACEMENT_3D('',#2384,#1914,#1915);
#1744=AXIS2_PLACEMENT_3D('',#2387,#1917,#1918);
#1745=AXIS2_PLACEMENT_3D('',#2388,#1919,#1920);
#1746=AXIS2_PLACEMENT_3D('',#2397,#1925,#1926);
#1747=AXIS2_PLACEMENT_3D('',#2403,#1930,#1931);
#1748=AXIS2_PLACEMENT_3D('',#2409,#1935,#1936);
#1749=AXIS2_PLACEMENT_3D('',#2415,#1939,#1940);
#1750=AXIS2_PLACEMENT_3D('',#2423,#1944,#1945);
#1751=AXIS2_PLACEMENT_3D('',#2428,#1948,#1949);
#1752=AXIS2_PLACEMENT_3D('',#2429,#1950,#1951);
#1753=AXIS2_PLACEMENT_3D('',#2438,#1956,#1957);
#1754=AXIS2_PLACEMENT_3D('',#2444,#1961,#1962);
#1755=AXIS2_PLACEMENT_3D('',#2453,#1967,#1968);
#1756=AXIS2_PLACEMENT_3D('',#2462,#1973,#1974);
#1757=AXIS2_PLACEMENT_3D('',#2465,#1977,#1978);
#1758=AXIS2_PLACEMENT_3D('',#2472,#1983,#1984);
#1759=AXIS2_PLACEMENT_3D('',#2478,#1988,#1989);
#1760=AXIS2_PLACEMENT_3D('',#2484,#1993,#1994);
#1761=AXIS2_PLACEMENT_3D('',#2490,#1998,#1999);
#1762=AXIS2_PLACEMENT_3D('',#2539,#2025,#2026);
#1763=AXIS2_PLACEMENT_3D('',#2541,#2027,#2028);
#1764=AXIS2_PLACEMENT_3D('',#2542,#2029,#2030);
#1765=AXIS2_PLACEMENT_3D('',#2548,#2034,#2035);
#1766=AXIS2_PLACEMENT_3D('',#2554,#2039,#2040);
#1767=AXIS2_PLACEMENT_3D('',#2558,#2043,#2044);
#1768=AXIS2_PLACEMENT_3D('',#2562,#2047,#2048);
#1769=AXIS2_PLACEMENT_3D('',#2566,#2051,#2052);
#1770=AXIS2_PLACEMENT_3D('',#2570,#2055,#2056);
#1771=AXIS2_PLACEMENT_3D('',#2574,#2059,#2060);
#1772=AXIS2_PLACEMENT_3D('',#2580,#2064,#2065);
#1773=AXIS2_PLACEMENT_3D('',#2586,#2069,#2070);
#1774=AXIS2_PLACEMENT_3D('',#2589,#2073,#2074);
#1775=AXIS2_PLACEMENT_3D('',#2593,#2076,#2077);
#1776=AXIS2_PLACEMENT_3D('',#2601,#2081,#2082);
#1777=AXIS2_PLACEMENT_3D('',#2604,#2084,#2085);
#1778=AXIS2_PLACEMENT_3D('',#2605,#2086,#2087);
#1779=AXIS2_PLACEMENT_3D('',#2609,#2090,#2091);
#1780=AXIS2_PLACEMENT_3D('',#2612,#2093,#2094);
#1781=AXIS2_PLACEMENT_3D('',#2613,#2095,#2096);
#1782=AXIS2_PLACEMENT_3D('',#2616,#2098,#2099);
#1783=AXIS2_PLACEMENT_3D('',#2617,#2100,#2101);
#1784=AXIS2_PLACEMENT_3D('',#2619,#2103,#2104);
#1785=AXIS2_PLACEMENT_3D('',#2623,#2107,#2108);
#1786=AXIS2_PLACEMENT_3D('',#2627,#2111,#2112);
#1787=AXIS2_PLACEMENT_3D('',#2631,#2115,#2116);
#1788=AXIS2_PLACEMENT_3D('',#2635,#2119,#2120);
#1789=AXIS2_PLACEMENT_3D('',#2639,#2123,#2124);
#1790=AXIS2_PLACEMENT_3D('',#2643,#2127,#2128);
#1791=AXIS2_PLACEMENT_3D('',#2645,#2130,#2131);
#1792=AXIS2_PLACEMENT_3D('',#2647,#2133,#2134);
#1793=AXIS2_PLACEMENT_3D('',#2653,#2138,#2139);
#1794=AXIS2_PLACEMENT_3D('',#2659,#2143,#2144);
#1795=AXIS2_PLACEMENT_3D('',#2661,#2145,#2146);
#1796=AXIS2_PLACEMENT_3D('',#2664,#2148,#2149);
#1797=AXIS2_PLACEMENT_3D('',#2665,#2150,#2151);
#1798=AXIS2_PLACEMENT_3D('',#2667,#2152,#2153);
#1799=AXIS2_PLACEMENT_3D('',#2670,#2155,#2156);
#1800=AXIS2_PLACEMENT_3D('',#2671,#2157,#2158);
#1801=AXIS2_PLACEMENT_3D('',#2673,#2159,#2160);
#1802=AXIS2_PLACEMENT_3D('',#2676,#2162,#2163);
#1803=AXIS2_PLACEMENT_3D('',#2677,#2164,#2165);
#1804=AXIS2_PLACEMENT_3D('',#2679,#2166,#2167);
#1805=AXIS2_PLACEMENT_3D('',#2682,#2169,#2170);
#1806=AXIS2_PLACEMENT_3D('',#2683,#2171,#2172);
#1807=AXIS2_PLACEMENT_3D('',#2686,#2174,#2175);
#1808=AXIS2_PLACEMENT_3D('',#2687,#2176,#2177);
#1809=AXIS2_PLACEMENT_3D('',#2691,#2180,#2181);
#1810=AXIS2_PLACEMENT_3D('',#2695,#2184,#2185);
#1811=AXIS2_PLACEMENT_3D('',#2699,#2188,#2189);
#1812=AXIS2_PLACEMENT_3D('',#2702,#2191,#2192);
#1813=AXIS2_PLACEMENT_3D('',#2703,#2193,#2194);
#1814=AXIS2_PLACEMENT_3D('',#2706,#2196,#2197);
#1815=AXIS2_PLACEMENT_3D('',#2707,#2198,#2199);
#1816=AXIS2_PLACEMENT_3D('',#2709,#2200,#2201);
#1817=AXIS2_PLACEMENT_3D('',#2710,#2202,#2203);
#1818=AXIS2_PLACEMENT_3D('',#2712,#2204,#2205);
#1819=AXIS2_PLACEMENT_3D('',#2713,#2206,#2207);
#1820=AXIS2_PLACEMENT_3D('',#2715,#2208,#2209);
#1821=AXIS2_PLACEMENT_3D('',#2716,#2210,#2211);
#1822=AXIS2_PLACEMENT_3D('',#2718,#2212,#2213);
#1823=AXIS2_PLACEMENT_3D('',#2719,#2214,#2215);
#1824=AXIS2_PLACEMENT_3D('',#2722,#2217,#2218);
#1825=AXIS2_PLACEMENT_3D('',#2723,#2219,#2220);
#1826=AXIS2_PLACEMENT_3D('',#2726,#2222,#2223);
#1827=AXIS2_PLACEMENT_3D('',#2727,#2224,#2225);
#1828=AXIS2_PLACEMENT_3D('',#2730,#2227,#2228);
#1829=AXIS2_PLACEMENT_3D('',#2731,#2229,#2230);
#1830=AXIS2_PLACEMENT_3D('',#2734,#2232,#2233);
#1831=AXIS2_PLACEMENT_3D('',#2735,#2234,#2235);
#1832=AXIS2_PLACEMENT_3D('',#2738,#2237,#2238);
#1833=AXIS2_PLACEMENT_3D('',#2739,#2239,#2240);
#1834=AXIS2_PLACEMENT_3D('',#2742,#2242,#2243);
#1835=AXIS2_PLACEMENT_3D('',#2743,#2244,#2245);
#1836=AXIS2_PLACEMENT_3D('',#2744,#2246,#2247);
#1837=AXIS2_PLACEMENT_3D('',#2746,#2248,#2249);
#1838=AXIS2_PLACEMENT_3D('',#2749,#2251,#2252);
#1839=AXIS2_PLACEMENT_3D('',#2750,#2253,#2254);
#1840=AXIS2_PLACEMENT_3D('',#2752,#2255,#2256);
#1841=AXIS2_PLACEMENT_3D('',#2755,#2258,#2259);
#1842=AXIS2_PLACEMENT_3D('',#2756,#2260,#2261);
#1843=AXIS2_PLACEMENT_3D('',#2758,#2262,#2263);
#1844=AXIS2_PLACEMENT_3D('',#2761,#2265,#2266);
#1845=AXIS2_PLACEMENT_3D('',#2762,#2267,#2268);
#1846=AXIS2_PLACEMENT_3D('',#2764,#2269,#2270);
#1847=AXIS2_PLACEMENT_3D('',#2767,#2272,#2273);
#1848=AXIS2_PLACEMENT_3D('',#2768,#2274,#2275);
#1849=AXIS2_PLACEMENT_3D('',#2770,#2276,#2277);
#1850=AXIS2_PLACEMENT_3D('',#2772,#2279,#2280);
#1851=AXIS2_PLACEMENT_3D('',#2776,#2283,#2284);
#1852=AXIS2_PLACEMENT_3D('',#2780,#2287,#2288);
#1853=AXIS2_PLACEMENT_3D('',#2784,#2291,#2292);
#1854=AXIS2_PLACEMENT_3D('',#2786,#2293,#2294);
#1855=AXIS2_PLACEMENT_3D('',#2788,#2296,#2297);
#1856=AXIS2_PLACEMENT_3D('',#2790,#2299,#2300);
#1857=AXIS2_PLACEMENT_3D('',#2792,#2301,#2302);
#1858=AXIS2_PLACEMENT_3D('',#2793,#2303,#2304);
#1859=AXIS2_PLACEMENT_3D('',#2795,#2305,#2306);
#1860=AXIS2_PLACEMENT_3D('',#2796,#2307,#2308);
#1861=AXIS2_PLACEMENT_3D('',#2798,#2309,#2310);
#1862=AXIS2_PLACEMENT_3D('',#2799,#2311,#2312);
#1863=AXIS2_PLACEMENT_3D('',#2801,#2313,#2314);
#1864=AXIS2_PLACEMENT_3D('',#2802,#2315,#2316);
#1865=AXIS2_PLACEMENT_3D('',#2804,#2317,#2318);
#1866=AXIS2_PLACEMENT_3D('',#2805,#2319,#2320);
#1867=AXIS2_PLACEMENT_3D('',#2808,#2322,#2323);
#1868=AXIS2_PLACEMENT_3D('',#2809,#2324,#2325);
#1869=AXIS2_PLACEMENT_3D('',#2812,#2327,#2328);
#1870=AXIS2_PLACEMENT_3D('',#2813,#2329,#2330);
#1871=AXIS2_PLACEMENT_3D('',#2816,#2332,#2333);
#1872=AXIS2_PLACEMENT_3D('',#2817,#2334,#2335);
#1873=AXIS2_PLACEMENT_3D('',#2820,#2337,#2338);
#1874=AXIS2_PLACEMENT_3D('',#2821,#2339,#2340);
#1875=AXIS2_PLACEMENT_3D('',#2824,#2342,#2343);
#1876=AXIS2_PLACEMENT_3D('',#2825,#2344,#2345);
#1877=AXIS2_PLACEMENT_3D('',#2828,#2347,#2348);
#1878=AXIS2_PLACEMENT_3D('',#2829,#2349,#2350);
#1879=DIRECTION('axis',(0.,0.,1.));
#1880=DIRECTION('refdir',(1.,0.,0.));
#1881=DIRECTION('center_axis',(0.,1.,2.51418218581033E-15));
#1882=DIRECTION('ref_axis',(0.,2.51418218581033E-15,-1.));
#1883=DIRECTION('',(-8.43754342175193E-28,-2.51418218581033E-15,1.));
#1884=DIRECTION('',(-1.,0.,0.));
#1885=DIRECTION('',(8.43754342175193E-28,2.51418218581033E-15,-1.));
#1886=DIRECTION('',(-1.,0.,0.));
#1887=DIRECTION('center_axis',(-1.,0.,0.));
#1888=DIRECTION('ref_axis',(0.,1.,0.));
#1889=DIRECTION('center_axis',(1.,-1.74944234183358E-14,7.9977017446579E-28));
#1890=DIRECTION('ref_axis',(0.,1.,0.));
#1891=DIRECTION('center_axis',(-1.,1.74944234183358E-14,-7.9977017446579E-28));
#1892=DIRECTION('ref_axis',(0.,1.,0.));
#1893=DIRECTION('',(-1.,0.,0.));
#1894=DIRECTION('center_axis',(0.,-1.,-2.4643963999527E-15));
#1895=DIRECTION('ref_axis',(0.,-2.4643963999527E-15,1.));
#1896=DIRECTION('',(8.42883368557185E-28,2.4643963999527E-15,-1.));
#1897=DIRECTION('',(-8.42883368557185E-28,-2.4643963999527E-15,1.));
#1898=DIRECTION('',(-1.,0.,0.));
#1899=DIRECTION('center_axis',(-1.,0.,0.));
#1900=DIRECTION('ref_axis',(0.,-1.,0.));
#1901=DIRECTION('center_axis',(1.,-1.74944234183358E-14,7.9977017446579E-28));
#1902=DIRECTION('ref_axis',(0.,-1.,0.));
#1903=DIRECTION('center_axis',(-1.,1.74944234183358E-14,-7.9977017446579E-28));
#1904=DIRECTION('ref_axis',(0.,-1.,0.));
#1905=DIRECTION('center_axis',(-1.,2.40548322002117E-14,-2.368475785867E-14));
#1906=DIRECTION('ref_axis',(-2.40548322002117E-14,-1.,5.55109394716956E-17));
#1907=DIRECTION('center_axis',(-1.,1.74944234183358E-14,-7.9977017446579E-28));
#1908=DIRECTION('ref_axis',(-2.40548322002117E-14,-1.,5.55109394716956E-17));
#1909=DIRECTION('',(-1.,2.40548322002117E-14,-2.368475785867E-14));
#1910=DIRECTION('center_axis',(1.,-1.74944234183358E-14,7.9977017446579E-28));
#1911=DIRECTION('ref_axis',(-2.40548322002117E-14,-1.,5.55109394716956E-17));
#1912=DIRECTION('center_axis',(-1.,2.40548322002117E-14,-2.368475785867E-14));
#1913=DIRECTION('ref_axis',(-2.40548322002117E-14,-1.,5.55109394716956E-17));
#1914=DIRECTION('center_axis',(-1.,1.74944234183358E-14,-7.9977017446579E-28));
#1915=DIRECTION('ref_axis',(-2.40548322002117E-14,-1.,5.55109394716956E-17));
#1916=DIRECTION('',(-1.,2.40548322002117E-14,-2.368475785867E-14));
#1917=DIRECTION('center_axis',(1.,-1.74944234183358E-14,7.9977017446579E-28));
#1918=DIRECTION('ref_axis',(-2.40548322002117E-14,-1.,5.55109394716956E-17));
#1919=DIRECTION('center_axis',(-8.24833755562945E-28,-3.44240733093691E-14,
1.));
#1920=DIRECTION('ref_axis',(1.,-4.79219148849798E-14,-8.24833755562945E-28));
#1921=DIRECTION('',(-1.,1.7358122166339E-14,-2.27296485595908E-28));
#1922=DIRECTION('',(4.79219148849798E-14,1.,3.44240733093691E-14));
#1923=DIRECTION('',(1.,-1.7358122166339E-14,2.27296485595908E-28));
#1924=DIRECTION('',(4.79219148849798E-14,1.,3.44240733093691E-14));
#1925=DIRECTION('center_axis',(1.,-4.79219148849798E-14,-8.24833755562945E-28));
#1926=DIRECTION('ref_axis',(8.24833755562945E-28,3.44240733093691E-14,-1.));
#1927=DIRECTION('',(2.44157070939556E-27,3.37369021607972E-14,1.));
#1928=DIRECTION('',(-2.44157070939556E-27,-3.37369021607972E-14,-1.));
#1929=DIRECTION('',(4.79219148849798E-14,1.,3.44240733093691E-14));
#1930=DIRECTION('center_axis',(8.24833755562945E-28,3.44240733093691E-14,
-1.));
#1931=DIRECTION('ref_axis',(-1.,4.79219148849798E-14,8.24833755562945E-28));
#1932=DIRECTION('',(1.,-1.7358122166339E-14,2.27296485595908E-28));
#1933=DIRECTION('',(-1.,1.7358122166339E-14,-2.27296485595908E-28));
#1934=DIRECTION('',(4.79219148849798E-14,1.,3.44240733093691E-14));
#1935=DIRECTION('center_axis',(-1.7358122166339E-14,-1.,3.37369021607972E-14));
#1936=DIRECTION('ref_axis',(0.,-3.37369021607972E-14,-1.));
#1937=DIRECTION('',(2.09562523241837E-28,-3.37369021607972E-14,-1.));
#1938=DIRECTION('',(-1.,1.735812216634E-14,3.14899621530037E-14));
#1939=DIRECTION('center_axis',(1.7358122166339E-14,1.,-3.37369021607972E-14));
#1940=DIRECTION('ref_axis',(-0.996794863550168,1.35131479912936E-14,-0.0800000000000125));
#1941=DIRECTION('',(1.,-1.7358122166339E-14,7.9517179246278E-28));
#1942=DIRECTION('',(-2.09562523241837E-28,3.37369021607972E-14,1.));
#1943=DIRECTION('',(-1.,1.7358122166339E-14,-7.9517179246278E-28));
#1944=DIRECTION('center_axis',(1.7358122166339E-14,1.,-3.37369021607972E-14));
#1945=DIRECTION('ref_axis',(0.99968745115661,-1.53362163559507E-14,0.0250000000000163));
#1946=DIRECTION('',(1.,-1.73581221663379E-14,3.22973970800054E-14));
#1947=DIRECTION('',(2.09562523241837E-28,-3.37369021607972E-14,-1.));
#1948=DIRECTION('center_axis',(1.7358122166339E-14,1.,-3.37369021607972E-14));
#1949=DIRECTION('ref_axis',(1.,-1.77635683940025E-14,8.09576136053163E-28));
#1950=DIRECTION('center_axis',(-2.66453525910042E-14,-1.52757265255941E-14,
1.));
#1951=DIRECTION('ref_axis',(2.3960957797423E-14,1.,1.52757265255948E-14));
#1952=DIRECTION('',(-1.,3.27515792263355E-14,-2.66453525910037E-14));
#1953=DIRECTION('',(-1.74944234183358E-14,-1.,-1.52757265255946E-14));
#1954=DIRECTION('',(-1.,2.34970083432272E-14,-2.66453525910039E-14));
#1955=DIRECTION('',(1.74944234183358E-14,1.,1.52757265255946E-14));
#1956=DIRECTION('center_axis',(-2.34970083432267E-14,-1.,-1.7048045170614E-14));
#1957=DIRECTION('ref_axis',(-2.5271451598032E-14,-1.70480451706134E-14,
1.));
#1958=DIRECTION('',(1.,-2.34970083432273E-14,3.58999234742232E-14));
#1959=DIRECTION('',(-1.09801589513543E-27,-1.7048045170614E-14,1.));
#1960=DIRECTION('',(1.09801589513543E-27,1.7048045170614E-14,-1.));
#1961=DIRECTION('center_axis',(-2.34970083432267E-14,-1.,-1.7048045170614E-14));
#1962=DIRECTION('ref_axis',(-2.5271451598032E-14,-1.70480451706134E-14,
1.));
#1963=DIRECTION('',(-1.,2.34970083432262E-14,3.14899621530035E-14));
#1964=DIRECTION('',(1.09801589513543E-27,1.7048045170614E-14,-1.));
#1965=DIRECTION('',(-1.,2.34970083432272E-14,-2.66453525910039E-14));
#1966=DIRECTION('',(-1.09801589513543E-27,-1.7048045170614E-14,1.));
#1967=DIRECTION('center_axis',(2.34970083432267E-14,1.,1.72555634929739E-14));
#1968=DIRECTION('ref_axis',(2.5271451598032E-14,1.72555634929733E-14,-1.));
#1969=DIRECTION('',(1.,-2.34970083432262E-14,-3.14899621530035E-14));
#1970=DIRECTION('',(1.10164630853385E-27,1.72555634929739E-14,-1.));
#1971=DIRECTION('',(-1.,2.34970083432272E-14,-2.66453525910039E-14));
#1972=DIRECTION('',(-1.10164630853385E-27,-1.72555634929739E-14,1.));
#1973=DIRECTION('center_axis',(2.66453525910043E-14,1.75619000640758E-14,
-1.));
#1974=DIRECTION('ref_axis',(-2.39609577974229E-14,-1.,-1.75619000640764E-14));
#1975=DIRECTION('',(1.74944234183358E-14,1.,1.75619000640763E-14));
#1976=DIRECTION('',(-1.74944234183358E-14,-1.,-1.75619000640763E-14));
#1977=DIRECTION('center_axis',(-3.14899621530041E-14,-2.36847578586696E-14,
-1.));
#1978=DIRECTION('ref_axis',(1.,-1.735812216634E-14,-3.14899621530037E-14));
#1979=DIRECTION('',(1.74944234183358E-14,1.,-3.40916969177825E-14));
#1980=DIRECTION('',(1.,-1.735812216634E-14,-3.14899621530037E-14));
#1981=DIRECTION('',(-1.1842378929335E-14,-1.,2.368475785867E-14));
#1982=DIRECTION('',(1.74944234183358E-14,1.,-3.40916969177825E-14));
#1983=DIRECTION('center_axis',(-3.14899621530041E-14,-2.36847578586696E-14,
-1.));
#1984=DIRECTION('ref_axis',(1.,-1.735812216634E-14,-3.14899621530037E-14));
#1985=DIRECTION('',(1.74944234183358E-14,1.,-3.40916969177825E-14));
#1986=DIRECTION('',(1.,-2.38697950294398E-14,-3.14899621530035E-14));
#1987=DIRECTION('',(1.74944234183358E-14,1.,-3.40916969177825E-14));
#1988=DIRECTION('center_axis',(-4.19999732697416E-14,-0.7071067811908,0.707106781182295));
#1989=DIRECTION('ref_axis',(-9.2665955527345E-16,0.707106781182295,0.7071067811908));
#1990=DIRECTION('',(-9.2665955527345E-16,0.707106781182295,0.7071067811908));
#1991=DIRECTION('',(-1.,2.3869795029441E-14,-3.55271367880051E-14));
#1992=DIRECTION('',(-9.2665955527345E-16,0.707106781182295,0.7071067811908));
#1993=DIRECTION('center_axis',(-4.19999732697416E-14,-0.7071067811908,0.707106781182295));
#1994=DIRECTION('ref_axis',(-9.2665955527345E-16,0.707106781182295,0.7071067811908));
#1995=DIRECTION('',(-9.2665955527345E-16,0.707106781182295,0.7071067811908));
#1996=DIRECTION('',(-1.,2.3869795029441E-14,-3.55271367880051E-14));
#1997=DIRECTION('',(-9.2665955527345E-16,0.707106781182295,0.7071067811908));
#1998=DIRECTION('center_axis',(-1.,1.74944234183358E-14,-7.9977017446579E-28));
#1999=DIRECTION('ref_axis',(-2.09562523241837E-28,3.37369021607972E-14,
1.));
#2000=DIRECTION('',(-2.44157070939556E-27,-3.37369021607972E-14,-1.));
#2001=DIRECTION('',(1.74944234183358E-14,1.,-3.40916969177825E-14));
#2002=DIRECTION('',(2.20774065309997E-28,-3.30707683460196E-14,-1.));
#2003=DIRECTION('',(0.,-1.,0.));
#2004=DIRECTION('',(0.,3.30707683460196E-14,1.));
#2005=DIRECTION('',(0.,-1.,0.));
#2006=DIRECTION('',(2.20774065309997E-28,-3.30707683460196E-14,-1.));
#2007=DIRECTION('',(1.74944234183358E-14,1.,-3.40916969177825E-14));
#2008=DIRECTION('',(-1.10012335465566E-27,-1.71685098163952E-14,1.));
#2009=DIRECTION('',(-1.74944234183358E-14,-1.,-1.68621732452925E-14));
#2010=DIRECTION('',(1.10375376805409E-27,1.73760281387551E-14,-1.));
#2011=DIRECTION('',(1.74944234183358E-14,1.,-3.40916969177825E-14));
#2012=DIRECTION('',(2.5271451598032E-14,1.72612447018458E-14,-1.));
#2013=DIRECTION('',(3.48125700357329E-14,0.707106781182321,-0.707106781190774));
#2014=DIRECTION('',(1.10375376805409E-27,1.73760281387551E-14,-1.));
#2015=DIRECTION('',(1.74944234183358E-14,1.,1.91483467837742E-14));
#2016=DIRECTION('',(3.48125700357329E-14,0.707106781182321,-0.707106781190774));
#2017=DIRECTION('',(2.39609570875569E-14,1.,1.48183502536128E-14));
#2018=DIRECTION('',(2.5271451598032E-14,1.72778778328725E-14,-1.));
#2019=DIRECTION('',(9.26659554966194E-16,-0.707106781188536,-0.707106781184559));
#2020=DIRECTION('',(-2.39609570875568E-14,-1.,-1.68770524863474E-14));
#2021=DIRECTION('',(-3.48125700357247E-14,-0.707106781188563,0.707106781184533));
#2022=DIRECTION('',(-2.5271451598032E-14,-1.72778778328724E-14,1.));
#2023=DIRECTION('',(2.39609570875569E-14,1.,1.48183502536128E-14));
#2024=DIRECTION('',(-2.35066866919104E-14,-1.72612447018458E-14,1.));
#2025=DIRECTION('center_axis',(1.,-2.39609570875573E-14,2.52714515980316E-14));
#2026=DIRECTION('ref_axis',(-2.39609570875573E-14,-1.,5.55109394716978E-17));
#2027=DIRECTION('center_axis',(1.,-2.39609570875573E-14,2.52714515980316E-14));
#2028=DIRECTION('ref_axis',(-2.39609570875573E-14,-1.,5.55109394716978E-17));
#2029=DIRECTION('center_axis',(-2.44249065417531E-14,-1.,-1.73760281387551E-14));
#2030=DIRECTION('ref_axis',(-2.5271451598032E-14,-1.73760281387544E-14,
1.));
#2031=DIRECTION('',(-1.,2.44249065417537E-14,-3.60822483003245E-14));
#2032=DIRECTION('',(-1.10375376805409E-27,-1.73760281387551E-14,1.));
#2033=DIRECTION('',(-1.,2.44249065417535E-14,-2.66453525910039E-14));
#2034=DIRECTION('center_axis',(2.44249065417531E-14,1.,1.71685098163952E-14));
#2035=DIRECTION('ref_axis',(2.5271451598032E-14,1.71685098163946E-14,-1.));
#2036=DIRECTION('',(-1.,2.44249065417525E-14,3.14899621530035E-14));
#2037=DIRECTION('',(1.10012335465566E-27,1.71685098163952E-14,-1.));
#2038=DIRECTION('',(-1.,2.44249065417535E-14,-2.66453525910039E-14));
#2039=DIRECTION('center_axis',(-2.66453525910043E-14,-1.6862173245292E-14,
1.));
#2040=DIRECTION('ref_axis',(2.39609570875568E-14,1.,1.68621732452926E-14));
#2041=DIRECTION('',(1.74944234183358E-14,1.,1.68621732452925E-14));
#2042=DIRECTION('',(-1.,2.44249065417535E-14,-2.66453525910039E-14));
#2043=DIRECTION('center_axis',(-2.44249065417531E-14,-1.,-1.73760281387551E-14));
#2044=DIRECTION('ref_axis',(-2.5271451598032E-14,-1.73760281387544E-14,
1.));
#2045=DIRECTION('',(1.,-2.44249065417525E-14,-3.14899621530035E-14));
#2046=DIRECTION('',(-1.10375376805409E-27,-1.73760281387551E-14,1.));
#2047=DIRECTION('center_axis',(2.66453525910043E-14,1.91483467837737E-14,
-1.));
#2048=DIRECTION('ref_axis',(-2.39609570875568E-14,-1.,-1.91483467837743E-14));
#2049=DIRECTION('',(1.,-1.4988010832546E-14,2.6645352591004E-14));
#2050=DIRECTION('',(-1.74944234183358E-14,-1.,-1.91483467837742E-14));
#2051=DIRECTION('center_axis',(-3.14899621530041E-14,-2.36847578586696E-14,
-1.));
#2052=DIRECTION('ref_axis',(1.,-1.735812216634E-14,-3.14899621530037E-14));
#2053=DIRECTION('',(1.74944234183358E-14,1.,-3.40916969177825E-14));
#2054=DIRECTION('',(-1.,2.38697950294398E-14,3.14899621530035E-14));
#2055=DIRECTION('center_axis',(-8.24298540783879E-15,0.707106781190774,
0.707106781182321));
#2056=DIRECTION('ref_axis',(3.48125700357329E-14,0.707106781182321,-0.707106781190774));
#2057=DIRECTION('',(3.48125700357329E-14,0.707106781182321,-0.707106781190774));
#2058=DIRECTION('',(-1.,2.3869795029441E-14,-3.55271367880051E-14));
#2059=DIRECTION('center_axis',(0.,0.,-1.));
#2060=DIRECTION('ref_axis',(1.,0.,0.));
#2061=DIRECTION('',(1.,-1.63034089538134E-14,0.));
#2062=DIRECTION('',(0.,-1.,0.));
#2063=DIRECTION('',(-1.,1.63034089538134E-14,0.));
#2064=DIRECTION('center_axis',(-1.,0.,0.));
#2065=DIRECTION('ref_axis',(0.,0.,-1.));
#2066=DIRECTION('',(0.,-3.30707683460196E-14,-1.));
#2067=DIRECTION('',(0.,-1.,0.));
#2068=DIRECTION('',(0.,3.30707683460196E-14,1.));
#2069=DIRECTION('center_axis',(0.,0.,1.));
#2070=DIRECTION('ref_axis',(-1.,0.,0.));
#2071=DIRECTION('',(-1.,1.63034089538134E-14,0.));
#2072=DIRECTION('',(1.,-1.63034089538134E-14,0.));
#2073=DIRECTION('center_axis',(-1.63034089538134E-14,-1.,3.30707683460196E-14));
#2074=DIRECTION('ref_axis',(1.121154206816E-29,-3.30707683460196E-14,-1.));
#2075=DIRECTION('',(1.,-1.63034089538123E-14,3.22973970800053E-14));
#2076=DIRECTION('center_axis',(1.63034089538134E-14,1.,-3.30707683460196E-14));
#2077=DIRECTION('ref_axis',(0.99968745115661,-1.66446021289118E-14,0.0250000000000163));
#2078=DIRECTION('',(-1.,1.63034089538134E-14,-7.59940326071983E-28));
#2079=DIRECTION('',(-2.20774065309997E-28,3.30707683460196E-14,1.));
#2080=DIRECTION('',(1.,-1.63034089538134E-14,7.59940326071983E-28));
#2081=DIRECTION('center_axis',(1.63034089538134E-14,1.,-3.30707683460196E-14));
#2082=DIRECTION('ref_axis',(-0.996794863550168,1.46958796879622E-14,-0.0800000000000125));
#2083=DIRECTION('',(-1.,1.63034089538144E-14,3.14899621530037E-14));
#2084=DIRECTION('center_axis',(1.63034089538134E-14,1.,-3.30707683460196E-14));
#2085=DIRECTION('ref_axis',(1.,-1.58979627261499E-14,7.47257751676388E-28));
#2086=DIRECTION('center_axis',(2.38697950294403E-14,1.,1.72612447018464E-14));
#2087=DIRECTION('ref_axis',(2.5271451598032E-14,1.72612447018458E-14,-1.));
#2088=DIRECTION('',(2.5271451598032E-14,1.72612447018458E-14,-1.));
#2089=DIRECTION('',(-1.,2.3869795029441E-14,-3.55271367880051E-14));
#2090=DIRECTION('center_axis',(-1.,2.3869795029441E-14,-3.55271367880051E-14));
#2091=DIRECTION('ref_axis',(-2.3869795029441E-14,-1.,5.55109394717011E-17));
#2092=DIRECTION('',(1.,-2.3869795029441E-14,3.55271367880051E-14));
#2093=DIRECTION('center_axis',(1.,-2.39609570875573E-14,2.52714515980316E-14));
#2094=DIRECTION('ref_axis',(-2.39609570875573E-14,-1.,5.55109394716978E-17));
#2095=DIRECTION('center_axis',(-1.,2.3869795029441E-14,-3.55271367880051E-14));
#2096=DIRECTION('ref_axis',(-2.3869795029441E-14,-1.,5.55109394717011E-17));
#2097=DIRECTION('',(1.,-2.3869795029441E-14,3.55271367880051E-14));
#2098=DIRECTION('center_axis',(1.,-2.39609570875573E-14,2.52714515980316E-14));
#2099=DIRECTION('ref_axis',(-2.39609570875573E-14,-1.,5.55109394716978E-17));
#2100=DIRECTION('center_axis',(-2.38697950294403E-14,-1.,-1.72612447018464E-14));
#2101=DIRECTION('ref_axis',(-2.35066866919104E-14,-1.72612447018458E-14,
1.));
#2102=DIRECTION('',(-2.35066866919104E-14,-1.72612447018458E-14,1.));
#2103=DIRECTION('center_axis',(-3.55271367880055E-14,-1.4818350253612E-14,
1.));
#2104=DIRECTION('ref_axis',(2.39609570875569E-14,1.,1.48183502536128E-14));
#2105=DIRECTION('',(2.39609570875569E-14,1.,1.48183502536128E-14));
#2106=DIRECTION('',(-1.,2.3869795029441E-14,-3.55271367880051E-14));
#2107=DIRECTION('center_axis',(-2.38697950294403E-14,-1.,-1.7277877832873E-14));
#2108=DIRECTION('ref_axis',(-2.5271451598032E-14,-1.72778778328724E-14,
1.));
#2109=DIRECTION('',(-2.5271451598032E-14,-1.72778778328724E-14,1.));
#2110=DIRECTION('',(-1.,2.3869795029441E-14,-3.55271367880051E-14));
#2111=DIRECTION('center_axis',(8.24298540820953E-15,-0.707106781184533,
-0.707106781188563));
#2112=DIRECTION('ref_axis',(-3.48125700357247E-14,-0.707106781188563,0.707106781184533));
#2113=DIRECTION('',(-3.48125700357247E-14,-0.707106781188563,0.707106781184533));
#2114=DIRECTION('',(-1.,2.3869795029441E-14,-3.55271367880051E-14));
#2115=DIRECTION('center_axis',(3.55271367880055E-14,1.68770524863465E-14,
-1.));
#2116=DIRECTION('ref_axis',(-2.39609570875568E-14,-1.,-1.68770524863474E-14));
#2117=DIRECTION('',(-2.39609570875568E-14,-1.,-1.68770524863474E-14));
#2118=DIRECTION('',(-1.,2.3869795029441E-14,-3.55271367880051E-14));
#2119=DIRECTION('center_axis',(4.19999732698143E-14,0.707106781184559,-0.707106781188536));
#2120=DIRECTION('ref_axis',(9.26659554966194E-16,-0.707106781188536,-0.707106781184559));
#2121=DIRECTION('',(9.26659554966194E-16,-0.707106781188536,-0.707106781184559));
#2122=DIRECTION('',(-1.,2.3869795029441E-14,-3.55271367880051E-14));
#2123=DIRECTION('center_axis',(2.38697950294403E-14,1.,1.72778778328731E-14));
#2124=DIRECTION('ref_axis',(2.5271451598032E-14,1.72778778328725E-14,-1.));
#2125=DIRECTION('',(2.5271451598032E-14,1.72778778328725E-14,-1.));
#2126=DIRECTION('',(-1.,2.3869795029441E-14,-3.55271367880051E-14));
#2127=DIRECTION('center_axis',(-3.55271367880055E-14,-1.4818350253612E-14,
1.));
#2128=DIRECTION('ref_axis',(2.39609570875569E-14,1.,1.48183502536128E-14));
#2129=DIRECTION('',(2.39609570875569E-14,1.,1.48183502536128E-14));
#2130=DIRECTION('center_axis',(-8.24298540783879E-15,0.707106781190774,
0.707106781182321));
#2131=DIRECTION('ref_axis',(3.48125700357329E-14,0.707106781182321,-0.707106781190774));
#2132=DIRECTION('',(3.48125700357329E-14,0.707106781182321,-0.707106781190774));
#2133=DIRECTION('center_axis',(-3.14899621530041E-14,-2.36847578586696E-14,
-1.));
#2134=DIRECTION('ref_axis',(1.,-1.735812216634E-14,-3.14899621530037E-14));
#2135=DIRECTION('',(2.18191521908174E-14,1.,-4.31229126481468E-14));
#2136=DIRECTION('',(1.,-1.63034089538144E-14,-3.14899621530037E-14));
#2137=DIRECTION('',(1.74944234183358E-14,1.,-3.40916969177825E-14));
#2138=DIRECTION('center_axis',(1.,-1.74944234183358E-14,7.9977017446579E-28));
#2139=DIRECTION('ref_axis',(2.09562523241837E-28,-3.37369021607972E-14,
-1.));
#2140=DIRECTION('',(-2.21216150250827E-28,3.30707683460196E-14,1.));
#2141=DIRECTION('',(1.74944234183358E-14,1.,-3.40916969177825E-14));
#2142=DIRECTION('',(2.09562523241837E-28,-3.37369021607972E-14,-1.));
#2143=DIRECTION('center_axis',(-2.18191521908174E-14,-1.,4.31229126481468E-14));
#2144=DIRECTION('ref_axis',(1.,-2.18191521908174E-14,9.87378910511515E-28));
#2145=DIRECTION('center_axis',(1.63034089538134E-14,1.,-3.30707683460196E-14));
#2146=DIRECTION('ref_axis',(1.,-1.75128325801501E-14,8.01677866105708E-28));
#2147=DIRECTION('',(-2.18191521908174E-14,-1.,4.31229126481468E-14));
#2148=DIRECTION('center_axis',(-1.63034089538134E-14,-1.,3.30707683460196E-14));
#2149=DIRECTION('ref_axis',(1.,-2.18191521908174E-14,9.87378910511515E-28));
#2150=DIRECTION('center_axis',(-2.18191521908174E-14,-1.,4.31229126481468E-14));
#2151=DIRECTION('ref_axis',(1.,-2.18191521908174E-14,9.87378910511515E-28));
#2152=DIRECTION('center_axis',(1.63034089538134E-14,1.,-3.30707683460196E-14));
#2153=DIRECTION('ref_axis',(1.,-1.75128325801501E-14,8.01677866105708E-28));
#2154=DIRECTION('',(-2.18191521908174E-14,-1.,4.31229126481468E-14));
#2155=DIRECTION('center_axis',(-1.63034089538134E-14,-1.,3.30707683460196E-14));
#2156=DIRECTION('ref_axis',(1.,-2.18191521908174E-14,9.87378910511515E-28));
#2157=DIRECTION('center_axis',(-2.18191521908174E-14,-1.,4.31229126481468E-14));
#2158=DIRECTION('ref_axis',(1.,-2.18191521908174E-14,9.87378910511515E-28));
#2159=DIRECTION('center_axis',(1.63034089538134E-14,1.,-3.30707683460196E-14));
#2160=DIRECTION('ref_axis',(1.,-1.75128325801501E-14,8.01677866105708E-28));
#2161=DIRECTION('',(-2.18191521908174E-14,-1.,4.31229126481468E-14));
#2162=DIRECTION('center_axis',(-1.63034089538134E-14,-1.,3.30707683460196E-14));
#2163=DIRECTION('ref_axis',(1.,-2.18191521908174E-14,9.87378910511515E-28));
#2164=DIRECTION('center_axis',(-2.18191521908174E-14,-1.,4.31229126481468E-14));
#2165=DIRECTION('ref_axis',(1.,-2.18191521908174E-14,9.87378910511515E-28));
#2166=DIRECTION('center_axis',(1.63034089538134E-14,1.,-3.30707683460196E-14));
#2167=DIRECTION('ref_axis',(1.,-1.75128325801501E-14,8.01677866105708E-28));
#2168=DIRECTION('',(-2.18191521908174E-14,-1.,4.31229126481468E-14));
#2169=DIRECTION('center_axis',(-1.63034089538134E-14,-1.,3.30707683460196E-14));
#2170=DIRECTION('ref_axis',(1.,-2.18191521908174E-14,9.87378910511515E-28));
#2171=DIRECTION('center_axis',(-2.18191521908174E-14,-1.,4.31229126481468E-14));
#2172=DIRECTION('ref_axis',(-0.996794863550168,1.82993858189739E-14,-0.0800000000000125));
#2173=DIRECTION('',(2.18191521908174E-14,1.,-4.31229126481468E-14));
#2174=DIRECTION('center_axis',(-1.63034089538134E-14,-1.,3.30707683460196E-14));
#2175=DIRECTION('ref_axis',(-0.996794863550168,1.46958796879622E-14,-0.0800000000000125));
#2176=DIRECTION('center_axis',(5.6889845889673E-29,-4.31229126481468E-14,
-1.));
#2177=DIRECTION('ref_axis',(-1.,1.63034089538134E-14,-7.59940326071983E-28));
#2178=DIRECTION('',(2.18191521908174E-14,1.,-4.31229126481468E-14));
#2179=DIRECTION('',(-1.,1.63034089538134E-14,-7.59940326071983E-28));
#2180=DIRECTION('center_axis',(1.,-2.18191521908174E-14,9.42350192919065E-28));
#2181=DIRECTION('ref_axis',(2.20774065309997E-28,-3.30707683460196E-14,
-1.));
#2182=DIRECTION('',(2.18191521908174E-14,1.,-4.31229126481468E-14));
#2183=DIRECTION('',(2.20774065309997E-28,-3.30707683460196E-14,-1.));
#2184=DIRECTION('center_axis',(-5.6889845889673E-29,4.31229126481468E-14,
1.));
#2185=DIRECTION('ref_axis',(1.,-1.63034089538134E-14,7.59940326071983E-28));
#2186=DIRECTION('',(2.18191521908174E-14,1.,-4.31229126481468E-14));
#2187=DIRECTION('',(1.,-1.63034089538134E-14,7.59940326071983E-28));
#2188=DIRECTION('center_axis',(-2.18191521908174E-14,-1.,4.31229126481468E-14));
#2189=DIRECTION('ref_axis',(0.99968745115661,-2.0734259823832E-14,0.0250000000000163));
#2190=DIRECTION('',(2.18191521908174E-14,1.,-4.31229126481468E-14));
#2191=DIRECTION('center_axis',(-1.63034089538134E-14,-1.,3.30707683460196E-14));
#2192=DIRECTION('ref_axis',(0.99968745115661,-1.66446021289118E-14,0.0250000000000163));
#2193=DIRECTION('center_axis',(-1.63034089538134E-14,-1.,3.30707683460196E-14));
#2194=DIRECTION('ref_axis',(1.121154206816E-29,-3.30707683460196E-14,-1.));
#2195=DIRECTION('',(-1.,1.63034089538123E-14,-3.22973970800053E-14));
#2196=DIRECTION('center_axis',(1.63034089538134E-14,1.,-3.30707683460196E-14));
#2197=DIRECTION('ref_axis',(1.,-1.75128325801501E-14,8.01677866105708E-28));
#2198=DIRECTION('center_axis',(-1.63034089538134E-14,-1.,3.30707683460196E-14));
#2199=DIRECTION('ref_axis',(1.,-1.63034089538134E-14,7.59940326071983E-28));
#2200=DIRECTION('center_axis',(1.63034089538134E-14,1.,-3.30707683460196E-14));
#2201=DIRECTION('ref_axis',(1.,-1.63034089538134E-14,7.59940326071983E-28));
#2202=DIRECTION('center_axis',(-1.63034089538134E-14,-1.,3.30707683460196E-14));
#2203=DIRECTION('ref_axis',(1.,-1.63034089538134E-14,7.59940326071983E-28));
#2204=DIRECTION('center_axis',(1.63034089538134E-14,1.,-3.30707683460196E-14));
#2205=DIRECTION('ref_axis',(1.,-1.63034089538134E-14,7.59940326071983E-28));
#2206=DIRECTION('center_axis',(-1.63034089538134E-14,-1.,3.30707683460196E-14));
#2207=DIRECTION('ref_axis',(1.,-1.63034089538134E-14,7.59940326071983E-28));
#2208=DIRECTION('center_axis',(1.63034089538134E-14,1.,-3.30707683460196E-14));
#2209=DIRECTION('ref_axis',(1.,-1.63034089538134E-14,7.59940326071983E-28));
#2210=DIRECTION('center_axis',(-1.63034089538134E-14,-1.,3.30707683460196E-14));
#2211=DIRECTION('ref_axis',(1.,-1.63034089538134E-14,7.59940326071983E-28));
#2212=DIRECTION('center_axis',(1.63034089538134E-14,1.,-3.30707683460196E-14));
#2213=DIRECTION('ref_axis',(1.,-1.63034089538134E-14,7.59940326071983E-28));
#2214=DIRECTION('center_axis',(-1.58979627261499E-14,-1.,3.12805337188118E-14));
#2215=DIRECTION('ref_axis',(1.,-1.58979627261499E-14,7.47257751676389E-28));
#2216=DIRECTION('',(-1.58979627261499E-14,-1.,3.12805337188118E-14));
#2217=DIRECTION('center_axis',(1.63034089538134E-14,1.,-3.30707683460196E-14));
#2218=DIRECTION('ref_axis',(1.,-1.63034089538134E-14,7.59940326071983E-28));
#2219=DIRECTION('center_axis',(-1.58979627261499E-14,-1.,3.12805337188118E-14));
#2220=DIRECTION('ref_axis',(1.,-1.58979627261499E-14,7.47257751676388E-28));
#2221=DIRECTION('',(-1.58979627261499E-14,-1.,3.12805337188118E-14));
#2222=DIRECTION('center_axis',(1.63034089538134E-14,1.,-3.30707683460196E-14));
#2223=DIRECTION('ref_axis',(1.,-1.63034089538134E-14,7.59940326071983E-28));
#2224=DIRECTION('center_axis',(-1.58979627261499E-14,-1.,3.12805337188118E-14));
#2225=DIRECTION('ref_axis',(1.,-1.58979627261499E-14,7.47257751676389E-28));
#2226=DIRECTION('',(-1.58979627261499E-14,-1.,3.12805337188118E-14));
#2227=DIRECTION('center_axis',(1.63034089538134E-14,1.,-3.30707683460196E-14));
#2228=DIRECTION('ref_axis',(1.,-1.63034089538134E-14,7.59940326071983E-28));
#2229=DIRECTION('center_axis',(-1.58979627261499E-14,-1.,3.12805337188118E-14));
#2230=DIRECTION('ref_axis',(1.,-1.58979627261499E-14,7.47257751676389E-28));
#2231=DIRECTION('',(-1.58979627261499E-14,-1.,3.12805337188118E-14));
#2232=DIRECTION('center_axis',(1.63034089538134E-14,1.,-3.30707683460196E-14));
#2233=DIRECTION('ref_axis',(1.,-1.63034089538134E-14,7.59940326071983E-28));
#2234=DIRECTION('center_axis',(-1.58979627261499E-14,-1.,3.12805337188118E-14));
#2235=DIRECTION('ref_axis',(1.,-1.58979627261499E-14,7.47257751676389E-28));
#2236=DIRECTION('',(-1.58979627261499E-14,-1.,3.12805337188118E-14));
#2237=DIRECTION('center_axis',(1.63034089538134E-14,1.,-3.30707683460196E-14));
#2238=DIRECTION('ref_axis',(1.,-1.63034089538134E-14,7.59940326071983E-28));
#2239=DIRECTION('center_axis',(-1.58979627261499E-14,-1.,3.12805337188118E-14));
#2240=DIRECTION('ref_axis',(1.,-1.58979627261499E-14,7.47257751676388E-28));
#2241=DIRECTION('',(-1.58979627261499E-14,-1.,3.12805337188118E-14));
#2242=DIRECTION('center_axis',(-1.63034089538134E-14,-1.,3.30707683460196E-14));
#2243=DIRECTION('ref_axis',(1.,-1.63034089538134E-14,7.59940326071983E-28));
#2244=DIRECTION('center_axis',(-1.63034089538134E-14,-1.,3.30707683460196E-14));
#2245=DIRECTION('ref_axis',(1.,-1.63034089538134E-14,7.59940326071983E-28));
#2246=DIRECTION('center_axis',(-1.1842378929335E-14,-1.,2.368475785867E-14));
#2247=DIRECTION('ref_axis',(1.,-1.1842378929335E-14,6.54116420124349E-28));
#2248=DIRECTION('center_axis',(1.7358122166339E-14,1.,-3.37369021607972E-14));
#2249=DIRECTION('ref_axis',(1.,-1.61486985400023E-14,7.56110557365045E-28));
#2250=DIRECTION('',(1.1842378929335E-14,1.,-2.368475785867E-14));
#2251=DIRECTION('center_axis',(-1.7358122166339E-14,-1.,3.37369021607972E-14));
#2252=DIRECTION('ref_axis',(1.,-1.1842378929335E-14,6.54116420124349E-28));
#2253=DIRECTION('center_axis',(-1.1842378929335E-14,-1.,2.368475785867E-14));
#2254=DIRECTION('ref_axis',(1.,-1.1842378929335E-14,6.54116420124349E-28));
#2255=DIRECTION('center_axis',(1.7358122166339E-14,1.,-3.37369021607972E-14));
#2256=DIRECTION('ref_axis',(1.,-1.61486985400023E-14,7.56110557365045E-28));
#2257=DIRECTION('',(1.1842378929335E-14,1.,-2.368475785867E-14));
#2258=DIRECTION('center_axis',(-1.7358122166339E-14,-1.,3.37369021607972E-14));
#2259=DIRECTION('ref_axis',(1.,-1.1842378929335E-14,6.54116420124349E-28));
#2260=DIRECTION('center_axis',(-1.1842378929335E-14,-1.,2.368475785867E-14));
#2261=DIRECTION('ref_axis',(1.,-1.1842378929335E-14,6.54116420124349E-28));
#2262=DIRECTION('center_axis',(1.7358122166339E-14,1.,-3.37369021607972E-14));
#2263=DIRECTION('ref_axis',(1.,-1.61486985400023E-14,7.56110557365045E-28));
#2264=DIRECTION('',(1.1842378929335E-14,1.,-2.368475785867E-14));
#2265=DIRECTION('center_axis',(-1.7358122166339E-14,-1.,3.37369021607972E-14));
#2266=DIRECTION('ref_axis',(1.,-1.1842378929335E-14,6.54116420124349E-28));
#2267=DIRECTION('center_axis',(-1.1842378929335E-14,-1.,2.368475785867E-14));
#2268=DIRECTION('ref_axis',(1.,-1.1842378929335E-14,6.54116420124349E-28));
#2269=DIRECTION('center_axis',(1.7358122166339E-14,1.,-3.37369021607972E-14));
#2270=DIRECTION('ref_axis',(1.,-1.61486985400023E-14,7.56110557365045E-28));
#2271=DIRECTION('',(1.1842378929335E-14,1.,-2.368475785867E-14));
#2272=DIRECTION('center_axis',(-1.7358122166339E-14,-1.,3.37369021607972E-14));
#2273=DIRECTION('ref_axis',(1.,-1.1842378929335E-14,6.54116420124349E-28));
#2274=DIRECTION('center_axis',(-1.1842378929335E-14,-1.,2.368475785867E-14));
#2275=DIRECTION('ref_axis',(-0.996794863550168,9.90964186028198E-15,-0.0800000000000125));
#2276=DIRECTION('center_axis',(-1.7358122166339E-14,-1.,3.37369021607972E-14));
#2277=DIRECTION('ref_axis',(-0.996794863550168,1.35131479912936E-14,-0.0800000000000125));
#2278=DIRECTION('',(-1.1842378929335E-14,-1.,2.368475785867E-14));
#2279=DIRECTION('center_axis',(-3.84048872071829E-28,2.368475785867E-14,
1.));
#2280=DIRECTION('ref_axis',(-1.,1.7358122166339E-14,-7.9517179246278E-28));
#2281=DIRECTION('',(-1.,1.7358122166339E-14,-7.9517179246278E-28));
#2282=DIRECTION('',(-1.1842378929335E-14,-1.,2.368475785867E-14));
#2283=DIRECTION('center_axis',(-1.,1.1842378929335E-14,-6.09087702531899E-28));
#2284=DIRECTION('ref_axis',(2.09562523241837E-28,-3.37369021607972E-14,
-1.));
#2285=DIRECTION('',(2.09562523241837E-28,-3.37369021607972E-14,-1.));
#2286=DIRECTION('',(-1.1842378929335E-14,-1.,2.368475785867E-14));
#2287=DIRECTION('center_axis',(3.84048872071829E-28,-2.368475785867E-14,
-1.));
#2288=DIRECTION('ref_axis',(1.,-1.7358122166339E-14,7.9517179246278E-28));
#2289=DIRECTION('',(1.,-1.7358122166339E-14,7.9517179246278E-28));
#2290=DIRECTION('',(-1.1842378929335E-14,-1.,2.368475785867E-14));
#2291=DIRECTION('center_axis',(-1.1842378929335E-14,-1.,2.368475785867E-14));
#2292=DIRECTION('ref_axis',(0.99968745115661,-1.12465586610305E-14,0.0250000000000163));
#2293=DIRECTION('center_axis',(-1.7358122166339E-14,-1.,3.37369021607972E-14));
#2294=DIRECTION('ref_axis',(0.99968745115661,-1.53362163559507E-14,0.0250000000000163));
#2295=DIRECTION('',(-1.1842378929335E-14,-1.,2.368475785867E-14));
#2296=DIRECTION('center_axis',(-3.2297397080005E-14,2.36847578586704E-14,
1.));
#2297=DIRECTION('ref_axis',(-1.,1.73581221663379E-14,-3.22973970800054E-14));
#2298=DIRECTION('',(1.,-1.73581221663379E-14,3.22973970800054E-14));
#2299=DIRECTION('center_axis',(-1.7358122166339E-14,-1.,3.37369021607972E-14));
#2300=DIRECTION('ref_axis',(0.,-3.37369021607972E-14,-1.));
#2301=DIRECTION('center_axis',(1.7358122166339E-14,1.,-3.37369021607972E-14));
#2302=DIRECTION('ref_axis',(1.,-1.61486985400023E-14,7.56110557365045E-28));
#2303=DIRECTION('center_axis',(-1.7358122166339E-14,-1.,3.37369021607972E-14));
#2304=DIRECTION('ref_axis',(1.,-1.7358122166339E-14,7.9517179246278E-28));
#2305=DIRECTION('center_axis',(1.7358122166339E-14,1.,-3.37369021607972E-14));
#2306=DIRECTION('ref_axis',(1.,-1.7358122166339E-14,7.9517179246278E-28));
#2307=DIRECTION('center_axis',(-1.7358122166339E-14,-1.,3.37369021607972E-14));
#2308=DIRECTION('ref_axis',(1.,-1.7358122166339E-14,7.9517179246278E-28));
#2309=DIRECTION('center_axis',(1.7358122166339E-14,1.,-3.37369021607972E-14));
#2310=DIRECTION('ref_axis',(1.,-1.7358122166339E-14,7.9517179246278E-28));
#2311=DIRECTION('center_axis',(-1.7358122166339E-14,-1.,3.37369021607972E-14));
#2312=DIRECTION('ref_axis',(1.,-1.7358122166339E-14,7.9517179246278E-28));
#2313=DIRECTION('center_axis',(1.7358122166339E-14,1.,-3.37369021607972E-14));
#2314=DIRECTION('ref_axis',(1.,-1.7358122166339E-14,7.9517179246278E-28));
#2315=DIRECTION('center_axis',(-1.7358122166339E-14,-1.,3.37369021607972E-14));
#2316=DIRECTION('ref_axis',(1.,-1.7358122166339E-14,7.9517179246278E-28));
#2317=DIRECTION('center_axis',(1.7358122166339E-14,1.,-3.37369021607972E-14));
#2318=DIRECTION('ref_axis',(1.,-1.7358122166339E-14,7.9517179246278E-28));
#2319=DIRECTION('center_axis',(-1.77635683940025E-14,-1.,3.5527136788005E-14));
#2320=DIRECTION('ref_axis',(1.,-1.77635683940025E-14,8.09576136053163E-28));
#2321=DIRECTION('',(1.77635683940025E-14,1.,-3.5527136788005E-14));
#2322=DIRECTION('center_axis',(1.7358122166339E-14,1.,-3.37369021607972E-14));
#2323=DIRECTION('ref_axis',(1.,-1.7358122166339E-14,7.9517179246278E-28));
#2324=DIRECTION('center_axis',(-1.77635683940025E-14,-1.,3.5527136788005E-14));
#2325=DIRECTION('ref_axis',(1.,-1.77635683940025E-14,8.09576136053163E-28));
#2326=DIRECTION('',(1.77635683940025E-14,1.,-3.5527136788005E-14));
#2327=DIRECTION('center_axis',(1.7358122166339E-14,1.,-3.37369021607972E-14));
#2328=DIRECTION('ref_axis',(1.,-1.7358122166339E-14,7.9517179246278E-28));
#2329=DIRECTION('center_axis',(-1.77635683940025E-14,-1.,3.5527136788005E-14));
#2330=DIRECTION('ref_axis',(1.,-1.77635683940025E-14,8.09576136053163E-28));
#2331=DIRECTION('',(1.77635683940025E-14,1.,-3.5527136788005E-14));
#2332=DIRECTION('center_axis',(1.7358122166339E-14,1.,-3.37369021607972E-14));
#2333=DIRECTION('ref_axis',(1.,-1.7358122166339E-14,7.9517179246278E-28));
#2334=DIRECTION('center_axis',(-1.77635683940025E-14,-1.,3.5527136788005E-14));
#2335=DIRECTION('ref_axis',(1.,-1.77635683940025E-14,8.09576136053163E-28));
#2336=DIRECTION('',(1.77635683940025E-14,1.,-3.5527136788005E-14));
#2337=DIRECTION('center_axis',(1.7358122166339E-14,1.,-3.37369021607972E-14));
#2338=DIRECTION('ref_axis',(1.,-1.7358122166339E-14,7.9517179246278E-28));
#2339=DIRECTION('center_axis',(-1.77635683940025E-14,-1.,3.5527136788005E-14));
#2340=DIRECTION('ref_axis',(1.,-1.77635683940025E-14,8.09576136053163E-28));
#2341=DIRECTION('',(1.77635683940025E-14,1.,-3.5527136788005E-14));
#2342=DIRECTION('center_axis',(1.7358122166339E-14,1.,-3.37369021607972E-14));
#2343=DIRECTION('ref_axis',(1.,-1.7358122166339E-14,7.9517179246278E-28));
#2344=DIRECTION('center_axis',(-1.77635683940025E-14,-1.,3.5527136788005E-14));
#2345=DIRECTION('ref_axis',(1.,-1.77635683940025E-14,8.09576136053163E-28));
#2346=DIRECTION('',(1.77635683940025E-14,1.,-3.5527136788005E-14));
#2347=DIRECTION('center_axis',(-1.7358122166339E-14,-1.,3.37369021607972E-14));
#2348=DIRECTION('ref_axis',(1.,-1.7358122166339E-14,7.9517179246278E-28));
#2349=DIRECTION('center_axis',(-1.7358122166339E-14,-1.,3.37369021607972E-14));
#2350=DIRECTION('ref_axis',(1.,-1.7358122166339E-14,7.9517179246278E-28));
#2351=CARTESIAN_POINT('',(0.,0.,0.));
#2352=CARTESIAN_POINT('Origin',(106.199994074404,3.50000000000251,173.050000000002));
#2353=CARTESIAN_POINT('',(104.199994074405,3.50000000000257,150.750000000002));
#2354=CARTESIAN_POINT('',(104.199994074405,3.50000000000251,173.050000000002));
#2355=CARTESIAN_POINT('',(104.199994074405,3.50000000000253,166.050000000002));
#2356=CARTESIAN_POINT('',(106.199994074404,3.50000000000257,150.750000000002));
#2357=CARTESIAN_POINT('',(106.199994074404,3.50000000000257,150.750000000002));
#2358=CARTESIAN_POINT('',(106.199994074404,3.50000000000251,173.050000000002));
#2359=CARTESIAN_POINT('',(106.199994074405,3.50000000000251,176.050000000002));
#2360=CARTESIAN_POINT('',(106.199994074404,3.50000000000251,173.050000000002));
#2361=CARTESIAN_POINT('Origin',(106.199994074404,2.52508996302075E-12,173.050000000002));
#2362=CARTESIAN_POINT('',(104.199994074404,-3.49999999999746,173.050000000002));
#2363=CARTESIAN_POINT('Origin',(104.199994074404,2.52508996302075E-12,173.050000000002));
#2364=CARTESIAN_POINT('',(106.199994074404,-3.49999999999746,173.050000000002));
#2365=CARTESIAN_POINT('Origin',(106.199994074404,2.52508996302075E-12,173.050000000002));
#2366=CARTESIAN_POINT('',(106.199994074404,-3.49999999999746,173.050000000002));
#2367=CARTESIAN_POINT('Origin',(106.199994074404,-3.49999999999743,150.750000000002));
#2368=CARTESIAN_POINT('',(104.199994074404,-3.49999999999743,150.750000000002));
#2369=CARTESIAN_POINT('',(104.199994074404,-3.49999999999744,154.900000000002));
#2370=CARTESIAN_POINT('',(106.199994074404,-3.49999999999743,150.750000000002));
#2371=CARTESIAN_POINT('',(106.199994074404,-3.49999999999747,164.900000000002));
#2372=CARTESIAN_POINT('',(106.199994074404,-3.49999999999743,150.750000000002));
#2373=CARTESIAN_POINT('Origin',(106.199994074404,2.56673529965538E-12,150.750000000002));
#2374=CARTESIAN_POINT('Origin',(104.199994074404,2.56673529965538E-12,150.750000000002));
#2375=CARTESIAN_POINT('Origin',(106.199994074404,2.56673529965538E-12,150.750000000002));
#2376=CARTESIAN_POINT('Origin',(106.200000000001,8.00000000000019,176.550000000002));
#2377=CARTESIAN_POINT('',(106.199994074405,9.00000000000018,176.550000000002));
#2378=CARTESIAN_POINT('Origin',(106.199994074405,8.00000000000019,176.550000000002));
#2379=CARTESIAN_POINT('',(104.199994074404,9.00000000000023,176.550000000002));
#2380=CARTESIAN_POINT('',(106.200000000001,9.00000000000018,176.550000000002));
#2381=CARTESIAN_POINT('Origin',(104.199994074404,8.00000000000024,176.550000000002));
#2382=CARTESIAN_POINT('Origin',(106.2,-7.99999999999968,176.550000000002));
#2383=CARTESIAN_POINT('',(106.199994074404,-6.99999999999966,176.550000000002));
#2384=CARTESIAN_POINT('Origin',(106.199994074404,-7.99999999999968,176.550000000002));
#2385=CARTESIAN_POINT('',(104.199994074404,-6.99999999999962,176.550000000002));
#2386=CARTESIAN_POINT('',(106.2,-6.99999999999966,176.550000000002));
#2387=CARTESIAN_POINT('Origin',(104.199994074404,-7.99999999999963,176.550000000002));
#2388=CARTESIAN_POINT('Origin',(94.1999940744036,-17.9999999999986,161.05));
#2389=CARTESIAN_POINT('',(104.199994074404,-17.9999999999991,161.05));
#2390=CARTESIAN_POINT('',(94.1999940744036,-17.9999999999986,161.05));
#2391=CARTESIAN_POINT('',(91.7542583969274,-18.,161.05));
#2392=CARTESIAN_POINT('',(104.199994074404,-15.4999999999991,161.05));
#2393=CARTESIAN_POINT('',(104.199994074404,-17.9999999999991,161.05));
#2394=CARTESIAN_POINT('',(94.1999940744037,-15.4999999999986,161.05));
#2395=CARTESIAN_POINT('',(91.7542583969275,-15.5,161.05));
#2396=CARTESIAN_POINT('',(94.1999940744036,-17.9999999999986,161.05));
#2397=CARTESIAN_POINT('Origin',(94.1999940744036,-17.9999999999988,165.0500000596));
#2398=CARTESIAN_POINT('',(94.1999940744036,-17.9999999999988,165.0500000596));
#2399=CARTESIAN_POINT('',(94.1999940744036,-17.9999999999998,167.050000029801));
#2400=CARTESIAN_POINT('',(94.1999940744037,-15.4999999999988,165.0500000596));
#2401=CARTESIAN_POINT('',(94.1999940744037,-15.4999999999998,167.050000029801));
#2402=CARTESIAN_POINT('',(94.1999940744036,-17.9999999999988,165.0500000596));
#2403=CARTESIAN_POINT('Origin',(104.199994074404,-17.9999999999992,165.0500000596));
#2404=CARTESIAN_POINT('',(104.199994074404,-17.9999999999992,165.0500000596));
#2405=CARTESIAN_POINT('',(96.7542583969274,-17.9999999999999,165.0500000596));
#2406=CARTESIAN_POINT('',(104.199994074404,-15.4999999999992,165.0500000596));
#2407=CARTESIAN_POINT('',(96.7542583969275,-15.4999999999999,165.0500000596));
#2408=CARTESIAN_POINT('',(104.199994074404,-17.9999999999992,165.0500000596));
#2409=CARTESIAN_POINT('Origin',(89.3085227194513,-15.4999999999996,169.050000000002));
#2410=CARTESIAN_POINT('',(104.199994074404,-15.5000000000002,159.050000000001));
#2411=CARTESIAN_POINT('',(104.199994074404,-15.5000000000001,164.050000000001));
#2412=CARTESIAN_POINT('',(84.3849992752401,-15.4999999999999,159.050000000002));
#2413=CARTESIAN_POINT('',(86.8467609973455,-15.4999999999999,159.050000000002));
#2414=CARTESIAN_POINT('',(74.4170513644984,-15.4999999999994,168.250000000002));
#2415=CARTESIAN_POINT('Origin',(84.3850000000001,-15.4999999999996,169.050000000002));
#2416=CARTESIAN_POINT('',(75.1999942755699,-15.4999999999994,168.250000000002));
#2417=CARTESIAN_POINT('',(82.2542584975106,-15.4999999999995,168.250000000002));
#2418=CARTESIAN_POINT('',(75.1999942755699,-15.4999999999994,169.850000000002));
#2419=CARTESIAN_POINT('',(75.1999942755699,-15.4999999999994,169.450000000002));
#2420=CARTESIAN_POINT('',(74.4170513644983,-15.4999999999994,169.850000000002));
#2421=CARTESIAN_POINT('',(81.8627870419748,-15.4999999999995,169.850000000002));
#2422=CARTESIAN_POINT('',(84.3850007038549,-15.4999999999992,179.050000000002));
#2423=CARTESIAN_POINT('Origin',(84.3850000000001,-15.4999999999996,169.050000000002));
#2424=CARTESIAN_POINT('',(104.199994074404,-15.4999999999996,179.050000000002));
#2425=CARTESIAN_POINT('',(96.7542583969276,-15.4999999999994,179.050000000002));
#2426=CARTESIAN_POINT('',(104.199994074404,-15.5000000000001,164.050000000001));
#2427=CARTESIAN_POINT('',(76.3850000000001,-15.4999999999994,169.050000000002));
#2428=CARTESIAN_POINT('Origin',(84.3850000000001,-15.4999999999996,169.050000000002));
#2429=CARTESIAN_POINT('Origin',(106.200000000001,-10.0999999999992,154.800000000002));
#2430=CARTESIAN_POINT('',(106.200000000001,-6.01715728752679,154.800000000002));
#2431=CARTESIAN_POINT('',(104.200000000001,-6.01715728752674,154.800000000002));
#2432=CARTESIAN_POINT('',(106.200000000001,-6.0171572875268,154.800000000002));
#2433=CARTESIAN_POINT('',(106.200000000001,-5.89999999999924,154.800000000002));
#2434=CARTESIAN_POINT('',(106.199994074404,-14.0499999999992,154.800000000002));
#2435=CARTESIAN_POINT('',(104.200000000001,-5.89999999999919,154.800000000002));
#2436=CARTESIAN_POINT('',(106.200000000001,-5.89999999999924,154.800000000002));
#2437=CARTESIAN_POINT('',(104.199994074404,-14.0499999999997,154.800000000002));
#2438=CARTESIAN_POINT('Origin',(106.200000000001,-5.89999999999924,154.800000000002));
#2439=CARTESIAN_POINT('',(104.200000000001,-5.89999999999919,154.917157287531));
#2440=CARTESIAN_POINT('',(106.200000000001,-5.89999999999924,154.917157287531));
#2441=CARTESIAN_POINT('',(106.200000000001,-5.89999999999924,154.917157287531));
#2442=CARTESIAN_POINT('',(104.199994074404,-5.89999999999923,156.925000000002));
#2443=CARTESIAN_POINT('',(106.199994074404,-5.89999999999944,166.925000000002));
#2444=CARTESIAN_POINT('Origin',(106.200000000001,-5.89999999999924,154.800000000002));
#2445=CARTESIAN_POINT('',(106.200000000001,-5.89999999999931,159.050000000001));
#2446=CARTESIAN_POINT('',(104.199994074404,-5.89999999999926,159.050000000001));
#2447=CARTESIAN_POINT('',(95.2924996376206,-5.89999999999905,159.050000000001));
#2448=CARTESIAN_POINT('',(106.200000000001,-5.89999999999942,165.400000000002));
#2449=CARTESIAN_POINT('',(106.199994074404,-5.89999999999944,166.925000000002));
#2450=CARTESIAN_POINT('',(104.200000000001,-5.89999999999937,165.400000000002));
#2451=CARTESIAN_POINT('',(106.200000000001,-5.89999999999942,165.400000000002));
#2452=CARTESIAN_POINT('',(104.199994074404,-5.89999999999923,156.925000000002));
#2453=CARTESIAN_POINT('Origin',(106.2,-10.0999999999994,165.400000000002));
#2454=CARTESIAN_POINT('',(104.199994074404,-10.0999999999992,159.050000000001));
#2455=CARTESIAN_POINT('',(106.200000000001,-10.0999999999993,159.050000000001));
#2456=CARTESIAN_POINT('',(95.2924996376202,-10.099999999999,159.050000000001));
#2457=CARTESIAN_POINT('',(104.2,-10.0999999999994,165.400000000002));
#2458=CARTESIAN_POINT('',(104.199994074404,-10.0999999999993,162.225000000002));
#2459=CARTESIAN_POINT('',(106.2,-10.0999999999994,165.400000000002));
#2460=CARTESIAN_POINT('',(106.2,-10.0999999999994,165.400000000002));
#2461=CARTESIAN_POINT('',(106.199994074404,-10.0999999999995,172.225000000002));
#2462=CARTESIAN_POINT('Origin',(106.200000000001,-5.89999999999942,165.400000000002));
#2463=CARTESIAN_POINT('',(106.199994074404,-11.9499999999994,165.400000000002));
#2464=CARTESIAN_POINT('',(104.199994074404,-11.9499999999999,165.400000000002));
#2465=CARTESIAN_POINT('Origin',(84.38499927524,-16.4999999999999,159.050000000002));
#2466=CARTESIAN_POINT('',(106.199994074404,-18.0000000000003,159.050000000001));
#2467=CARTESIAN_POINT('',(106.199994074404,-18.0000000000003,159.050000000001));
#2468=CARTESIAN_POINT('',(84.38499927524,-17.9999999999999,159.050000000002));
#2469=CARTESIAN_POINT('',(86.8467609973455,-17.9999999999999,159.050000000002));
#2470=CARTESIAN_POINT('',(84.38499927524,-16.4999999999999,159.050000000002));
#2471=CARTESIAN_POINT('',(104.199994074404,-18.0000000000002,159.050000000001));
#2472=CARTESIAN_POINT('Origin',(84.38499927524,-16.4999999999999,159.050000000002));
#2473=CARTESIAN_POINT('',(104.199994074404,-5.79999999999941,159.050000000001));
#2474=CARTESIAN_POINT('',(104.199994074404,-18.0000000000002,159.050000000001));
#2475=CARTESIAN_POINT('',(106.199994074404,-5.79999999999946,159.050000000001));
#2476=CARTESIAN_POINT('',(95.2924996376206,-5.7999999999992,159.050000000001));
#2477=CARTESIAN_POINT('',(106.199994074404,-18.0000000000003,159.050000000001));
#2478=CARTESIAN_POINT('Origin',(106.200000000001,-6.21715728752438,154.600000000002));
#2479=CARTESIAN_POINT('',(106.200000000001,-5.79999999999939,155.017157287532));
#2480=CARTESIAN_POINT('',(106.200000000001,-6.21715728752438,154.600000000002));
#2481=CARTESIAN_POINT('',(104.200000000001,-5.79999999999934,155.017157287532));
#2482=CARTESIAN_POINT('',(106.200000000001,-5.79999999999939,155.017157287532));
#2483=CARTESIAN_POINT('',(104.200000000001,-6.21715728752434,154.600000000002));
#2484=CARTESIAN_POINT('Origin',(106.200000000001,-6.21715728752438,154.600000000002));
#2485=CARTESIAN_POINT('',(104.200000000001,-6.21715728752434,154.600000000002));
#2486=CARTESIAN_POINT('',(104.200000000001,-6.21715728752434,154.600000000002));
#2487=CARTESIAN_POINT('',(106.200000000001,-6.21715728752438,154.600000000002));
#2488=CARTESIAN_POINT('',(106.200000000001,-6.21715728752438,154.600000000002));
#2489=CARTESIAN_POINT('',(106.200000000001,-6.21715728752438,154.600000000002));
#2490=CARTESIAN_POINT('Origin',(104.199994074404,-18.0000000000002,159.050000000001));
#2491=CARTESIAN_POINT('',(104.199994074404,-18.,165.050000000001));
#2492=CARTESIAN_POINT('',(104.199994074405,15.5000000000005,179.050000000001));
#2493=CARTESIAN_POINT('',(104.199994074404,-17.9999999999996,179.050000000002));
#2494=CARTESIAN_POINT('',(104.199994074404,15.5000000000003,165.050000059601));
#2495=CARTESIAN_POINT('',(104.199994074405,15.5,164.05));
#2496=CARTESIAN_POINT('',(104.199994074404,18.0000000000003,165.050000059601));
#2497=CARTESIAN_POINT('',(104.199994074404,18.0000000000003,165.050000059601));
#2498=CARTESIAN_POINT('',(104.199994074404,18.0000000000003,161.050000000001));
#2499=CARTESIAN_POINT('',(104.199994074404,18.,165.050000000001));
#2500=CARTESIAN_POINT('',(104.199994074404,15.5000000000003,161.050000000001));
#2501=CARTESIAN_POINT('',(104.199994074404,18.0000000000003,161.050000000001));
#2502=CARTESIAN_POINT('',(104.199994074405,15.4999999999998,159.05));
#2503=CARTESIAN_POINT('',(104.199994074405,15.5,164.05));
#2504=CARTESIAN_POINT('',(104.200000000001,10.1000000000005,159.050000000001));
#2505=CARTESIAN_POINT('',(104.199994074404,-18.0000000000002,159.050000000001));
#2506=CARTESIAN_POINT('',(104.200000000001,10.1000000000004,165.400000000002));
#2507=CARTESIAN_POINT('',(104.199994074405,10.1000000000005,162.225000000002));
#2508=CARTESIAN_POINT('',(104.200000000001,5.90000000000044,165.400000000002));
#2509=CARTESIAN_POINT('',(104.199994074404,-6.04999999999996,165.400000000002));
#2510=CARTESIAN_POINT('',(104.200000000001,5.90000000000055,159.050000000001));
#2511=CARTESIAN_POINT('',(104.199994074405,5.90000000000059,156.925000000002));
#2512=CARTESIAN_POINT('',(104.199994074405,5.80000000000055,159.05));
#2513=CARTESIAN_POINT('',(104.199994074404,-18.0000000000002,159.050000000001));
#2514=CARTESIAN_POINT('',(104.200000000001,5.80000000000062,155.017157287532));
#2515=CARTESIAN_POINT('',(104.200000000001,5.80000000000044,165.082842712477));
#2516=CARTESIAN_POINT('',(104.200000000001,5.90000000000062,154.917157287531));
#2517=CARTESIAN_POINT('',(104.200000000001,5.80000000000062,155.017157287532));
#2518=CARTESIAN_POINT('',(104.200000000001,5.90000000000062,154.800000000002));
#2519=CARTESIAN_POINT('',(104.199994074405,5.90000000000059,156.925000000002));
#2520=CARTESIAN_POINT('',(104.200000000001,6.01715728752801,154.800000000002));
#2521=CARTESIAN_POINT('',(104.199994074404,-3.94999999999978,154.800000000002));
#2522=CARTESIAN_POINT('',(104.200000000001,6.21715728752562,154.600000000002));
#2523=CARTESIAN_POINT('',(104.200000000001,5.80000000000062,155.017157287532));
#2524=CARTESIAN_POINT('',(104.200000000001,9.80000000000061,154.600000000002));
#2525=CARTESIAN_POINT('',(104.200000000001,6.21715728752562,154.600000000002));
#2526=CARTESIAN_POINT('',(104.200000000001,9.80000000000077,145.632842712472));
#2527=CARTESIAN_POINT('',(104.200000000001,9.80000000000061,154.600000000002));
#2528=CARTESIAN_POINT('',(104.200000000001,8.91715728752579,144.750000000002));
#2529=CARTESIAN_POINT('',(104.200000000001,9.80000000000077,145.632842712472));
#2530=CARTESIAN_POINT('',(104.200000000001,-8.91715728752416,144.750000000002));
#2531=CARTESIAN_POINT('',(104.200000000001,8.91715728752579,144.750000000002));
#2532=CARTESIAN_POINT('',(104.200000000001,-9.79999999999917,145.632842712472));
#2533=CARTESIAN_POINT('',(104.200000000001,-8.91715728752416,144.750000000002));
#2534=CARTESIAN_POINT('',(104.200000000001,-9.79999999999933,154.600000000002));
#2535=CARTESIAN_POINT('',(104.200000000001,-9.79999999999917,145.632842712472));
#2536=CARTESIAN_POINT('',(104.200000000001,-9.79999999999933,154.600000000002));
#2537=CARTESIAN_POINT('',(104.200000000001,-5.79999999999934,155.017157287532));
#2538=CARTESIAN_POINT('',(104.200000000001,9.00000000000076,146.550000000002));
#2539=CARTESIAN_POINT('Origin',(104.200000000001,8.00000000000076,146.550000000002));
#2540=CARTESIAN_POINT('',(104.200000000001,-6.99999999999919,146.550000000002));
#2541=CARTESIAN_POINT('Origin',(104.200000000001,-7.99999999999919,146.550000000002));
#2542=CARTESIAN_POINT('Origin',(106.200000000001,5.90000000000058,154.800000000002));
#2543=CARTESIAN_POINT('',(106.200000000001,5.90000000000057,154.917157287531));
#2544=CARTESIAN_POINT('',(106.200000000001,5.90000000000057,154.917157287531));
#2545=CARTESIAN_POINT('',(106.200000000001,5.90000000000058,154.800000000002));
#2546=CARTESIAN_POINT('',(106.199994074405,5.90000000000037,166.925000000002));
#2547=CARTESIAN_POINT('',(106.200000000001,5.90000000000058,154.800000000002));
#2548=CARTESIAN_POINT('Origin',(106.200000000001,10.1000000000004,165.400000000002));
#2549=CARTESIAN_POINT('',(106.200000000001,10.1000000000005,159.050000000001));
#2550=CARTESIAN_POINT('',(95.2924996376207,10.1000000000008,159.050000000001));
#2551=CARTESIAN_POINT('',(106.200000000001,10.1000000000004,165.400000000002));
#2552=CARTESIAN_POINT('',(106.199994074405,10.1000000000003,172.225000000003));
#2553=CARTESIAN_POINT('',(106.200000000001,10.1000000000004,165.400000000002));
#2554=CARTESIAN_POINT('Origin',(106.200000000001,5.90000000000039,165.400000000002));
#2555=CARTESIAN_POINT('',(106.200000000001,5.90000000000039,165.400000000002));
#2556=CARTESIAN_POINT('',(106.199994074404,-6.04999999999949,165.400000000002));
#2557=CARTESIAN_POINT('',(106.200000000001,5.90000000000039,165.400000000002));
#2558=CARTESIAN_POINT('Origin',(106.200000000001,5.90000000000058,154.800000000002));
#2559=CARTESIAN_POINT('',(106.200000000001,5.9000000000005,159.050000000001));
#2560=CARTESIAN_POINT('',(95.2924996376209,5.90000000000077,159.050000000001));
#2561=CARTESIAN_POINT('',(106.199994074405,5.90000000000037,166.925000000002));
#2562=CARTESIAN_POINT('Origin',(106.200000000001,10.1000000000006,154.800000000002));
#2563=CARTESIAN_POINT('',(106.200000000001,6.01715728752798,154.800000000002));
#2564=CARTESIAN_POINT('',(106.200000000001,6.01715728752797,154.800000000002));
#2565=CARTESIAN_POINT('',(106.199994074404,-3.94999999999929,154.800000000002));
#2566=CARTESIAN_POINT('Origin',(84.38499927524,-16.4999999999999,159.050000000002));
#2567=CARTESIAN_POINT('',(106.199994074405,5.8000000000005,159.05));
#2568=CARTESIAN_POINT('',(106.199994074404,-18.0000000000003,159.050000000001));
#2569=CARTESIAN_POINT('',(95.2924996376206,5.80000000000076,159.050000000001));
#2570=CARTESIAN_POINT('Origin',(106.200000000001,5.80000000000057,155.017157287532));
#2571=CARTESIAN_POINT('',(106.200000000001,6.21715728752558,154.600000000002));
#2572=CARTESIAN_POINT('',(106.200000000001,5.80000000000057,155.017157287532));
#2573=CARTESIAN_POINT('',(106.200000000001,6.21715728752558,154.600000000002));
#2574=CARTESIAN_POINT('Origin',(94.1999940744045,18.0000000000003,161.050000000001));
#2575=CARTESIAN_POINT('',(94.1999940744045,18.0000000000003,161.050000000001));
#2576=CARTESIAN_POINT('',(91.7542583969282,18.0000000000001,161.050000000001));
#2577=CARTESIAN_POINT('',(94.1999940744045,15.5000000000003,161.050000000001));
#2578=CARTESIAN_POINT('',(94.1999940744045,18.0000000000003,161.050000000001));
#2579=CARTESIAN_POINT('',(91.7542583969281,15.5000000000001,161.050000000001));
#2580=CARTESIAN_POINT('Origin',(94.1999940744045,18.0000000000003,165.050000059601));
#2581=CARTESIAN_POINT('',(94.1999940744045,18.0000000000003,165.050000059601));
#2582=CARTESIAN_POINT('',(94.1999940744045,18.0000000000003,167.050000029801));
#2583=CARTESIAN_POINT('',(94.1999940744045,15.5000000000003,165.050000059601));
#2584=CARTESIAN_POINT('',(94.1999940744045,18.0000000000003,165.050000059601));
#2585=CARTESIAN_POINT('',(94.1999940744045,15.5000000000003,167.050000029801));
#2586=CARTESIAN_POINT('Origin',(104.199994074404,18.0000000000003,165.050000059601));
#2587=CARTESIAN_POINT('',(96.7542583969282,18.0000000000001,165.050000059601));
#2588=CARTESIAN_POINT('',(96.7542583969281,15.5000000000001,165.050000059601));
#2589=CARTESIAN_POINT('Origin',(89.3085227194518,15.5000000000004,169.050000000001));
#2590=CARTESIAN_POINT('',(84.3850007038554,15.5000000000008,179.050000000001));
#2591=CARTESIAN_POINT('',(96.7542583969281,15.5000000000006,179.050000000001));
#2592=CARTESIAN_POINT('',(74.4170513644989,15.5000000000007,169.850000000001));
#2593=CARTESIAN_POINT('Origin',(84.3850000000006,15.5000000000005,169.050000000001));
#2594=CARTESIAN_POINT('',(75.1999942755704,15.5000000000007,169.850000000001));
#2595=CARTESIAN_POINT('',(81.8627870419753,15.5000000000006,169.850000000001));
#2596=CARTESIAN_POINT('',(75.1999942755704,15.5000000000006,168.250000000001));
#2597=CARTESIAN_POINT('',(75.1999942755704,15.5000000000006,169.450000000001));
#2598=CARTESIAN_POINT('',(74.4170513644989,15.5000000000006,168.250000000001));
#2599=CARTESIAN_POINT('',(82.2542584975111,15.5000000000005,168.250000000001));
#2600=CARTESIAN_POINT('',(84.3849992752406,15.5000000000002,159.050000000001));
#2601=CARTESIAN_POINT('Origin',(84.3850000000006,15.5000000000005,169.050000000001));
#2602=CARTESIAN_POINT('',(86.846760997346,15.5000000000001,159.050000000001));
#2603=CARTESIAN_POINT('',(76.3850000000006,15.5000000000006,169.050000000001));
#2604=CARTESIAN_POINT('Origin',(84.3850000000006,15.5000000000005,169.050000000001));
#2605=CARTESIAN_POINT('Origin',(106.200000000001,5.8000000000004,165.082842712477));
#2606=CARTESIAN_POINT('',(106.200000000001,5.80000000000057,155.017157287532));
#2607=CARTESIAN_POINT('',(106.200000000001,5.8000000000004,165.082842712477));
#2608=CARTESIAN_POINT('',(106.200000000001,5.80000000000057,155.017157287532));
#2609=CARTESIAN_POINT('Origin',(106.200000000001,-7.99999999999924,146.550000000002));
#2610=CARTESIAN_POINT('',(106.200000000001,-6.99999999999924,146.550000000002));
#2611=CARTESIAN_POINT('',(106.200000000001,-6.99999999999924,146.550000000002));
#2612=CARTESIAN_POINT('Origin',(106.200000000001,-7.99999999999924,146.550000000002));
#2613=CARTESIAN_POINT('Origin',(106.200000000001,8.00000000000071,146.550000000002));
#2614=CARTESIAN_POINT('',(106.200000000001,9.00000000000071,146.550000000002));
#2615=CARTESIAN_POINT('',(106.200000000001,9.00000000000071,146.550000000002));
#2616=CARTESIAN_POINT('Origin',(106.200000000001,8.00000000000071,146.550000000002));
#2617=CARTESIAN_POINT('Origin',(106.200000000001,-5.79999999999939,155.017157287532));
#2618=CARTESIAN_POINT('',(106.200000000001,-5.79999999999939,155.017157287532));
#2619=CARTESIAN_POINT('Origin',(106.200000000001,-9.79999999999937,154.600000000002));
#2620=CARTESIAN_POINT('',(106.200000000001,-9.79999999999937,154.600000000002));
#2621=CARTESIAN_POINT('',(106.200000000001,-9.79999999999937,154.600000000002));
#2622=CARTESIAN_POINT('',(106.200000000001,-9.79999999999937,154.600000000002));
#2623=CARTESIAN_POINT('Origin',(106.200000000001,-9.79999999999922,145.632842712472));
#2624=CARTESIAN_POINT('',(106.200000000001,-9.79999999999922,145.632842712472));
#2625=CARTESIAN_POINT('',(106.200000000001,-9.79999999999922,145.632842712472));
#2626=CARTESIAN_POINT('',(106.200000000001,-9.79999999999922,145.632842712472));
#2627=CARTESIAN_POINT('Origin',(106.200000000001,-8.91715728752421,144.750000000002));
#2628=CARTESIAN_POINT('',(106.200000000001,-8.91715728752421,144.750000000002));
#2629=CARTESIAN_POINT('',(106.200000000001,-8.91715728752421,144.750000000002));
#2630=CARTESIAN_POINT('',(106.200000000001,-8.91715728752421,144.750000000002));
#2631=CARTESIAN_POINT('Origin',(106.200000000001,8.91715728752574,144.750000000002));
#2632=CARTESIAN_POINT('',(106.200000000001,8.91715728752574,144.750000000002));
#2633=CARTESIAN_POINT('',(106.200000000001,8.91715728752574,144.750000000002));
#2634=CARTESIAN_POINT('',(106.200000000001,8.91715728752574,144.750000000002));
#2635=CARTESIAN_POINT('Origin',(106.200000000001,9.80000000000072,145.632842712472));
#2636=CARTESIAN_POINT('',(106.200000000001,9.80000000000072,145.632842712472));
#2637=CARTESIAN_POINT('',(106.200000000001,9.80000000000072,145.632842712472));
#2638=CARTESIAN_POINT('',(106.200000000001,9.80000000000072,145.632842712472));
#2639=CARTESIAN_POINT('Origin',(106.200000000001,9.80000000000057,154.600000000002));
#2640=CARTESIAN_POINT('',(106.200000000001,9.80000000000057,154.600000000002));
#2641=CARTESIAN_POINT('',(106.200000000001,9.80000000000057,154.600000000002));
#2642=CARTESIAN_POINT('',(106.200000000001,9.80000000000057,154.600000000002));
#2643=CARTESIAN_POINT('Origin',(106.200000000001,6.21715728752558,154.600000000002));
#2644=CARTESIAN_POINT('',(106.200000000001,6.21715728752558,154.600000000002));
#2645=CARTESIAN_POINT('Origin',(106.200000000001,5.80000000000057,155.017157287532));
#2646=CARTESIAN_POINT('',(106.200000000001,5.80000000000057,155.017157287532));
#2647=CARTESIAN_POINT('Origin',(84.38499927524,-16.4999999999999,159.050000000002));
#2648=CARTESIAN_POINT('',(84.3849992752406,18.0000000000002,159.050000000001));
#2649=CARTESIAN_POINT('',(84.3849992752406,16.5000000000002,159.050000000001));
#2650=CARTESIAN_POINT('',(106.199994074405,17.9999999999998,159.05));
#2651=CARTESIAN_POINT('',(86.8467609973461,18.0000000000001,159.050000000001));
#2652=CARTESIAN_POINT('',(106.199994074404,-18.0000000000003,159.050000000001));
#2653=CARTESIAN_POINT('Origin',(106.199994074404,-17.9999999999996,179.050000000003));
#2654=CARTESIAN_POINT('',(106.199994074405,18.0000000000005,179.050000000001));
#2655=CARTESIAN_POINT('',(106.199994074405,18.0000000000003,174.050000000001));
#2656=CARTESIAN_POINT('',(106.199994074404,-17.9999999999996,179.050000000003));
#2657=CARTESIAN_POINT('',(106.199994074404,-17.9999999999996,179.050000000003));
#2658=CARTESIAN_POINT('',(106.199994074404,-18.0000000000001,164.050000000002));
#2659=CARTESIAN_POINT('Origin',(84.3850000000008,16.5000000000003,163.050000000001));
#2660=CARTESIAN_POINT('',(82.6350000000008,18.0000000000003,163.050000000001));
#2661=CARTESIAN_POINT('Origin',(84.3850000000008,18.0000000000003,163.050000000001));
#2662=CARTESIAN_POINT('',(82.6350000000008,16.5000000000003,163.050000000001));
#2663=CARTESIAN_POINT('',(82.6350000000008,16.5000000000003,163.050000000001));
#2664=CARTESIAN_POINT('Origin',(84.3850000000008,16.5000000000002,163.050000000001));
#2665=CARTESIAN_POINT('Origin',(78.3850000000006,16.5000000000006,169.050000000001));
#2666=CARTESIAN_POINT('',(76.6350000000006,18.0000000000006,169.050000000001));
#2667=CARTESIAN_POINT('Origin',(78.3850000000006,18.0000000000006,169.050000000001));
#2668=CARTESIAN_POINT('',(76.6350000000006,16.5000000000006,169.050000000001));
#2669=CARTESIAN_POINT('',(76.6350000000006,16.5000000000006,169.050000000001));
#2670=CARTESIAN_POINT('Origin',(78.3850000000006,16.5000000000006,169.050000000001));
#2671=CARTESIAN_POINT('Origin',(84.3850000000004,16.5000000000007,175.050000000001));
#2672=CARTESIAN_POINT('',(82.6350000000005,18.0000000000007,175.050000000001));
#2673=CARTESIAN_POINT('Origin',(84.3850000000005,18.0000000000007,175.050000000001));
#2674=CARTESIAN_POINT('',(82.6350000000004,16.5000000000007,175.050000000001));
#2675=CARTESIAN_POINT('',(82.6350000000004,16.5000000000007,175.050000000001));
#2676=CARTESIAN_POINT('Origin',(84.3850000000004,16.5000000000007,175.050000000001));
#2677=CARTESIAN_POINT('Origin',(90.3850000000006,16.5000000000004,169.050000000001));
#2678=CARTESIAN_POINT('',(88.6350000000006,18.0000000000004,169.050000000001));
#2679=CARTESIAN_POINT('Origin',(90.3850000000006,18.0000000000004,169.050000000001));
#2680=CARTESIAN_POINT('',(88.6350000000006,16.5000000000004,169.050000000001));
#2681=CARTESIAN_POINT('',(88.6350000000006,16.5000000000004,169.050000000001));
#2682=CARTESIAN_POINT('Origin',(90.3850000000006,16.5000000000004,169.050000000001));
#2683=CARTESIAN_POINT('Origin',(84.3850000000006,16.5000000000005,169.050000000001));
#2684=CARTESIAN_POINT('',(74.4170513644989,18.0000000000006,168.250000000001));
#2685=CARTESIAN_POINT('',(74.4170513644989,16.5000000000006,168.250000000001));
#2686=CARTESIAN_POINT('Origin',(84.3850000000006,18.0000000000005,169.050000000001));
#2687=CARTESIAN_POINT('Origin',(75.1999942755704,16.5000000000006,168.250000000001));
#2688=CARTESIAN_POINT('',(75.1999942755705,18.0000000000006,168.250000000001));
#2689=CARTESIAN_POINT('',(75.1999942755704,16.5000000000006,168.250000000001));
#2690=CARTESIAN_POINT('',(82.2542584975112,18.0000000000005,168.250000000001));
#2691=CARTESIAN_POINT('Origin',(75.1999942755704,16.5000000000007,169.850000000001));
#2692=CARTESIAN_POINT('',(75.1999942755705,18.0000000000007,169.850000000001));
#2693=CARTESIAN_POINT('',(75.1999942755704,16.5000000000007,169.850000000001));
#2694=CARTESIAN_POINT('',(75.1999942755705,18.0000000000006,169.450000000001));
#2695=CARTESIAN_POINT('Origin',(74.4170513644989,16.5000000000007,169.850000000001));
#2696=CARTESIAN_POINT('',(74.4170513644989,18.0000000000007,169.850000000001));
#2697=CARTESIAN_POINT('',(74.4170513644989,16.5000000000007,169.850000000001));
#2698=CARTESIAN_POINT('',(81.8627870419754,18.0000000000006,169.85));
#2699=CARTESIAN_POINT('Origin',(84.3850000000006,16.5000000000005,169.050000000001));
#2700=CARTESIAN_POINT('',(84.3850007038555,18.0000000000008,179.050000000001));
#2701=CARTESIAN_POINT('',(84.3850007038554,16.5000000000008,179.050000000001));
#2702=CARTESIAN_POINT('Origin',(84.3850000000006,18.0000000000005,169.050000000001));
#2703=CARTESIAN_POINT('Origin',(89.3085227194518,18.0000000000004,169.050000000001));
#2704=CARTESIAN_POINT('',(96.7542583969282,18.0000000000006,179.050000000001));
#2705=CARTESIAN_POINT('',(81.3850000000006,18.0000000000005,169.050000000001));
#2706=CARTESIAN_POINT('Origin',(84.3850000000006,18.0000000000005,169.050000000001));
#2707=CARTESIAN_POINT('Origin',(84.3850000000006,16.5000000000005,169.050000000001));
#2708=CARTESIAN_POINT('',(89.5850000000006,16.5000000000004,169.050000000001));
#2709=CARTESIAN_POINT('Origin',(90.3850000000006,16.5000000000004,169.050000000001));
#2710=CARTESIAN_POINT('Origin',(84.3850000000006,16.5000000000005,169.050000000001));
#2711=CARTESIAN_POINT('',(83.5850000000004,16.5000000000007,175.050000000001));
#2712=CARTESIAN_POINT('Origin',(84.3850000000005,16.5000000000007,175.050000000001));
#2713=CARTESIAN_POINT('Origin',(84.3850000000006,16.5000000000005,169.050000000001));
#2714=CARTESIAN_POINT('',(77.5850000000006,16.5000000000006,169.050000000001));
#2715=CARTESIAN_POINT('Origin',(78.3850000000006,16.5000000000006,169.050000000001));
#2716=CARTESIAN_POINT('Origin',(84.3850000000006,16.5000000000005,169.050000000001));
#2717=CARTESIAN_POINT('',(83.5850000000008,16.5000000000003,163.050000000001));
#2718=CARTESIAN_POINT('Origin',(84.3850000000008,16.5000000000003,163.050000000001));
#2719=CARTESIAN_POINT('Origin',(84.3850000000004,14.5000000000007,175.050000000001));
#2720=CARTESIAN_POINT('',(83.5850000000004,14.5000000000007,175.050000000001));
#2721=CARTESIAN_POINT('',(83.5850000000004,14.5000000000007,175.050000000001));
#2722=CARTESIAN_POINT('Origin',(84.3850000000004,14.5000000000007,175.050000000001));
#2723=CARTESIAN_POINT('Origin',(84.3850000000006,14.5000000000005,169.050000000001));
#2724=CARTESIAN_POINT('',(81.3850000000005,14.5000000000005,169.050000000001));
#2725=CARTESIAN_POINT('',(81.3850000000005,14.5000000000005,169.050000000001));
#2726=CARTESIAN_POINT('Origin',(84.3850000000006,14.5000000000005,169.050000000001));
#2727=CARTESIAN_POINT('Origin',(90.3850000000005,14.5000000000004,169.050000000001));
#2728=CARTESIAN_POINT('',(89.5850000000005,14.5000000000004,169.050000000001));
#2729=CARTESIAN_POINT('',(89.5850000000005,14.5000000000004,169.050000000001));
#2730=CARTESIAN_POINT('Origin',(90.3850000000005,14.5000000000004,169.050000000001));
#2731=CARTESIAN_POINT('Origin',(78.3850000000006,14.5000000000006,169.050000000001));
#2732=CARTESIAN_POINT('',(77.5850000000006,14.5000000000006,169.050000000001));
#2733=CARTESIAN_POINT('',(77.5850000000006,14.5000000000006,169.050000000001));
#2734=CARTESIAN_POINT('Origin',(78.3850000000006,14.5000000000006,169.050000000001));
#2735=CARTESIAN_POINT('Origin',(84.3850000000007,14.5000000000003,163.050000000001));
#2736=CARTESIAN_POINT('',(83.5850000000007,14.5000000000003,163.050000000001));
#2737=CARTESIAN_POINT('',(83.5850000000007,14.5000000000003,163.050000000001));
#2738=CARTESIAN_POINT('Origin',(84.3850000000007,14.5000000000003,163.050000000001));
#2739=CARTESIAN_POINT('Origin',(84.3850000000006,14.5000000000005,169.050000000001));
#2740=CARTESIAN_POINT('',(76.3850000000006,14.5000000000006,169.050000000001));
#2741=CARTESIAN_POINT('',(76.3850000000006,14.5000000000006,169.050000000001));
#2742=CARTESIAN_POINT('Origin',(84.3850000000006,14.5000000000005,169.050000000001));
#2743=CARTESIAN_POINT('Origin',(84.3850000000006,14.5000000000005,169.050000000001));
#2744=CARTESIAN_POINT('Origin',(84.3850000000002,-16.4999999999998,163.050000000002));
#2745=CARTESIAN_POINT('',(82.6350000000002,-17.9999999999997,163.050000000002));
#2746=CARTESIAN_POINT('Origin',(84.3850000000002,-17.9999999999998,163.050000000002));
#2747=CARTESIAN_POINT('',(82.6350000000002,-16.4999999999997,163.050000000002));
#2748=CARTESIAN_POINT('',(82.6350000000002,-16.4999999999997,163.050000000002));
#2749=CARTESIAN_POINT('Origin',(84.3850000000002,-16.4999999999997,163.050000000002));
#2750=CARTESIAN_POINT('Origin',(78.385,-16.4999999999995,169.050000000002));
#2751=CARTESIAN_POINT('',(76.635,-17.9999999999994,169.050000000002));
#2752=CARTESIAN_POINT('Origin',(78.385,-17.9999999999995,169.050000000002));
#2753=CARTESIAN_POINT('',(76.6350000000001,-16.4999999999994,169.050000000002));
#2754=CARTESIAN_POINT('',(76.6350000000001,-16.4999999999994,169.050000000002));
#2755=CARTESIAN_POINT('Origin',(78.385,-16.4999999999995,169.050000000002));
#2756=CARTESIAN_POINT('Origin',(84.3849999999999,-16.4999999999994,175.050000000002));
#2757=CARTESIAN_POINT('',(82.6349999999999,-17.9999999999993,175.050000000002));
#2758=CARTESIAN_POINT('Origin',(84.3849999999999,-17.9999999999994,175.050000000002));
#2759=CARTESIAN_POINT('',(82.6349999999999,-16.4999999999993,175.050000000002));
#2760=CARTESIAN_POINT('',(82.6349999999999,-16.4999999999993,175.050000000002));
#2761=CARTESIAN_POINT('Origin',(84.3849999999999,-16.4999999999994,175.050000000002));
#2762=CARTESIAN_POINT('Origin',(90.385,-16.4999999999997,169.050000000002));
#2763=CARTESIAN_POINT('',(88.635,-17.9999999999996,169.050000000002));
#2764=CARTESIAN_POINT('Origin',(90.385,-17.9999999999997,169.050000000002));
#2765=CARTESIAN_POINT('',(88.635,-16.4999999999996,169.050000000002));
#2766=CARTESIAN_POINT('',(88.635,-16.4999999999996,169.050000000002));
#2767=CARTESIAN_POINT('Origin',(90.385,-16.4999999999996,169.050000000002));
#2768=CARTESIAN_POINT('Origin',(84.385,-16.4999999999996,169.050000000002));
#2769=CARTESIAN_POINT('',(74.4170513644983,-17.9999999999994,168.250000000002));
#2770=CARTESIAN_POINT('Origin',(84.385,-17.9999999999996,169.050000000002));
#2771=CARTESIAN_POINT('',(74.4170513644984,-16.4999999999994,168.250000000002));
#2772=CARTESIAN_POINT('Origin',(75.1999942755699,-16.4999999999994,168.250000000002));
#2773=CARTESIAN_POINT('',(75.1999942755698,-17.9999999999994,168.250000000002));
#2774=CARTESIAN_POINT('',(82.2542584975105,-17.9999999999995,168.250000000002));
#2775=CARTESIAN_POINT('',(75.1999942755699,-16.4999999999994,168.250000000002));
#2776=CARTESIAN_POINT('Origin',(75.1999942755699,-16.4999999999994,169.850000000002));
#2777=CARTESIAN_POINT('',(75.1999942755698,-17.9999999999994,169.850000000002));
#2778=CARTESIAN_POINT('',(75.1999942755698,-17.9999999999994,169.450000000002));
#2779=CARTESIAN_POINT('',(75.1999942755699,-16.4999999999994,169.850000000002));
#2780=CARTESIAN_POINT('Origin',(74.4170513644983,-16.4999999999994,169.850000000002));
#2781=CARTESIAN_POINT('',(74.4170513644983,-17.9999999999994,169.850000000002));
#2782=CARTESIAN_POINT('',(81.8627870419748,-17.9999999999995,169.850000000002));
#2783=CARTESIAN_POINT('',(74.4170513644983,-16.4999999999994,169.850000000002));
#2784=CARTESIAN_POINT('Origin',(84.385,-16.4999999999996,169.050000000002));
#2785=CARTESIAN_POINT('',(84.3850007038549,-17.9999999999992,179.050000000002));
#2786=CARTESIAN_POINT('Origin',(84.385,-17.9999999999996,169.050000000002));
#2787=CARTESIAN_POINT('',(84.3850007038549,-16.4999999999992,179.050000000002));
#2788=CARTESIAN_POINT('Origin',(104.199994074404,-16.4999999999996,179.050000000002));
#2789=CARTESIAN_POINT('',(105.699994074404,-17.9999999999996,179.050000000003));
#2790=CARTESIAN_POINT('Origin',(89.3085227194512,-17.9999999999996,169.050000000002));
#2791=CARTESIAN_POINT('',(81.385,-17.9999999999995,169.050000000002));
#2792=CARTESIAN_POINT('Origin',(84.385,-17.9999999999996,169.050000000002));
#2793=CARTESIAN_POINT('Origin',(84.3850000000001,-16.4999999999996,169.050000000002));
#2794=CARTESIAN_POINT('',(89.585,-16.4999999999996,169.050000000002));
#2795=CARTESIAN_POINT('Origin',(90.385,-16.4999999999997,169.050000000002));
#2796=CARTESIAN_POINT('Origin',(84.3850000000001,-16.4999999999996,169.050000000002));
#2797=CARTESIAN_POINT('',(83.5849999999999,-16.4999999999993,175.050000000002));
#2798=CARTESIAN_POINT('Origin',(84.3849999999999,-16.4999999999994,175.050000000002));
#2799=CARTESIAN_POINT('Origin',(84.3850000000001,-16.4999999999996,169.050000000002));
#2800=CARTESIAN_POINT('',(77.5850000000001,-16.4999999999994,169.050000000002));
#2801=CARTESIAN_POINT('Origin',(78.3850000000001,-16.4999999999995,169.050000000002));
#2802=CARTESIAN_POINT('Origin',(84.3850000000001,-16.4999999999996,169.050000000002));
#2803=CARTESIAN_POINT('',(83.5850000000002,-16.4999999999997,163.050000000002));
#2804=CARTESIAN_POINT('Origin',(84.3850000000002,-16.4999999999998,163.050000000002));
#2805=CARTESIAN_POINT('Origin',(84.3849999999999,-14.4999999999994,175.050000000002));
#2806=CARTESIAN_POINT('',(83.5849999999999,-14.4999999999993,175.050000000002));
#2807=CARTESIAN_POINT('',(83.5849999999999,-14.4999999999993,175.050000000002));
#2808=CARTESIAN_POINT('Origin',(84.3849999999999,-14.4999999999994,175.050000000002));
#2809=CARTESIAN_POINT('Origin',(84.3850000000001,-14.4999999999996,169.050000000002));
#2810=CARTESIAN_POINT('',(81.3850000000001,-14.4999999999995,169.050000000002));
#2811=CARTESIAN_POINT('',(81.3850000000001,-14.4999999999995,169.050000000002));
#2812=CARTESIAN_POINT('Origin',(84.3850000000001,-14.4999999999996,169.050000000002));
#2813=CARTESIAN_POINT('Origin',(90.3850000000001,-14.4999999999997,169.050000000002));
#2814=CARTESIAN_POINT('',(89.5850000000001,-14.4999999999996,169.050000000002));
#2815=CARTESIAN_POINT('',(89.5850000000001,-14.4999999999996,169.050000000002));
#2816=CARTESIAN_POINT('Origin',(90.3850000000001,-14.4999999999997,169.050000000002));
#2817=CARTESIAN_POINT('Origin',(78.3850000000001,-14.4999999999995,169.050000000002));
#2818=CARTESIAN_POINT('',(77.5850000000001,-14.4999999999994,169.050000000002));
#2819=CARTESIAN_POINT('',(77.5850000000001,-14.4999999999994,169.050000000002));
#2820=CARTESIAN_POINT('Origin',(78.3850000000001,-14.4999999999995,169.050000000002));
#2821=CARTESIAN_POINT('Origin',(84.3850000000003,-14.4999999999998,163.050000000002));
#2822=CARTESIAN_POINT('',(83.5850000000003,-14.4999999999997,163.050000000002));
#2823=CARTESIAN_POINT('',(83.5850000000003,-14.4999999999997,163.050000000002));
#2824=CARTESIAN_POINT('Origin',(84.3850000000003,-14.4999999999998,163.050000000002));
#2825=CARTESIAN_POINT('Origin',(84.3850000000001,-14.4999999999996,169.050000000002));
#2826=CARTESIAN_POINT('',(76.3850000000001,-14.4999999999994,169.050000000002));
#2827=CARTESIAN_POINT('',(76.3850000000001,-14.4999999999994,169.050000000002));
#2828=CARTESIAN_POINT('Origin',(84.3850000000001,-14.4999999999996,169.050000000002));
#2829=CARTESIAN_POINT('Origin',(84.3850000000001,-14.4999999999996,169.050000000002));
#2830=UNCERTAINTY_MEASURE_WITH_UNIT(LENGTH_MEASURE(0.01),#2834,
'DISTANCE_ACCURACY_VALUE',
'Maximum model space distance between geometric entities at asserted c
onnectivities');
#2831=UNCERTAINTY_MEASURE_WITH_UNIT(LENGTH_MEASURE(0.01),#2834,
'DISTANCE_ACCURACY_VALUE',
'Maximum model space distance between geometric entities at asserted c
onnectivities');
#2832=(
GEOMETRIC_REPRESENTATION_CONTEXT(3)
GLOBAL_UNCERTAINTY_ASSIGNED_CONTEXT((#2830))
GLOBAL_UNIT_ASSIGNED_CONTEXT((#2834,#2836,#2837))
REPRESENTATION_CONTEXT('','3D')
);
#2833=(
GEOMETRIC_REPRESENTATION_CONTEXT(3)
GLOBAL_UNCERTAINTY_ASSIGNED_CONTEXT((#2831))
GLOBAL_UNIT_ASSIGNED_CONTEXT((#2834,#2836,#2837))
REPRESENTATION_CONTEXT('','3D')
);
#2834=(
LENGTH_UNIT()
NAMED_UNIT(*)
SI_UNIT(.MILLI.,.METRE.)
);
#2835=(
LENGTH_UNIT()
NAMED_UNIT(*)
SI_UNIT($,.METRE.)
);
#2836=(
NAMED_UNIT(*)
PLANE_ANGLE_UNIT()
SI_UNIT($,.RADIAN.)
);
#2837=(
NAMED_UNIT(*)
SI_UNIT($,.STERADIAN.)
SOLID_ANGLE_UNIT()
);
#2838=SHAPE_DEFINITION_REPRESENTATION(#2839,#2840);
#2839=PRODUCT_DEFINITION_SHAPE('',$,#2842);
#2840=SHAPE_REPRESENTATION('',(#1730),#2832);
#2841=PRODUCT_DEFINITION_CONTEXT('part definition',#2846,'design');
#2842=PRODUCT_DEFINITION('L5','L5',#2843,#2841);
#2843=PRODUCT_DEFINITION_FORMATION('',$,#2848);
#2844=PRODUCT_RELATED_PRODUCT_CATEGORY('L5','L5',(#2848));
#2845=APPLICATION_PROTOCOL_DEFINITION('international standard',
'automotive_design',2009,#2846);
#2846=APPLICATION_CONTEXT(
'Core Data for Automotive Mechanical Design Process');
#2847=PRODUCT_CONTEXT('part definition',#2846,'mechanical');
#2848=PRODUCT('L5','L5',$,(#2847));
#2849=PRESENTATION_STYLE_ASSIGNMENT((#2850));
#2850=SURFACE_STYLE_USAGE(.BOTH.,#2851);
#2851=SURFACE_SIDE_STYLE('',(#2852));
#2852=SURFACE_STYLE_FILL_AREA(#2853);
#2853=FILL_AREA_STYLE('Nylon 6-6 (White)',(#2854));
#2854=FILL_AREA_STYLE_COLOUR('Nylon 6-6 (White)',#2855);
#2855=COLOUR_RGB('Nylon 6-6 (White)',0.972549019607843,0.968627450980392,
0.929411764705882);
ENDSEC;
END-ISO-10303-21;
