ISO-10303-21;
HEADER;
/* Generated by software containing ST-Developer
 * from STEP Tools, Inc. (www.steptools.com) 
 */

FILE_DESCRIPTION(
/* description */ (''),
/* implementation_level */ '2;1');

FILE_NAME(
/* name */ 'L6.step',
/* time_stamp */ '2026-05-30T14:32:53+02:00',
/* author */ (''),
/* organization */ (''),
/* preprocessor_version */ 'ST-DEVELOPER v20.1',
/* originating_system */ 'Autodesk Translation Framework v15.8.0.0',
/* authorisation */ '');

FILE_SCHEMA (('AUTOMOTIVE_DESIGN { 1 0 10303 214 3 1 1 }'));
ENDSEC;

DATA;
#10=MECHANICAL_DESIGN_GEOMETRIC_PRESENTATION_REPRESENTATION('',(#13,#14,
#15),#16523);
#11=SHAPE_REPRESENTATION_RELATIONSHIP('SRR','None',#16530,#12);
#12=ADVANCED_BREP_SHAPE_REPRESENTATION('',(#16,#17,#18),#16522);
#13=STYLED_ITEM('',(#16539),#16);
#14=STYLED_ITEM('',(#16539),#17);
#15=STYLED_ITEM('',(#16539),#18);
#16=MANIFOLD_SOLID_BREP('Body13',#9911);
#17=MANIFOLD_SOLID_BREP('Body15',#9912);
#18=MANIFOLD_SOLID_BREP('Body17',#9913);
#19=B_SPLINE_SURFACE_WITH_KNOTS('',3,3,((#14252,#14253,#14254,#14255,#14256,
#14257,#14258,#14259,#14260,#14261),(#14262,#14263,#14264,#14265,#14266,
#14267,#14268,#14269,#14270,#14271),(#14272,#14273,#14274,#14275,#14276,
#14277,#14278,#14279,#14280,#14281),(#14282,#14283,#14284,#14285,#14286,
#14287,#14288,#14289,#14290,#14291)),.UNSPECIFIED.,.F.,.F.,.F.,(4,4),(4,
1,1,1,1,1,1,4),(0.,1.),(-1.01228522975236,-0.662986387806837,-0.313687545861319,
0.0356112960841994,0.384910138029718,0.734208979975236,1.08350782192075,
1.43280666386627),.UNSPECIFIED.);
#20=B_SPLINE_SURFACE_WITH_KNOTS('',3,3,((#14374,#14375,#14376,#14377,#14378),
(#14379,#14380,#14381,#14382,#14383),(#14384,#14385,#14386,#14387,#14388),
(#14389,#14390,#14391,#14392,#14393)),.UNSPECIFIED.,.F.,.F.,.F.,(4,4),(4,
1,4),(0.,1.),(-2.21002936356088,-1.69671044907151,-1.01228522975236),
 .UNSPECIFIED.);
#21=B_SPLINE_SURFACE_WITH_KNOTS('',3,3,((#14407,#14408,#14409,#14410,#14411),
(#14412,#14413,#14414,#14415,#14416),(#14417,#14418,#14419,#14420,#14421),
(#14422,#14423,#14424,#14425,#14426)),.UNSPECIFIED.,.F.,.F.,.F.,(4,4),(4,
1,4),(0.,1.),(0.909660992454883,1.44248518989779,2.152917453155),
 .UNSPECIFIED.);
#22=B_SPLINE_SURFACE_WITH_KNOTS('',3,3,((#14494,#14495,#14496,#14497,#14498,
#14499,#14500,#14501),(#14502,#14503,#14504,#14505,#14506,#14507,#14508,
#14509),(#14510,#14511,#14512,#14513,#14514,#14515,#14516,#14517),(#14518,
#14519,#14520,#14521,#14522,#14523,#14524,#14525)),.UNSPECIFIED.,.F.,.F.,
 .F.,(4,4),(4,1,1,1,1,4),(0.,1.),(1.64619544094558,1.99290408418459,2.33961272742361,
3.03303001390165,3.37973865714067,4.0731559436187),.UNSPECIFIED.);
#23=B_SPLINE_SURFACE_WITH_KNOTS('',3,3,((#14546,#14547,#14548,#14549),(#14550,
#14551,#14552,#14553),(#14554,#14555,#14556,#14557),(#14558,#14559,#14560,
#14561),(#14562,#14563,#14564,#14565)),.UNSPECIFIED.,.F.,.F.,.F.,(4,1,4),
(4,4),(0.,0.571428571428571,1.),(0.,0.985684764191576),.UNSPECIFIED.);
#24=B_SPLINE_SURFACE_WITH_KNOTS('',3,3,((#14661,#14662,#14663,#14664),(#14665,
#14666,#14667,#14668),(#14669,#14670,#14671,#14672),(#14673,#14674,#14675,
#14676),(#14677,#14678,#14679,#14680),(#14681,#14682,#14683,#14684),(#14685,
#14686,#14687,#14688)),.UNSPECIFIED.,.F.,.F.,.F.,(4,1,1,1,4),(4,4),(0.,
0.285714285714286,0.571428571428571,0.714285714285714,1.),(0.,0.985684764191576),
 .UNSPECIFIED.);
#25=B_SPLINE_SURFACE_WITH_KNOTS('',3,3,((#14963,#14964,#14965,#14966),(#14967,
#14968,#14969,#14970),(#14971,#14972,#14973,#14974),(#14975,#14976,#14977,
#14978),(#14979,#14980,#14981,#14982),(#14983,#14984,#14985,#14986),(#14987,
#14988,#14989,#14990)),.UNSPECIFIED.,.F.,.F.,.F.,(4,1,1,1,4),(4,4),(0.,
0.285714285714286,0.571428571428571,0.714285714285714,1.),(0.,0.985389569703942),
 .UNSPECIFIED.);
#26=B_SPLINE_SURFACE_WITH_KNOTS('',3,3,((#15048,#15049,#15050,#15051),(#15052,
#15053,#15054,#15055),(#15056,#15057,#15058,#15059),(#15060,#15061,#15062,
#15063),(#15064,#15065,#15066,#15067)),.UNSPECIFIED.,.F.,.F.,.F.,(4,1,4),
(4,4),(0.,0.571428571428571,1.),(0.,0.966054373393403),.UNSPECIFIED.);
#27=B_SPLINE_CURVE_WITH_KNOTS('',3,(#13787,#13788,#13789,#13790),
 .UNSPECIFIED.,.F.,.F.,(4,4),(-0.301596227769223,-0.054878604373107),
 .UNSPECIFIED.);
#28=B_SPLINE_CURVE_WITH_KNOTS('',3,(#14296,#14297,#14298,#14299,#14300,
#14301,#14302,#14303,#14304,#14305),.UNSPECIFIED.,.F.,.F.,(4,1,1,1,1,1,
1,4),(-1.01228522975236,-0.662986387806837,-0.313687545861319,0.0356112960841994,
0.384910138029718,0.734208979975236,1.08350782192075,1.43280666386627),
 .UNSPECIFIED.);
#29=B_SPLINE_CURVE_WITH_KNOTS('',3,(#14307,#14308,#14309,#14310,#14311,
#14312,#14313,#14314,#14315,#14316,#14317,#14318,#14319,#14320,#14321,#14322,
#14323,#14324,#14325,#14326,#14327,#14328,#14329,#14330,#14331,#14332,#14333,
#14334,#14335,#14336,#14337,#14338,#14339,#14340,#14341,#14342,#14343,#14344,
#14345,#14346,#14347,#14348,#14349,#14350,#14351,#14352,#14353,#14354,#14355,
#14356,#14357,#14358,#14359,#14360,#14361,#14362,#14363,#14364),
 .UNSPECIFIED.,.F.,.F.,(4,3,3,3,3,3,3,3,3,3,3,3,3,3,3,3,3,3,3,4),(0.,0.0628614303953755,
0.126685654940341,0.190579329848679,0.253877681483162,0.282143458965413,
0.306456730741876,0.315745582598554,0.379366495272074,0.418059216626815,
0.421068726695861,0.421821104721262,0.42200917934955,0.422103796713694,
0.422176194995654,0.422179017798885,0.422181001407724,0.422182221618762,
0.422224249074597,0.422854530474652),.UNSPECIFIED.);
#30=B_SPLINE_CURVE_WITH_KNOTS('',3,(#14365,#14366,#14367,#14368,#14369,
#14370,#14371,#14372,#14373),.UNSPECIFIED.,.F.,.F.,(4,1,1,1,1,1,4),(-0.909670825127212,
-0.734208979975236,-0.384910138029718,-0.0356112960841994,0.313687545861319,
0.662986387806837,1.01228522975236),.UNSPECIFIED.);
#31=B_SPLINE_CURVE_WITH_KNOTS('',3,(#14395,#14396,#14397,#14398,#14399),
 .UNSPECIFIED.,.F.,.F.,(4,1,4),(1.01228522975236,1.69671044907151,2.21002936356088),
 .UNSPECIFIED.);
#32=B_SPLINE_CURVE_WITH_KNOTS('',3,(#14402,#14403,#14404,#14405,#14406),
 .UNSPECIFIED.,.F.,.F.,(4,1,4),(-2.21002936356088,-1.69671044907151,-1.01228522975236),
 .UNSPECIFIED.);
#33=B_SPLINE_CURVE_WITH_KNOTS('',3,(#14428,#14429,#14430,#14431,#14432),
 .UNSPECIFIED.,.F.,.F.,(4,1,4),(1.43271673601189,1.44248518989779,1.64627979734776),
 .UNSPECIFIED.);
#34=B_SPLINE_CURVE_WITH_KNOTS('',3,(#14434,#14435,#14436,#14437,#14438,
#14439,#14440,#14441,#14442,#14443,#14444,#14445,#14446,#14447,#14448,#14449,
#14450,#14451,#14452,#14453,#14454,#14455,#14456,#14457,#14458,#14459,#14460,
#14461,#14462,#14463,#14464,#14465,#14466,#14467,#14468,#14469,#14470,#14471,
#14472,#14473,#14474,#14475,#14476,#14477,#14478,#14479,#14480,#14481,#14482,
#14483,#14484,#14485,#14486,#14487,#14488),.UNSPECIFIED.,.F.,.F.,(4,3,3,
3,3,3,3,3,3,3,3,3,3,3,3,3,3,3,4),(-0.0561449720094286,-0.0526683393041252,
-0.049181112115929,-0.0472693539016788,-0.0461463933551284,-0.0456305947274749,
-0.0421489851725592,-0.0386904955977554,-0.0362887709998416,-0.0358776900517474,
-0.0356872895194821,-0.0338870464019279,-0.0338852135386385,-0.0338818623246518,
-0.0336468514986246,-0.0324831222100123,-0.0303286918805101,-0.0174168875209453,
0.),.UNSPECIFIED.);
#35=B_SPLINE_CURVE_WITH_KNOTS('',3,(#14489,#14490,#14491,#14492,#14493),
 .UNSPECIFIED.,.F.,.F.,(4,1,4),(-2.15291741959121,-1.44248518989779,-0.909661006310796),
 .UNSPECIFIED.);
#36=B_SPLINE_CURVE_WITH_KNOTS('',3,(#14526,#14527,#14528,#14529,#14530,
#14531,#14532),.UNSPECIFIED.,.F.,.F.,(4,1,1,1,4),(-4.0731559436187,-3.37973865714067,
-3.03303001390165,-2.33961272742361,-2.15283365286997),.UNSPECIFIED.);
#37=B_SPLINE_CURVE_WITH_KNOTS('',3,(#14534,#14535,#14536,#14537,#14538,
#14539,#14540),.UNSPECIFIED.,.F.,.F.,(4,1,1,1,4),(1.64619544094558,1.99290408418459,
2.33961272742361,3.03303001390165,3.14175827677231),.UNSPECIFIED.);
#38=B_SPLINE_CURVE_WITH_KNOTS('',3,(#14541,#14542,#14543,#14544,#14545),
 .UNSPECIFIED.,.F.,.F.,(4,1,4),(3.14175827677231,3.37973865714067,4.0731559436187),
 .UNSPECIFIED.);
#39=B_SPLINE_CURVE_WITH_KNOTS('',3,(#14572,#14573,#14574,#14575,#14576,
#14577,#14578,#14579,#14580,#14581,#14582,#14583,#14584,#14585,#14586,#14587,
#14588,#14589,#14590,#14591,#14592,#14593,#14594,#14595,#14596,#14597,#14598,
#14599,#14600,#14601,#14602,#14603,#14604,#14605,#14606,#14607,#14608,#14609),
 .UNSPECIFIED.,.F.,.F.,(4,2,2,2,2,2,2,2,2,2,2,2,2,2,2,2,2,2,4),(-1.14014699293033,
-1.12042504330918,-1.05417776474872,-0.996582671548172,-0.940234504637104,
-0.876715447542161,-0.805618590105102,-0.733121839232243,-0.662987397460123,
-0.59004595212635,-0.526326900216274,-0.472106647561281,-0.416942542037898,
-0.353139388506067,-0.282319515387517,-0.210640211292639,-0.13954239558644,
-0.0691623690227051,-0.0682884916564088),.UNSPECIFIED.);
#40=B_SPLINE_CURVE_WITH_KNOTS('',3,(#14610,#14611,#14612,#14613,#14614,
#14615,#14616),.UNSPECIFIED.,.F.,.F.,(4,3,4),(-0.0682884916564088,-0.0317191131711542,
0.),.UNSPECIFIED.);
#41=B_SPLINE_CURVE_WITH_KNOTS('',3,(#14619,#14620,#14621,#14622,#14623,
#14624,#14625,#14626,#14627,#14628,#14629,#14630,#14631,#14632,#14633,#14634,
#14635,#14636,#14637,#14638,#14639,#14640,#14641,#14642,#14643,#14644,#14645,
#14646,#14647,#14648,#14649,#14650,#14651,#14652,#14653,#14654,#14655,#14656),
 .UNSPECIFIED.,.F.,.F.,(4,2,2,2,2,2,2,2,2,2,2,2,2,2,2,2,2,2,4),(-1.1398532873735,
-1.10298938554926,-1.06599880609156,-0.998697058713686,-0.928114859526899,
-0.868888976875285,-0.810204808816108,-0.744318389946975,-0.671610645608361,
-0.598119607759249,-0.526295524417381,-0.456263516911612,-0.387923560698467,
-0.317785861457095,-0.257193942269683,-0.201303110648446,-0.141359278597341,
-0.073334554433437,-0.0721918149826786),.UNSPECIFIED.);
#42=B_SPLINE_CURVE_WITH_KNOTS('',3,(#14657,#14658,#14659,#14660),
 .UNSPECIFIED.,.F.,.F.,(4,4),(-0.0721918149826786,0.),.UNSPECIFIED.);
#43=B_SPLINE_CURVE_WITH_KNOTS('',3,(#14692,#14693,#14694,#14695,#14696,
#14697,#14698,#14699,#14700,#14701,#14702,#14703,#14704,#14705,#14706,#14707,
#14708,#14709,#14710,#14711,#14712,#14713,#14714,#14715,#14716,#14717,#14718,
#14719,#14720,#14721,#14722,#14723,#14724,#14725,#14726,#14727),
 .UNSPECIFIED.,.F.,.F.,(4,2,2,2,2,2,2,2,2,2,2,2,2,2,2,2,2,4),(-0.789949300068312,
-0.752470692106104,-0.714863117043727,-0.687470623282768,-0.661323696277979,
-0.626291462473807,-0.554470118428944,-0.473778571943222,-0.396151003857824,
-0.331466538346403,-0.276535648058725,-0.230876615783817,-0.207936119683292,
-0.190689936959013,-0.172146698506583,-0.142604762187153,-0.0733349958949072,
0.),.UNSPECIFIED.);
#44=B_SPLINE_CURVE_WITH_KNOTS('',3,(#14733,#14734,#14735,#14736),
 .UNSPECIFIED.,.F.,.F.,(4,4),(-0.229189978110264,-0.0577253809825417),
 .UNSPECIFIED.);
#45=B_SPLINE_CURVE_WITH_KNOTS('',3,(#14738,#14739,#14740,#14741,#14742,
#14743),.UNSPECIFIED.,.F.,.F.,(4,2,4),(-1.47068056401017,-1.15336770893144,
-0.0506639448305808),.UNSPECIFIED.);
#46=B_SPLINE_CURVE_WITH_KNOTS('',3,(#14745,#14746,#14747,#14748),
 .UNSPECIFIED.,.F.,.F.,(4,4),(-0.217295947248869,0.),.UNSPECIFIED.);
#47=B_SPLINE_CURVE_WITH_KNOTS('',3,(#14952,#14953,#14954,#14955,#14956,
#14957),.UNSPECIFIED.,.F.,.F.,(4,2,4),(-0.974553374888188,-0.31749182097627,
-0.0502324519192238),.UNSPECIFIED.);
#48=B_SPLINE_CURVE_WITH_KNOTS('',3,(#14992,#14993,#14994,#14995),
 .UNSPECIFIED.,.F.,.F.,(4,4),(-0.309858582251013,0.),.UNSPECIFIED.);
#49=B_SPLINE_CURVE_WITH_KNOTS('',3,(#15001,#15002,#15003,#15004,#15005,
#15006,#15007,#15008,#15009,#15010,#15011,#15012,#15013,#15014),
 .UNSPECIFIED.,.F.,.F.,(4,2,2,2,2,2,4),(-0.895837013931974,-0.822668221750545,
-0.761886286825231,-0.704040328333573,-0.678748150845888,-0.660568772966553,
-0.642800782422382),.UNSPECIFIED.);
#50=B_SPLINE_CURVE_WITH_KNOTS('',3,(#15016,#15017,#15018,#15019,#15020,
#15021,#15022,#15023,#15024,#15025,#15026,#15027,#15028,#15029,#15030,#15031,
#15032,#15033,#15034,#15035,#15036,#15037,#15038,#15039,#15040,#15041,#15042,
#15043),.UNSPECIFIED.,.F.,.F.,(4,2,2,2,2,2,2,2,2,2,2,2,2,4),(-0.642800782422382,
-0.641793331731167,-0.613501367110984,-0.54472831863928,-0.474931776733746,
-0.391504721295733,-0.317070951744268,-0.242484017473542,-0.202101177229758,
-0.176492330920535,-0.152818630566974,-0.122961152228217,-0.0724979396623061,
0.),.UNSPECIFIED.);
#51=B_SPLINE_CURVE_WITH_KNOTS('',3,(#15068,#15069,#15070,#15071,#15072,
#15073,#15074,#15075,#15076,#15077,#15078,#15079,#15080,#15081,#15082,#15083),
 .UNSPECIFIED.,.F.,.F.,(4,2,2,2,2,2,2,4),(-0.28104018679677,-0.231762159813576,
-0.180010131834184,-0.119641559093642,-0.07108259625571,-0.0452073194457898,
-0.0243945795732815,0.),.UNSPECIFIED.);
#52=B_SPLINE_CURVE_WITH_KNOTS('',3,(#15087,#15088,#15089,#15090,#15091),
 .UNSPECIFIED.,.F.,.F.,(4,1,4),(-0.752590742770421,-0.571428571428571,-0.24740925722956),
 .UNSPECIFIED.);
#53=B_SPLINE_CURVE_WITH_KNOTS('',3,(#15094,#15095,#15096,#15097,#15098,
#15099,#15100,#15101,#15102,#15103,#15104,#15105,#15106,#15107,#15108,#15109,
#15110,#15111),.UNSPECIFIED.,.F.,.F.,(4,2,2,2,2,2,2,2,4),(-0.389432939025032,
-0.352939340225485,-0.327821468002688,-0.305638738298428,-0.277450363983613,
-0.224775526384121,-0.152849774099805,-0.0694575241026484,-0.0151805231825685),
 .UNSPECIFIED.);
#54=B_SPLINE_CURVE_WITH_KNOTS('',3,(#15112,#15113,#15114,#15115),
 .UNSPECIFIED.,.F.,.F.,(4,4),(-0.0151805231825685,0.),.UNSPECIFIED.);
#55=CYLINDRICAL_SURFACE('',#9966,1.5697334627853);
#56=CYLINDRICAL_SURFACE('',#9970,1.49283731409201);
#57=CYLINDRICAL_SURFACE('',#9981,1.5697334627853);
#58=CYLINDRICAL_SURFACE('',#9987,1.49283731409201);
#59=CYLINDRICAL_SURFACE('',#10003,1.5);
#60=CYLINDRICAL_SURFACE('',#10008,1.5);
#61=CYLINDRICAL_SURFACE('',#10017,1.56918672458628);
#62=CYLINDRICAL_SURFACE('',#10020,1.49084969535878);
#63=CYLINDRICAL_SURFACE('',#10023,1.49113283601975);
#64=CYLINDRICAL_SURFACE('',#10032,1.56767415169005);
#65=CYLINDRICAL_SURFACE('',#10048,1.5);
#66=CYLINDRICAL_SURFACE('',#10051,1.5);
#67=CYLINDRICAL_SURFACE('',#10056,1.49113290222237);
#68=CYLINDRICAL_SURFACE('',#10061,1.56767433912463);
#69=CYLINDRICAL_SURFACE('',#10066,1.49113283601975);
#70=CYLINDRICAL_SURFACE('',#10070,1.56767415169005);
#71=CYLINDRICAL_SURFACE('',#10081,1.5);
#72=CYLINDRICAL_SURFACE('',#10086,1.5);
#73=CYLINDRICAL_SURFACE('',#10089,1.5);
#74=CYLINDRICAL_SURFACE('',#10091,1.5);
#75=CYLINDRICAL_SURFACE('',#10095,1.49113290222237);
#76=CYLINDRICAL_SURFACE('',#10099,1.56767433912463);
#77=CYLINDRICAL_SURFACE('',#10102,1.56918672458628);
#78=CYLINDRICAL_SURFACE('',#10104,1.49084969535878);
#79=CYLINDRICAL_SURFACE('',#10106,1.5);
#80=CYLINDRICAL_SURFACE('',#10111,1.5);
#81=CYLINDRICAL_SURFACE('',#10114,1.5);
#82=CYLINDRICAL_SURFACE('',#10116,1.5);
#83=CYLINDRICAL_SURFACE('',#10122,9.00000000000001);
#84=CYLINDRICAL_SURFACE('',#10186,8.05000000000001);
#85=CYLINDRICAL_SURFACE('',#10212,1.);
#86=CYLINDRICAL_SURFACE('',#10213,1.);
#87=CYLINDRICAL_SURFACE('',#10215,8.50000000000001);
#88=CYLINDRICAL_SURFACE('',#10261,1.75);
#89=CYLINDRICAL_SURFACE('',#10263,1.75);
#90=CYLINDRICAL_SURFACE('',#10265,1.05);
#91=CYLINDRICAL_SURFACE('',#10266,1.75);
#92=CYLINDRICAL_SURFACE('',#10268,1.);
#93=CYLINDRICAL_SURFACE('',#10269,1.);
#94=CYLINDRICAL_SURFACE('',#10270,10.);
#95=CYLINDRICAL_SURFACE('',#10271,1.75);
#96=CYLINDRICAL_SURFACE('',#10273,1.05);
#97=CYLINDRICAL_SURFACE('',#10282,0.799999999999983);
#98=CYLINDRICAL_SURFACE('',#10283,0.799999999999983);
#99=CYLINDRICAL_SURFACE('',#10284,1.8);
#100=CYLINDRICAL_SURFACE('',#10285,1.8);
#101=CYLINDRICAL_SURFACE('',#10286,1.8);
#102=CYLINDRICAL_SURFACE('',#10287,0.799999999999983);
#103=CYLINDRICAL_SURFACE('',#10288,1.8);
#104=CYLINDRICAL_SURFACE('',#10289,0.799999999999983);
#105=CYLINDRICAL_SURFACE('',#10290,3.00000000000004);
#106=CYLINDRICAL_SURFACE('',#10297,13.);
#107=CYLINDRICAL_SURFACE('',#10301,13.);
#108=CYLINDRICAL_SURFACE('',#10315,0.500000000000007);
#109=CYLINDRICAL_SURFACE('',#10318,0.499999999999999);
#110=CYLINDRICAL_SURFACE('',#10324,1.8);
#111=CYLINDRICAL_SURFACE('',#10326,1.8);
#112=CYLINDRICAL_SURFACE('',#10358,1.00000001490116);
#113=CYLINDRICAL_SURFACE('',#10360,1.00000001490116);
#114=CYLINDRICAL_SURFACE('',#10362,1.00000001490116);
#115=CYLINDRICAL_SURFACE('',#10364,1.00000001490116);
#116=CYLINDRICAL_SURFACE('',#10366,1.00000001490116);
#117=CYLINDRICAL_SURFACE('',#10368,1.00000001490116);
#118=CYLINDRICAL_SURFACE('',#10370,1.00000001490116);
#119=CYLINDRICAL_SURFACE('',#10372,1.00000001490116);
#120=CYLINDRICAL_SURFACE('',#10374,1.00000001490116);
#121=CYLINDRICAL_SURFACE('',#10376,1.00000001490116);
#122=CYLINDRICAL_SURFACE('',#10378,1.00000001490116);
#123=CYLINDRICAL_SURFACE('',#10380,1.00000001490116);
#124=CYLINDRICAL_SURFACE('',#10382,1.00000001490116);
#125=CYLINDRICAL_SURFACE('',#10384,1.00000001490116);
#126=CYLINDRICAL_SURFACE('',#10385,1.00000001490116);
#127=CYLINDRICAL_SURFACE('',#10387,1.00000001490116);
#128=CYLINDRICAL_SURFACE('',#10390,1.00000001490116);
#129=CYLINDRICAL_SURFACE('',#10392,1.00000001490116);
#130=CYLINDRICAL_SURFACE('',#10394,1.00000001490116);
#131=CYLINDRICAL_SURFACE('',#10396,1.00000001490116);
#132=CYLINDRICAL_SURFACE('',#10402,0.499999999999998);
#133=CYLINDRICAL_SURFACE('',#10404,0.500000000000007);
#134=CYLINDRICAL_SURFACE('',#10491,0.849999999999982);
#135=CYLINDRICAL_SURFACE('',#10492,0.849999999999982);
#136=CYLINDRICAL_SURFACE('',#10582,0.849999999999982);
#137=CYLINDRICAL_SURFACE('',#10583,0.849999999999982);
#138=FACE_BOUND('',#892,.T.);
#139=FACE_BOUND('',#893,.T.);
#140=FACE_BOUND('',#894,.T.);
#141=FACE_BOUND('',#895,.T.);
#142=FACE_BOUND('',#896,.T.);
#143=FACE_BOUND('',#898,.T.);
#144=FACE_BOUND('',#899,.T.);
#145=FACE_BOUND('',#903,.T.);
#146=FACE_BOUND('',#904,.T.);
#147=FACE_BOUND('',#916,.T.);
#148=FACE_BOUND('',#917,.T.);
#149=FACE_BOUND('',#930,.T.);
#150=FACE_BOUND('',#931,.T.);
#151=FACE_BOUND('',#951,.T.);
#152=FACE_BOUND('',#952,.T.);
#153=FACE_BOUND('',#957,.T.);
#154=FACE_BOUND('',#958,.T.);
#155=FACE_BOUND('',#1014,.T.);
#156=FACE_BOUND('',#1015,.T.);
#157=FACE_BOUND('',#1016,.T.);
#158=FACE_BOUND('',#1017,.T.);
#159=FACE_BOUND('',#1018,.T.);
#160=FACE_BOUND('',#1025,.T.);
#161=FACE_BOUND('',#1041,.T.);
#162=FACE_BOUND('',#1043,.T.);
#163=FACE_BOUND('',#1050,.T.);
#164=FACE_BOUND('',#1069,.T.);
#165=FACE_BOUND('',#1070,.T.);
#166=FACE_BOUND('',#1074,.T.);
#167=FACE_BOUND('',#1075,.T.);
#168=FACE_BOUND('',#1076,.T.);
#169=FACE_BOUND('',#1077,.T.);
#170=FACE_BOUND('',#1078,.T.);
#171=FACE_BOUND('',#1086,.T.);
#172=FACE_BOUND('',#1087,.T.);
#173=FACE_BOUND('',#1088,.T.);
#174=FACE_BOUND('',#1093,.T.);
#175=FACE_BOUND('',#1101,.T.);
#176=FACE_BOUND('',#1102,.T.);
#177=FACE_BOUND('',#1103,.T.);
#178=FACE_BOUND('',#1104,.T.);
#179=FACE_BOUND('',#1105,.T.);
#180=FACE_BOUND('',#1106,.T.);
#181=FACE_BOUND('',#1107,.T.);
#182=FACE_BOUND('',#1108,.T.);
#183=FACE_BOUND('',#1109,.T.);
#184=FACE_BOUND('',#1122,.T.);
#185=FACE_BOUND('',#1124,.T.);
#186=FACE_BOUND('',#1126,.T.);
#187=FACE_BOUND('',#1128,.T.);
#188=FACE_BOUND('',#1139,.T.);
#189=FACE_BOUND('',#1141,.T.);
#190=FACE_BOUND('',#1143,.T.);
#191=FACE_BOUND('',#1145,.T.);
#192=FACE_BOUND('',#1170,.T.);
#193=FACE_BOUND('',#1177,.T.);
#194=FACE_BOUND('',#1178,.T.);
#195=FACE_BOUND('',#1179,.T.);
#196=FACE_BOUND('',#1180,.T.);
#197=FACE_BOUND('',#1182,.T.);
#198=FACE_BOUND('',#1183,.T.);
#199=FACE_BOUND('',#1198,.T.);
#200=FACE_BOUND('',#1199,.T.);
#201=FACE_BOUND('',#1200,.T.);
#202=FACE_BOUND('',#1202,.T.);
#203=FACE_BOUND('',#1203,.T.);
#204=FACE_BOUND('',#1204,.T.);
#205=FACE_BOUND('',#1205,.T.);
#206=FACE_BOUND('',#1206,.T.);
#207=FACE_BOUND('',#1208,.T.);
#208=FACE_BOUND('',#1209,.T.);
#209=FACE_BOUND('',#1210,.T.);
#210=FACE_BOUND('',#1211,.T.);
#211=FACE_BOUND('',#1212,.T.);
#212=FACE_BOUND('',#1295,.T.);
#213=FACE_BOUND('',#1296,.T.);
#214=FACE_BOUND('',#1305,.T.);
#215=FACE_BOUND('',#1307,.T.);
#216=FACE_BOUND('',#1356,.T.);
#217=FACE_BOUND('',#1390,.T.);
#218=FACE_BOUND('',#1391,.T.);
#219=FACE_BOUND('',#1399,.T.);
#220=CIRCLE('',#9931,9.00000000000001);
#221=CIRCLE('',#9932,1.00000001490116);
#222=CIRCLE('',#9933,1.00000001490116);
#223=CIRCLE('',#9934,1.00000001490116);
#224=CIRCLE('',#9935,1.00000001490116);
#225=CIRCLE('',#9936,1.00000001490116);
#226=CIRCLE('',#9937,1.00000001490116);
#227=CIRCLE('',#9938,1.00000001490116);
#228=CIRCLE('',#9939,1.00000001490116);
#229=CIRCLE('',#9940,1.00000001490116);
#230=CIRCLE('',#9941,1.00000001490116);
#231=CIRCLE('',#9943,1.56767434436123);
#232=CIRCLE('',#9944,1.56767415692665);
#233=CIRCLE('',#9945,1.56973346802878);
#234=CIRCLE('',#9946,1.50000000501054);
#235=CIRCLE('',#9947,1.50000000501054);
#236=CIRCLE('',#9948,1.49084970033875);
#237=CIRCLE('',#9949,1.56918672982792);
#238=CIRCLE('',#9953,1.5697334627853);
#239=CIRCLE('',#9954,1.56767415169005);
#240=CIRCLE('',#9955,1.56767433912463);
#241=CIRCLE('',#9956,1.5);
#242=CIRCLE('',#9957,1.5);
#243=CIRCLE('',#9958,1.49084969535878);
#244=CIRCLE('',#9959,1.56918672458628);
#245=CIRCLE('',#9962,1.49283731907808);
#246=CIRCLE('',#9967,1.5697334627853);
#247=CIRCLE('',#9971,1.49283731907808);
#248=CIRCLE('',#9972,1.49283731907808);
#249=CIRCLE('',#9973,1.49283731907808);
#250=CIRCLE('',#9977,1.49113284100014);
#251=CIRCLE('',#9982,1.56973346802878);
#252=CIRCLE('',#9985,1.49283731907808);
#253=CIRCLE('',#9988,1.49283731907808);
#254=CIRCLE('',#9989,1.49283731907808);
#255=CIRCLE('',#9990,1.49283731907808);
#256=CIRCLE('',#9994,1.56767415692665);
#257=CIRCLE('',#9995,1.56767434436123);
#258=CIRCLE('',#9996,1.49084970033875);
#259=CIRCLE('',#9997,1.56918672982792);
#260=CIRCLE('',#9998,1.50000000501054);
#261=CIRCLE('',#9999,1.50000000501054);
#262=CIRCLE('',#10001,1.49113284100014);
#263=CIRCLE('',#10004,1.50000000501);
#264=CIRCLE('',#10005,1.50000000501);
#265=CIRCLE('',#10007,1.50000000501);
#266=CIRCLE('',#10009,1.50000000501);
#267=CIRCLE('',#10010,1.50000000501);
#268=CIRCLE('',#10011,1.50000000501);
#269=CIRCLE('',#10014,1.50000000501);
#270=CIRCLE('',#10015,1.50000000501);
#271=CIRCLE('',#10016,1.50000000501);
#272=CIRCLE('',#10018,1.56918672458628);
#273=CIRCLE('',#10021,1.49084969535878);
#274=CIRCLE('',#10024,1.49113284100014);
#275=CIRCLE('',#10025,1.49113284100014);
#276=CIRCLE('',#10026,1.49113284100014);
#277=CIRCLE('',#10033,1.56767415169005);
#278=CIRCLE('',#10035,1.49113290720275);
#279=CIRCLE('',#10036,1.50000000501);
#280=CIRCLE('',#10037,1.50000000501);
#281=CIRCLE('',#10041,1.49113290720275);
#282=CIRCLE('',#10043,1.56767433912463);
#283=CIRCLE('',#10044,1.5);
#284=CIRCLE('',#10045,1.5);
#285=CIRCLE('',#10050,1.50000000501);
#286=CIRCLE('',#10057,1.49113290720275);
#287=CIRCLE('',#10058,1.49113290720275);
#288=CIRCLE('',#10065,1.49113284100014);
#289=CIRCLE('',#10067,1.49113284100014);
#290=CIRCLE('',#10068,1.49113284100014);
#291=CIRCLE('',#10073,1.50000000501);
#292=CIRCLE('',#10074,1.50000000501);
#293=CIRCLE('',#10075,1.50000000501);
#294=CIRCLE('',#10076,1.50000000501);
#295=CIRCLE('',#10077,1.50000000501);
#296=CIRCLE('',#10078,1.50000000501);
#297=CIRCLE('',#10080,1.49113290720275);
#298=CIRCLE('',#10082,1.50000000501);
#299=CIRCLE('',#10085,1.50000000501);
#300=CIRCLE('',#10087,1.50000000501);
#301=CIRCLE('',#10094,1.49113290720275);
#302=CIRCLE('',#10096,1.49113290720275);
#303=CIRCLE('',#10097,1.49113290720275);
#304=CIRCLE('',#10107,1.50000000501);
#305=CIRCLE('',#10110,1.50000000501);
#306=CIRCLE('',#10112,1.50000000501);
#307=CIRCLE('',#10119,9.00000000000001);
#308=CIRCLE('',#10123,9.00000000000001);
#309=CIRCLE('',#10124,9.00000000000001);
#310=CIRCLE('',#10125,9.00000000000001);
#311=CIRCLE('',#10126,9.00000000000001);
#312=CIRCLE('',#10127,9.00000000000001);
#313=CIRCLE('',#10128,9.00000000000001);
#314=CIRCLE('',#10129,9.00000000000001);
#315=CIRCLE('',#10130,9.00000000000001);
#316=CIRCLE('',#10132,1.00000001490116);
#317=CIRCLE('',#10133,1.00000001490116);
#318=CIRCLE('',#10134,1.00000001490116);
#319=CIRCLE('',#10135,1.00000001490116);
#320=CIRCLE('',#10136,1.00000001490116);
#321=CIRCLE('',#10137,1.00000001490116);
#322=CIRCLE('',#10138,1.00000001490116);
#323=CIRCLE('',#10139,1.00000001490116);
#324=CIRCLE('',#10140,1.00000001490116);
#325=CIRCLE('',#10141,1.00000001490116);
#326=CIRCLE('',#10170,1.8);
#327=CIRCLE('',#10171,1.);
#328=CIRCLE('',#10173,8.50000000000001);
#329=CIRCLE('',#10187,8.05000000000001);
#330=CIRCLE('',#10188,8.05000000000001);
#331=CIRCLE('',#10189,8.05000000000001);
#332=CIRCLE('',#10190,8.05000000000001);
#333=CIRCLE('',#10191,8.05000000000001);
#334=CIRCLE('',#10193,3.00000000000004);
#335=CIRCLE('',#10194,0.799999999999983);
#336=CIRCLE('',#10195,0.799999999999983);
#337=CIRCLE('',#10196,0.799999999999983);
#338=CIRCLE('',#10197,0.799999999999983);
#339=CIRCLE('',#10205,8.50000000000001);
#340=CIRCLE('',#10206,1.);
#341=CIRCLE('',#10207,1.);
#342=CIRCLE('',#10208,0.500000000000007);
#343=CIRCLE('',#10209,0.499999999999998);
#344=CIRCLE('',#10210,0.500000000000007);
#345=CIRCLE('',#10211,0.499999999999999);
#346=CIRCLE('',#10214,1.);
#347=CIRCLE('',#10217,1.8);
#348=CIRCLE('',#10225,13.);
#349=CIRCLE('',#10226,13.);
#350=CIRCLE('',#10227,1.75);
#351=CIRCLE('',#10228,1.75);
#352=CIRCLE('',#10229,1.05);
#353=CIRCLE('',#10230,1.75);
#354=CIRCLE('',#10231,1.);
#355=CIRCLE('',#10232,10.);
#356=CIRCLE('',#10233,1.);
#357=CIRCLE('',#10234,3.00000000000004);
#358=CIRCLE('',#10235,1.75);
#359=CIRCLE('',#10236,1.05);
#360=CIRCLE('',#10246,13.);
#361=CIRCLE('',#10247,13.);
#362=CIRCLE('',#10249,1.8);
#363=CIRCLE('',#10250,10.);
#364=CIRCLE('',#10251,1.);
#365=CIRCLE('',#10253,1.8);
#366=CIRCLE('',#10254,1.05);
#367=CIRCLE('',#10256,1.8);
#368=CIRCLE('',#10257,1.05);
#369=CIRCLE('',#10259,1.8);
#370=CIRCLE('',#10260,1.);
#371=CIRCLE('',#10262,1.75);
#372=CIRCLE('',#10264,1.75);
#373=CIRCLE('',#10267,1.75);
#374=CIRCLE('',#10272,1.75);
#375=CIRCLE('',#10275,0.799999999999983);
#376=CIRCLE('',#10277,0.799999999999983);
#377=CIRCLE('',#10279,0.799999999999983);
#378=CIRCLE('',#10281,0.799999999999983);
#379=CIRCLE('',#10316,0.500000000000007);
#380=CIRCLE('',#10319,0.500000000000007);
#381=CIRCLE('',#10325,1.8);
#382=CIRCLE('',#10327,1.8);
#383=CIRCLE('',#10331,0.500000000000007);
#384=CIRCLE('',#10332,0.500000000000004);
#385=CIRCLE('',#10334,1.00000001490116);
#386=CIRCLE('',#10335,1.00000001490116);
#387=CIRCLE('',#10336,1.00000001490116);
#388=CIRCLE('',#10337,1.00000001490116);
#389=CIRCLE('',#10338,1.00000001490116);
#390=CIRCLE('',#10339,1.00000001490116);
#391=CIRCLE('',#10340,1.00000001490116);
#392=CIRCLE('',#10341,1.00000001490116);
#393=CIRCLE('',#10342,1.00000001490116);
#394=CIRCLE('',#10343,1.00000001490116);
#395=CIRCLE('',#10345,1.00000001490116);
#396=CIRCLE('',#10346,1.00000001490116);
#397=CIRCLE('',#10347,1.00000001490116);
#398=CIRCLE('',#10348,1.00000001490116);
#399=CIRCLE('',#10349,1.00000001490116);
#400=CIRCLE('',#10350,1.00000001490116);
#401=CIRCLE('',#10351,1.00000001490116);
#402=CIRCLE('',#10352,1.00000001490116);
#403=CIRCLE('',#10353,1.00000001490116);
#404=CIRCLE('',#10354,1.00000001490116);
#405=CIRCLE('',#10437,0.849999999999982);
#406=CIRCLE('',#10438,0.849999999999982);
#407=CIRCLE('',#10447,0.849999999999982);
#408=CIRCLE('',#10449,0.849999999999982);
#409=CIRCLE('',#10498,0.849999999999982);
#410=CIRCLE('',#10532,0.849999999999982);
#411=CIRCLE('',#10533,0.849999999999982);
#412=CIRCLE('',#10541,0.849999999999982);
#413=FACE_OUTER_BOUND('',#888,.T.);
#414=FACE_OUTER_BOUND('',#889,.T.);
#415=FACE_OUTER_BOUND('',#890,.T.);
#416=FACE_OUTER_BOUND('',#891,.T.);
#417=FACE_OUTER_BOUND('',#897,.T.);
#418=FACE_OUTER_BOUND('',#900,.T.);
#419=FACE_OUTER_BOUND('',#901,.T.);
#420=FACE_OUTER_BOUND('',#902,.T.);
#421=FACE_OUTER_BOUND('',#905,.T.);
#422=FACE_OUTER_BOUND('',#906,.T.);
#423=FACE_OUTER_BOUND('',#907,.T.);
#424=FACE_OUTER_BOUND('',#908,.T.);
#425=FACE_OUTER_BOUND('',#909,.T.);
#426=FACE_OUTER_BOUND('',#910,.T.);
#427=FACE_OUTER_BOUND('',#911,.T.);
#428=FACE_OUTER_BOUND('',#912,.T.);
#429=FACE_OUTER_BOUND('',#913,.T.);
#430=FACE_OUTER_BOUND('',#914,.T.);
#431=FACE_OUTER_BOUND('',#915,.T.);
#432=FACE_OUTER_BOUND('',#918,.T.);
#433=FACE_OUTER_BOUND('',#919,.T.);
#434=FACE_OUTER_BOUND('',#920,.T.);
#435=FACE_OUTER_BOUND('',#921,.T.);
#436=FACE_OUTER_BOUND('',#922,.T.);
#437=FACE_OUTER_BOUND('',#923,.T.);
#438=FACE_OUTER_BOUND('',#924,.T.);
#439=FACE_OUTER_BOUND('',#925,.T.);
#440=FACE_OUTER_BOUND('',#926,.T.);
#441=FACE_OUTER_BOUND('',#927,.T.);
#442=FACE_OUTER_BOUND('',#928,.T.);
#443=FACE_OUTER_BOUND('',#929,.T.);
#444=FACE_OUTER_BOUND('',#932,.T.);
#445=FACE_OUTER_BOUND('',#933,.T.);
#446=FACE_OUTER_BOUND('',#934,.T.);
#447=FACE_OUTER_BOUND('',#935,.T.);
#448=FACE_OUTER_BOUND('',#936,.T.);
#449=FACE_OUTER_BOUND('',#937,.T.);
#450=FACE_OUTER_BOUND('',#938,.T.);
#451=FACE_OUTER_BOUND('',#939,.T.);
#452=FACE_OUTER_BOUND('',#940,.T.);
#453=FACE_OUTER_BOUND('',#941,.T.);
#454=FACE_OUTER_BOUND('',#942,.T.);
#455=FACE_OUTER_BOUND('',#943,.T.);
#456=FACE_OUTER_BOUND('',#944,.T.);
#457=FACE_OUTER_BOUND('',#945,.T.);
#458=FACE_OUTER_BOUND('',#946,.T.);
#459=FACE_OUTER_BOUND('',#947,.T.);
#460=FACE_OUTER_BOUND('',#948,.T.);
#461=FACE_OUTER_BOUND('',#949,.T.);
#462=FACE_OUTER_BOUND('',#950,.T.);
#463=FACE_OUTER_BOUND('',#953,.T.);
#464=FACE_OUTER_BOUND('',#954,.T.);
#465=FACE_OUTER_BOUND('',#955,.T.);
#466=FACE_OUTER_BOUND('',#956,.T.);
#467=FACE_OUTER_BOUND('',#959,.T.);
#468=FACE_OUTER_BOUND('',#960,.T.);
#469=FACE_OUTER_BOUND('',#961,.T.);
#470=FACE_OUTER_BOUND('',#962,.T.);
#471=FACE_OUTER_BOUND('',#963,.T.);
#472=FACE_OUTER_BOUND('',#964,.T.);
#473=FACE_OUTER_BOUND('',#965,.T.);
#474=FACE_OUTER_BOUND('',#966,.T.);
#475=FACE_OUTER_BOUND('',#967,.T.);
#476=FACE_OUTER_BOUND('',#968,.T.);
#477=FACE_OUTER_BOUND('',#969,.T.);
#478=FACE_OUTER_BOUND('',#970,.T.);
#479=FACE_OUTER_BOUND('',#971,.T.);
#480=FACE_OUTER_BOUND('',#972,.T.);
#481=FACE_OUTER_BOUND('',#973,.T.);
#482=FACE_OUTER_BOUND('',#974,.T.);
#483=FACE_OUTER_BOUND('',#975,.T.);
#484=FACE_OUTER_BOUND('',#976,.T.);
#485=FACE_OUTER_BOUND('',#977,.T.);
#486=FACE_OUTER_BOUND('',#978,.T.);
#487=FACE_OUTER_BOUND('',#979,.T.);
#488=FACE_OUTER_BOUND('',#980,.T.);
#489=FACE_OUTER_BOUND('',#981,.T.);
#490=FACE_OUTER_BOUND('',#982,.T.);
#491=FACE_OUTER_BOUND('',#983,.T.);
#492=FACE_OUTER_BOUND('',#984,.T.);
#493=FACE_OUTER_BOUND('',#985,.T.);
#494=FACE_OUTER_BOUND('',#986,.T.);
#495=FACE_OUTER_BOUND('',#987,.T.);
#496=FACE_OUTER_BOUND('',#988,.T.);
#497=FACE_OUTER_BOUND('',#989,.T.);
#498=FACE_OUTER_BOUND('',#990,.T.);
#499=FACE_OUTER_BOUND('',#991,.T.);
#500=FACE_OUTER_BOUND('',#992,.T.);
#501=FACE_OUTER_BOUND('',#993,.T.);
#502=FACE_OUTER_BOUND('',#994,.T.);
#503=FACE_OUTER_BOUND('',#995,.T.);
#504=FACE_OUTER_BOUND('',#996,.T.);
#505=FACE_OUTER_BOUND('',#997,.T.);
#506=FACE_OUTER_BOUND('',#998,.T.);
#507=FACE_OUTER_BOUND('',#999,.T.);
#508=FACE_OUTER_BOUND('',#1000,.T.);
#509=FACE_OUTER_BOUND('',#1001,.T.);
#510=FACE_OUTER_BOUND('',#1002,.T.);
#511=FACE_OUTER_BOUND('',#1003,.T.);
#512=FACE_OUTER_BOUND('',#1004,.T.);
#513=FACE_OUTER_BOUND('',#1005,.T.);
#514=FACE_OUTER_BOUND('',#1006,.T.);
#515=FACE_OUTER_BOUND('',#1007,.T.);
#516=FACE_OUTER_BOUND('',#1008,.T.);
#517=FACE_OUTER_BOUND('',#1009,.T.);
#518=FACE_OUTER_BOUND('',#1010,.T.);
#519=FACE_OUTER_BOUND('',#1011,.T.);
#520=FACE_OUTER_BOUND('',#1012,.T.);
#521=FACE_OUTER_BOUND('',#1013,.T.);
#522=FACE_OUTER_BOUND('',#1019,.T.);
#523=FACE_OUTER_BOUND('',#1020,.T.);
#524=FACE_OUTER_BOUND('',#1021,.T.);
#525=FACE_OUTER_BOUND('',#1022,.T.);
#526=FACE_OUTER_BOUND('',#1023,.T.);
#527=FACE_OUTER_BOUND('',#1024,.T.);
#528=FACE_OUTER_BOUND('',#1026,.T.);
#529=FACE_OUTER_BOUND('',#1027,.T.);
#530=FACE_OUTER_BOUND('',#1028,.T.);
#531=FACE_OUTER_BOUND('',#1029,.T.);
#532=FACE_OUTER_BOUND('',#1030,.T.);
#533=FACE_OUTER_BOUND('',#1031,.T.);
#534=FACE_OUTER_BOUND('',#1032,.T.);
#535=FACE_OUTER_BOUND('',#1033,.T.);
#536=FACE_OUTER_BOUND('',#1034,.T.);
#537=FACE_OUTER_BOUND('',#1035,.T.);
#538=FACE_OUTER_BOUND('',#1036,.T.);
#539=FACE_OUTER_BOUND('',#1037,.T.);
#540=FACE_OUTER_BOUND('',#1038,.T.);
#541=FACE_OUTER_BOUND('',#1039,.T.);
#542=FACE_OUTER_BOUND('',#1040,.T.);
#543=FACE_OUTER_BOUND('',#1042,.T.);
#544=FACE_OUTER_BOUND('',#1044,.T.);
#545=FACE_OUTER_BOUND('',#1045,.T.);
#546=FACE_OUTER_BOUND('',#1046,.T.);
#547=FACE_OUTER_BOUND('',#1047,.T.);
#548=FACE_OUTER_BOUND('',#1048,.T.);
#549=FACE_OUTER_BOUND('',#1049,.T.);
#550=FACE_OUTER_BOUND('',#1051,.T.);
#551=FACE_OUTER_BOUND('',#1052,.T.);
#552=FACE_OUTER_BOUND('',#1053,.T.);
#553=FACE_OUTER_BOUND('',#1054,.T.);
#554=FACE_OUTER_BOUND('',#1055,.T.);
#555=FACE_OUTER_BOUND('',#1056,.T.);
#556=FACE_OUTER_BOUND('',#1057,.T.);
#557=FACE_OUTER_BOUND('',#1058,.T.);
#558=FACE_OUTER_BOUND('',#1059,.T.);
#559=FACE_OUTER_BOUND('',#1060,.T.);
#560=FACE_OUTER_BOUND('',#1061,.T.);
#561=FACE_OUTER_BOUND('',#1062,.T.);
#562=FACE_OUTER_BOUND('',#1063,.T.);
#563=FACE_OUTER_BOUND('',#1064,.T.);
#564=FACE_OUTER_BOUND('',#1065,.T.);
#565=FACE_OUTER_BOUND('',#1066,.T.);
#566=FACE_OUTER_BOUND('',#1067,.T.);
#567=FACE_OUTER_BOUND('',#1068,.T.);
#568=FACE_OUTER_BOUND('',#1071,.T.);
#569=FACE_OUTER_BOUND('',#1072,.T.);
#570=FACE_OUTER_BOUND('',#1073,.T.);
#571=FACE_OUTER_BOUND('',#1079,.T.);
#572=FACE_OUTER_BOUND('',#1080,.T.);
#573=FACE_OUTER_BOUND('',#1081,.T.);
#574=FACE_OUTER_BOUND('',#1082,.T.);
#575=FACE_OUTER_BOUND('',#1083,.T.);
#576=FACE_OUTER_BOUND('',#1084,.T.);
#577=FACE_OUTER_BOUND('',#1085,.T.);
#578=FACE_OUTER_BOUND('',#1089,.T.);
#579=FACE_OUTER_BOUND('',#1090,.T.);
#580=FACE_OUTER_BOUND('',#1091,.T.);
#581=FACE_OUTER_BOUND('',#1092,.T.);
#582=FACE_OUTER_BOUND('',#1094,.T.);
#583=FACE_OUTER_BOUND('',#1095,.T.);
#584=FACE_OUTER_BOUND('',#1096,.T.);
#585=FACE_OUTER_BOUND('',#1097,.T.);
#586=FACE_OUTER_BOUND('',#1098,.T.);
#587=FACE_OUTER_BOUND('',#1099,.T.);
#588=FACE_OUTER_BOUND('',#1100,.T.);
#589=FACE_OUTER_BOUND('',#1110,.T.);
#590=FACE_OUTER_BOUND('',#1111,.T.);
#591=FACE_OUTER_BOUND('',#1112,.T.);
#592=FACE_OUTER_BOUND('',#1113,.T.);
#593=FACE_OUTER_BOUND('',#1114,.T.);
#594=FACE_OUTER_BOUND('',#1115,.T.);
#595=FACE_OUTER_BOUND('',#1116,.T.);
#596=FACE_OUTER_BOUND('',#1117,.T.);
#597=FACE_OUTER_BOUND('',#1118,.T.);
#598=FACE_OUTER_BOUND('',#1119,.T.);
#599=FACE_OUTER_BOUND('',#1120,.T.);
#600=FACE_OUTER_BOUND('',#1121,.T.);
#601=FACE_OUTER_BOUND('',#1123,.T.);
#602=FACE_OUTER_BOUND('',#1125,.T.);
#603=FACE_OUTER_BOUND('',#1127,.T.);
#604=FACE_OUTER_BOUND('',#1129,.T.);
#605=FACE_OUTER_BOUND('',#1130,.T.);
#606=FACE_OUTER_BOUND('',#1131,.T.);
#607=FACE_OUTER_BOUND('',#1132,.T.);
#608=FACE_OUTER_BOUND('',#1133,.T.);
#609=FACE_OUTER_BOUND('',#1134,.T.);
#610=FACE_OUTER_BOUND('',#1135,.T.);
#611=FACE_OUTER_BOUND('',#1136,.T.);
#612=FACE_OUTER_BOUND('',#1137,.T.);
#613=FACE_OUTER_BOUND('',#1138,.T.);
#614=FACE_OUTER_BOUND('',#1140,.T.);
#615=FACE_OUTER_BOUND('',#1142,.T.);
#616=FACE_OUTER_BOUND('',#1144,.T.);
#617=FACE_OUTER_BOUND('',#1146,.T.);
#618=FACE_OUTER_BOUND('',#1147,.T.);
#619=FACE_OUTER_BOUND('',#1148,.T.);
#620=FACE_OUTER_BOUND('',#1149,.T.);
#621=FACE_OUTER_BOUND('',#1150,.T.);
#622=FACE_OUTER_BOUND('',#1151,.T.);
#623=FACE_OUTER_BOUND('',#1152,.T.);
#624=FACE_OUTER_BOUND('',#1153,.T.);
#625=FACE_OUTER_BOUND('',#1154,.T.);
#626=FACE_OUTER_BOUND('',#1155,.T.);
#627=FACE_OUTER_BOUND('',#1156,.T.);
#628=FACE_OUTER_BOUND('',#1157,.T.);
#629=FACE_OUTER_BOUND('',#1158,.T.);
#630=FACE_OUTER_BOUND('',#1159,.T.);
#631=FACE_OUTER_BOUND('',#1160,.T.);
#632=FACE_OUTER_BOUND('',#1161,.T.);
#633=FACE_OUTER_BOUND('',#1162,.T.);
#634=FACE_OUTER_BOUND('',#1163,.T.);
#635=FACE_OUTER_BOUND('',#1164,.T.);
#636=FACE_OUTER_BOUND('',#1165,.T.);
#637=FACE_OUTER_BOUND('',#1166,.T.);
#638=FACE_OUTER_BOUND('',#1167,.T.);
#639=FACE_OUTER_BOUND('',#1168,.T.);
#640=FACE_OUTER_BOUND('',#1169,.T.);
#641=FACE_OUTER_BOUND('',#1171,.T.);
#642=FACE_OUTER_BOUND('',#1172,.T.);
#643=FACE_OUTER_BOUND('',#1173,.T.);
#644=FACE_OUTER_BOUND('',#1174,.T.);
#645=FACE_OUTER_BOUND('',#1175,.T.);
#646=FACE_OUTER_BOUND('',#1176,.T.);
#647=FACE_OUTER_BOUND('',#1181,.T.);
#648=FACE_OUTER_BOUND('',#1184,.T.);
#649=FACE_OUTER_BOUND('',#1185,.T.);
#650=FACE_OUTER_BOUND('',#1186,.T.);
#651=FACE_OUTER_BOUND('',#1187,.T.);
#652=FACE_OUTER_BOUND('',#1188,.T.);
#653=FACE_OUTER_BOUND('',#1189,.T.);
#654=FACE_OUTER_BOUND('',#1190,.T.);
#655=FACE_OUTER_BOUND('',#1191,.T.);
#656=FACE_OUTER_BOUND('',#1192,.T.);
#657=FACE_OUTER_BOUND('',#1193,.T.);
#658=FACE_OUTER_BOUND('',#1194,.T.);
#659=FACE_OUTER_BOUND('',#1195,.T.);
#660=FACE_OUTER_BOUND('',#1196,.T.);
#661=FACE_OUTER_BOUND('',#1197,.T.);
#662=FACE_OUTER_BOUND('',#1201,.T.);
#663=FACE_OUTER_BOUND('',#1207,.T.);
#664=FACE_OUTER_BOUND('',#1213,.T.);
#665=FACE_OUTER_BOUND('',#1214,.T.);
#666=FACE_OUTER_BOUND('',#1215,.T.);
#667=FACE_OUTER_BOUND('',#1216,.T.);
#668=FACE_OUTER_BOUND('',#1217,.T.);
#669=FACE_OUTER_BOUND('',#1218,.T.);
#670=FACE_OUTER_BOUND('',#1219,.T.);
#671=FACE_OUTER_BOUND('',#1220,.T.);
#672=FACE_OUTER_BOUND('',#1221,.T.);
#673=FACE_OUTER_BOUND('',#1222,.T.);
#674=FACE_OUTER_BOUND('',#1223,.T.);
#675=FACE_OUTER_BOUND('',#1224,.T.);
#676=FACE_OUTER_BOUND('',#1225,.T.);
#677=FACE_OUTER_BOUND('',#1226,.T.);
#678=FACE_OUTER_BOUND('',#1227,.T.);
#679=FACE_OUTER_BOUND('',#1228,.T.);
#680=FACE_OUTER_BOUND('',#1229,.T.);
#681=FACE_OUTER_BOUND('',#1230,.T.);
#682=FACE_OUTER_BOUND('',#1231,.T.);
#683=FACE_OUTER_BOUND('',#1232,.T.);
#684=FACE_OUTER_BOUND('',#1233,.T.);
#685=FACE_OUTER_BOUND('',#1234,.T.);
#686=FACE_OUTER_BOUND('',#1235,.T.);
#687=FACE_OUTER_BOUND('',#1236,.T.);
#688=FACE_OUTER_BOUND('',#1237,.T.);
#689=FACE_OUTER_BOUND('',#1238,.T.);
#690=FACE_OUTER_BOUND('',#1239,.T.);
#691=FACE_OUTER_BOUND('',#1240,.T.);
#692=FACE_OUTER_BOUND('',#1241,.T.);
#693=FACE_OUTER_BOUND('',#1242,.T.);
#694=FACE_OUTER_BOUND('',#1243,.T.);
#695=FACE_OUTER_BOUND('',#1244,.T.);
#696=FACE_OUTER_BOUND('',#1245,.T.);
#697=FACE_OUTER_BOUND('',#1246,.T.);
#698=FACE_OUTER_BOUND('',#1247,.T.);
#699=FACE_OUTER_BOUND('',#1248,.T.);
#700=FACE_OUTER_BOUND('',#1249,.T.);
#701=FACE_OUTER_BOUND('',#1250,.T.);
#702=FACE_OUTER_BOUND('',#1251,.T.);
#703=FACE_OUTER_BOUND('',#1252,.T.);
#704=FACE_OUTER_BOUND('',#1253,.T.);
#705=FACE_OUTER_BOUND('',#1254,.T.);
#706=FACE_OUTER_BOUND('',#1255,.T.);
#707=FACE_OUTER_BOUND('',#1256,.T.);
#708=FACE_OUTER_BOUND('',#1257,.T.);
#709=FACE_OUTER_BOUND('',#1258,.T.);
#710=FACE_OUTER_BOUND('',#1259,.T.);
#711=FACE_OUTER_BOUND('',#1260,.T.);
#712=FACE_OUTER_BOUND('',#1261,.T.);
#713=FACE_OUTER_BOUND('',#1262,.T.);
#714=FACE_OUTER_BOUND('',#1263,.T.);
#715=FACE_OUTER_BOUND('',#1264,.T.);
#716=FACE_OUTER_BOUND('',#1265,.T.);
#717=FACE_OUTER_BOUND('',#1266,.T.);
#718=FACE_OUTER_BOUND('',#1267,.T.);
#719=FACE_OUTER_BOUND('',#1268,.T.);
#720=FACE_OUTER_BOUND('',#1269,.T.);
#721=FACE_OUTER_BOUND('',#1270,.T.);
#722=FACE_OUTER_BOUND('',#1271,.T.);
#723=FACE_OUTER_BOUND('',#1272,.T.);
#724=FACE_OUTER_BOUND('',#1273,.T.);
#725=FACE_OUTER_BOUND('',#1274,.T.);
#726=FACE_OUTER_BOUND('',#1275,.T.);
#727=FACE_OUTER_BOUND('',#1276,.T.);
#728=FACE_OUTER_BOUND('',#1277,.T.);
#729=FACE_OUTER_BOUND('',#1278,.T.);
#730=FACE_OUTER_BOUND('',#1279,.T.);
#731=FACE_OUTER_BOUND('',#1280,.T.);
#732=FACE_OUTER_BOUND('',#1281,.T.);
#733=FACE_OUTER_BOUND('',#1282,.T.);
#734=FACE_OUTER_BOUND('',#1283,.T.);
#735=FACE_OUTER_BOUND('',#1284,.T.);
#736=FACE_OUTER_BOUND('',#1285,.T.);
#737=FACE_OUTER_BOUND('',#1286,.T.);
#738=FACE_OUTER_BOUND('',#1287,.T.);
#739=FACE_OUTER_BOUND('',#1288,.T.);
#740=FACE_OUTER_BOUND('',#1289,.T.);
#741=FACE_OUTER_BOUND('',#1290,.T.);
#742=FACE_OUTER_BOUND('',#1291,.T.);
#743=FACE_OUTER_BOUND('',#1292,.T.);
#744=FACE_OUTER_BOUND('',#1293,.T.);
#745=FACE_OUTER_BOUND('',#1294,.T.);
#746=FACE_OUTER_BOUND('',#1297,.T.);
#747=FACE_OUTER_BOUND('',#1298,.T.);
#748=FACE_OUTER_BOUND('',#1299,.T.);
#749=FACE_OUTER_BOUND('',#1300,.T.);
#750=FACE_OUTER_BOUND('',#1301,.T.);
#751=FACE_OUTER_BOUND('',#1302,.T.);
#752=FACE_OUTER_BOUND('',#1303,.T.);
#753=FACE_OUTER_BOUND('',#1304,.T.);
#754=FACE_OUTER_BOUND('',#1306,.T.);
#755=FACE_OUTER_BOUND('',#1308,.T.);
#756=FACE_OUTER_BOUND('',#1309,.T.);
#757=FACE_OUTER_BOUND('',#1310,.T.);
#758=FACE_OUTER_BOUND('',#1311,.T.);
#759=FACE_OUTER_BOUND('',#1312,.T.);
#760=FACE_OUTER_BOUND('',#1313,.T.);
#761=FACE_OUTER_BOUND('',#1314,.T.);
#762=FACE_OUTER_BOUND('',#1315,.T.);
#763=FACE_OUTER_BOUND('',#1316,.T.);
#764=FACE_OUTER_BOUND('',#1317,.T.);
#765=FACE_OUTER_BOUND('',#1318,.T.);
#766=FACE_OUTER_BOUND('',#1319,.T.);
#767=FACE_OUTER_BOUND('',#1320,.T.);
#768=FACE_OUTER_BOUND('',#1321,.T.);
#769=FACE_OUTER_BOUND('',#1322,.T.);
#770=FACE_OUTER_BOUND('',#1323,.T.);
#771=FACE_OUTER_BOUND('',#1324,.T.);
#772=FACE_OUTER_BOUND('',#1325,.T.);
#773=FACE_OUTER_BOUND('',#1326,.T.);
#774=FACE_OUTER_BOUND('',#1327,.T.);
#775=FACE_OUTER_BOUND('',#1328,.T.);
#776=FACE_OUTER_BOUND('',#1329,.T.);
#777=FACE_OUTER_BOUND('',#1330,.T.);
#778=FACE_OUTER_BOUND('',#1331,.T.);
#779=FACE_OUTER_BOUND('',#1332,.T.);
#780=FACE_OUTER_BOUND('',#1333,.T.);
#781=FACE_OUTER_BOUND('',#1334,.T.);
#782=FACE_OUTER_BOUND('',#1335,.T.);
#783=FACE_OUTER_BOUND('',#1336,.T.);
#784=FACE_OUTER_BOUND('',#1337,.T.);
#785=FACE_OUTER_BOUND('',#1338,.T.);
#786=FACE_OUTER_BOUND('',#1339,.T.);
#787=FACE_OUTER_BOUND('',#1340,.T.);
#788=FACE_OUTER_BOUND('',#1341,.T.);
#789=FACE_OUTER_BOUND('',#1342,.T.);
#790=FACE_OUTER_BOUND('',#1343,.T.);
#791=FACE_OUTER_BOUND('',#1344,.T.);
#792=FACE_OUTER_BOUND('',#1345,.T.);
#793=FACE_OUTER_BOUND('',#1346,.T.);
#794=FACE_OUTER_BOUND('',#1347,.T.);
#795=FACE_OUTER_BOUND('',#1348,.T.);
#796=FACE_OUTER_BOUND('',#1349,.T.);
#797=FACE_OUTER_BOUND('',#1350,.T.);
#798=FACE_OUTER_BOUND('',#1351,.T.);
#799=FACE_OUTER_BOUND('',#1352,.T.);
#800=FACE_OUTER_BOUND('',#1353,.T.);
#801=FACE_OUTER_BOUND('',#1354,.T.);
#802=FACE_OUTER_BOUND('',#1355,.T.);
#803=FACE_OUTER_BOUND('',#1357,.T.);
#804=FACE_OUTER_BOUND('',#1358,.T.);
#805=FACE_OUTER_BOUND('',#1359,.T.);
#806=FACE_OUTER_BOUND('',#1360,.T.);
#807=FACE_OUTER_BOUND('',#1361,.T.);
#808=FACE_OUTER_BOUND('',#1362,.T.);
#809=FACE_OUTER_BOUND('',#1363,.T.);
#810=FACE_OUTER_BOUND('',#1364,.T.);
#811=FACE_OUTER_BOUND('',#1365,.T.);
#812=FACE_OUTER_BOUND('',#1366,.T.);
#813=FACE_OUTER_BOUND('',#1367,.T.);
#814=FACE_OUTER_BOUND('',#1368,.T.);
#815=FACE_OUTER_BOUND('',#1369,.T.);
#816=FACE_OUTER_BOUND('',#1370,.T.);
#817=FACE_OUTER_BOUND('',#1371,.T.);
#818=FACE_OUTER_BOUND('',#1372,.T.);
#819=FACE_OUTER_BOUND('',#1373,.T.);
#820=FACE_OUTER_BOUND('',#1374,.T.);
#821=FACE_OUTER_BOUND('',#1375,.T.);
#822=FACE_OUTER_BOUND('',#1376,.T.);
#823=FACE_OUTER_BOUND('',#1377,.T.);
#824=FACE_OUTER_BOUND('',#1378,.T.);
#825=FACE_OUTER_BOUND('',#1379,.T.);
#826=FACE_OUTER_BOUND('',#1380,.T.);
#827=FACE_OUTER_BOUND('',#1381,.T.);
#828=FACE_OUTER_BOUND('',#1382,.T.);
#829=FACE_OUTER_BOUND('',#1383,.T.);
#830=FACE_OUTER_BOUND('',#1384,.T.);
#831=FACE_OUTER_BOUND('',#1385,.T.);
#832=FACE_OUTER_BOUND('',#1386,.T.);
#833=FACE_OUTER_BOUND('',#1387,.T.);
#834=FACE_OUTER_BOUND('',#1388,.T.);
#835=FACE_OUTER_BOUND('',#1389,.T.);
#836=FACE_OUTER_BOUND('',#1392,.T.);
#837=FACE_OUTER_BOUND('',#1393,.T.);
#838=FACE_OUTER_BOUND('',#1394,.T.);
#839=FACE_OUTER_BOUND('',#1395,.T.);
#840=FACE_OUTER_BOUND('',#1396,.T.);
#841=FACE_OUTER_BOUND('',#1397,.T.);
#842=FACE_OUTER_BOUND('',#1398,.T.);
#843=FACE_OUTER_BOUND('',#1400,.T.);
#844=FACE_OUTER_BOUND('',#1401,.T.);
#845=FACE_OUTER_BOUND('',#1402,.T.);
#846=FACE_OUTER_BOUND('',#1403,.T.);
#847=FACE_OUTER_BOUND('',#1404,.T.);
#848=FACE_OUTER_BOUND('',#1405,.T.);
#849=FACE_OUTER_BOUND('',#1406,.T.);
#850=FACE_OUTER_BOUND('',#1407,.T.);
#851=FACE_OUTER_BOUND('',#1408,.T.);
#852=FACE_OUTER_BOUND('',#1409,.T.);
#853=FACE_OUTER_BOUND('',#1410,.T.);
#854=FACE_OUTER_BOUND('',#1411,.T.);
#855=FACE_OUTER_BOUND('',#1412,.T.);
#856=FACE_OUTER_BOUND('',#1413,.T.);
#857=FACE_OUTER_BOUND('',#1414,.T.);
#858=FACE_OUTER_BOUND('',#1415,.T.);
#859=FACE_OUTER_BOUND('',#1416,.T.);
#860=FACE_OUTER_BOUND('',#1417,.T.);
#861=FACE_OUTER_BOUND('',#1418,.T.);
#862=FACE_OUTER_BOUND('',#1419,.T.);
#863=FACE_OUTER_BOUND('',#1420,.T.);
#864=FACE_OUTER_BOUND('',#1421,.T.);
#865=FACE_OUTER_BOUND('',#1422,.T.);
#866=FACE_OUTER_BOUND('',#1423,.T.);
#867=FACE_OUTER_BOUND('',#1424,.T.);
#868=FACE_OUTER_BOUND('',#1425,.T.);
#869=FACE_OUTER_BOUND('',#1426,.T.);
#870=FACE_OUTER_BOUND('',#1427,.T.);
#871=FACE_OUTER_BOUND('',#1428,.T.);
#872=FACE_OUTER_BOUND('',#1429,.T.);
#873=FACE_OUTER_BOUND('',#1430,.T.);
#874=FACE_OUTER_BOUND('',#1431,.T.);
#875=FACE_OUTER_BOUND('',#1432,.T.);
#876=FACE_OUTER_BOUND('',#1433,.T.);
#877=FACE_OUTER_BOUND('',#1434,.T.);
#878=FACE_OUTER_BOUND('',#1435,.T.);
#879=FACE_OUTER_BOUND('',#1436,.T.);
#880=FACE_OUTER_BOUND('',#1437,.T.);
#881=FACE_OUTER_BOUND('',#1438,.T.);
#882=FACE_OUTER_BOUND('',#1439,.T.);
#883=FACE_OUTER_BOUND('',#1440,.T.);
#884=FACE_OUTER_BOUND('',#1441,.T.);
#885=FACE_OUTER_BOUND('',#1442,.T.);
#886=FACE_OUTER_BOUND('',#1443,.T.);
#887=FACE_OUTER_BOUND('',#1444,.T.);
#888=EDGE_LOOP('',(#6204,#6205,#6206,#6207,#6208));
#889=EDGE_LOOP('',(#6209,#6210,#6211,#6212,#6213));
#890=EDGE_LOOP('',(#6214,#6215,#6216,#6217,#6218,#6219,#6220,#6221,#6222,
#6223,#6224,#6225));
#891=EDGE_LOOP('',(#6226,#6227,#6228,#6229,#6230,#6231,#6232,#6233,#6234,
#6235));
#892=EDGE_LOOP('',(#6236,#6237,#6238,#6239));
#893=EDGE_LOOP('',(#6240,#6241,#6242,#6243));
#894=EDGE_LOOP('',(#6244,#6245,#6246,#6247));
#895=EDGE_LOOP('',(#6248,#6249,#6250,#6251));
#896=EDGE_LOOP('',(#6252,#6253,#6254,#6255));
#897=EDGE_LOOP('',(#6256,#6257,#6258,#6259,#6260,#6261,#6262,#6263,#6264,
#6265,#6266,#6267,#6268,#6269,#6270,#6271,#6272,#6273,#6274));
#898=EDGE_LOOP('',(#6275,#6276,#6277,#6278));
#899=EDGE_LOOP('',(#6279,#6280,#6281,#6282));
#900=EDGE_LOOP('',(#6283,#6284,#6285,#6286,#6287));
#901=EDGE_LOOP('',(#6288,#6289,#6290,#6291,#6292));
#902=EDGE_LOOP('',(#6293,#6294,#6295,#6296,#6297,#6298,#6299,#6300,#6301,
#6302,#6303,#6304,#6305,#6306,#6307,#6308,#6309,#6310,#6311));
#903=EDGE_LOOP('',(#6312,#6313,#6314,#6315));
#904=EDGE_LOOP('',(#6316,#6317,#6318,#6319));
#905=EDGE_LOOP('',(#6320,#6321,#6322,#6323,#6324,#6325));
#906=EDGE_LOOP('',(#6326,#6327));
#907=EDGE_LOOP('',(#6328,#6329,#6330,#6331));
#908=EDGE_LOOP('',(#6332,#6333,#6334,#6335));
#909=EDGE_LOOP('',(#6336,#6337,#6338,#6339));
#910=EDGE_LOOP('',(#6340,#6341,#6342,#6343));
#911=EDGE_LOOP('',(#6344,#6345,#6346,#6347));
#912=EDGE_LOOP('',(#6348,#6349,#6350,#6351));
#913=EDGE_LOOP('',(#6352,#6353,#6354,#6355,#6356,#6357,#6358,#6359));
#914=EDGE_LOOP('',(#6360,#6361,#6362,#6363));
#915=EDGE_LOOP('',(#6364,#6365,#6366,#6367,#6368,#6369,#6370,#6371,#6372,
#6373,#6374,#6375,#6376,#6377,#6378,#6379,#6380,#6381,#6382,#6383,#6384,
#6385,#6386,#6387,#6388,#6389,#6390,#6391,#6392,#6393,#6394,#6395,#6396,
#6397,#6398,#6399,#6400,#6401,#6402,#6403,#6404,#6405,#6406,#6407,#6408,
#6409,#6410,#6411,#6412,#6413));
#916=EDGE_LOOP('',(#6414,#6415,#6416));
#917=EDGE_LOOP('',(#6417,#6418,#6419,#6420,#6421));
#918=EDGE_LOOP('',(#6422,#6423,#6424,#6425,#6426,#6427));
#919=EDGE_LOOP('',(#6428,#6429,#6430,#6431));
#920=EDGE_LOOP('',(#6432,#6433,#6434,#6435));
#921=EDGE_LOOP('',(#6436,#6437,#6438,#6439));
#922=EDGE_LOOP('',(#6440,#6441,#6442,#6443));
#923=EDGE_LOOP('',(#6444,#6445,#6446,#6447,#6448,#6449));
#924=EDGE_LOOP('',(#6450,#6451));
#925=EDGE_LOOP('',(#6452,#6453,#6454,#6455));
#926=EDGE_LOOP('',(#6456,#6457,#6458,#6459,#6460,#6461,#6462,#6463));
#927=EDGE_LOOP('',(#6464,#6465,#6466,#6467,#6468,#6469));
#928=EDGE_LOOP('',(#6470,#6471,#6472,#6473,#6474,#6475));
#929=EDGE_LOOP('',(#6476,#6477,#6478,#6479,#6480,#6481,#6482,#6483,#6484,
#6485,#6486,#6487,#6488,#6489,#6490,#6491,#6492,#6493,#6494,#6495,#6496,
#6497,#6498,#6499,#6500));
#930=EDGE_LOOP('',(#6501,#6502,#6503,#6504));
#931=EDGE_LOOP('',(#6505,#6506,#6507,#6508));
#932=EDGE_LOOP('',(#6509,#6510,#6511,#6512,#6513,#6514));
#933=EDGE_LOOP('',(#6515,#6516,#6517,#6518));
#934=EDGE_LOOP('',(#6519,#6520,#6521,#6522));
#935=EDGE_LOOP('',(#6523,#6524));
#936=EDGE_LOOP('',(#6525,#6526,#6527,#6528,#6529,#6530,#6531,#6532));
#937=EDGE_LOOP('',(#6533,#6534,#6535,#6536));
#938=EDGE_LOOP('',(#6537,#6538,#6539,#6540,#6541,#6542,#6543,#6544,#6545,
#6546,#6547,#6548,#6549,#6550,#6551,#6552,#6553,#6554));
#939=EDGE_LOOP('',(#6555,#6556,#6557,#6558));
#940=EDGE_LOOP('',(#6559,#6560,#6561,#6562));
#941=EDGE_LOOP('',(#6563,#6564,#6565,#6566));
#942=EDGE_LOOP('',(#6567,#6568,#6569,#6570));
#943=EDGE_LOOP('',(#6571,#6572,#6573,#6574,#6575,#6576,#6577,#6578));
#944=EDGE_LOOP('',(#6579,#6580,#6581,#6582));
#945=EDGE_LOOP('',(#6583,#6584,#6585,#6586));
#946=EDGE_LOOP('',(#6587,#6588,#6589,#6590));
#947=EDGE_LOOP('',(#6591,#6592));
#948=EDGE_LOOP('',(#6593,#6594,#6595,#6596));
#949=EDGE_LOOP('',(#6597,#6598,#6599,#6600));
#950=EDGE_LOOP('',(#6601,#6602,#6603,#6604,#6605,#6606,#6607,#6608,#6609,
#6610,#6611,#6612,#6613,#6614,#6615,#6616));
#951=EDGE_LOOP('',(#6617,#6618,#6619,#6620));
#952=EDGE_LOOP('',(#6621,#6622,#6623,#6624));
#953=EDGE_LOOP('',(#6625,#6626,#6627,#6628));
#954=EDGE_LOOP('',(#6629,#6630,#6631,#6632));
#955=EDGE_LOOP('',(#6633,#6634,#6635,#6636,#6637,#6638));
#956=EDGE_LOOP('',(#6639,#6640,#6641,#6642,#6643,#6644,#6645,#6646,#6647,
#6648,#6649,#6650,#6651,#6652,#6653,#6654,#6655,#6656,#6657,#6658,#6659,
#6660,#6661,#6662,#6663));
#957=EDGE_LOOP('',(#6664,#6665,#6666,#6667));
#958=EDGE_LOOP('',(#6668,#6669,#6670,#6671));
#959=EDGE_LOOP('',(#6672,#6673,#6674,#6675,#6676,#6677,#6678,#6679,#6680));
#960=EDGE_LOOP('',(#6681,#6682,#6683,#6684));
#961=EDGE_LOOP('',(#6685,#6686,#6687,#6688));
#962=EDGE_LOOP('',(#6689,#6690));
#963=EDGE_LOOP('',(#6691,#6692,#6693,#6694,#6695,#6696,#6697,#6698));
#964=EDGE_LOOP('',(#6699,#6700,#6701,#6702));
#965=EDGE_LOOP('',(#6703,#6704,#6705,#6706));
#966=EDGE_LOOP('',(#6707,#6708,#6709,#6710,#6711,#6712,#6713));
#967=EDGE_LOOP('',(#6714,#6715,#6716,#6717));
#968=EDGE_LOOP('',(#6718,#6719,#6720,#6721,#6722,#6723,#6724,#6725));
#969=EDGE_LOOP('',(#6726,#6727));
#970=EDGE_LOOP('',(#6728,#6729,#6730,#6731));
#971=EDGE_LOOP('',(#6732,#6733,#6734,#6735));
#972=EDGE_LOOP('',(#6736,#6737,#6738,#6739));
#973=EDGE_LOOP('',(#6740,#6741,#6742,#6743));
#974=EDGE_LOOP('',(#6744,#6745));
#975=EDGE_LOOP('',(#6746,#6747,#6748,#6749,#6750,#6751,#6752,#6753));
#976=EDGE_LOOP('',(#6754,#6755,#6756,#6757,#6758,#6759));
#977=EDGE_LOOP('',(#6760,#6761,#6762,#6763));
#978=EDGE_LOOP('',(#6764,#6765,#6766,#6767,#6768,#6769));
#979=EDGE_LOOP('',(#6770,#6771,#6772,#6773,#6774,#6775,#6776,#6777,#6778,
#6779,#6780,#6781,#6782,#6783,#6784,#6785,#6786,#6787));
#980=EDGE_LOOP('',(#6788,#6789,#6790,#6791,#6792,#6793));
#981=EDGE_LOOP('',(#6794,#6795,#6796,#6797));
#982=EDGE_LOOP('',(#6798,#6799,#6800,#6801));
#983=EDGE_LOOP('',(#6802,#6803));
#984=EDGE_LOOP('',(#6804,#6805,#6806,#6807,#6808,#6809,#6810,#6811));
#985=EDGE_LOOP('',(#6812,#6813,#6814,#6815));
#986=EDGE_LOOP('',(#6816,#6817,#6818,#6819));
#987=EDGE_LOOP('',(#6820,#6821,#6822,#6823));
#988=EDGE_LOOP('',(#6824,#6825,#6826,#6827));
#989=EDGE_LOOP('',(#6828,#6829,#6830,#6831));
#990=EDGE_LOOP('',(#6832,#6833));
#991=EDGE_LOOP('',(#6834,#6835,#6836,#6837,#6838,#6839,#6840,#6841));
#992=EDGE_LOOP('',(#6842,#6843,#6844,#6845,#6846,#6847));
#993=EDGE_LOOP('',(#6848,#6849,#6850,#6851));
#994=EDGE_LOOP('',(#6852,#6853,#6854,#6855,#6856,#6857,#6858,#6859,#6860));
#995=EDGE_LOOP('',(#6861,#6862,#6863,#6864,#6865));
#996=EDGE_LOOP('',(#6866,#6867,#6868,#6869));
#997=EDGE_LOOP('',(#6870,#6871,#6872,#6873));
#998=EDGE_LOOP('',(#6874,#6875,#6876,#6877));
#999=EDGE_LOOP('',(#6878,#6879,#6880,#6881));
#1000=EDGE_LOOP('',(#6882,#6883,#6884,#6885));
#1001=EDGE_LOOP('',(#6886,#6887,#6888,#6889));
#1002=EDGE_LOOP('',(#6890,#6891));
#1003=EDGE_LOOP('',(#6892,#6893,#6894,#6895,#6896,#6897,#6898,#6899));
#1004=EDGE_LOOP('',(#6900,#6901,#6902,#6903));
#1005=EDGE_LOOP('',(#6904,#6905,#6906,#6907));
#1006=EDGE_LOOP('',(#6908,#6909,#6910,#6911));
#1007=EDGE_LOOP('',(#6912,#6913,#6914,#6915));
#1008=EDGE_LOOP('',(#6916,#6917,#6918,#6919));
#1009=EDGE_LOOP('',(#6920,#6921,#6922,#6923));
#1010=EDGE_LOOP('',(#6924,#6925,#6926,#6927));
#1011=EDGE_LOOP('',(#6928,#6929,#6930,#6931));
#1012=EDGE_LOOP('',(#6932,#6933,#6934,#6935,#6936,#6937,#6938,#6939,#6940,
#6941,#6942,#6943,#6944,#6945,#6946,#6947));
#1013=EDGE_LOOP('',(#6948,#6949,#6950,#6951,#6952,#6953,#6954,#6955,#6956,
#6957,#6958,#6959,#6960,#6961));
#1014=EDGE_LOOP('',(#6962,#6963,#6964,#6965));
#1015=EDGE_LOOP('',(#6966,#6967,#6968,#6969));
#1016=EDGE_LOOP('',(#6970,#6971,#6972,#6973));
#1017=EDGE_LOOP('',(#6974,#6975,#6976,#6977));
#1018=EDGE_LOOP('',(#6978,#6979,#6980,#6981));
#1019=EDGE_LOOP('',(#6982,#6983,#6984,#6985));
#1020=EDGE_LOOP('',(#6986,#6987,#6988,#6989));
#1021=EDGE_LOOP('',(#6990,#6991,#6992,#6993));
#1022=EDGE_LOOP('',(#6994,#6995,#6996,#6997));
#1023=EDGE_LOOP('',(#6998,#6999,#7000,#7001));
#1024=EDGE_LOOP('',(#7002,#7003,#7004,#7005));
#1025=EDGE_LOOP('',(#7006,#7007,#7008,#7009,#7010,#7011,#7012,#7013,#7014,
#7015,#7016,#7017));
#1026=EDGE_LOOP('',(#7018,#7019,#7020,#7021));
#1027=EDGE_LOOP('',(#7022,#7023,#7024,#7025));
#1028=EDGE_LOOP('',(#7026,#7027,#7028,#7029));
#1029=EDGE_LOOP('',(#7030,#7031,#7032,#7033));
#1030=EDGE_LOOP('',(#7034,#7035,#7036,#7037));
#1031=EDGE_LOOP('',(#7038,#7039,#7040,#7041));
#1032=EDGE_LOOP('',(#7042,#7043,#7044,#7045));
#1033=EDGE_LOOP('',(#7046,#7047,#7048,#7049,#7050,#7051));
#1034=EDGE_LOOP('',(#7052,#7053,#7054,#7055));
#1035=EDGE_LOOP('',(#7056,#7057,#7058,#7059));
#1036=EDGE_LOOP('',(#7060,#7061,#7062,#7063));
#1037=EDGE_LOOP('',(#7064,#7065,#7066,#7067));
#1038=EDGE_LOOP('',(#7068,#7069,#7070,#7071));
#1039=EDGE_LOOP('',(#7072,#7073,#7074,#7075));
#1040=EDGE_LOOP('',(#7076,#7077,#7078,#7079));
#1041=EDGE_LOOP('',(#7080,#7081,#7082,#7083));
#1042=EDGE_LOOP('',(#7084,#7085,#7086,#7087));
#1043=EDGE_LOOP('',(#7088,#7089,#7090,#7091));
#1044=EDGE_LOOP('',(#7092,#7093,#7094,#7095,#7096,#7097));
#1045=EDGE_LOOP('',(#7098,#7099,#7100,#7101));
#1046=EDGE_LOOP('',(#7102,#7103,#7104,#7105,#7106,#7107));
#1047=EDGE_LOOP('',(#7108,#7109,#7110,#7111));
#1048=EDGE_LOOP('',(#7112,#7113,#7114,#7115,#7116));
#1049=EDGE_LOOP('',(#7117));
#1050=EDGE_LOOP('',(#7118));
#1051=EDGE_LOOP('',(#7119,#7120,#7121,#7122));
#1052=EDGE_LOOP('',(#7123,#7124,#7125,#7126));
#1053=EDGE_LOOP('',(#7127,#7128,#7129,#7130));
#1054=EDGE_LOOP('',(#7131,#7132,#7133,#7134));
#1055=EDGE_LOOP('',(#7135,#7136,#7137,#7138));
#1056=EDGE_LOOP('',(#7139,#7140,#7141,#7142));
#1057=EDGE_LOOP('',(#7143,#7144,#7145,#7146));
#1058=EDGE_LOOP('',(#7147,#7148,#7149,#7150));
#1059=EDGE_LOOP('',(#7151,#7152,#7153,#7154));
#1060=EDGE_LOOP('',(#7155,#7156,#7157,#7158));
#1061=EDGE_LOOP('',(#7159,#7160,#7161,#7162));
#1062=EDGE_LOOP('',(#7163,#7164,#7165,#7166));
#1063=EDGE_LOOP('',(#7167,#7168,#7169,#7170));
#1064=EDGE_LOOP('',(#7171,#7172,#7173,#7174));
#1065=EDGE_LOOP('',(#7175,#7176,#7177,#7178));
#1066=EDGE_LOOP('',(#7179,#7180,#7181,#7182));
#1067=EDGE_LOOP('',(#7183,#7184,#7185,#7186,#7187));
#1068=EDGE_LOOP('',(#7188,#7189,#7190,#7191));
#1069=EDGE_LOOP('',(#7192,#7193));
#1070=EDGE_LOOP('',(#7194,#7195));
#1071=EDGE_LOOP('',(#7196,#7197,#7198,#7199,#7200,#7201,#7202,#7203,#7204,
#7205));
#1072=EDGE_LOOP('',(#7206,#7207,#7208,#7209,#7210,#7211,#7212,#7213,#7214,
#7215,#7216,#7217,#7218,#7219,#7220,#7221));
#1073=EDGE_LOOP('',(#7222,#7223,#7224,#7225,#7226,#7227,#7228,#7229,#7230));
#1074=EDGE_LOOP('',(#7231));
#1075=EDGE_LOOP('',(#7232));
#1076=EDGE_LOOP('',(#7233));
#1077=EDGE_LOOP('',(#7234));
#1078=EDGE_LOOP('',(#7235));
#1079=EDGE_LOOP('',(#7236,#7237,#7238,#7239));
#1080=EDGE_LOOP('',(#7240,#7241,#7242,#7243,#7244,#7245,#7246,#7247,#7248));
#1081=EDGE_LOOP('',(#7249,#7250,#7251,#7252));
#1082=EDGE_LOOP('',(#7253,#7254,#7255,#7256,#7257,#7258));
#1083=EDGE_LOOP('',(#7259,#7260,#7261,#7262));
#1084=EDGE_LOOP('',(#7263,#7264,#7265));
#1085=EDGE_LOOP('',(#7266,#7267,#7268,#7269,#7270,#7271,#7272,#7273,#7274,
#7275,#7276,#7277,#7278,#7279,#7280,#7281,#7282,#7283));
#1086=EDGE_LOOP('',(#7284));
#1087=EDGE_LOOP('',(#7285));
#1088=EDGE_LOOP('',(#7286,#7287,#7288,#7289,#7290,#7291,#7292,#7293));
#1089=EDGE_LOOP('',(#7294,#7295,#7296,#7297));
#1090=EDGE_LOOP('',(#7298,#7299,#7300,#7301));
#1091=EDGE_LOOP('',(#7302,#7303,#7304,#7305));
#1092=EDGE_LOOP('',(#7306));
#1093=EDGE_LOOP('',(#7307));
#1094=EDGE_LOOP('',(#7308,#7309,#7310,#7311));
#1095=EDGE_LOOP('',(#7312,#7313,#7314,#7315));
#1096=EDGE_LOOP('',(#7316,#7317,#7318));
#1097=EDGE_LOOP('',(#7319,#7320,#7321,#7322,#7323,#7324));
#1098=EDGE_LOOP('',(#7325,#7326,#7327,#7328));
#1099=EDGE_LOOP('',(#7329,#7330,#7331,#7332,#7333));
#1100=EDGE_LOOP('',(#7334,#7335,#7336,#7337,#7338,#7339,#7340,#7341,#7342,
#7343,#7344,#7345,#7346,#7347,#7348,#7349,#7350,#7351,#7352,#7353,#7354,
#7355,#7356,#7357,#7358,#7359,#7360,#7361,#7362,#7363,#7364,#7365,#7366));
#1101=EDGE_LOOP('',(#7367));
#1102=EDGE_LOOP('',(#7368));
#1103=EDGE_LOOP('',(#7369));
#1104=EDGE_LOOP('',(#7370));
#1105=EDGE_LOOP('',(#7371));
#1106=EDGE_LOOP('',(#7372,#7373));
#1107=EDGE_LOOP('',(#7374));
#1108=EDGE_LOOP('',(#7375));
#1109=EDGE_LOOP('',(#7376));
#1110=EDGE_LOOP('',(#7377,#7378,#7379,#7380));
#1111=EDGE_LOOP('',(#7381,#7382,#7383,#7384));
#1112=EDGE_LOOP('',(#7385,#7386,#7387,#7388));
#1113=EDGE_LOOP('',(#7389,#7390,#7391,#7392,#7393));
#1114=EDGE_LOOP('',(#7394,#7395,#7396,#7397,#7398,#7399));
#1115=EDGE_LOOP('',(#7400,#7401,#7402,#7403));
#1116=EDGE_LOOP('',(#7404,#7405,#7406,#7407));
#1117=EDGE_LOOP('',(#7408,#7409,#7410,#7411,#7412,#7413,#7414,#7415,#7416,
#7417,#7418));
#1118=EDGE_LOOP('',(#7419,#7420,#7421,#7422,#7423,#7424));
#1119=EDGE_LOOP('',(#7425,#7426,#7427,#7428,#7429,#7430,#7431,#7432,#7433,
#7434,#7435));
#1120=EDGE_LOOP('',(#7436,#7437,#7438,#7439,#7440,#7441));
#1121=EDGE_LOOP('',(#7442));
#1122=EDGE_LOOP('',(#7443,#7444));
#1123=EDGE_LOOP('',(#7445));
#1124=EDGE_LOOP('',(#7446));
#1125=EDGE_LOOP('',(#7447));
#1126=EDGE_LOOP('',(#7448));
#1127=EDGE_LOOP('',(#7449));
#1128=EDGE_LOOP('',(#7450));
#1129=EDGE_LOOP('',(#7451,#7452,#7453,#7454));
#1130=EDGE_LOOP('',(#7455,#7456,#7457,#7458));
#1131=EDGE_LOOP('',(#7459,#7460,#7461,#7462));
#1132=EDGE_LOOP('',(#7463,#7464,#7465,#7466));
#1133=EDGE_LOOP('',(#7467,#7468,#7469,#7470));
#1134=EDGE_LOOP('',(#7471,#7472,#7473,#7474));
#1135=EDGE_LOOP('',(#7475,#7476,#7477,#7478));
#1136=EDGE_LOOP('',(#7479,#7480,#7481,#7482));
#1137=EDGE_LOOP('',(#7483,#7484,#7485,#7486));
#1138=EDGE_LOOP('',(#7487));
#1139=EDGE_LOOP('',(#7488));
#1140=EDGE_LOOP('',(#7489));
#1141=EDGE_LOOP('',(#7490));
#1142=EDGE_LOOP('',(#7491));
#1143=EDGE_LOOP('',(#7492));
#1144=EDGE_LOOP('',(#7493));
#1145=EDGE_LOOP('',(#7494));
#1146=EDGE_LOOP('',(#7495,#7496,#7497,#7498));
#1147=EDGE_LOOP('',(#7499,#7500,#7501,#7502));
#1148=EDGE_LOOP('',(#7503,#7504,#7505,#7506,#7507,#7508));
#1149=EDGE_LOOP('',(#7509,#7510,#7511,#7512,#7513));
#1150=EDGE_LOOP('',(#7514,#7515,#7516,#7517,#7518));
#1151=EDGE_LOOP('',(#7519,#7520,#7521,#7522));
#1152=EDGE_LOOP('',(#7523,#7524,#7525,#7526,#7527,#7528));
#1153=EDGE_LOOP('',(#7529,#7530,#7531,#7532));
#1154=EDGE_LOOP('',(#7533,#7534,#7535,#7536));
#1155=EDGE_LOOP('',(#7537,#7538,#7539,#7540));
#1156=EDGE_LOOP('',(#7541,#7542,#7543,#7544,#7545,#7546,#7547,#7548));
#1157=EDGE_LOOP('',(#7549,#7550,#7551,#7552));
#1158=EDGE_LOOP('',(#7553,#7554,#7555,#7556,#7557,#7558,#7559,#7560,#7561));
#1159=EDGE_LOOP('',(#7562,#7563,#7564,#7565));
#1160=EDGE_LOOP('',(#7566,#7567,#7568,#7569));
#1161=EDGE_LOOP('',(#7570,#7571,#7572,#7573));
#1162=EDGE_LOOP('',(#7574,#7575,#7576,#7577));
#1163=EDGE_LOOP('',(#7578,#7579,#7580,#7581));
#1164=EDGE_LOOP('',(#7582,#7583,#7584,#7585));
#1165=EDGE_LOOP('',(#7586,#7587,#7588,#7589));
#1166=EDGE_LOOP('',(#7590,#7591,#7592,#7593));
#1167=EDGE_LOOP('',(#7594,#7595,#7596,#7597,#7598));
#1168=EDGE_LOOP('',(#7599,#7600,#7601,#7602,#7603,#7604));
#1169=EDGE_LOOP('',(#7605,#7606,#7607,#7608));
#1170=EDGE_LOOP('',(#7609,#7610,#7611,#7612,#7613,#7614,#7615,#7616,#7617,
#7618,#7619,#7620));
#1171=EDGE_LOOP('',(#7621,#7622,#7623,#7624,#7625,#7626));
#1172=EDGE_LOOP('',(#7627,#7628,#7629,#7630));
#1173=EDGE_LOOP('',(#7631,#7632,#7633,#7634));
#1174=EDGE_LOOP('',(#7635,#7636,#7637,#7638));
#1175=EDGE_LOOP('',(#7639,#7640));
#1176=EDGE_LOOP('',(#7641,#7642,#7643,#7644,#7645,#7646));
#1177=EDGE_LOOP('',(#7647,#7648,#7649));
#1178=EDGE_LOOP('',(#7650,#7651,#7652));
#1179=EDGE_LOOP('',(#7653,#7654,#7655,#7656,#7657));
#1180=EDGE_LOOP('',(#7658,#7659,#7660));
#1181=EDGE_LOOP('',(#7661,#7662,#7663,#7664,#7665,#7666,#7667,#7668,#7669,
#7670,#7671,#7672,#7673,#7674,#7675,#7676,#7677,#7678));
#1182=EDGE_LOOP('',(#7679,#7680,#7681,#7682));
#1183=EDGE_LOOP('',(#7683,#7684,#7685,#7686));
#1184=EDGE_LOOP('',(#7687,#7688,#7689,#7690,#7691,#7692,#7693));
#1185=EDGE_LOOP('',(#7694,#7695,#7696,#7697));
#1186=EDGE_LOOP('',(#7698,#7699,#7700,#7701));
#1187=EDGE_LOOP('',(#7702,#7703,#7704,#7705));
#1188=EDGE_LOOP('',(#7706,#7707,#7708,#7709));
#1189=EDGE_LOOP('',(#7710,#7711,#7712,#7713));
#1190=EDGE_LOOP('',(#7714,#7715,#7716,#7717,#7718,#7719));
#1191=EDGE_LOOP('',(#7720,#7721,#7722,#7723,#7724,#7725));
#1192=EDGE_LOOP('',(#7726,#7727,#7728,#7729,#7730,#7731,#7732,#7733));
#1193=EDGE_LOOP('',(#7734,#7735,#7736,#7737));
#1194=EDGE_LOOP('',(#7738,#7739,#7740,#7741));
#1195=EDGE_LOOP('',(#7742,#7743,#7744,#7745,#7746));
#1196=EDGE_LOOP('',(#7747,#7748,#7749,#7750,#7751,#7752,#7753,#7754));
#1197=EDGE_LOOP('',(#7755,#7756,#7757,#7758,#7759,#7760,#7761,#7762,#7763,
#7764,#7765,#7766));
#1198=EDGE_LOOP('',(#7767));
#1199=EDGE_LOOP('',(#7768));
#1200=EDGE_LOOP('',(#7769,#7770,#7771,#7772,#7773,#7774,#7775,#7776));
#1201=EDGE_LOOP('',(#7777,#7778,#7779,#7780));
#1202=EDGE_LOOP('',(#7781,#7782,#7783,#7784));
#1203=EDGE_LOOP('',(#7785,#7786,#7787,#7788));
#1204=EDGE_LOOP('',(#7789,#7790,#7791,#7792));
#1205=EDGE_LOOP('',(#7793,#7794,#7795,#7796));
#1206=EDGE_LOOP('',(#7797,#7798,#7799,#7800));
#1207=EDGE_LOOP('',(#7801,#7802,#7803,#7804,#7805));
#1208=EDGE_LOOP('',(#7806,#7807,#7808,#7809));
#1209=EDGE_LOOP('',(#7810,#7811,#7812,#7813));
#1210=EDGE_LOOP('',(#7814,#7815,#7816,#7817));
#1211=EDGE_LOOP('',(#7818,#7819,#7820,#7821));
#1212=EDGE_LOOP('',(#7822,#7823,#7824,#7825));
#1213=EDGE_LOOP('',(#7826,#7827,#7828,#7829));
#1214=EDGE_LOOP('',(#7830,#7831));
#1215=EDGE_LOOP('',(#7832,#7833,#7834,#7835));
#1216=EDGE_LOOP('',(#7836,#7837,#7838,#7839));
#1217=EDGE_LOOP('',(#7840,#7841,#7842,#7843));
#1218=EDGE_LOOP('',(#7844,#7845,#7846,#7847));
#1219=EDGE_LOOP('',(#7848,#7849,#7850,#7851));
#1220=EDGE_LOOP('',(#7852,#7853,#7854,#7855));
#1221=EDGE_LOOP('',(#7856,#7857,#7858,#7859));
#1222=EDGE_LOOP('',(#7860,#7861,#7862,#7863));
#1223=EDGE_LOOP('',(#7864,#7865,#7866,#7867));
#1224=EDGE_LOOP('',(#7868,#7869,#7870,#7871));
#1225=EDGE_LOOP('',(#7872,#7873,#7874,#7875));
#1226=EDGE_LOOP('',(#7876,#7877,#7878,#7879));
#1227=EDGE_LOOP('',(#7880,#7881,#7882,#7883));
#1228=EDGE_LOOP('',(#7884,#7885,#7886,#7887));
#1229=EDGE_LOOP('',(#7888,#7889,#7890,#7891));
#1230=EDGE_LOOP('',(#7892,#7893,#7894,#7895));
#1231=EDGE_LOOP('',(#7896,#7897,#7898,#7899));
#1232=EDGE_LOOP('',(#7900,#7901,#7902,#7903));
#1233=EDGE_LOOP('',(#7904,#7905,#7906,#7907));
#1234=EDGE_LOOP('',(#7908,#7909,#7910,#7911));
#1235=EDGE_LOOP('',(#7912,#7913,#7914,#7915));
#1236=EDGE_LOOP('',(#7916,#7917,#7918,#7919));
#1237=EDGE_LOOP('',(#7920,#7921,#7922,#7923));
#1238=EDGE_LOOP('',(#7924,#7925,#7926,#7927));
#1239=EDGE_LOOP('',(#7928,#7929,#7930,#7931));
#1240=EDGE_LOOP('',(#7932,#7933,#7934,#7935));
#1241=EDGE_LOOP('',(#7936,#7937,#7938,#7939));
#1242=EDGE_LOOP('',(#7940,#7941,#7942,#7943));
#1243=EDGE_LOOP('',(#7944,#7945,#7946,#7947));
#1244=EDGE_LOOP('',(#7948,#7949,#7950,#7951));
#1245=EDGE_LOOP('',(#7952,#7953,#7954,#7955));
#1246=EDGE_LOOP('',(#7956,#7957,#7958,#7959));
#1247=EDGE_LOOP('',(#7960,#7961,#7962,#7963));
#1248=EDGE_LOOP('',(#7964,#7965,#7966,#7967));
#1249=EDGE_LOOP('',(#7968,#7969,#7970,#7971));
#1250=EDGE_LOOP('',(#7972,#7973,#7974,#7975));
#1251=EDGE_LOOP('',(#7976,#7977,#7978,#7979));
#1252=EDGE_LOOP('',(#7980,#7981,#7982,#7983));
#1253=EDGE_LOOP('',(#7984,#7985,#7986,#7987));
#1254=EDGE_LOOP('',(#7988,#7989,#7990,#7991));
#1255=EDGE_LOOP('',(#7992,#7993,#7994,#7995,#7996,#7997));
#1256=EDGE_LOOP('',(#7998,#7999,#8000,#8001));
#1257=EDGE_LOOP('',(#8002,#8003,#8004,#8005,#8006,#8007,#8008,#8009));
#1258=EDGE_LOOP('',(#8010,#8011,#8012,#8013,#8014,#8015));
#1259=EDGE_LOOP('',(#8016,#8017,#8018,#8019));
#1260=EDGE_LOOP('',(#8020,#8021,#8022,#8023));
#1261=EDGE_LOOP('',(#8024,#8025,#8026,#8027));
#1262=EDGE_LOOP('',(#8028,#8029,#8030,#8031));
#1263=EDGE_LOOP('',(#8032,#8033,#8034,#8035));
#1264=EDGE_LOOP('',(#8036,#8037,#8038,#8039,#8040,#8041,#8042,#8043,#8044,
#8045,#8046,#8047,#8048,#8049,#8050,#8051,#8052,#8053,#8054,#8055,#8056,
#8057,#8058,#8059,#8060,#8061,#8062,#8063,#8064,#8065,#8066,#8067,#8068,
#8069,#8070,#8071,#8072,#8073,#8074,#8075,#8076,#8077,#8078,#8079,#8080,
#8081,#8082,#8083,#8084,#8085,#8086,#8087,#8088,#8089,#8090,#8091,#8092,
#8093,#8094,#8095,#8096,#8097,#8098,#8099,#8100,#8101,#8102,#8103,#8104,
#8105,#8106,#8107));
#1265=EDGE_LOOP('',(#8108,#8109,#8110,#8111,#8112,#8113));
#1266=EDGE_LOOP('',(#8114,#8115,#8116,#8117));
#1267=EDGE_LOOP('',(#8118,#8119,#8120,#8121));
#1268=EDGE_LOOP('',(#8122,#8123,#8124,#8125));
#1269=EDGE_LOOP('',(#8126,#8127,#8128,#8129));
#1270=EDGE_LOOP('',(#8130,#8131,#8132,#8133));
#1271=EDGE_LOOP('',(#8134,#8135,#8136,#8137));
#1272=EDGE_LOOP('',(#8138,#8139,#8140,#8141));
#1273=EDGE_LOOP('',(#8142,#8143,#8144,#8145));
#1274=EDGE_LOOP('',(#8146,#8147,#8148,#8149));
#1275=EDGE_LOOP('',(#8150,#8151,#8152,#8153));
#1276=EDGE_LOOP('',(#8154,#8155,#8156,#8157));
#1277=EDGE_LOOP('',(#8158,#8159,#8160,#8161));
#1278=EDGE_LOOP('',(#8162,#8163,#8164,#8165));
#1279=EDGE_LOOP('',(#8166,#8167,#8168,#8169));
#1280=EDGE_LOOP('',(#8170,#8171,#8172,#8173));
#1281=EDGE_LOOP('',(#8174,#8175,#8176,#8177));
#1282=EDGE_LOOP('',(#8178,#8179,#8180,#8181));
#1283=EDGE_LOOP('',(#8182,#8183,#8184,#8185));
#1284=EDGE_LOOP('',(#8186,#8187,#8188,#8189));
#1285=EDGE_LOOP('',(#8190,#8191,#8192,#8193));
#1286=EDGE_LOOP('',(#8194,#8195,#8196,#8197));
#1287=EDGE_LOOP('',(#8198,#8199,#8200,#8201));
#1288=EDGE_LOOP('',(#8202,#8203,#8204,#8205));
#1289=EDGE_LOOP('',(#8206,#8207,#8208,#8209));
#1290=EDGE_LOOP('',(#8210,#8211,#8212,#8213));
#1291=EDGE_LOOP('',(#8214,#8215,#8216,#8217));
#1292=EDGE_LOOP('',(#8218,#8219,#8220,#8221));
#1293=EDGE_LOOP('',(#8222,#8223,#8224,#8225,#8226,#8227,#8228,#8229,#8230,
#8231));
#1294=EDGE_LOOP('',(#8232,#8233,#8234,#8235,#8236,#8237));
#1295=EDGE_LOOP('',(#8238));
#1296=EDGE_LOOP('',(#8239));
#1297=EDGE_LOOP('',(#8240,#8241,#8242,#8243));
#1298=EDGE_LOOP('',(#8244,#8245,#8246,#8247,#8248,#8249));
#1299=EDGE_LOOP('',(#8250,#8251,#8252,#8253,#8254,#8255));
#1300=EDGE_LOOP('',(#8256,#8257,#8258,#8259));
#1301=EDGE_LOOP('',(#8260,#8261,#8262,#8263));
#1302=EDGE_LOOP('',(#8264,#8265,#8266,#8267));
#1303=EDGE_LOOP('',(#8268,#8269,#8270,#8271));
#1304=EDGE_LOOP('',(#8272,#8273,#8274,#8275));
#1305=EDGE_LOOP('',(#8276));
#1306=EDGE_LOOP('',(#8277,#8278,#8279,#8280,#8281,#8282,#8283,#8284,#8285,
#8286,#8287,#8288,#8289,#8290,#8291,#8292,#8293,#8294,#8295,#8296,#8297,
#8298,#8299,#8300,#8301,#8302,#8303,#8304,#8305,#8306,#8307,#8308,#8309,
#8310,#8311,#8312,#8313,#8314,#8315,#8316,#8317,#8318,#8319,#8320,#8321,
#8322,#8323,#8324,#8325,#8326,#8327,#8328,#8329,#8330,#8331,#8332,#8333,
#8334,#8335,#8336,#8337,#8338,#8339,#8340,#8341,#8342,#8343,#8344,#8345,
#8346,#8347,#8348));
#1307=EDGE_LOOP('',(#8349));
#1308=EDGE_LOOP('',(#8350,#8351,#8352,#8353,#8354,#8355,#8356,#8357,#8358,
#8359,#8360,#8361));
#1309=EDGE_LOOP('',(#8362,#8363,#8364,#8365));
#1310=EDGE_LOOP('',(#8366,#8367,#8368,#8369));
#1311=EDGE_LOOP('',(#8370,#8371,#8372,#8373));
#1312=EDGE_LOOP('',(#8374,#8375,#8376,#8377));
#1313=EDGE_LOOP('',(#8378,#8379,#8380,#8381));
#1314=EDGE_LOOP('',(#8382,#8383,#8384,#8385));
#1315=EDGE_LOOP('',(#8386,#8387,#8388,#8389));
#1316=EDGE_LOOP('',(#8390,#8391,#8392,#8393));
#1317=EDGE_LOOP('',(#8394,#8395,#8396,#8397));
#1318=EDGE_LOOP('',(#8398,#8399,#8400,#8401));
#1319=EDGE_LOOP('',(#8402,#8403,#8404,#8405));
#1320=EDGE_LOOP('',(#8406,#8407,#8408,#8409));
#1321=EDGE_LOOP('',(#8410,#8411,#8412,#8413));
#1322=EDGE_LOOP('',(#8414,#8415,#8416,#8417));
#1323=EDGE_LOOP('',(#8418,#8419,#8420,#8421));
#1324=EDGE_LOOP('',(#8422,#8423,#8424,#8425));
#1325=EDGE_LOOP('',(#8426,#8427,#8428,#8429));
#1326=EDGE_LOOP('',(#8430,#8431,#8432,#8433));
#1327=EDGE_LOOP('',(#8434,#8435,#8436,#8437));
#1328=EDGE_LOOP('',(#8438,#8439,#8440,#8441));
#1329=EDGE_LOOP('',(#8442,#8443,#8444,#8445));
#1330=EDGE_LOOP('',(#8446,#8447,#8448,#8449));
#1331=EDGE_LOOP('',(#8450,#8451,#8452,#8453));
#1332=EDGE_LOOP('',(#8454,#8455,#8456,#8457));
#1333=EDGE_LOOP('',(#8458,#8459,#8460,#8461));
#1334=EDGE_LOOP('',(#8462,#8463,#8464,#8465));
#1335=EDGE_LOOP('',(#8466,#8467,#8468,#8469));
#1336=EDGE_LOOP('',(#8470,#8471,#8472,#8473));
#1337=EDGE_LOOP('',(#8474,#8475,#8476,#8477));
#1338=EDGE_LOOP('',(#8478,#8479,#8480,#8481));
#1339=EDGE_LOOP('',(#8482,#8483,#8484,#8485));
#1340=EDGE_LOOP('',(#8486,#8487,#8488,#8489));
#1341=EDGE_LOOP('',(#8490,#8491,#8492,#8493));
#1342=EDGE_LOOP('',(#8494,#8495,#8496,#8497));
#1343=EDGE_LOOP('',(#8498,#8499,#8500,#8501));
#1344=EDGE_LOOP('',(#8502,#8503,#8504,#8505));
#1345=EDGE_LOOP('',(#8506,#8507,#8508,#8509));
#1346=EDGE_LOOP('',(#8510,#8511,#8512,#8513));
#1347=EDGE_LOOP('',(#8514,#8515,#8516,#8517));
#1348=EDGE_LOOP('',(#8518,#8519,#8520,#8521));
#1349=EDGE_LOOP('',(#8522,#8523,#8524,#8525));
#1350=EDGE_LOOP('',(#8526,#8527,#8528,#8529));
#1351=EDGE_LOOP('',(#8530,#8531,#8532,#8533));
#1352=EDGE_LOOP('',(#8534,#8535,#8536,#8537));
#1353=EDGE_LOOP('',(#8538,#8539,#8540,#8541));
#1354=EDGE_LOOP('',(#8542,#8543,#8544,#8545));
#1355=EDGE_LOOP('',(#8546,#8547,#8548,#8549));
#1356=EDGE_LOOP('',(#8550));
#1357=EDGE_LOOP('',(#8551,#8552,#8553,#8554));
#1358=EDGE_LOOP('',(#8555,#8556,#8557,#8558,#8559,#8560,#8561,#8562,#8563,
#8564));
#1359=EDGE_LOOP('',(#8565,#8566,#8567,#8568));
#1360=EDGE_LOOP('',(#8569,#8570,#8571,#8572,#8573,#8574,#8575,#8576,#8577,
#8578,#8579,#8580,#8581,#8582,#8583,#8584,#8585,#8586,#8587,#8588,#8589,
#8590,#8591,#8592,#8593,#8594,#8595,#8596,#8597,#8598,#8599,#8600,#8601,
#8602,#8603,#8604,#8605,#8606,#8607,#8608,#8609,#8610,#8611,#8612,#8613,
#8614,#8615,#8616,#8617,#8618,#8619,#8620,#8621,#8622,#8623,#8624,#8625,
#8626,#8627,#8628,#8629,#8630,#8631,#8632,#8633,#8634,#8635,#8636,#8637,
#8638,#8639,#8640));
#1361=EDGE_LOOP('',(#8641,#8642,#8643,#8644,#8645,#8646));
#1362=EDGE_LOOP('',(#8647,#8648,#8649,#8650));
#1363=EDGE_LOOP('',(#8651,#8652,#8653,#8654));
#1364=EDGE_LOOP('',(#8655,#8656,#8657,#8658));
#1365=EDGE_LOOP('',(#8659,#8660,#8661,#8662));
#1366=EDGE_LOOP('',(#8663,#8664,#8665,#8666));
#1367=EDGE_LOOP('',(#8667,#8668,#8669,#8670));
#1368=EDGE_LOOP('',(#8671,#8672,#8673,#8674));
#1369=EDGE_LOOP('',(#8675,#8676,#8677,#8678));
#1370=EDGE_LOOP('',(#8679,#8680,#8681,#8682));
#1371=EDGE_LOOP('',(#8683,#8684,#8685,#8686));
#1372=EDGE_LOOP('',(#8687,#8688,#8689,#8690));
#1373=EDGE_LOOP('',(#8691,#8692,#8693,#8694));
#1374=EDGE_LOOP('',(#8695,#8696,#8697,#8698));
#1375=EDGE_LOOP('',(#8699,#8700,#8701,#8702));
#1376=EDGE_LOOP('',(#8703,#8704,#8705,#8706));
#1377=EDGE_LOOP('',(#8707,#8708,#8709,#8710));
#1378=EDGE_LOOP('',(#8711,#8712,#8713,#8714));
#1379=EDGE_LOOP('',(#8715,#8716,#8717,#8718));
#1380=EDGE_LOOP('',(#8719,#8720,#8721,#8722));
#1381=EDGE_LOOP('',(#8723,#8724,#8725,#8726));
#1382=EDGE_LOOP('',(#8727,#8728,#8729,#8730));
#1383=EDGE_LOOP('',(#8731,#8732,#8733,#8734));
#1384=EDGE_LOOP('',(#8735,#8736,#8737,#8738));
#1385=EDGE_LOOP('',(#8739,#8740,#8741,#8742));
#1386=EDGE_LOOP('',(#8743,#8744,#8745,#8746));
#1387=EDGE_LOOP('',(#8747,#8748,#8749,#8750));
#1388=EDGE_LOOP('',(#8751,#8752,#8753,#8754));
#1389=EDGE_LOOP('',(#8755,#8756,#8757,#8758,#8759,#8760));
#1390=EDGE_LOOP('',(#8761));
#1391=EDGE_LOOP('',(#8762));
#1392=EDGE_LOOP('',(#8763,#8764,#8765,#8766));
#1393=EDGE_LOOP('',(#8767,#8768,#8769,#8770,#8771,#8772));
#1394=EDGE_LOOP('',(#8773,#8774,#8775,#8776,#8777,#8778));
#1395=EDGE_LOOP('',(#8779,#8780,#8781,#8782));
#1396=EDGE_LOOP('',(#8783,#8784,#8785,#8786));
#1397=EDGE_LOOP('',(#8787,#8788,#8789,#8790));
#1398=EDGE_LOOP('',(#8791,#8792,#8793,#8794,#8795,#8796,#8797,#8798,#8799,
#8800,#8801,#8802,#8803,#8804,#8805,#8806,#8807,#8808,#8809,#8810,#8811,
#8812,#8813,#8814,#8815,#8816,#8817,#8818,#8819,#8820,#8821,#8822,#8823,
#8824,#8825,#8826,#8827,#8828,#8829,#8830,#8831,#8832,#8833,#8834,#8835,
#8836,#8837,#8838,#8839,#8840,#8841,#8842,#8843,#8844,#8845,#8846,#8847,
#8848,#8849,#8850,#8851,#8852,#8853,#8854,#8855,#8856,#8857,#8858,#8859,
#8860,#8861,#8862));
#1399=EDGE_LOOP('',(#8863));
#1400=EDGE_LOOP('',(#8864,#8865,#8866,#8867));
#1401=EDGE_LOOP('',(#8868,#8869,#8870,#8871));
#1402=EDGE_LOOP('',(#8872,#8873,#8874,#8875));
#1403=EDGE_LOOP('',(#8876,#8877,#8878,#8879));
#1404=EDGE_LOOP('',(#8880,#8881,#8882,#8883));
#1405=EDGE_LOOP('',(#8884,#8885,#8886,#8887));
#1406=EDGE_LOOP('',(#8888,#8889,#8890,#8891));
#1407=EDGE_LOOP('',(#8892,#8893,#8894,#8895));
#1408=EDGE_LOOP('',(#8896,#8897,#8898,#8899));
#1409=EDGE_LOOP('',(#8900,#8901,#8902,#8903));
#1410=EDGE_LOOP('',(#8904,#8905,#8906,#8907));
#1411=EDGE_LOOP('',(#8908,#8909,#8910,#8911));
#1412=EDGE_LOOP('',(#8912,#8913,#8914,#8915));
#1413=EDGE_LOOP('',(#8916,#8917,#8918,#8919));
#1414=EDGE_LOOP('',(#8920,#8921,#8922,#8923));
#1415=EDGE_LOOP('',(#8924,#8925,#8926,#8927));
#1416=EDGE_LOOP('',(#8928,#8929,#8930,#8931));
#1417=EDGE_LOOP('',(#8932,#8933,#8934,#8935));
#1418=EDGE_LOOP('',(#8936,#8937,#8938,#8939));
#1419=EDGE_LOOP('',(#8940,#8941,#8942,#8943));
#1420=EDGE_LOOP('',(#8944,#8945,#8946,#8947));
#1421=EDGE_LOOP('',(#8948,#8949,#8950,#8951));
#1422=EDGE_LOOP('',(#8952,#8953,#8954,#8955));
#1423=EDGE_LOOP('',(#8956,#8957,#8958,#8959));
#1424=EDGE_LOOP('',(#8960,#8961,#8962,#8963));
#1425=EDGE_LOOP('',(#8964,#8965,#8966,#8967));
#1426=EDGE_LOOP('',(#8968,#8969,#8970,#8971));
#1427=EDGE_LOOP('',(#8972,#8973,#8974,#8975));
#1428=EDGE_LOOP('',(#8976,#8977,#8978,#8979));
#1429=EDGE_LOOP('',(#8980,#8981,#8982,#8983));
#1430=EDGE_LOOP('',(#8984,#8985,#8986,#8987));
#1431=EDGE_LOOP('',(#8988,#8989,#8990,#8991));
#1432=EDGE_LOOP('',(#8992,#8993,#8994,#8995));
#1433=EDGE_LOOP('',(#8996,#8997,#8998,#8999));
#1434=EDGE_LOOP('',(#9000,#9001,#9002,#9003));
#1435=EDGE_LOOP('',(#9004,#9005,#9006,#9007));
#1436=EDGE_LOOP('',(#9008,#9009,#9010,#9011));
#1437=EDGE_LOOP('',(#9012,#9013,#9014,#9015));
#1438=EDGE_LOOP('',(#9016,#9017,#9018,#9019));
#1439=EDGE_LOOP('',(#9020,#9021,#9022,#9023));
#1440=EDGE_LOOP('',(#9024,#9025,#9026,#9027));
#1441=EDGE_LOOP('',(#9028,#9029,#9030,#9031));
#1442=EDGE_LOOP('',(#9032,#9033,#9034,#9035));
#1443=EDGE_LOOP('',(#9036,#9037,#9038,#9039,#9040,#9041,#9042,#9043,#9044,
#9045,#9046,#9047));
#1444=EDGE_LOOP('',(#9048,#9049,#9050,#9051));
#1445=LINE('',#13116,#2648);
#1446=LINE('',#13118,#2649);
#1447=LINE('',#13120,#2650);
#1448=LINE('',#13122,#2651);
#1449=LINE('',#13123,#2652);
#1450=LINE('',#13126,#2653);
#1451=LINE('',#13128,#2654);
#1452=LINE('',#13130,#2655);
#1453=LINE('',#13131,#2656);
#1454=LINE('',#13134,#2657);
#1455=LINE('',#13136,#2658);
#1456=LINE('',#13138,#2659);
#1457=LINE('',#13140,#2660);
#1458=LINE('',#13142,#2661);
#1459=LINE('',#13144,#2662);
#1460=LINE('',#13146,#2663);
#1461=LINE('',#13148,#2664);
#1462=LINE('',#13150,#2665);
#1463=LINE('',#13152,#2666);
#1464=LINE('',#13153,#2667);
#1465=LINE('',#13156,#2668);
#1466=LINE('',#13158,#2669);
#1467=LINE('',#13160,#2670);
#1468=LINE('',#13162,#2671);
#1469=LINE('',#13166,#2672);
#1470=LINE('',#13168,#2673);
#1471=LINE('',#13169,#2674);
#1472=LINE('',#13174,#2675);
#1473=LINE('',#13177,#2676);
#1474=LINE('',#13182,#2677);
#1475=LINE('',#13185,#2678);
#1476=LINE('',#13190,#2679);
#1477=LINE('',#13193,#2680);
#1478=LINE('',#13198,#2681);
#1479=LINE('',#13201,#2682);
#1480=LINE('',#13206,#2683);
#1481=LINE('',#13209,#2684);
#1482=LINE('',#13212,#2685);
#1483=LINE('',#13216,#2686);
#1484=LINE('',#13218,#2687);
#1485=LINE('',#13220,#2688);
#1486=LINE('',#13224,#2689);
#1487=LINE('',#13226,#2690);
#1488=LINE('',#13228,#2691);
#1489=LINE('',#13232,#2692);
#1490=LINE('',#13234,#2693);
#1491=LINE('',#13236,#2694);
#1492=LINE('',#13238,#2695);
#1493=LINE('',#13240,#2696);
#1494=LINE('',#13242,#2697);
#1495=LINE('',#13244,#2698);
#1496=LINE('',#13245,#2699);
#1497=LINE('',#13250,#2700);
#1498=LINE('',#13253,#2701);
#1499=LINE('',#13258,#2702);
#1500=LINE('',#13261,#2703);
#1501=LINE('',#13265,#2704);
#1502=LINE('',#13267,#2705);
#1503=LINE('',#13268,#2706);
#1504=LINE('',#13269,#2707);
#1505=LINE('',#13272,#2708);
#1506=LINE('',#13274,#2709);
#1507=LINE('',#13276,#2710);
#1508=LINE('',#13277,#2711);
#1509=LINE('',#13280,#2712);
#1510=LINE('',#13282,#2713);
#1511=LINE('',#13284,#2714);
#1512=LINE('',#13286,#2715);
#1513=LINE('',#13288,#2716);
#1514=LINE('',#13290,#2717);
#1515=LINE('',#13292,#2718);
#1516=LINE('',#13294,#2719);
#1517=LINE('',#13298,#2720);
#1518=LINE('',#13300,#2721);
#1519=LINE('',#13302,#2722);
#1520=LINE('',#13306,#2723);
#1521=LINE('',#13308,#2724);
#1522=LINE('',#13310,#2725);
#1523=LINE('',#13313,#2726);
#1524=LINE('',#13318,#2727);
#1525=LINE('',#13321,#2728);
#1526=LINE('',#13326,#2729);
#1527=LINE('',#13329,#2730);
#1528=LINE('',#13332,#2731);
#1529=LINE('',#13334,#2732);
#1530=LINE('',#13336,#2733);
#1531=LINE('',#13338,#2734);
#1532=LINE('',#13339,#2735);
#1533=LINE('',#13343,#2736);
#1534=LINE('',#13347,#2737);
#1535=LINE('',#13349,#2738);
#1536=LINE('',#13350,#2739);
#1537=LINE('',#13354,#2740);
#1538=LINE('',#13356,#2741);
#1539=LINE('',#13358,#2742);
#1540=LINE('',#13359,#2743);
#1541=LINE('',#13362,#2744);
#1542=LINE('',#13363,#2745);
#1543=LINE('',#13367,#2746);
#1544=LINE('',#13371,#2747);
#1545=LINE('',#13373,#2748);
#1546=LINE('',#13375,#2749);
#1547=LINE('',#13376,#2750);
#1548=LINE('',#13378,#2751);
#1549=LINE('',#13379,#2752);
#1550=LINE('',#13382,#2753);
#1551=LINE('',#13387,#2754);
#1552=LINE('',#13389,#2755);
#1553=LINE('',#13390,#2756);
#1554=LINE('',#13393,#2757);
#1555=LINE('',#13395,#2758);
#1556=LINE('',#13397,#2759);
#1557=LINE('',#13399,#2760);
#1558=LINE('',#13401,#2761);
#1559=LINE('',#13403,#2762);
#1560=LINE('',#13405,#2763);
#1561=LINE('',#13407,#2764);
#1562=LINE('',#13409,#2765);
#1563=LINE('',#13411,#2766);
#1564=LINE('',#13413,#2767);
#1565=LINE('',#13415,#2768);
#1566=LINE('',#13417,#2769);
#1567=LINE('',#13419,#2770);
#1568=LINE('',#13421,#2771);
#1569=LINE('',#13423,#2772);
#1570=LINE('',#13425,#2773);
#1571=LINE('',#13427,#2774);
#1572=LINE('',#13429,#2775);
#1573=LINE('',#13431,#2776);
#1574=LINE('',#13433,#2777);
#1575=LINE('',#13435,#2778);
#1576=LINE('',#13437,#2779);
#1577=LINE('',#13439,#2780);
#1578=LINE('',#13441,#2781);
#1579=LINE('',#13443,#2782);
#1580=LINE('',#13445,#2783);
#1581=LINE('',#13447,#2784);
#1582=LINE('',#13449,#2785);
#1583=LINE('',#13451,#2786);
#1584=LINE('',#13453,#2787);
#1585=LINE('',#13455,#2788);
#1586=LINE('',#13457,#2789);
#1587=LINE('',#13459,#2790);
#1588=LINE('',#13461,#2791);
#1589=LINE('',#13463,#2792);
#1590=LINE('',#13465,#2793);
#1591=LINE('',#13467,#2794);
#1592=LINE('',#13469,#2795);
#1593=LINE('',#13471,#2796);
#1594=LINE('',#13473,#2797);
#1595=LINE('',#13475,#2798);
#1596=LINE('',#13477,#2799);
#1597=LINE('',#13479,#2800);
#1598=LINE('',#13481,#2801);
#1599=LINE('',#13483,#2802);
#1600=LINE('',#13484,#2803);
#1601=LINE('',#13487,#2804);
#1602=LINE('',#13489,#2805);
#1603=LINE('',#13490,#2806);
#1604=LINE('',#13493,#2807);
#1605=LINE('',#13495,#2808);
#1606=LINE('',#13497,#2809);
#1607=LINE('',#13499,#2810);
#1608=LINE('',#13500,#2811);
#1609=LINE('',#13503,#2812);
#1610=LINE('',#13505,#2813);
#1611=LINE('',#13508,#2814);
#1612=LINE('',#13509,#2815);
#1613=LINE('',#13512,#2816);
#1614=LINE('',#13513,#2817);
#1615=LINE('',#13516,#2818);
#1616=LINE('',#13518,#2819);
#1617=LINE('',#13519,#2820);
#1618=LINE('',#13522,#2821);
#1619=LINE('',#13526,#2822);
#1620=LINE('',#13528,#2823);
#1621=LINE('',#13530,#2824);
#1622=LINE('',#13531,#2825);
#1623=LINE('',#13536,#2826);
#1624=LINE('',#13537,#2827);
#1625=LINE('',#13542,#2828);
#1626=LINE('',#13546,#2829);
#1627=LINE('',#13548,#2830);
#1628=LINE('',#13549,#2831);
#1629=LINE('',#13552,#2832);
#1630=LINE('',#13554,#2833);
#1631=LINE('',#13556,#2834);
#1632=LINE('',#13558,#2835);
#1633=LINE('',#13559,#2836);
#1634=LINE('',#13562,#2837);
#1635=LINE('',#13564,#2838);
#1636=LINE('',#13568,#2839);
#1637=LINE('',#13570,#2840);
#1638=LINE('',#13572,#2841);
#1639=LINE('',#13576,#2842);
#1640=LINE('',#13578,#2843);
#1641=LINE('',#13580,#2844);
#1642=LINE('',#13582,#2845);
#1643=LINE('',#13584,#2846);
#1644=LINE('',#13586,#2847);
#1645=LINE('',#13587,#2848);
#1646=LINE('',#13589,#2849);
#1647=LINE('',#13591,#2850);
#1648=LINE('',#13593,#2851);
#1649=LINE('',#13595,#2852);
#1650=LINE('',#13596,#2853);
#1651=LINE('',#13601,#2854);
#1652=LINE('',#13604,#2855);
#1653=LINE('',#13609,#2856);
#1654=LINE('',#13612,#2857);
#1655=LINE('',#13616,#2858);
#1656=LINE('',#13620,#2859);
#1657=LINE('',#13622,#2860);
#1658=LINE('',#13624,#2861);
#1659=LINE('',#13625,#2862);
#1660=LINE('',#13630,#2863);
#1661=LINE('',#13640,#2864);
#1662=LINE('',#13642,#2865);
#1663=LINE('',#13643,#2866);
#1664=LINE('',#13648,#2867);
#1665=LINE('',#13652,#2868);
#1666=LINE('',#13655,#2869);
#1667=LINE('',#13657,#2870);
#1668=LINE('',#13658,#2871);
#1669=LINE('',#13663,#2872);
#1670=LINE('',#13664,#2873);
#1671=LINE('',#13667,#2874);
#1672=LINE('',#13668,#2875);
#1673=LINE('',#13672,#2876);
#1674=LINE('',#13674,#2877);
#1675=LINE('',#13678,#2878);
#1676=LINE('',#13682,#2879);
#1677=LINE('',#13686,#2880);
#1678=LINE('',#13688,#2881);
#1679=LINE('',#13689,#2882);
#1680=LINE('',#13692,#2883);
#1681=LINE('',#13693,#2884);
#1682=LINE('',#13694,#2885);
#1683=LINE('',#13696,#2886);
#1684=LINE('',#13700,#2887);
#1685=LINE('',#13701,#2888);
#1686=LINE('',#13706,#2889);
#1687=LINE('',#13708,#2890);
#1688=LINE('',#13710,#2891);
#1689=LINE('',#13712,#2892);
#1690=LINE('',#13714,#2893);
#1691=LINE('',#13716,#2894);
#1692=LINE('',#13720,#2895);
#1693=LINE('',#13721,#2896);
#1694=LINE('',#13726,#2897);
#1695=LINE('',#13729,#2898);
#1696=LINE('',#13731,#2899);
#1697=LINE('',#13732,#2900);
#1698=LINE('',#13735,#2901);
#1699=LINE('',#13736,#2902);
#1700=LINE('',#13738,#2903);
#1701=LINE('',#13740,#2904);
#1702=LINE('',#13744,#2905);
#1703=LINE('',#13746,#2906);
#1704=LINE('',#13748,#2907);
#1705=LINE('',#13750,#2908);
#1706=LINE('',#13752,#2909);
#1707=LINE('',#13754,#2910);
#1708=LINE('',#13756,#2911);
#1709=LINE('',#13758,#2912);
#1710=LINE('',#13760,#2913);
#1711=LINE('',#13762,#2914);
#1712=LINE('',#13764,#2915);
#1713=LINE('',#13766,#2916);
#1714=LINE('',#13769,#2917);
#1715=LINE('',#13774,#2918);
#1716=LINE('',#13777,#2919);
#1717=LINE('',#13780,#2920);
#1718=LINE('',#13782,#2921);
#1719=LINE('',#13784,#2922);
#1720=LINE('',#13786,#2923);
#1721=LINE('',#13792,#2924);
#1722=LINE('',#13793,#2925);
#1723=LINE('',#13795,#2926);
#1724=LINE('',#13799,#2927);
#1725=LINE('',#13802,#2928);
#1726=LINE('',#13804,#2929);
#1727=LINE('',#13805,#2930);
#1728=LINE('',#13807,#2931);
#1729=LINE('',#13808,#2932);
#1730=LINE('',#13810,#2933);
#1731=LINE('',#13811,#2934);
#1732=LINE('',#13817,#2935);
#1733=LINE('',#13820,#2936);
#1734=LINE('',#13828,#2937);
#1735=LINE('',#13831,#2938);
#1736=LINE('',#13833,#2939);
#1737=LINE('',#13834,#2940);
#1738=LINE('',#13836,#2941);
#1739=LINE('',#13838,#2942);
#1740=LINE('',#13839,#2943);
#1741=LINE('',#13842,#2944);
#1742=LINE('',#13843,#2945);
#1743=LINE('',#13847,#2946);
#1744=LINE('',#13851,#2947);
#1745=LINE('',#13856,#2948);
#1746=LINE('',#13860,#2949);
#1747=LINE('',#13865,#2950);
#1748=LINE('',#13868,#2951);
#1749=LINE('',#13871,#2952);
#1750=LINE('',#13874,#2953);
#1751=LINE('',#13875,#2954);
#1752=LINE('',#13881,#2955);
#1753=LINE('',#13883,#2956);
#1754=LINE('',#13885,#2957);
#1755=LINE('',#13886,#2958);
#1756=LINE('',#13888,#2959);
#1757=LINE('',#13890,#2960);
#1758=LINE('',#13898,#2961);
#1759=LINE('',#13901,#2962);
#1760=LINE('',#13903,#2963);
#1761=LINE('',#13904,#2964);
#1762=LINE('',#13906,#2965);
#1763=LINE('',#13908,#2966);
#1764=LINE('',#13909,#2967);
#1765=LINE('',#13911,#2968);
#1766=LINE('',#13913,#2969);
#1767=LINE('',#13914,#2970);
#1768=LINE('',#13916,#2971);
#1769=LINE('',#13918,#2972);
#1770=LINE('',#13922,#2973);
#1771=LINE('',#13925,#2974);
#1772=LINE('',#13928,#2975);
#1773=LINE('',#13929,#2976);
#1774=LINE('',#13935,#2977);
#1775=LINE('',#13937,#2978);
#1776=LINE('',#13939,#2979);
#1777=LINE('',#13940,#2980);
#1778=LINE('',#13942,#2981);
#1779=LINE('',#13944,#2982);
#1780=LINE('',#13951,#2983);
#1781=LINE('',#13953,#2984);
#1782=LINE('',#13954,#2985);
#1783=LINE('',#13956,#2986);
#1784=LINE('',#13957,#2987);
#1785=LINE('',#13960,#2988);
#1786=LINE('',#13962,#2989);
#1787=LINE('',#13963,#2990);
#1788=LINE('',#13975,#2991);
#1789=LINE('',#13978,#2992);
#1790=LINE('',#13982,#2993);
#1791=LINE('',#13987,#2994);
#1792=LINE('',#13988,#2995);
#1793=LINE('',#13990,#2996);
#1794=LINE('',#13992,#2997);
#1795=LINE('',#13994,#2998);
#1796=LINE('',#13996,#2999);
#1797=LINE('',#13997,#3000);
#1798=LINE('',#13998,#3001);
#1799=LINE('',#14003,#3002);
#1800=LINE('',#14006,#3003);
#1801=LINE('',#14011,#3004);
#1802=LINE('',#14014,#3005);
#1803=LINE('',#14019,#3006);
#1804=LINE('',#14022,#3007);
#1805=LINE('',#14025,#3008);
#1806=LINE('',#14029,#3009);
#1807=LINE('',#14035,#3010);
#1808=LINE('',#14038,#3011);
#1809=LINE('',#14042,#3012);
#1810=LINE('',#14044,#3013);
#1811=LINE('',#14046,#3014);
#1812=LINE('',#14047,#3015);
#1813=LINE('',#14050,#3016);
#1814=LINE('',#14052,#3017);
#1815=LINE('',#14053,#3018);
#1816=LINE('',#14056,#3019);
#1817=LINE('',#14058,#3020);
#1818=LINE('',#14059,#3021);
#1819=LINE('',#14061,#3022);
#1820=LINE('',#14062,#3023);
#1821=LINE('',#14065,#3024);
#1822=LINE('',#14067,#3025);
#1823=LINE('',#14068,#3026);
#1824=LINE('',#14071,#3027);
#1825=LINE('',#14072,#3028);
#1826=LINE('',#14074,#3029);
#1827=LINE('',#14076,#3030);
#1828=LINE('',#14078,#3031);
#1829=LINE('',#14080,#3032);
#1830=LINE('',#14082,#3033);
#1831=LINE('',#14084,#3034);
#1832=LINE('',#14086,#3035);
#1833=LINE('',#14088,#3036);
#1834=LINE('',#14090,#3037);
#1835=LINE('',#14091,#3038);
#1836=LINE('',#14096,#3039);
#1837=LINE('',#14097,#3040);
#1838=LINE('',#14098,#3041);
#1839=LINE('',#14101,#3042);
#1840=LINE('',#14103,#3043);
#1841=LINE('',#14104,#3044);
#1842=LINE('',#14107,#3045);
#1843=LINE('',#14109,#3046);
#1844=LINE('',#14110,#3047);
#1845=LINE('',#14112,#3048);
#1846=LINE('',#14113,#3049);
#1847=LINE('',#14116,#3050);
#1848=LINE('',#14117,#3051);
#1849=LINE('',#14121,#3052);
#1850=LINE('',#14123,#3053);
#1851=LINE('',#14124,#3054);
#1852=LINE('',#14125,#3055);
#1853=LINE('',#14126,#3056);
#1854=LINE('',#14129,#3057);
#1855=LINE('',#14130,#3058);
#1856=LINE('',#14133,#3059);
#1857=LINE('',#14135,#3060);
#1858=LINE('',#14136,#3061);
#1859=LINE('',#14140,#3062);
#1860=LINE('',#14142,#3063);
#1861=LINE('',#14144,#3064);
#1862=LINE('',#14145,#3065);
#1863=LINE('',#14148,#3066);
#1864=LINE('',#14150,#3067);
#1865=LINE('',#14151,#3068);
#1866=LINE('',#14154,#3069);
#1867=LINE('',#14156,#3070);
#1868=LINE('',#14157,#3071);
#1869=LINE('',#14159,#3072);
#1870=LINE('',#14160,#3073);
#1871=LINE('',#14163,#3074);
#1872=LINE('',#14164,#3075);
#1873=LINE('',#14167,#3076);
#1874=LINE('',#14168,#3077);
#1875=LINE('',#14171,#3078);
#1876=LINE('',#14173,#3079);
#1877=LINE('',#14175,#3080);
#1878=LINE('',#14176,#3081);
#1879=LINE('',#14179,#3082);
#1880=LINE('',#14180,#3083);
#1881=LINE('',#14183,#3084);
#1882=LINE('',#14185,#3085);
#1883=LINE('',#14187,#3086);
#1884=LINE('',#14188,#3087);
#1885=LINE('',#14190,#3088);
#1886=LINE('',#14192,#3089);
#1887=LINE('',#14202,#3090);
#1888=LINE('',#14204,#3091);
#1889=LINE('',#14205,#3092);
#1890=LINE('',#14208,#3093);
#1891=LINE('',#14209,#3094);
#1892=LINE('',#14212,#3095);
#1893=LINE('',#14214,#3096);
#1894=LINE('',#14215,#3097);
#1895=LINE('',#14218,#3098);
#1896=LINE('',#14219,#3099);
#1897=LINE('',#14221,#3100);
#1898=LINE('',#14224,#3101);
#1899=LINE('',#14226,#3102);
#1900=LINE('',#14227,#3103);
#1901=LINE('',#14230,#3104);
#1902=LINE('',#14231,#3105);
#1903=LINE('',#14234,#3106);
#1904=LINE('',#14235,#3107);
#1905=LINE('',#14238,#3108);
#1906=LINE('',#14239,#3109);
#1907=LINE('',#14241,#3110);
#1908=LINE('',#14244,#3111);
#1909=LINE('',#14246,#3112);
#1910=LINE('',#14247,#3113);
#1911=LINE('',#14250,#3114);
#1912=LINE('',#14251,#3115);
#1913=LINE('',#14294,#3116);
#1914=LINE('',#14401,#3117);
#1915=LINE('',#14567,#3118);
#1916=LINE('',#14568,#3119);
#1917=LINE('',#14569,#3120);
#1918=LINE('',#14690,#3121);
#1919=LINE('',#14729,#3122);
#1920=LINE('',#14731,#3123);
#1921=LINE('',#14749,#3124);
#1922=LINE('',#14752,#3125);
#1923=LINE('',#14756,#3126);
#1924=LINE('',#14760,#3127);
#1925=LINE('',#14764,#3128);
#1926=LINE('',#14768,#3129);
#1927=LINE('',#14772,#3130);
#1928=LINE('',#14774,#3131);
#1929=LINE('',#14776,#3132);
#1930=LINE('',#14777,#3133);
#1931=LINE('',#14779,#3134);
#1932=LINE('',#14780,#3135);
#1933=LINE('',#14793,#3136);
#1934=LINE('',#14795,#3137);
#1935=LINE('',#14796,#3138);
#1936=LINE('',#14799,#3139);
#1937=LINE('',#14800,#3140);
#1938=LINE('',#14801,#3141);
#1939=LINE('',#14802,#3142);
#1940=LINE('',#14803,#3143);
#1941=LINE('',#14806,#3144);
#1942=LINE('',#14808,#3145);
#1943=LINE('',#14809,#3146);
#1944=LINE('',#14812,#3147);
#1945=LINE('',#14814,#3148);
#1946=LINE('',#14815,#3149);
#1947=LINE('',#14818,#3150);
#1948=LINE('',#14819,#3151);
#1949=LINE('',#14822,#3152);
#1950=LINE('',#14823,#3153);
#1951=LINE('',#14826,#3154);
#1952=LINE('',#14828,#3155);
#1953=LINE('',#14829,#3156);
#1954=LINE('',#14830,#3157);
#1955=LINE('',#14831,#3158);
#1956=LINE('',#14833,#3159);
#1957=LINE('',#14835,#3160);
#1958=LINE('',#14836,#3161);
#1959=LINE('',#14846,#3162);
#1960=LINE('',#14850,#3163);
#1961=LINE('',#14854,#3164);
#1962=LINE('',#14857,#3165);
#1963=LINE('',#14859,#3166);
#1964=LINE('',#14863,#3167);
#1965=LINE('',#14871,#3168);
#1966=LINE('',#14872,#3169);
#1967=LINE('',#14873,#3170);
#1968=LINE('',#14875,#3171);
#1969=LINE('',#14876,#3172);
#1970=LINE('',#14878,#3173);
#1971=LINE('',#14879,#3174);
#1972=LINE('',#14881,#3175);
#1973=LINE('',#14882,#3176);
#1974=LINE('',#14884,#3177);
#1975=LINE('',#14885,#3178);
#1976=LINE('',#14887,#3179);
#1977=LINE('',#14890,#3180);
#1978=LINE('',#14892,#3181);
#1979=LINE('',#14896,#3182);
#1980=LINE('',#14898,#3183);
#1981=LINE('',#14900,#3184);
#1982=LINE('',#14904,#3185);
#1983=LINE('',#14906,#3186);
#1984=LINE('',#14907,#3187);
#1985=LINE('',#14908,#3188);
#1986=LINE('',#14909,#3189);
#1987=LINE('',#14910,#3190);
#1988=LINE('',#14912,#3191);
#1989=LINE('',#14914,#3192);
#1990=LINE('',#14915,#3193);
#1991=LINE('',#14937,#3194);
#1992=LINE('',#14939,#3195);
#1993=LINE('',#14944,#3196);
#1994=LINE('',#14946,#3197);
#1995=LINE('',#14948,#3198);
#1996=LINE('',#14949,#3199);
#1997=LINE('',#14959,#3200);
#1998=LINE('',#14960,#3201);
#1999=LINE('',#14962,#3202);
#2000=LINE('',#14997,#3203);
#2001=LINE('',#14999,#3204);
#2002=LINE('',#15044,#3205);
#2003=LINE('',#15046,#3206);
#2004=LINE('',#15047,#3207);
#2005=LINE('',#15085,#3208);
#2006=LINE('',#15092,#3209);
#2007=LINE('',#15120,#3210);
#2008=LINE('',#15122,#3211);
#2009=LINE('',#15124,#3212);
#2010=LINE('',#15150,#3213);
#2011=LINE('',#15154,#3214);
#2012=LINE('',#15157,#3215);
#2013=LINE('',#15160,#3216);
#2014=LINE('',#15163,#3217);
#2015=LINE('',#15165,#3218);
#2016=LINE('',#15166,#3219);
#2017=LINE('',#15170,#3220);
#2018=LINE('',#15173,#3221);
#2019=LINE('',#15187,#3222);
#2020=LINE('',#15189,#3223);
#2021=LINE('',#15191,#3224);
#2022=LINE('',#15193,#3225);
#2023=LINE('',#15195,#3226);
#2024=LINE('',#15197,#3227);
#2025=LINE('',#15199,#3228);
#2026=LINE('',#15201,#3229);
#2027=LINE('',#15203,#3230);
#2028=LINE('',#15205,#3231);
#2029=LINE('',#15206,#3232);
#2030=LINE('',#15208,#3233);
#2031=LINE('',#15211,#3234);
#2032=LINE('',#15213,#3235);
#2033=LINE('',#15215,#3236);
#2034=LINE('',#15217,#3237);
#2035=LINE('',#15219,#3238);
#2036=LINE('',#15221,#3239);
#2037=LINE('',#15223,#3240);
#2038=LINE('',#15225,#3241);
#2039=LINE('',#15227,#3242);
#2040=LINE('',#15231,#3243);
#2041=LINE('',#15233,#3244);
#2042=LINE('',#15234,#3245);
#2043=LINE('',#15235,#3246);
#2044=LINE('',#15237,#3247);
#2045=LINE('',#15238,#3248);
#2046=LINE('',#15240,#3249);
#2047=LINE('',#15241,#3250);
#2048=LINE('',#15242,#3251);
#2049=LINE('',#15244,#3252);
#2050=LINE('',#15247,#3253);
#2051=LINE('',#15248,#3254);
#2052=LINE('',#15252,#3255);
#2053=LINE('',#15254,#3256);
#2054=LINE('',#15255,#3257);
#2055=LINE('',#15258,#3258);
#2056=LINE('',#15259,#3259);
#2057=LINE('',#15261,#3260);
#2058=LINE('',#15262,#3261);
#2059=LINE('',#15265,#3262);
#2060=LINE('',#15267,#3263);
#2061=LINE('',#15268,#3264);
#2062=LINE('',#15271,#3265);
#2063=LINE('',#15274,#3266);
#2064=LINE('',#15277,#3267);
#2065=LINE('',#15278,#3268);
#2066=LINE('',#15281,#3269);
#2067=LINE('',#15285,#3270);
#2068=LINE('',#15286,#3271);
#2069=LINE('',#15289,#3272);
#2070=LINE('',#15290,#3273);
#2071=LINE('',#15292,#3274);
#2072=LINE('',#15297,#3275);
#2073=LINE('',#15301,#3276);
#2074=LINE('',#15303,#3277);
#2075=LINE('',#15307,#3278);
#2076=LINE('',#15309,#3279);
#2077=LINE('',#15310,#3280);
#2078=LINE('',#15311,#3281);
#2079=LINE('',#15315,#3282);
#2080=LINE('',#15318,#3283);
#2081=LINE('',#15324,#3284);
#2082=LINE('',#15327,#3285);
#2083=LINE('',#15332,#3286);
#2084=LINE('',#15335,#3287);
#2085=LINE('',#15340,#3288);
#2086=LINE('',#15343,#3289);
#2087=LINE('',#15348,#3290);
#2088=LINE('',#15351,#3291);
#2089=LINE('',#15356,#3292);
#2090=LINE('',#15359,#3293);
#2091=LINE('',#15365,#3294);
#2092=LINE('',#15368,#3295);
#2093=LINE('',#15373,#3296);
#2094=LINE('',#15376,#3297);
#2095=LINE('',#15381,#3298);
#2096=LINE('',#15384,#3299);
#2097=LINE('',#15387,#3300);
#2098=LINE('',#15391,#3301);
#2099=LINE('',#15397,#3302);
#2100=LINE('',#15400,#3303);
#2101=LINE('',#15404,#3304);
#2102=LINE('',#15405,#3305);
#2103=LINE('',#15407,#3306);
#2104=LINE('',#15409,#3307);
#2105=LINE('',#15412,#3308);
#2106=LINE('',#15413,#3309);
#2107=LINE('',#15415,#3310);
#2108=LINE('',#15417,#3311);
#2109=LINE('',#15420,#3312);
#2110=LINE('',#15421,#3313);
#2111=LINE('',#15423,#3314);
#2112=LINE('',#15425,#3315);
#2113=LINE('',#15428,#3316);
#2114=LINE('',#15429,#3317);
#2115=LINE('',#15431,#3318);
#2116=LINE('',#15433,#3319);
#2117=LINE('',#15436,#3320);
#2118=LINE('',#15437,#3321);
#2119=LINE('',#15439,#3322);
#2120=LINE('',#15441,#3323);
#2121=LINE('',#15444,#3324);
#2122=LINE('',#15445,#3325);
#2123=LINE('',#15447,#3326);
#2124=LINE('',#15449,#3327);
#2125=LINE('',#15452,#3328);
#2126=LINE('',#15453,#3329);
#2127=LINE('',#15455,#3330);
#2128=LINE('',#15457,#3331);
#2129=LINE('',#15460,#3332);
#2130=LINE('',#15461,#3333);
#2131=LINE('',#15463,#3334);
#2132=LINE('',#15465,#3335);
#2133=LINE('',#15468,#3336);
#2134=LINE('',#15469,#3337);
#2135=LINE('',#15471,#3338);
#2136=LINE('',#15473,#3339);
#2137=LINE('',#15476,#3340);
#2138=LINE('',#15477,#3341);
#2139=LINE('',#15479,#3342);
#2140=LINE('',#15481,#3343);
#2141=LINE('',#15484,#3344);
#2142=LINE('',#15486,#3345);
#2143=LINE('',#15490,#3346);
#2144=LINE('',#15492,#3347);
#2145=LINE('',#15494,#3348);
#2146=LINE('',#15499,#3349);
#2147=LINE('',#15501,#3350);
#2148=LINE('',#15503,#3351);
#2149=LINE('',#15504,#3352);
#2150=LINE('',#15508,#3353);
#2151=LINE('',#15510,#3354);
#2152=LINE('',#15512,#3355);
#2153=LINE('',#15514,#3356);
#2154=LINE('',#15516,#3357);
#2155=LINE('',#15518,#3358);
#2156=LINE('',#15520,#3359);
#2157=LINE('',#15522,#3360);
#2158=LINE('',#15524,#3361);
#2159=LINE('',#15526,#3362);
#2160=LINE('',#15528,#3363);
#2161=LINE('',#15530,#3364);
#2162=LINE('',#15532,#3365);
#2163=LINE('',#15534,#3366);
#2164=LINE('',#15536,#3367);
#2165=LINE('',#15538,#3368);
#2166=LINE('',#15540,#3369);
#2167=LINE('',#15542,#3370);
#2168=LINE('',#15544,#3371);
#2169=LINE('',#15546,#3372);
#2170=LINE('',#15548,#3373);
#2171=LINE('',#15550,#3374);
#2172=LINE('',#15552,#3375);
#2173=LINE('',#15554,#3376);
#2174=LINE('',#15556,#3377);
#2175=LINE('',#15558,#3378);
#2176=LINE('',#15560,#3379);
#2177=LINE('',#15562,#3380);
#2178=LINE('',#15564,#3381);
#2179=LINE('',#15566,#3382);
#2180=LINE('',#15568,#3383);
#2181=LINE('',#15570,#3384);
#2182=LINE('',#15572,#3385);
#2183=LINE('',#15574,#3386);
#2184=LINE('',#15576,#3387);
#2185=LINE('',#15578,#3388);
#2186=LINE('',#15580,#3389);
#2187=LINE('',#15582,#3390);
#2188=LINE('',#15584,#3391);
#2189=LINE('',#15586,#3392);
#2190=LINE('',#15588,#3393);
#2191=LINE('',#15590,#3394);
#2192=LINE('',#15592,#3395);
#2193=LINE('',#15593,#3396);
#2194=LINE('',#15595,#3397);
#2195=LINE('',#15597,#3398);
#2196=LINE('',#15599,#3399);
#2197=LINE('',#15601,#3400);
#2198=LINE('',#15603,#3401);
#2199=LINE('',#15605,#3402);
#2200=LINE('',#15607,#3403);
#2201=LINE('',#15609,#3404);
#2202=LINE('',#15611,#3405);
#2203=LINE('',#15613,#3406);
#2204=LINE('',#15615,#3407);
#2205=LINE('',#15617,#3408);
#2206=LINE('',#15619,#3409);
#2207=LINE('',#15621,#3410);
#2208=LINE('',#15623,#3411);
#2209=LINE('',#15625,#3412);
#2210=LINE('',#15627,#3413);
#2211=LINE('',#15629,#3414);
#2212=LINE('',#15631,#3415);
#2213=LINE('',#15633,#3416);
#2214=LINE('',#15635,#3417);
#2215=LINE('',#15637,#3418);
#2216=LINE('',#15639,#3419);
#2217=LINE('',#15641,#3420);
#2218=LINE('',#15643,#3421);
#2219=LINE('',#15645,#3422);
#2220=LINE('',#15646,#3423);
#2221=LINE('',#15649,#3424);
#2222=LINE('',#15651,#3425);
#2223=LINE('',#15653,#3426);
#2224=LINE('',#15654,#3427);
#2225=LINE('',#15657,#3428);
#2226=LINE('',#15659,#3429);
#2227=LINE('',#15660,#3430);
#2228=LINE('',#15663,#3431);
#2229=LINE('',#15664,#3432);
#2230=LINE('',#15667,#3433);
#2231=LINE('',#15668,#3434);
#2232=LINE('',#15671,#3435);
#2233=LINE('',#15672,#3436);
#2234=LINE('',#15675,#3437);
#2235=LINE('',#15676,#3438);
#2236=LINE('',#15679,#3439);
#2237=LINE('',#15680,#3440);
#2238=LINE('',#15683,#3441);
#2239=LINE('',#15684,#3442);
#2240=LINE('',#15687,#3443);
#2241=LINE('',#15688,#3444);
#2242=LINE('',#15691,#3445);
#2243=LINE('',#15692,#3446);
#2244=LINE('',#15695,#3447);
#2245=LINE('',#15696,#3448);
#2246=LINE('',#15699,#3449);
#2247=LINE('',#15700,#3450);
#2248=LINE('',#15703,#3451);
#2249=LINE('',#15704,#3452);
#2250=LINE('',#15707,#3453);
#2251=LINE('',#15708,#3454);
#2252=LINE('',#15711,#3455);
#2253=LINE('',#15712,#3456);
#2254=LINE('',#15715,#3457);
#2255=LINE('',#15716,#3458);
#2256=LINE('',#15719,#3459);
#2257=LINE('',#15720,#3460);
#2258=LINE('',#15723,#3461);
#2259=LINE('',#15724,#3462);
#2260=LINE('',#15727,#3463);
#2261=LINE('',#15728,#3464);
#2262=LINE('',#15731,#3465);
#2263=LINE('',#15732,#3466);
#2264=LINE('',#15735,#3467);
#2265=LINE('',#15736,#3468);
#2266=LINE('',#15739,#3469);
#2267=LINE('',#15740,#3470);
#2268=LINE('',#15743,#3471);
#2269=LINE('',#15744,#3472);
#2270=LINE('',#15747,#3473);
#2271=LINE('',#15748,#3474);
#2272=LINE('',#15751,#3475);
#2273=LINE('',#15752,#3476);
#2274=LINE('',#15755,#3477);
#2275=LINE('',#15756,#3478);
#2276=LINE('',#15759,#3479);
#2277=LINE('',#15760,#3480);
#2278=LINE('',#15763,#3481);
#2279=LINE('',#15764,#3482);
#2280=LINE('',#15767,#3483);
#2281=LINE('',#15769,#3484);
#2282=LINE('',#15771,#3485);
#2283=LINE('',#15773,#3486);
#2284=LINE('',#15775,#3487);
#2285=LINE('',#15777,#3488);
#2286=LINE('',#15778,#3489);
#2287=LINE('',#15781,#3490);
#2288=LINE('',#15783,#3491);
#2289=LINE('',#15784,#3492);
#2290=LINE('',#15791,#3493);
#2291=LINE('',#15793,#3494);
#2292=LINE('',#15794,#3495);
#2293=LINE('',#15797,#3496);
#2294=LINE('',#15799,#3497);
#2295=LINE('',#15800,#3498);
#2296=LINE('',#15803,#3499);
#2297=LINE('',#15805,#3500);
#2298=LINE('',#15807,#3501);
#2299=LINE('',#15808,#3502);
#2300=LINE('',#15811,#3503);
#2301=LINE('',#15812,#3504);
#2302=LINE('',#15815,#3505);
#2303=LINE('',#15816,#3506);
#2304=LINE('',#15819,#3507);
#2305=LINE('',#15820,#3508);
#2306=LINE('',#15824,#3509);
#2307=LINE('',#15825,#3510);
#2308=LINE('',#15826,#3511);
#2309=LINE('',#15829,#3512);
#2310=LINE('',#15830,#3513);
#2311=LINE('',#15835,#3514);
#2312=LINE('',#15836,#3515);
#2313=LINE('',#15838,#3516);
#2314=LINE('',#15840,#3517);
#2315=LINE('',#15842,#3518);
#2316=LINE('',#15844,#3519);
#2317=LINE('',#15846,#3520);
#2318=LINE('',#15848,#3521);
#2319=LINE('',#15850,#3522);
#2320=LINE('',#15852,#3523);
#2321=LINE('',#15854,#3524);
#2322=LINE('',#15856,#3525);
#2323=LINE('',#15858,#3526);
#2324=LINE('',#15860,#3527);
#2325=LINE('',#15862,#3528);
#2326=LINE('',#15864,#3529);
#2327=LINE('',#15866,#3530);
#2328=LINE('',#15868,#3531);
#2329=LINE('',#15870,#3532);
#2330=LINE('',#15872,#3533);
#2331=LINE('',#15874,#3534);
#2332=LINE('',#15876,#3535);
#2333=LINE('',#15878,#3536);
#2334=LINE('',#15880,#3537);
#2335=LINE('',#15882,#3538);
#2336=LINE('',#15884,#3539);
#2337=LINE('',#15886,#3540);
#2338=LINE('',#15888,#3541);
#2339=LINE('',#15890,#3542);
#2340=LINE('',#15892,#3543);
#2341=LINE('',#15894,#3544);
#2342=LINE('',#15896,#3545);
#2343=LINE('',#15898,#3546);
#2344=LINE('',#15900,#3547);
#2345=LINE('',#15902,#3548);
#2346=LINE('',#15904,#3549);
#2347=LINE('',#15906,#3550);
#2348=LINE('',#15908,#3551);
#2349=LINE('',#15909,#3552);
#2350=LINE('',#15914,#3553);
#2351=LINE('',#15916,#3554);
#2352=LINE('',#15917,#3555);
#2353=LINE('',#15918,#3556);
#2354=LINE('',#15920,#3557);
#2355=LINE('',#15921,#3558);
#2356=LINE('',#15923,#3559);
#2357=LINE('',#15927,#3560);
#2358=LINE('',#15929,#3561);
#2359=LINE('',#15930,#3562);
#2360=LINE('',#15932,#3563);
#2361=LINE('',#15934,#3564);
#2362=LINE('',#15937,#3565);
#2363=LINE('',#15938,#3566);
#2364=LINE('',#15940,#3567);
#2365=LINE('',#15941,#3568);
#2366=LINE('',#15943,#3569);
#2367=LINE('',#15944,#3570);
#2368=LINE('',#15946,#3571);
#2369=LINE('',#15947,#3572);
#2370=LINE('',#15949,#3573);
#2371=LINE('',#15950,#3574);
#2372=LINE('',#15952,#3575);
#2373=LINE('',#15953,#3576);
#2374=LINE('',#15955,#3577);
#2375=LINE('',#15956,#3578);
#2376=LINE('',#15958,#3579);
#2377=LINE('',#15960,#3580);
#2378=LINE('',#15962,#3581);
#2379=LINE('',#15965,#3582);
#2380=LINE('',#15967,#3583);
#2381=LINE('',#15970,#3584);
#2382=LINE('',#15972,#3585);
#2383=LINE('',#15975,#3586);
#2384=LINE('',#15977,#3587);
#2385=LINE('',#15980,#3588);
#2386=LINE('',#15982,#3589);
#2387=LINE('',#15985,#3590);
#2388=LINE('',#15987,#3591);
#2389=LINE('',#15990,#3592);
#2390=LINE('',#15992,#3593);
#2391=LINE('',#15995,#3594);
#2392=LINE('',#15997,#3595);
#2393=LINE('',#16000,#3596);
#2394=LINE('',#16002,#3597);
#2395=LINE('',#16004,#3598);
#2396=LINE('',#16005,#3599);
#2397=LINE('',#16011,#3600);
#2398=LINE('',#16013,#3601);
#2399=LINE('',#16015,#3602);
#2400=LINE('',#16016,#3603);
#2401=LINE('',#16019,#3604);
#2402=LINE('',#16021,#3605);
#2403=LINE('',#16022,#3606);
#2404=LINE('',#16027,#3607);
#2405=LINE('',#16029,#3608);
#2406=LINE('',#16030,#3609);
#2407=LINE('',#16033,#3610);
#2408=LINE('',#16035,#3611);
#2409=LINE('',#16037,#3612);
#2410=LINE('',#16039,#3613);
#2411=LINE('',#16041,#3614);
#2412=LINE('',#16043,#3615);
#2413=LINE('',#16044,#3616);
#2414=LINE('',#16047,#3617);
#2415=LINE('',#16049,#3618);
#2416=LINE('',#16050,#3619);
#2417=LINE('',#16054,#3620);
#2418=LINE('',#16056,#3621);
#2419=LINE('',#16058,#3622);
#2420=LINE('',#16060,#3623);
#2421=LINE('',#16062,#3624);
#2422=LINE('',#16064,#3625);
#2423=LINE('',#16066,#3626);
#2424=LINE('',#16068,#3627);
#2425=LINE('',#16070,#3628);
#2426=LINE('',#16072,#3629);
#2427=LINE('',#16074,#3630);
#2428=LINE('',#16076,#3631);
#2429=LINE('',#16078,#3632);
#2430=LINE('',#16080,#3633);
#2431=LINE('',#16082,#3634);
#2432=LINE('',#16084,#3635);
#2433=LINE('',#16086,#3636);
#2434=LINE('',#16088,#3637);
#2435=LINE('',#16090,#3638);
#2436=LINE('',#16092,#3639);
#2437=LINE('',#16094,#3640);
#2438=LINE('',#16096,#3641);
#2439=LINE('',#16098,#3642);
#2440=LINE('',#16100,#3643);
#2441=LINE('',#16102,#3644);
#2442=LINE('',#16104,#3645);
#2443=LINE('',#16106,#3646);
#2444=LINE('',#16108,#3647);
#2445=LINE('',#16110,#3648);
#2446=LINE('',#16112,#3649);
#2447=LINE('',#16114,#3650);
#2448=LINE('',#16116,#3651);
#2449=LINE('',#16118,#3652);
#2450=LINE('',#16120,#3653);
#2451=LINE('',#16122,#3654);
#2452=LINE('',#16124,#3655);
#2453=LINE('',#16126,#3656);
#2454=LINE('',#16128,#3657);
#2455=LINE('',#16130,#3658);
#2456=LINE('',#16132,#3659);
#2457=LINE('',#16134,#3660);
#2458=LINE('',#16136,#3661);
#2459=LINE('',#16138,#3662);
#2460=LINE('',#16139,#3663);
#2461=LINE('',#16141,#3664);
#2462=LINE('',#16143,#3665);
#2463=LINE('',#16145,#3666);
#2464=LINE('',#16147,#3667);
#2465=LINE('',#16149,#3668);
#2466=LINE('',#16151,#3669);
#2467=LINE('',#16153,#3670);
#2468=LINE('',#16155,#3671);
#2469=LINE('',#16157,#3672);
#2470=LINE('',#16159,#3673);
#2471=LINE('',#16161,#3674);
#2472=LINE('',#16163,#3675);
#2473=LINE('',#16165,#3676);
#2474=LINE('',#16167,#3677);
#2475=LINE('',#16169,#3678);
#2476=LINE('',#16171,#3679);
#2477=LINE('',#16173,#3680);
#2478=LINE('',#16175,#3681);
#2479=LINE('',#16177,#3682);
#2480=LINE('',#16179,#3683);
#2481=LINE('',#16181,#3684);
#2482=LINE('',#16183,#3685);
#2483=LINE('',#16185,#3686);
#2484=LINE('',#16187,#3687);
#2485=LINE('',#16189,#3688);
#2486=LINE('',#16190,#3689);
#2487=LINE('',#16194,#3690);
#2488=LINE('',#16195,#3691);
#2489=LINE('',#16197,#3692);
#2490=LINE('',#16198,#3693);
#2491=LINE('',#16201,#3694);
#2492=LINE('',#16203,#3695);
#2493=LINE('',#16204,#3696);
#2494=LINE('',#16207,#3697);
#2495=LINE('',#16208,#3698);
#2496=LINE('',#16211,#3699);
#2497=LINE('',#16212,#3700);
#2498=LINE('',#16215,#3701);
#2499=LINE('',#16216,#3702);
#2500=LINE('',#16219,#3703);
#2501=LINE('',#16220,#3704);
#2502=LINE('',#16223,#3705);
#2503=LINE('',#16224,#3706);
#2504=LINE('',#16227,#3707);
#2505=LINE('',#16228,#3708);
#2506=LINE('',#16231,#3709);
#2507=LINE('',#16232,#3710);
#2508=LINE('',#16235,#3711);
#2509=LINE('',#16236,#3712);
#2510=LINE('',#16239,#3713);
#2511=LINE('',#16240,#3714);
#2512=LINE('',#16243,#3715);
#2513=LINE('',#16244,#3716);
#2514=LINE('',#16247,#3717);
#2515=LINE('',#16248,#3718);
#2516=LINE('',#16251,#3719);
#2517=LINE('',#16252,#3720);
#2518=LINE('',#16255,#3721);
#2519=LINE('',#16256,#3722);
#2520=LINE('',#16259,#3723);
#2521=LINE('',#16260,#3724);
#2522=LINE('',#16263,#3725);
#2523=LINE('',#16264,#3726);
#2524=LINE('',#16267,#3727);
#2525=LINE('',#16268,#3728);
#2526=LINE('',#16271,#3729);
#2527=LINE('',#16272,#3730);
#2528=LINE('',#16275,#3731);
#2529=LINE('',#16276,#3732);
#2530=LINE('',#16279,#3733);
#2531=LINE('',#16280,#3734);
#2532=LINE('',#16283,#3735);
#2533=LINE('',#16284,#3736);
#2534=LINE('',#16287,#3737);
#2535=LINE('',#16288,#3738);
#2536=LINE('',#16291,#3739);
#2537=LINE('',#16292,#3740);
#2538=LINE('',#16295,#3741);
#2539=LINE('',#16296,#3742);
#2540=LINE('',#16299,#3743);
#2541=LINE('',#16300,#3744);
#2542=LINE('',#16303,#3745);
#2543=LINE('',#16304,#3746);
#2544=LINE('',#16306,#3747);
#2545=LINE('',#16309,#3748);
#2546=LINE('',#16311,#3749);
#2547=LINE('',#16312,#3750);
#2548=LINE('',#16319,#3751);
#2549=LINE('',#16321,#3752);
#2550=LINE('',#16322,#3753);
#2551=LINE('',#16325,#3754);
#2552=LINE('',#16327,#3755);
#2553=LINE('',#16328,#3756);
#2554=LINE('',#16331,#3757);
#2555=LINE('',#16333,#3758);
#2556=LINE('',#16335,#3759);
#2557=LINE('',#16336,#3760);
#2558=LINE('',#16339,#3761);
#2559=LINE('',#16340,#3762);
#2560=LINE('',#16343,#3763);
#2561=LINE('',#16344,#3764);
#2562=LINE('',#16347,#3765);
#2563=LINE('',#16348,#3766);
#2564=LINE('',#16351,#3767);
#2565=LINE('',#16352,#3768);
#2566=LINE('',#16354,#3769);
#2567=LINE('',#16356,#3770);
#2568=LINE('',#16358,#3771);
#2569=LINE('',#16360,#3772);
#2570=LINE('',#16362,#3773);
#2571=LINE('',#16364,#3774);
#2572=LINE('',#16366,#3775);
#2573=LINE('',#16368,#3776);
#2574=LINE('',#16370,#3777);
#2575=LINE('',#16372,#3778);
#2576=LINE('',#16374,#3779);
#2577=LINE('',#16376,#3780);
#2578=LINE('',#16378,#3781);
#2579=LINE('',#16380,#3782);
#2580=LINE('',#16382,#3783);
#2581=LINE('',#16384,#3784);
#2582=LINE('',#16386,#3785);
#2583=LINE('',#16388,#3786);
#2584=LINE('',#16390,#3787);
#2585=LINE('',#16392,#3788);
#2586=LINE('',#16394,#3789);
#2587=LINE('',#16396,#3790);
#2588=LINE('',#16398,#3791);
#2589=LINE('',#16400,#3792);
#2590=LINE('',#16402,#3793);
#2591=LINE('',#16404,#3794);
#2592=LINE('',#16406,#3795);
#2593=LINE('',#16408,#3796);
#2594=LINE('',#16410,#3797);
#2595=LINE('',#16412,#3798);
#2596=LINE('',#16414,#3799);
#2597=LINE('',#16416,#3800);
#2598=LINE('',#16418,#3801);
#2599=LINE('',#16420,#3802);
#2600=LINE('',#16422,#3803);
#2601=LINE('',#16424,#3804);
#2602=LINE('',#16425,#3805);
#2603=LINE('',#16430,#3806);
#2604=LINE('',#16431,#3807);
#2605=LINE('',#16433,#3808);
#2606=LINE('',#16435,#3809);
#2607=LINE('',#16437,#3810);
#2608=LINE('',#16439,#3811);
#2609=LINE('',#16440,#3812);
#2610=LINE('',#16442,#3813);
#2611=LINE('',#16444,#3814);
#2612=LINE('',#16447,#3815);
#2613=LINE('',#16448,#3816);
#2614=LINE('',#16450,#3817);
#2615=LINE('',#16451,#3818);
#2616=LINE('',#16453,#3819);
#2617=LINE('',#16454,#3820);
#2618=LINE('',#16456,#3821);
#2619=LINE('',#16457,#3822);
#2620=LINE('',#16459,#3823);
#2621=LINE('',#16460,#3824);
#2622=LINE('',#16462,#3825);
#2623=LINE('',#16463,#3826);
#2624=LINE('',#16465,#3827);
#2625=LINE('',#16466,#3828);
#2626=LINE('',#16468,#3829);
#2627=LINE('',#16470,#3830);
#2628=LINE('',#16472,#3831);
#2629=LINE('',#16475,#3832);
#2630=LINE('',#16477,#3833);
#2631=LINE('',#16480,#3834);
#2632=LINE('',#16482,#3835);
#2633=LINE('',#16485,#3836);
#2634=LINE('',#16487,#3837);
#2635=LINE('',#16490,#3838);
#2636=LINE('',#16492,#3839);
#2637=LINE('',#16495,#3840);
#2638=LINE('',#16497,#3841);
#2639=LINE('',#16500,#3842);
#2640=LINE('',#16502,#3843);
#2641=LINE('',#16505,#3844);
#2642=LINE('',#16507,#3845);
#2643=LINE('',#16510,#3846);
#2644=LINE('',#16512,#3847);
#2645=LINE('',#16515,#3848);
#2646=LINE('',#16516,#3849);
#2647=LINE('',#16518,#3850);
#2648=VECTOR('',#10591,10.);
#2649=VECTOR('',#10592,10.);
#2650=VECTOR('',#10593,10.);
#2651=VECTOR('',#10594,10.);
#2652=VECTOR('',#10595,10.);
#2653=VECTOR('',#10598,10.);
#2654=VECTOR('',#10599,10.);
#2655=VECTOR('',#10600,10.);
#2656=VECTOR('',#10601,10.);
#2657=VECTOR('',#10604,10.);
#2658=VECTOR('',#10605,10.);
#2659=VECTOR('',#10606,10.);
#2660=VECTOR('',#10607,10.);
#2661=VECTOR('',#10608,10.);
#2662=VECTOR('',#10609,10.);
#2663=VECTOR('',#10610,10.);
#2664=VECTOR('',#10611,10.);
#2665=VECTOR('',#10612,10.);
#2666=VECTOR('',#10613,10.);
#2667=VECTOR('',#10614,10.);
#2668=VECTOR('',#10617,10.);
#2669=VECTOR('',#10618,10.);
#2670=VECTOR('',#10619,10.);
#2671=VECTOR('',#10620,10.);
#2672=VECTOR('',#10623,10.);
#2673=VECTOR('',#10624,10.);
#2674=VECTOR('',#10625,10.);
#2675=VECTOR('',#10628,10.);
#2676=VECTOR('',#10631,10.);
#2677=VECTOR('',#10634,10.);
#2678=VECTOR('',#10637,10.);
#2679=VECTOR('',#10640,10.);
#2680=VECTOR('',#10643,10.);
#2681=VECTOR('',#10646,10.);
#2682=VECTOR('',#10649,10.);
#2683=VECTOR('',#10652,10.);
#2684=VECTOR('',#10655,10.);
#2685=VECTOR('',#10658,10.);
#2686=VECTOR('',#10661,10.);
#2687=VECTOR('',#10662,10.);
#2688=VECTOR('',#10663,10.);
#2689=VECTOR('',#10666,10.);
#2690=VECTOR('',#10667,10.);
#2691=VECTOR('',#10668,10.);
#2692=VECTOR('',#10671,10.);
#2693=VECTOR('',#10672,10.);
#2694=VECTOR('',#10673,10.);
#2695=VECTOR('',#10674,10.);
#2696=VECTOR('',#10675,10.);
#2697=VECTOR('',#10676,10.);
#2698=VECTOR('',#10677,10.);
#2699=VECTOR('',#10678,10.);
#2700=VECTOR('',#10681,10.);
#2701=VECTOR('',#10684,10.);
#2702=VECTOR('',#10687,10.);
#2703=VECTOR('',#10690,10.);
#2704=VECTOR('',#10693,10.);
#2705=VECTOR('',#10694,10.);
#2706=VECTOR('',#10695,10.);
#2707=VECTOR('',#10696,10.);
#2708=VECTOR('',#10699,10.);
#2709=VECTOR('',#10700,10.);
#2710=VECTOR('',#10701,10.);
#2711=VECTOR('',#10702,10.);
#2712=VECTOR('',#10705,10.);
#2713=VECTOR('',#10706,10.);
#2714=VECTOR('',#10707,10.);
#2715=VECTOR('',#10708,10.);
#2716=VECTOR('',#10709,10.);
#2717=VECTOR('',#10710,10.);
#2718=VECTOR('',#10711,10.);
#2719=VECTOR('',#10712,10.);
#2720=VECTOR('',#10715,10.);
#2721=VECTOR('',#10716,10.);
#2722=VECTOR('',#10717,10.);
#2723=VECTOR('',#10720,10.);
#2724=VECTOR('',#10721,10.);
#2725=VECTOR('',#10722,10.);
#2726=VECTOR('',#10725,10.);
#2727=VECTOR('',#10728,10.);
#2728=VECTOR('',#10731,10.);
#2729=VECTOR('',#10734,10.);
#2730=VECTOR('',#10737,10.);
#2731=VECTOR('',#10740,10.);
#2732=VECTOR('',#10741,10.);
#2733=VECTOR('',#10742,10.);
#2734=VECTOR('',#10743,10.);
#2735=VECTOR('',#10744,10.);
#2736=VECTOR('',#10747,10.);
#2737=VECTOR('',#10752,10.);
#2738=VECTOR('',#10753,10.);
#2739=VECTOR('',#10754,10.);
#2740=VECTOR('',#10757,10.);
#2741=VECTOR('',#10758,10.);
#2742=VECTOR('',#10759,10.);
#2743=VECTOR('',#10760,10.);
#2744=VECTOR('',#10763,10.);
#2745=VECTOR('',#10764,10.);
#2746=VECTOR('',#10769,10.);
#2747=VECTOR('',#10772,10.);
#2748=VECTOR('',#10773,10.);
#2749=VECTOR('',#10774,10.);
#2750=VECTOR('',#10775,10.);
#2751=VECTOR('',#10778,10.);
#2752=VECTOR('',#10779,10.);
#2753=VECTOR('',#10782,10.);
#2754=VECTOR('',#10789,10.);
#2755=VECTOR('',#10792,10.);
#2756=VECTOR('',#10793,10.);
#2757=VECTOR('',#10796,10.);
#2758=VECTOR('',#10797,10.);
#2759=VECTOR('',#10798,10.);
#2760=VECTOR('',#10799,10.);
#2761=VECTOR('',#10800,10.);
#2762=VECTOR('',#10801,10.);
#2763=VECTOR('',#10802,10.);
#2764=VECTOR('',#10803,10.);
#2765=VECTOR('',#10804,10.);
#2766=VECTOR('',#10805,10.);
#2767=VECTOR('',#10806,10.);
#2768=VECTOR('',#10807,10.);
#2769=VECTOR('',#10808,10.);
#2770=VECTOR('',#10809,10.);
#2771=VECTOR('',#10810,10.);
#2772=VECTOR('',#10811,10.);
#2773=VECTOR('',#10812,10.);
#2774=VECTOR('',#10813,10.);
#2775=VECTOR('',#10814,10.);
#2776=VECTOR('',#10815,10.);
#2777=VECTOR('',#10816,10.);
#2778=VECTOR('',#10817,10.);
#2779=VECTOR('',#10818,10.);
#2780=VECTOR('',#10819,10.);
#2781=VECTOR('',#10820,10.);
#2782=VECTOR('',#10821,10.);
#2783=VECTOR('',#10822,10.);
#2784=VECTOR('',#10823,10.);
#2785=VECTOR('',#10824,10.);
#2786=VECTOR('',#10825,10.);
#2787=VECTOR('',#10826,10.);
#2788=VECTOR('',#10827,10.);
#2789=VECTOR('',#10828,10.);
#2790=VECTOR('',#10829,10.);
#2791=VECTOR('',#10830,10.);
#2792=VECTOR('',#10831,10.);
#2793=VECTOR('',#10832,10.);
#2794=VECTOR('',#10833,10.);
#2795=VECTOR('',#10834,10.);
#2796=VECTOR('',#10835,10.);
#2797=VECTOR('',#10836,10.);
#2798=VECTOR('',#10837,10.);
#2799=VECTOR('',#10838,10.);
#2800=VECTOR('',#10839,10.);
#2801=VECTOR('',#10840,10.);
#2802=VECTOR('',#10841,10.);
#2803=VECTOR('',#10842,10.);
#2804=VECTOR('',#10843,10.);
#2805=VECTOR('',#10844,10.);
#2806=VECTOR('',#10845,10.);
#2807=VECTOR('',#10846,10.);
#2808=VECTOR('',#10847,10.);
#2809=VECTOR('',#10848,10.);
#2810=VECTOR('',#10849,10.);
#2811=VECTOR('',#10850,10.);
#2812=VECTOR('',#10853,10.);
#2813=VECTOR('',#10854,10.);
#2814=VECTOR('',#10859,10.);
#2815=VECTOR('',#10860,10.);
#2816=VECTOR('',#10863,10.);
#2817=VECTOR('',#10864,10.);
#2818=VECTOR('',#10867,10.);
#2819=VECTOR('',#10868,10.);
#2820=VECTOR('',#10869,10.);
#2821=VECTOR('',#10872,10.);
#2822=VECTOR('',#10877,10.);
#2823=VECTOR('',#10878,10.);
#2824=VECTOR('',#10879,10.);
#2825=VECTOR('',#10880,10.);
#2826=VECTOR('',#10887,10.);
#2827=VECTOR('',#10888,10.);
#2828=VECTOR('',#10893,10.);
#2829=VECTOR('',#10900,10.);
#2830=VECTOR('',#10901,10.);
#2831=VECTOR('',#10902,10.);
#2832=VECTOR('',#10905,10.);
#2833=VECTOR('',#10906,10.);
#2834=VECTOR('',#10907,10.);
#2835=VECTOR('',#10908,10.);
#2836=VECTOR('',#10909,10.);
#2837=VECTOR('',#10912,10.);
#2838=VECTOR('',#10913,10.);
#2839=VECTOR('',#10916,10.);
#2840=VECTOR('',#10917,10.);
#2841=VECTOR('',#10918,10.);
#2842=VECTOR('',#10921,10.);
#2843=VECTOR('',#10922,10.);
#2844=VECTOR('',#10923,10.);
#2845=VECTOR('',#10924,10.);
#2846=VECTOR('',#10925,10.);
#2847=VECTOR('',#10926,10.);
#2848=VECTOR('',#10927,10.);
#2849=VECTOR('',#10928,10.);
#2850=VECTOR('',#10929,10.);
#2851=VECTOR('',#10930,10.);
#2852=VECTOR('',#10931,10.);
#2853=VECTOR('',#10932,10.);
#2854=VECTOR('',#10935,10.);
#2855=VECTOR('',#10938,10.);
#2856=VECTOR('',#10941,10.);
#2857=VECTOR('',#10944,10.);
#2858=VECTOR('',#10949,10.);
#2859=VECTOR('',#10952,10.);
#2860=VECTOR('',#10953,10.);
#2861=VECTOR('',#10954,10.);
#2862=VECTOR('',#10955,10.);
#2863=VECTOR('',#10960,10.);
#2864=VECTOR('',#10975,10.);
#2865=VECTOR('',#10978,10.);
#2866=VECTOR('',#10979,10.);
#2867=VECTOR('',#10984,10.);
#2868=VECTOR('',#10987,10.);
#2869=VECTOR('',#10990,10.);
#2870=VECTOR('',#10991,10.);
#2871=VECTOR('',#10992,10.);
#2872=VECTOR('',#10997,10.);
#2873=VECTOR('',#10998,10.);
#2874=VECTOR('',#11001,10.);
#2875=VECTOR('',#11002,10.);
#2876=VECTOR('',#11007,10.);
#2877=VECTOR('',#11010,10.);
#2878=VECTOR('',#11015,10.);
#2879=VECTOR('',#11018,10.);
#2880=VECTOR('',#11023,10.);
#2881=VECTOR('',#11024,10.);
#2882=VECTOR('',#11025,10.);
#2883=VECTOR('',#11028,10.);
#2884=VECTOR('',#11029,10.);
#2885=VECTOR('',#11030,10.);
#2886=VECTOR('',#11033,10.);
#2887=VECTOR('',#11038,10.);
#2888=VECTOR('',#11039,10.);
#2889=VECTOR('',#11046,10.);
#2890=VECTOR('',#11047,10.);
#2891=VECTOR('',#11048,10.);
#2892=VECTOR('',#11049,10.);
#2893=VECTOR('',#11050,10.);
#2894=VECTOR('',#11051,10.);
#2895=VECTOR('',#11054,10.);
#2896=VECTOR('',#11055,10.);
#2897=VECTOR('',#11058,10.);
#2898=VECTOR('',#11061,10.);
#2899=VECTOR('',#11064,10.);
#2900=VECTOR('',#11065,10.);
#2901=VECTOR('',#11068,10.);
#2902=VECTOR('',#11069,10.);
#2903=VECTOR('',#11072,10.);
#2904=VECTOR('',#11073,10.);
#2905=VECTOR('',#11078,10.);
#2906=VECTOR('',#11079,10.);
#2907=VECTOR('',#11080,10.);
#2908=VECTOR('',#11081,10.);
#2909=VECTOR('',#11082,10.);
#2910=VECTOR('',#11083,10.);
#2911=VECTOR('',#11084,10.);
#2912=VECTOR('',#11085,10.);
#2913=VECTOR('',#11086,10.);
#2914=VECTOR('',#11087,10.);
#2915=VECTOR('',#11088,10.);
#2916=VECTOR('',#11089,10.);
#2917=VECTOR('',#11092,10.);
#2918=VECTOR('',#11095,10.);
#2919=VECTOR('',#11098,10.);
#2920=VECTOR('',#11101,10.);
#2921=VECTOR('',#11102,10.);
#2922=VECTOR('',#11103,10.);
#2923=VECTOR('',#11104,10.);
#2924=VECTOR('',#11107,10.);
#2925=VECTOR('',#11108,10.);
#2926=VECTOR('',#11111,10.);
#2927=VECTOR('',#11118,10.);
#2928=VECTOR('',#11123,10.);
#2929=VECTOR('',#11124,10.);
#2930=VECTOR('',#11125,10.);
#2931=VECTOR('',#11128,10.);
#2932=VECTOR('',#11129,10.);
#2933=VECTOR('',#11132,10.);
#2934=VECTOR('',#11133,10.);
#2935=VECTOR('',#11144,10.);
#2936=VECTOR('',#11149,10.);
#2937=VECTOR('',#11160,10.);
#2938=VECTOR('',#11163,10.);
#2939=VECTOR('',#11166,10.);
#2940=VECTOR('',#11167,10.);
#2941=VECTOR('',#11170,10.);
#2942=VECTOR('',#11173,10.);
#2943=VECTOR('',#11174,10.);
#2944=VECTOR('',#11177,10.);
#2945=VECTOR('',#11178,10.);
#2946=VECTOR('',#11181,10.);
#2947=VECTOR('',#11184,10.);
#2948=VECTOR('',#11189,10.);
#2949=VECTOR('',#11192,10.);
#2950=VECTOR('',#11199,10.);
#2951=VECTOR('',#11202,10.);
#2952=VECTOR('',#11205,10.);
#2953=VECTOR('',#11208,10.);
#2954=VECTOR('',#11209,10.);
#2955=VECTOR('',#11218,10.);
#2956=VECTOR('',#11221,10.);
#2957=VECTOR('',#11224,10.);
#2958=VECTOR('',#11225,10.);
#2959=VECTOR('',#11228,10.);
#2960=VECTOR('',#11231,10.);
#2961=VECTOR('',#11242,10.);
#2962=VECTOR('',#11245,10.);
#2963=VECTOR('',#11248,10.);
#2964=VECTOR('',#11249,10.);
#2965=VECTOR('',#11252,10.);
#2966=VECTOR('',#11255,10.);
#2967=VECTOR('',#11256,10.);
#2968=VECTOR('',#11259,10.);
#2969=VECTOR('',#11262,10.);
#2970=VECTOR('',#11263,10.);
#2971=VECTOR('',#11266,10.);
#2972=VECTOR('',#11269,10.);
#2973=VECTOR('',#11274,10.);
#2974=VECTOR('',#11277,10.);
#2975=VECTOR('',#11280,10.);
#2976=VECTOR('',#11281,10.);
#2977=VECTOR('',#11290,10.);
#2978=VECTOR('',#11293,10.);
#2979=VECTOR('',#11296,10.);
#2980=VECTOR('',#11297,10.);
#2981=VECTOR('',#11300,10.);
#2982=VECTOR('',#11303,10.);
#2983=VECTOR('',#11310,10.);
#2984=VECTOR('',#11311,10.);
#2985=VECTOR('',#11312,10.);
#2986=VECTOR('',#11315,10.);
#2987=VECTOR('',#11316,10.);
#2988=VECTOR('',#11319,10.);
#2989=VECTOR('',#11320,10.);
#2990=VECTOR('',#11321,10.);
#2991=VECTOR('',#11332,9.00000000000001);
#2992=VECTOR('',#11335,10.);
#2993=VECTOR('',#11338,10.);
#2994=VECTOR('',#11345,10.);
#2995=VECTOR('',#11346,10.);
#2996=VECTOR('',#11347,10.);
#2997=VECTOR('',#11348,10.);
#2998=VECTOR('',#11349,10.);
#2999=VECTOR('',#11350,10.);
#3000=VECTOR('',#11351,10.);
#3001=VECTOR('',#11352,10.);
#3002=VECTOR('',#11355,10.);
#3003=VECTOR('',#11358,10.);
#3004=VECTOR('',#11361,10.);
#3005=VECTOR('',#11364,10.);
#3006=VECTOR('',#11367,10.);
#3007=VECTOR('',#11370,10.);
#3008=VECTOR('',#11371,10.);
#3009=VECTOR('',#11374,10.);
#3010=VECTOR('',#11379,10.);
#3011=VECTOR('',#11382,10.);
#3012=VECTOR('',#11385,10.);
#3013=VECTOR('',#11386,10.);
#3014=VECTOR('',#11387,10.);
#3015=VECTOR('',#11388,10.);
#3016=VECTOR('',#11391,10.);
#3017=VECTOR('',#11392,10.);
#3018=VECTOR('',#11393,10.);
#3019=VECTOR('',#11396,10.);
#3020=VECTOR('',#11397,10.);
#3021=VECTOR('',#11398,10.);
#3022=VECTOR('',#11401,10.);
#3023=VECTOR('',#11402,10.);
#3024=VECTOR('',#11405,10.);
#3025=VECTOR('',#11406,10.);
#3026=VECTOR('',#11407,10.);
#3027=VECTOR('',#11410,10.);
#3028=VECTOR('',#11411,10.);
#3029=VECTOR('',#11412,10.);
#3030=VECTOR('',#11413,10.);
#3031=VECTOR('',#11414,10.);
#3032=VECTOR('',#11415,10.);
#3033=VECTOR('',#11416,10.);
#3034=VECTOR('',#11417,10.);
#3035=VECTOR('',#11418,10.);
#3036=VECTOR('',#11419,10.);
#3037=VECTOR('',#11420,10.);
#3038=VECTOR('',#11421,10.);
#3039=VECTOR('',#11426,10.);
#3040=VECTOR('',#11427,10.);
#3041=VECTOR('',#11428,10.);
#3042=VECTOR('',#11431,10.);
#3043=VECTOR('',#11432,10.);
#3044=VECTOR('',#11433,10.);
#3045=VECTOR('',#11436,10.);
#3046=VECTOR('',#11437,10.);
#3047=VECTOR('',#11438,10.);
#3048=VECTOR('',#11441,10.);
#3049=VECTOR('',#11442,10.);
#3050=VECTOR('',#11445,10.);
#3051=VECTOR('',#11446,10.);
#3052=VECTOR('',#11451,10.);
#3053=VECTOR('',#11452,10.);
#3054=VECTOR('',#11453,10.);
#3055=VECTOR('',#11454,10.);
#3056=VECTOR('',#11455,10.);
#3057=VECTOR('',#11458,10.);
#3058=VECTOR('',#11459,10.);
#3059=VECTOR('',#11462,10.);
#3060=VECTOR('',#11463,10.);
#3061=VECTOR('',#11464,10.);
#3062=VECTOR('',#11467,10.);
#3063=VECTOR('',#11468,10.);
#3064=VECTOR('',#11469,10.);
#3065=VECTOR('',#11470,10.);
#3066=VECTOR('',#11473,10.);
#3067=VECTOR('',#11474,10.);
#3068=VECTOR('',#11475,10.);
#3069=VECTOR('',#11478,10.);
#3070=VECTOR('',#11479,10.);
#3071=VECTOR('',#11480,10.);
#3072=VECTOR('',#11483,10.);
#3073=VECTOR('',#11484,10.);
#3074=VECTOR('',#11487,10.);
#3075=VECTOR('',#11488,10.);
#3076=VECTOR('',#11491,10.);
#3077=VECTOR('',#11492,10.);
#3078=VECTOR('',#11495,10.);
#3079=VECTOR('',#11496,10.);
#3080=VECTOR('',#11497,10.);
#3081=VECTOR('',#11498,10.);
#3082=VECTOR('',#11501,10.);
#3083=VECTOR('',#11502,10.);
#3084=VECTOR('',#11505,10.);
#3085=VECTOR('',#11506,10.);
#3086=VECTOR('',#11507,10.);
#3087=VECTOR('',#11508,10.);
#3088=VECTOR('',#11511,10.);
#3089=VECTOR('',#11514,10.);
#3090=VECTOR('',#11527,10.);
#3091=VECTOR('',#11528,10.);
#3092=VECTOR('',#11529,10.);
#3093=VECTOR('',#11532,10.);
#3094=VECTOR('',#11533,10.);
#3095=VECTOR('',#11536,10.);
#3096=VECTOR('',#11537,10.);
#3097=VECTOR('',#11538,10.);
#3098=VECTOR('',#11541,10.);
#3099=VECTOR('',#11542,10.);
#3100=VECTOR('',#11545,10.);
#3101=VECTOR('',#11548,10.);
#3102=VECTOR('',#11549,10.);
#3103=VECTOR('',#11550,10.);
#3104=VECTOR('',#11553,10.);
#3105=VECTOR('',#11554,10.);
#3106=VECTOR('',#11557,10.);
#3107=VECTOR('',#11558,10.);
#3108=VECTOR('',#11561,10.);
#3109=VECTOR('',#11562,10.);
#3110=VECTOR('',#11565,10.);
#3111=VECTOR('',#11568,10.);
#3112=VECTOR('',#11569,10.);
#3113=VECTOR('',#11570,10.);
#3114=VECTOR('',#11573,10.);
#3115=VECTOR('',#11574,10.);
#3116=VECTOR('',#11575,10.);
#3117=VECTOR('',#11576,10.);
#3118=VECTOR('',#11577,21.3339694804931);
#3119=VECTOR('',#11578,10.);
#3120=VECTOR('',#11579,21.5031507017132);
#3121=VECTOR('',#11580,9.19510722124062);
#3122=VECTOR('',#11581,9.19510722124062);
#3123=VECTOR('',#11582,10.);
#3124=VECTOR('',#11583,10.);
#3125=VECTOR('',#11586,8.05000000000001);
#3126=VECTOR('',#11589,10.);
#3127=VECTOR('',#11592,10.);
#3128=VECTOR('',#11595,10.);
#3129=VECTOR('',#11598,10.);
#3130=VECTOR('',#11603,10.);
#3131=VECTOR('',#11604,10.);
#3132=VECTOR('',#11605,10.);
#3133=VECTOR('',#11606,10.);
#3134=VECTOR('',#11607,10.);
#3135=VECTOR('',#11608,10.);
#3136=VECTOR('',#11621,10.);
#3137=VECTOR('',#11622,10.);
#3138=VECTOR('',#11623,10.);
#3139=VECTOR('',#11626,10.);
#3140=VECTOR('',#11627,10.);
#3141=VECTOR('',#11628,10.);
#3142=VECTOR('',#11629,10.);
#3143=VECTOR('',#11630,10.);
#3144=VECTOR('',#11633,10.);
#3145=VECTOR('',#11634,10.);
#3146=VECTOR('',#11635,10.);
#3147=VECTOR('',#11638,10.);
#3148=VECTOR('',#11639,10.);
#3149=VECTOR('',#11640,10.);
#3150=VECTOR('',#11643,10.);
#3151=VECTOR('',#11644,10.);
#3152=VECTOR('',#11647,10.);
#3153=VECTOR('',#11648,10.);
#3154=VECTOR('',#11651,10.);
#3155=VECTOR('',#11652,10.);
#3156=VECTOR('',#11653,10.);
#3157=VECTOR('',#11654,10.);
#3158=VECTOR('',#11655,10.);
#3159=VECTOR('',#11656,10.);
#3160=VECTOR('',#11657,10.);
#3161=VECTOR('',#11658,10.);
#3162=VECTOR('',#11667,10.);
#3163=VECTOR('',#11670,10.);
#3164=VECTOR('',#11673,10.);
#3165=VECTOR('',#11676,10.);
#3166=VECTOR('',#11679,1.);
#3167=VECTOR('',#11684,1.);
#3168=VECTOR('',#11693,10.);
#3169=VECTOR('',#11694,10.);
#3170=VECTOR('',#11695,10.);
#3171=VECTOR('',#11698,10.);
#3172=VECTOR('',#11699,10.);
#3173=VECTOR('',#11702,10.);
#3174=VECTOR('',#11703,10.);
#3175=VECTOR('',#11706,10.);
#3176=VECTOR('',#11707,10.);
#3177=VECTOR('',#11710,10.);
#3178=VECTOR('',#11711,10.);
#3179=VECTOR('',#11714,10.);
#3180=VECTOR('',#11717,10.);
#3181=VECTOR('',#11718,10.);
#3182=VECTOR('',#11721,10.);
#3183=VECTOR('',#11722,10.);
#3184=VECTOR('',#11723,10.);
#3185=VECTOR('',#11726,10.);
#3186=VECTOR('',#11727,10.);
#3187=VECTOR('',#11728,10.);
#3188=VECTOR('',#11729,10.);
#3189=VECTOR('',#11730,10.);
#3190=VECTOR('',#11731,10.);
#3191=VECTOR('',#11732,10.);
#3192=VECTOR('',#11733,10.);
#3193=VECTOR('',#11734,10.);
#3194=VECTOR('',#11757,10.);
#3195=VECTOR('',#11760,10.);
#3196=VECTOR('',#11767,10.);
#3197=VECTOR('',#11768,10.);
#3198=VECTOR('',#11769,10.);
#3199=VECTOR('',#11770,10.);
#3200=VECTOR('',#11773,10.);
#3201=VECTOR('',#11774,10.);
#3202=VECTOR('',#11777,10.);
#3203=VECTOR('',#11778,10.);
#3204=VECTOR('',#11779,9.4362835800626);
#3205=VECTOR('',#11780,9.4362835800626);
#3206=VECTOR('',#11783,10.);
#3207=VECTOR('',#11784,10.);
#3208=VECTOR('',#11785,10.);
#3209=VECTOR('',#11786,10.);
#3210=VECTOR('',#11791,10.);
#3211=VECTOR('',#11792,10.);
#3212=VECTOR('',#11793,10.);
#3213=VECTOR('',#11824,1.75);
#3214=VECTOR('',#11829,1.75);
#3215=VECTOR('',#11834,1.05);
#3216=VECTOR('',#11837,1.75);
#3217=VECTOR('',#11842,1.);
#3218=VECTOR('',#11845,10.);
#3219=VECTOR('',#11846,10.);
#3220=VECTOR('',#11851,1.75);
#3221=VECTOR('',#11856,1.05);
#3222=VECTOR('',#11875,0.799999999999983);
#3223=VECTOR('',#11878,0.799999999999983);
#3224=VECTOR('',#11881,1.8);
#3225=VECTOR('',#11884,1.8);
#3226=VECTOR('',#11887,1.8);
#3227=VECTOR('',#11890,0.799999999999983);
#3228=VECTOR('',#11893,1.8);
#3229=VECTOR('',#11896,0.799999999999983);
#3230=VECTOR('',#11899,3.00000000000004);
#3231=VECTOR('',#11902,10.);
#3232=VECTOR('',#11903,10.);
#3233=VECTOR('',#11906,10.);
#3234=VECTOR('',#11911,10.);
#3235=VECTOR('',#11914,10.);
#3236=VECTOR('',#11917,10.);
#3237=VECTOR('',#11920,10.);
#3238=VECTOR('',#11923,10.);
#3239=VECTOR('',#11926,10.);
#3240=VECTOR('',#11929,10.);
#3241=VECTOR('',#11932,10.);
#3242=VECTOR('',#11935,10.);
#3243=VECTOR('',#11942,10.);
#3244=VECTOR('',#11943,10.);
#3245=VECTOR('',#11944,10.);
#3246=VECTOR('',#11945,10.);
#3247=VECTOR('',#11946,10.);
#3248=VECTOR('',#11947,10.);
#3249=VECTOR('',#11950,10.);
#3250=VECTOR('',#11951,10.);
#3251=VECTOR('',#11952,10.);
#3252=VECTOR('',#11955,10.);
#3253=VECTOR('',#11960,10.);
#3254=VECTOR('',#11961,10.);
#3255=VECTOR('',#11966,10.);
#3256=VECTOR('',#11967,10.);
#3257=VECTOR('',#11968,10.);
#3258=VECTOR('',#11971,10.);
#3259=VECTOR('',#11972,10.);
#3260=VECTOR('',#11975,10.);
#3261=VECTOR('',#11976,10.);
#3262=VECTOR('',#11979,10.);
#3263=VECTOR('',#11980,10.);
#3264=VECTOR('',#11981,10.);
#3265=VECTOR('',#11984,10.);
#3266=VECTOR('',#11987,10.);
#3267=VECTOR('',#11990,10.);
#3268=VECTOR('',#11991,10.);
#3269=VECTOR('',#11994,10.);
#3270=VECTOR('',#11999,10.);
#3271=VECTOR('',#12000,10.);
#3272=VECTOR('',#12003,10.);
#3273=VECTOR('',#12004,10.);
#3274=VECTOR('',#12007,10.);
#3275=VECTOR('',#12014,1.8);
#3276=VECTOR('',#12019,1.8);
#3277=VECTOR('',#12022,10.);
#3278=VECTOR('',#12027,10.);
#3279=VECTOR('',#12028,10.);
#3280=VECTOR('',#12029,10.);
#3281=VECTOR('',#12030,10.);
#3282=VECTOR('',#12033,10.);
#3283=VECTOR('',#12036,10.);
#3284=VECTOR('',#12041,10.);
#3285=VECTOR('',#12044,10.);
#3286=VECTOR('',#12047,10.);
#3287=VECTOR('',#12050,10.);
#3288=VECTOR('',#12053,10.);
#3289=VECTOR('',#12056,10.);
#3290=VECTOR('',#12059,10.);
#3291=VECTOR('',#12062,10.);
#3292=VECTOR('',#12065,10.);
#3293=VECTOR('',#12068,10.);
#3294=VECTOR('',#12073,10.);
#3295=VECTOR('',#12076,10.);
#3296=VECTOR('',#12079,10.);
#3297=VECTOR('',#12082,10.);
#3298=VECTOR('',#12085,10.);
#3299=VECTOR('',#12088,10.);
#3300=VECTOR('',#12089,10.);
#3301=VECTOR('',#12092,10.);
#3302=VECTOR('',#12097,10.);
#3303=VECTOR('',#12100,10.);
#3304=VECTOR('',#12107,10.);
#3305=VECTOR('',#12108,10.);
#3306=VECTOR('',#12111,10.);
#3307=VECTOR('',#12114,10.);
#3308=VECTOR('',#12119,10.);
#3309=VECTOR('',#12120,10.);
#3310=VECTOR('',#12123,10.);
#3311=VECTOR('',#12126,10.);
#3312=VECTOR('',#12131,10.);
#3313=VECTOR('',#12132,10.);
#3314=VECTOR('',#12135,10.);
#3315=VECTOR('',#12138,10.);
#3316=VECTOR('',#12143,10.);
#3317=VECTOR('',#12144,10.);
#3318=VECTOR('',#12147,10.);
#3319=VECTOR('',#12150,10.);
#3320=VECTOR('',#12155,10.);
#3321=VECTOR('',#12156,10.);
#3322=VECTOR('',#12159,10.);
#3323=VECTOR('',#12162,10.);
#3324=VECTOR('',#12167,10.);
#3325=VECTOR('',#12168,10.);
#3326=VECTOR('',#12171,10.);
#3327=VECTOR('',#12174,10.);
#3328=VECTOR('',#12179,10.);
#3329=VECTOR('',#12180,10.);
#3330=VECTOR('',#12183,10.);
#3331=VECTOR('',#12186,10.);
#3332=VECTOR('',#12191,10.);
#3333=VECTOR('',#12192,10.);
#3334=VECTOR('',#12195,10.);
#3335=VECTOR('',#12198,10.);
#3336=VECTOR('',#12203,10.);
#3337=VECTOR('',#12204,10.);
#3338=VECTOR('',#12207,10.);
#3339=VECTOR('',#12210,10.);
#3340=VECTOR('',#12215,10.);
#3341=VECTOR('',#12216,10.);
#3342=VECTOR('',#12219,10.);
#3343=VECTOR('',#12222,10.);
#3344=VECTOR('',#12227,10.);
#3345=VECTOR('',#12230,10.);
#3346=VECTOR('',#12237,10.);
#3347=VECTOR('',#12240,10.);
#3348=VECTOR('',#12243,10.);
#3349=VECTOR('',#12248,10.);
#3350=VECTOR('',#12249,10.);
#3351=VECTOR('',#12250,10.);
#3352=VECTOR('',#12251,10.);
#3353=VECTOR('',#12254,10.);
#3354=VECTOR('',#12255,10.);
#3355=VECTOR('',#12256,10.);
#3356=VECTOR('',#12257,10.);
#3357=VECTOR('',#12258,10.);
#3358=VECTOR('',#12259,10.);
#3359=VECTOR('',#12260,10.);
#3360=VECTOR('',#12261,10.);
#3361=VECTOR('',#12262,10.);
#3362=VECTOR('',#12263,10.);
#3363=VECTOR('',#12264,10.);
#3364=VECTOR('',#12265,10.);
#3365=VECTOR('',#12266,10.);
#3366=VECTOR('',#12267,10.);
#3367=VECTOR('',#12268,10.);
#3368=VECTOR('',#12269,10.);
#3369=VECTOR('',#12270,10.);
#3370=VECTOR('',#12271,10.);
#3371=VECTOR('',#12272,10.);
#3372=VECTOR('',#12273,10.);
#3373=VECTOR('',#12274,10.);
#3374=VECTOR('',#12275,10.);
#3375=VECTOR('',#12276,10.);
#3376=VECTOR('',#12277,10.);
#3377=VECTOR('',#12278,10.);
#3378=VECTOR('',#12279,10.);
#3379=VECTOR('',#12280,10.);
#3380=VECTOR('',#12281,10.);
#3381=VECTOR('',#12282,10.);
#3382=VECTOR('',#12283,10.);
#3383=VECTOR('',#12284,10.);
#3384=VECTOR('',#12285,10.);
#3385=VECTOR('',#12286,10.);
#3386=VECTOR('',#12287,10.);
#3387=VECTOR('',#12288,10.);
#3388=VECTOR('',#12289,10.);
#3389=VECTOR('',#12290,10.);
#3390=VECTOR('',#12291,10.);
#3391=VECTOR('',#12292,10.);
#3392=VECTOR('',#12293,10.);
#3393=VECTOR('',#12294,10.);
#3394=VECTOR('',#12295,10.);
#3395=VECTOR('',#12296,10.);
#3396=VECTOR('',#12297,10.);
#3397=VECTOR('',#12298,10.);
#3398=VECTOR('',#12299,10.);
#3399=VECTOR('',#12300,10.);
#3400=VECTOR('',#12301,10.);
#3401=VECTOR('',#12302,10.);
#3402=VECTOR('',#12303,10.);
#3403=VECTOR('',#12304,10.);
#3404=VECTOR('',#12305,10.);
#3405=VECTOR('',#12306,10.);
#3406=VECTOR('',#12307,10.);
#3407=VECTOR('',#12308,10.);
#3408=VECTOR('',#12309,10.);
#3409=VECTOR('',#12310,10.);
#3410=VECTOR('',#12311,10.);
#3411=VECTOR('',#12312,10.);
#3412=VECTOR('',#12313,10.);
#3413=VECTOR('',#12314,10.);
#3414=VECTOR('',#12315,10.);
#3415=VECTOR('',#12316,10.);
#3416=VECTOR('',#12317,10.);
#3417=VECTOR('',#12318,10.);
#3418=VECTOR('',#12319,10.);
#3419=VECTOR('',#12320,10.);
#3420=VECTOR('',#12321,10.);
#3421=VECTOR('',#12322,10.);
#3422=VECTOR('',#12323,10.);
#3423=VECTOR('',#12324,10.);
#3424=VECTOR('',#12327,10.);
#3425=VECTOR('',#12328,10.);
#3426=VECTOR('',#12329,10.);
#3427=VECTOR('',#12330,10.);
#3428=VECTOR('',#12333,10.);
#3429=VECTOR('',#12334,10.);
#3430=VECTOR('',#12335,10.);
#3431=VECTOR('',#12338,10.);
#3432=VECTOR('',#12339,10.);
#3433=VECTOR('',#12342,10.);
#3434=VECTOR('',#12343,10.);
#3435=VECTOR('',#12346,10.);
#3436=VECTOR('',#12347,10.);
#3437=VECTOR('',#12350,10.);
#3438=VECTOR('',#12351,10.);
#3439=VECTOR('',#12354,10.);
#3440=VECTOR('',#12355,10.);
#3441=VECTOR('',#12358,10.);
#3442=VECTOR('',#12359,10.);
#3443=VECTOR('',#12362,10.);
#3444=VECTOR('',#12363,10.);
#3445=VECTOR('',#12366,10.);
#3446=VECTOR('',#12367,10.);
#3447=VECTOR('',#12370,10.);
#3448=VECTOR('',#12371,10.);
#3449=VECTOR('',#12374,10.);
#3450=VECTOR('',#12375,10.);
#3451=VECTOR('',#12378,10.);
#3452=VECTOR('',#12379,10.);
#3453=VECTOR('',#12382,10.);
#3454=VECTOR('',#12383,10.);
#3455=VECTOR('',#12386,10.);
#3456=VECTOR('',#12387,10.);
#3457=VECTOR('',#12390,10.);
#3458=VECTOR('',#12391,10.);
#3459=VECTOR('',#12394,10.);
#3460=VECTOR('',#12395,10.);
#3461=VECTOR('',#12398,10.);
#3462=VECTOR('',#12399,10.);
#3463=VECTOR('',#12402,10.);
#3464=VECTOR('',#12403,10.);
#3465=VECTOR('',#12406,10.);
#3466=VECTOR('',#12407,10.);
#3467=VECTOR('',#12410,10.);
#3468=VECTOR('',#12411,10.);
#3469=VECTOR('',#12414,10.);
#3470=VECTOR('',#12415,10.);
#3471=VECTOR('',#12418,10.);
#3472=VECTOR('',#12419,10.);
#3473=VECTOR('',#12422,10.);
#3474=VECTOR('',#12423,10.);
#3475=VECTOR('',#12426,10.);
#3476=VECTOR('',#12427,10.);
#3477=VECTOR('',#12430,10.);
#3478=VECTOR('',#12431,10.);
#3479=VECTOR('',#12434,10.);
#3480=VECTOR('',#12435,10.);
#3481=VECTOR('',#12438,10.);
#3482=VECTOR('',#12439,10.);
#3483=VECTOR('',#12442,10.);
#3484=VECTOR('',#12443,10.);
#3485=VECTOR('',#12444,10.);
#3486=VECTOR('',#12445,10.);
#3487=VECTOR('',#12446,10.);
#3488=VECTOR('',#12447,10.);
#3489=VECTOR('',#12448,10.);
#3490=VECTOR('',#12451,10.);
#3491=VECTOR('',#12452,10.);
#3492=VECTOR('',#12453,10.);
#3493=VECTOR('',#12460,10.);
#3494=VECTOR('',#12461,10.);
#3495=VECTOR('',#12462,10.);
#3496=VECTOR('',#12465,10.);
#3497=VECTOR('',#12466,10.);
#3498=VECTOR('',#12467,10.);
#3499=VECTOR('',#12470,10.);
#3500=VECTOR('',#12471,10.);
#3501=VECTOR('',#12472,10.);
#3502=VECTOR('',#12473,10.);
#3503=VECTOR('',#12476,10.);
#3504=VECTOR('',#12477,10.);
#3505=VECTOR('',#12480,10.);
#3506=VECTOR('',#12481,10.);
#3507=VECTOR('',#12484,10.);
#3508=VECTOR('',#12485,10.);
#3509=VECTOR('',#12488,10.);
#3510=VECTOR('',#12489,10.);
#3511=VECTOR('',#12490,10.);
#3512=VECTOR('',#12493,10.);
#3513=VECTOR('',#12494,10.);
#3514=VECTOR('',#12499,10.);
#3515=VECTOR('',#12500,10.);
#3516=VECTOR('',#12501,10.);
#3517=VECTOR('',#12502,10.);
#3518=VECTOR('',#12503,10.);
#3519=VECTOR('',#12504,10.);
#3520=VECTOR('',#12505,10.);
#3521=VECTOR('',#12506,10.);
#3522=VECTOR('',#12507,10.);
#3523=VECTOR('',#12508,10.);
#3524=VECTOR('',#12509,10.);
#3525=VECTOR('',#12510,10.);
#3526=VECTOR('',#12511,10.);
#3527=VECTOR('',#12512,10.);
#3528=VECTOR('',#12513,10.);
#3529=VECTOR('',#12514,10.);
#3530=VECTOR('',#12515,10.);
#3531=VECTOR('',#12516,10.);
#3532=VECTOR('',#12517,10.);
#3533=VECTOR('',#12518,10.);
#3534=VECTOR('',#12519,10.);
#3535=VECTOR('',#12520,10.);
#3536=VECTOR('',#12521,10.);
#3537=VECTOR('',#12522,10.);
#3538=VECTOR('',#12523,10.);
#3539=VECTOR('',#12524,10.);
#3540=VECTOR('',#12525,10.);
#3541=VECTOR('',#12526,10.);
#3542=VECTOR('',#12527,10.);
#3543=VECTOR('',#12528,10.);
#3544=VECTOR('',#12529,10.);
#3545=VECTOR('',#12530,10.);
#3546=VECTOR('',#12531,10.);
#3547=VECTOR('',#12532,10.);
#3548=VECTOR('',#12533,10.);
#3549=VECTOR('',#12534,10.);
#3550=VECTOR('',#12535,10.);
#3551=VECTOR('',#12536,10.);
#3552=VECTOR('',#12537,10.);
#3553=VECTOR('',#12542,10.);
#3554=VECTOR('',#12543,10.);
#3555=VECTOR('',#12544,10.);
#3556=VECTOR('',#12545,10.);
#3557=VECTOR('',#12546,10.);
#3558=VECTOR('',#12547,10.);
#3559=VECTOR('',#12550,10.);
#3560=VECTOR('',#12557,10.);
#3561=VECTOR('',#12560,10.);
#3562=VECTOR('',#12561,10.);
#3563=VECTOR('',#12564,10.);
#3564=VECTOR('',#12567,10.);
#3565=VECTOR('',#12572,10.);
#3566=VECTOR('',#12573,10.);
#3567=VECTOR('',#12576,10.);
#3568=VECTOR('',#12577,10.);
#3569=VECTOR('',#12580,10.);
#3570=VECTOR('',#12581,10.);
#3571=VECTOR('',#12584,10.);
#3572=VECTOR('',#12585,10.);
#3573=VECTOR('',#12588,10.);
#3574=VECTOR('',#12589,10.);
#3575=VECTOR('',#12592,10.);
#3576=VECTOR('',#12593,10.);
#3577=VECTOR('',#12596,10.);
#3578=VECTOR('',#12597,10.);
#3579=VECTOR('',#12600,10.);
#3580=VECTOR('',#12603,10.);
#3581=VECTOR('',#12606,10.);
#3582=VECTOR('',#12611,10.);
#3583=VECTOR('',#12614,10.);
#3584=VECTOR('',#12619,10.);
#3585=VECTOR('',#12622,10.);
#3586=VECTOR('',#12627,10.);
#3587=VECTOR('',#12630,10.);
#3588=VECTOR('',#12635,10.);
#3589=VECTOR('',#12638,10.);
#3590=VECTOR('',#12643,10.);
#3591=VECTOR('',#12646,10.);
#3592=VECTOR('',#12651,10.);
#3593=VECTOR('',#12654,10.);
#3594=VECTOR('',#12659,10.);
#3595=VECTOR('',#12662,10.);
#3596=VECTOR('',#12667,0.849999999999982);
#3597=VECTOR('',#12670,0.849999999999982);
#3598=VECTOR('',#12673,10.);
#3599=VECTOR('',#12674,10.);
#3600=VECTOR('',#12681,10.);
#3601=VECTOR('',#12682,10.);
#3602=VECTOR('',#12683,10.);
#3603=VECTOR('',#12684,10.);
#3604=VECTOR('',#12687,10.);
#3605=VECTOR('',#12688,10.);
#3606=VECTOR('',#12689,10.);
#3607=VECTOR('',#12694,10.);
#3608=VECTOR('',#12695,10.);
#3609=VECTOR('',#12696,10.);
#3610=VECTOR('',#12699,10.);
#3611=VECTOR('',#12700,10.);
#3612=VECTOR('',#12701,10.);
#3613=VECTOR('',#12702,10.);
#3614=VECTOR('',#12703,10.);
#3615=VECTOR('',#12704,10.);
#3616=VECTOR('',#12705,10.);
#3617=VECTOR('',#12708,10.);
#3618=VECTOR('',#12709,10.);
#3619=VECTOR('',#12710,10.);
#3620=VECTOR('',#12713,10.);
#3621=VECTOR('',#12714,10.);
#3622=VECTOR('',#12715,10.);
#3623=VECTOR('',#12716,10.);
#3624=VECTOR('',#12717,10.);
#3625=VECTOR('',#12718,10.);
#3626=VECTOR('',#12719,10.);
#3627=VECTOR('',#12720,10.);
#3628=VECTOR('',#12721,10.);
#3629=VECTOR('',#12722,10.);
#3630=VECTOR('',#12723,10.);
#3631=VECTOR('',#12724,10.);
#3632=VECTOR('',#12725,10.);
#3633=VECTOR('',#12726,10.);
#3634=VECTOR('',#12727,10.);
#3635=VECTOR('',#12728,10.);
#3636=VECTOR('',#12729,10.);
#3637=VECTOR('',#12730,10.);
#3638=VECTOR('',#12731,10.);
#3639=VECTOR('',#12732,10.);
#3640=VECTOR('',#12733,10.);
#3641=VECTOR('',#12734,10.);
#3642=VECTOR('',#12735,10.);
#3643=VECTOR('',#12736,10.);
#3644=VECTOR('',#12737,10.);
#3645=VECTOR('',#12738,10.);
#3646=VECTOR('',#12739,10.);
#3647=VECTOR('',#12740,10.);
#3648=VECTOR('',#12741,10.);
#3649=VECTOR('',#12742,10.);
#3650=VECTOR('',#12743,10.);
#3651=VECTOR('',#12744,10.);
#3652=VECTOR('',#12745,10.);
#3653=VECTOR('',#12746,10.);
#3654=VECTOR('',#12747,10.);
#3655=VECTOR('',#12748,10.);
#3656=VECTOR('',#12749,10.);
#3657=VECTOR('',#12750,10.);
#3658=VECTOR('',#12751,10.);
#3659=VECTOR('',#12752,10.);
#3660=VECTOR('',#12753,10.);
#3661=VECTOR('',#12754,10.);
#3662=VECTOR('',#12755,10.);
#3663=VECTOR('',#12756,10.);
#3664=VECTOR('',#12757,10.);
#3665=VECTOR('',#12758,10.);
#3666=VECTOR('',#12759,10.);
#3667=VECTOR('',#12760,10.);
#3668=VECTOR('',#12761,10.);
#3669=VECTOR('',#12762,10.);
#3670=VECTOR('',#12763,10.);
#3671=VECTOR('',#12764,10.);
#3672=VECTOR('',#12765,10.);
#3673=VECTOR('',#12766,10.);
#3674=VECTOR('',#12767,10.);
#3675=VECTOR('',#12768,10.);
#3676=VECTOR('',#12769,10.);
#3677=VECTOR('',#12770,10.);
#3678=VECTOR('',#12771,10.);
#3679=VECTOR('',#12772,10.);
#3680=VECTOR('',#12773,10.);
#3681=VECTOR('',#12774,10.);
#3682=VECTOR('',#12775,10.);
#3683=VECTOR('',#12776,10.);
#3684=VECTOR('',#12777,10.);
#3685=VECTOR('',#12778,10.);
#3686=VECTOR('',#12779,10.);
#3687=VECTOR('',#12780,10.);
#3688=VECTOR('',#12781,10.);
#3689=VECTOR('',#12782,10.);
#3690=VECTOR('',#12785,10.);
#3691=VECTOR('',#12786,10.);
#3692=VECTOR('',#12787,10.);
#3693=VECTOR('',#12788,10.);
#3694=VECTOR('',#12791,10.);
#3695=VECTOR('',#12792,10.);
#3696=VECTOR('',#12793,10.);
#3697=VECTOR('',#12796,10.);
#3698=VECTOR('',#12797,10.);
#3699=VECTOR('',#12800,10.);
#3700=VECTOR('',#12801,10.);
#3701=VECTOR('',#12804,10.);
#3702=VECTOR('',#12805,10.);
#3703=VECTOR('',#12808,10.);
#3704=VECTOR('',#12809,10.);
#3705=VECTOR('',#12812,10.);
#3706=VECTOR('',#12813,10.);
#3707=VECTOR('',#12816,10.);
#3708=VECTOR('',#12817,10.);
#3709=VECTOR('',#12820,10.);
#3710=VECTOR('',#12821,10.);
#3711=VECTOR('',#12824,10.);
#3712=VECTOR('',#12825,10.);
#3713=VECTOR('',#12828,10.);
#3714=VECTOR('',#12829,10.);
#3715=VECTOR('',#12832,10.);
#3716=VECTOR('',#12833,10.);
#3717=VECTOR('',#12836,10.);
#3718=VECTOR('',#12837,10.);
#3719=VECTOR('',#12840,10.);
#3720=VECTOR('',#12841,10.);
#3721=VECTOR('',#12844,10.);
#3722=VECTOR('',#12845,10.);
#3723=VECTOR('',#12848,10.);
#3724=VECTOR('',#12849,10.);
#3725=VECTOR('',#12852,10.);
#3726=VECTOR('',#12853,10.);
#3727=VECTOR('',#12856,10.);
#3728=VECTOR('',#12857,10.);
#3729=VECTOR('',#12860,10.);
#3730=VECTOR('',#12861,10.);
#3731=VECTOR('',#12864,10.);
#3732=VECTOR('',#12865,10.);
#3733=VECTOR('',#12868,10.);
#3734=VECTOR('',#12869,10.);
#3735=VECTOR('',#12872,10.);
#3736=VECTOR('',#12873,10.);
#3737=VECTOR('',#12876,10.);
#3738=VECTOR('',#12877,10.);
#3739=VECTOR('',#12880,10.);
#3740=VECTOR('',#12881,10.);
#3741=VECTOR('',#12884,10.);
#3742=VECTOR('',#12885,10.);
#3743=VECTOR('',#12888,10.);
#3744=VECTOR('',#12889,10.);
#3745=VECTOR('',#12892,10.);
#3746=VECTOR('',#12893,10.);
#3747=VECTOR('',#12896,10.);
#3748=VECTOR('',#12899,10.);
#3749=VECTOR('',#12900,10.);
#3750=VECTOR('',#12901,10.);
#3751=VECTOR('',#12908,10.);
#3752=VECTOR('',#12909,10.);
#3753=VECTOR('',#12910,10.);
#3754=VECTOR('',#12913,10.);
#3755=VECTOR('',#12914,10.);
#3756=VECTOR('',#12915,10.);
#3757=VECTOR('',#12918,10.);
#3758=VECTOR('',#12919,10.);
#3759=VECTOR('',#12920,10.);
#3760=VECTOR('',#12921,10.);
#3761=VECTOR('',#12924,10.);
#3762=VECTOR('',#12925,10.);
#3763=VECTOR('',#12928,10.);
#3764=VECTOR('',#12929,10.);
#3765=VECTOR('',#12932,10.);
#3766=VECTOR('',#12933,10.);
#3767=VECTOR('',#12936,10.);
#3768=VECTOR('',#12937,10.);
#3769=VECTOR('',#12938,10.);
#3770=VECTOR('',#12939,10.);
#3771=VECTOR('',#12940,10.);
#3772=VECTOR('',#12941,10.);
#3773=VECTOR('',#12942,10.);
#3774=VECTOR('',#12943,10.);
#3775=VECTOR('',#12944,10.);
#3776=VECTOR('',#12945,10.);
#3777=VECTOR('',#12946,10.);
#3778=VECTOR('',#12947,10.);
#3779=VECTOR('',#12948,10.);
#3780=VECTOR('',#12949,10.);
#3781=VECTOR('',#12950,10.);
#3782=VECTOR('',#12951,10.);
#3783=VECTOR('',#12952,10.);
#3784=VECTOR('',#12953,10.);
#3785=VECTOR('',#12954,10.);
#3786=VECTOR('',#12955,10.);
#3787=VECTOR('',#12956,10.);
#3788=VECTOR('',#12957,10.);
#3789=VECTOR('',#12958,10.);
#3790=VECTOR('',#12959,10.);
#3791=VECTOR('',#12960,10.);
#3792=VECTOR('',#12961,10.);
#3793=VECTOR('',#12962,10.);
#3794=VECTOR('',#12963,10.);
#3795=VECTOR('',#12964,10.);
#3796=VECTOR('',#12965,10.);
#3797=VECTOR('',#12966,10.);
#3798=VECTOR('',#12967,10.);
#3799=VECTOR('',#12968,10.);
#3800=VECTOR('',#12969,10.);
#3801=VECTOR('',#12970,10.);
#3802=VECTOR('',#12971,10.);
#3803=VECTOR('',#12972,10.);
#3804=VECTOR('',#12973,10.);
#3805=VECTOR('',#12974,10.);
#3806=VECTOR('',#12979,10.);
#3807=VECTOR('',#12980,10.);
#3808=VECTOR('',#12983,10.);
#3809=VECTOR('',#12986,10.);
#3810=VECTOR('',#12989,10.);
#3811=VECTOR('',#12992,10.);
#3812=VECTOR('',#12993,10.);
#3813=VECTOR('',#12996,10.);
#3814=VECTOR('',#12999,10.);
#3815=VECTOR('',#13004,10.);
#3816=VECTOR('',#13005,10.);
#3817=VECTOR('',#13008,10.);
#3818=VECTOR('',#13009,10.);
#3819=VECTOR('',#13012,10.);
#3820=VECTOR('',#13013,10.);
#3821=VECTOR('',#13016,10.);
#3822=VECTOR('',#13017,10.);
#3823=VECTOR('',#13020,10.);
#3824=VECTOR('',#13021,10.);
#3825=VECTOR('',#13024,10.);
#3826=VECTOR('',#13025,10.);
#3827=VECTOR('',#13028,10.);
#3828=VECTOR('',#13029,10.);
#3829=VECTOR('',#13032,10.);
#3830=VECTOR('',#13035,10.);
#3831=VECTOR('',#13038,10.);
#3832=VECTOR('',#13043,10.);
#3833=VECTOR('',#13046,10.);
#3834=VECTOR('',#13051,10.);
#3835=VECTOR('',#13054,10.);
#3836=VECTOR('',#13059,10.);
#3837=VECTOR('',#13062,10.);
#3838=VECTOR('',#13067,10.);
#3839=VECTOR('',#13070,10.);
#3840=VECTOR('',#13075,10.);
#3841=VECTOR('',#13078,10.);
#3842=VECTOR('',#13083,10.);
#3843=VECTOR('',#13086,10.);
#3844=VECTOR('',#13091,10.);
#3845=VECTOR('',#13094,10.);
#3846=VECTOR('',#13099,0.849999999999982);
#3847=VECTOR('',#13102,0.849999999999982);
#3848=VECTOR('',#13105,10.);
#3849=VECTOR('',#13106,10.);
#3850=VECTOR('',#13109,10.);
#3851=VERTEX_POINT('',#13114);
#3852=VERTEX_POINT('',#13115);
#3853=VERTEX_POINT('',#13117);
#3854=VERTEX_POINT('',#13119);
#3855=VERTEX_POINT('',#13121);
#3856=VERTEX_POINT('',#13125);
#3857=VERTEX_POINT('',#13127);
#3858=VERTEX_POINT('',#13129);
#3859=VERTEX_POINT('',#13133);
#3860=VERTEX_POINT('',#13135);
#3861=VERTEX_POINT('',#13137);
#3862=VERTEX_POINT('',#13139);
#3863=VERTEX_POINT('',#13141);
#3864=VERTEX_POINT('',#13143);
#3865=VERTEX_POINT('',#13145);
#3866=VERTEX_POINT('',#13147);
#3867=VERTEX_POINT('',#13149);
#3868=VERTEX_POINT('',#13151);
#3869=VERTEX_POINT('',#13155);
#3870=VERTEX_POINT('',#13157);
#3871=VERTEX_POINT('',#13159);
#3872=VERTEX_POINT('',#13161);
#3873=VERTEX_POINT('',#13163);
#3874=VERTEX_POINT('',#13165);
#3875=VERTEX_POINT('',#13167);
#3876=VERTEX_POINT('',#13170);
#3877=VERTEX_POINT('',#13171);
#3878=VERTEX_POINT('',#13173);
#3879=VERTEX_POINT('',#13175);
#3880=VERTEX_POINT('',#13178);
#3881=VERTEX_POINT('',#13179);
#3882=VERTEX_POINT('',#13181);
#3883=VERTEX_POINT('',#13183);
#3884=VERTEX_POINT('',#13186);
#3885=VERTEX_POINT('',#13187);
#3886=VERTEX_POINT('',#13189);
#3887=VERTEX_POINT('',#13191);
#3888=VERTEX_POINT('',#13194);
#3889=VERTEX_POINT('',#13195);
#3890=VERTEX_POINT('',#13197);
#3891=VERTEX_POINT('',#13199);
#3892=VERTEX_POINT('',#13202);
#3893=VERTEX_POINT('',#13203);
#3894=VERTEX_POINT('',#13205);
#3895=VERTEX_POINT('',#13207);
#3896=VERTEX_POINT('',#13211);
#3897=VERTEX_POINT('',#13213);
#3898=VERTEX_POINT('',#13215);
#3899=VERTEX_POINT('',#13217);
#3900=VERTEX_POINT('',#13219);
#3901=VERTEX_POINT('',#13221);
#3902=VERTEX_POINT('',#13223);
#3903=VERTEX_POINT('',#13225);
#3904=VERTEX_POINT('',#13227);
#3905=VERTEX_POINT('',#13229);
#3906=VERTEX_POINT('',#13231);
#3907=VERTEX_POINT('',#13233);
#3908=VERTEX_POINT('',#13235);
#3909=VERTEX_POINT('',#13237);
#3910=VERTEX_POINT('',#13239);
#3911=VERTEX_POINT('',#13241);
#3912=VERTEX_POINT('',#13243);
#3913=VERTEX_POINT('',#13246);
#3914=VERTEX_POINT('',#13247);
#3915=VERTEX_POINT('',#13249);
#3916=VERTEX_POINT('',#13251);
#3917=VERTEX_POINT('',#13254);
#3918=VERTEX_POINT('',#13255);
#3919=VERTEX_POINT('',#13257);
#3920=VERTEX_POINT('',#13259);
#3921=VERTEX_POINT('',#13263);
#3922=VERTEX_POINT('',#13264);
#3923=VERTEX_POINT('',#13266);
#3924=VERTEX_POINT('',#13271);
#3925=VERTEX_POINT('',#13273);
#3926=VERTEX_POINT('',#13275);
#3927=VERTEX_POINT('',#13279);
#3928=VERTEX_POINT('',#13281);
#3929=VERTEX_POINT('',#13283);
#3930=VERTEX_POINT('',#13285);
#3931=VERTEX_POINT('',#13287);
#3932=VERTEX_POINT('',#13289);
#3933=VERTEX_POINT('',#13291);
#3934=VERTEX_POINT('',#13293);
#3935=VERTEX_POINT('',#13295);
#3936=VERTEX_POINT('',#13297);
#3937=VERTEX_POINT('',#13299);
#3938=VERTEX_POINT('',#13301);
#3939=VERTEX_POINT('',#13303);
#3940=VERTEX_POINT('',#13305);
#3941=VERTEX_POINT('',#13307);
#3942=VERTEX_POINT('',#13309);
#3943=VERTEX_POINT('',#13311);
#3944=VERTEX_POINT('',#13314);
#3945=VERTEX_POINT('',#13315);
#3946=VERTEX_POINT('',#13317);
#3947=VERTEX_POINT('',#13319);
#3948=VERTEX_POINT('',#13322);
#3949=VERTEX_POINT('',#13323);
#3950=VERTEX_POINT('',#13325);
#3951=VERTEX_POINT('',#13327);
#3952=VERTEX_POINT('',#13331);
#3953=VERTEX_POINT('',#13333);
#3954=VERTEX_POINT('',#13335);
#3955=VERTEX_POINT('',#13337);
#3956=VERTEX_POINT('',#13341);
#3957=VERTEX_POINT('',#13342);
#3958=VERTEX_POINT('',#13346);
#3959=VERTEX_POINT('',#13348);
#3960=VERTEX_POINT('',#13352);
#3961=VERTEX_POINT('',#13353);
#3962=VERTEX_POINT('',#13355);
#3963=VERTEX_POINT('',#13357);
#3964=VERTEX_POINT('',#13361);
#3965=VERTEX_POINT('',#13365);
#3966=VERTEX_POINT('',#13369);
#3967=VERTEX_POINT('',#13370);
#3968=VERTEX_POINT('',#13372);
#3969=VERTEX_POINT('',#13374);
#3970=VERTEX_POINT('',#13381);
#3971=VERTEX_POINT('',#13385);
#3972=VERTEX_POINT('',#13392);
#3973=VERTEX_POINT('',#13394);
#3974=VERTEX_POINT('',#13396);
#3975=VERTEX_POINT('',#13398);
#3976=VERTEX_POINT('',#13400);
#3977=VERTEX_POINT('',#13402);
#3978=VERTEX_POINT('',#13404);
#3979=VERTEX_POINT('',#13406);
#3980=VERTEX_POINT('',#13408);
#3981=VERTEX_POINT('',#13410);
#3982=VERTEX_POINT('',#13412);
#3983=VERTEX_POINT('',#13414);
#3984=VERTEX_POINT('',#13416);
#3985=VERTEX_POINT('',#13418);
#3986=VERTEX_POINT('',#13420);
#3987=VERTEX_POINT('',#13422);
#3988=VERTEX_POINT('',#13424);
#3989=VERTEX_POINT('',#13426);
#3990=VERTEX_POINT('',#13428);
#3991=VERTEX_POINT('',#13430);
#3992=VERTEX_POINT('',#13432);
#3993=VERTEX_POINT('',#13434);
#3994=VERTEX_POINT('',#13436);
#3995=VERTEX_POINT('',#13438);
#3996=VERTEX_POINT('',#13440);
#3997=VERTEX_POINT('',#13442);
#3998=VERTEX_POINT('',#13444);
#3999=VERTEX_POINT('',#13446);
#4000=VERTEX_POINT('',#13448);
#4001=VERTEX_POINT('',#13450);
#4002=VERTEX_POINT('',#13452);
#4003=VERTEX_POINT('',#13454);
#4004=VERTEX_POINT('',#13456);
#4005=VERTEX_POINT('',#13458);
#4006=VERTEX_POINT('',#13460);
#4007=VERTEX_POINT('',#13462);
#4008=VERTEX_POINT('',#13464);
#4009=VERTEX_POINT('',#13466);
#4010=VERTEX_POINT('',#13468);
#4011=VERTEX_POINT('',#13470);
#4012=VERTEX_POINT('',#13472);
#4013=VERTEX_POINT('',#13474);
#4014=VERTEX_POINT('',#13476);
#4015=VERTEX_POINT('',#13478);
#4016=VERTEX_POINT('',#13480);
#4017=VERTEX_POINT('',#13482);
#4018=VERTEX_POINT('',#13485);
#4019=VERTEX_POINT('',#13486);
#4020=VERTEX_POINT('',#13488);
#4021=VERTEX_POINT('',#13491);
#4022=VERTEX_POINT('',#13492);
#4023=VERTEX_POINT('',#13494);
#4024=VERTEX_POINT('',#13496);
#4025=VERTEX_POINT('',#13498);
#4026=VERTEX_POINT('',#13502);
#4027=VERTEX_POINT('',#13504);
#4028=VERTEX_POINT('',#13511);
#4029=VERTEX_POINT('',#13515);
#4030=VERTEX_POINT('',#13517);
#4031=VERTEX_POINT('',#13521);
#4032=VERTEX_POINT('',#13525);
#4033=VERTEX_POINT('',#13527);
#4034=VERTEX_POINT('',#13529);
#4035=VERTEX_POINT('',#13535);
#4036=VERTEX_POINT('',#13539);
#4037=VERTEX_POINT('',#13541);
#4038=VERTEX_POINT('',#13547);
#4039=VERTEX_POINT('',#13551);
#4040=VERTEX_POINT('',#13553);
#4041=VERTEX_POINT('',#13555);
#4042=VERTEX_POINT('',#13557);
#4043=VERTEX_POINT('',#13561);
#4044=VERTEX_POINT('',#13563);
#4045=VERTEX_POINT('',#13565);
#4046=VERTEX_POINT('',#13567);
#4047=VERTEX_POINT('',#13569);
#4048=VERTEX_POINT('',#13571);
#4049=VERTEX_POINT('',#13573);
#4050=VERTEX_POINT('',#13575);
#4051=VERTEX_POINT('',#13577);
#4052=VERTEX_POINT('',#13579);
#4053=VERTEX_POINT('',#13581);
#4054=VERTEX_POINT('',#13583);
#4055=VERTEX_POINT('',#13585);
#4056=VERTEX_POINT('',#13588);
#4057=VERTEX_POINT('',#13590);
#4058=VERTEX_POINT('',#13592);
#4059=VERTEX_POINT('',#13594);
#4060=VERTEX_POINT('',#13597);
#4061=VERTEX_POINT('',#13598);
#4062=VERTEX_POINT('',#13600);
#4063=VERTEX_POINT('',#13602);
#4064=VERTEX_POINT('',#13605);
#4065=VERTEX_POINT('',#13606);
#4066=VERTEX_POINT('',#13608);
#4067=VERTEX_POINT('',#13610);
#4068=VERTEX_POINT('',#13614);
#4069=VERTEX_POINT('',#13618);
#4070=VERTEX_POINT('',#13619);
#4071=VERTEX_POINT('',#13621);
#4072=VERTEX_POINT('',#13623);
#4073=VERTEX_POINT('',#13627);
#4074=VERTEX_POINT('',#13629);
#4075=VERTEX_POINT('',#13635);
#4076=VERTEX_POINT('',#13638);
#4077=VERTEX_POINT('',#13645);
#4078=VERTEX_POINT('',#13647);
#4079=VERTEX_POINT('',#13649);
#4080=VERTEX_POINT('',#13651);
#4081=VERTEX_POINT('',#13654);
#4082=VERTEX_POINT('',#13656);
#4083=VERTEX_POINT('',#13660);
#4084=VERTEX_POINT('',#13661);
#4085=VERTEX_POINT('',#13666);
#4086=VERTEX_POINT('',#13670);
#4087=VERTEX_POINT('',#13677);
#4088=VERTEX_POINT('',#13679);
#4089=VERTEX_POINT('',#13681);
#4090=VERTEX_POINT('',#13685);
#4091=VERTEX_POINT('',#13687);
#4092=VERTEX_POINT('',#13691);
#4093=VERTEX_POINT('',#13699);
#4094=VERTEX_POINT('',#13705);
#4095=VERTEX_POINT('',#13707);
#4096=VERTEX_POINT('',#13709);
#4097=VERTEX_POINT('',#13711);
#4098=VERTEX_POINT('',#13713);
#4099=VERTEX_POINT('',#13715);
#4100=VERTEX_POINT('',#13717);
#4101=VERTEX_POINT('',#13719);
#4102=VERTEX_POINT('',#13722);
#4103=VERTEX_POINT('',#13723);
#4104=VERTEX_POINT('',#13725);
#4105=VERTEX_POINT('',#13727);
#4106=VERTEX_POINT('',#13734);
#4107=VERTEX_POINT('',#13739);
#4108=VERTEX_POINT('',#13743);
#4109=VERTEX_POINT('',#13745);
#4110=VERTEX_POINT('',#13747);
#4111=VERTEX_POINT('',#13749);
#4112=VERTEX_POINT('',#13751);
#4113=VERTEX_POINT('',#13753);
#4114=VERTEX_POINT('',#13755);
#4115=VERTEX_POINT('',#13757);
#4116=VERTEX_POINT('',#13759);
#4117=VERTEX_POINT('',#13761);
#4118=VERTEX_POINT('',#13763);
#4119=VERTEX_POINT('',#13765);
#4120=VERTEX_POINT('',#13767);
#4121=VERTEX_POINT('',#13770);
#4122=VERTEX_POINT('',#13771);
#4123=VERTEX_POINT('',#13773);
#4124=VERTEX_POINT('',#13775);
#4125=VERTEX_POINT('',#13779);
#4126=VERTEX_POINT('',#13781);
#4127=VERTEX_POINT('',#13783);
#4128=VERTEX_POINT('',#13785);
#4129=VERTEX_POINT('',#13803);
#4130=VERTEX_POINT('',#13825);
#4131=VERTEX_POINT('',#13827);
#4132=VERTEX_POINT('',#13829);
#4133=VERTEX_POINT('',#13841);
#4134=VERTEX_POINT('',#13844);
#4135=VERTEX_POINT('',#13846);
#4136=VERTEX_POINT('',#13848);
#4137=VERTEX_POINT('',#13850);
#4138=VERTEX_POINT('',#13853);
#4139=VERTEX_POINT('',#13855);
#4140=VERTEX_POINT('',#13857);
#4141=VERTEX_POINT('',#13859);
#4142=VERTEX_POINT('',#13863);
#4143=VERTEX_POINT('',#13867);
#4144=VERTEX_POINT('',#13869);
#4145=VERTEX_POINT('',#13873);
#4146=VERTEX_POINT('',#13879);
#4147=VERTEX_POINT('',#13895);
#4148=VERTEX_POINT('',#13897);
#4149=VERTEX_POINT('',#13899);
#4150=VERTEX_POINT('',#13921);
#4151=VERTEX_POINT('',#13923);
#4152=VERTEX_POINT('',#13927);
#4153=VERTEX_POINT('',#13933);
#4154=VERTEX_POINT('',#13947);
#4155=VERTEX_POINT('',#13948);
#4156=VERTEX_POINT('',#13950);
#4157=VERTEX_POINT('',#13952);
#4158=VERTEX_POINT('',#13959);
#4159=VERTEX_POINT('',#13961);
#4160=VERTEX_POINT('',#13965);
#4161=VERTEX_POINT('',#13966);
#4162=VERTEX_POINT('',#13968);
#4163=VERTEX_POINT('',#13970);
#4164=VERTEX_POINT('',#13972);
#4165=VERTEX_POINT('',#13974);
#4166=VERTEX_POINT('',#13977);
#4167=VERTEX_POINT('',#13979);
#4168=VERTEX_POINT('',#13981);
#4169=VERTEX_POINT('',#13986);
#4170=VERTEX_POINT('',#13989);
#4171=VERTEX_POINT('',#13991);
#4172=VERTEX_POINT('',#13993);
#4173=VERTEX_POINT('',#13995);
#4174=VERTEX_POINT('',#13999);
#4175=VERTEX_POINT('',#14000);
#4176=VERTEX_POINT('',#14002);
#4177=VERTEX_POINT('',#14004);
#4178=VERTEX_POINT('',#14007);
#4179=VERTEX_POINT('',#14008);
#4180=VERTEX_POINT('',#14010);
#4181=VERTEX_POINT('',#14012);
#4182=VERTEX_POINT('',#14015);
#4183=VERTEX_POINT('',#14016);
#4184=VERTEX_POINT('',#14018);
#4185=VERTEX_POINT('',#14020);
#4186=VERTEX_POINT('',#14023);
#4187=VERTEX_POINT('',#14024);
#4188=VERTEX_POINT('',#14026);
#4189=VERTEX_POINT('',#14028);
#4190=VERTEX_POINT('',#14031);
#4191=VERTEX_POINT('',#14032);
#4192=VERTEX_POINT('',#14034);
#4193=VERTEX_POINT('',#14036);
#4194=VERTEX_POINT('',#14040);
#4195=VERTEX_POINT('',#14041);
#4196=VERTEX_POINT('',#14043);
#4197=VERTEX_POINT('',#14045);
#4198=VERTEX_POINT('',#14049);
#4199=VERTEX_POINT('',#14051);
#4200=VERTEX_POINT('',#14055);
#4201=VERTEX_POINT('',#14057);
#4202=VERTEX_POINT('',#14064);
#4203=VERTEX_POINT('',#14066);
#4204=VERTEX_POINT('',#14070);
#4205=VERTEX_POINT('',#14073);
#4206=VERTEX_POINT('',#14075);
#4207=VERTEX_POINT('',#14077);
#4208=VERTEX_POINT('',#14079);
#4209=VERTEX_POINT('',#14081);
#4210=VERTEX_POINT('',#14083);
#4211=VERTEX_POINT('',#14085);
#4212=VERTEX_POINT('',#14087);
#4213=VERTEX_POINT('',#14089);
#4214=VERTEX_POINT('',#14094);
#4215=VERTEX_POINT('',#14095);
#4216=VERTEX_POINT('',#14100);
#4217=VERTEX_POINT('',#14102);
#4218=VERTEX_POINT('',#14106);
#4219=VERTEX_POINT('',#14108);
#4220=VERTEX_POINT('',#14115);
#4221=VERTEX_POINT('',#14120);
#4222=VERTEX_POINT('',#14122);
#4223=VERTEX_POINT('',#14128);
#4224=VERTEX_POINT('',#14132);
#4225=VERTEX_POINT('',#14134);
#4226=VERTEX_POINT('',#14138);
#4227=VERTEX_POINT('',#14139);
#4228=VERTEX_POINT('',#14141);
#4229=VERTEX_POINT('',#14143);
#4230=VERTEX_POINT('',#14147);
#4231=VERTEX_POINT('',#14149);
#4232=VERTEX_POINT('',#14153);
#4233=VERTEX_POINT('',#14155);
#4234=VERTEX_POINT('',#14162);
#4235=VERTEX_POINT('',#14166);
#4236=VERTEX_POINT('',#14170);
#4237=VERTEX_POINT('',#14172);
#4238=VERTEX_POINT('',#14174);
#4239=VERTEX_POINT('',#14178);
#4240=VERTEX_POINT('',#14182);
#4241=VERTEX_POINT('',#14184);
#4242=VERTEX_POINT('',#14186);
#4243=VERTEX_POINT('',#14194);
#4244=VERTEX_POINT('',#14196);
#4245=VERTEX_POINT('',#14201);
#4246=VERTEX_POINT('',#14203);
#4247=VERTEX_POINT('',#14207);
#4248=VERTEX_POINT('',#14211);
#4249=VERTEX_POINT('',#14213);
#4250=VERTEX_POINT('',#14217);
#4251=VERTEX_POINT('',#14223);
#4252=VERTEX_POINT('',#14225);
#4253=VERTEX_POINT('',#14229);
#4254=VERTEX_POINT('',#14233);
#4255=VERTEX_POINT('',#14237);
#4256=VERTEX_POINT('',#14243);
#4257=VERTEX_POINT('',#14245);
#4258=VERTEX_POINT('',#14249);
#4259=VERTEX_POINT('',#14292);
#4260=VERTEX_POINT('',#14293);
#4261=VERTEX_POINT('',#14295);
#4262=VERTEX_POINT('',#14306);
#4263=VERTEX_POINT('',#14394);
#4264=VERTEX_POINT('',#14400);
#4265=VERTEX_POINT('',#14427);
#4266=VERTEX_POINT('',#14433);
#4267=VERTEX_POINT('',#14533);
#4268=VERTEX_POINT('',#14566);
#4269=VERTEX_POINT('',#14570);
#4270=VERTEX_POINT('',#14571);
#4271=VERTEX_POINT('',#14617);
#4272=VERTEX_POINT('',#14618);
#4273=VERTEX_POINT('',#14689);
#4274=VERTEX_POINT('',#14691);
#4275=VERTEX_POINT('',#14728);
#4276=VERTEX_POINT('',#14730);
#4277=VERTEX_POINT('',#14732);
#4278=VERTEX_POINT('',#14737);
#4279=VERTEX_POINT('',#14744);
#4280=VERTEX_POINT('',#14751);
#4281=VERTEX_POINT('',#14753);
#4282=VERTEX_POINT('',#14755);
#4283=VERTEX_POINT('',#14757);
#4284=VERTEX_POINT('',#14759);
#4285=VERTEX_POINT('',#14761);
#4286=VERTEX_POINT('',#14763);
#4287=VERTEX_POINT('',#14765);
#4288=VERTEX_POINT('',#14767);
#4289=VERTEX_POINT('',#14771);
#4290=VERTEX_POINT('',#14773);
#4291=VERTEX_POINT('',#14775);
#4292=VERTEX_POINT('',#14778);
#4293=VERTEX_POINT('',#14781);
#4294=VERTEX_POINT('',#14783);
#4295=VERTEX_POINT('',#14785);
#4296=VERTEX_POINT('',#14787);
#4297=VERTEX_POINT('',#14789);
#4298=VERTEX_POINT('',#14792);
#4299=VERTEX_POINT('',#14794);
#4300=VERTEX_POINT('',#14798);
#4301=VERTEX_POINT('',#14805);
#4302=VERTEX_POINT('',#14807);
#4303=VERTEX_POINT('',#14811);
#4304=VERTEX_POINT('',#14813);
#4305=VERTEX_POINT('',#14817);
#4306=VERTEX_POINT('',#14821);
#4307=VERTEX_POINT('',#14825);
#4308=VERTEX_POINT('',#14827);
#4309=VERTEX_POINT('',#14832);
#4310=VERTEX_POINT('',#14834);
#4311=VERTEX_POINT('',#14838);
#4312=VERTEX_POINT('',#14840);
#4313=VERTEX_POINT('',#14842);
#4314=VERTEX_POINT('',#14843);
#4315=VERTEX_POINT('',#14845);
#4316=VERTEX_POINT('',#14847);
#4317=VERTEX_POINT('',#14849);
#4318=VERTEX_POINT('',#14851);
#4319=VERTEX_POINT('',#14853);
#4320=VERTEX_POINT('',#14855);
#4321=VERTEX_POINT('',#14861);
#4322=VERTEX_POINT('',#14866);
#4323=VERTEX_POINT('',#14869);
#4324=VERTEX_POINT('',#14870);
#4325=VERTEX_POINT('',#14889);
#4326=VERTEX_POINT('',#14891);
#4327=VERTEX_POINT('',#14893);
#4328=VERTEX_POINT('',#14895);
#4329=VERTEX_POINT('',#14897);
#4330=VERTEX_POINT('',#14899);
#4331=VERTEX_POINT('',#14901);
#4332=VERTEX_POINT('',#14903);
#4333=VERTEX_POINT('',#14905);
#4334=VERTEX_POINT('',#14911);
#4335=VERTEX_POINT('',#14913);
#4336=VERTEX_POINT('',#14916);
#4337=VERTEX_POINT('',#14918);
#4338=VERTEX_POINT('',#14920);
#4339=VERTEX_POINT('',#14922);
#4340=VERTEX_POINT('',#14924);
#4341=VERTEX_POINT('',#14926);
#4342=VERTEX_POINT('',#14927);
#4343=VERTEX_POINT('',#14930);
#4344=VERTEX_POINT('',#14932);
#4345=VERTEX_POINT('',#14934);
#4346=VERTEX_POINT('',#14943);
#4347=VERTEX_POINT('',#14945);
#4348=VERTEX_POINT('',#14947);
#4349=VERTEX_POINT('',#14951);
#4350=VERTEX_POINT('',#14958);
#4351=VERTEX_POINT('',#14991);
#4352=VERTEX_POINT('',#14996);
#4353=VERTEX_POINT('',#14998);
#4354=VERTEX_POINT('',#15000);
#4355=VERTEX_POINT('',#15015);
#4356=VERTEX_POINT('',#15084);
#4357=VERTEX_POINT('',#15086);
#4358=VERTEX_POINT('',#15093);
#4359=VERTEX_POINT('',#15117);
#4360=VERTEX_POINT('',#15119);
#4361=VERTEX_POINT('',#15121);
#4362=VERTEX_POINT('',#15123);
#4363=VERTEX_POINT('',#15127);
#4364=VERTEX_POINT('',#15129);
#4365=VERTEX_POINT('',#15130);
#4366=VERTEX_POINT('',#15134);
#4367=VERTEX_POINT('',#15136);
#4368=VERTEX_POINT('',#15139);
#4369=VERTEX_POINT('',#15141);
#4370=VERTEX_POINT('',#15144);
#4371=VERTEX_POINT('',#15146);
#4372=VERTEX_POINT('',#15149);
#4373=VERTEX_POINT('',#15153);
#4374=VERTEX_POINT('',#15159);
#4375=VERTEX_POINT('',#15169);
#4376=VERTEX_POINT('',#15175);
#4377=VERTEX_POINT('',#15178);
#4378=VERTEX_POINT('',#15181);
#4379=VERTEX_POINT('',#15184);
#4380=VERTEX_POINT('',#15232);
#4381=VERTEX_POINT('',#15236);
#4382=VERTEX_POINT('',#15251);
#4383=VERTEX_POINT('',#15253);
#4384=VERTEX_POINT('',#15257);
#4385=VERTEX_POINT('',#15264);
#4386=VERTEX_POINT('',#15266);
#4387=VERTEX_POINT('',#15270);
#4388=VERTEX_POINT('',#15272);
#4389=VERTEX_POINT('',#15276);
#4390=VERTEX_POINT('',#15280);
#4391=VERTEX_POINT('',#15284);
#4392=VERTEX_POINT('',#15288);
#4393=VERTEX_POINT('',#15295);
#4394=VERTEX_POINT('',#15299);
#4395=VERTEX_POINT('',#15306);
#4396=VERTEX_POINT('',#15308);
#4397=VERTEX_POINT('',#15312);
#4398=VERTEX_POINT('',#15314);
#4399=VERTEX_POINT('',#15316);
#4400=VERTEX_POINT('',#15320);
#4401=VERTEX_POINT('',#15321);
#4402=VERTEX_POINT('',#15323);
#4403=VERTEX_POINT('',#15325);
#4404=VERTEX_POINT('',#15328);
#4405=VERTEX_POINT('',#15329);
#4406=VERTEX_POINT('',#15331);
#4407=VERTEX_POINT('',#15333);
#4408=VERTEX_POINT('',#15336);
#4409=VERTEX_POINT('',#15337);
#4410=VERTEX_POINT('',#15339);
#4411=VERTEX_POINT('',#15341);
#4412=VERTEX_POINT('',#15344);
#4413=VERTEX_POINT('',#15345);
#4414=VERTEX_POINT('',#15347);
#4415=VERTEX_POINT('',#15349);
#4416=VERTEX_POINT('',#15352);
#4417=VERTEX_POINT('',#15353);
#4418=VERTEX_POINT('',#15355);
#4419=VERTEX_POINT('',#15357);
#4420=VERTEX_POINT('',#15361);
#4421=VERTEX_POINT('',#15362);
#4422=VERTEX_POINT('',#15364);
#4423=VERTEX_POINT('',#15366);
#4424=VERTEX_POINT('',#15369);
#4425=VERTEX_POINT('',#15370);
#4426=VERTEX_POINT('',#15372);
#4427=VERTEX_POINT('',#15374);
#4428=VERTEX_POINT('',#15377);
#4429=VERTEX_POINT('',#15378);
#4430=VERTEX_POINT('',#15380);
#4431=VERTEX_POINT('',#15382);
#4432=VERTEX_POINT('',#15385);
#4433=VERTEX_POINT('',#15386);
#4434=VERTEX_POINT('',#15388);
#4435=VERTEX_POINT('',#15390);
#4436=VERTEX_POINT('',#15393);
#4437=VERTEX_POINT('',#15394);
#4438=VERTEX_POINT('',#15396);
#4439=VERTEX_POINT('',#15398);
#4440=VERTEX_POINT('',#15497);
#4441=VERTEX_POINT('',#15498);
#4442=VERTEX_POINT('',#15500);
#4443=VERTEX_POINT('',#15502);
#4444=VERTEX_POINT('',#15506);
#4445=VERTEX_POINT('',#15507);
#4446=VERTEX_POINT('',#15509);
#4447=VERTEX_POINT('',#15511);
#4448=VERTEX_POINT('',#15513);
#4449=VERTEX_POINT('',#15515);
#4450=VERTEX_POINT('',#15517);
#4451=VERTEX_POINT('',#15519);
#4452=VERTEX_POINT('',#15521);
#4453=VERTEX_POINT('',#15523);
#4454=VERTEX_POINT('',#15525);
#4455=VERTEX_POINT('',#15527);
#4456=VERTEX_POINT('',#15529);
#4457=VERTEX_POINT('',#15531);
#4458=VERTEX_POINT('',#15533);
#4459=VERTEX_POINT('',#15535);
#4460=VERTEX_POINT('',#15537);
#4461=VERTEX_POINT('',#15539);
#4462=VERTEX_POINT('',#15541);
#4463=VERTEX_POINT('',#15543);
#4464=VERTEX_POINT('',#15545);
#4465=VERTEX_POINT('',#15547);
#4466=VERTEX_POINT('',#15549);
#4467=VERTEX_POINT('',#15551);
#4468=VERTEX_POINT('',#15553);
#4469=VERTEX_POINT('',#15555);
#4470=VERTEX_POINT('',#15557);
#4471=VERTEX_POINT('',#15559);
#4472=VERTEX_POINT('',#15561);
#4473=VERTEX_POINT('',#15563);
#4474=VERTEX_POINT('',#15565);
#4475=VERTEX_POINT('',#15567);
#4476=VERTEX_POINT('',#15569);
#4477=VERTEX_POINT('',#15571);
#4478=VERTEX_POINT('',#15573);
#4479=VERTEX_POINT('',#15575);
#4480=VERTEX_POINT('',#15577);
#4481=VERTEX_POINT('',#15579);
#4482=VERTEX_POINT('',#15581);
#4483=VERTEX_POINT('',#15583);
#4484=VERTEX_POINT('',#15585);
#4485=VERTEX_POINT('',#15587);
#4486=VERTEX_POINT('',#15589);
#4487=VERTEX_POINT('',#15591);
#4488=VERTEX_POINT('',#15594);
#4489=VERTEX_POINT('',#15596);
#4490=VERTEX_POINT('',#15598);
#4491=VERTEX_POINT('',#15600);
#4492=VERTEX_POINT('',#15602);
#4493=VERTEX_POINT('',#15604);
#4494=VERTEX_POINT('',#15606);
#4495=VERTEX_POINT('',#15608);
#4496=VERTEX_POINT('',#15610);
#4497=VERTEX_POINT('',#15612);
#4498=VERTEX_POINT('',#15614);
#4499=VERTEX_POINT('',#15616);
#4500=VERTEX_POINT('',#15618);
#4501=VERTEX_POINT('',#15620);
#4502=VERTEX_POINT('',#15622);
#4503=VERTEX_POINT('',#15624);
#4504=VERTEX_POINT('',#15626);
#4505=VERTEX_POINT('',#15628);
#4506=VERTEX_POINT('',#15630);
#4507=VERTEX_POINT('',#15632);
#4508=VERTEX_POINT('',#15634);
#4509=VERTEX_POINT('',#15636);
#4510=VERTEX_POINT('',#15638);
#4511=VERTEX_POINT('',#15640);
#4512=VERTEX_POINT('',#15642);
#4513=VERTEX_POINT('',#15644);
#4514=VERTEX_POINT('',#15648);
#4515=VERTEX_POINT('',#15650);
#4516=VERTEX_POINT('',#15652);
#4517=VERTEX_POINT('',#15656);
#4518=VERTEX_POINT('',#15658);
#4519=VERTEX_POINT('',#15662);
#4520=VERTEX_POINT('',#15666);
#4521=VERTEX_POINT('',#15670);
#4522=VERTEX_POINT('',#15674);
#4523=VERTEX_POINT('',#15678);
#4524=VERTEX_POINT('',#15682);
#4525=VERTEX_POINT('',#15686);
#4526=VERTEX_POINT('',#15690);
#4527=VERTEX_POINT('',#15694);
#4528=VERTEX_POINT('',#15698);
#4529=VERTEX_POINT('',#15702);
#4530=VERTEX_POINT('',#15706);
#4531=VERTEX_POINT('',#15710);
#4532=VERTEX_POINT('',#15714);
#4533=VERTEX_POINT('',#15718);
#4534=VERTEX_POINT('',#15722);
#4535=VERTEX_POINT('',#15726);
#4536=VERTEX_POINT('',#15730);
#4537=VERTEX_POINT('',#15734);
#4538=VERTEX_POINT('',#15738);
#4539=VERTEX_POINT('',#15742);
#4540=VERTEX_POINT('',#15746);
#4541=VERTEX_POINT('',#15750);
#4542=VERTEX_POINT('',#15754);
#4543=VERTEX_POINT('',#15758);
#4544=VERTEX_POINT('',#15762);
#4545=VERTEX_POINT('',#15766);
#4546=VERTEX_POINT('',#15768);
#4547=VERTEX_POINT('',#15770);
#4548=VERTEX_POINT('',#15772);
#4549=VERTEX_POINT('',#15774);
#4550=VERTEX_POINT('',#15776);
#4551=VERTEX_POINT('',#15780);
#4552=VERTEX_POINT('',#15782);
#4553=VERTEX_POINT('',#15785);
#4554=VERTEX_POINT('',#15787);
#4555=VERTEX_POINT('',#15790);
#4556=VERTEX_POINT('',#15792);
#4557=VERTEX_POINT('',#15796);
#4558=VERTEX_POINT('',#15798);
#4559=VERTEX_POINT('',#15802);
#4560=VERTEX_POINT('',#15804);
#4561=VERTEX_POINT('',#15806);
#4562=VERTEX_POINT('',#15810);
#4563=VERTEX_POINT('',#15814);
#4564=VERTEX_POINT('',#15818);
#4565=VERTEX_POINT('',#15822);
#4566=VERTEX_POINT('',#15823);
#4567=VERTEX_POINT('',#15828);
#4568=VERTEX_POINT('',#15831);
#4569=VERTEX_POINT('',#15834);
#4570=VERTEX_POINT('',#15837);
#4571=VERTEX_POINT('',#15839);
#4572=VERTEX_POINT('',#15841);
#4573=VERTEX_POINT('',#15843);
#4574=VERTEX_POINT('',#15845);
#4575=VERTEX_POINT('',#15847);
#4576=VERTEX_POINT('',#15849);
#4577=VERTEX_POINT('',#15851);
#4578=VERTEX_POINT('',#15853);
#4579=VERTEX_POINT('',#15855);
#4580=VERTEX_POINT('',#15857);
#4581=VERTEX_POINT('',#15859);
#4582=VERTEX_POINT('',#15861);
#4583=VERTEX_POINT('',#15863);
#4584=VERTEX_POINT('',#15865);
#4585=VERTEX_POINT('',#15867);
#4586=VERTEX_POINT('',#15869);
#4587=VERTEX_POINT('',#15871);
#4588=VERTEX_POINT('',#15873);
#4589=VERTEX_POINT('',#15875);
#4590=VERTEX_POINT('',#15877);
#4591=VERTEX_POINT('',#15879);
#4592=VERTEX_POINT('',#15881);
#4593=VERTEX_POINT('',#15883);
#4594=VERTEX_POINT('',#15885);
#4595=VERTEX_POINT('',#15887);
#4596=VERTEX_POINT('',#15889);
#4597=VERTEX_POINT('',#15891);
#4598=VERTEX_POINT('',#15893);
#4599=VERTEX_POINT('',#15895);
#4600=VERTEX_POINT('',#15897);
#4601=VERTEX_POINT('',#15899);
#4602=VERTEX_POINT('',#15901);
#4603=VERTEX_POINT('',#15903);
#4604=VERTEX_POINT('',#15905);
#4605=VERTEX_POINT('',#15907);
#4606=VERTEX_POINT('',#15910);
#4607=VERTEX_POINT('',#15913);
#4608=VERTEX_POINT('',#15915);
#4609=VERTEX_POINT('',#15919);
#4610=VERTEX_POINT('',#16009);
#4611=VERTEX_POINT('',#16010);
#4612=VERTEX_POINT('',#16012);
#4613=VERTEX_POINT('',#16014);
#4614=VERTEX_POINT('',#16018);
#4615=VERTEX_POINT('',#16020);
#4616=VERTEX_POINT('',#16023);
#4617=VERTEX_POINT('',#16026);
#4618=VERTEX_POINT('',#16028);
#4619=VERTEX_POINT('',#16032);
#4620=VERTEX_POINT('',#16034);
#4621=VERTEX_POINT('',#16036);
#4622=VERTEX_POINT('',#16038);
#4623=VERTEX_POINT('',#16040);
#4624=VERTEX_POINT('',#16042);
#4625=VERTEX_POINT('',#16046);
#4626=VERTEX_POINT('',#16048);
#4627=VERTEX_POINT('',#16052);
#4628=VERTEX_POINT('',#16053);
#4629=VERTEX_POINT('',#16055);
#4630=VERTEX_POINT('',#16057);
#4631=VERTEX_POINT('',#16059);
#4632=VERTEX_POINT('',#16061);
#4633=VERTEX_POINT('',#16063);
#4634=VERTEX_POINT('',#16065);
#4635=VERTEX_POINT('',#16067);
#4636=VERTEX_POINT('',#16069);
#4637=VERTEX_POINT('',#16071);
#4638=VERTEX_POINT('',#16073);
#4639=VERTEX_POINT('',#16075);
#4640=VERTEX_POINT('',#16077);
#4641=VERTEX_POINT('',#16079);
#4642=VERTEX_POINT('',#16081);
#4643=VERTEX_POINT('',#16083);
#4644=VERTEX_POINT('',#16085);
#4645=VERTEX_POINT('',#16087);
#4646=VERTEX_POINT('',#16089);
#4647=VERTEX_POINT('',#16091);
#4648=VERTEX_POINT('',#16093);
#4649=VERTEX_POINT('',#16095);
#4650=VERTEX_POINT('',#16097);
#4651=VERTEX_POINT('',#16099);
#4652=VERTEX_POINT('',#16101);
#4653=VERTEX_POINT('',#16103);
#4654=VERTEX_POINT('',#16105);
#4655=VERTEX_POINT('',#16107);
#4656=VERTEX_POINT('',#16109);
#4657=VERTEX_POINT('',#16111);
#4658=VERTEX_POINT('',#16113);
#4659=VERTEX_POINT('',#16115);
#4660=VERTEX_POINT('',#16117);
#4661=VERTEX_POINT('',#16119);
#4662=VERTEX_POINT('',#16121);
#4663=VERTEX_POINT('',#16123);
#4664=VERTEX_POINT('',#16125);
#4665=VERTEX_POINT('',#16127);
#4666=VERTEX_POINT('',#16129);
#4667=VERTEX_POINT('',#16131);
#4668=VERTEX_POINT('',#16133);
#4669=VERTEX_POINT('',#16135);
#4670=VERTEX_POINT('',#16137);
#4671=VERTEX_POINT('',#16140);
#4672=VERTEX_POINT('',#16142);
#4673=VERTEX_POINT('',#16144);
#4674=VERTEX_POINT('',#16146);
#4675=VERTEX_POINT('',#16148);
#4676=VERTEX_POINT('',#16150);
#4677=VERTEX_POINT('',#16152);
#4678=VERTEX_POINT('',#16154);
#4679=VERTEX_POINT('',#16156);
#4680=VERTEX_POINT('',#16158);
#4681=VERTEX_POINT('',#16160);
#4682=VERTEX_POINT('',#16162);
#4683=VERTEX_POINT('',#16164);
#4684=VERTEX_POINT('',#16166);
#4685=VERTEX_POINT('',#16168);
#4686=VERTEX_POINT('',#16170);
#4687=VERTEX_POINT('',#16172);
#4688=VERTEX_POINT('',#16174);
#4689=VERTEX_POINT('',#16176);
#4690=VERTEX_POINT('',#16178);
#4691=VERTEX_POINT('',#16180);
#4692=VERTEX_POINT('',#16182);
#4693=VERTEX_POINT('',#16184);
#4694=VERTEX_POINT('',#16186);
#4695=VERTEX_POINT('',#16188);
#4696=VERTEX_POINT('',#16192);
#4697=VERTEX_POINT('',#16193);
#4698=VERTEX_POINT('',#16196);
#4699=VERTEX_POINT('',#16200);
#4700=VERTEX_POINT('',#16202);
#4701=VERTEX_POINT('',#16206);
#4702=VERTEX_POINT('',#16210);
#4703=VERTEX_POINT('',#16214);
#4704=VERTEX_POINT('',#16218);
#4705=VERTEX_POINT('',#16222);
#4706=VERTEX_POINT('',#16226);
#4707=VERTEX_POINT('',#16230);
#4708=VERTEX_POINT('',#16234);
#4709=VERTEX_POINT('',#16238);
#4710=VERTEX_POINT('',#16242);
#4711=VERTEX_POINT('',#16246);
#4712=VERTEX_POINT('',#16250);
#4713=VERTEX_POINT('',#16254);
#4714=VERTEX_POINT('',#16258);
#4715=VERTEX_POINT('',#16262);
#4716=VERTEX_POINT('',#16266);
#4717=VERTEX_POINT('',#16270);
#4718=VERTEX_POINT('',#16274);
#4719=VERTEX_POINT('',#16278);
#4720=VERTEX_POINT('',#16282);
#4721=VERTEX_POINT('',#16286);
#4722=VERTEX_POINT('',#16290);
#4723=VERTEX_POINT('',#16294);
#4724=VERTEX_POINT('',#16298);
#4725=VERTEX_POINT('',#16302);
#4726=VERTEX_POINT('',#16308);
#4727=VERTEX_POINT('',#16310);
#4728=VERTEX_POINT('',#16313);
#4729=VERTEX_POINT('',#16315);
#4730=VERTEX_POINT('',#16318);
#4731=VERTEX_POINT('',#16320);
#4732=VERTEX_POINT('',#16324);
#4733=VERTEX_POINT('',#16326);
#4734=VERTEX_POINT('',#16330);
#4735=VERTEX_POINT('',#16332);
#4736=VERTEX_POINT('',#16334);
#4737=VERTEX_POINT('',#16338);
#4738=VERTEX_POINT('',#16342);
#4739=VERTEX_POINT('',#16346);
#4740=VERTEX_POINT('',#16350);
#4741=VERTEX_POINT('',#16353);
#4742=VERTEX_POINT('',#16355);
#4743=VERTEX_POINT('',#16357);
#4744=VERTEX_POINT('',#16359);
#4745=VERTEX_POINT('',#16361);
#4746=VERTEX_POINT('',#16363);
#4747=VERTEX_POINT('',#16365);
#4748=VERTEX_POINT('',#16367);
#4749=VERTEX_POINT('',#16369);
#4750=VERTEX_POINT('',#16371);
#4751=VERTEX_POINT('',#16373);
#4752=VERTEX_POINT('',#16375);
#4753=VERTEX_POINT('',#16377);
#4754=VERTEX_POINT('',#16379);
#4755=VERTEX_POINT('',#16381);
#4756=VERTEX_POINT('',#16383);
#4757=VERTEX_POINT('',#16385);
#4758=VERTEX_POINT('',#16387);
#4759=VERTEX_POINT('',#16389);
#4760=VERTEX_POINT('',#16391);
#4761=VERTEX_POINT('',#16393);
#4762=VERTEX_POINT('',#16395);
#4763=VERTEX_POINT('',#16397);
#4764=VERTEX_POINT('',#16399);
#4765=VERTEX_POINT('',#16401);
#4766=VERTEX_POINT('',#16403);
#4767=VERTEX_POINT('',#16405);
#4768=VERTEX_POINT('',#16407);
#4769=VERTEX_POINT('',#16409);
#4770=VERTEX_POINT('',#16411);
#4771=VERTEX_POINT('',#16413);
#4772=VERTEX_POINT('',#16415);
#4773=VERTEX_POINT('',#16417);
#4774=VERTEX_POINT('',#16419);
#4775=VERTEX_POINT('',#16421);
#4776=VERTEX_POINT('',#16423);
#4777=VERTEX_POINT('',#16426);
#4778=VERTEX_POINT('',#16429);
#4779=VERTEX_POINT('',#16514);
#4780=EDGE_CURVE('',#3851,#3852,#1445,.F.);
#4781=EDGE_CURVE('',#3851,#3853,#1446,.T.);
#4782=EDGE_CURVE('',#3853,#3854,#1447,.T.);
#4783=EDGE_CURVE('',#3854,#3855,#1448,.T.);
#4784=EDGE_CURVE('',#3855,#3852,#1449,.T.);
#4785=EDGE_CURVE('',#3856,#3851,#1450,.F.);
#4786=EDGE_CURVE('',#3856,#3857,#1451,.T.);
#4787=EDGE_CURVE('',#3857,#3858,#1452,.T.);
#4788=EDGE_CURVE('',#3858,#3853,#1453,.T.);
#4789=EDGE_CURVE('',#3854,#3859,#1454,.T.);
#4790=EDGE_CURVE('',#3860,#3853,#1455,.T.);
#4791=EDGE_CURVE('',#3860,#3861,#1456,.T.);
#4792=EDGE_CURVE('',#3862,#3861,#1457,.T.);
#4793=EDGE_CURVE('',#3863,#3862,#1458,.T.);
#4794=EDGE_CURVE('',#3864,#3863,#1459,.T.);
#4795=EDGE_CURVE('',#3865,#3864,#1460,.T.);
#4796=EDGE_CURVE('',#3866,#3865,#1461,.T.);
#4797=EDGE_CURVE('',#3866,#3867,#1462,.T.);
#4798=EDGE_CURVE('',#3868,#3867,#1463,.T.);
#4799=EDGE_CURVE('',#3859,#3868,#1464,.T.);
#4800=EDGE_CURVE('',#3869,#3858,#1465,.T.);
#4801=EDGE_CURVE('',#3870,#3869,#1466,.T.);
#4802=EDGE_CURVE('',#3871,#3870,#1467,.T.);
#4803=EDGE_CURVE('',#3872,#3871,#1468,.T.);
#4804=EDGE_CURVE('',#3872,#3873,#220,.T.);
#4805=EDGE_CURVE('',#3873,#3874,#1469,.T.);
#4806=EDGE_CURVE('',#3874,#3875,#1470,.T.);
#4807=EDGE_CURVE('',#3875,#3860,#1471,.T.);
#4808=EDGE_CURVE('',#3876,#3877,#221,.T.);
#4809=EDGE_CURVE('',#3877,#3878,#1472,.T.);
#4810=EDGE_CURVE('',#3878,#3879,#222,.T.);
#4811=EDGE_CURVE('',#3879,#3876,#1473,.T.);
#4812=EDGE_CURVE('',#3880,#3881,#223,.T.);
#4813=EDGE_CURVE('',#3881,#3882,#1474,.T.);
#4814=EDGE_CURVE('',#3882,#3883,#224,.T.);
#4815=EDGE_CURVE('',#3883,#3880,#1475,.T.);
#4816=EDGE_CURVE('',#3884,#3885,#225,.T.);
#4817=EDGE_CURVE('',#3885,#3886,#1476,.T.);
#4818=EDGE_CURVE('',#3886,#3887,#226,.T.);
#4819=EDGE_CURVE('',#3887,#3884,#1477,.T.);
#4820=EDGE_CURVE('',#3888,#3889,#227,.T.);
#4821=EDGE_CURVE('',#3889,#3890,#1478,.T.);
#4822=EDGE_CURVE('',#3890,#3891,#228,.T.);
#4823=EDGE_CURVE('',#3891,#3888,#1479,.T.);
#4824=EDGE_CURVE('',#3892,#3893,#229,.T.);
#4825=EDGE_CURVE('',#3893,#3894,#1480,.T.);
#4826=EDGE_CURVE('',#3894,#3895,#230,.T.);
#4827=EDGE_CURVE('',#3895,#3892,#1481,.T.);
#4828=EDGE_CURVE('',#3856,#3896,#1482,.T.);
#4829=EDGE_CURVE('',#3896,#3897,#231,.T.);
#4830=EDGE_CURVE('',#3897,#3898,#1483,.T.);
#4831=EDGE_CURVE('',#3899,#3898,#1484,.T.);
#4832=EDGE_CURVE('',#3899,#3900,#1485,.T.);
#4833=EDGE_CURVE('',#3900,#3901,#232,.T.);
#4834=EDGE_CURVE('',#3901,#3902,#1486,.T.);
#4835=EDGE_CURVE('',#3903,#3902,#1487,.T.);
#4836=EDGE_CURVE('',#3903,#3904,#1488,.T.);
#4837=EDGE_CURVE('',#3904,#3905,#233,.T.);
#4838=EDGE_CURVE('',#3905,#3906,#1489,.T.);
#4839=EDGE_CURVE('',#3906,#3907,#1490,.T.);
#4840=EDGE_CURVE('',#3907,#3908,#1491,.T.);
#4841=EDGE_CURVE('',#3909,#3908,#1492,.T.);
#4842=EDGE_CURVE('',#3910,#3909,#1493,.T.);
#4843=EDGE_CURVE('',#3910,#3911,#1494,.T.);
#4844=EDGE_CURVE('',#3911,#3912,#1495,.T.);
#4845=EDGE_CURVE('',#3912,#3857,#1496,.T.);
#4846=EDGE_CURVE('',#3913,#3914,#234,.T.);
#4847=EDGE_CURVE('',#3914,#3915,#1497,.T.);
#4848=EDGE_CURVE('',#3915,#3916,#235,.T.);
#4849=EDGE_CURVE('',#3916,#3913,#1498,.T.);
#4850=EDGE_CURVE('',#3917,#3918,#236,.T.);
#4851=EDGE_CURVE('',#3918,#3919,#1499,.T.);
#4852=EDGE_CURVE('',#3919,#3920,#237,.T.);
#4853=EDGE_CURVE('',#3920,#3917,#1500,.T.);
#4854=EDGE_CURVE('',#3921,#3922,#1501,.F.);
#4855=EDGE_CURVE('',#3921,#3923,#1502,.T.);
#4856=EDGE_CURVE('',#3923,#3865,#1503,.T.);
#4857=EDGE_CURVE('',#3864,#3922,#1504,.T.);
#4858=EDGE_CURVE('',#3922,#3924,#1505,.F.);
#4859=EDGE_CURVE('',#3864,#3925,#1506,.T.);
#4860=EDGE_CURVE('',#3925,#3926,#1507,.T.);
#4861=EDGE_CURVE('',#3926,#3924,#1508,.T.);
#4862=EDGE_CURVE('',#3927,#3926,#1509,.T.);
#4863=EDGE_CURVE('',#3928,#3927,#1510,.T.);
#4864=EDGE_CURVE('',#3929,#3928,#1511,.T.);
#4865=EDGE_CURVE('',#3930,#3929,#1512,.T.);
#4866=EDGE_CURVE('',#3931,#3930,#1513,.T.);
#4867=EDGE_CURVE('',#3931,#3932,#1514,.T.);
#4868=EDGE_CURVE('',#3932,#3933,#1515,.T.);
#4869=EDGE_CURVE('',#3933,#3934,#1516,.T.);
#4870=EDGE_CURVE('',#3934,#3935,#238,.T.);
#4871=EDGE_CURVE('',#3935,#3936,#1517,.T.);
#4872=EDGE_CURVE('',#3937,#3936,#1518,.T.);
#4873=EDGE_CURVE('',#3937,#3938,#1519,.T.);
#4874=EDGE_CURVE('',#3938,#3939,#239,.T.);
#4875=EDGE_CURVE('',#3939,#3940,#1520,.T.);
#4876=EDGE_CURVE('',#3941,#3940,#1521,.T.);
#4877=EDGE_CURVE('',#3941,#3942,#1522,.T.);
#4878=EDGE_CURVE('',#3942,#3943,#240,.T.);
#4879=EDGE_CURVE('',#3943,#3924,#1523,.T.);
#4880=EDGE_CURVE('',#3944,#3945,#241,.T.);
#4881=EDGE_CURVE('',#3945,#3946,#1524,.T.);
#4882=EDGE_CURVE('',#3946,#3947,#242,.T.);
#4883=EDGE_CURVE('',#3947,#3944,#1525,.T.);
#4884=EDGE_CURVE('',#3948,#3949,#243,.T.);
#4885=EDGE_CURVE('',#3949,#3950,#1526,.T.);
#4886=EDGE_CURVE('',#3950,#3951,#244,.T.);
#4887=EDGE_CURVE('',#3951,#3948,#1527,.T.);
#4888=EDGE_CURVE('',#3921,#3952,#1528,.T.);
#4889=EDGE_CURVE('',#3953,#3952,#1529,.T.);
#4890=EDGE_CURVE('',#3954,#3953,#1530,.T.);
#4891=EDGE_CURVE('',#3954,#3955,#1531,.T.);
#4892=EDGE_CURVE('',#3923,#3955,#1532,.T.);
#4893=EDGE_CURVE('',#3956,#3957,#1533,.T.);
#4894=EDGE_CURVE('',#3957,#3956,#245,.T.);
#4895=EDGE_CURVE('',#3932,#3958,#1534,.T.);
#4896=EDGE_CURVE('',#3959,#3958,#1535,.T.);
#4897=EDGE_CURVE('',#3933,#3959,#1536,.T.);
#4898=EDGE_CURVE('',#3960,#3961,#1537,.T.);
#4899=EDGE_CURVE('',#3962,#3960,#1538,.T.);
#4900=EDGE_CURVE('',#3963,#3962,#1539,.T.);
#4901=EDGE_CURVE('',#3961,#3963,#1540,.T.);
#4902=EDGE_CURVE('',#3964,#3959,#1541,.T.);
#4903=EDGE_CURVE('',#3934,#3964,#1542,.T.);
#4904=EDGE_CURVE('',#3965,#3964,#246,.T.);
#4905=EDGE_CURVE('',#3935,#3965,#1543,.T.);
#4906=EDGE_CURVE('',#3966,#3967,#1544,.T.);
#4907=EDGE_CURVE('',#3968,#3966,#1545,.T.);
#4908=EDGE_CURVE('',#3969,#3968,#1546,.T.);
#4909=EDGE_CURVE('',#3967,#3969,#1547,.T.);
#4910=EDGE_CURVE('',#3967,#3965,#1548,.T.);
#4911=EDGE_CURVE('',#3936,#3967,#1549,.T.);
#4912=EDGE_CURVE('',#3970,#3956,#1550,.T.);
#4913=EDGE_CURVE('',#3961,#3970,#247,.T.);
#4914=EDGE_CURVE('',#3968,#3963,#248,.T.);
#4915=EDGE_CURVE('',#3971,#3966,#249,.T.);
#4916=EDGE_CURVE('',#3957,#3971,#1551,.T.);
#4917=EDGE_CURVE('',#3960,#3931,#1552,.T.);
#4918=EDGE_CURVE('',#3958,#3960,#1553,.T.);
#4919=EDGE_CURVE('',#3971,#3972,#1554,.T.);
#4920=EDGE_CURVE('',#3972,#3973,#1555,.T.);
#4921=EDGE_CURVE('',#3973,#3974,#1556,.T.);
#4922=EDGE_CURVE('',#3974,#3975,#1557,.T.);
#4923=EDGE_CURVE('',#3975,#3976,#1558,.T.);
#4924=EDGE_CURVE('',#3976,#3977,#1559,.T.);
#4925=EDGE_CURVE('',#3977,#3978,#1560,.T.);
#4926=EDGE_CURVE('',#3978,#3979,#1561,.T.);
#4927=EDGE_CURVE('',#3979,#3980,#1562,.T.);
#4928=EDGE_CURVE('',#3980,#3981,#1563,.T.);
#4929=EDGE_CURVE('',#3981,#3982,#1564,.T.);
#4930=EDGE_CURVE('',#3982,#3983,#1565,.T.);
#4931=EDGE_CURVE('',#3983,#3984,#1566,.T.);
#4932=EDGE_CURVE('',#3985,#3984,#1567,.T.);
#4933=EDGE_CURVE('',#3985,#3986,#1568,.T.);
#4934=EDGE_CURVE('',#3986,#3987,#1569,.T.);
#4935=EDGE_CURVE('',#3987,#3988,#1570,.T.);
#4936=EDGE_CURVE('',#3989,#3988,#1571,.T.);
#4937=EDGE_CURVE('',#3989,#3990,#1572,.T.);
#4938=EDGE_CURVE('',#3990,#3991,#1573,.T.);
#4939=EDGE_CURVE('',#3991,#3992,#1574,.T.);
#4940=EDGE_CURVE('',#3993,#3992,#1575,.T.);
#4941=EDGE_CURVE('',#3993,#3994,#1576,.T.);
#4942=EDGE_CURVE('',#3994,#3995,#1577,.T.);
#4943=EDGE_CURVE('',#3995,#3996,#1578,.T.);
#4944=EDGE_CURVE('',#3997,#3996,#1579,.T.);
#4945=EDGE_CURVE('',#3997,#3998,#1580,.T.);
#4946=EDGE_CURVE('',#3998,#3999,#1581,.T.);
#4947=EDGE_CURVE('',#3999,#4000,#1582,.T.);
#4948=EDGE_CURVE('',#4001,#4000,#1583,.T.);
#4949=EDGE_CURVE('',#4001,#4002,#1584,.T.);
#4950=EDGE_CURVE('',#4002,#4003,#1585,.T.);
#4951=EDGE_CURVE('',#4003,#4004,#1586,.T.);
#4952=EDGE_CURVE('',#4005,#4004,#1587,.T.);
#4953=EDGE_CURVE('',#4006,#4005,#1588,.T.);
#4954=EDGE_CURVE('',#4006,#4007,#1589,.T.);
#4955=EDGE_CURVE('',#4007,#4008,#1590,.T.);
#4956=EDGE_CURVE('',#4009,#4008,#1591,.T.);
#4957=EDGE_CURVE('',#4009,#4010,#1592,.T.);
#4958=EDGE_CURVE('',#4010,#4011,#1593,.T.);
#4959=EDGE_CURVE('',#4011,#4012,#1594,.T.);
#4960=EDGE_CURVE('',#4012,#4013,#1595,.T.);
#4961=EDGE_CURVE('',#4013,#4014,#1596,.T.);
#4962=EDGE_CURVE('',#4014,#4015,#1597,.T.);
#4963=EDGE_CURVE('',#4015,#4016,#1598,.T.);
#4964=EDGE_CURVE('',#4016,#4017,#1599,.T.);
#4965=EDGE_CURVE('',#4017,#3970,#1600,.T.);
#4966=EDGE_CURVE('',#4018,#4019,#1601,.T.);
#4967=EDGE_CURVE('',#4019,#4020,#1602,.T.);
#4968=EDGE_CURVE('',#4020,#4018,#1603,.T.);
#4969=EDGE_CURVE('',#4021,#4022,#1604,.T.);
#4970=EDGE_CURVE('',#4022,#4023,#1605,.T.);
#4971=EDGE_CURVE('',#4023,#4024,#1606,.T.);
#4972=EDGE_CURVE('',#4024,#4025,#1607,.T.);
#4973=EDGE_CURVE('',#4025,#4021,#1608,.T.);
#4974=EDGE_CURVE('',#3967,#4026,#1609,.T.);
#4975=EDGE_CURVE('',#4026,#4027,#1610,.T.);
#4976=EDGE_CURVE('',#4027,#3972,#250,.T.);
#4977=EDGE_CURVE('',#3967,#4026,#1611,.T.);
#4978=EDGE_CURVE('',#4026,#3937,#1612,.T.);
#4979=EDGE_CURVE('',#3969,#4028,#1613,.T.);
#4980=EDGE_CURVE('',#4028,#4026,#1614,.T.);
#4981=EDGE_CURVE('',#3905,#4029,#1615,.T.);
#4982=EDGE_CURVE('',#4030,#4029,#1616,.T.);
#4983=EDGE_CURVE('',#3906,#4030,#1617,.T.);
#4984=EDGE_CURVE('',#3904,#4031,#1618,.T.);
#4985=EDGE_CURVE('',#4029,#4031,#251,.T.);
#4986=EDGE_CURVE('',#4032,#3903,#1619,.T.);
#4987=EDGE_CURVE('',#4032,#4033,#1620,.T.);
#4988=EDGE_CURVE('',#4034,#4033,#1621,.T.);
#4989=EDGE_CURVE('',#4031,#4034,#1622,.T.);
#4990=EDGE_CURVE('',#3994,#3995,#252,.T.);
#4991=EDGE_CURVE('',#4035,#4030,#1623,.T.);
#4992=EDGE_CURVE('',#3907,#4035,#1624,.T.);
#4993=EDGE_CURVE('',#4036,#4032,#253,.T.);
#4994=EDGE_CURVE('',#4037,#4036,#1625,.T.);
#4995=EDGE_CURVE('',#3996,#4037,#254,.T.);
#4996=EDGE_CURVE('',#4033,#3993,#255,.T.);
#4997=EDGE_CURVE('',#3908,#4036,#1626,.T.);
#4998=EDGE_CURVE('',#4038,#4035,#1627,.T.);
#4999=EDGE_CURVE('',#4037,#4038,#1628,.T.);
#5000=EDGE_CURVE('',#4039,#3855,#1629,.T.);
#5001=EDGE_CURVE('',#4040,#4039,#1630,.T.);
#5002=EDGE_CURVE('',#4040,#4041,#1631,.T.);
#5003=EDGE_CURVE('',#4042,#4041,#1632,.T.);
#5004=EDGE_CURVE('',#4042,#3852,#1633,.T.);
#5005=EDGE_CURVE('',#4034,#4043,#1634,.T.);
#5006=EDGE_CURVE('',#4043,#4044,#1635,.T.);
#5007=EDGE_CURVE('',#4044,#4045,#256,.T.);
#5008=EDGE_CURVE('',#4045,#4046,#1636,.T.);
#5009=EDGE_CURVE('',#4046,#4047,#1637,.T.);
#5010=EDGE_CURVE('',#4047,#4048,#1638,.T.);
#5011=EDGE_CURVE('',#4048,#4049,#257,.T.);
#5012=EDGE_CURVE('',#4049,#4050,#1639,.T.);
#5013=EDGE_CURVE('',#4050,#4051,#1640,.T.);
#5014=EDGE_CURVE('',#4051,#4052,#1641,.T.);
#5015=EDGE_CURVE('',#4052,#4053,#1642,.T.);
#5016=EDGE_CURVE('',#4053,#4054,#1643,.T.);
#5017=EDGE_CURVE('',#4054,#4055,#1644,.T.);
#5018=EDGE_CURVE('',#3870,#4055,#1645,.T.);
#5019=EDGE_CURVE('',#4056,#3869,#1646,.T.);
#5020=EDGE_CURVE('',#4057,#4056,#1647,.T.);
#5021=EDGE_CURVE('',#4058,#4057,#1648,.T.);
#5022=EDGE_CURVE('',#4059,#4058,#1649,.T.);
#5023=EDGE_CURVE('',#4059,#4038,#1650,.T.);
#5024=EDGE_CURVE('',#4060,#4061,#258,.T.);
#5025=EDGE_CURVE('',#4061,#4062,#1651,.T.);
#5026=EDGE_CURVE('',#4062,#4063,#259,.T.);
#5027=EDGE_CURVE('',#4063,#4060,#1652,.T.);
#5028=EDGE_CURVE('',#4064,#4065,#260,.T.);
#5029=EDGE_CURVE('',#4065,#4066,#1653,.T.);
#5030=EDGE_CURVE('',#4066,#4067,#261,.T.);
#5031=EDGE_CURVE('',#4067,#4064,#1654,.T.);
#5032=EDGE_CURVE('',#3992,#4068,#262,.T.);
#5033=EDGE_CURVE('',#4068,#4043,#1655,.T.);
#5034=EDGE_CURVE('',#4069,#4070,#1656,.T.);
#5035=EDGE_CURVE('',#4071,#4069,#1657,.T.);
#5036=EDGE_CURVE('',#4072,#4071,#1658,.T.);
#5037=EDGE_CURVE('',#4070,#4072,#1659,.T.);
#5038=EDGE_CURVE('',#4073,#4069,#263,.T.);
#5039=EDGE_CURVE('',#4073,#4074,#1660,.T.);
#5040=EDGE_CURVE('',#4071,#4074,#264,.T.);
#5041=EDGE_CURVE('',#4016,#4015,#265,.T.);
#5042=EDGE_CURVE('',#4070,#4075,#266,.T.);
#5043=EDGE_CURVE('',#4017,#4072,#267,.T.);
#5044=EDGE_CURVE('',#4076,#4014,#268,.T.);
#5045=EDGE_CURVE('',#4075,#4076,#1661,.T.);
#5046=EDGE_CURVE('',#4075,#4073,#1662,.T.);
#5047=EDGE_CURVE('',#4074,#4076,#1663,.T.);
#5048=EDGE_CURVE('',#4013,#4077,#269,.T.);
#5049=EDGE_CURVE('',#4077,#4078,#1664,.T.);
#5050=EDGE_CURVE('',#4078,#4079,#270,.T.);
#5051=EDGE_CURVE('',#4079,#4080,#1665,.T.);
#5052=EDGE_CURVE('',#4080,#4010,#271,.T.);
#5053=EDGE_CURVE('',#4081,#4009,#1666,.T.);
#5054=EDGE_CURVE('',#4081,#4082,#1667,.T.);
#5055=EDGE_CURVE('',#4082,#3960,#1668,.T.);
#5056=EDGE_CURVE('',#4083,#4084,#272,.T.);
#5057=EDGE_CURVE('',#4083,#3951,#1669,.T.);
#5058=EDGE_CURVE('',#3950,#4084,#1670,.T.);
#5059=EDGE_CURVE('',#4084,#4085,#1671,.T.);
#5060=EDGE_CURVE('',#3949,#4085,#1672,.T.);
#5061=EDGE_CURVE('',#4085,#4086,#273,.T.);
#5062=EDGE_CURVE('',#3948,#4086,#1673,.T.);
#5063=EDGE_CURVE('',#4086,#4083,#1674,.T.);
#5064=EDGE_CURVE('',#3974,#3973,#274,.T.);
#5065=EDGE_CURVE('',#4087,#4027,#1675,.T.);
#5066=EDGE_CURVE('',#4088,#4087,#275,.T.);
#5067=EDGE_CURVE('',#4088,#4089,#1676,.T.);
#5068=EDGE_CURVE('',#3975,#4089,#276,.T.);
#5069=EDGE_CURVE('',#4090,#4088,#1677,.T.);
#5070=EDGE_CURVE('',#4091,#4090,#1678,.T.);
#5071=EDGE_CURVE('',#4089,#4091,#1679,.T.);
#5072=EDGE_CURVE('',#4092,#3939,#1680,.T.);
#5073=EDGE_CURVE('',#4091,#4092,#1681,.T.);
#5074=EDGE_CURVE('',#3940,#4091,#1682,.T.);
#5075=EDGE_CURVE('',#4087,#4028,#1683,.T.);
#5076=EDGE_CURVE('',#4093,#4026,#1684,.T.);
#5077=EDGE_CURVE('',#3938,#4093,#1685,.T.);
#5078=EDGE_CURVE('',#4092,#4093,#277,.T.);
#5079=EDGE_CURVE('',#4094,#3962,#1686,.T.);
#5080=EDGE_CURVE('',#4094,#4095,#1687,.T.);
#5081=EDGE_CURVE('',#4095,#4096,#1688,.T.);
#5082=EDGE_CURVE('',#4097,#4096,#1689,.T.);
#5083=EDGE_CURVE('',#4098,#4097,#1690,.T.);
#5084=EDGE_CURVE('',#4098,#4099,#1691,.T.);
#5085=EDGE_CURVE('',#4099,#4100,#278,.T.);
#5086=EDGE_CURVE('',#4100,#4101,#1692,.T.);
#5087=EDGE_CURVE('',#4090,#4101,#1693,.T.);
#5088=EDGE_CURVE('',#4102,#4103,#279,.T.);
#5089=EDGE_CURVE('',#4103,#4104,#1694,.T.);
#5090=EDGE_CURVE('',#4104,#4105,#280,.T.);
#5091=EDGE_CURVE('',#4105,#4102,#1695,.T.);
#5092=EDGE_CURVE('',#4082,#3930,#1696,.T.);
#5093=EDGE_CURVE('',#4082,#3960,#1697,.T.);
#5094=EDGE_CURVE('',#4091,#4106,#1698,.T.);
#5095=EDGE_CURVE('',#4106,#3941,#1699,.T.);
#5096=EDGE_CURVE('',#4091,#4106,#1700,.T.);
#5097=EDGE_CURVE('',#4106,#4107,#1701,.T.);
#5098=EDGE_CURVE('',#4107,#3976,#281,.T.);
#5099=EDGE_CURVE('',#4108,#4082,#1702,.T.);
#5100=EDGE_CURVE('',#4108,#4109,#1703,.T.);
#5101=EDGE_CURVE('',#4110,#4109,#1704,.T.);
#5102=EDGE_CURVE('',#4110,#4111,#1705,.T.);
#5103=EDGE_CURVE('',#4111,#4112,#1706,.T.);
#5104=EDGE_CURVE('',#4112,#4113,#1707,.T.);
#5105=EDGE_CURVE('',#4113,#4114,#1708,.T.);
#5106=EDGE_CURVE('',#4114,#4115,#1709,.T.);
#5107=EDGE_CURVE('',#4115,#4116,#1710,.T.);
#5108=EDGE_CURVE('',#4117,#4116,#1711,.T.);
#5109=EDGE_CURVE('',#4118,#4117,#1712,.T.);
#5110=EDGE_CURVE('',#4118,#4119,#1713,.T.);
#5111=EDGE_CURVE('',#4119,#4120,#282,.T.);
#5112=EDGE_CURVE('',#4120,#4106,#1714,.T.);
#5113=EDGE_CURVE('',#4121,#4122,#283,.T.);
#5114=EDGE_CURVE('',#4122,#4123,#1715,.T.);
#5115=EDGE_CURVE('',#4123,#4124,#284,.T.);
#5116=EDGE_CURVE('',#4124,#4121,#1716,.T.);
#5117=EDGE_CURVE('',#4125,#4081,#1717,.T.);
#5118=EDGE_CURVE('',#4126,#4125,#1718,.T.);
#5119=EDGE_CURVE('',#4126,#4127,#1719,.T.);
#5120=EDGE_CURVE('',#4127,#4128,#1720,.T.);
#5121=EDGE_CURVE('',#4094,#4128,#27,.T.);
#5122=EDGE_CURVE('',#4078,#4105,#1721,.T.);
#5123=EDGE_CURVE('',#4102,#4077,#1722,.T.);
#5124=EDGE_CURVE('',#4104,#4079,#1723,.T.);
#5125=EDGE_CURVE('',#4012,#4011,#285,.T.);
#5126=EDGE_CURVE('',#4103,#4080,#1724,.T.);
#5127=EDGE_CURVE('',#4118,#4098,#1725,.T.);
#5128=EDGE_CURVE('',#4129,#4118,#1726,.T.);
#5129=EDGE_CURVE('',#4099,#4129,#1727,.T.);
#5130=EDGE_CURVE('',#4119,#3943,#1728,.T.);
#5131=EDGE_CURVE('',#3952,#4118,#1729,.T.);
#5132=EDGE_CURVE('',#4100,#4107,#1730,.T.);
#5133=EDGE_CURVE('',#4101,#4106,#1731,.T.);
#5134=EDGE_CURVE('',#3979,#4129,#286,.T.);
#5135=EDGE_CURVE('',#3978,#3977,#287,.T.);
#5136=EDGE_CURVE('',#3942,#4120,#1732,.T.);
#5137=EDGE_CURVE('',#4117,#3953,#1733,.T.);
#5138=EDGE_CURVE('',#3990,#3991,#288,.T.);
#5139=EDGE_CURVE('',#4130,#3989,#289,.T.);
#5140=EDGE_CURVE('',#4131,#4130,#1734,.T.);
#5141=EDGE_CURVE('',#4132,#4131,#290,.T.);
#5142=EDGE_CURVE('',#4132,#4068,#1735,.T.);
#5143=EDGE_CURVE('',#3902,#4132,#1736,.T.);
#5144=EDGE_CURVE('',#3901,#4044,#1737,.T.);
#5145=EDGE_CURVE('',#4045,#3900,#1738,.T.);
#5146=EDGE_CURVE('',#4046,#4130,#1739,.T.);
#5147=EDGE_CURVE('',#4131,#3899,#1740,.T.);
#5148=EDGE_CURVE('',#4133,#4059,#1741,.T.);
#5149=EDGE_CURVE('',#4005,#4133,#1742,.T.);
#5150=EDGE_CURVE('',#4004,#4134,#291,.T.);
#5151=EDGE_CURVE('',#4134,#4135,#1743,.T.);
#5152=EDGE_CURVE('',#4135,#4136,#292,.T.);
#5153=EDGE_CURVE('',#4136,#4137,#1744,.T.);
#5154=EDGE_CURVE('',#4137,#4001,#293,.T.);
#5155=EDGE_CURVE('',#4000,#4138,#294,.T.);
#5156=EDGE_CURVE('',#4138,#4139,#1745,.T.);
#5157=EDGE_CURVE('',#4139,#4140,#295,.T.);
#5158=EDGE_CURVE('',#4140,#4141,#1746,.T.);
#5159=EDGE_CURVE('',#4141,#3997,#296,.T.);
#5160=EDGE_CURVE('',#3988,#4142,#297,.T.);
#5161=EDGE_CURVE('',#4142,#4047,#1747,.T.);
#5162=EDGE_CURVE('',#4143,#4135,#1748,.T.);
#5163=EDGE_CURVE('',#4144,#4143,#298,.T.);
#5164=EDGE_CURVE('',#4136,#4144,#1749,.T.);
#5165=EDGE_CURVE('',#4145,#4144,#1750,.T.);
#5166=EDGE_CURVE('',#4145,#4137,#1751,.T.);
#5167=EDGE_CURVE('',#4002,#4003,#299,.T.);
#5168=EDGE_CURVE('',#4146,#4145,#300,.T.);
#5169=EDGE_CURVE('',#4146,#4134,#1752,.T.);
#5170=EDGE_CURVE('',#4143,#4146,#1753,.T.);
#5171=EDGE_CURVE('',#4067,#3915,#1754,.T.);
#5172=EDGE_CURVE('',#3916,#4066,#1755,.T.);
#5173=EDGE_CURVE('',#3913,#4065,#1756,.T.);
#5174=EDGE_CURVE('',#3914,#4064,#1757,.T.);
#5175=EDGE_CURVE('',#3986,#3987,#301,.T.);
#5176=EDGE_CURVE('',#4147,#3985,#302,.T.);
#5177=EDGE_CURVE('',#4148,#4147,#1758,.T.);
#5178=EDGE_CURVE('',#4149,#4148,#303,.T.);
#5179=EDGE_CURVE('',#4149,#4142,#1759,.T.);
#5180=EDGE_CURVE('',#3898,#4149,#1760,.T.);
#5181=EDGE_CURVE('',#3897,#4048,#1761,.T.);
#5182=EDGE_CURVE('',#4049,#3896,#1762,.T.);
#5183=EDGE_CURVE('',#4050,#4147,#1763,.T.);
#5184=EDGE_CURVE('',#4148,#4042,#1764,.T.);
#5185=EDGE_CURVE('',#3984,#4051,#1765,.T.);
#5186=EDGE_CURVE('',#3920,#4062,#1766,.T.);
#5187=EDGE_CURVE('',#4063,#3919,#1767,.T.);
#5188=EDGE_CURVE('',#3918,#4060,#1768,.T.);
#5189=EDGE_CURVE('',#3917,#4061,#1769,.T.);
#5190=EDGE_CURVE('',#4150,#4139,#1770,.T.);
#5191=EDGE_CURVE('',#4151,#4150,#304,.T.);
#5192=EDGE_CURVE('',#4140,#4151,#1771,.T.);
#5193=EDGE_CURVE('',#4152,#4151,#1772,.T.);
#5194=EDGE_CURVE('',#4152,#4141,#1773,.T.);
#5195=EDGE_CURVE('',#3998,#3999,#305,.T.);
#5196=EDGE_CURVE('',#4153,#4152,#306,.T.);
#5197=EDGE_CURVE('',#4153,#4138,#1774,.T.);
#5198=EDGE_CURVE('',#4150,#4153,#1775,.T.);
#5199=EDGE_CURVE('',#4123,#3947,#1776,.T.);
#5200=EDGE_CURVE('',#3946,#4124,#1777,.T.);
#5201=EDGE_CURVE('',#3945,#4121,#1778,.T.);
#5202=EDGE_CURVE('',#3944,#4122,#1779,.T.);
#5203=EDGE_CURVE('',#4154,#4155,#307,.T.);
#5204=EDGE_CURVE('',#4156,#4154,#1780,.T.);
#5205=EDGE_CURVE('',#4157,#4156,#1781,.T.);
#5206=EDGE_CURVE('',#4157,#4155,#1782,.T.);
#5207=EDGE_CURVE('',#4155,#3873,#1783,.T.);
#5208=EDGE_CURVE('',#3874,#4157,#1784,.T.);
#5209=EDGE_CURVE('',#4158,#4154,#1785,.T.);
#5210=EDGE_CURVE('',#4159,#4158,#1786,.T.);
#5211=EDGE_CURVE('',#4156,#4159,#1787,.T.);
#5212=EDGE_CURVE('',#4160,#4161,#308,.T.);
#5213=EDGE_CURVE('',#4162,#4160,#309,.T.);
#5214=EDGE_CURVE('',#4163,#4162,#310,.T.);
#5215=EDGE_CURVE('',#4164,#4163,#311,.T.);
#5216=EDGE_CURVE('',#4164,#4165,#1788,.T.);
#5217=EDGE_CURVE('',#4158,#4165,#312,.T.);
#5218=EDGE_CURVE('',#4166,#3872,#1789,.T.);
#5219=EDGE_CURVE('',#4167,#4166,#313,.T.);
#5220=EDGE_CURVE('',#4168,#4167,#1790,.T.);
#5221=EDGE_CURVE('',#4165,#4168,#314,.T.);
#5222=EDGE_CURVE('',#4161,#4164,#315,.T.);
#5223=EDGE_CURVE('',#3863,#4169,#1791,.T.);
#5224=EDGE_CURVE('',#4169,#4159,#1792,.T.);
#5225=EDGE_CURVE('',#4170,#4168,#1793,.T.);
#5226=EDGE_CURVE('',#4171,#4170,#1794,.T.);
#5227=EDGE_CURVE('',#4171,#4172,#1795,.T.);
#5228=EDGE_CURVE('',#4173,#4172,#1796,.T.);
#5229=EDGE_CURVE('',#4112,#4173,#1797,.T.);
#5230=EDGE_CURVE('',#3925,#4111,#1798,.T.);
#5231=EDGE_CURVE('',#4174,#4175,#316,.T.);
#5232=EDGE_CURVE('',#4175,#4176,#1799,.T.);
#5233=EDGE_CURVE('',#4176,#4177,#317,.T.);
#5234=EDGE_CURVE('',#4177,#4174,#1800,.T.);
#5235=EDGE_CURVE('',#4178,#4179,#318,.T.);
#5236=EDGE_CURVE('',#4179,#4180,#1801,.T.);
#5237=EDGE_CURVE('',#4180,#4181,#319,.T.);
#5238=EDGE_CURVE('',#4181,#4178,#1802,.T.);
#5239=EDGE_CURVE('',#4182,#4183,#320,.T.);
#5240=EDGE_CURVE('',#4183,#4184,#1803,.T.);
#5241=EDGE_CURVE('',#4184,#4185,#321,.T.);
#5242=EDGE_CURVE('',#4185,#4182,#1804,.T.);
#5243=EDGE_CURVE('',#4186,#4187,#1805,.T.);
#5244=EDGE_CURVE('',#4187,#4188,#322,.T.);
#5245=EDGE_CURVE('',#4188,#4189,#1806,.T.);
#5246=EDGE_CURVE('',#4189,#4186,#323,.T.);
#5247=EDGE_CURVE('',#4190,#4191,#324,.T.);
#5248=EDGE_CURVE('',#4191,#4192,#1807,.T.);
#5249=EDGE_CURVE('',#4192,#4193,#325,.T.);
#5250=EDGE_CURVE('',#4193,#4190,#1808,.T.);
#5251=EDGE_CURVE('',#4194,#4195,#1809,.T.);
#5252=EDGE_CURVE('',#4195,#4196,#1810,.T.);
#5253=EDGE_CURVE('',#4196,#4197,#1811,.T.);
#5254=EDGE_CURVE('',#4197,#4194,#1812,.T.);
#5255=EDGE_CURVE('',#4198,#4196,#1813,.T.);
#5256=EDGE_CURVE('',#4195,#4199,#1814,.T.);
#5257=EDGE_CURVE('',#4199,#4198,#1815,.T.);
#5258=EDGE_CURVE('',#4200,#4194,#1816,.T.);
#5259=EDGE_CURVE('',#4197,#4201,#1817,.T.);
#5260=EDGE_CURVE('',#4200,#4201,#1818,.T.);
#5261=EDGE_CURVE('',#4201,#4198,#1819,.T.);
#5262=EDGE_CURVE('',#4199,#4200,#1820,.T.);
#5263=EDGE_CURVE('',#4197,#4202,#1821,.T.);
#5264=EDGE_CURVE('',#4203,#4202,#1822,.T.);
#5265=EDGE_CURVE('',#4203,#4201,#1823,.T.);
#5266=EDGE_CURVE('',#3875,#4204,#1824,.T.);
#5267=EDGE_CURVE('',#3861,#4204,#1825,.T.);
#5268=EDGE_CURVE('',#4205,#4196,#1826,.T.);
#5269=EDGE_CURVE('',#4206,#4205,#1827,.T.);
#5270=EDGE_CURVE('',#4207,#4206,#1828,.T.);
#5271=EDGE_CURVE('',#4207,#4208,#1829,.T.);
#5272=EDGE_CURVE('',#4208,#4209,#1830,.T.);
#5273=EDGE_CURVE('',#4210,#4209,#1831,.T.);
#5274=EDGE_CURVE('',#4210,#4211,#1832,.T.);
#5275=EDGE_CURVE('',#4211,#4212,#1833,.T.);
#5276=EDGE_CURVE('',#4213,#4212,#1834,.T.);
#5277=EDGE_CURVE('',#4202,#4213,#1835,.T.);
#5278=EDGE_CURVE('',#4214,#4215,#1836,.T.);
#5279=EDGE_CURVE('',#4215,#4210,#1837,.T.);
#5280=EDGE_CURVE('',#4209,#4214,#1838,.T.);
#5281=EDGE_CURVE('',#4215,#4216,#1839,.T.);
#5282=EDGE_CURVE('',#4216,#4217,#1840,.T.);
#5283=EDGE_CURVE('',#4217,#4210,#1841,.T.);
#5284=EDGE_CURVE('',#4218,#4217,#1842,.T.);
#5285=EDGE_CURVE('',#4216,#4219,#1843,.T.);
#5286=EDGE_CURVE('',#4219,#4218,#1844,.T.);
#5287=EDGE_CURVE('',#4209,#4218,#1845,.T.);
#5288=EDGE_CURVE('',#4219,#4214,#1846,.T.);
#5289=EDGE_CURVE('',#4220,#4208,#1847,.T.);
#5290=EDGE_CURVE('',#4220,#4218,#1848,.T.);
#5291=EDGE_CURVE('',#4221,#4211,#1849,.T.);
#5292=EDGE_CURVE('',#4221,#4222,#1850,.T.);
#5293=EDGE_CURVE('',#4163,#4222,#1851,.T.);
#5294=EDGE_CURVE('',#4163,#4162,#1852,.T.);
#5295=EDGE_CURVE('',#4212,#4162,#1853,.T.);
#5296=EDGE_CURVE('',#4223,#4207,#1854,.T.);
#5297=EDGE_CURVE('',#4223,#4220,#1855,.T.);
#5298=EDGE_CURVE('',#4224,#3868,#1856,.T.);
#5299=EDGE_CURVE('',#3867,#4225,#1857,.T.);
#5300=EDGE_CURVE('',#4225,#4224,#1858,.T.);
#5301=EDGE_CURVE('',#4226,#4227,#1859,.T.);
#5302=EDGE_CURVE('',#4227,#4228,#1860,.T.);
#5303=EDGE_CURVE('',#4229,#4228,#1861,.T.);
#5304=EDGE_CURVE('',#4226,#4229,#1862,.T.);
#5305=EDGE_CURVE('',#4230,#4226,#1863,.T.);
#5306=EDGE_CURVE('',#4231,#4229,#1864,.T.);
#5307=EDGE_CURVE('',#4230,#4231,#1865,.T.);
#5308=EDGE_CURVE('',#4232,#4230,#1866,.T.);
#5309=EDGE_CURVE('',#4233,#4231,#1867,.T.);
#5310=EDGE_CURVE('',#4232,#4233,#1868,.T.);
#5311=EDGE_CURVE('',#4227,#4232,#1869,.T.);
#5312=EDGE_CURVE('',#4228,#4233,#1870,.T.);
#5313=EDGE_CURVE('',#4204,#4234,#1871,.T.);
#5314=EDGE_CURVE('',#4234,#3862,#1872,.T.);
#5315=EDGE_CURVE('',#4235,#4206,#1873,.T.);
#5316=EDGE_CURVE('',#4235,#4223,#1874,.T.);
#5317=EDGE_CURVE('',#4236,#4167,#1875,.T.);
#5318=EDGE_CURVE('',#4237,#4236,#1876,.T.);
#5319=EDGE_CURVE('',#4238,#4237,#1877,.T.);
#5320=EDGE_CURVE('',#4238,#4170,#1878,.T.);
#5321=EDGE_CURVE('',#4239,#4173,#1879,.T.);
#5322=EDGE_CURVE('',#4239,#4113,#1880,.T.);
#5323=EDGE_CURVE('',#4240,#3871,#1881,.T.);
#5324=EDGE_CURVE('',#4240,#4241,#1882,.T.);
#5325=EDGE_CURVE('',#4241,#4242,#1883,.T.);
#5326=EDGE_CURVE('',#4166,#4242,#1884,.T.);
#5327=EDGE_CURVE('',#4240,#4055,#1885,.T.);
#5328=EDGE_CURVE('',#4056,#3912,#1886,.T.);
#5329=EDGE_CURVE('',#4243,#4243,#326,.T.);
#5330=EDGE_CURVE('',#4244,#4244,#327,.T.);
#5331=EDGE_CURVE('',#4242,#4236,#328,.T.);
#5332=EDGE_CURVE('',#4245,#3982,#1887,.T.);
#5333=EDGE_CURVE('',#4246,#4245,#1888,.T.);
#5334=EDGE_CURVE('',#4246,#3983,#1889,.T.);
#5335=EDGE_CURVE('',#4247,#3981,#1890,.T.);
#5336=EDGE_CURVE('',#4245,#4247,#1891,.T.);
#5337=EDGE_CURVE('',#4248,#4018,#1892,.T.);
#5338=EDGE_CURVE('',#4249,#4248,#1893,.T.);
#5339=EDGE_CURVE('',#4249,#4019,#1894,.T.);
#5340=EDGE_CURVE('',#4250,#4249,#1895,.T.);
#5341=EDGE_CURVE('',#4250,#4020,#1896,.T.);
#5342=EDGE_CURVE('',#4248,#4250,#1897,.T.);
#5343=EDGE_CURVE('',#4251,#4021,#1898,.T.);
#5344=EDGE_CURVE('',#4252,#4251,#1899,.T.);
#5345=EDGE_CURVE('',#4252,#4022,#1900,.T.);
#5346=EDGE_CURVE('',#4253,#4252,#1901,.T.);
#5347=EDGE_CURVE('',#4253,#4023,#1902,.T.);
#5348=EDGE_CURVE('',#4254,#4253,#1903,.T.);
#5349=EDGE_CURVE('',#4254,#4024,#1904,.T.);
#5350=EDGE_CURVE('',#4255,#4254,#1905,.T.);
#5351=EDGE_CURVE('',#4255,#4025,#1906,.T.);
#5352=EDGE_CURVE('',#4251,#4255,#1907,.T.);
#5353=EDGE_CURVE('',#4256,#4006,#1908,.T.);
#5354=EDGE_CURVE('',#4257,#4256,#1909,.T.);
#5355=EDGE_CURVE('',#4257,#4007,#1910,.T.);
#5356=EDGE_CURVE('',#4258,#4257,#1911,.T.);
#5357=EDGE_CURVE('',#4258,#4008,#1912,.T.);
#5358=EDGE_CURVE('',#4259,#4260,#1913,.T.);
#5359=EDGE_CURVE('',#4260,#4261,#28,.T.);
#5360=EDGE_CURVE('',#4261,#4262,#29,.T.);
#5361=EDGE_CURVE('',#4262,#4259,#30,.T.);
#5362=EDGE_CURVE('',#4259,#4263,#31,.T.);
#5363=EDGE_CURVE('',#4263,#4264,#1914,.T.);
#5364=EDGE_CURVE('',#4264,#4260,#32,.T.);
#5365=EDGE_CURVE('',#4261,#4265,#33,.T.);
#5366=EDGE_CURVE('',#4265,#4266,#34,.T.);
#5367=EDGE_CURVE('',#4266,#4262,#35,.T.);
#5368=EDGE_CURVE('',#4263,#4266,#36,.T.);
#5369=EDGE_CURVE('',#4265,#4267,#37,.T.);
#5370=EDGE_CURVE('',#4267,#4264,#38,.T.);
#5371=EDGE_CURVE('',#4268,#4259,#1915,.T.);
#5372=EDGE_CURVE('',#4268,#4095,#1916,.T.);
#5373=EDGE_CURVE('',#4095,#4263,#1917,.T.);
#5374=EDGE_CURVE('',#4269,#4270,#39,.T.);
#5375=EDGE_CURVE('',#4270,#4269,#40,.T.);
#5376=EDGE_CURVE('',#4271,#4272,#41,.T.);
#5377=EDGE_CURVE('',#4272,#4271,#42,.T.);
#5378=EDGE_CURVE('',#4273,#4262,#1918,.T.);
#5379=EDGE_CURVE('',#4273,#4274,#43,.T.);
#5380=EDGE_CURVE('',#4275,#4274,#1919,.T.);
#5381=EDGE_CURVE('',#4276,#4275,#1920,.T.);
#5382=EDGE_CURVE('',#4276,#4277,#44,.T.);
#5383=EDGE_CURVE('',#4277,#4278,#45,.T.);
#5384=EDGE_CURVE('',#4278,#4279,#46,.T.);
#5385=EDGE_CURVE('',#4268,#4279,#1921,.T.);
#5386=EDGE_CURVE('',#4267,#4280,#1922,.T.);
#5387=EDGE_CURVE('',#4280,#4281,#329,.T.);
#5388=EDGE_CURVE('',#4282,#4281,#1923,.T.);
#5389=EDGE_CURVE('',#4283,#4282,#330,.T.);
#5390=EDGE_CURVE('',#4284,#4283,#1924,.T.);
#5391=EDGE_CURVE('',#4284,#4285,#331,.T.);
#5392=EDGE_CURVE('',#4286,#4285,#1925,.T.);
#5393=EDGE_CURVE('',#4287,#4286,#332,.T.);
#5394=EDGE_CURVE('',#4288,#4287,#1926,.T.);
#5395=EDGE_CURVE('',#4288,#4280,#333,.T.);
#5396=EDGE_CURVE('',#4285,#4289,#1927,.T.);
#5397=EDGE_CURVE('',#4290,#4284,#1928,.T.);
#5398=EDGE_CURVE('',#4291,#4290,#1929,.T.);
#5399=EDGE_CURVE('',#4281,#4291,#1930,.T.);
#5400=EDGE_CURVE('',#4292,#4288,#1931,.T.);
#5401=EDGE_CURVE('',#4289,#4292,#1932,.T.);
#5402=EDGE_CURVE('',#4293,#4293,#334,.T.);
#5403=EDGE_CURVE('',#4294,#4294,#335,.T.);
#5404=EDGE_CURVE('',#4295,#4295,#336,.T.);
#5405=EDGE_CURVE('',#4296,#4296,#337,.T.);
#5406=EDGE_CURVE('',#4297,#4297,#338,.T.);
#5407=EDGE_CURVE('',#4292,#4298,#1933,.T.);
#5408=EDGE_CURVE('',#4299,#4298,#1934,.T.);
#5409=EDGE_CURVE('',#4289,#4299,#1935,.T.);
#5410=EDGE_CURVE('',#4287,#4300,#1936,.T.);
#5411=EDGE_CURVE('',#4300,#4277,#1937,.T.);
#5412=EDGE_CURVE('',#4276,#3911,#1938,.T.);
#5413=EDGE_CURVE('',#4057,#3911,#1939,.T.);
#5414=EDGE_CURVE('',#4298,#4057,#1940,.T.);
#5415=EDGE_CURVE('',#4290,#4301,#1941,.T.);
#5416=EDGE_CURVE('',#4302,#4301,#1942,.T.);
#5417=EDGE_CURVE('',#4291,#4302,#1943,.T.);
#5418=EDGE_CURVE('',#4283,#4303,#1944,.T.);
#5419=EDGE_CURVE('',#4303,#4304,#1945,.T.);
#5420=EDGE_CURVE('',#4301,#4304,#1946,.T.);
#5421=EDGE_CURVE('',#4239,#4305,#1947,.T.);
#5422=EDGE_CURVE('',#4114,#4305,#1948,.T.);
#5423=EDGE_CURVE('',#4306,#4117,#1949,.T.);
#5424=EDGE_CURVE('',#4306,#3953,#1950,.T.);
#5425=EDGE_CURVE('',#4307,#4054,#1951,.T.);
#5426=EDGE_CURVE('',#4307,#4308,#1952,.T.);
#5427=EDGE_CURVE('',#4308,#4051,#1953,.T.);
#5428=EDGE_CURVE('',#4247,#4246,#1954,.T.);
#5429=EDGE_CURVE('',#4117,#3980,#1955,.T.);
#5430=EDGE_CURVE('',#4309,#4117,#1956,.T.);
#5431=EDGE_CURVE('',#4310,#4309,#1957,.T.);
#5432=EDGE_CURVE('',#4310,#4238,#1958,.T.);
#5433=EDGE_CURVE('',#4237,#4241,#339,.T.);
#5434=EDGE_CURVE('',#4311,#4311,#340,.T.);
#5435=EDGE_CURVE('',#4312,#4312,#341,.T.);
#5436=EDGE_CURVE('',#4313,#4314,#342,.T.);
#5437=EDGE_CURVE('',#4315,#4313,#1959,.T.);
#5438=EDGE_CURVE('',#4316,#4315,#343,.T.);
#5439=EDGE_CURVE('',#4317,#4316,#1960,.T.);
#5440=EDGE_CURVE('',#4318,#4317,#344,.T.);
#5441=EDGE_CURVE('',#4319,#4318,#1961,.T.);
#5442=EDGE_CURVE('',#4320,#4319,#345,.T.);
#5443=EDGE_CURVE('',#4314,#4320,#1962,.T.);
#5444=EDGE_CURVE('',#4244,#4312,#1963,.T.);
#5445=EDGE_CURVE('',#4321,#4321,#346,.T.);
#5446=EDGE_CURVE('',#4321,#4311,#1964,.T.);
#5447=EDGE_CURVE('',#4322,#4322,#347,.T.);
#5448=EDGE_CURVE('',#4323,#4324,#1965,.T.);
#5449=EDGE_CURVE('',#4324,#4097,#1966,.T.);
#5450=EDGE_CURVE('',#4096,#4323,#1967,.T.);
#5451=EDGE_CURVE('',#4040,#4053,#1968,.T.);
#5452=EDGE_CURVE('',#4052,#4041,#1969,.T.);
#5453=EDGE_CURVE('',#4115,#3954,#1970,.T.);
#5454=EDGE_CURVE('',#4116,#3954,#1971,.T.);
#5455=EDGE_CURVE('',#4324,#4306,#1972,.T.);
#5456=EDGE_CURVE('',#4118,#4117,#1973,.T.);
#5457=EDGE_CURVE('',#3929,#4108,#1974,.T.);
#5458=EDGE_CURVE('',#4109,#3928,#1975,.T.);
#5459=EDGE_CURVE('',#3927,#4110,#1976,.T.);
#5460=EDGE_CURVE('',#3912,#4325,#1977,.T.);
#5461=EDGE_CURVE('',#4325,#4326,#1978,.T.);
#5462=EDGE_CURVE('',#4326,#4327,#348,.T.);
#5463=EDGE_CURVE('',#4327,#4328,#1979,.T.);
#5464=EDGE_CURVE('',#4328,#4329,#1980,.T.);
#5465=EDGE_CURVE('',#4329,#4330,#1981,.T.);
#5466=EDGE_CURVE('',#4330,#4331,#349,.T.);
#5467=EDGE_CURVE('',#4331,#4332,#1982,.T.);
#5468=EDGE_CURVE('',#4332,#4333,#1983,.T.);
#5469=EDGE_CURVE('',#4333,#4109,#1984,.T.);
#5470=EDGE_CURVE('',#4109,#4302,#1985,.T.);
#5471=EDGE_CURVE('',#4304,#4125,#1986,.T.);
#5472=EDGE_CURVE('',#4256,#4258,#1987,.T.);
#5473=EDGE_CURVE('',#4133,#4334,#1988,.T.);
#5474=EDGE_CURVE('',#4334,#4335,#1989,.T.);
#5475=EDGE_CURVE('',#4335,#4299,#1990,.T.);
#5476=EDGE_CURVE('',#4336,#4336,#350,.T.);
#5477=EDGE_CURVE('',#4337,#4337,#351,.T.);
#5478=EDGE_CURVE('',#4338,#4338,#352,.T.);
#5479=EDGE_CURVE('',#4339,#4339,#353,.T.);
#5480=EDGE_CURVE('',#4340,#4340,#354,.T.);
#5481=EDGE_CURVE('',#4341,#4342,#355,.T.);
#5482=EDGE_CURVE('',#4342,#4341,#356,.T.);
#5483=EDGE_CURVE('',#4343,#4343,#357,.T.);
#5484=EDGE_CURVE('',#4344,#4344,#358,.T.);
#5485=EDGE_CURVE('',#4345,#4345,#359,.T.);
#5486=EDGE_CURVE('',#4058,#3910,#1991,.T.);
#5487=EDGE_CURVE('',#4059,#3909,#1992,.T.);
#5488=EDGE_CURVE('',#4346,#4286,#1993,.T.);
#5489=EDGE_CURVE('',#4347,#4346,#1994,.T.);
#5490=EDGE_CURVE('',#4347,#4348,#1995,.T.);
#5491=EDGE_CURVE('',#4348,#4300,#1996,.T.);
#5492=EDGE_CURVE('',#4128,#4349,#47,.T.);
#5493=EDGE_CURVE('',#4350,#4127,#1997,.T.);
#5494=EDGE_CURVE('',#4350,#4349,#1998,.T.);
#5495=EDGE_CURVE('',#4348,#4278,#1999,.T.);
#5496=EDGE_CURVE('',#4349,#4351,#48,.T.);
#5497=EDGE_CURVE('',#4352,#4351,#2000,.T.);
#5498=EDGE_CURVE('',#4352,#4353,#2001,.T.);
#5499=EDGE_CURVE('',#4353,#4354,#49,.T.);
#5500=EDGE_CURVE('',#4354,#4355,#50,.T.);
#5501=EDGE_CURVE('',#4355,#4266,#2002,.T.);
#5502=EDGE_CURVE('',#4282,#4350,#2003,.T.);
#5503=EDGE_CURVE('',#4303,#4126,#2004,.T.);
#5504=EDGE_CURVE('',#4355,#4353,#51,.T.);
#5505=EDGE_CURVE('',#4352,#4356,#2005,.T.);
#5506=EDGE_CURVE('',#4357,#4356,#52,.T.);
#5507=EDGE_CURVE('',#4357,#4275,#2006,.T.);
#5508=EDGE_CURVE('',#4274,#4358,#53,.T.);
#5509=EDGE_CURVE('',#4358,#4273,#54,.T.);
#5510=EDGE_CURVE('',#4359,#4356,#360,.T.);
#5511=EDGE_CURVE('',#4359,#4360,#2007,.T.);
#5512=EDGE_CURVE('',#4360,#4361,#2008,.T.);
#5513=EDGE_CURVE('',#4361,#4362,#2009,.T.);
#5514=EDGE_CURVE('',#4357,#4362,#361,.T.);
#5515=EDGE_CURVE('',#4363,#4363,#362,.T.);
#5516=EDGE_CURVE('',#4364,#4365,#363,.T.);
#5517=EDGE_CURVE('',#4365,#4364,#364,.T.);
#5518=EDGE_CURVE('',#4366,#4366,#365,.T.);
#5519=EDGE_CURVE('',#4367,#4367,#366,.T.);
#5520=EDGE_CURVE('',#4368,#4368,#367,.T.);
#5521=EDGE_CURVE('',#4369,#4369,#368,.T.);
#5522=EDGE_CURVE('',#4370,#4370,#369,.T.);
#5523=EDGE_CURVE('',#4371,#4371,#370,.T.);
#5524=EDGE_CURVE('',#4336,#4372,#2010,.T.);
#5525=EDGE_CURVE('',#4372,#4372,#371,.T.);
#5526=EDGE_CURVE('',#4337,#4373,#2011,.T.);
#5527=EDGE_CURVE('',#4373,#4373,#372,.T.);
#5528=EDGE_CURVE('',#4338,#4367,#2012,.T.);
#5529=EDGE_CURVE('',#4339,#4374,#2013,.T.);
#5530=EDGE_CURVE('',#4374,#4374,#373,.T.);
#5531=EDGE_CURVE('',#4340,#4371,#2014,.T.);
#5532=EDGE_CURVE('',#4365,#4341,#2015,.T.);
#5533=EDGE_CURVE('',#4364,#4342,#2016,.T.);
#5534=EDGE_CURVE('',#4344,#4375,#2017,.T.);
#5535=EDGE_CURVE('',#4375,#4375,#374,.T.);
#5536=EDGE_CURVE('',#4345,#4369,#2018,.T.);
#5537=EDGE_CURVE('',#4376,#4376,#375,.T.);
#5538=EDGE_CURVE('',#4377,#4377,#376,.T.);
#5539=EDGE_CURVE('',#4378,#4378,#377,.T.);
#5540=EDGE_CURVE('',#4379,#4379,#378,.T.);
#5541=EDGE_CURVE('',#4376,#4297,#2019,.T.);
#5542=EDGE_CURVE('',#4377,#4296,#2020,.T.);
#5543=EDGE_CURVE('',#4370,#4354,#2021,.T.);
#5544=EDGE_CURVE('',#4368,#4272,#2022,.T.);
#5545=EDGE_CURVE('',#4366,#4270,#2023,.T.);
#5546=EDGE_CURVE('',#4379,#4295,#2024,.T.);
#5547=EDGE_CURVE('',#4363,#4358,#2025,.T.);
#5548=EDGE_CURVE('',#4378,#4294,#2026,.T.);
#5549=EDGE_CURVE('',#4343,#4293,#2027,.T.);
#5550=EDGE_CURVE('',#4346,#4335,#2028,.T.);
#5551=EDGE_CURVE('',#4347,#4334,#2029,.T.);
#5552=EDGE_CURVE('',#4279,#3909,#2030,.T.);
#5553=EDGE_CURVE('',#4351,#4333,#2031,.T.);
#5554=EDGE_CURVE('',#4352,#4332,#2032,.T.);
#5555=EDGE_CURVE('',#4356,#4331,#2033,.T.);
#5556=EDGE_CURVE('',#4359,#4330,#2034,.T.);
#5557=EDGE_CURVE('',#4360,#4329,#2035,.T.);
#5558=EDGE_CURVE('',#4361,#4328,#2036,.T.);
#5559=EDGE_CURVE('',#4362,#4327,#2037,.T.);
#5560=EDGE_CURVE('',#4357,#4326,#2038,.T.);
#5561=EDGE_CURVE('',#4275,#4325,#2039,.T.);
#5562=EDGE_CURVE('',#4169,#4234,#2040,.T.);
#5563=EDGE_CURVE('',#4203,#4380,#2041,.T.);
#5564=EDGE_CURVE('',#4222,#4380,#2042,.T.);
#5565=EDGE_CURVE('',#4221,#4217,#2043,.T.);
#5566=EDGE_CURVE('',#4235,#4381,#2044,.T.);
#5567=EDGE_CURVE('',#4381,#4198,#2045,.T.);
#5568=EDGE_CURVE('',#4160,#4213,#2046,.T.);
#5569=EDGE_CURVE('',#4161,#4160,#2047,.T.);
#5570=EDGE_CURVE('',#4380,#4161,#2048,.T.);
#5571=EDGE_CURVE('',#4381,#4205,#2049,.T.);
#5572=EDGE_CURVE('',#4172,#4225,#2050,.T.);
#5573=EDGE_CURVE('',#4224,#4171,#2051,.T.);
#5574=EDGE_CURVE('',#4268,#4382,#2052,.T.);
#5575=EDGE_CURVE('',#4383,#4382,#2053,.T.);
#5576=EDGE_CURVE('',#4323,#4383,#2054,.T.);
#5577=EDGE_CURVE('',#4041,#4384,#2055,.T.);
#5578=EDGE_CURVE('',#4382,#4384,#2056,.T.);
#5579=EDGE_CURVE('',#3955,#4383,#2057,.T.);
#5580=EDGE_CURVE('',#3954,#3955,#2058,.T.);
#5581=EDGE_CURVE('',#4307,#4385,#2059,.T.);
#5582=EDGE_CURVE('',#4386,#4385,#2060,.T.);
#5583=EDGE_CURVE('',#4308,#4386,#2061,.T.);
#5584=EDGE_CURVE('',#4314,#4387,#2062,.T.);
#5585=EDGE_CURVE('',#4388,#4387,#379,.T.);
#5586=EDGE_CURVE('',#4313,#4388,#2063,.T.);
#5587=EDGE_CURVE('',#4320,#4389,#2064,.T.);
#5588=EDGE_CURVE('',#4387,#4389,#2065,.T.);
#5589=EDGE_CURVE('',#4319,#4390,#2066,.T.);
#5590=EDGE_CURVE('',#4389,#4390,#380,.T.);
#5591=EDGE_CURVE('',#4318,#4391,#2067,.T.);
#5592=EDGE_CURVE('',#4390,#4391,#2068,.T.);
#5593=EDGE_CURVE('',#4305,#4392,#2069,.T.);
#5594=EDGE_CURVE('',#3955,#4392,#2070,.T.);
#5595=EDGE_CURVE('',#4384,#4386,#2071,.T.);
#5596=EDGE_CURVE('',#4393,#4393,#381,.T.);
#5597=EDGE_CURVE('',#4393,#4322,#2072,.T.);
#5598=EDGE_CURVE('',#4394,#4394,#382,.T.);
#5599=EDGE_CURVE('',#4394,#4243,#2073,.T.);
#5600=EDGE_CURVE('',#4392,#3866,#2074,.T.);
#5601=EDGE_CURVE('',#3859,#4395,#2075,.T.);
#5602=EDGE_CURVE('',#4395,#4396,#2076,.T.);
#5603=EDGE_CURVE('',#4396,#3955,#2077,.T.);
#5604=EDGE_CURVE('',#4385,#4039,#2078,.T.);
#5605=EDGE_CURVE('',#4391,#4397,#383,.T.);
#5606=EDGE_CURVE('',#4397,#4398,#2079,.T.);
#5607=EDGE_CURVE('',#4398,#4399,#384,.T.);
#5608=EDGE_CURVE('',#4399,#4388,#2080,.T.);
#5609=EDGE_CURVE('',#4400,#4401,#385,.T.);
#5610=EDGE_CURVE('',#4401,#4402,#2081,.T.);
#5611=EDGE_CURVE('',#4402,#4403,#386,.T.);
#5612=EDGE_CURVE('',#4403,#4400,#2082,.T.);
#5613=EDGE_CURVE('',#4404,#4405,#387,.T.);
#5614=EDGE_CURVE('',#4405,#4406,#2083,.T.);
#5615=EDGE_CURVE('',#4406,#4407,#388,.T.);
#5616=EDGE_CURVE('',#4407,#4404,#2084,.T.);
#5617=EDGE_CURVE('',#4408,#4409,#389,.T.);
#5618=EDGE_CURVE('',#4409,#4410,#2085,.T.);
#5619=EDGE_CURVE('',#4410,#4411,#390,.T.);
#5620=EDGE_CURVE('',#4411,#4408,#2086,.T.);
#5621=EDGE_CURVE('',#4412,#4413,#391,.T.);
#5622=EDGE_CURVE('',#4413,#4414,#2087,.T.);
#5623=EDGE_CURVE('',#4414,#4415,#392,.T.);
#5624=EDGE_CURVE('',#4415,#4412,#2088,.T.);
#5625=EDGE_CURVE('',#4416,#4417,#393,.T.);
#5626=EDGE_CURVE('',#4417,#4418,#2089,.T.);
#5627=EDGE_CURVE('',#4418,#4419,#394,.T.);
#5628=EDGE_CURVE('',#4419,#4416,#2090,.T.);
#5629=EDGE_CURVE('',#4420,#4421,#395,.T.);
#5630=EDGE_CURVE('',#4421,#4422,#2091,.T.);
#5631=EDGE_CURVE('',#4422,#4423,#396,.T.);
#5632=EDGE_CURVE('',#4423,#4420,#2092,.T.);
#5633=EDGE_CURVE('',#4424,#4425,#397,.T.);
#5634=EDGE_CURVE('',#4425,#4426,#2093,.T.);
#5635=EDGE_CURVE('',#4426,#4427,#398,.T.);
#5636=EDGE_CURVE('',#4427,#4424,#2094,.T.);
#5637=EDGE_CURVE('',#4428,#4429,#399,.T.);
#5638=EDGE_CURVE('',#4429,#4430,#2095,.T.);
#5639=EDGE_CURVE('',#4430,#4431,#400,.T.);
#5640=EDGE_CURVE('',#4431,#4428,#2096,.T.);
#5641=EDGE_CURVE('',#4432,#4433,#2097,.T.);
#5642=EDGE_CURVE('',#4433,#4434,#401,.T.);
#5643=EDGE_CURVE('',#4434,#4435,#2098,.T.);
#5644=EDGE_CURVE('',#4435,#4432,#402,.T.);
#5645=EDGE_CURVE('',#4436,#4437,#403,.T.);
#5646=EDGE_CURVE('',#4437,#4438,#2099,.T.);
#5647=EDGE_CURVE('',#4438,#4439,#404,.T.);
#5648=EDGE_CURVE('',#4439,#4436,#2100,.T.);
#5649=EDGE_CURVE('',#3894,#4403,#2101,.T.);
#5650=EDGE_CURVE('',#4400,#3893,#2102,.T.);
#5651=EDGE_CURVE('',#3895,#4402,#2103,.T.);
#5652=EDGE_CURVE('',#3892,#4401,#2104,.T.);
#5653=EDGE_CURVE('',#3890,#4407,#2105,.T.);
#5654=EDGE_CURVE('',#4404,#3889,#2106,.T.);
#5655=EDGE_CURVE('',#3891,#4406,#2107,.T.);
#5656=EDGE_CURVE('',#3888,#4405,#2108,.T.);
#5657=EDGE_CURVE('',#4176,#4423,#2109,.T.);
#5658=EDGE_CURVE('',#4420,#4175,#2110,.T.);
#5659=EDGE_CURVE('',#4177,#4422,#2111,.T.);
#5660=EDGE_CURVE('',#4174,#4421,#2112,.T.);
#5661=EDGE_CURVE('',#4180,#4427,#2113,.T.);
#5662=EDGE_CURVE('',#4424,#4179,#2114,.T.);
#5663=EDGE_CURVE('',#4181,#4426,#2115,.T.);
#5664=EDGE_CURVE('',#4178,#4425,#2116,.T.);
#5665=EDGE_CURVE('',#3886,#4411,#2117,.T.);
#5666=EDGE_CURVE('',#4408,#3885,#2118,.T.);
#5667=EDGE_CURVE('',#3887,#4410,#2119,.T.);
#5668=EDGE_CURVE('',#3884,#4409,#2120,.T.);
#5669=EDGE_CURVE('',#3882,#4415,#2121,.T.);
#5670=EDGE_CURVE('',#4412,#3881,#2122,.T.);
#5671=EDGE_CURVE('',#3883,#4414,#2123,.T.);
#5672=EDGE_CURVE('',#3880,#4413,#2124,.T.);
#5673=EDGE_CURVE('',#4184,#4431,#2125,.T.);
#5674=EDGE_CURVE('',#4428,#4183,#2126,.T.);
#5675=EDGE_CURVE('',#4185,#4430,#2127,.T.);
#5676=EDGE_CURVE('',#4182,#4429,#2128,.T.);
#5677=EDGE_CURVE('',#4188,#4435,#2129,.T.);
#5678=EDGE_CURVE('',#4432,#4187,#2130,.T.);
#5679=EDGE_CURVE('',#4189,#4434,#2131,.T.);
#5680=EDGE_CURVE('',#4186,#4433,#2132,.T.);
#5681=EDGE_CURVE('',#4192,#4439,#2133,.T.);
#5682=EDGE_CURVE('',#4436,#4191,#2134,.T.);
#5683=EDGE_CURVE('',#4193,#4438,#2135,.T.);
#5684=EDGE_CURVE('',#4190,#4437,#2136,.T.);
#5685=EDGE_CURVE('',#3878,#4419,#2137,.T.);
#5686=EDGE_CURVE('',#4416,#3877,#2138,.T.);
#5687=EDGE_CURVE('',#3879,#4418,#2139,.T.);
#5688=EDGE_CURVE('',#3876,#4417,#2140,.T.);
#5689=EDGE_CURVE('',#4309,#4396,#2141,.T.);
#5690=EDGE_CURVE('',#4310,#4395,#2142,.T.);
#5691=EDGE_CURVE('',#4315,#4399,#2143,.T.);
#5692=EDGE_CURVE('',#4316,#4398,#2144,.T.);
#5693=EDGE_CURVE('',#4317,#4397,#2145,.T.);
#5694=EDGE_CURVE('',#4440,#4441,#2146,.T.);
#5695=EDGE_CURVE('',#4440,#4442,#2147,.T.);
#5696=EDGE_CURVE('',#4442,#4443,#2148,.T.);
#5697=EDGE_CURVE('',#4441,#4443,#2149,.T.);
#5698=EDGE_CURVE('',#4444,#4445,#2150,.T.);
#5699=EDGE_CURVE('',#4446,#4444,#2151,.T.);
#5700=EDGE_CURVE('',#4447,#4446,#2152,.T.);
#5701=EDGE_CURVE('',#4448,#4447,#2153,.T.);
#5702=EDGE_CURVE('',#4449,#4448,#2154,.T.);
#5703=EDGE_CURVE('',#4450,#4449,#2155,.T.);
#5704=EDGE_CURVE('',#4451,#4450,#2156,.T.);
#5705=EDGE_CURVE('',#4452,#4451,#2157,.T.);
#5706=EDGE_CURVE('',#4453,#4452,#2158,.T.);
#5707=EDGE_CURVE('',#4454,#4453,#2159,.T.);
#5708=EDGE_CURVE('',#4455,#4454,#2160,.T.);
#5709=EDGE_CURVE('',#4456,#4455,#2161,.T.);
#5710=EDGE_CURVE('',#4457,#4456,#2162,.T.);
#5711=EDGE_CURVE('',#4458,#4457,#2163,.T.);
#5712=EDGE_CURVE('',#4459,#4458,#2164,.T.);
#5713=EDGE_CURVE('',#4460,#4459,#2165,.T.);
#5714=EDGE_CURVE('',#4461,#4460,#2166,.T.);
#5715=EDGE_CURVE('',#4462,#4461,#2167,.T.);
#5716=EDGE_CURVE('',#4463,#4462,#2168,.T.);
#5717=EDGE_CURVE('',#4464,#4463,#2169,.T.);
#5718=EDGE_CURVE('',#4465,#4464,#2170,.T.);
#5719=EDGE_CURVE('',#4466,#4465,#2171,.T.);
#5720=EDGE_CURVE('',#4467,#4466,#2172,.T.);
#5721=EDGE_CURVE('',#4468,#4467,#2173,.T.);
#5722=EDGE_CURVE('',#4469,#4468,#2174,.T.);
#5723=EDGE_CURVE('',#4470,#4469,#2175,.T.);
#5724=EDGE_CURVE('',#4471,#4470,#2176,.T.);
#5725=EDGE_CURVE('',#4472,#4471,#2177,.T.);
#5726=EDGE_CURVE('',#4473,#4472,#2178,.T.);
#5727=EDGE_CURVE('',#4474,#4473,#2179,.T.);
#5728=EDGE_CURVE('',#4475,#4474,#2180,.T.);
#5729=EDGE_CURVE('',#4476,#4475,#2181,.T.);
#5730=EDGE_CURVE('',#4477,#4476,#2182,.T.);
#5731=EDGE_CURVE('',#4478,#4477,#2183,.T.);
#5732=EDGE_CURVE('',#4479,#4478,#2184,.T.);
#5733=EDGE_CURVE('',#4480,#4479,#2185,.T.);
#5734=EDGE_CURVE('',#4481,#4480,#2186,.T.);
#5735=EDGE_CURVE('',#4482,#4481,#2187,.T.);
#5736=EDGE_CURVE('',#4483,#4482,#2188,.T.);
#5737=EDGE_CURVE('',#4484,#4483,#2189,.T.);
#5738=EDGE_CURVE('',#4485,#4484,#2190,.T.);
#5739=EDGE_CURVE('',#4486,#4485,#2191,.T.);
#5740=EDGE_CURVE('',#4487,#4486,#2192,.T.);
#5741=EDGE_CURVE('',#4487,#4442,#2193,.T.);
#5742=EDGE_CURVE('',#4488,#4440,#2194,.T.);
#5743=EDGE_CURVE('',#4489,#4488,#2195,.T.);
#5744=EDGE_CURVE('',#4490,#4489,#2196,.T.);
#5745=EDGE_CURVE('',#4491,#4490,#2197,.T.);
#5746=EDGE_CURVE('',#4492,#4491,#2198,.T.);
#5747=EDGE_CURVE('',#4493,#4492,#2199,.T.);
#5748=EDGE_CURVE('',#4494,#4493,#2200,.T.);
#5749=EDGE_CURVE('',#4495,#4494,#2201,.T.);
#5750=EDGE_CURVE('',#4496,#4495,#2202,.T.);
#5751=EDGE_CURVE('',#4497,#4496,#2203,.T.);
#5752=EDGE_CURVE('',#4498,#4497,#2204,.T.);
#5753=EDGE_CURVE('',#4499,#4498,#2205,.T.);
#5754=EDGE_CURVE('',#4500,#4499,#2206,.T.);
#5755=EDGE_CURVE('',#4501,#4500,#2207,.T.);
#5756=EDGE_CURVE('',#4502,#4501,#2208,.T.);
#5757=EDGE_CURVE('',#4503,#4502,#2209,.T.);
#5758=EDGE_CURVE('',#4504,#4503,#2210,.T.);
#5759=EDGE_CURVE('',#4505,#4504,#2211,.T.);
#5760=EDGE_CURVE('',#4506,#4505,#2212,.T.);
#5761=EDGE_CURVE('',#4507,#4506,#2213,.T.);
#5762=EDGE_CURVE('',#4508,#4507,#2214,.T.);
#5763=EDGE_CURVE('',#4509,#4508,#2215,.T.);
#5764=EDGE_CURVE('',#4510,#4509,#2216,.T.);
#5765=EDGE_CURVE('',#4511,#4510,#2217,.T.);
#5766=EDGE_CURVE('',#4512,#4511,#2218,.T.);
#5767=EDGE_CURVE('',#4513,#4512,#2219,.T.);
#5768=EDGE_CURVE('',#4445,#4513,#2220,.T.);
#5769=EDGE_CURVE('',#4514,#4487,#2221,.T.);
#5770=EDGE_CURVE('',#4515,#4514,#2222,.T.);
#5771=EDGE_CURVE('',#4516,#4515,#2223,.T.);
#5772=EDGE_CURVE('',#4443,#4516,#2224,.T.);
#5773=EDGE_CURVE('',#4445,#4517,#2225,.T.);
#5774=EDGE_CURVE('',#4518,#4517,#2226,.T.);
#5775=EDGE_CURVE('',#4444,#4518,#2227,.T.);
#5776=EDGE_CURVE('',#4513,#4519,#2228,.T.);
#5777=EDGE_CURVE('',#4517,#4519,#2229,.T.);
#5778=EDGE_CURVE('',#4512,#4520,#2230,.T.);
#5779=EDGE_CURVE('',#4519,#4520,#2231,.T.);
#5780=EDGE_CURVE('',#4511,#4521,#2232,.T.);
#5781=EDGE_CURVE('',#4520,#4521,#2233,.T.);
#5782=EDGE_CURVE('',#4510,#4522,#2234,.T.);
#5783=EDGE_CURVE('',#4521,#4522,#2235,.T.);
#5784=EDGE_CURVE('',#4509,#4523,#2236,.T.);
#5785=EDGE_CURVE('',#4522,#4523,#2237,.T.);
#5786=EDGE_CURVE('',#4508,#4524,#2238,.T.);
#5787=EDGE_CURVE('',#4523,#4524,#2239,.T.);
#5788=EDGE_CURVE('',#4507,#4525,#2240,.T.);
#5789=EDGE_CURVE('',#4524,#4525,#2241,.T.);
#5790=EDGE_CURVE('',#4506,#4526,#2242,.T.);
#5791=EDGE_CURVE('',#4525,#4526,#2243,.T.);
#5792=EDGE_CURVE('',#4505,#4527,#2244,.T.);
#5793=EDGE_CURVE('',#4526,#4527,#2245,.T.);
#5794=EDGE_CURVE('',#4504,#4528,#2246,.T.);
#5795=EDGE_CURVE('',#4527,#4528,#2247,.T.);
#5796=EDGE_CURVE('',#4503,#4529,#2248,.T.);
#5797=EDGE_CURVE('',#4528,#4529,#2249,.T.);
#5798=EDGE_CURVE('',#4502,#4530,#2250,.T.);
#5799=EDGE_CURVE('',#4529,#4530,#2251,.T.);
#5800=EDGE_CURVE('',#4501,#4531,#2252,.T.);
#5801=EDGE_CURVE('',#4530,#4531,#2253,.T.);
#5802=EDGE_CURVE('',#4500,#4532,#2254,.T.);
#5803=EDGE_CURVE('',#4531,#4532,#2255,.T.);
#5804=EDGE_CURVE('',#4499,#4533,#2256,.T.);
#5805=EDGE_CURVE('',#4532,#4533,#2257,.T.);
#5806=EDGE_CURVE('',#4498,#4534,#2258,.T.);
#5807=EDGE_CURVE('',#4533,#4534,#2259,.T.);
#5808=EDGE_CURVE('',#4497,#4535,#2260,.T.);
#5809=EDGE_CURVE('',#4534,#4535,#2261,.T.);
#5810=EDGE_CURVE('',#4496,#4536,#2262,.T.);
#5811=EDGE_CURVE('',#4535,#4536,#2263,.T.);
#5812=EDGE_CURVE('',#4495,#4537,#2264,.T.);
#5813=EDGE_CURVE('',#4536,#4537,#2265,.T.);
#5814=EDGE_CURVE('',#4494,#4538,#2266,.T.);
#5815=EDGE_CURVE('',#4537,#4538,#2267,.T.);
#5816=EDGE_CURVE('',#4493,#4539,#2268,.T.);
#5817=EDGE_CURVE('',#4538,#4539,#2269,.T.);
#5818=EDGE_CURVE('',#4492,#4540,#2270,.T.);
#5819=EDGE_CURVE('',#4539,#4540,#2271,.T.);
#5820=EDGE_CURVE('',#4491,#4541,#2272,.T.);
#5821=EDGE_CURVE('',#4540,#4541,#2273,.T.);
#5822=EDGE_CURVE('',#4490,#4542,#2274,.T.);
#5823=EDGE_CURVE('',#4541,#4542,#2275,.T.);
#5824=EDGE_CURVE('',#4489,#4543,#2276,.T.);
#5825=EDGE_CURVE('',#4542,#4543,#2277,.T.);
#5826=EDGE_CURVE('',#4544,#4488,#2278,.T.);
#5827=EDGE_CURVE('',#4543,#4544,#2279,.T.);
#5828=EDGE_CURVE('',#4545,#4441,#2280,.T.);
#5829=EDGE_CURVE('',#4546,#4545,#2281,.T.);
#5830=EDGE_CURVE('',#4546,#4547,#2282,.T.);
#5831=EDGE_CURVE('',#4547,#4548,#2283,.T.);
#5832=EDGE_CURVE('',#4548,#4549,#2284,.T.);
#5833=EDGE_CURVE('',#4549,#4550,#2285,.T.);
#5834=EDGE_CURVE('',#4544,#4550,#2286,.T.);
#5835=EDGE_CURVE('',#4516,#4551,#2287,.T.);
#5836=EDGE_CURVE('',#4551,#4552,#2288,.T.);
#5837=EDGE_CURVE('',#4552,#4545,#2289,.T.);
#5838=EDGE_CURVE('',#4553,#4553,#405,.T.);
#5839=EDGE_CURVE('',#4554,#4554,#406,.T.);
#5840=EDGE_CURVE('',#4514,#4555,#2290,.T.);
#5841=EDGE_CURVE('',#4556,#4555,#2291,.T.);
#5842=EDGE_CURVE('',#4515,#4556,#2292,.T.);
#5843=EDGE_CURVE('',#4486,#4557,#2293,.T.);
#5844=EDGE_CURVE('',#4557,#4558,#2294,.T.);
#5845=EDGE_CURVE('',#4555,#4558,#2295,.T.);
#5846=EDGE_CURVE('',#4485,#4559,#2296,.T.);
#5847=EDGE_CURVE('',#4560,#4559,#2297,.T.);
#5848=EDGE_CURVE('',#4561,#4560,#2298,.T.);
#5849=EDGE_CURVE('',#4557,#4561,#2299,.T.);
#5850=EDGE_CURVE('',#4484,#4562,#2300,.T.);
#5851=EDGE_CURVE('',#4559,#4562,#2301,.T.);
#5852=EDGE_CURVE('',#4483,#4563,#2302,.T.);
#5853=EDGE_CURVE('',#4562,#4563,#2303,.T.);
#5854=EDGE_CURVE('',#4482,#4564,#2304,.T.);
#5855=EDGE_CURVE('',#4563,#4564,#2305,.T.);
#5856=EDGE_CURVE('',#4565,#4566,#2306,.T.);
#5857=EDGE_CURVE('',#4550,#4565,#2307,.T.);
#5858=EDGE_CURVE('',#4549,#4566,#2308,.T.);
#5859=EDGE_CURVE('',#4566,#4567,#2309,.T.);
#5860=EDGE_CURVE('',#4567,#4548,#2310,.T.);
#5861=EDGE_CURVE('',#4568,#4568,#407,.T.);
#5862=EDGE_CURVE('',#4565,#4569,#2311,.T.);
#5863=EDGE_CURVE('',#4569,#4560,#2312,.T.);
#5864=EDGE_CURVE('',#4564,#4570,#2313,.T.);
#5865=EDGE_CURVE('',#4570,#4571,#2314,.T.);
#5866=EDGE_CURVE('',#4571,#4572,#2315,.T.);
#5867=EDGE_CURVE('',#4572,#4573,#2316,.T.);
#5868=EDGE_CURVE('',#4573,#4574,#2317,.T.);
#5869=EDGE_CURVE('',#4574,#4575,#2318,.T.);
#5870=EDGE_CURVE('',#4575,#4576,#2319,.T.);
#5871=EDGE_CURVE('',#4576,#4577,#2320,.T.);
#5872=EDGE_CURVE('',#4577,#4578,#2321,.T.);
#5873=EDGE_CURVE('',#4578,#4579,#2322,.T.);
#5874=EDGE_CURVE('',#4579,#4580,#2323,.T.);
#5875=EDGE_CURVE('',#4580,#4581,#2324,.T.);
#5876=EDGE_CURVE('',#4581,#4582,#2325,.T.);
#5877=EDGE_CURVE('',#4582,#4583,#2326,.T.);
#5878=EDGE_CURVE('',#4583,#4584,#2327,.T.);
#5879=EDGE_CURVE('',#4584,#4585,#2328,.T.);
#5880=EDGE_CURVE('',#4585,#4586,#2329,.T.);
#5881=EDGE_CURVE('',#4586,#4587,#2330,.T.);
#5882=EDGE_CURVE('',#4587,#4588,#2331,.T.);
#5883=EDGE_CURVE('',#4588,#4589,#2332,.T.);
#5884=EDGE_CURVE('',#4589,#4590,#2333,.T.);
#5885=EDGE_CURVE('',#4590,#4591,#2334,.T.);
#5886=EDGE_CURVE('',#4591,#4592,#2335,.T.);
#5887=EDGE_CURVE('',#4592,#4593,#2336,.T.);
#5888=EDGE_CURVE('',#4593,#4594,#2337,.T.);
#5889=EDGE_CURVE('',#4594,#4595,#2338,.T.);
#5890=EDGE_CURVE('',#4595,#4596,#2339,.T.);
#5891=EDGE_CURVE('',#4596,#4597,#2340,.T.);
#5892=EDGE_CURVE('',#4597,#4598,#2341,.T.);
#5893=EDGE_CURVE('',#4598,#4599,#2342,.T.);
#5894=EDGE_CURVE('',#4599,#4600,#2343,.T.);
#5895=EDGE_CURVE('',#4600,#4601,#2344,.T.);
#5896=EDGE_CURVE('',#4601,#4602,#2345,.T.);
#5897=EDGE_CURVE('',#4602,#4603,#2346,.T.);
#5898=EDGE_CURVE('',#4603,#4604,#2347,.T.);
#5899=EDGE_CURVE('',#4604,#4605,#2348,.T.);
#5900=EDGE_CURVE('',#4605,#4518,#2349,.T.);
#5901=EDGE_CURVE('',#4606,#4606,#408,.T.);
#5902=EDGE_CURVE('',#4567,#4607,#2350,.T.);
#5903=EDGE_CURVE('',#4607,#4608,#2351,.T.);
#5904=EDGE_CURVE('',#4552,#4608,#2352,.T.);
#5905=EDGE_CURVE('',#4551,#4556,#2353,.T.);
#5906=EDGE_CURVE('',#4558,#4609,#2354,.T.);
#5907=EDGE_CURVE('',#4609,#4569,#2355,.T.);
#5908=EDGE_CURVE('',#4609,#4561,#2356,.T.);
#5909=EDGE_CURVE('',#4446,#4605,#2357,.T.);
#5910=EDGE_CURVE('',#4449,#4602,#2358,.T.);
#5911=EDGE_CURVE('',#4450,#4601,#2359,.T.);
#5912=EDGE_CURVE('',#4447,#4604,#2360,.T.);
#5913=EDGE_CURVE('',#4448,#4603,#2361,.T.);
#5914=EDGE_CURVE('',#4453,#4598,#2362,.T.);
#5915=EDGE_CURVE('',#4454,#4597,#2363,.T.);
#5916=EDGE_CURVE('',#4457,#4594,#2364,.T.);
#5917=EDGE_CURVE('',#4458,#4593,#2365,.T.);
#5918=EDGE_CURVE('',#4461,#4590,#2366,.T.);
#5919=EDGE_CURVE('',#4462,#4589,#2367,.T.);
#5920=EDGE_CURVE('',#4465,#4586,#2368,.T.);
#5921=EDGE_CURVE('',#4466,#4585,#2369,.T.);
#5922=EDGE_CURVE('',#4469,#4582,#2370,.T.);
#5923=EDGE_CURVE('',#4470,#4581,#2371,.T.);
#5924=EDGE_CURVE('',#4473,#4578,#2372,.T.);
#5925=EDGE_CURVE('',#4474,#4577,#2373,.T.);
#5926=EDGE_CURVE('',#4477,#4574,#2374,.T.);
#5927=EDGE_CURVE('',#4478,#4573,#2375,.T.);
#5928=EDGE_CURVE('',#4481,#4570,#2376,.T.);
#5929=EDGE_CURVE('',#4479,#4572,#2377,.T.);
#5930=EDGE_CURVE('',#4480,#4571,#2378,.T.);
#5931=EDGE_CURVE('',#4471,#4580,#2379,.T.);
#5932=EDGE_CURVE('',#4472,#4579,#2380,.T.);
#5933=EDGE_CURVE('',#4463,#4588,#2381,.T.);
#5934=EDGE_CURVE('',#4464,#4587,#2382,.T.);
#5935=EDGE_CURVE('',#4455,#4596,#2383,.T.);
#5936=EDGE_CURVE('',#4456,#4595,#2384,.T.);
#5937=EDGE_CURVE('',#4451,#4600,#2385,.T.);
#5938=EDGE_CURVE('',#4452,#4599,#2386,.T.);
#5939=EDGE_CURVE('',#4459,#4592,#2387,.T.);
#5940=EDGE_CURVE('',#4460,#4591,#2388,.T.);
#5941=EDGE_CURVE('',#4467,#4584,#2389,.T.);
#5942=EDGE_CURVE('',#4468,#4583,#2390,.T.);
#5943=EDGE_CURVE('',#4475,#4576,#2391,.T.);
#5944=EDGE_CURVE('',#4476,#4575,#2392,.T.);
#5945=EDGE_CURVE('',#4553,#4568,#2393,.T.);
#5946=EDGE_CURVE('',#4554,#4606,#2394,.T.);
#5947=EDGE_CURVE('',#4608,#4546,#2395,.T.);
#5948=EDGE_CURVE('',#4547,#4607,#2396,.T.);
#5949=EDGE_CURVE('',#4610,#4611,#2397,.T.);
#5950=EDGE_CURVE('',#4612,#4610,#2398,.T.);
#5951=EDGE_CURVE('',#4613,#4612,#2399,.T.);
#5952=EDGE_CURVE('',#4611,#4613,#2400,.T.);
#5953=EDGE_CURVE('',#4614,#4610,#2401,.T.);
#5954=EDGE_CURVE('',#4615,#4614,#2402,.T.);
#5955=EDGE_CURVE('',#4612,#4615,#2403,.T.);
#5956=EDGE_CURVE('',#4616,#4616,#409,.T.);
#5957=EDGE_CURVE('',#4617,#4614,#2404,.T.);
#5958=EDGE_CURVE('',#4617,#4618,#2405,.T.);
#5959=EDGE_CURVE('',#4615,#4618,#2406,.T.);
#5960=EDGE_CURVE('',#4619,#4611,#2407,.T.);
#5961=EDGE_CURVE('',#4620,#4619,#2408,.T.);
#5962=EDGE_CURVE('',#4620,#4621,#2409,.T.);
#5963=EDGE_CURVE('',#4621,#4622,#2410,.T.);
#5964=EDGE_CURVE('',#4623,#4622,#2411,.T.);
#5965=EDGE_CURVE('',#4624,#4623,#2412,.T.);
#5966=EDGE_CURVE('',#4624,#4617,#2413,.T.);
#5967=EDGE_CURVE('',#4621,#4625,#2414,.T.);
#5968=EDGE_CURVE('',#4625,#4626,#2415,.T.);
#5969=EDGE_CURVE('',#4622,#4626,#2416,.T.);
#5970=EDGE_CURVE('',#4627,#4628,#2417,.T.);
#5971=EDGE_CURVE('',#4629,#4627,#2418,.T.);
#5972=EDGE_CURVE('',#4630,#4629,#2419,.T.);
#5973=EDGE_CURVE('',#4631,#4630,#2420,.T.);
#5974=EDGE_CURVE('',#4632,#4631,#2421,.T.);
#5975=EDGE_CURVE('',#4633,#4632,#2422,.T.);
#5976=EDGE_CURVE('',#4634,#4633,#2423,.T.);
#5977=EDGE_CURVE('',#4635,#4634,#2424,.T.);
#5978=EDGE_CURVE('',#4636,#4635,#2425,.T.);
#5979=EDGE_CURVE('',#4637,#4636,#2426,.T.);
#5980=EDGE_CURVE('',#4638,#4637,#2427,.T.);
#5981=EDGE_CURVE('',#4639,#4638,#2428,.T.);
#5982=EDGE_CURVE('',#4640,#4639,#2429,.T.);
#5983=EDGE_CURVE('',#4641,#4640,#2430,.T.);
#5984=EDGE_CURVE('',#4642,#4641,#2431,.T.);
#5985=EDGE_CURVE('',#4643,#4642,#2432,.T.);
#5986=EDGE_CURVE('',#4644,#4643,#2433,.T.);
#5987=EDGE_CURVE('',#4645,#4644,#2434,.T.);
#5988=EDGE_CURVE('',#4646,#4645,#2435,.T.);
#5989=EDGE_CURVE('',#4647,#4646,#2436,.T.);
#5990=EDGE_CURVE('',#4648,#4647,#2437,.T.);
#5991=EDGE_CURVE('',#4649,#4648,#2438,.T.);
#5992=EDGE_CURVE('',#4650,#4649,#2439,.T.);
#5993=EDGE_CURVE('',#4651,#4650,#2440,.T.);
#5994=EDGE_CURVE('',#4652,#4651,#2441,.T.);
#5995=EDGE_CURVE('',#4653,#4652,#2442,.T.);
#5996=EDGE_CURVE('',#4654,#4653,#2443,.T.);
#5997=EDGE_CURVE('',#4655,#4654,#2444,.T.);
#5998=EDGE_CURVE('',#4656,#4655,#2445,.T.);
#5999=EDGE_CURVE('',#4657,#4656,#2446,.T.);
#6000=EDGE_CURVE('',#4658,#4657,#2447,.T.);
#6001=EDGE_CURVE('',#4659,#4658,#2448,.T.);
#6002=EDGE_CURVE('',#4660,#4659,#2449,.T.);
#6003=EDGE_CURVE('',#4661,#4660,#2450,.T.);
#6004=EDGE_CURVE('',#4662,#4661,#2451,.T.);
#6005=EDGE_CURVE('',#4663,#4662,#2452,.T.);
#6006=EDGE_CURVE('',#4664,#4663,#2453,.T.);
#6007=EDGE_CURVE('',#4665,#4664,#2454,.T.);
#6008=EDGE_CURVE('',#4666,#4665,#2455,.T.);
#6009=EDGE_CURVE('',#4667,#4666,#2456,.T.);
#6010=EDGE_CURVE('',#4668,#4667,#2457,.T.);
#6011=EDGE_CURVE('',#4669,#4668,#2458,.T.);
#6012=EDGE_CURVE('',#4670,#4669,#2459,.T.);
#6013=EDGE_CURVE('',#4670,#4625,#2460,.T.);
#6014=EDGE_CURVE('',#4671,#4620,#2461,.T.);
#6015=EDGE_CURVE('',#4672,#4671,#2462,.T.);
#6016=EDGE_CURVE('',#4673,#4672,#2463,.T.);
#6017=EDGE_CURVE('',#4674,#4673,#2464,.T.);
#6018=EDGE_CURVE('',#4675,#4674,#2465,.T.);
#6019=EDGE_CURVE('',#4676,#4675,#2466,.T.);
#6020=EDGE_CURVE('',#4677,#4676,#2467,.T.);
#6021=EDGE_CURVE('',#4678,#4677,#2468,.T.);
#6022=EDGE_CURVE('',#4679,#4678,#2469,.T.);
#6023=EDGE_CURVE('',#4680,#4679,#2470,.T.);
#6024=EDGE_CURVE('',#4681,#4680,#2471,.T.);
#6025=EDGE_CURVE('',#4682,#4681,#2472,.T.);
#6026=EDGE_CURVE('',#4683,#4682,#2473,.T.);
#6027=EDGE_CURVE('',#4684,#4683,#2474,.T.);
#6028=EDGE_CURVE('',#4685,#4684,#2475,.T.);
#6029=EDGE_CURVE('',#4686,#4685,#2476,.T.);
#6030=EDGE_CURVE('',#4687,#4686,#2477,.T.);
#6031=EDGE_CURVE('',#4688,#4687,#2478,.T.);
#6032=EDGE_CURVE('',#4689,#4688,#2479,.T.);
#6033=EDGE_CURVE('',#4690,#4689,#2480,.T.);
#6034=EDGE_CURVE('',#4691,#4690,#2481,.T.);
#6035=EDGE_CURVE('',#4692,#4691,#2482,.T.);
#6036=EDGE_CURVE('',#4693,#4692,#2483,.T.);
#6037=EDGE_CURVE('',#4694,#4693,#2484,.T.);
#6038=EDGE_CURVE('',#4695,#4694,#2485,.T.);
#6039=EDGE_CURVE('',#4628,#4695,#2486,.T.);
#6040=EDGE_CURVE('',#4696,#4697,#2487,.T.);
#6041=EDGE_CURVE('',#4626,#4696,#2488,.T.);
#6042=EDGE_CURVE('',#4698,#4670,#2489,.T.);
#6043=EDGE_CURVE('',#4697,#4698,#2490,.T.);
#6044=EDGE_CURVE('',#4628,#4699,#2491,.T.);
#6045=EDGE_CURVE('',#4700,#4699,#2492,.T.);
#6046=EDGE_CURVE('',#4627,#4700,#2493,.T.);
#6047=EDGE_CURVE('',#4695,#4701,#2494,.T.);
#6048=EDGE_CURVE('',#4699,#4701,#2495,.T.);
#6049=EDGE_CURVE('',#4694,#4702,#2496,.T.);
#6050=EDGE_CURVE('',#4701,#4702,#2497,.T.);
#6051=EDGE_CURVE('',#4693,#4703,#2498,.T.);
#6052=EDGE_CURVE('',#4702,#4703,#2499,.T.);
#6053=EDGE_CURVE('',#4692,#4704,#2500,.T.);
#6054=EDGE_CURVE('',#4703,#4704,#2501,.T.);
#6055=EDGE_CURVE('',#4691,#4705,#2502,.T.);
#6056=EDGE_CURVE('',#4704,#4705,#2503,.T.);
#6057=EDGE_CURVE('',#4690,#4706,#2504,.T.);
#6058=EDGE_CURVE('',#4705,#4706,#2505,.T.);
#6059=EDGE_CURVE('',#4689,#4707,#2506,.T.);
#6060=EDGE_CURVE('',#4706,#4707,#2507,.T.);
#6061=EDGE_CURVE('',#4688,#4708,#2508,.T.);
#6062=EDGE_CURVE('',#4707,#4708,#2509,.T.);
#6063=EDGE_CURVE('',#4687,#4709,#2510,.T.);
#6064=EDGE_CURVE('',#4708,#4709,#2511,.T.);
#6065=EDGE_CURVE('',#4686,#4710,#2512,.T.);
#6066=EDGE_CURVE('',#4709,#4710,#2513,.T.);
#6067=EDGE_CURVE('',#4685,#4711,#2514,.T.);
#6068=EDGE_CURVE('',#4710,#4711,#2515,.T.);
#6069=EDGE_CURVE('',#4684,#4712,#2516,.T.);
#6070=EDGE_CURVE('',#4711,#4712,#2517,.T.);
#6071=EDGE_CURVE('',#4683,#4713,#2518,.T.);
#6072=EDGE_CURVE('',#4712,#4713,#2519,.T.);
#6073=EDGE_CURVE('',#4682,#4714,#2520,.T.);
#6074=EDGE_CURVE('',#4713,#4714,#2521,.T.);
#6075=EDGE_CURVE('',#4681,#4715,#2522,.T.);
#6076=EDGE_CURVE('',#4714,#4715,#2523,.T.);
#6077=EDGE_CURVE('',#4680,#4716,#2524,.T.);
#6078=EDGE_CURVE('',#4715,#4716,#2525,.T.);
#6079=EDGE_CURVE('',#4679,#4717,#2526,.T.);
#6080=EDGE_CURVE('',#4716,#4717,#2527,.T.);
#6081=EDGE_CURVE('',#4678,#4718,#2528,.T.);
#6082=EDGE_CURVE('',#4717,#4718,#2529,.T.);
#6083=EDGE_CURVE('',#4677,#4719,#2530,.T.);
#6084=EDGE_CURVE('',#4718,#4719,#2531,.T.);
#6085=EDGE_CURVE('',#4676,#4720,#2532,.T.);
#6086=EDGE_CURVE('',#4719,#4720,#2533,.T.);
#6087=EDGE_CURVE('',#4675,#4721,#2534,.T.);
#6088=EDGE_CURVE('',#4720,#4721,#2535,.T.);
#6089=EDGE_CURVE('',#4674,#4722,#2536,.T.);
#6090=EDGE_CURVE('',#4721,#4722,#2537,.T.);
#6091=EDGE_CURVE('',#4673,#4723,#2538,.T.);
#6092=EDGE_CURVE('',#4722,#4723,#2539,.T.);
#6093=EDGE_CURVE('',#4672,#4724,#2540,.T.);
#6094=EDGE_CURVE('',#4723,#4724,#2541,.T.);
#6095=EDGE_CURVE('',#4671,#4725,#2542,.T.);
#6096=EDGE_CURVE('',#4724,#4725,#2543,.T.);
#6097=EDGE_CURVE('',#4725,#4619,#2544,.T.);
#6098=EDGE_CURVE('',#4696,#4726,#2545,.T.);
#6099=EDGE_CURVE('',#4726,#4727,#2546,.T.);
#6100=EDGE_CURVE('',#4727,#4623,#2547,.T.);
#6101=EDGE_CURVE('',#4728,#4728,#410,.T.);
#6102=EDGE_CURVE('',#4729,#4729,#411,.T.);
#6103=EDGE_CURVE('',#4698,#4730,#2548,.T.);
#6104=EDGE_CURVE('',#4731,#4730,#2549,.T.);
#6105=EDGE_CURVE('',#4697,#4731,#2550,.T.);
#6106=EDGE_CURVE('',#4669,#4732,#2551,.T.);
#6107=EDGE_CURVE('',#4732,#4733,#2552,.T.);
#6108=EDGE_CURVE('',#4730,#4733,#2553,.T.);
#6109=EDGE_CURVE('',#4668,#4734,#2554,.T.);
#6110=EDGE_CURVE('',#4735,#4734,#2555,.T.);
#6111=EDGE_CURVE('',#4736,#4735,#2556,.T.);
#6112=EDGE_CURVE('',#4732,#4736,#2557,.T.);
#6113=EDGE_CURVE('',#4667,#4737,#2558,.T.);
#6114=EDGE_CURVE('',#4734,#4737,#2559,.T.);
#6115=EDGE_CURVE('',#4666,#4738,#2560,.T.);
#6116=EDGE_CURVE('',#4737,#4738,#2561,.T.);
#6117=EDGE_CURVE('',#4665,#4739,#2562,.T.);
#6118=EDGE_CURVE('',#4738,#4739,#2563,.T.);
#6119=EDGE_CURVE('',#4613,#4740,#2564,.T.);
#6120=EDGE_CURVE('',#4740,#4735,#2565,.T.);
#6121=EDGE_CURVE('',#4739,#4741,#2566,.T.);
#6122=EDGE_CURVE('',#4741,#4742,#2567,.T.);
#6123=EDGE_CURVE('',#4742,#4743,#2568,.T.);
#6124=EDGE_CURVE('',#4743,#4744,#2569,.T.);
#6125=EDGE_CURVE('',#4744,#4745,#2570,.T.);
#6126=EDGE_CURVE('',#4745,#4746,#2571,.T.);
#6127=EDGE_CURVE('',#4746,#4747,#2572,.T.);
#6128=EDGE_CURVE('',#4747,#4748,#2573,.T.);
#6129=EDGE_CURVE('',#4748,#4749,#2574,.T.);
#6130=EDGE_CURVE('',#4749,#4750,#2575,.T.);
#6131=EDGE_CURVE('',#4750,#4751,#2576,.T.);
#6132=EDGE_CURVE('',#4751,#4752,#2577,.T.);
#6133=EDGE_CURVE('',#4752,#4753,#2578,.T.);
#6134=EDGE_CURVE('',#4753,#4754,#2579,.T.);
#6135=EDGE_CURVE('',#4754,#4755,#2580,.T.);
#6136=EDGE_CURVE('',#4755,#4756,#2581,.T.);
#6137=EDGE_CURVE('',#4756,#4757,#2582,.T.);
#6138=EDGE_CURVE('',#4757,#4758,#2583,.T.);
#6139=EDGE_CURVE('',#4758,#4759,#2584,.T.);
#6140=EDGE_CURVE('',#4759,#4760,#2585,.T.);
#6141=EDGE_CURVE('',#4760,#4761,#2586,.T.);
#6142=EDGE_CURVE('',#4761,#4762,#2587,.T.);
#6143=EDGE_CURVE('',#4762,#4763,#2588,.T.);
#6144=EDGE_CURVE('',#4763,#4764,#2589,.T.);
#6145=EDGE_CURVE('',#4764,#4765,#2590,.T.);
#6146=EDGE_CURVE('',#4765,#4766,#2591,.T.);
#6147=EDGE_CURVE('',#4766,#4767,#2592,.T.);
#6148=EDGE_CURVE('',#4767,#4768,#2593,.T.);
#6149=EDGE_CURVE('',#4768,#4769,#2594,.T.);
#6150=EDGE_CURVE('',#4769,#4770,#2595,.T.);
#6151=EDGE_CURVE('',#4770,#4771,#2596,.T.);
#6152=EDGE_CURVE('',#4771,#4772,#2597,.T.);
#6153=EDGE_CURVE('',#4772,#4773,#2598,.T.);
#6154=EDGE_CURVE('',#4773,#4774,#2599,.T.);
#6155=EDGE_CURVE('',#4774,#4775,#2600,.T.);
#6156=EDGE_CURVE('',#4775,#4776,#2601,.T.);
#6157=EDGE_CURVE('',#4776,#4700,#2602,.T.);
#6158=EDGE_CURVE('',#4777,#4777,#412,.T.);
#6159=EDGE_CURVE('',#4778,#4736,#2603,.T.);
#6160=EDGE_CURVE('',#4733,#4778,#2604,.T.);
#6161=EDGE_CURVE('',#4778,#4740,#2605,.T.);
#6162=EDGE_CURVE('',#4731,#4726,#2606,.T.);
#6163=EDGE_CURVE('',#4629,#4776,#2607,.T.);
#6164=EDGE_CURVE('',#4632,#4773,#2608,.T.);
#6165=EDGE_CURVE('',#4633,#4772,#2609,.T.);
#6166=EDGE_CURVE('',#4630,#4775,#2610,.T.);
#6167=EDGE_CURVE('',#4631,#4774,#2611,.T.);
#6168=EDGE_CURVE('',#4636,#4769,#2612,.T.);
#6169=EDGE_CURVE('',#4637,#4768,#2613,.T.);
#6170=EDGE_CURVE('',#4640,#4765,#2614,.T.);
#6171=EDGE_CURVE('',#4641,#4764,#2615,.T.);
#6172=EDGE_CURVE('',#4644,#4761,#2616,.T.);
#6173=EDGE_CURVE('',#4645,#4760,#2617,.T.);
#6174=EDGE_CURVE('',#4648,#4757,#2618,.T.);
#6175=EDGE_CURVE('',#4649,#4756,#2619,.T.);
#6176=EDGE_CURVE('',#4652,#4753,#2620,.T.);
#6177=EDGE_CURVE('',#4653,#4752,#2621,.T.);
#6178=EDGE_CURVE('',#4656,#4749,#2622,.T.);
#6179=EDGE_CURVE('',#4657,#4748,#2623,.T.);
#6180=EDGE_CURVE('',#4660,#4745,#2624,.T.);
#6181=EDGE_CURVE('',#4661,#4744,#2625,.T.);
#6182=EDGE_CURVE('',#4664,#4741,#2626,.T.);
#6183=EDGE_CURVE('',#4662,#4743,#2627,.T.);
#6184=EDGE_CURVE('',#4663,#4742,#2628,.T.);
#6185=EDGE_CURVE('',#4654,#4751,#2629,.T.);
#6186=EDGE_CURVE('',#4655,#4750,#2630,.T.);
#6187=EDGE_CURVE('',#4646,#4759,#2631,.T.);
#6188=EDGE_CURVE('',#4647,#4758,#2632,.T.);
#6189=EDGE_CURVE('',#4638,#4767,#2633,.T.);
#6190=EDGE_CURVE('',#4639,#4766,#2634,.T.);
#6191=EDGE_CURVE('',#4634,#4771,#2635,.T.);
#6192=EDGE_CURVE('',#4635,#4770,#2636,.T.);
#6193=EDGE_CURVE('',#4642,#4763,#2637,.T.);
#6194=EDGE_CURVE('',#4643,#4762,#2638,.T.);
#6195=EDGE_CURVE('',#4650,#4755,#2639,.T.);
#6196=EDGE_CURVE('',#4651,#4754,#2640,.T.);
#6197=EDGE_CURVE('',#4658,#4747,#2641,.T.);
#6198=EDGE_CURVE('',#4659,#4746,#2642,.T.);
#6199=EDGE_CURVE('',#4728,#4616,#2643,.T.);
#6200=EDGE_CURVE('',#4729,#4777,#2644,.T.);
#6201=EDGE_CURVE('',#4779,#4624,#2645,.T.);
#6202=EDGE_CURVE('',#4618,#4779,#2646,.T.);
#6203=EDGE_CURVE('',#4779,#4727,#2647,.T.);
#6204=ORIENTED_EDGE('',*,*,#4780,.F.);
#6205=ORIENTED_EDGE('',*,*,#4781,.T.);
#6206=ORIENTED_EDGE('',*,*,#4782,.T.);
#6207=ORIENTED_EDGE('',*,*,#4783,.T.);
#6208=ORIENTED_EDGE('',*,*,#4784,.T.);
#6209=ORIENTED_EDGE('',*,*,#4785,.F.);
#6210=ORIENTED_EDGE('',*,*,#4786,.T.);
#6211=ORIENTED_EDGE('',*,*,#4787,.T.);
#6212=ORIENTED_EDGE('',*,*,#4788,.T.);
#6213=ORIENTED_EDGE('',*,*,#4781,.F.);
#6214=ORIENTED_EDGE('',*,*,#4789,.F.);
#6215=ORIENTED_EDGE('',*,*,#4782,.F.);
#6216=ORIENTED_EDGE('',*,*,#4790,.F.);
#6217=ORIENTED_EDGE('',*,*,#4791,.T.);
#6218=ORIENTED_EDGE('',*,*,#4792,.F.);
#6219=ORIENTED_EDGE('',*,*,#4793,.F.);
#6220=ORIENTED_EDGE('',*,*,#4794,.F.);
#6221=ORIENTED_EDGE('',*,*,#4795,.F.);
#6222=ORIENTED_EDGE('',*,*,#4796,.F.);
#6223=ORIENTED_EDGE('',*,*,#4797,.T.);
#6224=ORIENTED_EDGE('',*,*,#4798,.F.);
#6225=ORIENTED_EDGE('',*,*,#4799,.F.);
#6226=ORIENTED_EDGE('',*,*,#4788,.F.);
#6227=ORIENTED_EDGE('',*,*,#4800,.F.);
#6228=ORIENTED_EDGE('',*,*,#4801,.F.);
#6229=ORIENTED_EDGE('',*,*,#4802,.F.);
#6230=ORIENTED_EDGE('',*,*,#4803,.F.);
#6231=ORIENTED_EDGE('',*,*,#4804,.T.);
#6232=ORIENTED_EDGE('',*,*,#4805,.T.);
#6233=ORIENTED_EDGE('',*,*,#4806,.T.);
#6234=ORIENTED_EDGE('',*,*,#4807,.T.);
#6235=ORIENTED_EDGE('',*,*,#4790,.T.);
#6236=ORIENTED_EDGE('',*,*,#4808,.T.);
#6237=ORIENTED_EDGE('',*,*,#4809,.T.);
#6238=ORIENTED_EDGE('',*,*,#4810,.T.);
#6239=ORIENTED_EDGE('',*,*,#4811,.T.);
#6240=ORIENTED_EDGE('',*,*,#4812,.T.);
#6241=ORIENTED_EDGE('',*,*,#4813,.T.);
#6242=ORIENTED_EDGE('',*,*,#4814,.T.);
#6243=ORIENTED_EDGE('',*,*,#4815,.T.);
#6244=ORIENTED_EDGE('',*,*,#4816,.T.);
#6245=ORIENTED_EDGE('',*,*,#4817,.T.);
#6246=ORIENTED_EDGE('',*,*,#4818,.T.);
#6247=ORIENTED_EDGE('',*,*,#4819,.T.);
#6248=ORIENTED_EDGE('',*,*,#4820,.T.);
#6249=ORIENTED_EDGE('',*,*,#4821,.T.);
#6250=ORIENTED_EDGE('',*,*,#4822,.T.);
#6251=ORIENTED_EDGE('',*,*,#4823,.T.);
#6252=ORIENTED_EDGE('',*,*,#4824,.T.);
#6253=ORIENTED_EDGE('',*,*,#4825,.T.);
#6254=ORIENTED_EDGE('',*,*,#4826,.T.);
#6255=ORIENTED_EDGE('',*,*,#4827,.T.);
#6256=ORIENTED_EDGE('',*,*,#4786,.F.);
#6257=ORIENTED_EDGE('',*,*,#4828,.T.);
#6258=ORIENTED_EDGE('',*,*,#4829,.T.);
#6259=ORIENTED_EDGE('',*,*,#4830,.T.);
#6260=ORIENTED_EDGE('',*,*,#4831,.F.);
#6261=ORIENTED_EDGE('',*,*,#4832,.T.);
#6262=ORIENTED_EDGE('',*,*,#4833,.T.);
#6263=ORIENTED_EDGE('',*,*,#4834,.T.);
#6264=ORIENTED_EDGE('',*,*,#4835,.F.);
#6265=ORIENTED_EDGE('',*,*,#4836,.T.);
#6266=ORIENTED_EDGE('',*,*,#4837,.T.);
#6267=ORIENTED_EDGE('',*,*,#4838,.T.);
#6268=ORIENTED_EDGE('',*,*,#4839,.T.);
#6269=ORIENTED_EDGE('',*,*,#4840,.T.);
#6270=ORIENTED_EDGE('',*,*,#4841,.F.);
#6271=ORIENTED_EDGE('',*,*,#4842,.F.);
#6272=ORIENTED_EDGE('',*,*,#4843,.T.);
#6273=ORIENTED_EDGE('',*,*,#4844,.T.);
#6274=ORIENTED_EDGE('',*,*,#4845,.T.);
#6275=ORIENTED_EDGE('',*,*,#4846,.T.);
#6276=ORIENTED_EDGE('',*,*,#4847,.T.);
#6277=ORIENTED_EDGE('',*,*,#4848,.T.);
#6278=ORIENTED_EDGE('',*,*,#4849,.T.);
#6279=ORIENTED_EDGE('',*,*,#4850,.T.);
#6280=ORIENTED_EDGE('',*,*,#4851,.T.);
#6281=ORIENTED_EDGE('',*,*,#4852,.T.);
#6282=ORIENTED_EDGE('',*,*,#4853,.T.);
#6283=ORIENTED_EDGE('',*,*,#4854,.F.);
#6284=ORIENTED_EDGE('',*,*,#4855,.T.);
#6285=ORIENTED_EDGE('',*,*,#4856,.T.);
#6286=ORIENTED_EDGE('',*,*,#4795,.T.);
#6287=ORIENTED_EDGE('',*,*,#4857,.T.);
#6288=ORIENTED_EDGE('',*,*,#4858,.F.);
#6289=ORIENTED_EDGE('',*,*,#4857,.F.);
#6290=ORIENTED_EDGE('',*,*,#4859,.T.);
#6291=ORIENTED_EDGE('',*,*,#4860,.T.);
#6292=ORIENTED_EDGE('',*,*,#4861,.T.);
#6293=ORIENTED_EDGE('',*,*,#4861,.F.);
#6294=ORIENTED_EDGE('',*,*,#4862,.F.);
#6295=ORIENTED_EDGE('',*,*,#4863,.F.);
#6296=ORIENTED_EDGE('',*,*,#4864,.F.);
#6297=ORIENTED_EDGE('',*,*,#4865,.F.);
#6298=ORIENTED_EDGE('',*,*,#4866,.F.);
#6299=ORIENTED_EDGE('',*,*,#4867,.T.);
#6300=ORIENTED_EDGE('',*,*,#4868,.T.);
#6301=ORIENTED_EDGE('',*,*,#4869,.T.);
#6302=ORIENTED_EDGE('',*,*,#4870,.T.);
#6303=ORIENTED_EDGE('',*,*,#4871,.T.);
#6304=ORIENTED_EDGE('',*,*,#4872,.F.);
#6305=ORIENTED_EDGE('',*,*,#4873,.T.);
#6306=ORIENTED_EDGE('',*,*,#4874,.T.);
#6307=ORIENTED_EDGE('',*,*,#4875,.T.);
#6308=ORIENTED_EDGE('',*,*,#4876,.F.);
#6309=ORIENTED_EDGE('',*,*,#4877,.T.);
#6310=ORIENTED_EDGE('',*,*,#4878,.T.);
#6311=ORIENTED_EDGE('',*,*,#4879,.T.);
#6312=ORIENTED_EDGE('',*,*,#4880,.T.);
#6313=ORIENTED_EDGE('',*,*,#4881,.T.);
#6314=ORIENTED_EDGE('',*,*,#4882,.T.);
#6315=ORIENTED_EDGE('',*,*,#4883,.T.);
#6316=ORIENTED_EDGE('',*,*,#4884,.T.);
#6317=ORIENTED_EDGE('',*,*,#4885,.T.);
#6318=ORIENTED_EDGE('',*,*,#4886,.T.);
#6319=ORIENTED_EDGE('',*,*,#4887,.T.);
#6320=ORIENTED_EDGE('',*,*,#4855,.F.);
#6321=ORIENTED_EDGE('',*,*,#4888,.T.);
#6322=ORIENTED_EDGE('',*,*,#4889,.F.);
#6323=ORIENTED_EDGE('',*,*,#4890,.F.);
#6324=ORIENTED_EDGE('',*,*,#4891,.T.);
#6325=ORIENTED_EDGE('',*,*,#4892,.F.);
#6326=ORIENTED_EDGE('',*,*,#4893,.F.);
#6327=ORIENTED_EDGE('',*,*,#4894,.F.);
#6328=ORIENTED_EDGE('',*,*,#4868,.F.);
#6329=ORIENTED_EDGE('',*,*,#4895,.T.);
#6330=ORIENTED_EDGE('',*,*,#4896,.F.);
#6331=ORIENTED_EDGE('',*,*,#4897,.F.);
#6332=ORIENTED_EDGE('',*,*,#4898,.F.);
#6333=ORIENTED_EDGE('',*,*,#4899,.F.);
#6334=ORIENTED_EDGE('',*,*,#4900,.F.);
#6335=ORIENTED_EDGE('',*,*,#4901,.F.);
#6336=ORIENTED_EDGE('',*,*,#4869,.F.);
#6337=ORIENTED_EDGE('',*,*,#4897,.T.);
#6338=ORIENTED_EDGE('',*,*,#4902,.F.);
#6339=ORIENTED_EDGE('',*,*,#4903,.F.);
#6340=ORIENTED_EDGE('',*,*,#4870,.F.);
#6341=ORIENTED_EDGE('',*,*,#4903,.T.);
#6342=ORIENTED_EDGE('',*,*,#4904,.F.);
#6343=ORIENTED_EDGE('',*,*,#4905,.F.);
#6344=ORIENTED_EDGE('',*,*,#4906,.F.);
#6345=ORIENTED_EDGE('',*,*,#4907,.F.);
#6346=ORIENTED_EDGE('',*,*,#4908,.F.);
#6347=ORIENTED_EDGE('',*,*,#4909,.F.);
#6348=ORIENTED_EDGE('',*,*,#4871,.F.);
#6349=ORIENTED_EDGE('',*,*,#4905,.T.);
#6350=ORIENTED_EDGE('',*,*,#4910,.F.);
#6351=ORIENTED_EDGE('',*,*,#4911,.F.);
#6352=ORIENTED_EDGE('',*,*,#4912,.F.);
#6353=ORIENTED_EDGE('',*,*,#4913,.F.);
#6354=ORIENTED_EDGE('',*,*,#4901,.T.);
#6355=ORIENTED_EDGE('',*,*,#4914,.F.);
#6356=ORIENTED_EDGE('',*,*,#4907,.T.);
#6357=ORIENTED_EDGE('',*,*,#4915,.F.);
#6358=ORIENTED_EDGE('',*,*,#4916,.F.);
#6359=ORIENTED_EDGE('',*,*,#4894,.T.);
#6360=ORIENTED_EDGE('',*,*,#4867,.F.);
#6361=ORIENTED_EDGE('',*,*,#4917,.F.);
#6362=ORIENTED_EDGE('',*,*,#4918,.F.);
#6363=ORIENTED_EDGE('',*,*,#4895,.F.);
#6364=ORIENTED_EDGE('',*,*,#4912,.T.);
#6365=ORIENTED_EDGE('',*,*,#4893,.T.);
#6366=ORIENTED_EDGE('',*,*,#4916,.T.);
#6367=ORIENTED_EDGE('',*,*,#4919,.T.);
#6368=ORIENTED_EDGE('',*,*,#4920,.T.);
#6369=ORIENTED_EDGE('',*,*,#4921,.T.);
#6370=ORIENTED_EDGE('',*,*,#4922,.T.);
#6371=ORIENTED_EDGE('',*,*,#4923,.T.);
#6372=ORIENTED_EDGE('',*,*,#4924,.T.);
#6373=ORIENTED_EDGE('',*,*,#4925,.T.);
#6374=ORIENTED_EDGE('',*,*,#4926,.T.);
#6375=ORIENTED_EDGE('',*,*,#4927,.T.);
#6376=ORIENTED_EDGE('',*,*,#4928,.T.);
#6377=ORIENTED_EDGE('',*,*,#4929,.T.);
#6378=ORIENTED_EDGE('',*,*,#4930,.T.);
#6379=ORIENTED_EDGE('',*,*,#4931,.T.);
#6380=ORIENTED_EDGE('',*,*,#4932,.F.);
#6381=ORIENTED_EDGE('',*,*,#4933,.T.);
#6382=ORIENTED_EDGE('',*,*,#4934,.T.);
#6383=ORIENTED_EDGE('',*,*,#4935,.T.);
#6384=ORIENTED_EDGE('',*,*,#4936,.F.);
#6385=ORIENTED_EDGE('',*,*,#4937,.T.);
#6386=ORIENTED_EDGE('',*,*,#4938,.T.);
#6387=ORIENTED_EDGE('',*,*,#4939,.T.);
#6388=ORIENTED_EDGE('',*,*,#4940,.F.);
#6389=ORIENTED_EDGE('',*,*,#4941,.T.);
#6390=ORIENTED_EDGE('',*,*,#4942,.T.);
#6391=ORIENTED_EDGE('',*,*,#4943,.T.);
#6392=ORIENTED_EDGE('',*,*,#4944,.F.);
#6393=ORIENTED_EDGE('',*,*,#4945,.T.);
#6394=ORIENTED_EDGE('',*,*,#4946,.T.);
#6395=ORIENTED_EDGE('',*,*,#4947,.T.);
#6396=ORIENTED_EDGE('',*,*,#4948,.F.);
#6397=ORIENTED_EDGE('',*,*,#4949,.T.);
#6398=ORIENTED_EDGE('',*,*,#4950,.T.);
#6399=ORIENTED_EDGE('',*,*,#4951,.T.);
#6400=ORIENTED_EDGE('',*,*,#4952,.F.);
#6401=ORIENTED_EDGE('',*,*,#4953,.F.);
#6402=ORIENTED_EDGE('',*,*,#4954,.T.);
#6403=ORIENTED_EDGE('',*,*,#4955,.T.);
#6404=ORIENTED_EDGE('',*,*,#4956,.F.);
#6405=ORIENTED_EDGE('',*,*,#4957,.T.);
#6406=ORIENTED_EDGE('',*,*,#4958,.T.);
#6407=ORIENTED_EDGE('',*,*,#4959,.T.);
#6408=ORIENTED_EDGE('',*,*,#4960,.T.);
#6409=ORIENTED_EDGE('',*,*,#4961,.T.);
#6410=ORIENTED_EDGE('',*,*,#4962,.T.);
#6411=ORIENTED_EDGE('',*,*,#4963,.T.);
#6412=ORIENTED_EDGE('',*,*,#4964,.T.);
#6413=ORIENTED_EDGE('',*,*,#4965,.T.);
#6414=ORIENTED_EDGE('',*,*,#4966,.T.);
#6415=ORIENTED_EDGE('',*,*,#4967,.T.);
#6416=ORIENTED_EDGE('',*,*,#4968,.T.);
#6417=ORIENTED_EDGE('',*,*,#4969,.T.);
#6418=ORIENTED_EDGE('',*,*,#4970,.T.);
#6419=ORIENTED_EDGE('',*,*,#4971,.T.);
#6420=ORIENTED_EDGE('',*,*,#4972,.T.);
#6421=ORIENTED_EDGE('',*,*,#4973,.T.);
#6422=ORIENTED_EDGE('',*,*,#4915,.T.);
#6423=ORIENTED_EDGE('',*,*,#4906,.T.);
#6424=ORIENTED_EDGE('',*,*,#4974,.T.);
#6425=ORIENTED_EDGE('',*,*,#4975,.T.);
#6426=ORIENTED_EDGE('',*,*,#4976,.T.);
#6427=ORIENTED_EDGE('',*,*,#4919,.F.);
#6428=ORIENTED_EDGE('',*,*,#4911,.T.);
#6429=ORIENTED_EDGE('',*,*,#4977,.T.);
#6430=ORIENTED_EDGE('',*,*,#4978,.T.);
#6431=ORIENTED_EDGE('',*,*,#4872,.T.);
#6432=ORIENTED_EDGE('',*,*,#4909,.T.);
#6433=ORIENTED_EDGE('',*,*,#4979,.T.);
#6434=ORIENTED_EDGE('',*,*,#4980,.T.);
#6435=ORIENTED_EDGE('',*,*,#4974,.F.);
#6436=ORIENTED_EDGE('',*,*,#4838,.F.);
#6437=ORIENTED_EDGE('',*,*,#4981,.T.);
#6438=ORIENTED_EDGE('',*,*,#4982,.F.);
#6439=ORIENTED_EDGE('',*,*,#4983,.F.);
#6440=ORIENTED_EDGE('',*,*,#4837,.F.);
#6441=ORIENTED_EDGE('',*,*,#4984,.T.);
#6442=ORIENTED_EDGE('',*,*,#4985,.F.);
#6443=ORIENTED_EDGE('',*,*,#4981,.F.);
#6444=ORIENTED_EDGE('',*,*,#4986,.F.);
#6445=ORIENTED_EDGE('',*,*,#4987,.T.);
#6446=ORIENTED_EDGE('',*,*,#4988,.F.);
#6447=ORIENTED_EDGE('',*,*,#4989,.F.);
#6448=ORIENTED_EDGE('',*,*,#4984,.F.);
#6449=ORIENTED_EDGE('',*,*,#4836,.F.);
#6450=ORIENTED_EDGE('',*,*,#4942,.F.);
#6451=ORIENTED_EDGE('',*,*,#4990,.T.);
#6452=ORIENTED_EDGE('',*,*,#4839,.F.);
#6453=ORIENTED_EDGE('',*,*,#4983,.T.);
#6454=ORIENTED_EDGE('',*,*,#4991,.F.);
#6455=ORIENTED_EDGE('',*,*,#4992,.F.);
#6456=ORIENTED_EDGE('',*,*,#4993,.F.);
#6457=ORIENTED_EDGE('',*,*,#4994,.F.);
#6458=ORIENTED_EDGE('',*,*,#4995,.F.);
#6459=ORIENTED_EDGE('',*,*,#4943,.F.);
#6460=ORIENTED_EDGE('',*,*,#4990,.F.);
#6461=ORIENTED_EDGE('',*,*,#4941,.F.);
#6462=ORIENTED_EDGE('',*,*,#4996,.F.);
#6463=ORIENTED_EDGE('',*,*,#4987,.F.);
#6464=ORIENTED_EDGE('',*,*,#4997,.F.);
#6465=ORIENTED_EDGE('',*,*,#4840,.F.);
#6466=ORIENTED_EDGE('',*,*,#4992,.T.);
#6467=ORIENTED_EDGE('',*,*,#4998,.F.);
#6468=ORIENTED_EDGE('',*,*,#4999,.F.);
#6469=ORIENTED_EDGE('',*,*,#4994,.T.);
#6470=ORIENTED_EDGE('',*,*,#4784,.F.);
#6471=ORIENTED_EDGE('',*,*,#5000,.F.);
#6472=ORIENTED_EDGE('',*,*,#5001,.F.);
#6473=ORIENTED_EDGE('',*,*,#5002,.T.);
#6474=ORIENTED_EDGE('',*,*,#5003,.F.);
#6475=ORIENTED_EDGE('',*,*,#5004,.T.);
#6476=ORIENTED_EDGE('',*,*,#4998,.T.);
#6477=ORIENTED_EDGE('',*,*,#4991,.T.);
#6478=ORIENTED_EDGE('',*,*,#4982,.T.);
#6479=ORIENTED_EDGE('',*,*,#4985,.T.);
#6480=ORIENTED_EDGE('',*,*,#4989,.T.);
#6481=ORIENTED_EDGE('',*,*,#5005,.T.);
#6482=ORIENTED_EDGE('',*,*,#5006,.T.);
#6483=ORIENTED_EDGE('',*,*,#5007,.T.);
#6484=ORIENTED_EDGE('',*,*,#5008,.T.);
#6485=ORIENTED_EDGE('',*,*,#5009,.T.);
#6486=ORIENTED_EDGE('',*,*,#5010,.T.);
#6487=ORIENTED_EDGE('',*,*,#5011,.T.);
#6488=ORIENTED_EDGE('',*,*,#5012,.T.);
#6489=ORIENTED_EDGE('',*,*,#5013,.T.);
#6490=ORIENTED_EDGE('',*,*,#5014,.T.);
#6491=ORIENTED_EDGE('',*,*,#5015,.T.);
#6492=ORIENTED_EDGE('',*,*,#5016,.T.);
#6493=ORIENTED_EDGE('',*,*,#5017,.T.);
#6494=ORIENTED_EDGE('',*,*,#5018,.F.);
#6495=ORIENTED_EDGE('',*,*,#4801,.T.);
#6496=ORIENTED_EDGE('',*,*,#5019,.F.);
#6497=ORIENTED_EDGE('',*,*,#5020,.F.);
#6498=ORIENTED_EDGE('',*,*,#5021,.F.);
#6499=ORIENTED_EDGE('',*,*,#5022,.F.);
#6500=ORIENTED_EDGE('',*,*,#5023,.T.);
#6501=ORIENTED_EDGE('',*,*,#5024,.T.);
#6502=ORIENTED_EDGE('',*,*,#5025,.T.);
#6503=ORIENTED_EDGE('',*,*,#5026,.T.);
#6504=ORIENTED_EDGE('',*,*,#5027,.T.);
#6505=ORIENTED_EDGE('',*,*,#5028,.T.);
#6506=ORIENTED_EDGE('',*,*,#5029,.T.);
#6507=ORIENTED_EDGE('',*,*,#5030,.T.);
#6508=ORIENTED_EDGE('',*,*,#5031,.T.);
#6509=ORIENTED_EDGE('',*,*,#4996,.T.);
#6510=ORIENTED_EDGE('',*,*,#4940,.T.);
#6511=ORIENTED_EDGE('',*,*,#5032,.T.);
#6512=ORIENTED_EDGE('',*,*,#5033,.T.);
#6513=ORIENTED_EDGE('',*,*,#5005,.F.);
#6514=ORIENTED_EDGE('',*,*,#4988,.T.);
#6515=ORIENTED_EDGE('',*,*,#5034,.F.);
#6516=ORIENTED_EDGE('',*,*,#5035,.F.);
#6517=ORIENTED_EDGE('',*,*,#5036,.F.);
#6518=ORIENTED_EDGE('',*,*,#5037,.F.);
#6519=ORIENTED_EDGE('',*,*,#5038,.F.);
#6520=ORIENTED_EDGE('',*,*,#5039,.T.);
#6521=ORIENTED_EDGE('',*,*,#5040,.F.);
#6522=ORIENTED_EDGE('',*,*,#5035,.T.);
#6523=ORIENTED_EDGE('',*,*,#4963,.F.);
#6524=ORIENTED_EDGE('',*,*,#5041,.F.);
#6525=ORIENTED_EDGE('',*,*,#5042,.F.);
#6526=ORIENTED_EDGE('',*,*,#5037,.T.);
#6527=ORIENTED_EDGE('',*,*,#5043,.F.);
#6528=ORIENTED_EDGE('',*,*,#4964,.F.);
#6529=ORIENTED_EDGE('',*,*,#5041,.T.);
#6530=ORIENTED_EDGE('',*,*,#4962,.F.);
#6531=ORIENTED_EDGE('',*,*,#5044,.F.);
#6532=ORIENTED_EDGE('',*,*,#5045,.F.);
#6533=ORIENTED_EDGE('',*,*,#5046,.F.);
#6534=ORIENTED_EDGE('',*,*,#5045,.T.);
#6535=ORIENTED_EDGE('',*,*,#5047,.F.);
#6536=ORIENTED_EDGE('',*,*,#5039,.F.);
#6537=ORIENTED_EDGE('',*,*,#4913,.T.);
#6538=ORIENTED_EDGE('',*,*,#4965,.F.);
#6539=ORIENTED_EDGE('',*,*,#5043,.T.);
#6540=ORIENTED_EDGE('',*,*,#5036,.T.);
#6541=ORIENTED_EDGE('',*,*,#5040,.T.);
#6542=ORIENTED_EDGE('',*,*,#5047,.T.);
#6543=ORIENTED_EDGE('',*,*,#5044,.T.);
#6544=ORIENTED_EDGE('',*,*,#4961,.F.);
#6545=ORIENTED_EDGE('',*,*,#5048,.T.);
#6546=ORIENTED_EDGE('',*,*,#5049,.T.);
#6547=ORIENTED_EDGE('',*,*,#5050,.T.);
#6548=ORIENTED_EDGE('',*,*,#5051,.T.);
#6549=ORIENTED_EDGE('',*,*,#5052,.T.);
#6550=ORIENTED_EDGE('',*,*,#4957,.F.);
#6551=ORIENTED_EDGE('',*,*,#5053,.F.);
#6552=ORIENTED_EDGE('',*,*,#5054,.T.);
#6553=ORIENTED_EDGE('',*,*,#5055,.T.);
#6554=ORIENTED_EDGE('',*,*,#4898,.T.);
#6555=ORIENTED_EDGE('',*,*,#5056,.F.);
#6556=ORIENTED_EDGE('',*,*,#5057,.T.);
#6557=ORIENTED_EDGE('',*,*,#4886,.F.);
#6558=ORIENTED_EDGE('',*,*,#5058,.T.);
#6559=ORIENTED_EDGE('',*,*,#5059,.F.);
#6560=ORIENTED_EDGE('',*,*,#5058,.F.);
#6561=ORIENTED_EDGE('',*,*,#4885,.F.);
#6562=ORIENTED_EDGE('',*,*,#5060,.T.);
#6563=ORIENTED_EDGE('',*,*,#5061,.F.);
#6564=ORIENTED_EDGE('',*,*,#5060,.F.);
#6565=ORIENTED_EDGE('',*,*,#4884,.F.);
#6566=ORIENTED_EDGE('',*,*,#5062,.T.);
#6567=ORIENTED_EDGE('',*,*,#5063,.F.);
#6568=ORIENTED_EDGE('',*,*,#5062,.F.);
#6569=ORIENTED_EDGE('',*,*,#4887,.F.);
#6570=ORIENTED_EDGE('',*,*,#5057,.F.);
#6571=ORIENTED_EDGE('',*,*,#4922,.F.);
#6572=ORIENTED_EDGE('',*,*,#5064,.T.);
#6573=ORIENTED_EDGE('',*,*,#4920,.F.);
#6574=ORIENTED_EDGE('',*,*,#4976,.F.);
#6575=ORIENTED_EDGE('',*,*,#5065,.F.);
#6576=ORIENTED_EDGE('',*,*,#5066,.F.);
#6577=ORIENTED_EDGE('',*,*,#5067,.T.);
#6578=ORIENTED_EDGE('',*,*,#5068,.F.);
#6579=ORIENTED_EDGE('',*,*,#5069,.F.);
#6580=ORIENTED_EDGE('',*,*,#5070,.F.);
#6581=ORIENTED_EDGE('',*,*,#5071,.F.);
#6582=ORIENTED_EDGE('',*,*,#5067,.F.);
#6583=ORIENTED_EDGE('',*,*,#4875,.F.);
#6584=ORIENTED_EDGE('',*,*,#5072,.F.);
#6585=ORIENTED_EDGE('',*,*,#5073,.F.);
#6586=ORIENTED_EDGE('',*,*,#5074,.F.);
#6587=ORIENTED_EDGE('',*,*,#5075,.F.);
#6588=ORIENTED_EDGE('',*,*,#5065,.T.);
#6589=ORIENTED_EDGE('',*,*,#4975,.F.);
#6590=ORIENTED_EDGE('',*,*,#4980,.F.);
#6591=ORIENTED_EDGE('',*,*,#4921,.F.);
#6592=ORIENTED_EDGE('',*,*,#5064,.F.);
#6593=ORIENTED_EDGE('',*,*,#4873,.F.);
#6594=ORIENTED_EDGE('',*,*,#4978,.F.);
#6595=ORIENTED_EDGE('',*,*,#5076,.F.);
#6596=ORIENTED_EDGE('',*,*,#5077,.F.);
#6597=ORIENTED_EDGE('',*,*,#4874,.F.);
#6598=ORIENTED_EDGE('',*,*,#5077,.T.);
#6599=ORIENTED_EDGE('',*,*,#5078,.F.);
#6600=ORIENTED_EDGE('',*,*,#5072,.T.);
#6601=ORIENTED_EDGE('',*,*,#4900,.T.);
#6602=ORIENTED_EDGE('',*,*,#5079,.F.);
#6603=ORIENTED_EDGE('',*,*,#5080,.T.);
#6604=ORIENTED_EDGE('',*,*,#5081,.T.);
#6605=ORIENTED_EDGE('',*,*,#5082,.F.);
#6606=ORIENTED_EDGE('',*,*,#5083,.F.);
#6607=ORIENTED_EDGE('',*,*,#5084,.T.);
#6608=ORIENTED_EDGE('',*,*,#5085,.T.);
#6609=ORIENTED_EDGE('',*,*,#5086,.T.);
#6610=ORIENTED_EDGE('',*,*,#5087,.F.);
#6611=ORIENTED_EDGE('',*,*,#5069,.T.);
#6612=ORIENTED_EDGE('',*,*,#5066,.T.);
#6613=ORIENTED_EDGE('',*,*,#5075,.T.);
#6614=ORIENTED_EDGE('',*,*,#4979,.F.);
#6615=ORIENTED_EDGE('',*,*,#4908,.T.);
#6616=ORIENTED_EDGE('',*,*,#4914,.T.);
#6617=ORIENTED_EDGE('',*,*,#5042,.T.);
#6618=ORIENTED_EDGE('',*,*,#5046,.T.);
#6619=ORIENTED_EDGE('',*,*,#5038,.T.);
#6620=ORIENTED_EDGE('',*,*,#5034,.T.);
#6621=ORIENTED_EDGE('',*,*,#5088,.T.);
#6622=ORIENTED_EDGE('',*,*,#5089,.T.);
#6623=ORIENTED_EDGE('',*,*,#5090,.T.);
#6624=ORIENTED_EDGE('',*,*,#5091,.T.);
#6625=ORIENTED_EDGE('',*,*,#4917,.T.);
#6626=ORIENTED_EDGE('',*,*,#4866,.T.);
#6627=ORIENTED_EDGE('',*,*,#5092,.F.);
#6628=ORIENTED_EDGE('',*,*,#5093,.T.);
#6629=ORIENTED_EDGE('',*,*,#5074,.T.);
#6630=ORIENTED_EDGE('',*,*,#5094,.T.);
#6631=ORIENTED_EDGE('',*,*,#5095,.T.);
#6632=ORIENTED_EDGE('',*,*,#4876,.T.);
#6633=ORIENTED_EDGE('',*,*,#5068,.T.);
#6634=ORIENTED_EDGE('',*,*,#5071,.T.);
#6635=ORIENTED_EDGE('',*,*,#5096,.T.);
#6636=ORIENTED_EDGE('',*,*,#5097,.T.);
#6637=ORIENTED_EDGE('',*,*,#5098,.T.);
#6638=ORIENTED_EDGE('',*,*,#4923,.F.);
#6639=ORIENTED_EDGE('',*,*,#4918,.T.);
#6640=ORIENTED_EDGE('',*,*,#5093,.F.);
#6641=ORIENTED_EDGE('',*,*,#5099,.F.);
#6642=ORIENTED_EDGE('',*,*,#5100,.T.);
#6643=ORIENTED_EDGE('',*,*,#5101,.F.);
#6644=ORIENTED_EDGE('',*,*,#5102,.T.);
#6645=ORIENTED_EDGE('',*,*,#5103,.T.);
#6646=ORIENTED_EDGE('',*,*,#5104,.T.);
#6647=ORIENTED_EDGE('',*,*,#5105,.T.);
#6648=ORIENTED_EDGE('',*,*,#5106,.T.);
#6649=ORIENTED_EDGE('',*,*,#5107,.T.);
#6650=ORIENTED_EDGE('',*,*,#5108,.F.);
#6651=ORIENTED_EDGE('',*,*,#5109,.F.);
#6652=ORIENTED_EDGE('',*,*,#5110,.T.);
#6653=ORIENTED_EDGE('',*,*,#5111,.T.);
#6654=ORIENTED_EDGE('',*,*,#5112,.T.);
#6655=ORIENTED_EDGE('',*,*,#5094,.F.);
#6656=ORIENTED_EDGE('',*,*,#5073,.T.);
#6657=ORIENTED_EDGE('',*,*,#5078,.T.);
#6658=ORIENTED_EDGE('',*,*,#5076,.T.);
#6659=ORIENTED_EDGE('',*,*,#4977,.F.);
#6660=ORIENTED_EDGE('',*,*,#4910,.T.);
#6661=ORIENTED_EDGE('',*,*,#4904,.T.);
#6662=ORIENTED_EDGE('',*,*,#4902,.T.);
#6663=ORIENTED_EDGE('',*,*,#4896,.T.);
#6664=ORIENTED_EDGE('',*,*,#5061,.T.);
#6665=ORIENTED_EDGE('',*,*,#5063,.T.);
#6666=ORIENTED_EDGE('',*,*,#5056,.T.);
#6667=ORIENTED_EDGE('',*,*,#5059,.T.);
#6668=ORIENTED_EDGE('',*,*,#5113,.T.);
#6669=ORIENTED_EDGE('',*,*,#5114,.T.);
#6670=ORIENTED_EDGE('',*,*,#5115,.T.);
#6671=ORIENTED_EDGE('',*,*,#5116,.T.);
#6672=ORIENTED_EDGE('',*,*,#4899,.T.);
#6673=ORIENTED_EDGE('',*,*,#5055,.F.);
#6674=ORIENTED_EDGE('',*,*,#5054,.F.);
#6675=ORIENTED_EDGE('',*,*,#5117,.F.);
#6676=ORIENTED_EDGE('',*,*,#5118,.F.);
#6677=ORIENTED_EDGE('',*,*,#5119,.T.);
#6678=ORIENTED_EDGE('',*,*,#5120,.T.);
#6679=ORIENTED_EDGE('',*,*,#5121,.F.);
#6680=ORIENTED_EDGE('',*,*,#5079,.T.);
#6681=ORIENTED_EDGE('',*,*,#5091,.F.);
#6682=ORIENTED_EDGE('',*,*,#5122,.F.);
#6683=ORIENTED_EDGE('',*,*,#5049,.F.);
#6684=ORIENTED_EDGE('',*,*,#5123,.F.);
#6685=ORIENTED_EDGE('',*,*,#5090,.F.);
#6686=ORIENTED_EDGE('',*,*,#5124,.T.);
#6687=ORIENTED_EDGE('',*,*,#5050,.F.);
#6688=ORIENTED_EDGE('',*,*,#5122,.T.);
#6689=ORIENTED_EDGE('',*,*,#4959,.F.);
#6690=ORIENTED_EDGE('',*,*,#5125,.F.);
#6691=ORIENTED_EDGE('',*,*,#5088,.F.);
#6692=ORIENTED_EDGE('',*,*,#5123,.T.);
#6693=ORIENTED_EDGE('',*,*,#5048,.F.);
#6694=ORIENTED_EDGE('',*,*,#4960,.F.);
#6695=ORIENTED_EDGE('',*,*,#5125,.T.);
#6696=ORIENTED_EDGE('',*,*,#4958,.F.);
#6697=ORIENTED_EDGE('',*,*,#5052,.F.);
#6698=ORIENTED_EDGE('',*,*,#5126,.F.);
#6699=ORIENTED_EDGE('',*,*,#5089,.F.);
#6700=ORIENTED_EDGE('',*,*,#5126,.T.);
#6701=ORIENTED_EDGE('',*,*,#5051,.F.);
#6702=ORIENTED_EDGE('',*,*,#5124,.F.);
#6703=ORIENTED_EDGE('',*,*,#5084,.F.);
#6704=ORIENTED_EDGE('',*,*,#5127,.F.);
#6705=ORIENTED_EDGE('',*,*,#5128,.F.);
#6706=ORIENTED_EDGE('',*,*,#5129,.F.);
#6707=ORIENTED_EDGE('',*,*,#4879,.F.);
#6708=ORIENTED_EDGE('',*,*,#5130,.F.);
#6709=ORIENTED_EDGE('',*,*,#5110,.F.);
#6710=ORIENTED_EDGE('',*,*,#5131,.F.);
#6711=ORIENTED_EDGE('',*,*,#4888,.F.);
#6712=ORIENTED_EDGE('',*,*,#4854,.T.);
#6713=ORIENTED_EDGE('',*,*,#4858,.T.);
#6714=ORIENTED_EDGE('',*,*,#5086,.F.);
#6715=ORIENTED_EDGE('',*,*,#5132,.T.);
#6716=ORIENTED_EDGE('',*,*,#5097,.F.);
#6717=ORIENTED_EDGE('',*,*,#5133,.F.);
#6718=ORIENTED_EDGE('',*,*,#5085,.F.);
#6719=ORIENTED_EDGE('',*,*,#5129,.T.);
#6720=ORIENTED_EDGE('',*,*,#5134,.F.);
#6721=ORIENTED_EDGE('',*,*,#4926,.F.);
#6722=ORIENTED_EDGE('',*,*,#5135,.T.);
#6723=ORIENTED_EDGE('',*,*,#4924,.F.);
#6724=ORIENTED_EDGE('',*,*,#5098,.F.);
#6725=ORIENTED_EDGE('',*,*,#5132,.F.);
#6726=ORIENTED_EDGE('',*,*,#4925,.F.);
#6727=ORIENTED_EDGE('',*,*,#5135,.F.);
#6728=ORIENTED_EDGE('',*,*,#4877,.F.);
#6729=ORIENTED_EDGE('',*,*,#5095,.F.);
#6730=ORIENTED_EDGE('',*,*,#5112,.F.);
#6731=ORIENTED_EDGE('',*,*,#5136,.F.);
#6732=ORIENTED_EDGE('',*,*,#4878,.F.);
#6733=ORIENTED_EDGE('',*,*,#5136,.T.);
#6734=ORIENTED_EDGE('',*,*,#5111,.F.);
#6735=ORIENTED_EDGE('',*,*,#5130,.T.);
#6736=ORIENTED_EDGE('',*,*,#5131,.T.);
#6737=ORIENTED_EDGE('',*,*,#5109,.T.);
#6738=ORIENTED_EDGE('',*,*,#5137,.T.);
#6739=ORIENTED_EDGE('',*,*,#4889,.T.);
#6740=ORIENTED_EDGE('',*,*,#5070,.T.);
#6741=ORIENTED_EDGE('',*,*,#5087,.T.);
#6742=ORIENTED_EDGE('',*,*,#5133,.T.);
#6743=ORIENTED_EDGE('',*,*,#5096,.F.);
#6744=ORIENTED_EDGE('',*,*,#4938,.F.);
#6745=ORIENTED_EDGE('',*,*,#5138,.T.);
#6746=ORIENTED_EDGE('',*,*,#5139,.F.);
#6747=ORIENTED_EDGE('',*,*,#5140,.F.);
#6748=ORIENTED_EDGE('',*,*,#5141,.F.);
#6749=ORIENTED_EDGE('',*,*,#5142,.T.);
#6750=ORIENTED_EDGE('',*,*,#5032,.F.);
#6751=ORIENTED_EDGE('',*,*,#4939,.F.);
#6752=ORIENTED_EDGE('',*,*,#5138,.F.);
#6753=ORIENTED_EDGE('',*,*,#4937,.F.);
#6754=ORIENTED_EDGE('',*,*,#5006,.F.);
#6755=ORIENTED_EDGE('',*,*,#5033,.F.);
#6756=ORIENTED_EDGE('',*,*,#5142,.F.);
#6757=ORIENTED_EDGE('',*,*,#5143,.F.);
#6758=ORIENTED_EDGE('',*,*,#4834,.F.);
#6759=ORIENTED_EDGE('',*,*,#5144,.T.);
#6760=ORIENTED_EDGE('',*,*,#5007,.F.);
#6761=ORIENTED_EDGE('',*,*,#5144,.F.);
#6762=ORIENTED_EDGE('',*,*,#4833,.F.);
#6763=ORIENTED_EDGE('',*,*,#5145,.F.);
#6764=ORIENTED_EDGE('',*,*,#5146,.F.);
#6765=ORIENTED_EDGE('',*,*,#5008,.F.);
#6766=ORIENTED_EDGE('',*,*,#5145,.T.);
#6767=ORIENTED_EDGE('',*,*,#4832,.F.);
#6768=ORIENTED_EDGE('',*,*,#5147,.F.);
#6769=ORIENTED_EDGE('',*,*,#5140,.T.);
#6770=ORIENTED_EDGE('',*,*,#4999,.T.);
#6771=ORIENTED_EDGE('',*,*,#5023,.F.);
#6772=ORIENTED_EDGE('',*,*,#5148,.F.);
#6773=ORIENTED_EDGE('',*,*,#5149,.F.);
#6774=ORIENTED_EDGE('',*,*,#4952,.T.);
#6775=ORIENTED_EDGE('',*,*,#5150,.T.);
#6776=ORIENTED_EDGE('',*,*,#5151,.T.);
#6777=ORIENTED_EDGE('',*,*,#5152,.T.);
#6778=ORIENTED_EDGE('',*,*,#5153,.T.);
#6779=ORIENTED_EDGE('',*,*,#5154,.T.);
#6780=ORIENTED_EDGE('',*,*,#4948,.T.);
#6781=ORIENTED_EDGE('',*,*,#5155,.T.);
#6782=ORIENTED_EDGE('',*,*,#5156,.T.);
#6783=ORIENTED_EDGE('',*,*,#5157,.T.);
#6784=ORIENTED_EDGE('',*,*,#5158,.T.);
#6785=ORIENTED_EDGE('',*,*,#5159,.T.);
#6786=ORIENTED_EDGE('',*,*,#4944,.T.);
#6787=ORIENTED_EDGE('',*,*,#4995,.T.);
#6788=ORIENTED_EDGE('',*,*,#5146,.T.);
#6789=ORIENTED_EDGE('',*,*,#5139,.T.);
#6790=ORIENTED_EDGE('',*,*,#4936,.T.);
#6791=ORIENTED_EDGE('',*,*,#5160,.T.);
#6792=ORIENTED_EDGE('',*,*,#5161,.T.);
#6793=ORIENTED_EDGE('',*,*,#5009,.F.);
#6794=ORIENTED_EDGE('',*,*,#5152,.F.);
#6795=ORIENTED_EDGE('',*,*,#5162,.F.);
#6796=ORIENTED_EDGE('',*,*,#5163,.F.);
#6797=ORIENTED_EDGE('',*,*,#5164,.F.);
#6798=ORIENTED_EDGE('',*,*,#5153,.F.);
#6799=ORIENTED_EDGE('',*,*,#5164,.T.);
#6800=ORIENTED_EDGE('',*,*,#5165,.F.);
#6801=ORIENTED_EDGE('',*,*,#5166,.T.);
#6802=ORIENTED_EDGE('',*,*,#4950,.F.);
#6803=ORIENTED_EDGE('',*,*,#5167,.T.);
#6804=ORIENTED_EDGE('',*,*,#5150,.F.);
#6805=ORIENTED_EDGE('',*,*,#4951,.F.);
#6806=ORIENTED_EDGE('',*,*,#5167,.F.);
#6807=ORIENTED_EDGE('',*,*,#4949,.F.);
#6808=ORIENTED_EDGE('',*,*,#5154,.F.);
#6809=ORIENTED_EDGE('',*,*,#5166,.F.);
#6810=ORIENTED_EDGE('',*,*,#5168,.F.);
#6811=ORIENTED_EDGE('',*,*,#5169,.T.);
#6812=ORIENTED_EDGE('',*,*,#5151,.F.);
#6813=ORIENTED_EDGE('',*,*,#5169,.F.);
#6814=ORIENTED_EDGE('',*,*,#5170,.F.);
#6815=ORIENTED_EDGE('',*,*,#5162,.T.);
#6816=ORIENTED_EDGE('',*,*,#4848,.F.);
#6817=ORIENTED_EDGE('',*,*,#5171,.F.);
#6818=ORIENTED_EDGE('',*,*,#5030,.F.);
#6819=ORIENTED_EDGE('',*,*,#5172,.F.);
#6820=ORIENTED_EDGE('',*,*,#4849,.F.);
#6821=ORIENTED_EDGE('',*,*,#5172,.T.);
#6822=ORIENTED_EDGE('',*,*,#5029,.F.);
#6823=ORIENTED_EDGE('',*,*,#5173,.F.);
#6824=ORIENTED_EDGE('',*,*,#4846,.F.);
#6825=ORIENTED_EDGE('',*,*,#5173,.T.);
#6826=ORIENTED_EDGE('',*,*,#5028,.F.);
#6827=ORIENTED_EDGE('',*,*,#5174,.F.);
#6828=ORIENTED_EDGE('',*,*,#4847,.F.);
#6829=ORIENTED_EDGE('',*,*,#5174,.T.);
#6830=ORIENTED_EDGE('',*,*,#5031,.F.);
#6831=ORIENTED_EDGE('',*,*,#5171,.T.);
#6832=ORIENTED_EDGE('',*,*,#4934,.F.);
#6833=ORIENTED_EDGE('',*,*,#5175,.T.);
#6834=ORIENTED_EDGE('',*,*,#5176,.F.);
#6835=ORIENTED_EDGE('',*,*,#5177,.F.);
#6836=ORIENTED_EDGE('',*,*,#5178,.F.);
#6837=ORIENTED_EDGE('',*,*,#5179,.T.);
#6838=ORIENTED_EDGE('',*,*,#5160,.F.);
#6839=ORIENTED_EDGE('',*,*,#4935,.F.);
#6840=ORIENTED_EDGE('',*,*,#5175,.F.);
#6841=ORIENTED_EDGE('',*,*,#4933,.F.);
#6842=ORIENTED_EDGE('',*,*,#5010,.F.);
#6843=ORIENTED_EDGE('',*,*,#5161,.F.);
#6844=ORIENTED_EDGE('',*,*,#5179,.F.);
#6845=ORIENTED_EDGE('',*,*,#5180,.F.);
#6846=ORIENTED_EDGE('',*,*,#4830,.F.);
#6847=ORIENTED_EDGE('',*,*,#5181,.T.);
#6848=ORIENTED_EDGE('',*,*,#5011,.F.);
#6849=ORIENTED_EDGE('',*,*,#5181,.F.);
#6850=ORIENTED_EDGE('',*,*,#4829,.F.);
#6851=ORIENTED_EDGE('',*,*,#5182,.F.);
#6852=ORIENTED_EDGE('',*,*,#5183,.F.);
#6853=ORIENTED_EDGE('',*,*,#5012,.F.);
#6854=ORIENTED_EDGE('',*,*,#5182,.T.);
#6855=ORIENTED_EDGE('',*,*,#4828,.F.);
#6856=ORIENTED_EDGE('',*,*,#4785,.T.);
#6857=ORIENTED_EDGE('',*,*,#4780,.T.);
#6858=ORIENTED_EDGE('',*,*,#5004,.F.);
#6859=ORIENTED_EDGE('',*,*,#5184,.F.);
#6860=ORIENTED_EDGE('',*,*,#5177,.T.);
#6861=ORIENTED_EDGE('',*,*,#5183,.T.);
#6862=ORIENTED_EDGE('',*,*,#5176,.T.);
#6863=ORIENTED_EDGE('',*,*,#4932,.T.);
#6864=ORIENTED_EDGE('',*,*,#5185,.T.);
#6865=ORIENTED_EDGE('',*,*,#5013,.F.);
#6866=ORIENTED_EDGE('',*,*,#5026,.F.);
#6867=ORIENTED_EDGE('',*,*,#5186,.F.);
#6868=ORIENTED_EDGE('',*,*,#4852,.F.);
#6869=ORIENTED_EDGE('',*,*,#5187,.F.);
#6870=ORIENTED_EDGE('',*,*,#5027,.F.);
#6871=ORIENTED_EDGE('',*,*,#5187,.T.);
#6872=ORIENTED_EDGE('',*,*,#4851,.F.);
#6873=ORIENTED_EDGE('',*,*,#5188,.T.);
#6874=ORIENTED_EDGE('',*,*,#5024,.F.);
#6875=ORIENTED_EDGE('',*,*,#5188,.F.);
#6876=ORIENTED_EDGE('',*,*,#4850,.F.);
#6877=ORIENTED_EDGE('',*,*,#5189,.T.);
#6878=ORIENTED_EDGE('',*,*,#5025,.F.);
#6879=ORIENTED_EDGE('',*,*,#5189,.F.);
#6880=ORIENTED_EDGE('',*,*,#4853,.F.);
#6881=ORIENTED_EDGE('',*,*,#5186,.T.);
#6882=ORIENTED_EDGE('',*,*,#5157,.F.);
#6883=ORIENTED_EDGE('',*,*,#5190,.F.);
#6884=ORIENTED_EDGE('',*,*,#5191,.F.);
#6885=ORIENTED_EDGE('',*,*,#5192,.F.);
#6886=ORIENTED_EDGE('',*,*,#5158,.F.);
#6887=ORIENTED_EDGE('',*,*,#5192,.T.);
#6888=ORIENTED_EDGE('',*,*,#5193,.F.);
#6889=ORIENTED_EDGE('',*,*,#5194,.T.);
#6890=ORIENTED_EDGE('',*,*,#4946,.F.);
#6891=ORIENTED_EDGE('',*,*,#5195,.T.);
#6892=ORIENTED_EDGE('',*,*,#5155,.F.);
#6893=ORIENTED_EDGE('',*,*,#4947,.F.);
#6894=ORIENTED_EDGE('',*,*,#5195,.F.);
#6895=ORIENTED_EDGE('',*,*,#4945,.F.);
#6896=ORIENTED_EDGE('',*,*,#5159,.F.);
#6897=ORIENTED_EDGE('',*,*,#5194,.F.);
#6898=ORIENTED_EDGE('',*,*,#5196,.F.);
#6899=ORIENTED_EDGE('',*,*,#5197,.T.);
#6900=ORIENTED_EDGE('',*,*,#5156,.F.);
#6901=ORIENTED_EDGE('',*,*,#5197,.F.);
#6902=ORIENTED_EDGE('',*,*,#5198,.F.);
#6903=ORIENTED_EDGE('',*,*,#5190,.T.);
#6904=ORIENTED_EDGE('',*,*,#5115,.F.);
#6905=ORIENTED_EDGE('',*,*,#5199,.T.);
#6906=ORIENTED_EDGE('',*,*,#4882,.F.);
#6907=ORIENTED_EDGE('',*,*,#5200,.T.);
#6908=ORIENTED_EDGE('',*,*,#5116,.F.);
#6909=ORIENTED_EDGE('',*,*,#5200,.F.);
#6910=ORIENTED_EDGE('',*,*,#4881,.F.);
#6911=ORIENTED_EDGE('',*,*,#5201,.T.);
#6912=ORIENTED_EDGE('',*,*,#5113,.F.);
#6913=ORIENTED_EDGE('',*,*,#5201,.F.);
#6914=ORIENTED_EDGE('',*,*,#4880,.F.);
#6915=ORIENTED_EDGE('',*,*,#5202,.T.);
#6916=ORIENTED_EDGE('',*,*,#5114,.F.);
#6917=ORIENTED_EDGE('',*,*,#5202,.F.);
#6918=ORIENTED_EDGE('',*,*,#4883,.F.);
#6919=ORIENTED_EDGE('',*,*,#5199,.F.);
#6920=ORIENTED_EDGE('',*,*,#5203,.F.);
#6921=ORIENTED_EDGE('',*,*,#5204,.F.);
#6922=ORIENTED_EDGE('',*,*,#5205,.F.);
#6923=ORIENTED_EDGE('',*,*,#5206,.T.);
#6924=ORIENTED_EDGE('',*,*,#5207,.F.);
#6925=ORIENTED_EDGE('',*,*,#5206,.F.);
#6926=ORIENTED_EDGE('',*,*,#5208,.F.);
#6927=ORIENTED_EDGE('',*,*,#4805,.F.);
#6928=ORIENTED_EDGE('',*,*,#5209,.F.);
#6929=ORIENTED_EDGE('',*,*,#5210,.F.);
#6930=ORIENTED_EDGE('',*,*,#5211,.F.);
#6931=ORIENTED_EDGE('',*,*,#5204,.T.);
#6932=ORIENTED_EDGE('',*,*,#5212,.F.);
#6933=ORIENTED_EDGE('',*,*,#5213,.F.);
#6934=ORIENTED_EDGE('',*,*,#5214,.F.);
#6935=ORIENTED_EDGE('',*,*,#5215,.F.);
#6936=ORIENTED_EDGE('',*,*,#5216,.T.);
#6937=ORIENTED_EDGE('',*,*,#5217,.F.);
#6938=ORIENTED_EDGE('',*,*,#5209,.T.);
#6939=ORIENTED_EDGE('',*,*,#5203,.T.);
#6940=ORIENTED_EDGE('',*,*,#5207,.T.);
#6941=ORIENTED_EDGE('',*,*,#4804,.F.);
#6942=ORIENTED_EDGE('',*,*,#5218,.F.);
#6943=ORIENTED_EDGE('',*,*,#5219,.F.);
#6944=ORIENTED_EDGE('',*,*,#5220,.F.);
#6945=ORIENTED_EDGE('',*,*,#5221,.F.);
#6946=ORIENTED_EDGE('',*,*,#5216,.F.);
#6947=ORIENTED_EDGE('',*,*,#5222,.F.);
#6948=ORIENTED_EDGE('',*,*,#4859,.F.);
#6949=ORIENTED_EDGE('',*,*,#4794,.T.);
#6950=ORIENTED_EDGE('',*,*,#5223,.T.);
#6951=ORIENTED_EDGE('',*,*,#5224,.T.);
#6952=ORIENTED_EDGE('',*,*,#5210,.T.);
#6953=ORIENTED_EDGE('',*,*,#5217,.T.);
#6954=ORIENTED_EDGE('',*,*,#5221,.T.);
#6955=ORIENTED_EDGE('',*,*,#5225,.F.);
#6956=ORIENTED_EDGE('',*,*,#5226,.F.);
#6957=ORIENTED_EDGE('',*,*,#5227,.T.);
#6958=ORIENTED_EDGE('',*,*,#5228,.F.);
#6959=ORIENTED_EDGE('',*,*,#5229,.F.);
#6960=ORIENTED_EDGE('',*,*,#5103,.F.);
#6961=ORIENTED_EDGE('',*,*,#5230,.F.);
#6962=ORIENTED_EDGE('',*,*,#5231,.T.);
#6963=ORIENTED_EDGE('',*,*,#5232,.T.);
#6964=ORIENTED_EDGE('',*,*,#5233,.T.);
#6965=ORIENTED_EDGE('',*,*,#5234,.T.);
#6966=ORIENTED_EDGE('',*,*,#5235,.T.);
#6967=ORIENTED_EDGE('',*,*,#5236,.T.);
#6968=ORIENTED_EDGE('',*,*,#5237,.T.);
#6969=ORIENTED_EDGE('',*,*,#5238,.T.);
#6970=ORIENTED_EDGE('',*,*,#5239,.T.);
#6971=ORIENTED_EDGE('',*,*,#5240,.T.);
#6972=ORIENTED_EDGE('',*,*,#5241,.T.);
#6973=ORIENTED_EDGE('',*,*,#5242,.T.);
#6974=ORIENTED_EDGE('',*,*,#5243,.T.);
#6975=ORIENTED_EDGE('',*,*,#5244,.T.);
#6976=ORIENTED_EDGE('',*,*,#5245,.T.);
#6977=ORIENTED_EDGE('',*,*,#5246,.T.);
#6978=ORIENTED_EDGE('',*,*,#5247,.T.);
#6979=ORIENTED_EDGE('',*,*,#5248,.T.);
#6980=ORIENTED_EDGE('',*,*,#5249,.T.);
#6981=ORIENTED_EDGE('',*,*,#5250,.T.);
#6982=ORIENTED_EDGE('',*,*,#5251,.T.);
#6983=ORIENTED_EDGE('',*,*,#5252,.T.);
#6984=ORIENTED_EDGE('',*,*,#5253,.T.);
#6985=ORIENTED_EDGE('',*,*,#5254,.T.);
#6986=ORIENTED_EDGE('',*,*,#5255,.T.);
#6987=ORIENTED_EDGE('',*,*,#5252,.F.);
#6988=ORIENTED_EDGE('',*,*,#5256,.T.);
#6989=ORIENTED_EDGE('',*,*,#5257,.T.);
#6990=ORIENTED_EDGE('',*,*,#5258,.T.);
#6991=ORIENTED_EDGE('',*,*,#5254,.F.);
#6992=ORIENTED_EDGE('',*,*,#5259,.T.);
#6993=ORIENTED_EDGE('',*,*,#5260,.F.);
#6994=ORIENTED_EDGE('',*,*,#5261,.T.);
#6995=ORIENTED_EDGE('',*,*,#5257,.F.);
#6996=ORIENTED_EDGE('',*,*,#5262,.T.);
#6997=ORIENTED_EDGE('',*,*,#5260,.T.);
#6998=ORIENTED_EDGE('',*,*,#5259,.F.);
#6999=ORIENTED_EDGE('',*,*,#5263,.T.);
#7000=ORIENTED_EDGE('',*,*,#5264,.F.);
#7001=ORIENTED_EDGE('',*,*,#5265,.T.);
#7002=ORIENTED_EDGE('',*,*,#5266,.T.);
#7003=ORIENTED_EDGE('',*,*,#5267,.F.);
#7004=ORIENTED_EDGE('',*,*,#4791,.F.);
#7005=ORIENTED_EDGE('',*,*,#4807,.F.);
#7006=ORIENTED_EDGE('',*,*,#5253,.F.);
#7007=ORIENTED_EDGE('',*,*,#5268,.F.);
#7008=ORIENTED_EDGE('',*,*,#5269,.F.);
#7009=ORIENTED_EDGE('',*,*,#5270,.F.);
#7010=ORIENTED_EDGE('',*,*,#5271,.T.);
#7011=ORIENTED_EDGE('',*,*,#5272,.T.);
#7012=ORIENTED_EDGE('',*,*,#5273,.F.);
#7013=ORIENTED_EDGE('',*,*,#5274,.T.);
#7014=ORIENTED_EDGE('',*,*,#5275,.T.);
#7015=ORIENTED_EDGE('',*,*,#5276,.F.);
#7016=ORIENTED_EDGE('',*,*,#5277,.F.);
#7017=ORIENTED_EDGE('',*,*,#5263,.F.);
#7018=ORIENTED_EDGE('',*,*,#5251,.F.);
#7019=ORIENTED_EDGE('',*,*,#5258,.F.);
#7020=ORIENTED_EDGE('',*,*,#5262,.F.);
#7021=ORIENTED_EDGE('',*,*,#5256,.F.);
#7022=ORIENTED_EDGE('',*,*,#5278,.T.);
#7023=ORIENTED_EDGE('',*,*,#5279,.T.);
#7024=ORIENTED_EDGE('',*,*,#5273,.T.);
#7025=ORIENTED_EDGE('',*,*,#5280,.T.);
#7026=ORIENTED_EDGE('',*,*,#5281,.T.);
#7027=ORIENTED_EDGE('',*,*,#5282,.T.);
#7028=ORIENTED_EDGE('',*,*,#5283,.T.);
#7029=ORIENTED_EDGE('',*,*,#5279,.F.);
#7030=ORIENTED_EDGE('',*,*,#5284,.T.);
#7031=ORIENTED_EDGE('',*,*,#5282,.F.);
#7032=ORIENTED_EDGE('',*,*,#5285,.T.);
#7033=ORIENTED_EDGE('',*,*,#5286,.T.);
#7034=ORIENTED_EDGE('',*,*,#5287,.T.);
#7035=ORIENTED_EDGE('',*,*,#5286,.F.);
#7036=ORIENTED_EDGE('',*,*,#5288,.T.);
#7037=ORIENTED_EDGE('',*,*,#5280,.F.);
#7038=ORIENTED_EDGE('',*,*,#5287,.F.);
#7039=ORIENTED_EDGE('',*,*,#5272,.F.);
#7040=ORIENTED_EDGE('',*,*,#5289,.F.);
#7041=ORIENTED_EDGE('',*,*,#5290,.T.);
#7042=ORIENTED_EDGE('',*,*,#5278,.F.);
#7043=ORIENTED_EDGE('',*,*,#5288,.F.);
#7044=ORIENTED_EDGE('',*,*,#5285,.F.);
#7045=ORIENTED_EDGE('',*,*,#5281,.F.);
#7046=ORIENTED_EDGE('',*,*,#5291,.F.);
#7047=ORIENTED_EDGE('',*,*,#5292,.T.);
#7048=ORIENTED_EDGE('',*,*,#5293,.F.);
#7049=ORIENTED_EDGE('',*,*,#5294,.T.);
#7050=ORIENTED_EDGE('',*,*,#5295,.F.);
#7051=ORIENTED_EDGE('',*,*,#5275,.F.);
#7052=ORIENTED_EDGE('',*,*,#5289,.T.);
#7053=ORIENTED_EDGE('',*,*,#5271,.F.);
#7054=ORIENTED_EDGE('',*,*,#5296,.F.);
#7055=ORIENTED_EDGE('',*,*,#5297,.T.);
#7056=ORIENTED_EDGE('',*,*,#5298,.T.);
#7057=ORIENTED_EDGE('',*,*,#4798,.T.);
#7058=ORIENTED_EDGE('',*,*,#5299,.T.);
#7059=ORIENTED_EDGE('',*,*,#5300,.T.);
#7060=ORIENTED_EDGE('',*,*,#5301,.T.);
#7061=ORIENTED_EDGE('',*,*,#5302,.T.);
#7062=ORIENTED_EDGE('',*,*,#5303,.F.);
#7063=ORIENTED_EDGE('',*,*,#5304,.F.);
#7064=ORIENTED_EDGE('',*,*,#5305,.T.);
#7065=ORIENTED_EDGE('',*,*,#5304,.T.);
#7066=ORIENTED_EDGE('',*,*,#5306,.F.);
#7067=ORIENTED_EDGE('',*,*,#5307,.F.);
#7068=ORIENTED_EDGE('',*,*,#5308,.T.);
#7069=ORIENTED_EDGE('',*,*,#5307,.T.);
#7070=ORIENTED_EDGE('',*,*,#5309,.F.);
#7071=ORIENTED_EDGE('',*,*,#5310,.F.);
#7072=ORIENTED_EDGE('',*,*,#5311,.T.);
#7073=ORIENTED_EDGE('',*,*,#5310,.T.);
#7074=ORIENTED_EDGE('',*,*,#5312,.F.);
#7075=ORIENTED_EDGE('',*,*,#5302,.F.);
#7076=ORIENTED_EDGE('',*,*,#5267,.T.);
#7077=ORIENTED_EDGE('',*,*,#5313,.T.);
#7078=ORIENTED_EDGE('',*,*,#5314,.T.);
#7079=ORIENTED_EDGE('',*,*,#4792,.T.);
#7080=ORIENTED_EDGE('',*,*,#5312,.T.);
#7081=ORIENTED_EDGE('',*,*,#5309,.T.);
#7082=ORIENTED_EDGE('',*,*,#5306,.T.);
#7083=ORIENTED_EDGE('',*,*,#5303,.T.);
#7084=ORIENTED_EDGE('',*,*,#5296,.T.);
#7085=ORIENTED_EDGE('',*,*,#5270,.T.);
#7086=ORIENTED_EDGE('',*,*,#5315,.F.);
#7087=ORIENTED_EDGE('',*,*,#5316,.T.);
#7088=ORIENTED_EDGE('',*,*,#5311,.F.);
#7089=ORIENTED_EDGE('',*,*,#5301,.F.);
#7090=ORIENTED_EDGE('',*,*,#5305,.F.);
#7091=ORIENTED_EDGE('',*,*,#5308,.F.);
#7092=ORIENTED_EDGE('',*,*,#5225,.T.);
#7093=ORIENTED_EDGE('',*,*,#5220,.T.);
#7094=ORIENTED_EDGE('',*,*,#5317,.F.);
#7095=ORIENTED_EDGE('',*,*,#5318,.F.);
#7096=ORIENTED_EDGE('',*,*,#5319,.F.);
#7097=ORIENTED_EDGE('',*,*,#5320,.T.);
#7098=ORIENTED_EDGE('',*,*,#5229,.T.);
#7099=ORIENTED_EDGE('',*,*,#5321,.F.);
#7100=ORIENTED_EDGE('',*,*,#5322,.T.);
#7101=ORIENTED_EDGE('',*,*,#5104,.F.);
#7102=ORIENTED_EDGE('',*,*,#5218,.T.);
#7103=ORIENTED_EDGE('',*,*,#4803,.T.);
#7104=ORIENTED_EDGE('',*,*,#5323,.F.);
#7105=ORIENTED_EDGE('',*,*,#5324,.T.);
#7106=ORIENTED_EDGE('',*,*,#5325,.T.);
#7107=ORIENTED_EDGE('',*,*,#5326,.F.);
#7108=ORIENTED_EDGE('',*,*,#4802,.T.);
#7109=ORIENTED_EDGE('',*,*,#5018,.T.);
#7110=ORIENTED_EDGE('',*,*,#5327,.F.);
#7111=ORIENTED_EDGE('',*,*,#5323,.T.);
#7112=ORIENTED_EDGE('',*,*,#4800,.T.);
#7113=ORIENTED_EDGE('',*,*,#4787,.F.);
#7114=ORIENTED_EDGE('',*,*,#4845,.F.);
#7115=ORIENTED_EDGE('',*,*,#5328,.F.);
#7116=ORIENTED_EDGE('',*,*,#5019,.T.);
#7117=ORIENTED_EDGE('',*,*,#5329,.T.);
#7118=ORIENTED_EDGE('',*,*,#5330,.T.);
#7119=ORIENTED_EDGE('',*,*,#5219,.T.);
#7120=ORIENTED_EDGE('',*,*,#5326,.T.);
#7121=ORIENTED_EDGE('',*,*,#5331,.T.);
#7122=ORIENTED_EDGE('',*,*,#5317,.T.);
#7123=ORIENTED_EDGE('',*,*,#4930,.F.);
#7124=ORIENTED_EDGE('',*,*,#5332,.F.);
#7125=ORIENTED_EDGE('',*,*,#5333,.F.);
#7126=ORIENTED_EDGE('',*,*,#5334,.T.);
#7127=ORIENTED_EDGE('',*,*,#4929,.F.);
#7128=ORIENTED_EDGE('',*,*,#5335,.F.);
#7129=ORIENTED_EDGE('',*,*,#5336,.F.);
#7130=ORIENTED_EDGE('',*,*,#5332,.T.);
#7131=ORIENTED_EDGE('',*,*,#4966,.F.);
#7132=ORIENTED_EDGE('',*,*,#5337,.F.);
#7133=ORIENTED_EDGE('',*,*,#5338,.F.);
#7134=ORIENTED_EDGE('',*,*,#5339,.T.);
#7135=ORIENTED_EDGE('',*,*,#4967,.F.);
#7136=ORIENTED_EDGE('',*,*,#5339,.F.);
#7137=ORIENTED_EDGE('',*,*,#5340,.F.);
#7138=ORIENTED_EDGE('',*,*,#5341,.T.);
#7139=ORIENTED_EDGE('',*,*,#4968,.F.);
#7140=ORIENTED_EDGE('',*,*,#5341,.F.);
#7141=ORIENTED_EDGE('',*,*,#5342,.F.);
#7142=ORIENTED_EDGE('',*,*,#5337,.T.);
#7143=ORIENTED_EDGE('',*,*,#4969,.F.);
#7144=ORIENTED_EDGE('',*,*,#5343,.F.);
#7145=ORIENTED_EDGE('',*,*,#5344,.F.);
#7146=ORIENTED_EDGE('',*,*,#5345,.T.);
#7147=ORIENTED_EDGE('',*,*,#4970,.F.);
#7148=ORIENTED_EDGE('',*,*,#5345,.F.);
#7149=ORIENTED_EDGE('',*,*,#5346,.F.);
#7150=ORIENTED_EDGE('',*,*,#5347,.T.);
#7151=ORIENTED_EDGE('',*,*,#4971,.F.);
#7152=ORIENTED_EDGE('',*,*,#5347,.F.);
#7153=ORIENTED_EDGE('',*,*,#5348,.F.);
#7154=ORIENTED_EDGE('',*,*,#5349,.T.);
#7155=ORIENTED_EDGE('',*,*,#4972,.F.);
#7156=ORIENTED_EDGE('',*,*,#5349,.F.);
#7157=ORIENTED_EDGE('',*,*,#5350,.F.);
#7158=ORIENTED_EDGE('',*,*,#5351,.T.);
#7159=ORIENTED_EDGE('',*,*,#4973,.F.);
#7160=ORIENTED_EDGE('',*,*,#5351,.F.);
#7161=ORIENTED_EDGE('',*,*,#5352,.F.);
#7162=ORIENTED_EDGE('',*,*,#5343,.T.);
#7163=ORIENTED_EDGE('',*,*,#4954,.F.);
#7164=ORIENTED_EDGE('',*,*,#5353,.F.);
#7165=ORIENTED_EDGE('',*,*,#5354,.F.);
#7166=ORIENTED_EDGE('',*,*,#5355,.T.);
#7167=ORIENTED_EDGE('',*,*,#4955,.F.);
#7168=ORIENTED_EDGE('',*,*,#5355,.F.);
#7169=ORIENTED_EDGE('',*,*,#5356,.F.);
#7170=ORIENTED_EDGE('',*,*,#5357,.T.);
#7171=ORIENTED_EDGE('',*,*,#5358,.T.);
#7172=ORIENTED_EDGE('',*,*,#5359,.T.);
#7173=ORIENTED_EDGE('',*,*,#5360,.T.);
#7174=ORIENTED_EDGE('',*,*,#5361,.T.);
#7175=ORIENTED_EDGE('',*,*,#5358,.F.);
#7176=ORIENTED_EDGE('',*,*,#5362,.T.);
#7177=ORIENTED_EDGE('',*,*,#5363,.T.);
#7178=ORIENTED_EDGE('',*,*,#5364,.T.);
#7179=ORIENTED_EDGE('',*,*,#5365,.T.);
#7180=ORIENTED_EDGE('',*,*,#5366,.T.);
#7181=ORIENTED_EDGE('',*,*,#5367,.T.);
#7182=ORIENTED_EDGE('',*,*,#5360,.F.);
#7183=ORIENTED_EDGE('',*,*,#5363,.F.);
#7184=ORIENTED_EDGE('',*,*,#5368,.T.);
#7185=ORIENTED_EDGE('',*,*,#5366,.F.);
#7186=ORIENTED_EDGE('',*,*,#5369,.T.);
#7187=ORIENTED_EDGE('',*,*,#5370,.T.);
#7188=ORIENTED_EDGE('',*,*,#5362,.F.);
#7189=ORIENTED_EDGE('',*,*,#5371,.F.);
#7190=ORIENTED_EDGE('',*,*,#5372,.T.);
#7191=ORIENTED_EDGE('',*,*,#5373,.T.);
#7192=ORIENTED_EDGE('',*,*,#5374,.T.);
#7193=ORIENTED_EDGE('',*,*,#5375,.T.);
#7194=ORIENTED_EDGE('',*,*,#5376,.T.);
#7195=ORIENTED_EDGE('',*,*,#5377,.T.);
#7196=ORIENTED_EDGE('',*,*,#5361,.F.);
#7197=ORIENTED_EDGE('',*,*,#5378,.F.);
#7198=ORIENTED_EDGE('',*,*,#5379,.T.);
#7199=ORIENTED_EDGE('',*,*,#5380,.F.);
#7200=ORIENTED_EDGE('',*,*,#5381,.F.);
#7201=ORIENTED_EDGE('',*,*,#5382,.T.);
#7202=ORIENTED_EDGE('',*,*,#5383,.T.);
#7203=ORIENTED_EDGE('',*,*,#5384,.T.);
#7204=ORIENTED_EDGE('',*,*,#5385,.F.);
#7205=ORIENTED_EDGE('',*,*,#5371,.T.);
#7206=ORIENTED_EDGE('',*,*,#5359,.F.);
#7207=ORIENTED_EDGE('',*,*,#5364,.F.);
#7208=ORIENTED_EDGE('',*,*,#5370,.F.);
#7209=ORIENTED_EDGE('',*,*,#5386,.T.);
#7210=ORIENTED_EDGE('',*,*,#5387,.T.);
#7211=ORIENTED_EDGE('',*,*,#5388,.F.);
#7212=ORIENTED_EDGE('',*,*,#5389,.F.);
#7213=ORIENTED_EDGE('',*,*,#5390,.F.);
#7214=ORIENTED_EDGE('',*,*,#5391,.T.);
#7215=ORIENTED_EDGE('',*,*,#5392,.F.);
#7216=ORIENTED_EDGE('',*,*,#5393,.F.);
#7217=ORIENTED_EDGE('',*,*,#5394,.F.);
#7218=ORIENTED_EDGE('',*,*,#5395,.T.);
#7219=ORIENTED_EDGE('',*,*,#5386,.F.);
#7220=ORIENTED_EDGE('',*,*,#5369,.F.);
#7221=ORIENTED_EDGE('',*,*,#5365,.F.);
#7222=ORIENTED_EDGE('',*,*,#5396,.F.);
#7223=ORIENTED_EDGE('',*,*,#5391,.F.);
#7224=ORIENTED_EDGE('',*,*,#5397,.F.);
#7225=ORIENTED_EDGE('',*,*,#5398,.F.);
#7226=ORIENTED_EDGE('',*,*,#5399,.F.);
#7227=ORIENTED_EDGE('',*,*,#5387,.F.);
#7228=ORIENTED_EDGE('',*,*,#5395,.F.);
#7229=ORIENTED_EDGE('',*,*,#5400,.F.);
#7230=ORIENTED_EDGE('',*,*,#5401,.F.);
#7231=ORIENTED_EDGE('',*,*,#5402,.F.);
#7232=ORIENTED_EDGE('',*,*,#5403,.F.);
#7233=ORIENTED_EDGE('',*,*,#5404,.F.);
#7234=ORIENTED_EDGE('',*,*,#5405,.F.);
#7235=ORIENTED_EDGE('',*,*,#5406,.F.);
#7236=ORIENTED_EDGE('',*,*,#5401,.T.);
#7237=ORIENTED_EDGE('',*,*,#5407,.T.);
#7238=ORIENTED_EDGE('',*,*,#5408,.F.);
#7239=ORIENTED_EDGE('',*,*,#5409,.F.);
#7240=ORIENTED_EDGE('',*,*,#5400,.T.);
#7241=ORIENTED_EDGE('',*,*,#5394,.T.);
#7242=ORIENTED_EDGE('',*,*,#5410,.T.);
#7243=ORIENTED_EDGE('',*,*,#5411,.T.);
#7244=ORIENTED_EDGE('',*,*,#5382,.F.);
#7245=ORIENTED_EDGE('',*,*,#5412,.T.);
#7246=ORIENTED_EDGE('',*,*,#5413,.F.);
#7247=ORIENTED_EDGE('',*,*,#5414,.F.);
#7248=ORIENTED_EDGE('',*,*,#5407,.F.);
#7249=ORIENTED_EDGE('',*,*,#5398,.T.);
#7250=ORIENTED_EDGE('',*,*,#5415,.T.);
#7251=ORIENTED_EDGE('',*,*,#5416,.F.);
#7252=ORIENTED_EDGE('',*,*,#5417,.F.);
#7253=ORIENTED_EDGE('',*,*,#5397,.T.);
#7254=ORIENTED_EDGE('',*,*,#5390,.T.);
#7255=ORIENTED_EDGE('',*,*,#5418,.T.);
#7256=ORIENTED_EDGE('',*,*,#5419,.T.);
#7257=ORIENTED_EDGE('',*,*,#5420,.F.);
#7258=ORIENTED_EDGE('',*,*,#5415,.F.);
#7259=ORIENTED_EDGE('',*,*,#5105,.F.);
#7260=ORIENTED_EDGE('',*,*,#5322,.F.);
#7261=ORIENTED_EDGE('',*,*,#5421,.T.);
#7262=ORIENTED_EDGE('',*,*,#5422,.F.);
#7263=ORIENTED_EDGE('',*,*,#5423,.F.);
#7264=ORIENTED_EDGE('',*,*,#5424,.T.);
#7265=ORIENTED_EDGE('',*,*,#5137,.F.);
#7266=ORIENTED_EDGE('',*,*,#5017,.F.);
#7267=ORIENTED_EDGE('',*,*,#5425,.F.);
#7268=ORIENTED_EDGE('',*,*,#5426,.T.);
#7269=ORIENTED_EDGE('',*,*,#5427,.T.);
#7270=ORIENTED_EDGE('',*,*,#5185,.F.);
#7271=ORIENTED_EDGE('',*,*,#4931,.F.);
#7272=ORIENTED_EDGE('',*,*,#5334,.F.);
#7273=ORIENTED_EDGE('',*,*,#5428,.F.);
#7274=ORIENTED_EDGE('',*,*,#5335,.T.);
#7275=ORIENTED_EDGE('',*,*,#4928,.F.);
#7276=ORIENTED_EDGE('',*,*,#5429,.F.);
#7277=ORIENTED_EDGE('',*,*,#5430,.F.);
#7278=ORIENTED_EDGE('',*,*,#5431,.F.);
#7279=ORIENTED_EDGE('',*,*,#5432,.T.);
#7280=ORIENTED_EDGE('',*,*,#5319,.T.);
#7281=ORIENTED_EDGE('',*,*,#5433,.T.);
#7282=ORIENTED_EDGE('',*,*,#5324,.F.);
#7283=ORIENTED_EDGE('',*,*,#5327,.T.);
#7284=ORIENTED_EDGE('',*,*,#5434,.F.);
#7285=ORIENTED_EDGE('',*,*,#5435,.F.);
#7286=ORIENTED_EDGE('',*,*,#5436,.F.);
#7287=ORIENTED_EDGE('',*,*,#5437,.F.);
#7288=ORIENTED_EDGE('',*,*,#5438,.F.);
#7289=ORIENTED_EDGE('',*,*,#5439,.F.);
#7290=ORIENTED_EDGE('',*,*,#5440,.F.);
#7291=ORIENTED_EDGE('',*,*,#5441,.F.);
#7292=ORIENTED_EDGE('',*,*,#5442,.F.);
#7293=ORIENTED_EDGE('',*,*,#5443,.F.);
#7294=ORIENTED_EDGE('',*,*,#5330,.F.);
#7295=ORIENTED_EDGE('',*,*,#5444,.T.);
#7296=ORIENTED_EDGE('',*,*,#5435,.T.);
#7297=ORIENTED_EDGE('',*,*,#5444,.F.);
#7298=ORIENTED_EDGE('',*,*,#5445,.F.);
#7299=ORIENTED_EDGE('',*,*,#5446,.T.);
#7300=ORIENTED_EDGE('',*,*,#5434,.T.);
#7301=ORIENTED_EDGE('',*,*,#5446,.F.);
#7302=ORIENTED_EDGE('',*,*,#5433,.F.);
#7303=ORIENTED_EDGE('',*,*,#5318,.T.);
#7304=ORIENTED_EDGE('',*,*,#5331,.F.);
#7305=ORIENTED_EDGE('',*,*,#5325,.F.);
#7306=ORIENTED_EDGE('',*,*,#5447,.T.);
#7307=ORIENTED_EDGE('',*,*,#5445,.T.);
#7308=ORIENTED_EDGE('',*,*,#5448,.T.);
#7309=ORIENTED_EDGE('',*,*,#5449,.T.);
#7310=ORIENTED_EDGE('',*,*,#5082,.T.);
#7311=ORIENTED_EDGE('',*,*,#5450,.T.);
#7312=ORIENTED_EDGE('',*,*,#5451,.T.);
#7313=ORIENTED_EDGE('',*,*,#5015,.F.);
#7314=ORIENTED_EDGE('',*,*,#5452,.T.);
#7315=ORIENTED_EDGE('',*,*,#5002,.F.);
#7316=ORIENTED_EDGE('',*,*,#5453,.T.);
#7317=ORIENTED_EDGE('',*,*,#5454,.F.);
#7318=ORIENTED_EDGE('',*,*,#5107,.F.);
#7319=ORIENTED_EDGE('',*,*,#5127,.T.);
#7320=ORIENTED_EDGE('',*,*,#5083,.T.);
#7321=ORIENTED_EDGE('',*,*,#5449,.F.);
#7322=ORIENTED_EDGE('',*,*,#5455,.T.);
#7323=ORIENTED_EDGE('',*,*,#5423,.T.);
#7324=ORIENTED_EDGE('',*,*,#5456,.F.);
#7325=ORIENTED_EDGE('',*,*,#5457,.F.);
#7326=ORIENTED_EDGE('',*,*,#4864,.T.);
#7327=ORIENTED_EDGE('',*,*,#5458,.F.);
#7328=ORIENTED_EDGE('',*,*,#5100,.F.);
#7329=ORIENTED_EDGE('',*,*,#5230,.T.);
#7330=ORIENTED_EDGE('',*,*,#5102,.F.);
#7331=ORIENTED_EDGE('',*,*,#5459,.F.);
#7332=ORIENTED_EDGE('',*,*,#4862,.T.);
#7333=ORIENTED_EDGE('',*,*,#4860,.F.);
#7334=ORIENTED_EDGE('',*,*,#5328,.T.);
#7335=ORIENTED_EDGE('',*,*,#5460,.T.);
#7336=ORIENTED_EDGE('',*,*,#5461,.T.);
#7337=ORIENTED_EDGE('',*,*,#5462,.T.);
#7338=ORIENTED_EDGE('',*,*,#5463,.T.);
#7339=ORIENTED_EDGE('',*,*,#5464,.T.);
#7340=ORIENTED_EDGE('',*,*,#5465,.T.);
#7341=ORIENTED_EDGE('',*,*,#5466,.T.);
#7342=ORIENTED_EDGE('',*,*,#5467,.T.);
#7343=ORIENTED_EDGE('',*,*,#5468,.T.);
#7344=ORIENTED_EDGE('',*,*,#5469,.T.);
#7345=ORIENTED_EDGE('',*,*,#5458,.T.);
#7346=ORIENTED_EDGE('',*,*,#4863,.T.);
#7347=ORIENTED_EDGE('',*,*,#5459,.T.);
#7348=ORIENTED_EDGE('',*,*,#5101,.T.);
#7349=ORIENTED_EDGE('',*,*,#5470,.T.);
#7350=ORIENTED_EDGE('',*,*,#5416,.T.);
#7351=ORIENTED_EDGE('',*,*,#5420,.T.);
#7352=ORIENTED_EDGE('',*,*,#5471,.T.);
#7353=ORIENTED_EDGE('',*,*,#5117,.T.);
#7354=ORIENTED_EDGE('',*,*,#5053,.T.);
#7355=ORIENTED_EDGE('',*,*,#4956,.T.);
#7356=ORIENTED_EDGE('',*,*,#5357,.F.);
#7357=ORIENTED_EDGE('',*,*,#5472,.F.);
#7358=ORIENTED_EDGE('',*,*,#5353,.T.);
#7359=ORIENTED_EDGE('',*,*,#4953,.T.);
#7360=ORIENTED_EDGE('',*,*,#5149,.T.);
#7361=ORIENTED_EDGE('',*,*,#5473,.T.);
#7362=ORIENTED_EDGE('',*,*,#5474,.T.);
#7363=ORIENTED_EDGE('',*,*,#5475,.T.);
#7364=ORIENTED_EDGE('',*,*,#5408,.T.);
#7365=ORIENTED_EDGE('',*,*,#5414,.T.);
#7366=ORIENTED_EDGE('',*,*,#5020,.T.);
#7367=ORIENTED_EDGE('',*,*,#5476,.T.);
#7368=ORIENTED_EDGE('',*,*,#5477,.T.);
#7369=ORIENTED_EDGE('',*,*,#5478,.T.);
#7370=ORIENTED_EDGE('',*,*,#5479,.T.);
#7371=ORIENTED_EDGE('',*,*,#5480,.T.);
#7372=ORIENTED_EDGE('',*,*,#5481,.T.);
#7373=ORIENTED_EDGE('',*,*,#5482,.T.);
#7374=ORIENTED_EDGE('',*,*,#5483,.T.);
#7375=ORIENTED_EDGE('',*,*,#5484,.T.);
#7376=ORIENTED_EDGE('',*,*,#5485,.T.);
#7377=ORIENTED_EDGE('',*,*,#5486,.F.);
#7378=ORIENTED_EDGE('',*,*,#5021,.T.);
#7379=ORIENTED_EDGE('',*,*,#5413,.T.);
#7380=ORIENTED_EDGE('',*,*,#4843,.F.);
#7381=ORIENTED_EDGE('',*,*,#5022,.T.);
#7382=ORIENTED_EDGE('',*,*,#5486,.T.);
#7383=ORIENTED_EDGE('',*,*,#4842,.T.);
#7384=ORIENTED_EDGE('',*,*,#5487,.F.);
#7385=ORIENTED_EDGE('',*,*,#4865,.T.);
#7386=ORIENTED_EDGE('',*,*,#5457,.T.);
#7387=ORIENTED_EDGE('',*,*,#5099,.T.);
#7388=ORIENTED_EDGE('',*,*,#5092,.T.);
#7389=ORIENTED_EDGE('',*,*,#5128,.T.);
#7390=ORIENTED_EDGE('',*,*,#5456,.T.);
#7391=ORIENTED_EDGE('',*,*,#5429,.T.);
#7392=ORIENTED_EDGE('',*,*,#4927,.F.);
#7393=ORIENTED_EDGE('',*,*,#5134,.T.);
#7394=ORIENTED_EDGE('',*,*,#5393,.T.);
#7395=ORIENTED_EDGE('',*,*,#5488,.F.);
#7396=ORIENTED_EDGE('',*,*,#5489,.F.);
#7397=ORIENTED_EDGE('',*,*,#5490,.T.);
#7398=ORIENTED_EDGE('',*,*,#5491,.T.);
#7399=ORIENTED_EDGE('',*,*,#5410,.F.);
#7400=ORIENTED_EDGE('',*,*,#5492,.F.);
#7401=ORIENTED_EDGE('',*,*,#5120,.F.);
#7402=ORIENTED_EDGE('',*,*,#5493,.F.);
#7403=ORIENTED_EDGE('',*,*,#5494,.T.);
#7404=ORIENTED_EDGE('',*,*,#5383,.F.);
#7405=ORIENTED_EDGE('',*,*,#5411,.F.);
#7406=ORIENTED_EDGE('',*,*,#5491,.F.);
#7407=ORIENTED_EDGE('',*,*,#5495,.T.);
#7408=ORIENTED_EDGE('',*,*,#5368,.F.);
#7409=ORIENTED_EDGE('',*,*,#5373,.F.);
#7410=ORIENTED_EDGE('',*,*,#5080,.F.);
#7411=ORIENTED_EDGE('',*,*,#5121,.T.);
#7412=ORIENTED_EDGE('',*,*,#5492,.T.);
#7413=ORIENTED_EDGE('',*,*,#5496,.T.);
#7414=ORIENTED_EDGE('',*,*,#5497,.F.);
#7415=ORIENTED_EDGE('',*,*,#5498,.T.);
#7416=ORIENTED_EDGE('',*,*,#5499,.T.);
#7417=ORIENTED_EDGE('',*,*,#5500,.T.);
#7418=ORIENTED_EDGE('',*,*,#5501,.T.);
#7419=ORIENTED_EDGE('',*,*,#5389,.T.);
#7420=ORIENTED_EDGE('',*,*,#5502,.T.);
#7421=ORIENTED_EDGE('',*,*,#5493,.T.);
#7422=ORIENTED_EDGE('',*,*,#5119,.F.);
#7423=ORIENTED_EDGE('',*,*,#5503,.F.);
#7424=ORIENTED_EDGE('',*,*,#5418,.F.);
#7425=ORIENTED_EDGE('',*,*,#5367,.F.);
#7426=ORIENTED_EDGE('',*,*,#5501,.F.);
#7427=ORIENTED_EDGE('',*,*,#5504,.T.);
#7428=ORIENTED_EDGE('',*,*,#5498,.F.);
#7429=ORIENTED_EDGE('',*,*,#5505,.T.);
#7430=ORIENTED_EDGE('',*,*,#5506,.F.);
#7431=ORIENTED_EDGE('',*,*,#5507,.T.);
#7432=ORIENTED_EDGE('',*,*,#5380,.T.);
#7433=ORIENTED_EDGE('',*,*,#5508,.T.);
#7434=ORIENTED_EDGE('',*,*,#5509,.T.);
#7435=ORIENTED_EDGE('',*,*,#5378,.T.);
#7436=ORIENTED_EDGE('',*,*,#5506,.T.);
#7437=ORIENTED_EDGE('',*,*,#5510,.F.);
#7438=ORIENTED_EDGE('',*,*,#5511,.T.);
#7439=ORIENTED_EDGE('',*,*,#5512,.T.);
#7440=ORIENTED_EDGE('',*,*,#5513,.T.);
#7441=ORIENTED_EDGE('',*,*,#5514,.F.);
#7442=ORIENTED_EDGE('',*,*,#5515,.T.);
#7443=ORIENTED_EDGE('',*,*,#5516,.T.);
#7444=ORIENTED_EDGE('',*,*,#5517,.T.);
#7445=ORIENTED_EDGE('',*,*,#5518,.T.);
#7446=ORIENTED_EDGE('',*,*,#5519,.T.);
#7447=ORIENTED_EDGE('',*,*,#5520,.T.);
#7448=ORIENTED_EDGE('',*,*,#5521,.T.);
#7449=ORIENTED_EDGE('',*,*,#5522,.T.);
#7450=ORIENTED_EDGE('',*,*,#5523,.T.);
#7451=ORIENTED_EDGE('',*,*,#5476,.F.);
#7452=ORIENTED_EDGE('',*,*,#5524,.T.);
#7453=ORIENTED_EDGE('',*,*,#5525,.F.);
#7454=ORIENTED_EDGE('',*,*,#5524,.F.);
#7455=ORIENTED_EDGE('',*,*,#5477,.F.);
#7456=ORIENTED_EDGE('',*,*,#5526,.T.);
#7457=ORIENTED_EDGE('',*,*,#5527,.F.);
#7458=ORIENTED_EDGE('',*,*,#5526,.F.);
#7459=ORIENTED_EDGE('',*,*,#5478,.F.);
#7460=ORIENTED_EDGE('',*,*,#5528,.T.);
#7461=ORIENTED_EDGE('',*,*,#5519,.F.);
#7462=ORIENTED_EDGE('',*,*,#5528,.F.);
#7463=ORIENTED_EDGE('',*,*,#5479,.F.);
#7464=ORIENTED_EDGE('',*,*,#5529,.T.);
#7465=ORIENTED_EDGE('',*,*,#5530,.F.);
#7466=ORIENTED_EDGE('',*,*,#5529,.F.);
#7467=ORIENTED_EDGE('',*,*,#5480,.F.);
#7468=ORIENTED_EDGE('',*,*,#5531,.T.);
#7469=ORIENTED_EDGE('',*,*,#5523,.F.);
#7470=ORIENTED_EDGE('',*,*,#5531,.F.);
#7471=ORIENTED_EDGE('',*,*,#5517,.F.);
#7472=ORIENTED_EDGE('',*,*,#5532,.T.);
#7473=ORIENTED_EDGE('',*,*,#5482,.F.);
#7474=ORIENTED_EDGE('',*,*,#5533,.F.);
#7475=ORIENTED_EDGE('',*,*,#5516,.F.);
#7476=ORIENTED_EDGE('',*,*,#5533,.T.);
#7477=ORIENTED_EDGE('',*,*,#5481,.F.);
#7478=ORIENTED_EDGE('',*,*,#5532,.F.);
#7479=ORIENTED_EDGE('',*,*,#5484,.F.);
#7480=ORIENTED_EDGE('',*,*,#5534,.T.);
#7481=ORIENTED_EDGE('',*,*,#5535,.F.);
#7482=ORIENTED_EDGE('',*,*,#5534,.F.);
#7483=ORIENTED_EDGE('',*,*,#5485,.F.);
#7484=ORIENTED_EDGE('',*,*,#5536,.T.);
#7485=ORIENTED_EDGE('',*,*,#5521,.F.);
#7486=ORIENTED_EDGE('',*,*,#5536,.F.);
#7487=ORIENTED_EDGE('',*,*,#5535,.T.);
#7488=ORIENTED_EDGE('',*,*,#5537,.T.);
#7489=ORIENTED_EDGE('',*,*,#5530,.T.);
#7490=ORIENTED_EDGE('',*,*,#5538,.T.);
#7491=ORIENTED_EDGE('',*,*,#5527,.T.);
#7492=ORIENTED_EDGE('',*,*,#5539,.T.);
#7493=ORIENTED_EDGE('',*,*,#5525,.T.);
#7494=ORIENTED_EDGE('',*,*,#5540,.T.);
#7495=ORIENTED_EDGE('',*,*,#5537,.F.);
#7496=ORIENTED_EDGE('',*,*,#5541,.T.);
#7497=ORIENTED_EDGE('',*,*,#5406,.T.);
#7498=ORIENTED_EDGE('',*,*,#5541,.F.);
#7499=ORIENTED_EDGE('',*,*,#5538,.F.);
#7500=ORIENTED_EDGE('',*,*,#5542,.T.);
#7501=ORIENTED_EDGE('',*,*,#5405,.T.);
#7502=ORIENTED_EDGE('',*,*,#5542,.F.);
#7503=ORIENTED_EDGE('',*,*,#5522,.F.);
#7504=ORIENTED_EDGE('',*,*,#5543,.T.);
#7505=ORIENTED_EDGE('',*,*,#5499,.F.);
#7506=ORIENTED_EDGE('',*,*,#5504,.F.);
#7507=ORIENTED_EDGE('',*,*,#5500,.F.);
#7508=ORIENTED_EDGE('',*,*,#5543,.F.);
#7509=ORIENTED_EDGE('',*,*,#5520,.F.);
#7510=ORIENTED_EDGE('',*,*,#5544,.T.);
#7511=ORIENTED_EDGE('',*,*,#5376,.F.);
#7512=ORIENTED_EDGE('',*,*,#5377,.F.);
#7513=ORIENTED_EDGE('',*,*,#5544,.F.);
#7514=ORIENTED_EDGE('',*,*,#5518,.F.);
#7515=ORIENTED_EDGE('',*,*,#5545,.T.);
#7516=ORIENTED_EDGE('',*,*,#5374,.F.);
#7517=ORIENTED_EDGE('',*,*,#5375,.F.);
#7518=ORIENTED_EDGE('',*,*,#5545,.F.);
#7519=ORIENTED_EDGE('',*,*,#5540,.F.);
#7520=ORIENTED_EDGE('',*,*,#5546,.T.);
#7521=ORIENTED_EDGE('',*,*,#5404,.T.);
#7522=ORIENTED_EDGE('',*,*,#5546,.F.);
#7523=ORIENTED_EDGE('',*,*,#5515,.F.);
#7524=ORIENTED_EDGE('',*,*,#5547,.T.);
#7525=ORIENTED_EDGE('',*,*,#5508,.F.);
#7526=ORIENTED_EDGE('',*,*,#5379,.F.);
#7527=ORIENTED_EDGE('',*,*,#5509,.F.);
#7528=ORIENTED_EDGE('',*,*,#5547,.F.);
#7529=ORIENTED_EDGE('',*,*,#5539,.F.);
#7530=ORIENTED_EDGE('',*,*,#5548,.T.);
#7531=ORIENTED_EDGE('',*,*,#5403,.T.);
#7532=ORIENTED_EDGE('',*,*,#5548,.F.);
#7533=ORIENTED_EDGE('',*,*,#5483,.F.);
#7534=ORIENTED_EDGE('',*,*,#5549,.T.);
#7535=ORIENTED_EDGE('',*,*,#5402,.T.);
#7536=ORIENTED_EDGE('',*,*,#5549,.F.);
#7537=ORIENTED_EDGE('',*,*,#5489,.T.);
#7538=ORIENTED_EDGE('',*,*,#5550,.T.);
#7539=ORIENTED_EDGE('',*,*,#5474,.F.);
#7540=ORIENTED_EDGE('',*,*,#5551,.F.);
#7541=ORIENTED_EDGE('',*,*,#5487,.T.);
#7542=ORIENTED_EDGE('',*,*,#5552,.F.);
#7543=ORIENTED_EDGE('',*,*,#5384,.F.);
#7544=ORIENTED_EDGE('',*,*,#5495,.F.);
#7545=ORIENTED_EDGE('',*,*,#5490,.F.);
#7546=ORIENTED_EDGE('',*,*,#5551,.T.);
#7547=ORIENTED_EDGE('',*,*,#5473,.F.);
#7548=ORIENTED_EDGE('',*,*,#5148,.T.);
#7549=ORIENTED_EDGE('',*,*,#5503,.T.);
#7550=ORIENTED_EDGE('',*,*,#5118,.T.);
#7551=ORIENTED_EDGE('',*,*,#5471,.F.);
#7552=ORIENTED_EDGE('',*,*,#5419,.F.);
#7553=ORIENTED_EDGE('',*,*,#5399,.T.);
#7554=ORIENTED_EDGE('',*,*,#5417,.T.);
#7555=ORIENTED_EDGE('',*,*,#5470,.F.);
#7556=ORIENTED_EDGE('',*,*,#5469,.F.);
#7557=ORIENTED_EDGE('',*,*,#5553,.F.);
#7558=ORIENTED_EDGE('',*,*,#5496,.F.);
#7559=ORIENTED_EDGE('',*,*,#5494,.F.);
#7560=ORIENTED_EDGE('',*,*,#5502,.F.);
#7561=ORIENTED_EDGE('',*,*,#5388,.T.);
#7562=ORIENTED_EDGE('',*,*,#5497,.T.);
#7563=ORIENTED_EDGE('',*,*,#5553,.T.);
#7564=ORIENTED_EDGE('',*,*,#5468,.F.);
#7565=ORIENTED_EDGE('',*,*,#5554,.F.);
#7566=ORIENTED_EDGE('',*,*,#5505,.F.);
#7567=ORIENTED_EDGE('',*,*,#5554,.T.);
#7568=ORIENTED_EDGE('',*,*,#5467,.F.);
#7569=ORIENTED_EDGE('',*,*,#5555,.F.);
#7570=ORIENTED_EDGE('',*,*,#5510,.T.);
#7571=ORIENTED_EDGE('',*,*,#5555,.T.);
#7572=ORIENTED_EDGE('',*,*,#5466,.F.);
#7573=ORIENTED_EDGE('',*,*,#5556,.F.);
#7574=ORIENTED_EDGE('',*,*,#5511,.F.);
#7575=ORIENTED_EDGE('',*,*,#5556,.T.);
#7576=ORIENTED_EDGE('',*,*,#5465,.F.);
#7577=ORIENTED_EDGE('',*,*,#5557,.F.);
#7578=ORIENTED_EDGE('',*,*,#5512,.F.);
#7579=ORIENTED_EDGE('',*,*,#5557,.T.);
#7580=ORIENTED_EDGE('',*,*,#5464,.F.);
#7581=ORIENTED_EDGE('',*,*,#5558,.F.);
#7582=ORIENTED_EDGE('',*,*,#5513,.F.);
#7583=ORIENTED_EDGE('',*,*,#5558,.T.);
#7584=ORIENTED_EDGE('',*,*,#5463,.F.);
#7585=ORIENTED_EDGE('',*,*,#5559,.F.);
#7586=ORIENTED_EDGE('',*,*,#5514,.T.);
#7587=ORIENTED_EDGE('',*,*,#5559,.T.);
#7588=ORIENTED_EDGE('',*,*,#5462,.F.);
#7589=ORIENTED_EDGE('',*,*,#5560,.F.);
#7590=ORIENTED_EDGE('',*,*,#5507,.F.);
#7591=ORIENTED_EDGE('',*,*,#5560,.T.);
#7592=ORIENTED_EDGE('',*,*,#5461,.F.);
#7593=ORIENTED_EDGE('',*,*,#5561,.F.);
#7594=ORIENTED_EDGE('',*,*,#5381,.T.);
#7595=ORIENTED_EDGE('',*,*,#5561,.T.);
#7596=ORIENTED_EDGE('',*,*,#5460,.F.);
#7597=ORIENTED_EDGE('',*,*,#4844,.F.);
#7598=ORIENTED_EDGE('',*,*,#5412,.F.);
#7599=ORIENTED_EDGE('',*,*,#5396,.T.);
#7600=ORIENTED_EDGE('',*,*,#5409,.T.);
#7601=ORIENTED_EDGE('',*,*,#5475,.F.);
#7602=ORIENTED_EDGE('',*,*,#5550,.F.);
#7603=ORIENTED_EDGE('',*,*,#5488,.T.);
#7604=ORIENTED_EDGE('',*,*,#5392,.T.);
#7605=ORIENTED_EDGE('',*,*,#5562,.F.);
#7606=ORIENTED_EDGE('',*,*,#5223,.F.);
#7607=ORIENTED_EDGE('',*,*,#4793,.T.);
#7608=ORIENTED_EDGE('',*,*,#5314,.F.);
#7609=ORIENTED_EDGE('',*,*,#5261,.F.);
#7610=ORIENTED_EDGE('',*,*,#5265,.F.);
#7611=ORIENTED_EDGE('',*,*,#5563,.T.);
#7612=ORIENTED_EDGE('',*,*,#5564,.F.);
#7613=ORIENTED_EDGE('',*,*,#5292,.F.);
#7614=ORIENTED_EDGE('',*,*,#5565,.T.);
#7615=ORIENTED_EDGE('',*,*,#5284,.F.);
#7616=ORIENTED_EDGE('',*,*,#5290,.F.);
#7617=ORIENTED_EDGE('',*,*,#5297,.F.);
#7618=ORIENTED_EDGE('',*,*,#5316,.F.);
#7619=ORIENTED_EDGE('',*,*,#5566,.T.);
#7620=ORIENTED_EDGE('',*,*,#5567,.T.);
#7621=ORIENTED_EDGE('',*,*,#5277,.T.);
#7622=ORIENTED_EDGE('',*,*,#5568,.F.);
#7623=ORIENTED_EDGE('',*,*,#5569,.F.);
#7624=ORIENTED_EDGE('',*,*,#5570,.F.);
#7625=ORIENTED_EDGE('',*,*,#5563,.F.);
#7626=ORIENTED_EDGE('',*,*,#5264,.T.);
#7627=ORIENTED_EDGE('',*,*,#5255,.F.);
#7628=ORIENTED_EDGE('',*,*,#5567,.F.);
#7629=ORIENTED_EDGE('',*,*,#5571,.T.);
#7630=ORIENTED_EDGE('',*,*,#5268,.T.);
#7631=ORIENTED_EDGE('',*,*,#5269,.T.);
#7632=ORIENTED_EDGE('',*,*,#5571,.F.);
#7633=ORIENTED_EDGE('',*,*,#5566,.F.);
#7634=ORIENTED_EDGE('',*,*,#5315,.T.);
#7635=ORIENTED_EDGE('',*,*,#5572,.F.);
#7636=ORIENTED_EDGE('',*,*,#5227,.F.);
#7637=ORIENTED_EDGE('',*,*,#5573,.F.);
#7638=ORIENTED_EDGE('',*,*,#5300,.F.);
#7639=ORIENTED_EDGE('',*,*,#5212,.T.);
#7640=ORIENTED_EDGE('',*,*,#5569,.T.);
#7641=ORIENTED_EDGE('',*,*,#5574,.T.);
#7642=ORIENTED_EDGE('',*,*,#5575,.F.);
#7643=ORIENTED_EDGE('',*,*,#5576,.F.);
#7644=ORIENTED_EDGE('',*,*,#5450,.F.);
#7645=ORIENTED_EDGE('',*,*,#5081,.F.);
#7646=ORIENTED_EDGE('',*,*,#5372,.F.);
#7647=ORIENTED_EDGE('',*,*,#5333,.T.);
#7648=ORIENTED_EDGE('',*,*,#5336,.T.);
#7649=ORIENTED_EDGE('',*,*,#5428,.T.);
#7650=ORIENTED_EDGE('',*,*,#5338,.T.);
#7651=ORIENTED_EDGE('',*,*,#5342,.T.);
#7652=ORIENTED_EDGE('',*,*,#5340,.T.);
#7653=ORIENTED_EDGE('',*,*,#5344,.T.);
#7654=ORIENTED_EDGE('',*,*,#5352,.T.);
#7655=ORIENTED_EDGE('',*,*,#5350,.T.);
#7656=ORIENTED_EDGE('',*,*,#5348,.T.);
#7657=ORIENTED_EDGE('',*,*,#5346,.T.);
#7658=ORIENTED_EDGE('',*,*,#5354,.T.);
#7659=ORIENTED_EDGE('',*,*,#5472,.T.);
#7660=ORIENTED_EDGE('',*,*,#5356,.T.);
#7661=ORIENTED_EDGE('',*,*,#4986,.T.);
#7662=ORIENTED_EDGE('',*,*,#4835,.T.);
#7663=ORIENTED_EDGE('',*,*,#5143,.T.);
#7664=ORIENTED_EDGE('',*,*,#5141,.T.);
#7665=ORIENTED_EDGE('',*,*,#5147,.T.);
#7666=ORIENTED_EDGE('',*,*,#4831,.T.);
#7667=ORIENTED_EDGE('',*,*,#5180,.T.);
#7668=ORIENTED_EDGE('',*,*,#5178,.T.);
#7669=ORIENTED_EDGE('',*,*,#5184,.T.);
#7670=ORIENTED_EDGE('',*,*,#5003,.T.);
#7671=ORIENTED_EDGE('',*,*,#5577,.T.);
#7672=ORIENTED_EDGE('',*,*,#5578,.F.);
#7673=ORIENTED_EDGE('',*,*,#5574,.F.);
#7674=ORIENTED_EDGE('',*,*,#5385,.T.);
#7675=ORIENTED_EDGE('',*,*,#5552,.T.);
#7676=ORIENTED_EDGE('',*,*,#4841,.T.);
#7677=ORIENTED_EDGE('',*,*,#4997,.T.);
#7678=ORIENTED_EDGE('',*,*,#4993,.T.);
#7679=ORIENTED_EDGE('',*,*,#5168,.T.);
#7680=ORIENTED_EDGE('',*,*,#5165,.T.);
#7681=ORIENTED_EDGE('',*,*,#5163,.T.);
#7682=ORIENTED_EDGE('',*,*,#5170,.T.);
#7683=ORIENTED_EDGE('',*,*,#5196,.T.);
#7684=ORIENTED_EDGE('',*,*,#5193,.T.);
#7685=ORIENTED_EDGE('',*,*,#5191,.T.);
#7686=ORIENTED_EDGE('',*,*,#5198,.T.);
#7687=ORIENTED_EDGE('',*,*,#5576,.T.);
#7688=ORIENTED_EDGE('',*,*,#5579,.F.);
#7689=ORIENTED_EDGE('',*,*,#5580,.F.);
#7690=ORIENTED_EDGE('',*,*,#4890,.T.);
#7691=ORIENTED_EDGE('',*,*,#5424,.F.);
#7692=ORIENTED_EDGE('',*,*,#5455,.F.);
#7693=ORIENTED_EDGE('',*,*,#5448,.F.);
#7694=ORIENTED_EDGE('',*,*,#5581,.T.);
#7695=ORIENTED_EDGE('',*,*,#5582,.F.);
#7696=ORIENTED_EDGE('',*,*,#5583,.F.);
#7697=ORIENTED_EDGE('',*,*,#5426,.F.);
#7698=ORIENTED_EDGE('',*,*,#5584,.T.);
#7699=ORIENTED_EDGE('',*,*,#5585,.F.);
#7700=ORIENTED_EDGE('',*,*,#5586,.F.);
#7701=ORIENTED_EDGE('',*,*,#5436,.T.);
#7702=ORIENTED_EDGE('',*,*,#5587,.T.);
#7703=ORIENTED_EDGE('',*,*,#5588,.F.);
#7704=ORIENTED_EDGE('',*,*,#5584,.F.);
#7705=ORIENTED_EDGE('',*,*,#5443,.T.);
#7706=ORIENTED_EDGE('',*,*,#5589,.T.);
#7707=ORIENTED_EDGE('',*,*,#5590,.F.);
#7708=ORIENTED_EDGE('',*,*,#5587,.F.);
#7709=ORIENTED_EDGE('',*,*,#5442,.T.);
#7710=ORIENTED_EDGE('',*,*,#5591,.T.);
#7711=ORIENTED_EDGE('',*,*,#5592,.F.);
#7712=ORIENTED_EDGE('',*,*,#5589,.F.);
#7713=ORIENTED_EDGE('',*,*,#5441,.T.);
#7714=ORIENTED_EDGE('',*,*,#5593,.T.);
#7715=ORIENTED_EDGE('',*,*,#5594,.F.);
#7716=ORIENTED_EDGE('',*,*,#4891,.F.);
#7717=ORIENTED_EDGE('',*,*,#5453,.F.);
#7718=ORIENTED_EDGE('',*,*,#5106,.F.);
#7719=ORIENTED_EDGE('',*,*,#5422,.T.);
#7720=ORIENTED_EDGE('',*,*,#5583,.T.);
#7721=ORIENTED_EDGE('',*,*,#5595,.F.);
#7722=ORIENTED_EDGE('',*,*,#5577,.F.);
#7723=ORIENTED_EDGE('',*,*,#5452,.F.);
#7724=ORIENTED_EDGE('',*,*,#5014,.F.);
#7725=ORIENTED_EDGE('',*,*,#5427,.F.);
#7726=ORIENTED_EDGE('',*,*,#5211,.T.);
#7727=ORIENTED_EDGE('',*,*,#5224,.F.);
#7728=ORIENTED_EDGE('',*,*,#5562,.T.);
#7729=ORIENTED_EDGE('',*,*,#5313,.F.);
#7730=ORIENTED_EDGE('',*,*,#5266,.F.);
#7731=ORIENTED_EDGE('',*,*,#4806,.F.);
#7732=ORIENTED_EDGE('',*,*,#5208,.T.);
#7733=ORIENTED_EDGE('',*,*,#5205,.T.);
#7734=ORIENTED_EDGE('',*,*,#5596,.F.);
#7735=ORIENTED_EDGE('',*,*,#5597,.T.);
#7736=ORIENTED_EDGE('',*,*,#5447,.F.);
#7737=ORIENTED_EDGE('',*,*,#5597,.F.);
#7738=ORIENTED_EDGE('',*,*,#5598,.F.);
#7739=ORIENTED_EDGE('',*,*,#5599,.T.);
#7740=ORIENTED_EDGE('',*,*,#5329,.F.);
#7741=ORIENTED_EDGE('',*,*,#5599,.F.);
#7742=ORIENTED_EDGE('',*,*,#4796,.T.);
#7743=ORIENTED_EDGE('',*,*,#4856,.F.);
#7744=ORIENTED_EDGE('',*,*,#4892,.T.);
#7745=ORIENTED_EDGE('',*,*,#5594,.T.);
#7746=ORIENTED_EDGE('',*,*,#5600,.T.);
#7747=ORIENTED_EDGE('',*,*,#5572,.T.);
#7748=ORIENTED_EDGE('',*,*,#5299,.F.);
#7749=ORIENTED_EDGE('',*,*,#4797,.F.);
#7750=ORIENTED_EDGE('',*,*,#5600,.F.);
#7751=ORIENTED_EDGE('',*,*,#5593,.F.);
#7752=ORIENTED_EDGE('',*,*,#5421,.F.);
#7753=ORIENTED_EDGE('',*,*,#5321,.T.);
#7754=ORIENTED_EDGE('',*,*,#5228,.T.);
#7755=ORIENTED_EDGE('',*,*,#4789,.T.);
#7756=ORIENTED_EDGE('',*,*,#5601,.T.);
#7757=ORIENTED_EDGE('',*,*,#5602,.T.);
#7758=ORIENTED_EDGE('',*,*,#5603,.T.);
#7759=ORIENTED_EDGE('',*,*,#5579,.T.);
#7760=ORIENTED_EDGE('',*,*,#5575,.T.);
#7761=ORIENTED_EDGE('',*,*,#5578,.T.);
#7762=ORIENTED_EDGE('',*,*,#5595,.T.);
#7763=ORIENTED_EDGE('',*,*,#5582,.T.);
#7764=ORIENTED_EDGE('',*,*,#5604,.T.);
#7765=ORIENTED_EDGE('',*,*,#5000,.T.);
#7766=ORIENTED_EDGE('',*,*,#4783,.F.);
#7767=ORIENTED_EDGE('',*,*,#5598,.T.);
#7768=ORIENTED_EDGE('',*,*,#5596,.T.);
#7769=ORIENTED_EDGE('',*,*,#5605,.T.);
#7770=ORIENTED_EDGE('',*,*,#5606,.T.);
#7771=ORIENTED_EDGE('',*,*,#5607,.T.);
#7772=ORIENTED_EDGE('',*,*,#5608,.T.);
#7773=ORIENTED_EDGE('',*,*,#5585,.T.);
#7774=ORIENTED_EDGE('',*,*,#5588,.T.);
#7775=ORIENTED_EDGE('',*,*,#5590,.T.);
#7776=ORIENTED_EDGE('',*,*,#5592,.T.);
#7777=ORIENTED_EDGE('',*,*,#5295,.T.);
#7778=ORIENTED_EDGE('',*,*,#5213,.T.);
#7779=ORIENTED_EDGE('',*,*,#5568,.T.);
#7780=ORIENTED_EDGE('',*,*,#5276,.T.);
#7781=ORIENTED_EDGE('',*,*,#5609,.T.);
#7782=ORIENTED_EDGE('',*,*,#5610,.T.);
#7783=ORIENTED_EDGE('',*,*,#5611,.T.);
#7784=ORIENTED_EDGE('',*,*,#5612,.T.);
#7785=ORIENTED_EDGE('',*,*,#5613,.T.);
#7786=ORIENTED_EDGE('',*,*,#5614,.T.);
#7787=ORIENTED_EDGE('',*,*,#5615,.T.);
#7788=ORIENTED_EDGE('',*,*,#5616,.T.);
#7789=ORIENTED_EDGE('',*,*,#5617,.T.);
#7790=ORIENTED_EDGE('',*,*,#5618,.T.);
#7791=ORIENTED_EDGE('',*,*,#5619,.T.);
#7792=ORIENTED_EDGE('',*,*,#5620,.T.);
#7793=ORIENTED_EDGE('',*,*,#5621,.T.);
#7794=ORIENTED_EDGE('',*,*,#5622,.T.);
#7795=ORIENTED_EDGE('',*,*,#5623,.T.);
#7796=ORIENTED_EDGE('',*,*,#5624,.T.);
#7797=ORIENTED_EDGE('',*,*,#5625,.T.);
#7798=ORIENTED_EDGE('',*,*,#5626,.T.);
#7799=ORIENTED_EDGE('',*,*,#5627,.T.);
#7800=ORIENTED_EDGE('',*,*,#5628,.T.);
#7801=ORIENTED_EDGE('',*,*,#5293,.T.);
#7802=ORIENTED_EDGE('',*,*,#5564,.T.);
#7803=ORIENTED_EDGE('',*,*,#5570,.T.);
#7804=ORIENTED_EDGE('',*,*,#5222,.T.);
#7805=ORIENTED_EDGE('',*,*,#5215,.T.);
#7806=ORIENTED_EDGE('',*,*,#5629,.T.);
#7807=ORIENTED_EDGE('',*,*,#5630,.T.);
#7808=ORIENTED_EDGE('',*,*,#5631,.T.);
#7809=ORIENTED_EDGE('',*,*,#5632,.T.);
#7810=ORIENTED_EDGE('',*,*,#5633,.T.);
#7811=ORIENTED_EDGE('',*,*,#5634,.T.);
#7812=ORIENTED_EDGE('',*,*,#5635,.T.);
#7813=ORIENTED_EDGE('',*,*,#5636,.T.);
#7814=ORIENTED_EDGE('',*,*,#5637,.T.);
#7815=ORIENTED_EDGE('',*,*,#5638,.T.);
#7816=ORIENTED_EDGE('',*,*,#5639,.T.);
#7817=ORIENTED_EDGE('',*,*,#5640,.T.);
#7818=ORIENTED_EDGE('',*,*,#5641,.T.);
#7819=ORIENTED_EDGE('',*,*,#5642,.T.);
#7820=ORIENTED_EDGE('',*,*,#5643,.T.);
#7821=ORIENTED_EDGE('',*,*,#5644,.T.);
#7822=ORIENTED_EDGE('',*,*,#5645,.T.);
#7823=ORIENTED_EDGE('',*,*,#5646,.T.);
#7824=ORIENTED_EDGE('',*,*,#5647,.T.);
#7825=ORIENTED_EDGE('',*,*,#5648,.T.);
#7826=ORIENTED_EDGE('',*,*,#5283,.F.);
#7827=ORIENTED_EDGE('',*,*,#5565,.F.);
#7828=ORIENTED_EDGE('',*,*,#5291,.T.);
#7829=ORIENTED_EDGE('',*,*,#5274,.F.);
#7830=ORIENTED_EDGE('',*,*,#5214,.T.);
#7831=ORIENTED_EDGE('',*,*,#5294,.F.);
#7832=ORIENTED_EDGE('',*,*,#5612,.F.);
#7833=ORIENTED_EDGE('',*,*,#5649,.F.);
#7834=ORIENTED_EDGE('',*,*,#4825,.F.);
#7835=ORIENTED_EDGE('',*,*,#5650,.F.);
#7836=ORIENTED_EDGE('',*,*,#5611,.F.);
#7837=ORIENTED_EDGE('',*,*,#5651,.F.);
#7838=ORIENTED_EDGE('',*,*,#4826,.F.);
#7839=ORIENTED_EDGE('',*,*,#5649,.T.);
#7840=ORIENTED_EDGE('',*,*,#5610,.F.);
#7841=ORIENTED_EDGE('',*,*,#5652,.F.);
#7842=ORIENTED_EDGE('',*,*,#4827,.F.);
#7843=ORIENTED_EDGE('',*,*,#5651,.T.);
#7844=ORIENTED_EDGE('',*,*,#5609,.F.);
#7845=ORIENTED_EDGE('',*,*,#5650,.T.);
#7846=ORIENTED_EDGE('',*,*,#4824,.F.);
#7847=ORIENTED_EDGE('',*,*,#5652,.T.);
#7848=ORIENTED_EDGE('',*,*,#5616,.F.);
#7849=ORIENTED_EDGE('',*,*,#5653,.F.);
#7850=ORIENTED_EDGE('',*,*,#4821,.F.);
#7851=ORIENTED_EDGE('',*,*,#5654,.F.);
#7852=ORIENTED_EDGE('',*,*,#5615,.F.);
#7853=ORIENTED_EDGE('',*,*,#5655,.F.);
#7854=ORIENTED_EDGE('',*,*,#4822,.F.);
#7855=ORIENTED_EDGE('',*,*,#5653,.T.);
#7856=ORIENTED_EDGE('',*,*,#5614,.F.);
#7857=ORIENTED_EDGE('',*,*,#5656,.F.);
#7858=ORIENTED_EDGE('',*,*,#4823,.F.);
#7859=ORIENTED_EDGE('',*,*,#5655,.T.);
#7860=ORIENTED_EDGE('',*,*,#5613,.F.);
#7861=ORIENTED_EDGE('',*,*,#5654,.T.);
#7862=ORIENTED_EDGE('',*,*,#4820,.F.);
#7863=ORIENTED_EDGE('',*,*,#5656,.T.);
#7864=ORIENTED_EDGE('',*,*,#5632,.F.);
#7865=ORIENTED_EDGE('',*,*,#5657,.F.);
#7866=ORIENTED_EDGE('',*,*,#5232,.F.);
#7867=ORIENTED_EDGE('',*,*,#5658,.F.);
#7868=ORIENTED_EDGE('',*,*,#5631,.F.);
#7869=ORIENTED_EDGE('',*,*,#5659,.F.);
#7870=ORIENTED_EDGE('',*,*,#5233,.F.);
#7871=ORIENTED_EDGE('',*,*,#5657,.T.);
#7872=ORIENTED_EDGE('',*,*,#5630,.F.);
#7873=ORIENTED_EDGE('',*,*,#5660,.F.);
#7874=ORIENTED_EDGE('',*,*,#5234,.F.);
#7875=ORIENTED_EDGE('',*,*,#5659,.T.);
#7876=ORIENTED_EDGE('',*,*,#5629,.F.);
#7877=ORIENTED_EDGE('',*,*,#5658,.T.);
#7878=ORIENTED_EDGE('',*,*,#5231,.F.);
#7879=ORIENTED_EDGE('',*,*,#5660,.T.);
#7880=ORIENTED_EDGE('',*,*,#5636,.F.);
#7881=ORIENTED_EDGE('',*,*,#5661,.F.);
#7882=ORIENTED_EDGE('',*,*,#5236,.F.);
#7883=ORIENTED_EDGE('',*,*,#5662,.F.);
#7884=ORIENTED_EDGE('',*,*,#5635,.F.);
#7885=ORIENTED_EDGE('',*,*,#5663,.F.);
#7886=ORIENTED_EDGE('',*,*,#5237,.F.);
#7887=ORIENTED_EDGE('',*,*,#5661,.T.);
#7888=ORIENTED_EDGE('',*,*,#5634,.F.);
#7889=ORIENTED_EDGE('',*,*,#5664,.F.);
#7890=ORIENTED_EDGE('',*,*,#5238,.F.);
#7891=ORIENTED_EDGE('',*,*,#5663,.T.);
#7892=ORIENTED_EDGE('',*,*,#5633,.F.);
#7893=ORIENTED_EDGE('',*,*,#5662,.T.);
#7894=ORIENTED_EDGE('',*,*,#5235,.F.);
#7895=ORIENTED_EDGE('',*,*,#5664,.T.);
#7896=ORIENTED_EDGE('',*,*,#5620,.F.);
#7897=ORIENTED_EDGE('',*,*,#5665,.F.);
#7898=ORIENTED_EDGE('',*,*,#4817,.F.);
#7899=ORIENTED_EDGE('',*,*,#5666,.F.);
#7900=ORIENTED_EDGE('',*,*,#5619,.F.);
#7901=ORIENTED_EDGE('',*,*,#5667,.F.);
#7902=ORIENTED_EDGE('',*,*,#4818,.F.);
#7903=ORIENTED_EDGE('',*,*,#5665,.T.);
#7904=ORIENTED_EDGE('',*,*,#5618,.F.);
#7905=ORIENTED_EDGE('',*,*,#5668,.F.);
#7906=ORIENTED_EDGE('',*,*,#4819,.F.);
#7907=ORIENTED_EDGE('',*,*,#5667,.T.);
#7908=ORIENTED_EDGE('',*,*,#5617,.F.);
#7909=ORIENTED_EDGE('',*,*,#5666,.T.);
#7910=ORIENTED_EDGE('',*,*,#4816,.F.);
#7911=ORIENTED_EDGE('',*,*,#5668,.T.);
#7912=ORIENTED_EDGE('',*,*,#5624,.F.);
#7913=ORIENTED_EDGE('',*,*,#5669,.F.);
#7914=ORIENTED_EDGE('',*,*,#4813,.F.);
#7915=ORIENTED_EDGE('',*,*,#5670,.F.);
#7916=ORIENTED_EDGE('',*,*,#5623,.F.);
#7917=ORIENTED_EDGE('',*,*,#5671,.F.);
#7918=ORIENTED_EDGE('',*,*,#4814,.F.);
#7919=ORIENTED_EDGE('',*,*,#5669,.T.);
#7920=ORIENTED_EDGE('',*,*,#5622,.F.);
#7921=ORIENTED_EDGE('',*,*,#5672,.F.);
#7922=ORIENTED_EDGE('',*,*,#4815,.F.);
#7923=ORIENTED_EDGE('',*,*,#5671,.T.);
#7924=ORIENTED_EDGE('',*,*,#5621,.F.);
#7925=ORIENTED_EDGE('',*,*,#5670,.T.);
#7926=ORIENTED_EDGE('',*,*,#4812,.F.);
#7927=ORIENTED_EDGE('',*,*,#5672,.T.);
#7928=ORIENTED_EDGE('',*,*,#5640,.F.);
#7929=ORIENTED_EDGE('',*,*,#5673,.F.);
#7930=ORIENTED_EDGE('',*,*,#5240,.F.);
#7931=ORIENTED_EDGE('',*,*,#5674,.F.);
#7932=ORIENTED_EDGE('',*,*,#5639,.F.);
#7933=ORIENTED_EDGE('',*,*,#5675,.F.);
#7934=ORIENTED_EDGE('',*,*,#5241,.F.);
#7935=ORIENTED_EDGE('',*,*,#5673,.T.);
#7936=ORIENTED_EDGE('',*,*,#5638,.F.);
#7937=ORIENTED_EDGE('',*,*,#5676,.F.);
#7938=ORIENTED_EDGE('',*,*,#5242,.F.);
#7939=ORIENTED_EDGE('',*,*,#5675,.T.);
#7940=ORIENTED_EDGE('',*,*,#5637,.F.);
#7941=ORIENTED_EDGE('',*,*,#5674,.T.);
#7942=ORIENTED_EDGE('',*,*,#5239,.F.);
#7943=ORIENTED_EDGE('',*,*,#5676,.T.);
#7944=ORIENTED_EDGE('',*,*,#5644,.F.);
#7945=ORIENTED_EDGE('',*,*,#5677,.F.);
#7946=ORIENTED_EDGE('',*,*,#5244,.F.);
#7947=ORIENTED_EDGE('',*,*,#5678,.F.);
#7948=ORIENTED_EDGE('',*,*,#5643,.F.);
#7949=ORIENTED_EDGE('',*,*,#5679,.F.);
#7950=ORIENTED_EDGE('',*,*,#5245,.F.);
#7951=ORIENTED_EDGE('',*,*,#5677,.T.);
#7952=ORIENTED_EDGE('',*,*,#5642,.F.);
#7953=ORIENTED_EDGE('',*,*,#5680,.F.);
#7954=ORIENTED_EDGE('',*,*,#5246,.F.);
#7955=ORIENTED_EDGE('',*,*,#5679,.T.);
#7956=ORIENTED_EDGE('',*,*,#5641,.F.);
#7957=ORIENTED_EDGE('',*,*,#5678,.T.);
#7958=ORIENTED_EDGE('',*,*,#5243,.F.);
#7959=ORIENTED_EDGE('',*,*,#5680,.T.);
#7960=ORIENTED_EDGE('',*,*,#5648,.F.);
#7961=ORIENTED_EDGE('',*,*,#5681,.F.);
#7962=ORIENTED_EDGE('',*,*,#5248,.F.);
#7963=ORIENTED_EDGE('',*,*,#5682,.F.);
#7964=ORIENTED_EDGE('',*,*,#5647,.F.);
#7965=ORIENTED_EDGE('',*,*,#5683,.F.);
#7966=ORIENTED_EDGE('',*,*,#5249,.F.);
#7967=ORIENTED_EDGE('',*,*,#5681,.T.);
#7968=ORIENTED_EDGE('',*,*,#5646,.F.);
#7969=ORIENTED_EDGE('',*,*,#5684,.F.);
#7970=ORIENTED_EDGE('',*,*,#5250,.F.);
#7971=ORIENTED_EDGE('',*,*,#5683,.T.);
#7972=ORIENTED_EDGE('',*,*,#5645,.F.);
#7973=ORIENTED_EDGE('',*,*,#5682,.T.);
#7974=ORIENTED_EDGE('',*,*,#5247,.F.);
#7975=ORIENTED_EDGE('',*,*,#5684,.T.);
#7976=ORIENTED_EDGE('',*,*,#5628,.F.);
#7977=ORIENTED_EDGE('',*,*,#5685,.F.);
#7978=ORIENTED_EDGE('',*,*,#4809,.F.);
#7979=ORIENTED_EDGE('',*,*,#5686,.F.);
#7980=ORIENTED_EDGE('',*,*,#5627,.F.);
#7981=ORIENTED_EDGE('',*,*,#5687,.F.);
#7982=ORIENTED_EDGE('',*,*,#4810,.F.);
#7983=ORIENTED_EDGE('',*,*,#5685,.T.);
#7984=ORIENTED_EDGE('',*,*,#5626,.F.);
#7985=ORIENTED_EDGE('',*,*,#5688,.F.);
#7986=ORIENTED_EDGE('',*,*,#4811,.F.);
#7987=ORIENTED_EDGE('',*,*,#5687,.T.);
#7988=ORIENTED_EDGE('',*,*,#5625,.F.);
#7989=ORIENTED_EDGE('',*,*,#5686,.T.);
#7990=ORIENTED_EDGE('',*,*,#4808,.F.);
#7991=ORIENTED_EDGE('',*,*,#5688,.T.);
#7992=ORIENTED_EDGE('',*,*,#5580,.T.);
#7993=ORIENTED_EDGE('',*,*,#5603,.F.);
#7994=ORIENTED_EDGE('',*,*,#5689,.F.);
#7995=ORIENTED_EDGE('',*,*,#5430,.T.);
#7996=ORIENTED_EDGE('',*,*,#5108,.T.);
#7997=ORIENTED_EDGE('',*,*,#5454,.T.);
#7998=ORIENTED_EDGE('',*,*,#5689,.T.);
#7999=ORIENTED_EDGE('',*,*,#5602,.F.);
#8000=ORIENTED_EDGE('',*,*,#5690,.F.);
#8001=ORIENTED_EDGE('',*,*,#5431,.T.);
#8002=ORIENTED_EDGE('',*,*,#5690,.T.);
#8003=ORIENTED_EDGE('',*,*,#5601,.F.);
#8004=ORIENTED_EDGE('',*,*,#4799,.T.);
#8005=ORIENTED_EDGE('',*,*,#5298,.F.);
#8006=ORIENTED_EDGE('',*,*,#5573,.T.);
#8007=ORIENTED_EDGE('',*,*,#5226,.T.);
#8008=ORIENTED_EDGE('',*,*,#5320,.F.);
#8009=ORIENTED_EDGE('',*,*,#5432,.F.);
#8010=ORIENTED_EDGE('',*,*,#5001,.T.);
#8011=ORIENTED_EDGE('',*,*,#5604,.F.);
#8012=ORIENTED_EDGE('',*,*,#5581,.F.);
#8013=ORIENTED_EDGE('',*,*,#5425,.T.);
#8014=ORIENTED_EDGE('',*,*,#5016,.F.);
#8015=ORIENTED_EDGE('',*,*,#5451,.F.);
#8016=ORIENTED_EDGE('',*,*,#5586,.T.);
#8017=ORIENTED_EDGE('',*,*,#5608,.F.);
#8018=ORIENTED_EDGE('',*,*,#5691,.F.);
#8019=ORIENTED_EDGE('',*,*,#5437,.T.);
#8020=ORIENTED_EDGE('',*,*,#5691,.T.);
#8021=ORIENTED_EDGE('',*,*,#5607,.F.);
#8022=ORIENTED_EDGE('',*,*,#5692,.F.);
#8023=ORIENTED_EDGE('',*,*,#5438,.T.);
#8024=ORIENTED_EDGE('',*,*,#5692,.T.);
#8025=ORIENTED_EDGE('',*,*,#5606,.F.);
#8026=ORIENTED_EDGE('',*,*,#5693,.F.);
#8027=ORIENTED_EDGE('',*,*,#5439,.T.);
#8028=ORIENTED_EDGE('',*,*,#5693,.T.);
#8029=ORIENTED_EDGE('',*,*,#5605,.F.);
#8030=ORIENTED_EDGE('',*,*,#5591,.F.);
#8031=ORIENTED_EDGE('',*,*,#5440,.T.);
#8032=ORIENTED_EDGE('',*,*,#5694,.F.);
#8033=ORIENTED_EDGE('',*,*,#5695,.T.);
#8034=ORIENTED_EDGE('',*,*,#5696,.T.);
#8035=ORIENTED_EDGE('',*,*,#5697,.F.);
#8036=ORIENTED_EDGE('',*,*,#5698,.F.);
#8037=ORIENTED_EDGE('',*,*,#5699,.F.);
#8038=ORIENTED_EDGE('',*,*,#5700,.F.);
#8039=ORIENTED_EDGE('',*,*,#5701,.F.);
#8040=ORIENTED_EDGE('',*,*,#5702,.F.);
#8041=ORIENTED_EDGE('',*,*,#5703,.F.);
#8042=ORIENTED_EDGE('',*,*,#5704,.F.);
#8043=ORIENTED_EDGE('',*,*,#5705,.F.);
#8044=ORIENTED_EDGE('',*,*,#5706,.F.);
#8045=ORIENTED_EDGE('',*,*,#5707,.F.);
#8046=ORIENTED_EDGE('',*,*,#5708,.F.);
#8047=ORIENTED_EDGE('',*,*,#5709,.F.);
#8048=ORIENTED_EDGE('',*,*,#5710,.F.);
#8049=ORIENTED_EDGE('',*,*,#5711,.F.);
#8050=ORIENTED_EDGE('',*,*,#5712,.F.);
#8051=ORIENTED_EDGE('',*,*,#5713,.F.);
#8052=ORIENTED_EDGE('',*,*,#5714,.F.);
#8053=ORIENTED_EDGE('',*,*,#5715,.F.);
#8054=ORIENTED_EDGE('',*,*,#5716,.F.);
#8055=ORIENTED_EDGE('',*,*,#5717,.F.);
#8056=ORIENTED_EDGE('',*,*,#5718,.F.);
#8057=ORIENTED_EDGE('',*,*,#5719,.F.);
#8058=ORIENTED_EDGE('',*,*,#5720,.F.);
#8059=ORIENTED_EDGE('',*,*,#5721,.F.);
#8060=ORIENTED_EDGE('',*,*,#5722,.F.);
#8061=ORIENTED_EDGE('',*,*,#5723,.F.);
#8062=ORIENTED_EDGE('',*,*,#5724,.F.);
#8063=ORIENTED_EDGE('',*,*,#5725,.F.);
#8064=ORIENTED_EDGE('',*,*,#5726,.F.);
#8065=ORIENTED_EDGE('',*,*,#5727,.F.);
#8066=ORIENTED_EDGE('',*,*,#5728,.F.);
#8067=ORIENTED_EDGE('',*,*,#5729,.F.);
#8068=ORIENTED_EDGE('',*,*,#5730,.F.);
#8069=ORIENTED_EDGE('',*,*,#5731,.F.);
#8070=ORIENTED_EDGE('',*,*,#5732,.F.);
#8071=ORIENTED_EDGE('',*,*,#5733,.F.);
#8072=ORIENTED_EDGE('',*,*,#5734,.F.);
#8073=ORIENTED_EDGE('',*,*,#5735,.F.);
#8074=ORIENTED_EDGE('',*,*,#5736,.F.);
#8075=ORIENTED_EDGE('',*,*,#5737,.F.);
#8076=ORIENTED_EDGE('',*,*,#5738,.F.);
#8077=ORIENTED_EDGE('',*,*,#5739,.F.);
#8078=ORIENTED_EDGE('',*,*,#5740,.F.);
#8079=ORIENTED_EDGE('',*,*,#5741,.T.);
#8080=ORIENTED_EDGE('',*,*,#5695,.F.);
#8081=ORIENTED_EDGE('',*,*,#5742,.F.);
#8082=ORIENTED_EDGE('',*,*,#5743,.F.);
#8083=ORIENTED_EDGE('',*,*,#5744,.F.);
#8084=ORIENTED_EDGE('',*,*,#5745,.F.);
#8085=ORIENTED_EDGE('',*,*,#5746,.F.);
#8086=ORIENTED_EDGE('',*,*,#5747,.F.);
#8087=ORIENTED_EDGE('',*,*,#5748,.F.);
#8088=ORIENTED_EDGE('',*,*,#5749,.F.);
#8089=ORIENTED_EDGE('',*,*,#5750,.F.);
#8090=ORIENTED_EDGE('',*,*,#5751,.F.);
#8091=ORIENTED_EDGE('',*,*,#5752,.F.);
#8092=ORIENTED_EDGE('',*,*,#5753,.F.);
#8093=ORIENTED_EDGE('',*,*,#5754,.F.);
#8094=ORIENTED_EDGE('',*,*,#5755,.F.);
#8095=ORIENTED_EDGE('',*,*,#5756,.F.);
#8096=ORIENTED_EDGE('',*,*,#5757,.F.);
#8097=ORIENTED_EDGE('',*,*,#5758,.F.);
#8098=ORIENTED_EDGE('',*,*,#5759,.F.);
#8099=ORIENTED_EDGE('',*,*,#5760,.F.);
#8100=ORIENTED_EDGE('',*,*,#5761,.F.);
#8101=ORIENTED_EDGE('',*,*,#5762,.F.);
#8102=ORIENTED_EDGE('',*,*,#5763,.F.);
#8103=ORIENTED_EDGE('',*,*,#5764,.F.);
#8104=ORIENTED_EDGE('',*,*,#5765,.F.);
#8105=ORIENTED_EDGE('',*,*,#5766,.F.);
#8106=ORIENTED_EDGE('',*,*,#5767,.F.);
#8107=ORIENTED_EDGE('',*,*,#5768,.F.);
#8108=ORIENTED_EDGE('',*,*,#5741,.F.);
#8109=ORIENTED_EDGE('',*,*,#5769,.F.);
#8110=ORIENTED_EDGE('',*,*,#5770,.F.);
#8111=ORIENTED_EDGE('',*,*,#5771,.F.);
#8112=ORIENTED_EDGE('',*,*,#5772,.F.);
#8113=ORIENTED_EDGE('',*,*,#5696,.F.);
#8114=ORIENTED_EDGE('',*,*,#5698,.T.);
#8115=ORIENTED_EDGE('',*,*,#5773,.T.);
#8116=ORIENTED_EDGE('',*,*,#5774,.F.);
#8117=ORIENTED_EDGE('',*,*,#5775,.F.);
#8118=ORIENTED_EDGE('',*,*,#5768,.T.);
#8119=ORIENTED_EDGE('',*,*,#5776,.T.);
#8120=ORIENTED_EDGE('',*,*,#5777,.F.);
#8121=ORIENTED_EDGE('',*,*,#5773,.F.);
#8122=ORIENTED_EDGE('',*,*,#5767,.T.);
#8123=ORIENTED_EDGE('',*,*,#5778,.T.);
#8124=ORIENTED_EDGE('',*,*,#5779,.F.);
#8125=ORIENTED_EDGE('',*,*,#5776,.F.);
#8126=ORIENTED_EDGE('',*,*,#5766,.T.);
#8127=ORIENTED_EDGE('',*,*,#5780,.T.);
#8128=ORIENTED_EDGE('',*,*,#5781,.F.);
#8129=ORIENTED_EDGE('',*,*,#5778,.F.);
#8130=ORIENTED_EDGE('',*,*,#5765,.T.);
#8131=ORIENTED_EDGE('',*,*,#5782,.T.);
#8132=ORIENTED_EDGE('',*,*,#5783,.F.);
#8133=ORIENTED_EDGE('',*,*,#5780,.F.);
#8134=ORIENTED_EDGE('',*,*,#5764,.T.);
#8135=ORIENTED_EDGE('',*,*,#5784,.T.);
#8136=ORIENTED_EDGE('',*,*,#5785,.F.);
#8137=ORIENTED_EDGE('',*,*,#5782,.F.);
#8138=ORIENTED_EDGE('',*,*,#5763,.T.);
#8139=ORIENTED_EDGE('',*,*,#5786,.T.);
#8140=ORIENTED_EDGE('',*,*,#5787,.F.);
#8141=ORIENTED_EDGE('',*,*,#5784,.F.);
#8142=ORIENTED_EDGE('',*,*,#5762,.T.);
#8143=ORIENTED_EDGE('',*,*,#5788,.T.);
#8144=ORIENTED_EDGE('',*,*,#5789,.F.);
#8145=ORIENTED_EDGE('',*,*,#5786,.F.);
#8146=ORIENTED_EDGE('',*,*,#5761,.T.);
#8147=ORIENTED_EDGE('',*,*,#5790,.T.);
#8148=ORIENTED_EDGE('',*,*,#5791,.F.);
#8149=ORIENTED_EDGE('',*,*,#5788,.F.);
#8150=ORIENTED_EDGE('',*,*,#5760,.T.);
#8151=ORIENTED_EDGE('',*,*,#5792,.T.);
#8152=ORIENTED_EDGE('',*,*,#5793,.F.);
#8153=ORIENTED_EDGE('',*,*,#5790,.F.);
#8154=ORIENTED_EDGE('',*,*,#5759,.T.);
#8155=ORIENTED_EDGE('',*,*,#5794,.T.);
#8156=ORIENTED_EDGE('',*,*,#5795,.F.);
#8157=ORIENTED_EDGE('',*,*,#5792,.F.);
#8158=ORIENTED_EDGE('',*,*,#5758,.T.);
#8159=ORIENTED_EDGE('',*,*,#5796,.T.);
#8160=ORIENTED_EDGE('',*,*,#5797,.F.);
#8161=ORIENTED_EDGE('',*,*,#5794,.F.);
#8162=ORIENTED_EDGE('',*,*,#5757,.T.);
#8163=ORIENTED_EDGE('',*,*,#5798,.T.);
#8164=ORIENTED_EDGE('',*,*,#5799,.F.);
#8165=ORIENTED_EDGE('',*,*,#5796,.F.);
#8166=ORIENTED_EDGE('',*,*,#5756,.T.);
#8167=ORIENTED_EDGE('',*,*,#5800,.T.);
#8168=ORIENTED_EDGE('',*,*,#5801,.F.);
#8169=ORIENTED_EDGE('',*,*,#5798,.F.);
#8170=ORIENTED_EDGE('',*,*,#5755,.T.);
#8171=ORIENTED_EDGE('',*,*,#5802,.T.);
#8172=ORIENTED_EDGE('',*,*,#5803,.F.);
#8173=ORIENTED_EDGE('',*,*,#5800,.F.);
#8174=ORIENTED_EDGE('',*,*,#5754,.T.);
#8175=ORIENTED_EDGE('',*,*,#5804,.T.);
#8176=ORIENTED_EDGE('',*,*,#5805,.F.);
#8177=ORIENTED_EDGE('',*,*,#5802,.F.);
#8178=ORIENTED_EDGE('',*,*,#5753,.T.);
#8179=ORIENTED_EDGE('',*,*,#5806,.T.);
#8180=ORIENTED_EDGE('',*,*,#5807,.F.);
#8181=ORIENTED_EDGE('',*,*,#5804,.F.);
#8182=ORIENTED_EDGE('',*,*,#5752,.T.);
#8183=ORIENTED_EDGE('',*,*,#5808,.T.);
#8184=ORIENTED_EDGE('',*,*,#5809,.F.);
#8185=ORIENTED_EDGE('',*,*,#5806,.F.);
#8186=ORIENTED_EDGE('',*,*,#5751,.T.);
#8187=ORIENTED_EDGE('',*,*,#5810,.T.);
#8188=ORIENTED_EDGE('',*,*,#5811,.F.);
#8189=ORIENTED_EDGE('',*,*,#5808,.F.);
#8190=ORIENTED_EDGE('',*,*,#5750,.T.);
#8191=ORIENTED_EDGE('',*,*,#5812,.T.);
#8192=ORIENTED_EDGE('',*,*,#5813,.F.);
#8193=ORIENTED_EDGE('',*,*,#5810,.F.);
#8194=ORIENTED_EDGE('',*,*,#5749,.T.);
#8195=ORIENTED_EDGE('',*,*,#5814,.T.);
#8196=ORIENTED_EDGE('',*,*,#5815,.F.);
#8197=ORIENTED_EDGE('',*,*,#5812,.F.);
#8198=ORIENTED_EDGE('',*,*,#5748,.T.);
#8199=ORIENTED_EDGE('',*,*,#5816,.T.);
#8200=ORIENTED_EDGE('',*,*,#5817,.F.);
#8201=ORIENTED_EDGE('',*,*,#5814,.F.);
#8202=ORIENTED_EDGE('',*,*,#5747,.T.);
#8203=ORIENTED_EDGE('',*,*,#5818,.T.);
#8204=ORIENTED_EDGE('',*,*,#5819,.F.);
#8205=ORIENTED_EDGE('',*,*,#5816,.F.);
#8206=ORIENTED_EDGE('',*,*,#5746,.T.);
#8207=ORIENTED_EDGE('',*,*,#5820,.T.);
#8208=ORIENTED_EDGE('',*,*,#5821,.F.);
#8209=ORIENTED_EDGE('',*,*,#5818,.F.);
#8210=ORIENTED_EDGE('',*,*,#5745,.T.);
#8211=ORIENTED_EDGE('',*,*,#5822,.T.);
#8212=ORIENTED_EDGE('',*,*,#5823,.F.);
#8213=ORIENTED_EDGE('',*,*,#5820,.F.);
#8214=ORIENTED_EDGE('',*,*,#5744,.T.);
#8215=ORIENTED_EDGE('',*,*,#5824,.T.);
#8216=ORIENTED_EDGE('',*,*,#5825,.F.);
#8217=ORIENTED_EDGE('',*,*,#5822,.F.);
#8218=ORIENTED_EDGE('',*,*,#5743,.T.);
#8219=ORIENTED_EDGE('',*,*,#5826,.F.);
#8220=ORIENTED_EDGE('',*,*,#5827,.F.);
#8221=ORIENTED_EDGE('',*,*,#5824,.F.);
#8222=ORIENTED_EDGE('',*,*,#5742,.T.);
#8223=ORIENTED_EDGE('',*,*,#5694,.T.);
#8224=ORIENTED_EDGE('',*,*,#5828,.F.);
#8225=ORIENTED_EDGE('',*,*,#5829,.F.);
#8226=ORIENTED_EDGE('',*,*,#5830,.T.);
#8227=ORIENTED_EDGE('',*,*,#5831,.T.);
#8228=ORIENTED_EDGE('',*,*,#5832,.T.);
#8229=ORIENTED_EDGE('',*,*,#5833,.T.);
#8230=ORIENTED_EDGE('',*,*,#5834,.F.);
#8231=ORIENTED_EDGE('',*,*,#5826,.T.);
#8232=ORIENTED_EDGE('',*,*,#5697,.T.);
#8233=ORIENTED_EDGE('',*,*,#5772,.T.);
#8234=ORIENTED_EDGE('',*,*,#5835,.T.);
#8235=ORIENTED_EDGE('',*,*,#5836,.T.);
#8236=ORIENTED_EDGE('',*,*,#5837,.T.);
#8237=ORIENTED_EDGE('',*,*,#5828,.T.);
#8238=ORIENTED_EDGE('',*,*,#5838,.T.);
#8239=ORIENTED_EDGE('',*,*,#5839,.T.);
#8240=ORIENTED_EDGE('',*,*,#5770,.T.);
#8241=ORIENTED_EDGE('',*,*,#5840,.T.);
#8242=ORIENTED_EDGE('',*,*,#5841,.F.);
#8243=ORIENTED_EDGE('',*,*,#5842,.F.);
#8244=ORIENTED_EDGE('',*,*,#5769,.T.);
#8245=ORIENTED_EDGE('',*,*,#5740,.T.);
#8246=ORIENTED_EDGE('',*,*,#5843,.T.);
#8247=ORIENTED_EDGE('',*,*,#5844,.T.);
#8248=ORIENTED_EDGE('',*,*,#5845,.F.);
#8249=ORIENTED_EDGE('',*,*,#5840,.F.);
#8250=ORIENTED_EDGE('',*,*,#5739,.T.);
#8251=ORIENTED_EDGE('',*,*,#5846,.T.);
#8252=ORIENTED_EDGE('',*,*,#5847,.F.);
#8253=ORIENTED_EDGE('',*,*,#5848,.F.);
#8254=ORIENTED_EDGE('',*,*,#5849,.F.);
#8255=ORIENTED_EDGE('',*,*,#5843,.F.);
#8256=ORIENTED_EDGE('',*,*,#5738,.T.);
#8257=ORIENTED_EDGE('',*,*,#5850,.T.);
#8258=ORIENTED_EDGE('',*,*,#5851,.F.);
#8259=ORIENTED_EDGE('',*,*,#5846,.F.);
#8260=ORIENTED_EDGE('',*,*,#5737,.T.);
#8261=ORIENTED_EDGE('',*,*,#5852,.T.);
#8262=ORIENTED_EDGE('',*,*,#5853,.F.);
#8263=ORIENTED_EDGE('',*,*,#5850,.F.);
#8264=ORIENTED_EDGE('',*,*,#5736,.T.);
#8265=ORIENTED_EDGE('',*,*,#5854,.T.);
#8266=ORIENTED_EDGE('',*,*,#5855,.F.);
#8267=ORIENTED_EDGE('',*,*,#5852,.F.);
#8268=ORIENTED_EDGE('',*,*,#5856,.F.);
#8269=ORIENTED_EDGE('',*,*,#5857,.F.);
#8270=ORIENTED_EDGE('',*,*,#5833,.F.);
#8271=ORIENTED_EDGE('',*,*,#5858,.T.);
#8272=ORIENTED_EDGE('',*,*,#5859,.F.);
#8273=ORIENTED_EDGE('',*,*,#5858,.F.);
#8274=ORIENTED_EDGE('',*,*,#5832,.F.);
#8275=ORIENTED_EDGE('',*,*,#5860,.F.);
#8276=ORIENTED_EDGE('',*,*,#5861,.F.);
#8277=ORIENTED_EDGE('',*,*,#5857,.T.);
#8278=ORIENTED_EDGE('',*,*,#5862,.T.);
#8279=ORIENTED_EDGE('',*,*,#5863,.T.);
#8280=ORIENTED_EDGE('',*,*,#5847,.T.);
#8281=ORIENTED_EDGE('',*,*,#5851,.T.);
#8282=ORIENTED_EDGE('',*,*,#5853,.T.);
#8283=ORIENTED_EDGE('',*,*,#5855,.T.);
#8284=ORIENTED_EDGE('',*,*,#5864,.T.);
#8285=ORIENTED_EDGE('',*,*,#5865,.T.);
#8286=ORIENTED_EDGE('',*,*,#5866,.T.);
#8287=ORIENTED_EDGE('',*,*,#5867,.T.);
#8288=ORIENTED_EDGE('',*,*,#5868,.T.);
#8289=ORIENTED_EDGE('',*,*,#5869,.T.);
#8290=ORIENTED_EDGE('',*,*,#5870,.T.);
#8291=ORIENTED_EDGE('',*,*,#5871,.T.);
#8292=ORIENTED_EDGE('',*,*,#5872,.T.);
#8293=ORIENTED_EDGE('',*,*,#5873,.T.);
#8294=ORIENTED_EDGE('',*,*,#5874,.T.);
#8295=ORIENTED_EDGE('',*,*,#5875,.T.);
#8296=ORIENTED_EDGE('',*,*,#5876,.T.);
#8297=ORIENTED_EDGE('',*,*,#5877,.T.);
#8298=ORIENTED_EDGE('',*,*,#5878,.T.);
#8299=ORIENTED_EDGE('',*,*,#5879,.T.);
#8300=ORIENTED_EDGE('',*,*,#5880,.T.);
#8301=ORIENTED_EDGE('',*,*,#5881,.T.);
#8302=ORIENTED_EDGE('',*,*,#5882,.T.);
#8303=ORIENTED_EDGE('',*,*,#5883,.T.);
#8304=ORIENTED_EDGE('',*,*,#5884,.T.);
#8305=ORIENTED_EDGE('',*,*,#5885,.T.);
#8306=ORIENTED_EDGE('',*,*,#5886,.T.);
#8307=ORIENTED_EDGE('',*,*,#5887,.T.);
#8308=ORIENTED_EDGE('',*,*,#5888,.T.);
#8309=ORIENTED_EDGE('',*,*,#5889,.T.);
#8310=ORIENTED_EDGE('',*,*,#5890,.T.);
#8311=ORIENTED_EDGE('',*,*,#5891,.T.);
#8312=ORIENTED_EDGE('',*,*,#5892,.T.);
#8313=ORIENTED_EDGE('',*,*,#5893,.T.);
#8314=ORIENTED_EDGE('',*,*,#5894,.T.);
#8315=ORIENTED_EDGE('',*,*,#5895,.T.);
#8316=ORIENTED_EDGE('',*,*,#5896,.T.);
#8317=ORIENTED_EDGE('',*,*,#5897,.T.);
#8318=ORIENTED_EDGE('',*,*,#5898,.T.);
#8319=ORIENTED_EDGE('',*,*,#5899,.T.);
#8320=ORIENTED_EDGE('',*,*,#5900,.T.);
#8321=ORIENTED_EDGE('',*,*,#5774,.T.);
#8322=ORIENTED_EDGE('',*,*,#5777,.T.);
#8323=ORIENTED_EDGE('',*,*,#5779,.T.);
#8324=ORIENTED_EDGE('',*,*,#5781,.T.);
#8325=ORIENTED_EDGE('',*,*,#5783,.T.);
#8326=ORIENTED_EDGE('',*,*,#5785,.T.);
#8327=ORIENTED_EDGE('',*,*,#5787,.T.);
#8328=ORIENTED_EDGE('',*,*,#5789,.T.);
#8329=ORIENTED_EDGE('',*,*,#5791,.T.);
#8330=ORIENTED_EDGE('',*,*,#5793,.T.);
#8331=ORIENTED_EDGE('',*,*,#5795,.T.);
#8332=ORIENTED_EDGE('',*,*,#5797,.T.);
#8333=ORIENTED_EDGE('',*,*,#5799,.T.);
#8334=ORIENTED_EDGE('',*,*,#5801,.T.);
#8335=ORIENTED_EDGE('',*,*,#5803,.T.);
#8336=ORIENTED_EDGE('',*,*,#5805,.T.);
#8337=ORIENTED_EDGE('',*,*,#5807,.T.);
#8338=ORIENTED_EDGE('',*,*,#5809,.T.);
#8339=ORIENTED_EDGE('',*,*,#5811,.T.);
#8340=ORIENTED_EDGE('',*,*,#5813,.T.);
#8341=ORIENTED_EDGE('',*,*,#5815,.T.);
#8342=ORIENTED_EDGE('',*,*,#5817,.T.);
#8343=ORIENTED_EDGE('',*,*,#5819,.T.);
#8344=ORIENTED_EDGE('',*,*,#5821,.T.);
#8345=ORIENTED_EDGE('',*,*,#5823,.T.);
#8346=ORIENTED_EDGE('',*,*,#5825,.T.);
#8347=ORIENTED_EDGE('',*,*,#5827,.T.);
#8348=ORIENTED_EDGE('',*,*,#5834,.T.);
#8349=ORIENTED_EDGE('',*,*,#5901,.T.);
#8350=ORIENTED_EDGE('',*,*,#5856,.T.);
#8351=ORIENTED_EDGE('',*,*,#5859,.T.);
#8352=ORIENTED_EDGE('',*,*,#5902,.T.);
#8353=ORIENTED_EDGE('',*,*,#5903,.T.);
#8354=ORIENTED_EDGE('',*,*,#5904,.F.);
#8355=ORIENTED_EDGE('',*,*,#5836,.F.);
#8356=ORIENTED_EDGE('',*,*,#5905,.T.);
#8357=ORIENTED_EDGE('',*,*,#5841,.T.);
#8358=ORIENTED_EDGE('',*,*,#5845,.T.);
#8359=ORIENTED_EDGE('',*,*,#5906,.T.);
#8360=ORIENTED_EDGE('',*,*,#5907,.T.);
#8361=ORIENTED_EDGE('',*,*,#5862,.F.);
#8362=ORIENTED_EDGE('',*,*,#5849,.T.);
#8363=ORIENTED_EDGE('',*,*,#5908,.F.);
#8364=ORIENTED_EDGE('',*,*,#5906,.F.);
#8365=ORIENTED_EDGE('',*,*,#5844,.F.);
#8366=ORIENTED_EDGE('',*,*,#5848,.T.);
#8367=ORIENTED_EDGE('',*,*,#5863,.F.);
#8368=ORIENTED_EDGE('',*,*,#5907,.F.);
#8369=ORIENTED_EDGE('',*,*,#5908,.T.);
#8370=ORIENTED_EDGE('',*,*,#5771,.T.);
#8371=ORIENTED_EDGE('',*,*,#5842,.T.);
#8372=ORIENTED_EDGE('',*,*,#5905,.F.);
#8373=ORIENTED_EDGE('',*,*,#5835,.F.);
#8374=ORIENTED_EDGE('',*,*,#5699,.T.);
#8375=ORIENTED_EDGE('',*,*,#5775,.T.);
#8376=ORIENTED_EDGE('',*,*,#5900,.F.);
#8377=ORIENTED_EDGE('',*,*,#5909,.F.);
#8378=ORIENTED_EDGE('',*,*,#5703,.T.);
#8379=ORIENTED_EDGE('',*,*,#5910,.T.);
#8380=ORIENTED_EDGE('',*,*,#5896,.F.);
#8381=ORIENTED_EDGE('',*,*,#5911,.F.);
#8382=ORIENTED_EDGE('',*,*,#5700,.T.);
#8383=ORIENTED_EDGE('',*,*,#5909,.T.);
#8384=ORIENTED_EDGE('',*,*,#5899,.F.);
#8385=ORIENTED_EDGE('',*,*,#5912,.F.);
#8386=ORIENTED_EDGE('',*,*,#5701,.T.);
#8387=ORIENTED_EDGE('',*,*,#5912,.T.);
#8388=ORIENTED_EDGE('',*,*,#5898,.F.);
#8389=ORIENTED_EDGE('',*,*,#5913,.F.);
#8390=ORIENTED_EDGE('',*,*,#5702,.T.);
#8391=ORIENTED_EDGE('',*,*,#5913,.T.);
#8392=ORIENTED_EDGE('',*,*,#5897,.F.);
#8393=ORIENTED_EDGE('',*,*,#5910,.F.);
#8394=ORIENTED_EDGE('',*,*,#5707,.T.);
#8395=ORIENTED_EDGE('',*,*,#5914,.T.);
#8396=ORIENTED_EDGE('',*,*,#5892,.F.);
#8397=ORIENTED_EDGE('',*,*,#5915,.F.);
#8398=ORIENTED_EDGE('',*,*,#5711,.T.);
#8399=ORIENTED_EDGE('',*,*,#5916,.T.);
#8400=ORIENTED_EDGE('',*,*,#5888,.F.);
#8401=ORIENTED_EDGE('',*,*,#5917,.F.);
#8402=ORIENTED_EDGE('',*,*,#5715,.T.);
#8403=ORIENTED_EDGE('',*,*,#5918,.T.);
#8404=ORIENTED_EDGE('',*,*,#5884,.F.);
#8405=ORIENTED_EDGE('',*,*,#5919,.F.);
#8406=ORIENTED_EDGE('',*,*,#5719,.T.);
#8407=ORIENTED_EDGE('',*,*,#5920,.T.);
#8408=ORIENTED_EDGE('',*,*,#5880,.F.);
#8409=ORIENTED_EDGE('',*,*,#5921,.F.);
#8410=ORIENTED_EDGE('',*,*,#5723,.T.);
#8411=ORIENTED_EDGE('',*,*,#5922,.T.);
#8412=ORIENTED_EDGE('',*,*,#5876,.F.);
#8413=ORIENTED_EDGE('',*,*,#5923,.F.);
#8414=ORIENTED_EDGE('',*,*,#5727,.T.);
#8415=ORIENTED_EDGE('',*,*,#5924,.T.);
#8416=ORIENTED_EDGE('',*,*,#5872,.F.);
#8417=ORIENTED_EDGE('',*,*,#5925,.F.);
#8418=ORIENTED_EDGE('',*,*,#5731,.T.);
#8419=ORIENTED_EDGE('',*,*,#5926,.T.);
#8420=ORIENTED_EDGE('',*,*,#5868,.F.);
#8421=ORIENTED_EDGE('',*,*,#5927,.F.);
#8422=ORIENTED_EDGE('',*,*,#5735,.T.);
#8423=ORIENTED_EDGE('',*,*,#5928,.T.);
#8424=ORIENTED_EDGE('',*,*,#5864,.F.);
#8425=ORIENTED_EDGE('',*,*,#5854,.F.);
#8426=ORIENTED_EDGE('',*,*,#5732,.T.);
#8427=ORIENTED_EDGE('',*,*,#5927,.T.);
#8428=ORIENTED_EDGE('',*,*,#5867,.F.);
#8429=ORIENTED_EDGE('',*,*,#5929,.F.);
#8430=ORIENTED_EDGE('',*,*,#5733,.T.);
#8431=ORIENTED_EDGE('',*,*,#5929,.T.);
#8432=ORIENTED_EDGE('',*,*,#5866,.F.);
#8433=ORIENTED_EDGE('',*,*,#5930,.F.);
#8434=ORIENTED_EDGE('',*,*,#5734,.T.);
#8435=ORIENTED_EDGE('',*,*,#5930,.T.);
#8436=ORIENTED_EDGE('',*,*,#5865,.F.);
#8437=ORIENTED_EDGE('',*,*,#5928,.F.);
#8438=ORIENTED_EDGE('',*,*,#5724,.T.);
#8439=ORIENTED_EDGE('',*,*,#5923,.T.);
#8440=ORIENTED_EDGE('',*,*,#5875,.F.);
#8441=ORIENTED_EDGE('',*,*,#5931,.F.);
#8442=ORIENTED_EDGE('',*,*,#5725,.T.);
#8443=ORIENTED_EDGE('',*,*,#5931,.T.);
#8444=ORIENTED_EDGE('',*,*,#5874,.F.);
#8445=ORIENTED_EDGE('',*,*,#5932,.F.);
#8446=ORIENTED_EDGE('',*,*,#5726,.T.);
#8447=ORIENTED_EDGE('',*,*,#5932,.T.);
#8448=ORIENTED_EDGE('',*,*,#5873,.F.);
#8449=ORIENTED_EDGE('',*,*,#5924,.F.);
#8450=ORIENTED_EDGE('',*,*,#5716,.T.);
#8451=ORIENTED_EDGE('',*,*,#5919,.T.);
#8452=ORIENTED_EDGE('',*,*,#5883,.F.);
#8453=ORIENTED_EDGE('',*,*,#5933,.F.);
#8454=ORIENTED_EDGE('',*,*,#5717,.T.);
#8455=ORIENTED_EDGE('',*,*,#5933,.T.);
#8456=ORIENTED_EDGE('',*,*,#5882,.F.);
#8457=ORIENTED_EDGE('',*,*,#5934,.F.);
#8458=ORIENTED_EDGE('',*,*,#5718,.T.);
#8459=ORIENTED_EDGE('',*,*,#5934,.T.);
#8460=ORIENTED_EDGE('',*,*,#5881,.F.);
#8461=ORIENTED_EDGE('',*,*,#5920,.F.);
#8462=ORIENTED_EDGE('',*,*,#5708,.T.);
#8463=ORIENTED_EDGE('',*,*,#5915,.T.);
#8464=ORIENTED_EDGE('',*,*,#5891,.F.);
#8465=ORIENTED_EDGE('',*,*,#5935,.F.);
#8466=ORIENTED_EDGE('',*,*,#5709,.T.);
#8467=ORIENTED_EDGE('',*,*,#5935,.T.);
#8468=ORIENTED_EDGE('',*,*,#5890,.F.);
#8469=ORIENTED_EDGE('',*,*,#5936,.F.);
#8470=ORIENTED_EDGE('',*,*,#5710,.T.);
#8471=ORIENTED_EDGE('',*,*,#5936,.T.);
#8472=ORIENTED_EDGE('',*,*,#5889,.F.);
#8473=ORIENTED_EDGE('',*,*,#5916,.F.);
#8474=ORIENTED_EDGE('',*,*,#5704,.T.);
#8475=ORIENTED_EDGE('',*,*,#5911,.T.);
#8476=ORIENTED_EDGE('',*,*,#5895,.F.);
#8477=ORIENTED_EDGE('',*,*,#5937,.F.);
#8478=ORIENTED_EDGE('',*,*,#5705,.T.);
#8479=ORIENTED_EDGE('',*,*,#5937,.T.);
#8480=ORIENTED_EDGE('',*,*,#5894,.F.);
#8481=ORIENTED_EDGE('',*,*,#5938,.F.);
#8482=ORIENTED_EDGE('',*,*,#5706,.T.);
#8483=ORIENTED_EDGE('',*,*,#5938,.T.);
#8484=ORIENTED_EDGE('',*,*,#5893,.F.);
#8485=ORIENTED_EDGE('',*,*,#5914,.F.);
#8486=ORIENTED_EDGE('',*,*,#5712,.T.);
#8487=ORIENTED_EDGE('',*,*,#5917,.T.);
#8488=ORIENTED_EDGE('',*,*,#5887,.F.);
#8489=ORIENTED_EDGE('',*,*,#5939,.F.);
#8490=ORIENTED_EDGE('',*,*,#5713,.T.);
#8491=ORIENTED_EDGE('',*,*,#5939,.T.);
#8492=ORIENTED_EDGE('',*,*,#5886,.F.);
#8493=ORIENTED_EDGE('',*,*,#5940,.F.);
#8494=ORIENTED_EDGE('',*,*,#5714,.T.);
#8495=ORIENTED_EDGE('',*,*,#5940,.T.);
#8496=ORIENTED_EDGE('',*,*,#5885,.F.);
#8497=ORIENTED_EDGE('',*,*,#5918,.F.);
#8498=ORIENTED_EDGE('',*,*,#5720,.T.);
#8499=ORIENTED_EDGE('',*,*,#5921,.T.);
#8500=ORIENTED_EDGE('',*,*,#5879,.F.);
#8501=ORIENTED_EDGE('',*,*,#5941,.F.);
#8502=ORIENTED_EDGE('',*,*,#5721,.T.);
#8503=ORIENTED_EDGE('',*,*,#5941,.T.);
#8504=ORIENTED_EDGE('',*,*,#5878,.F.);
#8505=ORIENTED_EDGE('',*,*,#5942,.F.);
#8506=ORIENTED_EDGE('',*,*,#5722,.T.);
#8507=ORIENTED_EDGE('',*,*,#5942,.T.);
#8508=ORIENTED_EDGE('',*,*,#5877,.F.);
#8509=ORIENTED_EDGE('',*,*,#5922,.F.);
#8510=ORIENTED_EDGE('',*,*,#5728,.T.);
#8511=ORIENTED_EDGE('',*,*,#5925,.T.);
#8512=ORIENTED_EDGE('',*,*,#5871,.F.);
#8513=ORIENTED_EDGE('',*,*,#5943,.F.);
#8514=ORIENTED_EDGE('',*,*,#5729,.T.);
#8515=ORIENTED_EDGE('',*,*,#5943,.T.);
#8516=ORIENTED_EDGE('',*,*,#5870,.F.);
#8517=ORIENTED_EDGE('',*,*,#5944,.F.);
#8518=ORIENTED_EDGE('',*,*,#5730,.T.);
#8519=ORIENTED_EDGE('',*,*,#5944,.T.);
#8520=ORIENTED_EDGE('',*,*,#5869,.F.);
#8521=ORIENTED_EDGE('',*,*,#5926,.F.);
#8522=ORIENTED_EDGE('',*,*,#5838,.F.);
#8523=ORIENTED_EDGE('',*,*,#5945,.T.);
#8524=ORIENTED_EDGE('',*,*,#5861,.T.);
#8525=ORIENTED_EDGE('',*,*,#5945,.F.);
#8526=ORIENTED_EDGE('',*,*,#5839,.F.);
#8527=ORIENTED_EDGE('',*,*,#5946,.T.);
#8528=ORIENTED_EDGE('',*,*,#5901,.F.);
#8529=ORIENTED_EDGE('',*,*,#5946,.F.);
#8530=ORIENTED_EDGE('',*,*,#5947,.F.);
#8531=ORIENTED_EDGE('',*,*,#5903,.F.);
#8532=ORIENTED_EDGE('',*,*,#5948,.F.);
#8533=ORIENTED_EDGE('',*,*,#5830,.F.);
#8534=ORIENTED_EDGE('',*,*,#5860,.T.);
#8535=ORIENTED_EDGE('',*,*,#5831,.F.);
#8536=ORIENTED_EDGE('',*,*,#5948,.T.);
#8537=ORIENTED_EDGE('',*,*,#5902,.F.);
#8538=ORIENTED_EDGE('',*,*,#5947,.T.);
#8539=ORIENTED_EDGE('',*,*,#5829,.T.);
#8540=ORIENTED_EDGE('',*,*,#5837,.F.);
#8541=ORIENTED_EDGE('',*,*,#5904,.T.);
#8542=ORIENTED_EDGE('',*,*,#5949,.F.);
#8543=ORIENTED_EDGE('',*,*,#5950,.F.);
#8544=ORIENTED_EDGE('',*,*,#5951,.F.);
#8545=ORIENTED_EDGE('',*,*,#5952,.F.);
#8546=ORIENTED_EDGE('',*,*,#5953,.F.);
#8547=ORIENTED_EDGE('',*,*,#5954,.F.);
#8548=ORIENTED_EDGE('',*,*,#5955,.F.);
#8549=ORIENTED_EDGE('',*,*,#5950,.T.);
#8550=ORIENTED_EDGE('',*,*,#5956,.F.);
#8551=ORIENTED_EDGE('',*,*,#5954,.T.);
#8552=ORIENTED_EDGE('',*,*,#5957,.F.);
#8553=ORIENTED_EDGE('',*,*,#5958,.T.);
#8554=ORIENTED_EDGE('',*,*,#5959,.F.);
#8555=ORIENTED_EDGE('',*,*,#5953,.T.);
#8556=ORIENTED_EDGE('',*,*,#5949,.T.);
#8557=ORIENTED_EDGE('',*,*,#5960,.F.);
#8558=ORIENTED_EDGE('',*,*,#5961,.F.);
#8559=ORIENTED_EDGE('',*,*,#5962,.T.);
#8560=ORIENTED_EDGE('',*,*,#5963,.T.);
#8561=ORIENTED_EDGE('',*,*,#5964,.F.);
#8562=ORIENTED_EDGE('',*,*,#5965,.F.);
#8563=ORIENTED_EDGE('',*,*,#5966,.T.);
#8564=ORIENTED_EDGE('',*,*,#5957,.T.);
#8565=ORIENTED_EDGE('',*,*,#5963,.F.);
#8566=ORIENTED_EDGE('',*,*,#5967,.T.);
#8567=ORIENTED_EDGE('',*,*,#5968,.T.);
#8568=ORIENTED_EDGE('',*,*,#5969,.F.);
#8569=ORIENTED_EDGE('',*,*,#5970,.F.);
#8570=ORIENTED_EDGE('',*,*,#5971,.F.);
#8571=ORIENTED_EDGE('',*,*,#5972,.F.);
#8572=ORIENTED_EDGE('',*,*,#5973,.F.);
#8573=ORIENTED_EDGE('',*,*,#5974,.F.);
#8574=ORIENTED_EDGE('',*,*,#5975,.F.);
#8575=ORIENTED_EDGE('',*,*,#5976,.F.);
#8576=ORIENTED_EDGE('',*,*,#5977,.F.);
#8577=ORIENTED_EDGE('',*,*,#5978,.F.);
#8578=ORIENTED_EDGE('',*,*,#5979,.F.);
#8579=ORIENTED_EDGE('',*,*,#5980,.F.);
#8580=ORIENTED_EDGE('',*,*,#5981,.F.);
#8581=ORIENTED_EDGE('',*,*,#5982,.F.);
#8582=ORIENTED_EDGE('',*,*,#5983,.F.);
#8583=ORIENTED_EDGE('',*,*,#5984,.F.);
#8584=ORIENTED_EDGE('',*,*,#5985,.F.);
#8585=ORIENTED_EDGE('',*,*,#5986,.F.);
#8586=ORIENTED_EDGE('',*,*,#5987,.F.);
#8587=ORIENTED_EDGE('',*,*,#5988,.F.);
#8588=ORIENTED_EDGE('',*,*,#5989,.F.);
#8589=ORIENTED_EDGE('',*,*,#5990,.F.);
#8590=ORIENTED_EDGE('',*,*,#5991,.F.);
#8591=ORIENTED_EDGE('',*,*,#5992,.F.);
#8592=ORIENTED_EDGE('',*,*,#5993,.F.);
#8593=ORIENTED_EDGE('',*,*,#5994,.F.);
#8594=ORIENTED_EDGE('',*,*,#5995,.F.);
#8595=ORIENTED_EDGE('',*,*,#5996,.F.);
#8596=ORIENTED_EDGE('',*,*,#5997,.F.);
#8597=ORIENTED_EDGE('',*,*,#5998,.F.);
#8598=ORIENTED_EDGE('',*,*,#5999,.F.);
#8599=ORIENTED_EDGE('',*,*,#6000,.F.);
#8600=ORIENTED_EDGE('',*,*,#6001,.F.);
#8601=ORIENTED_EDGE('',*,*,#6002,.F.);
#8602=ORIENTED_EDGE('',*,*,#6003,.F.);
#8603=ORIENTED_EDGE('',*,*,#6004,.F.);
#8604=ORIENTED_EDGE('',*,*,#6005,.F.);
#8605=ORIENTED_EDGE('',*,*,#6006,.F.);
#8606=ORIENTED_EDGE('',*,*,#6007,.F.);
#8607=ORIENTED_EDGE('',*,*,#6008,.F.);
#8608=ORIENTED_EDGE('',*,*,#6009,.F.);
#8609=ORIENTED_EDGE('',*,*,#6010,.F.);
#8610=ORIENTED_EDGE('',*,*,#6011,.F.);
#8611=ORIENTED_EDGE('',*,*,#6012,.F.);
#8612=ORIENTED_EDGE('',*,*,#6013,.T.);
#8613=ORIENTED_EDGE('',*,*,#5967,.F.);
#8614=ORIENTED_EDGE('',*,*,#5962,.F.);
#8615=ORIENTED_EDGE('',*,*,#6014,.F.);
#8616=ORIENTED_EDGE('',*,*,#6015,.F.);
#8617=ORIENTED_EDGE('',*,*,#6016,.F.);
#8618=ORIENTED_EDGE('',*,*,#6017,.F.);
#8619=ORIENTED_EDGE('',*,*,#6018,.F.);
#8620=ORIENTED_EDGE('',*,*,#6019,.F.);
#8621=ORIENTED_EDGE('',*,*,#6020,.F.);
#8622=ORIENTED_EDGE('',*,*,#6021,.F.);
#8623=ORIENTED_EDGE('',*,*,#6022,.F.);
#8624=ORIENTED_EDGE('',*,*,#6023,.F.);
#8625=ORIENTED_EDGE('',*,*,#6024,.F.);
#8626=ORIENTED_EDGE('',*,*,#6025,.F.);
#8627=ORIENTED_EDGE('',*,*,#6026,.F.);
#8628=ORIENTED_EDGE('',*,*,#6027,.F.);
#8629=ORIENTED_EDGE('',*,*,#6028,.F.);
#8630=ORIENTED_EDGE('',*,*,#6029,.F.);
#8631=ORIENTED_EDGE('',*,*,#6030,.F.);
#8632=ORIENTED_EDGE('',*,*,#6031,.F.);
#8633=ORIENTED_EDGE('',*,*,#6032,.F.);
#8634=ORIENTED_EDGE('',*,*,#6033,.F.);
#8635=ORIENTED_EDGE('',*,*,#6034,.F.);
#8636=ORIENTED_EDGE('',*,*,#6035,.F.);
#8637=ORIENTED_EDGE('',*,*,#6036,.F.);
#8638=ORIENTED_EDGE('',*,*,#6037,.F.);
#8639=ORIENTED_EDGE('',*,*,#6038,.F.);
#8640=ORIENTED_EDGE('',*,*,#6039,.F.);
#8641=ORIENTED_EDGE('',*,*,#6040,.F.);
#8642=ORIENTED_EDGE('',*,*,#6041,.F.);
#8643=ORIENTED_EDGE('',*,*,#5968,.F.);
#8644=ORIENTED_EDGE('',*,*,#6013,.F.);
#8645=ORIENTED_EDGE('',*,*,#6042,.F.);
#8646=ORIENTED_EDGE('',*,*,#6043,.F.);
#8647=ORIENTED_EDGE('',*,*,#5970,.T.);
#8648=ORIENTED_EDGE('',*,*,#6044,.T.);
#8649=ORIENTED_EDGE('',*,*,#6045,.F.);
#8650=ORIENTED_EDGE('',*,*,#6046,.F.);
#8651=ORIENTED_EDGE('',*,*,#6039,.T.);
#8652=ORIENTED_EDGE('',*,*,#6047,.T.);
#8653=ORIENTED_EDGE('',*,*,#6048,.F.);
#8654=ORIENTED_EDGE('',*,*,#6044,.F.);
#8655=ORIENTED_EDGE('',*,*,#6038,.T.);
#8656=ORIENTED_EDGE('',*,*,#6049,.T.);
#8657=ORIENTED_EDGE('',*,*,#6050,.F.);
#8658=ORIENTED_EDGE('',*,*,#6047,.F.);
#8659=ORIENTED_EDGE('',*,*,#6037,.T.);
#8660=ORIENTED_EDGE('',*,*,#6051,.T.);
#8661=ORIENTED_EDGE('',*,*,#6052,.F.);
#8662=ORIENTED_EDGE('',*,*,#6049,.F.);
#8663=ORIENTED_EDGE('',*,*,#6036,.T.);
#8664=ORIENTED_EDGE('',*,*,#6053,.T.);
#8665=ORIENTED_EDGE('',*,*,#6054,.F.);
#8666=ORIENTED_EDGE('',*,*,#6051,.F.);
#8667=ORIENTED_EDGE('',*,*,#6035,.T.);
#8668=ORIENTED_EDGE('',*,*,#6055,.T.);
#8669=ORIENTED_EDGE('',*,*,#6056,.F.);
#8670=ORIENTED_EDGE('',*,*,#6053,.F.);
#8671=ORIENTED_EDGE('',*,*,#6034,.T.);
#8672=ORIENTED_EDGE('',*,*,#6057,.T.);
#8673=ORIENTED_EDGE('',*,*,#6058,.F.);
#8674=ORIENTED_EDGE('',*,*,#6055,.F.);
#8675=ORIENTED_EDGE('',*,*,#6033,.T.);
#8676=ORIENTED_EDGE('',*,*,#6059,.T.);
#8677=ORIENTED_EDGE('',*,*,#6060,.F.);
#8678=ORIENTED_EDGE('',*,*,#6057,.F.);
#8679=ORIENTED_EDGE('',*,*,#6032,.T.);
#8680=ORIENTED_EDGE('',*,*,#6061,.T.);
#8681=ORIENTED_EDGE('',*,*,#6062,.F.);
#8682=ORIENTED_EDGE('',*,*,#6059,.F.);
#8683=ORIENTED_EDGE('',*,*,#6031,.T.);
#8684=ORIENTED_EDGE('',*,*,#6063,.T.);
#8685=ORIENTED_EDGE('',*,*,#6064,.F.);
#8686=ORIENTED_EDGE('',*,*,#6061,.F.);
#8687=ORIENTED_EDGE('',*,*,#6030,.T.);
#8688=ORIENTED_EDGE('',*,*,#6065,.T.);
#8689=ORIENTED_EDGE('',*,*,#6066,.F.);
#8690=ORIENTED_EDGE('',*,*,#6063,.F.);
#8691=ORIENTED_EDGE('',*,*,#6029,.T.);
#8692=ORIENTED_EDGE('',*,*,#6067,.T.);
#8693=ORIENTED_EDGE('',*,*,#6068,.F.);
#8694=ORIENTED_EDGE('',*,*,#6065,.F.);
#8695=ORIENTED_EDGE('',*,*,#6028,.T.);
#8696=ORIENTED_EDGE('',*,*,#6069,.T.);
#8697=ORIENTED_EDGE('',*,*,#6070,.F.);
#8698=ORIENTED_EDGE('',*,*,#6067,.F.);
#8699=ORIENTED_EDGE('',*,*,#6027,.T.);
#8700=ORIENTED_EDGE('',*,*,#6071,.T.);
#8701=ORIENTED_EDGE('',*,*,#6072,.F.);
#8702=ORIENTED_EDGE('',*,*,#6069,.F.);
#8703=ORIENTED_EDGE('',*,*,#6026,.T.);
#8704=ORIENTED_EDGE('',*,*,#6073,.T.);
#8705=ORIENTED_EDGE('',*,*,#6074,.F.);
#8706=ORIENTED_EDGE('',*,*,#6071,.F.);
#8707=ORIENTED_EDGE('',*,*,#6025,.T.);
#8708=ORIENTED_EDGE('',*,*,#6075,.T.);
#8709=ORIENTED_EDGE('',*,*,#6076,.F.);
#8710=ORIENTED_EDGE('',*,*,#6073,.F.);
#8711=ORIENTED_EDGE('',*,*,#6024,.T.);
#8712=ORIENTED_EDGE('',*,*,#6077,.T.);
#8713=ORIENTED_EDGE('',*,*,#6078,.F.);
#8714=ORIENTED_EDGE('',*,*,#6075,.F.);
#8715=ORIENTED_EDGE('',*,*,#6023,.T.);
#8716=ORIENTED_EDGE('',*,*,#6079,.T.);
#8717=ORIENTED_EDGE('',*,*,#6080,.F.);
#8718=ORIENTED_EDGE('',*,*,#6077,.F.);
#8719=ORIENTED_EDGE('',*,*,#6022,.T.);
#8720=ORIENTED_EDGE('',*,*,#6081,.T.);
#8721=ORIENTED_EDGE('',*,*,#6082,.F.);
#8722=ORIENTED_EDGE('',*,*,#6079,.F.);
#8723=ORIENTED_EDGE('',*,*,#6021,.T.);
#8724=ORIENTED_EDGE('',*,*,#6083,.T.);
#8725=ORIENTED_EDGE('',*,*,#6084,.F.);
#8726=ORIENTED_EDGE('',*,*,#6081,.F.);
#8727=ORIENTED_EDGE('',*,*,#6020,.T.);
#8728=ORIENTED_EDGE('',*,*,#6085,.T.);
#8729=ORIENTED_EDGE('',*,*,#6086,.F.);
#8730=ORIENTED_EDGE('',*,*,#6083,.F.);
#8731=ORIENTED_EDGE('',*,*,#6019,.T.);
#8732=ORIENTED_EDGE('',*,*,#6087,.T.);
#8733=ORIENTED_EDGE('',*,*,#6088,.F.);
#8734=ORIENTED_EDGE('',*,*,#6085,.F.);
#8735=ORIENTED_EDGE('',*,*,#6018,.T.);
#8736=ORIENTED_EDGE('',*,*,#6089,.T.);
#8737=ORIENTED_EDGE('',*,*,#6090,.F.);
#8738=ORIENTED_EDGE('',*,*,#6087,.F.);
#8739=ORIENTED_EDGE('',*,*,#6017,.T.);
#8740=ORIENTED_EDGE('',*,*,#6091,.T.);
#8741=ORIENTED_EDGE('',*,*,#6092,.F.);
#8742=ORIENTED_EDGE('',*,*,#6089,.F.);
#8743=ORIENTED_EDGE('',*,*,#6016,.T.);
#8744=ORIENTED_EDGE('',*,*,#6093,.T.);
#8745=ORIENTED_EDGE('',*,*,#6094,.F.);
#8746=ORIENTED_EDGE('',*,*,#6091,.F.);
#8747=ORIENTED_EDGE('',*,*,#6015,.T.);
#8748=ORIENTED_EDGE('',*,*,#6095,.T.);
#8749=ORIENTED_EDGE('',*,*,#6096,.F.);
#8750=ORIENTED_EDGE('',*,*,#6093,.F.);
#8751=ORIENTED_EDGE('',*,*,#6014,.T.);
#8752=ORIENTED_EDGE('',*,*,#5961,.T.);
#8753=ORIENTED_EDGE('',*,*,#6097,.F.);
#8754=ORIENTED_EDGE('',*,*,#6095,.F.);
#8755=ORIENTED_EDGE('',*,*,#5969,.T.);
#8756=ORIENTED_EDGE('',*,*,#6041,.T.);
#8757=ORIENTED_EDGE('',*,*,#6098,.T.);
#8758=ORIENTED_EDGE('',*,*,#6099,.T.);
#8759=ORIENTED_EDGE('',*,*,#6100,.T.);
#8760=ORIENTED_EDGE('',*,*,#5964,.T.);
#8761=ORIENTED_EDGE('',*,*,#6101,.T.);
#8762=ORIENTED_EDGE('',*,*,#6102,.T.);
#8763=ORIENTED_EDGE('',*,*,#6043,.T.);
#8764=ORIENTED_EDGE('',*,*,#6103,.T.);
#8765=ORIENTED_EDGE('',*,*,#6104,.F.);
#8766=ORIENTED_EDGE('',*,*,#6105,.F.);
#8767=ORIENTED_EDGE('',*,*,#6042,.T.);
#8768=ORIENTED_EDGE('',*,*,#6012,.T.);
#8769=ORIENTED_EDGE('',*,*,#6106,.T.);
#8770=ORIENTED_EDGE('',*,*,#6107,.T.);
#8771=ORIENTED_EDGE('',*,*,#6108,.F.);
#8772=ORIENTED_EDGE('',*,*,#6103,.F.);
#8773=ORIENTED_EDGE('',*,*,#6011,.T.);
#8774=ORIENTED_EDGE('',*,*,#6109,.T.);
#8775=ORIENTED_EDGE('',*,*,#6110,.F.);
#8776=ORIENTED_EDGE('',*,*,#6111,.F.);
#8777=ORIENTED_EDGE('',*,*,#6112,.F.);
#8778=ORIENTED_EDGE('',*,*,#6106,.F.);
#8779=ORIENTED_EDGE('',*,*,#6010,.T.);
#8780=ORIENTED_EDGE('',*,*,#6113,.T.);
#8781=ORIENTED_EDGE('',*,*,#6114,.F.);
#8782=ORIENTED_EDGE('',*,*,#6109,.F.);
#8783=ORIENTED_EDGE('',*,*,#6009,.T.);
#8784=ORIENTED_EDGE('',*,*,#6115,.T.);
#8785=ORIENTED_EDGE('',*,*,#6116,.F.);
#8786=ORIENTED_EDGE('',*,*,#6113,.F.);
#8787=ORIENTED_EDGE('',*,*,#6008,.T.);
#8788=ORIENTED_EDGE('',*,*,#6117,.T.);
#8789=ORIENTED_EDGE('',*,*,#6118,.F.);
#8790=ORIENTED_EDGE('',*,*,#6115,.F.);
#8791=ORIENTED_EDGE('',*,*,#5952,.T.);
#8792=ORIENTED_EDGE('',*,*,#6119,.T.);
#8793=ORIENTED_EDGE('',*,*,#6120,.T.);
#8794=ORIENTED_EDGE('',*,*,#6110,.T.);
#8795=ORIENTED_EDGE('',*,*,#6114,.T.);
#8796=ORIENTED_EDGE('',*,*,#6116,.T.);
#8797=ORIENTED_EDGE('',*,*,#6118,.T.);
#8798=ORIENTED_EDGE('',*,*,#6121,.T.);
#8799=ORIENTED_EDGE('',*,*,#6122,.T.);
#8800=ORIENTED_EDGE('',*,*,#6123,.T.);
#8801=ORIENTED_EDGE('',*,*,#6124,.T.);
#8802=ORIENTED_EDGE('',*,*,#6125,.T.);
#8803=ORIENTED_EDGE('',*,*,#6126,.T.);
#8804=ORIENTED_EDGE('',*,*,#6127,.T.);
#8805=ORIENTED_EDGE('',*,*,#6128,.T.);
#8806=ORIENTED_EDGE('',*,*,#6129,.T.);
#8807=ORIENTED_EDGE('',*,*,#6130,.T.);
#8808=ORIENTED_EDGE('',*,*,#6131,.T.);
#8809=ORIENTED_EDGE('',*,*,#6132,.T.);
#8810=ORIENTED_EDGE('',*,*,#6133,.T.);
#8811=ORIENTED_EDGE('',*,*,#6134,.T.);
#8812=ORIENTED_EDGE('',*,*,#6135,.T.);
#8813=ORIENTED_EDGE('',*,*,#6136,.T.);
#8814=ORIENTED_EDGE('',*,*,#6137,.T.);
#8815=ORIENTED_EDGE('',*,*,#6138,.T.);
#8816=ORIENTED_EDGE('',*,*,#6139,.T.);
#8817=ORIENTED_EDGE('',*,*,#6140,.T.);
#8818=ORIENTED_EDGE('',*,*,#6141,.T.);
#8819=ORIENTED_EDGE('',*,*,#6142,.T.);
#8820=ORIENTED_EDGE('',*,*,#6143,.T.);
#8821=ORIENTED_EDGE('',*,*,#6144,.T.);
#8822=ORIENTED_EDGE('',*,*,#6145,.T.);
#8823=ORIENTED_EDGE('',*,*,#6146,.T.);
#8824=ORIENTED_EDGE('',*,*,#6147,.T.);
#8825=ORIENTED_EDGE('',*,*,#6148,.T.);
#8826=ORIENTED_EDGE('',*,*,#6149,.T.);
#8827=ORIENTED_EDGE('',*,*,#6150,.T.);
#8828=ORIENTED_EDGE('',*,*,#6151,.T.);
#8829=ORIENTED_EDGE('',*,*,#6152,.T.);
#8830=ORIENTED_EDGE('',*,*,#6153,.T.);
#8831=ORIENTED_EDGE('',*,*,#6154,.T.);
#8832=ORIENTED_EDGE('',*,*,#6155,.T.);
#8833=ORIENTED_EDGE('',*,*,#6156,.T.);
#8834=ORIENTED_EDGE('',*,*,#6157,.T.);
#8835=ORIENTED_EDGE('',*,*,#6045,.T.);
#8836=ORIENTED_EDGE('',*,*,#6048,.T.);
#8837=ORIENTED_EDGE('',*,*,#6050,.T.);
#8838=ORIENTED_EDGE('',*,*,#6052,.T.);
#8839=ORIENTED_EDGE('',*,*,#6054,.T.);
#8840=ORIENTED_EDGE('',*,*,#6056,.T.);
#8841=ORIENTED_EDGE('',*,*,#6058,.T.);
#8842=ORIENTED_EDGE('',*,*,#6060,.T.);
#8843=ORIENTED_EDGE('',*,*,#6062,.T.);
#8844=ORIENTED_EDGE('',*,*,#6064,.T.);
#8845=ORIENTED_EDGE('',*,*,#6066,.T.);
#8846=ORIENTED_EDGE('',*,*,#6068,.T.);
#8847=ORIENTED_EDGE('',*,*,#6070,.T.);
#8848=ORIENTED_EDGE('',*,*,#6072,.T.);
#8849=ORIENTED_EDGE('',*,*,#6074,.T.);
#8850=ORIENTED_EDGE('',*,*,#6076,.T.);
#8851=ORIENTED_EDGE('',*,*,#6078,.T.);
#8852=ORIENTED_EDGE('',*,*,#6080,.T.);
#8853=ORIENTED_EDGE('',*,*,#6082,.T.);
#8854=ORIENTED_EDGE('',*,*,#6084,.T.);
#8855=ORIENTED_EDGE('',*,*,#6086,.T.);
#8856=ORIENTED_EDGE('',*,*,#6088,.T.);
#8857=ORIENTED_EDGE('',*,*,#6090,.T.);
#8858=ORIENTED_EDGE('',*,*,#6092,.T.);
#8859=ORIENTED_EDGE('',*,*,#6094,.T.);
#8860=ORIENTED_EDGE('',*,*,#6096,.T.);
#8861=ORIENTED_EDGE('',*,*,#6097,.T.);
#8862=ORIENTED_EDGE('',*,*,#5960,.T.);
#8863=ORIENTED_EDGE('',*,*,#6158,.T.);
#8864=ORIENTED_EDGE('',*,*,#6112,.T.);
#8865=ORIENTED_EDGE('',*,*,#6159,.F.);
#8866=ORIENTED_EDGE('',*,*,#6160,.F.);
#8867=ORIENTED_EDGE('',*,*,#6107,.F.);
#8868=ORIENTED_EDGE('',*,*,#6111,.T.);
#8869=ORIENTED_EDGE('',*,*,#6120,.F.);
#8870=ORIENTED_EDGE('',*,*,#6161,.F.);
#8871=ORIENTED_EDGE('',*,*,#6159,.T.);
#8872=ORIENTED_EDGE('',*,*,#6040,.T.);
#8873=ORIENTED_EDGE('',*,*,#6105,.T.);
#8874=ORIENTED_EDGE('',*,*,#6162,.T.);
#8875=ORIENTED_EDGE('',*,*,#6098,.F.);
#8876=ORIENTED_EDGE('',*,*,#5971,.T.);
#8877=ORIENTED_EDGE('',*,*,#6046,.T.);
#8878=ORIENTED_EDGE('',*,*,#6157,.F.);
#8879=ORIENTED_EDGE('',*,*,#6163,.F.);
#8880=ORIENTED_EDGE('',*,*,#5975,.T.);
#8881=ORIENTED_EDGE('',*,*,#6164,.T.);
#8882=ORIENTED_EDGE('',*,*,#6153,.F.);
#8883=ORIENTED_EDGE('',*,*,#6165,.F.);
#8884=ORIENTED_EDGE('',*,*,#5972,.T.);
#8885=ORIENTED_EDGE('',*,*,#6163,.T.);
#8886=ORIENTED_EDGE('',*,*,#6156,.F.);
#8887=ORIENTED_EDGE('',*,*,#6166,.F.);
#8888=ORIENTED_EDGE('',*,*,#5973,.T.);
#8889=ORIENTED_EDGE('',*,*,#6166,.T.);
#8890=ORIENTED_EDGE('',*,*,#6155,.F.);
#8891=ORIENTED_EDGE('',*,*,#6167,.F.);
#8892=ORIENTED_EDGE('',*,*,#5974,.T.);
#8893=ORIENTED_EDGE('',*,*,#6167,.T.);
#8894=ORIENTED_EDGE('',*,*,#6154,.F.);
#8895=ORIENTED_EDGE('',*,*,#6164,.F.);
#8896=ORIENTED_EDGE('',*,*,#5979,.T.);
#8897=ORIENTED_EDGE('',*,*,#6168,.T.);
#8898=ORIENTED_EDGE('',*,*,#6149,.F.);
#8899=ORIENTED_EDGE('',*,*,#6169,.F.);
#8900=ORIENTED_EDGE('',*,*,#5983,.T.);
#8901=ORIENTED_EDGE('',*,*,#6170,.T.);
#8902=ORIENTED_EDGE('',*,*,#6145,.F.);
#8903=ORIENTED_EDGE('',*,*,#6171,.F.);
#8904=ORIENTED_EDGE('',*,*,#5987,.T.);
#8905=ORIENTED_EDGE('',*,*,#6172,.T.);
#8906=ORIENTED_EDGE('',*,*,#6141,.F.);
#8907=ORIENTED_EDGE('',*,*,#6173,.F.);
#8908=ORIENTED_EDGE('',*,*,#5991,.T.);
#8909=ORIENTED_EDGE('',*,*,#6174,.T.);
#8910=ORIENTED_EDGE('',*,*,#6137,.F.);
#8911=ORIENTED_EDGE('',*,*,#6175,.F.);
#8912=ORIENTED_EDGE('',*,*,#5995,.T.);
#8913=ORIENTED_EDGE('',*,*,#6176,.T.);
#8914=ORIENTED_EDGE('',*,*,#6133,.F.);
#8915=ORIENTED_EDGE('',*,*,#6177,.F.);
#8916=ORIENTED_EDGE('',*,*,#5999,.T.);
#8917=ORIENTED_EDGE('',*,*,#6178,.T.);
#8918=ORIENTED_EDGE('',*,*,#6129,.F.);
#8919=ORIENTED_EDGE('',*,*,#6179,.F.);
#8920=ORIENTED_EDGE('',*,*,#6003,.T.);
#8921=ORIENTED_EDGE('',*,*,#6180,.T.);
#8922=ORIENTED_EDGE('',*,*,#6125,.F.);
#8923=ORIENTED_EDGE('',*,*,#6181,.F.);
#8924=ORIENTED_EDGE('',*,*,#6007,.T.);
#8925=ORIENTED_EDGE('',*,*,#6182,.T.);
#8926=ORIENTED_EDGE('',*,*,#6121,.F.);
#8927=ORIENTED_EDGE('',*,*,#6117,.F.);
#8928=ORIENTED_EDGE('',*,*,#6004,.T.);
#8929=ORIENTED_EDGE('',*,*,#6181,.T.);
#8930=ORIENTED_EDGE('',*,*,#6124,.F.);
#8931=ORIENTED_EDGE('',*,*,#6183,.F.);
#8932=ORIENTED_EDGE('',*,*,#6005,.T.);
#8933=ORIENTED_EDGE('',*,*,#6183,.T.);
#8934=ORIENTED_EDGE('',*,*,#6123,.F.);
#8935=ORIENTED_EDGE('',*,*,#6184,.F.);
#8936=ORIENTED_EDGE('',*,*,#6006,.T.);
#8937=ORIENTED_EDGE('',*,*,#6184,.T.);
#8938=ORIENTED_EDGE('',*,*,#6122,.F.);
#8939=ORIENTED_EDGE('',*,*,#6182,.F.);
#8940=ORIENTED_EDGE('',*,*,#5996,.T.);
#8941=ORIENTED_EDGE('',*,*,#6177,.T.);
#8942=ORIENTED_EDGE('',*,*,#6132,.F.);
#8943=ORIENTED_EDGE('',*,*,#6185,.F.);
#8944=ORIENTED_EDGE('',*,*,#5997,.T.);
#8945=ORIENTED_EDGE('',*,*,#6185,.T.);
#8946=ORIENTED_EDGE('',*,*,#6131,.F.);
#8947=ORIENTED_EDGE('',*,*,#6186,.F.);
#8948=ORIENTED_EDGE('',*,*,#5998,.T.);
#8949=ORIENTED_EDGE('',*,*,#6186,.T.);
#8950=ORIENTED_EDGE('',*,*,#6130,.F.);
#8951=ORIENTED_EDGE('',*,*,#6178,.F.);
#8952=ORIENTED_EDGE('',*,*,#5988,.T.);
#8953=ORIENTED_EDGE('',*,*,#6173,.T.);
#8954=ORIENTED_EDGE('',*,*,#6140,.F.);
#8955=ORIENTED_EDGE('',*,*,#6187,.F.);
#8956=ORIENTED_EDGE('',*,*,#5989,.T.);
#8957=ORIENTED_EDGE('',*,*,#6187,.T.);
#8958=ORIENTED_EDGE('',*,*,#6139,.F.);
#8959=ORIENTED_EDGE('',*,*,#6188,.F.);
#8960=ORIENTED_EDGE('',*,*,#5990,.T.);
#8961=ORIENTED_EDGE('',*,*,#6188,.T.);
#8962=ORIENTED_EDGE('',*,*,#6138,.F.);
#8963=ORIENTED_EDGE('',*,*,#6174,.F.);
#8964=ORIENTED_EDGE('',*,*,#5980,.T.);
#8965=ORIENTED_EDGE('',*,*,#6169,.T.);
#8966=ORIENTED_EDGE('',*,*,#6148,.F.);
#8967=ORIENTED_EDGE('',*,*,#6189,.F.);
#8968=ORIENTED_EDGE('',*,*,#5981,.T.);
#8969=ORIENTED_EDGE('',*,*,#6189,.T.);
#8970=ORIENTED_EDGE('',*,*,#6147,.F.);
#8971=ORIENTED_EDGE('',*,*,#6190,.F.);
#8972=ORIENTED_EDGE('',*,*,#5982,.T.);
#8973=ORIENTED_EDGE('',*,*,#6190,.T.);
#8974=ORIENTED_EDGE('',*,*,#6146,.F.);
#8975=ORIENTED_EDGE('',*,*,#6170,.F.);
#8976=ORIENTED_EDGE('',*,*,#5976,.T.);
#8977=ORIENTED_EDGE('',*,*,#6165,.T.);
#8978=ORIENTED_EDGE('',*,*,#6152,.F.);
#8979=ORIENTED_EDGE('',*,*,#6191,.F.);
#8980=ORIENTED_EDGE('',*,*,#5977,.T.);
#8981=ORIENTED_EDGE('',*,*,#6191,.T.);
#8982=ORIENTED_EDGE('',*,*,#6151,.F.);
#8983=ORIENTED_EDGE('',*,*,#6192,.F.);
#8984=ORIENTED_EDGE('',*,*,#5978,.T.);
#8985=ORIENTED_EDGE('',*,*,#6192,.T.);
#8986=ORIENTED_EDGE('',*,*,#6150,.F.);
#8987=ORIENTED_EDGE('',*,*,#6168,.F.);
#8988=ORIENTED_EDGE('',*,*,#5984,.T.);
#8989=ORIENTED_EDGE('',*,*,#6171,.T.);
#8990=ORIENTED_EDGE('',*,*,#6144,.F.);
#8991=ORIENTED_EDGE('',*,*,#6193,.F.);
#8992=ORIENTED_EDGE('',*,*,#5985,.T.);
#8993=ORIENTED_EDGE('',*,*,#6193,.T.);
#8994=ORIENTED_EDGE('',*,*,#6143,.F.);
#8995=ORIENTED_EDGE('',*,*,#6194,.F.);
#8996=ORIENTED_EDGE('',*,*,#5986,.T.);
#8997=ORIENTED_EDGE('',*,*,#6194,.T.);
#8998=ORIENTED_EDGE('',*,*,#6142,.F.);
#8999=ORIENTED_EDGE('',*,*,#6172,.F.);
#9000=ORIENTED_EDGE('',*,*,#5992,.T.);
#9001=ORIENTED_EDGE('',*,*,#6175,.T.);
#9002=ORIENTED_EDGE('',*,*,#6136,.F.);
#9003=ORIENTED_EDGE('',*,*,#6195,.F.);
#9004=ORIENTED_EDGE('',*,*,#5993,.T.);
#9005=ORIENTED_EDGE('',*,*,#6195,.T.);
#9006=ORIENTED_EDGE('',*,*,#6135,.F.);
#9007=ORIENTED_EDGE('',*,*,#6196,.F.);
#9008=ORIENTED_EDGE('',*,*,#5994,.T.);
#9009=ORIENTED_EDGE('',*,*,#6196,.T.);
#9010=ORIENTED_EDGE('',*,*,#6134,.F.);
#9011=ORIENTED_EDGE('',*,*,#6176,.F.);
#9012=ORIENTED_EDGE('',*,*,#6000,.T.);
#9013=ORIENTED_EDGE('',*,*,#6179,.T.);
#9014=ORIENTED_EDGE('',*,*,#6128,.F.);
#9015=ORIENTED_EDGE('',*,*,#6197,.F.);
#9016=ORIENTED_EDGE('',*,*,#6001,.T.);
#9017=ORIENTED_EDGE('',*,*,#6197,.T.);
#9018=ORIENTED_EDGE('',*,*,#6127,.F.);
#9019=ORIENTED_EDGE('',*,*,#6198,.F.);
#9020=ORIENTED_EDGE('',*,*,#6002,.T.);
#9021=ORIENTED_EDGE('',*,*,#6198,.T.);
#9022=ORIENTED_EDGE('',*,*,#6126,.F.);
#9023=ORIENTED_EDGE('',*,*,#6180,.F.);
#9024=ORIENTED_EDGE('',*,*,#6101,.F.);
#9025=ORIENTED_EDGE('',*,*,#6199,.T.);
#9026=ORIENTED_EDGE('',*,*,#5956,.T.);
#9027=ORIENTED_EDGE('',*,*,#6199,.F.);
#9028=ORIENTED_EDGE('',*,*,#6102,.F.);
#9029=ORIENTED_EDGE('',*,*,#6200,.T.);
#9030=ORIENTED_EDGE('',*,*,#6158,.F.);
#9031=ORIENTED_EDGE('',*,*,#6200,.F.);
#9032=ORIENTED_EDGE('',*,*,#6201,.F.);
#9033=ORIENTED_EDGE('',*,*,#6202,.F.);
#9034=ORIENTED_EDGE('',*,*,#5958,.F.);
#9035=ORIENTED_EDGE('',*,*,#5966,.F.);
#9036=ORIENTED_EDGE('',*,*,#5955,.T.);
#9037=ORIENTED_EDGE('',*,*,#5959,.T.);
#9038=ORIENTED_EDGE('',*,*,#6202,.T.);
#9039=ORIENTED_EDGE('',*,*,#6203,.T.);
#9040=ORIENTED_EDGE('',*,*,#6099,.F.);
#9041=ORIENTED_EDGE('',*,*,#6162,.F.);
#9042=ORIENTED_EDGE('',*,*,#6104,.T.);
#9043=ORIENTED_EDGE('',*,*,#6108,.T.);
#9044=ORIENTED_EDGE('',*,*,#6160,.T.);
#9045=ORIENTED_EDGE('',*,*,#6161,.T.);
#9046=ORIENTED_EDGE('',*,*,#6119,.F.);
#9047=ORIENTED_EDGE('',*,*,#5951,.T.);
#9048=ORIENTED_EDGE('',*,*,#6201,.T.);
#9049=ORIENTED_EDGE('',*,*,#5965,.T.);
#9050=ORIENTED_EDGE('',*,*,#6100,.F.);
#9051=ORIENTED_EDGE('',*,*,#6203,.F.);
#9052=PLANE('',#9927);
#9053=PLANE('',#9928);
#9054=PLANE('',#9929);
#9055=PLANE('',#9930);
#9056=PLANE('',#9942);
#9057=PLANE('',#9950);
#9058=PLANE('',#9951);
#9059=PLANE('',#9952);
#9060=PLANE('',#9960);
#9061=PLANE('',#9961);
#9062=PLANE('',#9963);
#9063=PLANE('',#9964);
#9064=PLANE('',#9965);
#9065=PLANE('',#9968);
#9066=PLANE('',#9969);
#9067=PLANE('',#9974);
#9068=PLANE('',#9975);
#9069=PLANE('',#9976);
#9070=PLANE('',#9978);
#9071=PLANE('',#9979);
#9072=PLANE('',#9980);
#9073=PLANE('',#9983);
#9074=PLANE('',#9984);
#9075=PLANE('',#9986);
#9076=PLANE('',#9991);
#9077=PLANE('',#9992);
#9078=PLANE('',#9993);
#9079=PLANE('',#10000);
#9080=PLANE('',#10002);
#9081=PLANE('',#10006);
#9082=PLANE('',#10012);
#9083=PLANE('',#10013);
#9084=PLANE('',#10019);
#9085=PLANE('',#10022);
#9086=PLANE('',#10027);
#9087=PLANE('',#10028);
#9088=PLANE('',#10029);
#9089=PLANE('',#10030);
#9090=PLANE('',#10031);
#9091=PLANE('',#10034);
#9092=PLANE('',#10038);
#9093=PLANE('',#10039);
#9094=PLANE('',#10040);
#9095=PLANE('',#10042);
#9096=PLANE('',#10046);
#9097=PLANE('',#10047);
#9098=PLANE('',#10049);
#9099=PLANE('',#10052);
#9100=PLANE('',#10053);
#9101=PLANE('',#10054);
#9102=PLANE('',#10055);
#9103=PLANE('',#10059);
#9104=PLANE('',#10060);
#9105=PLANE('',#10062);
#9106=PLANE('',#10063);
#9107=PLANE('',#10064);
#9108=PLANE('',#10069);
#9109=PLANE('',#10071);
#9110=PLANE('',#10072);
#9111=PLANE('',#10079);
#9112=PLANE('',#10083);
#9113=PLANE('',#10084);
#9114=PLANE('',#10088);
#9115=PLANE('',#10090);
#9116=PLANE('',#10092);
#9117=PLANE('',#10093);
#9118=PLANE('',#10098);
#9119=PLANE('',#10100);
#9120=PLANE('',#10101);
#9121=PLANE('',#10103);
#9122=PLANE('',#10105);
#9123=PLANE('',#10108);
#9124=PLANE('',#10109);
#9125=PLANE('',#10113);
#9126=PLANE('',#10115);
#9127=PLANE('',#10117);
#9128=PLANE('',#10118);
#9129=PLANE('',#10120);
#9130=PLANE('',#10121);
#9131=PLANE('',#10131);
#9132=PLANE('',#10142);
#9133=PLANE('',#10143);
#9134=PLANE('',#10144);
#9135=PLANE('',#10145);
#9136=PLANE('',#10146);
#9137=PLANE('',#10147);
#9138=PLANE('',#10148);
#9139=PLANE('',#10149);
#9140=PLANE('',#10150);
#9141=PLANE('',#10151);
#9142=PLANE('',#10152);
#9143=PLANE('',#10153);
#9144=PLANE('',#10154);
#9145=PLANE('',#10155);
#9146=PLANE('',#10156);
#9147=PLANE('',#10157);
#9148=PLANE('',#10158);
#9149=PLANE('',#10159);
#9150=PLANE('',#10160);
#9151=PLANE('',#10161);
#9152=PLANE('',#10162);
#9153=PLANE('',#10163);
#9154=PLANE('',#10164);
#9155=PLANE('',#10165);
#9156=PLANE('',#10166);
#9157=PLANE('',#10167);
#9158=PLANE('',#10168);
#9159=PLANE('',#10169);
#9160=PLANE('',#10172);
#9161=PLANE('',#10174);
#9162=PLANE('',#10175);
#9163=PLANE('',#10176);
#9164=PLANE('',#10177);
#9165=PLANE('',#10178);
#9166=PLANE('',#10179);
#9167=PLANE('',#10180);
#9168=PLANE('',#10181);
#9169=PLANE('',#10182);
#9170=PLANE('',#10183);
#9171=PLANE('',#10184);
#9172=PLANE('',#10185);
#9173=PLANE('',#10192);
#9174=PLANE('',#10198);
#9175=PLANE('',#10199);
#9176=PLANE('',#10200);
#9177=PLANE('',#10201);
#9178=PLANE('',#10202);
#9179=PLANE('',#10203);
#9180=PLANE('',#10204);
#9181=PLANE('',#10216);
#9182=PLANE('',#10218);
#9183=PLANE('',#10219);
#9184=PLANE('',#10220);
#9185=PLANE('',#10221);
#9186=PLANE('',#10222);
#9187=PLANE('',#10223);
#9188=PLANE('',#10224);
#9189=PLANE('',#10237);
#9190=PLANE('',#10238);
#9191=PLANE('',#10239);
#9192=PLANE('',#10240);
#9193=PLANE('',#10241);
#9194=PLANE('',#10242);
#9195=PLANE('',#10243);
#9196=PLANE('',#10244);
#9197=PLANE('',#10245);
#9198=PLANE('',#10248);
#9199=PLANE('',#10252);
#9200=PLANE('',#10255);
#9201=PLANE('',#10258);
#9202=PLANE('',#10274);
#9203=PLANE('',#10276);
#9204=PLANE('',#10278);
#9205=PLANE('',#10280);
#9206=PLANE('',#10291);
#9207=PLANE('',#10292);
#9208=PLANE('',#10293);
#9209=PLANE('',#10294);
#9210=PLANE('',#10295);
#9211=PLANE('',#10296);
#9212=PLANE('',#10298);
#9213=PLANE('',#10299);
#9214=PLANE('',#10300);
#9215=PLANE('',#10302);
#9216=PLANE('',#10303);
#9217=PLANE('',#10304);
#9218=PLANE('',#10305);
#9219=PLANE('',#10306);
#9220=PLANE('',#10307);
#9221=PLANE('',#10308);
#9222=PLANE('',#10309);
#9223=PLANE('',#10310);
#9224=PLANE('',#10311);
#9225=PLANE('',#10312);
#9226=PLANE('',#10313);
#9227=PLANE('',#10314);
#9228=PLANE('',#10317);
#9229=PLANE('',#10320);
#9230=PLANE('',#10321);
#9231=PLANE('',#10322);
#9232=PLANE('',#10323);
#9233=PLANE('',#10328);
#9234=PLANE('',#10329);
#9235=PLANE('',#10330);
#9236=PLANE('',#10333);
#9237=PLANE('',#10344);
#9238=PLANE('',#10355);
#9239=PLANE('',#10356);
#9240=PLANE('',#10357);
#9241=PLANE('',#10359);
#9242=PLANE('',#10361);
#9243=PLANE('',#10363);
#9244=PLANE('',#10365);
#9245=PLANE('',#10367);
#9246=PLANE('',#10369);
#9247=PLANE('',#10371);
#9248=PLANE('',#10373);
#9249=PLANE('',#10375);
#9250=PLANE('',#10377);
#9251=PLANE('',#10379);
#9252=PLANE('',#10381);
#9253=PLANE('',#10383);
#9254=PLANE('',#10386);
#9255=PLANE('',#10388);
#9256=PLANE('',#10389);
#9257=PLANE('',#10391);
#9258=PLANE('',#10393);
#9259=PLANE('',#10395);
#9260=PLANE('',#10397);
#9261=PLANE('',#10398);
#9262=PLANE('',#10399);
#9263=PLANE('',#10400);
#9264=PLANE('',#10401);
#9265=PLANE('',#10403);
#9266=PLANE('',#10405);
#9267=PLANE('',#10406);
#9268=PLANE('',#10407);
#9269=PLANE('',#10408);
#9270=PLANE('',#10409);
#9271=PLANE('',#10410);
#9272=PLANE('',#10411);
#9273=PLANE('',#10412);
#9274=PLANE('',#10413);
#9275=PLANE('',#10414);
#9276=PLANE('',#10415);
#9277=PLANE('',#10416);
#9278=PLANE('',#10417);
#9279=PLANE('',#10418);
#9280=PLANE('',#10419);
#9281=PLANE('',#10420);
#9282=PLANE('',#10421);
#9283=PLANE('',#10422);
#9284=PLANE('',#10423);
#9285=PLANE('',#10424);
#9286=PLANE('',#10425);
#9287=PLANE('',#10426);
#9288=PLANE('',#10427);
#9289=PLANE('',#10428);
#9290=PLANE('',#10429);
#9291=PLANE('',#10430);
#9292=PLANE('',#10431);
#9293=PLANE('',#10432);
#9294=PLANE('',#10433);
#9295=PLANE('',#10434);
#9296=PLANE('',#10435);
#9297=PLANE('',#10436);
#9298=PLANE('',#10439);
#9299=PLANE('',#10440);
#9300=PLANE('',#10441);
#9301=PLANE('',#10442);
#9302=PLANE('',#10443);
#9303=PLANE('',#10444);
#9304=PLANE('',#10445);
#9305=PLANE('',#10446);
#9306=PLANE('',#10448);
#9307=PLANE('',#10450);
#9308=PLANE('',#10451);
#9309=PLANE('',#10452);
#9310=PLANE('',#10453);
#9311=PLANE('',#10454);
#9312=PLANE('',#10455);
#9313=PLANE('',#10456);
#9314=PLANE('',#10457);
#9315=PLANE('',#10458);
#9316=PLANE('',#10459);
#9317=PLANE('',#10460);
#9318=PLANE('',#10461);
#9319=PLANE('',#10462);
#9320=PLANE('',#10463);
#9321=PLANE('',#10464);
#9322=PLANE('',#10465);
#9323=PLANE('',#10466);
#9324=PLANE('',#10467);
#9325=PLANE('',#10468);
#9326=PLANE('',#10469);
#9327=PLANE('',#10470);
#9328=PLANE('',#10471);
#9329=PLANE('',#10472);
#9330=PLANE('',#10473);
#9331=PLANE('',#10474);
#9332=PLANE('',#10475);
#9333=PLANE('',#10476);
#9334=PLANE('',#10477);
#9335=PLANE('',#10478);
#9336=PLANE('',#10479);
#9337=PLANE('',#10480);
#9338=PLANE('',#10481);
#9339=PLANE('',#10482);
#9340=PLANE('',#10483);
#9341=PLANE('',#10484);
#9342=PLANE('',#10485);
#9343=PLANE('',#10486);
#9344=PLANE('',#10487);
#9345=PLANE('',#10488);
#9346=PLANE('',#10489);
#9347=PLANE('',#10490);
#9348=PLANE('',#10493);
#9349=PLANE('',#10494);
#9350=PLANE('',#10495);
#9351=PLANE('',#10496);
#9352=PLANE('',#10497);
#9353=PLANE('',#10499);
#9354=PLANE('',#10500);
#9355=PLANE('',#10501);
#9356=PLANE('',#10502);
#9357=PLANE('',#10503);
#9358=PLANE('',#10504);
#9359=PLANE('',#10505);
#9360=PLANE('',#10506);
#9361=PLANE('',#10507);
#9362=PLANE('',#10508);
#9363=PLANE('',#10509);
#9364=PLANE('',#10510);
#9365=PLANE('',#10511);
#9366=PLANE('',#10512);
#9367=PLANE('',#10513);
#9368=PLANE('',#10514);
#9369=PLANE('',#10515);
#9370=PLANE('',#10516);
#9371=PLANE('',#10517);
#9372=PLANE('',#10518);
#9373=PLANE('',#10519);
#9374=PLANE('',#10520);
#9375=PLANE('',#10521);
#9376=PLANE('',#10522);
#9377=PLANE('',#10523);
#9378=PLANE('',#10524);
#9379=PLANE('',#10525);
#9380=PLANE('',#10526);
#9381=PLANE('',#10527);
#9382=PLANE('',#10528);
#9383=PLANE('',#10529);
#9384=PLANE('',#10530);
#9385=PLANE('',#10531);
#9386=PLANE('',#10534);
#9387=PLANE('',#10535);
#9388=PLANE('',#10536);
#9389=PLANE('',#10537);
#9390=PLANE('',#10538);
#9391=PLANE('',#10539);
#9392=PLANE('',#10540);
#9393=PLANE('',#10542);
#9394=PLANE('',#10543);
#9395=PLANE('',#10544);
#9396=PLANE('',#10545);
#9397=PLANE('',#10546);
#9398=PLANE('',#10547);
#9399=PLANE('',#10548);
#9400=PLANE('',#10549);
#9401=PLANE('',#10550);
#9402=PLANE('',#10551);
#9403=PLANE('',#10552);
#9404=PLANE('',#10553);
#9405=PLANE('',#10554);
#9406=PLANE('',#10555);
#9407=PLANE('',#10556);
#9408=PLANE('',#10557);
#9409=PLANE('',#10558);
#9410=PLANE('',#10559);
#9411=PLANE('',#10560);
#9412=PLANE('',#10561);
#9413=PLANE('',#10562);
#9414=PLANE('',#10563);
#9415=PLANE('',#10564);
#9416=PLANE('',#10565);
#9417=PLANE('',#10566);
#9418=PLANE('',#10567);
#9419=PLANE('',#10568);
#9420=PLANE('',#10569);
#9421=PLANE('',#10570);
#9422=PLANE('',#10571);
#9423=PLANE('',#10572);
#9424=PLANE('',#10573);
#9425=PLANE('',#10574);
#9426=PLANE('',#10575);
#9427=PLANE('',#10576);
#9428=PLANE('',#10577);
#9429=PLANE('',#10578);
#9430=PLANE('',#10579);
#9431=PLANE('',#10580);
#9432=PLANE('',#10581);
#9433=PLANE('',#10584);
#9434=PLANE('',#10585);
#9435=PLANE('',#10586);
#9436=ADVANCED_FACE('',(#413),#9052,.T.);
#9437=ADVANCED_FACE('',(#414),#9053,.T.);
#9438=ADVANCED_FACE('',(#415),#9054,.T.);
#9439=ADVANCED_FACE('',(#416,#138,#139,#140,#141,#142),#9055,.T.);
#9440=ADVANCED_FACE('',(#417,#143,#144),#9056,.T.);
#9441=ADVANCED_FACE('',(#418),#9057,.T.);
#9442=ADVANCED_FACE('',(#419),#9058,.T.);
#9443=ADVANCED_FACE('',(#420,#145,#146),#9059,.T.);
#9444=ADVANCED_FACE('',(#421),#9060,.T.);
#9445=ADVANCED_FACE('',(#422),#9061,.F.);
#9446=ADVANCED_FACE('',(#423),#9062,.F.);
#9447=ADVANCED_FACE('',(#424),#9063,.F.);
#9448=ADVANCED_FACE('',(#425),#9064,.F.);
#9449=ADVANCED_FACE('',(#426),#55,.F.);
#9450=ADVANCED_FACE('',(#427),#9065,.F.);
#9451=ADVANCED_FACE('',(#428),#9066,.F.);
#9452=ADVANCED_FACE('',(#429),#56,.F.);
#9453=ADVANCED_FACE('',(#430),#9067,.F.);
#9454=ADVANCED_FACE('',(#431,#147,#148),#9068,.T.);
#9455=ADVANCED_FACE('',(#432),#9069,.T.);
#9456=ADVANCED_FACE('',(#433),#9070,.T.);
#9457=ADVANCED_FACE('',(#434),#9071,.T.);
#9458=ADVANCED_FACE('',(#435),#9072,.T.);
#9459=ADVANCED_FACE('',(#436),#57,.F.);
#9460=ADVANCED_FACE('',(#437),#9073,.T.);
#9461=ADVANCED_FACE('',(#438),#9074,.T.);
#9462=ADVANCED_FACE('',(#439),#9075,.T.);
#9463=ADVANCED_FACE('',(#440),#58,.F.);
#9464=ADVANCED_FACE('',(#441),#9076,.T.);
#9465=ADVANCED_FACE('',(#442),#9077,.T.);
#9466=ADVANCED_FACE('',(#443,#149,#150),#9078,.T.);
#9467=ADVANCED_FACE('',(#444),#9079,.T.);
#9468=ADVANCED_FACE('',(#445),#9080,.F.);
#9469=ADVANCED_FACE('',(#446),#59,.F.);
#9470=ADVANCED_FACE('',(#447),#9081,.F.);
#9471=ADVANCED_FACE('',(#448),#60,.F.);
#9472=ADVANCED_FACE('',(#449),#9082,.F.);
#9473=ADVANCED_FACE('',(#450),#9083,.T.);
#9474=ADVANCED_FACE('',(#451),#61,.F.);
#9475=ADVANCED_FACE('',(#452),#9084,.F.);
#9476=ADVANCED_FACE('',(#453),#62,.F.);
#9477=ADVANCED_FACE('',(#454),#9085,.F.);
#9478=ADVANCED_FACE('',(#455),#63,.F.);
#9479=ADVANCED_FACE('',(#456),#9086,.F.);
#9480=ADVANCED_FACE('',(#457),#9087,.F.);
#9481=ADVANCED_FACE('',(#458),#9088,.F.);
#9482=ADVANCED_FACE('',(#459),#9089,.F.);
#9483=ADVANCED_FACE('',(#460),#9090,.F.);
#9484=ADVANCED_FACE('',(#461),#64,.F.);
#9485=ADVANCED_FACE('',(#462,#151,#152),#9091,.T.);
#9486=ADVANCED_FACE('',(#463),#9092,.T.);
#9487=ADVANCED_FACE('',(#464),#9093,.T.);
#9488=ADVANCED_FACE('',(#465),#9094,.T.);
#9489=ADVANCED_FACE('',(#466,#153,#154),#9095,.T.);
#9490=ADVANCED_FACE('',(#467),#9096,.T.);
#9491=ADVANCED_FACE('',(#468),#9097,.F.);
#9492=ADVANCED_FACE('',(#469),#65,.F.);
#9493=ADVANCED_FACE('',(#470),#9098,.F.);
#9494=ADVANCED_FACE('',(#471),#66,.F.);
#9495=ADVANCED_FACE('',(#472),#9099,.F.);
#9496=ADVANCED_FACE('',(#473),#9100,.F.);
#9497=ADVANCED_FACE('',(#474),#9101,.F.);
#9498=ADVANCED_FACE('',(#475),#9102,.F.);
#9499=ADVANCED_FACE('',(#476),#67,.F.);
#9500=ADVANCED_FACE('',(#477),#9103,.F.);
#9501=ADVANCED_FACE('',(#478),#9104,.F.);
#9502=ADVANCED_FACE('',(#479),#68,.F.);
#9503=ADVANCED_FACE('',(#480),#9105,.T.);
#9504=ADVANCED_FACE('',(#481),#9106,.T.);
#9505=ADVANCED_FACE('',(#482),#9107,.T.);
#9506=ADVANCED_FACE('',(#483),#69,.F.);
#9507=ADVANCED_FACE('',(#484),#9108,.T.);
#9508=ADVANCED_FACE('',(#485),#70,.F.);
#9509=ADVANCED_FACE('',(#486),#9109,.T.);
#9510=ADVANCED_FACE('',(#487),#9110,.T.);
#9511=ADVANCED_FACE('',(#488),#9111,.T.);
#9512=ADVANCED_FACE('',(#489),#71,.F.);
#9513=ADVANCED_FACE('',(#490),#9112,.T.);
#9514=ADVANCED_FACE('',(#491),#9113,.T.);
#9515=ADVANCED_FACE('',(#492),#72,.F.);
#9516=ADVANCED_FACE('',(#493),#9114,.T.);
#9517=ADVANCED_FACE('',(#494),#73,.F.);
#9518=ADVANCED_FACE('',(#495),#9115,.T.);
#9519=ADVANCED_FACE('',(#496),#74,.F.);
#9520=ADVANCED_FACE('',(#497),#9116,.T.);
#9521=ADVANCED_FACE('',(#498),#9117,.T.);
#9522=ADVANCED_FACE('',(#499),#75,.F.);
#9523=ADVANCED_FACE('',(#500),#9118,.T.);
#9524=ADVANCED_FACE('',(#501),#76,.F.);
#9525=ADVANCED_FACE('',(#502),#9119,.T.);
#9526=ADVANCED_FACE('',(#503),#9120,.T.);
#9527=ADVANCED_FACE('',(#504),#77,.F.);
#9528=ADVANCED_FACE('',(#505),#9121,.T.);
#9529=ADVANCED_FACE('',(#506),#78,.F.);
#9530=ADVANCED_FACE('',(#507),#9122,.T.);
#9531=ADVANCED_FACE('',(#508),#79,.F.);
#9532=ADVANCED_FACE('',(#509),#9123,.T.);
#9533=ADVANCED_FACE('',(#510),#9124,.T.);
#9534=ADVANCED_FACE('',(#511),#80,.F.);
#9535=ADVANCED_FACE('',(#512),#9125,.T.);
#9536=ADVANCED_FACE('',(#513),#81,.F.);
#9537=ADVANCED_FACE('',(#514),#9126,.F.);
#9538=ADVANCED_FACE('',(#515),#82,.F.);
#9539=ADVANCED_FACE('',(#516),#9127,.F.);
#9540=ADVANCED_FACE('',(#517),#9128,.F.);
#9541=ADVANCED_FACE('',(#518),#9129,.F.);
#9542=ADVANCED_FACE('',(#519),#9130,.F.);
#9543=ADVANCED_FACE('',(#520),#83,.F.);
#9544=ADVANCED_FACE('',(#521,#155,#156,#157,#158,#159),#9131,.T.);
#9545=ADVANCED_FACE('',(#522),#9132,.T.);
#9546=ADVANCED_FACE('',(#523),#9133,.T.);
#9547=ADVANCED_FACE('',(#524),#9134,.T.);
#9548=ADVANCED_FACE('',(#525),#9135,.T.);
#9549=ADVANCED_FACE('',(#526),#9136,.T.);
#9550=ADVANCED_FACE('',(#527,#160),#9137,.T.);
#9551=ADVANCED_FACE('',(#528),#9138,.T.);
#9552=ADVANCED_FACE('',(#529),#9139,.T.);
#9553=ADVANCED_FACE('',(#530),#9140,.T.);
#9554=ADVANCED_FACE('',(#531),#9141,.T.);
#9555=ADVANCED_FACE('',(#532),#9142,.T.);
#9556=ADVANCED_FACE('',(#533),#9143,.F.);
#9557=ADVANCED_FACE('',(#534),#9144,.F.);
#9558=ADVANCED_FACE('',(#535),#9145,.F.);
#9559=ADVANCED_FACE('',(#536),#9146,.F.);
#9560=ADVANCED_FACE('',(#537),#9147,.F.);
#9561=ADVANCED_FACE('',(#538),#9148,.T.);
#9562=ADVANCED_FACE('',(#539),#9149,.T.);
#9563=ADVANCED_FACE('',(#540),#9150,.T.);
#9564=ADVANCED_FACE('',(#541),#9151,.T.);
#9565=ADVANCED_FACE('',(#542,#161),#9152,.T.);
#9566=ADVANCED_FACE('',(#543,#162),#9153,.F.);
#9567=ADVANCED_FACE('',(#544),#9154,.T.);
#9568=ADVANCED_FACE('',(#545),#9155,.T.);
#9569=ADVANCED_FACE('',(#546),#9156,.T.);
#9570=ADVANCED_FACE('',(#547),#9157,.T.);
#9571=ADVANCED_FACE('',(#548),#9158,.T.);
#9572=ADVANCED_FACE('',(#549,#163),#9159,.T.);
#9573=ADVANCED_FACE('',(#550),#9160,.T.);
#9574=ADVANCED_FACE('',(#551),#9161,.F.);
#9575=ADVANCED_FACE('',(#552),#9162,.F.);
#9576=ADVANCED_FACE('',(#553),#9163,.F.);
#9577=ADVANCED_FACE('',(#554),#9164,.F.);
#9578=ADVANCED_FACE('',(#555),#9165,.F.);
#9579=ADVANCED_FACE('',(#556),#9166,.F.);
#9580=ADVANCED_FACE('',(#557),#9167,.F.);
#9581=ADVANCED_FACE('',(#558),#9168,.F.);
#9582=ADVANCED_FACE('',(#559),#9169,.F.);
#9583=ADVANCED_FACE('',(#560),#9170,.F.);
#9584=ADVANCED_FACE('',(#561),#9171,.F.);
#9585=ADVANCED_FACE('',(#562),#9172,.F.);
#9586=ADVANCED_FACE('',(#563),#19,.T.);
#9587=ADVANCED_FACE('',(#564),#20,.T.);
#9588=ADVANCED_FACE('',(#565),#21,.T.);
#9589=ADVANCED_FACE('',(#566),#22,.T.);
#9590=ADVANCED_FACE('',(#567,#164,#165),#23,.T.);
#9591=ADVANCED_FACE('',(#568),#24,.T.);
#9592=ADVANCED_FACE('',(#569),#84,.F.);
#9593=ADVANCED_FACE('',(#570,#166,#167,#168,#169,#170),#9173,.F.);
#9594=ADVANCED_FACE('',(#571),#9174,.T.);
#9595=ADVANCED_FACE('',(#572),#9175,.T.);
#9596=ADVANCED_FACE('',(#573),#9176,.T.);
#9597=ADVANCED_FACE('',(#574),#9177,.T.);
#9598=ADVANCED_FACE('',(#575),#9178,.F.);
#9599=ADVANCED_FACE('',(#576),#9179,.F.);
#9600=ADVANCED_FACE('',(#577,#171,#172,#173),#9180,.F.);
#9601=ADVANCED_FACE('',(#578),#85,.F.);
#9602=ADVANCED_FACE('',(#579),#86,.F.);
#9603=ADVANCED_FACE('',(#580),#87,.F.);
#9604=ADVANCED_FACE('',(#581,#174),#9181,.T.);
#9605=ADVANCED_FACE('',(#582),#9182,.T.);
#9606=ADVANCED_FACE('',(#583),#9183,.T.);
#9607=ADVANCED_FACE('',(#584),#9184,.T.);
#9608=ADVANCED_FACE('',(#585),#9185,.T.);
#9609=ADVANCED_FACE('',(#586),#9186,.T.);
#9610=ADVANCED_FACE('',(#587),#9187,.T.);
#9611=ADVANCED_FACE('',(#588,#175,#176,#177,#178,#179,#180,#181,#182,#183),
#9188,.T.);
#9612=ADVANCED_FACE('',(#589),#9189,.T.);
#9613=ADVANCED_FACE('',(#590),#9190,.T.);
#9614=ADVANCED_FACE('',(#591),#9191,.T.);
#9615=ADVANCED_FACE('',(#592),#9192,.T.);
#9616=ADVANCED_FACE('',(#593),#9193,.F.);
#9617=ADVANCED_FACE('',(#594),#9194,.F.);
#9618=ADVANCED_FACE('',(#595),#9195,.F.);
#9619=ADVANCED_FACE('',(#596),#25,.T.);
#9620=ADVANCED_FACE('',(#597),#9196,.F.);
#9621=ADVANCED_FACE('',(#598),#26,.T.);
#9622=ADVANCED_FACE('',(#599),#9197,.F.);
#9623=ADVANCED_FACE('',(#600,#184),#9198,.F.);
#9624=ADVANCED_FACE('',(#601,#185),#9199,.F.);
#9625=ADVANCED_FACE('',(#602,#186),#9200,.F.);
#9626=ADVANCED_FACE('',(#603,#187),#9201,.F.);
#9627=ADVANCED_FACE('',(#604),#88,.F.);
#9628=ADVANCED_FACE('',(#605),#89,.F.);
#9629=ADVANCED_FACE('',(#606),#90,.F.);
#9630=ADVANCED_FACE('',(#607),#91,.F.);
#9631=ADVANCED_FACE('',(#608),#92,.F.);
#9632=ADVANCED_FACE('',(#609),#93,.F.);
#9633=ADVANCED_FACE('',(#610),#94,.T.);
#9634=ADVANCED_FACE('',(#611),#95,.F.);
#9635=ADVANCED_FACE('',(#612),#96,.F.);
#9636=ADVANCED_FACE('',(#613,#188),#9202,.T.);
#9637=ADVANCED_FACE('',(#614,#189),#9203,.T.);
#9638=ADVANCED_FACE('',(#615,#190),#9204,.T.);
#9639=ADVANCED_FACE('',(#616,#191),#9205,.T.);
#9640=ADVANCED_FACE('',(#617),#97,.F.);
#9641=ADVANCED_FACE('',(#618),#98,.F.);
#9642=ADVANCED_FACE('',(#619),#99,.F.);
#9643=ADVANCED_FACE('',(#620),#100,.F.);
#9644=ADVANCED_FACE('',(#621),#101,.F.);
#9645=ADVANCED_FACE('',(#622),#102,.F.);
#9646=ADVANCED_FACE('',(#623),#103,.F.);
#9647=ADVANCED_FACE('',(#624),#104,.F.);
#9648=ADVANCED_FACE('',(#625),#105,.F.);
#9649=ADVANCED_FACE('',(#626),#9206,.T.);
#9650=ADVANCED_FACE('',(#627),#9207,.T.);
#9651=ADVANCED_FACE('',(#628),#9208,.T.);
#9652=ADVANCED_FACE('',(#629),#9209,.T.);
#9653=ADVANCED_FACE('',(#630),#9210,.T.);
#9654=ADVANCED_FACE('',(#631),#9211,.T.);
#9655=ADVANCED_FACE('',(#632),#106,.T.);
#9656=ADVANCED_FACE('',(#633),#9212,.T.);
#9657=ADVANCED_FACE('',(#634),#9213,.T.);
#9658=ADVANCED_FACE('',(#635),#9214,.T.);
#9659=ADVANCED_FACE('',(#636),#107,.T.);
#9660=ADVANCED_FACE('',(#637),#9215,.T.);
#9661=ADVANCED_FACE('',(#638),#9216,.T.);
#9662=ADVANCED_FACE('',(#639),#9217,.T.);
#9663=ADVANCED_FACE('',(#640,#192),#9218,.T.);
#9664=ADVANCED_FACE('',(#641),#9219,.T.);
#9665=ADVANCED_FACE('',(#642),#9220,.T.);
#9666=ADVANCED_FACE('',(#643),#9221,.T.);
#9667=ADVANCED_FACE('',(#644),#9222,.T.);
#9668=ADVANCED_FACE('',(#645),#9223,.T.);
#9669=ADVANCED_FACE('',(#646,#193,#194,#195,#196),#9224,.T.);
#9670=ADVANCED_FACE('',(#647,#197,#198),#9225,.T.);
#9671=ADVANCED_FACE('',(#648),#9226,.T.);
#9672=ADVANCED_FACE('',(#649),#9227,.T.);
#9673=ADVANCED_FACE('',(#650),#108,.F.);
#9674=ADVANCED_FACE('',(#651),#9228,.T.);
#9675=ADVANCED_FACE('',(#652),#109,.F.);
#9676=ADVANCED_FACE('',(#653),#9229,.T.);
#9677=ADVANCED_FACE('',(#654),#9230,.T.);
#9678=ADVANCED_FACE('',(#655),#9231,.T.);
#9679=ADVANCED_FACE('',(#656),#9232,.T.);
#9680=ADVANCED_FACE('',(#657),#110,.F.);
#9681=ADVANCED_FACE('',(#658),#111,.F.);
#9682=ADVANCED_FACE('',(#659),#9233,.T.);
#9683=ADVANCED_FACE('',(#660),#9234,.T.);
#9684=ADVANCED_FACE('',(#661,#199,#200,#201),#9235,.T.);
#9685=ADVANCED_FACE('',(#662,#202,#203,#204,#205,#206),#9236,.T.);
#9686=ADVANCED_FACE('',(#663,#207,#208,#209,#210,#211),#9237,.T.);
#9687=ADVANCED_FACE('',(#664),#9238,.F.);
#9688=ADVANCED_FACE('',(#665),#9239,.F.);
#9689=ADVANCED_FACE('',(#666),#9240,.F.);
#9690=ADVANCED_FACE('',(#667),#112,.F.);
#9691=ADVANCED_FACE('',(#668),#9241,.F.);
#9692=ADVANCED_FACE('',(#669),#113,.F.);
#9693=ADVANCED_FACE('',(#670),#9242,.F.);
#9694=ADVANCED_FACE('',(#671),#114,.F.);
#9695=ADVANCED_FACE('',(#672),#9243,.F.);
#9696=ADVANCED_FACE('',(#673),#115,.F.);
#9697=ADVANCED_FACE('',(#674),#9244,.F.);
#9698=ADVANCED_FACE('',(#675),#116,.F.);
#9699=ADVANCED_FACE('',(#676),#9245,.F.);
#9700=ADVANCED_FACE('',(#677),#117,.F.);
#9701=ADVANCED_FACE('',(#678),#9246,.F.);
#9702=ADVANCED_FACE('',(#679),#118,.F.);
#9703=ADVANCED_FACE('',(#680),#9247,.F.);
#9704=ADVANCED_FACE('',(#681),#119,.F.);
#9705=ADVANCED_FACE('',(#682),#9248,.F.);
#9706=ADVANCED_FACE('',(#683),#120,.F.);
#9707=ADVANCED_FACE('',(#684),#9249,.F.);
#9708=ADVANCED_FACE('',(#685),#121,.F.);
#9709=ADVANCED_FACE('',(#686),#9250,.F.);
#9710=ADVANCED_FACE('',(#687),#122,.F.);
#9711=ADVANCED_FACE('',(#688),#9251,.F.);
#9712=ADVANCED_FACE('',(#689),#123,.F.);
#9713=ADVANCED_FACE('',(#690),#9252,.F.);
#9714=ADVANCED_FACE('',(#691),#124,.F.);
#9715=ADVANCED_FACE('',(#692),#9253,.F.);
#9716=ADVANCED_FACE('',(#693),#125,.F.);
#9717=ADVANCED_FACE('',(#694),#126,.F.);
#9718=ADVANCED_FACE('',(#695),#9254,.F.);
#9719=ADVANCED_FACE('',(#696),#127,.F.);
#9720=ADVANCED_FACE('',(#697),#9255,.F.);
#9721=ADVANCED_FACE('',(#698),#9256,.F.);
#9722=ADVANCED_FACE('',(#699),#128,.F.);
#9723=ADVANCED_FACE('',(#700),#9257,.F.);
#9724=ADVANCED_FACE('',(#701),#129,.F.);
#9725=ADVANCED_FACE('',(#702),#9258,.F.);
#9726=ADVANCED_FACE('',(#703),#130,.F.);
#9727=ADVANCED_FACE('',(#704),#9259,.F.);
#9728=ADVANCED_FACE('',(#705),#131,.F.);
#9729=ADVANCED_FACE('',(#706),#9260,.T.);
#9730=ADVANCED_FACE('',(#707),#9261,.T.);
#9731=ADVANCED_FACE('',(#708),#9262,.T.);
#9732=ADVANCED_FACE('',(#709),#9263,.T.);
#9733=ADVANCED_FACE('',(#710),#9264,.T.);
#9734=ADVANCED_FACE('',(#711),#132,.F.);
#9735=ADVANCED_FACE('',(#712),#9265,.T.);
#9736=ADVANCED_FACE('',(#713),#133,.F.);
#9737=ADVANCED_FACE('',(#714),#9266,.F.);
#9738=ADVANCED_FACE('',(#715),#9267,.F.);
#9739=ADVANCED_FACE('',(#716),#9268,.F.);
#9740=ADVANCED_FACE('',(#717),#9269,.T.);
#9741=ADVANCED_FACE('',(#718),#9270,.T.);
#9742=ADVANCED_FACE('',(#719),#9271,.T.);
#9743=ADVANCED_FACE('',(#720),#9272,.T.);
#9744=ADVANCED_FACE('',(#721),#9273,.T.);
#9745=ADVANCED_FACE('',(#722),#9274,.T.);
#9746=ADVANCED_FACE('',(#723),#9275,.T.);
#9747=ADVANCED_FACE('',(#724),#9276,.T.);
#9748=ADVANCED_FACE('',(#725),#9277,.T.);
#9749=ADVANCED_FACE('',(#726),#9278,.T.);
#9750=ADVANCED_FACE('',(#727),#9279,.T.);
#9751=ADVANCED_FACE('',(#728),#9280,.T.);
#9752=ADVANCED_FACE('',(#729),#9281,.T.);
#9753=ADVANCED_FACE('',(#730),#9282,.T.);
#9754=ADVANCED_FACE('',(#731),#9283,.T.);
#9755=ADVANCED_FACE('',(#732),#9284,.T.);
#9756=ADVANCED_FACE('',(#733),#9285,.T.);
#9757=ADVANCED_FACE('',(#734),#9286,.T.);
#9758=ADVANCED_FACE('',(#735),#9287,.T.);
#9759=ADVANCED_FACE('',(#736),#9288,.T.);
#9760=ADVANCED_FACE('',(#737),#9289,.T.);
#9761=ADVANCED_FACE('',(#738),#9290,.T.);
#9762=ADVANCED_FACE('',(#739),#9291,.T.);
#9763=ADVANCED_FACE('',(#740),#9292,.T.);
#9764=ADVANCED_FACE('',(#741),#9293,.T.);
#9765=ADVANCED_FACE('',(#742),#9294,.T.);
#9766=ADVANCED_FACE('',(#743),#9295,.T.);
#9767=ADVANCED_FACE('',(#744),#9296,.T.);
#9768=ADVANCED_FACE('',(#745,#212,#213),#9297,.T.);
#9769=ADVANCED_FACE('',(#746),#9298,.F.);
#9770=ADVANCED_FACE('',(#747),#9299,.F.);
#9771=ADVANCED_FACE('',(#748),#9300,.F.);
#9772=ADVANCED_FACE('',(#749),#9301,.T.);
#9773=ADVANCED_FACE('',(#750),#9302,.T.);
#9774=ADVANCED_FACE('',(#751),#9303,.T.);
#9775=ADVANCED_FACE('',(#752),#9304,.F.);
#9776=ADVANCED_FACE('',(#753,#214),#9305,.F.);
#9777=ADVANCED_FACE('',(#754,#215),#9306,.T.);
#9778=ADVANCED_FACE('',(#755),#9307,.T.);
#9779=ADVANCED_FACE('',(#756),#9308,.F.);
#9780=ADVANCED_FACE('',(#757),#9309,.T.);
#9781=ADVANCED_FACE('',(#758),#9310,.T.);
#9782=ADVANCED_FACE('',(#759),#9311,.T.);
#9783=ADVANCED_FACE('',(#760),#9312,.T.);
#9784=ADVANCED_FACE('',(#761),#9313,.T.);
#9785=ADVANCED_FACE('',(#762),#9314,.T.);
#9786=ADVANCED_FACE('',(#763),#9315,.T.);
#9787=ADVANCED_FACE('',(#764),#9316,.T.);
#9788=ADVANCED_FACE('',(#765),#9317,.T.);
#9789=ADVANCED_FACE('',(#766),#9318,.T.);
#9790=ADVANCED_FACE('',(#767),#9319,.T.);
#9791=ADVANCED_FACE('',(#768),#9320,.T.);
#9792=ADVANCED_FACE('',(#769),#9321,.T.);
#9793=ADVANCED_FACE('',(#770),#9322,.T.);
#9794=ADVANCED_FACE('',(#771),#9323,.T.);
#9795=ADVANCED_FACE('',(#772),#9324,.T.);
#9796=ADVANCED_FACE('',(#773),#9325,.T.);
#9797=ADVANCED_FACE('',(#774),#9326,.T.);
#9798=ADVANCED_FACE('',(#775),#9327,.T.);
#9799=ADVANCED_FACE('',(#776),#9328,.T.);
#9800=ADVANCED_FACE('',(#777),#9329,.T.);
#9801=ADVANCED_FACE('',(#778),#9330,.T.);
#9802=ADVANCED_FACE('',(#779),#9331,.T.);
#9803=ADVANCED_FACE('',(#780),#9332,.T.);
#9804=ADVANCED_FACE('',(#781),#9333,.T.);
#9805=ADVANCED_FACE('',(#782),#9334,.T.);
#9806=ADVANCED_FACE('',(#783),#9335,.T.);
#9807=ADVANCED_FACE('',(#784),#9336,.T.);
#9808=ADVANCED_FACE('',(#785),#9337,.T.);
#9809=ADVANCED_FACE('',(#786),#9338,.T.);
#9810=ADVANCED_FACE('',(#787),#9339,.T.);
#9811=ADVANCED_FACE('',(#788),#9340,.T.);
#9812=ADVANCED_FACE('',(#789),#9341,.T.);
#9813=ADVANCED_FACE('',(#790),#9342,.T.);
#9814=ADVANCED_FACE('',(#791),#9343,.T.);
#9815=ADVANCED_FACE('',(#792),#9344,.T.);
#9816=ADVANCED_FACE('',(#793),#9345,.T.);
#9817=ADVANCED_FACE('',(#794),#9346,.T.);
#9818=ADVANCED_FACE('',(#795),#9347,.T.);
#9819=ADVANCED_FACE('',(#796),#134,.F.);
#9820=ADVANCED_FACE('',(#797),#135,.F.);
#9821=ADVANCED_FACE('',(#798),#9348,.F.);
#9822=ADVANCED_FACE('',(#799),#9349,.F.);
#9823=ADVANCED_FACE('',(#800),#9350,.T.);
#9824=ADVANCED_FACE('',(#801),#9351,.F.);
#9825=ADVANCED_FACE('',(#802,#216),#9352,.F.);
#9826=ADVANCED_FACE('',(#803),#9353,.F.);
#9827=ADVANCED_FACE('',(#804),#9354,.T.);
#9828=ADVANCED_FACE('',(#805),#9355,.F.);
#9829=ADVANCED_FACE('',(#806),#9356,.F.);
#9830=ADVANCED_FACE('',(#807),#9357,.F.);
#9831=ADVANCED_FACE('',(#808),#9358,.T.);
#9832=ADVANCED_FACE('',(#809),#9359,.T.);
#9833=ADVANCED_FACE('',(#810),#9360,.T.);
#9834=ADVANCED_FACE('',(#811),#9361,.T.);
#9835=ADVANCED_FACE('',(#812),#9362,.T.);
#9836=ADVANCED_FACE('',(#813),#9363,.T.);
#9837=ADVANCED_FACE('',(#814),#9364,.T.);
#9838=ADVANCED_FACE('',(#815),#9365,.T.);
#9839=ADVANCED_FACE('',(#816),#9366,.T.);
#9840=ADVANCED_FACE('',(#817),#9367,.T.);
#9841=ADVANCED_FACE('',(#818),#9368,.T.);
#9842=ADVANCED_FACE('',(#819),#9369,.T.);
#9843=ADVANCED_FACE('',(#820),#9370,.T.);
#9844=ADVANCED_FACE('',(#821),#9371,.T.);
#9845=ADVANCED_FACE('',(#822),#9372,.T.);
#9846=ADVANCED_FACE('',(#823),#9373,.T.);
#9847=ADVANCED_FACE('',(#824),#9374,.T.);
#9848=ADVANCED_FACE('',(#825),#9375,.T.);
#9849=ADVANCED_FACE('',(#826),#9376,.T.);
#9850=ADVANCED_FACE('',(#827),#9377,.T.);
#9851=ADVANCED_FACE('',(#828),#9378,.T.);
#9852=ADVANCED_FACE('',(#829),#9379,.T.);
#9853=ADVANCED_FACE('',(#830),#9380,.T.);
#9854=ADVANCED_FACE('',(#831),#9381,.T.);
#9855=ADVANCED_FACE('',(#832),#9382,.T.);
#9856=ADVANCED_FACE('',(#833),#9383,.T.);
#9857=ADVANCED_FACE('',(#834),#9384,.T.);
#9858=ADVANCED_FACE('',(#835,#217,#218),#9385,.T.);
#9859=ADVANCED_FACE('',(#836),#9386,.F.);
#9860=ADVANCED_FACE('',(#837),#9387,.F.);
#9861=ADVANCED_FACE('',(#838),#9388,.F.);
#9862=ADVANCED_FACE('',(#839),#9389,.T.);
#9863=ADVANCED_FACE('',(#840),#9390,.T.);
#9864=ADVANCED_FACE('',(#841),#9391,.T.);
#9865=ADVANCED_FACE('',(#842,#219),#9392,.T.);
#9866=ADVANCED_FACE('',(#843),#9393,.F.);
#9867=ADVANCED_FACE('',(#844),#9394,.T.);
#9868=ADVANCED_FACE('',(#845),#9395,.T.);
#9869=ADVANCED_FACE('',(#846),#9396,.T.);
#9870=ADVANCED_FACE('',(#847),#9397,.T.);
#9871=ADVANCED_FACE('',(#848),#9398,.T.);
#9872=ADVANCED_FACE('',(#849),#9399,.T.);
#9873=ADVANCED_FACE('',(#850),#9400,.T.);
#9874=ADVANCED_FACE('',(#851),#9401,.T.);
#9875=ADVANCED_FACE('',(#852),#9402,.T.);
#9876=ADVANCED_FACE('',(#853),#9403,.T.);
#9877=ADVANCED_FACE('',(#854),#9404,.T.);
#9878=ADVANCED_FACE('',(#855),#9405,.T.);
#9879=ADVANCED_FACE('',(#856),#9406,.T.);
#9880=ADVANCED_FACE('',(#857),#9407,.T.);
#9881=ADVANCED_FACE('',(#858),#9408,.T.);
#9882=ADVANCED_FACE('',(#859),#9409,.T.);
#9883=ADVANCED_FACE('',(#860),#9410,.T.);
#9884=ADVANCED_FACE('',(#861),#9411,.T.);
#9885=ADVANCED_FACE('',(#862),#9412,.T.);
#9886=ADVANCED_FACE('',(#863),#9413,.T.);
#9887=ADVANCED_FACE('',(#864),#9414,.T.);
#9888=ADVANCED_FACE('',(#865),#9415,.T.);
#9889=ADVANCED_FACE('',(#866),#9416,.T.);
#9890=ADVANCED_FACE('',(#867),#9417,.T.);
#9891=ADVANCED_FACE('',(#868),#9418,.T.);
#9892=ADVANCED_FACE('',(#869),#9419,.T.);
#9893=ADVANCED_FACE('',(#870),#9420,.T.);
#9894=ADVANCED_FACE('',(#871),#9421,.T.);
#9895=ADVANCED_FACE('',(#872),#9422,.T.);
#9896=ADVANCED_FACE('',(#873),#9423,.T.);
#9897=ADVANCED_FACE('',(#874),#9424,.T.);
#9898=ADVANCED_FACE('',(#875),#9425,.T.);
#9899=ADVANCED_FACE('',(#876),#9426,.T.);
#9900=ADVANCED_FACE('',(#877),#9427,.T.);
#9901=ADVANCED_FACE('',(#878),#9428,.T.);
#9902=ADVANCED_FACE('',(#879),#9429,.T.);
#9903=ADVANCED_FACE('',(#880),#9430,.T.);
#9904=ADVANCED_FACE('',(#881),#9431,.T.);
#9905=ADVANCED_FACE('',(#882),#9432,.T.);
#9906=ADVANCED_FACE('',(#883),#136,.F.);
#9907=ADVANCED_FACE('',(#884),#137,.F.);
#9908=ADVANCED_FACE('',(#885),#9433,.F.);
#9909=ADVANCED_FACE('',(#886),#9434,.T.);
#9910=ADVANCED_FACE('',(#887),#9435,.T.);
#9911=CLOSED_SHELL('',(#9436,#9437,#9438,#9439,#9440,#9441,#9442,#9443,
#9444,#9445,#9446,#9447,#9448,#9449,#9450,#9451,#9452,#9453,#9454,#9455,
#9456,#9457,#9458,#9459,#9460,#9461,#9462,#9463,#9464,#9465,#9466,#9467,
#9468,#9469,#9470,#9471,#9472,#9473,#9474,#9475,#9476,#9477,#9478,#9479,
#9480,#9481,#9482,#9483,#9484,#9485,#9486,#9487,#9488,#9489,#9490,#9491,
#9492,#9493,#9494,#9495,#9496,#9497,#9498,#9499,#9500,#9501,#9502,#9503,
#9504,#9505,#9506,#9507,#9508,#9509,#9510,#9511,#9512,#9513,#9514,#9515,
#9516,#9517,#9518,#9519,#9520,#9521,#9522,#9523,#9524,#9525,#9526,#9527,
#9528,#9529,#9530,#9531,#9532,#9533,#9534,#9535,#9536,#9537,#9538,#9539,
#9540,#9541,#9542,#9543,#9544,#9545,#9546,#9547,#9548,#9549,#9550,#9551,
#9552,#9553,#9554,#9555,#9556,#9557,#9558,#9559,#9560,#9561,#9562,#9563,
#9564,#9565,#9566,#9567,#9568,#9569,#9570,#9571,#9572,#9573,#9574,#9575,
#9576,#9577,#9578,#9579,#9580,#9581,#9582,#9583,#9584,#9585,#9586,#9587,
#9588,#9589,#9590,#9591,#9592,#9593,#9594,#9595,#9596,#9597,#9598,#9599,
#9600,#9601,#9602,#9603,#9604,#9605,#9606,#9607,#9608,#9609,#9610,#9611,
#9612,#9613,#9614,#9615,#9616,#9617,#9618,#9619,#9620,#9621,#9622,#9623,
#9624,#9625,#9626,#9627,#9628,#9629,#9630,#9631,#9632,#9633,#9634,#9635,
#9636,#9637,#9638,#9639,#9640,#9641,#9642,#9643,#9644,#9645,#9646,#9647,
#9648,#9649,#9650,#9651,#9652,#9653,#9654,#9655,#9656,#9657,#9658,#9659,
#9660,#9661,#9662,#9663,#9664,#9665,#9666,#9667,#9668,#9669,#9670,#9671,
#9672,#9673,#9674,#9675,#9676,#9677,#9678,#9679,#9680,#9681,#9682,#9683,
#9684,#9685,#9686,#9687,#9688,#9689,#9690,#9691,#9692,#9693,#9694,#9695,
#9696,#9697,#9698,#9699,#9700,#9701,#9702,#9703,#9704,#9705,#9706,#9707,
#9708,#9709,#9710,#9711,#9712,#9713,#9714,#9715,#9716,#9717,#9718,#9719,
#9720,#9721,#9722,#9723,#9724,#9725,#9726,#9727,#9728,#9729,#9730,#9731,
#9732,#9733,#9734,#9735,#9736));
#9912=CLOSED_SHELL('',(#9737,#9738,#9739,#9740,#9741,#9742,#9743,#9744,
#9745,#9746,#9747,#9748,#9749,#9750,#9751,#9752,#9753,#9754,#9755,#9756,
#9757,#9758,#9759,#9760,#9761,#9762,#9763,#9764,#9765,#9766,#9767,#9768,
#9769,#9770,#9771,#9772,#9773,#9774,#9775,#9776,#9777,#9778,#9779,#9780,
#9781,#9782,#9783,#9784,#9785,#9786,#9787,#9788,#9789,#9790,#9791,#9792,
#9793,#9794,#9795,#9796,#9797,#9798,#9799,#9800,#9801,#9802,#9803,#9804,
#9805,#9806,#9807,#9808,#9809,#9810,#9811,#9812,#9813,#9814,#9815,#9816,
#9817,#9818,#9819,#9820,#9821,#9822,#9823));
#9913=CLOSED_SHELL('',(#9824,#9825,#9826,#9827,#9828,#9829,#9830,#9831,
#9832,#9833,#9834,#9835,#9836,#9837,#9838,#9839,#9840,#9841,#9842,#9843,
#9844,#9845,#9846,#9847,#9848,#9849,#9850,#9851,#9852,#9853,#9854,#9855,
#9856,#9857,#9858,#9859,#9860,#9861,#9862,#9863,#9864,#9865,#9866,#9867,
#9868,#9869,#9870,#9871,#9872,#9873,#9874,#9875,#9876,#9877,#9878,#9879,
#9880,#9881,#9882,#9883,#9884,#9885,#9886,#9887,#9888,#9889,#9890,#9891,
#9892,#9893,#9894,#9895,#9896,#9897,#9898,#9899,#9900,#9901,#9902,#9903,
#9904,#9905,#9906,#9907,#9908,#9909,#9910));
#9914=DERIVED_UNIT_ELEMENT(#9916,1.);
#9915=DERIVED_UNIT_ELEMENT(#16525,-3.);
#9916=(
MASS_UNIT()
NAMED_UNIT(*)
SI_UNIT(.KILO.,.GRAM.)
);
#9917=DERIVED_UNIT((#9914,#9915));
#9918=MEASURE_REPRESENTATION_ITEM('density measure',
POSITIVE_RATIO_MEASURE(1120.),#9917);
#9919=PROPERTY_DEFINITION_REPRESENTATION(#9924,#9921);
#9920=PROPERTY_DEFINITION_REPRESENTATION(#9925,#9922);
#9921=REPRESENTATION('material name',(#9923),#16522);
#9922=REPRESENTATION('density',(#9918),#16522);
#9923=DESCRIPTIVE_REPRESENTATION_ITEM('Nylon 6','Nylon 6');
#9924=PROPERTY_DEFINITION('material property','material name',#16532);
#9925=PROPERTY_DEFINITION('material property','density of part',#16532);
#9926=AXIS2_PLACEMENT_3D('',#13112,#10587,#10588);
#9927=AXIS2_PLACEMENT_3D('',#13113,#10589,#10590);
#9928=AXIS2_PLACEMENT_3D('',#13124,#10596,#10597);
#9929=AXIS2_PLACEMENT_3D('',#13132,#10602,#10603);
#9930=AXIS2_PLACEMENT_3D('',#13154,#10615,#10616);
#9931=AXIS2_PLACEMENT_3D('',#13164,#10621,#10622);
#9932=AXIS2_PLACEMENT_3D('',#13172,#10626,#10627);
#9933=AXIS2_PLACEMENT_3D('',#13176,#10629,#10630);
#9934=AXIS2_PLACEMENT_3D('',#13180,#10632,#10633);
#9935=AXIS2_PLACEMENT_3D('',#13184,#10635,#10636);
#9936=AXIS2_PLACEMENT_3D('',#13188,#10638,#10639);
#9937=AXIS2_PLACEMENT_3D('',#13192,#10641,#10642);
#9938=AXIS2_PLACEMENT_3D('',#13196,#10644,#10645);
#9939=AXIS2_PLACEMENT_3D('',#13200,#10647,#10648);
#9940=AXIS2_PLACEMENT_3D('',#13204,#10650,#10651);
#9941=AXIS2_PLACEMENT_3D('',#13208,#10653,#10654);
#9942=AXIS2_PLACEMENT_3D('',#13210,#10656,#10657);
#9943=AXIS2_PLACEMENT_3D('',#13214,#10659,#10660);
#9944=AXIS2_PLACEMENT_3D('',#13222,#10664,#10665);
#9945=AXIS2_PLACEMENT_3D('',#13230,#10669,#10670);
#9946=AXIS2_PLACEMENT_3D('',#13248,#10679,#10680);
#9947=AXIS2_PLACEMENT_3D('',#13252,#10682,#10683);
#9948=AXIS2_PLACEMENT_3D('',#13256,#10685,#10686);
#9949=AXIS2_PLACEMENT_3D('',#13260,#10688,#10689);
#9950=AXIS2_PLACEMENT_3D('',#13262,#10691,#10692);
#9951=AXIS2_PLACEMENT_3D('',#13270,#10697,#10698);
#9952=AXIS2_PLACEMENT_3D('',#13278,#10703,#10704);
#9953=AXIS2_PLACEMENT_3D('',#13296,#10713,#10714);
#9954=AXIS2_PLACEMENT_3D('',#13304,#10718,#10719);
#9955=AXIS2_PLACEMENT_3D('',#13312,#10723,#10724);
#9956=AXIS2_PLACEMENT_3D('',#13316,#10726,#10727);
#9957=AXIS2_PLACEMENT_3D('',#13320,#10729,#10730);
#9958=AXIS2_PLACEMENT_3D('',#13324,#10732,#10733);
#9959=AXIS2_PLACEMENT_3D('',#13328,#10735,#10736);
#9960=AXIS2_PLACEMENT_3D('',#13330,#10738,#10739);
#9961=AXIS2_PLACEMENT_3D('',#13340,#10745,#10746);
#9962=AXIS2_PLACEMENT_3D('',#13344,#10748,#10749);
#9963=AXIS2_PLACEMENT_3D('',#13345,#10750,#10751);
#9964=AXIS2_PLACEMENT_3D('',#13351,#10755,#10756);
#9965=AXIS2_PLACEMENT_3D('',#13360,#10761,#10762);
#9966=AXIS2_PLACEMENT_3D('',#13364,#10765,#10766);
#9967=AXIS2_PLACEMENT_3D('',#13366,#10767,#10768);
#9968=AXIS2_PLACEMENT_3D('',#13368,#10770,#10771);
#9969=AXIS2_PLACEMENT_3D('',#13377,#10776,#10777);
#9970=AXIS2_PLACEMENT_3D('',#13380,#10780,#10781);
#9971=AXIS2_PLACEMENT_3D('',#13383,#10783,#10784);
#9972=AXIS2_PLACEMENT_3D('',#13384,#10785,#10786);
#9973=AXIS2_PLACEMENT_3D('',#13386,#10787,#10788);
#9974=AXIS2_PLACEMENT_3D('',#13388,#10790,#10791);
#9975=AXIS2_PLACEMENT_3D('',#13391,#10794,#10795);
#9976=AXIS2_PLACEMENT_3D('',#13501,#10851,#10852);
#9977=AXIS2_PLACEMENT_3D('',#13506,#10855,#10856);
#9978=AXIS2_PLACEMENT_3D('',#13507,#10857,#10858);
#9979=AXIS2_PLACEMENT_3D('',#13510,#10861,#10862);
#9980=AXIS2_PLACEMENT_3D('',#13514,#10865,#10866);
#9981=AXIS2_PLACEMENT_3D('',#13520,#10870,#10871);
#9982=AXIS2_PLACEMENT_3D('',#13523,#10873,#10874);
#9983=AXIS2_PLACEMENT_3D('',#13524,#10875,#10876);
#9984=AXIS2_PLACEMENT_3D('',#13532,#10881,#10882);
#9985=AXIS2_PLACEMENT_3D('',#13533,#10883,#10884);
#9986=AXIS2_PLACEMENT_3D('',#13534,#10885,#10886);
#9987=AXIS2_PLACEMENT_3D('',#13538,#10889,#10890);
#9988=AXIS2_PLACEMENT_3D('',#13540,#10891,#10892);
#9989=AXIS2_PLACEMENT_3D('',#13543,#10894,#10895);
#9990=AXIS2_PLACEMENT_3D('',#13544,#10896,#10897);
#9991=AXIS2_PLACEMENT_3D('',#13545,#10898,#10899);
#9992=AXIS2_PLACEMENT_3D('',#13550,#10903,#10904);
#9993=AXIS2_PLACEMENT_3D('',#13560,#10910,#10911);
#9994=AXIS2_PLACEMENT_3D('',#13566,#10914,#10915);
#9995=AXIS2_PLACEMENT_3D('',#13574,#10919,#10920);
#9996=AXIS2_PLACEMENT_3D('',#13599,#10933,#10934);
#9997=AXIS2_PLACEMENT_3D('',#13603,#10936,#10937);
#9998=AXIS2_PLACEMENT_3D('',#13607,#10939,#10940);
#9999=AXIS2_PLACEMENT_3D('',#13611,#10942,#10943);
#10000=AXIS2_PLACEMENT_3D('',#13613,#10945,#10946);
#10001=AXIS2_PLACEMENT_3D('',#13615,#10947,#10948);
#10002=AXIS2_PLACEMENT_3D('',#13617,#10950,#10951);
#10003=AXIS2_PLACEMENT_3D('',#13626,#10956,#10957);
#10004=AXIS2_PLACEMENT_3D('',#13628,#10958,#10959);
#10005=AXIS2_PLACEMENT_3D('',#13631,#10961,#10962);
#10006=AXIS2_PLACEMENT_3D('',#13632,#10963,#10964);
#10007=AXIS2_PLACEMENT_3D('',#13633,#10965,#10966);
#10008=AXIS2_PLACEMENT_3D('',#13634,#10967,#10968);
#10009=AXIS2_PLACEMENT_3D('',#13636,#10969,#10970);
#10010=AXIS2_PLACEMENT_3D('',#13637,#10971,#10972);
#10011=AXIS2_PLACEMENT_3D('',#13639,#10973,#10974);
#10012=AXIS2_PLACEMENT_3D('',#13641,#10976,#10977);
#10013=AXIS2_PLACEMENT_3D('',#13644,#10980,#10981);
#10014=AXIS2_PLACEMENT_3D('',#13646,#10982,#10983);
#10015=AXIS2_PLACEMENT_3D('',#13650,#10985,#10986);
#10016=AXIS2_PLACEMENT_3D('',#13653,#10988,#10989);
#10017=AXIS2_PLACEMENT_3D('',#13659,#10993,#10994);
#10018=AXIS2_PLACEMENT_3D('',#13662,#10995,#10996);
#10019=AXIS2_PLACEMENT_3D('',#13665,#10999,#11000);
#10020=AXIS2_PLACEMENT_3D('',#13669,#11003,#11004);
#10021=AXIS2_PLACEMENT_3D('',#13671,#11005,#11006);
#10022=AXIS2_PLACEMENT_3D('',#13673,#11008,#11009);
#10023=AXIS2_PLACEMENT_3D('',#13675,#11011,#11012);
#10024=AXIS2_PLACEMENT_3D('',#13676,#11013,#11014);
#10025=AXIS2_PLACEMENT_3D('',#13680,#11016,#11017);
#10026=AXIS2_PLACEMENT_3D('',#13683,#11019,#11020);
#10027=AXIS2_PLACEMENT_3D('',#13684,#11021,#11022);
#10028=AXIS2_PLACEMENT_3D('',#13690,#11026,#11027);
#10029=AXIS2_PLACEMENT_3D('',#13695,#11031,#11032);
#10030=AXIS2_PLACEMENT_3D('',#13697,#11034,#11035);
#10031=AXIS2_PLACEMENT_3D('',#13698,#11036,#11037);
#10032=AXIS2_PLACEMENT_3D('',#13702,#11040,#11041);
#10033=AXIS2_PLACEMENT_3D('',#13703,#11042,#11043);
#10034=AXIS2_PLACEMENT_3D('',#13704,#11044,#11045);
#10035=AXIS2_PLACEMENT_3D('',#13718,#11052,#11053);
#10036=AXIS2_PLACEMENT_3D('',#13724,#11056,#11057);
#10037=AXIS2_PLACEMENT_3D('',#13728,#11059,#11060);
#10038=AXIS2_PLACEMENT_3D('',#13730,#11062,#11063);
#10039=AXIS2_PLACEMENT_3D('',#13733,#11066,#11067);
#10040=AXIS2_PLACEMENT_3D('',#13737,#11070,#11071);
#10041=AXIS2_PLACEMENT_3D('',#13741,#11074,#11075);
#10042=AXIS2_PLACEMENT_3D('',#13742,#11076,#11077);
#10043=AXIS2_PLACEMENT_3D('',#13768,#11090,#11091);
#10044=AXIS2_PLACEMENT_3D('',#13772,#11093,#11094);
#10045=AXIS2_PLACEMENT_3D('',#13776,#11096,#11097);
#10046=AXIS2_PLACEMENT_3D('',#13778,#11099,#11100);
#10047=AXIS2_PLACEMENT_3D('',#13791,#11105,#11106);
#10048=AXIS2_PLACEMENT_3D('',#13794,#11109,#11110);
#10049=AXIS2_PLACEMENT_3D('',#13796,#11112,#11113);
#10050=AXIS2_PLACEMENT_3D('',#13797,#11114,#11115);
#10051=AXIS2_PLACEMENT_3D('',#13798,#11116,#11117);
#10052=AXIS2_PLACEMENT_3D('',#13800,#11119,#11120);
#10053=AXIS2_PLACEMENT_3D('',#13801,#11121,#11122);
#10054=AXIS2_PLACEMENT_3D('',#13806,#11126,#11127);
#10055=AXIS2_PLACEMENT_3D('',#13809,#11130,#11131);
#10056=AXIS2_PLACEMENT_3D('',#13812,#11134,#11135);
#10057=AXIS2_PLACEMENT_3D('',#13813,#11136,#11137);
#10058=AXIS2_PLACEMENT_3D('',#13814,#11138,#11139);
#10059=AXIS2_PLACEMENT_3D('',#13815,#11140,#11141);
#10060=AXIS2_PLACEMENT_3D('',#13816,#11142,#11143);
#10061=AXIS2_PLACEMENT_3D('',#13818,#11145,#11146);
#10062=AXIS2_PLACEMENT_3D('',#13819,#11147,#11148);
#10063=AXIS2_PLACEMENT_3D('',#13821,#11150,#11151);
#10064=AXIS2_PLACEMENT_3D('',#13822,#11152,#11153);
#10065=AXIS2_PLACEMENT_3D('',#13823,#11154,#11155);
#10066=AXIS2_PLACEMENT_3D('',#13824,#11156,#11157);
#10067=AXIS2_PLACEMENT_3D('',#13826,#11158,#11159);
#10068=AXIS2_PLACEMENT_3D('',#13830,#11161,#11162);
#10069=AXIS2_PLACEMENT_3D('',#13832,#11164,#11165);
#10070=AXIS2_PLACEMENT_3D('',#13835,#11168,#11169);
#10071=AXIS2_PLACEMENT_3D('',#13837,#11171,#11172);
#10072=AXIS2_PLACEMENT_3D('',#13840,#11175,#11176);
#10073=AXIS2_PLACEMENT_3D('',#13845,#11179,#11180);
#10074=AXIS2_PLACEMENT_3D('',#13849,#11182,#11183);
#10075=AXIS2_PLACEMENT_3D('',#13852,#11185,#11186);
#10076=AXIS2_PLACEMENT_3D('',#13854,#11187,#11188);
#10077=AXIS2_PLACEMENT_3D('',#13858,#11190,#11191);
#10078=AXIS2_PLACEMENT_3D('',#13861,#11193,#11194);
#10079=AXIS2_PLACEMENT_3D('',#13862,#11195,#11196);
#10080=AXIS2_PLACEMENT_3D('',#13864,#11197,#11198);
#10081=AXIS2_PLACEMENT_3D('',#13866,#11200,#11201);
#10082=AXIS2_PLACEMENT_3D('',#13870,#11203,#11204);
#10083=AXIS2_PLACEMENT_3D('',#13872,#11206,#11207);
#10084=AXIS2_PLACEMENT_3D('',#13876,#11210,#11211);
#10085=AXIS2_PLACEMENT_3D('',#13877,#11212,#11213);
#10086=AXIS2_PLACEMENT_3D('',#13878,#11214,#11215);
#10087=AXIS2_PLACEMENT_3D('',#13880,#11216,#11217);
#10088=AXIS2_PLACEMENT_3D('',#13882,#11219,#11220);
#10089=AXIS2_PLACEMENT_3D('',#13884,#11222,#11223);
#10090=AXIS2_PLACEMENT_3D('',#13887,#11226,#11227);
#10091=AXIS2_PLACEMENT_3D('',#13889,#11229,#11230);
#10092=AXIS2_PLACEMENT_3D('',#13891,#11232,#11233);
#10093=AXIS2_PLACEMENT_3D('',#13892,#11234,#11235);
#10094=AXIS2_PLACEMENT_3D('',#13893,#11236,#11237);
#10095=AXIS2_PLACEMENT_3D('',#13894,#11238,#11239);
#10096=AXIS2_PLACEMENT_3D('',#13896,#11240,#11241);
#10097=AXIS2_PLACEMENT_3D('',#13900,#11243,#11244);
#10098=AXIS2_PLACEMENT_3D('',#13902,#11246,#11247);
#10099=AXIS2_PLACEMENT_3D('',#13905,#11250,#11251);
#10100=AXIS2_PLACEMENT_3D('',#13907,#11253,#11254);
#10101=AXIS2_PLACEMENT_3D('',#13910,#11257,#11258);
#10102=AXIS2_PLACEMENT_3D('',#13912,#11260,#11261);
#10103=AXIS2_PLACEMENT_3D('',#13915,#11264,#11265);
#10104=AXIS2_PLACEMENT_3D('',#13917,#11267,#11268);
#10105=AXIS2_PLACEMENT_3D('',#13919,#11270,#11271);
#10106=AXIS2_PLACEMENT_3D('',#13920,#11272,#11273);
#10107=AXIS2_PLACEMENT_3D('',#13924,#11275,#11276);
#10108=AXIS2_PLACEMENT_3D('',#13926,#11278,#11279);
#10109=AXIS2_PLACEMENT_3D('',#13930,#11282,#11283);
#10110=AXIS2_PLACEMENT_3D('',#13931,#11284,#11285);
#10111=AXIS2_PLACEMENT_3D('',#13932,#11286,#11287);
#10112=AXIS2_PLACEMENT_3D('',#13934,#11288,#11289);
#10113=AXIS2_PLACEMENT_3D('',#13936,#11291,#11292);
#10114=AXIS2_PLACEMENT_3D('',#13938,#11294,#11295);
#10115=AXIS2_PLACEMENT_3D('',#13941,#11298,#11299);
#10116=AXIS2_PLACEMENT_3D('',#13943,#11301,#11302);
#10117=AXIS2_PLACEMENT_3D('',#13945,#11304,#11305);
#10118=AXIS2_PLACEMENT_3D('',#13946,#11306,#11307);
#10119=AXIS2_PLACEMENT_3D('',#13949,#11308,#11309);
#10120=AXIS2_PLACEMENT_3D('',#13955,#11313,#11314);
#10121=AXIS2_PLACEMENT_3D('',#13958,#11317,#11318);
#10122=AXIS2_PLACEMENT_3D('',#13964,#11322,#11323);
#10123=AXIS2_PLACEMENT_3D('',#13967,#11324,#11325);
#10124=AXIS2_PLACEMENT_3D('',#13969,#11326,#11327);
#10125=AXIS2_PLACEMENT_3D('',#13971,#11328,#11329);
#10126=AXIS2_PLACEMENT_3D('',#13973,#11330,#11331);
#10127=AXIS2_PLACEMENT_3D('',#13976,#11333,#11334);
#10128=AXIS2_PLACEMENT_3D('',#13980,#11336,#11337);
#10129=AXIS2_PLACEMENT_3D('',#13983,#11339,#11340);
#10130=AXIS2_PLACEMENT_3D('',#13984,#11341,#11342);
#10131=AXIS2_PLACEMENT_3D('',#13985,#11343,#11344);
#10132=AXIS2_PLACEMENT_3D('',#14001,#11353,#11354);
#10133=AXIS2_PLACEMENT_3D('',#14005,#11356,#11357);
#10134=AXIS2_PLACEMENT_3D('',#14009,#11359,#11360);
#10135=AXIS2_PLACEMENT_3D('',#14013,#11362,#11363);
#10136=AXIS2_PLACEMENT_3D('',#14017,#11365,#11366);
#10137=AXIS2_PLACEMENT_3D('',#14021,#11368,#11369);
#10138=AXIS2_PLACEMENT_3D('',#14027,#11372,#11373);
#10139=AXIS2_PLACEMENT_3D('',#14030,#11375,#11376);
#10140=AXIS2_PLACEMENT_3D('',#14033,#11377,#11378);
#10141=AXIS2_PLACEMENT_3D('',#14037,#11380,#11381);
#10142=AXIS2_PLACEMENT_3D('',#14039,#11383,#11384);
#10143=AXIS2_PLACEMENT_3D('',#14048,#11389,#11390);
#10144=AXIS2_PLACEMENT_3D('',#14054,#11394,#11395);
#10145=AXIS2_PLACEMENT_3D('',#14060,#11399,#11400);
#10146=AXIS2_PLACEMENT_3D('',#14063,#11403,#11404);
#10147=AXIS2_PLACEMENT_3D('',#14069,#11408,#11409);
#10148=AXIS2_PLACEMENT_3D('',#14092,#11422,#11423);
#10149=AXIS2_PLACEMENT_3D('',#14093,#11424,#11425);
#10150=AXIS2_PLACEMENT_3D('',#14099,#11429,#11430);
#10151=AXIS2_PLACEMENT_3D('',#14105,#11434,#11435);
#10152=AXIS2_PLACEMENT_3D('',#14111,#11439,#11440);
#10153=AXIS2_PLACEMENT_3D('',#14114,#11443,#11444);
#10154=AXIS2_PLACEMENT_3D('',#14118,#11447,#11448);
#10155=AXIS2_PLACEMENT_3D('',#14119,#11449,#11450);
#10156=AXIS2_PLACEMENT_3D('',#14127,#11456,#11457);
#10157=AXIS2_PLACEMENT_3D('',#14131,#11460,#11461);
#10158=AXIS2_PLACEMENT_3D('',#14137,#11465,#11466);
#10159=AXIS2_PLACEMENT_3D('',#14146,#11471,#11472);
#10160=AXIS2_PLACEMENT_3D('',#14152,#11476,#11477);
#10161=AXIS2_PLACEMENT_3D('',#14158,#11481,#11482);
#10162=AXIS2_PLACEMENT_3D('',#14161,#11485,#11486);
#10163=AXIS2_PLACEMENT_3D('',#14165,#11489,#11490);
#10164=AXIS2_PLACEMENT_3D('',#14169,#11493,#11494);
#10165=AXIS2_PLACEMENT_3D('',#14177,#11499,#11500);
#10166=AXIS2_PLACEMENT_3D('',#14181,#11503,#11504);
#10167=AXIS2_PLACEMENT_3D('',#14189,#11509,#11510);
#10168=AXIS2_PLACEMENT_3D('',#14191,#11512,#11513);
#10169=AXIS2_PLACEMENT_3D('',#14193,#11515,#11516);
#10170=AXIS2_PLACEMENT_3D('',#14195,#11517,#11518);
#10171=AXIS2_PLACEMENT_3D('',#14197,#11519,#11520);
#10172=AXIS2_PLACEMENT_3D('',#14198,#11521,#11522);
#10173=AXIS2_PLACEMENT_3D('',#14199,#11523,#11524);
#10174=AXIS2_PLACEMENT_3D('',#14200,#11525,#11526);
#10175=AXIS2_PLACEMENT_3D('',#14206,#11530,#11531);
#10176=AXIS2_PLACEMENT_3D('',#14210,#11534,#11535);
#10177=AXIS2_PLACEMENT_3D('',#14216,#11539,#11540);
#10178=AXIS2_PLACEMENT_3D('',#14220,#11543,#11544);
#10179=AXIS2_PLACEMENT_3D('',#14222,#11546,#11547);
#10180=AXIS2_PLACEMENT_3D('',#14228,#11551,#11552);
#10181=AXIS2_PLACEMENT_3D('',#14232,#11555,#11556);
#10182=AXIS2_PLACEMENT_3D('',#14236,#11559,#11560);
#10183=AXIS2_PLACEMENT_3D('',#14240,#11563,#11564);
#10184=AXIS2_PLACEMENT_3D('',#14242,#11566,#11567);
#10185=AXIS2_PLACEMENT_3D('',#14248,#11571,#11572);
#10186=AXIS2_PLACEMENT_3D('',#14750,#11584,#11585);
#10187=AXIS2_PLACEMENT_3D('',#14754,#11587,#11588);
#10188=AXIS2_PLACEMENT_3D('',#14758,#11590,#11591);
#10189=AXIS2_PLACEMENT_3D('',#14762,#11593,#11594);
#10190=AXIS2_PLACEMENT_3D('',#14766,#11596,#11597);
#10191=AXIS2_PLACEMENT_3D('',#14769,#11599,#11600);
#10192=AXIS2_PLACEMENT_3D('',#14770,#11601,#11602);
#10193=AXIS2_PLACEMENT_3D('',#14782,#11609,#11610);
#10194=AXIS2_PLACEMENT_3D('',#14784,#11611,#11612);
#10195=AXIS2_PLACEMENT_3D('',#14786,#11613,#11614);
#10196=AXIS2_PLACEMENT_3D('',#14788,#11615,#11616);
#10197=AXIS2_PLACEMENT_3D('',#14790,#11617,#11618);
#10198=AXIS2_PLACEMENT_3D('',#14791,#11619,#11620);
#10199=AXIS2_PLACEMENT_3D('',#14797,#11624,#11625);
#10200=AXIS2_PLACEMENT_3D('',#14804,#11631,#11632);
#10201=AXIS2_PLACEMENT_3D('',#14810,#11636,#11637);
#10202=AXIS2_PLACEMENT_3D('',#14816,#11641,#11642);
#10203=AXIS2_PLACEMENT_3D('',#14820,#11645,#11646);
#10204=AXIS2_PLACEMENT_3D('',#14824,#11649,#11650);
#10205=AXIS2_PLACEMENT_3D('',#14837,#11659,#11660);
#10206=AXIS2_PLACEMENT_3D('',#14839,#11661,#11662);
#10207=AXIS2_PLACEMENT_3D('',#14841,#11663,#11664);
#10208=AXIS2_PLACEMENT_3D('',#14844,#11665,#11666);
#10209=AXIS2_PLACEMENT_3D('',#14848,#11668,#11669);
#10210=AXIS2_PLACEMENT_3D('',#14852,#11671,#11672);
#10211=AXIS2_PLACEMENT_3D('',#14856,#11674,#11675);
#10212=AXIS2_PLACEMENT_3D('',#14858,#11677,#11678);
#10213=AXIS2_PLACEMENT_3D('',#14860,#11680,#11681);
#10214=AXIS2_PLACEMENT_3D('',#14862,#11682,#11683);
#10215=AXIS2_PLACEMENT_3D('',#14864,#11685,#11686);
#10216=AXIS2_PLACEMENT_3D('',#14865,#11687,#11688);
#10217=AXIS2_PLACEMENT_3D('',#14867,#11689,#11690);
#10218=AXIS2_PLACEMENT_3D('',#14868,#11691,#11692);
#10219=AXIS2_PLACEMENT_3D('',#14874,#11696,#11697);
#10220=AXIS2_PLACEMENT_3D('',#14877,#11700,#11701);
#10221=AXIS2_PLACEMENT_3D('',#14880,#11704,#11705);
#10222=AXIS2_PLACEMENT_3D('',#14883,#11708,#11709);
#10223=AXIS2_PLACEMENT_3D('',#14886,#11712,#11713);
#10224=AXIS2_PLACEMENT_3D('',#14888,#11715,#11716);
#10225=AXIS2_PLACEMENT_3D('',#14894,#11719,#11720);
#10226=AXIS2_PLACEMENT_3D('',#14902,#11724,#11725);
#10227=AXIS2_PLACEMENT_3D('',#14917,#11735,#11736);
#10228=AXIS2_PLACEMENT_3D('',#14919,#11737,#11738);
#10229=AXIS2_PLACEMENT_3D('',#14921,#11739,#11740);
#10230=AXIS2_PLACEMENT_3D('',#14923,#11741,#11742);
#10231=AXIS2_PLACEMENT_3D('',#14925,#11743,#11744);
#10232=AXIS2_PLACEMENT_3D('',#14928,#11745,#11746);
#10233=AXIS2_PLACEMENT_3D('',#14929,#11747,#11748);
#10234=AXIS2_PLACEMENT_3D('',#14931,#11749,#11750);
#10235=AXIS2_PLACEMENT_3D('',#14933,#11751,#11752);
#10236=AXIS2_PLACEMENT_3D('',#14935,#11753,#11754);
#10237=AXIS2_PLACEMENT_3D('',#14936,#11755,#11756);
#10238=AXIS2_PLACEMENT_3D('',#14938,#11758,#11759);
#10239=AXIS2_PLACEMENT_3D('',#14940,#11761,#11762);
#10240=AXIS2_PLACEMENT_3D('',#14941,#11763,#11764);
#10241=AXIS2_PLACEMENT_3D('',#14942,#11765,#11766);
#10242=AXIS2_PLACEMENT_3D('',#14950,#11771,#11772);
#10243=AXIS2_PLACEMENT_3D('',#14961,#11775,#11776);
#10244=AXIS2_PLACEMENT_3D('',#15045,#11781,#11782);
#10245=AXIS2_PLACEMENT_3D('',#15116,#11787,#11788);
#10246=AXIS2_PLACEMENT_3D('',#15118,#11789,#11790);
#10247=AXIS2_PLACEMENT_3D('',#15125,#11794,#11795);
#10248=AXIS2_PLACEMENT_3D('',#15126,#11796,#11797);
#10249=AXIS2_PLACEMENT_3D('',#15128,#11798,#11799);
#10250=AXIS2_PLACEMENT_3D('',#15131,#11800,#11801);
#10251=AXIS2_PLACEMENT_3D('',#15132,#11802,#11803);
#10252=AXIS2_PLACEMENT_3D('',#15133,#11804,#11805);
#10253=AXIS2_PLACEMENT_3D('',#15135,#11806,#11807);
#10254=AXIS2_PLACEMENT_3D('',#15137,#11808,#11809);
#10255=AXIS2_PLACEMENT_3D('',#15138,#11810,#11811);
#10256=AXIS2_PLACEMENT_3D('',#15140,#11812,#11813);
#10257=AXIS2_PLACEMENT_3D('',#15142,#11814,#11815);
#10258=AXIS2_PLACEMENT_3D('',#15143,#11816,#11817);
#10259=AXIS2_PLACEMENT_3D('',#15145,#11818,#11819);
#10260=AXIS2_PLACEMENT_3D('',#15147,#11820,#11821);
#10261=AXIS2_PLACEMENT_3D('',#15148,#11822,#11823);
#10262=AXIS2_PLACEMENT_3D('',#15151,#11825,#11826);
#10263=AXIS2_PLACEMENT_3D('',#15152,#11827,#11828);
#10264=AXIS2_PLACEMENT_3D('',#15155,#11830,#11831);
#10265=AXIS2_PLACEMENT_3D('',#15156,#11832,#11833);
#10266=AXIS2_PLACEMENT_3D('',#15158,#11835,#11836);
#10267=AXIS2_PLACEMENT_3D('',#15161,#11838,#11839);
#10268=AXIS2_PLACEMENT_3D('',#15162,#11840,#11841);
#10269=AXIS2_PLACEMENT_3D('',#15164,#11843,#11844);
#10270=AXIS2_PLACEMENT_3D('',#15167,#11847,#11848);
#10271=AXIS2_PLACEMENT_3D('',#15168,#11849,#11850);
#10272=AXIS2_PLACEMENT_3D('',#15171,#11852,#11853);
#10273=AXIS2_PLACEMENT_3D('',#15172,#11854,#11855);
#10274=AXIS2_PLACEMENT_3D('',#15174,#11857,#11858);
#10275=AXIS2_PLACEMENT_3D('',#15176,#11859,#11860);
#10276=AXIS2_PLACEMENT_3D('',#15177,#11861,#11862);
#10277=AXIS2_PLACEMENT_3D('',#15179,#11863,#11864);
#10278=AXIS2_PLACEMENT_3D('',#15180,#11865,#11866);
#10279=AXIS2_PLACEMENT_3D('',#15182,#11867,#11868);
#10280=AXIS2_PLACEMENT_3D('',#15183,#11869,#11870);
#10281=AXIS2_PLACEMENT_3D('',#15185,#11871,#11872);
#10282=AXIS2_PLACEMENT_3D('',#15186,#11873,#11874);
#10283=AXIS2_PLACEMENT_3D('',#15188,#11876,#11877);
#10284=AXIS2_PLACEMENT_3D('',#15190,#11879,#11880);
#10285=AXIS2_PLACEMENT_3D('',#15192,#11882,#11883);
#10286=AXIS2_PLACEMENT_3D('',#15194,#11885,#11886);
#10287=AXIS2_PLACEMENT_3D('',#15196,#11888,#11889);
#10288=AXIS2_PLACEMENT_3D('',#15198,#11891,#11892);
#10289=AXIS2_PLACEMENT_3D('',#15200,#11894,#11895);
#10290=AXIS2_PLACEMENT_3D('',#15202,#11897,#11898);
#10291=AXIS2_PLACEMENT_3D('',#15204,#11900,#11901);
#10292=AXIS2_PLACEMENT_3D('',#15207,#11904,#11905);
#10293=AXIS2_PLACEMENT_3D('',#15209,#11907,#11908);
#10294=AXIS2_PLACEMENT_3D('',#15210,#11909,#11910);
#10295=AXIS2_PLACEMENT_3D('',#15212,#11912,#11913);
#10296=AXIS2_PLACEMENT_3D('',#15214,#11915,#11916);
#10297=AXIS2_PLACEMENT_3D('',#15216,#11918,#11919);
#10298=AXIS2_PLACEMENT_3D('',#15218,#11921,#11922);
#10299=AXIS2_PLACEMENT_3D('',#15220,#11924,#11925);
#10300=AXIS2_PLACEMENT_3D('',#15222,#11927,#11928);
#10301=AXIS2_PLACEMENT_3D('',#15224,#11930,#11931);
#10302=AXIS2_PLACEMENT_3D('',#15226,#11933,#11934);
#10303=AXIS2_PLACEMENT_3D('',#15228,#11936,#11937);
#10304=AXIS2_PLACEMENT_3D('',#15229,#11938,#11939);
#10305=AXIS2_PLACEMENT_3D('',#15230,#11940,#11941);
#10306=AXIS2_PLACEMENT_3D('',#15239,#11948,#11949);
#10307=AXIS2_PLACEMENT_3D('',#15243,#11953,#11954);
#10308=AXIS2_PLACEMENT_3D('',#15245,#11956,#11957);
#10309=AXIS2_PLACEMENT_3D('',#15246,#11958,#11959);
#10310=AXIS2_PLACEMENT_3D('',#15249,#11962,#11963);
#10311=AXIS2_PLACEMENT_3D('',#15250,#11964,#11965);
#10312=AXIS2_PLACEMENT_3D('',#15256,#11969,#11970);
#10313=AXIS2_PLACEMENT_3D('',#15260,#11973,#11974);
#10314=AXIS2_PLACEMENT_3D('',#15263,#11977,#11978);
#10315=AXIS2_PLACEMENT_3D('',#15269,#11982,#11983);
#10316=AXIS2_PLACEMENT_3D('',#15273,#11985,#11986);
#10317=AXIS2_PLACEMENT_3D('',#15275,#11988,#11989);
#10318=AXIS2_PLACEMENT_3D('',#15279,#11992,#11993);
#10319=AXIS2_PLACEMENT_3D('',#15282,#11995,#11996);
#10320=AXIS2_PLACEMENT_3D('',#15283,#11997,#11998);
#10321=AXIS2_PLACEMENT_3D('',#15287,#12001,#12002);
#10322=AXIS2_PLACEMENT_3D('',#15291,#12005,#12006);
#10323=AXIS2_PLACEMENT_3D('',#15293,#12008,#12009);
#10324=AXIS2_PLACEMENT_3D('',#15294,#12010,#12011);
#10325=AXIS2_PLACEMENT_3D('',#15296,#12012,#12013);
#10326=AXIS2_PLACEMENT_3D('',#15298,#12015,#12016);
#10327=AXIS2_PLACEMENT_3D('',#15300,#12017,#12018);
#10328=AXIS2_PLACEMENT_3D('',#15302,#12020,#12021);
#10329=AXIS2_PLACEMENT_3D('',#15304,#12023,#12024);
#10330=AXIS2_PLACEMENT_3D('',#15305,#12025,#12026);
#10331=AXIS2_PLACEMENT_3D('',#15313,#12031,#12032);
#10332=AXIS2_PLACEMENT_3D('',#15317,#12034,#12035);
#10333=AXIS2_PLACEMENT_3D('',#15319,#12037,#12038);
#10334=AXIS2_PLACEMENT_3D('',#15322,#12039,#12040);
#10335=AXIS2_PLACEMENT_3D('',#15326,#12042,#12043);
#10336=AXIS2_PLACEMENT_3D('',#15330,#12045,#12046);
#10337=AXIS2_PLACEMENT_3D('',#15334,#12048,#12049);
#10338=AXIS2_PLACEMENT_3D('',#15338,#12051,#12052);
#10339=AXIS2_PLACEMENT_3D('',#15342,#12054,#12055);
#10340=AXIS2_PLACEMENT_3D('',#15346,#12057,#12058);
#10341=AXIS2_PLACEMENT_3D('',#15350,#12060,#12061);
#10342=AXIS2_PLACEMENT_3D('',#15354,#12063,#12064);
#10343=AXIS2_PLACEMENT_3D('',#15358,#12066,#12067);
#10344=AXIS2_PLACEMENT_3D('',#15360,#12069,#12070);
#10345=AXIS2_PLACEMENT_3D('',#15363,#12071,#12072);
#10346=AXIS2_PLACEMENT_3D('',#15367,#12074,#12075);
#10347=AXIS2_PLACEMENT_3D('',#15371,#12077,#12078);
#10348=AXIS2_PLACEMENT_3D('',#15375,#12080,#12081);
#10349=AXIS2_PLACEMENT_3D('',#15379,#12083,#12084);
#10350=AXIS2_PLACEMENT_3D('',#15383,#12086,#12087);
#10351=AXIS2_PLACEMENT_3D('',#15389,#12090,#12091);
#10352=AXIS2_PLACEMENT_3D('',#15392,#12093,#12094);
#10353=AXIS2_PLACEMENT_3D('',#15395,#12095,#12096);
#10354=AXIS2_PLACEMENT_3D('',#15399,#12098,#12099);
#10355=AXIS2_PLACEMENT_3D('',#15401,#12101,#12102);
#10356=AXIS2_PLACEMENT_3D('',#15402,#12103,#12104);
#10357=AXIS2_PLACEMENT_3D('',#15403,#12105,#12106);
#10358=AXIS2_PLACEMENT_3D('',#15406,#12109,#12110);
#10359=AXIS2_PLACEMENT_3D('',#15408,#12112,#12113);
#10360=AXIS2_PLACEMENT_3D('',#15410,#12115,#12116);
#10361=AXIS2_PLACEMENT_3D('',#15411,#12117,#12118);
#10362=AXIS2_PLACEMENT_3D('',#15414,#12121,#12122);
#10363=AXIS2_PLACEMENT_3D('',#15416,#12124,#12125);
#10364=AXIS2_PLACEMENT_3D('',#15418,#12127,#12128);
#10365=AXIS2_PLACEMENT_3D('',#15419,#12129,#12130);
#10366=AXIS2_PLACEMENT_3D('',#15422,#12133,#12134);
#10367=AXIS2_PLACEMENT_3D('',#15424,#12136,#12137);
#10368=AXIS2_PLACEMENT_3D('',#15426,#12139,#12140);
#10369=AXIS2_PLACEMENT_3D('',#15427,#12141,#12142);
#10370=AXIS2_PLACEMENT_3D('',#15430,#12145,#12146);
#10371=AXIS2_PLACEMENT_3D('',#15432,#12148,#12149);
#10372=AXIS2_PLACEMENT_3D('',#15434,#12151,#12152);
#10373=AXIS2_PLACEMENT_3D('',#15435,#12153,#12154);
#10374=AXIS2_PLACEMENT_3D('',#15438,#12157,#12158);
#10375=AXIS2_PLACEMENT_3D('',#15440,#12160,#12161);
#10376=AXIS2_PLACEMENT_3D('',#15442,#12163,#12164);
#10377=AXIS2_PLACEMENT_3D('',#15443,#12165,#12166);
#10378=AXIS2_PLACEMENT_3D('',#15446,#12169,#12170);
#10379=AXIS2_PLACEMENT_3D('',#15448,#12172,#12173);
#10380=AXIS2_PLACEMENT_3D('',#15450,#12175,#12176);
#10381=AXIS2_PLACEMENT_3D('',#15451,#12177,#12178);
#10382=AXIS2_PLACEMENT_3D('',#15454,#12181,#12182);
#10383=AXIS2_PLACEMENT_3D('',#15456,#12184,#12185);
#10384=AXIS2_PLACEMENT_3D('',#15458,#12187,#12188);
#10385=AXIS2_PLACEMENT_3D('',#15459,#12189,#12190);
#10386=AXIS2_PLACEMENT_3D('',#15462,#12193,#12194);
#10387=AXIS2_PLACEMENT_3D('',#15464,#12196,#12197);
#10388=AXIS2_PLACEMENT_3D('',#15466,#12199,#12200);
#10389=AXIS2_PLACEMENT_3D('',#15467,#12201,#12202);
#10390=AXIS2_PLACEMENT_3D('',#15470,#12205,#12206);
#10391=AXIS2_PLACEMENT_3D('',#15472,#12208,#12209);
#10392=AXIS2_PLACEMENT_3D('',#15474,#12211,#12212);
#10393=AXIS2_PLACEMENT_3D('',#15475,#12213,#12214);
#10394=AXIS2_PLACEMENT_3D('',#15478,#12217,#12218);
#10395=AXIS2_PLACEMENT_3D('',#15480,#12220,#12221);
#10396=AXIS2_PLACEMENT_3D('',#15482,#12223,#12224);
#10397=AXIS2_PLACEMENT_3D('',#15483,#12225,#12226);
#10398=AXIS2_PLACEMENT_3D('',#15485,#12228,#12229);
#10399=AXIS2_PLACEMENT_3D('',#15487,#12231,#12232);
#10400=AXIS2_PLACEMENT_3D('',#15488,#12233,#12234);
#10401=AXIS2_PLACEMENT_3D('',#15489,#12235,#12236);
#10402=AXIS2_PLACEMENT_3D('',#15491,#12238,#12239);
#10403=AXIS2_PLACEMENT_3D('',#15493,#12241,#12242);
#10404=AXIS2_PLACEMENT_3D('',#15495,#12244,#12245);
#10405=AXIS2_PLACEMENT_3D('',#15496,#12246,#12247);
#10406=AXIS2_PLACEMENT_3D('',#15505,#12252,#12253);
#10407=AXIS2_PLACEMENT_3D('',#15647,#12325,#12326);
#10408=AXIS2_PLACEMENT_3D('',#15655,#12331,#12332);
#10409=AXIS2_PLACEMENT_3D('',#15661,#12336,#12337);
#10410=AXIS2_PLACEMENT_3D('',#15665,#12340,#12341);
#10411=AXIS2_PLACEMENT_3D('',#15669,#12344,#12345);
#10412=AXIS2_PLACEMENT_3D('',#15673,#12348,#12349);
#10413=AXIS2_PLACEMENT_3D('',#15677,#12352,#12353);
#10414=AXIS2_PLACEMENT_3D('',#15681,#12356,#12357);
#10415=AXIS2_PLACEMENT_3D('',#15685,#12360,#12361);
#10416=AXIS2_PLACEMENT_3D('',#15689,#12364,#12365);
#10417=AXIS2_PLACEMENT_3D('',#15693,#12368,#12369);
#10418=AXIS2_PLACEMENT_3D('',#15697,#12372,#12373);
#10419=AXIS2_PLACEMENT_3D('',#15701,#12376,#12377);
#10420=AXIS2_PLACEMENT_3D('',#15705,#12380,#12381);
#10421=AXIS2_PLACEMENT_3D('',#15709,#12384,#12385);
#10422=AXIS2_PLACEMENT_3D('',#15713,#12388,#12389);
#10423=AXIS2_PLACEMENT_3D('',#15717,#12392,#12393);
#10424=AXIS2_PLACEMENT_3D('',#15721,#12396,#12397);
#10425=AXIS2_PLACEMENT_3D('',#15725,#12400,#12401);
#10426=AXIS2_PLACEMENT_3D('',#15729,#12404,#12405);
#10427=AXIS2_PLACEMENT_3D('',#15733,#12408,#12409);
#10428=AXIS2_PLACEMENT_3D('',#15737,#12412,#12413);
#10429=AXIS2_PLACEMENT_3D('',#15741,#12416,#12417);
#10430=AXIS2_PLACEMENT_3D('',#15745,#12420,#12421);
#10431=AXIS2_PLACEMENT_3D('',#15749,#12424,#12425);
#10432=AXIS2_PLACEMENT_3D('',#15753,#12428,#12429);
#10433=AXIS2_PLACEMENT_3D('',#15757,#12432,#12433);
#10434=AXIS2_PLACEMENT_3D('',#15761,#12436,#12437);
#10435=AXIS2_PLACEMENT_3D('',#15765,#12440,#12441);
#10436=AXIS2_PLACEMENT_3D('',#15779,#12449,#12450);
#10437=AXIS2_PLACEMENT_3D('',#15786,#12454,#12455);
#10438=AXIS2_PLACEMENT_3D('',#15788,#12456,#12457);
#10439=AXIS2_PLACEMENT_3D('',#15789,#12458,#12459);
#10440=AXIS2_PLACEMENT_3D('',#15795,#12463,#12464);
#10441=AXIS2_PLACEMENT_3D('',#15801,#12468,#12469);
#10442=AXIS2_PLACEMENT_3D('',#15809,#12474,#12475);
#10443=AXIS2_PLACEMENT_3D('',#15813,#12478,#12479);
#10444=AXIS2_PLACEMENT_3D('',#15817,#12482,#12483);
#10445=AXIS2_PLACEMENT_3D('',#15821,#12486,#12487);
#10446=AXIS2_PLACEMENT_3D('',#15827,#12491,#12492);
#10447=AXIS2_PLACEMENT_3D('',#15832,#12495,#12496);
#10448=AXIS2_PLACEMENT_3D('',#15833,#12497,#12498);
#10449=AXIS2_PLACEMENT_3D('',#15911,#12538,#12539);
#10450=AXIS2_PLACEMENT_3D('',#15912,#12540,#12541);
#10451=AXIS2_PLACEMENT_3D('',#15922,#12548,#12549);
#10452=AXIS2_PLACEMENT_3D('',#15924,#12551,#12552);
#10453=AXIS2_PLACEMENT_3D('',#15925,#12553,#12554);
#10454=AXIS2_PLACEMENT_3D('',#15926,#12555,#12556);
#10455=AXIS2_PLACEMENT_3D('',#15928,#12558,#12559);
#10456=AXIS2_PLACEMENT_3D('',#15931,#12562,#12563);
#10457=AXIS2_PLACEMENT_3D('',#15933,#12565,#12566);
#10458=AXIS2_PLACEMENT_3D('',#15935,#12568,#12569);
#10459=AXIS2_PLACEMENT_3D('',#15936,#12570,#12571);
#10460=AXIS2_PLACEMENT_3D('',#15939,#12574,#12575);
#10461=AXIS2_PLACEMENT_3D('',#15942,#12578,#12579);
#10462=AXIS2_PLACEMENT_3D('',#15945,#12582,#12583);
#10463=AXIS2_PLACEMENT_3D('',#15948,#12586,#12587);
#10464=AXIS2_PLACEMENT_3D('',#15951,#12590,#12591);
#10465=AXIS2_PLACEMENT_3D('',#15954,#12594,#12595);
#10466=AXIS2_PLACEMENT_3D('',#15957,#12598,#12599);
#10467=AXIS2_PLACEMENT_3D('',#15959,#12601,#12602);
#10468=AXIS2_PLACEMENT_3D('',#15961,#12604,#12605);
#10469=AXIS2_PLACEMENT_3D('',#15963,#12607,#12608);
#10470=AXIS2_PLACEMENT_3D('',#15964,#12609,#12610);
#10471=AXIS2_PLACEMENT_3D('',#15966,#12612,#12613);
#10472=AXIS2_PLACEMENT_3D('',#15968,#12615,#12616);
#10473=AXIS2_PLACEMENT_3D('',#15969,#12617,#12618);
#10474=AXIS2_PLACEMENT_3D('',#15971,#12620,#12621);
#10475=AXIS2_PLACEMENT_3D('',#15973,#12623,#12624);
#10476=AXIS2_PLACEMENT_3D('',#15974,#12625,#12626);
#10477=AXIS2_PLACEMENT_3D('',#15976,#12628,#12629);
#10478=AXIS2_PLACEMENT_3D('',#15978,#12631,#12632);
#10479=AXIS2_PLACEMENT_3D('',#15979,#12633,#12634);
#10480=AXIS2_PLACEMENT_3D('',#15981,#12636,#12637);
#10481=AXIS2_PLACEMENT_3D('',#15983,#12639,#12640);
#10482=AXIS2_PLACEMENT_3D('',#15984,#12641,#12642);
#10483=AXIS2_PLACEMENT_3D('',#15986,#12644,#12645);
#10484=AXIS2_PLACEMENT_3D('',#15988,#12647,#12648);
#10485=AXIS2_PLACEMENT_3D('',#15989,#12649,#12650);
#10486=AXIS2_PLACEMENT_3D('',#15991,#12652,#12653);
#10487=AXIS2_PLACEMENT_3D('',#15993,#12655,#12656);
#10488=AXIS2_PLACEMENT_3D('',#15994,#12657,#12658);
#10489=AXIS2_PLACEMENT_3D('',#15996,#12660,#12661);
#10490=AXIS2_PLACEMENT_3D('',#15998,#12663,#12664);
#10491=AXIS2_PLACEMENT_3D('',#15999,#12665,#12666);
#10492=AXIS2_PLACEMENT_3D('',#16001,#12668,#12669);
#10493=AXIS2_PLACEMENT_3D('',#16003,#12671,#12672);
#10494=AXIS2_PLACEMENT_3D('',#16006,#12675,#12676);
#10495=AXIS2_PLACEMENT_3D('',#16007,#12677,#12678);
#10496=AXIS2_PLACEMENT_3D('',#16008,#12679,#12680);
#10497=AXIS2_PLACEMENT_3D('',#16017,#12685,#12686);
#10498=AXIS2_PLACEMENT_3D('',#16024,#12690,#12691);
#10499=AXIS2_PLACEMENT_3D('',#16025,#12692,#12693);
#10500=AXIS2_PLACEMENT_3D('',#16031,#12697,#12698);
#10501=AXIS2_PLACEMENT_3D('',#16045,#12706,#12707);
#10502=AXIS2_PLACEMENT_3D('',#16051,#12711,#12712);
#10503=AXIS2_PLACEMENT_3D('',#16191,#12783,#12784);
#10504=AXIS2_PLACEMENT_3D('',#16199,#12789,#12790);
#10505=AXIS2_PLACEMENT_3D('',#16205,#12794,#12795);
#10506=AXIS2_PLACEMENT_3D('',#16209,#12798,#12799);
#10507=AXIS2_PLACEMENT_3D('',#16213,#12802,#12803);
#10508=AXIS2_PLACEMENT_3D('',#16217,#12806,#12807);
#10509=AXIS2_PLACEMENT_3D('',#16221,#12810,#12811);
#10510=AXIS2_PLACEMENT_3D('',#16225,#12814,#12815);
#10511=AXIS2_PLACEMENT_3D('',#16229,#12818,#12819);
#10512=AXIS2_PLACEMENT_3D('',#16233,#12822,#12823);
#10513=AXIS2_PLACEMENT_3D('',#16237,#12826,#12827);
#10514=AXIS2_PLACEMENT_3D('',#16241,#12830,#12831);
#10515=AXIS2_PLACEMENT_3D('',#16245,#12834,#12835);
#10516=AXIS2_PLACEMENT_3D('',#16249,#12838,#12839);
#10517=AXIS2_PLACEMENT_3D('',#16253,#12842,#12843);
#10518=AXIS2_PLACEMENT_3D('',#16257,#12846,#12847);
#10519=AXIS2_PLACEMENT_3D('',#16261,#12850,#12851);
#10520=AXIS2_PLACEMENT_3D('',#16265,#12854,#12855);
#10521=AXIS2_PLACEMENT_3D('',#16269,#12858,#12859);
#10522=AXIS2_PLACEMENT_3D('',#16273,#12862,#12863);
#10523=AXIS2_PLACEMENT_3D('',#16277,#12866,#12867);
#10524=AXIS2_PLACEMENT_3D('',#16281,#12870,#12871);
#10525=AXIS2_PLACEMENT_3D('',#16285,#12874,#12875);
#10526=AXIS2_PLACEMENT_3D('',#16289,#12878,#12879);
#10527=AXIS2_PLACEMENT_3D('',#16293,#12882,#12883);
#10528=AXIS2_PLACEMENT_3D('',#16297,#12886,#12887);
#10529=AXIS2_PLACEMENT_3D('',#16301,#12890,#12891);
#10530=AXIS2_PLACEMENT_3D('',#16305,#12894,#12895);
#10531=AXIS2_PLACEMENT_3D('',#16307,#12897,#12898);
#10532=AXIS2_PLACEMENT_3D('',#16314,#12902,#12903);
#10533=AXIS2_PLACEMENT_3D('',#16316,#12904,#12905);
#10534=AXIS2_PLACEMENT_3D('',#16317,#12906,#12907);
#10535=AXIS2_PLACEMENT_3D('',#16323,#12911,#12912);
#10536=AXIS2_PLACEMENT_3D('',#16329,#12916,#12917);
#10537=AXIS2_PLACEMENT_3D('',#16337,#12922,#12923);
#10538=AXIS2_PLACEMENT_3D('',#16341,#12926,#12927);
#10539=AXIS2_PLACEMENT_3D('',#16345,#12930,#12931);
#10540=AXIS2_PLACEMENT_3D('',#16349,#12934,#12935);
#10541=AXIS2_PLACEMENT_3D('',#16427,#12975,#12976);
#10542=AXIS2_PLACEMENT_3D('',#16428,#12977,#12978);
#10543=AXIS2_PLACEMENT_3D('',#16432,#12981,#12982);
#10544=AXIS2_PLACEMENT_3D('',#16434,#12984,#12985);
#10545=AXIS2_PLACEMENT_3D('',#16436,#12987,#12988);
#10546=AXIS2_PLACEMENT_3D('',#16438,#12990,#12991);
#10547=AXIS2_PLACEMENT_3D('',#16441,#12994,#12995);
#10548=AXIS2_PLACEMENT_3D('',#16443,#12997,#12998);
#10549=AXIS2_PLACEMENT_3D('',#16445,#13000,#13001);
#10550=AXIS2_PLACEMENT_3D('',#16446,#13002,#13003);
#10551=AXIS2_PLACEMENT_3D('',#16449,#13006,#13007);
#10552=AXIS2_PLACEMENT_3D('',#16452,#13010,#13011);
#10553=AXIS2_PLACEMENT_3D('',#16455,#13014,#13015);
#10554=AXIS2_PLACEMENT_3D('',#16458,#13018,#13019);
#10555=AXIS2_PLACEMENT_3D('',#16461,#13022,#13023);
#10556=AXIS2_PLACEMENT_3D('',#16464,#13026,#13027);
#10557=AXIS2_PLACEMENT_3D('',#16467,#13030,#13031);
#10558=AXIS2_PLACEMENT_3D('',#16469,#13033,#13034);
#10559=AXIS2_PLACEMENT_3D('',#16471,#13036,#13037);
#10560=AXIS2_PLACEMENT_3D('',#16473,#13039,#13040);
#10561=AXIS2_PLACEMENT_3D('',#16474,#13041,#13042);
#10562=AXIS2_PLACEMENT_3D('',#16476,#13044,#13045);
#10563=AXIS2_PLACEMENT_3D('',#16478,#13047,#13048);
#10564=AXIS2_PLACEMENT_3D('',#16479,#13049,#13050);
#10565=AXIS2_PLACEMENT_3D('',#16481,#13052,#13053);
#10566=AXIS2_PLACEMENT_3D('',#16483,#13055,#13056);
#10567=AXIS2_PLACEMENT_3D('',#16484,#13057,#13058);
#10568=AXIS2_PLACEMENT_3D('',#16486,#13060,#13061);
#10569=AXIS2_PLACEMENT_3D('',#16488,#13063,#13064);
#10570=AXIS2_PLACEMENT_3D('',#16489,#13065,#13066);
#10571=AXIS2_PLACEMENT_3D('',#16491,#13068,#13069);
#10572=AXIS2_PLACEMENT_3D('',#16493,#13071,#13072);
#10573=AXIS2_PLACEMENT_3D('',#16494,#13073,#13074);
#10574=AXIS2_PLACEMENT_3D('',#16496,#13076,#13077);
#10575=AXIS2_PLACEMENT_3D('',#16498,#13079,#13080);
#10576=AXIS2_PLACEMENT_3D('',#16499,#13081,#13082);
#10577=AXIS2_PLACEMENT_3D('',#16501,#13084,#13085);
#10578=AXIS2_PLACEMENT_3D('',#16503,#13087,#13088);
#10579=AXIS2_PLACEMENT_3D('',#16504,#13089,#13090);
#10580=AXIS2_PLACEMENT_3D('',#16506,#13092,#13093);
#10581=AXIS2_PLACEMENT_3D('',#16508,#13095,#13096);
#10582=AXIS2_PLACEMENT_3D('',#16509,#13097,#13098);
#10583=AXIS2_PLACEMENT_3D('',#16511,#13100,#13101);
#10584=AXIS2_PLACEMENT_3D('',#16513,#13103,#13104);
#10585=AXIS2_PLACEMENT_3D('',#16517,#13107,#13108);
#10586=AXIS2_PLACEMENT_3D('',#16519,#13110,#13111);
#10587=DIRECTION('axis',(0.,0.,1.));
#10588=DIRECTION('refdir',(1.,0.,0.));
#10589=DIRECTION('center_axis',(-0.707106779796944,4.10966260494307E-14,
-0.707106782576151));
#10590=DIRECTION('ref_axis',(-0.707106782576151,0.,0.707106779796944));
#10591=DIRECTION('',(-0.707088624193833,-0.00716651948549045,0.707088621414697));
#10592=DIRECTION('',(-0.577350270702437,0.577350268433189,0.577350268433251));
#10593=DIRECTION('',(5.80671875352797E-14,1.,5.22185056113944E-17));
#10594=DIRECTION('',(0.707106782576151,-3.66883632766069E-14,-0.707106779796944));
#10595=DIRECTION('',(-5.80671875352797E-14,-1.,-5.22185056113944E-17));
#10596=DIRECTION('center_axis',(-0.707106781186628,-0.707106781186467,-3.09896350090635E-9));
#10597=DIRECTION('ref_axis',(-4.38259621228047E-9,0.,1.));
#10598=DIRECTION('',(0.0101350405692794,-0.0101350449514277,0.999897275632098));
#10599=DIRECTION('',(-4.38259616006219E-9,-5.22182779904322E-17,1.));
#10600=DIRECTION('',(-0.707106656427031,0.707106656424588,0.000594034195236045));
#10601=DIRECTION('',(4.38259616006219E-9,5.22182779904322E-17,-1.));
#10602=DIRECTION('center_axis',(-5.56974597828503E-17,5.22185056113976E-17,
-1.));
#10603=DIRECTION('ref_axis',(-1.,3.41671135828391E-14,5.56974597828521E-17));
#10604=DIRECTION('',(1.,-5.19373993304898E-14,-5.56974597828531E-17));
#10605=DIRECTION('',(1.,-3.41671135828391E-14,-5.56974597828521E-17));
#10606=DIRECTION('',(5.19306819768417E-14,1.,5.22185056113948E-17));
#10607=DIRECTION('',(-1.,5.04870979341448E-29,5.56974597828503E-17));
#10608=DIRECTION('',(5.19306819768417E-14,1.,5.22185056113948E-17));
#10609=DIRECTION('',(1.,-3.41671135828391E-14,-5.56974597828521E-17));
#10610=DIRECTION('',(-5.80692991877841E-14,-1.,-5.22185056113944E-17));
#10611=DIRECTION('',(1.,-5.19373993304898E-14,-5.56974597828925E-17));
#10612=DIRECTION('',(3.41671135828391E-14,1.,2.27266455486171E-15));
#10613=DIRECTION('',(1.,-5.04870979341448E-29,-5.56974597828503E-17));
#10614=DIRECTION('',(3.41671135828391E-14,1.,5.22185056113957E-17));
#10615=DIRECTION('center_axis',(-5.19373993304898E-14,-1.,-5.22185056110791E-17));
#10616=DIRECTION('ref_axis',(0.,5.22185056110791E-17,-1.));
#10617=DIRECTION('',(-0.999999647123437,5.19373371346988E-14,0.000840091067165129));
#10618=DIRECTION('',(-4.38259224538055E-9,-5.22182779906355E-17,1.));
#10619=DIRECTION('',(-1.,5.19373993307187E-14,-4.38262350493163E-9));
#10620=DIRECTION('',(-1.,5.19373993304897E-14,1.25822244560193E-12));
#10621=DIRECTION('center_axis',(3.41671135828391E-14,1.,5.22185056113926E-17));
#10622=DIRECTION('ref_axis',(-1.,3.41671135828391E-14,5.56974597828521E-17));
#10623=DIRECTION('',(-1.78415561233987E-30,-5.22185056110791E-17,1.));
#10624=DIRECTION('',(-1.,3.41671135828391E-14,5.56974597828521E-17));
#10625=DIRECTION('',(-5.56974597828503E-17,5.22185056113976E-17,-1.));
#10626=DIRECTION('center_axis',(5.19373993304898E-14,1.,5.22185056110791E-17));
#10627=DIRECTION('ref_axis',(-1.,0.,5.56974587749844E-17));
#10628=DIRECTION('',(5.56974587749844E-17,-5.2218505611082E-17,1.));
#10629=DIRECTION('center_axis',(5.19373993304898E-14,1.,5.22185056110791E-17));
#10630=DIRECTION('ref_axis',(1.,0.,-5.56974587749844E-17));
#10631=DIRECTION('',(-5.56974587749844E-17,5.2218505611082E-17,-1.));
#10632=DIRECTION('center_axis',(5.19373993304898E-14,1.,5.22185056110791E-17));
#10633=DIRECTION('ref_axis',(-1.,0.,5.56974587749844E-17));
#10634=DIRECTION('',(5.56974587749844E-17,-5.2218505611082E-17,1.));
#10635=DIRECTION('center_axis',(5.19373993304898E-14,1.,5.22185056110791E-17));
#10636=DIRECTION('ref_axis',(1.,0.,-5.56974587749844E-17));
#10637=DIRECTION('',(-5.56974587749844E-17,5.2218505611082E-17,-1.));
#10638=DIRECTION('center_axis',(5.19373993304898E-14,1.,5.22185056110791E-17));
#10639=DIRECTION('ref_axis',(-1.,0.,5.56974587749844E-17));
#10640=DIRECTION('',(5.56974587749844E-17,-5.2218505611082E-17,1.));
#10641=DIRECTION('center_axis',(5.19373993304898E-14,1.,5.22185056110791E-17));
#10642=DIRECTION('ref_axis',(1.,0.,-5.56974587749844E-17));
#10643=DIRECTION('',(-5.56974587749844E-17,5.2218505611082E-17,-1.));
#10644=DIRECTION('center_axis',(5.19373993304898E-14,1.,5.22185056110791E-17));
#10645=DIRECTION('ref_axis',(-1.,0.,5.56974587749844E-17));
#10646=DIRECTION('',(5.56974587749844E-17,-5.2218505611082E-17,1.));
#10647=DIRECTION('center_axis',(5.19373993304898E-14,1.,5.22185056110791E-17));
#10648=DIRECTION('ref_axis',(1.,0.,-5.56974587749844E-17));
#10649=DIRECTION('',(-5.56974587749844E-17,5.2218505611082E-17,-1.));
#10650=DIRECTION('center_axis',(5.19373993304898E-14,1.,5.22185056110791E-17));
#10651=DIRECTION('ref_axis',(-1.,0.,5.56974587749844E-17));
#10652=DIRECTION('',(5.56974587749844E-17,-5.2218505611082E-17,1.));
#10653=DIRECTION('center_axis',(5.19373993304898E-14,1.,5.22185056110791E-17));
#10654=DIRECTION('ref_axis',(1.,0.,-5.56974587749844E-17));
#10655=DIRECTION('',(-5.56974587749844E-17,5.2218505611082E-17,-1.));
#10656=DIRECTION('center_axis',(-1.,5.80671875355085E-14,-4.38259616006219E-9));
#10657=DIRECTION('ref_axis',(4.38259616006219E-9,2.5628981179203E-14,-1.));
#10658=DIRECTION('',(-4.38237163182766E-9,-0.0101355571268231,0.999948633921628));
#10659=DIRECTION('center_axis',(1.,-5.80671875355085E-14,4.38259616006219E-9));
#10660=DIRECTION('ref_axis',(-4.3825961600579E-9,-2.0770693513422E-9,1.));
#10661=DIRECTION('',(4.38237876562177E-9,0.00997345862866271,-0.999950263824648));
#10662=DIRECTION('',(5.80369086122801E-14,1.,1.7815786899614E-14));
#10663=DIRECTION('',(-4.38259615239215E-9,-7.38776825583184E-5,0.999999997271044));
#10664=DIRECTION('center_axis',(1.,-5.80671875355085E-14,4.38259616006219E-9));
#10665=DIRECTION('ref_axis',(-4.38259616005632E-9,8.50571994568909E-9,1.));
#10666=DIRECTION('',(4.38259613739417E-9,-8.93181201443213E-5,-0.999999996011137));
#10667=DIRECTION('',(5.80369086122801E-14,1.,1.7815786899614E-14));
#10668=DIRECTION('',(-4.38259615313971E-9,-7.09957551595186E-5,0.999999997479801));
#10669=DIRECTION('center_axis',(1.,-5.80671875355085E-14,4.38259616006219E-9));
#10670=DIRECTION('ref_axis',(-4.38259616006229E-9,8.15744816183776E-9,1.));
#10671=DIRECTION('',(4.38259615158998E-9,-5.03260233395866E-5,-0.999999998733646));
#10672=DIRECTION('',(4.38259615262137E-9,-4.65098117742527E-5,-0.999999998918419));
#10673=DIRECTION('',(4.38259615063252E-9,-5.36742395765931E-5,-0.999999998559538));
#10674=DIRECTION('',(5.80369086122801E-14,1.,1.7815786899614E-14));
#10675=DIRECTION('',(4.38259616006219E-9,2.5628981179203E-14,-1.));
#10676=DIRECTION('',(-6.72543926566474E-14,-1.,-2.53284423073535E-14));
#10677=DIRECTION('',(1.73518037393867E-14,-2.5323670103644E-14,1.));
#10678=DIRECTION('',(5.80369086122801E-14,1.,2.66975710966152E-14));
#10679=DIRECTION('center_axis',(1.,-5.80671875355085E-14,4.38259616006219E-9));
#10680=DIRECTION('ref_axis',(4.3825961600614E-9,2.37370614604069E-14,-1.));
#10681=DIRECTION('',(4.38259616006219E-9,2.84740132023783E-14,-1.));
#10682=DIRECTION('center_axis',(1.,-5.80671875355085E-14,4.38259616006219E-9));
#10683=DIRECTION('ref_axis',(-4.3825961600614E-9,-2.37370614604069E-14,
1.));
#10684=DIRECTION('',(-4.38259616006219E-9,-2.84740132023783E-14,1.));
#10685=DIRECTION('center_axis',(1.,-5.80671875355085E-14,4.38259616006219E-9));
#10686=DIRECTION('ref_axis',(-4.38259614834976E-9,6.1008277833781E-5,0.999999998138995));
#10687=DIRECTION('',(-4.38259615621464E-9,-5.71969832759772E-5,0.999999998364252));
#10688=DIRECTION('center_axis',(1.,-5.80671875355085E-14,4.38259616006219E-9));
#10689=DIRECTION('ref_axis',(-4.38259616004853E-9,-6.57467526938838E-9,
1.));
#10690=DIRECTION('',(4.38259614850565E-9,-6.05704508017027E-5,-0.99999999816561));
#10691=DIRECTION('center_axis',(0.70713567696249,-4.10259506414257E-14,
-0.707077884229736));
#10692=DIRECTION('ref_axis',(-0.707077884229736,0.,-0.70713567696249));
#10693=DIRECTION('',(-0.707059725105218,0.00716681239086346,-0.707117516353744));
#10694=DIRECTION('',(5.80692991877841E-14,1.,5.22185056113944E-17));
#10695=DIRECTION('',(0.707077884229736,-3.67607119993129E-14,0.70713567696249));
#10696=DIRECTION('',(-0.577318810167722,-0.577365999022015,-0.577365997093556));
#10697=DIRECTION('center_axis',(0.70710677882473,-0.707106781186629,5.77927327803146E-5));
#10698=DIRECTION('ref_axis',(8.17312665045344E-5,0.,-0.99999999666));
#10699=DIRECTION('',(0.0102167594272017,0.0101350365903284,-0.999896444068144));
#10700=DIRECTION('',(-8.17312665045824E-5,-4.79735960104341E-17,0.99999999666));
#10701=DIRECTION('',(-0.707106778824892,-0.707106781186466,-5.77927327963851E-5));
#10702=DIRECTION('',(8.17312665045824E-5,4.79735960104341E-17,-0.99999999666));
#10703=DIRECTION('center_axis',(0.99999999666,-5.80693032617172E-14,8.17312665045824E-5));
#10704=DIRECTION('ref_axis',(-8.17312665045824E-5,-2.56242032469692E-14,
0.99999999666));
#10705=DIRECTION('',(5.85920201245925E-14,1.,2.6697571096615E-14));
#10706=DIRECTION('',(-8.17312665045824E-5,-2.53189191382266E-14,0.99999999666));
#10707=DIRECTION('',(-6.72543926566474E-14,-1.,-2.53284423073535E-14));
#10708=DIRECTION('',(-8.17312665045824E-5,-2.56242032469692E-14,0.99999999666));
#10709=DIRECTION('',(-5.80671874220425E-14,-1.,-2.5890136169615E-14));
#10710=DIRECTION('',(-8.17312663868485E-5,5.36742397558842E-5,0.999999995219538));
#10711=DIRECTION('',(-8.17312664161807E-5,4.6509811929612E-5,0.999999995578419));
#10712=DIRECTION('',(-8.17312664010787E-5,5.03260235076934E-5,0.999999995393646));
#10713=DIRECTION('center_axis',(-0.99999999666,5.80693032617172E-14,-8.17312665045824E-5));
#10714=DIRECTION('ref_axis',(-8.17312665072158E-5,8.15744818897488E-9,0.99999999666));
#10715=DIRECTION('',(8.17312662986075E-5,7.099575539667E-5,-0.999999994139801));
#10716=DIRECTION('',(-5.80671874220425E-14,-1.,-2.5890136169615E-14));
#10717=DIRECTION('',(-8.17312661785623E-5,8.93181204426757E-5,0.999999992671137));
#10718=DIRECTION('center_axis',(-0.99999999666,5.80693032617172E-14,-8.17312665045824E-5));
#10719=DIRECTION('ref_axis',(-8.17312665072158E-5,8.50571997398957E-9,0.99999999666));
#10720=DIRECTION('',(8.17312662815456E-5,7.38776828050964E-5,-0.999999993931044));
#10721=DIRECTION('',(-5.80671874220425E-14,-1.,-2.5890136169615E-14));
#10722=DIRECTION('',(-8.17272015045317E-5,-0.00997345866197433,0.999950260484482));
#10723=DIRECTION('center_axis',(-0.99999999666,5.80693032617172E-14,-8.17312665045824E-5));
#10724=DIRECTION('ref_axis',(-8.17312665072158E-5,-2.07706935839203E-9,
0.99999999666));
#10725=DIRECTION('',(8.17270682905021E-5,0.010135557160676,-0.999948630581456));
#10726=DIRECTION('center_axis',(-0.99999999666,5.80693032617172E-14,-8.17312665045824E-5));
#10727=DIRECTION('ref_axis',(8.17312665072158E-5,2.37371732112433E-14,-0.99999999666));
#10728=DIRECTION('',(8.17312665045824E-5,2.84741249690378E-14,-0.99999999666));
#10729=DIRECTION('center_axis',(-0.99999999666,5.80693032617172E-14,-8.17312665045824E-5));
#10730=DIRECTION('ref_axis',(-8.17312665072158E-5,-2.37371732112433E-14,
0.99999999666));
#10731=DIRECTION('',(-8.17312665045824E-5,-2.84741249690378E-14,0.99999999666));
#10732=DIRECTION('center_axis',(-0.99999999666,5.80693032617172E-14,-8.17312665045824E-5));
#10733=DIRECTION('ref_axis',(-8.17312663551136E-5,6.10082780375704E-5,0.999999994798995));
#10734=DIRECTION('',(-8.17312663546518E-5,6.05704510040296E-5,0.99999999482561));
#10735=DIRECTION('center_axis',(-0.99999999666,5.80693032617172E-14,-8.17312665045824E-5));
#10736=DIRECTION('ref_axis',(-8.17312665072158E-5,-6.57467529146183E-9,
0.99999999666));
#10737=DIRECTION('',(8.1731266370894E-5,5.71969834670357E-5,-0.999999995024253));
#10738=DIRECTION('center_axis',(0.99999999666,-5.80693032617172E-14,8.17312665045824E-5));
#10739=DIRECTION('ref_axis',(-8.17312665045824E-5,-2.56242032469692E-14,
0.99999999666));
#10740=DIRECTION('',(8.17270682905021E-5,0.010135557160676,-0.999948630581456));
#10741=DIRECTION('',(-5.80671874220425E-14,-1.,-2.5890136169615E-14));
#10742=DIRECTION('',(-5.80671874220425E-14,-1.,-2.5890136169615E-14));
#10743=DIRECTION('',(5.80369086122801E-14,1.,2.66975710966152E-14));
#10744=DIRECTION('',(8.17312665046026E-5,4.94259839710539E-17,-0.99999999666));
#10745=DIRECTION('center_axis',(-1.,5.81017917760563E-14,1.72462477302557E-14));
#10746=DIRECTION('ref_axis',(1.72462477302557E-14,-5.2218505611985E-17,
1.));
#10747=DIRECTION('',(5.81017917760567E-14,1.,2.54287447827578E-14));
#10748=DIRECTION('center_axis',(-1.,5.81017917760563E-14,1.72462477302557E-14));
#10749=DIRECTION('ref_axis',(1.72333300196146E-14,-0.000222260738853191,
0.999999975300082));
#10750=DIRECTION('center_axis',(-3.80130447400056E-9,-0.999999998918419,
4.65098117742693E-5));
#10751=DIRECTION('ref_axis',(-1.72489500150018E-14,-4.65098117742693E-5,
-0.999999998918419));
#10752=DIRECTION('',(-0.99999999666,-1.36001905139941E-15,-8.17312665190582E-5));
#10753=DIRECTION('',(8.17312664188145E-5,-4.6509811929612E-5,-0.999999995578419));
#10754=DIRECTION('',(-0.99999999666,-1.36001905139941E-15,-8.17312665190582E-5));
#10755=DIRECTION('center_axis',(-4.38686223404132E-9,-0.999999998559538,
5.36742395766123E-5));
#10756=DIRECTION('ref_axis',(-1.72493662749048E-14,-5.36742395766123E-5,
-0.999999998559538));
#10757=DIRECTION('',(-1.72493662749048E-14,-5.36742395766123E-5,-0.999999998559538));
#10758=DIRECTION('',(-1.,4.38686224136705E-9,1.8754190209418E-14));
#10759=DIRECTION('',(1.73549188013307E-14,5.36742395766123E-5,0.999999998559538));
#10760=DIRECTION('',(0.99999999666,1.36001905139943E-15,8.17312665072158E-5));
#10761=DIRECTION('center_axis',(-4.11320827953665E-9,-0.999999998733646,
5.03260233396046E-5));
#10762=DIRECTION('ref_axis',(-1.72491717405449E-14,-5.03260233396046E-5,
-0.999999998733646));
#10763=DIRECTION('',(8.17312664037125E-5,-5.03260235076934E-5,-0.999999995393646));
#10764=DIRECTION('',(-0.99999999666,-1.36001905139941E-15,-8.17312665190582E-5));
#10765=DIRECTION('center_axis',(0.99999999666,1.36001905139943E-15,8.17312665072158E-5));
#10766=DIRECTION('ref_axis',(-8.17312665072158E-5,8.15744818897488E-9,0.99999999666));
#10767=DIRECTION('center_axis',(0.99999999666,-5.80693032617173E-14,8.17312665072162E-5));
#10768=DIRECTION('ref_axis',(-8.17312665072158E-5,8.15744818897488E-9,0.99999999666));
#10769=DIRECTION('',(-0.99999999666,-1.36001905139941E-15,-8.17312665190582E-5));
#10770=DIRECTION('center_axis',(-5.80257436522538E-9,0.999999997479801,
7.09957551595441E-5));
#10771=DIRECTION('ref_axis',(1.72421227062085E-14,-7.09957551595441E-5,
0.999999997479801));
#10772=DIRECTION('',(1.72421227062085E-14,-7.09957551595441E-5,0.999999997479801));
#10773=DIRECTION('',(-0.99999999666,-1.36001905139941E-15,-8.17312665190582E-5));
#10774=DIRECTION('',(-1.73476833215041E-14,7.09957551595441E-5,-0.999999997479801));
#10775=DIRECTION('',(1.,5.80257438118049E-9,-1.87541900278852E-14));
#10776=DIRECTION('center_axis',(-5.80257436522538E-9,0.999999997479801,
7.09957551595441E-5));
#10777=DIRECTION('ref_axis',(1.72421227062085E-14,-7.09957551595441E-5,
0.999999997479801));
#10778=DIRECTION('',(-8.17312663012413E-5,-7.099575539667E-5,0.999999994139801));
#10779=DIRECTION('',(-0.99999999666,-1.3599830746171E-15,-8.17312665077226E-5));
#10780=DIRECTION('center_axis',(0.99999999666,1.36001905139943E-15,8.17312665072158E-5));
#10781=DIRECTION('ref_axis',(8.17312665072158E-5,4.56388780745523E-10,-0.99999999666));
#10782=DIRECTION('',(-0.999999998652989,-5.19039702830307E-5,1.77635684293926E-14));
#10783=DIRECTION('center_axis',(1.,-5.81017917760564E-14,-1.72462477302557E-14));
#10784=DIRECTION('ref_axis',(1.72333305737197E-14,-0.000222260738853191,
0.999999975300082));
#10785=DIRECTION('center_axis',(-1.,5.80369086122798E-14,1.73518037393882E-14));
#10786=DIRECTION('ref_axis',(1.73389006503463E-14,-0.000222260738853191,
0.999999975300082));
#10787=DIRECTION('center_axis',(1.,-5.81017917760564E-14,-1.72462477302557E-14));
#10788=DIRECTION('ref_axis',(1.72333305737197E-14,-0.000222260738853191,
0.999999975300082));
#10789=DIRECTION('',(0.999999998652989,-5.19039702830307E-5,-1.77635684293926E-14));
#10790=DIRECTION('center_axis',(-4.38686223404132E-9,-0.999999998559538,
5.36742395766123E-5));
#10791=DIRECTION('ref_axis',(-1.72493662749048E-14,-5.36742395766123E-5,
-0.999999998559538));
#10792=DIRECTION('',(0.99999999666,1.36004624906805E-15,8.17312665077226E-5));
#10793=DIRECTION('',(8.17312663894823E-5,-5.36742397558842E-5,-0.999999995219538));
#10794=DIRECTION('center_axis',(1.68471304817934E-14,-2.54287447827588E-14,
1.));
#10795=DIRECTION('ref_axis',(1.,-5.8128070670396E-14,-1.68471304817948E-14));
#10796=DIRECTION('',(5.81017917760568E-14,1.,2.54287447827578E-14));
#10797=DIRECTION('',(-0.999999998650642,-5.19491750784748E-5,1.55431223756861E-14));
#10798=DIRECTION('',(5.81017917760567E-14,1.,2.54287447827578E-14));
#10799=DIRECTION('',(0.999999998650642,-5.19491750740339E-5,-1.55431223756861E-14));
#10800=DIRECTION('',(5.81017917760568E-14,1.,2.54287447827578E-14));
#10801=DIRECTION('',(-0.999999998650643,-5.19491526675272E-5,1.77635684293605E-14));
#10802=DIRECTION('',(5.81017917760567E-14,1.,2.54287447827578E-14));
#10803=DIRECTION('',(0.999999998650643,-5.19491526630863E-5,-1.77635684293605E-14));
#10804=DIRECTION('',(5.81017917760568E-14,1.,2.54287447827578E-14));
#10805=DIRECTION('',(-1.,5.81280710253291E-14,1.68471304817948E-14));
#10806=DIRECTION('',(-0.57104630393698,-0.820917851407749,-1.12544189374862E-14));
#10807=DIRECTION('',(-0.571064488015017,0.820905201913196,3.04953868133973E-14));
#10808=DIRECTION('',(-1.,5.81280710253291E-14,1.68471304817948E-14));
#10809=DIRECTION('',(5.81017917760568E-14,1.,2.54287447827578E-14));
#10810=DIRECTION('',(0.999999998650643,5.19491525497667E-5,-1.55431223756674E-14));
#10811=DIRECTION('',(-5.81543502746022E-14,-1.,-2.54287447827578E-14));
#10812=DIRECTION('',(-0.999999998650643,5.1949152785134E-5,1.55431223756674E-14));
#10813=DIRECTION('',(5.81017917760568E-14,1.,2.54287447827578E-14));
#10814=DIRECTION('',(0.999999998650642,5.19491749585225E-5,-1.77635684293391E-14));
#10815=DIRECTION('',(-5.81543502746022E-14,-1.,-2.54287447827578E-14));
#10816=DIRECTION('',(-0.999999998650642,5.19491751938898E-5,1.77635684293391E-14));
#10817=DIRECTION('',(5.81017917760568E-14,1.,2.54287447827578E-14));
#10818=DIRECTION('',(0.999999998652989,5.19039701631057E-5,-1.55431223757123E-14));
#10819=DIRECTION('',(-5.81543502746022E-14,-1.,-2.54287447827578E-14));
#10820=DIRECTION('',(-0.999999998652989,5.1903970394032E-5,1.55431223757123E-14));
#10821=DIRECTION('',(5.81017917760568E-14,1.,2.54287447827578E-14));
#10822=DIRECTION('',(0.999999998672469,5.15272922212016E-5,-1.77635684297361E-14));
#10823=DIRECTION('',(-5.81543502746022E-14,-1.,-2.54287447827578E-14));
#10824=DIRECTION('',(-0.999999998672469,5.1527292452128E-5,1.77635684297361E-14));
#10825=DIRECTION('',(5.81017917760568E-14,1.,2.54287447827578E-14));
#10826=DIRECTION('',(0.999999998672469,5.15272922256558E-5,-1.55431223760231E-14));
#10827=DIRECTION('',(-5.81543502746022E-14,-1.,-2.54287447827578E-14));
#10828=DIRECTION('',(-0.999999998672469,5.15272924565822E-5,1.55431223760231E-14));
#10829=DIRECTION('',(5.81017917760568E-14,1.,2.54287447827578E-14));
#10830=DIRECTION('',(-1.,5.8128070670396E-14,1.68471304817948E-14));
#10831=DIRECTION('',(0.571046303936981,0.820917851407748,1.12544189374862E-14));
#10832=DIRECTION('',(0.571064488015017,-0.820905201913197,-3.04953868133973E-14));
#10833=DIRECTION('',(-1.,5.8128070670396E-14,1.68471304817948E-14));
#10834=DIRECTION('',(5.81017917760568E-14,1.,2.54287447827578E-14));
#10835=DIRECTION('',(-0.999999998672469,-5.1527292341086E-5,1.99840144834455E-14));
#10836=DIRECTION('',(5.81017917760567E-14,1.,2.54287447827578E-14));
#10837=DIRECTION('',(0.999999998672469,-5.1527292341086E-5,-1.99840144834455E-14));
#10838=DIRECTION('',(5.81017917760568E-14,1.,2.54287447827578E-14));
#10839=DIRECTION('',(-0.999999998672469,-5.15272923366586E-5,1.7763568429734E-14));
#10840=DIRECTION('',(5.81017917760567E-14,1.,2.54287447827578E-14));
#10841=DIRECTION('',(0.999999998672469,-5.15272923366586E-5,-1.7763568429734E-14));
#10842=DIRECTION('',(5.81017917760568E-14,1.,2.54287447827578E-14));
#10843=DIRECTION('',(3.41045537149814E-14,1.,2.54287447827582E-14));
#10844=DIRECTION('',(0.571064488015018,-0.820905201913196,-3.04953868133973E-14));
#10845=DIRECTION('',(-0.57104630393698,-0.820917851407749,-1.12544189374862E-14));
#10846=DIRECTION('',(-5.10833071883941E-14,-1.,-2.54287447827579E-14));
#10847=DIRECTION('',(-0.571064488015018,0.820905201913196,3.04953868133973E-14));
#10848=DIRECTION('',(0.57104630393698,0.820917851407748,1.12544189374862E-14));
#10849=DIRECTION('',(9.34585899514375E-13,-1.,-2.54287447827745E-14));
#10850=DIRECTION('',(1.,-3.41671135828392E-14,-1.68471304817942E-14));
#10851=DIRECTION('center_axis',(-1.,5.81017917760564E-14,1.72462477302557E-14));
#10852=DIRECTION('ref_axis',(1.72462477302543E-14,-2.5323670103644E-14,
1.));
#10853=DIRECTION('',(5.81017917760568E-14,1.,2.54287447827578E-14));
#10854=DIRECTION('',(-1.72514372042813E-14,-8.93181201443533E-5,-0.999999996011137));
#10855=DIRECTION('center_axis',(1.,-5.81017917760564E-14,-1.72462477302557E-14));
#10856=DIRECTION('ref_axis',(1.724959857782E-14,5.76874232066619E-5,0.999999998336081));
#10857=DIRECTION('center_axis',(8.17312665077226E-5,2.58853901783714E-14,
-0.99999999666));
#10858=DIRECTION('ref_axis',(0.99999999666,-5.84632324265679E-14,8.17312665077226E-5));
#10859=DIRECTION('',(5.81017917760568E-14,1.,2.54287447827578E-14));
#10860=DIRECTION('',(0.99999999666,1.36006431319556E-15,8.17312665077226E-5));
#10861=DIRECTION('center_axis',(1.87541901312626E-14,-1.7815786899615E-14,
1.));
#10862=DIRECTION('ref_axis',(1.,-5.8128070670396E-14,-1.87541901312636E-14));
#10863=DIRECTION('',(5.80369086122801E-14,1.,1.7815786899614E-14));
#10864=DIRECTION('',(-1.,7.300081776599E-9,1.87541902613193E-14));
#10865=DIRECTION('center_axis',(-4.11309202513278E-9,0.999999998733646,
-5.03260233396046E-5));
#10866=DIRECTION('ref_axis',(-1.7292147153974E-14,-5.03260233396046E-5,
-0.999999998733646));
#10867=DIRECTION('',(0.99999999666,-1.17616160713762E-13,-8.17312665535936E-5));
#10868=DIRECTION('',(-4.38259223690835E-9,5.03260233395866E-5,0.999999998733646));
#10869=DIRECTION('',(0.99999999666,-1.17616160713762E-13,-8.17312665535936E-5));
#10870=DIRECTION('center_axis',(0.99999999666,-1.17616160713762E-13,-8.17312665417513E-5));
#10871=DIRECTION('ref_axis',(8.17312665417513E-5,8.15744817947312E-9,0.99999999666));
#10872=DIRECTION('',(0.99999999666,-1.17616160713762E-13,-8.17312665535936E-5));
#10873=DIRECTION('center_axis',(-1.,5.80671875355084E-14,-4.38259224538055E-9));
#10874=DIRECTION('ref_axis',(-4.38259224538255E-9,8.15744816183776E-9,1.));
#10875=DIRECTION('center_axis',(-5.80269062381901E-9,-0.999999997479801,
-7.09957551595441E-5));
#10876=DIRECTION('ref_axis',(1.72850917430932E-14,-7.09957551595441E-5,
0.999999997479801));
#10877=DIRECTION('',(1.73476833215042E-14,-7.09957551595441E-5,0.999999997479801));
#10878=DIRECTION('',(0.99999999666,-1.17616160713762E-13,-8.17312665535936E-5));
#10879=DIRECTION('',(-1.72421227062085E-14,7.09957551595441E-5,-0.999999997479801));
#10880=DIRECTION('',(4.38259223845807E-9,7.09957551595186E-5,-0.999999997479801));
#10881=DIRECTION('center_axis',(-1.,5.81543502746018E-14,1.7289220498679E-14));
#10882=DIRECTION('ref_axis',(1.7289220498679E-14,-5.22185056119875E-17,
1.));
#10883=DIRECTION('center_axis',(-1.,5.81543502746018E-14,1.7289220498679E-14));
#10884=DIRECTION('ref_axis',(1.72762981802685E-14,-0.000222260738853191,
0.999999975300082));
#10885=DIRECTION('center_axis',(-3.80118821946487E-9,0.999999998918419,
-4.65098117742693E-5));
#10886=DIRECTION('ref_axis',(-1.72919252278645E-14,-4.65098117742693E-5,
-0.999999998918419));
#10887=DIRECTION('',(-4.38259223793973E-9,4.65098117742527E-5,0.999999998918419));
#10888=DIRECTION('',(0.99999999666,-1.17616160713762E-13,-8.17312665535936E-5));
#10889=DIRECTION('center_axis',(0.99999999666,-1.17616160713762E-13,-8.17312665417513E-5));
#10890=DIRECTION('ref_axis',(-8.17312665417513E-5,4.56390367462759E-10,
-0.99999999666));
#10891=DIRECTION('center_axis',(1.,-5.80369086122798E-14,-1.73518037393882E-14));
#10892=DIRECTION('ref_axis',(1.73389006503463E-14,-0.000222260738853191,
0.999999975300082));
#10893=DIRECTION('',(-0.99999999666,1.17616160713762E-13,8.17312665417513E-5));
#10894=DIRECTION('center_axis',(-1.,5.81017917760564E-14,1.72462477302558E-14));
#10895=DIRECTION('ref_axis',(1.72333305737197E-14,-0.000222260738853191,
0.999999975300082));
#10896=DIRECTION('center_axis',(-1.,5.81017917760564E-14,1.72462477302558E-14));
#10897=DIRECTION('ref_axis',(1.72333305737197E-14,-0.000222260738853191,
0.999999975300082));
#10898=DIRECTION('center_axis',(-4.3867459797531E-9,0.999999998559538,-5.36742395766123E-5));
#10899=DIRECTION('ref_axis',(-1.72923418643036E-14,-5.36742395766123E-5,
-0.999999998559538));
#10900=DIRECTION('',(-1.73549188013307E-14,-5.36742395766123E-5,-0.999999998559538));
#10901=DIRECTION('',(-4.38259223595088E-9,5.36742395765931E-5,0.999999998559538));
#10902=DIRECTION('',(1.72493662749048E-14,5.36742395766123E-5,0.999999998559538));
#10903=DIRECTION('center_axis',(-1.,5.80671875355085E-14,-4.38259616006219E-9));
#10904=DIRECTION('ref_axis',(4.38259616006219E-9,2.5628981179203E-14,-1.));
#10905=DIRECTION('',(-4.41946979297438E-9,-5.22183546108694E-17,1.));
#10906=DIRECTION('',(5.80369086122801E-14,1.,2.66975710966152E-14));
#10907=DIRECTION('',(4.38259616006219E-9,2.5628981179203E-14,-1.));
#10908=DIRECTION('',(5.80369086122801E-14,1.,1.7815786899614E-14));
#10909=DIRECTION('',(-4.38237163182766E-9,-0.0101355571268231,0.999948633921628));
#10910=DIRECTION('center_axis',(1.,-5.80671875355084E-14,4.38259224538055E-9));
#10911=DIRECTION('ref_axis',(-4.38259224538055E-9,-2.56289811792032E-14,
1.));
#10912=DIRECTION('',(5.81017917760568E-14,1.,2.54287447827578E-14));
#10913=DIRECTION('',(-4.38259222271254E-9,8.93181201443213E-5,0.999999996011137));
#10914=DIRECTION('center_axis',(-1.,5.80671875355084E-14,-4.38259224538055E-9));
#10915=DIRECTION('ref_axis',(-4.38259224537799E-9,8.50571994568909E-9,1.));
#10916=DIRECTION('',(4.38259223771052E-9,7.38776825583184E-5,-0.999999997271044));
#10917=DIRECTION('',(5.81017917760568E-14,1.,2.54287447827578E-14));
#10918=DIRECTION('',(-4.38237485113483E-9,-0.00997345862866271,0.999950263824648));
#10919=DIRECTION('center_axis',(-1.,5.80671875355084E-14,-4.38259224538055E-9));
#10920=DIRECTION('ref_axis',(-4.38259224538004E-9,-2.0770693513422E-9,1.));
#10921=DIRECTION('',(4.3823677173471E-9,0.0101355571268231,-0.999948633921628));
#10922=DIRECTION('',(5.81017917760568E-14,1.,2.54287447827578E-14));
#10923=DIRECTION('',(5.81017917760568E-14,1.,2.54287447827578E-14));
#10924=DIRECTION('',(-4.38259224538055E-9,-2.56289811792032E-14,1.));
#10925=DIRECTION('',(-5.80671874185039E-14,-1.,-2.66975710966152E-14));
#10926=DIRECTION('',(-4.38259224538055E-9,-2.53236698488898E-14,1.));
#10927=DIRECTION('',(-5.80671874220425E-14,-1.,-2.5890136169615E-14));
#10928=DIRECTION('',(5.80369086122801E-14,1.,2.66975710966152E-14));
#10929=DIRECTION('',(-4.38259244594024E-9,-2.53236698488913E-14,1.));
#10930=DIRECTION('',(-6.72543926566474E-14,-1.,-2.53284423073535E-14));
#10931=DIRECTION('',(-4.38259224538055E-9,-2.56289811792032E-14,1.));
#10932=DIRECTION('',(5.81017917760568E-14,1.,2.54287447827578E-14));
#10933=DIRECTION('center_axis',(-1.,5.80671875355084E-14,-4.38259224538055E-9));
#10934=DIRECTION('ref_axis',(-4.38259223367444E-9,6.1008277833781E-5,0.999999998138995));
#10935=DIRECTION('',(-4.38259223382402E-9,6.05704508017027E-5,0.99999999816561));
#10936=DIRECTION('center_axis',(-1.,5.80671875355084E-14,-4.38259224538055E-9));
#10937=DIRECTION('ref_axis',(-4.3825922453759E-9,-6.57467526938838E-9,1.));
#10938=DIRECTION('',(4.38259224153301E-9,5.71969832759772E-5,-0.999999998364252));
#10939=DIRECTION('center_axis',(-1.,5.80671875355084E-14,-4.38259224538055E-9));
#10940=DIRECTION('ref_axis',(4.38259224538006E-9,2.37370614604074E-14,-1.));
#10941=DIRECTION('',(4.38259224538055E-9,2.84740132023787E-14,-1.));
#10942=DIRECTION('center_axis',(-1.,5.80671875355084E-14,-4.38259224538055E-9));
#10943=DIRECTION('ref_axis',(-4.38259224538006E-9,-2.37370614604074E-14,
1.));
#10944=DIRECTION('',(-4.38259224538055E-9,-2.84740132023787E-14,1.));
#10945=DIRECTION('center_axis',(1.,-5.81017917760564E-14,-1.72462477302558E-14));
#10946=DIRECTION('ref_axis',(-1.72462477302543E-14,2.5323670103644E-14,
-1.));
#10947=DIRECTION('center_axis',(-1.,5.81017917760564E-14,1.72462477302558E-14));
#10948=DIRECTION('ref_axis',(1.724959857782E-14,5.76874232066619E-5,0.999999998336081));
#10949=DIRECTION('',(1.72514372042813E-14,8.93181201443533E-5,0.999999996011137));
#10950=DIRECTION('center_axis',(-1.36202586731387E-15,1.,2.4553777899657E-14));
#10951=DIRECTION('ref_axis',(1.72462477302543E-14,-2.4553777899657E-14,
1.));
#10952=DIRECTION('',(-1.73518037393868E-14,2.4553777899657E-14,-1.));
#10953=DIRECTION('',(0.99999999666,1.36001905139943E-15,8.17312665072158E-5));
#10954=DIRECTION('',(1.72462477302543E-14,-2.4553777899657E-14,1.));
#10955=DIRECTION('',(-0.99999999666,-1.36001905139941E-15,-8.17312665012946E-5));
#10956=DIRECTION('center_axis',(0.99999999666,1.36001905139943E-15,8.17312665072158E-5));
#10957=DIRECTION('ref_axis',(-8.17312665072158E-5,-2.71674222101291E-14,
0.99999999666));
#10958=DIRECTION('center_axis',(-1.,5.80369086122798E-14,1.73518037393882E-14));
#10959=DIRECTION('ref_axis',(-1.73518086797282E-14,2.37370619758816E-14,
-1.));
#10960=DIRECTION('',(-0.99999999666,-1.36001905139941E-15,-8.17312665012946E-5));
#10961=DIRECTION('center_axis',(1.,-5.81017917760564E-14,-1.72462477302557E-14));
#10962=DIRECTION('ref_axis',(-1.72462457873076E-14,2.37370619758816E-14,
-1.));
#10963=DIRECTION('center_axis',(-1.,5.81017917760563E-14,1.72462477302557E-14));
#10964=DIRECTION('ref_axis',(1.72462477302557E-14,-5.2218505611985E-17,
1.));
#10965=DIRECTION('center_axis',(-1.,5.81017917760563E-14,1.72462477302557E-14));
#10966=DIRECTION('ref_axis',(1.72462423606642E-14,-2.37370619758816E-14,
1.));
#10967=DIRECTION('center_axis',(0.99999999666,1.36001905139943E-15,8.17312665072158E-5));
#10968=DIRECTION('ref_axis',(8.17312665072158E-5,2.36147085313286E-14,-0.99999999666));
#10969=DIRECTION('center_axis',(-1.,5.80369086122798E-14,1.73518037393882E-14));
#10970=DIRECTION('ref_axis',(1.73518086797282E-14,-2.37370619758816E-14,
1.));
#10971=DIRECTION('center_axis',(1.,-5.81017917760564E-14,-1.72462477302557E-14));
#10972=DIRECTION('ref_axis',(1.72462457873076E-14,-2.37370619758816E-14,
1.));
#10973=DIRECTION('center_axis',(1.,-5.81017917760564E-14,-1.72462477302557E-14));
#10974=DIRECTION('ref_axis',(1.72462457873076E-14,-2.37370619758816E-14,
1.));
#10975=DIRECTION('',(-0.99999999666,-1.36001905139941E-15,-8.17312665012946E-5));
#10976=DIRECTION('center_axis',(1.36202586731387E-15,-1.,-2.4553777899657E-14));
#10977=DIRECTION('ref_axis',(-1.72462477302543E-14,2.4553777899657E-14,
-1.));
#10978=DIRECTION('',(1.73518037393868E-14,-2.4553777899657E-14,1.));
#10979=DIRECTION('',(-1.72462477302543E-14,2.4553777899657E-14,-1.));
#10980=DIRECTION('center_axis',(-1.,5.81017917760564E-14,1.72462477302557E-14));
#10981=DIRECTION('ref_axis',(1.72462477302543E-14,-2.5323670103644E-14,
1.));
#10982=DIRECTION('center_axis',(1.,-5.81017917760564E-14,-1.72462477302557E-14));
#10983=DIRECTION('ref_axis',(1.72462457873076E-14,-2.37370619758816E-14,
1.));
#10984=DIRECTION('',(1.72462477302543E-14,-2.4553777899657E-14,1.));
#10985=DIRECTION('center_axis',(1.,-5.81017917760564E-14,-1.72462477302557E-14));
#10986=DIRECTION('ref_axis',(-1.72462457873076E-14,2.37370619758816E-14,
-1.));
#10987=DIRECTION('',(-1.72462477302543E-14,2.4553777899657E-14,-1.));
#10988=DIRECTION('center_axis',(1.,-5.81017917760564E-14,-1.72462477302557E-14));
#10989=DIRECTION('ref_axis',(1.72462457873076E-14,-2.37370619758816E-14,
1.));
#10990=DIRECTION('',(-1.72462477302543E-14,2.5323670103644E-14,-1.));
#10991=DIRECTION('',(5.81017917760568E-14,1.,2.54287447827578E-14));
#10992=DIRECTION('',(5.81017917760568E-14,1.,2.54287447827578E-14));
#10993=DIRECTION('center_axis',(0.99999999666,1.36001905139943E-15,8.17312665072158E-5));
#10994=DIRECTION('ref_axis',(-8.17312665072158E-5,-6.57467529146183E-9,
0.99999999666));
#10995=DIRECTION('center_axis',(0.99999999666,-5.80693032617173E-14,8.17312665072162E-5));
#10996=DIRECTION('ref_axis',(-8.17312665072158E-5,-6.57467529146183E-9,
0.99999999666));
#10997=DIRECTION('',(0.99999999666,1.36001905139943E-15,8.17312665072158E-5));
#10998=DIRECTION('',(-0.99999999666,-1.36001905139941E-15,-8.17312665190582E-5));
#10999=DIRECTION('center_axis',(-4.95049831345356E-9,-0.99999999816561,
6.05704508017244E-5));
#11000=DIRECTION('ref_axis',(-1.72497669503397E-14,-6.05704508017244E-5,
-0.99999999816561));
#11001=DIRECTION('',(8.17312663572857E-5,-6.05704510040296E-5,-0.99999999482561));
#11002=DIRECTION('',(-0.99999999666,-1.36001905139941E-15,-8.17312665190582E-5));
#11003=DIRECTION('center_axis',(0.99999999666,1.36001905139943E-15,8.17312665072158E-5));
#11004=DIRECTION('ref_axis',(8.17312665072158E-5,-4.46814830971573E-11,
-0.99999999666));
#11005=DIRECTION('center_axis',(0.99999999666,-5.80693032617173E-14,8.17312665072162E-5));
#11006=DIRECTION('ref_axis',(-8.17312663551136E-5,6.10082780375704E-5,0.999999994798995));
#11007=DIRECTION('',(-0.99999999666,-1.36001905139941E-15,-8.17312665190582E-5));
#11008=DIRECTION('center_axis',(-4.67478325917216E-9,0.999999998364253,
5.71969832759977E-5));
#11009=DIRECTION('ref_axis',(1.72429244548327E-14,-5.71969832759977E-5,
0.999999998364252));
#11010=DIRECTION('',(-8.17312663735278E-5,-5.71969834670357E-5,0.999999995024253));
#11011=DIRECTION('center_axis',(0.99999999666,1.36001905139943E-15,8.17312665072158E-5));
#11012=DIRECTION('ref_axis',(8.17312665072158E-5,1.04093452468939E-10,-0.99999999666));
#11013=DIRECTION('center_axis',(-1.,5.81017917760563E-14,1.72462477302557E-14));
#11014=DIRECTION('ref_axis',(1.72495989589579E-14,5.76874232066619E-5,0.999999998336081));
#11015=DIRECTION('',(-0.99999999666,-1.36001905139941E-15,-8.17312665012946E-5));
#11016=DIRECTION('center_axis',(-1.,5.80369086122798E-14,1.73518037393882E-14));
#11017=DIRECTION('ref_axis',(1.73551529978764E-14,5.76874232066619E-5,0.999999998336081));
#11018=DIRECTION('',(-0.99999999666,-1.36001905139941E-15,-8.17312665012946E-5));
#11019=DIRECTION('center_axis',(1.,-5.81017917760564E-14,-1.72462477302557E-14));
#11020=DIRECTION('ref_axis',(1.724959857782E-14,5.76874232066619E-5,0.999999998336081));
#11021=DIRECTION('center_axis',(-6.03811794229794E-9,0.999999997271044,
7.38776825583449E-5));
#11022=DIRECTION('ref_axis',(1.72419552574626E-14,-7.38776825583449E-5,
0.999999997271044));
#11023=DIRECTION('',(-1.73475160597248E-14,7.38776825583449E-5,-0.999999997271044));
#11024=DIRECTION('',(1.,6.03811796016121E-9,-1.87541900236888E-14));
#11025=DIRECTION('',(1.72419552574626E-14,-7.38776825583449E-5,0.999999997271044));
#11026=DIRECTION('center_axis',(-6.03811794229794E-9,0.999999997271044,
7.38776825583449E-5));
#11027=DIRECTION('ref_axis',(1.72419552574626E-14,-7.38776825583449E-5,
0.999999997271044));
#11028=DIRECTION('',(0.99999999666,1.36001905139943E-15,8.17312665072158E-5));
#11029=DIRECTION('',(-8.17312662841794E-5,-7.38776828050964E-5,0.999999993931044));
#11030=DIRECTION('',(-0.99999999666,-1.35998161575441E-15,-8.17312665077226E-5));
#11031=DIRECTION('center_axis',(-7.30008174580488E-9,-0.999999996011137,
8.93181201443533E-5));
#11032=DIRECTION('ref_axis',(-1.72514372042813E-14,-8.93181201443533E-5,
-0.999999996011137));
#11033=DIRECTION('',(1.73569874177505E-14,8.93181201443533E-5,0.999999996011137));
#11034=DIRECTION('center_axis',(-1.,5.81017917760563E-14,1.72462477302557E-14));
#11035=DIRECTION('ref_axis',(1.72462477302557E-14,-5.2218505611985E-17,
1.));
#11036=DIRECTION('center_axis',(-7.30008174580488E-9,-0.999999996011137,
8.93181201443533E-5));
#11037=DIRECTION('ref_axis',(-1.72514372042813E-14,-8.93181201443533E-5,
-0.999999996011137));
#11038=DIRECTION('',(8.17312661811962E-5,-8.93181204426757E-5,-0.999999992671137));
#11039=DIRECTION('',(-0.99999999666,-1.36001905139941E-15,-8.17312665012946E-5));
#11040=DIRECTION('center_axis',(0.99999999666,1.36001905139943E-15,8.17312665072158E-5));
#11041=DIRECTION('ref_axis',(-8.17312665072158E-5,8.50571997398957E-9,0.99999999666));
#11042=DIRECTION('center_axis',(0.99999999666,-5.80693032617173E-14,8.17312665072162E-5));
#11043=DIRECTION('ref_axis',(-8.17312665072158E-5,8.50571997398957E-9,0.99999999666));
#11044=DIRECTION('center_axis',(1.,-5.80369086122798E-14,-1.73518037393882E-14));
#11045=DIRECTION('ref_axis',(-1.73518037393867E-14,2.5323670103644E-14,
-1.));
#11046=DIRECTION('',(5.80369086122801E-14,1.,1.7815786899614E-14));
#11047=DIRECTION('',(-1.73518037393867E-14,2.5323670103644E-14,-1.));
#11048=DIRECTION('',(5.80369086122801E-14,1.,1.7815786899614E-14));
#11049=DIRECTION('',(-1.73518037393867E-14,2.5323670103644E-14,-1.));
#11050=DIRECTION('',(5.80369086122801E-14,1.,1.7815786899614E-14));
#11051=DIRECTION('',(-1.67626760425732E-14,0.0101355571268267,-0.999948633921627));
#11052=DIRECTION('center_axis',(-1.,5.80369086122798E-14,1.73518037393882E-14));
#11053=DIRECTION('ref_axis',(1.73551522273505E-14,5.78284421346351E-5,0.999999998327936));
#11054=DIRECTION('',(1.67721120200545E-14,-0.00997345862866629,0.999950263824648));
#11055=DIRECTION('',(5.80369086122801E-14,1.,1.7815786899614E-14));
#11056=DIRECTION('center_axis',(-1.,5.80369086122798E-14,1.73518037393882E-14));
#11057=DIRECTION('ref_axis',(1.73518086797282E-14,-2.37370619758816E-14,
1.));
#11058=DIRECTION('',(1.73518037393868E-14,-2.4553777899657E-14,1.));
#11059=DIRECTION('center_axis',(-1.,5.80369086122798E-14,1.73518037393882E-14));
#11060=DIRECTION('ref_axis',(-1.73518086797282E-14,2.37370619758816E-14,
-1.));
#11061=DIRECTION('',(-1.73518037393868E-14,2.4553777899657E-14,-1.));
#11062=DIRECTION('center_axis',(8.17312665077226E-5,2.58853901783714E-14,
-0.99999999666));
#11063=DIRECTION('ref_axis',(0.99999999666,-5.84632324265679E-14,8.17312665077226E-5));
#11064=DIRECTION('',(0.99999999666,-5.84632324265679E-14,8.17312665077226E-5));
#11065=DIRECTION('',(5.81017917760568E-14,1.,2.54287447827578E-14));
#11066=DIRECTION('center_axis',(8.17312665077226E-5,2.58853901783714E-14,
-0.99999999666));
#11067=DIRECTION('ref_axis',(0.99999999666,-5.84632324265679E-14,8.17312665077226E-5));
#11068=DIRECTION('',(5.81017917760568E-14,1.,2.54287447827578E-14));
#11069=DIRECTION('',(0.99999999666,1.35496477605166E-15,8.17312665077226E-5));
#11070=DIRECTION('center_axis',(-1.,5.81017917760564E-14,1.72462477302557E-14));
#11071=DIRECTION('ref_axis',(1.72462477302543E-14,-2.5323670103644E-14,
1.));
#11072=DIRECTION('',(5.81017917760568E-14,1.,2.54287447827578E-14));
#11073=DIRECTION('',(-1.66659141513246E-14,0.00997345862866629,-0.999950263824648));
#11074=DIRECTION('center_axis',(1.,-5.81017917760564E-14,-1.72462477302557E-14));
#11075=DIRECTION('ref_axis',(1.72496091729121E-14,5.78284421346351E-5,0.999999998327936));
#11076=DIRECTION('center_axis',(-0.99999999666,5.80693032617173E-14,-8.17312665072162E-5));
#11077=DIRECTION('ref_axis',(8.17312665072162E-5,2.5624203246969E-14,-0.99999999666));
#11078=DIRECTION('',(8.17312665072162E-5,2.5624203246969E-14,-0.99999999666));
#11079=DIRECTION('',(-6.72543926566474E-14,-1.,-2.53284423073535E-14));
#11080=DIRECTION('',(8.17312665072162E-5,2.53189191382264E-14,-0.99999999666));
#11081=DIRECTION('',(5.85920201245925E-14,1.,2.6697571096615E-14));
#11082=DIRECTION('',(8.17312665072162E-5,4.79735960102973E-17,-0.99999999666));
#11083=DIRECTION('',(-5.80671874220425E-14,-1.,-2.5890136169615E-14));
#11084=DIRECTION('',(8.17312665072162E-5,2.53039128895504E-14,-0.99999999666));
#11085=DIRECTION('',(5.80671214293631E-14,1.,2.6697571096615E-14));
#11086=DIRECTION('',(8.17312665072162E-5,2.5624203246969E-14,-0.99999999666));
#11087=DIRECTION('',(5.81017917760568E-14,1.,2.54287447827578E-14));
#11088=DIRECTION('',(5.81017917760568E-14,1.,2.54287447827578E-14));
#11089=DIRECTION('',(-8.17270682931358E-5,-0.010135557160676,0.999948630581456));
#11090=DIRECTION('center_axis',(0.99999999666,-5.80693032617173E-14,8.17312665072162E-5));
#11091=DIRECTION('ref_axis',(-8.17312665072158E-5,-2.07706935839203E-9,
0.99999999666));
#11092=DIRECTION('',(8.17272015071654E-5,0.00997345866197433,-0.999950260484482));
#11093=DIRECTION('center_axis',(0.99999999666,-5.80693032617173E-14,8.17312665072162E-5));
#11094=DIRECTION('ref_axis',(8.17312665072158E-5,2.37371732112433E-14,-0.99999999666));
#11095=DIRECTION('',(8.17312665072162E-5,2.84741249690378E-14,-0.99999999666));
#11096=DIRECTION('center_axis',(0.99999999666,-5.80693032617173E-14,8.17312665072162E-5));
#11097=DIRECTION('ref_axis',(-8.17312665072158E-5,-2.37371732112433E-14,
0.99999999666));
#11098=DIRECTION('',(-8.17312665072162E-5,-2.84741249690378E-14,0.99999999666));
#11099=DIRECTION('center_axis',(1.87541901312626E-14,-1.7815786899615E-14,
1.));
#11100=DIRECTION('ref_axis',(1.,-5.8128070670396E-14,-1.87541901312636E-14));
#11101=DIRECTION('',(1.,-5.8128070670396E-14,-1.87541901312636E-14));
#11102=DIRECTION('',(5.80369086122801E-14,1.,1.7815786899614E-14));
#11103=DIRECTION('',(1.,-5.8128070670396E-14,-1.87541901312636E-14));
#11104=DIRECTION('',(-5.81479309147425E-14,-1.,-2.84739279360154E-14));
#11105=DIRECTION('center_axis',(-1.36202586731387E-15,1.,2.4553777899657E-14));
#11106=DIRECTION('ref_axis',(1.72462477302543E-14,-2.4553777899657E-14,
1.));
#11107=DIRECTION('',(0.99999999666,1.36001905139943E-15,8.17312665072158E-5));
#11108=DIRECTION('',(-0.99999999666,-1.36001905139941E-15,-8.17312665012946E-5));
#11109=DIRECTION('center_axis',(0.99999999666,1.36001905139943E-15,8.17312665072158E-5));
#11110=DIRECTION('ref_axis',(-8.17312665072158E-5,-2.71674222101291E-14,
0.99999999666));
#11111=DIRECTION('',(-0.99999999666,-1.36001905139941E-15,-8.17312665012946E-5));
#11112=DIRECTION('center_axis',(-1.,5.81017917760563E-14,1.72462477302557E-14));
#11113=DIRECTION('ref_axis',(1.72462477302557E-14,-5.2218505611985E-17,
1.));
#11114=DIRECTION('center_axis',(-1.,5.81017917760563E-14,1.72462477302557E-14));
#11115=DIRECTION('ref_axis',(1.72462423606642E-14,-2.37370619758816E-14,
1.));
#11116=DIRECTION('center_axis',(0.99999999666,1.36001905139943E-15,8.17312665072158E-5));
#11117=DIRECTION('ref_axis',(8.17312665072158E-5,2.36147085313286E-14,-0.99999999666));
#11118=DIRECTION('',(-0.99999999666,-1.36001905139941E-15,-8.17312665012946E-5));
#11119=DIRECTION('center_axis',(1.36202586731387E-15,-1.,-2.4553777899657E-14));
#11120=DIRECTION('ref_axis',(-1.72462477302543E-14,2.4553777899657E-14,
-1.));
#11121=DIRECTION('center_axis',(-8.28391924858277E-7,0.999948633921284,
0.0101355571268232));
#11122=DIRECTION('ref_axis',(1.6656467828426E-14,-0.0101355571268267,0.999948633921627));
#11123=DIRECTION('',(0.999999999999657,8.28434478478709E-7,-1.8754175372044E-14));
#11124=DIRECTION('',(1.6656467828426E-14,-0.0101355571268267,0.999948633921627));
#11125=DIRECTION('',(-0.99999999666,-1.36001905139941E-15,-8.17312665012946E-5));
#11126=DIRECTION('center_axis',(-8.28391924858277E-7,0.999948633921284,
0.0101355571268232));
#11127=DIRECTION('ref_axis',(1.6656467828426E-14,-0.0101355571268267,0.999948633921627));
#11128=DIRECTION('',(0.99999999666,1.36001905139943E-15,8.17312665072158E-5));
#11129=DIRECTION('',(-0.99999999666,-1.3548827005187E-15,-8.17312665077226E-5));
#11130=DIRECTION('center_axis',(8.15143409260475E-7,-0.999950263824315,
-0.00997345862866297));
#11131=DIRECTION('ref_axis',(-1.66659141513246E-14,0.00997345862866629,
-0.999950263824648));
#11132=DIRECTION('',(-0.99999999666,-1.36001905139941E-15,-8.17312665012946E-5));
#11133=DIRECTION('',(-0.999999999999668,-8.15183953579579E-7,1.87541756081128E-14));
#11134=DIRECTION('center_axis',(0.99999999666,1.36001905139943E-15,8.17312665072158E-5));
#11135=DIRECTION('ref_axis',(8.17312665072158E-5,1.04713455228622E-10,-0.99999999666));
#11136=DIRECTION('center_axis',(1.,-5.81017917760564E-14,-1.72462477302557E-14));
#11137=DIRECTION('ref_axis',(1.72496091729121E-14,5.78284421346351E-5,0.999999998327936));
#11138=DIRECTION('center_axis',(-1.,5.81017917760563E-14,1.72462477302557E-14));
#11139=DIRECTION('ref_axis',(1.72496143748195E-14,5.78284421346351E-5,0.999999998327936));
#11140=DIRECTION('center_axis',(-1.,5.81017917760563E-14,1.72462477302557E-14));
#11141=DIRECTION('ref_axis',(1.72462477302557E-14,-5.2218505611985E-17,
1.));
#11142=DIRECTION('center_axis',(8.15143409260475E-7,-0.999950263824315,
-0.00997345862866297));
#11143=DIRECTION('ref_axis',(-1.66659141513246E-14,0.00997345862866629,
-0.999950263824648));
#11144=DIRECTION('',(-0.99999999666,-1.36001905139941E-15,-8.17312665012946E-5));
#11145=DIRECTION('center_axis',(0.99999999666,1.36001905139943E-15,8.17312665072158E-5));
#11146=DIRECTION('ref_axis',(-8.17312665072158E-5,-2.07706935839203E-9,
0.99999999666));
#11147=DIRECTION('center_axis',(8.17312665077226E-5,2.58853901783714E-14,
-0.99999999666));
#11148=DIRECTION('ref_axis',(0.99999999666,-5.84632324265679E-14,8.17312665077226E-5));
#11149=DIRECTION('',(0.99999999666,-5.8130140566812E-14,8.17312665077226E-5));
#11150=DIRECTION('center_axis',(1.87541901312626E-14,-1.7815786899615E-14,
1.));
#11151=DIRECTION('ref_axis',(1.,-5.8128070670396E-14,-1.87541901312636E-14));
#11152=DIRECTION('center_axis',(-1.,5.81543502746018E-14,1.7289220498679E-14));
#11153=DIRECTION('ref_axis',(1.7289220498679E-14,-5.22185056119875E-17,
1.));
#11154=DIRECTION('center_axis',(-1.,5.81543502746018E-14,1.7289220498679E-14));
#11155=DIRECTION('ref_axis',(1.72925757297795E-14,5.76874232066619E-5,0.999999998336081));
#11156=DIRECTION('center_axis',(0.99999999666,-1.17616160713762E-13,-8.17312665417513E-5));
#11157=DIRECTION('ref_axis',(-8.17312665417513E-5,1.04093461966678E-10,
-0.99999999666));
#11158=DIRECTION('center_axis',(-1.,5.81017917760564E-14,1.72462477302558E-14));
#11159=DIRECTION('ref_axis',(1.724959857782E-14,5.76874232066619E-5,0.999999998336081));
#11160=DIRECTION('',(0.99999999666,-1.17616160713762E-13,-8.17312665358301E-5));
#11161=DIRECTION('center_axis',(1.,-5.80369086122798E-14,-1.73518037393882E-14));
#11162=DIRECTION('ref_axis',(1.73551529978764E-14,5.76874232066619E-5,0.999999998336081));
#11163=DIRECTION('',(0.99999999666,-1.17616160713762E-13,-8.17312665358301E-5));
#11164=DIRECTION('center_axis',(-7.29996549274794E-9,0.999999996011137,
-8.93181201443533E-5));
#11165=DIRECTION('ref_axis',(-1.72944146669594E-14,-8.93181201443533E-5,
-0.999999996011137));
#11166=DIRECTION('',(-1.73569874177505E-14,-8.93181201443533E-5,-0.999999996011137));
#11167=DIRECTION('',(0.99999999666,-1.17616160713762E-13,-8.17312665358301E-5));
#11168=DIRECTION('center_axis',(0.99999999666,-1.17616160713762E-13,-8.17312665417513E-5));
#11169=DIRECTION('ref_axis',(8.17312665417513E-5,8.50571996448781E-9,0.99999999666));
#11170=DIRECTION('',(-0.99999999666,1.17616160713762E-13,8.17312665417513E-5));
#11171=DIRECTION('center_axis',(-6.03823420099107E-9,-0.999999997271044,
-7.38776825583449E-5));
#11172=DIRECTION('ref_axis',(1.72849241428686E-14,-7.38776825583449E-5,
0.999999997271044));
#11173=DIRECTION('',(-1.72419552574626E-14,7.38776825583449E-5,-0.999999997271044));
#11174=DIRECTION('',(1.73475160597248E-14,-7.38776825583449E-5,0.999999997271044));
#11175=DIRECTION('center_axis',(1.,-5.81017917760564E-14,-1.72462477302558E-14));
#11176=DIRECTION('ref_axis',(-1.72462477302543E-14,2.5323670103644E-14,
-1.));
#11177=DIRECTION('',(5.81017917760568E-14,1.,2.54287447827578E-14));
#11178=DIRECTION('',(1.72462477302543E-14,-2.5323670103644E-14,1.));
#11179=DIRECTION('center_axis',(-1.,5.81017917760564E-14,1.72462477302558E-14));
#11180=DIRECTION('ref_axis',(1.72462457873076E-14,-2.37370619758816E-14,
1.));
#11181=DIRECTION('',(1.72462477302543E-14,-2.4553777899657E-14,1.));
#11182=DIRECTION('center_axis',(-1.,5.81017917760564E-14,1.72462477302558E-14));
#11183=DIRECTION('ref_axis',(-1.72462457873076E-14,2.37370619758816E-14,
-1.));
#11184=DIRECTION('',(-1.72462477302543E-14,2.4553777899657E-14,-1.));
#11185=DIRECTION('center_axis',(-1.,5.81017917760564E-14,1.72462477302558E-14));
#11186=DIRECTION('ref_axis',(1.72462457873076E-14,-2.37370619758816E-14,
1.));
#11187=DIRECTION('center_axis',(-1.,5.81017917760564E-14,1.72462477302558E-14));
#11188=DIRECTION('ref_axis',(1.72462457873076E-14,-2.37370619758816E-14,
1.));
#11189=DIRECTION('',(1.72462477302543E-14,-2.4553777899657E-14,1.));
#11190=DIRECTION('center_axis',(-1.,5.81017917760564E-14,1.72462477302558E-14));
#11191=DIRECTION('ref_axis',(-1.72462457873076E-14,2.37370619758816E-14,
-1.));
#11192=DIRECTION('',(-1.72462477302543E-14,2.4553777899657E-14,-1.));
#11193=DIRECTION('center_axis',(-1.,5.81017917760564E-14,1.72462477302558E-14));
#11194=DIRECTION('ref_axis',(1.72462457873076E-14,-2.37370619758816E-14,
1.));
#11195=DIRECTION('center_axis',(1.,-5.81017917760564E-14,-1.72462477302558E-14));
#11196=DIRECTION('ref_axis',(-1.72462477302543E-14,2.5323670103644E-14,
-1.));
#11197=DIRECTION('center_axis',(-1.,5.81017917760564E-14,1.72462477302558E-14));
#11198=DIRECTION('ref_axis',(1.72496091729121E-14,5.78284421346351E-5,0.999999998327936));
#11199=DIRECTION('',(1.66659141513246E-14,-0.00997345862866629,0.999950263824648));
#11200=DIRECTION('center_axis',(0.99999999666,-1.17616160713762E-13,-8.17312665417513E-5));
#11201=DIRECTION('ref_axis',(8.17312665417513E-5,-2.76210131817102E-14,
0.99999999666));
#11202=DIRECTION('',(0.99999999666,-1.17616160713762E-13,-8.17312665358301E-5));
#11203=DIRECTION('center_axis',(1.,-5.80369086122798E-14,-1.73518037393882E-14));
#11204=DIRECTION('ref_axis',(-1.73518086797282E-14,2.37370619758816E-14,
-1.));
#11205=DIRECTION('',(-0.99999999666,1.17616160713762E-13,8.17312665417513E-5));
#11206=DIRECTION('center_axis',(-1.17618167917973E-13,-1.,-2.45537778996549E-14));
#11207=DIRECTION('ref_axis',(1.72892204986776E-14,-2.4553777899657E-14,
1.));
#11208=DIRECTION('',(1.73518037393868E-14,-2.4553777899657E-14,1.));
#11209=DIRECTION('',(0.99999999666,-1.17616160713762E-13,-8.17312665358301E-5));
#11210=DIRECTION('center_axis',(-1.,5.81543502746018E-14,1.7289220498679E-14));
#11211=DIRECTION('ref_axis',(1.7289220498679E-14,-5.22185056119875E-17,
1.));
#11212=DIRECTION('center_axis',(-1.,5.81543502746018E-14,1.7289220498679E-14));
#11213=DIRECTION('ref_axis',(1.72892258682678E-14,-2.37370619758816E-14,
1.));
#11214=DIRECTION('center_axis',(0.99999999666,-1.17616160713762E-13,-8.17312665417513E-5));
#11215=DIRECTION('ref_axis',(-8.17312665417513E-5,2.36242102930597E-14,
-0.99999999666));
#11216=DIRECTION('center_axis',(1.,-5.80369086122798E-14,-1.73518037393882E-14));
#11217=DIRECTION('ref_axis',(1.73518086797282E-14,-2.37370619758816E-14,
1.));
#11218=DIRECTION('',(0.99999999666,-1.17616160713762E-13,-8.17312665358301E-5));
#11219=DIRECTION('center_axis',(1.17618167917973E-13,1.,2.45537778996549E-14));
#11220=DIRECTION('ref_axis',(-1.72892204986776E-14,2.4553777899657E-14,
-1.));
#11221=DIRECTION('',(-1.73518037393868E-14,2.4553777899657E-14,-1.));
#11222=DIRECTION('center_axis',(0.99999999666,-1.17616160713762E-13,-8.17312665417513E-5));
#11223=DIRECTION('ref_axis',(-8.17312665417513E-5,3.09745670104901E-14,
-0.99999999666));
#11224=DIRECTION('',(-0.99999999666,1.17616160713762E-13,8.17312665417513E-5));
#11225=DIRECTION('',(0.99999999666,-1.17616160713762E-13,-8.17312665535936E-5));
#11226=DIRECTION('center_axis',(-1.17618488323812E-13,-1.,-2.84740137178526E-14));
#11227=DIRECTION('ref_axis',(1.72892204986774E-14,-2.84740137178546E-14,
1.));
#11228=DIRECTION('',(0.99999999666,-1.17616160713762E-13,-8.17312665535936E-5));
#11229=DIRECTION('center_axis',(0.99999999666,-1.17616160713762E-13,-8.17312665417513E-5));
#11230=DIRECTION('ref_axis',(8.17312665417513E-5,-2.38691396528891E-14,
0.99999999666));
#11231=DIRECTION('',(0.99999999666,-1.17616160713762E-13,-8.17312665535936E-5));
#11232=DIRECTION('center_axis',(1.17618488323812E-13,1.,2.84740137178526E-14));
#11233=DIRECTION('ref_axis',(-1.72892204986774E-14,2.84740137178546E-14,
-1.));
#11234=DIRECTION('center_axis',(-1.,5.81543502746018E-14,1.7289220498679E-14));
#11235=DIRECTION('ref_axis',(1.7289220498679E-14,-5.22185056119875E-17,
1.));
#11236=DIRECTION('center_axis',(-1.,5.81543502746018E-14,1.7289220498679E-14));
#11237=DIRECTION('ref_axis',(1.72925767079531E-14,5.78284421346351E-5,0.999999998327936));
#11238=DIRECTION('center_axis',(0.99999999666,-1.17616160713762E-13,-8.17312665417513E-5));
#11239=DIRECTION('ref_axis',(-8.17312665417513E-5,1.04713709668047E-10,
-0.99999999666));
#11240=DIRECTION('center_axis',(-1.,5.81017917760564E-14,1.72462477302558E-14));
#11241=DIRECTION('ref_axis',(1.72496091729121E-14,5.78284421346351E-5,0.999999998327936));
#11242=DIRECTION('',(0.99999999666,-1.17616160713762E-13,-8.17312665358301E-5));
#11243=DIRECTION('center_axis',(1.,-5.80369086122798E-14,-1.73518037393882E-14));
#11244=DIRECTION('ref_axis',(1.73551522273505E-14,5.78284421346351E-5,0.999999998327936));
#11245=DIRECTION('',(0.99999999666,-1.17616160713762E-13,-8.17312665358301E-5));
#11246=DIRECTION('center_axis',(8.15143525855273E-7,0.999950263824315,0.00997345862866297));
#11247=DIRECTION('ref_axis',(-1.67083605924359E-14,0.00997345862866629,
-0.999950263824648));
#11248=DIRECTION('',(-1.67721120200545E-14,0.00997345862866629,-0.999950263824648));
#11249=DIRECTION('',(0.99999999666,-1.17616160713762E-13,-8.17312665358301E-5));
#11250=DIRECTION('center_axis',(0.99999999666,-1.17616160713762E-13,-8.17312665417513E-5));
#11251=DIRECTION('ref_axis',(8.17312665417513E-5,-2.07706936789379E-9,0.99999999666));
#11252=DIRECTION('',(-0.99999999666,1.17616160713762E-13,8.17312665417513E-5));
#11253=DIRECTION('center_axis',(-8.28392041458483E-7,-0.999948633921284,
-0.0101355571268232));
#11254=DIRECTION('ref_axis',(1.66989056798422E-14,-0.0101355571268267,0.999948633921627));
#11255=DIRECTION('',(-1.6656467828426E-14,0.0101355571268267,-0.999948633921627));
#11256=DIRECTION('',(1.67626760425732E-14,-0.0101355571268267,0.999948633921627));
#11257=DIRECTION('center_axis',(1.,-5.81017917760564E-14,-1.72462477302558E-14));
#11258=DIRECTION('ref_axis',(-1.72462477302543E-14,2.5323670103644E-14,
-1.));
#11259=DIRECTION('',(1.72462477302543E-14,-2.53236701036424E-14,1.));
#11260=DIRECTION('center_axis',(0.99999999666,-1.17616160713762E-13,-8.17312665417513E-5));
#11261=DIRECTION('ref_axis',(8.17312665417513E-5,-6.57467530096359E-9,0.99999999666));
#11262=DIRECTION('',(0.99999999666,-1.17616160713762E-13,-8.17312665535936E-5));
#11263=DIRECTION('',(-0.99999999666,1.17616160713762E-13,8.17312665417513E-5));
#11264=DIRECTION('center_axis',(-4.67489951728934E-9,-0.999999998364253,
-5.71969832759977E-5));
#11265=DIRECTION('ref_axis',(1.72858942169982E-14,-5.71969832759977E-5,
0.999999998364252));
#11266=DIRECTION('',(0.99999999666,-1.17616160713762E-13,-8.17312665535936E-5));
#11267=DIRECTION('center_axis',(0.99999999666,-1.17616160713762E-13,-8.17312665417513E-5));
#11268=DIRECTION('ref_axis',(-8.17312665417513E-5,-4.46819176671631E-11,
-0.99999999666));
#11269=DIRECTION('',(0.99999999666,-1.17616160713762E-13,-8.17312665535936E-5));
#11270=DIRECTION('center_axis',(-4.95038205940355E-9,0.99999999816561,-6.05704508017244E-5));
#11271=DIRECTION('ref_axis',(-1.72927429021761E-14,-6.05704508017244E-5,
-0.99999999816561));
#11272=DIRECTION('center_axis',(0.99999999666,-1.17616160713762E-13,-8.17312665417513E-5));
#11273=DIRECTION('ref_axis',(8.17312665417513E-5,-2.76210131817102E-14,
0.99999999666));
#11274=DIRECTION('',(0.99999999666,-1.17616160713762E-13,-8.17312665358301E-5));
#11275=DIRECTION('center_axis',(1.,-5.80369086122798E-14,-1.73518037393882E-14));
#11276=DIRECTION('ref_axis',(-1.73518086797282E-14,2.37370619758816E-14,
-1.));
#11277=DIRECTION('',(-0.99999999666,1.17616160713762E-13,8.17312665417513E-5));
#11278=DIRECTION('center_axis',(-1.17618167917973E-13,-1.,-2.45537778996549E-14));
#11279=DIRECTION('ref_axis',(1.72892204986776E-14,-2.4553777899657E-14,
1.));
#11280=DIRECTION('',(1.73518037393868E-14,-2.4553777899657E-14,1.));
#11281=DIRECTION('',(0.99999999666,-1.17616160713762E-13,-8.17312665358301E-5));
#11282=DIRECTION('center_axis',(-1.,5.81543502746018E-14,1.7289220498679E-14));
#11283=DIRECTION('ref_axis',(1.7289220498679E-14,-5.22185056119875E-17,
1.));
#11284=DIRECTION('center_axis',(-1.,5.81543502746018E-14,1.7289220498679E-14));
#11285=DIRECTION('ref_axis',(1.72892258682678E-14,-2.37370619758816E-14,
1.));
#11286=DIRECTION('center_axis',(0.99999999666,-1.17616160713762E-13,-8.17312665417513E-5));
#11287=DIRECTION('ref_axis',(-8.17312665417513E-5,2.36242102930597E-14,
-0.99999999666));
#11288=DIRECTION('center_axis',(1.,-5.80369086122798E-14,-1.73518037393882E-14));
#11289=DIRECTION('ref_axis',(1.73518086797282E-14,-2.37370619758816E-14,
1.));
#11290=DIRECTION('',(0.99999999666,-1.17616160713762E-13,-8.17312665358301E-5));
#11291=DIRECTION('center_axis',(1.17618167917973E-13,1.,2.45537778996549E-14));
#11292=DIRECTION('ref_axis',(-1.72892204986776E-14,2.4553777899657E-14,
-1.));
#11293=DIRECTION('',(-1.73518037393868E-14,2.4553777899657E-14,-1.));
#11294=DIRECTION('center_axis',(0.99999999666,1.36001905139943E-15,8.17312665072158E-5));
#11295=DIRECTION('ref_axis',(8.17312665072158E-5,3.16083143086297E-14,-0.99999999666));
#11296=DIRECTION('',(0.99999999666,1.36001905139943E-15,8.17312665072158E-5));
#11297=DIRECTION('',(-0.99999999666,-1.36001905139941E-15,-8.17312665190582E-5));
#11298=DIRECTION('center_axis',(-1.36234627315337E-15,1.,2.84740137178547E-14));
#11299=DIRECTION('ref_axis',(1.72462477302541E-14,-2.84740137178546E-14,
1.));
#11300=DIRECTION('',(-0.99999999666,-1.36001905139941E-15,-8.17312665190582E-5));
#11301=DIRECTION('center_axis',(0.99999999666,1.36001905139943E-15,8.17312665072158E-5));
#11302=DIRECTION('ref_axis',(-8.17312665072158E-5,-2.36147085313286E-14,
0.99999999666));
#11303=DIRECTION('',(-0.99999999666,-1.36001905139941E-15,-8.17312665190582E-5));
#11304=DIRECTION('center_axis',(1.36234627315337E-15,-1.,-2.84740137178547E-14));
#11305=DIRECTION('ref_axis',(-1.72462477302541E-14,2.84740137178546E-14,
-1.));
#11306=DIRECTION('center_axis',(3.41671135828392E-14,1.,0.));
#11307=DIRECTION('ref_axis',(1.,-3.41671135828392E-14,-5.56927051652383E-17));
#11308=DIRECTION('center_axis',(-3.41671135828392E-14,-1.,0.));
#11309=DIRECTION('ref_axis',(-1.,5.19306819768417E-14,5.56974597828531E-17));
#11310=DIRECTION('',(0.,0.,-1.));
#11311=DIRECTION('',(1.,-3.41671135828392E-14,-5.56974597828521E-17));
#11312=DIRECTION('',(0.,0.,-1.));
#11313=DIRECTION('center_axis',(-1.,3.41671135828392E-14,0.));
#11314=DIRECTION('ref_axis',(3.41671135828392E-14,1.,-3.47420030967149E-18));
#11315=DIRECTION('',(-5.19306819768417E-14,-1.,-5.22185056113948E-17));
#11316=DIRECTION('',(3.41671135828392E-14,1.,5.22185056113957E-17));
#11317=DIRECTION('center_axis',(1.,-3.41671135828392E-14,0.));
#11318=DIRECTION('ref_axis',(-3.41671135828392E-14,-1.,3.47420030967149E-18));
#11319=DIRECTION('',(5.19306819768417E-14,1.,5.22185056113948E-17));
#11320=DIRECTION('',(1.78415561233987E-30,5.22185056110791E-17,-1.));
#11321=DIRECTION('',(-3.41671135828392E-14,-1.,-5.22185056113957E-17));
#11322=DIRECTION('center_axis',(5.19306819768417E-14,1.,5.22185056113947E-17));
#11323=DIRECTION('ref_axis',(-1.,5.19306819768417E-14,5.56974597828531E-17));
#11324=DIRECTION('center_axis',(-3.41717992617708E-14,-1.,-5.22185056113957E-17));
#11325=DIRECTION('ref_axis',(-1.,5.19306819768417E-14,5.56974597828531E-17));
#11326=DIRECTION('center_axis',(-3.41671135828391E-14,-1.,-5.22185056113926E-17));
#11327=DIRECTION('ref_axis',(-1.,3.41671135828391E-14,5.56974597828521E-17));
#11328=DIRECTION('center_axis',(-3.41671135828391E-14,-1.,-5.22185056113926E-17));
#11329=DIRECTION('ref_axis',(-1.,3.41671135828391E-14,5.56974597828521E-17));
#11330=DIRECTION('center_axis',(-3.41671135828391E-14,-1.,-5.22185056113926E-17));
#11331=DIRECTION('ref_axis',(-1.,3.41671135828391E-14,5.56974597828521E-17));
#11332=DIRECTION('',(-5.19306819768417E-14,-1.,-5.22185056113947E-17));
#11333=DIRECTION('center_axis',(3.41671135828391E-14,1.,5.22185056113926E-17));
#11334=DIRECTION('ref_axis',(-1.,3.41671135828391E-14,5.56974597828521E-17));
#11335=DIRECTION('',(-5.21804821573823E-14,-1.,0.));
#11336=DIRECTION('center_axis',(5.81280710253295E-14,1.,2.53236701036414E-14));
#11337=DIRECTION('ref_axis',(-1.,5.21804821573823E-14,5.56974597828521E-17));
#11338=DIRECTION('',(5.21804821573823E-14,1.,0.));
#11339=DIRECTION('center_axis',(3.41671135828391E-14,1.,5.22185056113926E-17));
#11340=DIRECTION('ref_axis',(-1.,3.41671135828391E-14,5.56974597828521E-17));
#11341=DIRECTION('center_axis',(-3.41671135828391E-14,-1.,-5.22185056113926E-17));
#11342=DIRECTION('ref_axis',(-1.,3.41671135828391E-14,5.56974597828521E-17));
#11343=DIRECTION('center_axis',(-5.19373993304898E-14,-1.,-5.22185056110791E-17));
#11344=DIRECTION('ref_axis',(0.,5.22185056110791E-17,-1.));
#11345=DIRECTION('',(5.56974597828503E-17,-5.22185056113976E-17,1.));
#11346=DIRECTION('',(-1.,3.41671135828391E-14,5.56974597828521E-17));
#11347=DIRECTION('',(-1.,5.19373993304898E-14,1.50338730329156E-14));
#11348=DIRECTION('',(-8.17312665045944E-5,-4.79735960104335E-17,0.99999999666));
#11349=DIRECTION('',(1.,-3.41671135828391E-14,-5.56974597828521E-17));
#11350=DIRECTION('',(-1.72905882230114E-14,5.22185056119771E-17,-1.));
#11351=DIRECTION('',(-0.99999999666,5.19374034249035E-14,-8.17312665070969E-5));
#11352=DIRECTION('',(-0.99999999666,5.19374034249035E-14,-8.17312665019199E-5));
#11353=DIRECTION('center_axis',(5.19373993304898E-14,1.,5.22185056110791E-17));
#11354=DIRECTION('ref_axis',(-1.,0.,5.56974587749844E-17));
#11355=DIRECTION('',(5.56974587749844E-17,-5.2218505611082E-17,1.));
#11356=DIRECTION('center_axis',(5.19373993304898E-14,1.,5.22185056110791E-17));
#11357=DIRECTION('ref_axis',(1.,0.,-5.56974587749844E-17));
#11358=DIRECTION('',(-5.56974587749844E-17,5.2218505611082E-17,-1.));
#11359=DIRECTION('center_axis',(5.19373993304898E-14,1.,5.22185056110791E-17));
#11360=DIRECTION('ref_axis',(-1.,0.,5.56974587749844E-17));
#11361=DIRECTION('',(5.56974587749844E-17,-5.2218505611082E-17,1.));
#11362=DIRECTION('center_axis',(5.19373993304898E-14,1.,5.22185056110791E-17));
#11363=DIRECTION('ref_axis',(1.,0.,-5.56974587749844E-17));
#11364=DIRECTION('',(-5.56974587749844E-17,5.2218505611082E-17,-1.));
#11365=DIRECTION('center_axis',(5.19373993304898E-14,1.,5.22185056110791E-17));
#11366=DIRECTION('ref_axis',(-1.,0.,5.56974587749844E-17));
#11367=DIRECTION('',(5.56974587749844E-17,-5.2218505611082E-17,1.));
#11368=DIRECTION('center_axis',(5.19373993304898E-14,1.,5.22185056110791E-17));
#11369=DIRECTION('ref_axis',(1.,0.,-5.56974587749844E-17));
#11370=DIRECTION('',(-5.56974587749844E-17,5.2218505611082E-17,-1.));
#11371=DIRECTION('',(5.56974587749844E-17,-5.2218505611082E-17,1.));
#11372=DIRECTION('center_axis',(5.19373993304898E-14,1.,5.22185056110791E-17));
#11373=DIRECTION('ref_axis',(1.,0.,-5.56974587749844E-17));
#11374=DIRECTION('',(-5.56974587749844E-17,5.2218505611082E-17,-1.));
#11375=DIRECTION('center_axis',(5.19373993304898E-14,1.,5.22185056110791E-17));
#11376=DIRECTION('ref_axis',(-1.,0.,5.56974587749844E-17));
#11377=DIRECTION('center_axis',(5.19373993304898E-14,1.,5.22185056110791E-17));
#11378=DIRECTION('ref_axis',(-1.,0.,5.56974587749844E-17));
#11379=DIRECTION('',(5.56974587749844E-17,-5.2218505611082E-17,1.));
#11380=DIRECTION('center_axis',(5.19373993304898E-14,1.,5.22185056110791E-17));
#11381=DIRECTION('ref_axis',(1.,0.,-5.56974587749844E-17));
#11382=DIRECTION('',(-5.56974587749844E-17,5.2218505611082E-17,-1.));
#11383=DIRECTION('center_axis',(-0.707106781186547,8.7708584970006E-15,
0.707106781186548));
#11384=DIRECTION('ref_axis',(0.707106781186548,0.,0.707106781186547));
#11385=DIRECTION('',(5.19306819768417E-14,1.,3.95268149367281E-14));
#11386=DIRECTION('',(-0.577350269189612,0.577350269189664,-0.577350269189601));
#11387=DIRECTION('',(-5.19306819768417E-14,-1.,-3.95268149367281E-14));
#11388=DIRECTION('',(0.577350269189657,0.577350269189579,0.577350269189641));
#11389=DIRECTION('center_axis',(2.42024588763601E-14,0.707106781186521,
0.707106781186574));
#11390=DIRECTION('ref_axis',(1.,0.,-3.42274455857242E-14));
#11391=DIRECTION('',(-1.,3.41717992617708E-14,5.56463239560745E-17));
#11392=DIRECTION('',(1.,-3.41717992617708E-14,-5.56463239560745E-17));
#11393=DIRECTION('',(0.577350269189642,0.57735026918963,-0.577350269189606));
#11394=DIRECTION('center_axis',(-2.4123763090327E-14,-0.707106781186574,
0.707106781186521));
#11395=DIRECTION('ref_axis',(1.,0.,3.41161529378172E-14));
#11396=DIRECTION('',(-1.,3.41717992617708E-14,5.56463239560745E-17));
#11397=DIRECTION('',(1.,-3.41717992617708E-14,-5.56463239560745E-17));
#11398=DIRECTION('',(0.577350269189593,-0.57735026918963,-0.577350269189654));
#11399=DIRECTION('center_axis',(0.707106781186555,-5.21094765884627E-14,
0.70710678118654));
#11400=DIRECTION('ref_axis',(0.70710678118654,0.,-0.707106781186555));
#11401=DIRECTION('',(3.41671135828391E-14,1.,3.95268149367281E-14));
#11402=DIRECTION('',(-3.41671135828391E-14,-1.,-3.95268149367281E-14));
#11403=DIRECTION('center_axis',(-3.41717992617708E-14,-1.,-3.88201275216213E-14));
#11404=DIRECTION('ref_axis',(5.56974597815258E-17,-3.88201275216213E-14,
1.));
#11405=DIRECTION('',(-5.56974597808371E-17,3.88201275216213E-14,-1.));
#11406=DIRECTION('',(-1.,3.41717992617708E-14,5.56463239560745E-17));
#11407=DIRECTION('',(5.56974597815258E-17,-3.88201275216213E-14,1.));
#11408=DIRECTION('center_axis',(-1.,5.19306819768417E-14,5.56974597828531E-17));
#11409=DIRECTION('ref_axis',(5.56974597828531E-17,0.,1.));
#11410=DIRECTION('',(5.19306819768417E-14,1.,5.22185056113948E-17));
#11411=DIRECTION('',(-1.66347145142181E-16,-7.39557098644699E-32,1.));
#11412=DIRECTION('',(5.56974597808371E-17,-3.88201275216183E-14,1.));
#11413=DIRECTION('',(-5.19306819768417E-14,-1.,-5.22185056113948E-17));
#11414=DIRECTION('',(1.66347145142181E-16,7.39557098644699E-32,-1.));
#11415=DIRECTION('',(-5.19306819768417E-14,-1.,-5.22185056113948E-17));
#11416=DIRECTION('',(-5.56974597848636E-17,-3.87156905103955E-14,-1.));
#11417=DIRECTION('',(5.19306819768417E-14,1.,-3.94223779255053E-14));
#11418=DIRECTION('',(5.56974597848636E-17,3.87156905103986E-14,1.));
#11419=DIRECTION('',(-5.19306819768417E-14,-1.,-5.22185056113948E-17));
#11420=DIRECTION('',(5.56974597828503E-17,-5.22185056113976E-17,1.));
#11421=DIRECTION('',(-5.19306819768417E-14,-1.,-5.22185056113948E-17));
#11422=DIRECTION('center_axis',(5.56463239547238E-17,-3.95268149367281E-14,
1.));
#11423=DIRECTION('ref_axis',(3.41671135828391E-14,1.,3.95268149367281E-14));
#11424=DIRECTION('center_axis',(-0.707106781186548,8.84470661584312E-15,
-0.707106781186548));
#11425=DIRECTION('ref_axis',(-0.707106781186548,0.,0.707106781186548));
#11426=DIRECTION('',(-5.19306819768417E-14,-1.,3.94223779255053E-14));
#11427=DIRECTION('',(-0.577350269189657,-0.577350269189577,0.577350269189644));
#11428=DIRECTION('',(0.577350269189612,-0.577350269189666,-0.577350269189599));
#11429=DIRECTION('center_axis',(-2.42025311933418E-14,-0.707106781186577,
-0.707106781186518));
#11430=DIRECTION('ref_axis',(-1.,0.,3.42275478573832E-14));
#11431=DIRECTION('',(1.,-3.41717992617708E-14,-5.57485956096298E-17));
#11432=DIRECTION('',(0.577350269189593,-0.577350269189628,0.577350269189657));
#11433=DIRECTION('',(-1.,3.41717992617708E-14,5.57485956096298E-17));
#11434=DIRECTION('center_axis',(0.707106781186555,-5.20356284696202E-14,
-0.70710678118654));
#11435=DIRECTION('ref_axis',(-0.70710678118654,0.,-0.707106781186555));
#11436=DIRECTION('',(-3.41671135828391E-14,-1.,3.94223779255053E-14));
#11437=DIRECTION('',(3.41671135828391E-14,1.,-3.94223779255053E-14));
#11438=DIRECTION('',(0.577350269189642,0.577350269189632,0.577350269189604));
#11439=DIRECTION('center_axis',(2.41236907733455E-14,0.707106781186522,
-0.707106781186573));
#11440=DIRECTION('ref_axis',(-1.,0.,-3.41160506661587E-14));
#11441=DIRECTION('',(1.,-3.41717992617708E-14,-5.57485956096298E-17));
#11442=DIRECTION('',(-1.,3.41717992617708E-14,5.57485956096298E-17));
#11443=DIRECTION('center_axis',(-3.41717992617708E-14,-1.,3.87156905103955E-14));
#11444=DIRECTION('ref_axis',(5.56974597841749E-17,3.87156905103955E-14,
1.));
#11445=DIRECTION('',(-1.,3.41717992617708E-14,5.57485956096298E-17));
#11446=DIRECTION('',(-5.56974597841749E-17,-3.87156905103955E-14,-1.));
#11447=DIRECTION('center_axis',(5.57485956109769E-17,3.94223779255053E-14,
1.));
#11448=DIRECTION('ref_axis',(3.41671135828391E-14,1.,-3.94223779255053E-14));
#11449=DIRECTION('center_axis',(5.5748595609628E-17,-5.22185056113977E-17,
1.));
#11450=DIRECTION('ref_axis',(3.41671135828391E-14,1.,5.22185056113957E-17));
#11451=DIRECTION('',(-1.,3.41717992617708E-14,5.57485956096298E-17));
#11452=DIRECTION('',(-3.41671135828391E-14,-1.,-5.22185056113957E-17));
#11453=DIRECTION('',(1.,-5.19373993304898E-14,-5.57485956096307E-17));
#11454=DIRECTION('',(-1.,3.41717992617708E-14,5.57485956096298E-17));
#11455=DIRECTION('',(1.,-5.19373993304898E-14,-5.57485956096307E-17));
#11456=DIRECTION('center_axis',(5.5748595609628E-17,-5.22185056113977E-17,
1.));
#11457=DIRECTION('ref_axis',(3.41671135828391E-14,1.,5.22185056113957E-17));
#11458=DIRECTION('',(-1.,3.41717992617708E-14,5.57485956096298E-17));
#11459=DIRECTION('',(-3.41671135828391E-14,-1.,-5.22185056113957E-17));
#11460=DIRECTION('center_axis',(5.04841894960285E-29,1.,-6.31168842862496E-28));
#11461=DIRECTION('ref_axis',(-1.,5.04870979341448E-29,5.56974597828503E-17));
#11462=DIRECTION('',(8.17312665044346E-5,1.84826834697584E-15,-0.99999999666));
#11463=DIRECTION('',(1.72908564361336E-14,-5.22185056119865E-17,1.));
#11464=DIRECTION('',(-1.,3.41717992617708E-14,5.56463239560745E-17));
#11465=DIRECTION('center_axis',(-1.,8.60422844084323E-16,5.26631884727904E-14));
#11466=DIRECTION('ref_axis',(5.26631884727904E-14,-7.39557098644699E-32,
1.));
#11467=DIRECTION('',(5.26631884727904E-14,-7.39557098644699E-32,1.));
#11468=DIRECTION('',(8.60422844084326E-16,1.,5.22185056113976E-17));
#11469=DIRECTION('',(5.26631884727904E-14,-7.39557098644699E-32,1.));
#11470=DIRECTION('',(8.60422844084326E-16,1.,5.22185056113976E-17));
#11471=DIRECTION('center_axis',(5.56974597828503E-17,-5.22185056113976E-17,
1.));
#11472=DIRECTION('ref_axis',(1.,-5.04870979341448E-29,-5.56974597828503E-17));
#11473=DIRECTION('',(1.,-5.04870979341448E-29,-5.56974597828503E-17));
#11474=DIRECTION('',(1.,-5.04870979341448E-29,-5.56974597828503E-17));
#11475=DIRECTION('',(8.60422844084326E-16,1.,5.22185056113976E-17));
#11476=DIRECTION('center_axis',(1.,-8.60422844084326E-16,-5.56974597828503E-17));
#11477=DIRECTION('ref_axis',(-5.56974597828503E-17,7.39557098644699E-32,
-1.));
#11478=DIRECTION('',(-5.56974597828503E-17,7.39557098644699E-32,-1.));
#11479=DIRECTION('',(-5.56974597828503E-17,7.39557098644699E-32,-1.));
#11480=DIRECTION('',(8.60422844084326E-16,1.,5.22185056113976E-17));
#11481=DIRECTION('center_axis',(-5.56974597828503E-17,5.22185056113976E-17,
-1.));
#11482=DIRECTION('ref_axis',(-1.,4.41762106923767E-29,5.56974597828503E-17));
#11483=DIRECTION('',(-1.,4.41762106923767E-29,5.56974597828503E-17));
#11484=DIRECTION('',(-1.,4.41762106923767E-29,5.56974597828503E-17));
#11485=DIRECTION('center_axis',(8.60422844084326E-16,1.,5.22185056113976E-17));
#11486=DIRECTION('ref_axis',(-5.56974597828503E-17,5.22185056113976E-17,
-1.));
#11487=DIRECTION('',(1.,-4.41762106923767E-29,-5.56974597828503E-17));
#11488=DIRECTION('',(-5.56974597828503E-17,-1.44521783026818E-29,-1.));
#11489=DIRECTION('center_axis',(5.04841894960285E-29,1.,-6.31168842862496E-28));
#11490=DIRECTION('ref_axis',(-1.,5.04870979341448E-29,5.56974597828503E-17));
#11491=DIRECTION('',(-1.,3.41717992617708E-14,5.56463239560745E-17));
#11492=DIRECTION('',(5.56974597828503E-17,1.44521783026818E-29,1.));
#11493=DIRECTION('center_axis',(1.50338730329143E-14,-2.66975710966161E-14,
1.));
#11494=DIRECTION('ref_axis',(1.,-6.56171588118956E-14,-1.5033873032916E-14));
#11495=DIRECTION('',(1.,-6.56171588118956E-14,-1.5033873032916E-14));
#11496=DIRECTION('',(5.80369086122801E-14,1.,2.66975710966152E-14));
#11497=DIRECTION('',(-1.,6.56171588118956E-14,1.5033873032916E-14));
#11498=DIRECTION('',(5.80369086122801E-14,1.,2.66975710966152E-14));
#11499=DIRECTION('center_axis',(-8.17312665070969E-5,-2.66927822074331E-14,
0.99999999666));
#11500=DIRECTION('ref_axis',(0.99999999666,-5.81301405668119E-14,8.17312665070969E-5));
#11501=DIRECTION('',(5.85920201245925E-14,1.,2.6697571096615E-14));
#11502=DIRECTION('',(0.99999999666,-5.81301405668119E-14,8.17312665070969E-5));
#11503=DIRECTION('center_axis',(1.25822244560193E-12,-2.66975710966883E-14,
1.));
#11504=DIRECTION('ref_axis',(1.,-5.06389832387373E-14,-1.25822244560193E-12));
#11505=DIRECTION('',(5.80369086122801E-14,1.,2.66975710966152E-14));
#11506=DIRECTION('',(1.,-5.06389832387373E-14,-1.25822244560193E-12));
#11507=DIRECTION('',(5.80369086122801E-14,1.,2.66975710966152E-14));
#11508=DIRECTION('',(1.,-5.06389832387373E-14,-1.25822244560193E-12));
#11509=DIRECTION('center_axis',(-4.38262350493163E-9,-2.66975708422613E-14,
1.));
#11510=DIRECTION('ref_axis',(1.,2.97142969770713E-13,4.38262350493163E-9));
#11511=DIRECTION('',(-1.,-2.97142969770713E-13,-4.38262350493163E-9));
#11512=DIRECTION('center_axis',(0.000840091067165129,-2.53849331840383E-14,
0.999999647123437));
#11513=DIRECTION('ref_axis',(-0.999999647123437,6.72133770073927E-14,0.000840091067165129));
#11514=DIRECTION('',(-0.999999647123437,5.81067759693207E-14,0.000840091067165129));
#11515=DIRECTION('center_axis',(5.81280710253295E-14,1.,2.53236701036414E-14));
#11516=DIRECTION('ref_axis',(-1.,5.81280710253295E-14,5.56974597828544E-17));
#11517=DIRECTION('center_axis',(5.81280710253295E-14,1.,2.53236701036414E-14));
#11518=DIRECTION('ref_axis',(-1.,5.21804821573823E-14,5.56974597828531E-17));
#11519=DIRECTION('center_axis',(-5.81280710253295E-14,-1.,-2.53236701036414E-14));
#11520=DIRECTION('ref_axis',(-1.,5.81280710253295E-14,5.56974597828544E-17));
#11521=DIRECTION('center_axis',(5.81280710253295E-14,1.,2.53236701036414E-14));
#11522=DIRECTION('ref_axis',(-1.,5.81280710253295E-14,5.56974597828544E-17));
#11523=DIRECTION('center_axis',(-5.81280710253295E-14,-1.,-2.53236701036414E-14));
#11524=DIRECTION('ref_axis',(-1.,5.81280710253295E-14,5.56974597828544E-17));
#11525=DIRECTION('center_axis',(-0.820905201913197,-0.571064488015018,0.));
#11526=DIRECTION('ref_axis',(0.571064488015017,-0.820905201913196,-2.89521370621085E-17));
#11527=DIRECTION('',(0.,0.,1.));
#11528=DIRECTION('',(0.571064488015017,-0.820905201913196,-2.43783495658348E-14));
#11529=DIRECTION('',(0.,0.,1.));
#11530=DIRECTION('center_axis',(0.820917851407749,-0.57104630393698,0.));
#11531=DIRECTION('ref_axis',(0.57104630393698,0.820917851407749,-3.4655146486998E-17));
#11532=DIRECTION('',(0.,0.,1.));
#11533=DIRECTION('',(0.57104630393698,0.820917851407749,4.87233064700962E-15));
#11534=DIRECTION('center_axis',(-1.,3.41045537149814E-14,0.));
#11535=DIRECTION('ref_axis',(-3.41045537149814E-14,-1.,3.47420030966543E-18));
#11536=DIRECTION('',(0.,0.,1.));
#11537=DIRECTION('',(-3.41045537149814E-14,-1.,-1.78157868996144E-14));
#11538=DIRECTION('',(0.,0.,1.));
#11539=DIRECTION('center_axis',(0.820905201913196,0.571064488015018,0.));
#11540=DIRECTION('ref_axis',(-0.571064488015018,0.820905201913196,2.89521370546671E-17));
#11541=DIRECTION('',(-0.571064488015018,0.820905201913196,2.43783495658348E-14));
#11542=DIRECTION('',(0.,0.,1.));
#11543=DIRECTION('center_axis',(0.820917851407749,-0.57104630393698,0.));
#11544=DIRECTION('ref_axis',(0.57104630393698,0.820917851407749,-3.46551464944306E-17));
#11545=DIRECTION('',(0.57104630393698,0.820917851407749,4.87233064700962E-15));
#11546=DIRECTION('center_axis',(1.,-5.10833071883941E-14,0.));
#11547=DIRECTION('ref_axis',(5.10833071883941E-14,1.,-3.47420037998248E-18));
#11548=DIRECTION('',(0.,0.,1.));
#11549=DIRECTION('',(5.10833071883941E-14,1.,1.78157868996141E-14));
#11550=DIRECTION('',(0.,0.,1.));
#11551=DIRECTION('center_axis',(-0.820905201913196,-0.571064488015018,0.));
#11552=DIRECTION('ref_axis',(0.571064488015018,-0.820905201913196,-2.89521370621085E-17));
#11553=DIRECTION('',(0.571064488015018,-0.820905201913196,-2.43783495658348E-14));
#11554=DIRECTION('',(0.,0.,1.));
#11555=DIRECTION('center_axis',(-0.820917851407748,0.57104630393698,0.));
#11556=DIRECTION('ref_axis',(-0.57104630393698,-0.820917851407748,3.46551465684941E-17));
#11557=DIRECTION('',(-0.57104630393698,-0.820917851407748,-4.87233064700961E-15));
#11558=DIRECTION('',(0.,0.,1.));
#11559=DIRECTION('center_axis',(1.,9.34585899514375E-13,0.));
#11560=DIRECTION('ref_axis',(-9.34585899514375E-13,1.,-3.47419996520658E-18));
#11561=DIRECTION('',(-9.34585899514375E-13,1.,1.78157868996309E-14));
#11562=DIRECTION('',(0.,0.,1.));
#11563=DIRECTION('center_axis',(3.41671135828392E-14,1.,0.));
#11564=DIRECTION('ref_axis',(-1.,3.41671135828392E-14,5.56927048295007E-17));
#11565=DIRECTION('',(-1.,3.41671135828392E-14,1.70791173824623E-14));
#11566=DIRECTION('center_axis',(-0.820917851407748,0.571046303936981,0.));
#11567=DIRECTION('ref_axis',(-0.571046303936981,-0.820917851407748,3.46551464944323E-17));
#11568=DIRECTION('',(0.,0.,1.));
#11569=DIRECTION('',(-0.571046303936981,-0.820917851407748,-4.8723306470096E-15));
#11570=DIRECTION('',(0.,0.,1.));
#11571=DIRECTION('center_axis',(0.820905201913197,0.571064488015017,0.));
#11572=DIRECTION('ref_axis',(-0.571064488015017,0.820905201913197,2.89521370546672E-17));
#11573=DIRECTION('',(-0.571064488015017,0.820905201913197,2.43783495658348E-14));
#11574=DIRECTION('',(0.,0.,1.));
#11575=DIRECTION('',(0.39896088082909,0.658175938657211,0.638462723532686));
#11576=DIRECTION('',(-0.449689236203464,0.657128596206072,0.60494760012003));
#11577=DIRECTION('',(0.360298363951816,-0.131246086320746,0.923558094414819));
#11578=DIRECTION('',(1.,-5.8128070670396E-14,-1.70791173824628E-14));
#11579=DIRECTION('',(-0.331315049657433,-0.130213476101295,0.934491727364191));
#11580=DIRECTION('',(0.774794384786814,-0.30450977162423,-0.554046442356759));
#11581=DIRECTION('',(0.774794384786814,-0.30450977162423,-0.554046442356759));
#11582=DIRECTION('',(1.73518037393867E-14,-2.5323670103644E-14,1.));
#11583=DIRECTION('',(1.73518037393867E-14,-2.5323670103644E-14,1.));
#11584=DIRECTION('center_axis',(5.81016716220499E-14,1.,2.53500923956078E-14));
#11585=DIRECTION('ref_axis',(-1.,5.81016716220499E-14,5.56976715436612E-17));
#11586=DIRECTION('',(5.81016716220499E-14,1.,2.53500923956078E-14));
#11587=DIRECTION('center_axis',(5.81280706703964E-14,1.,2.5323670103643E-14));
#11588=DIRECTION('ref_axis',(-1.,5.81280706703964E-14,5.56976715436619E-17));
#11589=DIRECTION('',(5.81016716220499E-14,1.,2.53500923956078E-14));
#11590=DIRECTION('center_axis',(-5.79402474036688E-14,-1.,-2.5253321820276E-14));
#11591=DIRECTION('ref_axis',(-1.,5.81016716220499E-14,5.56976715436612E-17));
#11592=DIRECTION('',(-5.81016716220499E-14,-1.,-2.53500923956078E-14));
#11593=DIRECTION('center_axis',(5.81280706703964E-14,1.,2.5323670103643E-14));
#11594=DIRECTION('ref_axis',(-1.,5.81280706703964E-14,5.56976715436619E-17));
#11595=DIRECTION('',(5.81016716220499E-14,1.,2.53500923956078E-14));
#11596=DIRECTION('center_axis',(-5.79402474036688E-14,-1.,-2.5253321820276E-14));
#11597=DIRECTION('ref_axis',(-1.,5.81016716220499E-14,5.56976715436612E-17));
#11598=DIRECTION('',(-5.81016716220499E-14,-1.,-2.53500923956078E-14));
#11599=DIRECTION('center_axis',(5.81280706703964E-14,1.,2.5323670103643E-14));
#11600=DIRECTION('ref_axis',(-1.,5.81280706703964E-14,5.56976715436619E-17));
#11601=DIRECTION('center_axis',(5.81280706703964E-14,1.,2.5323670103643E-14));
#11602=DIRECTION('ref_axis',(-5.56974597819869E-17,2.5323670103643E-14,
-1.));
#11603=DIRECTION('',(1.73258336101557E-14,-2.5323670103644E-14,1.));
#11604=DIRECTION('',(-1.73258336101558E-14,2.5323670103644E-14,-1.));
#11605=DIRECTION('',(-0.70710678118654,5.90092918031449E-14,-0.707106781186555));
#11606=DIRECTION('',(-1.,5.81280706703959E-14,1.87541901312642E-14));
#11607=DIRECTION('',(-1.,5.81280706703959E-14,1.8754190131284E-14));
#11608=DIRECTION('',(-0.707106781186525,2.31962140935093E-14,0.70710678118657));
#11609=DIRECTION('center_axis',(-5.81280706703964E-14,-1.,-2.5323670103643E-14));
#11610=DIRECTION('ref_axis',(-1.,5.80369086122801E-14,5.56976715436602E-17));
#11611=DIRECTION('center_axis',(-5.81280706703964E-14,-1.,-2.5323670103643E-14));
#11612=DIRECTION('ref_axis',(-1.,5.80369086122801E-14,5.56976715436602E-17));
#11613=DIRECTION('center_axis',(-5.81280706703964E-14,-1.,-2.5323670103643E-14));
#11614=DIRECTION('ref_axis',(-1.,5.80369086122801E-14,5.56976715436602E-17));
#11615=DIRECTION('center_axis',(-5.81280706703964E-14,-1.,-2.5323670103643E-14));
#11616=DIRECTION('ref_axis',(-1.,5.80369086122801E-14,5.56976715436602E-17));
#11617=DIRECTION('center_axis',(-5.81280706703964E-14,-1.,-2.5323670103643E-14));
#11618=DIRECTION('ref_axis',(-1.,5.80369086122801E-14,5.56976715436602E-17));
#11619=DIRECTION('center_axis',(-0.70710678118657,5.36359553677396E-14,
-0.707106781186525));
#11620=DIRECTION('ref_axis',(-0.707106781186525,2.31962140935093E-14,0.70710678118657));
#11621=DIRECTION('',(5.80369086122801E-14,1.,1.7815786899614E-14));
#11622=DIRECTION('',(-0.707106781186525,2.31962140935093E-14,0.70710678118657));
#11623=DIRECTION('',(5.80369086122801E-14,1.,1.7815786899614E-14));
#11624=DIRECTION('center_axis',(-1.8754190131283E-14,1.7815786899615E-14,
-1.));
#11625=DIRECTION('ref_axis',(-1.,5.8128070670396E-14,1.8754190131284E-14));
#11626=DIRECTION('',(-1.,5.8128070670396E-14,1.8754190131284E-14));
#11627=DIRECTION('',(-5.81479309147425E-14,-1.,-2.84739279360154E-14));
#11628=DIRECTION('',(5.80369086122801E-14,1.,1.7815786899614E-14));
#11629=DIRECTION('',(-1.,5.8128070670396E-14,1.8754190131284E-14));
#11630=DIRECTION('',(-1.,5.8128070670396E-14,1.8754190131284E-14));
#11631=DIRECTION('center_axis',(0.707106781186555,-2.84406279099563E-14,
-0.70710678118654));
#11632=DIRECTION('ref_axis',(-0.70710678118654,5.90092918031449E-14,-0.707106781186555));
#11633=DIRECTION('',(5.80369086122801E-14,1.,1.7815786899614E-14));
#11634=DIRECTION('',(-0.70710678118654,5.90092918031449E-14,-0.707106781186555));
#11635=DIRECTION('',(5.80369086122801E-14,1.,1.7815786899614E-14));
#11636=DIRECTION('center_axis',(1.,-5.80369086122798E-14,-1.73258336101572E-14));
#11637=DIRECTION('ref_axis',(-1.73258336101557E-14,2.7117969941422E-14,
-1.));
#11638=DIRECTION('',(-1.73258336101557E-14,2.7117969941422E-14,-1.));
#11639=DIRECTION('',(5.80369086122801E-14,1.,1.7815786899614E-14));
#11640=DIRECTION('',(-1.73258336101558E-14,2.5323670103644E-14,-1.));
#11641=DIRECTION('center_axis',(-2.04574253454597E-11,1.,2.36319016855197E-14));
#11642=DIRECTION('ref_axis',(-1.,-2.04574253454597E-11,5.56974592633253E-17));
#11643=DIRECTION('',(-1.72905882230101E-14,2.3631901685166E-14,-1.));
#11644=DIRECTION('',(-1.,5.88682430247456E-14,5.56974597828732E-17));
#11645=DIRECTION('center_axis',(5.81280710253295E-14,1.,2.53236701036414E-14));
#11646=DIRECTION('ref_axis',(-1.,5.81280710253295E-14,5.56974597828544E-17));
#11647=DIRECTION('',(-1.,5.8128071025329E-14,1.87541901312636E-14));
#11648=DIRECTION('',(5.56974597812981E-17,-2.67737379772606E-14,1.));
#11649=DIRECTION('center_axis',(5.81280710253295E-14,1.,2.53236701036414E-14));
#11650=DIRECTION('ref_axis',(-1.,5.81280710253295E-14,5.56974597828544E-17));
#11651=DIRECTION('',(-1.,5.88682430247456E-14,5.56974597828732E-17));
#11652=DIRECTION('',(4.3825961909972E-9,2.53236698488896E-14,-1.));
#11653=DIRECTION('',(-1.,5.81280711363128E-14,-4.38259191289713E-9));
#11654=DIRECTION('',(-1.,3.54205387968858E-14,1.70791173824624E-14));
#11655=DIRECTION('',(-1.72462477302543E-14,2.53236701036424E-14,-1.));
#11656=DIRECTION('',(0.99999999666,-5.8130140566812E-14,8.17312665077226E-5));
#11657=DIRECTION('',(1.73682377500299E-14,-2.53236701036424E-14,1.));
#11658=DIRECTION('',(-8.17312665045944E-5,-2.58413770303922E-14,0.99999999666));
#11659=DIRECTION('center_axis',(5.81280710253295E-14,1.,2.53236701036414E-14));
#11660=DIRECTION('ref_axis',(-1.,5.81280710253295E-14,5.56974597828544E-17));
#11661=DIRECTION('center_axis',(-5.81280710253295E-14,-1.,-2.53236701036414E-14));
#11662=DIRECTION('ref_axis',(-1.,5.81280710253295E-14,5.56974597828544E-17));
#11663=DIRECTION('center_axis',(-5.81280710253295E-14,-1.,-2.53236701036414E-14));
#11664=DIRECTION('ref_axis',(-1.,5.81280710253295E-14,5.56974597828544E-17));
#11665=DIRECTION('center_axis',(-5.81280710253295E-14,-1.,-2.53236701036414E-14));
#11666=DIRECTION('ref_axis',(1.78192658537836E-14,-2.53236701036425E-14,
1.));
#11667=DIRECTION('',(1.74029322195494E-14,-2.53236701036424E-14,1.));
#11668=DIRECTION('center_axis',(-5.81280710253295E-14,-1.,-2.53236701036414E-14));
#11669=DIRECTION('ref_axis',(1.,-5.81280710253286E-14,-3.5582834247788E-14));
#11670=DIRECTION('',(1.,-5.81280710253291E-14,-1.59418155357201E-14));
#11671=DIRECTION('center_axis',(-5.81280710253295E-14,-1.,-2.53236701036414E-14));
#11672=DIRECTION('ref_axis',(-1.78192658537836E-14,2.53236701036425E-14,
-1.));
#11673=DIRECTION('',(-1.7171635756086E-14,2.53236701036424E-14,-1.));
#11674=DIRECTION('center_axis',(-5.81280710253295E-14,-1.,-2.53236701036414E-14));
#11675=DIRECTION('ref_axis',(-1.,5.81280710253304E-14,-3.54714393282222E-14));
#11676=DIRECTION('',(-1.,5.81280710253291E-14,1.59418155357201E-14));
#11677=DIRECTION('center_axis',(5.80369086122801E-14,1.,2.66975710966152E-14));
#11678=DIRECTION('ref_axis',(-1.,5.80369086122801E-14,5.5697459782852E-17));
#11679=DIRECTION('',(-5.80369086122801E-14,-1.,-2.66975710966152E-14));
#11680=DIRECTION('center_axis',(5.80369086122801E-14,1.,2.66975710966152E-14));
#11681=DIRECTION('ref_axis',(-1.,5.80369086122801E-14,5.5697459782852E-17));
#11682=DIRECTION('center_axis',(-5.81280710253295E-14,-1.,-2.53236701036414E-14));
#11683=DIRECTION('ref_axis',(-1.,5.81280710253295E-14,5.56974597828544E-17));
#11684=DIRECTION('',(-5.80369086122801E-14,-1.,-2.66975710966152E-14));
#11685=DIRECTION('center_axis',(5.80369086122801E-14,1.,2.66975710966152E-14));
#11686=DIRECTION('ref_axis',(-1.,5.80369086122801E-14,5.5697459782852E-17));
#11687=DIRECTION('center_axis',(5.81280710253295E-14,1.,2.53236701036414E-14));
#11688=DIRECTION('ref_axis',(-1.,5.81280710253295E-14,5.56974597828544E-17));
#11689=DIRECTION('center_axis',(5.81280710253295E-14,1.,2.53236701036414E-14));
#11690=DIRECTION('ref_axis',(-1.,5.21804821573823E-14,5.56974597828531E-17));
#11691=DIRECTION('center_axis',(5.81017917760568E-14,1.,2.54287447827578E-14));
#11692=DIRECTION('ref_axis',(-5.56974597819833E-17,2.54287447827578E-14,
-1.));
#11693=DIRECTION('',(5.56974597813762E-17,-2.54287447827578E-14,1.));
#11694=DIRECTION('',(1.,-5.8128070670396E-14,-1.87541901312636E-14));
#11695=DIRECTION('',(-1.,5.8128070670396E-14,1.70791173824628E-14));
#11696=DIRECTION('center_axis',(5.81017917760568E-14,1.,2.54287447827578E-14));
#11697=DIRECTION('ref_axis',(-5.56974597819833E-17,2.54287447827578E-14,
-1.));
#11698=DIRECTION('',(1.,-5.81017917760568E-14,-5.56974597828527E-17));
#11699=DIRECTION('',(-1.,5.81017918875006E-14,-4.38259191289713E-9));
#11700=DIRECTION('center_axis',(5.84611379327161E-14,1.,2.56289814354145E-14));
#11701=DIRECTION('ref_axis',(-5.56974597819765E-17,2.56289814354145E-14,
-1.));
#11702=DIRECTION('',(1.,-5.84611379327161E-14,-5.56974597828623E-17));
#11703=DIRECTION('',(0.99999999666,-5.84632324265679E-14,8.17312665077226E-5));
#11704=DIRECTION('center_axis',(1.87541901312626E-14,-1.7815786899615E-14,
1.));
#11705=DIRECTION('ref_axis',(1.,-5.8128070670396E-14,-1.87541901312636E-14));
#11706=DIRECTION('',(-5.80369086122801E-14,-1.,-1.7815786899614E-14));
#11707=DIRECTION('',(5.81017917760568E-14,1.,2.54287447827578E-14));
#11708=DIRECTION('center_axis',(8.17312665070969E-5,2.53229454360665E-14,
-0.99999999666));
#11709=DIRECTION('ref_axis',(0.99999999666,-5.81301405668119E-14,8.17312665070969E-5));
#11710=DIRECTION('',(-0.99999999666,5.84632324265679E-14,-8.17312665070969E-5));
#11711=DIRECTION('',(0.99999999666,-5.81301402118789E-14,8.17312665070969E-5));
#11712=DIRECTION('center_axis',(-8.17312665019199E-5,-2.53229454360669E-14,
0.99999999666));
#11713=DIRECTION('ref_axis',(-0.99999999666,5.81301405668118E-14,-8.17312665019199E-5));
#11714=DIRECTION('',(-0.99999999666,5.81301402118787E-14,-8.17312665019199E-5));
#11715=DIRECTION('center_axis',(5.81280706703964E-14,1.,2.5323670103643E-14));
#11716=DIRECTION('ref_axis',(-5.56974597819869E-17,2.5323670103643E-14,
-1.));
#11717=DIRECTION('',(1.73518037393867E-14,-2.5323670103644E-14,1.));
#11718=DIRECTION('',(1.,-5.8128070670396E-14,-1.48586713332125E-14));
#11719=DIRECTION('center_axis',(5.81280706703964E-14,1.,2.5323670103643E-14));
#11720=DIRECTION('ref_axis',(-1.,5.81378379781553E-14,5.56976715436622E-17));
#11721=DIRECTION('',(-5.56976715421899E-17,2.5323670103643E-14,-1.));
#11722=DIRECTION('',(1.,-5.81280706703964E-14,-5.56976715436619E-17));
#11723=DIRECTION('',(5.56976715421899E-17,-2.5323670103643E-14,1.));
#11724=DIRECTION('center_axis',(5.81280706703964E-14,1.,2.5323670103643E-14));
#11725=DIRECTION('ref_axis',(-1.,5.81378379781553E-14,5.56976715436622E-17));
#11726=DIRECTION('',(1.,-5.8128070670396E-14,-1.48586713332125E-14));
#11727=DIRECTION('',(-1.73518037393867E-14,2.5323670103644E-14,-1.));
#11728=DIRECTION('',(-1.,5.8128070670396E-14,1.87541901312642E-14));
#11729=DIRECTION('',(-1.,5.8128070670396E-14,1.87541901312642E-14));
#11730=DIRECTION('',(0.707106781186525,-2.31962140935093E-14,-0.70710678118657));
#11731=DIRECTION('',(1.,-5.86278508460126E-14,-1.70791173824628E-14));
#11732=DIRECTION('',(1.,-5.8128070670396E-14,-1.87541901312846E-14));
#11733=DIRECTION('',(0.707106781186559,-5.90092918031455E-14,0.707106781186536));
#11734=DIRECTION('',(1.73258336101557E-14,-2.5323670103644E-14,1.));
#11735=DIRECTION('center_axis',(-5.81280706703964E-14,-1.,-2.5323670103643E-14));
#11736=DIRECTION('ref_axis',(-1.,5.81378379781553E-14,5.56976715436622E-17));
#11737=DIRECTION('center_axis',(-5.81280706703964E-14,-1.,-2.5323670103643E-14));
#11738=DIRECTION('ref_axis',(-1.,5.81378379781553E-14,5.56976715436622E-17));
#11739=DIRECTION('center_axis',(-5.81280706703964E-14,-1.,-2.5323670103643E-14));
#11740=DIRECTION('ref_axis',(-1.,5.81378379781553E-14,5.56976715436622E-17));
#11741=DIRECTION('center_axis',(-5.81280706703964E-14,-1.,-2.5323670103643E-14));
#11742=DIRECTION('ref_axis',(-1.,5.81378379781553E-14,5.56976715436622E-17));
#11743=DIRECTION('center_axis',(-5.81280706703964E-14,-1.,-2.5323670103643E-14));
#11744=DIRECTION('ref_axis',(-1.,5.81378379781553E-14,5.56976715436622E-17));
#11745=DIRECTION('center_axis',(5.81280706703964E-14,1.,2.5323670103643E-14));
#11746=DIRECTION('ref_axis',(-1.,5.81378379781553E-14,5.56976715436622E-17));
#11747=DIRECTION('center_axis',(-5.81280706703964E-14,-1.,-2.5323670103643E-14));
#11748=DIRECTION('ref_axis',(-1.,5.81378379781553E-14,5.56976715436622E-17));
#11749=DIRECTION('center_axis',(-5.81280706703964E-14,-1.,-2.5323670103643E-14));
#11750=DIRECTION('ref_axis',(-1.,5.81378379781553E-14,5.56976715436622E-17));
#11751=DIRECTION('center_axis',(-5.81280706703964E-14,-1.,-2.5323670103643E-14));
#11752=DIRECTION('ref_axis',(-1.,5.81378379781553E-14,5.56976715436622E-17));
#11753=DIRECTION('center_axis',(-5.81280706703964E-14,-1.,-2.5323670103643E-14));
#11754=DIRECTION('ref_axis',(-1.,5.81378379781553E-14,5.56976715436622E-17));
#11755=DIRECTION('center_axis',(4.38259099942081E-9,2.5328442012605E-14,
-1.));
#11756=DIRECTION('ref_axis',(1.,-6.72375931797929E-14,4.38259099942081E-9));
#11757=DIRECTION('',(-1.,5.84611380450374E-14,-4.38259099942081E-9));
#11758=DIRECTION('center_axis',(-5.80671874220425E-14,-1.,-2.5890136169615E-14));
#11759=DIRECTION('ref_axis',(5.56974597819675E-17,-2.5890136169615E-14,
1.));
#11760=DIRECTION('',(-1.,5.8067187422042E-14,1.87541901312846E-14));
#11761=DIRECTION('center_axis',(-5.80671874220425E-14,-1.,-2.5890136169615E-14));
#11762=DIRECTION('ref_axis',(5.56974597819675E-17,-2.5890136169615E-14,
1.));
#11763=DIRECTION('center_axis',(-1.,5.81017917760564E-14,1.72462477302557E-14));
#11764=DIRECTION('ref_axis',(1.72462477302543E-14,-2.5323670103644E-14,
1.));
#11765=DIRECTION('center_axis',(-5.79402474036688E-14,-1.,-2.5253321820276E-14));
#11766=DIRECTION('ref_axis',(5.56974597819893E-17,-2.5253321820276E-14,
1.));
#11767=DIRECTION('',(1.73258336101557E-14,-2.5323670103644E-14,1.));
#11768=DIRECTION('',(0.707106781186559,-5.90092918031455E-14,0.707106781186536));
#11769=DIRECTION('',(-1.,5.8128070670396E-14,1.87541901312846E-14));
#11770=DIRECTION('',(1.72462477302543E-14,-2.5253321820277E-14,1.));
#11771=DIRECTION('center_axis',(-1.,5.8147930914742E-14,1.72462477302557E-14));
#11772=DIRECTION('ref_axis',(-1.72462477302543E-14,2.5323670103644E-14,
-1.));
#11773=DIRECTION('',(-1.72462477302543E-14,2.5253321820277E-14,-1.));
#11774=DIRECTION('',(-5.81479309147425E-14,-1.,-2.84739279360154E-14));
#11775=DIRECTION('center_axis',(1.,-5.8147930914742E-14,-1.72462477302558E-14));
#11776=DIRECTION('ref_axis',(1.72462477302543E-14,-2.5323670103644E-14,
1.));
#11777=DIRECTION('',(-5.81479309147425E-14,-1.,-2.84739279360154E-14));
#11778=DIRECTION('',(-1.73518037393867E-14,2.5323670103644E-14,-1.));
#11779=DIRECTION('',(-0.814578561061867,-0.296726987509722,-0.498412342084126));
#11780=DIRECTION('',(-0.814578561061867,-0.296726987509722,-0.498412342084126));
#11781=DIRECTION('center_axis',(-5.79402474036688E-14,-1.,-2.5253321820276E-14));
#11782=DIRECTION('ref_axis',(5.56974597819893E-17,-2.5253321820276E-14,
1.));
#11783=DIRECTION('',(1.,-5.8128070670396E-14,-1.87541901312642E-14));
#11784=DIRECTION('',(0.707106781186525,-2.31962140935093E-14,-0.70710678118657));
#11785=DIRECTION('',(-1.,5.8128070670396E-14,1.48586713332125E-14));
#11786=DIRECTION('',(-1.,5.8128070670396E-14,1.48586713332125E-14));
#11787=DIRECTION('center_axis',(5.81280706703964E-14,1.,2.5323670103643E-14));
#11788=DIRECTION('ref_axis',(-1.,5.81280706703964E-14,5.56976715436619E-17));
#11789=DIRECTION('center_axis',(5.81280706703964E-14,1.,2.5323670103643E-14));
#11790=DIRECTION('ref_axis',(-1.,5.81280706703964E-14,5.56976715436619E-17));
#11791=DIRECTION('',(-5.56976715421899E-17,2.5323670103643E-14,-1.));
#11792=DIRECTION('',(-1.,5.81280706703964E-14,5.56976715436619E-17));
#11793=DIRECTION('',(5.56976715421899E-17,-2.5323670103643E-14,1.));
#11794=DIRECTION('center_axis',(5.81280706703964E-14,1.,2.5323670103643E-14));
#11795=DIRECTION('ref_axis',(-1.,5.81280706703964E-14,5.56976715436619E-17));
#11796=DIRECTION('center_axis',(5.81280706703964E-14,1.,2.5323670103643E-14));
#11797=DIRECTION('ref_axis',(-5.56974597819869E-17,2.5323670103643E-14,
-1.));
#11798=DIRECTION('center_axis',(-5.81280706703964E-14,-1.,-2.5323670103643E-14));
#11799=DIRECTION('ref_axis',(-1.,5.81280706703964E-14,5.56976715436619E-17));
#11800=DIRECTION('center_axis',(-5.81280706703964E-14,-1.,-2.5323670103643E-14));
#11801=DIRECTION('ref_axis',(-1.,5.81378379781553E-14,5.56976715436622E-17));
#11802=DIRECTION('center_axis',(5.81280706703964E-14,1.,2.5323670103643E-14));
#11803=DIRECTION('ref_axis',(-1.,5.81378379781553E-14,5.56976715436622E-17));
#11804=DIRECTION('center_axis',(5.81280706703964E-14,1.,2.5323670103643E-14));
#11805=DIRECTION('ref_axis',(-5.56974597819869E-17,2.5323670103643E-14,
-1.));
#11806=DIRECTION('center_axis',(-5.81280706703964E-14,-1.,-2.5323670103643E-14));
#11807=DIRECTION('ref_axis',(-1.,5.81280706703964E-14,5.56976715436619E-17));
#11808=DIRECTION('center_axis',(5.81280706703964E-14,1.,2.5323670103643E-14));
#11809=DIRECTION('ref_axis',(-1.,5.81378379781553E-14,5.56976715436622E-17));
#11810=DIRECTION('center_axis',(5.81280706703964E-14,1.,2.5323670103643E-14));
#11811=DIRECTION('ref_axis',(-5.56974597819869E-17,2.5323670103643E-14,
-1.));
#11812=DIRECTION('center_axis',(-5.81280706703964E-14,-1.,-2.5323670103643E-14));
#11813=DIRECTION('ref_axis',(-1.,5.81280706703964E-14,5.56976715436619E-17));
#11814=DIRECTION('center_axis',(5.81280706703964E-14,1.,2.5323670103643E-14));
#11815=DIRECTION('ref_axis',(-1.,5.81378379781553E-14,5.56976715436622E-17));
#11816=DIRECTION('center_axis',(5.81280706703964E-14,1.,2.5323670103643E-14));
#11817=DIRECTION('ref_axis',(-5.56974597819869E-17,2.5323670103643E-14,
-1.));
#11818=DIRECTION('center_axis',(-5.81280706703964E-14,-1.,-2.5323670103643E-14));
#11819=DIRECTION('ref_axis',(-1.,5.81280706703964E-14,5.56976715436619E-17));
#11820=DIRECTION('center_axis',(5.81280706703964E-14,1.,2.5323670103643E-14));
#11821=DIRECTION('ref_axis',(-1.,5.81378379781553E-14,5.56976715436622E-17));
#11822=DIRECTION('center_axis',(5.80369086122801E-14,1.,2.66975710966152E-14));
#11823=DIRECTION('ref_axis',(-1.,5.80369086122801E-14,5.56976715436595E-17));
#11824=DIRECTION('',(-5.80369086122801E-14,-1.,-2.66975710966152E-14));
#11825=DIRECTION('center_axis',(5.81280706703964E-14,1.,2.5323670103643E-14));
#11826=DIRECTION('ref_axis',(-1.,5.80369086122801E-14,5.56976715436595E-17));
#11827=DIRECTION('center_axis',(5.80369086122801E-14,1.,2.66975710966152E-14));
#11828=DIRECTION('ref_axis',(-1.,5.80369086122801E-14,5.56976715436595E-17));
#11829=DIRECTION('',(-5.80369086122801E-14,-1.,-2.66975710966152E-14));
#11830=DIRECTION('center_axis',(5.81280706703964E-14,1.,2.5323670103643E-14));
#11831=DIRECTION('ref_axis',(-1.,5.80369086122801E-14,5.56976715436595E-17));
#11832=DIRECTION('center_axis',(5.80369086122801E-14,1.,2.66975710966152E-14));
#11833=DIRECTION('ref_axis',(-1.,5.80369086122801E-14,5.56976715436595E-17));
#11834=DIRECTION('',(-5.80369086122801E-14,-1.,-2.66975710966152E-14));
#11835=DIRECTION('center_axis',(5.80369086122801E-14,1.,2.66975710966152E-14));
#11836=DIRECTION('ref_axis',(-1.,5.80369086122801E-14,5.56976715436595E-17));
#11837=DIRECTION('',(-5.80369086122801E-14,-1.,-2.66975710966152E-14));
#11838=DIRECTION('center_axis',(5.81280706703964E-14,1.,2.5323670103643E-14));
#11839=DIRECTION('ref_axis',(-1.,5.80369086122801E-14,5.56976715436595E-17));
#11840=DIRECTION('center_axis',(5.80369086122801E-14,1.,2.66975710966152E-14));
#11841=DIRECTION('ref_axis',(-1.,5.80369086122801E-14,5.56976715436595E-17));
#11842=DIRECTION('',(-5.80369086122801E-14,-1.,-2.66975710966152E-14));
#11843=DIRECTION('center_axis',(5.80369086122801E-14,1.,2.66975710966152E-14));
#11844=DIRECTION('ref_axis',(-0.729537204140033,2.40805171317234E-14,0.683941128881385));
#11845=DIRECTION('',(5.80369086122801E-14,1.,2.66975710966152E-14));
#11846=DIRECTION('',(5.80369086122801E-14,1.,2.66975710966152E-14));
#11847=DIRECTION('center_axis',(5.80369086122801E-14,1.,2.66975710966152E-14));
#11848=DIRECTION('ref_axis',(-1.,5.80369086122801E-14,5.56976715436595E-17));
#11849=DIRECTION('center_axis',(5.80369086122801E-14,1.,2.66975710966152E-14));
#11850=DIRECTION('ref_axis',(-1.,5.80369086122801E-14,5.56976715436595E-17));
#11851=DIRECTION('',(-5.80369086122801E-14,-1.,-2.66975710966152E-14));
#11852=DIRECTION('center_axis',(5.81280706703964E-14,1.,2.5323670103643E-14));
#11853=DIRECTION('ref_axis',(-1.,5.80369086122801E-14,5.56976715436595E-17));
#11854=DIRECTION('center_axis',(5.80369086122801E-14,1.,2.66975710966152E-14));
#11855=DIRECTION('ref_axis',(-1.,5.80369086122801E-14,5.56976715436595E-17));
#11856=DIRECTION('',(-5.80369086122801E-14,-1.,-2.66975710966152E-14));
#11857=DIRECTION('center_axis',(5.81280706703964E-14,1.,2.5323670103643E-14));
#11858=DIRECTION('ref_axis',(-1.,5.81280706703964E-14,5.56976715436619E-17));
#11859=DIRECTION('center_axis',(-5.81280706703964E-14,-1.,-2.5323670103643E-14));
#11860=DIRECTION('ref_axis',(-1.,5.81280706703964E-14,5.56976715436619E-17));
#11861=DIRECTION('center_axis',(5.81280706703964E-14,1.,2.5323670103643E-14));
#11862=DIRECTION('ref_axis',(-1.,5.81280706703964E-14,5.56976715436619E-17));
#11863=DIRECTION('center_axis',(-5.81280706703964E-14,-1.,-2.5323670103643E-14));
#11864=DIRECTION('ref_axis',(-1.,5.81280706703964E-14,5.56976715436619E-17));
#11865=DIRECTION('center_axis',(5.81280706703964E-14,1.,2.5323670103643E-14));
#11866=DIRECTION('ref_axis',(-1.,5.81280706703964E-14,5.56976715436619E-17));
#11867=DIRECTION('center_axis',(-5.81280706703964E-14,-1.,-2.5323670103643E-14));
#11868=DIRECTION('ref_axis',(-1.,5.81280706703964E-14,5.56976715436619E-17));
#11869=DIRECTION('center_axis',(5.81280706703964E-14,1.,2.5323670103643E-14));
#11870=DIRECTION('ref_axis',(-1.,5.81280706703964E-14,5.56976715436619E-17));
#11871=DIRECTION('center_axis',(-5.81280706703964E-14,-1.,-2.5323670103643E-14));
#11872=DIRECTION('ref_axis',(-1.,5.81280706703964E-14,5.56976715436619E-17));
#11873=DIRECTION('center_axis',(5.80369086122801E-14,1.,1.7815786899614E-14));
#11874=DIRECTION('ref_axis',(-1.,5.80369086122801E-14,5.56976715436602E-17));
#11875=DIRECTION('',(-5.80369086122801E-14,-1.,-1.7815786899614E-14));
#11876=DIRECTION('center_axis',(5.80369086122801E-14,1.,1.7815786899614E-14));
#11877=DIRECTION('ref_axis',(-1.,5.80369086122801E-14,5.56976715436602E-17));
#11878=DIRECTION('',(-5.80369086122801E-14,-1.,-1.7815786899614E-14));
#11879=DIRECTION('center_axis',(5.80369086122801E-14,1.,1.7815786899614E-14));
#11880=DIRECTION('ref_axis',(-1.,5.80369086122801E-14,5.56976715436603E-17));
#11881=DIRECTION('',(-5.80369086122801E-14,-1.,-1.7815786899614E-14));
#11882=DIRECTION('center_axis',(5.80369086122801E-14,1.,1.7815786899614E-14));
#11883=DIRECTION('ref_axis',(-1.,5.80369086122801E-14,5.56976715436603E-17));
#11884=DIRECTION('',(-5.80369086122801E-14,-1.,-1.7815786899614E-14));
#11885=DIRECTION('center_axis',(5.80369086122801E-14,1.,1.7815786899614E-14));
#11886=DIRECTION('ref_axis',(-1.,5.80369086122801E-14,5.56976715436603E-17));
#11887=DIRECTION('',(-5.80369086122801E-14,-1.,-1.7815786899614E-14));
#11888=DIRECTION('center_axis',(5.80369086122801E-14,1.,1.7815786899614E-14));
#11889=DIRECTION('ref_axis',(-1.,5.80369086122801E-14,5.56976715436602E-17));
#11890=DIRECTION('',(-5.80369086122801E-14,-1.,-1.7815786899614E-14));
#11891=DIRECTION('center_axis',(5.80369086122801E-14,1.,1.7815786899614E-14));
#11892=DIRECTION('ref_axis',(-1.,5.80369086122801E-14,5.56976715436603E-17));
#11893=DIRECTION('',(-5.80369086122801E-14,-1.,-1.7815786899614E-14));
#11894=DIRECTION('center_axis',(5.80369086122801E-14,1.,1.7815786899614E-14));
#11895=DIRECTION('ref_axis',(-1.,5.80369086122801E-14,5.56976715436602E-17));
#11896=DIRECTION('',(-5.80369086122801E-14,-1.,-1.7815786899614E-14));
#11897=DIRECTION('center_axis',(5.80369086122801E-14,1.,1.7815786899614E-14));
#11898=DIRECTION('ref_axis',(-1.,5.80369086122801E-14,5.56976715436602E-17));
#11899=DIRECTION('',(-5.80369086122801E-14,-1.,-1.7815786899614E-14));
#11900=DIRECTION('center_axis',(-0.707106781186536,2.84406279099548E-14,
0.707106781186559));
#11901=DIRECTION('ref_axis',(0.707106781186559,-5.90092918031455E-14,0.707106781186536));
#11902=DIRECTION('',(5.80369086122801E-14,1.,1.7815786899614E-14));
#11903=DIRECTION('',(5.80369086122801E-14,1.,1.7815786899614E-14));
#11904=DIRECTION('center_axis',(1.87541901312836E-14,-1.7815786899615E-14,
1.));
#11905=DIRECTION('ref_axis',(1.,-5.8128070670396E-14,-1.87541901312846E-14));
#11906=DIRECTION('',(5.80369086122801E-14,1.,1.7815786899614E-14));
#11907=DIRECTION('center_axis',(0.70710678118657,-5.36359553677396E-14,
0.707106781186525));
#11908=DIRECTION('ref_axis',(0.707106781186525,-2.31962140935093E-14,-0.70710678118657));
#11909=DIRECTION('center_axis',(-1.87541901312632E-14,1.7815786899615E-14,
-1.));
#11910=DIRECTION('ref_axis',(-1.,5.8128070670396E-14,1.87541901312642E-14));
#11911=DIRECTION('',(5.80369086122801E-14,1.,1.7815786899614E-14));
#11912=DIRECTION('center_axis',(1.,-5.80369086122798E-14,-1.73518037393882E-14));
#11913=DIRECTION('ref_axis',(-1.73518037393867E-14,2.5323670103644E-14,
-1.));
#11914=DIRECTION('',(5.80369086122801E-14,1.,1.7815786899614E-14));
#11915=DIRECTION('center_axis',(1.48586713332114E-14,-1.78157868996148E-14,
1.));
#11916=DIRECTION('ref_axis',(1.,-5.8128070670396E-14,-1.48586713332125E-14));
#11917=DIRECTION('',(5.80369086122801E-14,1.,1.7815786899614E-14));
#11918=DIRECTION('center_axis',(5.80369086122801E-14,1.,1.7815786899614E-14));
#11919=DIRECTION('ref_axis',(-1.,5.80369086122801E-14,5.56976715436603E-17));
#11920=DIRECTION('',(5.80369086122801E-14,1.,1.7815786899614E-14));
#11921=DIRECTION('center_axis',(-1.,5.80369086122801E-14,5.56976715436596E-17));
#11922=DIRECTION('ref_axis',(5.56976715421899E-17,-2.5323670103643E-14,
1.));
#11923=DIRECTION('',(5.80369086122801E-14,1.,1.7815786899614E-14));
#11924=DIRECTION('center_axis',(5.56976715426263E-17,-1.7815786899614E-14,
1.));
#11925=DIRECTION('ref_axis',(1.,-5.81280706703964E-14,-5.56976715436619E-17));
#11926=DIRECTION('',(5.80369086122801E-14,1.,1.7815786899614E-14));
#11927=DIRECTION('center_axis',(1.,-5.80369086122801E-14,-5.56976715436596E-17));
#11928=DIRECTION('ref_axis',(-5.56976715421899E-17,2.5323670103643E-14,
-1.));
#11929=DIRECTION('',(5.80369086122801E-14,1.,1.7815786899614E-14));
#11930=DIRECTION('center_axis',(5.80369086122801E-14,1.,1.7815786899614E-14));
#11931=DIRECTION('ref_axis',(-1.,5.80369086122801E-14,5.56976715436603E-17));
#11932=DIRECTION('',(5.80369086122801E-14,1.,1.7815786899614E-14));
#11933=DIRECTION('center_axis',(1.48586713332114E-14,-1.78157868996148E-14,
1.));
#11934=DIRECTION('ref_axis',(1.,-5.8128070670396E-14,-1.48586713332125E-14));
#11935=DIRECTION('',(5.80369086122801E-14,1.,1.7815786899614E-14));
#11936=DIRECTION('center_axis',(-1.,5.80369086122798E-14,1.73518037393882E-14));
#11937=DIRECTION('ref_axis',(1.73518037393867E-14,-2.5323670103644E-14,
1.));
#11938=DIRECTION('center_axis',(-1.,5.80369086122798E-14,1.73258336101572E-14));
#11939=DIRECTION('ref_axis',(1.73258336101557E-14,-2.5323670103644E-14,
1.));
#11940=DIRECTION('center_axis',(1.,-3.41671135828391E-14,-5.56974597828521E-17));
#11941=DIRECTION('ref_axis',(3.41671135828391E-14,1.,5.22185056113957E-17));
#11942=DIRECTION('',(5.19306819768417E-14,1.,5.22185056113948E-17));
#11943=DIRECTION('',(-3.41671135828391E-14,-1.,-5.22185056113957E-17));
#11944=DIRECTION('',(-5.56974597828503E-17,5.22185056113976E-17,-1.));
#11945=DIRECTION('',(-5.56974597841749E-17,-3.87156905103986E-14,-1.));
#11946=DIRECTION('',(-3.41671135828391E-14,-1.,-5.22185056113957E-17));
#11947=DIRECTION('',(5.56974597815258E-17,-3.88201275216183E-14,1.));
#11948=DIRECTION('center_axis',(5.56463239560727E-17,-5.22185056113976E-17,
1.));
#11949=DIRECTION('ref_axis',(3.41671135828391E-14,1.,5.22185056113957E-17));
#11950=DIRECTION('',(-1.,3.41717992617708E-14,5.56463239560745E-17));
#11951=DIRECTION('',(-1.,3.41717992617708E-14,5.56463239560745E-17));
#11952=DIRECTION('',(-1.,3.41717992617708E-14,5.56463239560745E-17));
#11953=DIRECTION('center_axis',(3.41717992617708E-14,1.,3.88201275216183E-14));
#11954=DIRECTION('ref_axis',(-5.56974597815258E-17,3.88201275216183E-14,
-1.));
#11955=DIRECTION('',(-1.,3.41717992617708E-14,5.56463239560745E-17));
#11956=DIRECTION('center_axis',(5.56463239560727E-17,-5.22185056113976E-17,
1.));
#11957=DIRECTION('ref_axis',(3.41671135828391E-14,1.,5.22185056113957E-17));
#11958=DIRECTION('center_axis',(-5.56463239560727E-17,5.22185056113976E-17,
-1.));
#11959=DIRECTION('ref_axis',(-3.41671135828391E-14,-1.,-5.22185056113957E-17));
#11960=DIRECTION('',(5.19306819768417E-14,1.,5.22185056113948E-17));
#11961=DIRECTION('',(-5.80390906385857E-14,-1.,3.26309610265302E-31));
#11962=DIRECTION('center_axis',(-3.41717992617708E-14,-1.,-5.22185056113957E-17));
#11963=DIRECTION('ref_axis',(5.56974597828503E-17,-5.22185056113976E-17,
1.));
#11964=DIRECTION('center_axis',(-1.70791173824617E-14,1.7815786899615E-14,
-1.));
#11965=DIRECTION('ref_axis',(-1.,5.8128070670396E-14,1.70791173824628E-14));
#11966=DIRECTION('',(5.80369086122801E-14,1.,1.7815786899614E-14));
#11967=DIRECTION('',(-1.,3.41671135828391E-14,5.56974597828521E-17));
#11968=DIRECTION('',(5.80369086122801E-14,1.,2.66975710966152E-14));
#11969=DIRECTION('center_axis',(-1.,5.80369086122798E-14,1.73518037393882E-14));
#11970=DIRECTION('ref_axis',(1.73518037393867E-14,-2.5323670103644E-14,
1.));
#11971=DIRECTION('',(5.80369086122801E-14,1.,2.66975710966152E-14));
#11972=DIRECTION('',(4.18219264001479E-16,-5.22185056114049E-17,1.));
#11973=DIRECTION('center_axis',(1.,-5.80369086122801E-14,-5.5697459782852E-17));
#11974=DIRECTION('ref_axis',(-5.56974597812981E-17,2.67737379772606E-14,
-1.));
#11975=DIRECTION('',(-5.56974597828503E-17,5.22185056113978E-17,-1.));
#11976=DIRECTION('',(5.80369086122801E-14,1.,2.66975710966152E-14));
#11977=DIRECTION('center_axis',(-1.,5.80369087292848E-14,-4.3825961909972E-9));
#11978=DIRECTION('ref_axis',(-4.3825961909972E-9,-2.53236698488896E-14,
1.));
#11979=DIRECTION('',(5.80369086122801E-14,1.,2.66975710966152E-14));
#11980=DIRECTION('',(-4.32128901704203E-9,-5.22183579352495E-17,1.));
#11981=DIRECTION('',(5.80369086122801E-14,1.,2.66975710966152E-14));
#11982=DIRECTION('center_axis',(5.80369086122801E-14,1.,2.66975710966152E-14));
#11983=DIRECTION('ref_axis',(1.78192658537836E-14,-2.66975710966163E-14,
1.));
#11984=DIRECTION('',(5.80369086122801E-14,1.,2.66975710966152E-14));
#11985=DIRECTION('center_axis',(-3.41671135828391E-14,-1.,-5.22185056113957E-17));
#11986=DIRECTION('ref_axis',(8.93748165678398E-15,-5.22185056117011E-17,
1.));
#11987=DIRECTION('',(5.80369086122801E-14,1.,2.66975710966152E-14));
#11988=DIRECTION('center_axis',(-1.59418155357185E-14,2.66975710966162E-14,
-1.));
#11989=DIRECTION('ref_axis',(-1.,5.81280710253291E-14,1.59418155357201E-14));
#11990=DIRECTION('',(5.80369086122801E-14,1.,2.66975710966152E-14));
#11991=DIRECTION('',(-1.,3.12787284781233E-14,1.59418155357201E-14));
#11992=DIRECTION('center_axis',(5.80369086122801E-14,1.,2.66975710966152E-14));
#11993=DIRECTION('ref_axis',(-1.,5.8036908612281E-14,-3.54714393282222E-14));
#11994=DIRECTION('',(5.80369086122801E-14,1.,2.66975710966152E-14));
#11995=DIRECTION('center_axis',(-3.41671135828391E-14,-1.,-5.22185056114021E-17));
#11996=DIRECTION('ref_axis',(-1.,3.41671135828391E-14,-3.54714393282217E-14));
#11997=DIRECTION('center_axis',(1.,-5.80369086122796E-14,-1.71716357560875E-14));
#11998=DIRECTION('ref_axis',(-1.7171635756086E-14,2.53236701036424E-14,
-1.));
#11999=DIRECTION('',(5.80369086122801E-14,1.,2.66975710966152E-14));
#12000=DIRECTION('',(-1.90220074637961E-14,5.22185056120454E-17,-1.));
#12001=DIRECTION('center_axis',(-5.56974597813015E-17,2.6697571096615E-14,
-1.));
#12002=DIRECTION('ref_axis',(-1.,5.88682430247456E-14,5.56974597828732E-17));
#12003=DIRECTION('',(5.85920201245925E-14,1.,2.6697571096615E-14));
#12004=DIRECTION('',(-1.,3.41671135828391E-14,8.94084033360818E-15));
#12005=DIRECTION('center_axis',(-4.38259191289713E-9,-2.66975708422632E-14,
1.));
#12006=DIRECTION('ref_axis',(1.,-5.81280711363128E-14,4.38259191289713E-9));
#12007=DIRECTION('',(1.,-3.4167113583068E-14,4.38259212743966E-9));
#12008=DIRECTION('center_axis',(5.56974597828503E-17,-5.22185056113976E-17,
1.));
#12009=DIRECTION('ref_axis',(1.,-3.41671135828391E-14,-5.56974597828521E-17));
#12010=DIRECTION('center_axis',(5.19306819768417E-14,1.,5.22185056113947E-17));
#12011=DIRECTION('ref_axis',(-1.,5.19306819768417E-14,5.56974597828531E-17));
#12012=DIRECTION('center_axis',(-3.41671135828391E-14,-1.,-5.22185056113957E-17));
#12013=DIRECTION('ref_axis',(-1.,3.41671135828391E-14,5.56974597828521E-17));
#12014=DIRECTION('',(-5.19306819768417E-14,-1.,-5.22185056113947E-17));
#12015=DIRECTION('center_axis',(5.19306819768417E-14,1.,5.22185056113947E-17));
#12016=DIRECTION('ref_axis',(-1.,5.19306819768417E-14,5.56974597828531E-17));
#12017=DIRECTION('center_axis',(-3.41671135828391E-14,-1.,-5.22185056113957E-17));
#12018=DIRECTION('ref_axis',(-1.,3.41671135828391E-14,5.56974597828521E-17));
#12019=DIRECTION('',(-5.19306819768417E-14,-1.,-5.22185056113947E-17));
#12020=DIRECTION('center_axis',(5.19373993304898E-14,1.,5.22185056110791E-17));
#12021=DIRECTION('ref_axis',(-1.,5.19373993304898E-14,5.56974597828531E-17));
#12022=DIRECTION('',(1.72908564361336E-14,-5.22185056119865E-17,1.));
#12023=DIRECTION('center_axis',(-1.,5.8592020124592E-14,1.72905882230114E-14));
#12024=DIRECTION('ref_axis',(1.72905882230101E-14,-2.3631901685166E-14,
1.));
#12025=DIRECTION('center_axis',(5.19373993304898E-14,1.,5.22185056110791E-17));
#12026=DIRECTION('ref_axis',(-1.,5.19373993304898E-14,5.56974597828531E-17));
#12027=DIRECTION('',(8.17312665044346E-5,1.84826834697584E-15,-0.99999999666));
#12028=DIRECTION('',(1.78192658537854E-14,-5.22185056120046E-17,1.));
#12029=DIRECTION('',(0.99999999666,-5.19374034249035E-14,8.17312665077226E-5));
#12030=DIRECTION('',(-1.,3.41671135828391E-14,5.56974597828521E-17));
#12031=DIRECTION('center_axis',(-3.41671135828391E-14,-1.,-5.22185056113957E-17));
#12032=DIRECTION('ref_axis',(-1.33783737552845E-14,5.22185056118528E-17,
-1.));
#12033=DIRECTION('',(1.,-3.7055498687555E-14,-1.59418155357201E-14));
#12034=DIRECTION('center_axis',(-3.41671135828391E-14,-1.,-5.22185056113957E-17));
#12035=DIRECTION('ref_axis',(1.,-3.41671135828391E-14,-5.56974597828521E-17));
#12036=DIRECTION('',(2.01784897811138E-14,-5.22185056120848E-17,1.));
#12037=DIRECTION('center_axis',(5.19373993304898E-14,1.,5.22185056110791E-17));
#12038=DIRECTION('ref_axis',(-1.,5.19373993304898E-14,5.56974597828531E-17));
#12039=DIRECTION('center_axis',(-5.19373993304898E-14,-1.,-5.22185056110791E-17));
#12040=DIRECTION('ref_axis',(-1.,0.,5.56974587749844E-17));
#12041=DIRECTION('',(5.56974587749844E-17,-5.2218505611082E-17,1.));
#12042=DIRECTION('center_axis',(-5.19373993304898E-14,-1.,-5.22185056110791E-17));
#12043=DIRECTION('ref_axis',(1.,0.,-5.56974587749844E-17));
#12044=DIRECTION('',(-5.56974587749844E-17,5.2218505611082E-17,-1.));
#12045=DIRECTION('center_axis',(-5.19373993304898E-14,-1.,-5.22185056110791E-17));
#12046=DIRECTION('ref_axis',(-1.,0.,5.56974587749844E-17));
#12047=DIRECTION('',(5.56974587749844E-17,-5.2218505611082E-17,1.));
#12048=DIRECTION('center_axis',(-5.19373993304898E-14,-1.,-5.22185056110791E-17));
#12049=DIRECTION('ref_axis',(1.,0.,-5.56974587749844E-17));
#12050=DIRECTION('',(-5.56974587749844E-17,5.2218505611082E-17,-1.));
#12051=DIRECTION('center_axis',(-5.19373993304898E-14,-1.,-5.22185056110791E-17));
#12052=DIRECTION('ref_axis',(-1.,0.,5.56974587749844E-17));
#12053=DIRECTION('',(5.56974587749844E-17,-5.2218505611082E-17,1.));
#12054=DIRECTION('center_axis',(-5.19373993304898E-14,-1.,-5.22185056110791E-17));
#12055=DIRECTION('ref_axis',(1.,0.,-5.56974587749844E-17));
#12056=DIRECTION('',(-5.56974587749844E-17,5.2218505611082E-17,-1.));
#12057=DIRECTION('center_axis',(-5.19373993304898E-14,-1.,-5.22185056110791E-17));
#12058=DIRECTION('ref_axis',(-1.,0.,5.56974587749844E-17));
#12059=DIRECTION('',(5.56974587749844E-17,-5.2218505611082E-17,1.));
#12060=DIRECTION('center_axis',(-5.19373993304898E-14,-1.,-5.22185056110791E-17));
#12061=DIRECTION('ref_axis',(1.,0.,-5.56974587749844E-17));
#12062=DIRECTION('',(-5.56974587749844E-17,5.2218505611082E-17,-1.));
#12063=DIRECTION('center_axis',(-5.19373993304898E-14,-1.,-5.22185056110791E-17));
#12064=DIRECTION('ref_axis',(-1.,0.,5.56974587749844E-17));
#12065=DIRECTION('',(5.56974587749844E-17,-5.2218505611082E-17,1.));
#12066=DIRECTION('center_axis',(-5.19373993304898E-14,-1.,-5.22185056110791E-17));
#12067=DIRECTION('ref_axis',(1.,0.,-5.56974587749844E-17));
#12068=DIRECTION('',(-5.56974587749844E-17,5.2218505611082E-17,-1.));
#12069=DIRECTION('center_axis',(5.19373993304898E-14,1.,5.22185056110791E-17));
#12070=DIRECTION('ref_axis',(-1.,5.19373993304898E-14,5.56974597828531E-17));
#12071=DIRECTION('center_axis',(-5.19373993304898E-14,-1.,-5.22185056110791E-17));
#12072=DIRECTION('ref_axis',(-1.,0.,5.56974587749844E-17));
#12073=DIRECTION('',(5.56974587749844E-17,-5.2218505611082E-17,1.));
#12074=DIRECTION('center_axis',(-5.19373993304898E-14,-1.,-5.22185056110791E-17));
#12075=DIRECTION('ref_axis',(1.,0.,-5.56974587749844E-17));
#12076=DIRECTION('',(-5.56974587749844E-17,5.2218505611082E-17,-1.));
#12077=DIRECTION('center_axis',(-5.19373993304898E-14,-1.,-5.22185056110791E-17));
#12078=DIRECTION('ref_axis',(-1.,0.,5.56974587749844E-17));
#12079=DIRECTION('',(5.56974587749844E-17,-5.2218505611082E-17,1.));
#12080=DIRECTION('center_axis',(-5.19373993304898E-14,-1.,-5.22185056110791E-17));
#12081=DIRECTION('ref_axis',(1.,0.,-5.56974587749844E-17));
#12082=DIRECTION('',(-5.56974587749844E-17,5.2218505611082E-17,-1.));
#12083=DIRECTION('center_axis',(-5.19373993304898E-14,-1.,-5.22185056110791E-17));
#12084=DIRECTION('ref_axis',(-1.,0.,5.56974587749844E-17));
#12085=DIRECTION('',(5.56974587749844E-17,-5.2218505611082E-17,1.));
#12086=DIRECTION('center_axis',(-5.19373993304898E-14,-1.,-5.22185056110791E-17));
#12087=DIRECTION('ref_axis',(1.,0.,-5.56974587749844E-17));
#12088=DIRECTION('',(-5.56974587749844E-17,5.2218505611082E-17,-1.));
#12089=DIRECTION('',(-5.56974587749844E-17,5.2218505611082E-17,-1.));
#12090=DIRECTION('center_axis',(-5.19373993304898E-14,-1.,-5.22185056110791E-17));
#12091=DIRECTION('ref_axis',(-1.,0.,5.56974587749844E-17));
#12092=DIRECTION('',(5.56974587749844E-17,-5.2218505611082E-17,1.));
#12093=DIRECTION('center_axis',(-5.19373993304898E-14,-1.,-5.22185056110791E-17));
#12094=DIRECTION('ref_axis',(1.,0.,-5.56974587749844E-17));
#12095=DIRECTION('center_axis',(-5.19373993304898E-14,-1.,-5.22185056110791E-17));
#12096=DIRECTION('ref_axis',(-1.,0.,5.56974587749844E-17));
#12097=DIRECTION('',(5.56974587749844E-17,-5.2218505611082E-17,1.));
#12098=DIRECTION('center_axis',(-5.19373993304898E-14,-1.,-5.22185056110791E-17));
#12099=DIRECTION('ref_axis',(1.,0.,-5.56974587749844E-17));
#12100=DIRECTION('',(-5.56974587749844E-17,5.2218505611082E-17,-1.));
#12101=DIRECTION('center_axis',(3.41717992617708E-14,1.,-3.87156905103986E-14));
#12102=DIRECTION('ref_axis',(-5.56974597841749E-17,-3.87156905103986E-14,
-1.));
#12103=DIRECTION('center_axis',(3.41717992617708E-14,1.,5.22185056113958E-17));
#12104=DIRECTION('ref_axis',(-5.56974597828503E-17,5.22185056113977E-17,
-1.));
#12105=DIRECTION('center_axis',(-1.,0.,5.56974587749844E-17));
#12106=DIRECTION('ref_axis',(5.56974587749844E-17,-1.27644496541174E-24,
1.));
#12107=DIRECTION('',(0.,1.,0.));
#12108=DIRECTION('',(-5.21804821573823E-14,-1.,0.));
#12109=DIRECTION('center_axis',(0.,1.,0.));
#12110=DIRECTION('ref_axis',(1.,0.,-5.56974587749844E-17));
#12111=DIRECTION('',(0.,1.,0.));
#12112=DIRECTION('center_axis',(1.,0.,-5.56974587749844E-17));
#12113=DIRECTION('ref_axis',(-5.56974587749844E-17,1.27644496541174E-24,
-1.));
#12114=DIRECTION('',(0.,1.,0.));
#12115=DIRECTION('center_axis',(0.,1.,0.));
#12116=DIRECTION('ref_axis',(-1.,0.,5.56974587749844E-17));
#12117=DIRECTION('center_axis',(-1.,0.,5.56974587749844E-17));
#12118=DIRECTION('ref_axis',(5.56974587749844E-17,-1.27644496541174E-24,
1.));
#12119=DIRECTION('',(0.,1.,0.));
#12120=DIRECTION('',(-5.21804821573823E-14,-1.,0.));
#12121=DIRECTION('center_axis',(0.,1.,0.));
#12122=DIRECTION('ref_axis',(1.,0.,-5.56974587749844E-17));
#12123=DIRECTION('',(0.,1.,0.));
#12124=DIRECTION('center_axis',(1.,0.,-5.56974587749844E-17));
#12125=DIRECTION('ref_axis',(-5.56974587749844E-17,1.27644496541174E-24,
-1.));
#12126=DIRECTION('',(0.,1.,0.));
#12127=DIRECTION('center_axis',(0.,1.,0.));
#12128=DIRECTION('ref_axis',(-1.,0.,5.56974587749844E-17));
#12129=DIRECTION('center_axis',(-1.,0.,5.56974587749844E-17));
#12130=DIRECTION('ref_axis',(5.56974587749844E-17,-1.27644496541174E-24,
1.));
#12131=DIRECTION('',(0.,1.,0.));
#12132=DIRECTION('',(-5.21804821573823E-14,-1.,0.));
#12133=DIRECTION('center_axis',(0.,1.,0.));
#12134=DIRECTION('ref_axis',(1.,0.,-5.56974587749844E-17));
#12135=DIRECTION('',(0.,1.,0.));
#12136=DIRECTION('center_axis',(1.,0.,-5.56974587749844E-17));
#12137=DIRECTION('ref_axis',(-5.56974587749844E-17,1.27644496541174E-24,
-1.));
#12138=DIRECTION('',(0.,1.,0.));
#12139=DIRECTION('center_axis',(0.,1.,0.));
#12140=DIRECTION('ref_axis',(-1.,0.,5.56974587749844E-17));
#12141=DIRECTION('center_axis',(-1.,0.,5.56974587749844E-17));
#12142=DIRECTION('ref_axis',(5.56974587749844E-17,-1.27644496541174E-24,
1.));
#12143=DIRECTION('',(0.,1.,0.));
#12144=DIRECTION('',(-5.21804821573823E-14,-1.,0.));
#12145=DIRECTION('center_axis',(0.,1.,0.));
#12146=DIRECTION('ref_axis',(1.,0.,-5.56974587749844E-17));
#12147=DIRECTION('',(0.,1.,0.));
#12148=DIRECTION('center_axis',(1.,0.,-5.56974587749844E-17));
#12149=DIRECTION('ref_axis',(-5.56974587749844E-17,1.27644496541174E-24,
-1.));
#12150=DIRECTION('',(0.,1.,0.));
#12151=DIRECTION('center_axis',(0.,1.,0.));
#12152=DIRECTION('ref_axis',(-1.,0.,5.56974587749844E-17));
#12153=DIRECTION('center_axis',(-1.,0.,5.56974587749844E-17));
#12154=DIRECTION('ref_axis',(5.56974587749844E-17,-1.27644496541174E-24,
1.));
#12155=DIRECTION('',(0.,1.,0.));
#12156=DIRECTION('',(-5.21804821573823E-14,-1.,0.));
#12157=DIRECTION('center_axis',(0.,1.,0.));
#12158=DIRECTION('ref_axis',(1.,0.,-5.56974587749844E-17));
#12159=DIRECTION('',(0.,1.,0.));
#12160=DIRECTION('center_axis',(1.,0.,-5.56974587749844E-17));
#12161=DIRECTION('ref_axis',(-5.56974587749844E-17,1.27644496541174E-24,
-1.));
#12162=DIRECTION('',(0.,1.,0.));
#12163=DIRECTION('center_axis',(0.,1.,0.));
#12164=DIRECTION('ref_axis',(-1.,0.,5.56974587749844E-17));
#12165=DIRECTION('center_axis',(-1.,0.,5.56974587749844E-17));
#12166=DIRECTION('ref_axis',(5.56974587749844E-17,-1.27644496541174E-24,
1.));
#12167=DIRECTION('',(0.,1.,0.));
#12168=DIRECTION('',(-5.21804821573823E-14,-1.,0.));
#12169=DIRECTION('center_axis',(0.,1.,0.));
#12170=DIRECTION('ref_axis',(1.,0.,-5.56974587749844E-17));
#12171=DIRECTION('',(0.,1.,0.));
#12172=DIRECTION('center_axis',(1.,0.,-5.56974587749844E-17));
#12173=DIRECTION('ref_axis',(-5.56974587749844E-17,1.27644496541174E-24,
-1.));
#12174=DIRECTION('',(0.,1.,0.));
#12175=DIRECTION('center_axis',(0.,1.,0.));
#12176=DIRECTION('ref_axis',(-1.,0.,5.56974587749844E-17));
#12177=DIRECTION('center_axis',(-1.,0.,5.56974587749844E-17));
#12178=DIRECTION('ref_axis',(5.56974587749844E-17,-1.27644496541174E-24,
1.));
#12179=DIRECTION('',(0.,1.,0.));
#12180=DIRECTION('',(-5.21804821573823E-14,-1.,0.));
#12181=DIRECTION('center_axis',(0.,1.,0.));
#12182=DIRECTION('ref_axis',(1.,0.,-5.56974587749844E-17));
#12183=DIRECTION('',(0.,1.,0.));
#12184=DIRECTION('center_axis',(1.,0.,-5.56974587749844E-17));
#12185=DIRECTION('ref_axis',(-5.56974587749844E-17,1.27644496541174E-24,
-1.));
#12186=DIRECTION('',(0.,1.,0.));
#12187=DIRECTION('center_axis',(0.,1.,0.));
#12188=DIRECTION('ref_axis',(-1.,0.,5.56974587749844E-17));
#12189=DIRECTION('center_axis',(0.,1.,0.));
#12190=DIRECTION('ref_axis',(1.,0.,-5.56974587749844E-17));
#12191=DIRECTION('',(0.,1.,0.));
#12192=DIRECTION('',(-5.21804821573823E-14,-1.,0.));
#12193=DIRECTION('center_axis',(1.,0.,-5.56974587749844E-17));
#12194=DIRECTION('ref_axis',(-5.56974587749844E-17,1.27644496541174E-24,
-1.));
#12195=DIRECTION('',(0.,1.,0.));
#12196=DIRECTION('center_axis',(0.,1.,0.));
#12197=DIRECTION('ref_axis',(-1.,0.,5.56974587749844E-17));
#12198=DIRECTION('',(0.,1.,0.));
#12199=DIRECTION('center_axis',(-1.,0.,5.56974587749844E-17));
#12200=DIRECTION('ref_axis',(5.56974587749844E-17,-1.27644496541174E-24,
1.));
#12201=DIRECTION('center_axis',(-1.,0.,5.56974587749844E-17));
#12202=DIRECTION('ref_axis',(5.56974587749844E-17,-1.27644496541174E-24,
1.));
#12203=DIRECTION('',(0.,1.,0.));
#12204=DIRECTION('',(-5.21804821573823E-14,-1.,0.));
#12205=DIRECTION('center_axis',(0.,1.,0.));
#12206=DIRECTION('ref_axis',(1.,0.,-5.56974587749844E-17));
#12207=DIRECTION('',(0.,1.,0.));
#12208=DIRECTION('center_axis',(1.,0.,-5.56974587749844E-17));
#12209=DIRECTION('ref_axis',(-5.56974587749844E-17,1.27644496541174E-24,
-1.));
#12210=DIRECTION('',(0.,1.,0.));
#12211=DIRECTION('center_axis',(0.,1.,0.));
#12212=DIRECTION('ref_axis',(-1.,0.,5.56974587749844E-17));
#12213=DIRECTION('center_axis',(-1.,0.,5.56974587749844E-17));
#12214=DIRECTION('ref_axis',(5.56974587749844E-17,-1.27644496541174E-24,
1.));
#12215=DIRECTION('',(0.,1.,0.));
#12216=DIRECTION('',(-5.21804821573823E-14,-1.,0.));
#12217=DIRECTION('center_axis',(0.,1.,0.));
#12218=DIRECTION('ref_axis',(1.,0.,-5.56974587749844E-17));
#12219=DIRECTION('',(0.,1.,0.));
#12220=DIRECTION('center_axis',(1.,0.,-5.56974587749844E-17));
#12221=DIRECTION('ref_axis',(-5.56974587749844E-17,1.27644496541174E-24,
-1.));
#12222=DIRECTION('',(0.,1.,0.));
#12223=DIRECTION('center_axis',(0.,1.,0.));
#12224=DIRECTION('ref_axis',(-1.,0.,5.56974587749844E-17));
#12225=DIRECTION('center_axis',(-8.17312665077226E-5,-2.66928275774003E-14,
0.99999999666));
#12226=DIRECTION('ref_axis',(0.99999999666,-5.8130140566812E-14,8.17312665077226E-5));
#12227=DIRECTION('',(5.80369086122801E-14,1.,2.66975710966152E-14));
#12228=DIRECTION('center_axis',(-1.,5.80369086122796E-14,1.73682377500314E-14));
#12229=DIRECTION('ref_axis',(1.73682377500299E-14,-2.53236701036424E-14,
1.));
#12230=DIRECTION('',(5.80369086122801E-14,1.,2.66975710966152E-14));
#12231=DIRECTION('center_axis',(0.99999999666,-5.80390904447352E-14,8.17312665045944E-5));
#12232=DIRECTION('ref_axis',(8.17312665045944E-5,2.58413770303922E-14,-0.99999999666));
#12233=DIRECTION('center_axis',(-5.56974597813015E-17,2.66975710966152E-14,
-1.));
#12234=DIRECTION('ref_axis',(-1.,5.88682430247456E-14,5.56974597828732E-17));
#12235=DIRECTION('center_axis',(-1.,5.80369086122796E-14,1.74029322195509E-14));
#12236=DIRECTION('ref_axis',(1.74029322195494E-14,-2.53236701036424E-14,
1.));
#12237=DIRECTION('',(5.80369086122801E-14,1.,2.66975710966152E-14));
#12238=DIRECTION('center_axis',(5.80369086122801E-14,1.,2.66975710966152E-14));
#12239=DIRECTION('ref_axis',(1.,-5.80369086122791E-14,-3.5582834247788E-14));
#12240=DIRECTION('',(5.80369086122801E-14,1.,2.66975710966152E-14));
#12241=DIRECTION('center_axis',(1.59418155357185E-14,-2.66975710966162E-14,
1.));
#12242=DIRECTION('ref_axis',(1.,-5.81280710253291E-14,-1.59418155357201E-14));
#12243=DIRECTION('',(5.80369086122801E-14,1.,2.66975710966152E-14));
#12244=DIRECTION('center_axis',(5.80369086122801E-14,1.,2.66975710966152E-14));
#12245=DIRECTION('ref_axis',(-1.78192658537836E-14,2.66975710966163E-14,
-1.));
#12246=DIRECTION('center_axis',(4.84797981534825E-15,-5.22185056113976E-17,
1.));
#12247=DIRECTION('ref_axis',(-1.27533483229324E-31,1.,5.22185056113976E-17));
#12248=DIRECTION('',(2.90843806358211E-33,1.,5.22185056113976E-17));
#12249=DIRECTION('',(-1.,0.,4.84797981534825E-15));
#12250=DIRECTION('',(-1.27533483229324E-31,1.,5.22185056113976E-17));
#12251=DIRECTION('',(-1.,6.31059639734477E-29,4.84797981534825E-15));
#12252=DIRECTION('center_axis',(-2.53154261191705E-31,-1.,-5.22185056113976E-17));
#12253=DIRECTION('ref_axis',(-2.44230434663163E-15,-5.22185056113976E-17,
1.));
#12254=DIRECTION('',(-0.250380004054441,-5.05552229917455E-17,0.968147640378108));
#12255=DIRECTION('',(-1.,2.53154261191705E-31,1.23259516440784E-32));
#12256=DIRECTION('',(-0.250380004054441,5.05552229917457E-17,-0.968147640378108));
#12257=DIRECTION('',(-1.,2.53154261191705E-31,1.23259516440784E-32));
#12258=DIRECTION('',(-0.250380004054441,-5.05552229917455E-17,0.968147640378108));
#12259=DIRECTION('',(-1.,2.53154261191705E-31,1.23259516440784E-32));
#12260=DIRECTION('',(-0.250380004054441,5.05552229917457E-17,-0.968147640378108));
#12261=DIRECTION('',(-1.,2.53154261191705E-31,5.62115379114004E-47));
#12262=DIRECTION('',(-0.250380004054441,-5.05552229917455E-17,0.968147640378108));
#12263=DIRECTION('',(-1.,2.53154261191705E-31,5.62115379114004E-47));
#12264=DIRECTION('',(-0.250380004054441,5.05552229917457E-17,-0.968147640378108));
#12265=DIRECTION('',(-1.,2.53154261191705E-31,5.62115379114004E-47));
#12266=DIRECTION('',(-0.250380004054441,-5.05552229917455E-17,0.968147640378108));
#12267=DIRECTION('',(-1.,2.53154261191705E-31,5.62115379114004E-47));
#12268=DIRECTION('',(-0.250380004054441,5.05552229917457E-17,-0.968147640378108));
#12269=DIRECTION('',(-1.,2.53154261191705E-31,5.62115379114004E-47));
#12270=DIRECTION('',(-0.250380004054441,-5.05552229917455E-17,0.968147640378108));
#12271=DIRECTION('',(-1.,2.53154261191705E-31,5.62115379114004E-47));
#12272=DIRECTION('',(-0.250380004054441,5.05552229917457E-17,-0.968147640378108));
#12273=DIRECTION('',(-1.,2.53154261191705E-31,5.62115379114004E-47));
#12274=DIRECTION('',(-0.250380004054441,-5.05552229917455E-17,0.968147640378108));
#12275=DIRECTION('',(-1.,2.53154261191705E-31,5.62115379114004E-47));
#12276=DIRECTION('',(-0.250380004054441,5.05552229917457E-17,-0.968147640378108));
#12277=DIRECTION('',(-1.,2.53154261191705E-31,5.62115379114004E-47));
#12278=DIRECTION('',(-0.250380004054441,-5.05552229917455E-17,0.968147640378108));
#12279=DIRECTION('',(-1.,2.53154261191705E-31,5.62115379114004E-47));
#12280=DIRECTION('',(-0.250380004054441,5.05552229917457E-17,-0.968147640378108));
#12281=DIRECTION('',(-1.,2.53154261191705E-31,5.62115379114004E-47));
#12282=DIRECTION('',(-0.250380004054441,-5.05552229917455E-17,0.968147640378108));
#12283=DIRECTION('',(-1.,2.53154261191705E-31,5.62115379114004E-47));
#12284=DIRECTION('',(-0.250380004054441,5.05552229917457E-17,-0.968147640378108));
#12285=DIRECTION('',(-1.,2.53154261191705E-31,5.62115379114004E-47));
#12286=DIRECTION('',(-0.250380004054441,-5.05552229917455E-17,0.968147640378108));
#12287=DIRECTION('',(-1.,2.53154261191705E-31,5.62115379114004E-47));
#12288=DIRECTION('',(-0.250380004054441,5.05552229917457E-17,-0.968147640378108));
#12289=DIRECTION('',(-1.,2.53154261191705E-31,5.62115379114004E-47));
#12290=DIRECTION('',(-0.250380004054441,-5.05552229917455E-17,0.968147640378108));
#12291=DIRECTION('',(-1.,2.53154261191705E-31,5.62115379114004E-47));
#12292=DIRECTION('',(-0.250380004054441,5.05552229917457E-17,-0.968147640378108));
#12293=DIRECTION('',(-1.,2.53154261191705E-31,5.62115379114004E-47));
#12294=DIRECTION('',(-0.250380004054441,-5.05552229917455E-17,0.968147640378108));
#12295=DIRECTION('',(-2.44230434663163E-15,-5.22185056113976E-17,1.));
#12296=DIRECTION('',(1.,-2.50229653344743E-31,-5.60071149627771E-17));
#12297=DIRECTION('',(-2.44230434663163E-15,-5.22185056113976E-17,1.));
#12298=DIRECTION('',(5.56974587749844E-17,-5.22185056113976E-17,1.));
#12299=DIRECTION('',(-0.250380004054441,5.05552229917457E-17,-0.968147640378108));
#12300=DIRECTION('',(-1.,2.53154261191705E-31,1.23259516440784E-32));
#12301=DIRECTION('',(-0.250380004054441,-5.05552229917455E-17,0.968147640378108));
#12302=DIRECTION('',(-1.,2.53154261191705E-31,1.23259516440784E-32));
#12303=DIRECTION('',(-0.250380004054441,5.05552229917457E-17,-0.968147640378108));
#12304=DIRECTION('',(-1.,2.53154261191705E-31,1.23259516440784E-32));
#12305=DIRECTION('',(-0.250380004054441,-5.05552229917455E-17,0.968147640378108));
#12306=DIRECTION('',(-1.,2.53154261191705E-31,1.23259516440784E-32));
#12307=DIRECTION('',(-0.250380004054441,5.05552229917457E-17,-0.968147640378108));
#12308=DIRECTION('',(-1.,2.53154261191705E-31,1.23259516440784E-32));
#12309=DIRECTION('',(-0.250380004054441,-5.05552229917455E-17,0.968147640378108));
#12310=DIRECTION('',(-1.,2.53154261191705E-31,1.23259516440784E-32));
#12311=DIRECTION('',(-0.250380004054441,5.05552229917457E-17,-0.968147640378108));
#12312=DIRECTION('',(-1.,2.53154261191705E-31,1.23259516440784E-32));
#12313=DIRECTION('',(-0.250380004054441,-5.05552229917455E-17,0.968147640378108));
#12314=DIRECTION('',(-1.,2.53154261191705E-31,1.23259516440784E-32));
#12315=DIRECTION('',(-0.250380004054441,5.05552229917457E-17,-0.968147640378108));
#12316=DIRECTION('',(-1.,2.53154261191705E-31,1.23259516440784E-32));
#12317=DIRECTION('',(-0.250380004054441,-5.05552229917455E-17,0.968147640378108));
#12318=DIRECTION('',(-1.,2.53154261191705E-31,1.23259516440784E-32));
#12319=DIRECTION('',(-0.250380004054441,5.05552229917457E-17,-0.968147640378108));
#12320=DIRECTION('',(-1.,2.53154261191705E-31,1.23259516440784E-32));
#12321=DIRECTION('',(-0.250380004054441,-5.05552229917455E-17,0.968147640378108));
#12322=DIRECTION('',(-1.,2.53154261191705E-31,1.23259516440784E-32));
#12323=DIRECTION('',(-0.250380004054441,5.05552229917457E-17,-0.968147640378108));
#12324=DIRECTION('',(-1.,2.53154261191705E-31,1.23259516440784E-32));
#12325=DIRECTION('center_axis',(-1.,0.,4.84797981534825E-15));
#12326=DIRECTION('ref_axis',(4.84797981534825E-15,0.,1.));
#12327=DIRECTION('',(-2.53154261191705E-31,-1.,-5.22185056113976E-17));
#12328=DIRECTION('',(4.84797981534825E-15,-4.19496539116293E-13,1.));
#12329=DIRECTION('',(-1.07646776278353E-30,-1.,-2.22044604925031E-16));
#12330=DIRECTION('',(-4.84797981534825E-15,1.27644471889271E-24,-1.));
#12331=DIRECTION('center_axis',(0.968147640378108,3.68641636318979E-18,
0.250380004054441));
#12332=DIRECTION('ref_axis',(-0.250380004054441,-2.14971960316866E-16,0.968147640378108));
#12333=DIRECTION('',(6.12323399573991E-17,-1.,-2.22044604925031E-16));
#12334=DIRECTION('',(-0.250380004054441,-2.14971960316866E-16,0.968147640378108));
#12335=DIRECTION('',(6.12323399573991E-17,-1.,-2.22044604925031E-16));
#12336=DIRECTION('center_axis',(1.23259516440783E-32,-2.22044604925031E-16,
1.));
#12337=DIRECTION('ref_axis',(-1.,-3.15515277707243E-29,2.46519032881566E-32));
#12338=DIRECTION('',(6.12323399573991E-17,-1.,-2.22044604925031E-16));
#12339=DIRECTION('',(-1.,-3.15515277707243E-29,2.46519032881566E-32));
#12340=DIRECTION('center_axis',(-0.968147640378108,-1.14877474525984E-16,
0.250380004054441));
#12341=DIRECTION('ref_axis',(-0.250380004054441,2.1497196031685E-16,-0.968147640378108));
#12342=DIRECTION('',(6.12323399573991E-17,-1.,-2.22044604925031E-16));
#12343=DIRECTION('',(-0.250380004054441,2.1497196031685E-16,-0.968147640378108));
#12344=DIRECTION('center_axis',(1.23259516440783E-32,-2.22044604925031E-16,
1.));
#12345=DIRECTION('ref_axis',(-1.,-3.15515277707243E-29,2.46519032881566E-32));
#12346=DIRECTION('',(6.12323399573991E-17,-1.,-2.22044604925031E-16));
#12347=DIRECTION('',(-1.,-3.15515277707243E-29,2.46519032881566E-32));
#12348=DIRECTION('center_axis',(0.968147640378108,3.68641636318979E-18,
0.250380004054441));
#12349=DIRECTION('ref_axis',(-0.250380004054441,-2.14971960316866E-16,0.968147640378108));
#12350=DIRECTION('',(6.12323399573991E-17,-1.,-2.22044604925031E-16));
#12351=DIRECTION('',(-0.250380004054441,-2.14971960316866E-16,0.968147640378108));
#12352=DIRECTION('center_axis',(1.23259516440783E-32,-2.22044604925031E-16,
1.));
#12353=DIRECTION('ref_axis',(-1.,-3.15515277707243E-29,2.46519032881566E-32));
#12354=DIRECTION('',(6.12323399573991E-17,-1.,-2.22044604925031E-16));
#12355=DIRECTION('',(-1.,-3.15515277707243E-29,2.46519032881566E-32));
#12356=DIRECTION('center_axis',(-0.968147640378108,-1.14877474525984E-16,
0.250380004054441));
#12357=DIRECTION('ref_axis',(-0.250380004054441,2.1497196031685E-16,-0.968147640378108));
#12358=DIRECTION('',(6.12323399573991E-17,-1.,-2.22044604925031E-16));
#12359=DIRECTION('',(-0.250380004054441,2.1497196031685E-16,-0.968147640378108));
#12360=DIRECTION('center_axis',(1.23259516440783E-32,-2.22044604925031E-16,
1.));
#12361=DIRECTION('ref_axis',(-1.,-3.15515277707243E-29,2.46519032881566E-32));
#12362=DIRECTION('',(6.12323399573991E-17,-1.,-2.22044604925031E-16));
#12363=DIRECTION('',(-1.,-3.15515277707243E-29,2.46519032881566E-32));
#12364=DIRECTION('center_axis',(0.968147640378108,3.68641636318979E-18,
0.250380004054441));
#12365=DIRECTION('ref_axis',(-0.250380004054441,-2.14971960316866E-16,0.968147640378108));
#12366=DIRECTION('',(6.12323399573991E-17,-1.,-2.22044604925031E-16));
#12367=DIRECTION('',(-0.250380004054441,-2.14971960316866E-16,0.968147640378108));
#12368=DIRECTION('center_axis',(1.23259516440783E-32,-2.22044604925031E-16,
1.));
#12369=DIRECTION('ref_axis',(-1.,-3.15515277707243E-29,2.46519032881566E-32));
#12370=DIRECTION('',(6.12323399573991E-17,-1.,-2.22044604925031E-16));
#12371=DIRECTION('',(-1.,-3.15515277707243E-29,2.46519032881566E-32));
#12372=DIRECTION('center_axis',(-0.968147640378108,-1.14877474525984E-16,
0.250380004054441));
#12373=DIRECTION('ref_axis',(-0.250380004054441,2.1497196031685E-16,-0.968147640378108));
#12374=DIRECTION('',(6.12323399573991E-17,-1.,-2.22044604925031E-16));
#12375=DIRECTION('',(-0.250380004054441,2.1497196031685E-16,-0.968147640378108));
#12376=DIRECTION('center_axis',(1.23259516440783E-32,-2.22044604925031E-16,
1.));
#12377=DIRECTION('ref_axis',(-1.,-3.15515277707243E-29,2.46519032881566E-32));
#12378=DIRECTION('',(6.12323399573991E-17,-1.,-2.22044604925031E-16));
#12379=DIRECTION('',(-1.,-3.15515277707243E-29,2.46519032881566E-32));
#12380=DIRECTION('center_axis',(0.968147640378108,3.68641636318979E-18,
0.250380004054441));
#12381=DIRECTION('ref_axis',(-0.250380004054441,-2.14971960316866E-16,0.968147640378108));
#12382=DIRECTION('',(6.12323399573991E-17,-1.,-2.22044604925031E-16));
#12383=DIRECTION('',(-0.250380004054441,-2.14971960316866E-16,0.968147640378108));
#12384=DIRECTION('center_axis',(1.23259516440783E-32,-2.22044604925031E-16,
1.));
#12385=DIRECTION('ref_axis',(-1.,-3.15515277707243E-29,2.46519032881566E-32));
#12386=DIRECTION('',(6.12323399573991E-17,-1.,-2.22044604925031E-16));
#12387=DIRECTION('',(-1.,-3.15515277707243E-29,2.46519032881566E-32));
#12388=DIRECTION('center_axis',(-0.968147640378108,-1.14877474525984E-16,
0.250380004054441));
#12389=DIRECTION('ref_axis',(-0.250380004054441,2.1497196031685E-16,-0.968147640378108));
#12390=DIRECTION('',(6.12323399573991E-17,-1.,-2.22044604925031E-16));
#12391=DIRECTION('',(-0.250380004054441,2.1497196031685E-16,-0.968147640378108));
#12392=DIRECTION('center_axis',(1.23259516440783E-32,-2.22044604925031E-16,
1.));
#12393=DIRECTION('ref_axis',(-1.,-3.15515277707243E-29,2.46519032881566E-32));
#12394=DIRECTION('',(6.12323399573991E-17,-1.,-2.22044604925031E-16));
#12395=DIRECTION('',(-1.,-3.15515277707243E-29,2.46519032881566E-32));
#12396=DIRECTION('center_axis',(0.968147640378108,3.68641636318979E-18,
0.250380004054441));
#12397=DIRECTION('ref_axis',(-0.250380004054441,-2.14971960316866E-16,0.968147640378108));
#12398=DIRECTION('',(6.12323399573991E-17,-1.,-2.22044604925031E-16));
#12399=DIRECTION('',(-0.250380004054441,-2.14971960316866E-16,0.968147640378108));
#12400=DIRECTION('center_axis',(1.23259516440783E-32,-2.22044604925031E-16,
1.));
#12401=DIRECTION('ref_axis',(-1.,-3.15515277707243E-29,2.46519032881566E-32));
#12402=DIRECTION('',(6.12323399573991E-17,-1.,-2.22044604925031E-16));
#12403=DIRECTION('',(-1.,-3.15515277707243E-29,2.46519032881566E-32));
#12404=DIRECTION('center_axis',(-0.968147640378108,-1.14877474525984E-16,
0.250380004054441));
#12405=DIRECTION('ref_axis',(-0.250380004054441,2.1497196031685E-16,-0.968147640378108));
#12406=DIRECTION('',(6.12323399573991E-17,-1.,-2.22044604925031E-16));
#12407=DIRECTION('',(-0.250380004054441,2.1497196031685E-16,-0.968147640378108));
#12408=DIRECTION('center_axis',(1.23259516440783E-32,-2.22044604925031E-16,
1.));
#12409=DIRECTION('ref_axis',(-1.,-3.15515277707243E-29,2.46519032881566E-32));
#12410=DIRECTION('',(6.12323399573991E-17,-1.,-2.22044604925031E-16));
#12411=DIRECTION('',(-1.,-3.15515277707243E-29,2.46519032881566E-32));
#12412=DIRECTION('center_axis',(0.968147640378108,3.68641636318979E-18,
0.250380004054441));
#12413=DIRECTION('ref_axis',(-0.250380004054441,-2.14971960316866E-16,0.968147640378108));
#12414=DIRECTION('',(6.12323399573991E-17,-1.,-2.22044604925031E-16));
#12415=DIRECTION('',(-0.250380004054441,-2.14971960316866E-16,0.968147640378108));
#12416=DIRECTION('center_axis',(1.23259516440783E-32,-2.22044604925031E-16,
1.));
#12417=DIRECTION('ref_axis',(-1.,-3.15515277707243E-29,2.46519032881566E-32));
#12418=DIRECTION('',(6.12323399573991E-17,-1.,-2.22044604925031E-16));
#12419=DIRECTION('',(-1.,-3.15515277707243E-29,2.46519032881566E-32));
#12420=DIRECTION('center_axis',(-0.968147640378108,-1.14877474525984E-16,
0.250380004054441));
#12421=DIRECTION('ref_axis',(-0.250380004054441,2.1497196031685E-16,-0.968147640378108));
#12422=DIRECTION('',(6.12323399573991E-17,-1.,-2.22044604925031E-16));
#12423=DIRECTION('',(-0.250380004054441,2.1497196031685E-16,-0.968147640378108));
#12424=DIRECTION('center_axis',(1.23259516440783E-32,-2.22044604925031E-16,
1.));
#12425=DIRECTION('ref_axis',(-1.,-3.15515277707243E-29,2.46519032881566E-32));
#12426=DIRECTION('',(6.12323399573991E-17,-1.,-2.22044604925031E-16));
#12427=DIRECTION('',(-1.,-3.15515277707243E-29,2.46519032881566E-32));
#12428=DIRECTION('center_axis',(0.968147640378108,3.68641636318979E-18,
0.250380004054441));
#12429=DIRECTION('ref_axis',(-0.250380004054441,-2.14971960316866E-16,0.968147640378108));
#12430=DIRECTION('',(6.12323399573991E-17,-1.,-2.22044604925031E-16));
#12431=DIRECTION('',(-0.250380004054441,-2.14971960316866E-16,0.968147640378108));
#12432=DIRECTION('center_axis',(1.23259516440783E-32,-2.22044604925031E-16,
1.));
#12433=DIRECTION('ref_axis',(-1.,-3.15515277707243E-29,2.46519032881566E-32));
#12434=DIRECTION('',(6.12323399573991E-17,-1.,-2.22044604925031E-16));
#12435=DIRECTION('',(-1.,-3.15515277707243E-29,2.46519032881566E-32));
#12436=DIRECTION('center_axis',(-0.968147640378108,-1.14877474525984E-16,
0.250380004054441));
#12437=DIRECTION('ref_axis',(-0.250380004054441,2.1497196031685E-16,-0.968147640378108));
#12438=DIRECTION('',(0.,1.,0.));
#12439=DIRECTION('',(-0.250380004054441,2.1497196031685E-16,-0.968147640378108));
#12440=DIRECTION('center_axis',(1.,0.,-5.56974587749844E-17));
#12441=DIRECTION('ref_axis',(5.56974587749844E-17,-1.27644496541174E-24,
1.));
#12442=DIRECTION('',(-5.56974587749844E-17,1.27644496541174E-24,-1.));
#12443=DIRECTION('',(0.,1.,0.));
#12444=DIRECTION('',(-5.56974587749844E-17,-3.00938952659852E-13,-1.));
#12445=DIRECTION('',(-2.90843806358213E-33,-1.,-5.22185056113979E-17));
#12446=DIRECTION('',(-5.56974587749844E-17,5.22185056113976E-17,-1.));
#12447=DIRECTION('',(-2.90843806358211E-33,-1.,-5.22185056113976E-17));
#12448=DIRECTION('',(5.56974587749844E-17,-2.22044604925031E-16,1.));
#12449=DIRECTION('center_axis',(6.31059639796358E-29,1.,1.27644471889271E-24));
#12450=DIRECTION('ref_axis',(-1.,6.31088724177336E-29,5.56974587749844E-17));
#12451=DIRECTION('',(-1.,-3.15515277707243E-29,2.46519032881566E-32));
#12452=DIRECTION('',(5.56974587749844E-17,-1.27644530437542E-24,1.));
#12453=DIRECTION('',(1.,-6.31088724177336E-29,-5.56974587749844E-17));
#12454=DIRECTION('center_axis',(-6.31059639796358E-29,-1.,-1.27644471889271E-24));
#12455=DIRECTION('ref_axis',(-1.,0.,5.56974587749844E-17));
#12456=DIRECTION('center_axis',(-6.31059639796358E-29,-1.,-1.27644471889271E-24));
#12457=DIRECTION('ref_axis',(-1.,0.,5.56974587749844E-17));
#12458=DIRECTION('center_axis',(3.41702356130807E-14,1.,4.19496539116293E-13));
#12459=DIRECTION('ref_axis',(-2.56731583833735E-29,4.19496539116293E-13,
-1.));
#12460=DIRECTION('',(-1.,3.41702356130807E-14,5.60071149627789E-17));
#12461=DIRECTION('',(2.56990806457653E-29,-4.19496539116293E-13,1.));
#12462=DIRECTION('',(-1.,3.41702356130807E-14,7.58731646690174E-30));
#12463=DIRECTION('center_axis',(5.60071149627771E-17,-5.22185056113976E-17,
1.));
#12464=DIRECTION('ref_axis',(-6.12323399573677E-17,1.,5.22185056113977E-17));
#12465=DIRECTION('',(1.27533483229324E-31,-1.,-5.22185056113976E-17));
#12466=DIRECTION('',(-1.,3.41702356130807E-14,5.60071149627789E-17));
#12467=DIRECTION('',(6.12323399573991E-17,-1.,-5.22185056113977E-17));
#12468=DIRECTION('center_axis',(-1.,0.,-2.44230434663163E-15));
#12469=DIRECTION('ref_axis',(2.44230434663163E-15,1.27644496541174E-24,
-1.));
#12470=DIRECTION('',(6.12323399573677E-17,-1.,-2.22044604925031E-16));
#12471=DIRECTION('',(-2.44230434663163E-15,-2.22044604925031E-16,1.));
#12472=DIRECTION('',(5.42300503754506E-31,-1.,-2.22044604925031E-16));
#12473=DIRECTION('',(2.44230434663163E-15,3.50059118898348E-14,-1.));
#12474=DIRECTION('center_axis',(0.968147640378108,3.68641636315944E-18,
0.250380004054441));
#12475=DIRECTION('ref_axis',(-0.250380004054441,-2.14971960316858E-16,0.968147640378108));
#12476=DIRECTION('',(6.12323399573677E-17,-1.,-2.22044604925031E-16));
#12477=DIRECTION('',(-0.250380004054441,-2.14971960316858E-16,0.968147640378108));
#12478=DIRECTION('center_axis',(0.,-2.22044604925031E-16,1.));
#12479=DIRECTION('ref_axis',(-1.,0.,0.));
#12480=DIRECTION('',(6.12323399573677E-17,-1.,-2.22044604925031E-16));
#12481=DIRECTION('',(-1.,0.,0.));
#12482=DIRECTION('center_axis',(-0.968147640378108,-1.14877474525952E-16,
0.250380004054441));
#12483=DIRECTION('ref_axis',(-0.250380004054441,2.14971960316858E-16,-0.968147640378108));
#12484=DIRECTION('',(6.12323399573677E-17,-1.,-2.22044604925031E-16));
#12485=DIRECTION('',(-0.250380004054441,2.14971960316858E-16,-0.968147640378108));
#12486=DIRECTION('center_axis',(-4.88498130835069E-15,5.22185056113976E-17,
-1.));
#12487=DIRECTION('ref_axis',(-2.90843806358211E-33,-1.,-5.22185056113976E-17));
#12488=DIRECTION('',(2.90843806358211E-33,1.,5.22185056113976E-17));
#12489=DIRECTION('',(-1.,-6.12323399573687E-17,4.88498130835069E-15));
#12490=DIRECTION('',(-1.,0.,4.88498130835069E-15));
#12491=DIRECTION('center_axis',(2.55086423861683E-31,1.,5.22185056113976E-17));
#12492=DIRECTION('ref_axis',(-5.56974587749844E-17,5.22185056113976E-17,
-1.));
#12493=DIRECTION('',(5.56974587749844E-17,-5.22185056113976E-17,1.));
#12494=DIRECTION('',(1.,-2.55086423861683E-31,1.78314545605791E-30));
#12495=DIRECTION('center_axis',(-2.55086423861683E-31,-1.,-5.22185056113976E-17));
#12496=DIRECTION('ref_axis',(-1.,0.,5.56974587749844E-17));
#12497=DIRECTION('center_axis',(6.12323399573677E-17,-1.,-2.22044604925031E-16));
#12498=DIRECTION('ref_axis',(0.,2.22044604925031E-16,-1.));
#12499=DIRECTION('',(-1.23259516440783E-32,2.22044604925031E-16,-1.));
#12500=DIRECTION('',(1.,3.15515277707243E-29,-2.46519032881566E-32));
#12501=DIRECTION('',(-1.,0.,0.));
#12502=DIRECTION('',(-0.250380004054441,-2.14971960316858E-16,0.968147640378108));
#12503=DIRECTION('',(-1.,0.,0.));
#12504=DIRECTION('',(-0.250380004054441,2.14971960316858E-16,-0.968147640378108));
#12505=DIRECTION('',(-1.,0.,0.));
#12506=DIRECTION('',(-0.250380004054441,-2.14971960316858E-16,0.968147640378108));
#12507=DIRECTION('',(-1.,0.,0.));
#12508=DIRECTION('',(-0.250380004054441,2.14971960316858E-16,-0.968147640378108));
#12509=DIRECTION('',(-1.,0.,0.));
#12510=DIRECTION('',(-0.250380004054441,-2.14971960316858E-16,0.968147640378108));
#12511=DIRECTION('',(-1.,0.,0.));
#12512=DIRECTION('',(-0.250380004054441,2.14971960316858E-16,-0.968147640378108));
#12513=DIRECTION('',(-1.,0.,0.));
#12514=DIRECTION('',(-0.250380004054441,-2.14971960316858E-16,0.968147640378108));
#12515=DIRECTION('',(-1.,0.,0.));
#12516=DIRECTION('',(-0.250380004054441,2.14971960316858E-16,-0.968147640378108));
#12517=DIRECTION('',(-1.,0.,0.));
#12518=DIRECTION('',(-0.250380004054441,-2.14971960316858E-16,0.968147640378108));
#12519=DIRECTION('',(-1.,0.,0.));
#12520=DIRECTION('',(-0.250380004054441,2.14971960316858E-16,-0.968147640378108));
#12521=DIRECTION('',(-1.,0.,0.));
#12522=DIRECTION('',(-0.250380004054441,-2.14971960316858E-16,0.968147640378108));
#12523=DIRECTION('',(-1.,0.,0.));
#12524=DIRECTION('',(-0.250380004054441,2.14971960316858E-16,-0.968147640378108));
#12525=DIRECTION('',(-1.,0.,0.));
#12526=DIRECTION('',(-0.250380004054441,-2.14971960316858E-16,0.968147640378108));
#12527=DIRECTION('',(-1.,0.,0.));
#12528=DIRECTION('',(-0.250380004054441,2.14971960316858E-16,-0.968147640378108));
#12529=DIRECTION('',(-1.,0.,0.));
#12530=DIRECTION('',(-0.250380004054441,-2.14971960316858E-16,0.968147640378108));
#12531=DIRECTION('',(-1.,0.,0.));
#12532=DIRECTION('',(-0.250380004054441,2.14971960316858E-16,-0.968147640378108));
#12533=DIRECTION('',(-1.,-3.15515277707243E-29,2.46519032881566E-32));
#12534=DIRECTION('',(-0.250380004054441,-2.14971960316866E-16,0.968147640378108));
#12535=DIRECTION('',(-1.,-3.15515277707243E-29,2.46519032881566E-32));
#12536=DIRECTION('',(-0.250380004054441,2.1497196031685E-16,-0.968147640378108));
#12537=DIRECTION('',(-1.,-3.15515277707243E-29,2.46519032881566E-32));
#12538=DIRECTION('center_axis',(-6.12323399573677E-17,1.,2.22044604925031E-16));
#12539=DIRECTION('ref_axis',(-1.,0.,5.56974587749844E-17));
#12540=DIRECTION('center_axis',(-1.,0.,5.56974587749844E-17));
#12541=DIRECTION('ref_axis',(-5.56974587749844E-17,1.27644530437542E-24,
-1.));
#12542=DIRECTION('',(2.90843806358213E-33,1.,5.22185056113979E-17));
#12543=DIRECTION('',(5.56974587749844E-17,3.00938952659852E-13,1.));
#12544=DIRECTION('',(0.,-1.,0.));
#12545=DIRECTION('',(6.12323399573991E-17,-1.,-2.22044604925031E-16));
#12546=DIRECTION('',(-2.15581984900121E-30,3.50059118898348E-14,-1.));
#12547=DIRECTION('',(6.12323399573991E-17,-1.,-2.22044604925031E-16));
#12548=DIRECTION('center_axis',(-3.41702356130807E-14,-1.,-3.50059118898348E-14));
#12549=DIRECTION('ref_axis',(2.12989758662156E-30,-3.50059118898348E-14,
1.));
#12550=DIRECTION('',(1.,-3.41702356130807E-14,-7.58731646690174E-30));
#12551=DIRECTION('center_axis',(0.,2.22044604925031E-16,-1.));
#12552=DIRECTION('ref_axis',(1.,0.,0.));
#12553=DIRECTION('center_axis',(0.,2.22044604925031E-16,-1.));
#12554=DIRECTION('ref_axis',(1.,0.,0.));
#12555=DIRECTION('center_axis',(1.23259516440783E-32,-2.22044604925031E-16,
1.));
#12556=DIRECTION('ref_axis',(-1.,-3.15515277707243E-29,2.46519032881566E-32));
#12557=DIRECTION('',(6.12323399573991E-17,-1.,-2.22044604925031E-16));
#12558=DIRECTION('center_axis',(1.23259516440783E-32,-2.22044604925031E-16,
1.));
#12559=DIRECTION('ref_axis',(-1.,-3.15515277707243E-29,2.46519032881566E-32));
#12560=DIRECTION('',(6.12323399573991E-17,-1.,-2.22044604925031E-16));
#12561=DIRECTION('',(6.12323399573677E-17,-1.,-2.22044604925031E-16));
#12562=DIRECTION('center_axis',(-0.968147640378108,-1.14877474525984E-16,
0.250380004054441));
#12563=DIRECTION('ref_axis',(-0.250380004054441,2.1497196031685E-16,-0.968147640378108));
#12564=DIRECTION('',(6.12323399573991E-17,-1.,-2.22044604925031E-16));
#12565=DIRECTION('center_axis',(1.23259516440783E-32,-2.22044604925031E-16,
1.));
#12566=DIRECTION('ref_axis',(-1.,-3.15515277707243E-29,2.46519032881566E-32));
#12567=DIRECTION('',(6.12323399573991E-17,-1.,-2.22044604925031E-16));
#12568=DIRECTION('center_axis',(0.968147640378108,3.68641636318979E-18,
0.250380004054441));
#12569=DIRECTION('ref_axis',(-0.250380004054441,-2.14971960316866E-16,0.968147640378108));
#12570=DIRECTION('center_axis',(0.,-2.22044604925031E-16,1.));
#12571=DIRECTION('ref_axis',(-1.,0.,0.));
#12572=DIRECTION('',(6.12323399573677E-17,-1.,-2.22044604925031E-16));
#12573=DIRECTION('',(6.12323399573677E-17,-1.,-2.22044604925031E-16));
#12574=DIRECTION('center_axis',(0.,-2.22044604925031E-16,1.));
#12575=DIRECTION('ref_axis',(-1.,0.,0.));
#12576=DIRECTION('',(6.12323399573677E-17,-1.,-2.22044604925031E-16));
#12577=DIRECTION('',(6.12323399573677E-17,-1.,-2.22044604925031E-16));
#12578=DIRECTION('center_axis',(0.,-2.22044604925031E-16,1.));
#12579=DIRECTION('ref_axis',(-1.,0.,0.));
#12580=DIRECTION('',(6.12323399573677E-17,-1.,-2.22044604925031E-16));
#12581=DIRECTION('',(6.12323399573677E-17,-1.,-2.22044604925031E-16));
#12582=DIRECTION('center_axis',(0.,-2.22044604925031E-16,1.));
#12583=DIRECTION('ref_axis',(-1.,0.,0.));
#12584=DIRECTION('',(6.12323399573677E-17,-1.,-2.22044604925031E-16));
#12585=DIRECTION('',(6.12323399573677E-17,-1.,-2.22044604925031E-16));
#12586=DIRECTION('center_axis',(0.,-2.22044604925031E-16,1.));
#12587=DIRECTION('ref_axis',(-1.,0.,0.));
#12588=DIRECTION('',(6.12323399573677E-17,-1.,-2.22044604925031E-16));
#12589=DIRECTION('',(6.12323399573677E-17,-1.,-2.22044604925031E-16));
#12590=DIRECTION('center_axis',(0.,-2.22044604925031E-16,1.));
#12591=DIRECTION('ref_axis',(-1.,0.,0.));
#12592=DIRECTION('',(6.12323399573677E-17,-1.,-2.22044604925031E-16));
#12593=DIRECTION('',(6.12323399573677E-17,-1.,-2.22044604925031E-16));
#12594=DIRECTION('center_axis',(0.,-2.22044604925031E-16,1.));
#12595=DIRECTION('ref_axis',(-1.,0.,0.));
#12596=DIRECTION('',(6.12323399573677E-17,-1.,-2.22044604925031E-16));
#12597=DIRECTION('',(6.12323399573677E-17,-1.,-2.22044604925031E-16));
#12598=DIRECTION('center_axis',(0.,-2.22044604925031E-16,1.));
#12599=DIRECTION('ref_axis',(-1.,0.,0.));
#12600=DIRECTION('',(6.12323399573677E-17,-1.,-2.22044604925031E-16));
#12601=DIRECTION('center_axis',(-0.968147640378108,-1.14877474525952E-16,
0.250380004054441));
#12602=DIRECTION('ref_axis',(-0.250380004054441,2.14971960316858E-16,-0.968147640378108));
#12603=DIRECTION('',(6.12323399573677E-17,-1.,-2.22044604925031E-16));
#12604=DIRECTION('center_axis',(0.,-2.22044604925031E-16,1.));
#12605=DIRECTION('ref_axis',(-1.,0.,0.));
#12606=DIRECTION('',(6.12323399573677E-17,-1.,-2.22044604925031E-16));
#12607=DIRECTION('center_axis',(0.968147640378108,3.68641636315944E-18,
0.250380004054441));
#12608=DIRECTION('ref_axis',(-0.250380004054441,-2.14971960316858E-16,0.968147640378108));
#12609=DIRECTION('center_axis',(-0.968147640378108,-1.14877474525952E-16,
0.250380004054441));
#12610=DIRECTION('ref_axis',(-0.250380004054441,2.14971960316858E-16,-0.968147640378108));
#12611=DIRECTION('',(6.12323399573677E-17,-1.,-2.22044604925031E-16));
#12612=DIRECTION('center_axis',(0.,-2.22044604925031E-16,1.));
#12613=DIRECTION('ref_axis',(-1.,0.,0.));
#12614=DIRECTION('',(6.12323399573677E-17,-1.,-2.22044604925031E-16));
#12615=DIRECTION('center_axis',(0.968147640378108,3.68641636315944E-18,
0.250380004054441));
#12616=DIRECTION('ref_axis',(-0.250380004054441,-2.14971960316858E-16,0.968147640378108));
#12617=DIRECTION('center_axis',(-0.968147640378108,-1.14877474525952E-16,
0.250380004054441));
#12618=DIRECTION('ref_axis',(-0.250380004054441,2.14971960316858E-16,-0.968147640378108));
#12619=DIRECTION('',(6.12323399573677E-17,-1.,-2.22044604925031E-16));
#12620=DIRECTION('center_axis',(0.,-2.22044604925031E-16,1.));
#12621=DIRECTION('ref_axis',(-1.,0.,0.));
#12622=DIRECTION('',(6.12323399573677E-17,-1.,-2.22044604925031E-16));
#12623=DIRECTION('center_axis',(0.968147640378108,3.68641636315944E-18,
0.250380004054441));
#12624=DIRECTION('ref_axis',(-0.250380004054441,-2.14971960316858E-16,0.968147640378108));
#12625=DIRECTION('center_axis',(-0.968147640378108,-1.14877474525952E-16,
0.250380004054441));
#12626=DIRECTION('ref_axis',(-0.250380004054441,2.14971960316858E-16,-0.968147640378108));
#12627=DIRECTION('',(6.12323399573677E-17,-1.,-2.22044604925031E-16));
#12628=DIRECTION('center_axis',(0.,-2.22044604925031E-16,1.));
#12629=DIRECTION('ref_axis',(-1.,0.,0.));
#12630=DIRECTION('',(6.12323399573677E-17,-1.,-2.22044604925031E-16));
#12631=DIRECTION('center_axis',(0.968147640378108,3.68641636315944E-18,
0.250380004054441));
#12632=DIRECTION('ref_axis',(-0.250380004054441,-2.14971960316858E-16,0.968147640378108));
#12633=DIRECTION('center_axis',(-0.968147640378108,-1.14877474525952E-16,
0.250380004054441));
#12634=DIRECTION('ref_axis',(-0.250380004054441,2.14971960316858E-16,-0.968147640378108));
#12635=DIRECTION('',(6.12323399573677E-17,-1.,-2.22044604925031E-16));
#12636=DIRECTION('center_axis',(0.,-2.22044604925031E-16,1.));
#12637=DIRECTION('ref_axis',(-1.,0.,0.));
#12638=DIRECTION('',(6.12323399573677E-17,-1.,-2.22044604925031E-16));
#12639=DIRECTION('center_axis',(0.968147640378108,3.68641636315944E-18,
0.250380004054441));
#12640=DIRECTION('ref_axis',(-0.250380004054441,-2.14971960316858E-16,0.968147640378108));
#12641=DIRECTION('center_axis',(-0.968147640378108,-1.14877474525952E-16,
0.250380004054441));
#12642=DIRECTION('ref_axis',(-0.250380004054441,2.14971960316858E-16,-0.968147640378108));
#12643=DIRECTION('',(6.12323399573677E-17,-1.,-2.22044604925031E-16));
#12644=DIRECTION('center_axis',(0.,-2.22044604925031E-16,1.));
#12645=DIRECTION('ref_axis',(-1.,0.,0.));
#12646=DIRECTION('',(6.12323399573677E-17,-1.,-2.22044604925031E-16));
#12647=DIRECTION('center_axis',(0.968147640378108,3.68641636315944E-18,
0.250380004054441));
#12648=DIRECTION('ref_axis',(-0.250380004054441,-2.14971960316858E-16,0.968147640378108));
#12649=DIRECTION('center_axis',(-0.968147640378108,-1.14877474525952E-16,
0.250380004054441));
#12650=DIRECTION('ref_axis',(-0.250380004054441,2.14971960316858E-16,-0.968147640378108));
#12651=DIRECTION('',(6.12323399573677E-17,-1.,-2.22044604925031E-16));
#12652=DIRECTION('center_axis',(0.,-2.22044604925031E-16,1.));
#12653=DIRECTION('ref_axis',(-1.,0.,0.));
#12654=DIRECTION('',(6.12323399573677E-17,-1.,-2.22044604925031E-16));
#12655=DIRECTION('center_axis',(0.968147640378108,3.68641636315944E-18,
0.250380004054441));
#12656=DIRECTION('ref_axis',(-0.250380004054441,-2.14971960316858E-16,0.968147640378108));
#12657=DIRECTION('center_axis',(-0.968147640378108,-1.14877474525952E-16,
0.250380004054441));
#12658=DIRECTION('ref_axis',(-0.250380004054441,2.14971960316858E-16,-0.968147640378108));
#12659=DIRECTION('',(6.12323399573677E-17,-1.,-2.22044604925031E-16));
#12660=DIRECTION('center_axis',(0.,-2.22044604925031E-16,1.));
#12661=DIRECTION('ref_axis',(-1.,0.,0.));
#12662=DIRECTION('',(6.12323399573677E-17,-1.,-2.22044604925031E-16));
#12663=DIRECTION('center_axis',(0.968147640378108,3.68641636315944E-18,
0.250380004054441));
#12664=DIRECTION('ref_axis',(-0.250380004054441,-2.14971960316858E-16,0.968147640378108));
#12665=DIRECTION('center_axis',(0.,-1.,0.));
#12666=DIRECTION('ref_axis',(-1.,0.,5.56974587749844E-17));
#12667=DIRECTION('',(0.,-1.,0.));
#12668=DIRECTION('center_axis',(0.,-1.,0.));
#12669=DIRECTION('ref_axis',(-1.,0.,5.56974587749844E-17));
#12670=DIRECTION('',(0.,-1.,0.));
#12671=DIRECTION('center_axis',(3.4147768787713E-14,1.,-3.00938952659852E-13));
#12672=DIRECTION('ref_axis',(-5.56974587749844E-17,-3.00938952659852E-13,
-1.));
#12673=DIRECTION('',(1.,-3.4147768787713E-14,-5.56974587749844E-17));
#12674=DIRECTION('',(-1.,3.4147768787713E-14,0.));
#12675=DIRECTION('center_axis',(1.78314545605791E-30,5.22185056113979E-17,
-1.));
#12676=DIRECTION('ref_axis',(-2.90843806358213E-33,-1.,-5.22185056113979E-17));
#12677=DIRECTION('center_axis',(5.56974587749844E-17,0.,1.));
#12678=DIRECTION('ref_axis',(-1.,6.31088724177336E-29,5.56974587749844E-17));
#12679=DIRECTION('center_axis',(0.,-5.22185056113976E-17,1.));
#12680=DIRECTION('ref_axis',(-2.52435489670724E-29,1.,5.22185056113976E-17));
#12681=DIRECTION('',(-6.83342271656783E-14,-1.,-5.22185056113976E-17));
#12682=DIRECTION('',(-1.,0.,0.));
#12683=DIRECTION('',(6.83342271656783E-14,1.,5.22185056113976E-17));
#12684=DIRECTION('',(1.,-6.83954595056357E-14,-3.57150868598916E-30));
#12685=DIRECTION('center_axis',(0.,1.,5.22185056113976E-17));
#12686=DIRECTION('ref_axis',(-2.46519032881566E-32,5.22185056113976E-17,
-1.));
#12687=DIRECTION('',(1.7816213868972E-16,-5.22185056113976E-17,1.));
#12688=DIRECTION('',(-1.,-6.39492257532553E-33,1.22464679914734E-16));
#12689=DIRECTION('',(-1.7816213868972E-16,5.22185056113976E-17,-1.));
#12690=DIRECTION('center_axis',(0.,-1.,-5.22185056113976E-17));
#12691=DIRECTION('ref_axis',(1.,-6.83342271656783E-14,-1.78162138689723E-16));
#12692=DIRECTION('center_axis',(1.22464679914734E-16,-5.22185056113977E-17,
1.));
#12693=DIRECTION('ref_axis',(-6.83342271656783E-14,-1.,-5.22185056113894E-17));
#12694=DIRECTION('',(-6.83342271656783E-14,-1.,-5.22185056113894E-17));
#12695=DIRECTION('',(1.,-3.41864583779653E-14,-1.22464679914735E-16));
#12696=DIRECTION('',(6.83342271656783E-14,1.,5.22185056113894E-17));
#12697=DIRECTION('center_axis',(-1.,6.83342271656783E-14,1.78162138689723E-16));
#12698=DIRECTION('ref_axis',(-1.78162138689716E-16,1.04437009946355E-16,
-1.));
#12699=DIRECTION('',(-1.78162138689731E-16,-1.17607593702232E-16,-1.));
#12700=DIRECTION('',(-7.105427357601E-14,-1.,0.));
#12701=DIRECTION('',(-1.7816213868972E-16,5.22185056113976E-17,-1.));
#12702=DIRECTION('',(6.83342271656783E-14,1.,5.22185056113976E-17));
#12703=DIRECTION('',(1.78162138689716E-16,-1.04437009946355E-16,1.));
#12704=DIRECTION('',(6.88338275267597E-14,1.,0.));
#12705=DIRECTION('',(1.78162138669152E-16,-3.01043389671074E-13,1.));
#12706=DIRECTION('center_axis',(0.,5.22185056113976E-17,-1.));
#12707=DIRECTION('ref_axis',(6.83342271656783E-14,1.,5.22185056113976E-17));
#12708=DIRECTION('',(1.,0.,0.));
#12709=DIRECTION('',(6.83342271656783E-14,1.,5.22185056113976E-17));
#12710=DIRECTION('',(1.,-6.83342271656782E-14,-3.56831122470149E-30));
#12711=DIRECTION('center_axis',(0.,-1.,-5.22185056113976E-17));
#12712=DIRECTION('ref_axis',(2.31983966671689E-15,5.22185056113976E-17,
-1.));
#12713=DIRECTION('',(0.250380004054441,5.05552229917456E-17,-0.968147640378108));
#12714=DIRECTION('',(1.,6.39492257532623E-33,-1.22464679914747E-16));
#12715=DIRECTION('',(0.250380004054442,-5.05552229917456E-17,0.968147640378108));
#12716=DIRECTION('',(1.,6.39492257532623E-33,-1.22464679914747E-16));
#12717=DIRECTION('',(0.250380004054441,5.05552229917456E-17,-0.968147640378108));
#12718=DIRECTION('',(1.,6.39492257532623E-33,-1.22464679914747E-16));
#12719=DIRECTION('',(0.250380004054442,-5.05552229917456E-17,0.968147640378108));
#12720=DIRECTION('',(1.,6.39492257532623E-33,-1.22464679914747E-16));
#12721=DIRECTION('',(0.250380004054441,5.05552229917456E-17,-0.968147640378108));
#12722=DIRECTION('',(1.,6.39492257532623E-33,-1.22464679914747E-16));
#12723=DIRECTION('',(0.250380004054442,-5.05552229917456E-17,0.968147640378108));
#12724=DIRECTION('',(1.,6.39492257532623E-33,-1.22464679914747E-16));
#12725=DIRECTION('',(0.250380004054441,5.05552229917456E-17,-0.968147640378108));
#12726=DIRECTION('',(1.,6.39492257532623E-33,-1.22464679914747E-16));
#12727=DIRECTION('',(0.250380004054442,-5.05552229917456E-17,0.968147640378108));
#12728=DIRECTION('',(1.,6.39492257532623E-33,-1.22464679914747E-16));
#12729=DIRECTION('',(0.250380004054441,5.05552229917456E-17,-0.968147640378108));
#12730=DIRECTION('',(1.,6.39492257532623E-33,-1.22464679914747E-16));
#12731=DIRECTION('',(0.250380004054442,-5.05552229917456E-17,0.968147640378108));
#12732=DIRECTION('',(1.,6.39492257532623E-33,-1.22464679914747E-16));
#12733=DIRECTION('',(0.250380004054441,5.05552229917456E-17,-0.968147640378108));
#12734=DIRECTION('',(1.,6.39492257532623E-33,-1.22464679914747E-16));
#12735=DIRECTION('',(0.250380004054442,-5.05552229917456E-17,0.968147640378108));
#12736=DIRECTION('',(1.,6.39492257532623E-33,-1.22464679914747E-16));
#12737=DIRECTION('',(0.250380004054441,5.05552229917456E-17,-0.968147640378108));
#12738=DIRECTION('',(1.,6.39492257532623E-33,-1.22464679914747E-16));
#12739=DIRECTION('',(0.250380004054442,-5.05552229917456E-17,0.968147640378108));
#12740=DIRECTION('',(1.,6.39492257532623E-33,-1.22464679914747E-16));
#12741=DIRECTION('',(0.250380004054441,5.05552229917456E-17,-0.968147640378108));
#12742=DIRECTION('',(1.,6.39492257532623E-33,-1.22464679914747E-16));
#12743=DIRECTION('',(0.250380004054442,-5.05552229917456E-17,0.968147640378108));
#12744=DIRECTION('',(1.,6.39492257532623E-33,-1.22464679914747E-16));
#12745=DIRECTION('',(0.250380004054441,5.05552229917456E-17,-0.968147640378108));
#12746=DIRECTION('',(1.,6.39492257532623E-33,-1.22464679914747E-16));
#12747=DIRECTION('',(0.250380004054442,-5.05552229917456E-17,0.968147640378108));
#12748=DIRECTION('',(1.,6.39492257532623E-33,-1.22464679914747E-16));
#12749=DIRECTION('',(0.250380004054441,5.05552229917456E-17,-0.968147640378108));
#12750=DIRECTION('',(1.,6.39492257532623E-33,-1.22464679914747E-16));
#12751=DIRECTION('',(0.250380004054442,-5.05552229917456E-17,0.968147640378108));
#12752=DIRECTION('',(1.,6.39492257532623E-33,-1.22464679914747E-16));
#12753=DIRECTION('',(0.250380004054441,5.05552229917456E-17,-0.968147640378108));
#12754=DIRECTION('',(2.31983966671689E-15,5.22185056113976E-17,-1.));
#12755=DIRECTION('',(-1.,-9.31953042228759E-33,1.78471794877512E-16));
#12756=DIRECTION('',(2.31983966671689E-15,5.22185056113976E-17,-1.));
#12757=DIRECTION('',(0.250380004054442,-5.05552229917456E-17,0.968147640378108));
#12758=DIRECTION('',(1.,6.39492257532623E-33,-1.22464679914747E-16));
#12759=DIRECTION('',(0.250380004054441,5.05552229917456E-17,-0.968147640378108));
#12760=DIRECTION('',(1.,6.39492257532623E-33,-1.22464679914747E-16));
#12761=DIRECTION('',(0.250380004054442,-5.05552229917456E-17,0.968147640378108));
#12762=DIRECTION('',(1.,6.39492257532623E-33,-1.22464679914747E-16));
#12763=DIRECTION('',(0.250380004054441,5.05552229917456E-17,-0.968147640378108));
#12764=DIRECTION('',(1.,6.39492257532623E-33,-1.22464679914747E-16));
#12765=DIRECTION('',(0.250380004054442,-5.05552229917456E-17,0.968147640378108));
#12766=DIRECTION('',(1.,6.39492257532623E-33,-1.22464679914747E-16));
#12767=DIRECTION('',(0.250380004054441,5.05552229917456E-17,-0.968147640378108));
#12768=DIRECTION('',(1.,6.39492257532623E-33,-1.22464679914747E-16));
#12769=DIRECTION('',(0.250380004054442,-5.05552229917456E-17,0.968147640378108));
#12770=DIRECTION('',(1.,6.39492257532623E-33,-1.22464679914747E-16));
#12771=DIRECTION('',(0.250380004054441,5.05552229917456E-17,-0.968147640378108));
#12772=DIRECTION('',(1.,6.39492257532623E-33,-1.22464679914747E-16));
#12773=DIRECTION('',(0.250380004054442,-5.05552229917456E-17,0.968147640378108));
#12774=DIRECTION('',(1.,6.39492257532623E-33,-1.22464679914747E-16));
#12775=DIRECTION('',(0.250380004054441,5.05552229917456E-17,-0.968147640378108));
#12776=DIRECTION('',(1.,6.39492257532623E-33,-1.22464679914747E-16));
#12777=DIRECTION('',(0.250380004054442,-5.05552229917456E-17,0.968147640378108));
#12778=DIRECTION('',(1.,6.39492257532623E-33,-1.22464679914747E-16));
#12779=DIRECTION('',(0.250380004054441,5.05552229917456E-17,-0.968147640378108));
#12780=DIRECTION('',(1.,6.39492257532623E-33,-1.22464679914747E-16));
#12781=DIRECTION('',(0.250380004054442,-5.05552229917456E-17,0.968147640378108));
#12782=DIRECTION('',(1.,6.39492257532623E-33,-1.22464679914747E-16));
#12783=DIRECTION('center_axis',(1.,0.,0.));
#12784=DIRECTION('ref_axis',(0.,0.,-1.));
#12785=DIRECTION('',(0.,-1.,1.17607593702236E-16));
#12786=DIRECTION('',(0.,-1.04437009946343E-16,1.));
#12787=DIRECTION('',(0.,-1.,-5.22185056114019E-17));
#12788=DIRECTION('',(0.,-4.1939210210507E-13,-1.));
#12789=DIRECTION('center_axis',(-0.968147640378108,6.61874561431696E-14,
-0.250380004054441));
#12790=DIRECTION('ref_axis',(0.250380004054441,-1.7223385589133E-14,-0.968147640378108));
#12791=DIRECTION('',(-7.105427357601E-14,-1.,0.));
#12792=DIRECTION('',(0.250380004054441,-1.7223385589133E-14,-0.968147640378108));
#12793=DIRECTION('',(-7.105427357601E-14,-1.,0.));
#12794=DIRECTION('center_axis',(-1.22464679914747E-16,-1.17607593702236E-16,
-1.));
#12795=DIRECTION('ref_axis',(1.,-6.83342271656783E-14,-1.22464679914739E-16));
#12796=DIRECTION('',(-7.105427357601E-14,-1.,0.));
#12797=DIRECTION('',(1.,-6.83342271656783E-14,-1.22464679914739E-16));
#12798=DIRECTION('center_axis',(0.968147640378108,-6.62463493227456E-14,
-0.250380004054442));
#12799=DIRECTION('ref_axis',(0.250380004054442,-1.69956625604663E-14,0.968147640378108));
#12800=DIRECTION('',(-7.105427357601E-14,-1.,0.));
#12801=DIRECTION('',(0.250380004054442,-1.69956625604663E-14,0.968147640378108));
#12802=DIRECTION('center_axis',(-1.22464679914747E-16,-1.17607593702236E-16,
-1.));
#12803=DIRECTION('ref_axis',(1.,-6.83342271656783E-14,-1.22464679914739E-16));
#12804=DIRECTION('',(-7.105427357601E-14,-1.,0.));
#12805=DIRECTION('',(1.,-6.83342271656783E-14,-1.22464679914739E-16));
#12806=DIRECTION('center_axis',(-0.968147640378108,6.61874561431696E-14,
-0.250380004054441));
#12807=DIRECTION('ref_axis',(0.250380004054441,-1.7223385589133E-14,-0.968147640378108));
#12808=DIRECTION('',(-7.105427357601E-14,-1.,0.));
#12809=DIRECTION('',(0.250380004054441,-1.7223385589133E-14,-0.968147640378108));
#12810=DIRECTION('center_axis',(-1.22464679914747E-16,-1.17607593702236E-16,
-1.));
#12811=DIRECTION('ref_axis',(1.,-6.83342271656783E-14,-1.22464679914739E-16));
#12812=DIRECTION('',(-7.105427357601E-14,-1.,0.));
#12813=DIRECTION('',(1.,-6.83342271656783E-14,-1.22464679914739E-16));
#12814=DIRECTION('center_axis',(0.968147640378108,-6.62463493227456E-14,
-0.250380004054442));
#12815=DIRECTION('ref_axis',(0.250380004054442,-1.69956625604663E-14,0.968147640378108));
#12816=DIRECTION('',(-7.105427357601E-14,-1.,0.));
#12817=DIRECTION('',(0.250380004054442,-1.69956625604663E-14,0.968147640378108));
#12818=DIRECTION('center_axis',(-1.22464679914747E-16,-1.17607593702236E-16,
-1.));
#12819=DIRECTION('ref_axis',(1.,-6.83342271656783E-14,-1.22464679914739E-16));
#12820=DIRECTION('',(-7.105427357601E-14,-1.,0.));
#12821=DIRECTION('',(1.,-6.83342271656783E-14,-1.22464679914739E-16));
#12822=DIRECTION('center_axis',(-0.968147640378108,6.61874561431696E-14,
-0.250380004054441));
#12823=DIRECTION('ref_axis',(0.250380004054441,-1.7223385589133E-14,-0.968147640378108));
#12824=DIRECTION('',(-7.105427357601E-14,-1.,0.));
#12825=DIRECTION('',(0.250380004054441,-1.7223385589133E-14,-0.968147640378108));
#12826=DIRECTION('center_axis',(-1.22464679914747E-16,-1.17607593702236E-16,
-1.));
#12827=DIRECTION('ref_axis',(1.,-6.83342271656783E-14,-1.22464679914739E-16));
#12828=DIRECTION('',(-7.105427357601E-14,-1.,0.));
#12829=DIRECTION('',(1.,-6.83342271656783E-14,-1.22464679914739E-16));
#12830=DIRECTION('center_axis',(0.968147640378108,-6.62463493227456E-14,
-0.250380004054442));
#12831=DIRECTION('ref_axis',(0.250380004054442,-1.69956625604663E-14,0.968147640378108));
#12832=DIRECTION('',(-7.105427357601E-14,-1.,0.));
#12833=DIRECTION('',(0.250380004054442,-1.69956625604663E-14,0.968147640378108));
#12834=DIRECTION('center_axis',(-1.22464679914747E-16,-1.17607593702236E-16,
-1.));
#12835=DIRECTION('ref_axis',(1.,-6.83342271656783E-14,-1.22464679914739E-16));
#12836=DIRECTION('',(-7.105427357601E-14,-1.,0.));
#12837=DIRECTION('',(1.,-6.83342271656783E-14,-1.22464679914739E-16));
#12838=DIRECTION('center_axis',(-0.968147640378108,6.61874561431696E-14,
-0.250380004054441));
#12839=DIRECTION('ref_axis',(0.250380004054441,-1.7223385589133E-14,-0.968147640378108));
#12840=DIRECTION('',(-7.105427357601E-14,-1.,0.));
#12841=DIRECTION('',(0.250380004054441,-1.7223385589133E-14,-0.968147640378108));
#12842=DIRECTION('center_axis',(-1.22464679914747E-16,-1.17607593702236E-16,
-1.));
#12843=DIRECTION('ref_axis',(1.,-6.83342271656783E-14,-1.22464679914739E-16));
#12844=DIRECTION('',(-7.105427357601E-14,-1.,0.));
#12845=DIRECTION('',(1.,-6.83342271656783E-14,-1.22464679914739E-16));
#12846=DIRECTION('center_axis',(0.968147640378108,-6.62463493227456E-14,
-0.250380004054442));
#12847=DIRECTION('ref_axis',(0.250380004054442,-1.69956625604663E-14,0.968147640378108));
#12848=DIRECTION('',(-7.105427357601E-14,-1.,0.));
#12849=DIRECTION('',(0.250380004054442,-1.69956625604663E-14,0.968147640378108));
#12850=DIRECTION('center_axis',(-1.22464679914747E-16,-1.17607593702236E-16,
-1.));
#12851=DIRECTION('ref_axis',(1.,-6.83342271656783E-14,-1.22464679914739E-16));
#12852=DIRECTION('',(-7.105427357601E-14,-1.,0.));
#12853=DIRECTION('',(1.,-6.83342271656783E-14,-1.22464679914739E-16));
#12854=DIRECTION('center_axis',(-0.968147640378108,6.61874561431696E-14,
-0.250380004054441));
#12855=DIRECTION('ref_axis',(0.250380004054441,-1.7223385589133E-14,-0.968147640378108));
#12856=DIRECTION('',(-7.105427357601E-14,-1.,0.));
#12857=DIRECTION('',(0.250380004054441,-1.7223385589133E-14,-0.968147640378108));
#12858=DIRECTION('center_axis',(-1.22464679914747E-16,-1.17607593702236E-16,
-1.));
#12859=DIRECTION('ref_axis',(1.,-6.83342271656783E-14,-1.22464679914739E-16));
#12860=DIRECTION('',(-7.105427357601E-14,-1.,0.));
#12861=DIRECTION('',(1.,-6.83342271656783E-14,-1.22464679914739E-16));
#12862=DIRECTION('center_axis',(0.968147640378108,-6.62463493227456E-14,
-0.250380004054442));
#12863=DIRECTION('ref_axis',(0.250380004054442,-1.69956625604663E-14,0.968147640378108));
#12864=DIRECTION('',(-6.83954595056357E-14,-1.,1.17607593702244E-16));
#12865=DIRECTION('',(0.250380004054442,-1.69956625604663E-14,0.968147640378108));
#12866=DIRECTION('center_axis',(-1.22464679914747E-16,-1.17607593702236E-16,
-1.));
#12867=DIRECTION('ref_axis',(1.,-6.83342271656783E-14,-1.22464679914739E-16));
#12868=DIRECTION('',(-6.83954595056357E-14,-1.,1.17607593702244E-16));
#12869=DIRECTION('',(1.,-6.83342271656783E-14,-1.22464679914739E-16));
#12870=DIRECTION('center_axis',(-0.968147640378108,6.61874561431696E-14,
-0.250380004054441));
#12871=DIRECTION('ref_axis',(0.250380004054441,-1.7223385589133E-14,-0.968147640378108));
#12872=DIRECTION('',(-6.83954595056357E-14,-1.,1.17607593702244E-16));
#12873=DIRECTION('',(0.250380004054441,-1.7223385589133E-14,-0.968147640378108));
#12874=DIRECTION('center_axis',(-1.22464679914747E-16,-1.17607593702236E-16,
-1.));
#12875=DIRECTION('ref_axis',(1.,-6.83342271656783E-14,-1.22464679914739E-16));
#12876=DIRECTION('',(-7.105427357601E-14,-1.,0.));
#12877=DIRECTION('',(1.,-6.83342271656783E-14,-1.22464679914739E-16));
#12878=DIRECTION('center_axis',(0.968147640378108,-6.62463493227456E-14,
-0.250380004054442));
#12879=DIRECTION('ref_axis',(0.250380004054442,-1.69956625604663E-14,0.968147640378108));
#12880=DIRECTION('',(-7.105427357601E-14,-1.,0.));
#12881=DIRECTION('',(0.250380004054442,-1.69956625604663E-14,0.968147640378108));
#12882=DIRECTION('center_axis',(-1.22464679914747E-16,-1.17607593702236E-16,
-1.));
#12883=DIRECTION('ref_axis',(1.,-6.83342271656783E-14,-1.22464679914739E-16));
#12884=DIRECTION('',(-7.105427357601E-14,-1.,0.));
#12885=DIRECTION('',(1.,-6.83342271656783E-14,-1.22464679914739E-16));
#12886=DIRECTION('center_axis',(-0.968147640378108,6.61874561431696E-14,
-0.250380004054441));
#12887=DIRECTION('ref_axis',(0.250380004054441,-1.7223385589133E-14,-0.968147640378108));
#12888=DIRECTION('',(-7.105427357601E-14,-1.,0.));
#12889=DIRECTION('',(0.250380004054441,-1.7223385589133E-14,-0.968147640378108));
#12890=DIRECTION('center_axis',(-1.22464679914747E-16,-1.17607593702236E-16,
-1.));
#12891=DIRECTION('ref_axis',(1.,-6.83342271656783E-14,-1.22464679914739E-16));
#12892=DIRECTION('',(-7.105427357601E-14,-1.,0.));
#12893=DIRECTION('',(1.,-6.83342271656783E-14,-1.22464679914739E-16));
#12894=DIRECTION('center_axis',(0.968147640378108,-6.62463493227456E-14,
-0.250380004054442));
#12895=DIRECTION('ref_axis',(0.250380004054442,-1.69956625604663E-14,0.968147640378108));
#12896=DIRECTION('',(0.250380004054442,-1.69956625604663E-14,0.968147640378108));
#12897=DIRECTION('center_axis',(6.83342271656782E-14,1.,1.04437009946343E-16));
#12898=DIRECTION('ref_axis',(1.,-6.83342271656782E-14,-1.78162138689723E-16));
#12899=DIRECTION('',(1.,-6.83342271656783E-14,-1.22464679914739E-16));
#12900=DIRECTION('',(-1.78162138689716E-16,1.04437009946354E-16,-1.));
#12901=DIRECTION('',(-1.,6.83342271656782E-14,1.78162138689723E-16));
#12902=DIRECTION('center_axis',(-6.83342271656782E-14,-1.,-1.04437009946343E-16));
#12903=DIRECTION('ref_axis',(1.,-6.83342271656783E-14,-1.78162138689723E-16));
#12904=DIRECTION('center_axis',(-6.83342271656782E-14,-1.,-1.04437009946343E-16));
#12905=DIRECTION('ref_axis',(1.,-6.83342271656783E-14,-1.78162138689723E-16));
#12906=DIRECTION('center_axis',(3.41639915525975E-14,1.,-4.1939210210507E-13));
#12907=DIRECTION('ref_axis',(1.22464679943423E-16,4.1939210210507E-13,1.));
#12908=DIRECTION('',(1.,-3.41639915525976E-14,-1.78471794877514E-16));
#12909=DIRECTION('',(-1.22464679943423E-16,-4.1939210210507E-13,-1.));
#12910=DIRECTION('',(1.,-3.41639915525976E-14,-1.22464679914743E-16));
#12911=DIRECTION('center_axis',(-1.78471794877512E-16,5.22185056114019E-17,
-1.));
#12912=DIRECTION('ref_axis',(6.83954595056357E-14,1.,5.22185056113897E-17));
#12913=DIRECTION('',(-6.83342271656783E-14,-1.,-5.22185056113897E-17));
#12914=DIRECTION('',(1.,-3.41639915525976E-14,-1.78471794877514E-16));
#12915=DIRECTION('',(-6.83954595056357E-14,-1.,-5.22185056113897E-17));
#12916=DIRECTION('center_axis',(1.,-6.83342271656783E-14,2.31983966671689E-15));
#12917=DIRECTION('ref_axis',(-2.31983966671689E-15,-1.04437009946184E-16,
1.));
#12918=DIRECTION('',(-7.105427357601E-14,-1.,0.));
#12919=DIRECTION('',(2.31983966671688E-15,-1.17607593702403E-16,-1.));
#12920=DIRECTION('',(-6.83342271656783E-14,-1.,1.17607593702244E-16));
#12921=DIRECTION('',(-2.3198396667145E-15,3.49014748786121E-14,1.));
#12922=DIRECTION('center_axis',(-0.968147640378108,6.61874561431696E-14,
-0.250380004054441));
#12923=DIRECTION('ref_axis',(0.250380004054441,-1.7223385589133E-14,-0.968147640378108));
#12924=DIRECTION('',(-7.105427357601E-14,-1.,0.));
#12925=DIRECTION('',(0.250380004054441,-1.7223385589133E-14,-0.968147640378108));
#12926=DIRECTION('center_axis',(-1.22464679914747E-16,-1.17607593702236E-16,
-1.));
#12927=DIRECTION('ref_axis',(1.,-6.83342271656783E-14,-1.22464679914739E-16));
#12928=DIRECTION('',(-7.105427357601E-14,-1.,0.));
#12929=DIRECTION('',(1.,-6.83342271656783E-14,-1.22464679914739E-16));
#12930=DIRECTION('center_axis',(0.968147640378108,-6.62463493227456E-14,
-0.250380004054442));
#12931=DIRECTION('ref_axis',(0.250380004054442,-1.69956625604663E-14,0.968147640378108));
#12932=DIRECTION('',(-7.105427357601E-14,-1.,0.));
#12933=DIRECTION('',(0.250380004054442,-1.69956625604663E-14,0.968147640378108));
#12934=DIRECTION('center_axis',(-6.83954595056357E-14,-1.,1.17607593702244E-16));
#12935=DIRECTION('ref_axis',(1.22464679914747E-16,1.17607593702236E-16,
1.));
#12936=DIRECTION('',(1.22464679914747E-16,1.17607593702236E-16,1.));
#12937=DIRECTION('',(-1.,6.83342271656783E-14,1.22464679914739E-16));
#12938=DIRECTION('',(1.,-6.83342271656783E-14,-1.22464679914739E-16));
#12939=DIRECTION('',(0.250380004054441,-1.7223385589133E-14,-0.968147640378108));
#12940=DIRECTION('',(1.,-6.83342271656783E-14,-1.22464679914739E-16));
#12941=DIRECTION('',(0.250380004054442,-1.69956625604663E-14,0.968147640378108));
#12942=DIRECTION('',(1.,-6.83342271656783E-14,-1.22464679914739E-16));
#12943=DIRECTION('',(0.250380004054441,-1.7223385589133E-14,-0.968147640378108));
#12944=DIRECTION('',(1.,-6.83342271656783E-14,-1.22464679914739E-16));
#12945=DIRECTION('',(0.250380004054442,-1.69956625604663E-14,0.968147640378108));
#12946=DIRECTION('',(1.,-6.83342271656783E-14,-1.22464679914739E-16));
#12947=DIRECTION('',(0.250380004054441,-1.7223385589133E-14,-0.968147640378108));
#12948=DIRECTION('',(1.,-6.83342271656783E-14,-1.22464679914739E-16));
#12949=DIRECTION('',(0.250380004054442,-1.69956625604663E-14,0.968147640378108));
#12950=DIRECTION('',(1.,-6.83342271656783E-14,-1.22464679914739E-16));
#12951=DIRECTION('',(0.250380004054441,-1.7223385589133E-14,-0.968147640378108));
#12952=DIRECTION('',(1.,-6.83342271656783E-14,-1.22464679914739E-16));
#12953=DIRECTION('',(0.250380004054442,-1.69956625604663E-14,0.968147640378108));
#12954=DIRECTION('',(1.,-6.83342271656783E-14,-1.22464679914739E-16));
#12955=DIRECTION('',(0.250380004054441,-1.7223385589133E-14,-0.968147640378108));
#12956=DIRECTION('',(1.,-6.83342271656783E-14,-1.22464679914739E-16));
#12957=DIRECTION('',(0.250380004054442,-1.69956625604663E-14,0.968147640378108));
#12958=DIRECTION('',(1.,-6.83342271656783E-14,-1.22464679914739E-16));
#12959=DIRECTION('',(0.250380004054441,-1.7223385589133E-14,-0.968147640378108));
#12960=DIRECTION('',(1.,-6.83342271656783E-14,-1.22464679914739E-16));
#12961=DIRECTION('',(0.250380004054442,-1.69956625604663E-14,0.968147640378108));
#12962=DIRECTION('',(1.,-6.83342271656783E-14,-1.22464679914739E-16));
#12963=DIRECTION('',(0.250380004054441,-1.7223385589133E-14,-0.968147640378108));
#12964=DIRECTION('',(1.,-6.83342271656783E-14,-1.22464679914739E-16));
#12965=DIRECTION('',(0.250380004054442,-1.69956625604663E-14,0.968147640378108));
#12966=DIRECTION('',(1.,-6.83342271656783E-14,-1.22464679914739E-16));
#12967=DIRECTION('',(0.250380004054441,-1.7223385589133E-14,-0.968147640378108));
#12968=DIRECTION('',(1.,-6.83342271656783E-14,-1.22464679914739E-16));
#12969=DIRECTION('',(0.250380004054442,-1.69956625604663E-14,0.968147640378108));
#12970=DIRECTION('',(1.,-6.83342271656783E-14,-1.22464679914739E-16));
#12971=DIRECTION('',(0.250380004054441,-1.7223385589133E-14,-0.968147640378108));
#12972=DIRECTION('',(1.,-6.83342271656783E-14,-1.22464679914739E-16));
#12973=DIRECTION('',(0.250380004054442,-1.69956625604663E-14,0.968147640378108));
#12974=DIRECTION('',(1.,-6.83342271656783E-14,-1.22464679914739E-16));
#12975=DIRECTION('center_axis',(6.83954595056357E-14,1.,-1.17607593702244E-16));
#12976=DIRECTION('ref_axis',(1.,-6.83342271656783E-14,-1.78162138689723E-16));
#12977=DIRECTION('center_axis',(-3.41639915525976E-14,-1.,3.49014748786121E-14));
#12978=DIRECTION('ref_axis',(-1.22464679917126E-16,-3.49014748786121E-14,
-1.));
#12979=DIRECTION('',(-1.,3.41639915525976E-14,1.22464679914743E-16));
#12980=DIRECTION('',(1.22464679917126E-16,3.49014748786121E-14,1.));
#12981=DIRECTION('center_axis',(1.22464679914747E-16,1.17607593702236E-16,
1.));
#12982=DIRECTION('ref_axis',(-1.,6.83342271656783E-14,1.22464679914739E-16));
#12983=DIRECTION('',(-7.105427357601E-14,-1.,0.));
#12984=DIRECTION('center_axis',(1.22464679914747E-16,1.17607593702236E-16,
1.));
#12985=DIRECTION('ref_axis',(-1.,6.83342271656783E-14,1.22464679914739E-16));
#12986=DIRECTION('',(6.88338275267597E-14,1.,0.));
#12987=DIRECTION('center_axis',(-1.22464679914747E-16,-1.17607593702236E-16,
-1.));
#12988=DIRECTION('ref_axis',(1.,-6.83342271656783E-14,-1.22464679914739E-16));
#12989=DIRECTION('',(-7.105427357601E-14,-1.,0.));
#12990=DIRECTION('center_axis',(-1.22464679914747E-16,-1.17607593702236E-16,
-1.));
#12991=DIRECTION('ref_axis',(1.,-6.83342271656783E-14,-1.22464679914739E-16));
#12992=DIRECTION('',(-7.105427357601E-14,-1.,0.));
#12993=DIRECTION('',(-7.105427357601E-14,-1.,0.));
#12994=DIRECTION('center_axis',(0.968147640378108,-6.62463493227456E-14,
-0.250380004054442));
#12995=DIRECTION('ref_axis',(0.250380004054442,-1.69956625604663E-14,0.968147640378108));
#12996=DIRECTION('',(-7.105427357601E-14,-1.,0.));
#12997=DIRECTION('center_axis',(-1.22464679914747E-16,-1.17607593702236E-16,
-1.));
#12998=DIRECTION('ref_axis',(1.,-6.83342271656783E-14,-1.22464679914739E-16));
#12999=DIRECTION('',(-7.105427357601E-14,-1.,0.));
#13000=DIRECTION('center_axis',(-0.968147640378108,6.61874561431696E-14,
-0.250380004054441));
#13001=DIRECTION('ref_axis',(0.250380004054441,-1.7223385589133E-14,-0.968147640378108));
#13002=DIRECTION('center_axis',(-1.22464679914747E-16,-1.17607593702236E-16,
-1.));
#13003=DIRECTION('ref_axis',(1.,-6.83342271656783E-14,-1.22464679914739E-16));
#13004=DIRECTION('',(-7.105427357601E-14,-1.,0.));
#13005=DIRECTION('',(-7.105427357601E-14,-1.,0.));
#13006=DIRECTION('center_axis',(-1.22464679914747E-16,-1.17607593702236E-16,
-1.));
#13007=DIRECTION('ref_axis',(1.,-6.83342271656783E-14,-1.22464679914739E-16));
#13008=DIRECTION('',(-7.105427357601E-14,-1.,0.));
#13009=DIRECTION('',(-7.105427357601E-14,-1.,0.));
#13010=DIRECTION('center_axis',(-1.22464679914747E-16,-1.17607593702236E-16,
-1.));
#13011=DIRECTION('ref_axis',(1.,-6.83342271656783E-14,-1.22464679914739E-16));
#13012=DIRECTION('',(-7.105427357601E-14,-1.,0.));
#13013=DIRECTION('',(-7.105427357601E-14,-1.,0.));
#13014=DIRECTION('center_axis',(-1.22464679914747E-16,-1.17607593702236E-16,
-1.));
#13015=DIRECTION('ref_axis',(1.,-6.83342271656783E-14,-1.22464679914739E-16));
#13016=DIRECTION('',(-7.105427357601E-14,-1.,0.));
#13017=DIRECTION('',(-7.105427357601E-14,-1.,0.));
#13018=DIRECTION('center_axis',(-1.22464679914747E-16,-1.17607593702236E-16,
-1.));
#13019=DIRECTION('ref_axis',(1.,-6.83342271656783E-14,-1.22464679914739E-16));
#13020=DIRECTION('',(-7.105427357601E-14,-1.,0.));
#13021=DIRECTION('',(-7.105427357601E-14,-1.,0.));
#13022=DIRECTION('center_axis',(-1.22464679914747E-16,-1.17607593702236E-16,
-1.));
#13023=DIRECTION('ref_axis',(1.,-6.83342271656783E-14,-1.22464679914739E-16));
#13024=DIRECTION('',(-7.105427357601E-14,-1.,0.));
#13025=DIRECTION('',(-7.105427357601E-14,-1.,0.));
#13026=DIRECTION('center_axis',(-1.22464679914747E-16,-1.17607593702236E-16,
-1.));
#13027=DIRECTION('ref_axis',(1.,-6.83342271656783E-14,-1.22464679914739E-16));
#13028=DIRECTION('',(-7.105427357601E-14,-1.,0.));
#13029=DIRECTION('',(-7.105427357601E-14,-1.,0.));
#13030=DIRECTION('center_axis',(-1.22464679914747E-16,-1.17607593702236E-16,
-1.));
#13031=DIRECTION('ref_axis',(1.,-6.83342271656783E-14,-1.22464679914739E-16));
#13032=DIRECTION('',(-7.105427357601E-14,-1.,0.));
#13033=DIRECTION('center_axis',(0.968147640378108,-6.62463493227456E-14,
-0.250380004054442));
#13034=DIRECTION('ref_axis',(0.250380004054442,-1.69956625604663E-14,0.968147640378108));
#13035=DIRECTION('',(-7.105427357601E-14,-1.,0.));
#13036=DIRECTION('center_axis',(-1.22464679914747E-16,-1.17607593702236E-16,
-1.));
#13037=DIRECTION('ref_axis',(1.,-6.83342271656783E-14,-1.22464679914739E-16));
#13038=DIRECTION('',(-7.105427357601E-14,-1.,0.));
#13039=DIRECTION('center_axis',(-0.968147640378108,6.61874561431696E-14,
-0.250380004054441));
#13040=DIRECTION('ref_axis',(0.250380004054441,-1.7223385589133E-14,-0.968147640378108));
#13041=DIRECTION('center_axis',(0.968147640378108,-6.62463493227456E-14,
-0.250380004054442));
#13042=DIRECTION('ref_axis',(0.250380004054442,-1.69956625604663E-14,0.968147640378108));
#13043=DIRECTION('',(-7.105427357601E-14,-1.,0.));
#13044=DIRECTION('center_axis',(-1.22464679914747E-16,-1.17607593702236E-16,
-1.));
#13045=DIRECTION('ref_axis',(1.,-6.83342271656783E-14,-1.22464679914739E-16));
#13046=DIRECTION('',(-7.105427357601E-14,-1.,0.));
#13047=DIRECTION('center_axis',(-0.968147640378108,6.61874561431696E-14,
-0.250380004054441));
#13048=DIRECTION('ref_axis',(0.250380004054441,-1.7223385589133E-14,-0.968147640378108));
#13049=DIRECTION('center_axis',(0.968147640378108,-6.62463493227456E-14,
-0.250380004054442));
#13050=DIRECTION('ref_axis',(0.250380004054442,-1.69956625604663E-14,0.968147640378108));
#13051=DIRECTION('',(-7.105427357601E-14,-1.,0.));
#13052=DIRECTION('center_axis',(-1.22464679914747E-16,-1.17607593702236E-16,
-1.));
#13053=DIRECTION('ref_axis',(1.,-6.83342271656783E-14,-1.22464679914739E-16));
#13054=DIRECTION('',(-7.105427357601E-14,-1.,0.));
#13055=DIRECTION('center_axis',(-0.968147640378108,6.61874561431696E-14,
-0.250380004054441));
#13056=DIRECTION('ref_axis',(0.250380004054441,-1.7223385589133E-14,-0.968147640378108));
#13057=DIRECTION('center_axis',(0.968147640378108,-6.62463493227456E-14,
-0.250380004054442));
#13058=DIRECTION('ref_axis',(0.250380004054442,-1.69956625604663E-14,0.968147640378108));
#13059=DIRECTION('',(-7.105427357601E-14,-1.,0.));
#13060=DIRECTION('center_axis',(-1.22464679914747E-16,-1.17607593702236E-16,
-1.));
#13061=DIRECTION('ref_axis',(1.,-6.83342271656783E-14,-1.22464679914739E-16));
#13062=DIRECTION('',(-7.105427357601E-14,-1.,0.));
#13063=DIRECTION('center_axis',(-0.968147640378108,6.61874561431696E-14,
-0.250380004054441));
#13064=DIRECTION('ref_axis',(0.250380004054441,-1.7223385589133E-14,-0.968147640378108));
#13065=DIRECTION('center_axis',(0.968147640378108,-6.62463493227456E-14,
-0.250380004054442));
#13066=DIRECTION('ref_axis',(0.250380004054442,-1.69956625604663E-14,0.968147640378108));
#13067=DIRECTION('',(-7.105427357601E-14,-1.,0.));
#13068=DIRECTION('center_axis',(-1.22464679914747E-16,-1.17607593702236E-16,
-1.));
#13069=DIRECTION('ref_axis',(1.,-6.83342271656783E-14,-1.22464679914739E-16));
#13070=DIRECTION('',(-7.105427357601E-14,-1.,0.));
#13071=DIRECTION('center_axis',(-0.968147640378108,6.61874561431696E-14,
-0.250380004054441));
#13072=DIRECTION('ref_axis',(0.250380004054441,-1.7223385589133E-14,-0.968147640378108));
#13073=DIRECTION('center_axis',(0.968147640378108,-6.62463493227456E-14,
-0.250380004054442));
#13074=DIRECTION('ref_axis',(0.250380004054442,-1.69956625604663E-14,0.968147640378108));
#13075=DIRECTION('',(-7.105427357601E-14,-1.,0.));
#13076=DIRECTION('center_axis',(-1.22464679914747E-16,-1.17607593702236E-16,
-1.));
#13077=DIRECTION('ref_axis',(1.,-6.83342271656783E-14,-1.22464679914739E-16));
#13078=DIRECTION('',(-7.105427357601E-14,-1.,0.));
#13079=DIRECTION('center_axis',(-0.968147640378108,6.61874561431696E-14,
-0.250380004054441));
#13080=DIRECTION('ref_axis',(0.250380004054441,-1.7223385589133E-14,-0.968147640378108));
#13081=DIRECTION('center_axis',(0.968147640378108,-6.62463493227456E-14,
-0.250380004054442));
#13082=DIRECTION('ref_axis',(0.250380004054442,-1.69956625604663E-14,0.968147640378108));
#13083=DIRECTION('',(-7.105427357601E-14,-1.,0.));
#13084=DIRECTION('center_axis',(-1.22464679914747E-16,-1.17607593702236E-16,
-1.));
#13085=DIRECTION('ref_axis',(1.,-6.83342271656783E-14,-1.22464679914739E-16));
#13086=DIRECTION('',(-7.105427357601E-14,-1.,0.));
#13087=DIRECTION('center_axis',(-0.968147640378108,6.61874561431696E-14,
-0.250380004054441));
#13088=DIRECTION('ref_axis',(0.250380004054441,-1.7223385589133E-14,-0.968147640378108));
#13089=DIRECTION('center_axis',(0.968147640378108,-6.62463493227456E-14,
-0.250380004054442));
#13090=DIRECTION('ref_axis',(0.250380004054442,-1.69956625604663E-14,0.968147640378108));
#13091=DIRECTION('',(-7.105427357601E-14,-1.,0.));
#13092=DIRECTION('center_axis',(-1.22464679914747E-16,-1.17607593702236E-16,
-1.));
#13093=DIRECTION('ref_axis',(1.,-6.83342271656783E-14,-1.22464679914739E-16));
#13094=DIRECTION('',(-7.105427357601E-14,-1.,0.));
#13095=DIRECTION('center_axis',(-0.968147640378108,6.61874561431696E-14,
-0.250380004054441));
#13096=DIRECTION('ref_axis',(0.250380004054441,-1.7223385589133E-14,-0.968147640378108));
#13097=DIRECTION('center_axis',(-6.83342271656783E-14,-1.,-1.04437011222787E-16));
#13098=DIRECTION('ref_axis',(1.,-6.83342271656783E-14,-1.78162138689723E-16));
#13099=DIRECTION('',(-6.83342271656783E-14,-1.,-1.04437011222787E-16));
#13100=DIRECTION('center_axis',(-6.83342271656783E-14,-1.,-1.04437011222787E-16));
#13101=DIRECTION('ref_axis',(1.,-6.83342271656783E-14,-1.78162138689723E-16));
#13102=DIRECTION('',(-6.83342271656783E-14,-1.,-1.04437011222787E-16));
#13103=DIRECTION('center_axis',(3.41864583779654E-14,1.,3.01043389671074E-13));
#13104=DIRECTION('ref_axis',(1.78162138669152E-16,-3.01043389671074E-13,
1.));
#13105=DIRECTION('',(-1.,3.41864583779653E-14,1.7816213868972E-16));
#13106=DIRECTION('',(-1.78162138669152E-16,3.01043389671074E-13,-1.));
#13107=DIRECTION('center_axis',(1.,-6.83342271656783E-14,-1.78162138689723E-16));
#13108=DIRECTION('ref_axis',(1.78162138689716E-16,-1.04437009946354E-16,
1.));
#13109=DIRECTION('',(6.88338275267597E-14,1.,0.));
#13110=DIRECTION('center_axis',(-1.78162138689716E-16,1.04437011222799E-16,
-1.));
#13111=DIRECTION('ref_axis',(1.,-6.83342271656782E-14,-1.78162138689723E-16));
#13112=CARTESIAN_POINT('',(0.,0.,0.));
#13113=CARTESIAN_POINT('Origin',(0.182457783229655,-8.94999999999903,-2.25000000000487));
#13114=CARTESIAN_POINT('',(0.767629039549369,-13.335171254019,-2.83517125402489));
#13115=CARTESIAN_POINT('',(0.932457786177195,-13.3335006735796,-3.00000000000487));
#13116=CARTESIAN_POINT('',(4.11871472419211,-13.3012071651696,-6.18625692549654));
#13117=CARTESIAN_POINT('',(-0.567542219718318,-11.9999999999991,-1.50000000000489));
#13118=CARTESIAN_POINT('',(0.932457786177186,-13.499999999999,-3.00000000000487));
#13119=CARTESIAN_POINT('',(-0.567542219717968,-5.99999999999868,-1.50000000000487));
#13120=CARTESIAN_POINT('',(-0.567542219718139,-8.94999999999899,-1.50000000000487));
#13121=CARTESIAN_POINT('',(0.932457786911219,-5.99999999999917,-3.00000000000487));
#13122=CARTESIAN_POINT('',(2.74495776417166,-5.99999999999885,-4.81249997087508));
#13123=CARTESIAN_POINT('',(0.93245778617745,-8.94999999999908,-3.00000000000487));
#13124=CARTESIAN_POINT('Origin',(0.182457758961948,-12.7499999999989,3.2098736474692));
#13125=CARTESIAN_POINT('',(0.932457714186883,-13.499999999999,13.4264057632535));
#13126=CARTESIAN_POINT('',(0.735395412321305,-13.3029376129284,-6.01525876865151));
#13127=CARTESIAN_POINT('',(0.932457698525442,-13.499999999999,16.9999994662891));
#13128=CARTESIAN_POINT('',(0.932457758961817,-13.499999999999,3.20987365075615));
#13129=CARTESIAN_POINT('',(-0.567542301479997,-11.9999999999989,17.0012596033346));
#13130=CARTESIAN_POINT('',(0.922854313712534,-13.4903966151863,17.0000075340098));
#13131=CARTESIAN_POINT('',(-0.567542241037922,-11.9999999999989,3.20987364418226));
#13132=CARTESIAN_POINT('Origin',(0.93245778028191,-7.99999999999916,-1.50000000000487));
#13133=CARTESIAN_POINT('',(22.9313544710459,-5.99999999999991,-1.50000000000489));
#13134=CARTESIAN_POINT('',(17.9319060639655,-5.99999999999967,-1.50000000000489));
#13135=CARTESIAN_POINT('',(-22.0675426783901,-11.9999999999984,-1.50000000000487));
#13136=CARTESIAN_POINT('',(47.9324579921594,-12.0000000000008,-1.50000000000489));
#13137=CARTESIAN_POINT('',(-22.0675426783953,2.00000000000056,-1.500000000005));
#13138=CARTESIAN_POINT('',(-22.0675426783899,-7.99999999999838,-1.50000000000487));
#13139=CARTESIAN_POINT('',(47.9324579921542,2.00000000000053,-1.50000000000501));
#13140=CARTESIAN_POINT('',(-22.0675426783953,2.00000000000056,-1.500000000005));
#13141=CARTESIAN_POINT('',(47.9324579921594,-12.0000000000008,-1.50000000000489));
#13142=CARTESIAN_POINT('',(47.9324579921596,-8.0000000000008,-1.50000000000489));
#13143=CARTESIAN_POINT('',(26.4313544827397,-12.0000000000001,-1.50000000000489));
#13144=CARTESIAN_POINT('',(47.9324579921594,-12.0000000000008,-1.50000000000489));
#13145=CARTESIAN_POINT('',(26.43135447773,-6.00000000000008,-1.50000000000487));
#13146=CARTESIAN_POINT('',(26.4313544777298,-8.95000000000043,-1.50000000000487));
#13147=CARTESIAN_POINT('',(22.9324578431477,-5.99999999999991,-1.50000000000489));
#13148=CARTESIAN_POINT('',(30.4324578245224,-6.00000000000031,-1.50000000000489));
#13149=CARTESIAN_POINT('',(22.9324578431479,6.43929354282591E-14,-1.50000000000487));
#13150=CARTESIAN_POINT('',(22.9324578431476,-7.99999999999994,-1.50000000000489));
#13151=CARTESIAN_POINT('',(22.9313544710461,6.43929354282591E-14,-1.50000000000489));
#13152=CARTESIAN_POINT('',(-22.0675426783953,5.6843418860808E-13,-1.500000000005));
#13153=CARTESIAN_POINT('',(22.9313544710459,-7.99999999999994,-1.50000000000489));
#13154=CARTESIAN_POINT('Origin',(12.9324576568855,-11.9999999999996,1.66974736286898));
#13155=CARTESIAN_POINT('',(2.88245774345458,-11.9999999999991,16.9983612880924));
#13156=CARTESIAN_POINT('',(7.91389286730446,-11.9999999999993,16.9941344228982));
#13157=CARTESIAN_POINT('',(2.88245779713415,-11.9999999999991,4.74999999978055));
#13158=CARTESIAN_POINT('',(2.8824578268925,-11.9999999999991,-2.04012634058816));
#13159=CARTESIAN_POINT('',(2.93245784315156,-11.9999999999991,4.74999999999969));
#13160=CARTESIAN_POINT('',(7.90745772026002,-11.9999999999993,4.75000002180324));
#13161=CARTESIAN_POINT('',(4.75092375716996,-11.9999999999993,4.7499999999974));
#13162=CARTESIAN_POINT('',(7.93245775002045,-11.9999999999993,4.74999999999339));
#13163=CARTESIAN_POINT('',(11.432457656885,-11.9999999999995,17.3741196431604));
#13164=CARTESIAN_POINT('Origin',(12.9324578431478,-11.9999999999996,8.49999999999511));
#13165=CARTESIAN_POINT('',(11.432457656885,-11.9999999999994,18.499999999995));
#13166=CARTESIAN_POINT('',(11.432457656885,-11.9999999999995,10.084873681432));
#13167=CARTESIAN_POINT('',(-22.0675426783901,-11.9999999999984,18.4999999999951));
#13168=CARTESIAN_POINT('',(47.9324579921594,-12.0000000000008,18.4999999999951));
#13169=CARTESIAN_POINT('',(-22.0675426783901,-11.9999999999984,18.4999999999951));
#13170=CARTESIAN_POINT('',(-9.53420867450724,-11.9999999999992,1.49999999999498));
#13171=CARTESIAN_POINT('',(-11.5342087043096,-11.9999999999992,1.49999999999498));
#13172=CARTESIAN_POINT('Origin',(-10.5342086894084,-11.9999999999994,1.49999999999498));
#13173=CARTESIAN_POINT('',(-11.5342087043096,-11.9999999999992,15.499999999995));
#13174=CARTESIAN_POINT('',(-11.5342087043096,-11.9999999999981,0.87499999999519));
#13175=CARTESIAN_POINT('',(-9.53420867450724,-11.9999999999992,15.499999999995));
#13176=CARTESIAN_POINT('Origin',(-10.5342086894084,-11.9999999999994,15.499999999995));
#13177=CARTESIAN_POINT('',(-9.53420867450724,-11.9999999999982,7.87499999999518));
#13178=CARTESIAN_POINT('',(-13.8008753411739,-11.9999999999992,1.49999999999498));
#13179=CARTESIAN_POINT('',(-15.8008753709762,-11.9999999999992,1.49999999999498));
#13180=CARTESIAN_POINT('Origin',(-14.8008753560751,-11.9999999999994,1.49999999999498));
#13181=CARTESIAN_POINT('',(-15.8008753709762,-11.9999999999992,15.499999999995));
#13182=CARTESIAN_POINT('',(-15.8008753709762,-11.9999999999979,0.874999999995191));
#13183=CARTESIAN_POINT('',(-13.8008753411739,-11.9999999999992,15.499999999995));
#13184=CARTESIAN_POINT('Origin',(-14.8008753560751,-11.9999999999994,15.499999999995));
#13185=CARTESIAN_POINT('',(-13.8008753411739,-11.999999999998,7.87499999999518));
#13186=CARTESIAN_POINT('',(-5.26754200784057,-11.9999999999992,1.49999999999498));
#13187=CARTESIAN_POINT('',(-7.2675420376429,-11.9999999999993,1.49999999999498));
#13188=CARTESIAN_POINT('Origin',(-6.26754202274174,-11.9999999999994,1.49999999999498));
#13189=CARTESIAN_POINT('',(-7.2675420376429,-11.9999999999993,15.499999999995));
#13190=CARTESIAN_POINT('',(-7.2675420376429,-11.9999999999983,0.87499999999519));
#13191=CARTESIAN_POINT('',(-5.26754200784057,-11.9999999999992,15.499999999995));
#13192=CARTESIAN_POINT('Origin',(-6.26754202274174,-11.9999999999994,15.499999999995));
#13193=CARTESIAN_POINT('',(-5.26754200784058,-11.9999999999984,7.87499999999518));
#13194=CARTESIAN_POINT('',(-1.00087534117391,-11.9999999999993,1.49999999999498));
#13195=CARTESIAN_POINT('',(-3.00087537097623,-11.9999999999993,1.49999999999498));
#13196=CARTESIAN_POINT('Origin',(-2.00087535607507,-11.9999999999994,1.49999999999498));
#13197=CARTESIAN_POINT('',(-3.00087537097623,-11.9999999999993,15.499999999995));
#13198=CARTESIAN_POINT('',(-3.00087537097623,-11.9999999999985,0.87499999999519));
#13199=CARTESIAN_POINT('',(-1.00087534117391,-11.9999999999993,15.499999999995));
#13200=CARTESIAN_POINT('Origin',(-2.00087535607507,-11.9999999999994,15.499999999995));
#13201=CARTESIAN_POINT('',(-1.00087534117391,-11.9999999999987,7.87499999999518));
#13202=CARTESIAN_POINT('',(-18.0675420078406,-11.9999999999993,1.49999999999498));
#13203=CARTESIAN_POINT('',(-20.0675420376429,-11.9999999999992,1.49999999999498));
#13204=CARTESIAN_POINT('Origin',(-19.0675420227417,-11.9999999999994,1.49999999999498));
#13205=CARTESIAN_POINT('',(-20.0675420376429,-11.9999999999992,15.499999999995));
#13206=CARTESIAN_POINT('',(-20.0675420376429,-11.9999999999977,0.874999999995191));
#13207=CARTESIAN_POINT('',(-18.0675420078406,-11.9999999999993,15.499999999995));
#13208=CARTESIAN_POINT('Origin',(-19.0675420227417,-11.9999999999994,15.499999999995));
#13209=CARTESIAN_POINT('',(-18.0675420078406,-11.9999999999978,7.87499999999518));
#13210=CARTESIAN_POINT('Origin',(0.932457752212275,-9.899999999999,4.74999999123447));
#13211=CARTESIAN_POINT('',(0.932457709512332,-13.5108113097819,14.4930224586223));
#13212=CARTESIAN_POINT('',(0.932457796116028,-13.3105141230746,-5.26779539482173));
#13213=CARTESIAN_POINT('',(0.932457709526017,-16.4882235685155,14.4898605495317));
#13214=CARTESIAN_POINT('Origin',(0.932457711672248,-14.998995718812,14.0001634525238));
#13215=CARTESIAN_POINT('',(0.932457664340544,-16.2863521163608,-5.75000000000028));
#13216=CARTESIAN_POINT('',(0.93245773101116,-16.4393274763783,9.58748294383064));
#13217=CARTESIAN_POINT('',(0.932457664340444,-18.0093141141564,-5.75000000000031));
#13218=CARTESIAN_POINT('',(0.932457664339168,-39.9999999999993,-5.7500000000007));
#13219=CARTESIAN_POINT('',(0.932457709512067,-18.0108096218179,14.4930234083985));
#13220=CARTESIAN_POINT('',(0.932457796039069,-18.0093510310136,-5.25029757611632));
#13221=CARTESIAN_POINT('',(0.932457709525762,-20.9882216615978,14.4898590583185));
#13222=CARTESIAN_POINT('Origin',(0.932457711671987,-19.4989935188531,14.0001634525237));
#13223=CARTESIAN_POINT('',(0.932457664340271,-20.9900294477681,-5.75000000000037));
#13224=CARTESIAN_POINT('',(0.932457730866875,-20.9886565974358,9.62034506091976));
#13225=CARTESIAN_POINT('',(0.932457664340183,-22.5088292835607,-5.75000000000039));
#13226=CARTESIAN_POINT('',(0.932457664339168,-39.9999999999993,-5.7500000000007));
#13227=CARTESIAN_POINT('',(0.932457709511274,-22.5102664609019,14.4931445981925));
#13228=CARTESIAN_POINT('',(0.932457796039457,-22.5088647498019,-5.25044561187561));
#13229=CARTESIAN_POINT('',(0.932457709529654,-25.4922860798503,14.4889112469241));
#13230=CARTESIAN_POINT('Origin',(0.932457711671725,-24.0005794266331,14.0001634525235));
#13231=CARTESIAN_POINT('',(0.932457741254162,-25.4926503772392,7.25016347071764));
#13232=CARTESIAN_POINT('',(0.932457730869142,-25.4925311244517,9.61976828802485));
#13233=CARTESIAN_POINT('',(0.932457758784547,-25.492836416489,3.25016341652881));
#13234=CARTESIAN_POINT('',(0.932457746731526,-25.4927085051473,6.00036464703467));
#13235=CARTESIAN_POINT('',(0.93245766434001,-25.4933194934172,-5.75000000000044));
#13236=CARTESIAN_POINT('',(0.932457755496473,-25.4927961470118,4.00042047627792));
#13237=CARTESIAN_POINT('',(0.932457798228739,-26.6499999999987,-5.75000000876585));
#13238=CARTESIAN_POINT('',(0.932457664339168,-39.9999999999993,-5.7500000000007));
#13239=CARTESIAN_POINT('',(0.93245775221148,-26.649999999999,4.74999999123412));
#13240=CARTESIAN_POINT('',(0.932457786724259,-26.6499999999988,-3.12496271966824));
#13241=CARTESIAN_POINT('',(0.932457664339401,-35.9999999999995,4.74999999999945));
#13242=CARTESIAN_POINT('',(0.932457752212272,-12.999999999999,4.74999999123447));
#13243=CARTESIAN_POINT('',(0.932457698523923,-35.9999999999999,16.9999994662886));
#13244=CARTESIAN_POINT('',(0.932457843150323,-35.9999999999995,3.21130814466557));
#13245=CARTESIAN_POINT('',(0.932457698525471,-12.9999999999993,16.9999994662891));
#13246=CARTESIAN_POINT('',(0.93245771167129,-31.4999999999997,14.0001634525233));
#13247=CARTESIAN_POINT('',(0.932457711671115,-34.4999999999997,14.0001634525233));
#13248=CARTESIAN_POINT('Origin',(0.932457711671202,-32.9999999999997,14.0001634525233));
#13249=CARTESIAN_POINT('',(0.932457739062341,-34.4999999999995,7.75016347256113));
#13250=CARTESIAN_POINT('',(0.93245773194133,-34.4999999999996,9.37500202961496));
#13251=CARTESIAN_POINT('',(0.932457739062515,-31.4999999999995,7.75016347256122));
#13252=CARTESIAN_POINT('Origin',(0.932457739062428,-32.9999999999995,7.75016347256116));
#13253=CARTESIAN_POINT('',(0.932457745637117,-31.4999999999994,6.2500020396351));
#13254=CARTESIAN_POINT('',(0.932457741253901,-29.9905586317558,7.25016347080749));
#13255=CARTESIAN_POINT('',(0.932457741254074,-27.0088592465872,7.25016347067426));
#13256=CARTESIAN_POINT('Origin',(0.932457741254386,-28.4997089391715,7.25007251663442));
#13257=CARTESIAN_POINT('',(0.932457709519909,-27.0092734071606,14.4911148113152));
#13258=CARTESIAN_POINT('',(0.932457746735171,-27.008787713139,5.99951275521461));
#13259=CARTESIAN_POINT('',(0.932457709520164,-29.9901200499817,14.4910171631442));
#13260=CARTESIAN_POINT('Origin',(0.932457711671464,-28.4996806473231,14.0001634525234));
#13261=CARTESIAN_POINT('',(0.932457730863318,-29.9904150268567,9.62103733660771));
#13262=CARTESIAN_POINT('Origin',(25.6814157761796,-8.95000000000039,-2.24999999749988));
#13263=CARTESIAN_POINT('',(24.9314770746292,-13.3335006744444,-2.99999999499489));
#13264=CARTESIAN_POINT('',(25.0962923480867,-13.3351712548806,-2.83517125042582));
#13265=CARTESIAN_POINT('',(21.7454745274029,-13.3012071047188,-6.18626294888622));
#13266=CARTESIAN_POINT('',(24.9314770746257,-6.00000000000002,-2.99999999499489));
#13267=CARTESIAN_POINT('',(24.9314770746294,-8.95000000000034,-2.99999999499489));
#13268=CARTESIAN_POINT('',(23.1194367407655,-5.99999999999991,-4.81218843526294));
#13269=CARTESIAN_POINT('',(26.4313544777297,-12.0000000000001,-1.50000000000489));
#13270=CARTESIAN_POINT('Origin',(25.6813985736799,-12.7500000000003,-2.03949298781615));
#13271=CARTESIAN_POINT('',(24.9301345236935,-13.5000000000002,13.4264055733414));
#13272=CARTESIAN_POINT('',(25.155598239596,-13.2763397458124,-8.63933546751264));
#13273=CARTESIAN_POINT('',(26.4298424309418,-12.0000000000003,17.0002858456721));
#13274=CARTESIAN_POINT('',(26.431398571175,-12.0000000000003,-2.03943168936627));
#13275=CARTESIAN_POINT('',(24.9298424359517,-13.5000000000002,17.0001632487723));
#13276=CARTESIAN_POINT('',(25.4298424342814,-13.0000000000005,17.0002041144056));
#13277=CARTESIAN_POINT('',(24.9313985761847,-13.5000000000002,-2.03955428626602));
#13278=CARTESIAN_POINT('Origin',(24.9317018222585,-9.90000000000013,-5.74983659925767));
#13279=CARTESIAN_POINT('',(24.9298424359501,-36.0000000000013,17.0001632487718));
#13280=CARTESIAN_POINT('',(24.9298424359517,-13.0000000000008,17.0001632487723));
#13281=CARTESIAN_POINT('',(24.9308436439615,-36.0000000000009,4.75016333060179));
#13282=CARTESIAN_POINT('',(24.9309693697952,-36.0000000000009,3.21188014187769));
#13283=CARTESIAN_POINT('',(24.9308436439622,-26.6500000000004,4.750163330602));
#13284=CARTESIAN_POINT('',(24.930843643963,-13.0000000000004,4.75016333060235));
#13285=CARTESIAN_POINT('',(24.9317018222577,-26.6500000000001,-5.74983659925802));
#13286=CARTESIAN_POINT('',(24.9310581520854,-26.6500000000003,2.12560933092735));
#13287=CARTESIAN_POINT('',(24.9317018222577,-25.4933194846448,-5.749836599258));
#13288=CARTESIAN_POINT('',(24.9317018222585,-12.9000000000001,-5.74983659925767));
#13289=CARTESIAN_POINT('',(24.9309662408652,-25.4928364164904,3.25016329461095));
#13290=CARTESIAN_POINT('',(24.9313339973585,-25.493077928106,-1.24941817254107));
#13291=CARTESIAN_POINT('',(24.9306393157959,-25.4926503772406,7.25016332207834));
#13292=CARTESIAN_POINT('',(24.9311705393894,-25.4929526741523,0.750525981087541));
#13293=CARTESIAN_POINT('',(24.9300476837742,-25.4922860798517,14.4889110499274));
#13294=CARTESIAN_POINT('',(24.9308747209466,-25.4927953279513,4.36992959984036));
#13295=CARTESIAN_POINT('',(24.9300473377772,-22.5102664609033,14.4931444011675));
#13296=CARTESIAN_POINT('Origin',(24.9300876297512,-24.0005794266345,14.0001632587918));
#13297=CARTESIAN_POINT('',(24.9317018222579,-22.5088292951673,-5.74983659925792));
#13298=CARTESIAN_POINT('',(24.9320900823569,-22.5084920335503,-10.5002841875677));
#13299=CARTESIAN_POINT('',(24.931701822258,-20.9900294331694,-5.74983659925788));
#13300=CARTESIAN_POINT('',(24.9317018222585,-12.9000000000001,-5.74983659925767));
#13301=CARTESIAN_POINT('',(24.9300476063086,-20.9882216615992,14.4898588613154));
#13302=CARTESIAN_POINT('',(24.9308746738042,-20.9891255031477,4.37050640131757));
#13303=CARTESIAN_POINT('',(24.9300473476825,-18.0108096218193,14.4930232113743));
#13304=CARTESIAN_POINT('Origin',(24.9300876297512,-19.4989935188545,14.000163258792));
#13305=CARTESIAN_POINT('',(24.9317018222582,-18.009314126234,-5.7498365992578));
#13306=CARTESIAN_POINT('',(24.9320900702578,-18.0089631851085,-10.5001361496165));
#13307=CARTESIAN_POINT('',(24.9317018222583,-16.2863537467302,-5.74983659925776));
#13308=CARTESIAN_POINT('',(24.9317018222585,-12.9000000000001,-5.74983659925767));
#13309=CARTESIAN_POINT('',(24.930047606187,-16.4882235685169,14.4898603525286));
#13310=CARTESIAN_POINT('',(24.9308773169902,-16.3869710327105,4.33816644314381));
#13311=CARTESIAN_POINT('',(24.9300473477604,-13.5108113097833,14.4930222615981));
#13312=CARTESIAN_POINT('Origin',(24.9300876297512,-14.9989957188134,14.0001632587921));
#13313=CARTESIAN_POINT('',(24.9320914563006,-13.2573068175118,-10.5170946835876));
#13314=CARTESIAN_POINT('',(24.9300876297498,-34.5000000000011,14.0001632587916));
#13315=CARTESIAN_POINT('',(24.93008762975,-31.5000000000011,14.0001632587916));
#13316=CARTESIAN_POINT('Origin',(24.9300876297512,-33.0000000000011,14.0001632587916));
#13317=CARTESIAN_POINT('',(24.9305984501623,-31.5000000000009,7.75016332058175));
#13318=CARTESIAN_POINT('',(24.9311501362097,-31.5000000000007,1.00016336066172));
#13319=CARTESIAN_POINT('',(24.9305984501621,-34.5000000000009,7.75016332058165));
#13320=CARTESIAN_POINT('Origin',(24.9305984501635,-33.0000000000009,7.75016332058169));
#13321=CARTESIAN_POINT('',(24.9308947260034,-34.5000000000008,4.12516332976658));
#13322=CARTESIAN_POINT('',(24.9306393157958,-27.0088592465886,7.25016332203496));
#13323=CARTESIAN_POINT('',(24.9306393157956,-29.9905586317572,7.25016332216819));
#13324=CARTESIAN_POINT('Origin',(24.9306393232306,-28.4997089391729,7.25007236799573));
#13325=CARTESIAN_POINT('',(24.9300475116547,-29.9901200499831,14.4910169661334));
#13326=CARTESIAN_POINT('',(24.9308746172249,-29.9907330119464,4.37119865438037));
#13327=CARTESIAN_POINT('',(24.930047503674,-27.009273407162,14.4911146143038));
#13328=CARTESIAN_POINT('Origin',(24.9300876297512,-28.4996806473244,14.0001632587917));
#13329=CARTESIAN_POINT('',(24.931170609015,-27.0084874382119,0.749674095086051));
#13330=CARTESIAN_POINT('Origin',(24.9317018222585,-9.90000000000013,-5.74983659925767));
#13331=CARTESIAN_POINT('',(24.9317018222584,-13.3056281165622,-5.74983659925768));
#13332=CARTESIAN_POINT('',(24.9320914563006,-13.2573068175118,-10.5170946835876));
#13333=CARTESIAN_POINT('',(24.9317018222585,-13.0000000000001,-5.74983659925767));
#13334=CARTESIAN_POINT('',(24.9317018222585,-12.9000000000001,-5.74983659925767));
#13335=CARTESIAN_POINT('',(24.9317018222585,-12.9000000000001,-5.74983659925767));
#13336=CARTESIAN_POINT('',(24.9317018222585,-12.9000000000001,-5.74983659925767));
#13337=CARTESIAN_POINT('',(24.9317018222548,-6.00000000000002,-5.7498365992617));
#13338=CARTESIAN_POINT('',(24.9317018222585,-13.0000000000001,-5.74983659925767));
#13339=CARTESIAN_POINT('',(24.9298424359481,-6.00000000000002,17.0001632487683));
#13340=CARTESIAN_POINT('Origin',(21.9824578464907,-23.8546676872536,-0.59021095160535));
#13341=CARTESIAN_POINT('',(21.9824578464904,-25.2612129853799,-16.0500000000009));
#13342=CARTESIAN_POINT('',(21.9824578464905,-22.74077124003,-16.0500000000009));
#13343=CARTESIAN_POINT('',(21.9824578464901,-29.9273338436267,-16.050000000001));
#13344=CARTESIAN_POINT('Origin',(21.9824578464905,-24.0009921127061,-15.2497459136647));
#13345=CARTESIAN_POINT('Origin',(22.9824578431508,-25.4926503772406,7.25000409473864));
#13346=CARTESIAN_POINT('',(22.9817222614242,-25.4928364164904,3.25000398043122));
#13347=CARTESIAN_POINT('',(22.9824578431507,-25.4928364164904,3.25000404055125));
#13348=CARTESIAN_POINT('',(22.9813953363548,-25.4926503772406,7.25000400789862));
#13349=CARTESIAN_POINT('',(22.9814974765035,-25.4927085008855,6.00029685576367));
#13350=CARTESIAN_POINT('',(22.9824578431508,-25.4926503772406,7.25000409473864));
#13351=CARTESIAN_POINT('Origin',(22.9824578431507,-25.4928364164904,3.25000404055125));
#13352=CARTESIAN_POINT('',(22.9824578431505,-25.4933194848642,-5.75000000000092));
#13353=CARTESIAN_POINT('',(22.9824578431504,-25.4938293899252,-15.2499959815248));
#13354=CARTESIAN_POINT('',(22.9824578431505,-25.4933543881452,-6.40027993393137));
#13355=CARTESIAN_POINT('',(24.9324580219679,-25.4933194934185,-5.75000000000087));
#13356=CARTESIAN_POINT('',(21.1074578749685,-25.4933194766388,-5.7500000000008));
#13357=CARTESIAN_POINT('',(24.9324578431505,-25.4938293899252,-15.2498366055546));
#13358=CARTESIAN_POINT('',(24.9324578431508,-25.493077980128,-1.25038729724665));
#13359=CARTESIAN_POINT('',(22.9824578431504,-25.4938293899252,-15.2499959815248));
#13360=CARTESIAN_POINT('Origin',(22.9824578431509,-25.4922860798506,14.4887518709425));
#13361=CARTESIAN_POINT('',(22.9808037043331,-25.4922860798517,14.4887517357477));
#13362=CARTESIAN_POINT('',(22.9812016585287,-25.4925311201282,9.61969474825904));
#13363=CARTESIAN_POINT('',(22.9824578431509,-25.4922860798517,14.4887518709425));
#13364=CARTESIAN_POINT('Origin',(22.982457843151,-24.0005794266345,14.0000040765421));
#13365=CARTESIAN_POINT('',(22.9808033583361,-22.5102664609033,14.4929850869877));
#13366=CARTESIAN_POINT('Origin',(22.98084365031,-24.0005794266345,14.0000039446121));
#13367=CARTESIAN_POINT('',(22.9824578431511,-22.5102664609033,14.4929852222109));
#13368=CARTESIAN_POINT('Origin',(22.9824578431505,-22.5081548354868,-15.2499959801622));
#13369=CARTESIAN_POINT('',(22.9824578431505,-22.5081548354868,-15.2499959801622));
#13370=CARTESIAN_POINT('',(22.9824578431507,-22.5088292948771,-5.75000000000084));
#13371=CARTESIAN_POINT('',(22.9824578431505,-22.5081264710443,-15.6495190561988));
#13372=CARTESIAN_POINT('',(24.9324578431507,-22.5081548354868,-15.2498366041919));
#13373=CARTESIAN_POINT('',(22.9824578431505,-22.5081548354868,-15.2499959801622));
#13374=CARTESIAN_POINT('',(24.9324580219681,-22.5088292835621,-5.75000000000082));
#13375=CARTESIAN_POINT('',(24.9324578431508,-22.5084920979482,-10.499377090646));
#13376=CARTESIAN_POINT('',(21.1074577924054,-22.508829305757,-5.75000000000075));
#13377=CARTESIAN_POINT('Origin',(22.9824578431505,-22.5081548354868,-15.2499959801622));
#13378=CARTESIAN_POINT('',(22.9824170050664,-22.5088647688245,-5.25033706964701));
#13379=CARTESIAN_POINT('',(22.9820696194666,-22.5088292951673,-5.7499959451676));
#13380=CARTESIAN_POINT('Origin',(22.9824578431505,-24.0009921127061,-15.2496641823982));
#13381=CARTESIAN_POINT('',(22.9824578431504,-25.2611610814109,-16.0500000000009));
#13382=CARTESIAN_POINT('',(22.4824578448207,-25.261187033396,-16.0500000000009));
#13383=CARTESIAN_POINT('Origin',(22.9824578431504,-24.0009921127061,-15.2496641823982));
#13384=CARTESIAN_POINT('Origin',(24.9324578431506,-24.0009921127061,-15.249504806428));
#13385=CARTESIAN_POINT('',(22.9824578431505,-22.7408231440014,-16.0500000000009));
#13386=CARTESIAN_POINT('Origin',(22.9824578431504,-24.0009921127061,-15.2496641823982));
#13387=CARTESIAN_POINT('',(22.4824578448207,-22.7407971920163,-16.0500000000009));
#13388=CARTESIAN_POINT('Origin',(22.9824578431507,-25.4928364164904,3.25000404055125));
#13389=CARTESIAN_POINT('',(22.9828256336802,-25.4933194846448,-5.74999588337768));
#13390=CARTESIAN_POINT('',(22.9816609353513,-25.49279614267,4.00034195172514));
#13391=CARTESIAN_POINT('Origin',(2.8824578431498,-35.9999999999991,-16.0500000000009));
#13392=CARTESIAN_POINT('',(22.9824578431506,-20.7581601298498,-16.0500000000008));
#13393=CARTESIAN_POINT('',(22.9824578431497,-36.0000000000003,-16.0500000000012));
#13394=CARTESIAN_POINT('',(21.9824578464906,-20.758212079025,-16.0500000000008));
#13395=CARTESIAN_POINT('',(22.4824578448209,-20.7581861044373,-16.0500000000008));
#13396=CARTESIAN_POINT('',(21.9824578464908,-18.2412781645385,-16.0500000000007));
#13397=CARTESIAN_POINT('',(21.9824578464901,-29.9273338436267,-16.050000000001));
#13398=CARTESIAN_POINT('',(22.9824578431508,-18.2413301137131,-16.0500000000007));
#13399=CARTESIAN_POINT('',(22.4824578448208,-18.2413041391256,-16.0500000000008));
#13400=CARTESIAN_POINT('',(22.9824578431509,-15.9588834969091,-16.0500000000007));
#13401=CARTESIAN_POINT('',(22.9824578431497,-36.0000000000003,-16.0500000000012));
#13402=CARTESIAN_POINT('',(21.9824578464909,-15.9589354460619,-16.0500000000007));
#13403=CARTESIAN_POINT('',(22.482457844821,-15.9589094714854,-16.0500000000007));
#13404=CARTESIAN_POINT('',(21.9824578464911,-13.4420011073957,-16.0500000000006));
#13405=CARTESIAN_POINT('',(21.9824578464901,-29.9273338436267,-16.050000000001));
#13406=CARTESIAN_POINT('',(22.982457843151,-13.442053056548,-16.0500000000006));
#13407=CARTESIAN_POINT('',(22.482457844821,-13.4420270819717,-16.0500000000006));
#13408=CARTESIAN_POINT('',(22.9824578431511,-12.9999999999997,-16.0500000000006));
#13409=CARTESIAN_POINT('',(22.9824578431497,-36.0000000000003,-16.0500000000012));
#13410=CARTESIAN_POINT('',(19.1044787985497,-12.9999999999997,-16.0500000000006));
#13411=CARTESIAN_POINT('',(7.90726880177142,-12.9999999999989,-16.0500000000004));
#13412=CARTESIAN_POINT('',(12.932239743359,-21.8730129039084,-16.0500000000007));
#13413=CARTESIAN_POINT('',(7.98241417735606,-28.9887233821513,-16.0500000000008));
#13414=CARTESIAN_POINT('',(6.75970903054066,-12.9999999999993,-16.0500000000004));
#13415=CARTESIAN_POINT('',(11.5185776262489,-19.8408736095932,-16.0500000000006));
#13416=CARTESIAN_POINT('',(2.88245784315114,-12.9999999999986,-16.0500000000003));
#13417=CARTESIAN_POINT('',(7.90726880177142,-12.9999999999989,-16.0500000000004));
#13418=CARTESIAN_POINT('',(2.88245784315111,-13.4420530565468,-16.0500000000003));
#13419=CARTESIAN_POINT('',(2.8824578431498,-35.9999999999991,-16.0500000000009));
#13420=CARTESIAN_POINT('',(3.88245783981106,-13.4420011073947,-16.0500000000003));
#13421=CARTESIAN_POINT('',(3.38245784148059,-13.4420270819706,-16.0500000000003));
#13422=CARTESIAN_POINT('',(3.88245783981092,-15.9589354460609,-16.0500000000004));
#13423=CARTESIAN_POINT('',(3.8824578398101,-29.9273338436257,-16.0500000000007));
#13424=CARTESIAN_POINT('',(2.88245784315096,-15.9588834969079,-16.0500000000003));
#13425=CARTESIAN_POINT('',(3.3824578414803,-15.9589094714843,-16.0500000000004));
#13426=CARTESIAN_POINT('',(2.88245784315083,-18.241330113712,-16.0500000000004));
#13427=CARTESIAN_POINT('',(2.8824578431498,-35.9999999999991,-16.0500000000009));
#13428=CARTESIAN_POINT('',(3.88245783981078,-18.2412781645374,-16.0500000000004));
#13429=CARTESIAN_POINT('',(3.38245784148046,-18.2413041391245,-16.0500000000004));
#13430=CARTESIAN_POINT('',(3.88245783981064,-20.758212079024,-16.0500000000005));
#13431=CARTESIAN_POINT('',(3.8824578398101,-29.9273338436257,-16.0500000000007));
#13432=CARTESIAN_POINT('',(2.88245784315068,-20.7581601298486,-16.0500000000005));
#13433=CARTESIAN_POINT('',(3.38245784148016,-20.7581861044362,-16.0500000000005));
#13434=CARTESIAN_POINT('',(2.88245784315057,-22.7408231440002,-16.0500000000005));
#13435=CARTESIAN_POINT('',(2.8824578431498,-35.9999999999991,-16.0500000000009));
#13436=CARTESIAN_POINT('',(3.88245783981052,-22.740771240029,-16.0500000000006));
#13437=CARTESIAN_POINT('',(3.38245784148032,-22.7407971920152,-16.0500000000005));
#13438=CARTESIAN_POINT('',(3.88245783981038,-25.2612129853788,-16.0500000000006));
#13439=CARTESIAN_POINT('',(3.8824578398101,-29.9273338436257,-16.0500000000007));
#13440=CARTESIAN_POINT('',(2.88245784315042,-25.2611610814097,-16.0500000000006));
#13441=CARTESIAN_POINT('',(3.38245784148003,-25.2611870333949,-16.0500000000006));
#13442=CARTESIAN_POINT('',(2.88245784315031,-27.2311447786926,-16.0500000000006));
#13443=CARTESIAN_POINT('',(2.8824578431498,-35.9999999999991,-16.0500000000009));
#13444=CARTESIAN_POINT('',(3.88245783981026,-27.2310932514005,-16.0500000000007));
#13445=CARTESIAN_POINT('',(3.38245784148019,-27.2311190150466,-16.0500000000007));
#13446=CARTESIAN_POINT('',(3.88245783981011,-29.7689067485991,-16.0500000000007));
#13447=CARTESIAN_POINT('',(3.8824578398101,-29.9273338436257,-16.0500000000007));
#13448=CARTESIAN_POINT('',(2.88245784315016,-29.7688552213068,-16.0500000000007));
#13449=CARTESIAN_POINT('',(3.3824578414799,-29.768880984953,-16.0500000000007));
#13450=CARTESIAN_POINT('',(2.88245784315005,-31.7311447786927,-16.0500000000007));
#13451=CARTESIAN_POINT('',(2.8824578431498,-35.9999999999991,-16.0500000000009));
#13452=CARTESIAN_POINT('',(3.88245783981,-31.7310932514006,-16.0500000000008));
#13453=CARTESIAN_POINT('',(3.38245784148006,-31.7311190150466,-16.0500000000008));
#13454=CARTESIAN_POINT('',(3.88245783980985,-34.2689067485991,-16.0500000000008));
#13455=CARTESIAN_POINT('',(3.8824578398101,-29.9273338436257,-16.0500000000007));
#13456=CARTESIAN_POINT('',(2.8824578431499,-34.2688552213067,-16.0500000000008));
#13457=CARTESIAN_POINT('',(3.38245784147977,-34.2688809849529,-16.0500000000008));
#13458=CARTESIAN_POINT('',(2.8824578431498,-35.9999999999991,-16.0500000000009));
#13459=CARTESIAN_POINT('',(2.8824578431498,-35.9999999999991,-16.0500000000009));
#13460=CARTESIAN_POINT('',(6.75968087123962,-35.9999999999992,-16.0500000000009));
#13461=CARTESIAN_POINT('',(7.90745784315142,-35.9999999999994,-16.050000000001));
#13462=CARTESIAN_POINT('',(12.9322979279455,-27.126443693236,-16.0500000000008));
#13463=CARTESIAN_POINT('',(9.21382004676092,-32.4720082327206,-16.0500000000009));
#13464=CARTESIAN_POINT('',(19.1052066601408,-35.9999999999999,-16.0500000000011));
#13465=CARTESIAN_POINT('',(16.4599686381791,-32.1974703416161,-16.050000000001));
#13466=CARTESIAN_POINT('',(22.9824578431497,-36.0000000000003,-16.0500000000012));
#13467=CARTESIAN_POINT('',(7.90745784315142,-35.9999999999994,-16.050000000001));
#13468=CARTESIAN_POINT('',(22.9824578431498,-34.2688552213079,-16.0500000000012));
#13469=CARTESIAN_POINT('',(22.9824578431497,-36.0000000000003,-16.0500000000012));
#13470=CARTESIAN_POINT('',(21.9824578464899,-34.2689067486001,-16.0500000000012));
#13471=CARTESIAN_POINT('',(22.4824578448205,-34.268880984954,-16.0500000000012));
#13472=CARTESIAN_POINT('',(21.98245784649,-31.7310932514016,-16.0500000000011));
#13473=CARTESIAN_POINT('',(21.9824578464901,-29.9273338436267,-16.050000000001));
#13474=CARTESIAN_POINT('',(22.98245784315,-31.7311447786938,-16.0500000000011));
#13475=CARTESIAN_POINT('',(22.4824578448204,-31.7311190150477,-16.0500000000011));
#13476=CARTESIAN_POINT('',(22.9824578431501,-29.768855221308,-16.050000000001));
#13477=CARTESIAN_POINT('',(22.9824578431497,-36.0000000000003,-16.0500000000012));
#13478=CARTESIAN_POINT('',(21.9824578464901,-29.7689067486002,-16.050000000001));
#13479=CARTESIAN_POINT('',(22.4824578448206,-29.7688809849541,-16.050000000001));
#13480=CARTESIAN_POINT('',(21.9824578464903,-27.2310932514016,-16.050000000001));
#13481=CARTESIAN_POINT('',(21.9824578464901,-29.9273338436267,-16.050000000001));
#13482=CARTESIAN_POINT('',(22.9824578431502,-27.2311447786938,-16.050000000001));
#13483=CARTESIAN_POINT('',(22.4824578448206,-27.2311190150477,-16.050000000001));
#13484=CARTESIAN_POINT('',(22.9824578431497,-36.0000000000003,-16.0500000000012));
#13485=CARTESIAN_POINT('',(4.93245784753092,-33.3732427808511,-16.0500000000008));
#13486=CARTESIAN_POINT('',(4.93245784753152,-15.6266735721551,-16.0500000000004));
#13487=CARTESIAN_POINT('',(4.93245784753117,-25.8133367860772,-16.0500000000007));
#13488=CARTESIAN_POINT('',(11.1050317326259,-24.4997485362111,-16.0500000000007));
#13489=CARTESIAN_POINT('',(12.4598811744217,-26.4473446097217,-16.0500000000008));
#13490=CARTESIAN_POINT('',(3.98252322944203,-34.7388383206227,-16.0500000000009));
#13491=CARTESIAN_POINT('',(20.9324578431508,-16.9000000000001,-16.0500000000007));
#13492=CARTESIAN_POINT('',(20.93245784315,-33.3733264278442,-16.0500000000011));
#13493=CARTESIAN_POINT('',(20.9324578431499,-34.6866632139221,-16.0500000000011));
#13494=CARTESIAN_POINT('',(14.7595059386785,-24.4997080609333,-16.0500000000008));
#13495=CARTESIAN_POINT('',(15.5184760803178,-25.5907276400603,-16.0500000000008));
#13496=CARTESIAN_POINT('',(20.931701822261,-15.6267572191441,-16.0500000000007));
#13497=CARTESIAN_POINT('',(13.2135219939187,-26.7221649956746,-16.0500000000008));
#13498=CARTESIAN_POINT('',(20.9317018222622,-16.9000000000001,-16.0500000000007));
#13499=CARTESIAN_POINT('',(20.9317018222711,-26.4499999999912,-16.0500000000009));
#13500=CARTESIAN_POINT('',(11.9074578431507,-16.8999999999998,-16.0500000000005));
#13501=CARTESIAN_POINT('Origin',(22.9824578431497,-36.0000000000003,-16.0500000000012));
#13502=CARTESIAN_POINT('',(22.9824578431508,-20.9900294331694,-5.7500000000008));
#13503=CARTESIAN_POINT('',(22.9824578431499,-36.0000000000005,-5.75000000000118));
#13504=CARTESIAN_POINT('',(22.9824578431506,-20.9908779553201,-15.2499959805924));
#13505=CARTESIAN_POINT('',(22.9824578431509,-20.9895855957564,-0.78082044892137));
#13506=CARTESIAN_POINT('Origin',(22.9824578431507,-19.4997451217815,-15.2500820002039));
#13507=CARTESIAN_POINT('Origin',(22.9824578428173,-12.9,-5.74999591343737));
#13508=CARTESIAN_POINT('',(22.9824578431499,-36.0000000000005,-5.75000000000118));
#13509=CARTESIAN_POINT('',(22.9832849509588,-20.9900294331694,-5.74999584583698));
#13510=CARTESIAN_POINT('Origin',(19.2324578431499,-40.0000000000003,-5.75000000000102));
#13511=CARTESIAN_POINT('',(24.9324580219681,-20.9900294477695,-5.75000000000079));
#13512=CARTESIAN_POINT('',(24.932458021967,-40.0000000000006,-5.75000000000113));
#13513=CARTESIAN_POINT('',(21.1074579125309,-20.9900294198467,-5.75000000000072));
#13514=CARTESIAN_POINT('Origin',(2.88245784315089,-25.4922860798495,14.4887518709429));
#13515=CARTESIAN_POINT('',(2.88245775445239,-25.4922860798506,14.4887518709501));
#13516=CARTESIAN_POINT('',(2.88245784315089,-25.4922860798506,14.4887518709429));
#13517=CARTESIAN_POINT('',(2.88245778617687,-25.4926503772394,7.25000409474365));
#13518=CARTESIAN_POINT('',(2.8824577988001,-25.492795331852,4.36969282094192));
#13519=CARTESIAN_POINT('',(2.88245784315076,-25.4926503772394,7.250004094739));
#13520=CARTESIAN_POINT('Origin',(2.88245784315097,-24.0005794266334,14.0000040765425));
#13521=CARTESIAN_POINT('',(2.88245775443401,-22.5102664609022,14.4929852222185));
#13522=CARTESIAN_POINT('',(2.88245784315107,-22.5102664609022,14.4929852222112));
#13523=CARTESIAN_POINT('Origin',(2.88245775659445,-24.0005794266334,14.0000040765496));
#13524=CARTESIAN_POINT('Origin',(2.88245784315055,-22.5081548354857,-15.2499959801619));
#13525=CARTESIAN_POINT('',(0.93245784315061,-22.5081548354854,-15.2498366041915));
#13526=CARTESIAN_POINT('',(0.932457843150586,-22.5080572413869,-16.6244835534056));
#13527=CARTESIAN_POINT('',(2.8824578431506,-22.5081548354856,-15.2499959801619));
#13528=CARTESIAN_POINT('',(2.88245784315055,-22.5081548354856,-15.2499959801619));
#13529=CARTESIAN_POINT('',(2.88245784315076,-22.508829294876,-5.75000000000048));
#13530=CARTESIAN_POINT('',(2.88245784315068,-22.5084920991813,-10.4995190821564));
#13531=CARTESIAN_POINT('',(2.88245786396955,-22.5084920409647,-10.5003390831262));
#13532=CARTESIAN_POINT('Origin',(3.88245783981072,-23.8546676872526,-0.59021095160503));
#13533=CARTESIAN_POINT('Origin',(3.88245783981046,-24.0009921127051,-15.2497459136644));
#13534=CARTESIAN_POINT('Origin',(2.88245784315076,-25.4926503772394,7.250004094739));
#13535=CARTESIAN_POINT('',(2.88245780370723,-25.4928364164893,3.25000404055483));
#13536=CARTESIAN_POINT('',(2.88245781466244,-25.4929526774909,0.750294902329015));
#13537=CARTESIAN_POINT('',(2.88245784315069,-25.4928364164893,3.2500040405516));
#13538=CARTESIAN_POINT('Origin',(2.88245784315046,-24.000992112705,-15.2496641823978));
#13539=CARTESIAN_POINT('',(0.932457843150437,-25.4938293899238,-15.2498366055542));
#13540=CARTESIAN_POINT('Origin',(0.932457843150523,-24.0009921127048,-15.2495048064275));
#13541=CARTESIAN_POINT('',(2.88245784315042,-25.493829389924,-15.2499959815245));
#13542=CARTESIAN_POINT('',(2.88245784315038,-25.493829389924,-15.2499959815245));
#13543=CARTESIAN_POINT('Origin',(2.88245784315051,-24.000992112705,-15.2496641823978));
#13544=CARTESIAN_POINT('Origin',(2.88245784315051,-24.000992112705,-15.2496641823978));
#13545=CARTESIAN_POINT('Origin',(2.88245784315069,-25.4928364164893,3.2500040405516));
#13546=CARTESIAN_POINT('',(0.932457843150573,-25.4934067305222,-7.37530676824133));
#13547=CARTESIAN_POINT('',(2.88245784315059,-25.493319484863,-5.75000000000056));
#13548=CARTESIAN_POINT('',(2.88245782342743,-25.4930779325359,-1.24966001130126));
#13549=CARTESIAN_POINT('',(2.88245784315067,-25.4930779658106,-1.25027994876777));
#13550=CARTESIAN_POINT('Origin',(0.932457752212275,-9.899999999999,4.74999999123447));
#13551=CARTESIAN_POINT('',(0.932457799064039,-5.99999999999917,-5.74983659926167));
#13552=CARTESIAN_POINT('',(0.932457799064039,-5.99999999999917,-5.74983659926167));
#13553=CARTESIAN_POINT('',(0.93245779906769,-12.8999999999993,-5.74983659925765));
#13554=CARTESIAN_POINT('',(0.932457799067685,-9.99999999999875,-5.74983659925765));
#13555=CARTESIAN_POINT('',(0.932457664340551,-12.8999999999993,-5.75000000000019));
#13556=CARTESIAN_POINT('',(0.932457786725056,-12.8999999999988,-3.12496271966786));
#13557=CARTESIAN_POINT('',(0.932457664340717,-13.3056264596918,-5.75000000000023));
#13558=CARTESIAN_POINT('',(0.932457664339168,-39.9999999999993,-5.7500000000007));
#13559=CARTESIAN_POINT('',(0.932457796116028,-13.3105141230746,-5.26779539482173));
#13560=CARTESIAN_POINT('Origin',(2.88245784315131,-12.8999999999989,-5.75000000000024));
#13561=CARTESIAN_POINT('',(2.88245784315085,-20.9900294335332,-5.75000000000045));
#13562=CARTESIAN_POINT('',(2.88245784314998,-35.9999999999994,-5.75000000000083));
#13563=CARTESIAN_POINT('',(2.88245775444849,-20.9882216615981,14.4896996823445));
#13564=CARTESIAN_POINT('',(2.88245779879809,-20.9891255152956,4.37021113427754));
#13565=CARTESIAN_POINT('',(2.8824577544348,-18.0108096218181,14.4928640324245));
#13566=CARTESIAN_POINT('Origin',(2.88245775659472,-19.4989935188534,14.0000040765497));
#13567=CARTESIAN_POINT('',(2.88245784315102,-18.009314125931,-5.75000000000037));
#13568=CARTESIAN_POINT('',(2.88245786396915,-18.0089631931432,-10.5001867222839));
#13569=CARTESIAN_POINT('',(2.88245784315112,-16.2863537059698,-5.75000000000033));
#13570=CARTESIAN_POINT('',(2.88245784314998,-35.9999999999994,-5.75000000000083));
#13571=CARTESIAN_POINT('',(2.88245775444875,-16.4882235685157,14.4897011735577));
#13572=CARTESIAN_POINT('',(2.88245779887394,-16.3871202171494,4.35296459736715));
#13573=CARTESIAN_POINT('',(2.88245775443506,-13.5108113097821,14.4928630826483));
#13574=CARTESIAN_POINT('Origin',(2.88245775659498,-14.9989957188122,14.0000040765498));
#13575=CARTESIAN_POINT('',(2.8824578431513,-13.3056280751394,-5.75000000000025));
#13576=CARTESIAN_POINT('',(2.88245786397761,-13.2574608910805,-10.5020535178141));
#13577=CARTESIAN_POINT('',(2.88245784315131,-12.9999999999989,-5.75000000021944));
#13578=CARTESIAN_POINT('',(2.88245784314998,-35.9999999999994,-5.75000000000083));
#13579=CARTESIAN_POINT('',(2.88245784315132,-12.8999999999994,-5.75000000000024));
#13580=CARTESIAN_POINT('',(2.88245784314998,-35.9999999999994,-5.75000000000083));
#13581=CARTESIAN_POINT('',(2.8824578431506,-12.8999999999989,-5.74983659925767));
#13582=CARTESIAN_POINT('',(2.88245780863824,-12.8999999999991,2.12503728887818));
#13583=CARTESIAN_POINT('',(2.88245784315059,-12.9999999999989,-5.74983659925767));
#13584=CARTESIAN_POINT('',(2.88245784315059,-12.9499999999989,-5.74983659925767));
#13585=CARTESIAN_POINT('',(2.88245779713409,-12.9999999999992,4.74999999978053));
#13586=CARTESIAN_POINT('',(2.88245783164701,-12.9999999999989,-3.12500015544959));
#13587=CARTESIAN_POINT('',(2.8824577971341,-12.8999999999991,4.74999999978053));
#13588=CARTESIAN_POINT('',(2.88245774345297,-36.,16.9983612880918));
#13589=CARTESIAN_POINT('',(2.88245774345452,-12.9999999999995,16.9983612880923));
#13590=CARTESIAN_POINT('',(2.88245779713255,-35.9999999999997,4.74999999977996));
#13591=CARTESIAN_POINT('',(2.88245780387601,-35.9999999999996,3.21130812253315));
#13592=CARTESIAN_POINT('',(2.8824577971333,-26.6499999999991,4.74999999978017));
#13593=CARTESIAN_POINT('',(2.88245779713409,-12.9999999999992,4.74999999978053));
#13594=CARTESIAN_POINT('',(2.88245784315052,-26.6499999999989,-5.7500000000006));
#13595=CARTESIAN_POINT('',(2.88245780863744,-26.649999999999,2.12503728887782));
#13596=CARTESIAN_POINT('',(2.88245784314998,-35.9999999999994,-5.75000000000083));
#13597=CARTESIAN_POINT('',(2.88245778617678,-27.0088592465874,7.25000409470027));
#13598=CARTESIAN_POINT('',(2.8824577861766,-29.990558631756,7.2500040948335));
#13599=CARTESIAN_POINT('Origin',(2.88245778617709,-28.4997089391717,7.24991314066046));
#13600=CARTESIAN_POINT('',(2.88245775444289,-29.9901200499819,14.4908577871702));
#13601=CARTESIAN_POINT('',(2.88245779879434,-29.9907330175722,4.37094650884785));
#13602=CARTESIAN_POINT('',(2.88245775444264,-27.0092734071608,14.4909554353413));
#13603=CARTESIAN_POINT('Origin',(2.88245775659419,-28.4996806473233,14.0000040765495));
#13604=CARTESIAN_POINT('',(2.8824578146654,-27.0084874430011,0.749598576519887));
#13605=CARTESIAN_POINT('',(2.88245775659384,-34.4999999999999,14.0000040765493));
#13606=CARTESIAN_POINT('',(2.88245775659402,-31.4999999999999,14.0000040765494));
#13607=CARTESIAN_POINT('Origin',(2.88245775659393,-32.9999999999999,14.0000040765493));
#13608=CARTESIAN_POINT('',(2.88245778398522,-31.4999999999997,7.75000409658724));
#13609=CARTESIAN_POINT('',(2.88245781356773,-31.4999999999995,1.00000204829081));
#13610=CARTESIAN_POINT('',(2.88245778398505,-34.4999999999997,7.75000409658717));
#13611=CARTESIAN_POINT('Origin',(2.88245778398513,-32.9999999999997,7.7500040965872));
#13612=CARTESIAN_POINT('',(2.88245779987195,-34.4999999999996,4.12500203827068));
#13613=CARTESIAN_POINT('Origin',(2.88245784314998,-35.9999999999994,-5.75000000000083));
#13614=CARTESIAN_POINT('',(2.88245784315069,-20.9908779553189,-15.249995980592));
#13615=CARTESIAN_POINT('Origin',(2.88245784315077,-19.4997451217803,-15.2500820002036));
#13616=CARTESIAN_POINT('',(2.88245784315102,-20.9891256074384,4.3691795099937));
#13617=CARTESIAN_POINT('Origin',(22.9824578431503,-27.0000000000009,-15.249995980238));
#13618=CARTESIAN_POINT('',(24.9324578431506,-27.0000000000011,-7.99983662096782));
#13619=CARTESIAN_POINT('',(24.9324578431505,-27.0000000000009,-15.2498366042677));
#13620=CARTESIAN_POINT('',(24.9324578431505,-27.000000000001,-10.4999979901194));
#13621=CARTESIAN_POINT('',(22.9824578431504,-27.0000000000011,-7.99999599693804));
#13622=CARTESIAN_POINT('',(22.9824578431504,-27.0000000000011,-7.99999599693804));
#13623=CARTESIAN_POINT('',(22.9824578431503,-27.0000000000009,-15.249995980238));
#13624=CARTESIAN_POINT('',(22.9824578431503,-27.0000000000009,-15.6499979901195));
#13625=CARTESIAN_POINT('',(22.9824578431503,-27.0000000000009,-15.249995980238));
#13626=CARTESIAN_POINT('Origin',(22.9824578431503,-28.5000000000011,-7.99999599693807));
#13627=CARTESIAN_POINT('',(24.9324578431504,-30.0000000000011,-7.9998366209679));
#13628=CARTESIAN_POINT('Origin',(24.9324578431505,-28.5000000000011,-7.99983662096785));
#13629=CARTESIAN_POINT('',(22.9824578431502,-30.0000000000011,-7.99999599693811));
#13630=CARTESIAN_POINT('',(22.9824578431502,-30.0000000000011,-7.99999599693811));
#13631=CARTESIAN_POINT('Origin',(22.9824578431503,-28.5000000000011,-7.99999599693807));
#13632=CARTESIAN_POINT('Origin',(21.9824578464907,-23.8546676872536,-0.590210951605332));
#13633=CARTESIAN_POINT('Origin',(21.9824578464902,-28.5000000000009,-15.2500777115045));
#13634=CARTESIAN_POINT('Origin',(22.9824578431502,-28.5000000000009,-15.249995980238));
#13635=CARTESIAN_POINT('',(24.9324578431503,-30.0000000000009,-15.2498366042678));
#13636=CARTESIAN_POINT('Origin',(24.9324578431504,-28.5000000000009,-15.2498366042678));
#13637=CARTESIAN_POINT('Origin',(22.9824578431502,-28.5000000000009,-15.249995980238));
#13638=CARTESIAN_POINT('',(22.9824578431501,-30.0000000000009,-15.249995980238));
#13639=CARTESIAN_POINT('Origin',(22.9824578431502,-28.5000000000009,-15.249995980238));
#13640=CARTESIAN_POINT('',(22.9824578431501,-30.0000000000009,-15.249995980238));
#13641=CARTESIAN_POINT('Origin',(22.9824578431502,-30.0000000000011,-7.99999599693811));
#13642=CARTESIAN_POINT('',(24.9324578431504,-30.0000000000011,-6.87499799846951));
#13643=CARTESIAN_POINT('',(22.9824578431502,-30.000000000001,-12.0249979984696));
#13644=CARTESIAN_POINT('Origin',(22.9824578431497,-36.0000000000003,-16.0500000000012));
#13645=CARTESIAN_POINT('',(22.98245784315,-31.5000000000009,-15.249995980238));
#13646=CARTESIAN_POINT('Origin',(22.9824578431499,-33.0000000000009,-15.249995980238));
#13647=CARTESIAN_POINT('',(22.9824578431501,-31.5000000000011,-7.99999599693804));
#13648=CARTESIAN_POINT('',(22.98245784315,-31.5000000000008,-15.6499979901195));
#13649=CARTESIAN_POINT('',(22.98245784315,-34.5000000000011,-7.99999599693811));
#13650=CARTESIAN_POINT('Origin',(22.9824578431501,-33.0000000000011,-7.99999599693807));
#13651=CARTESIAN_POINT('',(22.9824578431498,-34.5000000000009,-15.249995980238));
#13652=CARTESIAN_POINT('',(22.9824578431499,-34.5000000000009,-12.0249979984696));
#13653=CARTESIAN_POINT('Origin',(22.9824578431499,-33.0000000000009,-15.249995980238));
#13654=CARTESIAN_POINT('',(22.9824578431499,-36.0000000000005,-5.75000000000118));
#13655=CARTESIAN_POINT('',(22.9824578431499,-36.0000000000005,-7.18869185533498));
#13656=CARTESIAN_POINT('',(22.9824578431505,-26.65,-5.75000000000095));
#13657=CARTESIAN_POINT('',(22.9824578431499,-36.0000000000005,-5.75000000000118));
#13658=CARTESIAN_POINT('',(22.9824578431499,-36.0000000000005,-5.75000000000118));
#13659=CARTESIAN_POINT('Origin',(22.9824578431507,-28.4996806473244,14.000004076542));
#13660=CARTESIAN_POINT('',(22.9808035242329,-27.009273407162,14.4909553001241));
#13661=CARTESIAN_POINT('',(22.9808035322136,-29.9901200499831,14.4908576519536));
#13662=CARTESIAN_POINT('Origin',(22.98084365031,-28.4996806473244,14.000003944612));
#13663=CARTESIAN_POINT('',(22.9824578431508,-27.009273407162,14.4909554353337));
#13664=CARTESIAN_POINT('',(22.9824578431506,-29.9901200499831,14.4908577871626));
#13665=CARTESIAN_POINT('Origin',(22.9824578431506,-29.9901200499841,14.4908577871626));
#13666=CARTESIAN_POINT('',(22.9813953363545,-29.9905586317572,7.25000400798846));
#13667=CARTESIAN_POINT('',(22.9812015560634,-29.9904150225835,9.62094843019356));
#13668=CARTESIAN_POINT('',(22.9824578431505,-29.9905586317572,7.25000409482849));
#13669=CARTESIAN_POINT('Origin',(22.9824578431506,-28.4997089391729,7.24991314065544));
#13670=CARTESIAN_POINT('',(22.9813953363547,-27.0088592465886,7.25000400785524));
#13671=CARTESIAN_POINT('Origin',(22.9813953437894,-28.4997089391729,7.24991305381602));
#13672=CARTESIAN_POINT('',(22.9824578431507,-27.0088592465886,7.25000409469526));
#13673=CARTESIAN_POINT('Origin',(22.9824578431507,-27.0088592465886,7.25000409469526));
#13674=CARTESIAN_POINT('',(22.9814975334154,-27.0087877272808,5.99960052413579));
#13675=CARTESIAN_POINT('Origin',(22.9824578431507,-19.4997451217815,-15.2500820002039));
#13676=CARTESIAN_POINT('Origin',(21.9824578464907,-19.4997451217815,-15.2501637314704));
#13677=CARTESIAN_POINT('',(24.9324578431508,-20.9908779553201,-15.2498366046222));
#13678=CARTESIAN_POINT('',(22.9824578431506,-20.9908779553201,-15.2499959805924));
#13679=CARTESIAN_POINT('',(24.932457843151,-18.0086122882428,-15.2498366043117));
#13680=CARTESIAN_POINT('Origin',(24.9324578431509,-19.4997451217815,-15.2499226242337));
#13681=CARTESIAN_POINT('',(22.9824578431508,-18.0086122882429,-15.2499959802819));
#13682=CARTESIAN_POINT('',(22.9824578431508,-18.0086122882429,-15.2499959802819));
#13683=CARTESIAN_POINT('Origin',(22.9824578431507,-19.4997451217815,-15.2500820002039));
#13684=CARTESIAN_POINT('Origin',(22.9824578431508,-18.0086122882429,-15.2499959802819));
#13685=CARTESIAN_POINT('',(24.9324580219683,-18.0093141141578,-5.75000000000074));
#13686=CARTESIAN_POINT('',(24.9324578431511,-18.0089632553248,-10.4991856796878));
#13687=CARTESIAN_POINT('',(22.982457843151,-18.009314126234,-5.75000000000073));
#13688=CARTESIAN_POINT('',(21.1074577767614,-18.0093141372536,-5.75000000000067));
#13689=CARTESIAN_POINT('',(22.9824578431508,-18.0085827861191,-15.6493334069451));
#13690=CARTESIAN_POINT('Origin',(22.9824578431508,-18.0086122882429,-15.2499959802819));
#13691=CARTESIAN_POINT('',(22.9808033682414,-18.0108096218193,14.4928638971946));
#13692=CARTESIAN_POINT('',(22.9824578431513,-18.0108096218193,14.4928640324169));
#13693=CARTESIAN_POINT('',(22.9824169926142,-18.0093510511277,-5.25018471099673));
#13694=CARTESIAN_POINT('',(22.9820696194667,-18.009314126234,-5.74999594516749));
#13695=CARTESIAN_POINT('Origin',(22.9824578431511,-20.9882216615992,14.4896996823369));
#13696=CARTESIAN_POINT('',(24.9324578431511,-20.9891256376301,4.36900087375505));
#13697=CARTESIAN_POINT('Origin',(21.9824578464907,-23.8546676872536,-0.590210951605332));
#13698=CARTESIAN_POINT('Origin',(22.9824578431511,-20.9882216615992,14.4896996823369));
#13699=CARTESIAN_POINT('',(22.9808036268675,-20.9882216615992,14.4896995471357));
#13700=CARTESIAN_POINT('',(22.9812016161689,-20.9886565949854,9.62021303300514));
#13701=CARTESIAN_POINT('',(22.9824578431511,-20.9882216615992,14.4896996823369));
#13702=CARTESIAN_POINT('Origin',(22.9824578431512,-19.4989935188545,14.0000040765423));
#13703=CARTESIAN_POINT('Origin',(22.98084365031,-19.4989935188545,14.0000039446123));
#13704=CARTESIAN_POINT('Origin',(24.9324578431499,-40.0000000000006,-5.75000000000113));
#13705=CARTESIAN_POINT('',(24.932458021967,-40.0000000000006,-5.75000000000113));
#13706=CARTESIAN_POINT('',(24.932458021967,-40.0000000000006,-5.75000000000113));
#13707=CARTESIAN_POINT('',(24.9324578431497,-40.0000000000003,-18.0000000000011));
#13708=CARTESIAN_POINT('',(24.9324578431503,-40.0000000000013,19.9999999999989));
#13709=CARTESIAN_POINT('',(24.932457843151,-12.9000000000003,-18.0000000000006));
#13710=CARTESIAN_POINT('',(24.9324578431497,-40.0000000000003,-18.0000000000011));
#13711=CARTESIAN_POINT('',(24.9324580219684,-12.9000000000007,-5.75000000000063));
#13712=CARTESIAN_POINT('',(24.9324578431511,-12.9000000000004,-14.9375000000007));
#13713=CARTESIAN_POINT('',(24.9324580219686,-13.3056264596931,-5.75000000000065));
#13714=CARTESIAN_POINT('',(24.932458021967,-40.0000000000006,-5.75000000000113));
#13715=CARTESIAN_POINT('',(24.9324578431513,-13.2093353769995,-15.24983660431));
#13716=CARTESIAN_POINT('',(24.9324578431513,-13.2588512607729,-10.3647237568264));
#13717=CARTESIAN_POINT('',(24.9324578431511,-16.1916011764576,-15.2498366046223));
#13718=CARTESIAN_POINT('Origin',(24.9324578431512,-14.7004682767285,-15.2499228345156));
#13719=CARTESIAN_POINT('',(24.9324580219684,-16.2863521163621,-5.75000000000071));
#13720=CARTESIAN_POINT('',(24.9324578431514,-16.3884664445336,4.48809825627318));
#13721=CARTESIAN_POINT('',(24.932458021967,-40.0000000000006,-5.75000000000113));
#13722=CARTESIAN_POINT('',(24.9324578431502,-31.5000000000009,-15.2498366042677));
#13723=CARTESIAN_POINT('',(24.93245784315,-34.5000000000009,-15.2498366042678));
#13724=CARTESIAN_POINT('Origin',(24.9324578431501,-33.0000000000009,-15.2498366042678));
#13725=CARTESIAN_POINT('',(24.9324578431502,-34.5000000000011,-7.9998366209679));
#13726=CARTESIAN_POINT('',(24.9324578431502,-34.5000000000011,-6.87499799846957));
#13727=CARTESIAN_POINT('',(24.9324578431503,-31.500000000001,-7.99983662096782));
#13728=CARTESIAN_POINT('Origin',(24.9324578431502,-33.0000000000011,-7.99983662096785));
#13729=CARTESIAN_POINT('',(24.9324578431503,-31.500000000001,-10.4999979901195));
#13730=CARTESIAN_POINT('Origin',(22.9824578428173,-12.9,-5.74999591343737));
#13731=CARTESIAN_POINT('',(18.9321053857707,-26.6499999999998,-5.75032695387495));
#13732=CARTESIAN_POINT('',(22.9824578431499,-36.0000000000005,-5.75000000000118));
#13733=CARTESIAN_POINT('Origin',(22.9824578428173,-12.9,-5.74999591343737));
#13734=CARTESIAN_POINT('',(22.9824578431511,-16.286353705971,-5.75000000000068));
#13735=CARTESIAN_POINT('',(22.9824578431499,-36.0000000000005,-5.75000000000118));
#13736=CARTESIAN_POINT('',(22.9832849510199,-16.2863537467302,-5.74999584583685));
#13737=CARTESIAN_POINT('Origin',(22.9824578431497,-36.0000000000003,-16.0500000000012));
#13738=CARTESIAN_POINT('',(22.9824578431499,-36.0000000000005,-5.75000000000118));
#13739=CARTESIAN_POINT('',(22.9824578431509,-16.1916011764576,-15.2499959805925));
#13740=CARTESIAN_POINT('',(22.9824578431511,-16.3369083369072,-0.681335414887258));
#13741=CARTESIAN_POINT('Origin',(22.982457843151,-14.7004682767285,-15.2500822104858));
#13742=CARTESIAN_POINT('Origin',(22.9815996645218,-12.9000000000003,4.75000401642266));
#13743=CARTESIAN_POINT('',(22.981599664521,-26.6500000000003,4.7500040164223));
#13744=CARTESIAN_POINT('',(22.9822432619589,-26.6500000000001,-3.12455199146395));
#13745=CARTESIAN_POINT('',(22.9815996645202,-36.0000000000008,4.75000401642209));
#13746=CARTESIAN_POINT('',(22.9815996645218,-13.0000000000003,4.75000401642266));
#13747=CARTESIAN_POINT('',(22.9805984565089,-36.0000000000011,17.0000039345921));
#13748=CARTESIAN_POINT('',(22.9812247863482,-36.0000000000009,9.33672078678303));
#13749=CARTESIAN_POINT('',(22.9805984565105,-12.0000000000001,17.0000039345927));
#13750=CARTESIAN_POINT('',(22.9805984565104,-13.0000000000006,17.0000039345926));
#13751=CARTESIAN_POINT('',(22.9815996645219,-12.0000000000001,4.75000401642268));
#13752=CARTESIAN_POINT('',(22.981725507596,-12.0000000000001,3.2102863644843));
#13753=CARTESIAN_POINT('',(22.9815996645218,-13.0000000000003,4.75000401642266));
#13754=CARTESIAN_POINT('',(22.9815996645218,-12.9000000000003,4.75000401642266));
#13755=CARTESIAN_POINT('',(22.9824578297963,-13.,-5.74983659925767));
#13756=CARTESIAN_POINT('',(22.9815639037572,-12.9999999999993,5.18754482569314));
#13757=CARTESIAN_POINT('',(22.9824578297963,-12.9,-5.74983659925767));
#13758=CARTESIAN_POINT('',(22.9824578297963,-12.95,-5.74983659925767));
#13759=CARTESIAN_POINT('',(22.9824578431513,-12.9000000000005,-5.7500000000006));
#13760=CARTESIAN_POINT('',(22.9822432619596,-12.9000000000001,-3.1245519914636));
#13761=CARTESIAN_POINT('',(22.9824578431512,-13.,-5.7500000000006));
#13762=CARTESIAN_POINT('',(22.9824578431499,-36.0000000000005,-5.75000000000118));
#13763=CARTESIAN_POINT('',(22.9824578431512,-13.3056280751405,-5.75000000000061));
#13764=CARTESIAN_POINT('',(22.9824578431499,-36.0000000000005,-5.75000000000118));
#13765=CARTESIAN_POINT('',(22.9808033683193,-13.5108113097833,14.4928629474184));
#13766=CARTESIAN_POINT('',(22.9824171892679,-13.310669853431,-5.2525908080537));
#13767=CARTESIAN_POINT('',(22.9808036267459,-16.4882235685169,14.4897010383489));
#13768=CARTESIAN_POINT('Origin',(22.9808436503099,-14.9989957188134,14.0000039446124));
#13769=CARTESIAN_POINT('',(22.9812030684285,-16.4394782911086,9.60244432092024));
#13770=CARTESIAN_POINT('',(22.9808436503089,-31.5000000000011,14.0000039446119));
#13771=CARTESIAN_POINT('',(22.9808436503087,-34.5000000000011,14.0000039446118));
#13772=CARTESIAN_POINT('Origin',(22.98084365031,-33.0000000000011,14.0000039446119));
#13773=CARTESIAN_POINT('',(22.981354470721,-34.5000000000009,7.75000400640195));
#13774=CARTESIAN_POINT('',(22.9812216574146,-34.5000000000009,9.37500398051694));
#13775=CARTESIAN_POINT('',(22.9813544707212,-31.5000000000009,7.75000400640202));
#13776=CARTESIAN_POINT('Origin',(22.9813544707223,-33.0000000000009,7.75000400640198));
#13777=CARTESIAN_POINT('',(22.981477067621,-31.5000000000008,6.25000401141207));
#13778=CARTESIAN_POINT('Origin',(19.2324578431499,-40.0000000000003,-5.75000000000102));
#13779=CARTESIAN_POINT('',(19.2324578431501,-36.0000000000003,-5.7500000000009));
#13780=CARTESIAN_POINT('',(16.0824578431517,-36.0000000000002,-5.75000000000085));
#13781=CARTESIAN_POINT('',(19.2324578431499,-40.0000000000003,-5.75000000000102));
#13782=CARTESIAN_POINT('',(19.2324578431499,-40.0000000000003,-5.75000000000102));
#13783=CARTESIAN_POINT('',(22.9824578431499,-40.0000000000005,-5.75000000000109));
#13784=CARTESIAN_POINT('',(19.2324578431499,-40.0000000000003,-5.75000000000102));
#13785=CARTESIAN_POINT('',(22.9824578431498,-41.029862043785,-5.75000000000113));
#13786=CARTESIAN_POINT('',(22.9824578431499,-40.0000000000005,-5.75000000000109));
#13787=CARTESIAN_POINT('Ctrl Pts',(24.9324578431499,-40.0000000000006,-5.75000000000113));
#13788=CARTESIAN_POINT('Ctrl Pts',(24.315662781028,-40.4008631281409,-5.75000000000113));
#13789=CARTESIAN_POINT('Ctrl Pts',(23.704925493001,-40.7409998585223,-5.75000000000113));
#13790=CARTESIAN_POINT('Ctrl Pts',(22.9824578431498,-41.0298620437851,-5.75000000000112));
#13791=CARTESIAN_POINT('Origin',(22.98245784315,-31.5000000000009,-15.249995980238));
#13792=CARTESIAN_POINT('',(22.9824578431502,-31.5000000000011,-7.99999599693804));
#13793=CARTESIAN_POINT('',(22.98245784315,-31.5000000000009,-15.249995980238));
#13794=CARTESIAN_POINT('Origin',(22.9824578431501,-33.0000000000011,-7.99999599693807));
#13795=CARTESIAN_POINT('',(22.98245784315,-34.5000000000011,-7.99999599693811));
#13796=CARTESIAN_POINT('Origin',(21.9824578464907,-23.8546676872536,-0.590210951605332));
#13797=CARTESIAN_POINT('Origin',(21.9824578464899,-33.0000000000009,-15.2500777115045));
#13798=CARTESIAN_POINT('Origin',(22.9824578431499,-33.0000000000009,-15.249995980238));
#13799=CARTESIAN_POINT('',(22.9824578431499,-34.5000000000009,-15.249995980238));
#13800=CARTESIAN_POINT('Origin',(22.98245784315,-34.500000000001,-7.99999599693811));
#13801=CARTESIAN_POINT('Origin',(22.9824578431511,-13.2093353769995,-15.2499959802802));
#13802=CARTESIAN_POINT('',(21.1074468257689,-13.3056296284643,-5.75000000000058));
#13803=CARTESIAN_POINT('',(22.9824578431511,-13.2093353769995,-15.2499959802802));
#13804=CARTESIAN_POINT('',(22.9824578431511,-13.2064519790272,-15.534464789186));
#13805=CARTESIAN_POINT('',(22.9824578431511,-13.2093353769995,-15.2499959802802));
#13806=CARTESIAN_POINT('Origin',(22.9824578431511,-13.2093353769995,-15.2499959802802));
#13807=CARTESIAN_POINT('',(22.9824578431516,-13.5108113097833,14.4928630826407));
#13808=CARTESIAN_POINT('',(22.9820696194668,-13.3056281165622,-5.74999594516736));
#13809=CARTESIAN_POINT('Origin',(22.9824578431514,-16.4882235685169,14.4897011735501));
#13810=CARTESIAN_POINT('',(22.9824578431509,-16.1916011764576,-15.2499959805925));
#13811=CARTESIAN_POINT('',(21.1074480953792,-16.2863552344489,-5.75000000000063));
#13812=CARTESIAN_POINT('Origin',(22.982457843151,-14.7004682767285,-15.2500822104858));
#13813=CARTESIAN_POINT('Origin',(22.982457843151,-14.7004682767285,-15.2500822104858));
#13814=CARTESIAN_POINT('Origin',(21.982457846491,-14.7004682767285,-15.2501639417523));
#13815=CARTESIAN_POINT('Origin',(21.9824578464907,-23.8546676872536,-0.590210951605332));
#13816=CARTESIAN_POINT('Origin',(22.9824578431514,-16.4882235685169,14.4897011735501));
#13817=CARTESIAN_POINT('',(22.9824578431514,-16.4882235685169,14.4897011735501));
#13818=CARTESIAN_POINT('Origin',(22.9824578431515,-14.9989957188134,14.0000040765424));
#13819=CARTESIAN_POINT('Origin',(22.9824578428173,-12.9,-5.74999591343737));
#13820=CARTESIAN_POINT('',(17.9574833795688,-12.9999999999997,-5.7504066109658));
#13821=CARTESIAN_POINT('Origin',(19.2324578431499,-40.0000000000003,-5.75000000000102));
#13822=CARTESIAN_POINT('Origin',(3.88245783981072,-23.8546676872526,-0.590210951605012));
#13823=CARTESIAN_POINT('Origin',(3.88245783981072,-19.4997451217804,-15.2501637314701));
#13824=CARTESIAN_POINT('Origin',(2.88245784315073,-19.4997451217803,-15.2500820002036));
#13825=CARTESIAN_POINT('',(2.88245784315086,-18.0086122882417,-15.2499959802816));
#13826=CARTESIAN_POINT('Origin',(2.88245784315077,-19.4997451217803,-15.2500820002036));
#13827=CARTESIAN_POINT('',(0.932457843150871,-18.0086122882415,-15.2498366043113));
#13828=CARTESIAN_POINT('',(2.88245784315082,-18.0086122882417,-15.2499959802816));
#13829=CARTESIAN_POINT('',(0.932457843150698,-20.9908779553187,-15.2498366046218));
#13830=CARTESIAN_POINT('Origin',(0.932457843150784,-19.4997451217801,-15.2499226242333));
#13831=CARTESIAN_POINT('',(2.88245784315064,-20.9908779553189,-15.249995980592));
#13832=CARTESIAN_POINT('Origin',(2.88245784315115,-20.9882216615981,14.4896996823373));
#13833=CARTESIAN_POINT('',(0.932457843150932,-20.9896726991459,-1.75586510020128));
#13834=CARTESIAN_POINT('',(2.88245784315115,-20.9882216615981,14.4896996823373));
#13835=CARTESIAN_POINT('Origin',(2.88245784315123,-19.4989935188534,14.0000040765426));
#13836=CARTESIAN_POINT('',(2.88245784315133,-18.0108096218181,14.4928640324173));
#13837=CARTESIAN_POINT('Origin',(2.88245784315082,-18.0086122882417,-15.2499959802816));
#13838=CARTESIAN_POINT('',(2.88245784315094,-18.0089632561821,-10.499333435053));
#13839=CARTESIAN_POINT('',(0.932457843150847,-18.0085107463321,-16.6242964627812));
#13840=CARTESIAN_POINT('Origin',(2.88245784314998,-35.9999999999994,-5.75000000000083));
#13841=CARTESIAN_POINT('',(2.88245784314998,-35.9999999999994,-5.75000000000083));
#13842=CARTESIAN_POINT('',(2.88245784314998,-35.9999999999994,-5.75000000000083));
#13843=CARTESIAN_POINT('',(2.88245784315004,-35.9999999999995,-2.03869185533462));
#13844=CARTESIAN_POINT('',(2.8824578431499,-34.4999999999997,-15.2499959802377));
#13845=CARTESIAN_POINT('Origin',(2.88245784314999,-32.9999999999997,-15.2499959802376));
#13846=CARTESIAN_POINT('',(2.88245784315003,-34.4999999999999,-7.99999599693777));
#13847=CARTESIAN_POINT('',(2.88245784315004,-34.4999999999999,-6.87499799846928));
#13848=CARTESIAN_POINT('',(2.8824578431502,-31.4999999999999,-7.9999959969377));
#13849=CARTESIAN_POINT('Origin',(2.88245784315011,-32.9999999999999,-7.99999599693773));
#13850=CARTESIAN_POINT('',(2.88245784315007,-31.4999999999997,-15.2499959802376));
#13851=CARTESIAN_POINT('',(2.88245784315016,-31.4999999999998,-10.4999979901192));
#13852=CARTESIAN_POINT('Origin',(2.88245784314999,-32.9999999999997,-15.2499959802376));
#13853=CARTESIAN_POINT('',(2.88245784315016,-29.9999999999997,-15.2499959802377));
#13854=CARTESIAN_POINT('Origin',(2.88245784315025,-28.4999999999997,-15.2499959802376));
#13855=CARTESIAN_POINT('',(2.88245784315029,-29.9999999999999,-7.99999599693777));
#13856=CARTESIAN_POINT('',(2.88245784315031,-29.9999999999999,-6.87499799846923));
#13857=CARTESIAN_POINT('',(2.88245784315046,-26.9999999999999,-7.9999959969377));
#13858=CARTESIAN_POINT('Origin',(2.88245784315037,-28.4999999999999,-7.99999599693773));
#13859=CARTESIAN_POINT('',(2.88245784315034,-26.9999999999997,-15.2499959802376));
#13860=CARTESIAN_POINT('',(2.88245784315042,-26.9999999999998,-10.4999979901191));
#13861=CARTESIAN_POINT('Origin',(2.88245784315025,-28.4999999999997,-15.2499959802376));
#13862=CARTESIAN_POINT('Origin',(2.88245784314998,-35.9999999999994,-5.75000000000083));
#13863=CARTESIAN_POINT('',(2.88245784315096,-16.1916011764565,-15.2499959805921));
#13864=CARTESIAN_POINT('Origin',(2.88245784315105,-14.7004682767274,-15.2500822104855));
#13865=CARTESIAN_POINT('',(2.88245784315129,-16.388269094229,4.46815231524646));
#13866=CARTESIAN_POINT('Origin',(2.88245784315007,-32.9999999999999,-7.99999599693773));
#13867=CARTESIAN_POINT('',(0.93245784315004,-34.4999999999997,-7.99983662096749));
#13868=CARTESIAN_POINT('',(2.88245784314998,-34.4999999999999,-7.99999599693777));
#13869=CARTESIAN_POINT('',(0.932457843150214,-31.4999999999997,-7.99983662096741));
#13870=CARTESIAN_POINT('Origin',(0.932457843150126,-32.9999999999997,-7.99983662096745));
#13871=CARTESIAN_POINT('',(2.88245784315015,-31.4999999999999,-7.9999959969377));
#13872=CARTESIAN_POINT('Origin',(2.88245784315003,-31.4999999999997,-15.2499959802376));
#13873=CARTESIAN_POINT('',(0.932457843150088,-31.4999999999995,-15.2498366042673));
#13874=CARTESIAN_POINT('',(0.932457843150064,-31.4999999999994,-16.6249979901191));
#13875=CARTESIAN_POINT('',(2.88245784315003,-31.4999999999997,-15.2499959802376));
#13876=CARTESIAN_POINT('Origin',(3.88245783981072,-23.8546676872526,-0.590210951605012));
#13877=CARTESIAN_POINT('Origin',(3.88245783980994,-32.9999999999998,-15.2500777115042));
#13878=CARTESIAN_POINT('Origin',(2.88245784314994,-32.9999999999997,-15.2499959802376));
#13879=CARTESIAN_POINT('',(0.932457843149914,-34.4999999999995,-15.2498366042674));
#13880=CARTESIAN_POINT('Origin',(0.932457843150001,-32.9999999999995,-15.2498366042674));
#13881=CARTESIAN_POINT('',(2.88245784314985,-34.4999999999997,-15.2499959802377));
#13882=CARTESIAN_POINT('Origin',(2.88245784314998,-34.4999999999999,-7.99999599693777));
#13883=CARTESIAN_POINT('',(0.932457843149953,-34.4999999999995,-12.9999979984692));
#13884=CARTESIAN_POINT('Origin',(2.88245784315034,-32.9999999999997,7.75000409658237));
#13885=CARTESIAN_POINT('',(2.88245784315025,-34.4999999999997,7.75000409658233));
#13886=CARTESIAN_POINT('',(2.88245784315043,-31.4999999999997,7.7500040965824));
#13887=CARTESIAN_POINT('Origin',(2.88245784315043,-31.4999999999997,7.7500040965824));
#13888=CARTESIAN_POINT('',(2.88245784315053,-31.4999999999999,14.0000040765423));
#13889=CARTESIAN_POINT('Origin',(2.88245784315045,-32.9999999999999,14.0000040765423));
#13890=CARTESIAN_POINT('',(2.88245784315036,-34.4999999999999,14.0000040765422));
#13891=CARTESIAN_POINT('Origin',(2.88245784315036,-34.4999999999999,14.0000040765422));
#13892=CARTESIAN_POINT('Origin',(3.88245783981072,-23.8546676872526,-0.590210951605012));
#13893=CARTESIAN_POINT('Origin',(3.882457839811,-14.7004682767275,-15.250163941752));
#13894=CARTESIAN_POINT('Origin',(2.88245784315101,-14.7004682767274,-15.2500822104855));
#13895=CARTESIAN_POINT('',(2.88245784315114,-13.2093353769983,-15.2499959802799));
#13896=CARTESIAN_POINT('Origin',(2.88245784315105,-14.7004682767274,-15.2500822104855));
#13897=CARTESIAN_POINT('',(0.93245784315115,-13.2093353769981,-15.2498366043096));
#13898=CARTESIAN_POINT('',(2.88245784315109,-13.2093353769983,-15.2499959802799));
#13899=CARTESIAN_POINT('',(0.932457843150976,-16.1916011764563,-15.2498366046219));
#13900=CARTESIAN_POINT('Origin',(0.932457843151063,-14.7004682767272,-15.2499228345152));
#13901=CARTESIAN_POINT('',(2.88245784315092,-16.1916011764565,-15.2499959805921));
#13902=CARTESIAN_POINT('Origin',(2.88245784315142,-16.4882235685157,14.4897011735505));
#13903=CARTESIAN_POINT('',(0.932457843151204,-16.3272328438714,-1.65125193461013));
#13904=CARTESIAN_POINT('',(2.88245784315142,-16.4882235685157,14.4897011735505));
#13905=CARTESIAN_POINT('Origin',(2.88245784315149,-14.9989957188122,14.0000040765428));
#13906=CARTESIAN_POINT('',(2.88245784315159,-13.5108113097821,14.4928630826411));
#13907=CARTESIAN_POINT('Origin',(2.88245784315109,-13.2093353769983,-15.2499959802799));
#13908=CARTESIAN_POINT('',(2.88245784315122,-13.2586474170165,-10.3849938462047));
#13909=CARTESIAN_POINT('',(0.932457843151129,-13.1966200679132,-16.5042970932811));
#13910=CARTESIAN_POINT('Origin',(2.88245784314998,-35.9999999999994,-5.75000000000083));
#13911=CARTESIAN_POINT('',(2.88245784315136,-12.9999999999989,-3.12500013342783));
#13912=CARTESIAN_POINT('Origin',(2.88245784315071,-28.4996806473233,14.0000040765424));
#13913=CARTESIAN_POINT('',(2.88245784315063,-29.9901200499819,14.4908577871629));
#13914=CARTESIAN_POINT('',(2.8824578431508,-27.0092734071608,14.490955435334));
#13915=CARTESIAN_POINT('Origin',(2.88245784315068,-27.0088592465874,7.25000409469562));
#13916=CARTESIAN_POINT('',(2.88245784315068,-27.0088592465874,7.25000409469562));
#13917=CARTESIAN_POINT('Origin',(2.88245784315059,-28.4997089391717,7.2499131406558));
#13918=CARTESIAN_POINT('',(2.8824578431505,-29.990558631756,7.25000409482885));
#13919=CARTESIAN_POINT('Origin',(2.88245784315063,-29.9901200499829,14.4908577871629));
#13920=CARTESIAN_POINT('Origin',(2.88245784315033,-28.4999999999999,-7.99999599693773));
#13921=CARTESIAN_POINT('',(0.932457843150301,-29.9999999999997,-7.99983662096749));
#13922=CARTESIAN_POINT('',(2.88245784315024,-29.9999999999999,-7.99999599693777));
#13923=CARTESIAN_POINT('',(0.932457843150475,-26.9999999999997,-7.99983662096741));
#13924=CARTESIAN_POINT('Origin',(0.932457843150388,-28.4999999999997,-7.99983662096745));
#13925=CARTESIAN_POINT('',(2.88245784315041,-26.9999999999999,-7.9999959969377));
#13926=CARTESIAN_POINT('Origin',(2.88245784315029,-26.9999999999997,-15.2499959802376));
#13927=CARTESIAN_POINT('',(0.932457843150349,-26.9999999999995,-15.2498366042673));
#13928=CARTESIAN_POINT('',(0.932457843150325,-26.9999999999995,-16.624997990119));
#13929=CARTESIAN_POINT('',(2.88245784315029,-26.9999999999997,-15.2499959802376));
#13930=CARTESIAN_POINT('Origin',(3.88245783981072,-23.8546676872526,-0.590210951605012));
#13931=CARTESIAN_POINT('Origin',(3.8824578398102,-28.4999999999999,-15.2500777115042));
#13932=CARTESIAN_POINT('Origin',(2.8824578431502,-28.4999999999997,-15.2499959802376));
#13933=CARTESIAN_POINT('',(0.932457843150175,-29.9999999999995,-15.2498366042674));
#13934=CARTESIAN_POINT('Origin',(0.932457843150262,-28.4999999999995,-15.2498366042674));
#13935=CARTESIAN_POINT('',(2.88245784315012,-29.9999999999997,-15.2499959802377));
#13936=CARTESIAN_POINT('Origin',(2.88245784315024,-29.9999999999999,-7.99999599693777));
#13937=CARTESIAN_POINT('',(0.932457843150214,-29.9999999999996,-12.9999979984691));
#13938=CARTESIAN_POINT('Origin',(22.9824578431503,-33.0000000000009,7.75000409658201));
#13939=CARTESIAN_POINT('',(22.9824578431503,-34.5000000000009,7.75000409658197));
#13940=CARTESIAN_POINT('',(22.9824578431504,-31.5000000000009,7.75000409658205));
#13941=CARTESIAN_POINT('Origin',(22.9824578431504,-31.5000000000009,7.75000409658205));
#13942=CARTESIAN_POINT('',(22.9824578431505,-31.5000000000011,14.0000040765419));
#13943=CARTESIAN_POINT('Origin',(22.9824578431504,-33.0000000000011,14.0000040765419));
#13944=CARTESIAN_POINT('',(22.9824578431504,-34.5000000000011,14.0000040765419));
#13945=CARTESIAN_POINT('Origin',(22.9824578431504,-34.5000000000011,14.0000040765419));
#13946=CARTESIAN_POINT('Origin',(11.4324576568851,-9.99999999999947,18.499999999995));
#13947=CARTESIAN_POINT('',(14.4324576568851,-9.99999999999954,17.3741197061287));
#13948=CARTESIAN_POINT('',(11.4324576568851,-9.99999999999947,17.3741196431604));
#13949=CARTESIAN_POINT('Origin',(12.9324578431479,-9.99999999999955,8.49999999999511));
#13950=CARTESIAN_POINT('',(14.4324576568851,-9.99999999999954,18.499999999995));
#13951=CARTESIAN_POINT('',(14.4324576568851,-9.99999999999954,18.499999999995));
#13952=CARTESIAN_POINT('',(11.4324576568851,-9.99999999999947,18.499999999995));
#13953=CARTESIAN_POINT('',(-5.31754251075244,-9.9999999999989,18.4999999999951));
#13954=CARTESIAN_POINT('',(11.4324576568851,-9.99999999999947,18.499999999995));
#13955=CARTESIAN_POINT('Origin',(11.432457656885,-11.9999999999994,18.499999999995));
#13956=CARTESIAN_POINT('',(11.4324576568852,-7.99999999999951,17.3741196431604));
#13957=CARTESIAN_POINT('',(11.4324576568851,-9.99999999999947,18.4999999999951));
#13958=CARTESIAN_POINT('Origin',(14.4324576568851,-9.99999999999954,18.499999999995));
#13959=CARTESIAN_POINT('',(14.432457656885,-11.9999999999996,17.3741197061287));
#13960=CARTESIAN_POINT('',(14.4324576568852,-7.99999999999967,17.3741197061287));
#13961=CARTESIAN_POINT('',(14.432457656885,-11.9999999999995,18.499999999995));
#13962=CARTESIAN_POINT('',(14.432457656885,-11.9999999999997,10.084873681432));
#13963=CARTESIAN_POINT('',(14.4324576568851,-8.99999999999958,18.4999999999951));
#13964=CARTESIAN_POINT('Origin',(12.932457843148,-7.99999999999959,8.49999999999511));
#13965=CARTESIAN_POINT('',(10.2791580108637,-5.9999999999995,-0.10000000000488));
#13966=CARTESIAN_POINT('',(15.5857576754325,-5.99999999999968,-0.100000000004881));
#13967=CARTESIAN_POINT('Origin',(12.9324578431481,-5.99999999999877,8.49999999999511));
#13968=CARTESIAN_POINT('',(10.2791580108647,-5.9999999999995,17.0999999999954));
#13969=CARTESIAN_POINT('Origin',(12.9324578431481,-5.99999999999959,8.49999999999511));
#13970=CARTESIAN_POINT('',(15.5857576754316,-5.99999999999968,17.0999999999954));
#13971=CARTESIAN_POINT('Origin',(12.9324578431481,-5.99999999999959,8.49999999999511));
#13972=CARTESIAN_POINT('',(21.9324578431481,-5.99999999999924,8.49999999999511));
#13973=CARTESIAN_POINT('Origin',(12.9324578431481,-5.99999999999959,8.49999999999511));
#13974=CARTESIAN_POINT('',(21.9324578431478,-12.0000000000002,8.49999999999511));
#13975=CARTESIAN_POINT('',(21.932457843148,-8.00000000000006,8.49999999999511));
#13976=CARTESIAN_POINT('Origin',(12.9324578431478,-11.9999999999996,8.49999999999511));
#13977=CARTESIAN_POINT('',(4.75092375717,-10.9999999999993,4.74999999999744));
#13978=CARTESIAN_POINT('',(4.75092375717012,-7.99999999999916,4.7499999999975));
#13979=CARTESIAN_POINT('',(21.1139919291266,-11.0000000000002,4.7499999999994));
#13980=CARTESIAN_POINT('Origin',(12.9324578431479,-10.9999999999996,8.49999999999511));
#13981=CARTESIAN_POINT('',(21.1139919291266,-11.9999999999999,4.74999999999945));
#13982=CARTESIAN_POINT('',(21.1139919291268,-8.00000000000002,4.7499999999995));
#13983=CARTESIAN_POINT('Origin',(12.9324578431478,-11.9999999999996,8.49999999999511));
#13984=CARTESIAN_POINT('Origin',(12.9324578431481,-5.99999999999959,8.49999999999511));
#13985=CARTESIAN_POINT('Origin',(12.9324576568855,-11.9999999999996,1.66974736286898));
#13986=CARTESIAN_POINT('',(47.9324579921594,-12.0000000000008,18.4999999999951));
#13987=CARTESIAN_POINT('',(47.9324579921594,-12.0000000000008,18.4999999999951));
#13988=CARTESIAN_POINT('',(47.9324579921594,-12.0000000000008,18.4999999999951));
#13989=CARTESIAN_POINT('',(22.9308436506323,-12.0000000000001,4.74999999999937));
#13990=CARTESIAN_POINT('',(16.7464943256168,-11.9999999999998,4.74999999999946));
#13991=CARTESIAN_POINT('',(22.9312727397789,-11.9999999999999,-0.500000000004874));
#13992=CARTESIAN_POINT('',(22.9309694937119,-12.0000000000001,3.21028228209598));
#13993=CARTESIAN_POINT('',(22.9324578431474,-11.9999999999999,-0.500000000004874));
#13994=CARTESIAN_POINT('',(47.9324578431478,-12.0000000000008,-0.500000000004874));
#13995=CARTESIAN_POINT('',(22.9324578431515,-12.0000000000001,4.74999999999937));
#13996=CARTESIAN_POINT('',(22.9324578431514,-12.0000000000001,-2.04004461819443));
#13997=CARTESIAN_POINT('',(17.9323319069443,-11.9999999999998,4.74959133337254));
#13998=CARTESIAN_POINT('',(18.9305235993388,-11.9999999999999,16.999672916844));
#13999=CARTESIAN_POINT('',(41.6657913254927,-11.9999999999993,1.49999999999498));
#14000=CARTESIAN_POINT('',(39.6657912956904,-11.9999999999993,1.49999999999498));
#14001=CARTESIAN_POINT('Origin',(40.6657913105916,-11.9999999999994,1.49999999999498));
#14002=CARTESIAN_POINT('',(39.6657912956904,-11.9999999999993,15.499999999995));
#14003=CARTESIAN_POINT('',(39.6657912956904,-12.0000000000008,0.874999999995189));
#14004=CARTESIAN_POINT('',(41.6657913254927,-11.9999999999993,15.499999999995));
#14005=CARTESIAN_POINT('Origin',(40.6657913105916,-11.9999999999994,15.499999999995));
#14006=CARTESIAN_POINT('',(41.6657913254927,-12.0000000000009,7.87499999999518));
#14007=CARTESIAN_POINT('',(37.3991246588261,-11.9999999999993,1.49999999999498));
#14008=CARTESIAN_POINT('',(35.3991246290238,-11.9999999999993,1.49999999999498));
#14009=CARTESIAN_POINT('Origin',(36.3991246439249,-11.9999999999994,1.49999999999498));
#14010=CARTESIAN_POINT('',(35.3991246290238,-11.9999999999993,15.499999999995));
#14011=CARTESIAN_POINT('',(35.3991246290238,-12.0000000000005,0.874999999995189));
#14012=CARTESIAN_POINT('',(37.3991246588261,-11.9999999999993,15.499999999995));
#14013=CARTESIAN_POINT('Origin',(36.3991246439249,-11.9999999999994,15.499999999995));
#14014=CARTESIAN_POINT('',(37.3991246588261,-12.0000000000006,7.87499999999518));
#14015=CARTESIAN_POINT('',(28.8657913254928,-11.9999999999992,1.49999999999498));
#14016=CARTESIAN_POINT('',(26.8657912956904,-11.9999999999992,1.49999999999498));
#14017=CARTESIAN_POINT('Origin',(27.8657913105916,-11.9999999999994,1.49999999999498));
#14018=CARTESIAN_POINT('',(26.8657912956904,-11.9999999999992,15.499999999995));
#14019=CARTESIAN_POINT('',(26.8657912956904,-12.0000000000001,0.874999999995189));
#14020=CARTESIAN_POINT('',(28.8657913254928,-11.9999999999992,15.499999999995));
#14021=CARTESIAN_POINT('Origin',(27.8657913105916,-11.9999999999994,15.499999999995));
#14022=CARTESIAN_POINT('',(28.8657913254928,-12.0000000000002,7.87499999999518));
#14023=CARTESIAN_POINT('',(43.9324579623571,-11.9999999999993,1.49999999999498));
#14024=CARTESIAN_POINT('',(43.9324579623571,-11.9999999999993,15.499999999995));
#14025=CARTESIAN_POINT('',(43.9324579623571,-12.000000000001,0.874999999995189));
#14026=CARTESIAN_POINT('',(45.9324579921594,-11.9999999999993,15.499999999995));
#14027=CARTESIAN_POINT('Origin',(44.9324579772583,-11.9999999999994,15.499999999995));
#14028=CARTESIAN_POINT('',(45.9324579921594,-11.9999999999993,1.49999999999498));
#14029=CARTESIAN_POINT('',(45.9324579921594,-12.0000000000011,7.87499999999518));
#14030=CARTESIAN_POINT('Origin',(44.9324579772583,-11.9999999999994,1.49999999999498));
#14031=CARTESIAN_POINT('',(33.1324579921594,-11.9999999999992,1.49999999999498));
#14032=CARTESIAN_POINT('',(31.1324579623571,-11.9999999999993,1.49999999999498));
#14033=CARTESIAN_POINT('Origin',(32.1324579772583,-11.9999999999994,1.49999999999498));
#14034=CARTESIAN_POINT('',(31.1324579623571,-11.9999999999993,15.499999999995));
#14035=CARTESIAN_POINT('',(31.1324579623571,-12.0000000000003,0.874999999995189));
#14036=CARTESIAN_POINT('',(33.1324579921594,-11.9999999999992,15.499999999995));
#14037=CARTESIAN_POINT('Origin',(32.1324579772583,-11.9999999999994,15.499999999995));
#14038=CARTESIAN_POINT('',(33.1324579921594,-12.0000000000004,7.87499999999518));
#14039=CARTESIAN_POINT('Origin',(-21.9675426783897,-3.44999999999749,0.716405802880546));
#14040=CARTESIAN_POINT('',(-21.8675426783897,-3.69999999999823,0.816405802880536));
#14041=CARTESIAN_POINT('',(-21.8675426783896,-2.29999999999823,0.816405802880591));
#14042=CARTESIAN_POINT('',(-21.8675426783897,-3.4499999999975,0.816405802880546));
#14043=CARTESIAN_POINT('',(-22.0675426783896,-2.09999999999822,0.616405802880599));
#14044=CARTESIAN_POINT('',(-21.8675426783896,-2.29999999999823,0.816405802880591));
#14045=CARTESIAN_POINT('',(-22.0675426783897,-3.89999999999822,0.616405802880528));
#14046=CARTESIAN_POINT('',(-22.0675426783897,-3.44999999999748,0.616405802880546));
#14047=CARTESIAN_POINT('',(-22.0675426783897,-3.89999999999822,0.616405802880528));
#14048=CARTESIAN_POINT('Origin',(47.9324579921599,-2.20000000000062,0.716405802880591));
#14049=CARTESIAN_POINT('',(47.9324579921599,-2.10000000000061,0.616405802880595));
#14050=CARTESIAN_POINT('',(47.9324579921599,-2.10000000000061,0.616405802880595));
#14051=CARTESIAN_POINT('',(47.7324579921599,-2.30000000000061,0.816405802880588));
#14052=CARTESIAN_POINT('',(47.9324579921599,-2.30000000000062,0.816405802880588));
#14053=CARTESIAN_POINT('',(47.7324579921599,-2.30000000000061,0.816405802880588));
#14054=CARTESIAN_POINT('Origin',(47.9324579921598,-3.80000000000061,0.716405802880528));
#14055=CARTESIAN_POINT('',(47.7324579921598,-3.70000000000061,0.816405802880532));
#14056=CARTESIAN_POINT('',(47.9324579921598,-3.70000000000062,0.816405802880532));
#14057=CARTESIAN_POINT('',(47.9324579921598,-3.90000000000061,0.616405802880524));
#14058=CARTESIAN_POINT('',(47.9324579921598,-3.90000000000061,0.616405802880524));
#14059=CARTESIAN_POINT('',(47.7324579921598,-3.70000000000061,0.816405802880532));
#14060=CARTESIAN_POINT('Origin',(47.8324579921598,-3.4500000000006,0.716405802880542));
#14061=CARTESIAN_POINT('',(47.9324579921598,-3.4500000000006,0.616405802880542));
#14062=CARTESIAN_POINT('',(47.7324579921598,-3.4500000000006,0.816405802880542));
#14063=CARTESIAN_POINT('Origin',(47.9324579921598,-3.90000000000058,-0.100000000004883));
#14064=CARTESIAN_POINT('',(-22.0675426783897,-3.89999999999819,-0.100000000004879));
#14065=CARTESIAN_POINT('',(-22.0675426783897,-3.89999999999819,0.0291014507164752));
#14066=CARTESIAN_POINT('',(47.9324579921598,-3.90000000000058,-0.100000000004883));
#14067=CARTESIAN_POINT('',(47.9324579921598,-3.90000000000058,-0.100000000004883));
#14068=CARTESIAN_POINT('',(47.9324579921598,-3.90000000000058,-0.100000000004883));
#14069=CARTESIAN_POINT('Origin',(-22.0675426783897,-2.99999999999798,0.158202901437864));
#14070=CARTESIAN_POINT('',(-22.0675426783953,2.00000000000056,18.499999999995));
#14071=CARTESIAN_POINT('',(-22.0675426783899,-7.99999999999838,18.4999999999951));
#14072=CARTESIAN_POINT('',(-22.0675426783953,2.00000000000056,18.499999999995));
#14073=CARTESIAN_POINT('',(-22.0675426783896,-2.09999999999819,-0.100000000004879));
#14074=CARTESIAN_POINT('',(-22.0675426783896,-2.09999999999821,0.487304352159249));
#14075=CARTESIAN_POINT('',(-22.0675426783895,2.24320562125513E-12,-0.100000000004879));
#14076=CARTESIAN_POINT('',(-22.0675426783896,-2.54999999999746,-0.100000000004879));
#14077=CARTESIAN_POINT('',(-22.0675426783895,2.2420953982305E-12,17.0999999999954));
#14078=CARTESIAN_POINT('',(-22.0675426783953,5.6843418860808E-13,18.499999999995));
#14079=CARTESIAN_POINT('',(-22.0675426783896,-2.09999999999819,17.0999999999954));
#14080=CARTESIAN_POINT('',(-22.0675426783896,-2.54999999999746,17.0999999999954));
#14081=CARTESIAN_POINT('',(-22.0675426783896,-2.09999999999822,16.3835941971099));
#14082=CARTESIAN_POINT('',(-22.0675426783896,-2.09999999999822,16.5126956478313));
#14083=CARTESIAN_POINT('',(-22.0675426783897,-3.89999999999822,16.38359419711));
#14084=CARTESIAN_POINT('',(-22.0675426783897,-3.44999999999716,16.38359419711));
#14085=CARTESIAN_POINT('',(-22.0675426783897,-3.89999999999819,17.0999999999954));
#14086=CARTESIAN_POINT('',(-22.0675426783897,-3.89999999999819,16.970898549274));
#14087=CARTESIAN_POINT('',(-22.0675426783898,-5.9999999999982,17.0999999999954));
#14088=CARTESIAN_POINT('',(-22.0675426783897,-4.49999999999747,17.0999999999954));
#14089=CARTESIAN_POINT('',(-22.0675426783898,-5.9999999999982,-0.100000000004879));
#14090=CARTESIAN_POINT('',(-22.0675426783898,-5.99999999999839,18.4999999999951));
#14091=CARTESIAN_POINT('',(-22.0675426783897,-4.49999999999747,-0.100000000004879));
#14092=CARTESIAN_POINT('Origin',(47.9324579921598,-3.90000000000062,0.816405802880524));
#14093=CARTESIAN_POINT('Origin',(-21.9675426783897,-3.44999999999717,16.28359419711));
#14094=CARTESIAN_POINT('',(-21.8675426783896,-2.29999999999824,16.1835941971099));
#14095=CARTESIAN_POINT('',(-21.8675426783897,-3.69999999999823,16.18359419711));
#14096=CARTESIAN_POINT('',(-21.8675426783897,-3.44999999999717,16.18359419711));
#14097=CARTESIAN_POINT('',(-21.8675426783897,-3.69999999999823,16.18359419711));
#14098=CARTESIAN_POINT('',(-22.0675426783896,-2.09999999999822,16.3835941971099));
#14099=CARTESIAN_POINT('Origin',(47.9324579921598,-3.80000000000061,16.28359419711));
#14100=CARTESIAN_POINT('',(47.7324579921598,-3.70000000000061,16.18359419711));
#14101=CARTESIAN_POINT('',(47.9324579921598,-3.70000000000062,16.18359419711));
#14102=CARTESIAN_POINT('',(47.9324579921598,-3.90000000000061,16.38359419711));
#14103=CARTESIAN_POINT('',(47.7324579921598,-3.70000000000061,16.18359419711));
#14104=CARTESIAN_POINT('',(47.9324579921598,-3.90000000000061,16.38359419711));
#14105=CARTESIAN_POINT('Origin',(47.8324579921598,-3.45000000000028,16.28359419711));
#14106=CARTESIAN_POINT('',(47.9324579921599,-2.10000000000061,16.3835941971099));
#14107=CARTESIAN_POINT('',(47.9324579921598,-3.45000000000028,16.38359419711));
#14108=CARTESIAN_POINT('',(47.7324579921599,-2.30000000000061,16.1835941971099));
#14109=CARTESIAN_POINT('',(47.7324579921598,-3.45000000000028,16.18359419711));
#14110=CARTESIAN_POINT('',(47.7324579921599,-2.30000000000061,16.1835941971099));
#14111=CARTESIAN_POINT('Origin',(47.9324579921599,-2.20000000000062,16.2835941971099));
#14112=CARTESIAN_POINT('',(47.9324579921599,-2.10000000000061,16.3835941971099));
#14113=CARTESIAN_POINT('',(47.9324579921599,-2.30000000000062,16.1835941971099));
#14114=CARTESIAN_POINT('Origin',(47.9324579921599,-2.10000000000062,16.1835941971099));
#14115=CARTESIAN_POINT('',(47.9324579921599,-2.10000000000058,17.0999999999954));
#14116=CARTESIAN_POINT('',(47.9324579921599,-2.10000000000058,17.0999999999954));
#14117=CARTESIAN_POINT('',(47.9324579921599,-2.10000000000058,17.0999999999954));
#14118=CARTESIAN_POINT('Origin',(47.9324579921598,-3.90000000000062,16.18359419711));
#14119=CARTESIAN_POINT('Origin',(47.9324579921597,-6.00000000000059,17.0999999999954));
#14120=CARTESIAN_POINT('',(47.9324579921598,-3.90000000000058,17.0999999999954));
#14121=CARTESIAN_POINT('',(47.9324579921598,-3.90000000000058,17.0999999999954));
#14122=CARTESIAN_POINT('',(47.9324579921597,-6.00000000000059,17.0999999999954));
#14123=CARTESIAN_POINT('',(47.9324579921598,-3.90000000000058,17.0999999999954));
#14124=CARTESIAN_POINT('',(30.4324578245224,-6.00000000000029,17.0999999999954));
#14125=CARTESIAN_POINT('',(47.9324579921597,-6.00000000000059,17.0999999999954));
#14126=CARTESIAN_POINT('',(30.4324578245224,-6.00000000000029,17.0999999999954));
#14127=CARTESIAN_POINT('Origin',(47.9324579921599,-2.10000000000058,17.0999999999954));
#14128=CARTESIAN_POINT('',(47.93245799216,-1.49880108324396E-13,17.0999999999954));
#14129=CARTESIAN_POINT('',(47.93245799216,-1.49880108324396E-13,17.0999999999954));
#14130=CARTESIAN_POINT('',(47.93245799216,-1.49880108324396E-13,17.0999999999954));
#14131=CARTESIAN_POINT('Origin',(12.9324576568795,5.32907051820075E-13,
8.49999999999497));
#14132=CARTESIAN_POINT('',(22.9312727397794,6.43929354282591E-14,-0.500000000004874));
#14133=CARTESIAN_POINT('',(22.9308436506288,6.43929354282591E-14,4.74999999999529));
#14134=CARTESIAN_POINT('',(22.9324578431479,6.43929354282591E-14,-0.500000000004874));
#14135=CARTESIAN_POINT('',(22.9324578431478,6.43929354282591E-14,-5.74983659926167));
#14136=CARTESIAN_POINT('',(47.93245799216,-1.48769885299771E-13,-0.500000000004874));
#14137=CARTESIAN_POINT('Origin',(45.4324583646854,5.6843418860808E-13,1.99999999999328));
#14138=CARTESIAN_POINT('',(45.4324583646854,5.32907051820075E-13,1.99999999999328));
#14139=CARTESIAN_POINT('',(45.4324583646861,5.6843418860808E-13,14.9999999999932));
#14140=CARTESIAN_POINT('',(45.4324583646861,5.6843418860808E-13,14.9999999999932));
#14141=CARTESIAN_POINT('',(45.4324583646861,2.00000000000056,14.9999999999932));
#14142=CARTESIAN_POINT('',(45.4324583646861,5.6843418860808E-13,14.9999999999932));
#14143=CARTESIAN_POINT('',(45.4324583646854,2.00000000000053,1.99999999999328));
#14144=CARTESIAN_POINT('',(45.4324583646861,2.00000000000056,14.9999999999932));
#14145=CARTESIAN_POINT('',(45.4324583646854,5.32907051820075E-13,1.99999999999328));
#14146=CARTESIAN_POINT('Origin',(-19.5675426783953,5.32907051820075E-13,
1.99999999999498));
#14147=CARTESIAN_POINT('',(-19.5675426783953,5.32907051820075E-13,1.99999999999498));
#14148=CARTESIAN_POINT('',(-22.0675426783953,5.6843418860808E-13,1.99999999999498));
#14149=CARTESIAN_POINT('',(-19.5675426783953,2.00000000000053,1.99999999999498));
#14150=CARTESIAN_POINT('',(-22.0675426783953,2.00000000000056,1.99999999999498));
#14151=CARTESIAN_POINT('',(-19.5675426783953,5.32907051820075E-13,1.99999999999498));
#14152=CARTESIAN_POINT('Origin',(-19.5675426783953,5.32907051820075E-13,
14.999999999995));
#14153=CARTESIAN_POINT('',(-19.5675426783953,5.32907051820075E-13,14.999999999995));
#14154=CARTESIAN_POINT('',(-19.5675426783953,5.32907051820075E-13,14.999999999995));
#14155=CARTESIAN_POINT('',(-19.5675426783953,2.00000000000053,14.999999999995));
#14156=CARTESIAN_POINT('',(-19.5675426783953,2.00000000000053,14.999999999995));
#14157=CARTESIAN_POINT('',(-19.5675426783953,5.32907051820075E-13,14.999999999995));
#14158=CARTESIAN_POINT('Origin',(45.4324583646861,5.6843418860808E-13,14.999999999995));
#14159=CARTESIAN_POINT('',(47.9324579921542,5.32907051820075E-13,14.999999999995));
#14160=CARTESIAN_POINT('',(47.9324579921542,2.00000000000053,14.999999999995));
#14161=CARTESIAN_POINT('Origin',(12.9324576568795,2.0000000000006,8.49999999999497));
#14162=CARTESIAN_POINT('',(47.9324579921542,2.00000000000053,18.499999999995));
#14163=CARTESIAN_POINT('',(47.9324579921542,2.00000000000053,18.499999999995));
#14164=CARTESIAN_POINT('',(47.9324579921542,2.00000000000053,-1.50000000000501));
#14165=CARTESIAN_POINT('Origin',(12.9324576568795,5.32907051820075E-13,
8.49999999999497));
#14166=CARTESIAN_POINT('',(47.93245799216,-1.48769885299771E-13,-0.100000000004883));
#14167=CARTESIAN_POINT('',(47.93245799216,-1.48769885299771E-13,-0.100000000004883));
#14168=CARTESIAN_POINT('',(47.9324579921542,5.32907051820075E-13,-1.50000000000501));
#14169=CARTESIAN_POINT('Origin',(20.5605309943481,-13.0000000000001,4.74999999999937));
#14170=CARTESIAN_POINT('',(20.5605309943482,-11.0000000000001,4.74999999999945));
#14171=CARTESIAN_POINT('',(22.9324578431516,-11.0000000000003,4.74999999999937));
#14172=CARTESIAN_POINT('',(20.5605309943481,-13.0000000000001,4.74999999999937));
#14173=CARTESIAN_POINT('',(20.5605309943481,-13.0000000000001,4.74999999999937));
#14174=CARTESIAN_POINT('',(22.9308436506322,-13.0000000000003,4.74999999999934));
#14175=CARTESIAN_POINT('',(22.9324578431515,-13.0000000000003,4.74999999999934));
#14176=CARTESIAN_POINT('',(22.9308436506322,-13.0000000000003,4.74999999999934));
#14177=CARTESIAN_POINT('Origin',(22.9324578431515,-13.0000000000003,4.74999999999934));
#14178=CARTESIAN_POINT('',(22.9324578431515,-13.0000000000003,4.74999999999934));
#14179=CARTESIAN_POINT('',(22.9324578431515,-13.0000000000003,4.74999999999934));
#14180=CARTESIAN_POINT('',(22.9324578431515,-13.0000000000003,4.74999999999934));
#14181=CARTESIAN_POINT('Origin',(2.9324578431515,-12.9999999999991,4.74999999999966));
#14182=CARTESIAN_POINT('',(2.9324578431515,-12.9999999999991,4.74999999999966));
#14183=CARTESIAN_POINT('',(2.9324578431515,-12.9999999999991,4.74999999999966));
#14184=CARTESIAN_POINT('',(5.30438469195681,-12.9999999999992,4.74999999999667));
#14185=CARTESIAN_POINT('',(2.9324578431515,-12.9999999999991,4.74999999999966));
#14186=CARTESIAN_POINT('',(5.30438469195692,-10.9999999999993,4.74999999999675));
#14187=CARTESIAN_POINT('',(5.30438469195681,-12.9999999999992,4.74999999999667));
#14188=CARTESIAN_POINT('',(2.93245784315161,-10.9999999999992,4.74999999999973));
#14189=CARTESIAN_POINT('Origin',(2.88245779713409,-12.9999999999992,4.74999999978053));
#14190=CARTESIAN_POINT('',(2.9324578431515,-12.9999999999991,4.74999999999966));
#14191=CARTESIAN_POINT('Origin',(2.88245774345452,-12.9999999999995,16.9983612880923));
#14192=CARTESIAN_POINT('',(7.9138917553583,-36.0000000000003,16.9941344238318));
#14193=CARTESIAN_POINT('Origin',(12.9320797603921,-10.9999999999996,-0.500000266855523));
#14194=CARTESIAN_POINT('',(22.7324578431472,-11.0000000000001,-14.0000000000046));
#14195=CARTESIAN_POINT('Origin',(20.9324578431472,-11.,-14.0000000000046));
#14196=CARTESIAN_POINT('',(21.9324578431512,-10.9999999999998,-14.0000000000006));
#14197=CARTESIAN_POINT('Origin',(20.9324578431512,-10.9999999999997,-14.0000000000006));
#14198=CARTESIAN_POINT('Origin',(12.9320797603921,-10.9999999999996,-0.500000266855523));
#14199=CARTESIAN_POINT('Origin',(12.9324578431519,-10.9999999999998,8.49999999999923));
#14200=CARTESIAN_POINT('Origin',(6.75970903054066,-12.9999999999993,-18.0000000000034));
#14201=CARTESIAN_POINT('',(12.932239743359,-21.8730129039084,-18.0000000000034));
#14202=CARTESIAN_POINT('',(12.932239743359,-21.8730129039084,-18.0000000000034));
#14203=CARTESIAN_POINT('',(6.75970903054066,-12.9999999999993,-18.0000000000034));
#14204=CARTESIAN_POINT('',(16.0515712543552,-26.3570519531045,-18.0000000000007));
#14205=CARTESIAN_POINT('',(6.75970903054066,-12.9999999999993,-18.0000000000034));
#14206=CARTESIAN_POINT('Origin',(12.932239743359,-21.8730129039084,-18.0000000000034));
#14207=CARTESIAN_POINT('',(19.1044787985497,-12.9999999999997,-18.0000000000034));
#14208=CARTESIAN_POINT('',(19.1044787985497,-12.9999999999997,-18.0000000000034));
#14209=CARTESIAN_POINT('',(10.6400350082631,-25.1682129133444,-18.0000000000006));
#14210=CARTESIAN_POINT('Origin',(4.93245784753152,-15.6266735721551,-18.0000000000034));
#14211=CARTESIAN_POINT('',(4.93245784753092,-33.3732427808511,-18.0000000000034));
#14212=CARTESIAN_POINT('',(4.93245784753092,-33.3732427808511,-18.0000000000034));
#14213=CARTESIAN_POINT('',(4.93245784753152,-15.6266735721551,-18.0000000000034));
#14214=CARTESIAN_POINT('',(4.93245784753111,-27.8133367860774,-18.0000000000006));
#14215=CARTESIAN_POINT('',(4.93245784753152,-15.6266735721551,-18.0000000000034));
#14216=CARTESIAN_POINT('Origin',(11.1050317326259,-24.4997485362111,-18.0000000000034));
#14217=CARTESIAN_POINT('',(11.1050317326259,-24.4997485362111,-18.0000000000034));
#14218=CARTESIAN_POINT('',(16.992874802528,-32.963522953233,-18.0000000000009));
#14219=CARTESIAN_POINT('',(11.1050317326259,-24.4997485362111,-18.0000000000034));
#14220=CARTESIAN_POINT('Origin',(4.93245784753092,-33.3732427808511,-18.0000000000034));
#14221=CARTESIAN_POINT('',(6.64014406034911,-30.9183278518158,-18.0000000000007));
#14222=CARTESIAN_POINT('Origin',(20.93245784315,-33.3733264278442,-18.0000000000034));
#14223=CARTESIAN_POINT('',(20.9324578431508,-16.9000000000001,-18.0000000000034));
#14224=CARTESIAN_POINT('',(20.9324578431508,-16.9000000000001,-18.0000000000034));
#14225=CARTESIAN_POINT('',(20.93245784315,-33.3733264278442,-18.0000000000034));
#14226=CARTESIAN_POINT('',(20.9324578431498,-36.6866632139221,-18.000000000001));
#14227=CARTESIAN_POINT('',(20.93245784315,-33.3733264278442,-18.0000000000034));
#14228=CARTESIAN_POINT('Origin',(14.7595059386785,-24.4997080609333,-18.0000000000034));
#14229=CARTESIAN_POINT('',(14.7595059386785,-24.4997080609333,-18.0000000000034));
#14230=CARTESIAN_POINT('',(20.0514697084241,-32.1069059835715,-18.0000000000009));
#14231=CARTESIAN_POINT('',(14.7595059386785,-24.4997080609333,-18.0000000000034));
#14232=CARTESIAN_POINT('Origin',(20.931701822261,-15.6267572191441,-18.0000000000034));
#14233=CARTESIAN_POINT('',(20.931701822261,-15.6267572191441,-18.0000000000034));
#14234=CARTESIAN_POINT('',(15.8711428248258,-22.9016545268677,-18.0000000000007));
#14235=CARTESIAN_POINT('',(20.931701822261,-15.6267572191441,-18.0000000000034));
#14236=CARTESIAN_POINT('Origin',(20.9317018222622,-16.9000000000001,-18.0000000000034));
#14237=CARTESIAN_POINT('',(20.9317018222622,-16.9000000000001,-18.0000000000034));
#14238=CARTESIAN_POINT('',(20.931701822273,-28.4500000000021,-18.0000000000009));
#14239=CARTESIAN_POINT('',(20.9317018222622,-16.9000000000001,-18.0000000000034));
#14240=CARTESIAN_POINT('Origin',(20.9324578431508,-16.9000000000001,-18.0000000000034));
#14241=CARTESIAN_POINT('',(22.9324578431506,-16.9000000000002,-18.0000000000007));
#14242=CARTESIAN_POINT('Origin',(12.9322979279455,-27.126443693236,-18.0000000000034));
#14243=CARTESIAN_POINT('',(6.75968087123962,-35.9999999999992,-18.0000000000034));
#14244=CARTESIAN_POINT('',(6.75968087123962,-35.9999999999992,-18.0000000000034));
#14245=CARTESIAN_POINT('',(12.9322979279455,-27.126443693236,-18.0000000000034));
#14246=CARTESIAN_POINT('',(11.871440877668,-28.6514977639137,-18.0000000000007));
#14247=CARTESIAN_POINT('',(12.9322979279455,-27.126443693236,-18.0000000000034));
#14248=CARTESIAN_POINT('Origin',(19.1052066601408,-35.9999999999999,-18.0000000000034));
#14249=CARTESIAN_POINT('',(19.1052066601408,-35.9999999999999,-18.0000000000034));
#14250=CARTESIAN_POINT('',(20.9929622662854,-38.7136486851274,-18.000000000001));
#14251=CARTESIAN_POINT('',(19.1052066601408,-35.9999999999999,-18.0000000000034));
#14252=CARTESIAN_POINT('Ctrl Pts',(8.50901673359518,-42.7599173397363,1.42110481527744));
#14253=CARTESIAN_POINT('Ctrl Pts',(7.68513758992255,-42.755193491456,1.93667918521447));
#14254=CARTESIAN_POINT('Ctrl Pts',(6.22349117477838,-42.7416480431196,3.257833278698));
#14255=CARTESIAN_POINT('Ctrl Pts',(4.83440182798421,-42.6968566382974,5.87984254031496));
#14256=CARTESIAN_POINT('Ctrl Pts',(4.49064562740027,-42.6007464257339,8.80595250008192));
#14257=CARTESIAN_POINT('Ctrl Pts',(5.10285965190444,-42.6013477068702,11.6667532376763));
#14258=CARTESIAN_POINT('Ctrl Pts',(6.61626132132712,-42.6837709761164,14.1932938264206));
#14259=CARTESIAN_POINT('Ctrl Pts',(8.94929113739768,-42.728279863452,16.0219264786701));
#14260=CARTESIAN_POINT('Ctrl Pts',(10.8222661780298,-42.7417708380588,16.6313589781106));
#14261=CARTESIAN_POINT('Ctrl Pts',(11.7845681205269,-42.7461250495117,16.7657984715124));
#14262=CARTESIAN_POINT('Ctrl Pts',(8.56153402404062,-42.6732782264908,1.5051489757492));
#14263=CARTESIAN_POINT('Ctrl Pts',(7.74732789420313,-42.6701289943039,2.01442857468251));
#14264=CARTESIAN_POINT('Ctrl Pts',(6.30154382287462,-42.661098695413,3.31978108426873));
#14265=CARTESIAN_POINT('Ctrl Pts',(4.92878967013868,-42.6312377588649,5.90818889849362));
#14266=CARTESIAN_POINT('Ctrl Pts',(4.56784305206406,-42.5671642838226,8.80145620175697));
#14267=CARTESIAN_POINT('Ctrl Pts',(5.17452624041513,-42.5675651379135,11.6394426189786));
#14268=CARTESIAN_POINT('Ctrl Pts',(6.68873997180866,-42.6225139840776,14.1302704515683));
#14269=CARTESIAN_POINT('Ctrl Pts',(8.99471641277851,-42.6521865756348,15.9344202549304));
#14270=CARTESIAN_POINT('Ctrl Pts',(10.8471064596047,-42.661180558706,16.5357577531546));
#14271=CARTESIAN_POINT('Ctrl Pts',(11.7980997157514,-42.6640833663413,16.6683592864413));
#14272=CARTESIAN_POINT('Ctrl Pts',(8.61405131448606,-42.5866391132454,1.58919313622096));
#14273=CARTESIAN_POINT('Ctrl Pts',(7.80951819848371,-42.5850644971519,2.09217796415056));
#14274=CARTESIAN_POINT('Ctrl Pts',(6.37959647097087,-42.5805493477064,3.38172888983946));
#14275=CARTESIAN_POINT('Ctrl Pts',(5.02317751229315,-42.5656188794323,5.93653525667227));
#14276=CARTESIAN_POINT('Ctrl Pts',(4.64504047672786,-42.5335821419112,8.79695990343203));
#14277=CARTESIAN_POINT('Ctrl Pts',(5.24619282892582,-42.5337825689567,11.6121320002809));
#14278=CARTESIAN_POINT('Ctrl Pts',(6.76121862229019,-42.5612569920389,14.0672470767159));
#14279=CARTESIAN_POINT('Ctrl Pts',(9.04014168815935,-42.5760932878175,15.8469140311907));
#14280=CARTESIAN_POINT('Ctrl Pts',(10.8719467411795,-42.5805902793532,16.4401565281987));
#14281=CARTESIAN_POINT('Ctrl Pts',(11.811631310976,-42.5820416831708,16.5709201013701));
#14282=CARTESIAN_POINT('Ctrl Pts',(8.66656860493151,-42.4999999999999,1.67323729669272));
#14283=CARTESIAN_POINT('Ctrl Pts',(7.8717085027643,-42.4999999999999,2.16992735361861));
#14284=CARTESIAN_POINT('Ctrl Pts',(6.45764911906712,-42.4999999999998,3.44367669541019));
#14285=CARTESIAN_POINT('Ctrl Pts',(5.11756535444761,-42.4999999999998,5.96488161485093));
#14286=CARTESIAN_POINT('Ctrl Pts',(4.72223790139166,-42.4999999999998,8.79246360510708));
#14287=CARTESIAN_POINT('Ctrl Pts',(5.31785941743651,-42.5,11.5848213815832));
#14288=CARTESIAN_POINT('Ctrl Pts',(6.83369727277173,-42.5000000000001,14.0042237018636));
#14289=CARTESIAN_POINT('Ctrl Pts',(9.08556696354019,-42.5000000000003,15.759407807451));
#14290=CARTESIAN_POINT('Ctrl Pts',(10.8967870227544,-42.5000000000004,16.3445553032428));
#14291=CARTESIAN_POINT('Ctrl Pts',(11.8251629062005,-42.5000000000004,16.473480916299));
#14292=CARTESIAN_POINT('',(8.50901673359518,-42.7599173397363,1.42110481527744));
#14293=CARTESIAN_POINT('',(8.6665686049315,-42.4999999999999,1.67323729669272));
#14294=CARTESIAN_POINT('',(8.50901673359518,-42.7599173397363,1.42110481527744));
#14295=CARTESIAN_POINT('',(11.8251196654488,-42.5000000000005,16.4737942663505));
#14296=CARTESIAN_POINT('Ctrl Pts',(8.66656860493151,-42.4999999999999,1.67323729669272));
#14297=CARTESIAN_POINT('Ctrl Pts',(7.8717085027643,-42.4999999999999,2.16992735361861));
#14298=CARTESIAN_POINT('Ctrl Pts',(6.45764911906712,-42.4999999999998,3.44367669541019));
#14299=CARTESIAN_POINT('Ctrl Pts',(5.11756535444761,-42.4999999999998,5.96488161485093));
#14300=CARTESIAN_POINT('Ctrl Pts',(4.72223790139166,-42.4999999999998,8.79246360510708));
#14301=CARTESIAN_POINT('Ctrl Pts',(5.31785941743651,-42.5,11.5848213815832));
#14302=CARTESIAN_POINT('Ctrl Pts',(6.83369727277173,-42.5000000000001,14.0042237018636));
#14303=CARTESIAN_POINT('Ctrl Pts',(9.08556696354019,-42.5000000000003,15.759407807451));
#14304=CARTESIAN_POINT('Ctrl Pts',(10.8967870227544,-42.5000000000004,16.3445553032428));
#14305=CARTESIAN_POINT('Ctrl Pts',(11.8251629062005,-42.5000000000004,16.473480916299));
#14306=CARTESIAN_POINT('',(7.81493586594931,-42.7049522455017,15.0784201098978));
#14307=CARTESIAN_POINT('Ctrl Pts',(11.8251629062005,-42.5000000000004,16.473480916299));
#14308=CARTESIAN_POINT('Ctrl Pts',(11.6176165643252,-42.5000000000004,16.4446584965863));
#14309=CARTESIAN_POINT('Ctrl Pts',(11.4115989516252,-42.5000000000004,16.4077158403216));
#14310=CARTESIAN_POINT('Ctrl Pts',(11.207550439152,-42.5000000000004,16.3628916049152));
#14311=CARTESIAN_POINT('Ctrl Pts',(11.0003766921303,-42.5000000000004,16.3173808354713));
#14312=CARTESIAN_POINT('Ctrl Pts',(10.7952321764989,-42.5000000000004,16.2637451169681));
#14313=CARTESIAN_POINT('Ctrl Pts',(10.5925802521551,-42.5000000000004,16.2021808037483));
#14314=CARTESIAN_POINT('Ctrl Pts',(10.3897078120136,-42.5000000000004,16.1405494992889));
#14315=CARTESIAN_POINT('Ctrl Pts',(10.1893327311997,-42.5000000000003,16.0709721290838));
#14316=CARTESIAN_POINT('Ctrl Pts',(9.99193218550545,-42.5000000000003,15.9935949727911));
#14317=CARTESIAN_POINT('Ctrl Pts',(9.79637090072858,-42.5000000000003,15.916938770835));
#14318=CARTESIAN_POINT('Ctrl Pts',(9.60372837145132,-42.5000000000003,15.8326271840768));
#14319=CARTESIAN_POINT('Ctrl Pts',(9.4144900250008,-42.5000000000003,15.7407563666671));
#14320=CARTESIAN_POINT('Ctrl Pts',(9.32998594466128,-42.5000000000003,15.6997316003824));
#14321=CARTESIAN_POINT('Ctrl Pts',(9.24616101911894,-42.5000000000003,15.6571988897948));
#14322=CARTESIAN_POINT('Ctrl Pts',(9.16306036321565,-42.5000000000003,15.6131639971344));
#14323=CARTESIAN_POINT('Ctrl Pts',(9.0915799720236,-42.5000000000003,15.5752866624822));
#14324=CARTESIAN_POINT('Ctrl Pts',(9.02063547748863,-42.5000000000003,15.536297847784));
#14325=CARTESIAN_POINT('Ctrl Pts',(8.95025025341825,-42.5000000000003,15.4962119438334));
#14326=CARTESIAN_POINT('Ctrl Pts',(8.92335967590569,-42.5000000000003,15.4808971796683));
#14327=CARTESIAN_POINT('Ctrl Pts',(8.89654857685862,-42.5000000000003,15.4654210075803));
#14328=CARTESIAN_POINT('Ctrl Pts',(8.86982533498758,-42.5000000000003,15.4497883297523));
#14329=CARTESIAN_POINT('Ctrl Pts',(8.68679334527953,-42.5000000000002,15.3427174832909));
#14330=CARTESIAN_POINT('Ctrl Pts',(8.50811560388562,-42.5000000000002,15.2284476358148));
#14331=CARTESIAN_POINT('Ctrl Pts',(8.33416941859669,-42.5000000000002,15.1073107068019));
#14332=CARTESIAN_POINT('Ctrl Pts',(8.22837949834447,-42.5000000000002,15.0336381164052));
#14333=CARTESIAN_POINT('Ctrl Pts',(8.12434015119037,-42.5000000000001,14.9574246302431));
#14334=CARTESIAN_POINT('Ctrl Pts',(8.02214163760598,-42.5000000000001,14.8787371862469));
#14335=CARTESIAN_POINT('Ctrl Pts',(8.0141926630985,-42.5000000000001,14.8726168967784));
#14336=CARTESIAN_POINT('Ctrl Pts',(8.00625507300898,-42.5000000000002,14.8664818270431));
#14337=CARTESIAN_POINT('Ctrl Pts',(7.99832890887915,-42.5000000000002,14.8603320099115));
#14338=CARTESIAN_POINT('Ctrl Pts',(7.9963473665084,-42.5000000000002,14.8587945545902));
#14339=CARTESIAN_POINT('Ctrl Pts',(7.99436654095069,-42.5000000000002,14.8572561796411));
#14340=CARTESIAN_POINT('Ctrl Pts',(7.99238643201804,-42.5000000000002,14.8557168849345));
#14341=CARTESIAN_POINT('Ctrl Pts',(7.99189145709997,-42.5000000000002,14.8553321019265));
#14342=CARTESIAN_POINT('Ctrl Pts',(7.99139653188165,-42.5000000000088,14.8549472653072));
#14343=CARTESIAN_POINT('Ctrl Pts',(7.99090148329237,-42.5000000000152,14.854562240393));
#14344=CARTESIAN_POINT('Ctrl Pts',(7.99065243219459,-42.5000000000185,14.854368540462));
#14345=CARTESIAN_POINT('Ctrl Pts',(7.99040559576303,-42.5000000000002,14.8541765396946));
#14346=CARTESIAN_POINT('Ctrl Pts',(7.99015910953542,-42.5000000000002,14.8539847886096));
#14347=CARTESIAN_POINT('Ctrl Pts',(7.98997050589414,-42.5000000000002,14.8538380666073));
#14348=CARTESIAN_POINT('Ctrl Pts',(7.98983654905434,-42.4999999993737,14.8537338425723));
#14349=CARTESIAN_POINT('Ctrl Pts',(7.98978747809388,-42.5000000018598,14.8536956681823));
#14350=CARTESIAN_POINT('Ctrl Pts',(7.98978556482105,-42.5000000019568,14.8536941797659));
#14351=CARTESIAN_POINT('Ctrl Pts',(7.98976648345812,-42.5000000000745,14.8536793305001));
#14352=CARTESIAN_POINT('Ctrl Pts',(7.9897587802082,-42.5000000019577,14.8536733403852));
#14353=CARTESIAN_POINT('Ctrl Pts',(7.98975336706624,-42.500000003281,14.8536691310784));
#14354=CARTESIAN_POINT('Ctrl Pts',(7.98975124336592,-42.5000009542123,14.8536691519646));
#14355=CARTESIAN_POINT('Ctrl Pts',(7.98974884537498,-42.5000028380625,14.8536706009667));
#14356=CARTESIAN_POINT('Ctrl Pts',(7.98974737025804,-42.5000039969073,14.8536714923161));
#14357=CARTESIAN_POINT('Ctrl Pts',(7.98974158459457,-42.5000107784997,14.8536789234141));
#14358=CARTESIAN_POINT('Ctrl Pts',(7.98972338420275,-42.5000321165797,14.8537023082772));
#14359=CARTESIAN_POINT('Ctrl Pts',(7.98909651217891,-42.5007670592924,14.8545077478873));
#14360=CARTESIAN_POINT('Ctrl Pts',(7.94895792332998,-42.5478270988638,14.9060829837679));
#14361=CARTESIAN_POINT('Ctrl Pts',(7.94604610476547,-42.5512410261698,14.9098244606425));
#14362=CARTESIAN_POINT('Ctrl Pts',(7.90237786349142,-42.6024393402091,14.9659350016202));
#14363=CARTESIAN_POINT('Ctrl Pts',(7.85870962221676,-42.6536376542483,15.0220455425974));
#14364=CARTESIAN_POINT('Ctrl Pts',(7.8150413809422,-42.7048359682876,15.0781560835747));
#14365=CARTESIAN_POINT('Ctrl Pts',(7.81510579876444,-42.7048372653507,15.0782066731716));
#14366=CARTESIAN_POINT('Ctrl Pts',(7.43138966502413,-42.6971111837586,14.7768639008219));
#14367=CARTESIAN_POINT('Ctrl Pts',(6.36520103563265,-42.6700976665497,13.774162531111));
#14368=CARTESIAN_POINT('Ctrl Pts',(5.10285965190444,-42.6013477068702,11.6667532376763));
#14369=CARTESIAN_POINT('Ctrl Pts',(4.49064562740027,-42.6007464257339,8.80595250008192));
#14370=CARTESIAN_POINT('Ctrl Pts',(4.83440182798421,-42.6968566382974,5.87984254031496));
#14371=CARTESIAN_POINT('Ctrl Pts',(6.22349117477838,-42.7416480431196,3.257833278698));
#14372=CARTESIAN_POINT('Ctrl Pts',(7.68513758992255,-42.755193491456,1.93667918521447));
#14373=CARTESIAN_POINT('Ctrl Pts',(8.50901673359518,-42.7599173397363,1.42110481527744));
#14374=CARTESIAN_POINT('Ctrl Pts',(17.9122297440213,-42.7590907951715,1.80092691119169));
#14375=CARTESIAN_POINT('Ctrl Pts',(16.7658181927182,-42.7571678661571,0.949068970922376));
#14376=CARTESIAN_POINT('Ctrl Pts',(13.5689997414616,-42.7527497899043,-0.339854020366589));
#14377=CARTESIAN_POINT('Ctrl Pts',(10.1242155832189,-42.7570145194951,0.412265148316812));
#14378=CARTESIAN_POINT('Ctrl Pts',(8.50901673359517,-42.7599173397363,1.42110481527744));
#14379=CARTESIAN_POINT('Ctrl Pts',(17.8531290127183,-42.6727271967811,1.88043258464071));
#14380=CARTESIAN_POINT('Ctrl Pts',(16.7203740198429,-42.6714452441049,1.03861634258942));
#14381=CARTESIAN_POINT('Ctrl Pts',(13.5614733406486,-42.6684998599362,-0.235258981917633));
#14382=CARTESIAN_POINT('Ctrl Pts',(10.1574897638398,-42.6713430129967,0.508180066946655));
#14383=CARTESIAN_POINT('Ctrl Pts',(8.56153402404062,-42.6732782264908,1.5051489757492));
#14384=CARTESIAN_POINT('Ctrl Pts',(17.7940282814152,-42.5863635983908,1.95993825808973));
#14385=CARTESIAN_POINT('Ctrl Pts',(16.6749298469676,-42.5857226220526,1.12816371425647));
#14386=CARTESIAN_POINT('Ctrl Pts',(13.5539469398356,-42.5842499299682,-0.130663943468679));
#14387=CARTESIAN_POINT('Ctrl Pts',(10.1907639444606,-42.5856715064984,0.604094985576491));
#14388=CARTESIAN_POINT('Ctrl Pts',(8.61405131448606,-42.5866391132454,1.58919313622096));
#14389=CARTESIAN_POINT('Ctrl Pts',(17.7349275501121,-42.5000000000004,2.03944393153875));
#14390=CARTESIAN_POINT('Ctrl Pts',(16.6294856740923,-42.5000000000003,1.21771108592351));
#14391=CARTESIAN_POINT('Ctrl Pts',(13.5464205390225,-42.5000000000001,-0.0260689050197227));
#14392=CARTESIAN_POINT('Ctrl Pts',(10.2240381250815,-42.5,0.700009904206335));
#14393=CARTESIAN_POINT('Ctrl Pts',(8.6665686049315,-42.4999999999999,1.67323729669272));
#14394=CARTESIAN_POINT('',(17.9122297440213,-42.7590907951715,1.80092691119169));
#14395=CARTESIAN_POINT('Ctrl Pts',(8.50901673359517,-42.7599173397363,1.42110481527744));
#14396=CARTESIAN_POINT('Ctrl Pts',(10.1242155832189,-42.7570145194951,0.412265148316812));
#14397=CARTESIAN_POINT('Ctrl Pts',(13.5689997414616,-42.7527497899043,-0.339854020366589));
#14398=CARTESIAN_POINT('Ctrl Pts',(16.7658181927182,-42.7571678661571,0.949068970922376));
#14399=CARTESIAN_POINT('Ctrl Pts',(17.9122297440213,-42.7590907951715,1.80092691119169));
#14400=CARTESIAN_POINT('',(17.7349275501121,-42.5000000000004,2.03944393153875));
#14401=CARTESIAN_POINT('',(17.9122297440213,-42.7590907951715,1.80092691119169));
#14402=CARTESIAN_POINT('Ctrl Pts',(17.7349275501121,-42.5000000000004,2.03944393153875));
#14403=CARTESIAN_POINT('Ctrl Pts',(16.6294856740923,-42.5000000000003,1.21771108592351));
#14404=CARTESIAN_POINT('Ctrl Pts',(13.5464205390225,-42.5000000000001,-0.0260689050197227));
#14405=CARTESIAN_POINT('Ctrl Pts',(10.2240381250815,-42.5,0.700009904206335));
#14406=CARTESIAN_POINT('Ctrl Pts',(8.6665686049315,-42.4999999999999,1.67323729669272));
#14407=CARTESIAN_POINT('Ctrl Pts',(7.81493577437042,-42.7049522475927,15.0784200395411));
#14408=CARTESIAN_POINT('Ctrl Pts',(8.98881356639869,-42.6781492426044,15.9802665808172));
#14409=CARTESIAN_POINT('Ctrl Pts',(12.297362834902,-42.5499704426261,17.2731230193489));
#14410=CARTESIAN_POINT('Ctrl Pts',(15.8586269900071,-42.6643643697811,16.535176572766));
#14411=CARTESIAN_POINT('Ctrl Pts',(17.5142577418862,-42.7022319859793,15.4610605971928));
#14412=CARTESIAN_POINT('Ctrl Pts',(7.87317394275636,-42.6366348317285,15.0035566332232));
#14413=CARTESIAN_POINT('Ctrl Pts',(9.03192294575786,-42.6187661617363,15.8974151577629));
#14414=CARTESIAN_POINT('Ctrl Pts',(12.3018793733556,-42.5333136284176,17.2038207465348));
#14415=CARTESIAN_POINT('Ctrl Pts',(15.8277419370968,-42.6095762465209,16.4475324394581));
#14416=CARTESIAN_POINT('Ctrl Pts',(17.4622795796931,-42.6348213239865,15.3820909466726));
#14417=CARTESIAN_POINT('Ctrl Pts',(7.93141211114229,-42.5683174158644,14.9286932269052));
#14418=CARTESIAN_POINT('Ctrl Pts',(9.07503232511702,-42.5593830808683,15.8145637347087));
#14419=CARTESIAN_POINT('Ctrl Pts',(12.3063959118092,-42.516656814209,17.1345184737207));
#14420=CARTESIAN_POINT('Ctrl Pts',(15.7968568841865,-42.5547881232608,16.3598883061502));
#14421=CARTESIAN_POINT('Ctrl Pts',(17.4103014175,-42.5674106619936,15.3031212961524));
#14422=CARTESIAN_POINT('Ctrl Pts',(7.98965027952821,-42.5000000000002,14.8538298205872));
#14423=CARTESIAN_POINT('Ctrl Pts',(9.11814170447619,-42.5000000000003,15.7317123116545));
#14424=CARTESIAN_POINT('Ctrl Pts',(12.3109124502628,-42.5000000000005,17.0652162009067));
#14425=CARTESIAN_POINT('Ctrl Pts',(15.7659718312763,-42.5000000000007,16.2722441728423));
#14426=CARTESIAN_POINT('Ctrl Pts',(17.358323255307,-42.5000000000007,15.2241516456322));
#14427=CARTESIAN_POINT('',(13.5395016135168,-42.5000000000006,16.5256172995461));
#14428=CARTESIAN_POINT('Ctrl Pts',(11.8251196654488,-42.5000000000005,16.4737942663505));
#14429=CARTESIAN_POINT('Ctrl Pts',(11.8510553997076,-42.5000000000005,16.4773732546329));
#14430=CARTESIAN_POINT('Ctrl Pts',(12.418455848542,-42.5000000000005,16.5527602559507));
#14431=CARTESIAN_POINT('Ctrl Pts',(12.9935957509452,-42.5000000000005,16.5654004988624));
#14432=CARTESIAN_POINT('Ctrl Pts',(13.5384380054159,-42.5000000000006,16.5226708804103));
#14433=CARTESIAN_POINT('',(17.5142575072294,-42.7022319806123,15.46106074943));
#14434=CARTESIAN_POINT('Ctrl Pts',(13.5377614261059,-42.5000000000006,16.5227239132711));
#14435=CARTESIAN_POINT('Ctrl Pts',(13.7497400421326,-42.5000000000006,16.5061170970623));
#14436=CARTESIAN_POINT('Ctrl Pts',(13.9608727509162,-42.5000000000006,16.4812397730284));
#14437=CARTESIAN_POINT('Ctrl Pts',(14.170680504002,-42.5000000000006,16.448247440803));
#14438=CARTESIAN_POINT('Ctrl Pts',(14.3811276127056,-42.5000000000006,16.4151545697145));
#14439=CARTESIAN_POINT('Ctrl Pts',(14.5902423637874,-42.5000000000006,16.3738970315154));
#14440=CARTESIAN_POINT('Ctrl Pts',(14.797536234737,-42.5000000000006,16.3245796120682));
#14441=CARTESIAN_POINT('Ctrl Pts',(14.9111783174477,-42.5000000000006,16.2975429503752));
#14442=CARTESIAN_POINT('Ctrl Pts',(15.0242729998091,-42.5000000000006,16.268083053224));
#14443=CARTESIAN_POINT('Ctrl Pts',(15.136738008209,-42.5000000000006,16.2362107676183));
#14444=CARTESIAN_POINT('Ctrl Pts',(15.2027995877326,-42.5000000000006,16.2174890908932));
#14445=CARTESIAN_POINT('Ctrl Pts',(15.2686438790343,-42.5000000000006,16.1979349713093));
#14446=CARTESIAN_POINT('Ctrl Pts',(15.3342539117498,-42.5000000000006,16.1775498945724));
#14447=CARTESIAN_POINT('Ctrl Pts',(15.3643899347284,-42.5000000000006,16.1681866140566));
#14448=CARTESIAN_POINT('Ctrl Pts',(15.3944763638396,-42.5000000000007,16.1586480101152));
#14449=CARTESIAN_POINT('Ctrl Pts',(15.4244981518307,-42.5000000000007,16.1489386959096));
#14450=CARTESIAN_POINT('Ctrl Pts',(15.6271434058534,-42.5000000000007,16.0834014119824));
#14451=CARTESIAN_POINT('Ctrl Pts',(15.8269999389892,-42.5000000000007,16.0100427202428));
#14452=CARTESIAN_POINT('Ctrl Pts',(16.0235853805506,-42.5000000000007,15.9289750697373));
#14453=CARTESIAN_POINT('Ctrl Pts',(16.2188653766198,-42.5000000000007,15.848445757158));
#14454=CARTESIAN_POINT('Ctrl Pts',(16.4109182250704,-42.5000000000007,15.7603093306393));
#14455=CARTESIAN_POINT('Ctrl Pts',(16.5992535173513,-42.5000000000007,15.6646280220624));
#14456=CARTESIAN_POINT('Ctrl Pts',(16.7300416820523,-42.5000000000007,15.5981827871125));
#14457=CARTESIAN_POINT('Ctrl Pts',(16.8590366924987,-42.5000000000007,15.5280980275581));
#14458=CARTESIAN_POINT('Ctrl Pts',(16.9860667855821,-42.5000000000007,15.454381552604));
#14459=CARTESIAN_POINT('Ctrl Pts',(17.0078093497157,-42.5000000000007,15.4417641865493));
#14460=CARTESIAN_POINT('Ctrl Pts',(17.0294943322764,-42.5000000000007,15.4290404009986));
#14461=CARTESIAN_POINT('Ctrl Pts',(17.0511208496919,-42.5000000000007,15.4162102045664));
#14462=CARTESIAN_POINT('Ctrl Pts',(17.0611376126824,-42.5000000000007,15.4102676371934));
#14463=CARTESIAN_POINT('Ctrl Pts',(17.0711420981558,-42.5000000000007,15.4043020578666));
#14464=CARTESIAN_POINT('Ctrl Pts',(17.0811210568883,-42.5000000000007,15.3983214296647));
#14465=CARTESIAN_POINT('Ctrl Pts',(17.1754724306201,-42.5000000000007,15.341774398882));
#14466=CARTESIAN_POINT('Ctrl Pts',(17.2678301989299,-42.5000000000007,15.2837115944032));
#14467=CARTESIAN_POINT('Ctrl Pts',(17.3581757209458,-42.5000000000007,15.2242487509587));
#14468=CARTESIAN_POINT('Ctrl Pts',(17.3582677035169,-42.5000000000007,15.2241882106563));
#14469=CARTESIAN_POINT('Ctrl Pts',(17.3583020654547,-42.5000000000007,15.22416559284));
#14470=CARTESIAN_POINT('Ctrl Pts',(17.3583095579835,-42.5000000009335,15.2241606628144));
#14471=CARTESIAN_POINT('Ctrl Pts',(17.3583232573507,-42.500000002639,15.2241516487375));
#14472=CARTESIAN_POINT('Ctrl Pts',(17.3583719566803,-42.5000634539987,15.2242261288776));
#14473=CARTESIAN_POINT('Ctrl Pts',(17.3583761631893,-42.5000689094119,15.2242325197256));
#14474=CARTESIAN_POINT('Ctrl Pts',(17.3586711533487,-42.5004514815682,15.2246806911863));
#14475=CARTESIAN_POINT('Ctrl Pts',(17.3632856520216,-42.5064360427145,15.2316914333185));
#14476=CARTESIAN_POINT('Ctrl Pts',(17.3636363297797,-42.5068908379504,15.2322242128711));
#14477=CARTESIAN_POINT('Ctrl Pts',(17.3653728199019,-42.5091428981865,15.234862436736));
#14478=CARTESIAN_POINT('Ctrl Pts',(17.3671093100246,-42.5113949584225,15.2375006606007));
#14479=CARTESIAN_POINT('Ctrl Pts',(17.3688458001457,-42.5136470186586,15.2401388844664));
#14480=CARTESIAN_POINT('Ctrl Pts',(17.3720605916099,-42.5178162931831,15.2450230697902));
#14481=CARTESIAN_POINT('Ctrl Pts',(17.3752753830748,-42.5219855677076,15.2499072551135));
#14482=CARTESIAN_POINT('Ctrl Pts',(17.3784901745387,-42.5261548422322,15.2547914404376));
#14483=CARTESIAN_POINT('Ctrl Pts',(17.3977568725004,-42.5511418915903,15.2840630508936));
#14484=CARTESIAN_POINT('Ctrl Pts',(17.4170235704622,-42.5761289409484,15.3133346613496));
#14485=CARTESIAN_POINT('Ctrl Pts',(17.4362902684241,-42.6011159903065,15.3426062718055));
#14486=CARTESIAN_POINT('Ctrl Pts',(17.4622793480259,-42.6348213204084,15.3820910976803));
#14487=CARTESIAN_POINT('Ctrl Pts',(17.4882684276278,-42.6685266505103,15.4215759235551));
#14488=CARTESIAN_POINT('Ctrl Pts',(17.5142575072296,-42.7022319806122,15.4610607494299));
#14489=CARTESIAN_POINT('Ctrl Pts',(17.5142575072294,-42.7022319806123,15.46106074943));
#14490=CARTESIAN_POINT('Ctrl Pts',(15.8586267977225,-42.6643643636045,16.5351766126102));
#14491=CARTESIAN_POINT('Ctrl Pts',(12.2973627852719,-42.5499704473614,17.2731229762218));
#14492=CARTESIAN_POINT('Ctrl Pts',(8.9888136401453,-42.6781492397473,15.9802666096346));
#14493=CARTESIAN_POINT('Ctrl Pts',(7.81493586594931,-42.7049522455017,15.0784201098978));
#14494=CARTESIAN_POINT('Ctrl Pts',(13.5610261332598,-42.7425694167258,16.8207435928461));
#14495=CARTESIAN_POINT('Ctrl Pts',(14.5225878722159,-42.7382926311295,16.7472684546668));
#14496=CARTESIAN_POINT('Ctrl Pts',(16.4153795128428,-42.7277839733284,16.2669267892642));
#14497=CARTESIAN_POINT('Ctrl Pts',(19.6592755187222,-42.6571348895308,14.043203841114));
#14498=CARTESIAN_POINT('Ctrl Pts',(21.3519493517624,-42.5413142256102,10.3891630574284));
#14499=CARTESIAN_POINT('Ctrl Pts',(21.1573128402599,-42.7234075223016,5.52789708751401));
#14500=CARTESIAN_POINT('Ctrl Pts',(19.4597890050145,-42.7486372844893,2.95310169766376));
#14501=CARTESIAN_POINT('Ctrl Pts',(17.9122297440213,-42.7590907951715,1.80092691119169));
#14502=CARTESIAN_POINT('Ctrl Pts',(13.5536326806811,-42.661712944484,16.7228719309417));
#14503=CARTESIAN_POINT('Ctrl Pts',(14.5039043809279,-42.6588617540865,16.6505285124544));
#14504=CARTESIAN_POINT('Ctrl Pts',(16.3745738810298,-42.6518559822191,16.1748248381953));
#14505=CARTESIAN_POINT('Ctrl Pts',(19.5840467904532,-42.6047565930208,13.9878439849278));
#14506=CARTESIAN_POINT('Ctrl Pts',(21.2885913908745,-42.5275428170737,10.3720312152134));
#14507=CARTESIAN_POINT('Ctrl Pts',(21.0553032907958,-42.6489383482013,5.55742680125911));
#14508=CARTESIAN_POINT('Ctrl Pts',(19.3825975487282,-42.6657581896597,3.01856194368813));
#14509=CARTESIAN_POINT('Ctrl Pts',(17.8531290127183,-42.6727271967811,1.88043258464071));
#14510=CARTESIAN_POINT('Ctrl Pts',(13.5462392281024,-42.5808564722423,16.6250002690373));
#14511=CARTESIAN_POINT('Ctrl Pts',(14.4852208896399,-42.5794308770436,16.553788570242));
#14512=CARTESIAN_POINT('Ctrl Pts',(16.3337682492168,-42.5759279911099,16.0827228871263));
#14513=CARTESIAN_POINT('Ctrl Pts',(19.5088180621841,-42.5523782965108,13.9324841287415));
#14514=CARTESIAN_POINT('Ctrl Pts',(21.2252334299867,-42.5137714085373,10.3548993729985));
#14515=CARTESIAN_POINT('Ctrl Pts',(20.9532937413317,-42.574469174101,5.58695651500421));
#14516=CARTESIAN_POINT('Ctrl Pts',(19.305406092442,-42.5828790948301,3.08402218971252));
#14517=CARTESIAN_POINT('Ctrl Pts',(17.7940282814152,-42.5863635983908,1.95993825808973));
#14518=CARTESIAN_POINT('Ctrl Pts',(13.5388457755237,-42.5000000000006,16.5271286071329));
#14519=CARTESIAN_POINT('Ctrl Pts',(14.4665373983519,-42.5000000000006,16.4570486280296));
#14520=CARTESIAN_POINT('Ctrl Pts',(16.2929626174039,-42.5000000000007,15.9906209360574));
#14521=CARTESIAN_POINT('Ctrl Pts',(19.4335893339151,-42.5000000000008,13.8771242725552));
#14522=CARTESIAN_POINT('Ctrl Pts',(21.1618754690989,-42.5000000000008,10.3377675307836));
#14523=CARTESIAN_POINT('Ctrl Pts',(20.8512841918675,-42.5000000000007,5.61648622874931));
#14524=CARTESIAN_POINT('Ctrl Pts',(19.2282146361557,-42.5000000000005,3.14948243573689));
#14525=CARTESIAN_POINT('Ctrl Pts',(17.7349275501121,-42.5000000000004,2.03944393153875));
#14526=CARTESIAN_POINT('Ctrl Pts',(17.9122297440213,-42.7590907951715,1.80092691119169));
#14527=CARTESIAN_POINT('Ctrl Pts',(19.4597890050145,-42.7486372844893,2.95310169766376));
#14528=CARTESIAN_POINT('Ctrl Pts',(21.1573128402599,-42.7234075223016,5.52789708751401));
#14529=CARTESIAN_POINT('Ctrl Pts',(21.3519493517624,-42.5413142256102,10.3891630574284));
#14530=CARTESIAN_POINT('Ctrl Pts',(19.8544744280385,-42.6437784667916,13.6218203697978));
#14531=CARTESIAN_POINT('Ctrl Pts',(17.9470191910769,-42.6930262548962,15.1727554477687));
#14532=CARTESIAN_POINT('Ctrl Pts',(17.5143622246709,-42.7020028036989,15.4612255516941));
#14533=CARTESIAN_POINT('',(20.9831204046068,-42.5000000000008,8.49999985256316));
#14534=CARTESIAN_POINT('Ctrl Pts',(13.5388457755237,-42.5000000000006,16.5271286071329));
#14535=CARTESIAN_POINT('Ctrl Pts',(14.4665373983519,-42.5000000000006,16.4570486280296));
#14536=CARTESIAN_POINT('Ctrl Pts',(16.2929626174039,-42.5000000000007,15.9906209360574));
#14537=CARTESIAN_POINT('Ctrl Pts',(19.4335893339151,-42.5000000000008,13.8771242725552));
#14538=CARTESIAN_POINT('Ctrl Pts',(20.8653021071011,-42.5000000000008,10.9451200442638));
#14539=CARTESIAN_POINT('Ctrl Pts',(20.9831850947515,-42.5000000000008,8.79194007094893));
#14540=CARTESIAN_POINT('Ctrl Pts',(20.9831204046068,-42.5000000000008,8.49999985256316));
#14541=CARTESIAN_POINT('Ctrl Pts',(20.9831204046068,-42.5000000000008,8.49999985256316));
#14542=CARTESIAN_POINT('Ctrl Pts',(20.9829788132224,-42.5000000000008,7.86101195390691));
#14543=CARTESIAN_POINT('Ctrl Pts',(20.681618646313,-42.5000000000007,5.35860107345611));
#14544=CARTESIAN_POINT('Ctrl Pts',(19.2282146361557,-42.5000000000005,3.14948243573689));
#14545=CARTESIAN_POINT('Ctrl Pts',(17.7349275501121,-42.5000000000004,2.03944393153875));
#14546=CARTESIAN_POINT('Ctrl Pts',(0.932457843149719,-39.9999999999989,
-18.0000000000007));
#14547=CARTESIAN_POINT('Ctrl Pts',(3.45797747329821,-40.9199724465781,-11.526298394908));
#14548=CARTESIAN_POINT('Ctrl Pts',(5.98349710344669,-41.8399448931572,-5.05259678981527));
#14549=CARTESIAN_POINT('Ctrl Pts',(8.50901673359518,-42.7599173397363,1.42110481527745));
#14550=CARTESIAN_POINT('Ctrl Pts',(5.50388641457828,-39.9999999999992,-18.0000000000008));
#14551=CARTESIAN_POINT('Ctrl Pts',(7.04391203278654,-40.9199724465783,-11.8574764510582));
#14552=CARTESIAN_POINT('Ctrl Pts',(8.58630169804097,-41.8399448931573,-5.70626506860075));
#14553=CARTESIAN_POINT('Ctrl Pts',(10.1263273162492,-42.7599173397364,0.436258480341889));
#14554=CARTESIAN_POINT('Ctrl Pts',(13.5038864145783,-39.9999999999997,-18.0000000000009));
#14555=CARTESIAN_POINT('Ctrl Pts',(13.5260148260984,-40.9199724465786,-12.0985534399347));
#14556=CARTESIAN_POINT('Ctrl Pts',(13.5479973564004,-41.8399448931576,-6.19982959009901));
#14557=CARTESIAN_POINT('Ctrl Pts',(13.5701257679205,-42.7599173397365,-0.298383030032814));
#14558=CARTESIAN_POINT('Ctrl Pts',(21.5038864145782,-40.0000000000001,-18.0000000000011));
#14559=CARTESIAN_POINT('Ctrl Pts',(19.9247387729086,-40.919972446579,-11.6759910001582));
#14560=CARTESIAN_POINT('Ctrl Pts',(18.3433078821236,-41.8399448931579,-5.35207027175506));
#14561=CARTESIAN_POINT('Ctrl Pts',(16.7641602404539,-42.7599173397368,0.971938728087796));
#14562=CARTESIAN_POINT('Ctrl Pts',(24.9324578431497,-40.0000000000003,-18.0000000000011));
#14563=CARTESIAN_POINT('Ctrl Pts',(22.5916807903612,-40.9199724465792,-11.3977137661083));
#14564=CARTESIAN_POINT('Ctrl Pts',(20.2509037375727,-41.839944893158,-4.79542753221547));
#14565=CARTESIAN_POINT('Ctrl Pts',(17.9101266847841,-42.7599173397368,1.80685870167736));
#14566=CARTESIAN_POINT('',(0.932457843149721,-39.9999999999989,-18.0000000000007));
#14567=CARTESIAN_POINT('',(0.932457843149719,-39.9999999999989,-18.0000000000007));
#14568=CARTESIAN_POINT('',(0.932457843149721,-39.9999999999989,-18.0000000000007));
#14569=CARTESIAN_POINT('',(24.9324578431497,-40.0000000000003,-18.0000000000011));
#14570=CARTESIAN_POINT('',(6.60779784263249,-40.4961880830083,-14.6581547229212));
#14571=CARTESIAN_POINT('',(6.73253170582681,-40.5937749729002,-13.9997424310821));
#14572=CARTESIAN_POINT('Ctrl Pts',(6.60774327898925,-40.4961880830083,-14.6583454324781));
#14573=CARTESIAN_POINT('Ctrl Pts',(6.58392714716263,-40.4871554026234,-14.7189501193475));
#14574=CARTESIAN_POINT('Ctrl Pts',(6.5568298491464,-40.4783059176978,-14.7782434716806));
#14575=CARTESIAN_POINT('Ctrl Pts',(6.4248937883722,-40.4407098521455,-15.0298343109538));
#14576=CARTESIAN_POINT('Ctrl Pts',(6.28852197663617,-40.4145814407672,-15.2038928245195));
#14577=CARTESIAN_POINT('Ctrl Pts',(5.98065130153506,-40.3735871616619,-15.4757281862568));
#14578=CARTESIAN_POINT('Ctrl Pts',(5.81803948768918,-40.3579589949684,-15.5787495346512));
#14579=CARTESIAN_POINT('Ctrl Pts',(5.46970337325566,-40.335030149377,-15.7281493200659));
#14580=CARTESIAN_POINT('Ctrl Pts',(5.28681376243254,-40.3277050243889,-15.7747336604513));
#14581=CARTESIAN_POINT('Ctrl Pts',(4.88916551311505,-40.3211562374955,-15.81188177573));
#14582=CARTESIAN_POINT('Ctrl Pts',(4.67666844114984,-40.323136158087,-15.7942467339286));
#14583=CARTESIAN_POINT('Ctrl Pts',(4.24325609281722,-40.3384498192792,-15.6796025166584));
#14584=CARTESIAN_POINT('Ctrl Pts',(4.0288810185496,-40.3529433967556,-15.5745777052874));
#14585=CARTESIAN_POINT('Ctrl Pts',(3.64966351072228,-40.3931073566483,-15.285457744866));
#14586=CARTESIAN_POINT('Ctrl Pts',(3.48978957892267,-40.4185702641368,-15.1028400906511));
#14587=CARTESIAN_POINT('Ctrl Pts',(3.25520129275257,-40.4757379664311,-14.6933030705924));
#14588=CARTESIAN_POINT('Ctrl Pts',(3.18000852923099,-40.5066929221065,-14.4717460414342));
#14589=CARTESIAN_POINT('Ctrl Pts',(3.11642153883798,-40.5723380584609,-14.0036446277344));
#14590=CARTESIAN_POINT('Ctrl Pts',(3.132222628686,-40.6065139553787,-13.76088005475));
#14591=CARTESIAN_POINT('Ctrl Pts',(3.25046382836401,-40.6684661347988,-13.3253326708675));
#14592=CARTESIAN_POINT('Ctrl Pts',(3.3408413841438,-40.6960637071919,-13.1332651900699));
#14593=CARTESIAN_POINT('Ctrl Pts',(3.56613736344577,-40.7426443291637,-12.814517140404));
#14594=CARTESIAN_POINT('Ctrl Pts',(3.69118625312583,-40.7620462489999,-12.6840902893766));
#14595=CARTESIAN_POINT('Ctrl Pts',(3.97869869397169,-40.7958371782731,-12.4625170169866));
#14596=CARTESIAN_POINT('Ctrl Pts',(4.1400862424649,-40.809934265074,-12.3733992556621));
#14597=CARTESIAN_POINT('Ctrl Pts',(4.51165869267275,-40.8327849491987,-12.2370516864475));
#14598=CARTESIAN_POINT('Ctrl Pts',(4.72246731831243,-40.8401646920216,-12.199693723862));
#14599=CARTESIAN_POINT('Ctrl Pts',(5.17104716876422,-40.8443547014187,-12.2003439486454));
#14600=CARTESIAN_POINT('Ctrl Pts',(5.40453603483919,-40.8398580670449,-12.2470841608317));
#14601=CARTESIAN_POINT('Ctrl Pts',(5.84265574424859,-40.8174849411184,-12.4288639461775));
#14602=CARTESIAN_POINT('Ctrl Pts',(6.0422474141894,-40.7996797811605,-12.5630259826017));
#14603=CARTESIAN_POINT('Ctrl Pts',(6.37592674081641,-40.7532338925718,-12.8990861333373));
#14604=CARTESIAN_POINT('Ctrl Pts',(6.5072486475918,-40.7251461893059,-13.0971055998109));
#14605=CARTESIAN_POINT('Ctrl Pts',(6.6853215113347,-40.6628303428695,-13.5293146480623));
#14606=CARTESIAN_POINT('Ctrl Pts',(6.73132230013966,-40.6292323906547,-13.7592474990635));
#14607=CARTESIAN_POINT('Ctrl Pts',(6.73245092443435,-40.5946238668623,-13.9942369023617));
#14608=CARTESIAN_POINT('Ctrl Pts',(6.73245784314914,-40.5941994181068,-13.9971186010651));
#14609=CARTESIAN_POINT('Ctrl Pts',(6.73245784314956,-40.5937749729002,-13.9999999997429));
#14610=CARTESIAN_POINT('Ctrl Pts',(6.73259375200698,-40.5937749729002,-13.9995260680674));
#14611=CARTESIAN_POINT('Ctrl Pts',(6.73258787360556,-40.5760131500451,-14.1201258849102));
#14612=CARTESIAN_POINT('Ctrl Pts',(6.72047405999441,-40.5582585129801,-14.2401979410296));
#14613=CARTESIAN_POINT('Ctrl Pts',(6.69654681348093,-40.5407938669538,-14.3579611885755));
#14614=CARTESIAN_POINT('Ctrl Pts',(6.67579308258716,-40.5256455897134,-14.4601052755421));
#14615=CARTESIAN_POINT('Ctrl Pts',(6.64615056389791,-40.5107154806947,-14.5605121324764));
#14616=CARTESIAN_POINT('Ctrl Pts',(6.60784061492543,-40.4961880830083,-14.6580052262133));
#14617=CARTESIAN_POINT('',(22.5929859893435,-40.4676751509316,-14.6947274830459));
#14618=CARTESIAN_POINT('',(22.7324578431495,-40.5633201417527,-14.0000000005104));
#14619=CARTESIAN_POINT('Ctrl Pts',(22.5929859893435,-40.4676751509316,-14.6947274830459));
#14620=CARTESIAN_POINT('Ctrl Pts',(22.5459345229895,-40.4522503916945,-14.8071892556219));
#14621=CARTESIAN_POINT('Ctrl Pts',(22.4875421202584,-40.4375283771849,-14.9146701073417));
#14622=CARTESIAN_POINT('Ctrl Pts',(22.3495375476578,-40.4098909091915,-15.1166450928273));
#14623=CARTESIAN_POINT('Ctrl Pts',(22.2702039011943,-40.397052193541,-15.2105794157571));
#14624=CARTESIAN_POINT('Ctrl Pts',(22.0210695836628,-40.3642781503224,-15.4507933154955));
#14625=CARTESIAN_POINT('Ctrl Pts',(21.8325971533759,-40.3474327657165,-15.5747788234056));
#14626=CARTESIAN_POINT('Ctrl Pts',(21.4090855133937,-40.3238035103244,-15.7515753216611));
#14627=CARTESIAN_POINT('Ctrl Pts',(21.1765174579804,-40.3177965432198,-15.7988233047658));
#14628=CARTESIAN_POINT('Ctrl Pts',(20.7439208327343,-40.318918644051,-15.8009474639643));
#14629=CARTESIAN_POINT('Ctrl Pts',(20.5478466588676,-40.3240842625849,-15.7694467685624));
#14630=CARTESIAN_POINT('Ctrl Pts',(20.1756648908122,-40.3433506040261,-15.644817405252));
#14631=CARTESIAN_POINT('Ctrl Pts',(20.0020303493736,-40.3572331844809,-15.5531425953867));
#14632=CARTESIAN_POINT('Ctrl Pts',(19.6722261151969,-40.3946731557047,-15.3037059745319));
#14633=CARTESIAN_POINT('Ctrl Pts',(19.5236222467683,-40.4188903300418,-15.1413459190322));
#14634=CARTESIAN_POINT('Ctrl Pts',(19.2799684329573,-40.476503525569,-14.7530664491257));
#14635=CARTESIAN_POINT('Ctrl Pts',(19.1944149546862,-40.510030120192,-14.52607837122));
#14636=CARTESIAN_POINT('Ctrl Pts',(19.1168858817346,-40.5798276847693,-14.0499669206087));
#14637=CARTESIAN_POINT('Ctrl Pts',(19.1266604419878,-40.6154602528472,-13.8051266514034));
#14638=CARTESIAN_POINT('Ctrl Pts',(19.2414081235281,-40.6823889184014,-13.3392504718054));
#14639=CARTESIAN_POINT('Ctrl Pts',(19.3431695350891,-40.7131453564945,-13.1220599656167));
#14640=CARTESIAN_POINT('Ctrl Pts',(19.6223542036199,-40.7654568353874,-12.744032449596));
#14641=CARTESIAN_POINT('Ctrl Pts',(19.7952339689816,-40.7867288485635,-12.5854475050502));
#14642=CARTESIAN_POINT('Ctrl Pts',(20.1878890619175,-40.8173220350392,-12.345531794082));
#14643=CARTESIAN_POINT('Ctrl Pts',(20.4027059833116,-40.8266300768256,-12.2647130191497));
#14644=CARTESIAN_POINT('Ctrl Pts',(20.8574562214806,-40.8329640595857,-12.1864408145082));
#14645=CARTESIAN_POINT('Ctrl Pts',(21.0932277803015,-40.8296055169125,-12.1920457691481));
#14646=CARTESIAN_POINT('Ctrl Pts',(21.518264370098,-40.8119115777234,-12.2860749102608));
#14647=CARTESIAN_POINT('Ctrl Pts',(21.706294098497,-40.7992716041152,-12.362413314162));
#14648=CARTESIAN_POINT('Ctrl Pts',(22.0356008761947,-40.767694273591,-12.5655852826817));
#14649=CARTESIAN_POINT('Ctrl Pts',(22.1773565231216,-40.7495155095146,-12.686793758189));
#14650=CARTESIAN_POINT('Ctrl Pts',(22.4273731803126,-40.7069375691604,-12.9779119488124));
#14651=CARTESIAN_POINT('Ctrl Pts',(22.530779803997,-40.68246831475,-13.1487543591995));
#14652=CARTESIAN_POINT('Ctrl Pts',(22.6875630288049,-40.626978344506,-13.5415740373834));
#14653=CARTESIAN_POINT('Ctrl Pts',(22.7310097903232,-40.5959761384601,-13.7640611339302));
#14654=CARTESIAN_POINT('Ctrl Pts',(22.7324459842919,-40.5643642988874,-13.9924547612295));
#14655=CARTESIAN_POINT('Ctrl Pts',(22.7324578431516,-40.5638421542653,-13.9962276492918));
#14656=CARTESIAN_POINT('Ctrl Pts',(22.7324578431495,-40.5633201417527,-14.0000000010198));
#14657=CARTESIAN_POINT('Ctrl Pts',(22.7324578431495,-40.5633201417527,-14.0000000010198));
#14658=CARTESIAN_POINT('Ctrl Pts',(22.7324578430147,-40.5303423437939,-14.2383158461708));
#14659=CARTESIAN_POINT('Ctrl Pts',(22.6851284535321,-40.4978819741352,-14.4744898229864));
#14660=CARTESIAN_POINT('Ctrl Pts',(22.5929859893435,-40.4676751509316,-14.6947274830459));
#14661=CARTESIAN_POINT('Ctrl Pts',(0.932457843150378,-39.9999999999999,
19.9999999999993));
#14662=CARTESIAN_POINT('Ctrl Pts',(3.27323489593906,-40.9199724465788,18.326137587064));
#14663=CARTESIAN_POINT('Ctrl Pts',(5.61401194872774,-41.8399448931577,16.6522751741288));
#14664=CARTESIAN_POINT('Ctrl Pts',(7.95478900151641,-42.7599173397366,14.9784127611936));
#14665=CARTESIAN_POINT('Ctrl Pts',(0.932457843150315,-39.9999999999998,
16.3809523809516));
#14666=CARTESIAN_POINT('Ctrl Pts',(2.88723081768687,-40.9199724465787,15.6035704177918));
#14667=CARTESIAN_POINT('Ctrl Pts',(4.84219230025544,-41.8399448931576,14.8226827877181));
#14668=CARTESIAN_POINT('Ctrl Pts',(6.79696527479199,-42.7599173397365,14.0453008245583));
#14669=CARTESIAN_POINT('Ctrl Pts',(0.93245784315019,-39.9999999999996,9.1428571428564));
#14670=CARTESIAN_POINT('Ctrl Pts',(2.28111071608909,-40.9199724465785,9.9370168842497));
#14671=CARTESIAN_POINT('Ctrl Pts',(3.63021157565109,-41.8399448931574,10.7316946717149));
#14672=CARTESIAN_POINT('Ctrl Pts',(4.97886444859,-42.7599173397363,11.5258544131082));
#14673=CARTESIAN_POINT('Ctrl Pts',(0.932457843150033,-39.9999999999994,
0.0952380952373656));
#14674=CARTESIAN_POINT('Ctrl Pts',(2.16243747035646,-40.9199724465784,2.60972316448384));
#14675=CARTESIAN_POINT('Ctrl Pts',(3.39428843062689,-41.8399448931573,5.12419901814373));
#14676=CARTESIAN_POINT('Ctrl Pts',(4.62426805783332,-42.7599173397362,7.6386840873902));
#14677=CARTESIAN_POINT('Ctrl Pts',(0.932457843149876,-39.9999999999992,
-8.95238095238167));
#14678=CARTESIAN_POINT('Ctrl Pts',(2.54639315912251,-40.9199724465782,-4.62859396842124));
#14679=CARTESIAN_POINT('Ctrl Pts',(4.15885388612713,-41.8399448931572,-0.305026661022075));
#14680=CARTESIAN_POINT('Ctrl Pts',(5.77278920209976,-42.7599173397362,4.01876032293835));
#14681=CARTESIAN_POINT('Ctrl Pts',(0.932457843149782,-39.999999999999,-14.3809523809531));
#14682=CARTESIAN_POINT('Ctrl Pts',(3.04684238141134,-40.9199724465781,-8.83743445789539));
#14683=CARTESIAN_POINT('Ctrl Pts',(5.16606883746774,-41.8399448931572,-3.29093557255436));
#14684=CARTESIAN_POINT('Ctrl Pts',(7.2804533757293,-42.7599173397362,2.25258235050335));
#14685=CARTESIAN_POINT('Ctrl Pts',(0.932457843149719,-39.9999999999989,
-18.0000000000007));
#14686=CARTESIAN_POINT('Ctrl Pts',(3.45797747329821,-40.9199724465781,-11.526298394908));
#14687=CARTESIAN_POINT('Ctrl Pts',(5.9834971034467,-41.8399448931572,-5.05259678981527));
#14688=CARTESIAN_POINT('Ctrl Pts',(8.50901673359518,-42.7599173397363,1.42110481527745));
#14689=CARTESIAN_POINT('',(6.72673504029035,-42.2772674411083,15.8565798486159));
#14690=CARTESIAN_POINT('',(0.932457843150378,-39.9999999999999,19.9999999999993));
#14691=CARTESIAN_POINT('',(4.21661683405159,-41.2907405163656,17.651536148466));
#14692=CARTESIAN_POINT('Ctrl Pts',(6.72673504029035,-42.2772674411082,15.856579848616));
#14693=CARTESIAN_POINT('Ctrl Pts',(6.71692428259336,-42.2967669964227,15.7338410378378));
#14694=CARTESIAN_POINT('Ctrl Pts',(6.69450158757296,-42.3134622497148,15.6119674250148));
#14695=CARTESIAN_POINT('Ctrl Pts',(6.62455040151695,-42.3393823515285,15.3736645038585));
#14696=CARTESIAN_POINT('Ctrl Pts',(6.57713223305381,-42.3485002105601,15.2579300949265));
#14697=CARTESIAN_POINT('Ctrl Pts',(6.4748616014761,-42.3555625955644,15.0676489833256));
#14698=CARTESIAN_POINT('Ctrl Pts',(6.42573723084555,-42.3558448743277,14.9908390498637));
#14699=CARTESIAN_POINT('Ctrl Pts',(6.31877725301689,-42.3502967017583,14.8486221506915));
#14700=CARTESIAN_POINT('Ctrl Pts',(6.26170811627473,-42.3447531401329,14.7832090563702));
#14701=CARTESIAN_POINT('Ctrl Pts',(6.11799709438577,-42.3245440241126,14.6406119549892));
#14702=CARTESIAN_POINT('Ctrl Pts',(6.028687349174,-42.3075105324595,14.5677466772771));
#14703=CARTESIAN_POINT('Ctrl Pts',(5.73891916418818,-42.2386155026047,14.3737929266258));
#14704=CARTESIAN_POINT('Ctrl Pts',(5.52584640034195,-42.169912340322,14.2859412693442));
#14705=CARTESIAN_POINT('Ctrl Pts',(5.06090566070317,-41.9923047273828,14.1870604965659));
#14706=CARTESIAN_POINT('Ctrl Pts',(4.8106942139721,-41.8812962714273,14.1876365629113));
#14707=CARTESIAN_POINT('Ctrl Pts',(4.34186127228076,-41.6595252159605,14.283535201446));
#14708=CARTESIAN_POINT('Ctrl Pts',(4.12178699316961,-41.5487804253917,14.3753922460721));
#14709=CARTESIAN_POINT('Ctrl Pts',(3.76059085938928,-41.3619026994627,14.6194263147046));
#14710=CARTESIAN_POINT('Ctrl Pts',(3.61316709994827,-41.2834126818879,14.7584820446798));
#14711=CARTESIAN_POINT('Ctrl Pts',(3.38657834338806,-41.1591985280059,15.0616665770972));
#14712=CARTESIAN_POINT('Ctrl Pts',(3.30172226371035,-41.110974130989,15.2172318681853));
#14713=CARTESIAN_POINT('Ctrl Pts',(3.18983613748404,-41.042415072713,15.5252415830537));
#14714=CARTESIAN_POINT('Ctrl Pts',(3.15616721940814,-41.0191549928642,15.6719058995675));
#14715=CARTESIAN_POINT('Ctrl Pts',(3.13374982591204,-40.9965045167448,15.8979280488274));
#14716=CARTESIAN_POINT('Ctrl Pts',(3.1310301748209,-40.9910333602722,15.9740559663522));
#14717=CARTESIAN_POINT('Ctrl Pts',(3.13476158155011,-40.9850627499438,16.1075847363265));
#14718=CARTESIAN_POINT('Ctrl Pts',(3.13910025233114,-40.9836721358101,16.1648070133783));
#14719=CARTESIAN_POINT('Ctrl Pts',(3.15377062079432,-40.983141724033,16.2829814162234));
#14720=CARTESIAN_POINT('Ctrl Pts',(3.16451205709313,-40.984179556111,16.3437575736265));
#14721=CARTESIAN_POINT('Ctrl Pts',(3.20038333837292,-40.9901082451642,16.4995664474895));
#14722=CARTESIAN_POINT('Ctrl Pts',(3.23017521124239,-40.99690287017,16.593130703449));
#14723=CARTESIAN_POINT('Ctrl Pts',(3.3544482842051,-41.0290514638494,16.895825495729));
#14724=CARTESIAN_POINT('Ctrl Pts',(3.48059956875522,-41.0666121632841,17.0876842365598));
#14725=CARTESIAN_POINT('Ctrl Pts',(3.80332157569562,-41.164491716316,17.4220254384303));
#14726=CARTESIAN_POINT('Ctrl Pts',(4.00058297628888,-41.2250353685659,17.5578985403011));
#14727=CARTESIAN_POINT('Ctrl Pts',(4.21661683405159,-41.2907405163656,17.651536148466));
#14728=CARTESIAN_POINT('',(0.93245784315038,-39.9999999999999,19.9999999999993));
#14729=CARTESIAN_POINT('',(0.932457843150378,-39.9999999999999,19.9999999999993));
#14730=CARTESIAN_POINT('',(0.932457664339168,-39.9999999999995,4.7499999999993));
#14731=CARTESIAN_POINT('',(0.932457843149721,-39.9999999999989,-18.0000000000007));
#14732=CARTESIAN_POINT('',(2.88245784315003,-41.381262080834,4.74999999999923));
#14733=CARTESIAN_POINT('Ctrl Pts',(0.932457843150107,-39.9999999999995,
4.7499999999993));
#14734=CARTESIAN_POINT('Ctrl Pts',(1.76393406398583,-40.576648369725,4.74999999999927));
#14735=CARTESIAN_POINT('Ctrl Pts',(2.36486907331977,-41.0195086548654,4.74999999999925));
#14736=CARTESIAN_POINT('Ctrl Pts',(2.88245784315004,-41.381262080834,4.74999999999923));
#14737=CARTESIAN_POINT('',(2.88245784314988,-40.98261859807,-5.75000000000077));
#14738=CARTESIAN_POINT('Ctrl Pts',(2.88245784315004,-41.381262080834,4.74999999999923));
#14739=CARTESIAN_POINT('Ctrl Pts',(2.88245784315002,-41.3777147644387,4.08554691411275));
#14740=CARTESIAN_POINT('Ctrl Pts',(2.88245784315001,-41.3650475498346,3.42663583004558));
#14741=CARTESIAN_POINT('Ctrl Pts',(2.88245784314997,-41.2821022311148,0.461195142111919));
#14742=CARTESIAN_POINT('Ctrl Pts',(2.88245784314993,-41.1394530328381,-2.16681880186208));
#14743=CARTESIAN_POINT('Ctrl Pts',(2.88245784314988,-40.98261859807,-5.75000000000078));
#14744=CARTESIAN_POINT('',(0.932457664339168,-39.9999999999993,-5.7500000000007));
#14745=CARTESIAN_POINT('Ctrl Pts',(2.88245784314988,-40.98261859807,-5.75000000000077));
#14746=CARTESIAN_POINT('Ctrl Pts',(2.17009581593589,-40.7051321253298,-5.75000000000075));
#14747=CARTESIAN_POINT('Ctrl Pts',(1.5488841415004,-40.3803390939369,-5.75000000000072));
#14748=CARTESIAN_POINT('Ctrl Pts',(0.932457843149925,-39.9999999999993,
-5.7500000000007));
#14749=CARTESIAN_POINT('',(0.932457843149721,-39.9999999999989,-18.0000000000007));
#14750=CARTESIAN_POINT('Origin',(12.9324578431503,-42.8000000000003,8.49999999999866));
#14751=CARTESIAN_POINT('',(20.9824578431505,-39.8000000000008,8.49999999999874));
#14752=CARTESIAN_POINT('',(20.9824578431503,-42.8000000000008,8.49999999999866));
#14753=CARTESIAN_POINT('',(20.0556593705538,-39.8000000000006,4.74999999999897));
#14754=CARTESIAN_POINT('Origin',(12.9324578431505,-39.8000000000003,8.49999999999874));
#14755=CARTESIAN_POINT('',(20.0556593705538,-40.0000000000006,4.74999999999897));
#14756=CARTESIAN_POINT('',(20.0556593705537,-42.8000000000006,4.74999999999892));
#14757=CARTESIAN_POINT('',(18.93245784315,-40.0000000000006,3.13320393530565));
#14758=CARTESIAN_POINT('Origin',(12.9324578431504,-40.0000000000003,8.49999999999874));
#14759=CARTESIAN_POINT('',(18.93245784315,-39.8000000000005,3.13320393530566));
#14760=CARTESIAN_POINT('',(18.9324578431499,-42.8000000000005,3.13320393530558));
#14761=CARTESIAN_POINT('',(6.93245784315009,-39.7999999999998,3.13320393530654));
#14762=CARTESIAN_POINT('Origin',(12.9324578431505,-39.8000000000003,8.49999999999874));
#14763=CARTESIAN_POINT('',(6.93245784315007,-39.9999999999998,3.13320393530653));
#14764=CARTESIAN_POINT('',(6.93245784314991,-42.7999999999998,3.13320393530646));
#14765=CARTESIAN_POINT('',(5.80925631574693,-39.9999999999998,4.74999999999921));
#14766=CARTESIAN_POINT('Origin',(12.9324578431504,-40.0000000000003,8.49999999999874));
#14767=CARTESIAN_POINT('',(5.80925631574694,-39.7999999999998,4.74999999999922));
#14768=CARTESIAN_POINT('',(5.80925631574676,-42.7999999999998,4.74999999999916));
#14769=CARTESIAN_POINT('Origin',(12.9324578431505,-39.8000000000003,8.49999999999874));
#14770=CARTESIAN_POINT('Origin',(12.9324578431505,-39.8000000000003,8.49999999999874));
#14771=CARTESIAN_POINT('',(6.93245784315011,-39.7999999999999,4.44999999999919));
#14772=CARTESIAN_POINT('',(6.93245784315006,-39.7999999999998,1.52499999999902));
#14773=CARTESIAN_POINT('',(18.9324578431501,-39.8000000000006,4.44999999999898));
#14774=CARTESIAN_POINT('',(18.9324578431501,-39.8000000000006,6.47499999999881));
#14775=CARTESIAN_POINT('',(19.2324578431501,-39.8000000000006,4.74999999999899));
#14776=CARTESIAN_POINT('',(18.5949578431501,-39.8000000000005,4.11249999999904));
#14777=CARTESIAN_POINT('',(18.9324579325587,-39.8000000000006,4.74999999999899));
#14778=CARTESIAN_POINT('',(6.63245784315011,-39.7999999999999,4.7499999999992));
#14779=CARTESIAN_POINT('',(9.78245784315025,-39.8,4.74999999999914));
#14780=CARTESIAN_POINT('',(7.41995784315021,-39.7999999999999,3.96249999999905));
#14781=CARTESIAN_POINT('',(15.9324578431504,-39.8000000000005,8.49999999999867));
#14782=CARTESIAN_POINT('Origin',(12.9324578431504,-39.8000000000003,8.49999999999867));
#14783=CARTESIAN_POINT('',(19.7324578431504,-39.8000000000007,8.49999999999856));
#14784=CARTESIAN_POINT('Origin',(18.9324578431504,-39.8000000000007,8.49999999999856));
#14785=CARTESIAN_POINT('',(13.7324578431503,-39.8000000000003,2.49999999999862));
#14786=CARTESIAN_POINT('Origin',(12.9324578431503,-39.8000000000002,2.49999999999862));
#14787=CARTESIAN_POINT('',(13.7324578431505,-39.8000000000005,14.4999999999987));
#14788=CARTESIAN_POINT('Origin',(12.9324578431505,-39.8000000000004,14.4999999999987));
#14789=CARTESIAN_POINT('',(7.73245784315031,-39.8,8.49999999999877));
#14790=CARTESIAN_POINT('Origin',(6.93245784315033,-39.8,8.49999999999877));
#14791=CARTESIAN_POINT('Origin',(6.93245784315009,-39.9999999999999,4.44999999999919));
#14792=CARTESIAN_POINT('',(6.63245784315033,-35.9999999999999,4.7499999999993));
#14793=CARTESIAN_POINT('',(6.6324578431501,-39.9999999999999,4.7499999999992));
#14794=CARTESIAN_POINT('',(6.93245784315033,-35.9999999999999,4.44999999999929));
#14795=CARTESIAN_POINT('',(9.12680377081796,-36.,2.25565407233155));
#14796=CARTESIAN_POINT('',(6.93245784315009,-39.9999999999999,4.44999999999919));
#14797=CARTESIAN_POINT('Origin',(6.6324578431501,-39.9999999999999,4.7499999999992));
#14798=CARTESIAN_POINT('',(2.88245784315011,-39.9999999999996,4.74999999999927));
#14799=CARTESIAN_POINT('',(6.6324578431501,-39.9999999999999,4.7499999999992));
#14800=CARTESIAN_POINT('',(2.88245784315011,-39.9999999999996,4.74999999999927));
#14801=CARTESIAN_POINT('',(0.932457664339168,-39.9999999999995,4.7499999999993));
#14802=CARTESIAN_POINT('',(9.78245784315186,-36.,4.74999999999923));
#14803=CARTESIAN_POINT('',(9.78245784315186,-36.,4.74999999999923));
#14804=CARTESIAN_POINT('Origin',(19.2324578431501,-40.0000000000006,4.74999999999898));
#14805=CARTESIAN_POINT('',(18.9324578431503,-36.0000000000006,4.44999999999908));
#14806=CARTESIAN_POINT('',(18.9324578431501,-40.0000000000006,4.44999999999897));
#14807=CARTESIAN_POINT('',(19.2324578431503,-36.0000000000006,4.74999999999909));
#14808=CARTESIAN_POINT('',(16.8881119154842,-36.0000000000004,2.40565407233291));
#14809=CARTESIAN_POINT('',(19.2324578431501,-40.0000000000006,4.74999999999898));
#14810=CARTESIAN_POINT('Origin',(18.9324578431501,-40.0000000000006,4.44999999999897));
#14811=CARTESIAN_POINT('',(18.9324578431499,-40.0000000000003,-5.45000000000101));
#14812=CARTESIAN_POINT('',(18.9324578431501,-40.0000000000006,4.44999999999897));
#14813=CARTESIAN_POINT('',(18.9324578431501,-36.0000000000003,-5.45000000000089));
#14814=CARTESIAN_POINT('',(18.9324578431499,-40.0000000000003,-5.45000000000101));
#14815=CARTESIAN_POINT('',(18.9324578431503,-36.0000000000005,3.0613081446652));
#14816=CARTESIAN_POINT('Origin',(23.9320798327049,-12.9999999999799,5.62516332475735));
#14817=CARTESIAN_POINT('',(22.9324578431513,-13.,-5.74983659925767));
#14818=CARTESIAN_POINT('',(22.9324578431515,-13.0000000000003,4.74999999999934));
#14819=CARTESIAN_POINT('',(24.9317018222585,-13.0000000000001,-5.74983659925767));
#14820=CARTESIAN_POINT('Origin',(12.932079760392,-12.9999999999996,-0.500000266855558));
#14821=CARTESIAN_POINT('',(24.9317018222585,-13.0000000000001,-5.75000000000065));
#14822=CARTESIAN_POINT('',(16.0822688017717,-12.9999999999996,-5.75000000000049));
#14823=CARTESIAN_POINT('',(24.9317018222585,-12.9999999999998,-18.0000000000003));
#14824=CARTESIAN_POINT('Origin',(12.932079760392,-12.9999999999996,-0.500000266855558));
#14825=CARTESIAN_POINT('',(2.93245779893073,-12.9999999999989,-5.74983659925767));
#14826=CARTESIAN_POINT('',(24.9317018222585,-13.0000000000001,-5.74983659925767));
#14827=CARTESIAN_POINT('',(2.93245779893143,-12.9999999999989,-5.75000000000031));
#14828=CARTESIAN_POINT('',(2.93245769414287,-12.9999999999995,17.9999999999997));
#14829=CARTESIAN_POINT('',(2.93245784315131,-12.9999999999989,-5.75000000000031));
#14830=CARTESIAN_POINT('',(22.0184683208502,-12.9999999999998,-18.0000000000006));
#14831=CARTESIAN_POINT('',(22.9824578431512,-13.,-8.27500013342819));
#14832=CARTESIAN_POINT('',(22.9324578431513,-13.,-5.75000000000069));
#14833=CARTESIAN_POINT('',(22.9324578431513,-13.,-5.75000000000069));
#14834=CARTESIAN_POINT('',(22.9324578431511,-12.9999999999998,-15.0000000000007));
#14835=CARTESIAN_POINT('',(22.9324578431511,-12.9999999999998,-15.0000000000007));
#14836=CARTESIAN_POINT('',(22.9325395744179,-12.9999999999998,-16.0000000000007));
#14837=CARTESIAN_POINT('Origin',(12.9324578431518,-12.9999999999998,8.49999999999916));
#14838=CARTESIAN_POINT('',(5.93245784315117,-12.9999999999989,-14.0000000000004));
#14839=CARTESIAN_POINT('Origin',(4.93245784315117,-12.9999999999988,-14.0000000000004));
#14840=CARTESIAN_POINT('',(21.9324578431511,-12.9999999999998,-14.0000000000006));
#14841=CARTESIAN_POINT('Origin',(20.9324578431511,-12.9999999999997,-14.0000000000006));
#14842=CARTESIAN_POINT('',(19.5824578431513,-12.9999999999999,-4.5000000000006));
#14843=CARTESIAN_POINT('',(19.0824578431513,-12.9999999999998,-4.00000000000059));
#14844=CARTESIAN_POINT('Origin',(19.0824578431513,-12.9999999999998,-4.5000000000006));
#14845=CARTESIAN_POINT('',(19.5824578431512,-12.9999999999997,-9.30000000000062));
#14846=CARTESIAN_POINT('',(19.5824578431512,-12.9999999999997,-9.30000000000062));
#14847=CARTESIAN_POINT('',(19.0824578431512,-12.9999999999997,-9.80000000000061));
#14848=CARTESIAN_POINT('Origin',(19.0824578431512,-12.9999999999997,-9.3000000000006));
#14849=CARTESIAN_POINT('',(6.78245784315123,-12.999999999999,-9.80000000000041));
#14850=CARTESIAN_POINT('',(6.78245784315123,-12.999999999999,-9.80000000000041));
#14851=CARTESIAN_POINT('',(6.28245784315124,-12.999999999999,-9.30000000000039));
#14852=CARTESIAN_POINT('Origin',(6.78245784315124,-12.999999999999,-9.30000000000041));
#14853=CARTESIAN_POINT('',(6.28245784315133,-12.9999999999991,-4.50000000000042));
#14854=CARTESIAN_POINT('',(6.28245784315133,-12.9999999999991,-4.50000000000042));
#14855=CARTESIAN_POINT('',(6.78245784315133,-12.9999999999991,-4.00000000000039));
#14856=CARTESIAN_POINT('Origin',(6.78245784315133,-12.9999999999991,-4.5000000000004));
#14857=CARTESIAN_POINT('',(19.0824578431513,-12.9999999999998,-4.00000000000059));
#14858=CARTESIAN_POINT('Origin',(20.9324578431511,-12.9999999999997,-14.0000000000006));
#14859=CARTESIAN_POINT('',(21.9324578431511,-12.9999999999997,-14.0000000000006));
#14860=CARTESIAN_POINT('Origin',(4.93245784315117,-12.9999999999988,-14.0000000000004));
#14861=CARTESIAN_POINT('',(5.93245784315128,-10.9999999999988,-14.0000000000003));
#14862=CARTESIAN_POINT('Origin',(4.93245784315128,-10.9999999999988,-14.0000000000003));
#14863=CARTESIAN_POINT('',(5.93245784315117,-12.9999999999989,-14.0000000000004));
#14864=CARTESIAN_POINT('Origin',(12.9324578431518,-12.9999999999998,8.49999999999916));
#14865=CARTESIAN_POINT('Origin',(12.9320797603921,-10.9999999999996,-0.500000266855523));
#14866=CARTESIAN_POINT('',(6.73245784314726,-10.9999999999993,-14.0000000000044));
#14867=CARTESIAN_POINT('Origin',(4.93245784314726,-10.9999999999992,-14.0000000000044));
#14868=CARTESIAN_POINT('Origin',(12.9324578431545,-12.8999999999998,-11.8750000000004));
#14869=CARTESIAN_POINT('',(24.9317018222585,-12.9000000000003,-18.0000000000003));
#14870=CARTESIAN_POINT('',(24.9317018222585,-12.9000000000007,-5.75000000000063));
#14871=CARTESIAN_POINT('',(24.9317018222585,-12.9000000000006,-8.81241829962907));
#14872=CARTESIAN_POINT('',(18.9324579325615,-12.9000000000003,-5.75000000000053));
#14873=CARTESIAN_POINT('',(6.93245784315274,-12.8999999999993,-18.0000000000003));
#14874=CARTESIAN_POINT('Origin',(12.9324578431545,-12.8999999999998,-11.8750000000004));
#14875=CARTESIAN_POINT('',(7.93245782104261,-12.8999999999997,-5.74983659925767));
#14876=CARTESIAN_POINT('',(6.93245783411373,-12.8999999999996,-5.74999998246993));
#14877=CARTESIAN_POINT('Origin',(12.9320797872354,-12.8999999999996,-0.499925377980759));
#14878=CARTESIAN_POINT('',(18.9318908047469,-12.8999999999998,-5.74983659925767));
#14879=CARTESIAN_POINT('',(18.9321053857715,-12.8999999999998,-5.7503269538746));
#14880=CARTESIAN_POINT('Origin',(19.2324578431499,-40.0000000000003,-5.75000000000102));
#14881=CARTESIAN_POINT('',(24.9317018222577,-26.5000000000004,-5.75000000000088));
#14882=CARTESIAN_POINT('',(22.9824578431499,-36.0000000000005,-5.75000000000118));
#14883=CARTESIAN_POINT('Origin',(22.9815996645218,-13.0000000000003,4.75000401642266));
#14884=CARTESIAN_POINT('',(17.9566252177547,-26.65,4.74959331889522));
#14885=CARTESIAN_POINT('',(17.9569030280032,-36.0000000000005,4.74959334160083));
#14886=CARTESIAN_POINT('Origin',(24.9298424359517,-13.0000000000008,17.0001632487723));
#14887=CARTESIAN_POINT('',(18.9305238097125,-36.0000000000009,16.9996729168606));
#14888=CARTESIAN_POINT('Origin',(12.9324578431533,-36.0000000000002,1.6726162893314));
#14889=CARTESIAN_POINT('',(0.932457843150614,-35.9999999999999,19.9999999999994));
#14890=CARTESIAN_POINT('',(0.932457843150323,-35.9999999999995,3.21130814466557));
#14891=CARTESIAN_POINT('',(6.87028001666049,-36.0000000000003,19.9999999999993));
#14892=CARTESIAN_POINT('',(6.93245784315211,-36.0000000000003,19.9999999999993));
#14893=CARTESIAN_POINT('',(10.9324578431506,-36.0000000000005,21.3452325786639));
#14894=CARTESIAN_POINT('Origin',(12.9324578431506,-36.0000000000004,8.49999999999881));
#14895=CARTESIAN_POINT('',(10.9324578431506,-36.0000000000005,20.5999999999985));
#14896=CARTESIAN_POINT('',(10.9324578431506,-36.0000000000003,11.5089244339977));
#14897=CARTESIAN_POINT('',(14.9324578431506,-36.0000000000008,20.5999999999985));
#14898=CARTESIAN_POINT('',(11.932457843152,-36.0000000000006,20.5999999999985));
#14899=CARTESIAN_POINT('',(14.9324578431506,-36.0000000000008,21.3452325786639));
#14900=CARTESIAN_POINT('',(14.9324578431506,-36.0000000000005,11.136308144665));
#14901=CARTESIAN_POINT('',(18.9946356696411,-36.000000000001,19.9999999999991));
#14902=CARTESIAN_POINT('Origin',(12.9324578431506,-36.0000000000004,8.49999999999881));
#14903=CARTESIAN_POINT('',(24.9324578431506,-36.0000000000013,19.999999999999));
#14904=CARTESIAN_POINT('',(15.9635467563974,-36.0000000000008,19.9999999999991));
#14905=CARTESIAN_POINT('',(24.9324580219673,-36.0000000000009,4.74999999999902));
#14906=CARTESIAN_POINT('',(24.9324578431504,-36.0000000000011,10.8363081446651));
#14907=CARTESIAN_POINT('',(18.9324579325603,-36.0000000000006,4.74999999999916));
#14908=CARTESIAN_POINT('',(18.9324579325603,-36.0000000000006,4.74999999999916));
#14909=CARTESIAN_POINT('',(15.6518037708179,-36.0000000000002,-2.16934592766851));
#14910=CARTESIAN_POINT('',(15.8460693571948,-35.9999999999997,-18.0000000000009));
#14911=CARTESIAN_POINT('',(6.63245784315015,-35.9999999999996,-5.75000000000069));
#14912=CARTESIAN_POINT('',(6.9324577537463,-35.9999999999996,-5.75000000000069));
#14913=CARTESIAN_POINT('',(6.93245784315016,-35.9999999999996,-5.45000000000069));
#14914=CARTESIAN_POINT('',(10.063111915484,-35.9999999999999,-2.31934592766693));
#14915=CARTESIAN_POINT('',(6.93245784315022,-35.9999999999997,-1.88869185533461));
#14916=CARTESIAN_POINT('',(14.6824578431505,-36.0000000000003,2.49999999999872));
#14917=CARTESIAN_POINT('Origin',(12.9324578431505,-36.0000000000002,2.49999999999872));
#14918=CARTESIAN_POINT('',(20.6824578431507,-36.0000000000008,8.49999999999866));
#14919=CARTESIAN_POINT('Origin',(18.9324578431507,-36.0000000000007,8.49999999999866));
#14920=CARTESIAN_POINT('',(5.98245784315002,-35.9999999999992,-14.0000000000007));
#14921=CARTESIAN_POINT('Origin',(4.93245784315002,-35.9999999999992,-14.0000000000007));
#14922=CARTESIAN_POINT('',(14.6824578431507,-36.0000000000007,14.4999999999988));
#14923=CARTESIAN_POINT('Origin',(12.9324578431507,-36.0000000000006,14.4999999999988));
#14924=CARTESIAN_POINT('',(21.9324578431505,-36.0000000000012,15.9999999999991));
#14925=CARTESIAN_POINT('Origin',(20.9324578431505,-36.0000000000011,15.9999999999991));
#14926=CARTESIAN_POINT('',(5.470119996887,-36.0000000000001,15.1568396306511));
#14927=CARTESIAN_POINT('',(5.8085171031359,-36.0000000000001,15.5177965439832));
#14928=CARTESIAN_POINT('Origin',(12.9324578431506,-36.0000000000004,8.49999999999881));
#14929=CARTESIAN_POINT('Origin',(4.93245784315054,-36.0000000000002,15.9999999999993));
#14930=CARTESIAN_POINT('',(15.9324578431507,-36.0000000000005,8.49999999999881));
#14931=CARTESIAN_POINT('Origin',(12.9324578431506,-36.0000000000004,8.49999999999881));
#14932=CARTESIAN_POINT('',(8.68245784315055,-36.0000000000001,8.49999999999888));
#14933=CARTESIAN_POINT('Origin',(6.93245784315055,-36.,8.49999999999888));
#14934=CARTESIAN_POINT('',(21.98245784315,-36.0000000000002,-14.0000000000009));
#14935=CARTESIAN_POINT('Origin',(20.93245784315,-36.0000000000001,-14.0000000000009));
#14936=CARTESIAN_POINT('Origin',(0.932457752212272,-12.999999999999,4.74999999123447));
#14937=CARTESIAN_POINT('',(6.93226875821889,-26.6499999999993,4.75000001752885));
#14938=CARTESIAN_POINT('Origin',(12.9320797872346,-26.6499999999996,-0.499925377981114));
#14939=CARTESIAN_POINT('',(6.93226872578721,-26.6499999999991,-5.75000000000058));
#14940=CARTESIAN_POINT('Origin',(12.9320797872346,-26.6499999999996,-0.499925377981114));
#14941=CARTESIAN_POINT('Origin',(22.9824578431497,-36.0000000000003,-16.0500000000012));
#14942=CARTESIAN_POINT('Origin',(12.93245784315,-40.0000000000001,0.999999999999091));
#14943=CARTESIAN_POINT('',(6.93245784314992,-39.9999999999996,-5.45000000000082));
#14944=CARTESIAN_POINT('',(6.93245784314992,-39.9999999999996,-5.45000000000082));
#14945=CARTESIAN_POINT('',(6.63245784314992,-39.9999999999996,-5.75000000000081));
#14946=CARTESIAN_POINT('',(6.63245784314992,-39.9999999999996,-5.75000000000081));
#14947=CARTESIAN_POINT('',(2.88245784314993,-39.9999999999994,-5.75000000000074));
#14948=CARTESIAN_POINT('',(6.63245784314992,-39.9999999999996,-5.75000000000081));
#14949=CARTESIAN_POINT('',(2.88245784314999,-39.9999999999995,-2.37500000000074));
#14950=CARTESIAN_POINT('Origin',(22.9824578431501,-40.0000000000008,4.74999999999891));
#14951=CARTESIAN_POINT('',(22.98245784315,-41.3806343933023,4.74999999999888));
#14952=CARTESIAN_POINT('Ctrl Pts',(22.9824578431498,-41.0298620437851,-5.75000000000113));
#14953=CARTESIAN_POINT('Ctrl Pts',(22.9824578431499,-41.1734583513817,-2.48264524102296));
#14954=CARTESIAN_POINT('Ctrl Pts',(22.9824578431499,-41.297703013033,-0.0319408116509479));
#14955=CARTESIAN_POINT('Ctrl Pts',(22.9824578431499,-41.3750409438349,3.00159505854257));
#14956=CARTESIAN_POINT('Ctrl Pts',(22.98245784315,-41.386826645501,3.86693654042915));
#14957=CARTESIAN_POINT('Ctrl Pts',(22.98245784315,-41.3806343933024,4.74999999999888));
#14958=CARTESIAN_POINT('',(22.9824578431501,-40.0000000000008,4.74999999999891));
#14959=CARTESIAN_POINT('',(22.98245784315,-40.0000000000007,2.87499999999895));
#14960=CARTESIAN_POINT('',(22.9824578431501,-40.0000000000008,4.74999999999891));
#14961=CARTESIAN_POINT('Origin',(2.88245784314993,-39.9999999999994,-5.75000000000074));
#14962=CARTESIAN_POINT('',(2.88245784314993,-39.9999999999994,-5.75000000000074));
#14963=CARTESIAN_POINT('Ctrl Pts',(24.9324578431497,-40.0000000000004,-18.0000000000011));
#14964=CARTESIAN_POINT('Ctrl Pts',(22.5923818101069,-40.9196969317241,-11.3996910296035));
#14965=CARTESIAN_POINT('Ctrl Pts',(20.2523057770641,-41.8393938634478,-4.7993820592059));
#14966=CARTESIAN_POINT('Ctrl Pts',(17.9122297440213,-42.7590907951715,1.80092691119171));
#14967=CARTESIAN_POINT('Ctrl Pts',(24.9324578431497,-40.0000000000004,-14.3809523809535));
#14968=CARTESIAN_POINT('Ctrl Pts',(22.9782702872255,-40.9196969317242,-8.67685538089783));
#14969=CARTESIAN_POINT('Ctrl Pts',(21.0238942797239,-41.8393938634479,-2.96925376381115));
#14970=CARTESIAN_POINT('Ctrl Pts',(19.0697067237997,-42.7590907951716,2.73484323624452));
#14971=CARTESIAN_POINT('Ctrl Pts',(24.9324578431498,-40.0000000000006,-7.14285714285827));
#14972=CARTESIAN_POINT('Ctrl Pts',(23.5842088669825,-40.9196969317243,-3.00983119947202));
#14973=CARTESIAN_POINT('Ctrl Pts',(22.2353766733782,-41.839393863448,1.12275191094844));
#14974=CARTESIAN_POINT('Ctrl Pts',(20.8871276972108,-42.7590907951717,5.25577785433469));
#14975=CARTESIAN_POINT('Ctrl Pts',(24.93245784315,-40.0000000000009,1.90476190476079));
#14976=CARTESIAN_POINT('Ctrl Pts',(23.7028465722571,-40.9196969317245,4.31797772614078));
#14977=CARTESIAN_POINT('Ctrl Pts',(22.4712735040073,-41.8393938634482,6.73119963737088));
#14978=CARTESIAN_POINT('Ctrl Pts',(21.2416622331144,-42.7590907951719,9.14441545875087));
#14979=CARTESIAN_POINT('Ctrl Pts',(24.9324578431502,-40.0000000000011,10.9523809523798));
#14980=CARTESIAN_POINT('Ctrl Pts',(23.3190058711696,-40.9196969317247,11.5568367117467));
#14981=CARTESIAN_POINT('Ctrl Pts',(21.7069218033983,-41.8393938634483,12.1614708794169));
#14982=CARTESIAN_POINT('Ctrl Pts',(20.0934698314177,-42.7590907951719,12.7659266387838));
#14983=CARTESIAN_POINT('Ctrl Pts',(24.9324578431503,-40.0000000000012,16.3809523809513));
#14984=CARTESIAN_POINT('Ctrl Pts',(22.8187065242335,-40.9196969317248,15.7660424882403));
#14985=CARTESIAN_POINT('Ctrl Pts',(20.7001147375875,-41.8393938634483,15.1481525259895));
#14986=CARTESIAN_POINT('Ctrl Pts',(18.5863634186708,-42.7590907951718,14.5332426332786));
#14987=CARTESIAN_POINT('Ctrl Pts',(24.9324578431503,-40.0000000000013,19.9999999999989));
#14988=CARTESIAN_POINT('Ctrl Pts',(22.4076945597574,-40.9196969317248,18.4551849981856));
#14989=CARTESIAN_POINT('Ctrl Pts',(19.8829312763645,-41.8393938634483,16.9103699963723));
#14990=CARTESIAN_POINT('Ctrl Pts',(17.3581679929716,-42.7590907951718,15.365554994559));
#14991=CARTESIAN_POINT('',(24.932458021967,-40.0000000000009,4.74999999999888));
#14992=CARTESIAN_POINT('Ctrl Pts',(22.98245784315,-41.3806343933023,4.74999999999888));
#14993=CARTESIAN_POINT('Ctrl Pts',(23.4834975654767,-41.0188350200833,4.74999999999888));
#14994=CARTESIAN_POINT('Ctrl Pts',(24.0751757985374,-40.576082706575,4.74999999999888));
#14995=CARTESIAN_POINT('Ctrl Pts',(24.9324578431501,-40.0000000000009,4.74999999999888));
#14996=CARTESIAN_POINT('',(24.9324578431503,-40.0000000000013,19.9999999999989));
#14997=CARTESIAN_POINT('',(24.9324578431503,-40.0000000000013,19.9999999999989));
#14998=CARTESIAN_POINT('',(21.2811643502801,-41.3300587204774,17.7659002723487));
#14999=CARTESIAN_POINT('',(24.9324578431503,-40.0000000000013,19.9999999999989));
#15000=CARTESIAN_POINT('',(22.7324578431502,-40.9291588474841,15.9999999999665));
#15001=CARTESIAN_POINT('Ctrl Pts',(21.2811643502801,-41.3300587204774,17.7659002723487));
#15002=CARTESIAN_POINT('Ctrl Pts',(21.5106865796688,-41.261637975402,17.7205772741183));
#15003=CARTESIAN_POINT('Ctrl Pts',(21.7304525028847,-41.1963197647177,17.6306777618491));
#15004=CARTESIAN_POINT('Ctrl Pts',(22.0911617911543,-41.0891854428364,17.3913964906087));
#15005=CARTESIAN_POINT('Ctrl Pts',(22.2371619428444,-41.0458943962264,17.2559520603873));
#15006=CARTESIAN_POINT('Ctrl Pts',(22.4743105288049,-40.9775236970694,16.9479551570073));
#15007=CARTESIAN_POINT('Ctrl Pts',(22.5662203099801,-40.952137425339,16.7794947012896));
#15008=CARTESIAN_POINT('Ctrl Pts',(22.6578986979743,-40.9308683525035,16.5195069300121));
#15009=CARTESIAN_POINT('Ctrl Pts',(22.6802643525331,-40.9264634034559,16.438455248158));
#15010=CARTESIAN_POINT('Ctrl Pts',(22.7088508352439,-40.9227552683803,16.296784216834));
#15011=CARTESIAN_POINT('Ctrl Pts',(22.7178152667629,-40.9223696069352,16.2369673307116));
#15012=CARTESIAN_POINT('Ctrl Pts',(22.7295570821228,-40.9240145327001,16.118006093918));
#15013=CARTESIAN_POINT('Ctrl Pts',(22.7324578431523,-40.9259890496052,16.0589995870189));
#15014=CARTESIAN_POINT('Ctrl Pts',(22.7324578431502,-40.9291588474841,15.999999999934));
#15015=CARTESIAN_POINT('',(19.2013894880463,-42.0876594714285,16.4933582369404));
#15016=CARTESIAN_POINT('Ctrl Pts',(22.7324578431502,-40.9291588474841,15.999999999934));
#15017=CARTESIAN_POINT('Ctrl Pts',(22.7324578431501,-40.9293385760278,15.9966547046604));
#15018=CARTESIAN_POINT('Ctrl Pts',(22.7324485173164,-40.9295221469137,15.993309431612));
#15019=CARTESIAN_POINT('Ctrl Pts',(22.7319060867189,-40.934972809918,15.8960215405856));
#15020=CARTESIAN_POINT('Ctrl Pts',(22.7240312427501,-40.9432492554301,15.8025406811492));
#15021=CARTESIAN_POINT('Ctrl Pts',(22.6724612577491,-40.9821432354113,15.486243012509));
#15022=CARTESIAN_POINT('Ctrl Pts',(22.5945101908118,-41.0272592000512,15.2745210499472));
#15023=CARTESIAN_POINT('Ctrl Pts',(22.3682575482585,-41.1496607837612,14.8915423498504));
#15024=CARTESIAN_POINT('Ctrl Pts',(22.2215959286291,-41.226013178126,14.7253158317073));
#15025=CARTESIAN_POINT('Ctrl Pts',(21.8502178166894,-41.4151248768625,14.4301487278731));
#15026=CARTESIAN_POINT('Ctrl Pts',(21.6183728347818,-41.5309333914408,14.3167859528645));
#15027=CARTESIAN_POINT('Ctrl Pts',(21.1554145535194,-41.7519795135908,14.199725519369));
#15028=CARTESIAN_POINT('Ctrl Pts',(20.9267934990548,-41.8569800818148,14.1854934101661));
#15029=CARTESIAN_POINT('Ctrl Pts',(20.4720633245522,-42.0460441394505,14.244802210102));
#15030=CARTESIAN_POINT('Ctrl Pts',(20.2467298034268,-42.1292796190464,14.3183963252574));
#15031=CARTESIAN_POINT('Ctrl Pts',(19.924577132642,-42.2219212958797,14.5029420892725));
#15032=CARTESIAN_POINT('Ctrl Pts',(19.8177496343673,-42.2472886636134,14.5804330437894));
#15033=CARTESIAN_POINT('Ctrl Pts',(19.6569305429329,-42.2762037519453,14.7271425366113));
#15034=CARTESIAN_POINT('Ctrl Pts',(19.5984235594839,-42.2842648402012,14.7885598135443));
#15035=CARTESIAN_POINT('Ctrl Pts',(19.4942233018499,-42.2940151618371,14.9147976644494));
#15036=CARTESIAN_POINT('Ctrl Pts',(19.4481593369047,-42.2961189317889,14.9786960334831));
#15037=CARTESIAN_POINT('Ctrl Pts',(19.3537126794653,-42.2956292741296,15.1296943966676));
#15038=CARTESIAN_POINT('Ctrl Pts',(19.3081561016061,-42.2916732914994,15.2180389927612));
#15039=CARTESIAN_POINT('Ctrl Pts',(19.2059043415469,-42.2728735806679,15.4642182808857));
#15040=CARTESIAN_POINT('Ctrl Pts',(19.1638284412389,-42.2525958310464,15.6265052163225));
#15041=CARTESIAN_POINT('Ctrl Pts',(19.1169515673334,-42.1895618081788,16.0282066756106));
#15042=CARTESIAN_POINT('Ctrl Pts',(19.1368264732404,-42.1416306904326,16.2668230674184));
#15043=CARTESIAN_POINT('Ctrl Pts',(19.2013894880463,-42.0876594714285,16.4933582369404));
#15044=CARTESIAN_POINT('',(24.9324578431503,-40.0000000000013,19.9999999999989));
#15045=CARTESIAN_POINT('Origin',(12.93245784315,-40.0000000000001,0.999999999999091));
#15046=CARTESIAN_POINT('',(19.2324578431501,-40.0000000000006,4.74999999999898));
#15047=CARTESIAN_POINT('',(18.9324578431499,-40.0000000000003,-5.45000000000101));
#15048=CARTESIAN_POINT('Ctrl Pts',(24.9324578431503,-40.0000000000013,19.9999999999989));
#15049=CARTESIAN_POINT('Ctrl Pts',(22.4572351630101,-40.9016507485016,18.4854971734327));
#15050=CARTESIAN_POINT('Ctrl Pts',(19.9820124828699,-41.803301497002,16.9709943468665));
#15051=CARTESIAN_POINT('Ctrl Pts',(17.5067898027296,-42.7049522455023,15.4564915203002));
#15052=CARTESIAN_POINT('Ctrl Pts',(20.3610292717218,-40.0000000000011,19.999999999999));
#15053=CARTESIAN_POINT('Ctrl Pts',(18.8516740116473,-40.9016507485014,18.8100796577508));
#15054=CARTESIAN_POINT('Ctrl Pts',(17.3400017856718,-41.8033014970018,17.6116445044117));
#15055=CARTESIAN_POINT('Ctrl Pts',(15.8306465255973,-42.7049522455022,16.4217241621635));
#15056=CARTESIAN_POINT('Ctrl Pts',(12.3610292717218,-40.0000000000006,19.9999999999991));
#15057=CARTESIAN_POINT('Ctrl Pts',(12.3393415582644,-40.9016507485011,19.0463554813096));
#15058=CARTESIAN_POINT('Ctrl Pts',(12.317795106007,-41.8033014970015,18.095352494726));
#15059=CARTESIAN_POINT('Ctrl Pts',(12.2961073925496,-42.704952245502,17.1417079760365));
#15060=CARTESIAN_POINT('Ctrl Pts',(4.3610292717218,-40.0000000000001,19.9999999999992));
#15061=CARTESIAN_POINT('Ctrl Pts',(5.90872742116027,-40.9016507485007,18.6322085777478));
#15062=CARTESIAN_POINT('Ctrl Pts',(7.45866334769909,-41.8033014970012,17.2645036689676));
#15063=CARTESIAN_POINT('Ctrl Pts',(9.00636149713756,-42.7049522455018,15.8967122467162));
#15064=CARTESIAN_POINT('Ctrl Pts',(0.932457843150374,-39.9999999999999,
19.9999999999993));
#15065=CARTESIAN_POINT('Ctrl Pts',(3.22661718408335,-40.9016507485005,18.3594733699654));
#15066=CARTESIAN_POINT('Ctrl Pts',(5.52077652501633,-41.8033014970011,16.7189467399316));
#15067=CARTESIAN_POINT('Ctrl Pts',(7.81493586594931,-42.7049522455017,15.0784201098978));
#15068=CARTESIAN_POINT('Ctrl Pts',(19.2013894880463,-42.0876594714285,16.4933582369404));
#15069=CARTESIAN_POINT('Ctrl Pts',(19.2430755957732,-42.0252072761866,16.6396241681245));
#15070=CARTESIAN_POINT('Ctrl Pts',(19.3029495194561,-41.9595548294251,16.7793906036226));
#15071=CARTESIAN_POINT('Ctrl Pts',(19.4591958918056,-41.8254568711859,17.0462254445146));
#15072=CARTESIAN_POINT('Ctrl Pts',(19.557398727856,-41.7569531875746,17.1725593458503));
#15073=CARTESIAN_POINT('Ctrl Pts',(19.8052230806415,-41.6179011550532,17.415729144953));
#15074=CARTESIAN_POINT('Ctrl Pts',(19.9603942185275,-41.549154829479,17.5272180592087));
#15075=CARTESIAN_POINT('Ctrl Pts',(20.2726749544105,-41.4467120664148,17.6819102493246));
#15076=CARTESIAN_POINT('Ctrl Pts',(20.4219776921553,-41.4092776713651,17.7334554672614));
#15077=CARTESIAN_POINT('Ctrl Pts',(20.6617762521522,-41.3673892417781,17.781561128011));
#15078=CARTESIAN_POINT('Ctrl Pts',(20.7465841890559,-41.3557860671014,17.7924333903566));
#15079=CARTESIAN_POINT('Ctrl Pts',(20.9012080841561,-41.340328186523,17.8010523002389));
#15080=CARTESIAN_POINT('Ctrl Pts',(20.9704265175053,-41.3354286119132,17.80093390131));
#15081=CARTESIAN_POINT('Ctrl Pts',(21.1207179713213,-41.32903123621,17.7919706102285));
#15082=CARTESIAN_POINT('Ctrl Pts',(21.2014086302008,-41.3282801393986,17.7816493715521));
#15083=CARTESIAN_POINT('Ctrl Pts',(21.2811643502801,-41.3300587204774,17.7659002723488));
#15084=CARTESIAN_POINT('',(18.9946356696409,-40.000000000001,19.999999999999));
#15085=CARTESIAN_POINT('',(24.9324578431503,-40.0000000000013,19.9999999999989));
#15086=CARTESIAN_POINT('',(6.87028001666025,-40.0000000000003,19.9999999999992));
#15087=CARTESIAN_POINT('Ctrl Pts',(6.87028001666025,-40.0000000000003,19.9999999999992));
#15088=CARTESIAN_POINT('Ctrl Pts',(8.31957738739505,-40.0000000000003,19.9999999999991));
#15089=CARTESIAN_POINT('Ctrl Pts',(12.3610292717219,-40.0000000000006,19.9999999999991));
#15090=CARTESIAN_POINT('Ctrl Pts',(16.4024811560488,-40.0000000000008,19.999999999999));
#15091=CARTESIAN_POINT('Ctrl Pts',(18.9946356696409,-40.000000000001,19.999999999999));
#15092=CARTESIAN_POINT('',(24.9324578431503,-40.0000000000013,19.9999999999989));
#15093=CARTESIAN_POINT('',(6.73245784315017,-42.2284384216794,15.9999999999979));
#15094=CARTESIAN_POINT('Ctrl Pts',(4.21661683405158,-41.2907405163656,17.651536148466));
#15095=CARTESIAN_POINT('Ctrl Pts',(4.32742375342705,-41.2774818282639,17.6995642446445));
#15096=CARTESIAN_POINT('Ctrl Pts',(4.44308904439201,-41.2688285417357,17.7364527671336));
#15097=CARTESIAN_POINT('Ctrl Pts',(4.64373934995273,-41.2635100657833,17.7786593794132));
#15098=CARTESIAN_POINT('Ctrl Pts',(4.72661129564134,-41.2639611269095,17.7901422052436));
#15099=CARTESIAN_POINT('Ctrl Pts',(4.88359817577158,-41.2700924615245,17.8008493127592));
#15100=CARTESIAN_POINT('Ctrl Pts',(4.95729480257347,-41.2751434588867,17.8013284658911));
#15101=CARTESIAN_POINT('Ctrl Pts',(5.12392769632447,-41.291664267921,17.7922223200698));
#15102=CARTESIAN_POINT('Ctrl Pts',(5.21612671132563,-41.3044506644952,17.7799091124333));
#15103=CARTESIAN_POINT('Ctrl Pts',(5.47550649673576,-41.3510366013959,17.7247999668401));
#15104=CARTESIAN_POINT('Ctrl Pts',(5.63574087307085,-41.3930440841856,17.665393909386));
#15105=CARTESIAN_POINT('Ctrl Pts',(5.98541127429859,-41.5146098888243,17.4777561926017));
#15106=CARTESIAN_POINT('Ctrl Pts',(6.16077629338478,-41.6011516297877,17.3341577299865));
#15107=CARTESIAN_POINT('Ctrl Pts',(6.46959540967083,-41.8028061652481,16.9709435328372));
#15108=CARTESIAN_POINT('Ctrl Pts',(6.59175635183819,-41.9199634979271,16.7429917851359));
#15109=CARTESIAN_POINT('Ctrl Pts',(6.70833462281413,-42.1004009025008,16.3375319611421));
#15110=CARTESIAN_POINT('Ctrl Pts',(6.73245784315018,-42.1681180731737,16.1702394577529));
#15111=CARTESIAN_POINT('Ctrl Pts',(6.73245784315017,-42.2284384216794,15.9999999999965));
#15112=CARTESIAN_POINT('Ctrl Pts',(6.73245784315017,-42.2284384216794,15.9999999999965));
#15113=CARTESIAN_POINT('Ctrl Pts',(6.73245784315017,-42.2453091852321,15.952386388499));
#15114=CARTESIAN_POINT('Ctrl Pts',(6.73056896868412,-42.2616083284707,15.9045447282097));
#15115=CARTESIAN_POINT('Ctrl Pts',(6.72673504029035,-42.2772674411082,15.856579848616));
#15116=CARTESIAN_POINT('Origin',(12.9324578431531,-40.0000000000001,1.67261628933133));
#15117=CARTESIAN_POINT('',(14.9324578431504,-40.0000000000008,21.3452325786638));
#15118=CARTESIAN_POINT('Origin',(12.9324578431504,-40.0000000000003,8.49999999999866));
#15119=CARTESIAN_POINT('',(14.9324578431504,-40.0000000000007,20.5999999999984));
#15120=CARTESIAN_POINT('',(14.9324578431504,-40.0000000000008,22.5999999999984));
#15121=CARTESIAN_POINT('',(10.9324578431504,-40.0000000000005,20.5999999999984));
#15122=CARTESIAN_POINT('',(14.9324578431504,-40.0000000000007,20.5999999999984));
#15123=CARTESIAN_POINT('',(10.9324578431504,-40.0000000000005,21.3452325786638));
#15124=CARTESIAN_POINT('',(10.9324578431504,-40.0000000000005,20.5999999999984));
#15125=CARTESIAN_POINT('Origin',(12.9324578431504,-40.0000000000003,8.49999999999866));
#15126=CARTESIAN_POINT('Origin',(12.9324578431532,-38.0000000000001,1.67261628933137));
#15127=CARTESIAN_POINT('',(6.73245784315042,-38.0000000000002,15.9999999999992));
#15128=CARTESIAN_POINT('Origin',(4.93245784315042,-38.0000000000001,15.9999999999992));
#15129=CARTESIAN_POINT('',(5.80851710313579,-38.0000000000001,15.5177965439831));
#15130=CARTESIAN_POINT('',(5.47011999688688,-38.0000000000001,15.156839630651));
#15131=CARTESIAN_POINT('Origin',(12.9324578431505,-38.0000000000004,8.49999999999874));
#15132=CARTESIAN_POINT('Origin',(4.93245784315042,-38.0000000000002,15.9999999999993));
#15133=CARTESIAN_POINT('Origin',(12.9324578431532,-38.0000000000001,1.67261628933137));
#15134=CARTESIAN_POINT('',(6.7324578431499,-37.9999999999994,-14.0000000000008));
#15135=CARTESIAN_POINT('Origin',(4.9324578431499,-37.9999999999993,-14.0000000000008));
#15136=CARTESIAN_POINT('',(5.9824578431499,-37.9999999999992,-14.0000000000007));
#15137=CARTESIAN_POINT('Origin',(4.9324578431499,-37.9999999999992,-14.0000000000007));
#15138=CARTESIAN_POINT('Origin',(12.9324578431532,-38.0000000000001,1.67261628933137));
#15139=CARTESIAN_POINT('',(22.7324578431499,-38.0000000000003,-14.000000000001));
#15140=CARTESIAN_POINT('Origin',(20.9324578431498,-38.0000000000002,-14.000000000001));
#15141=CARTESIAN_POINT('',(21.9824578431498,-38.0000000000001,-14.000000000001));
#15142=CARTESIAN_POINT('Origin',(20.9324578431498,-38.0000000000001,-14.000000000001));
#15143=CARTESIAN_POINT('Origin',(12.9324578431532,-38.0000000000001,1.67261628933137));
#15144=CARTESIAN_POINT('',(22.7324578431504,-38.0000000000011,15.999999999999));
#15145=CARTESIAN_POINT('Origin',(20.9324578431504,-38.000000000001,15.999999999999));
#15146=CARTESIAN_POINT('',(21.9324578431504,-38.0000000000011,15.999999999999));
#15147=CARTESIAN_POINT('Origin',(20.9324578431504,-38.0000000000011,15.999999999999));
#15148=CARTESIAN_POINT('Origin',(12.9324578431504,-38.0000000000002,2.49999999999869));
#15149=CARTESIAN_POINT('',(14.6824578431504,-38.0000000000003,2.49999999999869));
#15150=CARTESIAN_POINT('',(14.6824578431504,-38.0000000000003,2.49999999999869));
#15151=CARTESIAN_POINT('Origin',(12.9324578431504,-38.0000000000002,2.49999999999869));
#15152=CARTESIAN_POINT('Origin',(18.9324578431505,-38.0000000000007,8.49999999999863));
#15153=CARTESIAN_POINT('',(20.6824578431505,-38.0000000000008,8.49999999999863));
#15154=CARTESIAN_POINT('',(20.6824578431505,-38.0000000000008,8.49999999999863));
#15155=CARTESIAN_POINT('Origin',(18.9324578431505,-38.0000000000007,8.49999999999863));
#15156=CARTESIAN_POINT('Origin',(4.9324578431499,-37.9999999999992,-14.0000000000007));
#15157=CARTESIAN_POINT('',(5.9824578431499,-37.9999999999993,-14.0000000000007));
#15158=CARTESIAN_POINT('Origin',(12.9324578431506,-38.0000000000006,14.4999999999988));
#15159=CARTESIAN_POINT('',(14.6824578431506,-38.0000000000007,14.4999999999988));
#15160=CARTESIAN_POINT('',(14.6824578431506,-38.0000000000007,14.4999999999988));
#15161=CARTESIAN_POINT('Origin',(12.9324578431506,-38.0000000000005,14.4999999999988));
#15162=CARTESIAN_POINT('Origin',(20.9324578431504,-38.0000000000011,15.999999999999));
#15163=CARTESIAN_POINT('',(21.9324578431504,-38.0000000000012,15.999999999999));
#15164=CARTESIAN_POINT('Origin',(4.93245784315042,-38.0000000000002,15.9999999999993));
#15165=CARTESIAN_POINT('',(5.47011999688688,-38.0000000000001,15.156839630651));
#15166=CARTESIAN_POINT('',(5.80851710313579,-38.0000000000001,15.5177965439831));
#15167=CARTESIAN_POINT('Origin',(12.9324578431505,-38.0000000000004,8.49999999999874));
#15168=CARTESIAN_POINT('Origin',(6.93245784315043,-38.,8.49999999999884));
#15169=CARTESIAN_POINT('',(8.68245784315044,-38.0000000000001,8.49999999999884));
#15170=CARTESIAN_POINT('',(8.68245784315044,-38.0000000000001,8.49999999999884));
#15171=CARTESIAN_POINT('Origin',(6.93245784315043,-38.,8.49999999999884));
#15172=CARTESIAN_POINT('Origin',(20.9324578431498,-38.0000000000001,-14.000000000001));
#15173=CARTESIAN_POINT('',(21.9824578431498,-38.0000000000002,-14.000000000001));
#15174=CARTESIAN_POINT('Origin',(12.9324578431532,-38.0000000000001,1.67261628933137));
#15175=CARTESIAN_POINT('',(7.73245784315042,-38.,8.49999999999881));
#15176=CARTESIAN_POINT('Origin',(6.93245784315043,-38.,8.49999999999881));
#15177=CARTESIAN_POINT('Origin',(12.9324578431532,-38.0000000000001,1.67261628933137));
#15178=CARTESIAN_POINT('',(13.7324578431506,-38.0000000000005,14.4999999999987));
#15179=CARTESIAN_POINT('Origin',(12.9324578431506,-38.0000000000005,14.4999999999987));
#15180=CARTESIAN_POINT('Origin',(12.9324578431532,-38.0000000000001,1.67261628933137));
#15181=CARTESIAN_POINT('',(19.7324578431505,-38.0000000000007,8.49999999999859));
#15182=CARTESIAN_POINT('Origin',(18.9324578431505,-38.0000000000007,8.49999999999859));
#15183=CARTESIAN_POINT('Origin',(12.9324578431532,-38.0000000000001,1.67261628933137));
#15184=CARTESIAN_POINT('',(13.7324578431504,-38.0000000000002,2.49999999999865));
#15185=CARTESIAN_POINT('Origin',(12.9324578431504,-38.0000000000002,2.49999999999865));
#15186=CARTESIAN_POINT('Origin',(6.93245784315032,-39.9999999999999,8.49999999999877));
#15187=CARTESIAN_POINT('',(7.7324578431503,-40.,8.49999999999877));
#15188=CARTESIAN_POINT('Origin',(12.9324578431505,-40.0000000000005,14.4999999999987));
#15189=CARTESIAN_POINT('',(13.7324578431505,-40.0000000000005,14.4999999999987));
#15190=CARTESIAN_POINT('Origin',(20.9324578431503,-40.000000000001,15.9999999999989));
#15191=CARTESIAN_POINT('',(22.7324578431503,-40.0000000000011,15.9999999999989));
#15192=CARTESIAN_POINT('Origin',(20.9324578431497,-40.0000000000002,-14.0000000000011));
#15193=CARTESIAN_POINT('',(22.7324578431497,-40.0000000000003,-14.0000000000011));
#15194=CARTESIAN_POINT('Origin',(4.93245784314978,-39.9999999999993,-14.0000000000008));
#15195=CARTESIAN_POINT('',(6.73245784314978,-39.9999999999994,-14.0000000000008));
#15196=CARTESIAN_POINT('Origin',(12.9324578431503,-40.0000000000002,2.49999999999861));
#15197=CARTESIAN_POINT('',(13.7324578431503,-40.0000000000002,2.49999999999861));
#15198=CARTESIAN_POINT('Origin',(4.9324578431503,-40.0000000000001,15.9999999999992));
#15199=CARTESIAN_POINT('',(6.7324578431503,-40.0000000000002,15.9999999999992));
#15200=CARTESIAN_POINT('Origin',(18.9324578431504,-40.0000000000007,8.49999999999856));
#15201=CARTESIAN_POINT('',(19.7324578431504,-40.0000000000007,8.49999999999856));
#15202=CARTESIAN_POINT('Origin',(12.9324578431504,-40.0000000000003,8.49999999999866));
#15203=CARTESIAN_POINT('',(15.9324578431504,-40.0000000000005,8.49999999999866));
#15204=CARTESIAN_POINT('Origin',(6.63245784314992,-39.9999999999996,-5.75000000000081));
#15205=CARTESIAN_POINT('',(6.93245784314992,-39.9999999999996,-5.45000000000082));
#15206=CARTESIAN_POINT('',(6.63245784314992,-39.9999999999996,-5.75000000000081));
#15207=CARTESIAN_POINT('Origin',(0.932457664339168,-39.9999999999993,-5.7500000000007));
#15208=CARTESIAN_POINT('',(0.932457664339168,-39.9999999999993,-5.7500000000007));
#15209=CARTESIAN_POINT('Origin',(18.9324578431499,-40.0000000000003,-5.45000000000101));
#15210=CARTESIAN_POINT('Origin',(24.932458021967,-40.0000000000009,4.74999999999888));
#15211=CARTESIAN_POINT('',(24.932458021967,-40.0000000000009,4.74999999999888));
#15212=CARTESIAN_POINT('Origin',(24.9324578431503,-40.0000000000013,19.9999999999989));
#15213=CARTESIAN_POINT('',(24.9324578431503,-40.0000000000013,19.9999999999989));
#15214=CARTESIAN_POINT('Origin',(18.9946356696409,-40.000000000001,19.999999999999));
#15215=CARTESIAN_POINT('',(18.9946356696409,-40.000000000001,19.999999999999));
#15216=CARTESIAN_POINT('Origin',(12.9324578431504,-40.0000000000003,8.49999999999866));
#15217=CARTESIAN_POINT('',(14.9324578431504,-40.0000000000008,21.3452325786638));
#15218=CARTESIAN_POINT('Origin',(14.9324578431504,-40.0000000000007,20.5999999999984));
#15219=CARTESIAN_POINT('',(14.9324578431504,-40.0000000000007,20.5999999999984));
#15220=CARTESIAN_POINT('Origin',(10.9324578431504,-40.0000000000005,20.5999999999984));
#15221=CARTESIAN_POINT('',(10.9324578431504,-40.0000000000005,20.5999999999984));
#15222=CARTESIAN_POINT('Origin',(10.9324578431504,-40.0000000000005,21.3452325786638));
#15223=CARTESIAN_POINT('',(10.9324578431504,-40.0000000000005,21.3452325786638));
#15224=CARTESIAN_POINT('Origin',(12.9324578431504,-40.0000000000003,8.49999999999866));
#15225=CARTESIAN_POINT('',(6.87028001666025,-40.0000000000003,19.9999999999992));
#15226=CARTESIAN_POINT('Origin',(0.93245784315038,-39.9999999999999,19.9999999999993));
#15227=CARTESIAN_POINT('',(0.93245784315038,-39.9999999999999,19.9999999999993));
#15228=CARTESIAN_POINT('Origin',(0.932457843150114,-39.9999999999995,4.7499999999993));
#15229=CARTESIAN_POINT('Origin',(6.93245784314992,-39.9999999999996,-5.45000000000082));
#15230=CARTESIAN_POINT('Origin',(47.9324579921599,-3.00000000000058,0.408202901440227));
#15231=CARTESIAN_POINT('',(47.9324579921596,-8.0000000000008,18.4999999999951));
#15232=CARTESIAN_POINT('',(47.9324579921597,-6.00000000000059,-0.100000000004883));
#15233=CARTESIAN_POINT('',(47.9324579921598,-3.90000000000058,-0.100000000004883));
#15234=CARTESIAN_POINT('',(47.9324579921597,-6.0000000000008,18.4999999999951));
#15235=CARTESIAN_POINT('',(47.9324579921598,-3.90000000000058,17.0999999999954));
#15236=CARTESIAN_POINT('',(47.9324579921599,-2.10000000000058,-0.100000000004883));
#15237=CARTESIAN_POINT('',(47.93245799216,-1.48769885299771E-13,-0.100000000004883));
#15238=CARTESIAN_POINT('',(47.9324579921599,-2.10000000000058,-0.100000000004883));
#15239=CARTESIAN_POINT('Origin',(47.9324579921597,-6.00000000000059,-0.100000000004883));
#15240=CARTESIAN_POINT('',(47.9324579921597,-6.00000000000059,-0.100000000004883));
#15241=CARTESIAN_POINT('',(47.9324579921597,-6.00000000000059,-0.100000000004883));
#15242=CARTESIAN_POINT('',(47.9324579921597,-6.00000000000059,-0.100000000004883));
#15243=CARTESIAN_POINT('Origin',(47.9324579921599,-2.10000000000062,0.816405802880595));
#15244=CARTESIAN_POINT('',(47.9324579921599,-2.10000000000058,-0.100000000004883));
#15245=CARTESIAN_POINT('Origin',(47.9324579921599,-2.10000000000058,-0.100000000004883));
#15246=CARTESIAN_POINT('Origin',(47.93245799216,-1.48769885299771E-13,-0.500000000004874));
#15247=CARTESIAN_POINT('',(22.9324578431476,-7.99999999999994,-0.500000000004874));
#15248=CARTESIAN_POINT('',(22.931272739783,-10.5000000000001,-0.500000000004873));
#15249=CARTESIAN_POINT('Origin',(47.9324579921597,-6.00000000000059,-0.500000000004874));
#15250=CARTESIAN_POINT('Origin',(24.9324578431497,-37.0000000000003,-18.0000000000011));
#15251=CARTESIAN_POINT('',(0.932457851912689,-5.99999999999917,-18.0000000000043));
#15252=CARTESIAN_POINT('',(0.932457843149721,-39.9999999999989,-18.0000000000007));
#15253=CARTESIAN_POINT('',(24.9317018222548,-6.00000000000002,-18.0000000000043));
#15254=CARTESIAN_POINT('',(24.9317018222548,-6.00000000000002,-18.0000000000043));
#15255=CARTESIAN_POINT('',(24.9317018222585,-12.9999999999998,-18.0000000000003));
#15256=CARTESIAN_POINT('Origin',(0.932457843149721,-36.999999999999,-18.0000000000007));
#15257=CARTESIAN_POINT('',(0.932457851912694,-5.99999999999917,-5.75000000876949));
#15258=CARTESIAN_POINT('',(0.932457851916337,-12.9999999999987,-5.75000000876548));
#15259=CARTESIAN_POINT('',(0.932457851912689,-5.99999999999917,-18.0000000000043));
#15260=CARTESIAN_POINT('Origin',(24.9317018222585,-10.0000000000001,-5.74983659925767));
#15261=CARTESIAN_POINT('',(24.9317018222548,-6.00000000000002,-5.74983659926168));
#15262=CARTESIAN_POINT('',(24.9317018222585,-13.0000000000001,-5.74983659925767));
#15263=CARTESIAN_POINT('Origin',(2.93245779822953,-9.99999999999887,-5.75000000000031));
#15264=CARTESIAN_POINT('',(2.93245779892708,-5.99999999999924,-5.74983659926167));
#15265=CARTESIAN_POINT('',(2.93245779893073,-9.99999999999887,-5.74983659925767));
#15266=CARTESIAN_POINT('',(2.93245779892779,-5.99999999999924,-5.75000000000431));
#15267=CARTESIAN_POINT('',(2.93245779892779,-5.99999999999924,-5.75000000000431));
#15268=CARTESIAN_POINT('',(2.93245779893143,-12.9999999999989,-5.75000000000031));
#15269=CARTESIAN_POINT('Origin',(19.0824578431513,-9.99999999999983,-4.5000000000006));
#15270=CARTESIAN_POINT('',(19.0824578431477,-5.99999999999981,-4.0000000000046));
#15271=CARTESIAN_POINT('',(19.0824578431513,-12.9999999999998,-4.00000000000059));
#15272=CARTESIAN_POINT('',(19.5824578431477,-5.99999999999981,-4.50000000000461));
#15273=CARTESIAN_POINT('Origin',(19.0824578431477,-5.99999999999981,-4.50000000000461));
#15274=CARTESIAN_POINT('',(19.5824578431513,-12.9999999999999,-4.5000000000006));
#15275=CARTESIAN_POINT('Origin',(19.0824578431513,-9.99999999999985,-4.00000000000059));
#15276=CARTESIAN_POINT('',(6.78245784314769,-5.99999999999938,-4.00000000000441));
#15277=CARTESIAN_POINT('',(6.78245784315133,-12.9999999999991,-4.00000000000039));
#15278=CARTESIAN_POINT('',(19.0824578431477,-5.99999999999981,-4.0000000000046));
#15279=CARTESIAN_POINT('Origin',(6.78245784315133,-9.99999999999912,-4.5000000000004));
#15280=CARTESIAN_POINT('',(6.28245784314768,-5.99999999999938,-4.50000000000442));
#15281=CARTESIAN_POINT('',(6.28245784315133,-12.9999999999991,-4.50000000000042));
#15282=CARTESIAN_POINT('Origin',(6.78245784314769,-5.99999999999938,-4.50000000000442));
#15283=CARTESIAN_POINT('Origin',(6.28245784315133,-9.99999999999908,-4.50000000000042));
#15284=CARTESIAN_POINT('',(6.28245784314759,-5.99999999999935,-9.30000000000438));
#15285=CARTESIAN_POINT('',(6.28245784315124,-9.99999999999896,-9.30000000000039));
#15286=CARTESIAN_POINT('',(6.28245784314768,-5.99999999999938,-4.50000000000442));
#15287=CARTESIAN_POINT('Origin',(24.9317018222585,-10.0000000000001,-5.74983659925767));
#15288=CARTESIAN_POINT('',(22.9324578431476,-5.99999999999995,-5.74983659926168));
#15289=CARTESIAN_POINT('',(22.9324578431513,-13.,-5.74983659925767));
#15290=CARTESIAN_POINT('',(24.9317018222548,-6.00000000000002,-5.7498365992617));
#15291=CARTESIAN_POINT('Origin',(0.932457851916337,-9.99999999999875,-5.75000000876548));
#15292=CARTESIAN_POINT('',(0.932457851912694,-5.99999999999917,-5.75000000876949));
#15293=CARTESIAN_POINT('Origin',(-22.0675426783899,-7.99999999999838,18.4999999999951));
#15294=CARTESIAN_POINT('Origin',(4.93245784314742,-7.9999999999993,-14.0000000000044));
#15295=CARTESIAN_POINT('',(6.73245784314752,-5.99999999999938,-14.0000000000044));
#15296=CARTESIAN_POINT('Origin',(4.93245784314752,-5.99999999999931,-14.0000000000044));
#15297=CARTESIAN_POINT('',(6.73245784314742,-7.9999999999994,-14.0000000000044));
#15298=CARTESIAN_POINT('Origin',(20.9324578431474,-7.99999999999991,-14.0000000000046));
#15299=CARTESIAN_POINT('',(22.7324578431475,-5.99999999999995,-14.0000000000046));
#15300=CARTESIAN_POINT('Origin',(20.9324578431475,-5.99999999999991,-14.0000000000046));
#15301=CARTESIAN_POINT('',(22.7324578431474,-8.,-14.0000000000046));
#15302=CARTESIAN_POINT('Origin',(12.932457656885,-5.99999999999938,0.249999999995403));
#15303=CARTESIAN_POINT('',(22.9324578431476,-5.99999999999995,-5.74983659926168));
#15304=CARTESIAN_POINT('Origin',(22.9324578431513,-10.,-5.74983659925767));
#15305=CARTESIAN_POINT('Origin',(12.932457656885,-5.99999999999938,0.249999999995403));
#15306=CARTESIAN_POINT('',(22.9324578431475,-5.99999999999991,-15.0000000000047));
#15307=CARTESIAN_POINT('',(22.9308436506286,-5.99999999999995,4.74999999999529));
#15308=CARTESIAN_POINT('',(22.9324578431476,-5.99999999999991,-5.7500000000047));
#15309=CARTESIAN_POINT('',(22.9324578431475,-5.99999999999991,-15.0000000000047));
#15310=CARTESIAN_POINT('',(22.9324578431476,-5.99999999999991,-5.7500000000047));
#15311=CARTESIAN_POINT('',(2.93245779892708,-5.99999999999924,-5.74983659926167));
#15312=CARTESIAN_POINT('',(6.78245784314759,-5.99999999999935,-9.80000000000443));
#15313=CARTESIAN_POINT('Origin',(6.7824578431476,-5.99999999999935,-9.30000000000442));
#15314=CARTESIAN_POINT('',(19.0824578431476,-5.99999999999981,-9.80000000000462));
#15315=CARTESIAN_POINT('',(6.78245784314759,-5.99999999999935,-9.80000000000443));
#15316=CARTESIAN_POINT('',(19.5824578431476,-5.99999999999981,-9.30000000000462));
#15317=CARTESIAN_POINT('Origin',(19.0824578431476,-5.99999999999981,-9.30000000000462));
#15318=CARTESIAN_POINT('',(19.5824578431476,-5.99999999999981,-9.30000000000462));
#15319=CARTESIAN_POINT('Origin',(12.932457656885,-5.99999999999938,0.249999999995403));
#15320=CARTESIAN_POINT('',(-20.0675420376427,-5.99999999999767,1.49999999999498));
#15321=CARTESIAN_POINT('',(-18.0675420078404,-5.99999999999777,1.49999999999498));
#15322=CARTESIAN_POINT('Origin',(-19.0675420227415,-5.99999999999938,1.49999999999498));
#15323=CARTESIAN_POINT('',(-18.0675420078404,-5.99999999999777,15.499999999995));
#15324=CARTESIAN_POINT('',(-18.0675420078404,-5.99999999999777,7.87499999999518));
#15325=CARTESIAN_POINT('',(-20.0675420376427,-5.99999999999767,15.499999999995));
#15326=CARTESIAN_POINT('Origin',(-19.0675420227415,-5.99999999999938,15.499999999995));
#15327=CARTESIAN_POINT('',(-20.0675420376427,-5.99999999999767,0.874999999995191));
#15328=CARTESIAN_POINT('',(-3.00087537097602,-5.99999999999855,1.49999999999498));
#15329=CARTESIAN_POINT('',(-1.0008753411737,-5.99999999999866,1.49999999999498));
#15330=CARTESIAN_POINT('Origin',(-2.00087535607486,-5.99999999999938,1.49999999999498));
#15331=CARTESIAN_POINT('',(-1.0008753411737,-5.99999999999866,15.499999999995));
#15332=CARTESIAN_POINT('',(-1.0008753411737,-5.99999999999866,7.87499999999518));
#15333=CARTESIAN_POINT('',(-3.00087537097602,-5.99999999999855,15.499999999995));
#15334=CARTESIAN_POINT('Origin',(-2.00087535607486,-5.99999999999938,15.499999999995));
#15335=CARTESIAN_POINT('',(-3.00087537097602,-5.99999999999855,0.87499999999519));
#15336=CARTESIAN_POINT('',(-7.26754203764269,-5.99999999999833,1.49999999999498));
#15337=CARTESIAN_POINT('',(-5.26754200784037,-5.99999999999844,1.49999999999498));
#15338=CARTESIAN_POINT('Origin',(-6.26754202274153,-5.99999999999938,1.49999999999498));
#15339=CARTESIAN_POINT('',(-5.26754200784037,-5.99999999999844,15.499999999995));
#15340=CARTESIAN_POINT('',(-5.26754200784036,-5.99999999999844,7.87499999999518));
#15341=CARTESIAN_POINT('',(-7.26754203764269,-5.99999999999833,15.499999999995));
#15342=CARTESIAN_POINT('Origin',(-6.26754202274153,-5.99999999999938,15.499999999995));
#15343=CARTESIAN_POINT('',(-7.26754203764269,-5.99999999999833,0.87499999999519));
#15344=CARTESIAN_POINT('',(-15.800875370976,-5.99999999999789,1.49999999999498));
#15345=CARTESIAN_POINT('',(-13.8008753411737,-5.99999999999799,1.49999999999498));
#15346=CARTESIAN_POINT('Origin',(-14.8008753560749,-5.99999999999938,1.49999999999498));
#15347=CARTESIAN_POINT('',(-13.8008753411737,-5.99999999999799,15.499999999995));
#15348=CARTESIAN_POINT('',(-13.8008753411737,-5.99999999999799,7.87499999999518));
#15349=CARTESIAN_POINT('',(-15.800875370976,-5.99999999999789,15.499999999995));
#15350=CARTESIAN_POINT('Origin',(-14.8008753560749,-5.99999999999938,15.499999999995));
#15351=CARTESIAN_POINT('',(-15.800875370976,-5.99999999999789,0.874999999995191));
#15352=CARTESIAN_POINT('',(-11.5342087043094,-5.99999999999811,1.49999999999498));
#15353=CARTESIAN_POINT('',(-9.53420867450703,-5.99999999999821,1.49999999999498));
#15354=CARTESIAN_POINT('Origin',(-10.5342086894082,-5.99999999999938,1.49999999999498));
#15355=CARTESIAN_POINT('',(-9.53420867450703,-5.99999999999821,15.499999999995));
#15356=CARTESIAN_POINT('',(-9.53420867450703,-5.99999999999821,7.87499999999518));
#15357=CARTESIAN_POINT('',(-11.5342087043094,-5.99999999999811,15.499999999995));
#15358=CARTESIAN_POINT('Origin',(-10.5342086894082,-5.99999999999938,15.499999999995));
#15359=CARTESIAN_POINT('',(-11.5342087043094,-5.99999999999811,0.87499999999519));
#15360=CARTESIAN_POINT('Origin',(12.932457656885,-5.99999999999938,0.249999999995403));
#15361=CARTESIAN_POINT('',(39.6657912956906,-6.00000000000077,1.49999999999498));
#15362=CARTESIAN_POINT('',(41.665791325493,-6.00000000000087,1.49999999999498));
#15363=CARTESIAN_POINT('Origin',(40.6657913105918,-5.99999999999938,1.49999999999498));
#15364=CARTESIAN_POINT('',(41.665791325493,-6.00000000000087,15.499999999995));
#15365=CARTESIAN_POINT('',(41.665791325493,-6.00000000000087,7.87499999999518));
#15366=CARTESIAN_POINT('',(39.6657912956906,-6.00000000000077,15.499999999995));
#15367=CARTESIAN_POINT('Origin',(40.6657913105918,-5.99999999999938,15.499999999995));
#15368=CARTESIAN_POINT('',(39.6657912956906,-6.00000000000077,0.874999999995189));
#15369=CARTESIAN_POINT('',(35.399124629024,-6.00000000000055,1.49999999999498));
#15370=CARTESIAN_POINT('',(37.3991246588263,-6.00000000000065,1.49999999999498));
#15371=CARTESIAN_POINT('Origin',(36.3991246439251,-5.99999999999938,1.49999999999498));
#15372=CARTESIAN_POINT('',(37.3991246588263,-6.00000000000065,15.499999999995));
#15373=CARTESIAN_POINT('',(37.3991246588263,-6.00000000000065,7.87499999999518));
#15374=CARTESIAN_POINT('',(35.399124629024,-6.00000000000055,15.499999999995));
#15375=CARTESIAN_POINT('Origin',(36.3991246439251,-5.99999999999938,15.499999999995));
#15376=CARTESIAN_POINT('',(35.399124629024,-6.00000000000055,0.874999999995189));
#15377=CARTESIAN_POINT('',(26.8657912956906,-6.0000000000001,1.49999999999498));
#15378=CARTESIAN_POINT('',(28.865791325493,-6.00000000000021,1.49999999999498));
#15379=CARTESIAN_POINT('Origin',(27.8657913105918,-5.99999999999938,1.49999999999498));
#15380=CARTESIAN_POINT('',(28.865791325493,-6.00000000000021,15.499999999995));
#15381=CARTESIAN_POINT('',(28.865791325493,-6.00000000000021,7.87499999999518));
#15382=CARTESIAN_POINT('',(26.8657912956906,-6.0000000000001,15.499999999995));
#15383=CARTESIAN_POINT('Origin',(27.8657913105918,-5.99999999999938,15.499999999995));
#15384=CARTESIAN_POINT('',(26.8657912956906,-6.0000000000001,0.874999999995189));
#15385=CARTESIAN_POINT('',(43.9324579623573,-6.00000000000099,15.499999999995));
#15386=CARTESIAN_POINT('',(43.9324579623573,-6.00000000000099,1.49999999999498));
#15387=CARTESIAN_POINT('',(43.9324579623573,-6.00000000000099,0.874999999995189));
#15388=CARTESIAN_POINT('',(45.9324579921596,-6.0000000000011,1.49999999999498));
#15389=CARTESIAN_POINT('Origin',(44.9324579772585,-5.99999999999938,1.49999999999498));
#15390=CARTESIAN_POINT('',(45.9324579921596,-6.0000000000011,15.499999999995));
#15391=CARTESIAN_POINT('',(45.9324579921596,-6.0000000000011,7.87499999999518));
#15392=CARTESIAN_POINT('Origin',(44.9324579772585,-5.99999999999938,15.499999999995));
#15393=CARTESIAN_POINT('',(31.1324579623573,-6.00000000000033,1.49999999999498));
#15394=CARTESIAN_POINT('',(33.1324579921596,-6.00000000000043,1.49999999999498));
#15395=CARTESIAN_POINT('Origin',(32.1324579772585,-5.99999999999938,1.49999999999498));
#15396=CARTESIAN_POINT('',(33.1324579921596,-6.00000000000043,15.499999999995));
#15397=CARTESIAN_POINT('',(33.1324579921596,-6.00000000000043,7.87499999999518));
#15398=CARTESIAN_POINT('',(31.1324579623573,-6.00000000000033,15.499999999995));
#15399=CARTESIAN_POINT('Origin',(32.1324579772585,-5.99999999999938,15.499999999995));
#15400=CARTESIAN_POINT('',(31.1324579623573,-6.00000000000033,0.874999999995189));
#15401=CARTESIAN_POINT('Origin',(47.9324579921598,-3.90000000000058,17.0999999999954));
#15402=CARTESIAN_POINT('Origin',(47.9324579921597,-6.00000000000059,17.4999999999954));
#15403=CARTESIAN_POINT('Origin',(-20.0675420376427,-7.99999999999923,1.49999999999498));
#15404=CARTESIAN_POINT('',(-20.0675420376427,-7.99999999999923,15.499999999995));
#15405=CARTESIAN_POINT('',(-20.0675420376427,-7.99999999999923,1.49999999999498));
#15406=CARTESIAN_POINT('Origin',(-19.0675420227415,-7.99999999999927,15.499999999995));
#15407=CARTESIAN_POINT('',(-18.0675420078404,-7.99999999999927,15.499999999995));
#15408=CARTESIAN_POINT('Origin',(-18.0675420078404,-7.99999999999927,15.499999999995));
#15409=CARTESIAN_POINT('',(-18.0675420078404,-7.99999999999927,1.49999999999498));
#15410=CARTESIAN_POINT('Origin',(-19.0675420227415,-7.99999999999927,1.49999999999498));
#15411=CARTESIAN_POINT('Origin',(-3.00087537097602,-7.99999999999927,1.49999999999498));
#15412=CARTESIAN_POINT('',(-3.00087537097602,-7.99999999999927,15.499999999995));
#15413=CARTESIAN_POINT('',(-3.00087537097602,-7.99999999999927,1.49999999999498));
#15414=CARTESIAN_POINT('Origin',(-2.00087535607486,-7.99999999999927,15.499999999995));
#15415=CARTESIAN_POINT('',(-1.0008753411737,-7.99999999999927,15.499999999995));
#15416=CARTESIAN_POINT('Origin',(-1.0008753411737,-7.99999999999927,15.499999999995));
#15417=CARTESIAN_POINT('',(-1.0008753411737,-7.99999999999927,1.49999999999498));
#15418=CARTESIAN_POINT('Origin',(-2.00087535607486,-7.99999999999927,1.49999999999498));
#15419=CARTESIAN_POINT('Origin',(39.6657912956906,-7.99999999999927,1.49999999999498));
#15420=CARTESIAN_POINT('',(39.6657912956906,-7.99999999999927,15.499999999995));
#15421=CARTESIAN_POINT('',(39.6657912956906,-7.99999999999927,1.49999999999498));
#15422=CARTESIAN_POINT('Origin',(40.6657913105918,-7.99999999999927,15.499999999995));
#15423=CARTESIAN_POINT('',(41.665791325493,-7.99999999999927,15.499999999995));
#15424=CARTESIAN_POINT('Origin',(41.665791325493,-7.99999999999927,15.499999999995));
#15425=CARTESIAN_POINT('',(41.665791325493,-7.99999999999927,1.49999999999498));
#15426=CARTESIAN_POINT('Origin',(40.6657913105918,-7.99999999999927,1.49999999999498));
#15427=CARTESIAN_POINT('Origin',(35.399124629024,-7.99999999999927,1.49999999999498));
#15428=CARTESIAN_POINT('',(35.399124629024,-7.99999999999927,15.499999999995));
#15429=CARTESIAN_POINT('',(35.399124629024,-7.99999999999927,1.49999999999498));
#15430=CARTESIAN_POINT('Origin',(36.3991246439251,-7.99999999999927,15.499999999995));
#15431=CARTESIAN_POINT('',(37.3991246588263,-7.99999999999927,15.499999999995));
#15432=CARTESIAN_POINT('Origin',(37.3991246588263,-7.99999999999927,15.499999999995));
#15433=CARTESIAN_POINT('',(37.3991246588263,-7.99999999999927,1.49999999999498));
#15434=CARTESIAN_POINT('Origin',(36.3991246439251,-7.99999999999927,1.49999999999498));
#15435=CARTESIAN_POINT('Origin',(-7.26754203764269,-7.99999999999927,1.49999999999498));
#15436=CARTESIAN_POINT('',(-7.26754203764269,-7.99999999999927,15.499999999995));
#15437=CARTESIAN_POINT('',(-7.26754203764269,-7.99999999999927,1.49999999999498));
#15438=CARTESIAN_POINT('Origin',(-6.26754202274153,-7.99999999999927,15.499999999995));
#15439=CARTESIAN_POINT('',(-5.26754200784037,-7.99999999999923,15.499999999995));
#15440=CARTESIAN_POINT('Origin',(-5.26754200784037,-7.99999999999923,15.499999999995));
#15441=CARTESIAN_POINT('',(-5.26754200784037,-7.99999999999923,1.49999999999498));
#15442=CARTESIAN_POINT('Origin',(-6.26754202274153,-7.99999999999927,1.49999999999498));
#15443=CARTESIAN_POINT('Origin',(-15.800875370976,-7.99999999999923,1.49999999999498));
#15444=CARTESIAN_POINT('',(-15.800875370976,-7.99999999999923,15.499999999995));
#15445=CARTESIAN_POINT('',(-15.800875370976,-7.99999999999923,1.49999999999498));
#15446=CARTESIAN_POINT('Origin',(-14.8008753560749,-7.99999999999923,15.499999999995));
#15447=CARTESIAN_POINT('',(-13.8008753411737,-7.99999999999923,15.499999999995));
#15448=CARTESIAN_POINT('Origin',(-13.8008753411737,-7.99999999999923,15.499999999995));
#15449=CARTESIAN_POINT('',(-13.8008753411737,-7.99999999999923,1.49999999999498));
#15450=CARTESIAN_POINT('Origin',(-14.8008753560749,-7.99999999999923,1.49999999999498));
#15451=CARTESIAN_POINT('Origin',(26.8657912956906,-7.99999999999923,1.49999999999498));
#15452=CARTESIAN_POINT('',(26.8657912956906,-7.99999999999923,15.499999999995));
#15453=CARTESIAN_POINT('',(26.8657912956906,-7.99999999999923,1.49999999999498));
#15454=CARTESIAN_POINT('Origin',(27.8657913105918,-7.99999999999923,15.499999999995));
#15455=CARTESIAN_POINT('',(28.865791325493,-7.99999999999923,15.499999999995));
#15456=CARTESIAN_POINT('Origin',(28.865791325493,-7.99999999999923,15.499999999995));
#15457=CARTESIAN_POINT('',(28.865791325493,-7.99999999999923,1.49999999999498));
#15458=CARTESIAN_POINT('Origin',(27.8657913105918,-7.99999999999923,1.49999999999498));
#15459=CARTESIAN_POINT('Origin',(44.9324579772585,-7.99999999999927,15.499999999995));
#15460=CARTESIAN_POINT('',(45.9324579921596,-7.99999999999927,15.499999999995));
#15461=CARTESIAN_POINT('',(43.9324579623573,-7.99999999999927,15.499999999995));
#15462=CARTESIAN_POINT('Origin',(45.9324579921596,-7.99999999999927,15.499999999995));
#15463=CARTESIAN_POINT('',(45.9324579921596,-7.99999999999927,1.49999999999498));
#15464=CARTESIAN_POINT('Origin',(44.9324579772585,-7.99999999999927,1.49999999999498));
#15465=CARTESIAN_POINT('',(43.9324579623573,-7.99999999999927,1.49999999999498));
#15466=CARTESIAN_POINT('Origin',(43.9324579623573,-7.99999999999927,1.49999999999498));
#15467=CARTESIAN_POINT('Origin',(31.1324579623573,-7.99999999999927,1.49999999999498));
#15468=CARTESIAN_POINT('',(31.1324579623573,-7.99999999999927,15.499999999995));
#15469=CARTESIAN_POINT('',(31.1324579623573,-7.99999999999927,1.49999999999498));
#15470=CARTESIAN_POINT('Origin',(32.1324579772585,-7.99999999999923,15.499999999995));
#15471=CARTESIAN_POINT('',(33.1324579921596,-7.99999999999923,15.499999999995));
#15472=CARTESIAN_POINT('Origin',(33.1324579921596,-7.99999999999923,15.499999999995));
#15473=CARTESIAN_POINT('',(33.1324579921596,-7.99999999999923,1.49999999999498));
#15474=CARTESIAN_POINT('Origin',(32.1324579772585,-7.99999999999923,1.49999999999498));
#15475=CARTESIAN_POINT('Origin',(-11.5342087043094,-7.99999999999923,1.49999999999498));
#15476=CARTESIAN_POINT('',(-11.5342087043094,-7.99999999999923,15.499999999995));
#15477=CARTESIAN_POINT('',(-11.5342087043094,-7.99999999999923,1.49999999999498));
#15478=CARTESIAN_POINT('Origin',(-10.5342086894082,-7.99999999999923,15.499999999995));
#15479=CARTESIAN_POINT('',(-9.53420867450703,-7.99999999999923,15.499999999995));
#15480=CARTESIAN_POINT('Origin',(-9.53420867450703,-7.99999999999923,15.499999999995));
#15481=CARTESIAN_POINT('',(-9.53420867450703,-7.99999999999923,1.49999999999498));
#15482=CARTESIAN_POINT('Origin',(-10.5342086894082,-7.99999999999923,1.49999999999498));
#15483=CARTESIAN_POINT('Origin',(22.9324578431513,-10.,-5.75000000000069));
#15484=CARTESIAN_POINT('',(22.9324578431513,-13.,-5.75000000000069));
#15485=CARTESIAN_POINT('Origin',(22.9324578431511,-9.99999999999981,-15.0000000000007));
#15486=CARTESIAN_POINT('',(22.9324578431511,-9.99999999999979,-15.0000000000007));
#15487=CARTESIAN_POINT('Origin',(22.9308436506322,-10.0000000000003,4.74999999999934));
#15488=CARTESIAN_POINT('Origin',(2.93245779893073,-9.99999999999885,-5.74983659925767));
#15489=CARTESIAN_POINT('Origin',(19.5824578431512,-9.99999999999974,-9.30000000000062));
#15490=CARTESIAN_POINT('',(19.5824578431512,-12.9999999999997,-9.30000000000062));
#15491=CARTESIAN_POINT('Origin',(19.0824578431512,-9.99999999999971,-9.3000000000006));
#15492=CARTESIAN_POINT('',(19.0824578431512,-12.9999999999997,-9.80000000000061));
#15493=CARTESIAN_POINT('Origin',(6.78245784315123,-9.99999999999898,-9.80000000000041));
#15494=CARTESIAN_POINT('',(6.78245784315123,-12.999999999999,-9.80000000000041));
#15495=CARTESIAN_POINT('Origin',(6.78245784315124,-9.99999999999899,-9.30000000000041));
#15496=CARTESIAN_POINT('Origin',(16.4100489098418,-3.10000000000066,5.35000000000001));
#15497=CARTESIAN_POINT('',(-14.7345115136984,-3.10000000000066,5.35000000000016));
#15498=CARTESIAN_POINT('',(-14.7345115136984,-0.499999999999865,5.35000000000016));
#15499=CARTESIAN_POINT('',(-14.7345115136984,-2.05000000000024,5.35000000000016));
#15500=CARTESIAN_POINT('',(-14.7349510901582,-3.10000000000066,5.35000000000016));
#15501=CARTESIAN_POINT('',(16.4100489098418,-3.10000000000066,5.35000000000001));
#15502=CARTESIAN_POINT('',(-14.7349510901582,-0.499999999999865,5.35000000000016));
#15503=CARTESIAN_POINT('',(-14.7349510901582,-2.45000000000046,5.35000000000016));
#15504=CARTESIAN_POINT('',(-0.662231301928299,-0.499999999999843,5.35000000000009));
#15505=CARTESIAN_POINT('Origin',(16.4100489098418,-3.10000000000066,0.9164058028809));
#15506=CARTESIAN_POINT('',(-2.43950701170273,-3.10000000000066,3.99999999999988));
#15507=CARTESIAN_POINT('',(-2.78864075058324,-3.10000000000066,5.3500000000001));
#15508=CARTESIAN_POINT('',(-1.47492726834406,-3.10000000000066,0.270246875280875));
#15509=CARTESIAN_POINT('',(-1.88495559215962,-3.10000000000066,3.99999999999988));
#15510=CARTESIAN_POINT('',(8.87022654122341,-3.10000000000066,3.99999999999988));
#15511=CARTESIAN_POINT('',(-1.53582185327912,-3.10000000000066,5.35000000000009));
#15512=CARTESIAN_POINT('',(-1.51066950005741,-3.10000000000066,5.44725693356999));
#15513=CARTESIAN_POINT('',(-0.903685158429357,-3.10000000000066,5.35000000000009));
#15514=CARTESIAN_POINT('',(7.75318187570625,-3.10000000000066,5.34999999999989));
#15515=CARTESIAN_POINT('',(-0.55455141954885,-3.10000000000066,3.99999999999988));
#15516=CARTESIAN_POINT('',(0.350944252766441,-3.10000000000066,0.498708026484207));
#15517=CARTESIAN_POINT('',(1.28587913910513E-16,-3.10000000000066,4.));
#15518=CARTESIAN_POINT('',(8.87022654122341,-3.10000000000066,3.99999999999988));
#15519=CARTESIAN_POINT('',(0.349133738880474,-3.10000000000066,5.35000000000008));
#15520=CARTESIAN_POINT('',(0.315202021058647,-3.10000000000066,5.21879578236602));
#15521=CARTESIAN_POINT('',(0.981270433730301,-3.10000000000066,5.35000000000008));
#15522=CARTESIAN_POINT('',(8.69565967178606,-3.10000000000066,5.35));
#15523=CARTESIAN_POINT('',(1.33040417261077,-3.10000000000066,4.));
#15524=CARTESIAN_POINT('',(2.17681577388253,-3.10000000000066,0.727169177688302));
#15525=CARTESIAN_POINT('',(1.88495559215388,-3.10000000000066,4.));
#15526=CARTESIAN_POINT('',(19.2374822980726,-3.10000000000066,4.));
#15527=CARTESIAN_POINT('',(2.23408933103435,-3.10000000000066,5.35000000000007));
#15528=CARTESIAN_POINT('',(2.14107354216915,-3.10000000000066,4.99033463116269));
#15529=CARTESIAN_POINT('',(2.86622602588418,-3.10000000000066,5.35000000000007));
#15530=CARTESIAN_POINT('',(9.638137467863,-3.10000000000066,5.35));
#15531=CARTESIAN_POINT('',(3.21535976476465,-3.10000000000066,4.));
#15532=CARTESIAN_POINT('',(4.00268729499303,-3.10000000000066,0.955630328891634));
#15533=CARTESIAN_POINT('',(3.76991118430775,-3.10000000000066,4.));
#15534=CARTESIAN_POINT('',(19.2374822980726,-3.10000000000066,4.));
#15535=CARTESIAN_POINT('',(4.11904492318822,-3.10000000000066,5.35000000000007));
#15536=CARTESIAN_POINT('',(3.96694506327966,-3.10000000000066,4.76187347995935));
#15537=CARTESIAN_POINT('',(4.75118161803806,-3.10000000000066,5.35000000000006));
#15538=CARTESIAN_POINT('',(10.5806152639399,-3.10000000000066,5.35));
#15539=CARTESIAN_POINT('',(5.10031535691853,-3.10000000000066,4.));
#15540=CARTESIAN_POINT('',(5.82855881610354,-3.10000000000066,1.18409148009497));
#15541=CARTESIAN_POINT('',(5.65486677646163,-3.10000000000066,4.));
#15542=CARTESIAN_POINT('',(19.2374822980726,-3.10000000000066,4.));
#15543=CARTESIAN_POINT('',(6.0040005153421,-3.10000000000066,5.35000000000006));
#15544=CARTESIAN_POINT('',(5.79281658439016,-3.10000000000066,4.53341232875602));
#15545=CARTESIAN_POINT('',(6.63613721019194,-3.10000000000066,5.35000000000005));
#15546=CARTESIAN_POINT('',(11.5230930600169,-3.10000000000066,5.35));
#15547=CARTESIAN_POINT('',(6.9852709490724,-3.10000000000066,4.));
#15548=CARTESIAN_POINT('',(7.65443033721404,-3.10000000000066,1.4125526312983));
#15549=CARTESIAN_POINT('',(7.5398223686155,-3.10000000000066,4.));
#15550=CARTESIAN_POINT('',(19.2374822980726,-3.10000000000066,4.));
#15551=CARTESIAN_POINT('',(7.88895610749597,-3.10000000000066,5.35000000000005));
#15552=CARTESIAN_POINT('',(7.61868810550066,-3.10000000000066,4.30495117755269));
#15553=CARTESIAN_POINT('',(8.52109280234582,-3.10000000000066,5.35000000000004));
#15554=CARTESIAN_POINT('',(12.4655708560938,-3.10000000000066,5.35));
#15555=CARTESIAN_POINT('',(8.87022654122628,-3.10000000000066,4.));
#15556=CARTESIAN_POINT('',(9.48030185832454,-3.10000000000066,1.64101378250163));
#15557=CARTESIAN_POINT('',(9.42477796076938,-3.10000000000066,4.));
#15558=CARTESIAN_POINT('',(19.2374822980726,-3.10000000000066,4.));
#15559=CARTESIAN_POINT('',(9.77391169964984,-3.10000000000066,5.35000000000004));
#15560=CARTESIAN_POINT('',(9.44455962661117,-3.10000000000066,4.07649002634936));
#15561=CARTESIAN_POINT('',(10.4060483944997,-3.10000000000066,5.35000000000004));
#15562=CARTESIAN_POINT('',(13.4080486521708,-3.10000000000066,5.35));
#15563=CARTESIAN_POINT('',(10.7551821333802,-3.10000000000066,4.));
#15564=CARTESIAN_POINT('',(11.306173379435,-3.10000000000066,1.86947493370496));
#15565=CARTESIAN_POINT('',(11.3097335529233,-3.10000000000066,4.));
#15566=CARTESIAN_POINT('',(19.2374822980726,-3.10000000000066,4.));
#15567=CARTESIAN_POINT('',(11.6588672918037,-3.10000000000066,5.35000000000003));
#15568=CARTESIAN_POINT('',(11.2704311477217,-3.10000000000066,3.84802887514602));
#15569=CARTESIAN_POINT('',(12.2910039866536,-3.10000000000066,5.35000000000003));
#15570=CARTESIAN_POINT('',(14.3505264482477,-3.10000000000066,5.35));
#15571=CARTESIAN_POINT('',(12.640137725534,-3.10000000000066,4.));
#15572=CARTESIAN_POINT('',(13.1320449005456,-3.10000000000066,2.0979360849083));
#15573=CARTESIAN_POINT('',(13.1946891450771,-3.10000000000066,4.));
#15574=CARTESIAN_POINT('',(19.2374822980726,-3.10000000000066,4.));
#15575=CARTESIAN_POINT('',(13.5438228839576,-3.10000000000066,5.35000000000002));
#15576=CARTESIAN_POINT('',(13.0963026688322,-3.10000000000066,3.61956772394269));
#15577=CARTESIAN_POINT('',(14.1759595788074,-3.10000000000066,5.35000000000002));
#15578=CARTESIAN_POINT('',(15.2930042443246,-3.10000000000066,5.35));
#15579=CARTESIAN_POINT('',(14.5250933176879,-3.10000000000066,4.));
#15580=CARTESIAN_POINT('',(14.9579164216561,-3.10000000000066,2.32639723611163));
#15581=CARTESIAN_POINT('',(15.079644737231,-3.10000000000066,4.));
#15582=CARTESIAN_POINT('',(19.2374822980726,-3.10000000000066,4.));
#15583=CARTESIAN_POINT('',(15.4287784761115,-3.10000000000066,5.35000000000001));
#15584=CARTESIAN_POINT('',(14.9221741899427,-3.10000000000066,3.39110657273936));
#15585=CARTESIAN_POINT('',(16.0609151709613,-3.10000000000066,5.35000000000001));
#15586=CARTESIAN_POINT('',(16.2354820404016,-3.10000000000066,5.35));
#15587=CARTESIAN_POINT('',(16.4100489098418,-3.10000000000066,4.));
#15588=CARTESIAN_POINT('',(16.7837879427666,-3.10000000000066,2.55485838731496));
#15589=CARTESIAN_POINT('',(16.4100489098418,-3.10000000000066,0.9164058028809));
#15590=CARTESIAN_POINT('',(16.4100489098418,-3.10000000000066,2.45820290144037));
#15591=CARTESIAN_POINT('',(-14.7349510901582,-3.10000000000066,0.916405802881051));
#15592=CARTESIAN_POINT('',(19.2374822980726,-3.10000000000066,0.916405802880613));
#15593=CARTESIAN_POINT('',(-14.7349510901582,-3.10000000000066,1.79570290144028));
#15594=CARTESIAN_POINT('',(-14.7345115136984,-3.10000000000066,5.33453115494023));
#15595=CARTESIAN_POINT('',(-14.7345115136984,-3.10000000000066,3.12546847891057));
#15596=CARTESIAN_POINT('',(-14.7305109983562,-3.10000000000066,5.35000000000016));
#15597=CARTESIAN_POINT('',(-14.2917701478309,-3.10000000000066,7.04648499199332));
#15598=CARTESIAN_POINT('',(-14.0983743035065,-3.10000000000066,5.35000000000015));
#15599=CARTESIAN_POINT('',(1.15583730316768,-3.10000000000066,5.34999999999989));
#15600=CARTESIAN_POINT('',(-13.749240564626,-3.10000000000066,3.99999999999988));
#15601=CARTESIAN_POINT('',(-12.4301563950071,-3.10000000000066,-1.10052003193912));
#15602=CARTESIAN_POINT('',(-13.1946891450829,-3.10000000000066,3.99999999999988));
#15603=CARTESIAN_POINT('',(8.87022654122341,-3.10000000000066,3.99999999999988));
#15604=CARTESIAN_POINT('',(-12.8455554062024,-3.10000000000066,5.35000000000015));
#15605=CARTESIAN_POINT('',(-12.4658986267204,-3.10000000000066,6.81802384078999));
#15606=CARTESIAN_POINT('',(-12.2134187113526,-3.10000000000066,5.35000000000014));
#15607=CARTESIAN_POINT('',(2.09831509924462,-3.10000000000066,5.34999999999989));
#15608=CARTESIAN_POINT('',(-11.8642849724721,-3.10000000000066,3.99999999999988));
#15609=CARTESIAN_POINT('',(-10.6042848738966,-3.10000000000066,-0.872058880735788));
#15610=CARTESIAN_POINT('',(-11.309733552929,-3.10000000000066,3.99999999999988));
#15611=CARTESIAN_POINT('',(8.87022654122341,-3.10000000000066,3.99999999999988));
#15612=CARTESIAN_POINT('',(-10.9605998140485,-3.10000000000066,5.35000000000014));
#15613=CARTESIAN_POINT('',(-10.6400271056099,-3.10000000000066,6.58956268958665));
#15614=CARTESIAN_POINT('',(-10.3284631191987,-3.10000000000066,5.35000000000014));
#15615=CARTESIAN_POINT('',(3.04079289532156,-3.10000000000066,5.34999999999989));
#15616=CARTESIAN_POINT('',(-9.97932938031823,-3.10000000000066,3.99999999999988));
#15617=CARTESIAN_POINT('',(-8.77841335278608,-3.10000000000066,-0.643597729532455));
#15618=CARTESIAN_POINT('',(-9.42477796077513,-3.10000000000066,3.99999999999988));
#15619=CARTESIAN_POINT('',(8.87022654122341,-3.10000000000066,3.99999999999988));
#15620=CARTESIAN_POINT('',(-9.07564422189462,-3.10000000000066,5.35000000000013));
#15621=CARTESIAN_POINT('',(-8.81415558449943,-3.10000000000066,6.36110153838332));
#15622=CARTESIAN_POINT('',(-8.44350752704487,-3.10000000000066,5.35000000000013));
#15623=CARTESIAN_POINT('',(3.9832706913985,-3.10000000000066,5.34999999999989));
#15624=CARTESIAN_POINT('',(-8.09437378816435,-3.10000000000066,3.99999999999988));
#15625=CARTESIAN_POINT('',(-6.95254183167558,-3.10000000000066,-0.415136578329123));
#15626=CARTESIAN_POINT('',(-7.53982236862125,-3.10000000000066,3.99999999999988));
#15627=CARTESIAN_POINT('',(8.87022654122341,-3.10000000000066,3.99999999999988));
#15628=CARTESIAN_POINT('',(-7.19068862974074,-3.10000000000066,5.35000000000012));
#15629=CARTESIAN_POINT('',(-6.98828406338892,-3.10000000000066,6.13264038717999));
#15630=CARTESIAN_POINT('',(-6.55855193489099,-3.10000000000066,5.35000000000012));
#15631=CARTESIAN_POINT('',(4.92574848747543,-3.10000000000066,5.34999999999989));
#15632=CARTESIAN_POINT('',(-6.20941819601048,-3.10000000000066,3.99999999999988));
#15633=CARTESIAN_POINT('',(-5.12667031056507,-3.10000000000066,-0.18667542712579));
#15634=CARTESIAN_POINT('',(-5.65486677646738,-3.10000000000066,3.99999999999988));
#15635=CARTESIAN_POINT('',(8.87022654122341,-3.10000000000066,3.99999999999988));
#15636=CARTESIAN_POINT('',(-5.30573303758687,-3.10000000000066,5.35000000000011));
#15637=CARTESIAN_POINT('',(-5.16241254227842,-3.10000000000066,5.90417923597666));
#15638=CARTESIAN_POINT('',(-4.67359634273711,-3.10000000000066,5.35000000000011));
#15639=CARTESIAN_POINT('',(5.86822628355237,-3.10000000000066,5.34999999999989));
#15640=CARTESIAN_POINT('',(-4.3244626038566,-3.10000000000066,3.99999999999988));
#15641=CARTESIAN_POINT('',(-3.30079878945457,-3.10000000000066,0.0417857240775424));
#15642=CARTESIAN_POINT('',(-3.7699111843135,-3.10000000000066,3.99999999999988));
#15643=CARTESIAN_POINT('',(8.87022654122341,-3.10000000000066,3.99999999999988));
#15644=CARTESIAN_POINT('',(-3.42077744543299,-3.10000000000066,5.3500000000001));
#15645=CARTESIAN_POINT('',(-3.33654102116791,-3.10000000000066,5.67571808477332));
#15646=CARTESIAN_POINT('',(6.81070407962931,-3.10000000000066,5.34999999999989));
#15647=CARTESIAN_POINT('Origin',(-14.7349510901582,-1.80000000000026,2.67499999999973));
#15648=CARTESIAN_POINT('',(-14.7349510901582,-2.00000000000081,0.916405802881051));
#15649=CARTESIAN_POINT('',(-14.7349510901582,-2.90000000000001,0.916405802880614));
#15650=CARTESIAN_POINT('',(-14.7349510901582,-2.00000000000053,-6.97358837342676E-13));
#15651=CARTESIAN_POINT('',(-14.7349510901582,-1.99999999999922,1.79570290144022));
#15652=CARTESIAN_POINT('',(-14.7349510901582,-0.500000000001997,-6.97358837342676E-13));
#15653=CARTESIAN_POINT('',(-14.7349510901582,-1.40000000000013,1.11022302462516E-15));
#15654=CARTESIAN_POINT('',(-14.7349510901582,-0.499999999999843,6.58749999999974));
#15655=CARTESIAN_POINT('Origin',(-2.43950701170273,-0.999999999999523,3.99999999999988));
#15656=CARTESIAN_POINT('',(-2.78864075058318,-5.49999999999955,5.34999999999989));
#15657=CARTESIAN_POINT('',(-2.78864075058318,-0.999999999999523,5.34999999999989));
#15658=CARTESIAN_POINT('',(-2.43950701170273,-5.49999999999951,3.99999999999988));
#15659=CARTESIAN_POINT('',(-2.78864075058318,-5.49999999999955,5.34999999999989));
#15660=CARTESIAN_POINT('',(-2.43950701170273,-0.999999999999523,3.99999999999988));
#15661=CARTESIAN_POINT('Origin',(-2.78864075058318,-0.999999999999523,5.34999999999989));
#15662=CARTESIAN_POINT('',(-3.42077744543305,-5.49999999999951,5.34999999999989));
#15663=CARTESIAN_POINT('',(-3.42077744543305,-0.999999999999523,5.34999999999989));
#15664=CARTESIAN_POINT('',(-3.42077744543305,-5.49999999999951,5.34999999999989));
#15665=CARTESIAN_POINT('Origin',(-3.42077744543305,-0.999999999999523,5.34999999999989));
#15666=CARTESIAN_POINT('',(-3.7699111843135,-5.49999999999955,3.99999999999988));
#15667=CARTESIAN_POINT('',(-3.7699111843135,-0.999999999999523,3.99999999999988));
#15668=CARTESIAN_POINT('',(-3.7699111843135,-5.49999999999955,3.99999999999988));
#15669=CARTESIAN_POINT('Origin',(1.33040417260502,-0.999999999999523,3.99999999999988));
#15670=CARTESIAN_POINT('',(-4.32446260385661,-5.49999999999951,3.99999999999988));
#15671=CARTESIAN_POINT('',(-4.3244626038566,-0.999999999999523,3.99999999999988));
#15672=CARTESIAN_POINT('',(-20.7345115136984,-5.49999999999955,3.99999999999988));
#15673=CARTESIAN_POINT('Origin',(-4.3244626038566,-0.999999999999523,3.99999999999988));
#15674=CARTESIAN_POINT('',(-4.67359634273706,-5.49999999999951,5.34999999999989));
#15675=CARTESIAN_POINT('',(-4.67359634273706,-0.999999999999523,5.34999999999989));
#15676=CARTESIAN_POINT('',(-4.67359634273706,-5.49999999999951,5.34999999999989));
#15677=CARTESIAN_POINT('Origin',(-4.67359634273706,-0.999999999999523,5.34999999999989));
#15678=CARTESIAN_POINT('',(-5.30573303758693,-5.49999999999951,5.34999999999989));
#15679=CARTESIAN_POINT('',(-5.30573303758692,-0.999999999999523,5.34999999999989));
#15680=CARTESIAN_POINT('',(-5.30573303758693,-5.49999999999951,5.34999999999989));
#15681=CARTESIAN_POINT('Origin',(-5.30573303758692,-0.999999999999523,5.34999999999989));
#15682=CARTESIAN_POINT('',(-5.65486677646738,-5.49999999999951,3.99999999999988));
#15683=CARTESIAN_POINT('',(-5.65486677646738,-0.999999999999523,3.99999999999988));
#15684=CARTESIAN_POINT('',(-5.65486677646738,-5.49999999999951,3.99999999999988));
#15685=CARTESIAN_POINT('Origin',(1.33040417260502,-0.999999999999523,3.99999999999988));
#15686=CARTESIAN_POINT('',(-6.20941819601048,-5.49999999999955,3.99999999999988));
#15687=CARTESIAN_POINT('',(-6.20941819601048,-0.999999999999523,3.99999999999988));
#15688=CARTESIAN_POINT('',(-20.7345115136984,-5.49999999999955,3.99999999999988));
#15689=CARTESIAN_POINT('Origin',(-6.20941819601048,-0.999999999999523,3.99999999999988));
#15690=CARTESIAN_POINT('',(-6.55855193489093,-5.49999999999951,5.34999999999989));
#15691=CARTESIAN_POINT('',(-6.55855193489093,-0.999999999999523,5.34999999999989));
#15692=CARTESIAN_POINT('',(-6.55855193489093,-5.49999999999951,5.34999999999989));
#15693=CARTESIAN_POINT('Origin',(-6.55855193489093,-0.999999999999523,5.34999999999989));
#15694=CARTESIAN_POINT('',(-7.1906886297408,-5.49999999999955,5.34999999999989));
#15695=CARTESIAN_POINT('',(-7.1906886297408,-0.999999999999523,5.34999999999989));
#15696=CARTESIAN_POINT('',(-7.1906886297408,-5.49999999999955,5.34999999999989));
#15697=CARTESIAN_POINT('Origin',(-7.1906886297408,-0.999999999999523,5.34999999999989));
#15698=CARTESIAN_POINT('',(-7.53982236862126,-5.49999999999951,3.99999999999988));
#15699=CARTESIAN_POINT('',(-7.53982236862125,-0.999999999999523,3.99999999999988));
#15700=CARTESIAN_POINT('',(-7.53982236862126,-5.49999999999951,3.99999999999988));
#15701=CARTESIAN_POINT('Origin',(1.33040417260502,-0.999999999999523,3.99999999999988));
#15702=CARTESIAN_POINT('',(-8.09437378816435,-5.49999999999955,3.99999999999988));
#15703=CARTESIAN_POINT('',(-8.09437378816435,-0.999999999999523,3.99999999999988));
#15704=CARTESIAN_POINT('',(-20.7345115136984,-5.49999999999955,3.99999999999988));
#15705=CARTESIAN_POINT('Origin',(-8.09437378816435,-0.999999999999523,3.99999999999988));
#15706=CARTESIAN_POINT('',(-8.44350752704481,-5.49999999999951,5.34999999999989));
#15707=CARTESIAN_POINT('',(-8.4435075270448,-0.999999999999523,5.34999999999989));
#15708=CARTESIAN_POINT('',(-8.44350752704481,-5.49999999999951,5.34999999999989));
#15709=CARTESIAN_POINT('Origin',(-8.4435075270448,-0.999999999999523,5.34999999999989));
#15710=CARTESIAN_POINT('',(-9.07564422189468,-5.49999999999955,5.34999999999989));
#15711=CARTESIAN_POINT('',(-9.07564422189468,-0.999999999999523,5.34999999999989));
#15712=CARTESIAN_POINT('',(-9.07564422189468,-5.49999999999955,5.34999999999989));
#15713=CARTESIAN_POINT('Origin',(-9.07564422189468,-0.999999999999523,5.34999999999989));
#15714=CARTESIAN_POINT('',(-9.42477796077513,-5.49999999999951,3.99999999999988));
#15715=CARTESIAN_POINT('',(-9.42477796077513,-0.999999999999523,3.99999999999988));
#15716=CARTESIAN_POINT('',(-9.42477796077513,-5.49999999999951,3.99999999999988));
#15717=CARTESIAN_POINT('Origin',(1.33040417260502,-0.999999999999523,3.99999999999988));
#15718=CARTESIAN_POINT('',(-9.97932938031823,-5.49999999999951,3.99999999999988));
#15719=CARTESIAN_POINT('',(-9.97932938031823,-0.999999999999523,3.99999999999988));
#15720=CARTESIAN_POINT('',(-20.7345115136984,-5.49999999999955,3.99999999999988));
#15721=CARTESIAN_POINT('Origin',(-9.97932938031823,-0.999999999999523,3.99999999999988));
#15722=CARTESIAN_POINT('',(-10.3284631191987,-5.49999999999955,5.34999999999989));
#15723=CARTESIAN_POINT('',(-10.3284631191987,-0.999999999999523,5.34999999999989));
#15724=CARTESIAN_POINT('',(-10.3284631191987,-5.49999999999955,5.34999999999989));
#15725=CARTESIAN_POINT('Origin',(-10.3284631191987,-0.999999999999523,5.34999999999989));
#15726=CARTESIAN_POINT('',(-10.9605998140486,-5.49999999999951,5.34999999999989));
#15727=CARTESIAN_POINT('',(-10.9605998140486,-0.999999999999523,5.34999999999989));
#15728=CARTESIAN_POINT('',(-10.9605998140486,-5.49999999999951,5.34999999999989));
#15729=CARTESIAN_POINT('Origin',(-10.9605998140486,-0.999999999999523,5.34999999999989));
#15730=CARTESIAN_POINT('',(-11.309733552929,-5.49999999999955,3.99999999999988));
#15731=CARTESIAN_POINT('',(-11.309733552929,-0.999999999999523,3.99999999999988));
#15732=CARTESIAN_POINT('',(-11.309733552929,-5.49999999999955,3.99999999999988));
#15733=CARTESIAN_POINT('Origin',(1.33040417260502,-0.999999999999523,3.99999999999988));
#15734=CARTESIAN_POINT('',(-11.8642849724721,-5.49999999999951,3.99999999999988));
#15735=CARTESIAN_POINT('',(-11.8642849724721,-0.999999999999523,3.99999999999988));
#15736=CARTESIAN_POINT('',(-20.7345115136984,-5.49999999999955,3.99999999999988));
#15737=CARTESIAN_POINT('Origin',(-11.8642849724721,-0.999999999999523,3.99999999999988));
#15738=CARTESIAN_POINT('',(-12.2134187113526,-5.49999999999955,5.34999999999989));
#15739=CARTESIAN_POINT('',(-12.2134187113526,-0.999999999999523,5.34999999999989));
#15740=CARTESIAN_POINT('',(-12.2134187113526,-5.49999999999955,5.34999999999989));
#15741=CARTESIAN_POINT('Origin',(-12.2134187113526,-0.999999999999523,5.34999999999989));
#15742=CARTESIAN_POINT('',(-12.8455554062024,-5.49999999999951,5.34999999999989));
#15743=CARTESIAN_POINT('',(-12.8455554062024,-0.999999999999523,5.34999999999989));
#15744=CARTESIAN_POINT('',(-12.8455554062024,-5.49999999999951,5.34999999999989));
#15745=CARTESIAN_POINT('Origin',(-12.8455554062024,-0.999999999999523,5.34999999999989));
#15746=CARTESIAN_POINT('',(-13.1946891450829,-5.49999999999955,3.99999999999988));
#15747=CARTESIAN_POINT('',(-13.1946891450829,-0.999999999999523,3.99999999999988));
#15748=CARTESIAN_POINT('',(-13.1946891450829,-5.49999999999955,3.99999999999988));
#15749=CARTESIAN_POINT('Origin',(1.33040417260502,-0.999999999999523,3.99999999999988));
#15750=CARTESIAN_POINT('',(-13.749240564626,-5.49999999999951,3.99999999999988));
#15751=CARTESIAN_POINT('',(-13.749240564626,-0.999999999999523,3.99999999999988));
#15752=CARTESIAN_POINT('',(-20.7345115136984,-5.49999999999955,3.99999999999988));
#15753=CARTESIAN_POINT('Origin',(-13.749240564626,-0.999999999999523,3.99999999999988));
#15754=CARTESIAN_POINT('',(-14.0983743035064,-5.49999999999951,5.34999999999989));
#15755=CARTESIAN_POINT('',(-14.0983743035064,-0.999999999999523,5.34999999999989));
#15756=CARTESIAN_POINT('',(-14.0983743035064,-5.49999999999951,5.34999999999989));
#15757=CARTESIAN_POINT('Origin',(-14.0983743035064,-0.999999999999523,5.34999999999989));
#15758=CARTESIAN_POINT('',(-14.7305109983563,-5.49999999999951,5.34999999999989));
#15759=CARTESIAN_POINT('',(-14.7305109983563,-0.999999999999523,5.34999999999989));
#15760=CARTESIAN_POINT('',(-14.7305109983563,-5.49999999999951,5.34999999999989));
#15761=CARTESIAN_POINT('Origin',(-14.7305109983563,-0.999999999999523,5.34999999999989));
#15762=CARTESIAN_POINT('',(-14.7345115136984,-5.5,5.33453115494023));
#15763=CARTESIAN_POINT('',(-14.7345115136984,-0.999999999999808,5.33453115494023));
#15764=CARTESIAN_POINT('',(-15.0796447372368,-5.49999999999951,3.99999999999988));
#15765=CARTESIAN_POINT('Origin',(-14.7345115136984,-0.999999999999808,5.33453115494023));
#15766=CARTESIAN_POINT('',(-14.7345115136984,-0.499999999999808,16.9999999999997));
#15767=CARTESIAN_POINT('',(-14.7345115136984,-0.499999999999808,-2.48689957516035E-13));
#15768=CARTESIAN_POINT('',(-14.7345115136984,-1.99999999999858,16.9999999999997));
#15769=CARTESIAN_POINT('',(-14.7345115136984,-0.999999999999808,16.9999999999997));
#15770=CARTESIAN_POINT('',(-14.7345115136984,-1.99999999999885,16.083594197118));
#15771=CARTESIAN_POINT('',(-14.7345115136984,-2.00000000000026,11.417265577472));
#15772=CARTESIAN_POINT('',(-14.7345115136984,-2.90000000000063,16.0835941971184));
#15773=CARTESIAN_POINT('',(-14.7345115136984,-1.49999999999933,16.083594197118));
#15774=CARTESIAN_POINT('',(-14.7345115136984,-2.90000000000063,11.2499999999992));
#15775=CARTESIAN_POINT('',(-14.7345115136984,-2.90000000000063,10.7090626760293));
#15776=CARTESIAN_POINT('',(-14.7345115136984,-5.50000000000079,11.2499999999992));
#15777=CARTESIAN_POINT('',(-14.7345115136984,-1.95000000000022,11.2499999999992));
#15778=CARTESIAN_POINT('',(-14.7345115136984,-5.5,7.91726557746999));
#15779=CARTESIAN_POINT('Origin',(-17.7345115136984,-0.499999999999843,10.4999999999998));
#15780=CARTESIAN_POINT('',(-20.7345115136984,-0.499999999999523,-1.06581410364015E-13));
#15781=CARTESIAN_POINT('',(-20.7345115136984,-0.499999999999523,-1.06581410364015E-13));
#15782=CARTESIAN_POINT('',(-20.7345115136984,-0.499999999999843,16.9999999999997));
#15783=CARTESIAN_POINT('',(-20.7345115136984,-0.499999999999843,16.9999999999997));
#15784=CARTESIAN_POINT('',(-14.7345115136984,-0.499999999999808,16.9999999999997));
#15785=CARTESIAN_POINT('',(-16.8845115136984,-0.499999999999808,12.4999999999951));
#15786=CARTESIAN_POINT('Origin',(-17.7345115136984,-0.499999999999843,12.4999999999951));
#15787=CARTESIAN_POINT('',(-16.8845115136984,-0.499999999999843,4.49999999999513));
#15788=CARTESIAN_POINT('Origin',(-17.7345115136984,-0.499999999999843,4.49999999999513));
#15789=CARTESIAN_POINT('Origin',(22.0649156863034,-2.00000000000011,0.916405802880612));
#15790=CARTESIAN_POINT('',(-20.7345115136984,-1.99999999999865,0.916405802880615));
#15791=CARTESIAN_POINT('',(22.0649156863034,-2.00000000000011,0.916405802880612));
#15792=CARTESIAN_POINT('',(-20.7345115136984,-1.99999999999826,-1.38270718315227E-13));
#15793=CARTESIAN_POINT('',(-20.7345115136984,-1.9999999999993,2.45820290144004));
#15794=CARTESIAN_POINT('',(20.4572358039211,-1.99999999999967,9.0205620750794E-16));
#15795=CARTESIAN_POINT('Origin',(22.0649156863034,-3.99999999999975,0.916405802880612));
#15796=CARTESIAN_POINT('',(16.4100489098418,-3.99999999999956,0.916405802880613));
#15797=CARTESIAN_POINT('',(16.4100489098418,-2.49999999999978,0.916405802880613));
#15798=CARTESIAN_POINT('',(-20.7345115136984,-3.99999999999829,0.916405802880615));
#15799=CARTESIAN_POINT('',(22.0649156863034,-3.99999999999975,0.916405802880612));
#15800=CARTESIAN_POINT('',(-20.7345115136984,-2.49999999999964,0.916405802880615));
#15801=CARTESIAN_POINT('Origin',(16.4100489098418,-0.999999999999808,3.99999999999984));
#15802=CARTESIAN_POINT('',(16.4100489098418,-5.5,4.));
#15803=CARTESIAN_POINT('',(16.4100489098418,-1.,4.));
#15804=CARTESIAN_POINT('',(16.4100489098418,-5.49999999999981,-1.4210854715202E-13));
#15805=CARTESIAN_POINT('',(16.4100489098418,-5.5,7.24999999999983));
#15806=CARTESIAN_POINT('',(16.4100489098418,-3.99999999999952,-1.4210854715202E-13));
#15807=CARTESIAN_POINT('',(16.4100489098418,-0.999999999999903,1.11022302462516E-15));
#15808=CARTESIAN_POINT('',(16.4100489098418,-3.99999999999959,1.94999999999742));
#15809=CARTESIAN_POINT('Origin',(16.4100489098418,-1.,4.));
#15810=CARTESIAN_POINT('',(16.0609151709613,-5.5,5.35));
#15811=CARTESIAN_POINT('',(16.0609151709613,-1.,5.35));
#15812=CARTESIAN_POINT('',(16.0609151709613,-5.5,5.35));
#15813=CARTESIAN_POINT('Origin',(16.0609151709613,-1.,5.35));
#15814=CARTESIAN_POINT('',(15.4287784761115,-5.5,5.35));
#15815=CARTESIAN_POINT('',(15.4287784761115,-1.,5.35));
#15816=CARTESIAN_POINT('',(15.4287784761115,-5.5,5.35));
#15817=CARTESIAN_POINT('Origin',(15.4287784761115,-1.,5.35));
#15818=CARTESIAN_POINT('',(15.079644737231,-5.5,4.));
#15819=CARTESIAN_POINT('',(15.079644737231,-1.,4.));
#15820=CARTESIAN_POINT('',(15.079644737231,-5.5,4.));
#15821=CARTESIAN_POINT('Origin',(-14.7345115136984,-2.90000000000063,11.2499999999992));
#15822=CARTESIAN_POINT('',(-20.7345115136984,-5.50000000000079,11.2499999999992));
#15823=CARTESIAN_POINT('',(-20.7345115136984,-2.90000000000063,11.2499999999992));
#15824=CARTESIAN_POINT('',(-20.7345115136984,-1.95000000000024,11.2499999999992));
#15825=CARTESIAN_POINT('',(-16.2345115136984,-5.50000000000001,11.2499999999992));
#15826=CARTESIAN_POINT('',(-14.7345115136984,-2.90000000000063,11.2499999999992));
#15827=CARTESIAN_POINT('Origin',(-14.7345115136984,-2.90000000000063,16.0835941971184));
#15828=CARTESIAN_POINT('',(-20.7345115136984,-2.90000000000063,16.083594197118));
#15829=CARTESIAN_POINT('',(-20.7345115136984,-2.90000000000063,16.5417970985591));
#15830=CARTESIAN_POINT('',(-14.7345115136984,-2.90000000000063,16.083594197118));
#15831=CARTESIAN_POINT('',(-16.8845115136984,-2.90000000000063,12.4999999999951));
#15832=CARTESIAN_POINT('Origin',(-17.7345115136984,-2.90000000000063,12.4999999999951));
#15833=CARTESIAN_POINT('Origin',(-17.7345115136984,-5.50000000000001,10.4999999999997));
#15834=CARTESIAN_POINT('',(-20.7345115136984,-5.49999999999955,-1.06581410364015E-13));
#15835=CARTESIAN_POINT('',(-20.7345115136984,-5.49999999999955,3.99999999999988));
#15836=CARTESIAN_POINT('',(-20.7345115136984,-5.49999999999955,-1.06581410364015E-13));
#15837=CARTESIAN_POINT('',(14.5250933176879,-5.5,4.));
#15838=CARTESIAN_POINT('',(0.,-5.5,4.));
#15839=CARTESIAN_POINT('',(14.1759595788075,-5.5,5.35));
#15840=CARTESIAN_POINT('',(14.1759595788075,-5.5,5.35));
#15841=CARTESIAN_POINT('',(13.5438228839576,-5.5,5.35));
#15842=CARTESIAN_POINT('',(13.5438228839576,-5.5,5.35));
#15843=CARTESIAN_POINT('',(13.1946891450771,-5.5,4.));
#15844=CARTESIAN_POINT('',(13.1946891450771,-5.5,4.));
#15845=CARTESIAN_POINT('',(12.640137725534,-5.5,4.));
#15846=CARTESIAN_POINT('',(0.,-5.5,4.));
#15847=CARTESIAN_POINT('',(12.2910039866536,-5.5,5.35));
#15848=CARTESIAN_POINT('',(12.2910039866536,-5.5,5.35));
#15849=CARTESIAN_POINT('',(11.6588672918037,-5.5,5.35));
#15850=CARTESIAN_POINT('',(11.6588672918037,-5.5,5.35));
#15851=CARTESIAN_POINT('',(11.3097335529233,-5.5,4.));
#15852=CARTESIAN_POINT('',(11.3097335529233,-5.5,4.));
#15853=CARTESIAN_POINT('',(10.7551821333802,-5.5,4.));
#15854=CARTESIAN_POINT('',(0.,-5.5,4.));
#15855=CARTESIAN_POINT('',(10.4060483944997,-5.5,5.35));
#15856=CARTESIAN_POINT('',(10.4060483944997,-5.5,5.35));
#15857=CARTESIAN_POINT('',(9.77391169964983,-5.5,5.35));
#15858=CARTESIAN_POINT('',(9.77391169964983,-5.5,5.35));
#15859=CARTESIAN_POINT('',(9.42477796076938,-5.5,4.));
#15860=CARTESIAN_POINT('',(9.42477796076938,-5.5,4.));
#15861=CARTESIAN_POINT('',(8.87022654122628,-5.5,4.));
#15862=CARTESIAN_POINT('',(0.,-5.5,4.));
#15863=CARTESIAN_POINT('',(8.52109280234583,-5.5,5.35));
#15864=CARTESIAN_POINT('',(8.52109280234583,-5.5,5.35));
#15865=CARTESIAN_POINT('',(7.88895610749596,-5.5,5.35));
#15866=CARTESIAN_POINT('',(7.88895610749596,-5.5,5.35));
#15867=CARTESIAN_POINT('',(7.5398223686155,-5.5,4.));
#15868=CARTESIAN_POINT('',(7.5398223686155,-5.5,4.));
#15869=CARTESIAN_POINT('',(6.9852709490724,-5.5,4.));
#15870=CARTESIAN_POINT('',(0.,-5.5,4.));
#15871=CARTESIAN_POINT('',(6.63613721019195,-5.5,5.35));
#15872=CARTESIAN_POINT('',(6.63613721019195,-5.5,5.35));
#15873=CARTESIAN_POINT('',(6.00400051534208,-5.5,5.35));
#15874=CARTESIAN_POINT('',(6.00400051534208,-5.5,5.35));
#15875=CARTESIAN_POINT('',(5.65486677646163,-5.5,4.));
#15876=CARTESIAN_POINT('',(5.65486677646163,-5.5,4.));
#15877=CARTESIAN_POINT('',(5.10031535691853,-5.5,4.));
#15878=CARTESIAN_POINT('',(0.,-5.5,4.));
#15879=CARTESIAN_POINT('',(4.75118161803807,-5.5,5.35));
#15880=CARTESIAN_POINT('',(4.75118161803807,-5.5,5.35));
#15881=CARTESIAN_POINT('',(4.1190449231882,-5.5,5.35));
#15882=CARTESIAN_POINT('',(4.1190449231882,-5.5,5.35));
#15883=CARTESIAN_POINT('',(3.76991118430775,-5.5,4.));
#15884=CARTESIAN_POINT('',(3.76991118430775,-5.5,4.));
#15885=CARTESIAN_POINT('',(3.21535976476465,-5.5,4.));
#15886=CARTESIAN_POINT('',(0.,-5.5,4.));
#15887=CARTESIAN_POINT('',(2.8662260258842,-5.5,5.35));
#15888=CARTESIAN_POINT('',(2.8662260258842,-5.5,5.35));
#15889=CARTESIAN_POINT('',(2.23408933103433,-5.5,5.35));
#15890=CARTESIAN_POINT('',(2.23408933103433,-5.5,5.35));
#15891=CARTESIAN_POINT('',(1.88495559215388,-5.5,4.));
#15892=CARTESIAN_POINT('',(1.88495559215388,-5.5,4.));
#15893=CARTESIAN_POINT('',(1.33040417261077,-5.5,4.));
#15894=CARTESIAN_POINT('',(0.,-5.5,4.));
#15895=CARTESIAN_POINT('',(0.981270433730321,-5.5,5.35));
#15896=CARTESIAN_POINT('',(0.981270433730322,-5.5,5.35));
#15897=CARTESIAN_POINT('',(0.349133738880452,-5.5,5.35));
#15898=CARTESIAN_POINT('',(0.349133738880452,-5.5,5.35));
#15899=CARTESIAN_POINT('',(0.,-5.5,4.));
#15900=CARTESIAN_POINT('',(2.44929359829471E-16,-5.5,4.));
#15901=CARTESIAN_POINT('',(-0.55455141954885,-5.49999999999951,3.99999999999988));
#15902=CARTESIAN_POINT('',(-20.7345115136984,-5.49999999999955,3.99999999999988));
#15903=CARTESIAN_POINT('',(-0.903685158429304,-5.49999999999955,5.34999999999989));
#15904=CARTESIAN_POINT('',(-0.903685158429304,-5.49999999999955,5.34999999999989));
#15905=CARTESIAN_POINT('',(-1.53582185327917,-5.49999999999951,5.34999999999989));
#15906=CARTESIAN_POINT('',(-1.53582185327917,-5.49999999999951,5.34999999999989));
#15907=CARTESIAN_POINT('',(-1.88495559215963,-5.49999999999955,3.99999999999988));
#15908=CARTESIAN_POINT('',(-1.88495559215963,-5.49999999999955,3.99999999999988));
#15909=CARTESIAN_POINT('',(-20.7345115136984,-5.49999999999955,3.99999999999988));
#15910=CARTESIAN_POINT('',(-16.8845115136984,-5.50000000000001,4.49999999999513));
#15911=CARTESIAN_POINT('Origin',(-17.7345115136984,-5.50000000000001,4.49999999999513));
#15912=CARTESIAN_POINT('Origin',(-20.7345115136984,-0.999999999999843,16.9999999999997));
#15913=CARTESIAN_POINT('',(-20.7345115136984,-1.99999999999865,16.083594197118));
#15914=CARTESIAN_POINT('',(-20.7345115136984,-1.49999999999935,16.083594197118));
#15915=CARTESIAN_POINT('',(-20.7345115136984,-1.99999999999837,16.9999999999997));
#15916=CARTESIAN_POINT('',(-20.7345115136984,-1.9999999999983,17.2500000000018));
#15917=CARTESIAN_POINT('',(-20.7345115136984,-0.999999999999843,16.9999999999997));
#15918=CARTESIAN_POINT('',(-20.7345115136984,-0.999999999999523,-1.06581410364015E-13));
#15919=CARTESIAN_POINT('',(-20.7345115136984,-3.99999999999825,-1.0724754417879E-13));
#15920=CARTESIAN_POINT('',(-20.7345115136984,-3.99999999999832,1.94999999999745));
#15921=CARTESIAN_POINT('',(-20.7345115136984,-0.999999999999523,-1.06581410364015E-13));
#15922=CARTESIAN_POINT('Origin',(22.0649156863034,-3.99999999999971,-0.100000000004881));
#15923=CARTESIAN_POINT('',(20.457235803921,-3.99999999999966,4.42354486374086E-16));
#15924=CARTESIAN_POINT('Origin',(18.8495559215388,-1.,1.11022302462516E-15));
#15925=CARTESIAN_POINT('Origin',(18.8495559215388,-1.,1.11022302462516E-15));
#15926=CARTESIAN_POINT('Origin',(1.33040417260502,-0.999999999999523,3.99999999999988));
#15927=CARTESIAN_POINT('',(-1.88495559215962,-0.999999999999523,3.99999999999988));
#15928=CARTESIAN_POINT('Origin',(1.33040417260502,-0.999999999999523,3.99999999999988));
#15929=CARTESIAN_POINT('',(-0.55455141954885,-0.999999999999523,3.99999999999988));
#15930=CARTESIAN_POINT('',(0.,-1.,4.));
#15931=CARTESIAN_POINT('Origin',(-1.53582185327917,-0.999999999999523,5.34999999999989));
#15932=CARTESIAN_POINT('',(-1.53582185327917,-0.999999999999523,5.34999999999989));
#15933=CARTESIAN_POINT('Origin',(-0.903685158429302,-0.999999999999523,
5.34999999999989));
#15934=CARTESIAN_POINT('',(-0.903685158429302,-0.999999999999523,5.34999999999989));
#15935=CARTESIAN_POINT('Origin',(-0.55455141954885,-0.999999999999523,3.99999999999988));
#15936=CARTESIAN_POINT('Origin',(22.0649156863034,-1.,4.));
#15937=CARTESIAN_POINT('',(1.33040417261077,-1.,4.));
#15938=CARTESIAN_POINT('',(1.88495559215388,-1.,4.));
#15939=CARTESIAN_POINT('Origin',(22.0649156863034,-1.,4.));
#15940=CARTESIAN_POINT('',(3.21535976476465,-1.,4.));
#15941=CARTESIAN_POINT('',(3.76991118430775,-1.,4.));
#15942=CARTESIAN_POINT('Origin',(22.0649156863034,-1.,4.));
#15943=CARTESIAN_POINT('',(5.10031535691853,-1.,4.));
#15944=CARTESIAN_POINT('',(5.65486677646163,-1.,4.));
#15945=CARTESIAN_POINT('Origin',(22.0649156863034,-1.,4.));
#15946=CARTESIAN_POINT('',(6.9852709490724,-1.,4.));
#15947=CARTESIAN_POINT('',(7.5398223686155,-1.,4.));
#15948=CARTESIAN_POINT('Origin',(22.0649156863034,-1.,4.));
#15949=CARTESIAN_POINT('',(8.87022654122628,-1.,4.));
#15950=CARTESIAN_POINT('',(9.42477796076938,-1.,4.));
#15951=CARTESIAN_POINT('Origin',(22.0649156863034,-1.,4.));
#15952=CARTESIAN_POINT('',(10.7551821333802,-1.,4.));
#15953=CARTESIAN_POINT('',(11.3097335529233,-1.,4.));
#15954=CARTESIAN_POINT('Origin',(22.0649156863034,-1.,4.));
#15955=CARTESIAN_POINT('',(12.640137725534,-1.,4.));
#15956=CARTESIAN_POINT('',(13.1946891450771,-1.,4.));
#15957=CARTESIAN_POINT('Origin',(22.0649156863034,-1.,4.));
#15958=CARTESIAN_POINT('',(14.5250933176879,-1.,4.));
#15959=CARTESIAN_POINT('Origin',(13.5438228839576,-1.,5.35));
#15960=CARTESIAN_POINT('',(13.5438228839576,-1.,5.35));
#15961=CARTESIAN_POINT('Origin',(14.1759595788075,-1.,5.35));
#15962=CARTESIAN_POINT('',(14.1759595788075,-1.,5.35));
#15963=CARTESIAN_POINT('Origin',(14.5250933176879,-1.,4.));
#15964=CARTESIAN_POINT('Origin',(9.77391169964983,-1.,5.35));
#15965=CARTESIAN_POINT('',(9.77391169964983,-1.,5.35));
#15966=CARTESIAN_POINT('Origin',(10.4060483944997,-1.,5.35));
#15967=CARTESIAN_POINT('',(10.4060483944997,-1.,5.35));
#15968=CARTESIAN_POINT('Origin',(10.7551821333802,-1.,4.));
#15969=CARTESIAN_POINT('Origin',(6.00400051534208,-1.,5.35));
#15970=CARTESIAN_POINT('',(6.00400051534208,-1.,5.35));
#15971=CARTESIAN_POINT('Origin',(6.63613721019195,-1.,5.35));
#15972=CARTESIAN_POINT('',(6.63613721019195,-1.,5.35));
#15973=CARTESIAN_POINT('Origin',(6.9852709490724,-1.,4.));
#15974=CARTESIAN_POINT('Origin',(2.23408933103433,-1.,5.35));
#15975=CARTESIAN_POINT('',(2.23408933103433,-1.,5.35));
#15976=CARTESIAN_POINT('Origin',(2.8662260258842,-1.,5.35));
#15977=CARTESIAN_POINT('',(2.8662260258842,-1.,5.35));
#15978=CARTESIAN_POINT('Origin',(3.21535976476465,-1.,4.));
#15979=CARTESIAN_POINT('Origin',(0.349133738880452,-1.,5.35));
#15980=CARTESIAN_POINT('',(0.349133738880452,-1.,5.35));
#15981=CARTESIAN_POINT('Origin',(0.981270433730322,-1.,5.35));
#15982=CARTESIAN_POINT('',(0.981270433730322,-1.,5.35));
#15983=CARTESIAN_POINT('Origin',(1.33040417261077,-1.,4.));
#15984=CARTESIAN_POINT('Origin',(4.1190449231882,-1.,5.35));
#15985=CARTESIAN_POINT('',(4.1190449231882,-1.,5.35));
#15986=CARTESIAN_POINT('Origin',(4.75118161803807,-1.,5.35));
#15987=CARTESIAN_POINT('',(4.75118161803807,-1.,5.35));
#15988=CARTESIAN_POINT('Origin',(5.10031535691853,-1.,4.));
#15989=CARTESIAN_POINT('Origin',(7.88895610749596,-1.,5.35));
#15990=CARTESIAN_POINT('',(7.88895610749596,-1.,5.35));
#15991=CARTESIAN_POINT('Origin',(8.52109280234582,-1.,5.35));
#15992=CARTESIAN_POINT('',(8.52109280234582,-1.,5.35));
#15993=CARTESIAN_POINT('Origin',(8.87022654122628,-1.,4.));
#15994=CARTESIAN_POINT('Origin',(11.6588672918037,-1.,5.35));
#15995=CARTESIAN_POINT('',(11.6588672918037,-1.,5.35));
#15996=CARTESIAN_POINT('Origin',(12.2910039866536,-1.,5.35));
#15997=CARTESIAN_POINT('',(12.2910039866536,-1.,5.35));
#15998=CARTESIAN_POINT('Origin',(12.640137725534,-1.,4.));
#15999=CARTESIAN_POINT('Origin',(-17.7345115136984,-0.999999999999843,12.4999999999951));
#16000=CARTESIAN_POINT('',(-16.8845115136984,-0.999999999999843,12.4999999999951));
#16001=CARTESIAN_POINT('Origin',(-17.7345115136984,-0.999999999999843,4.49999999999513));
#16002=CARTESIAN_POINT('',(-16.8845115136984,-0.999999999999843,4.49999999999513));
#16003=CARTESIAN_POINT('Origin',(-14.7345115136984,-1.99999999999843,17.5000000000035));
#16004=CARTESIAN_POINT('',(-14.7345115136984,-1.99999999999858,16.9999999999997));
#16005=CARTESIAN_POINT('',(-14.7345115136984,-1.99999999999885,16.083594197118));
#16006=CARTESIAN_POINT('Origin',(-14.7345115136984,-1.99999999999885,16.083594197118));
#16007=CARTESIAN_POINT('Origin',(-14.7345115136984,-0.999999999999808,16.9999999999997));
#16008=CARTESIAN_POINT('Origin',(46.599427199991,-5.49999999999986,5.74999999999985));
#16009=CARTESIAN_POINT('',(40.5994272000026,-2.90000000000063,5.74999999999985));
#16010=CARTESIAN_POINT('',(40.5994272000024,-5.49999999999986,5.74999999999985));
#16011=CARTESIAN_POINT('',(40.5994272000025,-3.25000000000058,5.74999999999985));
#16012=CARTESIAN_POINT('',(46.599427199991,-2.90000000000063,5.74999999999985));
#16013=CARTESIAN_POINT('',(46.599427199991,-2.90000000000063,5.74999999999985));
#16014=CARTESIAN_POINT('',(46.599427199991,-5.49999999999986,5.74999999999985));
#16015=CARTESIAN_POINT('',(46.5994272000026,-3.250000000001,5.74999999999985));
#16016=CARTESIAN_POINT('',(45.0994271999967,-5.5000000000022,5.74999999999985));
#16017=CARTESIAN_POINT('Origin',(46.599427199991,-2.90000000000063,5.74999999999985));
#16018=CARTESIAN_POINT('',(40.5994272000026,-2.90000000000063,0.916405802880753));
#16019=CARTESIAN_POINT('',(40.5994272000026,-2.90000000000063,8.70773442252925));
#16020=CARTESIAN_POINT('',(46.599427199991,-2.90000000000063,0.916405802880753));
#16021=CARTESIAN_POINT('',(43.5994271999968,-2.90000000000063,0.916405802880888));
#16022=CARTESIAN_POINT('',(46.5994272000026,-2.90000000000063,2.8749999999995));
#16023=CARTESIAN_POINT('',(42.7494272000026,-2.90000000000037,4.50000000000379));
#16024=CARTESIAN_POINT('Origin',(43.5994272000026,-2.90000000000042,4.50000000000379));
#16025=CARTESIAN_POINT('Origin',(40.5994272000026,-2.00000000000074,0.916405802880889));
#16026=CARTESIAN_POINT('',(40.5994272000026,-2.00000000000074,0.916405802880889));
#16027=CARTESIAN_POINT('',(40.5994272000027,-1.50000000000122,0.916405802880889));
#16028=CARTESIAN_POINT('',(46.5994272000027,-2.00000000000095,0.916405802880889));
#16029=CARTESIAN_POINT('',(40.5994272000026,-2.00000000000074,0.916405802880889));
#16030=CARTESIAN_POINT('',(46.5994272000027,-1.50000000000165,0.916405802880889));
#16031=CARTESIAN_POINT('Origin',(40.5994272000027,-1.0000000000017,11.6654688450587));
#16032=CARTESIAN_POINT('',(40.5994272000024,-5.50000000000189,11.6654688450587));
#16033=CARTESIAN_POINT('',(40.5994272000024,-5.50000000000189,9.0827344225289));
#16034=CARTESIAN_POINT('',(40.5994272000026,-3.10000000000066,11.6654688450587));
#16035=CARTESIAN_POINT('',(40.5994272000024,-5.00000000000189,11.6654688450587));
#16036=CARTESIAN_POINT('',(40.5994272000026,-3.10000000000066,11.6499999999989));
#16037=CARTESIAN_POINT('',(40.5994272000026,-3.10000000000066,13.8745315210884));
#16038=CARTESIAN_POINT('',(40.5994272000027,-0.500000000000753,11.6499999999989));
#16039=CARTESIAN_POINT('',(40.5994272000026,-2.05000000000224,11.6499999999989));
#16040=CARTESIAN_POINT('',(40.5994272000027,-0.500000000001697,-8.54871728961371E-13));
#16041=CARTESIAN_POINT('',(40.5994272000027,-0.5000000000017,16.9999999999991));
#16042=CARTESIAN_POINT('',(40.5994272000026,-2.00000000000047,-8.54871728961371E-13));
#16043=CARTESIAN_POINT('',(40.5994272000027,-1.0000000000017,-8.54871728961371E-13));
#16044=CARTESIAN_POINT('',(40.5994272000026,-2.00000000000215,5.58273442252688));
#16045=CARTESIAN_POINT('Origin',(9.45486677646241,-3.10000000000066,11.6499999999989));
#16046=CARTESIAN_POINT('',(40.5998667764624,-3.10000000000066,11.6499999999989));
#16047=CARTESIAN_POINT('',(9.45486677646241,-3.10000000000066,11.6499999999989));
#16048=CARTESIAN_POINT('',(40.5998667764626,-0.500000000000753,11.6499999999989));
#16049=CARTESIAN_POINT('',(40.5998667764625,-1.14999999999946,11.6499999999989));
#16050=CARTESIAN_POINT('',(26.5271469882327,-0.500000000000772,11.6499999999989));
#16051=CARTESIAN_POINT('Origin',(9.4548667764624,-3.10000000000066,16.0835941971181));
#16052=CARTESIAN_POINT('',(28.3044226980069,-3.10000000000066,12.999999999999));
#16053=CARTESIAN_POINT('',(28.6535564368874,-3.10000000000066,11.6499999999989));
#16054=CARTESIAN_POINT('',(27.3398429546483,-3.10000000000066,16.7297531247181));
#16055=CARTESIAN_POINT('',(27.7498712784638,-3.10000000000066,12.999999999999));
#16056=CARTESIAN_POINT('',(16.9946891450809,-3.10000000000066,12.999999999999));
#16057=CARTESIAN_POINT('',(27.4007375395833,-3.10000000000066,11.6499999999989));
#16058=CARTESIAN_POINT('',(27.3755851863616,-3.10000000000066,11.552743066429));
#16059=CARTESIAN_POINT('',(26.7686008447335,-3.10000000000066,11.6499999999989));
#16060=CARTESIAN_POINT('',(18.111733810598,-3.10000000000066,11.649999999999));
#16061=CARTESIAN_POINT('',(26.4194671058531,-3.10000000000066,12.999999999999));
#16062=CARTESIAN_POINT('',(25.5139714335377,-3.10000000000066,16.5012919735147));
#16063=CARTESIAN_POINT('',(25.8649156863042,-3.10000000000066,12.9999999999989));
#16064=CARTESIAN_POINT('',(16.9946891450809,-3.10000000000066,12.999999999999));
#16065=CARTESIAN_POINT('',(25.5157819474237,-3.10000000000066,11.6499999999989));
#16066=CARTESIAN_POINT('',(25.5497136652456,-3.10000000000066,11.7812042176329));
#16067=CARTESIAN_POINT('',(24.8836452525739,-3.10000000000066,11.6499999999989));
#16068=CARTESIAN_POINT('',(17.1692560145182,-3.10000000000066,11.6499999999989));
#16069=CARTESIAN_POINT('',(24.5345115136934,-3.10000000000066,12.9999999999989));
#16070=CARTESIAN_POINT('',(23.6880999124217,-3.10000000000066,16.2728308223106));
#16071=CARTESIAN_POINT('',(23.9799600941503,-3.10000000000066,12.9999999999989));
#16072=CARTESIAN_POINT('',(6.62743338823167,-3.10000000000066,12.9999999999989));
#16073=CARTESIAN_POINT('',(23.6308263552699,-3.10000000000066,11.6499999999989));
#16074=CARTESIAN_POINT('',(23.7238421441351,-3.10000000000066,12.0096653688363));
#16075=CARTESIAN_POINT('',(22.99868966042,-3.10000000000066,11.6499999999989));
#16076=CARTESIAN_POINT('',(16.2267782184413,-3.10000000000066,11.6499999999989));
#16077=CARTESIAN_POINT('',(22.6495559215395,-3.10000000000066,12.9999999999989));
#16078=CARTESIAN_POINT('',(21.8622283913112,-3.10000000000066,16.0443696711073));
#16079=CARTESIAN_POINT('',(22.0950045019964,-3.10000000000066,12.9999999999989));
#16080=CARTESIAN_POINT('',(6.62743338823167,-3.10000000000066,12.9999999999989));
#16081=CARTESIAN_POINT('',(21.745870763116,-3.10000000000066,11.6499999999989));
#16082=CARTESIAN_POINT('',(21.8979706230246,-3.10000000000066,12.2381265200396));
#16083=CARTESIAN_POINT('',(21.1137340682661,-3.10000000000066,11.6499999999989));
#16084=CARTESIAN_POINT('',(15.2843004223643,-3.10000000000066,11.6499999999989));
#16085=CARTESIAN_POINT('',(20.7646003293857,-3.10000000000066,12.9999999999989));
#16086=CARTESIAN_POINT('',(20.0363568702007,-3.10000000000066,15.815908519904));
#16087=CARTESIAN_POINT('',(20.2100489098426,-3.10000000000066,12.9999999999989));
#16088=CARTESIAN_POINT('',(6.62743338823167,-3.10000000000066,12.9999999999989));
#16089=CARTESIAN_POINT('',(19.8609151709621,-3.10000000000066,11.6499999999989));
#16090=CARTESIAN_POINT('',(20.0720991019141,-3.10000000000066,12.4665876712429));
#16091=CARTESIAN_POINT('',(19.2287784761123,-3.10000000000066,11.6499999999989));
#16092=CARTESIAN_POINT('',(14.3418226262874,-3.10000000000066,11.6499999999989));
#16093=CARTESIAN_POINT('',(18.8796447372318,-3.10000000000066,12.9999999999989));
#16094=CARTESIAN_POINT('',(18.2104853490901,-3.10000000000066,15.5874473687006));
#16095=CARTESIAN_POINT('',(18.3250933176887,-3.10000000000066,12.9999999999989));
#16096=CARTESIAN_POINT('',(6.62743338823167,-3.10000000000066,12.9999999999989));
#16097=CARTESIAN_POINT('',(17.9759595788082,-3.10000000000066,11.6499999999989));
#16098=CARTESIAN_POINT('',(18.2462275808036,-3.10000000000066,12.6950488224463));
#16099=CARTESIAN_POINT('',(17.3438228839584,-3.10000000000066,11.6499999999989));
#16100=CARTESIAN_POINT('',(13.3993448302105,-3.10000000000066,11.6499999999989));
#16101=CARTESIAN_POINT('',(16.9946891450779,-3.10000000000066,12.9999999999989));
#16102=CARTESIAN_POINT('',(16.3846138279796,-3.10000000000066,15.3589862174973));
#16103=CARTESIAN_POINT('',(16.4401377255348,-3.10000000000066,12.9999999999989));
#16104=CARTESIAN_POINT('',(6.62743338823167,-3.10000000000066,12.9999999999989));
#16105=CARTESIAN_POINT('',(16.0910039866544,-3.10000000000066,11.6499999999989));
#16106=CARTESIAN_POINT('',(16.420356059693,-3.10000000000066,12.9235099736496));
#16107=CARTESIAN_POINT('',(15.4588672918045,-3.10000000000066,11.6499999999989));
#16108=CARTESIAN_POINT('',(12.4568670341335,-3.10000000000066,11.6499999999989));
#16109=CARTESIAN_POINT('',(15.109733552924,-3.10000000000066,12.9999999999989));
#16110=CARTESIAN_POINT('',(14.5587423068691,-3.10000000000066,15.130525066294));
#16111=CARTESIAN_POINT('',(14.5551821333809,-3.10000000000066,12.9999999999989));
#16112=CARTESIAN_POINT('',(6.62743338823167,-3.10000000000066,12.9999999999989));
#16113=CARTESIAN_POINT('',(14.2060483945005,-3.10000000000066,11.6499999999989));
#16114=CARTESIAN_POINT('',(14.5944845385825,-3.10000000000066,13.1519711248529));
#16115=CARTESIAN_POINT('',(13.5739116996506,-3.10000000000066,11.6499999999989));
#16116=CARTESIAN_POINT('',(11.5143892380566,-3.10000000000066,11.6499999999989));
#16117=CARTESIAN_POINT('',(13.2247779607702,-3.10000000000066,12.9999999999989));
#16118=CARTESIAN_POINT('',(12.7328707857586,-3.10000000000066,14.9020639150906));
#16119=CARTESIAN_POINT('',(12.6702265412271,-3.10000000000066,12.9999999999989));
#16120=CARTESIAN_POINT('',(6.62743338823167,-3.10000000000066,12.9999999999989));
#16121=CARTESIAN_POINT('',(12.3210928023466,-3.10000000000066,11.6499999999989));
#16122=CARTESIAN_POINT('',(12.768613017472,-3.10000000000066,13.3804322760563));
#16123=CARTESIAN_POINT('',(11.6889561074968,-3.10000000000066,11.6499999999989));
#16124=CARTESIAN_POINT('',(10.5719114419796,-3.10000000000066,11.6499999999989));
#16125=CARTESIAN_POINT('',(11.3398223686163,-3.10000000000066,12.9999999999989));
#16126=CARTESIAN_POINT('',(10.9069992646481,-3.10000000000066,14.6736027638873));
#16127=CARTESIAN_POINT('',(10.7852709490732,-3.10000000000066,12.9999999999989));
#16128=CARTESIAN_POINT('',(6.62743338823167,-3.10000000000066,12.9999999999989));
#16129=CARTESIAN_POINT('',(10.4361372101927,-3.10000000000066,11.6499999999989));
#16130=CARTESIAN_POINT('',(10.9427414963615,-3.10000000000066,13.6088934272596));
#16131=CARTESIAN_POINT('',(9.80400051534288,-3.10000000000066,11.6499999999989));
#16132=CARTESIAN_POINT('',(9.62943364590271,-3.10000000000066,11.6499999999989));
#16133=CARTESIAN_POINT('',(9.45486677646242,-3.10000000000066,12.9999999999989));
#16134=CARTESIAN_POINT('',(9.08112774353763,-3.10000000000066,14.445141612684));
#16135=CARTESIAN_POINT('',(9.4548667764624,-3.10000000000066,16.0835941971181));
#16136=CARTESIAN_POINT('',(9.4548667764624,-3.10000000000066,14.5417970985586));
#16137=CARTESIAN_POINT('',(40.5998667764624,-3.10000000000066,16.0835941971181));
#16138=CARTESIAN_POINT('',(6.62743338823156,-3.10000000000066,16.0835941971183));
#16139=CARTESIAN_POINT('',(40.5998667764624,-3.10000000000066,12.9874999999988));
#16140=CARTESIAN_POINT('',(40.5954266846605,-3.10000000000066,11.6499999999989));
#16141=CARTESIAN_POINT('',(40.1566858341352,-3.10000000000066,9.95351500800564));
#16142=CARTESIAN_POINT('',(39.9632899898107,-3.10000000000066,11.6499999999989));
#16143=CARTESIAN_POINT('',(24.7090783831366,-3.10000000000066,11.649999999999));
#16144=CARTESIAN_POINT('',(39.6141562509302,-3.10000000000066,12.999999999999));
#16145=CARTESIAN_POINT('',(38.2950720813113,-3.10000000000066,18.100520031938));
#16146=CARTESIAN_POINT('',(39.0596048313871,-3.10000000000066,12.999999999999));
#16147=CARTESIAN_POINT('',(16.9946891450809,-3.10000000000066,12.999999999999));
#16148=CARTESIAN_POINT('',(38.7104710925066,-3.10000000000066,11.6499999999989));
#16149=CARTESIAN_POINT('',(38.3308143130247,-3.10000000000066,10.181976159209));
#16150=CARTESIAN_POINT('',(38.0783343976568,-3.10000000000066,11.6499999999989));
#16151=CARTESIAN_POINT('',(23.7666005870597,-3.10000000000066,11.649999999999));
#16152=CARTESIAN_POINT('',(37.7292006587763,-3.10000000000066,12.999999999999));
#16153=CARTESIAN_POINT('',(36.4692005602008,-3.10000000000066,17.8720588807347));
#16154=CARTESIAN_POINT('',(37.1746492392332,-3.10000000000066,12.999999999999));
#16155=CARTESIAN_POINT('',(16.9946891450809,-3.10000000000066,12.999999999999));
#16156=CARTESIAN_POINT('',(36.8255155003527,-3.10000000000066,11.6499999999989));
#16157=CARTESIAN_POINT('',(36.5049427919141,-3.10000000000066,10.4104373104123));
#16158=CARTESIAN_POINT('',(36.1933788055029,-3.10000000000066,11.6499999999989));
#16159=CARTESIAN_POINT('',(22.8241227909827,-3.10000000000066,11.649999999999));
#16160=CARTESIAN_POINT('',(35.8442450666224,-3.10000000000066,12.999999999999));
#16161=CARTESIAN_POINT('',(34.6433290390903,-3.10000000000066,17.6435977295314));
#16162=CARTESIAN_POINT('',(35.2896936470793,-3.10000000000066,12.999999999999));
#16163=CARTESIAN_POINT('',(16.9946891450809,-3.10000000000066,12.999999999999));
#16164=CARTESIAN_POINT('',(34.9405599081988,-3.10000000000066,11.6499999999989));
#16165=CARTESIAN_POINT('',(34.6790712708036,-3.10000000000066,10.6388984616156));
#16166=CARTESIAN_POINT('',(34.3084232133491,-3.10000000000066,11.6499999999989));
#16167=CARTESIAN_POINT('',(21.8816449949058,-3.10000000000066,11.649999999999));
#16168=CARTESIAN_POINT('',(33.9592894744686,-3.10000000000066,12.999999999999));
#16169=CARTESIAN_POINT('',(32.8174575179798,-3.10000000000066,17.415136578328));
#16170=CARTESIAN_POINT('',(33.4047380549255,-3.10000000000066,12.999999999999));
#16171=CARTESIAN_POINT('',(16.9946891450809,-3.10000000000066,12.999999999999));
#16172=CARTESIAN_POINT('',(33.055604316045,-3.10000000000066,11.6499999999989));
#16173=CARTESIAN_POINT('',(32.8531997496931,-3.10000000000066,10.867359612819));
#16174=CARTESIAN_POINT('',(32.4234676211952,-3.10000000000066,11.6499999999989));
#16175=CARTESIAN_POINT('',(20.9391671988288,-3.10000000000066,11.649999999999));
#16176=CARTESIAN_POINT('',(32.0743338823147,-3.10000000000066,12.999999999999));
#16177=CARTESIAN_POINT('',(30.9915859968693,-3.10000000000066,17.1866754271247));
#16178=CARTESIAN_POINT('',(31.5197824627716,-3.10000000000066,12.999999999999));
#16179=CARTESIAN_POINT('',(16.9946891450809,-3.10000000000066,12.999999999999));
#16180=CARTESIAN_POINT('',(31.1706487238911,-3.10000000000066,11.6499999999989));
#16181=CARTESIAN_POINT('',(31.0273282285826,-3.10000000000066,11.0958207640223));
#16182=CARTESIAN_POINT('',(30.5385120290413,-3.10000000000066,11.6499999999989));
#16183=CARTESIAN_POINT('',(19.9966894027519,-3.10000000000066,11.649999999999));
#16184=CARTESIAN_POINT('',(30.1893782901608,-3.10000000000066,12.999999999999));
#16185=CARTESIAN_POINT('',(29.1657144757588,-3.10000000000066,16.9582142759214));
#16186=CARTESIAN_POINT('',(29.6348268706177,-3.10000000000066,12.999999999999));
#16187=CARTESIAN_POINT('',(16.9946891450809,-3.10000000000066,12.999999999999));
#16188=CARTESIAN_POINT('',(29.2856931317372,-3.10000000000066,11.6499999999989));
#16189=CARTESIAN_POINT('',(29.2014567074721,-3.10000000000066,11.3242819152256));
#16190=CARTESIAN_POINT('',(19.054211606675,-3.10000000000066,11.649999999999));
#16191=CARTESIAN_POINT('Origin',(40.5998667764626,-1.80000000000071,14.3249999999989));
#16192=CARTESIAN_POINT('',(40.5998667764626,-0.500000000001677,16.9999999999989));
#16193=CARTESIAN_POINT('',(40.5998667764625,-2.00000000000042,16.9999999999989));
#16194=CARTESIAN_POINT('',(40.5998667764626,-1.40000000000015,16.9999999999989));
#16195=CARTESIAN_POINT('',(40.5998667764626,-0.500000000001734,10.412499999999));
#16196=CARTESIAN_POINT('',(40.5998667764625,-2.00000000000081,16.0835941971181));
#16197=CARTESIAN_POINT('',(40.5998667764626,-2.89999999999992,16.0835941971183));
#16198=CARTESIAN_POINT('',(40.5998667764626,-2.00000000000111,15.2042970985586));
#16199=CARTESIAN_POINT('Origin',(28.3044226980071,-1.00000000000057,12.999999999999));
#16200=CARTESIAN_POINT('',(28.6535564368872,-5.50000000000062,11.649999999999));
#16201=CARTESIAN_POINT('',(28.6535564368872,-5.00000000000062,11.649999999999));
#16202=CARTESIAN_POINT('',(28.3044226980068,-5.50000000000056,12.999999999999));
#16203=CARTESIAN_POINT('',(28.6535564368872,-5.50000000000062,11.649999999999));
#16204=CARTESIAN_POINT('',(28.3044226980068,-5.00000000000056,12.999999999999));
#16205=CARTESIAN_POINT('Origin',(28.6535564368875,-1.0000000000006,11.649999999999));
#16206=CARTESIAN_POINT('',(29.2856931317371,-5.50000000000063,11.649999999999));
#16207=CARTESIAN_POINT('',(29.2856931317371,-5.00000000000063,11.649999999999));
#16208=CARTESIAN_POINT('',(29.2856931317371,-5.50000000000063,11.649999999999));
#16209=CARTESIAN_POINT('Origin',(29.2856931317374,-1.00000000000064,11.649999999999));
#16210=CARTESIAN_POINT('',(29.6348268706175,-5.50000000000069,12.999999999999));
#16211=CARTESIAN_POINT('',(29.6348268706176,-5.00000000000069,12.999999999999));
#16212=CARTESIAN_POINT('',(29.6348268706175,-5.50000000000069,12.999999999999));
#16213=CARTESIAN_POINT('Origin',(24.5345115136993,-1.00000000000032,12.999999999999));
#16214=CARTESIAN_POINT('',(30.1893782901606,-5.50000000000069,12.999999999999));
#16215=CARTESIAN_POINT('',(30.1893782901607,-5.00000000000069,12.999999999999));
#16216=CARTESIAN_POINT('',(46.5994272000024,-5.50000000000185,12.999999999999));
#16217=CARTESIAN_POINT('Origin',(30.1893782901609,-1.0000000000007,12.999999999999));
#16218=CARTESIAN_POINT('',(30.5385120290411,-5.50000000000071,11.649999999999));
#16219=CARTESIAN_POINT('',(30.5385120290411,-5.00000000000071,11.649999999999));
#16220=CARTESIAN_POINT('',(30.5385120290411,-5.50000000000071,11.649999999999));
#16221=CARTESIAN_POINT('Origin',(30.5385120290414,-1.00000000000073,11.649999999999));
#16222=CARTESIAN_POINT('',(31.170648723891,-5.50000000000076,11.649999999999));
#16223=CARTESIAN_POINT('',(31.170648723891,-5.00000000000076,11.649999999999));
#16224=CARTESIAN_POINT('',(31.170648723891,-5.50000000000076,11.649999999999));
#16225=CARTESIAN_POINT('Origin',(31.1706487238913,-1.00000000000077,11.649999999999));
#16226=CARTESIAN_POINT('',(31.5197824627714,-5.50000000000078,12.999999999999));
#16227=CARTESIAN_POINT('',(31.5197824627714,-5.00000000000078,12.999999999999));
#16228=CARTESIAN_POINT('',(31.5197824627714,-5.50000000000078,12.999999999999));
#16229=CARTESIAN_POINT('Origin',(24.5345115136993,-1.00000000000032,12.999999999999));
#16230=CARTESIAN_POINT('',(32.0743338823145,-5.50000000000085,12.999999999999));
#16231=CARTESIAN_POINT('',(32.0743338823145,-5.00000000000085,12.999999999999));
#16232=CARTESIAN_POINT('',(46.5994272000024,-5.50000000000185,12.999999999999));
#16233=CARTESIAN_POINT('Origin',(32.0743338823148,-1.00000000000083,12.999999999999));
#16234=CARTESIAN_POINT('',(32.423467621195,-5.50000000000084,11.649999999999));
#16235=CARTESIAN_POINT('',(32.423467621195,-5.00000000000084,11.649999999999));
#16236=CARTESIAN_POINT('',(32.423467621195,-5.50000000000084,11.649999999999));
#16237=CARTESIAN_POINT('Origin',(32.4234676211953,-1.00000000000086,11.649999999999));
#16238=CARTESIAN_POINT('',(33.0556043160448,-5.50000000000092,11.649999999999));
#16239=CARTESIAN_POINT('',(33.0556043160449,-5.00000000000092,11.649999999999));
#16240=CARTESIAN_POINT('',(33.0556043160448,-5.50000000000092,11.649999999999));
#16241=CARTESIAN_POINT('Origin',(33.0556043160451,-1.0000000000009,11.649999999999));
#16242=CARTESIAN_POINT('',(33.4047380549253,-5.50000000000091,12.999999999999));
#16243=CARTESIAN_POINT('',(33.4047380549253,-5.00000000000091,12.999999999999));
#16244=CARTESIAN_POINT('',(33.4047380549253,-5.50000000000091,12.999999999999));
#16245=CARTESIAN_POINT('Origin',(24.5345115136993,-1.00000000000032,12.999999999999));
#16246=CARTESIAN_POINT('',(33.9592894744684,-5.50000000000098,12.999999999999));
#16247=CARTESIAN_POINT('',(33.9592894744684,-5.00000000000098,12.999999999999));
#16248=CARTESIAN_POINT('',(46.5994272000024,-5.50000000000185,12.999999999999));
#16249=CARTESIAN_POINT('Origin',(33.9592894744687,-1.00000000000096,12.999999999999));
#16250=CARTESIAN_POINT('',(34.3084232133488,-5.50000000000097,11.649999999999));
#16251=CARTESIAN_POINT('',(34.3084232133489,-5.00000000000097,11.649999999999));
#16252=CARTESIAN_POINT('',(34.3084232133488,-5.50000000000097,11.649999999999));
#16253=CARTESIAN_POINT('Origin',(34.3084232133491,-1.00000000000098,11.649999999999));
#16254=CARTESIAN_POINT('',(34.9405599081987,-5.50000000000105,11.649999999999));
#16255=CARTESIAN_POINT('',(34.9405599081987,-5.00000000000105,11.649999999999));
#16256=CARTESIAN_POINT('',(34.9405599081987,-5.50000000000105,11.649999999999));
#16257=CARTESIAN_POINT('Origin',(34.940559908199,-1.00000000000103,11.649999999999));
#16258=CARTESIAN_POINT('',(35.2896936470792,-5.50000000000104,12.999999999999));
#16259=CARTESIAN_POINT('',(35.2896936470792,-5.00000000000104,12.999999999999));
#16260=CARTESIAN_POINT('',(35.2896936470792,-5.50000000000104,12.999999999999));
#16261=CARTESIAN_POINT('Origin',(24.5345115136993,-1.00000000000032,12.999999999999));
#16262=CARTESIAN_POINT('',(35.8442450666223,-5.50000000000108,12.999999999999));
#16263=CARTESIAN_POINT('',(35.8442450666223,-5.00000000000108,12.999999999999));
#16264=CARTESIAN_POINT('',(46.5994272000024,-5.50000000000185,12.999999999999));
#16265=CARTESIAN_POINT('Origin',(35.8442450666226,-1.00000000000109,12.999999999999));
#16266=CARTESIAN_POINT('',(36.1933788055027,-5.50000000000114,11.649999999999));
#16267=CARTESIAN_POINT('',(36.1933788055028,-5.00000000000114,11.649999999999));
#16268=CARTESIAN_POINT('',(36.1933788055027,-5.50000000000114,11.649999999999));
#16269=CARTESIAN_POINT('Origin',(36.193378805503,-1.00000000000111,11.649999999999));
#16270=CARTESIAN_POINT('',(36.8255155003526,-5.50000000000114,11.649999999999));
#16271=CARTESIAN_POINT('',(36.8255155003526,-5.00000000000114,11.649999999999));
#16272=CARTESIAN_POINT('',(36.8255155003526,-5.50000000000114,11.649999999999));
#16273=CARTESIAN_POINT('Origin',(36.8255155003529,-1.00000000000116,11.649999999999));
#16274=CARTESIAN_POINT('',(37.174649239233,-5.5000000000012,12.999999999999));
#16275=CARTESIAN_POINT('',(37.1746492392333,-1.00000000000118,12.999999999999));
#16276=CARTESIAN_POINT('',(37.174649239233,-5.5000000000012,12.999999999999));
#16277=CARTESIAN_POINT('Origin',(24.5345115136993,-1.00000000000032,12.999999999999));
#16278=CARTESIAN_POINT('',(37.7292006587761,-5.50000000000121,12.999999999999));
#16279=CARTESIAN_POINT('',(37.7292006587764,-1.00000000000122,12.999999999999));
#16280=CARTESIAN_POINT('',(46.5994272000024,-5.50000000000185,12.999999999999));
#16281=CARTESIAN_POINT('Origin',(37.7292006587764,-1.00000000000122,12.999999999999));
#16282=CARTESIAN_POINT('',(38.0783343976566,-5.50000000000126,11.649999999999));
#16283=CARTESIAN_POINT('',(38.0783343976569,-1.00000000000124,11.649999999999));
#16284=CARTESIAN_POINT('',(38.0783343976566,-5.50000000000126,11.649999999999));
#16285=CARTESIAN_POINT('Origin',(38.0783343976569,-1.00000000000124,11.649999999999));
#16286=CARTESIAN_POINT('',(38.7104710925065,-5.50000000000127,11.649999999999));
#16287=CARTESIAN_POINT('',(38.7104710925065,-5.00000000000127,11.649999999999));
#16288=CARTESIAN_POINT('',(38.7104710925065,-5.50000000000127,11.649999999999));
#16289=CARTESIAN_POINT('Origin',(38.7104710925068,-1.00000000000129,11.649999999999));
#16290=CARTESIAN_POINT('',(39.0596048313869,-5.50000000000133,12.999999999999));
#16291=CARTESIAN_POINT('',(39.0596048313869,-5.00000000000133,12.999999999999));
#16292=CARTESIAN_POINT('',(39.0596048313869,-5.50000000000133,12.999999999999));
#16293=CARTESIAN_POINT('Origin',(24.5345115136993,-1.00000000000032,12.999999999999));
#16294=CARTESIAN_POINT('',(39.61415625093,-5.50000000000133,12.999999999999));
#16295=CARTESIAN_POINT('',(39.6141562509301,-5.00000000000133,12.999999999999));
#16296=CARTESIAN_POINT('',(46.5994272000024,-5.50000000000185,12.999999999999));
#16297=CARTESIAN_POINT('Origin',(39.6141562509303,-1.00000000000135,12.999999999999));
#16298=CARTESIAN_POINT('',(39.9632899898105,-5.50000000000136,11.649999999999));
#16299=CARTESIAN_POINT('',(39.9632899898105,-5.00000000000136,11.649999999999));
#16300=CARTESIAN_POINT('',(39.9632899898105,-5.50000000000136,11.649999999999));
#16301=CARTESIAN_POINT('Origin',(39.9632899898108,-1.00000000000137,11.649999999999));
#16302=CARTESIAN_POINT('',(40.5954266846603,-5.5000000000014,11.649999999999));
#16303=CARTESIAN_POINT('',(40.5954266846604,-5.0000000000014,11.649999999999));
#16304=CARTESIAN_POINT('',(40.5954266846603,-5.5000000000014,11.649999999999));
#16305=CARTESIAN_POINT('Origin',(40.5954266846606,-1.00000000000141,11.649999999999));
#16306=CARTESIAN_POINT('',(40.9445604235408,-5.50000000000142,12.999999999999));
#16307=CARTESIAN_POINT('Origin',(43.5994272000027,-0.500000000001938,6.49999999999913));
#16308=CARTESIAN_POINT('',(46.5994272000028,-0.500000000001825,16.999999999999));
#16309=CARTESIAN_POINT('',(46.5994272000028,-0.500000000001825,16.999999999999));
#16310=CARTESIAN_POINT('',(46.5994272000027,-0.500000000002143,-8.54871728961371E-13));
#16311=CARTESIAN_POINT('',(46.5994272000027,-0.500000000002143,-8.54871728961371E-13));
#16312=CARTESIAN_POINT('',(40.5994272000027,-0.500000000001697,-8.54871728961371E-13));
#16313=CARTESIAN_POINT('',(42.7494272000028,-0.500000000001845,4.50000000000379));
#16314=CARTESIAN_POINT('Origin',(43.5994272000027,-0.500000000001938,4.50000000000379));
#16315=CARTESIAN_POINT('',(42.7494272000028,-0.500000000001881,12.5000000000038));
#16316=CARTESIAN_POINT('Origin',(43.5994272000027,-0.500000000001939,12.5000000000038));
#16317=CARTESIAN_POINT('Origin',(3.80000000000086,-1.99999999999949,16.0835941971183));
#16318=CARTESIAN_POINT('',(46.5994272000027,-2.00000000000095,16.0835941971183));
#16319=CARTESIAN_POINT('',(3.80000000000086,-1.99999999999949,16.0835941971183));
#16320=CARTESIAN_POINT('',(46.5994272000027,-2.00000000000056,16.999999999999));
#16321=CARTESIAN_POINT('',(46.5994272000027,-2.0000000000016,14.5417970985589));
#16322=CARTESIAN_POINT('',(5.4076798823832,-1.99999999999916,16.9999999999989));
#16323=CARTESIAN_POINT('Origin',(3.80000000000072,-3.99999999999913,16.0835941971183));
#16324=CARTESIAN_POINT('',(9.45486677646234,-3.99999999999932,16.0835941971183));
#16325=CARTESIAN_POINT('',(9.45486677646244,-2.49999999999954,16.0835941971183));
#16326=CARTESIAN_POINT('',(46.5994272000025,-4.00000000000059,16.0835941971183));
#16327=CARTESIAN_POINT('',(3.80000000000072,-3.99999999999913,16.0835941971183));
#16328=CARTESIAN_POINT('',(46.5994272000026,-2.50000000000194,16.0835941971183));
#16329=CARTESIAN_POINT('Origin',(9.45486677646255,-0.99999999999957,12.999999999999));
#16330=CARTESIAN_POINT('',(9.45486677646225,-5.49999999999977,12.9999999999989));
#16331=CARTESIAN_POINT('',(9.45486677646229,-4.99999999999976,12.9999999999989));
#16332=CARTESIAN_POINT('',(9.45486677646223,-5.49999999999957,16.999999999999));
#16333=CARTESIAN_POINT('',(9.45486677646225,-5.49999999999976,9.74999999999906));
#16334=CARTESIAN_POINT('',(9.45486677646234,-3.99999999999929,16.999999999999));
#16335=CARTESIAN_POINT('',(9.45486677646254,-0.999999999999667,16.9999999999989));
#16336=CARTESIAN_POINT('',(9.45486677646234,-3.99999999999936,15.0500000000015));
#16337=CARTESIAN_POINT('Origin',(9.45486677646256,-0.999999999999763,12.9999999999989));
#16338=CARTESIAN_POINT('',(9.80400051534271,-5.49999999999979,11.6499999999989));
#16339=CARTESIAN_POINT('',(9.80400051534274,-4.99999999999979,11.6499999999989));
#16340=CARTESIAN_POINT('',(9.8040005153427,-5.49999999999979,11.6499999999989));
#16341=CARTESIAN_POINT('Origin',(9.80400051534301,-0.999999999999788,11.6499999999989));
#16342=CARTESIAN_POINT('',(10.4361372101926,-5.49999999999983,11.6499999999989));
#16343=CARTESIAN_POINT('',(10.4361372101926,-4.99999999999983,11.6499999999989));
#16344=CARTESIAN_POINT('',(10.4361372101926,-5.49999999999983,11.6499999999989));
#16345=CARTESIAN_POINT('Origin',(10.4361372101929,-0.999999999999831,11.6499999999989));
#16346=CARTESIAN_POINT('',(10.785270949073,-5.49999999999986,12.9999999999989));
#16347=CARTESIAN_POINT('',(10.7852709490731,-4.99999999999986,12.9999999999989));
#16348=CARTESIAN_POINT('',(10.785270949073,-5.49999999999986,12.9999999999989));
#16349=CARTESIAN_POINT('Origin',(43.5994272000024,-5.5000000000021,6.49999999999915));
#16350=CARTESIAN_POINT('',(46.5994272000024,-5.50000000000185,16.999999999999));
#16351=CARTESIAN_POINT('',(46.5994272000024,-5.50000000000185,12.999999999999));
#16352=CARTESIAN_POINT('',(46.5994272000024,-5.50000000000185,16.999999999999));
#16353=CARTESIAN_POINT('',(11.3398223686161,-5.49999999999989,12.9999999999989));
#16354=CARTESIAN_POINT('',(25.864915686304,-5.50000000000089,12.9999999999989));
#16355=CARTESIAN_POINT('',(11.6889561074966,-5.49999999999992,11.6499999999989));
#16356=CARTESIAN_POINT('',(11.6889561074966,-5.49999999999992,11.6499999999989));
#16357=CARTESIAN_POINT('',(12.3210928023464,-5.49999999999996,11.6499999999989));
#16358=CARTESIAN_POINT('',(12.3210928023464,-5.49999999999996,11.6499999999989));
#16359=CARTESIAN_POINT('',(12.6702265412269,-5.49999999999998,12.9999999999989));
#16360=CARTESIAN_POINT('',(12.6702265412269,-5.49999999999998,12.9999999999989));
#16361=CARTESIAN_POINT('',(13.22477796077,-5.50000000000002,12.9999999999989));
#16362=CARTESIAN_POINT('',(25.864915686304,-5.50000000000089,12.9999999999989));
#16363=CARTESIAN_POINT('',(13.5739116996505,-5.50000000000005,11.6499999999989));
#16364=CARTESIAN_POINT('',(13.5739116996505,-5.50000000000005,11.6499999999989));
#16365=CARTESIAN_POINT('',(14.2060483945003,-5.50000000000009,11.6499999999989));
#16366=CARTESIAN_POINT('',(14.2060483945003,-5.50000000000009,11.6499999999989));
#16367=CARTESIAN_POINT('',(14.5551821333808,-5.50000000000011,12.9999999999989));
#16368=CARTESIAN_POINT('',(14.5551821333808,-5.50000000000011,12.9999999999989));
#16369=CARTESIAN_POINT('',(15.1097335529239,-5.50000000000015,12.9999999999989));
#16370=CARTESIAN_POINT('',(25.864915686304,-5.50000000000089,12.9999999999989));
#16371=CARTESIAN_POINT('',(15.4588672918043,-5.50000000000018,11.6499999999989));
#16372=CARTESIAN_POINT('',(15.4588672918043,-5.50000000000018,11.6499999999989));
#16373=CARTESIAN_POINT('',(16.0910039866542,-5.50000000000022,11.6499999999989));
#16374=CARTESIAN_POINT('',(16.0910039866542,-5.50000000000022,11.6499999999989));
#16375=CARTESIAN_POINT('',(16.4401377255347,-5.50000000000024,12.9999999999989));
#16376=CARTESIAN_POINT('',(16.4401377255347,-5.50000000000024,12.9999999999989));
#16377=CARTESIAN_POINT('',(16.9946891450778,-5.50000000000028,12.9999999999989));
#16378=CARTESIAN_POINT('',(25.864915686304,-5.50000000000089,12.9999999999989));
#16379=CARTESIAN_POINT('',(17.3438228839582,-5.5000000000003,11.6499999999989));
#16380=CARTESIAN_POINT('',(17.3438228839582,-5.5000000000003,11.6499999999989));
#16381=CARTESIAN_POINT('',(17.9759595788081,-5.50000000000035,11.6499999999989));
#16382=CARTESIAN_POINT('',(17.9759595788081,-5.50000000000035,11.6499999999989));
#16383=CARTESIAN_POINT('',(18.3250933176885,-5.50000000000037,12.9999999999989));
#16384=CARTESIAN_POINT('',(18.3250933176885,-5.50000000000037,12.9999999999989));
#16385=CARTESIAN_POINT('',(18.8796447372316,-5.50000000000041,12.9999999999989));
#16386=CARTESIAN_POINT('',(25.864915686304,-5.50000000000089,12.9999999999989));
#16387=CARTESIAN_POINT('',(19.2287784761121,-5.50000000000043,11.6499999999989));
#16388=CARTESIAN_POINT('',(19.2287784761121,-5.50000000000043,11.6499999999989));
#16389=CARTESIAN_POINT('',(19.860915170962,-5.50000000000048,11.6499999999989));
#16390=CARTESIAN_POINT('',(19.860915170962,-5.50000000000048,11.6499999999989));
#16391=CARTESIAN_POINT('',(20.2100489098424,-5.5000000000005,12.9999999999989));
#16392=CARTESIAN_POINT('',(20.2100489098424,-5.5000000000005,12.9999999999989));
#16393=CARTESIAN_POINT('',(20.7646003293855,-5.50000000000054,12.9999999999989));
#16394=CARTESIAN_POINT('',(25.864915686304,-5.50000000000089,12.9999999999989));
#16395=CARTESIAN_POINT('',(21.113734068266,-5.50000000000056,11.6499999999989));
#16396=CARTESIAN_POINT('',(21.113734068266,-5.50000000000056,11.6499999999989));
#16397=CARTESIAN_POINT('',(21.7458707631158,-5.5000000000006,11.6499999999989));
#16398=CARTESIAN_POINT('',(21.7458707631158,-5.5000000000006,11.6499999999989));
#16399=CARTESIAN_POINT('',(22.0950045019963,-5.50000000000063,12.9999999999989));
#16400=CARTESIAN_POINT('',(22.0950045019963,-5.50000000000063,12.9999999999989));
#16401=CARTESIAN_POINT('',(22.6495559215394,-5.50000000000067,12.9999999999989));
#16402=CARTESIAN_POINT('',(25.864915686304,-5.50000000000089,12.9999999999989));
#16403=CARTESIAN_POINT('',(22.9986896604198,-5.50000000000069,11.6499999999989));
#16404=CARTESIAN_POINT('',(22.9986896604198,-5.50000000000069,11.6499999999989));
#16405=CARTESIAN_POINT('',(23.6308263552697,-5.50000000000073,11.6499999999989));
#16406=CARTESIAN_POINT('',(23.6308263552697,-5.50000000000073,11.6499999999989));
#16407=CARTESIAN_POINT('',(23.9799600941502,-5.50000000000076,12.9999999999989));
#16408=CARTESIAN_POINT('',(23.9799600941502,-5.50000000000076,12.9999999999989));
#16409=CARTESIAN_POINT('',(24.5345115136933,-5.5000000000008,12.9999999999989));
#16410=CARTESIAN_POINT('',(25.864915686304,-5.50000000000089,12.9999999999989));
#16411=CARTESIAN_POINT('',(24.8836452525737,-5.50000000000082,11.6499999999989));
#16412=CARTESIAN_POINT('',(24.8836452525737,-5.50000000000082,11.6499999999989));
#16413=CARTESIAN_POINT('',(25.5157819474236,-5.50000000000086,11.6499999999989));
#16414=CARTESIAN_POINT('',(25.5157819474236,-5.50000000000086,11.6499999999989));
#16415=CARTESIAN_POINT('',(25.864915686304,-5.50000000000089,12.9999999999989));
#16416=CARTESIAN_POINT('',(25.864915686304,-5.50000000000089,12.9999999999989));
#16417=CARTESIAN_POINT('',(26.4194671058529,-5.50000000000043,12.999999999999));
#16418=CARTESIAN_POINT('',(46.5994272000024,-5.50000000000185,12.999999999999));
#16419=CARTESIAN_POINT('',(26.7686008447333,-5.50000000000049,11.649999999999));
#16420=CARTESIAN_POINT('',(26.7686008447333,-5.50000000000049,11.649999999999));
#16421=CARTESIAN_POINT('',(27.4007375395832,-5.5000000000005,11.649999999999));
#16422=CARTESIAN_POINT('',(27.4007375395832,-5.5000000000005,11.649999999999));
#16423=CARTESIAN_POINT('',(27.7498712784637,-5.50000000000056,12.999999999999));
#16424=CARTESIAN_POINT('',(27.7498712784637,-5.50000000000056,12.999999999999));
#16425=CARTESIAN_POINT('',(46.5994272000024,-5.50000000000185,12.999999999999));
#16426=CARTESIAN_POINT('',(42.7494272000024,-5.50000000000205,12.5000000000038));
#16427=CARTESIAN_POINT('Origin',(43.5994272000024,-5.5000000000021,12.5000000000038));
#16428=CARTESIAN_POINT('Origin',(3.80000000000072,-3.99999999999909,17.1000000000038));
#16429=CARTESIAN_POINT('',(46.5994272000025,-4.00000000000056,16.999999999999));
#16430=CARTESIAN_POINT('',(5.4076798823831,-3.99999999999915,16.9999999999989));
#16431=CARTESIAN_POINT('',(46.5994272000025,-4.00000000000062,15.0500000000014));
#16432=CARTESIAN_POINT('Origin',(7.01535976476558,-0.999999999999597,16.9999999999989));
#16433=CARTESIAN_POINT('',(46.5994272000025,-5.00000000000185,16.999999999999));
#16434=CARTESIAN_POINT('Origin',(7.01535976476558,-0.999999999999597,16.9999999999989));
#16435=CARTESIAN_POINT('',(46.5994272000027,-1.00000000000182,16.999999999999));
#16436=CARTESIAN_POINT('Origin',(24.5345115136993,-1.00000000000032,12.999999999999));
#16437=CARTESIAN_POINT('',(27.7498712784637,-5.00000000000056,12.999999999999));
#16438=CARTESIAN_POINT('Origin',(24.5345115136993,-1.00000000000032,12.999999999999));
#16439=CARTESIAN_POINT('',(26.4194671058529,-5.00000000000043,12.999999999999));
#16440=CARTESIAN_POINT('',(25.8649156863041,-5.00000000000089,12.9999999999989));
#16441=CARTESIAN_POINT('Origin',(27.4007375395835,-1.00000000000051,11.649999999999));
#16442=CARTESIAN_POINT('',(27.4007375395832,-5.0000000000005,11.649999999999));
#16443=CARTESIAN_POINT('Origin',(26.7686008447336,-1.00000000000047,11.649999999999));
#16444=CARTESIAN_POINT('',(26.7686008447334,-5.00000000000049,11.649999999999));
#16445=CARTESIAN_POINT('Origin',(26.4194671058532,-1.00000000000044,12.999999999999));
#16446=CARTESIAN_POINT('Origin',(3.80000000000094,-0.999999999999377,12.9999999999989));
#16447=CARTESIAN_POINT('',(24.5345115136933,-5.00000000000079,12.9999999999989));
#16448=CARTESIAN_POINT('',(23.9799600941502,-5.00000000000076,12.9999999999989));
#16449=CARTESIAN_POINT('Origin',(3.80000000000094,-0.999999999999377,12.9999999999989));
#16450=CARTESIAN_POINT('',(22.6495559215394,-5.00000000000067,12.9999999999989));
#16451=CARTESIAN_POINT('',(22.0950045019963,-5.00000000000063,12.9999999999989));
#16452=CARTESIAN_POINT('Origin',(3.80000000000094,-0.999999999999377,12.9999999999989));
#16453=CARTESIAN_POINT('',(20.7646003293855,-5.00000000000054,12.9999999999989));
#16454=CARTESIAN_POINT('',(20.2100489098424,-5.0000000000005,12.9999999999989));
#16455=CARTESIAN_POINT('Origin',(3.80000000000094,-0.999999999999377,12.9999999999989));
#16456=CARTESIAN_POINT('',(18.8796447372317,-5.00000000000041,12.9999999999989));
#16457=CARTESIAN_POINT('',(18.3250933176886,-5.00000000000037,12.9999999999989));
#16458=CARTESIAN_POINT('Origin',(3.80000000000094,-0.999999999999377,12.9999999999989));
#16459=CARTESIAN_POINT('',(16.9946891450778,-5.00000000000028,12.9999999999989));
#16460=CARTESIAN_POINT('',(16.4401377255347,-5.00000000000024,12.9999999999989));
#16461=CARTESIAN_POINT('Origin',(3.80000000000094,-0.999999999999377,12.9999999999989));
#16462=CARTESIAN_POINT('',(15.1097335529239,-5.00000000000015,12.9999999999989));
#16463=CARTESIAN_POINT('',(14.5551821333808,-5.00000000000011,12.9999999999989));
#16464=CARTESIAN_POINT('Origin',(3.80000000000094,-0.999999999999377,12.9999999999989));
#16465=CARTESIAN_POINT('',(13.22477796077,-5.00000000000002,12.9999999999989));
#16466=CARTESIAN_POINT('',(12.6702265412269,-4.99999999999998,12.9999999999989));
#16467=CARTESIAN_POINT('Origin',(3.80000000000094,-0.999999999999377,12.9999999999989));
#16468=CARTESIAN_POINT('',(11.3398223686162,-4.99999999999989,12.9999999999989));
#16469=CARTESIAN_POINT('Origin',(12.3210928023468,-0.99999999999996,11.6499999999989));
#16470=CARTESIAN_POINT('',(12.3210928023465,-4.99999999999996,11.6499999999989));
#16471=CARTESIAN_POINT('Origin',(11.6889561074969,-0.999999999999917,11.6499999999989));
#16472=CARTESIAN_POINT('',(11.6889561074966,-4.99999999999992,11.6499999999989));
#16473=CARTESIAN_POINT('Origin',(11.3398223686164,-0.999999999999892,12.9999999999989));
#16474=CARTESIAN_POINT('Origin',(16.0910039866545,-1.00000000000022,11.6499999999989));
#16475=CARTESIAN_POINT('',(16.0910039866542,-5.00000000000022,11.6499999999989));
#16476=CARTESIAN_POINT('Origin',(15.4588672918046,-1.00000000000017,11.6499999999989));
#16477=CARTESIAN_POINT('',(15.4588672918044,-5.00000000000018,11.6499999999989));
#16478=CARTESIAN_POINT('Origin',(15.1097335529242,-1.00000000000015,12.9999999999989));
#16479=CARTESIAN_POINT('Origin',(19.8609151709623,-1.00000000000047,11.6499999999989));
#16480=CARTESIAN_POINT('',(19.860915170962,-5.00000000000048,11.6499999999989));
#16481=CARTESIAN_POINT('Origin',(19.2287784761124,-1.00000000000043,11.6499999999989));
#16482=CARTESIAN_POINT('',(19.2287784761121,-5.00000000000043,11.6499999999989));
#16483=CARTESIAN_POINT('Origin',(18.8796447372319,-1.00000000000041,12.9999999999989));
#16484=CARTESIAN_POINT('Origin',(23.63082635527,-1.00000000000073,11.6499999999989));
#16485=CARTESIAN_POINT('',(23.6308263552697,-5.00000000000073,11.6499999999989));
#16486=CARTESIAN_POINT('Origin',(22.9986896604201,-1.00000000000069,11.6499999999989));
#16487=CARTESIAN_POINT('',(22.9986896604199,-5.00000000000069,11.6499999999989));
#16488=CARTESIAN_POINT('Origin',(22.6495559215397,-1.00000000000066,12.9999999999989));
#16489=CARTESIAN_POINT('Origin',(25.5157819474239,-1.00000000000086,11.6499999999989));
#16490=CARTESIAN_POINT('',(25.5157819474236,-5.00000000000086,11.6499999999989));
#16491=CARTESIAN_POINT('Origin',(24.883645252574,-1.00000000000082,11.6499999999989));
#16492=CARTESIAN_POINT('',(24.8836452525737,-5.00000000000082,11.6499999999989));
#16493=CARTESIAN_POINT('Origin',(24.5345115136936,-1.00000000000079,12.9999999999989));
#16494=CARTESIAN_POINT('Origin',(21.7458707631161,-1.0000000000006,11.6499999999989));
#16495=CARTESIAN_POINT('',(21.7458707631159,-5.0000000000006,11.6499999999989));
#16496=CARTESIAN_POINT('Origin',(21.1137340682663,-1.00000000000056,11.6499999999989));
#16497=CARTESIAN_POINT('',(21.113734068266,-5.00000000000056,11.6499999999989));
#16498=CARTESIAN_POINT('Origin',(20.7646003293858,-1.00000000000054,12.9999999999989));
#16499=CARTESIAN_POINT('Origin',(17.9759595788084,-1.00000000000035,11.6499999999989));
#16500=CARTESIAN_POINT('',(17.9759595788081,-5.00000000000035,11.6499999999989));
#16501=CARTESIAN_POINT('Origin',(17.3438228839585,-1.0000000000003,11.6499999999989));
#16502=CARTESIAN_POINT('',(17.3438228839582,-5.0000000000003,11.6499999999989));
#16503=CARTESIAN_POINT('Origin',(16.9946891450781,-1.00000000000028,12.9999999999989));
#16504=CARTESIAN_POINT('Origin',(14.2060483945006,-1.00000000000009,11.6499999999989));
#16505=CARTESIAN_POINT('',(14.2060483945004,-5.00000000000009,11.6499999999989));
#16506=CARTESIAN_POINT('Origin',(13.5739116996508,-1.00000000000005,11.6499999999989));
#16507=CARTESIAN_POINT('',(13.5739116996505,-5.00000000000005,11.6499999999989));
#16508=CARTESIAN_POINT('Origin',(13.2247779607703,-1.00000000000002,12.9999999999989));
#16509=CARTESIAN_POINT('Origin',(43.5994272000027,-1.00000000000194,4.50000000000379));
#16510=CARTESIAN_POINT('',(42.7494272000027,-1.00000000000188,4.50000000000379));
#16511=CARTESIAN_POINT('Origin',(43.5994272000027,-1.00000000000194,12.5000000000038));
#16512=CARTESIAN_POINT('',(42.7494272000027,-1.00000000000188,12.5000000000038));
#16513=CARTESIAN_POINT('Origin',(40.5994272000026,-2.00000000000032,-0.500000000004597));
#16514=CARTESIAN_POINT('',(46.5994272000026,-2.00000000000067,-8.54871728961371E-13));
#16515=CARTESIAN_POINT('',(40.5994272000026,-2.00000000000047,-8.54871728961371E-13));
#16516=CARTESIAN_POINT('',(46.5994272000026,-2.0000000000006,-0.250000000002877));
#16517=CARTESIAN_POINT('Origin',(46.5994272000027,-1.00000000000214,-8.54871728961371E-13));
#16518=CARTESIAN_POINT('',(46.5994272000027,-1.00000000000214,-8.54871728961371E-13));
#16519=CARTESIAN_POINT('Origin',(40.5994272000027,-1.0000000000017,-8.54871728961371E-13));
#16520=UNCERTAINTY_MEASURE_WITH_UNIT(LENGTH_MEASURE(0.01),#16524,
'DISTANCE_ACCURACY_VALUE',
'Maximum model space distance between geometric entities at asserted c
onnectivities');
#16521=UNCERTAINTY_MEASURE_WITH_UNIT(LENGTH_MEASURE(0.01),#16524,
'DISTANCE_ACCURACY_VALUE',
'Maximum model space distance between geometric entities at asserted c
onnectivities');
#16522=(
GEOMETRIC_REPRESENTATION_CONTEXT(3)
GLOBAL_UNCERTAINTY_ASSIGNED_CONTEXT((#16520))
GLOBAL_UNIT_ASSIGNED_CONTEXT((#16524,#16526,#16527))
REPRESENTATION_CONTEXT('','3D')
);
#16523=(
GEOMETRIC_REPRESENTATION_CONTEXT(3)
GLOBAL_UNCERTAINTY_ASSIGNED_CONTEXT((#16521))
GLOBAL_UNIT_ASSIGNED_CONTEXT((#16524,#16526,#16527))
REPRESENTATION_CONTEXT('','3D')
);
#16524=(
LENGTH_UNIT()
NAMED_UNIT(*)
SI_UNIT(.MILLI.,.METRE.)
);
#16525=(
LENGTH_UNIT()
NAMED_UNIT(*)
SI_UNIT($,.METRE.)
);
#16526=(
NAMED_UNIT(*)
PLANE_ANGLE_UNIT()
SI_UNIT($,.RADIAN.)
);
#16527=(
NAMED_UNIT(*)
SI_UNIT($,.STERADIAN.)
SOLID_ANGLE_UNIT()
);
#16528=SHAPE_DEFINITION_REPRESENTATION(#16529,#16530);
#16529=PRODUCT_DEFINITION_SHAPE('',$,#16532);
#16530=SHAPE_REPRESENTATION('',(#9926),#16522);
#16531=PRODUCT_DEFINITION_CONTEXT('part definition',#16536,'design');
#16532=PRODUCT_DEFINITION('L6','L6',#16533,#16531);
#16533=PRODUCT_DEFINITION_FORMATION('',$,#16538);
#16534=PRODUCT_RELATED_PRODUCT_CATEGORY('L6','L6',(#16538));
#16535=APPLICATION_PROTOCOL_DEFINITION('international standard',
'automotive_design',2009,#16536);
#16536=APPLICATION_CONTEXT(
'Core Data for Automotive Mechanical Design Process');
#16537=PRODUCT_CONTEXT('part definition',#16536,'mechanical');
#16538=PRODUCT('L6','L6',$,(#16537));
#16539=PRESENTATION_STYLE_ASSIGNMENT((#16540));
#16540=SURFACE_STYLE_USAGE(.BOTH.,#16541);
#16541=SURFACE_SIDE_STYLE('',(#16542));
#16542=SURFACE_STYLE_FILL_AREA(#16543);
#16543=FILL_AREA_STYLE('Nylon 6-6 (White)',(#16544));
#16544=FILL_AREA_STYLE_COLOUR('Nylon 6-6 (White)',#16545);
#16545=COLOUR_RGB('Nylon 6-6 (White)',0.972549019607843,0.968627450980392,
0.929411764705882);
ENDSEC;
END-ISO-10303-21;
