ISO-10303-21;
HEADER;
/* Generated by software containing ST-Developer
 * from STEP Tools, Inc. (www.steptools.com) 
 */

FILE_DESCRIPTION(
/* description */ (''),
/* implementation_level */ '2;1');

FILE_NAME(
/* name */ 'base-frame.step',
/* time_stamp */ '2026-05-18T20:36:17+02:00',
/* author */ (''),
/* organization */ (''),
/* preprocessor_version */ 'ST-DEVELOPER v20.1',
/* originating_system */ 'Autodesk Translation Framework v15.8.0.0',
/* authorisation */ '');

FILE_SCHEMA (('AUTOMOTIVE_DESIGN { 1 0 10303 214 3 1 1 }'));
ENDSEC;

DATA;
#10=MECHANICAL_DESIGN_GEOMETRIC_PRESENTATION_REPRESENTATION('',(#13),#2375);
#11=SHAPE_REPRESENTATION_RELATIONSHIP('SRR','None',#2382,#12);
#12=ADVANCED_BREP_SHAPE_REPRESENTATION('',(#14),#2374);
#13=STYLED_ITEM('',(#2391),#14);
#14=MANIFOLD_SOLID_BREP('Body1',#1431);
#15=FACE_BOUND('',#199,.T.);
#16=FACE_BOUND('',#200,.T.);
#17=FACE_BOUND('',#201,.T.);
#18=FACE_BOUND('',#202,.T.);
#19=FACE_BOUND('',#203,.T.);
#20=FACE_BOUND('',#204,.T.);
#21=FACE_BOUND('',#205,.T.);
#22=FACE_BOUND('',#206,.T.);
#23=FACE_BOUND('',#207,.T.);
#24=FACE_BOUND('',#208,.T.);
#25=FACE_BOUND('',#218,.T.);
#26=FACE_BOUND('',#219,.T.);
#27=FACE_BOUND('',#221,.T.);
#28=FACE_BOUND('',#223,.T.);
#29=FACE_BOUND('',#225,.T.);
#30=FACE_BOUND('',#227,.T.);
#31=FACE_BOUND('',#229,.T.);
#32=FACE_BOUND('',#231,.T.);
#33=FACE_BOUND('',#233,.T.);
#34=FACE_BOUND('',#234,.T.);
#35=FACE_BOUND('',#235,.T.);
#36=FACE_BOUND('',#237,.T.);
#37=FACE_BOUND('',#238,.T.);
#38=FACE_BOUND('',#239,.T.);
#39=CONICAL_SURFACE('',#1479,19.75,0.785398163397448);
#40=CONICAL_SURFACE('',#1483,19.75,0.785398163397448);
#41=CONICAL_SURFACE('',#1500,19.,0.785398163397447);
#42=CONICAL_SURFACE('',#1504,19.,0.785398163397447);
#43=PLANE('',#1448);
#44=PLANE('',#1452);
#45=PLANE('',#1456);
#46=PLANE('',#1460);
#47=PLANE('',#1464);
#48=PLANE('',#1468);
#49=PLANE('',#1472);
#50=PLANE('',#1476);
#51=PLANE('',#1477);
#52=PLANE('',#1478);
#53=PLANE('',#1482);
#54=PLANE('',#1486);
#55=PLANE('',#1489);
#56=PLANE('',#1490);
#57=PLANE('',#1491);
#58=PLANE('',#1498);
#59=PLANE('',#1499);
#60=PLANE('',#1503);
#61=PLANE('',#1506);
#62=PLANE('',#1508);
#63=PLANE('',#1509);
#64=PLANE('',#1510);
#65=PLANE('',#1513);
#66=PLANE('',#1516);
#67=PLANE('',#1519);
#68=PLANE('',#1522);
#69=PLANE('',#1525);
#70=PLANE('',#1528);
#71=PLANE('',#1532);
#72=PLANE('',#1542);
#73=PLANE('',#1543);
#74=PLANE('',#1544);
#75=PLANE('',#1545);
#76=PLANE('',#1546);
#77=PLANE('',#1547);
#78=PLANE('',#1548);
#79=PLANE('',#1549);
#80=PLANE('',#1550);
#81=PLANE('',#1551);
#82=PLANE('',#1552);
#83=PLANE('',#1553);
#84=PLANE('',#1556);
#85=PLANE('',#1557);
#86=PLANE('',#1558);
#87=PLANE('',#1559);
#88=PLANE('',#1560);
#89=PLANE('',#1561);
#90=PLANE('',#1566);
#91=PLANE('',#1567);
#92=PLANE('',#1568);
#93=PLANE('',#1569);
#94=PLANE('',#1570);
#95=FACE_OUTER_BOUND('',#173,.T.);
#96=FACE_OUTER_BOUND('',#174,.T.);
#97=FACE_OUTER_BOUND('',#175,.T.);
#98=FACE_OUTER_BOUND('',#176,.T.);
#99=FACE_OUTER_BOUND('',#177,.T.);
#100=FACE_OUTER_BOUND('',#178,.T.);
#101=FACE_OUTER_BOUND('',#179,.T.);
#102=FACE_OUTER_BOUND('',#180,.T.);
#103=FACE_OUTER_BOUND('',#181,.T.);
#104=FACE_OUTER_BOUND('',#182,.T.);
#105=FACE_OUTER_BOUND('',#183,.T.);
#106=FACE_OUTER_BOUND('',#184,.T.);
#107=FACE_OUTER_BOUND('',#185,.T.);
#108=FACE_OUTER_BOUND('',#186,.T.);
#109=FACE_OUTER_BOUND('',#187,.T.);
#110=FACE_OUTER_BOUND('',#188,.T.);
#111=FACE_OUTER_BOUND('',#189,.T.);
#112=FACE_OUTER_BOUND('',#190,.T.);
#113=FACE_OUTER_BOUND('',#191,.T.);
#114=FACE_OUTER_BOUND('',#192,.T.);
#115=FACE_OUTER_BOUND('',#193,.T.);
#116=FACE_OUTER_BOUND('',#194,.T.);
#117=FACE_OUTER_BOUND('',#195,.T.);
#118=FACE_OUTER_BOUND('',#196,.T.);
#119=FACE_OUTER_BOUND('',#197,.T.);
#120=FACE_OUTER_BOUND('',#198,.T.);
#121=FACE_OUTER_BOUND('',#209,.T.);
#122=FACE_OUTER_BOUND('',#210,.T.);
#123=FACE_OUTER_BOUND('',#211,.T.);
#124=FACE_OUTER_BOUND('',#212,.T.);
#125=FACE_OUTER_BOUND('',#213,.T.);
#126=FACE_OUTER_BOUND('',#214,.T.);
#127=FACE_OUTER_BOUND('',#215,.T.);
#128=FACE_OUTER_BOUND('',#216,.T.);
#129=FACE_OUTER_BOUND('',#217,.T.);
#130=FACE_OUTER_BOUND('',#220,.T.);
#131=FACE_OUTER_BOUND('',#222,.T.);
#132=FACE_OUTER_BOUND('',#224,.T.);
#133=FACE_OUTER_BOUND('',#226,.T.);
#134=FACE_OUTER_BOUND('',#228,.T.);
#135=FACE_OUTER_BOUND('',#230,.T.);
#136=FACE_OUTER_BOUND('',#232,.T.);
#137=FACE_OUTER_BOUND('',#236,.T.);
#138=FACE_OUTER_BOUND('',#240,.T.);
#139=FACE_OUTER_BOUND('',#241,.T.);
#140=FACE_OUTER_BOUND('',#242,.T.);
#141=FACE_OUTER_BOUND('',#243,.T.);
#142=FACE_OUTER_BOUND('',#244,.T.);
#143=FACE_OUTER_BOUND('',#245,.T.);
#144=FACE_OUTER_BOUND('',#246,.T.);
#145=FACE_OUTER_BOUND('',#247,.T.);
#146=FACE_OUTER_BOUND('',#248,.T.);
#147=FACE_OUTER_BOUND('',#249,.T.);
#148=FACE_OUTER_BOUND('',#250,.T.);
#149=FACE_OUTER_BOUND('',#251,.T.);
#150=FACE_OUTER_BOUND('',#252,.T.);
#151=FACE_OUTER_BOUND('',#253,.T.);
#152=FACE_OUTER_BOUND('',#254,.T.);
#153=FACE_OUTER_BOUND('',#255,.T.);
#154=FACE_OUTER_BOUND('',#256,.T.);
#155=FACE_OUTER_BOUND('',#257,.T.);
#156=FACE_OUTER_BOUND('',#258,.T.);
#157=FACE_OUTER_BOUND('',#259,.T.);
#158=FACE_OUTER_BOUND('',#260,.T.);
#159=FACE_OUTER_BOUND('',#261,.T.);
#160=FACE_OUTER_BOUND('',#262,.T.);
#161=FACE_OUTER_BOUND('',#263,.T.);
#162=FACE_OUTER_BOUND('',#264,.T.);
#163=FACE_OUTER_BOUND('',#265,.T.);
#164=FACE_OUTER_BOUND('',#266,.T.);
#165=FACE_OUTER_BOUND('',#267,.T.);
#166=FACE_OUTER_BOUND('',#268,.T.);
#167=FACE_OUTER_BOUND('',#269,.T.);
#168=FACE_OUTER_BOUND('',#270,.T.);
#169=FACE_OUTER_BOUND('',#271,.T.);
#170=FACE_OUTER_BOUND('',#272,.T.);
#171=FACE_OUTER_BOUND('',#273,.T.);
#172=FACE_OUTER_BOUND('',#274,.T.);
#173=EDGE_LOOP('',(#939,#940,#941,#942));
#174=EDGE_LOOP('',(#943,#944,#945,#946));
#175=EDGE_LOOP('',(#947,#948,#949,#950));
#176=EDGE_LOOP('',(#951,#952,#953,#954,#955));
#177=EDGE_LOOP('',(#956,#957,#958,#959));
#178=EDGE_LOOP('',(#960,#961,#962,#963,#964));
#179=EDGE_LOOP('',(#965,#966,#967,#968));
#180=EDGE_LOOP('',(#969,#970,#971,#972));
#181=EDGE_LOOP('',(#973,#974,#975,#976));
#182=EDGE_LOOP('',(#977,#978,#979,#980));
#183=EDGE_LOOP('',(#981,#982,#983,#984));
#184=EDGE_LOOP('',(#985,#986,#987,#988,#989));
#185=EDGE_LOOP('',(#990,#991,#992,#993));
#186=EDGE_LOOP('',(#994,#995,#996,#997));
#187=EDGE_LOOP('',(#998,#999,#1000,#1001));
#188=EDGE_LOOP('',(#1002,#1003,#1004,#1005,#1006));
#189=EDGE_LOOP('',(#1007,#1008,#1009,#1010));
#190=EDGE_LOOP('',(#1011,#1012,#1013,#1014));
#191=EDGE_LOOP('',(#1015,#1016,#1017,#1018));
#192=EDGE_LOOP('',(#1019,#1020,#1021,#1022));
#193=EDGE_LOOP('',(#1023,#1024,#1025,#1026));
#194=EDGE_LOOP('',(#1027,#1028,#1029,#1030));
#195=EDGE_LOOP('',(#1031,#1032,#1033,#1034));
#196=EDGE_LOOP('',(#1035,#1036,#1037,#1038));
#197=EDGE_LOOP('',(#1039,#1040,#1041,#1042));
#198=EDGE_LOOP('',(#1043,#1044,#1045,#1046,#1047,#1048));
#199=EDGE_LOOP('',(#1049));
#200=EDGE_LOOP('',(#1050));
#201=EDGE_LOOP('',(#1051,#1052,#1053,#1054,#1055,#1056,#1057));
#202=EDGE_LOOP('',(#1058,#1059,#1060,#1061,#1062,#1063,#1064));
#203=EDGE_LOOP('',(#1065));
#204=EDGE_LOOP('',(#1066));
#205=EDGE_LOOP('',(#1067));
#206=EDGE_LOOP('',(#1068));
#207=EDGE_LOOP('',(#1069,#1070,#1071,#1072,#1073,#1074));
#208=EDGE_LOOP('',(#1075,#1076,#1077,#1078,#1079,#1080));
#209=EDGE_LOOP('',(#1081,#1082,#1083,#1084));
#210=EDGE_LOOP('',(#1085,#1086,#1087,#1088));
#211=EDGE_LOOP('',(#1089,#1090,#1091,#1092));
#212=EDGE_LOOP('',(#1093,#1094,#1095,#1096));
#213=EDGE_LOOP('',(#1097,#1098,#1099,#1100));
#214=EDGE_LOOP('',(#1101,#1102,#1103,#1104));
#215=EDGE_LOOP('',(#1105,#1106,#1107,#1108));
#216=EDGE_LOOP('',(#1109,#1110,#1111,#1112));
#217=EDGE_LOOP('',(#1113,#1114,#1115,#1116,#1117,#1118));
#218=EDGE_LOOP('',(#1119,#1120,#1121,#1122,#1123,#1124,#1125,#1126,#1127,
#1128,#1129,#1130,#1131,#1132,#1133,#1134));
#219=EDGE_LOOP('',(#1135,#1136,#1137,#1138,#1139,#1140,#1141,#1142,#1143,
#1144,#1145,#1146,#1147,#1148,#1149,#1150));
#220=EDGE_LOOP('',(#1151));
#221=EDGE_LOOP('',(#1152));
#222=EDGE_LOOP('',(#1153));
#223=EDGE_LOOP('',(#1154));
#224=EDGE_LOOP('',(#1155));
#225=EDGE_LOOP('',(#1156));
#226=EDGE_LOOP('',(#1157));
#227=EDGE_LOOP('',(#1158));
#228=EDGE_LOOP('',(#1159));
#229=EDGE_LOOP('',(#1160));
#230=EDGE_LOOP('',(#1161));
#231=EDGE_LOOP('',(#1162));
#232=EDGE_LOOP('',(#1163,#1164,#1165,#1166,#1167,#1168,#1169,#1170,#1171));
#233=EDGE_LOOP('',(#1172));
#234=EDGE_LOOP('',(#1173));
#235=EDGE_LOOP('',(#1174));
#236=EDGE_LOOP('',(#1175,#1176,#1177,#1178,#1179,#1180,#1181,#1182,#1183));
#237=EDGE_LOOP('',(#1184));
#238=EDGE_LOOP('',(#1185));
#239=EDGE_LOOP('',(#1186));
#240=EDGE_LOOP('',(#1187,#1188,#1189,#1190));
#241=EDGE_LOOP('',(#1191,#1192,#1193,#1194));
#242=EDGE_LOOP('',(#1195,#1196,#1197,#1198));
#243=EDGE_LOOP('',(#1199,#1200,#1201,#1202));
#244=EDGE_LOOP('',(#1203,#1204,#1205,#1206));
#245=EDGE_LOOP('',(#1207,#1208,#1209,#1210));
#246=EDGE_LOOP('',(#1211,#1212,#1213,#1214));
#247=EDGE_LOOP('',(#1215,#1216,#1217,#1218));
#248=EDGE_LOOP('',(#1219,#1220,#1221,#1222));
#249=EDGE_LOOP('',(#1223,#1224,#1225,#1226));
#250=EDGE_LOOP('',(#1227,#1228,#1229,#1230));
#251=EDGE_LOOP('',(#1231,#1232,#1233,#1234));
#252=EDGE_LOOP('',(#1235,#1236,#1237,#1238));
#253=EDGE_LOOP('',(#1239,#1240,#1241,#1242));
#254=EDGE_LOOP('',(#1243,#1244,#1245,#1246));
#255=EDGE_LOOP('',(#1247,#1248,#1249,#1250));
#256=EDGE_LOOP('',(#1251,#1252,#1253,#1254));
#257=EDGE_LOOP('',(#1255,#1256,#1257,#1258));
#258=EDGE_LOOP('',(#1259,#1260,#1261,#1262));
#259=EDGE_LOOP('',(#1263,#1264,#1265,#1266));
#260=EDGE_LOOP('',(#1267,#1268,#1269,#1270,#1271));
#261=EDGE_LOOP('',(#1272,#1273,#1274,#1275));
#262=EDGE_LOOP('',(#1276,#1277,#1278,#1279));
#263=EDGE_LOOP('',(#1280,#1281,#1282,#1283,#1284));
#264=EDGE_LOOP('',(#1285,#1286,#1287,#1288));
#265=EDGE_LOOP('',(#1289,#1290,#1291,#1292));
#266=EDGE_LOOP('',(#1293,#1294,#1295,#1296));
#267=EDGE_LOOP('',(#1297,#1298,#1299,#1300));
#268=EDGE_LOOP('',(#1301,#1302,#1303,#1304));
#269=EDGE_LOOP('',(#1305,#1306,#1307,#1308));
#270=EDGE_LOOP('',(#1309,#1310,#1311,#1312,#1313));
#271=EDGE_LOOP('',(#1314,#1315,#1316,#1317));
#272=EDGE_LOOP('',(#1318,#1319,#1320,#1321,#1322));
#273=EDGE_LOOP('',(#1323,#1324,#1325,#1326));
#274=EDGE_LOOP('',(#1327,#1328,#1329,#1330));
#275=LINE('',#1979,#423);
#276=LINE('',#1982,#424);
#277=LINE('',#1985,#425);
#278=LINE('',#1987,#426);
#279=LINE('',#1988,#427);
#280=LINE('',#1994,#428);
#281=LINE('',#1997,#429);
#282=LINE('',#2000,#430);
#283=LINE('',#2002,#431);
#284=LINE('',#2004,#432);
#285=LINE('',#2005,#433);
#286=LINE('',#2010,#434);
#287=LINE('',#2014,#435);
#288=LINE('',#2016,#436);
#289=LINE('',#2018,#437);
#290=LINE('',#2019,#438);
#291=LINE('',#2025,#439);
#292=LINE('',#2028,#440);
#293=LINE('',#2030,#441);
#294=LINE('',#2031,#442);
#295=LINE('',#2037,#443);
#296=LINE('',#2040,#444);
#297=LINE('',#2043,#445);
#298=LINE('',#2045,#446);
#299=LINE('',#2046,#447);
#300=LINE('',#2051,#448);
#301=LINE('',#2055,#449);
#302=LINE('',#2057,#450);
#303=LINE('',#2059,#451);
#304=LINE('',#2060,#452);
#305=LINE('',#2066,#453);
#306=LINE('',#2069,#454);
#307=LINE('',#2072,#455);
#308=LINE('',#2074,#456);
#309=LINE('',#2075,#457);
#310=LINE('',#2080,#458);
#311=LINE('',#2084,#459);
#312=LINE('',#2086,#460);
#313=LINE('',#2088,#461);
#314=LINE('',#2089,#462);
#315=LINE('',#2093,#463);
#316=LINE('',#2095,#464);
#317=LINE('',#2097,#465);
#318=LINE('',#2098,#466);
#319=LINE('',#2101,#467);
#320=LINE('',#2103,#468);
#321=LINE('',#2104,#469);
#322=LINE('',#2108,#470);
#323=LINE('',#2114,#471);
#324=LINE('',#2115,#472);
#325=LINE('',#2116,#473);
#326=LINE('',#2120,#474);
#327=LINE('',#2124,#475);
#328=LINE('',#2125,#476);
#329=LINE('',#2128,#477);
#330=LINE('',#2131,#478);
#331=LINE('',#2134,#479);
#332=LINE('',#2135,#480);
#333=LINE('',#2138,#481);
#334=LINE('',#2139,#482);
#335=LINE('',#2146,#483);
#336=LINE('',#2148,#484);
#337=LINE('',#2149,#485);
#338=LINE('',#2151,#486);
#339=LINE('',#2153,#487);
#340=LINE('',#2154,#488);
#341=LINE('',#2164,#489);
#342=LINE('',#2165,#490);
#343=LINE('',#2167,#491);
#344=LINE('',#2168,#492);
#345=LINE('',#2172,#493);
#346=LINE('',#2173,#494);
#347=LINE('',#2174,#495);
#348=LINE('',#2177,#496);
#349=LINE('',#2179,#497);
#350=LINE('',#2180,#498);
#351=LINE('',#2184,#499);
#352=LINE('',#2189,#500);
#353=LINE('',#2190,#501);
#354=LINE('',#2191,#502);
#355=LINE('',#2194,#503);
#356=LINE('',#2197,#504);
#357=LINE('',#2199,#505);
#358=LINE('',#2200,#506);
#359=LINE('',#2205,#507);
#360=LINE('',#2206,#508);
#361=LINE('',#2208,#509);
#362=LINE('',#2209,#510);
#363=LINE('',#2211,#511);
#364=LINE('',#2213,#512);
#365=LINE('',#2215,#513);
#366=LINE('',#2216,#514);
#367=LINE('',#2219,#515);
#368=LINE('',#2220,#516);
#369=LINE('',#2222,#517);
#370=LINE('',#2223,#518);
#371=LINE('',#2225,#519);
#372=LINE('',#2227,#520);
#373=LINE('',#2229,#521);
#374=LINE('',#2230,#522);
#375=LINE('',#2263,#523);
#376=LINE('',#2264,#524);
#377=LINE('',#2266,#525);
#378=LINE('',#2268,#526);
#379=LINE('',#2270,#527);
#380=LINE('',#2272,#528);
#381=LINE('',#2274,#529);
#382=LINE('',#2276,#530);
#383=LINE('',#2277,#531);
#384=LINE('',#2286,#532);
#385=LINE('',#2288,#533);
#386=LINE('',#2289,#534);
#387=LINE('',#2291,#535);
#388=LINE('',#2293,#536);
#389=LINE('',#2295,#537);
#390=LINE('',#2297,#538);
#391=LINE('',#2299,#539);
#392=LINE('',#2300,#540);
#393=LINE('',#2308,#541);
#394=LINE('',#2310,#542);
#395=LINE('',#2312,#543);
#396=LINE('',#2314,#544);
#397=LINE('',#2316,#545);
#398=LINE('',#2318,#546);
#399=LINE('',#2320,#547);
#400=LINE('',#2321,#548);
#401=LINE('',#2323,#549);
#402=LINE('',#2324,#550);
#403=LINE('',#2326,#551);
#404=LINE('',#2329,#552);
#405=LINE('',#2331,#553);
#406=LINE('',#2333,#554);
#407=LINE('',#2335,#555);
#408=LINE('',#2338,#556);
#409=LINE('',#2340,#557);
#410=LINE('',#2342,#558);
#411=LINE('',#2344,#559);
#412=LINE('',#2346,#560);
#413=LINE('',#2348,#561);
#414=LINE('',#2350,#562);
#415=LINE('',#2353,#563);
#416=LINE('',#2355,#564);
#417=LINE('',#2358,#565);
#418=LINE('',#2360,#566);
#419=LINE('',#2362,#567);
#420=LINE('',#2364,#568);
#421=LINE('',#2366,#569);
#422=LINE('',#2369,#570);
#423=VECTOR('',#1577,10.);
#424=VECTOR('',#1580,10.);
#425=VECTOR('',#1583,10.);
#426=VECTOR('',#1584,10.);
#427=VECTOR('',#1585,10.);
#428=VECTOR('',#1590,10.);
#429=VECTOR('',#1593,10.);
#430=VECTOR('',#1596,10.);
#431=VECTOR('',#1597,10.);
#432=VECTOR('',#1598,10.);
#433=VECTOR('',#1599,10.);
#434=VECTOR('',#1604,10.);
#435=VECTOR('',#1609,10.);
#436=VECTOR('',#1610,10.);
#437=VECTOR('',#1611,10.);
#438=VECTOR('',#1612,10.);
#439=VECTOR('',#1617,10.);
#440=VECTOR('',#1620,10.);
#441=VECTOR('',#1623,10.);
#442=VECTOR('',#1624,10.);
#443=VECTOR('',#1629,10.);
#444=VECTOR('',#1632,10.);
#445=VECTOR('',#1635,10.);
#446=VECTOR('',#1636,10.);
#447=VECTOR('',#1637,10.);
#448=VECTOR('',#1642,10.);
#449=VECTOR('',#1647,10.);
#450=VECTOR('',#1648,10.);
#451=VECTOR('',#1649,10.);
#452=VECTOR('',#1650,10.);
#453=VECTOR('',#1655,10.);
#454=VECTOR('',#1658,10.);
#455=VECTOR('',#1661,10.);
#456=VECTOR('',#1662,10.);
#457=VECTOR('',#1663,10.);
#458=VECTOR('',#1668,10.);
#459=VECTOR('',#1673,10.);
#460=VECTOR('',#1674,10.);
#461=VECTOR('',#1675,10.);
#462=VECTOR('',#1676,10.);
#463=VECTOR('',#1679,10.);
#464=VECTOR('',#1680,10.);
#465=VECTOR('',#1681,10.);
#466=VECTOR('',#1682,10.);
#467=VECTOR('',#1685,10.);
#468=VECTOR('',#1686,10.);
#469=VECTOR('',#1687,10.);
#470=VECTOR('',#1690,10.);
#471=VECTOR('',#1697,10.);
#472=VECTOR('',#1698,10.);
#473=VECTOR('',#1699,10.);
#474=VECTOR('',#1702,10.);
#475=VECTOR('',#1709,10.);
#476=VECTOR('',#1710,10.);
#477=VECTOR('',#1713,10.);
#478=VECTOR('',#1716,10.);
#479=VECTOR('',#1719,10.);
#480=VECTOR('',#1720,10.);
#481=VECTOR('',#1723,10.);
#482=VECTOR('',#1724,10.);
#483=VECTOR('',#1731,10.);
#484=VECTOR('',#1732,10.);
#485=VECTOR('',#1733,10.);
#486=VECTOR('',#1734,10.);
#487=VECTOR('',#1735,10.);
#488=VECTOR('',#1736,10.);
#489=VECTOR('',#1745,10.);
#490=VECTOR('',#1746,10.);
#491=VECTOR('',#1747,10.);
#492=VECTOR('',#1748,10.);
#493=VECTOR('',#1751,10.);
#494=VECTOR('',#1752,10.);
#495=VECTOR('',#1753,10.);
#496=VECTOR('',#1756,10.);
#497=VECTOR('',#1757,10.);
#498=VECTOR('',#1758,10.);
#499=VECTOR('',#1761,10.);
#500=VECTOR('',#1768,10.);
#501=VECTOR('',#1769,10.);
#502=VECTOR('',#1770,10.);
#503=VECTOR('',#1773,10.);
#504=VECTOR('',#1778,10.);
#505=VECTOR('',#1781,10.);
#506=VECTOR('',#1782,10.);
#507=VECTOR('',#1787,10.);
#508=VECTOR('',#1788,10.);
#509=VECTOR('',#1789,10.);
#510=VECTOR('',#1790,10.);
#511=VECTOR('',#1791,10.);
#512=VECTOR('',#1792,10.);
#513=VECTOR('',#1793,10.);
#514=VECTOR('',#1794,10.);
#515=VECTOR('',#1795,10.);
#516=VECTOR('',#1796,10.);
#517=VECTOR('',#1797,10.);
#518=VECTOR('',#1798,10.);
#519=VECTOR('',#1799,10.);
#520=VECTOR('',#1800,10.);
#521=VECTOR('',#1801,10.);
#522=VECTOR('',#1802,10.);
#523=VECTOR('',#1841,10.);
#524=VECTOR('',#1842,10.);
#525=VECTOR('',#1843,10.);
#526=VECTOR('',#1844,10.);
#527=VECTOR('',#1845,10.);
#528=VECTOR('',#1846,10.);
#529=VECTOR('',#1847,10.);
#530=VECTOR('',#1848,10.);
#531=VECTOR('',#1849,10.);
#532=VECTOR('',#1858,10.);
#533=VECTOR('',#1859,10.);
#534=VECTOR('',#1860,10.);
#535=VECTOR('',#1861,10.);
#536=VECTOR('',#1862,10.);
#537=VECTOR('',#1863,10.);
#538=VECTOR('',#1864,10.);
#539=VECTOR('',#1865,10.);
#540=VECTOR('',#1866,10.);
#541=VECTOR('',#1875,1.55);
#542=VECTOR('',#1878,1.55);
#543=VECTOR('',#1881,1.55);
#544=VECTOR('',#1884,1.55);
#545=VECTOR('',#1887,1.55);
#546=VECTOR('',#1890,1.55);
#547=VECTOR('',#1893,10.);
#548=VECTOR('',#1894,10.);
#549=VECTOR('',#1897,10.);
#550=VECTOR('',#1898,10.);
#551=VECTOR('',#1901,10.);
#552=VECTOR('',#1906,10.);
#553=VECTOR('',#1909,10.);
#554=VECTOR('',#1912,10.);
#555=VECTOR('',#1915,10.);
#556=VECTOR('',#1920,10.);
#557=VECTOR('',#1923,10.);
#558=VECTOR('',#1926,10.);
#559=VECTOR('',#1929,2.75);
#560=VECTOR('',#1932,2.75);
#561=VECTOR('',#1935,10.);
#562=VECTOR('',#1938,10.);
#563=VECTOR('',#1943,10.);
#564=VECTOR('',#1946,10.);
#565=VECTOR('',#1951,2.75);
#566=VECTOR('',#1954,2.75);
#567=VECTOR('',#1957,2.75);
#568=VECTOR('',#1960,2.75);
#569=VECTOR('',#1963,10.);
#570=VECTOR('',#1968,10.);
#571=CIRCLE('',#1446,3.);
#572=CIRCLE('',#1447,3.);
#573=CIRCLE('',#1450,3.);
#574=CIRCLE('',#1451,3.);
#575=CIRCLE('',#1454,3.);
#576=CIRCLE('',#1455,3.);
#577=CIRCLE('',#1458,3.);
#578=CIRCLE('',#1459,3.);
#579=CIRCLE('',#1462,3.);
#580=CIRCLE('',#1463,3.);
#581=CIRCLE('',#1466,3.);
#582=CIRCLE('',#1467,3.);
#583=CIRCLE('',#1470,3.);
#584=CIRCLE('',#1471,3.);
#585=CIRCLE('',#1474,3.);
#586=CIRCLE('',#1475,3.);
#587=CIRCLE('',#1480,19.5);
#588=CIRCLE('',#1481,20.);
#589=CIRCLE('',#1484,19.5);
#590=CIRCLE('',#1485,20.);
#591=CIRCLE('',#1488,20.);
#592=CIRCLE('',#1492,2.75);
#593=CIRCLE('',#1493,2.75);
#594=CIRCLE('',#1494,2.75);
#595=CIRCLE('',#1495,2.75);
#596=CIRCLE('',#1496,2.75);
#597=CIRCLE('',#1497,2.75);
#598=CIRCLE('',#1501,18.);
#599=CIRCLE('',#1502,20.);
#600=CIRCLE('',#1505,18.);
#601=CIRCLE('',#1511,2.75);
#602=CIRCLE('',#1512,1.55);
#603=CIRCLE('',#1514,2.75);
#604=CIRCLE('',#1515,1.55);
#605=CIRCLE('',#1517,2.75);
#606=CIRCLE('',#1518,1.55);
#607=CIRCLE('',#1520,2.75);
#608=CIRCLE('',#1521,1.55);
#609=CIRCLE('',#1523,2.75);
#610=CIRCLE('',#1524,1.55);
#611=CIRCLE('',#1526,2.75);
#612=CIRCLE('',#1527,1.55);
#613=CIRCLE('',#1529,1.55);
#614=CIRCLE('',#1530,1.55);
#615=CIRCLE('',#1531,1.55);
#616=CIRCLE('',#1533,1.55);
#617=CIRCLE('',#1534,1.55);
#618=CIRCLE('',#1535,1.55);
#619=VERTEX_POINT('',#1975);
#620=VERTEX_POINT('',#1976);
#621=VERTEX_POINT('',#1978);
#622=VERTEX_POINT('',#1980);
#623=VERTEX_POINT('',#1984);
#624=VERTEX_POINT('',#1986);
#625=VERTEX_POINT('',#1990);
#626=VERTEX_POINT('',#1991);
#627=VERTEX_POINT('',#1993);
#628=VERTEX_POINT('',#1995);
#629=VERTEX_POINT('',#1999);
#630=VERTEX_POINT('',#2001);
#631=VERTEX_POINT('',#2003);
#632=VERTEX_POINT('',#2007);
#633=VERTEX_POINT('',#2009);
#634=VERTEX_POINT('',#2013);
#635=VERTEX_POINT('',#2015);
#636=VERTEX_POINT('',#2017);
#637=VERTEX_POINT('',#2021);
#638=VERTEX_POINT('',#2022);
#639=VERTEX_POINT('',#2024);
#640=VERTEX_POINT('',#2026);
#641=VERTEX_POINT('',#2033);
#642=VERTEX_POINT('',#2034);
#643=VERTEX_POINT('',#2036);
#644=VERTEX_POINT('',#2038);
#645=VERTEX_POINT('',#2042);
#646=VERTEX_POINT('',#2044);
#647=VERTEX_POINT('',#2048);
#648=VERTEX_POINT('',#2050);
#649=VERTEX_POINT('',#2054);
#650=VERTEX_POINT('',#2056);
#651=VERTEX_POINT('',#2058);
#652=VERTEX_POINT('',#2062);
#653=VERTEX_POINT('',#2063);
#654=VERTEX_POINT('',#2065);
#655=VERTEX_POINT('',#2067);
#656=VERTEX_POINT('',#2071);
#657=VERTEX_POINT('',#2073);
#658=VERTEX_POINT('',#2077);
#659=VERTEX_POINT('',#2079);
#660=VERTEX_POINT('',#2083);
#661=VERTEX_POINT('',#2085);
#662=VERTEX_POINT('',#2087);
#663=VERTEX_POINT('',#2091);
#664=VERTEX_POINT('',#2092);
#665=VERTEX_POINT('',#2094);
#666=VERTEX_POINT('',#2096);
#667=VERTEX_POINT('',#2100);
#668=VERTEX_POINT('',#2102);
#669=VERTEX_POINT('',#2106);
#670=VERTEX_POINT('',#2107);
#671=VERTEX_POINT('',#2112);
#672=VERTEX_POINT('',#2113);
#673=VERTEX_POINT('',#2118);
#674=VERTEX_POINT('',#2119);
#675=VERTEX_POINT('',#2127);
#676=VERTEX_POINT('',#2129);
#677=VERTEX_POINT('',#2133);
#678=VERTEX_POINT('',#2137);
#679=VERTEX_POINT('',#2141);
#680=VERTEX_POINT('',#2143);
#681=VERTEX_POINT('',#2145);
#682=VERTEX_POINT('',#2147);
#683=VERTEX_POINT('',#2150);
#684=VERTEX_POINT('',#2152);
#685=VERTEX_POINT('',#2155);
#686=VERTEX_POINT('',#2157);
#687=VERTEX_POINT('',#2159);
#688=VERTEX_POINT('',#2161);
#689=VERTEX_POINT('',#2163);
#690=VERTEX_POINT('',#2166);
#691=VERTEX_POINT('',#2170);
#692=VERTEX_POINT('',#2171);
#693=VERTEX_POINT('',#2176);
#694=VERTEX_POINT('',#2178);
#695=VERTEX_POINT('',#2182);
#696=VERTEX_POINT('',#2183);
#697=VERTEX_POINT('',#2188);
#698=VERTEX_POINT('',#2193);
#699=VERTEX_POINT('',#2203);
#700=VERTEX_POINT('',#2204);
#701=VERTEX_POINT('',#2207);
#702=VERTEX_POINT('',#2210);
#703=VERTEX_POINT('',#2212);
#704=VERTEX_POINT('',#2214);
#705=VERTEX_POINT('',#2217);
#706=VERTEX_POINT('',#2218);
#707=VERTEX_POINT('',#2221);
#708=VERTEX_POINT('',#2224);
#709=VERTEX_POINT('',#2226);
#710=VERTEX_POINT('',#2228);
#711=VERTEX_POINT('',#2232);
#712=VERTEX_POINT('',#2234);
#713=VERTEX_POINT('',#2237);
#714=VERTEX_POINT('',#2239);
#715=VERTEX_POINT('',#2242);
#716=VERTEX_POINT('',#2244);
#717=VERTEX_POINT('',#2247);
#718=VERTEX_POINT('',#2249);
#719=VERTEX_POINT('',#2252);
#720=VERTEX_POINT('',#2254);
#721=VERTEX_POINT('',#2257);
#722=VERTEX_POINT('',#2259);
#723=VERTEX_POINT('',#2262);
#724=VERTEX_POINT('',#2265);
#725=VERTEX_POINT('',#2267);
#726=VERTEX_POINT('',#2269);
#727=VERTEX_POINT('',#2271);
#728=VERTEX_POINT('',#2273);
#729=VERTEX_POINT('',#2275);
#730=VERTEX_POINT('',#2278);
#731=VERTEX_POINT('',#2280);
#732=VERTEX_POINT('',#2282);
#733=VERTEX_POINT('',#2285);
#734=VERTEX_POINT('',#2287);
#735=VERTEX_POINT('',#2290);
#736=VERTEX_POINT('',#2292);
#737=VERTEX_POINT('',#2294);
#738=VERTEX_POINT('',#2296);
#739=VERTEX_POINT('',#2298);
#740=VERTEX_POINT('',#2301);
#741=VERTEX_POINT('',#2303);
#742=VERTEX_POINT('',#2305);
#743=EDGE_CURVE('',#619,#620,#571,.T.);
#744=EDGE_CURVE('',#620,#621,#275,.T.);
#745=EDGE_CURVE('',#621,#622,#572,.T.);
#746=EDGE_CURVE('',#622,#619,#276,.T.);
#747=EDGE_CURVE('',#623,#620,#277,.T.);
#748=EDGE_CURVE('',#624,#623,#278,.T.);
#749=EDGE_CURVE('',#621,#624,#279,.T.);
#750=EDGE_CURVE('',#625,#626,#573,.T.);
#751=EDGE_CURVE('',#626,#627,#280,.T.);
#752=EDGE_CURVE('',#627,#628,#574,.T.);
#753=EDGE_CURVE('',#628,#625,#281,.T.);
#754=EDGE_CURVE('',#629,#626,#282,.T.);
#755=EDGE_CURVE('',#630,#629,#283,.T.);
#756=EDGE_CURVE('',#630,#631,#284,.T.);
#757=EDGE_CURVE('',#627,#631,#285,.T.);
#758=EDGE_CURVE('',#623,#632,#575,.T.);
#759=EDGE_CURVE('',#632,#633,#286,.T.);
#760=EDGE_CURVE('',#633,#624,#576,.T.);
#761=EDGE_CURVE('',#634,#632,#287,.T.);
#762=EDGE_CURVE('',#635,#634,#288,.T.);
#763=EDGE_CURVE('',#635,#636,#289,.T.);
#764=EDGE_CURVE('',#633,#636,#290,.T.);
#765=EDGE_CURVE('',#637,#638,#577,.T.);
#766=EDGE_CURVE('',#638,#639,#291,.T.);
#767=EDGE_CURVE('',#639,#640,#578,.T.);
#768=EDGE_CURVE('',#640,#637,#292,.T.);
#769=EDGE_CURVE('',#639,#628,#293,.T.);
#770=EDGE_CURVE('',#625,#638,#294,.T.);
#771=EDGE_CURVE('',#641,#642,#579,.T.);
#772=EDGE_CURVE('',#642,#643,#295,.T.);
#773=EDGE_CURVE('',#643,#644,#580,.T.);
#774=EDGE_CURVE('',#644,#641,#296,.T.);
#775=EDGE_CURVE('',#645,#642,#297,.T.);
#776=EDGE_CURVE('',#646,#645,#298,.T.);
#777=EDGE_CURVE('',#643,#646,#299,.T.);
#778=EDGE_CURVE('',#645,#647,#581,.T.);
#779=EDGE_CURVE('',#647,#648,#300,.T.);
#780=EDGE_CURVE('',#648,#646,#582,.T.);
#781=EDGE_CURVE('',#649,#647,#301,.T.);
#782=EDGE_CURVE('',#650,#649,#302,.T.);
#783=EDGE_CURVE('',#650,#651,#303,.T.);
#784=EDGE_CURVE('',#648,#651,#304,.T.);
#785=EDGE_CURVE('',#652,#653,#583,.T.);
#786=EDGE_CURVE('',#653,#654,#305,.T.);
#787=EDGE_CURVE('',#654,#655,#584,.T.);
#788=EDGE_CURVE('',#655,#652,#306,.T.);
#789=EDGE_CURVE('',#656,#653,#307,.T.);
#790=EDGE_CURVE('',#657,#656,#308,.T.);
#791=EDGE_CURVE('',#654,#657,#309,.T.);
#792=EDGE_CURVE('',#656,#658,#585,.T.);
#793=EDGE_CURVE('',#658,#659,#310,.T.);
#794=EDGE_CURVE('',#659,#657,#586,.T.);
#795=EDGE_CURVE('',#660,#658,#311,.T.);
#796=EDGE_CURVE('',#661,#660,#312,.T.);
#797=EDGE_CURVE('',#661,#662,#313,.T.);
#798=EDGE_CURVE('',#659,#662,#314,.T.);
#799=EDGE_CURVE('',#663,#664,#315,.T.);
#800=EDGE_CURVE('',#664,#665,#316,.T.);
#801=EDGE_CURVE('',#665,#666,#317,.T.);
#802=EDGE_CURVE('',#663,#666,#318,.T.);
#803=EDGE_CURVE('',#666,#667,#319,.T.);
#804=EDGE_CURVE('',#667,#668,#320,.T.);
#805=EDGE_CURVE('',#668,#663,#321,.T.);
#806=EDGE_CURVE('',#669,#670,#322,.T.);
#807=EDGE_CURVE('',#670,#668,#587,.T.);
#808=EDGE_CURVE('',#667,#669,#588,.T.);
#809=EDGE_CURVE('',#671,#672,#323,.T.);
#810=EDGE_CURVE('',#672,#670,#324,.T.);
#811=EDGE_CURVE('',#669,#671,#325,.T.);
#812=EDGE_CURVE('',#673,#674,#326,.T.);
#813=EDGE_CURVE('',#674,#672,#589,.T.);
#814=EDGE_CURVE('',#671,#673,#590,.T.);
#815=EDGE_CURVE('',#664,#674,#327,.T.);
#816=EDGE_CURVE('',#673,#665,#328,.T.);
#817=EDGE_CURVE('',#675,#667,#329,.T.);
#818=EDGE_CURVE('',#676,#675,#591,.T.);
#819=EDGE_CURVE('',#676,#669,#330,.T.);
#820=EDGE_CURVE('',#677,#666,#331,.T.);
#821=EDGE_CURVE('',#675,#677,#332,.T.);
#822=EDGE_CURVE('',#678,#665,#333,.T.);
#823=EDGE_CURVE('',#677,#678,#334,.T.);
#824=EDGE_CURVE('',#679,#679,#592,.T.);
#825=EDGE_CURVE('',#680,#680,#593,.T.);
#826=EDGE_CURVE('',#636,#681,#335,.T.);
#827=EDGE_CURVE('',#681,#682,#336,.T.);
#828=EDGE_CURVE('',#682,#622,#337,.T.);
#829=EDGE_CURVE('',#651,#683,#338,.T.);
#830=EDGE_CURVE('',#683,#684,#339,.T.);
#831=EDGE_CURVE('',#684,#644,#340,.T.);
#832=EDGE_CURVE('',#685,#685,#594,.T.);
#833=EDGE_CURVE('',#686,#686,#595,.T.);
#834=EDGE_CURVE('',#687,#687,#596,.T.);
#835=EDGE_CURVE('',#688,#688,#597,.T.);
#836=EDGE_CURVE('',#631,#689,#341,.T.);
#837=EDGE_CURVE('',#689,#640,#342,.T.);
#838=EDGE_CURVE('',#662,#690,#343,.T.);
#839=EDGE_CURVE('',#690,#655,#344,.T.);
#840=EDGE_CURVE('',#691,#692,#345,.T.);
#841=EDGE_CURVE('',#692,#677,#346,.T.);
#842=EDGE_CURVE('',#691,#678,#347,.T.);
#843=EDGE_CURVE('',#678,#693,#348,.T.);
#844=EDGE_CURVE('',#693,#694,#349,.T.);
#845=EDGE_CURVE('',#694,#691,#350,.T.);
#846=EDGE_CURVE('',#695,#696,#351,.T.);
#847=EDGE_CURVE('',#696,#694,#598,.T.);
#848=EDGE_CURVE('',#693,#695,#599,.T.);
#849=EDGE_CURVE('',#676,#697,#352,.T.);
#850=EDGE_CURVE('',#697,#696,#353,.T.);
#851=EDGE_CURVE('',#695,#676,#354,.T.);
#852=EDGE_CURVE('',#675,#698,#355,.T.);
#853=EDGE_CURVE('',#698,#697,#600,.T.);
#854=EDGE_CURVE('',#692,#698,#356,.T.);
#855=EDGE_CURVE('',#695,#671,#357,.T.);
#856=EDGE_CURVE('',#693,#673,#358,.T.);
#857=EDGE_CURVE('',#699,#700,#359,.T.);
#858=EDGE_CURVE('',#700,#660,#360,.T.);
#859=EDGE_CURVE('',#652,#701,#361,.T.);
#860=EDGE_CURVE('',#701,#649,#362,.T.);
#861=EDGE_CURVE('',#641,#702,#363,.T.);
#862=EDGE_CURVE('',#702,#703,#364,.T.);
#863=EDGE_CURVE('',#703,#704,#365,.T.);
#864=EDGE_CURVE('',#699,#704,#366,.T.);
#865=EDGE_CURVE('',#705,#706,#367,.T.);
#866=EDGE_CURVE('',#706,#634,#368,.T.);
#867=EDGE_CURVE('',#619,#707,#369,.T.);
#868=EDGE_CURVE('',#707,#629,#370,.T.);
#869=EDGE_CURVE('',#637,#708,#371,.T.);
#870=EDGE_CURVE('',#708,#709,#372,.T.);
#871=EDGE_CURVE('',#709,#710,#373,.T.);
#872=EDGE_CURVE('',#705,#710,#374,.T.);
#873=EDGE_CURVE('',#711,#711,#601,.T.);
#874=EDGE_CURVE('',#712,#712,#602,.T.);
#875=EDGE_CURVE('',#713,#713,#603,.T.);
#876=EDGE_CURVE('',#714,#714,#604,.T.);
#877=EDGE_CURVE('',#715,#715,#605,.T.);
#878=EDGE_CURVE('',#716,#716,#606,.T.);
#879=EDGE_CURVE('',#717,#717,#607,.T.);
#880=EDGE_CURVE('',#718,#718,#608,.T.);
#881=EDGE_CURVE('',#719,#719,#609,.T.);
#882=EDGE_CURVE('',#720,#720,#610,.T.);
#883=EDGE_CURVE('',#721,#721,#611,.T.);
#884=EDGE_CURVE('',#722,#722,#612,.T.);
#885=EDGE_CURVE('',#650,#723,#375,.T.);
#886=EDGE_CURVE('',#661,#723,#376,.T.);
#887=EDGE_CURVE('',#661,#724,#377,.T.);
#888=EDGE_CURVE('',#724,#725,#378,.T.);
#889=EDGE_CURVE('',#725,#726,#379,.T.);
#890=EDGE_CURVE('',#726,#727,#380,.T.);
#891=EDGE_CURVE('',#727,#728,#381,.T.);
#892=EDGE_CURVE('',#729,#728,#382,.T.);
#893=EDGE_CURVE('',#650,#729,#383,.T.);
#894=EDGE_CURVE('',#730,#730,#613,.T.);
#895=EDGE_CURVE('',#731,#731,#614,.T.);
#896=EDGE_CURVE('',#732,#732,#615,.T.);
#897=EDGE_CURVE('',#630,#733,#384,.T.);
#898=EDGE_CURVE('',#734,#733,#385,.T.);
#899=EDGE_CURVE('',#635,#734,#386,.T.);
#900=EDGE_CURVE('',#635,#735,#387,.T.);
#901=EDGE_CURVE('',#735,#736,#388,.T.);
#902=EDGE_CURVE('',#736,#737,#389,.T.);
#903=EDGE_CURVE('',#737,#738,#390,.T.);
#904=EDGE_CURVE('',#738,#739,#391,.T.);
#905=EDGE_CURVE('',#630,#739,#392,.T.);
#906=EDGE_CURVE('',#740,#740,#616,.T.);
#907=EDGE_CURVE('',#741,#741,#617,.T.);
#908=EDGE_CURVE('',#742,#742,#618,.T.);
#909=EDGE_CURVE('',#712,#730,#393,.T.);
#910=EDGE_CURVE('',#720,#740,#394,.T.);
#911=EDGE_CURVE('',#714,#731,#395,.T.);
#912=EDGE_CURVE('',#722,#732,#396,.T.);
#913=EDGE_CURVE('',#718,#741,#397,.T.);
#914=EDGE_CURVE('',#716,#742,#398,.T.);
#915=EDGE_CURVE('',#710,#737,#399,.F.);
#916=EDGE_CURVE('',#736,#705,#400,.F.);
#917=EDGE_CURVE('',#704,#726,#401,.F.);
#918=EDGE_CURVE('',#725,#699,#402,.F.);
#919=EDGE_CURVE('',#735,#706,#403,.T.);
#920=EDGE_CURVE('',#738,#709,#404,.T.);
#921=EDGE_CURVE('',#739,#708,#405,.T.);
#922=EDGE_CURVE('',#733,#707,#406,.T.);
#923=EDGE_CURVE('',#724,#700,#407,.T.);
#924=EDGE_CURVE('',#727,#703,#408,.T.);
#925=EDGE_CURVE('',#728,#702,#409,.T.);
#926=EDGE_CURVE('',#723,#701,#410,.T.);
#927=EDGE_CURVE('',#679,#721,#411,.T.);
#928=EDGE_CURVE('',#680,#719,#412,.T.);
#929=EDGE_CURVE('',#733,#682,#413,.T.);
#930=EDGE_CURVE('',#734,#681,#414,.T.);
#931=EDGE_CURVE('',#728,#684,#415,.T.);
#932=EDGE_CURVE('',#729,#683,#416,.T.);
#933=EDGE_CURVE('',#685,#717,#417,.T.);
#934=EDGE_CURVE('',#686,#715,#418,.T.);
#935=EDGE_CURVE('',#687,#713,#419,.T.);
#936=EDGE_CURVE('',#688,#711,#420,.T.);
#937=EDGE_CURVE('',#739,#689,#421,.T.);
#938=EDGE_CURVE('',#723,#690,#422,.T.);
#939=ORIENTED_EDGE('',*,*,#743,.T.);
#940=ORIENTED_EDGE('',*,*,#744,.T.);
#941=ORIENTED_EDGE('',*,*,#745,.T.);
#942=ORIENTED_EDGE('',*,*,#746,.T.);
#943=ORIENTED_EDGE('',*,*,#744,.F.);
#944=ORIENTED_EDGE('',*,*,#747,.F.);
#945=ORIENTED_EDGE('',*,*,#748,.F.);
#946=ORIENTED_EDGE('',*,*,#749,.F.);
#947=ORIENTED_EDGE('',*,*,#750,.T.);
#948=ORIENTED_EDGE('',*,*,#751,.T.);
#949=ORIENTED_EDGE('',*,*,#752,.T.);
#950=ORIENTED_EDGE('',*,*,#753,.T.);
#951=ORIENTED_EDGE('',*,*,#751,.F.);
#952=ORIENTED_EDGE('',*,*,#754,.F.);
#953=ORIENTED_EDGE('',*,*,#755,.F.);
#954=ORIENTED_EDGE('',*,*,#756,.T.);
#955=ORIENTED_EDGE('',*,*,#757,.F.);
#956=ORIENTED_EDGE('',*,*,#758,.T.);
#957=ORIENTED_EDGE('',*,*,#759,.T.);
#958=ORIENTED_EDGE('',*,*,#760,.T.);
#959=ORIENTED_EDGE('',*,*,#748,.T.);
#960=ORIENTED_EDGE('',*,*,#759,.F.);
#961=ORIENTED_EDGE('',*,*,#761,.F.);
#962=ORIENTED_EDGE('',*,*,#762,.F.);
#963=ORIENTED_EDGE('',*,*,#763,.T.);
#964=ORIENTED_EDGE('',*,*,#764,.F.);
#965=ORIENTED_EDGE('',*,*,#765,.T.);
#966=ORIENTED_EDGE('',*,*,#766,.T.);
#967=ORIENTED_EDGE('',*,*,#767,.T.);
#968=ORIENTED_EDGE('',*,*,#768,.T.);
#969=ORIENTED_EDGE('',*,*,#753,.F.);
#970=ORIENTED_EDGE('',*,*,#769,.F.);
#971=ORIENTED_EDGE('',*,*,#766,.F.);
#972=ORIENTED_EDGE('',*,*,#770,.F.);
#973=ORIENTED_EDGE('',*,*,#771,.T.);
#974=ORIENTED_EDGE('',*,*,#772,.T.);
#975=ORIENTED_EDGE('',*,*,#773,.T.);
#976=ORIENTED_EDGE('',*,*,#774,.T.);
#977=ORIENTED_EDGE('',*,*,#772,.F.);
#978=ORIENTED_EDGE('',*,*,#775,.F.);
#979=ORIENTED_EDGE('',*,*,#776,.F.);
#980=ORIENTED_EDGE('',*,*,#777,.F.);
#981=ORIENTED_EDGE('',*,*,#778,.T.);
#982=ORIENTED_EDGE('',*,*,#779,.T.);
#983=ORIENTED_EDGE('',*,*,#780,.T.);
#984=ORIENTED_EDGE('',*,*,#776,.T.);
#985=ORIENTED_EDGE('',*,*,#779,.F.);
#986=ORIENTED_EDGE('',*,*,#781,.F.);
#987=ORIENTED_EDGE('',*,*,#782,.F.);
#988=ORIENTED_EDGE('',*,*,#783,.T.);
#989=ORIENTED_EDGE('',*,*,#784,.F.);
#990=ORIENTED_EDGE('',*,*,#785,.T.);
#991=ORIENTED_EDGE('',*,*,#786,.T.);
#992=ORIENTED_EDGE('',*,*,#787,.T.);
#993=ORIENTED_EDGE('',*,*,#788,.T.);
#994=ORIENTED_EDGE('',*,*,#786,.F.);
#995=ORIENTED_EDGE('',*,*,#789,.F.);
#996=ORIENTED_EDGE('',*,*,#790,.F.);
#997=ORIENTED_EDGE('',*,*,#791,.F.);
#998=ORIENTED_EDGE('',*,*,#792,.T.);
#999=ORIENTED_EDGE('',*,*,#793,.T.);
#1000=ORIENTED_EDGE('',*,*,#794,.T.);
#1001=ORIENTED_EDGE('',*,*,#790,.T.);
#1002=ORIENTED_EDGE('',*,*,#793,.F.);
#1003=ORIENTED_EDGE('',*,*,#795,.F.);
#1004=ORIENTED_EDGE('',*,*,#796,.F.);
#1005=ORIENTED_EDGE('',*,*,#797,.T.);
#1006=ORIENTED_EDGE('',*,*,#798,.F.);
#1007=ORIENTED_EDGE('',*,*,#799,.T.);
#1008=ORIENTED_EDGE('',*,*,#800,.T.);
#1009=ORIENTED_EDGE('',*,*,#801,.T.);
#1010=ORIENTED_EDGE('',*,*,#802,.F.);
#1011=ORIENTED_EDGE('',*,*,#803,.T.);
#1012=ORIENTED_EDGE('',*,*,#804,.T.);
#1013=ORIENTED_EDGE('',*,*,#805,.T.);
#1014=ORIENTED_EDGE('',*,*,#802,.T.);
#1015=ORIENTED_EDGE('',*,*,#806,.T.);
#1016=ORIENTED_EDGE('',*,*,#807,.T.);
#1017=ORIENTED_EDGE('',*,*,#804,.F.);
#1018=ORIENTED_EDGE('',*,*,#808,.T.);
#1019=ORIENTED_EDGE('',*,*,#809,.T.);
#1020=ORIENTED_EDGE('',*,*,#810,.T.);
#1021=ORIENTED_EDGE('',*,*,#806,.F.);
#1022=ORIENTED_EDGE('',*,*,#811,.T.);
#1023=ORIENTED_EDGE('',*,*,#812,.T.);
#1024=ORIENTED_EDGE('',*,*,#813,.T.);
#1025=ORIENTED_EDGE('',*,*,#809,.F.);
#1026=ORIENTED_EDGE('',*,*,#814,.T.);
#1027=ORIENTED_EDGE('',*,*,#815,.T.);
#1028=ORIENTED_EDGE('',*,*,#812,.F.);
#1029=ORIENTED_EDGE('',*,*,#816,.T.);
#1030=ORIENTED_EDGE('',*,*,#800,.F.);
#1031=ORIENTED_EDGE('',*,*,#808,.F.);
#1032=ORIENTED_EDGE('',*,*,#817,.F.);
#1033=ORIENTED_EDGE('',*,*,#818,.F.);
#1034=ORIENTED_EDGE('',*,*,#819,.T.);
#1035=ORIENTED_EDGE('',*,*,#803,.F.);
#1036=ORIENTED_EDGE('',*,*,#820,.F.);
#1037=ORIENTED_EDGE('',*,*,#821,.F.);
#1038=ORIENTED_EDGE('',*,*,#817,.T.);
#1039=ORIENTED_EDGE('',*,*,#801,.F.);
#1040=ORIENTED_EDGE('',*,*,#822,.F.);
#1041=ORIENTED_EDGE('',*,*,#823,.F.);
#1042=ORIENTED_EDGE('',*,*,#820,.T.);
#1043=ORIENTED_EDGE('',*,*,#799,.F.);
#1044=ORIENTED_EDGE('',*,*,#805,.F.);
#1045=ORIENTED_EDGE('',*,*,#807,.F.);
#1046=ORIENTED_EDGE('',*,*,#810,.F.);
#1047=ORIENTED_EDGE('',*,*,#813,.F.);
#1048=ORIENTED_EDGE('',*,*,#815,.F.);
#1049=ORIENTED_EDGE('',*,*,#824,.T.);
#1050=ORIENTED_EDGE('',*,*,#825,.T.);
#1051=ORIENTED_EDGE('',*,*,#826,.T.);
#1052=ORIENTED_EDGE('',*,*,#827,.T.);
#1053=ORIENTED_EDGE('',*,*,#828,.T.);
#1054=ORIENTED_EDGE('',*,*,#745,.F.);
#1055=ORIENTED_EDGE('',*,*,#749,.T.);
#1056=ORIENTED_EDGE('',*,*,#760,.F.);
#1057=ORIENTED_EDGE('',*,*,#764,.T.);
#1058=ORIENTED_EDGE('',*,*,#784,.T.);
#1059=ORIENTED_EDGE('',*,*,#829,.T.);
#1060=ORIENTED_EDGE('',*,*,#830,.T.);
#1061=ORIENTED_EDGE('',*,*,#831,.T.);
#1062=ORIENTED_EDGE('',*,*,#773,.F.);
#1063=ORIENTED_EDGE('',*,*,#777,.T.);
#1064=ORIENTED_EDGE('',*,*,#780,.F.);
#1065=ORIENTED_EDGE('',*,*,#832,.T.);
#1066=ORIENTED_EDGE('',*,*,#833,.T.);
#1067=ORIENTED_EDGE('',*,*,#834,.T.);
#1068=ORIENTED_EDGE('',*,*,#835,.T.);
#1069=ORIENTED_EDGE('',*,*,#769,.T.);
#1070=ORIENTED_EDGE('',*,*,#752,.F.);
#1071=ORIENTED_EDGE('',*,*,#757,.T.);
#1072=ORIENTED_EDGE('',*,*,#836,.T.);
#1073=ORIENTED_EDGE('',*,*,#837,.T.);
#1074=ORIENTED_EDGE('',*,*,#767,.F.);
#1075=ORIENTED_EDGE('',*,*,#791,.T.);
#1076=ORIENTED_EDGE('',*,*,#794,.F.);
#1077=ORIENTED_EDGE('',*,*,#798,.T.);
#1078=ORIENTED_EDGE('',*,*,#838,.T.);
#1079=ORIENTED_EDGE('',*,*,#839,.T.);
#1080=ORIENTED_EDGE('',*,*,#787,.F.);
#1081=ORIENTED_EDGE('',*,*,#840,.T.);
#1082=ORIENTED_EDGE('',*,*,#841,.T.);
#1083=ORIENTED_EDGE('',*,*,#823,.T.);
#1084=ORIENTED_EDGE('',*,*,#842,.F.);
#1085=ORIENTED_EDGE('',*,*,#843,.T.);
#1086=ORIENTED_EDGE('',*,*,#844,.T.);
#1087=ORIENTED_EDGE('',*,*,#845,.T.);
#1088=ORIENTED_EDGE('',*,*,#842,.T.);
#1089=ORIENTED_EDGE('',*,*,#846,.T.);
#1090=ORIENTED_EDGE('',*,*,#847,.T.);
#1091=ORIENTED_EDGE('',*,*,#844,.F.);
#1092=ORIENTED_EDGE('',*,*,#848,.T.);
#1093=ORIENTED_EDGE('',*,*,#849,.T.);
#1094=ORIENTED_EDGE('',*,*,#850,.T.);
#1095=ORIENTED_EDGE('',*,*,#846,.F.);
#1096=ORIENTED_EDGE('',*,*,#851,.T.);
#1097=ORIENTED_EDGE('',*,*,#852,.T.);
#1098=ORIENTED_EDGE('',*,*,#853,.T.);
#1099=ORIENTED_EDGE('',*,*,#849,.F.);
#1100=ORIENTED_EDGE('',*,*,#818,.T.);
#1101=ORIENTED_EDGE('',*,*,#854,.T.);
#1102=ORIENTED_EDGE('',*,*,#852,.F.);
#1103=ORIENTED_EDGE('',*,*,#821,.T.);
#1104=ORIENTED_EDGE('',*,*,#841,.F.);
#1105=ORIENTED_EDGE('',*,*,#814,.F.);
#1106=ORIENTED_EDGE('',*,*,#855,.F.);
#1107=ORIENTED_EDGE('',*,*,#848,.F.);
#1108=ORIENTED_EDGE('',*,*,#856,.T.);
#1109=ORIENTED_EDGE('',*,*,#816,.F.);
#1110=ORIENTED_EDGE('',*,*,#856,.F.);
#1111=ORIENTED_EDGE('',*,*,#843,.F.);
#1112=ORIENTED_EDGE('',*,*,#822,.T.);
#1113=ORIENTED_EDGE('',*,*,#840,.F.);
#1114=ORIENTED_EDGE('',*,*,#845,.F.);
#1115=ORIENTED_EDGE('',*,*,#847,.F.);
#1116=ORIENTED_EDGE('',*,*,#850,.F.);
#1117=ORIENTED_EDGE('',*,*,#853,.F.);
#1118=ORIENTED_EDGE('',*,*,#854,.F.);
#1119=ORIENTED_EDGE('',*,*,#857,.T.);
#1120=ORIENTED_EDGE('',*,*,#858,.T.);
#1121=ORIENTED_EDGE('',*,*,#795,.T.);
#1122=ORIENTED_EDGE('',*,*,#792,.F.);
#1123=ORIENTED_EDGE('',*,*,#789,.T.);
#1124=ORIENTED_EDGE('',*,*,#785,.F.);
#1125=ORIENTED_EDGE('',*,*,#859,.T.);
#1126=ORIENTED_EDGE('',*,*,#860,.T.);
#1127=ORIENTED_EDGE('',*,*,#781,.T.);
#1128=ORIENTED_EDGE('',*,*,#778,.F.);
#1129=ORIENTED_EDGE('',*,*,#775,.T.);
#1130=ORIENTED_EDGE('',*,*,#771,.F.);
#1131=ORIENTED_EDGE('',*,*,#861,.T.);
#1132=ORIENTED_EDGE('',*,*,#862,.T.);
#1133=ORIENTED_EDGE('',*,*,#863,.T.);
#1134=ORIENTED_EDGE('',*,*,#864,.F.);
#1135=ORIENTED_EDGE('',*,*,#865,.T.);
#1136=ORIENTED_EDGE('',*,*,#866,.T.);
#1137=ORIENTED_EDGE('',*,*,#761,.T.);
#1138=ORIENTED_EDGE('',*,*,#758,.F.);
#1139=ORIENTED_EDGE('',*,*,#747,.T.);
#1140=ORIENTED_EDGE('',*,*,#743,.F.);
#1141=ORIENTED_EDGE('',*,*,#867,.T.);
#1142=ORIENTED_EDGE('',*,*,#868,.T.);
#1143=ORIENTED_EDGE('',*,*,#754,.T.);
#1144=ORIENTED_EDGE('',*,*,#750,.F.);
#1145=ORIENTED_EDGE('',*,*,#770,.T.);
#1146=ORIENTED_EDGE('',*,*,#765,.F.);
#1147=ORIENTED_EDGE('',*,*,#869,.T.);
#1148=ORIENTED_EDGE('',*,*,#870,.T.);
#1149=ORIENTED_EDGE('',*,*,#871,.T.);
#1150=ORIENTED_EDGE('',*,*,#872,.F.);
#1151=ORIENTED_EDGE('',*,*,#873,.T.);
#1152=ORIENTED_EDGE('',*,*,#874,.T.);
#1153=ORIENTED_EDGE('',*,*,#875,.T.);
#1154=ORIENTED_EDGE('',*,*,#876,.T.);
#1155=ORIENTED_EDGE('',*,*,#877,.T.);
#1156=ORIENTED_EDGE('',*,*,#878,.T.);
#1157=ORIENTED_EDGE('',*,*,#879,.T.);
#1158=ORIENTED_EDGE('',*,*,#880,.T.);
#1159=ORIENTED_EDGE('',*,*,#881,.T.);
#1160=ORIENTED_EDGE('',*,*,#882,.T.);
#1161=ORIENTED_EDGE('',*,*,#883,.T.);
#1162=ORIENTED_EDGE('',*,*,#884,.T.);
#1163=ORIENTED_EDGE('',*,*,#885,.T.);
#1164=ORIENTED_EDGE('',*,*,#886,.F.);
#1165=ORIENTED_EDGE('',*,*,#887,.T.);
#1166=ORIENTED_EDGE('',*,*,#888,.T.);
#1167=ORIENTED_EDGE('',*,*,#889,.T.);
#1168=ORIENTED_EDGE('',*,*,#890,.T.);
#1169=ORIENTED_EDGE('',*,*,#891,.T.);
#1170=ORIENTED_EDGE('',*,*,#892,.F.);
#1171=ORIENTED_EDGE('',*,*,#893,.F.);
#1172=ORIENTED_EDGE('',*,*,#894,.F.);
#1173=ORIENTED_EDGE('',*,*,#895,.F.);
#1174=ORIENTED_EDGE('',*,*,#896,.F.);
#1175=ORIENTED_EDGE('',*,*,#897,.T.);
#1176=ORIENTED_EDGE('',*,*,#898,.F.);
#1177=ORIENTED_EDGE('',*,*,#899,.F.);
#1178=ORIENTED_EDGE('',*,*,#900,.T.);
#1179=ORIENTED_EDGE('',*,*,#901,.T.);
#1180=ORIENTED_EDGE('',*,*,#902,.T.);
#1181=ORIENTED_EDGE('',*,*,#903,.T.);
#1182=ORIENTED_EDGE('',*,*,#904,.T.);
#1183=ORIENTED_EDGE('',*,*,#905,.F.);
#1184=ORIENTED_EDGE('',*,*,#906,.F.);
#1185=ORIENTED_EDGE('',*,*,#907,.F.);
#1186=ORIENTED_EDGE('',*,*,#908,.F.);
#1187=ORIENTED_EDGE('',*,*,#874,.F.);
#1188=ORIENTED_EDGE('',*,*,#909,.T.);
#1189=ORIENTED_EDGE('',*,*,#894,.T.);
#1190=ORIENTED_EDGE('',*,*,#909,.F.);
#1191=ORIENTED_EDGE('',*,*,#882,.F.);
#1192=ORIENTED_EDGE('',*,*,#910,.T.);
#1193=ORIENTED_EDGE('',*,*,#906,.T.);
#1194=ORIENTED_EDGE('',*,*,#910,.F.);
#1195=ORIENTED_EDGE('',*,*,#876,.F.);
#1196=ORIENTED_EDGE('',*,*,#911,.T.);
#1197=ORIENTED_EDGE('',*,*,#895,.T.);
#1198=ORIENTED_EDGE('',*,*,#911,.F.);
#1199=ORIENTED_EDGE('',*,*,#884,.F.);
#1200=ORIENTED_EDGE('',*,*,#912,.T.);
#1201=ORIENTED_EDGE('',*,*,#896,.T.);
#1202=ORIENTED_EDGE('',*,*,#912,.F.);
#1203=ORIENTED_EDGE('',*,*,#880,.F.);
#1204=ORIENTED_EDGE('',*,*,#913,.T.);
#1205=ORIENTED_EDGE('',*,*,#907,.T.);
#1206=ORIENTED_EDGE('',*,*,#913,.F.);
#1207=ORIENTED_EDGE('',*,*,#878,.F.);
#1208=ORIENTED_EDGE('',*,*,#914,.T.);
#1209=ORIENTED_EDGE('',*,*,#908,.T.);
#1210=ORIENTED_EDGE('',*,*,#914,.F.);
#1211=ORIENTED_EDGE('',*,*,#915,.T.);
#1212=ORIENTED_EDGE('',*,*,#902,.F.);
#1213=ORIENTED_EDGE('',*,*,#916,.T.);
#1214=ORIENTED_EDGE('',*,*,#872,.T.);
#1215=ORIENTED_EDGE('',*,*,#917,.T.);
#1216=ORIENTED_EDGE('',*,*,#889,.F.);
#1217=ORIENTED_EDGE('',*,*,#918,.T.);
#1218=ORIENTED_EDGE('',*,*,#864,.T.);
#1219=ORIENTED_EDGE('',*,*,#900,.F.);
#1220=ORIENTED_EDGE('',*,*,#762,.T.);
#1221=ORIENTED_EDGE('',*,*,#866,.F.);
#1222=ORIENTED_EDGE('',*,*,#919,.F.);
#1223=ORIENTED_EDGE('',*,*,#901,.F.);
#1224=ORIENTED_EDGE('',*,*,#919,.T.);
#1225=ORIENTED_EDGE('',*,*,#865,.F.);
#1226=ORIENTED_EDGE('',*,*,#916,.F.);
#1227=ORIENTED_EDGE('',*,*,#903,.F.);
#1228=ORIENTED_EDGE('',*,*,#915,.F.);
#1229=ORIENTED_EDGE('',*,*,#871,.F.);
#1230=ORIENTED_EDGE('',*,*,#920,.F.);
#1231=ORIENTED_EDGE('',*,*,#904,.F.);
#1232=ORIENTED_EDGE('',*,*,#920,.T.);
#1233=ORIENTED_EDGE('',*,*,#870,.F.);
#1234=ORIENTED_EDGE('',*,*,#921,.F.);
#1235=ORIENTED_EDGE('',*,*,#897,.F.);
#1236=ORIENTED_EDGE('',*,*,#755,.T.);
#1237=ORIENTED_EDGE('',*,*,#868,.F.);
#1238=ORIENTED_EDGE('',*,*,#922,.F.);
#1239=ORIENTED_EDGE('',*,*,#887,.F.);
#1240=ORIENTED_EDGE('',*,*,#796,.T.);
#1241=ORIENTED_EDGE('',*,*,#858,.F.);
#1242=ORIENTED_EDGE('',*,*,#923,.F.);
#1243=ORIENTED_EDGE('',*,*,#888,.F.);
#1244=ORIENTED_EDGE('',*,*,#923,.T.);
#1245=ORIENTED_EDGE('',*,*,#857,.F.);
#1246=ORIENTED_EDGE('',*,*,#918,.F.);
#1247=ORIENTED_EDGE('',*,*,#890,.F.);
#1248=ORIENTED_EDGE('',*,*,#917,.F.);
#1249=ORIENTED_EDGE('',*,*,#863,.F.);
#1250=ORIENTED_EDGE('',*,*,#924,.F.);
#1251=ORIENTED_EDGE('',*,*,#891,.F.);
#1252=ORIENTED_EDGE('',*,*,#924,.T.);
#1253=ORIENTED_EDGE('',*,*,#862,.F.);
#1254=ORIENTED_EDGE('',*,*,#925,.F.);
#1255=ORIENTED_EDGE('',*,*,#885,.F.);
#1256=ORIENTED_EDGE('',*,*,#782,.T.);
#1257=ORIENTED_EDGE('',*,*,#860,.F.);
#1258=ORIENTED_EDGE('',*,*,#926,.F.);
#1259=ORIENTED_EDGE('',*,*,#824,.F.);
#1260=ORIENTED_EDGE('',*,*,#927,.T.);
#1261=ORIENTED_EDGE('',*,*,#883,.F.);
#1262=ORIENTED_EDGE('',*,*,#927,.F.);
#1263=ORIENTED_EDGE('',*,*,#825,.F.);
#1264=ORIENTED_EDGE('',*,*,#928,.T.);
#1265=ORIENTED_EDGE('',*,*,#881,.F.);
#1266=ORIENTED_EDGE('',*,*,#928,.F.);
#1267=ORIENTED_EDGE('',*,*,#746,.F.);
#1268=ORIENTED_EDGE('',*,*,#828,.F.);
#1269=ORIENTED_EDGE('',*,*,#929,.F.);
#1270=ORIENTED_EDGE('',*,*,#922,.T.);
#1271=ORIENTED_EDGE('',*,*,#867,.F.);
#1272=ORIENTED_EDGE('',*,*,#929,.T.);
#1273=ORIENTED_EDGE('',*,*,#827,.F.);
#1274=ORIENTED_EDGE('',*,*,#930,.F.);
#1275=ORIENTED_EDGE('',*,*,#898,.T.);
#1276=ORIENTED_EDGE('',*,*,#930,.T.);
#1277=ORIENTED_EDGE('',*,*,#826,.F.);
#1278=ORIENTED_EDGE('',*,*,#763,.F.);
#1279=ORIENTED_EDGE('',*,*,#899,.T.);
#1280=ORIENTED_EDGE('',*,*,#774,.F.);
#1281=ORIENTED_EDGE('',*,*,#831,.F.);
#1282=ORIENTED_EDGE('',*,*,#931,.F.);
#1283=ORIENTED_EDGE('',*,*,#925,.T.);
#1284=ORIENTED_EDGE('',*,*,#861,.F.);
#1285=ORIENTED_EDGE('',*,*,#931,.T.);
#1286=ORIENTED_EDGE('',*,*,#830,.F.);
#1287=ORIENTED_EDGE('',*,*,#932,.F.);
#1288=ORIENTED_EDGE('',*,*,#892,.T.);
#1289=ORIENTED_EDGE('',*,*,#932,.T.);
#1290=ORIENTED_EDGE('',*,*,#829,.F.);
#1291=ORIENTED_EDGE('',*,*,#783,.F.);
#1292=ORIENTED_EDGE('',*,*,#893,.T.);
#1293=ORIENTED_EDGE('',*,*,#832,.F.);
#1294=ORIENTED_EDGE('',*,*,#933,.T.);
#1295=ORIENTED_EDGE('',*,*,#879,.F.);
#1296=ORIENTED_EDGE('',*,*,#933,.F.);
#1297=ORIENTED_EDGE('',*,*,#833,.F.);
#1298=ORIENTED_EDGE('',*,*,#934,.T.);
#1299=ORIENTED_EDGE('',*,*,#877,.F.);
#1300=ORIENTED_EDGE('',*,*,#934,.F.);
#1301=ORIENTED_EDGE('',*,*,#834,.F.);
#1302=ORIENTED_EDGE('',*,*,#935,.T.);
#1303=ORIENTED_EDGE('',*,*,#875,.F.);
#1304=ORIENTED_EDGE('',*,*,#935,.F.);
#1305=ORIENTED_EDGE('',*,*,#835,.F.);
#1306=ORIENTED_EDGE('',*,*,#936,.T.);
#1307=ORIENTED_EDGE('',*,*,#873,.F.);
#1308=ORIENTED_EDGE('',*,*,#936,.F.);
#1309=ORIENTED_EDGE('',*,*,#768,.F.);
#1310=ORIENTED_EDGE('',*,*,#837,.F.);
#1311=ORIENTED_EDGE('',*,*,#937,.F.);
#1312=ORIENTED_EDGE('',*,*,#921,.T.);
#1313=ORIENTED_EDGE('',*,*,#869,.F.);
#1314=ORIENTED_EDGE('',*,*,#937,.T.);
#1315=ORIENTED_EDGE('',*,*,#836,.F.);
#1316=ORIENTED_EDGE('',*,*,#756,.F.);
#1317=ORIENTED_EDGE('',*,*,#905,.T.);
#1318=ORIENTED_EDGE('',*,*,#788,.F.);
#1319=ORIENTED_EDGE('',*,*,#839,.F.);
#1320=ORIENTED_EDGE('',*,*,#938,.F.);
#1321=ORIENTED_EDGE('',*,*,#926,.T.);
#1322=ORIENTED_EDGE('',*,*,#859,.F.);
#1323=ORIENTED_EDGE('',*,*,#938,.T.);
#1324=ORIENTED_EDGE('',*,*,#838,.F.);
#1325=ORIENTED_EDGE('',*,*,#797,.F.);
#1326=ORIENTED_EDGE('',*,*,#886,.T.);
#1327=ORIENTED_EDGE('',*,*,#811,.F.);
#1328=ORIENTED_EDGE('',*,*,#819,.F.);
#1329=ORIENTED_EDGE('',*,*,#851,.F.);
#1330=ORIENTED_EDGE('',*,*,#855,.T.);
#1331=CYLINDRICAL_SURFACE('',#1445,3.);
#1332=CYLINDRICAL_SURFACE('',#1449,3.);
#1333=CYLINDRICAL_SURFACE('',#1453,3.);
#1334=CYLINDRICAL_SURFACE('',#1457,3.);
#1335=CYLINDRICAL_SURFACE('',#1461,3.);
#1336=CYLINDRICAL_SURFACE('',#1465,3.);
#1337=CYLINDRICAL_SURFACE('',#1469,3.);
#1338=CYLINDRICAL_SURFACE('',#1473,3.);
#1339=CYLINDRICAL_SURFACE('',#1487,20.);
#1340=CYLINDRICAL_SURFACE('',#1507,20.);
#1341=CYLINDRICAL_SURFACE('',#1536,1.55);
#1342=CYLINDRICAL_SURFACE('',#1537,1.55);
#1343=CYLINDRICAL_SURFACE('',#1538,1.55);
#1344=CYLINDRICAL_SURFACE('',#1539,1.55);
#1345=CYLINDRICAL_SURFACE('',#1540,1.55);
#1346=CYLINDRICAL_SURFACE('',#1541,1.55);
#1347=CYLINDRICAL_SURFACE('',#1554,2.75);
#1348=CYLINDRICAL_SURFACE('',#1555,2.75);
#1349=CYLINDRICAL_SURFACE('',#1562,2.75);
#1350=CYLINDRICAL_SURFACE('',#1563,2.75);
#1351=CYLINDRICAL_SURFACE('',#1564,2.75);
#1352=CYLINDRICAL_SURFACE('',#1565,2.75);
#1353=ADVANCED_FACE('',(#95),#1331,.F.);
#1354=ADVANCED_FACE('',(#96),#43,.T.);
#1355=ADVANCED_FACE('',(#97),#1332,.F.);
#1356=ADVANCED_FACE('',(#98),#44,.T.);
#1357=ADVANCED_FACE('',(#99),#1333,.F.);
#1358=ADVANCED_FACE('',(#100),#45,.T.);
#1359=ADVANCED_FACE('',(#101),#1334,.F.);
#1360=ADVANCED_FACE('',(#102),#46,.T.);
#1361=ADVANCED_FACE('',(#103),#1335,.F.);
#1362=ADVANCED_FACE('',(#104),#47,.T.);
#1363=ADVANCED_FACE('',(#105),#1336,.F.);
#1364=ADVANCED_FACE('',(#106),#48,.T.);
#1365=ADVANCED_FACE('',(#107),#1337,.F.);
#1366=ADVANCED_FACE('',(#108),#49,.T.);
#1367=ADVANCED_FACE('',(#109),#1338,.F.);
#1368=ADVANCED_FACE('',(#110),#50,.T.);
#1369=ADVANCED_FACE('',(#111),#51,.T.);
#1370=ADVANCED_FACE('',(#112),#52,.T.);
#1371=ADVANCED_FACE('',(#113),#39,.T.);
#1372=ADVANCED_FACE('',(#114),#53,.T.);
#1373=ADVANCED_FACE('',(#115),#40,.T.);
#1374=ADVANCED_FACE('',(#116),#54,.T.);
#1375=ADVANCED_FACE('',(#117),#1339,.T.);
#1376=ADVANCED_FACE('',(#118),#55,.T.);
#1377=ADVANCED_FACE('',(#119),#56,.T.);
#1378=ADVANCED_FACE('',(#120,#15,#16,#17,#18,#19,#20,#21,#22,#23,#24),#57,
 .T.);
#1379=ADVANCED_FACE('',(#121),#58,.T.);
#1380=ADVANCED_FACE('',(#122),#59,.T.);
#1381=ADVANCED_FACE('',(#123),#41,.T.);
#1382=ADVANCED_FACE('',(#124),#60,.T.);
#1383=ADVANCED_FACE('',(#125),#42,.T.);
#1384=ADVANCED_FACE('',(#126),#61,.T.);
#1385=ADVANCED_FACE('',(#127),#1340,.T.);
#1386=ADVANCED_FACE('',(#128),#62,.T.);
#1387=ADVANCED_FACE('',(#129,#25,#26),#63,.F.);
#1388=ADVANCED_FACE('',(#130,#27),#64,.T.);
#1389=ADVANCED_FACE('',(#131,#28),#65,.T.);
#1390=ADVANCED_FACE('',(#132,#29),#66,.T.);
#1391=ADVANCED_FACE('',(#133,#30),#67,.T.);
#1392=ADVANCED_FACE('',(#134,#31),#68,.T.);
#1393=ADVANCED_FACE('',(#135,#32),#69,.T.);
#1394=ADVANCED_FACE('',(#136,#33,#34,#35),#70,.F.);
#1395=ADVANCED_FACE('',(#137,#36,#37,#38),#71,.F.);
#1396=ADVANCED_FACE('',(#138),#1341,.F.);
#1397=ADVANCED_FACE('',(#139),#1342,.F.);
#1398=ADVANCED_FACE('',(#140),#1343,.F.);
#1399=ADVANCED_FACE('',(#141),#1344,.F.);
#1400=ADVANCED_FACE('',(#142),#1345,.F.);
#1401=ADVANCED_FACE('',(#143),#1346,.F.);
#1402=ADVANCED_FACE('',(#144),#72,.T.);
#1403=ADVANCED_FACE('',(#145),#73,.T.);
#1404=ADVANCED_FACE('',(#146),#74,.T.);
#1405=ADVANCED_FACE('',(#147),#75,.T.);
#1406=ADVANCED_FACE('',(#148),#76,.T.);
#1407=ADVANCED_FACE('',(#149),#77,.T.);
#1408=ADVANCED_FACE('',(#150),#78,.T.);
#1409=ADVANCED_FACE('',(#151),#79,.T.);
#1410=ADVANCED_FACE('',(#152),#80,.T.);
#1411=ADVANCED_FACE('',(#153),#81,.T.);
#1412=ADVANCED_FACE('',(#154),#82,.T.);
#1413=ADVANCED_FACE('',(#155),#83,.T.);
#1414=ADVANCED_FACE('',(#156),#1347,.F.);
#1415=ADVANCED_FACE('',(#157),#1348,.F.);
#1416=ADVANCED_FACE('',(#158),#84,.T.);
#1417=ADVANCED_FACE('',(#159),#85,.T.);
#1418=ADVANCED_FACE('',(#160),#86,.T.);
#1419=ADVANCED_FACE('',(#161),#87,.T.);
#1420=ADVANCED_FACE('',(#162),#88,.T.);
#1421=ADVANCED_FACE('',(#163),#89,.T.);
#1422=ADVANCED_FACE('',(#164),#1349,.F.);
#1423=ADVANCED_FACE('',(#165),#1350,.F.);
#1424=ADVANCED_FACE('',(#166),#1351,.F.);
#1425=ADVANCED_FACE('',(#167),#1352,.F.);
#1426=ADVANCED_FACE('',(#168),#90,.T.);
#1427=ADVANCED_FACE('',(#169),#91,.T.);
#1428=ADVANCED_FACE('',(#170),#92,.T.);
#1429=ADVANCED_FACE('',(#171),#93,.T.);
#1430=ADVANCED_FACE('',(#172),#94,.T.);
#1431=CLOSED_SHELL('',(#1353,#1354,#1355,#1356,#1357,#1358,#1359,#1360,
#1361,#1362,#1363,#1364,#1365,#1366,#1367,#1368,#1369,#1370,#1371,#1372,
#1373,#1374,#1375,#1376,#1377,#1378,#1379,#1380,#1381,#1382,#1383,#1384,
#1385,#1386,#1387,#1388,#1389,#1390,#1391,#1392,#1393,#1394,#1395,#1396,
#1397,#1398,#1399,#1400,#1401,#1402,#1403,#1404,#1405,#1406,#1407,#1408,
#1409,#1410,#1411,#1412,#1413,#1414,#1415,#1416,#1417,#1418,#1419,#1420,
#1421,#1422,#1423,#1424,#1425,#1426,#1427,#1428,#1429,#1430));
#1432=DERIVED_UNIT_ELEMENT(#1434,1.);
#1433=DERIVED_UNIT_ELEMENT(#2377,-3.);
#1434=(
MASS_UNIT()
NAMED_UNIT(*)
SI_UNIT(.KILO.,.GRAM.)
);
#1435=DERIVED_UNIT((#1432,#1433));
#1436=MEASURE_REPRESENTATION_ITEM('density measure',
POSITIVE_RATIO_MEASURE(1120.),#1435);
#1437=PROPERTY_DEFINITION_REPRESENTATION(#1442,#1439);
#1438=PROPERTY_DEFINITION_REPRESENTATION(#1443,#1440);
#1439=REPRESENTATION('material name',(#1441),#2374);
#1440=REPRESENTATION('density',(#1436),#2374);
#1441=DESCRIPTIVE_REPRESENTATION_ITEM('Nylon 6','Nylon 6');
#1442=PROPERTY_DEFINITION('material property','material name',#2384);
#1443=PROPERTY_DEFINITION('material property','density of part',#2384);
#1444=AXIS2_PLACEMENT_3D('',#1973,#1571,#1572);
#1445=AXIS2_PLACEMENT_3D('',#1974,#1573,#1574);
#1446=AXIS2_PLACEMENT_3D('',#1977,#1575,#1576);
#1447=AXIS2_PLACEMENT_3D('',#1981,#1578,#1579);
#1448=AXIS2_PLACEMENT_3D('',#1983,#1581,#1582);
#1449=AXIS2_PLACEMENT_3D('',#1989,#1586,#1587);
#1450=AXIS2_PLACEMENT_3D('',#1992,#1588,#1589);
#1451=AXIS2_PLACEMENT_3D('',#1996,#1591,#1592);
#1452=AXIS2_PLACEMENT_3D('',#1998,#1594,#1595);
#1453=AXIS2_PLACEMENT_3D('',#2006,#1600,#1601);
#1454=AXIS2_PLACEMENT_3D('',#2008,#1602,#1603);
#1455=AXIS2_PLACEMENT_3D('',#2011,#1605,#1606);
#1456=AXIS2_PLACEMENT_3D('',#2012,#1607,#1608);
#1457=AXIS2_PLACEMENT_3D('',#2020,#1613,#1614);
#1458=AXIS2_PLACEMENT_3D('',#2023,#1615,#1616);
#1459=AXIS2_PLACEMENT_3D('',#2027,#1618,#1619);
#1460=AXIS2_PLACEMENT_3D('',#2029,#1621,#1622);
#1461=AXIS2_PLACEMENT_3D('',#2032,#1625,#1626);
#1462=AXIS2_PLACEMENT_3D('',#2035,#1627,#1628);
#1463=AXIS2_PLACEMENT_3D('',#2039,#1630,#1631);
#1464=AXIS2_PLACEMENT_3D('',#2041,#1633,#1634);
#1465=AXIS2_PLACEMENT_3D('',#2047,#1638,#1639);
#1466=AXIS2_PLACEMENT_3D('',#2049,#1640,#1641);
#1467=AXIS2_PLACEMENT_3D('',#2052,#1643,#1644);
#1468=AXIS2_PLACEMENT_3D('',#2053,#1645,#1646);
#1469=AXIS2_PLACEMENT_3D('',#2061,#1651,#1652);
#1470=AXIS2_PLACEMENT_3D('',#2064,#1653,#1654);
#1471=AXIS2_PLACEMENT_3D('',#2068,#1656,#1657);
#1472=AXIS2_PLACEMENT_3D('',#2070,#1659,#1660);
#1473=AXIS2_PLACEMENT_3D('',#2076,#1664,#1665);
#1474=AXIS2_PLACEMENT_3D('',#2078,#1666,#1667);
#1475=AXIS2_PLACEMENT_3D('',#2081,#1669,#1670);
#1476=AXIS2_PLACEMENT_3D('',#2082,#1671,#1672);
#1477=AXIS2_PLACEMENT_3D('',#2090,#1677,#1678);
#1478=AXIS2_PLACEMENT_3D('',#2099,#1683,#1684);
#1479=AXIS2_PLACEMENT_3D('',#2105,#1688,#1689);
#1480=AXIS2_PLACEMENT_3D('',#2109,#1691,#1692);
#1481=AXIS2_PLACEMENT_3D('',#2110,#1693,#1694);
#1482=AXIS2_PLACEMENT_3D('',#2111,#1695,#1696);
#1483=AXIS2_PLACEMENT_3D('',#2117,#1700,#1701);
#1484=AXIS2_PLACEMENT_3D('',#2121,#1703,#1704);
#1485=AXIS2_PLACEMENT_3D('',#2122,#1705,#1706);
#1486=AXIS2_PLACEMENT_3D('',#2123,#1707,#1708);
#1487=AXIS2_PLACEMENT_3D('',#2126,#1711,#1712);
#1488=AXIS2_PLACEMENT_3D('',#2130,#1714,#1715);
#1489=AXIS2_PLACEMENT_3D('',#2132,#1717,#1718);
#1490=AXIS2_PLACEMENT_3D('',#2136,#1721,#1722);
#1491=AXIS2_PLACEMENT_3D('',#2140,#1725,#1726);
#1492=AXIS2_PLACEMENT_3D('',#2142,#1727,#1728);
#1493=AXIS2_PLACEMENT_3D('',#2144,#1729,#1730);
#1494=AXIS2_PLACEMENT_3D('',#2156,#1737,#1738);
#1495=AXIS2_PLACEMENT_3D('',#2158,#1739,#1740);
#1496=AXIS2_PLACEMENT_3D('',#2160,#1741,#1742);
#1497=AXIS2_PLACEMENT_3D('',#2162,#1743,#1744);
#1498=AXIS2_PLACEMENT_3D('',#2169,#1749,#1750);
#1499=AXIS2_PLACEMENT_3D('',#2175,#1754,#1755);
#1500=AXIS2_PLACEMENT_3D('',#2181,#1759,#1760);
#1501=AXIS2_PLACEMENT_3D('',#2185,#1762,#1763);
#1502=AXIS2_PLACEMENT_3D('',#2186,#1764,#1765);
#1503=AXIS2_PLACEMENT_3D('',#2187,#1766,#1767);
#1504=AXIS2_PLACEMENT_3D('',#2192,#1771,#1772);
#1505=AXIS2_PLACEMENT_3D('',#2195,#1774,#1775);
#1506=AXIS2_PLACEMENT_3D('',#2196,#1776,#1777);
#1507=AXIS2_PLACEMENT_3D('',#2198,#1779,#1780);
#1508=AXIS2_PLACEMENT_3D('',#2201,#1783,#1784);
#1509=AXIS2_PLACEMENT_3D('',#2202,#1785,#1786);
#1510=AXIS2_PLACEMENT_3D('',#2231,#1803,#1804);
#1511=AXIS2_PLACEMENT_3D('',#2233,#1805,#1806);
#1512=AXIS2_PLACEMENT_3D('',#2235,#1807,#1808);
#1513=AXIS2_PLACEMENT_3D('',#2236,#1809,#1810);
#1514=AXIS2_PLACEMENT_3D('',#2238,#1811,#1812);
#1515=AXIS2_PLACEMENT_3D('',#2240,#1813,#1814);
#1516=AXIS2_PLACEMENT_3D('',#2241,#1815,#1816);
#1517=AXIS2_PLACEMENT_3D('',#2243,#1817,#1818);
#1518=AXIS2_PLACEMENT_3D('',#2245,#1819,#1820);
#1519=AXIS2_PLACEMENT_3D('',#2246,#1821,#1822);
#1520=AXIS2_PLACEMENT_3D('',#2248,#1823,#1824);
#1521=AXIS2_PLACEMENT_3D('',#2250,#1825,#1826);
#1522=AXIS2_PLACEMENT_3D('',#2251,#1827,#1828);
#1523=AXIS2_PLACEMENT_3D('',#2253,#1829,#1830);
#1524=AXIS2_PLACEMENT_3D('',#2255,#1831,#1832);
#1525=AXIS2_PLACEMENT_3D('',#2256,#1833,#1834);
#1526=AXIS2_PLACEMENT_3D('',#2258,#1835,#1836);
#1527=AXIS2_PLACEMENT_3D('',#2260,#1837,#1838);
#1528=AXIS2_PLACEMENT_3D('',#2261,#1839,#1840);
#1529=AXIS2_PLACEMENT_3D('',#2279,#1850,#1851);
#1530=AXIS2_PLACEMENT_3D('',#2281,#1852,#1853);
#1531=AXIS2_PLACEMENT_3D('',#2283,#1854,#1855);
#1532=AXIS2_PLACEMENT_3D('',#2284,#1856,#1857);
#1533=AXIS2_PLACEMENT_3D('',#2302,#1867,#1868);
#1534=AXIS2_PLACEMENT_3D('',#2304,#1869,#1870);
#1535=AXIS2_PLACEMENT_3D('',#2306,#1871,#1872);
#1536=AXIS2_PLACEMENT_3D('',#2307,#1873,#1874);
#1537=AXIS2_PLACEMENT_3D('',#2309,#1876,#1877);
#1538=AXIS2_PLACEMENT_3D('',#2311,#1879,#1880);
#1539=AXIS2_PLACEMENT_3D('',#2313,#1882,#1883);
#1540=AXIS2_PLACEMENT_3D('',#2315,#1885,#1886);
#1541=AXIS2_PLACEMENT_3D('',#2317,#1888,#1889);
#1542=AXIS2_PLACEMENT_3D('',#2319,#1891,#1892);
#1543=AXIS2_PLACEMENT_3D('',#2322,#1895,#1896);
#1544=AXIS2_PLACEMENT_3D('',#2325,#1899,#1900);
#1545=AXIS2_PLACEMENT_3D('',#2327,#1902,#1903);
#1546=AXIS2_PLACEMENT_3D('',#2328,#1904,#1905);
#1547=AXIS2_PLACEMENT_3D('',#2330,#1907,#1908);
#1548=AXIS2_PLACEMENT_3D('',#2332,#1910,#1911);
#1549=AXIS2_PLACEMENT_3D('',#2334,#1913,#1914);
#1550=AXIS2_PLACEMENT_3D('',#2336,#1916,#1917);
#1551=AXIS2_PLACEMENT_3D('',#2337,#1918,#1919);
#1552=AXIS2_PLACEMENT_3D('',#2339,#1921,#1922);
#1553=AXIS2_PLACEMENT_3D('',#2341,#1924,#1925);
#1554=AXIS2_PLACEMENT_3D('',#2343,#1927,#1928);
#1555=AXIS2_PLACEMENT_3D('',#2345,#1930,#1931);
#1556=AXIS2_PLACEMENT_3D('',#2347,#1933,#1934);
#1557=AXIS2_PLACEMENT_3D('',#2349,#1936,#1937);
#1558=AXIS2_PLACEMENT_3D('',#2351,#1939,#1940);
#1559=AXIS2_PLACEMENT_3D('',#2352,#1941,#1942);
#1560=AXIS2_PLACEMENT_3D('',#2354,#1944,#1945);
#1561=AXIS2_PLACEMENT_3D('',#2356,#1947,#1948);
#1562=AXIS2_PLACEMENT_3D('',#2357,#1949,#1950);
#1563=AXIS2_PLACEMENT_3D('',#2359,#1952,#1953);
#1564=AXIS2_PLACEMENT_3D('',#2361,#1955,#1956);
#1565=AXIS2_PLACEMENT_3D('',#2363,#1958,#1959);
#1566=AXIS2_PLACEMENT_3D('',#2365,#1961,#1962);
#1567=AXIS2_PLACEMENT_3D('',#2367,#1964,#1965);
#1568=AXIS2_PLACEMENT_3D('',#2368,#1966,#1967);
#1569=AXIS2_PLACEMENT_3D('',#2370,#1969,#1970);
#1570=AXIS2_PLACEMENT_3D('',#2371,#1971,#1972);
#1571=DIRECTION('axis',(0.,0.,1.));
#1572=DIRECTION('refdir',(1.,0.,0.));
#1573=DIRECTION('center_axis',(0.,0.,-1.));
#1574=DIRECTION('ref_axis',(0.961544603234038,0.274648823029513,0.));
#1575=DIRECTION('center_axis',(0.,0.,1.));
#1576=DIRECTION('ref_axis',(0.961544603234038,0.274648823029513,0.));
#1577=DIRECTION('',(0.,0.,-1.));
#1578=DIRECTION('center_axis',(0.,0.,-1.));
#1579=DIRECTION('ref_axis',(0.961544603234038,0.274648823029513,0.));
#1580=DIRECTION('',(0.,0.,1.));
#1581=DIRECTION('center_axis',(1.22515702221464E-15,-1.,0.));
#1582=DIRECTION('ref_axis',(-1.,-1.22515702221464E-15,0.));
#1583=DIRECTION('',(1.,1.22515702221464E-15,0.));
#1584=DIRECTION('',(0.,0.,1.));
#1585=DIRECTION('',(-1.,-1.22515702221464E-15,0.));
#1586=DIRECTION('center_axis',(0.,0.,-1.));
#1587=DIRECTION('ref_axis',(0.485708664151031,0.874120754569196,0.));
#1588=DIRECTION('center_axis',(0.,0.,1.));
#1589=DIRECTION('ref_axis',(0.485708664151031,0.874120754569196,0.));
#1590=DIRECTION('',(0.,0.,-1.));
#1591=DIRECTION('center_axis',(0.,0.,-1.));
#1592=DIRECTION('ref_axis',(0.485708664151031,0.874120754569196,0.));
#1593=DIRECTION('',(0.,0.,1.));
#1594=DIRECTION('center_axis',(0.528174187137228,-0.849136048017,0.));
#1595=DIRECTION('ref_axis',(-0.849136048017,-0.528174187137228,0.));
#1596=DIRECTION('',(0.849136048017,0.528174187137228,0.));
#1597=DIRECTION('',(0.,0.,1.));
#1598=DIRECTION('',(0.,0.,-1.));
#1599=DIRECTION('',(-0.849136048017,-0.528174187137228,0.));
#1600=DIRECTION('center_axis',(0.,0.,-1.));
#1601=DIRECTION('ref_axis',(-0.70710678118655,0.707106781186545,0.));
#1602=DIRECTION('center_axis',(0.,0.,1.));
#1603=DIRECTION('ref_axis',(-0.70710678118655,0.707106781186545,0.));
#1604=DIRECTION('',(0.,0.,-1.));
#1605=DIRECTION('center_axis',(0.,0.,-1.));
#1606=DIRECTION('ref_axis',(-0.70710678118655,0.707106781186545,0.));
#1607=DIRECTION('center_axis',(1.,0.,0.));
#1608=DIRECTION('ref_axis',(0.,-1.,0.));
#1609=DIRECTION('',(0.,1.,0.));
#1610=DIRECTION('',(0.,0.,1.));
#1611=DIRECTION('',(0.,0.,-1.));
#1612=DIRECTION('',(0.,-1.,0.));
#1613=DIRECTION('center_axis',(0.,0.,-1.));
#1614=DIRECTION('ref_axis',(0.707106781186549,-0.707106781186546,0.));
#1615=DIRECTION('center_axis',(0.,0.,1.));
#1616=DIRECTION('ref_axis',(0.707106781186549,-0.707106781186546,0.));
#1617=DIRECTION('',(0.,0.,-1.));
#1618=DIRECTION('center_axis',(0.,0.,-1.));
#1619=DIRECTION('ref_axis',(0.707106781186549,-0.707106781186546,0.));
#1620=DIRECTION('',(0.,0.,1.));
#1621=DIRECTION('center_axis',(-1.,-8.08658453710226E-16,0.));
#1622=DIRECTION('ref_axis',(-8.08658453710226E-16,1.,0.));
#1623=DIRECTION('',(-8.08658453710226E-16,1.,0.));
#1624=DIRECTION('',(8.08658453710226E-16,-1.,0.));
#1625=DIRECTION('center_axis',(0.,0.,-1.));
#1626=DIRECTION('ref_axis',(-0.707106781186548,-0.707106781186547,0.));
#1627=DIRECTION('center_axis',(0.,0.,1.));
#1628=DIRECTION('ref_axis',(-0.707106781186548,-0.707106781186547,0.));
#1629=DIRECTION('',(0.,0.,-1.));
#1630=DIRECTION('center_axis',(0.,0.,-1.));
#1631=DIRECTION('ref_axis',(-0.707106781186548,-0.707106781186547,0.));
#1632=DIRECTION('',(0.,0.,1.));
#1633=DIRECTION('center_axis',(4.45511644441688E-16,1.,0.));
#1634=DIRECTION('ref_axis',(1.,-4.45511644441688E-16,0.));
#1635=DIRECTION('',(-1.,4.45511644441688E-16,0.));
#1636=DIRECTION('',(0.,0.,1.));
#1637=DIRECTION('',(1.,-4.45511644441688E-16,0.));
#1638=DIRECTION('center_axis',(0.,0.,-1.));
#1639=DIRECTION('ref_axis',(0.961544603234035,-0.274648823029523,0.));
#1640=DIRECTION('center_axis',(0.,0.,1.));
#1641=DIRECTION('ref_axis',(0.961544603234035,-0.274648823029523,0.));
#1642=DIRECTION('',(0.,0.,-1.));
#1643=DIRECTION('center_axis',(0.,0.,-1.));
#1644=DIRECTION('ref_axis',(0.961544603234035,-0.274648823029523,0.));
#1645=DIRECTION('center_axis',(-0.528174187137227,-0.849136048017,0.));
#1646=DIRECTION('ref_axis',(-0.849136048017,0.528174187137227,0.));
#1647=DIRECTION('',(0.849136048017,-0.528174187137227,0.));
#1648=DIRECTION('',(0.,0.,1.));
#1649=DIRECTION('',(0.,0.,-1.));
#1650=DIRECTION('',(-0.849136048017,0.528174187137227,0.));
#1651=DIRECTION('center_axis',(0.,0.,-1.));
#1652=DIRECTION('ref_axis',(0.485708664151031,-0.874120754569196,0.));
#1653=DIRECTION('center_axis',(0.,0.,1.));
#1654=DIRECTION('ref_axis',(0.485708664151031,-0.874120754569196,0.));
#1655=DIRECTION('',(0.,0.,-1.));
#1656=DIRECTION('center_axis',(0.,0.,-1.));
#1657=DIRECTION('ref_axis',(0.485708664151031,-0.874120754569196,0.));
#1658=DIRECTION('',(0.,0.,1.));
#1659=DIRECTION('center_axis',(-1.,0.,0.));
#1660=DIRECTION('ref_axis',(0.,1.,0.));
#1661=DIRECTION('',(0.,-1.,0.));
#1662=DIRECTION('',(0.,0.,1.));
#1663=DIRECTION('',(0.,1.,0.));
#1664=DIRECTION('center_axis',(0.,0.,-1.));
#1665=DIRECTION('ref_axis',(0.707106781186549,0.707106781186546,0.));
#1666=DIRECTION('center_axis',(0.,0.,1.));
#1667=DIRECTION('ref_axis',(0.707106781186549,0.707106781186546,0.));
#1668=DIRECTION('',(0.,0.,-1.));
#1669=DIRECTION('center_axis',(0.,0.,-1.));
#1670=DIRECTION('ref_axis',(0.707106781186549,0.707106781186546,0.));
#1671=DIRECTION('center_axis',(0.,-1.,0.));
#1672=DIRECTION('ref_axis',(-1.,0.,0.));
#1673=DIRECTION('',(1.,0.,0.));
#1674=DIRECTION('',(0.,0.,1.));
#1675=DIRECTION('',(0.,0.,-1.));
#1676=DIRECTION('',(-1.,0.,0.));
#1677=DIRECTION('center_axis',(-0.707106781186541,0.,-0.707106781186554));
#1678=DIRECTION('ref_axis',(-0.707106781186554,0.,0.707106781186541));
#1679=DIRECTION('',(0.,-1.,0.));
#1680=DIRECTION('',(-0.577350269189626,-0.577350269189636,0.577350269189616));
#1681=DIRECTION('',(0.,1.,0.));
#1682=DIRECTION('',(-0.577350269189633,0.577350269189622,0.577350269189622));
#1683=DIRECTION('center_axis',(-2.8986322314162E-16,0.707106781186548,-0.707106781186548));
#1684=DIRECTION('ref_axis',(-1.,0.,4.09928501400058E-16));
#1685=DIRECTION('',(1.,4.09928501400058E-16,0.));
#1686=DIRECTION('',(0.,-0.707106781186548,-0.707106781186548));
#1687=DIRECTION('',(-1.,-4.09928501400058E-16,0.));
#1688=DIRECTION('center_axis',(0.,0.,1.));
#1689=DIRECTION('ref_axis',(-1.77635683940025E-15,1.,0.));
#1690=DIRECTION('',(-0.707106781186554,0.,-0.707106781186541));
#1691=DIRECTION('center_axis',(0.,0.,1.));
#1692=DIRECTION('ref_axis',(-1.77635683940025E-15,1.,0.));
#1693=DIRECTION('center_axis',(0.,0.,-1.));
#1694=DIRECTION('ref_axis',(-1.77635683940025E-15,1.,0.));
#1695=DIRECTION('center_axis',(0.707106781186535,0.,-0.70710678118656));
#1696=DIRECTION('ref_axis',(-0.70710678118656,0.,-0.707106781186535));
#1697=DIRECTION('',(-0.70710678118656,0.,-0.707106781186535));
#1698=DIRECTION('',(0.,1.,0.));
#1699=DIRECTION('',(0.,-1.,0.));
#1700=DIRECTION('center_axis',(0.,0.,1.));
#1701=DIRECTION('ref_axis',(1.,1.77635683940025E-15,0.));
#1702=DIRECTION('',(0.,0.707106781186554,-0.707106781186541));
#1703=DIRECTION('center_axis',(0.,0.,1.));
#1704=DIRECTION('ref_axis',(1.,1.77635683940025E-15,0.));
#1705=DIRECTION('center_axis',(0.,0.,-1.));
#1706=DIRECTION('ref_axis',(1.,1.77635683940025E-15,0.));
#1707=DIRECTION('center_axis',(-9.66210743805383E-17,-0.707106781186535,
-0.70710678118656));
#1708=DIRECTION('ref_axis',(-1.,0.,1.36642833800014E-16));
#1709=DIRECTION('',(1.,-1.36642833800019E-16,0.));
#1710=DIRECTION('',(-1.,1.36642833800019E-16,0.));
#1711=DIRECTION('center_axis',(0.,0.,-1.));
#1712=DIRECTION('ref_axis',(-1.77635683940025E-15,1.,0.));
#1713=DIRECTION('',(0.,0.,-1.));
#1714=DIRECTION('center_axis',(0.,0.,1.));
#1715=DIRECTION('ref_axis',(-1.77635683940025E-15,1.,0.));
#1716=DIRECTION('',(0.,0.,-1.));
#1717=DIRECTION('center_axis',(-4.09928501400058E-16,1.,0.));
#1718=DIRECTION('ref_axis',(1.,4.09928501400058E-16,0.));
#1719=DIRECTION('',(0.,0.,-1.));
#1720=DIRECTION('',(-1.,-4.09928501400058E-16,0.));
#1721=DIRECTION('center_axis',(-1.,0.,0.));
#1722=DIRECTION('ref_axis',(0.,1.,0.));
#1723=DIRECTION('',(0.,0.,-1.));
#1724=DIRECTION('',(0.,-1.,0.));
#1725=DIRECTION('center_axis',(0.,0.,-1.));
#1726=DIRECTION('ref_axis',(-1.,0.,0.));
#1727=DIRECTION('center_axis',(0.,0.,1.));
#1728=DIRECTION('ref_axis',(1.,0.,0.));
#1729=DIRECTION('center_axis',(0.,0.,1.));
#1730=DIRECTION('ref_axis',(1.,0.,0.));
#1731=DIRECTION('',(1.,0.,0.));
#1732=DIRECTION('',(0.952925780013262,0.303203657276947,0.));
#1733=DIRECTION('',(0.849136048017,0.528174187137228,0.));
#1734=DIRECTION('',(-0.952925780013262,0.303203657276947,0.));
#1735=DIRECTION('',(-1.,0.,0.));
#1736=DIRECTION('',(0.,-1.,0.));
#1737=DIRECTION('center_axis',(0.,0.,1.));
#1738=DIRECTION('ref_axis',(1.,0.,0.));
#1739=DIRECTION('center_axis',(0.,0.,1.));
#1740=DIRECTION('ref_axis',(1.,0.,0.));
#1741=DIRECTION('center_axis',(0.,0.,1.));
#1742=DIRECTION('ref_axis',(1.,0.,0.));
#1743=DIRECTION('center_axis',(0.,0.,1.));
#1744=DIRECTION('ref_axis',(1.,0.,0.));
#1745=DIRECTION('',(0.922194381828531,-0.386726676250674,0.));
#1746=DIRECTION('',(1.,9.55030567743633E-16,0.));
#1747=DIRECTION('',(-0.922194381828531,-0.386726676250674,0.));
#1748=DIRECTION('',(0.849136048017,-0.528174187137227,0.));
#1749=DIRECTION('center_axis',(-0.707106781186546,0.,0.707106781186549));
#1750=DIRECTION('ref_axis',(0.707106781186549,0.,0.707106781186546));
#1751=DIRECTION('',(0.,1.,0.));
#1752=DIRECTION('',(-0.577350269189628,0.577350269189625,-0.577350269189625));
#1753=DIRECTION('',(-0.577350269189628,-0.577350269189625,-0.577350269189625));
#1754=DIRECTION('center_axis',(-9.662107438054E-17,-0.707106781186548,0.707106781186548));
#1755=DIRECTION('ref_axis',(1.,0.,1.36642833800019E-16));
#1756=DIRECTION('',(1.,-1.36642833800019E-16,0.));
#1757=DIRECTION('',(0.,0.707106781186548,0.707106781186548));
#1758=DIRECTION('',(-1.,1.36642833800019E-16,0.));
#1759=DIRECTION('center_axis',(0.,0.,-1.));
#1760=DIRECTION('ref_axis',(1.,1.77635683940025E-15,0.));
#1761=DIRECTION('',(-0.707106781186546,0.,0.707106781186549));
#1762=DIRECTION('center_axis',(0.,0.,-1.));
#1763=DIRECTION('ref_axis',(1.,1.77635683940025E-15,0.));
#1764=DIRECTION('center_axis',(0.,0.,1.));
#1765=DIRECTION('ref_axis',(1.,1.77635683940025E-15,0.));
#1766=DIRECTION('center_axis',(0.707106781186548,0.,0.707106781186548));
#1767=DIRECTION('ref_axis',(0.707106781186548,0.,-0.707106781186548));
#1768=DIRECTION('',(-0.707106781186548,0.,0.707106781186548));
#1769=DIRECTION('',(0.,-1.,0.));
#1770=DIRECTION('',(0.,1.,0.));
#1771=DIRECTION('center_axis',(0.,0.,-1.));
#1772=DIRECTION('ref_axis',(-1.77635683940025E-15,1.,0.));
#1773=DIRECTION('',(0.,-0.707106781186546,0.707106781186549));
#1774=DIRECTION('center_axis',(0.,0.,-1.));
#1775=DIRECTION('ref_axis',(-1.77635683940025E-15,1.,0.));
#1776=DIRECTION('center_axis',(-2.8986322314162E-16,0.707106781186548,0.707106781186548));
#1777=DIRECTION('ref_axis',(1.,0.,4.09928501400058E-16));
#1778=DIRECTION('',(1.,4.09928501400058E-16,0.));
#1779=DIRECTION('center_axis',(0.,0.,-1.));
#1780=DIRECTION('ref_axis',(1.,1.77635683940025E-15,0.));
#1781=DIRECTION('',(0.,0.,-1.));
#1782=DIRECTION('',(0.,0.,-1.));
#1783=DIRECTION('center_axis',(-1.36642833800019E-16,-1.,0.));
#1784=DIRECTION('ref_axis',(-1.,1.36642833800019E-16,0.));
#1785=DIRECTION('center_axis',(0.,0.,-1.));
#1786=DIRECTION('ref_axis',(1.,0.,0.));
#1787=DIRECTION('',(0.89559483761218,-0.444870640571405,0.));
#1788=DIRECTION('',(-7.62880622284676E-16,-1.,0.));
#1789=DIRECTION('',(-0.849136048017,0.528174187137227,0.));
#1790=DIRECTION('',(-0.922194381828531,-0.386726676250674,0.));
#1791=DIRECTION('',(0.,1.,0.));
#1792=DIRECTION('',(-1.,0.,0.));
#1793=DIRECTION('',(0.,1.,0.));
#1794=DIRECTION('',(-1.,-1.64477485129653E-15,0.));
#1795=DIRECTION('',(0.,1.,0.));
#1796=DIRECTION('',(1.,0.,0.));
#1797=DIRECTION('',(-0.849136048017,-0.528174187137228,0.));
#1798=DIRECTION('',(0.922194381828531,-0.386726676250674,0.));
#1799=DIRECTION('',(-1.,-9.55030567743633E-16,0.));
#1800=DIRECTION('',(7.62880622284677E-16,-1.,0.));
#1801=DIRECTION('',(-0.89559483761218,-0.444870640571405,0.));
#1802=DIRECTION('',(1.,0.,0.));
#1803=DIRECTION('center_axis',(0.,0.,-1.));
#1804=DIRECTION('ref_axis',(1.,0.,0.));
#1805=DIRECTION('center_axis',(0.,0.,-1.));
#1806=DIRECTION('ref_axis',(1.,0.,0.));
#1807=DIRECTION('center_axis',(0.,0.,1.));
#1808=DIRECTION('ref_axis',(1.,0.,0.));
#1809=DIRECTION('center_axis',(0.,0.,-1.));
#1810=DIRECTION('ref_axis',(1.,0.,0.));
#1811=DIRECTION('center_axis',(0.,0.,-1.));
#1812=DIRECTION('ref_axis',(1.,0.,0.));
#1813=DIRECTION('center_axis',(0.,0.,1.));
#1814=DIRECTION('ref_axis',(1.,0.,0.));
#1815=DIRECTION('center_axis',(0.,0.,-1.));
#1816=DIRECTION('ref_axis',(1.,0.,0.));
#1817=DIRECTION('center_axis',(0.,0.,-1.));
#1818=DIRECTION('ref_axis',(1.,0.,0.));
#1819=DIRECTION('center_axis',(0.,0.,1.));
#1820=DIRECTION('ref_axis',(1.,0.,0.));
#1821=DIRECTION('center_axis',(0.,0.,-1.));
#1822=DIRECTION('ref_axis',(1.,0.,0.));
#1823=DIRECTION('center_axis',(0.,0.,-1.));
#1824=DIRECTION('ref_axis',(1.,0.,0.));
#1825=DIRECTION('center_axis',(0.,0.,1.));
#1826=DIRECTION('ref_axis',(1.,0.,0.));
#1827=DIRECTION('center_axis',(0.,0.,-1.));
#1828=DIRECTION('ref_axis',(1.,0.,0.));
#1829=DIRECTION('center_axis',(0.,0.,-1.));
#1830=DIRECTION('ref_axis',(1.,0.,0.));
#1831=DIRECTION('center_axis',(0.,0.,1.));
#1832=DIRECTION('ref_axis',(1.,0.,0.));
#1833=DIRECTION('center_axis',(0.,0.,-1.));
#1834=DIRECTION('ref_axis',(1.,0.,0.));
#1835=DIRECTION('center_axis',(0.,0.,-1.));
#1836=DIRECTION('ref_axis',(1.,0.,0.));
#1837=DIRECTION('center_axis',(0.,0.,1.));
#1838=DIRECTION('ref_axis',(1.,0.,0.));
#1839=DIRECTION('center_axis',(0.,0.,-1.));
#1840=DIRECTION('ref_axis',(1.,0.,0.));
#1841=DIRECTION('',(0.922194381828531,0.386726676250674,0.));
#1842=DIRECTION('',(-0.922194381828531,-0.386726676250674,0.));
#1843=DIRECTION('',(7.62880622284676E-16,1.,0.));
#1844=DIRECTION('',(-0.89559483761218,0.444870640571405,0.));
#1845=DIRECTION('',(-1.,-1.64477485129653E-15,0.));
#1846=DIRECTION('',(0.,-1.,0.));
#1847=DIRECTION('',(1.,0.,0.));
#1848=DIRECTION('',(-1.,0.,0.));
#1849=DIRECTION('',(-0.952925780013262,0.303203657276947,0.));
#1850=DIRECTION('center_axis',(0.,0.,1.));
#1851=DIRECTION('ref_axis',(1.,0.,0.));
#1852=DIRECTION('center_axis',(0.,0.,1.));
#1853=DIRECTION('ref_axis',(1.,0.,0.));
#1854=DIRECTION('center_axis',(0.,0.,1.));
#1855=DIRECTION('ref_axis',(1.,0.,0.));
#1856=DIRECTION('center_axis',(0.,0.,-1.));
#1857=DIRECTION('ref_axis',(1.,0.,0.));
#1858=DIRECTION('',(-0.922194381828531,0.386726676250674,0.));
#1859=DIRECTION('',(0.952925780013262,0.303203657276947,0.));
#1860=DIRECTION('',(1.,0.,0.));
#1861=DIRECTION('',(-1.,0.,0.));
#1862=DIRECTION('',(0.,-1.,0.));
#1863=DIRECTION('',(1.,0.,0.));
#1864=DIRECTION('',(0.89559483761218,0.444870640571405,0.));
#1865=DIRECTION('',(-7.62880622284677E-16,1.,0.));
#1866=DIRECTION('',(0.922194381828531,-0.386726676250674,0.));
#1867=DIRECTION('center_axis',(0.,0.,1.));
#1868=DIRECTION('ref_axis',(1.,0.,0.));
#1869=DIRECTION('center_axis',(0.,0.,1.));
#1870=DIRECTION('ref_axis',(1.,0.,0.));
#1871=DIRECTION('center_axis',(0.,0.,1.));
#1872=DIRECTION('ref_axis',(1.,0.,0.));
#1873=DIRECTION('center_axis',(0.,0.,-1.));
#1874=DIRECTION('ref_axis',(1.,0.,0.));
#1875=DIRECTION('',(0.,0.,1.));
#1876=DIRECTION('center_axis',(0.,0.,-1.));
#1877=DIRECTION('ref_axis',(1.,0.,0.));
#1878=DIRECTION('',(0.,0.,1.));
#1879=DIRECTION('center_axis',(0.,0.,-1.));
#1880=DIRECTION('ref_axis',(1.,0.,0.));
#1881=DIRECTION('',(0.,0.,1.));
#1882=DIRECTION('center_axis',(0.,0.,-1.));
#1883=DIRECTION('ref_axis',(1.,0.,0.));
#1884=DIRECTION('',(0.,0.,1.));
#1885=DIRECTION('center_axis',(0.,0.,-1.));
#1886=DIRECTION('ref_axis',(1.,0.,0.));
#1887=DIRECTION('',(0.,0.,1.));
#1888=DIRECTION('center_axis',(0.,0.,-1.));
#1889=DIRECTION('ref_axis',(1.,0.,0.));
#1890=DIRECTION('',(0.,0.,1.));
#1891=DIRECTION('center_axis',(0.,0.707106781186546,0.707106781186549));
#1892=DIRECTION('ref_axis',(1.,0.,0.));
#1893=DIRECTION('',(-0.818275422244012,-0.406463610518449,0.406463610518447));
#1894=DIRECTION('',(0.,0.707106781186549,-0.707106781186546));
#1895=DIRECTION('center_axis',(1.16303145087687E-15,-0.707106781186546,
0.707106781186549));
#1896=DIRECTION('ref_axis',(1.,0.,-1.64477485129652E-15));
#1897=DIRECTION('',(0.,0.707106781186549,0.707106781186546));
#1898=DIRECTION('',(0.818275422244011,-0.406463610518448,-0.406463610518448));
#1899=DIRECTION('center_axis',(0.,-1.,0.));
#1900=DIRECTION('ref_axis',(1.,0.,0.));
#1901=DIRECTION('',(0.,0.,1.));
#1902=DIRECTION('center_axis',(1.,0.,0.));
#1903=DIRECTION('ref_axis',(0.,1.,0.));
#1904=DIRECTION('center_axis',(-0.444870640571405,0.89559483761218,0.));
#1905=DIRECTION('ref_axis',(-0.89559483761218,-0.444870640571405,0.));
#1906=DIRECTION('',(0.,0.,1.));
#1907=DIRECTION('center_axis',(-1.,-7.62880622284677E-16,0.));
#1908=DIRECTION('ref_axis',(7.62880622284677E-16,-1.,0.));
#1909=DIRECTION('',(0.,0.,1.));
#1910=DIRECTION('center_axis',(-0.386726676250674,-0.922194381828531,0.));
#1911=DIRECTION('ref_axis',(0.922194381828531,-0.386726676250674,0.));
#1912=DIRECTION('',(0.,0.,1.));
#1913=DIRECTION('center_axis',(-1.,7.62880622284676E-16,0.));
#1914=DIRECTION('ref_axis',(-7.62880622284676E-16,-1.,0.));
#1915=DIRECTION('',(0.,0.,1.));
#1916=DIRECTION('center_axis',(-0.444870640571405,-0.895594837612181,0.));
#1917=DIRECTION('ref_axis',(0.89559483761218,-0.444870640571405,0.));
#1918=DIRECTION('center_axis',(1.,0.,0.));
#1919=DIRECTION('ref_axis',(0.,1.,0.));
#1920=DIRECTION('',(0.,0.,1.));
#1921=DIRECTION('center_axis',(0.,1.,0.));
#1922=DIRECTION('ref_axis',(-1.,0.,0.));
#1923=DIRECTION('',(0.,0.,1.));
#1924=DIRECTION('center_axis',(-0.386726676250674,0.922194381828531,0.));
#1925=DIRECTION('ref_axis',(-0.922194381828531,-0.386726676250674,0.));
#1926=DIRECTION('',(0.,0.,1.));
#1927=DIRECTION('center_axis',(0.,0.,-1.));
#1928=DIRECTION('ref_axis',(1.,0.,0.));
#1929=DIRECTION('',(0.,0.,1.));
#1930=DIRECTION('center_axis',(0.,0.,-1.));
#1931=DIRECTION('ref_axis',(1.,0.,0.));
#1932=DIRECTION('',(0.,0.,1.));
#1933=DIRECTION('center_axis',(-0.528174187137228,0.849136048017,0.));
#1934=DIRECTION('ref_axis',(0.849136048017,0.528174187137228,0.));
#1935=DIRECTION('',(0.,0.,-1.));
#1936=DIRECTION('center_axis',(-0.303203657276947,0.952925780013262,0.));
#1937=DIRECTION('ref_axis',(0.952925780013262,0.303203657276947,0.));
#1938=DIRECTION('',(0.,0.,-1.));
#1939=DIRECTION('center_axis',(0.,1.,0.));
#1940=DIRECTION('ref_axis',(1.,0.,0.));
#1941=DIRECTION('center_axis',(1.,0.,0.));
#1942=DIRECTION('ref_axis',(0.,-1.,0.));
#1943=DIRECTION('',(0.,0.,-1.));
#1944=DIRECTION('center_axis',(0.,-1.,0.));
#1945=DIRECTION('ref_axis',(-1.,0.,0.));
#1946=DIRECTION('',(0.,0.,-1.));
#1947=DIRECTION('center_axis',(-0.303203657276947,-0.952925780013262,0.));
#1948=DIRECTION('ref_axis',(-0.952925780013262,0.303203657276947,0.));
#1949=DIRECTION('center_axis',(0.,0.,-1.));
#1950=DIRECTION('ref_axis',(1.,0.,0.));
#1951=DIRECTION('',(0.,0.,1.));
#1952=DIRECTION('center_axis',(0.,0.,-1.));
#1953=DIRECTION('ref_axis',(1.,0.,0.));
#1954=DIRECTION('',(0.,0.,1.));
#1955=DIRECTION('center_axis',(0.,0.,-1.));
#1956=DIRECTION('ref_axis',(1.,0.,0.));
#1957=DIRECTION('',(0.,0.,1.));
#1958=DIRECTION('center_axis',(0.,0.,-1.));
#1959=DIRECTION('ref_axis',(1.,0.,0.));
#1960=DIRECTION('',(0.,0.,1.));
#1961=DIRECTION('center_axis',(-9.55030567743633E-16,1.,0.));
#1962=DIRECTION('ref_axis',(1.,9.55030567743633E-16,0.));
#1963=DIRECTION('',(0.,0.,-1.));
#1964=DIRECTION('center_axis',(0.386726676250674,0.922194381828531,0.));
#1965=DIRECTION('ref_axis',(0.922194381828531,-0.386726676250674,0.));
#1966=DIRECTION('center_axis',(0.528174187137227,0.849136048017,0.));
#1967=DIRECTION('ref_axis',(0.849136048017,-0.528174187137227,0.));
#1968=DIRECTION('',(0.,0.,-1.));
#1969=DIRECTION('center_axis',(0.386726676250674,-0.922194381828531,0.));
#1970=DIRECTION('ref_axis',(-0.922194381828531,-0.386726676250674,0.));
#1971=DIRECTION('center_axis',(1.,0.,0.));
#1972=DIRECTION('ref_axis',(0.,-1.,0.));
#1973=CARTESIAN_POINT('',(0.,0.,0.));
#1974=CARTESIAN_POINT('Origin',(41.5415852166116,77.0000000000001,-47.8));
#1975=CARTESIAN_POINT('',(43.1261077780233,74.4525918559491,-42.8));
#1976=CARTESIAN_POINT('',(41.5415852166116,80.0000000000001,-42.8));
#1977=CARTESIAN_POINT('Origin',(41.5415852166116,77.0000000000001,-42.8));
#1978=CARTESIAN_POINT('',(41.5415852166116,80.0000000000001,-51.8));
#1979=CARTESIAN_POINT('',(41.5415852166116,80.0000000000001,-47.8));
#1980=CARTESIAN_POINT('',(43.1261077780233,74.4525918559491,-51.8));
#1981=CARTESIAN_POINT('Origin',(41.5415852166116,77.0000000000001,-51.8));
#1982=CARTESIAN_POINT('',(43.1261077780233,74.4525918559491,-47.8));
#1983=CARTESIAN_POINT('Origin',(52.0445750997762,80.0000000000001,-47.8));
#1984=CARTESIAN_POINT('',(-24.7,80.,-42.8));
#1985=CARTESIAN_POINT('',(52.0445750997762,80.0000000000001,-42.8));
#1986=CARTESIAN_POINT('',(-24.7,80.,-51.8));
#1987=CARTESIAN_POINT('',(-24.7,80.,-47.8));
#1988=CARTESIAN_POINT('',(39.672287549888,80.0000000000001,-51.8));
#1989=CARTESIAN_POINT('Origin',(79.3,69.8668910260748,-47.8));
#1990=CARTESIAN_POINT('',(82.3,69.8668910260748,-42.8));
#1991=CARTESIAN_POINT('',(77.7154774385883,72.4142991701258,-42.8));
#1992=CARTESIAN_POINT('Origin',(79.3,69.8668910260748,-42.8));
#1993=CARTESIAN_POINT('',(77.7154774385883,72.4142991701258,-51.8));
#1994=CARTESIAN_POINT('',(77.7154774385883,72.4142991701258,-47.8));
#1995=CARTESIAN_POINT('',(82.3,69.8668910260748,-51.8));
#1996=CARTESIAN_POINT('Origin',(79.3,69.8668910260748,-51.8));
#1997=CARTESIAN_POINT('',(82.3,69.8668910260748,-47.8));
#1998=CARTESIAN_POINT('Origin',(82.3,75.2659346447246,-47.8));
#1999=CARTESIAN_POINT('',(17.6414002747808,35.0474049626408,-42.8));
#2000=CARTESIAN_POINT('',(17.1207535835656,34.7235556294739,-42.8));
#2001=CARTESIAN_POINT('',(17.6414002747808,35.0474049626408,-43.8));
#2002=CARTESIAN_POINT('',(17.6414002747808,35.0474049626408,-43.8));
#2003=CARTESIAN_POINT('',(17.6414002747808,35.0474049626408,-51.8));
#2004=CARTESIAN_POINT('',(17.6414002747808,35.0474049626408,-47.8));
#2005=CARTESIAN_POINT('',(45.5935441604347,52.4340191689576,-51.8));
#2006=CARTESIAN_POINT('Origin',(-24.7,77.,-47.8));
#2007=CARTESIAN_POINT('',(-27.7,77.,-42.8));
#2008=CARTESIAN_POINT('Origin',(-24.7,77.,-42.8));
#2009=CARTESIAN_POINT('',(-27.7,77.,-51.8));
#2010=CARTESIAN_POINT('',(-27.7,77.,-47.8));
#2011=CARTESIAN_POINT('Origin',(-24.7,77.,-51.8));
#2012=CARTESIAN_POINT('Origin',(-27.7,80.,-47.8));
#2013=CARTESIAN_POINT('',(-27.7,37.5000005513429,-42.8));
#2014=CARTESIAN_POINT('',(-27.7,80.,-42.8));
#2015=CARTESIAN_POINT('',(-27.7,37.500000551343,-43.8));
#2016=CARTESIAN_POINT('',(-27.7,37.500000551343,-43.8));
#2017=CARTESIAN_POINT('',(-27.7,37.500000551343,-51.8));
#2018=CARTESIAN_POINT('',(-27.7,37.500000551343,-43.8));
#2019=CARTESIAN_POINT('',(-27.7,40.,-51.8));
#2020=CARTESIAN_POINT('Origin',(79.3,34.3325080849674,-47.8));
#2021=CARTESIAN_POINT('',(79.3,31.3325080849674,-42.8));
#2022=CARTESIAN_POINT('',(82.3,34.3325080849674,-42.8));
#2023=CARTESIAN_POINT('Origin',(79.3,34.3325080849674,-42.8));
#2024=CARTESIAN_POINT('',(82.3,34.3325080849674,-51.8));
#2025=CARTESIAN_POINT('',(82.3,34.3325080849674,-47.8));
#2026=CARTESIAN_POINT('',(79.3,31.3325080849674,-51.8));
#2027=CARTESIAN_POINT('Origin',(79.3,34.3325080849674,-51.8));
#2028=CARTESIAN_POINT('',(79.3,31.3325080849674,-47.8));
#2029=CARTESIAN_POINT('Origin',(82.3,31.3325080849674,-47.8));
#2030=CARTESIAN_POINT('',(82.3,15.6662540424837,-51.8));
#2031=CARTESIAN_POINT('',(82.3,31.3325080849674,-42.8));
#2032=CARTESIAN_POINT('Origin',(-24.7,-77.,-47.8));
#2033=CARTESIAN_POINT('',(-27.7,-77.,-42.8));
#2034=CARTESIAN_POINT('',(-24.7,-80.,-42.8));
#2035=CARTESIAN_POINT('Origin',(-24.7,-77.,-42.8));
#2036=CARTESIAN_POINT('',(-24.7,-80.,-51.8));
#2037=CARTESIAN_POINT('',(-24.7,-80.,-47.8));
#2038=CARTESIAN_POINT('',(-27.7,-77.,-51.8));
#2039=CARTESIAN_POINT('Origin',(-24.7,-77.,-51.8));
#2040=CARTESIAN_POINT('',(-27.7,-77.,-47.8));
#2041=CARTESIAN_POINT('Origin',(-27.7,-80.,-47.8));
#2042=CARTESIAN_POINT('',(41.5415852166116,-80.0000000000001,-42.8));
#2043=CARTESIAN_POINT('',(-27.7,-80.,-42.8));
#2044=CARTESIAN_POINT('',(41.5415852166116,-80.0000000000001,-51.8));
#2045=CARTESIAN_POINT('',(41.5415852166116,-80.0000000000001,-47.8));
#2046=CARTESIAN_POINT('',(-0.200000000000014,-80.,-51.8));
#2047=CARTESIAN_POINT('Origin',(41.5415852166116,-77.,-47.8));
#2048=CARTESIAN_POINT('',(43.1261077780233,-74.4525918559491,-42.8));
#2049=CARTESIAN_POINT('Origin',(41.5415852166116,-77.,-42.8));
#2050=CARTESIAN_POINT('',(43.1261077780233,-74.452591855949,-51.8));
#2051=CARTESIAN_POINT('',(43.1261077780233,-74.452591855949,-47.8));
#2052=CARTESIAN_POINT('Origin',(41.5415852166116,-77.,-51.8));
#2053=CARTESIAN_POINT('Origin',(52.0445750997763,-80.0000000000001,-47.8));
#2054=CARTESIAN_POINT('',(-4.97629236363928,-44.5322438110105,-42.8));
#2055=CARTESIAN_POINT('',(-4.97629236363928,-44.5322438110105,-42.8));
#2056=CARTESIAN_POINT('',(-4.97629236363928,-44.5322438110105,-43.8));
#2057=CARTESIAN_POINT('',(-4.97629236363928,-44.5322438110105,-43.8));
#2058=CARTESIAN_POINT('',(-4.97629236363927,-44.5322438110105,-51.8));
#2059=CARTESIAN_POINT('',(-4.97629236363928,-44.5322438110105,-47.8));
#2060=CARTESIAN_POINT('',(25.1840898389506,-63.2924123267654,-51.8));
#2061=CARTESIAN_POINT('Origin',(79.3000000000001,-69.8668910260747,-47.8));
#2062=CARTESIAN_POINT('',(77.7154774385884,-72.4142991701257,-42.8));
#2063=CARTESIAN_POINT('',(82.3,-69.8668910260747,-42.8));
#2064=CARTESIAN_POINT('Origin',(79.3000000000001,-69.8668910260747,-42.8));
#2065=CARTESIAN_POINT('',(82.3,-69.8668910260747,-51.8));
#2066=CARTESIAN_POINT('',(82.3,-69.8668910260747,-47.8));
#2067=CARTESIAN_POINT('',(77.7154774385884,-72.4142991701257,-51.8));
#2068=CARTESIAN_POINT('Origin',(79.3000000000001,-69.8668910260747,-51.8));
#2069=CARTESIAN_POINT('',(77.7154774385884,-72.4142991701257,-47.8));
#2070=CARTESIAN_POINT('Origin',(82.3,-75.2659346447245,-47.8));
#2071=CARTESIAN_POINT('',(82.3,-34.3325080849673,-42.8));
#2072=CARTESIAN_POINT('',(82.3,-75.2659346447245,-42.8));
#2073=CARTESIAN_POINT('',(82.3,-34.3325080849673,-51.8));
#2074=CARTESIAN_POINT('',(82.3,-34.3325080849673,-47.8));
#2075=CARTESIAN_POINT('',(82.3,-37.6329673223623,-51.8));
#2076=CARTESIAN_POINT('Origin',(79.3,-34.3325080849673,-47.8));
#2077=CARTESIAN_POINT('',(79.3,-31.3325080849673,-42.8));
#2078=CARTESIAN_POINT('Origin',(79.3,-34.3325080849673,-42.8));
#2079=CARTESIAN_POINT('',(79.3,-31.3325080849673,-51.8));
#2080=CARTESIAN_POINT('',(79.3,-31.3325080849673,-47.8));
#2081=CARTESIAN_POINT('Origin',(79.3,-34.3325080849673,-51.8));
#2082=CARTESIAN_POINT('Origin',(82.3,-31.3325080849673,-47.8));
#2083=CARTESIAN_POINT('',(26.5000005215406,-31.3325080849673,-42.8));
#2084=CARTESIAN_POINT('',(26.5000005215406,-31.3325080849673,-42.8));
#2085=CARTESIAN_POINT('',(26.5000005215406,-31.3325080849673,-43.8));
#2086=CARTESIAN_POINT('',(26.5000005215406,-31.3325080849673,-43.8));
#2087=CARTESIAN_POINT('',(26.5000005215406,-31.3325080849673,-51.8));
#2088=CARTESIAN_POINT('',(26.5000005215406,-31.3325080849673,-47.8));
#2089=CARTESIAN_POINT('',(54.8,-31.3325080849673,-51.8));
#2090=CARTESIAN_POINT('Origin',(-47.45,-50.,-51.55));
#2091=CARTESIAN_POINT('',(-47.2,99.5,-51.8));
#2092=CARTESIAN_POINT('',(-47.2,-99.5,-51.8));
#2093=CARTESIAN_POINT('',(-47.2,-50.,-51.8));
#2094=CARTESIAN_POINT('',(-47.7,-100.,-51.3));
#2095=CARTESIAN_POINT('',(-47.2,-99.5,-51.8));
#2096=CARTESIAN_POINT('',(-47.7,100.,-51.3));
#2097=CARTESIAN_POINT('',(-47.7,-50.,-51.3));
#2098=CARTESIAN_POINT('',(-47.2,99.5,-51.8));
#2099=CARTESIAN_POINT('Origin',(-10.2,99.75,-51.55));
#2100=CARTESIAN_POINT('',(82.3,100.,-51.3));
#2101=CARTESIAN_POINT('',(-10.2,100.,-51.3));
#2102=CARTESIAN_POINT('',(82.3,99.5,-51.8));
#2103=CARTESIAN_POINT('',(82.3,100.,-51.3));
#2104=CARTESIAN_POINT('',(-10.2,99.5,-51.8));
#2105=CARTESIAN_POINT('Origin',(82.3,80.0000000000001,-51.55));
#2106=CARTESIAN_POINT('',(102.3,80.,-51.3));
#2107=CARTESIAN_POINT('',(101.8,80.,-51.8));
#2108=CARTESIAN_POINT('',(102.3,80.,-51.3));
#2109=CARTESIAN_POINT('Origin',(82.3,80.0000000000001,-51.8));
#2110=CARTESIAN_POINT('Origin',(82.3,80.0000000000001,-51.3));
#2111=CARTESIAN_POINT('Origin',(102.05,40.,-51.55));
#2112=CARTESIAN_POINT('',(102.3,-80.,-51.3));
#2113=CARTESIAN_POINT('',(101.8,-80.,-51.8));
#2114=CARTESIAN_POINT('',(102.3,-80.,-51.3));
#2115=CARTESIAN_POINT('',(101.8,40.,-51.8));
#2116=CARTESIAN_POINT('',(102.3,40.,-51.3));
#2117=CARTESIAN_POINT('Origin',(82.3,-80.0000000000001,-51.55));
#2118=CARTESIAN_POINT('',(82.3,-100.,-51.3));
#2119=CARTESIAN_POINT('',(82.3,-99.5,-51.8));
#2120=CARTESIAN_POINT('',(82.3,-100.,-51.3));
#2121=CARTESIAN_POINT('Origin',(82.3,-80.0000000000001,-51.8));
#2122=CARTESIAN_POINT('Origin',(82.3,-80.0000000000001,-51.3));
#2123=CARTESIAN_POINT('Origin',(54.8,-99.75,-51.55));
#2124=CARTESIAN_POINT('',(54.8,-99.5,-51.8));
#2125=CARTESIAN_POINT('',(54.8,-100.,-51.3));
#2126=CARTESIAN_POINT('Origin',(82.3,80.0000000000001,-47.8));
#2127=CARTESIAN_POINT('',(82.3,100.,-44.8));
#2128=CARTESIAN_POINT('',(82.3,100.,-47.8));
#2129=CARTESIAN_POINT('',(102.3,80.,-44.8));
#2130=CARTESIAN_POINT('Origin',(82.3,80.0000000000001,-44.8));
#2131=CARTESIAN_POINT('',(102.3,80.,-47.8));
#2132=CARTESIAN_POINT('Origin',(-47.7,100.,-47.8));
#2133=CARTESIAN_POINT('',(-47.7,100.,-44.8));
#2134=CARTESIAN_POINT('',(-47.7,100.,-43.8));
#2135=CARTESIAN_POINT('',(-10.2,100.,-44.8));
#2136=CARTESIAN_POINT('Origin',(-47.7,-100.,-47.8));
#2137=CARTESIAN_POINT('',(-47.7,-100.,-44.8));
#2138=CARTESIAN_POINT('',(-47.7,-100.,-47.8));
#2139=CARTESIAN_POINT('',(-47.7,-50.,-44.8));
#2140=CARTESIAN_POINT('Origin',(27.3,0.,-51.8));
#2141=CARTESIAN_POINT('',(-7.89224540093178,-40.8065417234944,-51.8));
#2142=CARTESIAN_POINT('Origin',(-5.14224540093178,-40.8065417234944,-51.8));
#2143=CARTESIAN_POINT('',(-37.45,27.2000002756714,-51.8));
#2144=CARTESIAN_POINT('Origin',(-34.7,27.2000002756714,-51.8));
#2145=CARTESIAN_POINT('',(-27.0776283225945,37.500000551343,-51.8));
#2146=CARTESIAN_POINT('',(-0.199999999999996,37.500000551343,-51.8));
#2147=CARTESIAN_POINT('',(-4.97629236363931,44.5322438110105,-51.8));
#2148=CARTESIAN_POINT('',(-7.80579715633848,43.6319468315153,-51.8));
#2149=CARTESIAN_POINT('',(-3.32634389275717,45.5585342322706,-51.8));
#2150=CARTESIAN_POINT('',(-27.0776283225945,-37.500000551343,-51.8));
#2151=CARTESIAN_POINT('',(3.24487082313914,-47.1480684613491,-51.8));
#2152=CARTESIAN_POINT('',(-27.7,-37.500000551343,-51.8));
#2153=CARTESIAN_POINT('',(0.111185838702745,-37.500000551343,-51.8));
#2154=CARTESIAN_POINT('',(-27.7,-18.7500002756715,-51.8));
#2155=CARTESIAN_POINT('',(20.2500005215406,25.4322439679623,-51.8));
#2156=CARTESIAN_POINT('Origin',(23.0000005215406,25.4322439679623,-51.8));
#2157=CARTESIAN_POINT('',(-7.89224540093182,40.8065417234944,-51.8));
#2158=CARTESIAN_POINT('Origin',(-5.14224540093181,40.8065417234944,-51.8));
#2159=CARTESIAN_POINT('',(-37.45,-27.2000002756715,-51.8));
#2160=CARTESIAN_POINT('Origin',(-34.7,-27.2000002756715,-51.8));
#2161=CARTESIAN_POINT('',(20.2500005215407,-25.4322439679623,-51.8));
#2162=CARTESIAN_POINT('Origin',(23.0000005215407,-25.4322439679623,-51.8));
#2163=CARTESIAN_POINT('',(26.5000005215406,31.3325080849673,-51.8));
#2164=CARTESIAN_POINT('',(27.9980456446392,30.7042956139905,-51.8));
#2165=CARTESIAN_POINT('',(26.9000002607703,31.3325080849674,-51.8));
#2166=CARTESIAN_POINT('',(17.6414002747809,-35.0474049626408,-51.8));
#2167=CARTESIAN_POINT('',(32.4273457680191,-28.8468471751538,-51.8));
#2168=CARTESIAN_POINT('',(13.2642442978252,-32.3247543279157,-51.8));
#2169=CARTESIAN_POINT('Origin',(-46.7,-50.,-43.8));
#2170=CARTESIAN_POINT('',(-45.7,-98.,-42.8));
#2171=CARTESIAN_POINT('',(-45.7,98.,-42.8));
#2172=CARTESIAN_POINT('',(-45.7,-50.,-42.8));
#2173=CARTESIAN_POINT('',(-45.7,98.,-42.8));
#2174=CARTESIAN_POINT('',(-45.7,-98.,-42.8));
#2175=CARTESIAN_POINT('Origin',(54.8,-99.,-43.8));
#2176=CARTESIAN_POINT('',(82.3,-100.,-44.8));
#2177=CARTESIAN_POINT('',(54.8,-100.,-44.8));
#2178=CARTESIAN_POINT('',(82.3,-98.,-42.8));
#2179=CARTESIAN_POINT('',(82.3,-100.,-44.8));
#2180=CARTESIAN_POINT('',(54.8,-98.,-42.8));
#2181=CARTESIAN_POINT('Origin',(82.3,-80.0000000000001,-43.8));
#2182=CARTESIAN_POINT('',(102.3,-80.,-44.8));
#2183=CARTESIAN_POINT('',(100.3,-80.,-42.8));
#2184=CARTESIAN_POINT('',(102.3,-80.,-44.8));
#2185=CARTESIAN_POINT('Origin',(82.3,-80.0000000000001,-42.8));
#2186=CARTESIAN_POINT('Origin',(82.3,-80.0000000000001,-44.8));
#2187=CARTESIAN_POINT('Origin',(101.3,40.,-43.8));
#2188=CARTESIAN_POINT('',(100.3,80.,-42.8));
#2189=CARTESIAN_POINT('',(102.3,80.,-44.8));
#2190=CARTESIAN_POINT('',(100.3,40.,-42.8));
#2191=CARTESIAN_POINT('',(102.3,40.,-44.8));
#2192=CARTESIAN_POINT('Origin',(82.3,80.0000000000001,-43.8));
#2193=CARTESIAN_POINT('',(82.3,98.,-42.8));
#2194=CARTESIAN_POINT('',(82.3,100.,-44.8));
#2195=CARTESIAN_POINT('Origin',(82.3,80.0000000000001,-42.8));
#2196=CARTESIAN_POINT('Origin',(-10.2,99.,-43.8));
#2197=CARTESIAN_POINT('',(-10.2,98.,-42.8));
#2198=CARTESIAN_POINT('Origin',(82.3,-80.0000000000001,-47.8));
#2199=CARTESIAN_POINT('',(102.3,-80.,-47.8));
#2200=CARTESIAN_POINT('',(82.3,-100.,-47.8));
#2201=CARTESIAN_POINT('Origin',(82.3,-100.,-47.8));
#2202=CARTESIAN_POINT('Origin',(27.3,0.,-42.8));
#2203=CARTESIAN_POINT('',(8.91132190747239,-10.9532181357214,-42.8));
#2204=CARTESIAN_POINT('',(26.5000005215406,-19.6900781456643,-42.8));
#2205=CARTESIAN_POINT('',(10.92447979189,-11.9532181357215,-42.8));
#2206=CARTESIAN_POINT('',(26.5000005215406,-19.6900781456643,-42.8));
#2207=CARTESIAN_POINT('',(17.6414002747809,-35.0474049626408,-42.8));
#2208=CARTESIAN_POINT('',(17.1207535835656,-34.7235556294739,-42.8));
#2209=CARTESIAN_POINT('',(26.5000005215406,-31.3325080849673,-42.8));
#2210=CARTESIAN_POINT('',(-27.7,-37.500000551343,-42.8));
#2211=CARTESIAN_POINT('',(-27.7,80.,-42.8));
#2212=CARTESIAN_POINT('',(-38.2,-37.500000551343,-42.8));
#2213=CARTESIAN_POINT('',(-27.0776283225945,-37.500000551343,-42.8));
#2214=CARTESIAN_POINT('',(-38.2,-10.9532181357215,-42.8));
#2215=CARTESIAN_POINT('',(-38.2,-37.500000551343,-42.8));
#2216=CARTESIAN_POINT('',(-5.44999999999999,-10.9532181357215,-42.8));
#2217=CARTESIAN_POINT('',(-38.2,10.9532181357215,-42.8));
#2218=CARTESIAN_POINT('',(-38.2,37.5000005513429,-42.8));
#2219=CARTESIAN_POINT('',(-38.2,11.9532181357215,-42.8));
#2220=CARTESIAN_POINT('',(-38.2,37.500000551343,-42.8));
#2221=CARTESIAN_POINT('',(-4.97629236363928,44.5322438110105,-42.8));
#2222=CARTESIAN_POINT('',(-4.97629236363931,44.5322438110105,-42.8));
#2223=CARTESIAN_POINT('',(-4.97629236363928,44.5322438110105,-42.8));
#2224=CARTESIAN_POINT('',(26.5000005215406,31.3325080849673,-42.8));
#2225=CARTESIAN_POINT('',(26.5000005215406,31.3325080849674,-42.8));
#2226=CARTESIAN_POINT('',(26.5000005215406,19.6900781456643,-42.8));
#2227=CARTESIAN_POINT('',(26.5000005215406,31.3325080849673,-42.8));
#2228=CARTESIAN_POINT('',(8.91132190747254,10.9532181357215,-42.8));
#2229=CARTESIAN_POINT('',(26.5000005215406,19.6900781456643,-42.8));
#2230=CARTESIAN_POINT('',(19.112239895945,10.9532181357215,-42.8));
#2231=CARTESIAN_POINT('Origin',(27.3,0.,-47.8));
#2232=CARTESIAN_POINT('',(20.2500005215407,-25.4322439679623,-47.8));
#2233=CARTESIAN_POINT('Origin',(23.0000005215407,-25.4322439679623,-47.8));
#2234=CARTESIAN_POINT('',(21.4500005215407,-25.4322439679623,-47.8));
#2235=CARTESIAN_POINT('Origin',(23.0000005215407,-25.4322439679623,-47.8));
#2236=CARTESIAN_POINT('Origin',(27.3,0.,-47.8));
#2237=CARTESIAN_POINT('',(-37.45,-27.2000002756715,-47.8));
#2238=CARTESIAN_POINT('Origin',(-34.7,-27.2000002756715,-47.8));
#2239=CARTESIAN_POINT('',(-36.25,-27.2000002756715,-47.8));
#2240=CARTESIAN_POINT('Origin',(-34.7,-27.2000002756715,-47.8));
#2241=CARTESIAN_POINT('Origin',(27.3,0.,-47.8));
#2242=CARTESIAN_POINT('',(-7.89224540093181,40.8065417234944,-47.8));
#2243=CARTESIAN_POINT('Origin',(-5.14224540093181,40.8065417234944,-47.8));
#2244=CARTESIAN_POINT('',(-6.69224540093182,40.8065417234944,-47.8));
#2245=CARTESIAN_POINT('Origin',(-5.14224540093181,40.8065417234944,-47.8));
#2246=CARTESIAN_POINT('Origin',(27.3,0.,-47.8));
#2247=CARTESIAN_POINT('',(20.2500005215406,25.4322439679623,-47.8));
#2248=CARTESIAN_POINT('Origin',(23.0000005215406,25.4322439679623,-47.8));
#2249=CARTESIAN_POINT('',(21.4500005215406,25.4322439679623,-47.8));
#2250=CARTESIAN_POINT('Origin',(23.0000005215406,25.4322439679623,-47.8));
#2251=CARTESIAN_POINT('Origin',(27.3,0.,-47.8));
#2252=CARTESIAN_POINT('',(-37.45,27.2000002756714,-47.8));
#2253=CARTESIAN_POINT('Origin',(-34.7,27.2000002756714,-47.8));
#2254=CARTESIAN_POINT('',(-36.25,27.2000002756714,-47.8));
#2255=CARTESIAN_POINT('Origin',(-34.7,27.2000002756714,-47.8));
#2256=CARTESIAN_POINT('Origin',(27.3,0.,-47.8));
#2257=CARTESIAN_POINT('',(-7.89224540093178,-40.8065417234944,-47.8));
#2258=CARTESIAN_POINT('Origin',(-5.14224540093178,-40.8065417234944,-47.8));
#2259=CARTESIAN_POINT('',(-6.69224540093179,-40.8065417234944,-47.8));
#2260=CARTESIAN_POINT('Origin',(-5.14224540093178,-40.8065417234944,-47.8));
#2261=CARTESIAN_POINT('Origin',(27.3,0.,-43.8));
#2262=CARTESIAN_POINT('',(17.6414002747809,-35.0474049626408,-43.8));
#2263=CARTESIAN_POINT('',(26.5000005215406,-31.3325080849673,-43.8));
#2264=CARTESIAN_POINT('',(26.5000005215406,-31.3325080849673,-43.8));
#2265=CARTESIAN_POINT('',(26.5000005215406,-19.6900781456643,-43.8));
#2266=CARTESIAN_POINT('',(26.5000005215406,-19.6900781456643,-43.8));
#2267=CARTESIAN_POINT('',(10.92447979189,-11.9532181357215,-43.8));
#2268=CARTESIAN_POINT('',(10.92447979189,-11.9532181357215,-43.8));
#2269=CARTESIAN_POINT('',(-38.2,-11.9532181357215,-43.8));
#2270=CARTESIAN_POINT('',(-38.2,-11.9532181357215,-43.8));
#2271=CARTESIAN_POINT('',(-38.2,-37.500000551343,-43.8));
#2272=CARTESIAN_POINT('',(-38.2,-37.500000551343,-43.8));
#2273=CARTESIAN_POINT('',(-27.7,-37.500000551343,-43.8));
#2274=CARTESIAN_POINT('',(-27.0776283225945,-37.500000551343,-43.8));
#2275=CARTESIAN_POINT('',(-27.0776283225945,-37.500000551343,-43.8));
#2276=CARTESIAN_POINT('',(-27.0776283225945,-37.500000551343,-43.8));
#2277=CARTESIAN_POINT('',(-4.97629236363928,-44.5322438110105,-43.8));
#2278=CARTESIAN_POINT('',(21.4500005215407,-25.4322439679623,-43.8));
#2279=CARTESIAN_POINT('Origin',(23.0000005215407,-25.4322439679623,-43.8));
#2280=CARTESIAN_POINT('',(-36.25,-27.2000002756715,-43.8));
#2281=CARTESIAN_POINT('Origin',(-34.7,-27.2000002756715,-43.8));
#2282=CARTESIAN_POINT('',(-6.69224540093179,-40.8065417234944,-43.8));
#2283=CARTESIAN_POINT('Origin',(-5.14224540093178,-40.8065417234944,-43.8));
#2284=CARTESIAN_POINT('Origin',(27.3,0.,-43.8));
#2285=CARTESIAN_POINT('',(-4.97629236363928,44.5322438110105,-43.8));
#2286=CARTESIAN_POINT('',(-4.97629236363928,44.5322438110105,-43.8));
#2287=CARTESIAN_POINT('',(-27.0776283225945,37.500000551343,-43.8));
#2288=CARTESIAN_POINT('',(-27.0776283225945,37.500000551343,-43.8));
#2289=CARTESIAN_POINT('',(-38.2,37.500000551343,-43.8));
#2290=CARTESIAN_POINT('',(-38.2,37.500000551343,-43.8));
#2291=CARTESIAN_POINT('',(-38.2,37.500000551343,-43.8));
#2292=CARTESIAN_POINT('',(-38.2,11.9532181357215,-43.8));
#2293=CARTESIAN_POINT('',(-38.2,11.9532181357215,-43.8));
#2294=CARTESIAN_POINT('',(10.92447979189,11.9532181357215,-43.8));
#2295=CARTESIAN_POINT('',(10.92447979189,11.9532181357215,-43.8));
#2296=CARTESIAN_POINT('',(26.5000005215406,19.6900781456643,-43.8));
#2297=CARTESIAN_POINT('',(26.5000005215406,19.6900781456643,-43.8));
#2298=CARTESIAN_POINT('',(26.5000005215406,31.3325080849673,-43.8));
#2299=CARTESIAN_POINT('',(26.5000005215406,31.3325080849673,-43.8));
#2300=CARTESIAN_POINT('',(-4.97629236363928,44.5322438110105,-43.8));
#2301=CARTESIAN_POINT('',(-36.25,27.2000002756714,-43.8));
#2302=CARTESIAN_POINT('Origin',(-34.7,27.2000002756714,-43.8));
#2303=CARTESIAN_POINT('',(21.4500005215406,25.4322439679623,-43.8));
#2304=CARTESIAN_POINT('Origin',(23.0000005215406,25.4322439679623,-43.8));
#2305=CARTESIAN_POINT('',(-6.69224540093182,40.8065417234944,-43.8));
#2306=CARTESIAN_POINT('Origin',(-5.14224540093181,40.8065417234944,-43.8));
#2307=CARTESIAN_POINT('Origin',(23.0000005215407,-25.4322439679623,-43.8));
#2308=CARTESIAN_POINT('',(21.4500005215407,-25.4322439679623,-43.8));
#2309=CARTESIAN_POINT('Origin',(-34.7,27.2000002756714,-43.8));
#2310=CARTESIAN_POINT('',(-36.25,27.2000002756714,-43.8));
#2311=CARTESIAN_POINT('Origin',(-34.7,-27.2000002756715,-43.8));
#2312=CARTESIAN_POINT('',(-36.25,-27.2000002756715,-43.8));
#2313=CARTESIAN_POINT('Origin',(-5.14224540093178,-40.8065417234944,-43.8));
#2314=CARTESIAN_POINT('',(-6.69224540093179,-40.8065417234944,-43.8));
#2315=CARTESIAN_POINT('Origin',(23.0000005215406,25.4322439679623,-43.8));
#2316=CARTESIAN_POINT('',(21.4500005215406,25.4322439679623,-43.8));
#2317=CARTESIAN_POINT('Origin',(-5.14224540093181,40.8065417234944,-43.8));
#2318=CARTESIAN_POINT('',(-6.69224540093182,40.8065417234944,-43.8));
#2319=CARTESIAN_POINT('Origin',(19.112239895945,11.4532181357215,-43.3));
#2320=CARTESIAN_POINT('',(20.0004622792851,16.4615493290404,-48.3083311933188));
#2321=CARTESIAN_POINT('',(-38.2,11.7032181357215,-43.55));
#2322=CARTESIAN_POINT('Origin',(-5.44999999999999,-11.4532181357215,-43.3));
#2323=CARTESIAN_POINT('',(-38.2,-18.0899137396269,-49.9366956039053));
#2324=CARTESIAN_POINT('',(5.27621177652847,-9.14754250586604,-40.9943243701446));
#2325=CARTESIAN_POINT('Origin',(-38.2,37.500000551343,-43.8));
#2326=CARTESIAN_POINT('',(-38.2,37.500000551343,-43.8));
#2327=CARTESIAN_POINT('Origin',(-38.2,11.9532181357215,-43.8));
#2328=CARTESIAN_POINT('Origin',(26.5000005215406,19.6900781456643,-43.8));
#2329=CARTESIAN_POINT('',(26.5000005215406,19.6900781456643,-43.8));
#2330=CARTESIAN_POINT('Origin',(26.5000005215406,31.3325080849673,-43.8));
#2331=CARTESIAN_POINT('',(26.5000005215406,31.3325080849673,-43.8));
#2332=CARTESIAN_POINT('Origin',(-4.97629236363928,44.5322438110105,-43.8));
#2333=CARTESIAN_POINT('',(-4.97629236363928,44.5322438110105,-43.8));
#2334=CARTESIAN_POINT('Origin',(26.5000005215406,-19.6900781456643,-43.8));
#2335=CARTESIAN_POINT('',(26.5000005215406,-19.6900781456643,-43.8));
#2336=CARTESIAN_POINT('Origin',(10.92447979189,-11.9532181357215,-43.8));
#2337=CARTESIAN_POINT('Origin',(-38.2,-37.500000551343,-43.8));
#2338=CARTESIAN_POINT('',(-38.2,-37.500000551343,-43.8));
#2339=CARTESIAN_POINT('Origin',(-27.7,-37.500000551343,-43.8));
#2340=CARTESIAN_POINT('',(-27.7,-37.500000551343,-43.8));
#2341=CARTESIAN_POINT('Origin',(17.6414002747809,-35.0474049626408,-43.8));
#2342=CARTESIAN_POINT('',(17.6414002747809,-35.0474049626408,-43.8));
#2343=CARTESIAN_POINT('Origin',(-5.14224540093178,-40.8065417234944,-47.8));
#2344=CARTESIAN_POINT('',(-7.89224540093178,-40.8065417234944,-47.8));
#2345=CARTESIAN_POINT('Origin',(-34.7,27.2000002756714,-47.8));
#2346=CARTESIAN_POINT('',(-37.45,27.2000002756714,-47.8));
#2347=CARTESIAN_POINT('Origin',(-4.97629236363931,44.5322438110105,-47.8));
#2348=CARTESIAN_POINT('',(-4.97629236363931,44.5322438110105,-47.8));
#2349=CARTESIAN_POINT('Origin',(-27.0776283225945,37.500000551343,-47.8));
#2350=CARTESIAN_POINT('',(-27.0776283225945,37.500000551343,-47.8));
#2351=CARTESIAN_POINT('Origin',(-27.7,37.500000551343,-47.8));
#2352=CARTESIAN_POINT('Origin',(-27.7,-37.500000551343,-47.8));
#2353=CARTESIAN_POINT('',(-27.7,-37.500000551343,-47.8));
#2354=CARTESIAN_POINT('Origin',(-27.0776283225945,-37.500000551343,-47.8));
#2355=CARTESIAN_POINT('',(-27.0776283225945,-37.500000551343,-47.8));
#2356=CARTESIAN_POINT('Origin',(-4.97629236363928,-44.5322438110105,-47.8));
#2357=CARTESIAN_POINT('Origin',(23.0000005215406,25.4322439679623,-47.8));
#2358=CARTESIAN_POINT('',(20.2500005215406,25.4322439679623,-47.8));
#2359=CARTESIAN_POINT('Origin',(-5.14224540093181,40.8065417234944,-47.8));
#2360=CARTESIAN_POINT('',(-7.89224540093181,40.8065417234944,-47.8));
#2361=CARTESIAN_POINT('Origin',(-34.7,-27.2000002756715,-47.8));
#2362=CARTESIAN_POINT('',(-37.45,-27.2000002756715,-47.8));
#2363=CARTESIAN_POINT('Origin',(23.0000005215407,-25.4322439679623,-47.8));
#2364=CARTESIAN_POINT('',(20.2500005215407,-25.4322439679623,-47.8));
#2365=CARTESIAN_POINT('Origin',(26.5000005215406,31.3325080849674,-47.8));
#2366=CARTESIAN_POINT('',(26.5000005215406,31.3325080849673,-47.8));
#2367=CARTESIAN_POINT('Origin',(17.6414002747808,35.0474049626408,-47.8));
#2368=CARTESIAN_POINT('Origin',(17.6414002747809,-35.0474049626408,-47.8));
#2369=CARTESIAN_POINT('',(17.6414002747809,-35.0474049626408,-47.8));
#2370=CARTESIAN_POINT('Origin',(26.5000005215406,-31.3325080849673,-47.8));
#2371=CARTESIAN_POINT('Origin',(102.3,80.,-47.8));
#2372=UNCERTAINTY_MEASURE_WITH_UNIT(LENGTH_MEASURE(0.01),#2376,
'DISTANCE_ACCURACY_VALUE',
'Maximum model space distance between geometric entities at asserted c
onnectivities');
#2373=UNCERTAINTY_MEASURE_WITH_UNIT(LENGTH_MEASURE(0.01),#2376,
'DISTANCE_ACCURACY_VALUE',
'Maximum model space distance between geometric entities at asserted c
onnectivities');
#2374=(
GEOMETRIC_REPRESENTATION_CONTEXT(3)
GLOBAL_UNCERTAINTY_ASSIGNED_CONTEXT((#2372))
GLOBAL_UNIT_ASSIGNED_CONTEXT((#2376,#2378,#2379))
REPRESENTATION_CONTEXT('','3D')
);
#2375=(
GEOMETRIC_REPRESENTATION_CONTEXT(3)
GLOBAL_UNCERTAINTY_ASSIGNED_CONTEXT((#2373))
GLOBAL_UNIT_ASSIGNED_CONTEXT((#2376,#2378,#2379))
REPRESENTATION_CONTEXT('','3D')
);
#2376=(
LENGTH_UNIT()
NAMED_UNIT(*)
SI_UNIT(.MILLI.,.METRE.)
);
#2377=(
LENGTH_UNIT()
NAMED_UNIT(*)
SI_UNIT($,.METRE.)
);
#2378=(
NAMED_UNIT(*)
PLANE_ANGLE_UNIT()
SI_UNIT($,.RADIAN.)
);
#2379=(
NAMED_UNIT(*)
SI_UNIT($,.STERADIAN.)
SOLID_ANGLE_UNIT()
);
#2380=SHAPE_DEFINITION_REPRESENTATION(#2381,#2382);
#2381=PRODUCT_DEFINITION_SHAPE('',$,#2384);
#2382=SHAPE_REPRESENTATION('',(#1444),#2374);
#2383=PRODUCT_DEFINITION_CONTEXT('part definition',#2388,'design');
#2384=PRODUCT_DEFINITION('base-frame','base-frame',#2385,#2383);
#2385=PRODUCT_DEFINITION_FORMATION('',$,#2390);
#2386=PRODUCT_RELATED_PRODUCT_CATEGORY('base-frame','base-frame',(#2390));
#2387=APPLICATION_PROTOCOL_DEFINITION('international standard',
'automotive_design',2009,#2388);
#2388=APPLICATION_CONTEXT(
'Core Data for Automotive Mechanical Design Process');
#2389=PRODUCT_CONTEXT('part definition',#2388,'mechanical');
#2390=PRODUCT('base-frame','base-frame',$,(#2389));
#2391=PRESENTATION_STYLE_ASSIGNMENT((#2392));
#2392=SURFACE_STYLE_USAGE(.BOTH.,#2393);
#2393=SURFACE_SIDE_STYLE('',(#2394));
#2394=SURFACE_STYLE_FILL_AREA(#2395);
#2395=FILL_AREA_STYLE('Nylon 6-6 (White)',(#2396));
#2396=FILL_AREA_STYLE_COLOUR('Nylon 6-6 (White)',#2397);
#2397=COLOUR_RGB('Nylon 6-6 (White)',0.972549019607843,0.968627450980392,
0.929411764705882);
ENDSEC;
END-ISO-10303-21;
