ISO-10303-21;
HEADER;
/* Generated by software containing ST-Developer
 * from STEP Tools, Inc. (www.steptools.com) 
 */

FILE_DESCRIPTION(
/* description */ (''),
/* implementation_level */ '2;1');

FILE_NAME(
/* name */ 'J3,J4-case.step',
/* time_stamp */ '2026-05-18T20:38:58+02:00',
/* author */ (''),
/* organization */ (''),
/* preprocessor_version */ 'ST-DEVELOPER v20.1',
/* originating_system */ 'Autodesk Translation Framework v15.8.0.0',
/* authorisation */ '');

FILE_SCHEMA (('AUTOMOTIVE_DESIGN { 1 0 10303 214 3 1 1 }'));
ENDSEC;

DATA;
#10=MECHANICAL_DESIGN_GEOMETRIC_PRESENTATION_REPRESENTATION('',(#17),#5017);
#11=ITEM_DEFINED_TRANSFORMATION($,$,#3100,#3318);
#12=(
REPRESENTATION_RELATIONSHIP($,$,#5028,#5027)
REPRESENTATION_RELATIONSHIP_WITH_TRANSFORMATION(#11)
SHAPE_REPRESENTATION_RELATIONSHIP()
);
#13=CONTEXT_DEPENDENT_SHAPE_REPRESENTATION(#12,#5026);
#14=NEXT_ASSEMBLY_USAGE_OCCURRENCE('J4-case:1','J4-case:1','J4-case:1',
#5030,#5031,'J4-case:1');
#15=SHAPE_REPRESENTATION_RELATIONSHIP('SRR','None',#5028,#16);
#16=ADVANCED_BREP_SHAPE_REPRESENTATION('',(#18),#5016);
#17=STYLED_ITEM('',(#5041),#18);
#18=MANIFOLD_SOLID_BREP('J4-case',#3086);
#19=ELLIPSE('',#3182,2.07386209197343,2.05);
#20=ELLIPSE('',#3184,2.07386209197342,2.05);
#21=ELLIPSE('',#3197,2.57968211440598,2.55000000000001);
#22=ELLIPSE('',#3307,1.75559106855781,1.74999999999999);
#23=ELLIPSE('',#3309,1.7555910685578,1.74999999999998);
#24=ELLIPSE('',#3311,2.55814698561282,2.55);
#25=B_SPLINE_CURVE_WITH_KNOTS('',3,(#4537,#4538,#4539,#4540,#4541,#4542),
 .UNSPECIFIED.,.F.,.F.,(4,2,4),(0.465666909984436,0.504960655536454,0.572556134882365),
 .UNSPECIFIED.);
#26=B_SPLINE_CURVE_WITH_KNOTS('',3,(#4575,#4576,#4577,#4578,#4579,#4580),
 .UNSPECIFIED.,.F.,.F.,(4,2,4),(0.159449598949049,0.22704507829496,0.266338823846976),
 .UNSPECIFIED.);
#27=B_SPLINE_CURVE_WITH_KNOTS('',3,(#4771,#4772,#4773,#4774,#4775,#4776),
 .UNSPECIFIED.,.F.,.F.,(4,2,4),(0.465666909984436,0.504960655536454,0.572556134882365),
 .UNSPECIFIED.);
#28=B_SPLINE_CURVE_WITH_KNOTS('',3,(#4792,#4793,#4794,#4795,#4796,#4797),
 .UNSPECIFIED.,.F.,.F.,(4,2,4),(0.159449598949049,0.22704507829496,0.266338823846976),
 .UNSPECIFIED.);
#29=CYLINDRICAL_SURFACE('',#3157,1.3);
#30=CYLINDRICAL_SURFACE('',#3159,1.3);
#31=CYLINDRICAL_SURFACE('',#3161,1.3);
#32=CYLINDRICAL_SURFACE('',#3164,1.3);
#33=CYLINDRICAL_SURFACE('',#3167,1.8);
#34=CYLINDRICAL_SURFACE('',#3178,1.8);
#35=CYLINDRICAL_SURFACE('',#3181,2.05);
#36=CYLINDRICAL_SURFACE('',#3183,2.05);
#37=CYLINDRICAL_SURFACE('',#3218,1.3);
#38=CYLINDRICAL_SURFACE('',#3220,1.3);
#39=CYLINDRICAL_SURFACE('',#3224,1.8);
#40=CYLINDRICAL_SURFACE('',#3228,1.8);
#41=CYLINDRICAL_SURFACE('',#3233,1.3);
#42=CYLINDRICAL_SURFACE('',#3236,1.3);
#43=CYLINDRICAL_SURFACE('',#3238,1.8);
#44=CYLINDRICAL_SURFACE('',#3245,1.8);
#45=CYLINDRICAL_SURFACE('',#3247,2.05);
#46=CYLINDRICAL_SURFACE('',#3249,2.05);
#47=CYLINDRICAL_SURFACE('',#3252,1.74999999999998);
#48=CYLINDRICAL_SURFACE('',#3254,1.74999999999999);
#49=CYLINDRICAL_SURFACE('',#3278,1.8);
#50=CYLINDRICAL_SURFACE('',#3279,1.8);
#51=CYLINDRICAL_SURFACE('',#3287,2.55000000000001);
#52=CYLINDRICAL_SURFACE('',#3288,2.55);
#53=CYLINDRICAL_SURFACE('',#3289,2.55);
#54=CYLINDRICAL_SURFACE('',#3306,1.74999999999999);
#55=CYLINDRICAL_SURFACE('',#3308,1.74999999999998);
#56=CYLINDRICAL_SURFACE('',#3310,2.55);
#57=FACE_BOUND('',#327,.T.);
#58=FACE_BOUND('',#328,.T.);
#59=FACE_BOUND('',#329,.T.);
#60=FACE_BOUND('',#332,.T.);
#61=FACE_BOUND('',#333,.T.);
#62=FACE_BOUND('',#336,.T.);
#63=FACE_BOUND('',#341,.T.);
#64=FACE_BOUND('',#342,.T.);
#65=FACE_BOUND('',#346,.T.);
#66=FACE_BOUND('',#347,.T.);
#67=FACE_BOUND('',#351,.T.);
#68=FACE_BOUND('',#353,.T.);
#69=FACE_BOUND('',#356,.T.);
#70=FACE_BOUND('',#365,.T.);
#71=FACE_BOUND('',#372,.T.);
#72=FACE_BOUND('',#374,.T.);
#73=FACE_BOUND('',#379,.T.);
#74=FACE_BOUND('',#386,.T.);
#75=FACE_BOUND('',#388,.T.);
#76=FACE_BOUND('',#394,.T.);
#77=FACE_BOUND('',#395,.T.);
#78=FACE_BOUND('',#396,.T.);
#79=FACE_BOUND('',#397,.T.);
#80=FACE_BOUND('',#398,.T.);
#81=FACE_BOUND('',#399,.T.);
#82=FACE_BOUND('',#402,.T.);
#83=FACE_BOUND('',#407,.T.);
#84=FACE_BOUND('',#415,.T.);
#85=FACE_BOUND('',#416,.T.);
#86=FACE_BOUND('',#417,.T.);
#87=FACE_BOUND('',#418,.T.);
#88=FACE_BOUND('',#422,.T.);
#89=FACE_BOUND('',#425,.T.);
#90=FACE_BOUND('',#437,.T.);
#91=FACE_BOUND('',#463,.T.);
#92=FACE_BOUND('',#464,.T.);
#93=FACE_BOUND('',#465,.T.);
#94=FACE_BOUND('',#466,.T.);
#95=FACE_BOUND('',#467,.T.);
#96=FACE_BOUND('',#502,.T.);
#97=FACE_BOUND('',#503,.T.);
#98=FACE_BOUND('',#504,.T.);
#99=FACE_BOUND('',#506,.T.);
#100=FACE_BOUND('',#507,.T.);
#101=CIRCLE('',#3114,1.3);
#102=CIRCLE('',#3115,1.3);
#103=CIRCLE('',#3118,1.8);
#104=CIRCLE('',#3119,1.8);
#105=CIRCLE('',#3120,2.55);
#106=CIRCLE('',#3123,2.05);
#107=CIRCLE('',#3126,1.8);
#108=CIRCLE('',#3127,1.8);
#109=CIRCLE('',#3128,1.3);
#110=CIRCLE('',#3133,1.8);
#111=CIRCLE('',#3134,1.8);
#112=CIRCLE('',#3141,1.3);
#113=CIRCLE('',#3143,2.55);
#114=CIRCLE('',#3146,1.3);
#115=CIRCLE('',#3151,1.3);
#116=CIRCLE('',#3152,1.3);
#117=CIRCLE('',#3158,1.3);
#118=CIRCLE('',#3160,1.3);
#119=CIRCLE('',#3162,1.3);
#120=CIRCLE('',#3163,1.3);
#121=CIRCLE('',#3165,1.3);
#122=CIRCLE('',#3166,1.3);
#123=CIRCLE('',#3168,1.8);
#124=CIRCLE('',#3169,1.8);
#125=CIRCLE('',#3170,1.8);
#126=CIRCLE('',#3172,1.8);
#127=CIRCLE('',#3173,1.8);
#128=CIRCLE('',#3175,2.55);
#129=CIRCLE('',#3179,1.8);
#130=CIRCLE('',#3189,1.74999999999999);
#131=CIRCLE('',#3191,1.74999999999998);
#132=CIRCLE('',#3200,1.3);
#133=CIRCLE('',#3205,1.3);
#134=CIRCLE('',#3210,1.3);
#135=CIRCLE('',#3211,1.3);
#136=CIRCLE('',#3215,2.55);
#137=CIRCLE('',#3216,1.74999999999999);
#138=CIRCLE('',#3217,1.74999999999998);
#139=CIRCLE('',#3219,1.3);
#140=CIRCLE('',#3221,1.3);
#141=CIRCLE('',#3223,1.8);
#142=CIRCLE('',#3225,1.8);
#143=CIRCLE('',#3227,1.8);
#144=CIRCLE('',#3229,1.8);
#145=CIRCLE('',#3231,1.3);
#146=CIRCLE('',#3232,1.3);
#147=CIRCLE('',#3234,1.3);
#148=CIRCLE('',#3235,1.3);
#149=CIRCLE('',#3237,1.3);
#150=CIRCLE('',#3239,1.8);
#151=CIRCLE('',#3240,1.8);
#152=CIRCLE('',#3250,2.05);
#153=CIRCLE('',#3253,1.74999999999998);
#154=CIRCLE('',#3255,1.74999999999999);
#155=CIRCLE('',#3275,2.55);
#156=CIRCLE('',#3276,1.8);
#157=CIRCLE('',#3277,1.8);
#158=CIRCLE('',#3286,2.55000000000001);
#159=FACE_OUTER_BOUND('',#312,.T.);
#160=FACE_OUTER_BOUND('',#313,.T.);
#161=FACE_OUTER_BOUND('',#314,.T.);
#162=FACE_OUTER_BOUND('',#315,.T.);
#163=FACE_OUTER_BOUND('',#316,.T.);
#164=FACE_OUTER_BOUND('',#317,.T.);
#165=FACE_OUTER_BOUND('',#318,.T.);
#166=FACE_OUTER_BOUND('',#319,.T.);
#167=FACE_OUTER_BOUND('',#320,.T.);
#168=FACE_OUTER_BOUND('',#321,.T.);
#169=FACE_OUTER_BOUND('',#322,.T.);
#170=FACE_OUTER_BOUND('',#323,.T.);
#171=FACE_OUTER_BOUND('',#324,.T.);
#172=FACE_OUTER_BOUND('',#325,.T.);
#173=FACE_OUTER_BOUND('',#326,.T.);
#174=FACE_OUTER_BOUND('',#330,.T.);
#175=FACE_OUTER_BOUND('',#331,.T.);
#176=FACE_OUTER_BOUND('',#334,.T.);
#177=FACE_OUTER_BOUND('',#335,.T.);
#178=FACE_OUTER_BOUND('',#337,.T.);
#179=FACE_OUTER_BOUND('',#338,.T.);
#180=FACE_OUTER_BOUND('',#339,.T.);
#181=FACE_OUTER_BOUND('',#340,.T.);
#182=FACE_OUTER_BOUND('',#343,.T.);
#183=FACE_OUTER_BOUND('',#344,.T.);
#184=FACE_OUTER_BOUND('',#345,.T.);
#185=FACE_OUTER_BOUND('',#348,.T.);
#186=FACE_OUTER_BOUND('',#349,.T.);
#187=FACE_OUTER_BOUND('',#350,.T.);
#188=FACE_OUTER_BOUND('',#352,.T.);
#189=FACE_OUTER_BOUND('',#354,.T.);
#190=FACE_OUTER_BOUND('',#355,.T.);
#191=FACE_OUTER_BOUND('',#357,.T.);
#192=FACE_OUTER_BOUND('',#358,.T.);
#193=FACE_OUTER_BOUND('',#359,.T.);
#194=FACE_OUTER_BOUND('',#360,.T.);
#195=FACE_OUTER_BOUND('',#361,.T.);
#196=FACE_OUTER_BOUND('',#362,.T.);
#197=FACE_OUTER_BOUND('',#363,.T.);
#198=FACE_OUTER_BOUND('',#364,.T.);
#199=FACE_OUTER_BOUND('',#366,.T.);
#200=FACE_OUTER_BOUND('',#367,.T.);
#201=FACE_OUTER_BOUND('',#368,.T.);
#202=FACE_OUTER_BOUND('',#369,.T.);
#203=FACE_OUTER_BOUND('',#370,.T.);
#204=FACE_OUTER_BOUND('',#371,.T.);
#205=FACE_OUTER_BOUND('',#373,.T.);
#206=FACE_OUTER_BOUND('',#375,.T.);
#207=FACE_OUTER_BOUND('',#376,.T.);
#208=FACE_OUTER_BOUND('',#377,.T.);
#209=FACE_OUTER_BOUND('',#378,.T.);
#210=FACE_OUTER_BOUND('',#380,.T.);
#211=FACE_OUTER_BOUND('',#381,.T.);
#212=FACE_OUTER_BOUND('',#382,.T.);
#213=FACE_OUTER_BOUND('',#383,.T.);
#214=FACE_OUTER_BOUND('',#384,.T.);
#215=FACE_OUTER_BOUND('',#385,.T.);
#216=FACE_OUTER_BOUND('',#387,.T.);
#217=FACE_OUTER_BOUND('',#389,.T.);
#218=FACE_OUTER_BOUND('',#390,.T.);
#219=FACE_OUTER_BOUND('',#391,.T.);
#220=FACE_OUTER_BOUND('',#392,.T.);
#221=FACE_OUTER_BOUND('',#393,.T.);
#222=FACE_OUTER_BOUND('',#400,.T.);
#223=FACE_OUTER_BOUND('',#401,.T.);
#224=FACE_OUTER_BOUND('',#403,.T.);
#225=FACE_OUTER_BOUND('',#404,.T.);
#226=FACE_OUTER_BOUND('',#405,.T.);
#227=FACE_OUTER_BOUND('',#406,.T.);
#228=FACE_OUTER_BOUND('',#408,.T.);
#229=FACE_OUTER_BOUND('',#409,.T.);
#230=FACE_OUTER_BOUND('',#410,.T.);
#231=FACE_OUTER_BOUND('',#411,.T.);
#232=FACE_OUTER_BOUND('',#412,.T.);
#233=FACE_OUTER_BOUND('',#413,.T.);
#234=FACE_OUTER_BOUND('',#414,.T.);
#235=FACE_OUTER_BOUND('',#419,.T.);
#236=FACE_OUTER_BOUND('',#420,.T.);
#237=FACE_OUTER_BOUND('',#421,.T.);
#238=FACE_OUTER_BOUND('',#423,.T.);
#239=FACE_OUTER_BOUND('',#424,.T.);
#240=FACE_OUTER_BOUND('',#426,.T.);
#241=FACE_OUTER_BOUND('',#427,.T.);
#242=FACE_OUTER_BOUND('',#428,.T.);
#243=FACE_OUTER_BOUND('',#429,.T.);
#244=FACE_OUTER_BOUND('',#430,.T.);
#245=FACE_OUTER_BOUND('',#431,.T.);
#246=FACE_OUTER_BOUND('',#432,.T.);
#247=FACE_OUTER_BOUND('',#433,.T.);
#248=FACE_OUTER_BOUND('',#434,.T.);
#249=FACE_OUTER_BOUND('',#435,.T.);
#250=FACE_OUTER_BOUND('',#436,.T.);
#251=FACE_OUTER_BOUND('',#438,.T.);
#252=FACE_OUTER_BOUND('',#439,.T.);
#253=FACE_OUTER_BOUND('',#440,.T.);
#254=FACE_OUTER_BOUND('',#441,.T.);
#255=FACE_OUTER_BOUND('',#442,.T.);
#256=FACE_OUTER_BOUND('',#443,.T.);
#257=FACE_OUTER_BOUND('',#444,.T.);
#258=FACE_OUTER_BOUND('',#445,.T.);
#259=FACE_OUTER_BOUND('',#446,.T.);
#260=FACE_OUTER_BOUND('',#447,.T.);
#261=FACE_OUTER_BOUND('',#448,.T.);
#262=FACE_OUTER_BOUND('',#449,.T.);
#263=FACE_OUTER_BOUND('',#450,.T.);
#264=FACE_OUTER_BOUND('',#451,.T.);
#265=FACE_OUTER_BOUND('',#452,.T.);
#266=FACE_OUTER_BOUND('',#453,.T.);
#267=FACE_OUTER_BOUND('',#454,.T.);
#268=FACE_OUTER_BOUND('',#455,.T.);
#269=FACE_OUTER_BOUND('',#456,.T.);
#270=FACE_OUTER_BOUND('',#457,.T.);
#271=FACE_OUTER_BOUND('',#458,.T.);
#272=FACE_OUTER_BOUND('',#459,.T.);
#273=FACE_OUTER_BOUND('',#460,.T.);
#274=FACE_OUTER_BOUND('',#461,.T.);
#275=FACE_OUTER_BOUND('',#462,.T.);
#276=FACE_OUTER_BOUND('',#468,.T.);
#277=FACE_OUTER_BOUND('',#469,.T.);
#278=FACE_OUTER_BOUND('',#470,.T.);
#279=FACE_OUTER_BOUND('',#471,.T.);
#280=FACE_OUTER_BOUND('',#472,.T.);
#281=FACE_OUTER_BOUND('',#473,.T.);
#282=FACE_OUTER_BOUND('',#474,.T.);
#283=FACE_OUTER_BOUND('',#475,.T.);
#284=FACE_OUTER_BOUND('',#476,.T.);
#285=FACE_OUTER_BOUND('',#477,.T.);
#286=FACE_OUTER_BOUND('',#478,.T.);
#287=FACE_OUTER_BOUND('',#479,.T.);
#288=FACE_OUTER_BOUND('',#480,.T.);
#289=FACE_OUTER_BOUND('',#481,.T.);
#290=FACE_OUTER_BOUND('',#482,.T.);
#291=FACE_OUTER_BOUND('',#483,.T.);
#292=FACE_OUTER_BOUND('',#484,.T.);
#293=FACE_OUTER_BOUND('',#485,.T.);
#294=FACE_OUTER_BOUND('',#486,.T.);
#295=FACE_OUTER_BOUND('',#487,.T.);
#296=FACE_OUTER_BOUND('',#488,.T.);
#297=FACE_OUTER_BOUND('',#489,.T.);
#298=FACE_OUTER_BOUND('',#490,.T.);
#299=FACE_OUTER_BOUND('',#491,.T.);
#300=FACE_OUTER_BOUND('',#492,.T.);
#301=FACE_OUTER_BOUND('',#493,.T.);
#302=FACE_OUTER_BOUND('',#494,.T.);
#303=FACE_OUTER_BOUND('',#495,.T.);
#304=FACE_OUTER_BOUND('',#496,.T.);
#305=FACE_OUTER_BOUND('',#497,.T.);
#306=FACE_OUTER_BOUND('',#498,.T.);
#307=FACE_OUTER_BOUND('',#499,.T.);
#308=FACE_OUTER_BOUND('',#500,.T.);
#309=FACE_OUTER_BOUND('',#501,.T.);
#310=FACE_OUTER_BOUND('',#505,.T.);
#311=FACE_OUTER_BOUND('',#508,.T.);
#312=EDGE_LOOP('',(#1948,#1949,#1950,#1951));
#313=EDGE_LOOP('',(#1952,#1953,#1954,#1955));
#314=EDGE_LOOP('',(#1956,#1957,#1958,#1959,#1960));
#315=EDGE_LOOP('',(#1961,#1962,#1963,#1964));
#316=EDGE_LOOP('',(#1965,#1966,#1967,#1968));
#317=EDGE_LOOP('',(#1969,#1970,#1971,#1972));
#318=EDGE_LOOP('',(#1973,#1974,#1975,#1976,#1977,#1978,#1979,#1980));
#319=EDGE_LOOP('',(#1981,#1982,#1983,#1984));
#320=EDGE_LOOP('',(#1985,#1986,#1987,#1988,#1989));
#321=EDGE_LOOP('',(#1990,#1991,#1992,#1993,#1994,#1995,#1996,#1997,#1998,
#1999,#2000,#2001,#2002,#2003,#2004,#2005,#2006,#2007,#2008,#2009,#2010,
#2011,#2012,#2013));
#322=EDGE_LOOP('',(#2014,#2015,#2016,#2017,#2018,#2019));
#323=EDGE_LOOP('',(#2020,#2021,#2022,#2023,#2024,#2025,#2026));
#324=EDGE_LOOP('',(#2027,#2028,#2029,#2030,#2031,#2032,#2033,#2034,#2035));
#325=EDGE_LOOP('',(#2036,#2037,#2038,#2039,#2040,#2041,#2042,#2043));
#326=EDGE_LOOP('',(#2044,#2045,#2046,#2047,#2048,#2049));
#327=EDGE_LOOP('',(#2050));
#328=EDGE_LOOP('',(#2051));
#329=EDGE_LOOP('',(#2052));
#330=EDGE_LOOP('',(#2053,#2054,#2055,#2056,#2057,#2058));
#331=EDGE_LOOP('',(#2059,#2060,#2061,#2062,#2063,#2064,#2065,#2066,#2067,
#2068,#2069,#2070,#2071,#2072));
#332=EDGE_LOOP('',(#2073,#2074,#2075));
#333=EDGE_LOOP('',(#2076,#2077,#2078));
#334=EDGE_LOOP('',(#2079,#2080,#2081,#2082));
#335=EDGE_LOOP('',(#2083,#2084,#2085,#2086,#2087));
#336=EDGE_LOOP('',(#2088));
#337=EDGE_LOOP('',(#2089,#2090,#2091,#2092));
#338=EDGE_LOOP('',(#2093,#2094,#2095));
#339=EDGE_LOOP('',(#2096,#2097,#2098,#2099,#2100,#2101,#2102,#2103));
#340=EDGE_LOOP('',(#2104,#2105,#2106,#2107,#2108,#2109,#2110,#2111,#2112,
#2113,#2114,#2115,#2116,#2117));
#341=EDGE_LOOP('',(#2118));
#342=EDGE_LOOP('',(#2119));
#343=EDGE_LOOP('',(#2120,#2121,#2122,#2123));
#344=EDGE_LOOP('',(#2124,#2125,#2126,#2127));
#345=EDGE_LOOP('',(#2128,#2129,#2130,#2131,#2132,#2133,#2134,#2135));
#346=EDGE_LOOP('',(#2136,#2137,#2138,#2139));
#347=EDGE_LOOP('',(#2140,#2141,#2142,#2143));
#348=EDGE_LOOP('',(#2144,#2145,#2146,#2147,#2148,#2149));
#349=EDGE_LOOP('',(#2150,#2151,#2152,#2153));
#350=EDGE_LOOP('',(#2154,#2155,#2156,#2157));
#351=EDGE_LOOP('',(#2158));
#352=EDGE_LOOP('',(#2159,#2160,#2161,#2162,#2163,#2164));
#353=EDGE_LOOP('',(#2165));
#354=EDGE_LOOP('',(#2166,#2167,#2168,#2169,#2170,#2171));
#355=EDGE_LOOP('',(#2172,#2173,#2174,#2175));
#356=EDGE_LOOP('',(#2176));
#357=EDGE_LOOP('',(#2177,#2178,#2179,#2180));
#358=EDGE_LOOP('',(#2181,#2182,#2183,#2184));
#359=EDGE_LOOP('',(#2185,#2186,#2187,#2188));
#360=EDGE_LOOP('',(#2189,#2190,#2191,#2192,#2193,#2194,#2195,#2196,#2197));
#361=EDGE_LOOP('',(#2198,#2199,#2200,#2201));
#362=EDGE_LOOP('',(#2202,#2203,#2204,#2205));
#363=EDGE_LOOP('',(#2206,#2207,#2208,#2209));
#364=EDGE_LOOP('',(#2210,#2211,#2212,#2213,#2214,#2215,#2216,#2217,#2218,
#2219,#2220,#2221));
#365=EDGE_LOOP('',(#2222,#2223,#2224));
#366=EDGE_LOOP('',(#2225,#2226,#2227,#2228));
#367=EDGE_LOOP('',(#2229,#2230,#2231,#2232));
#368=EDGE_LOOP('',(#2233,#2234,#2235,#2236,#2237,#2238,#2239,#2240));
#369=EDGE_LOOP('',(#2241,#2242,#2243,#2244,#2245,#2246,#2247,#2248));
#370=EDGE_LOOP('',(#2249,#2250,#2251,#2252,#2253,#2254,#2255));
#371=EDGE_LOOP('',(#2256,#2257,#2258,#2259,#2260));
#372=EDGE_LOOP('',(#2261));
#373=EDGE_LOOP('',(#2262,#2263,#2264,#2265,#2266,#2267,#2268,#2269,#2270,
#2271));
#374=EDGE_LOOP('',(#2272));
#375=EDGE_LOOP('',(#2273,#2274,#2275,#2276,#2277,#2278));
#376=EDGE_LOOP('',(#2279,#2280,#2281,#2282,#2283,#2284));
#377=EDGE_LOOP('',(#2285,#2286,#2287,#2288,#2289,#2290,#2291));
#378=EDGE_LOOP('',(#2292,#2293,#2294,#2295,#2296));
#379=EDGE_LOOP('',(#2297));
#380=EDGE_LOOP('',(#2298,#2299,#2300,#2301));
#381=EDGE_LOOP('',(#2302,#2303,#2304,#2305));
#382=EDGE_LOOP('',(#2306,#2307,#2308,#2309));
#383=EDGE_LOOP('',(#2310,#2311,#2312,#2313));
#384=EDGE_LOOP('',(#2314,#2315,#2316,#2317,#2318,#2319));
#385=EDGE_LOOP('',(#2320));
#386=EDGE_LOOP('',(#2321));
#387=EDGE_LOOP('',(#2322));
#388=EDGE_LOOP('',(#2323));
#389=EDGE_LOOP('',(#2324,#2325,#2326,#2327,#2328,#2329,#2330,#2331));
#390=EDGE_LOOP('',(#2332,#2333,#2334,#2335,#2336,#2337));
#391=EDGE_LOOP('',(#2338,#2339,#2340,#2341,#2342));
#392=EDGE_LOOP('',(#2343,#2344,#2345,#2346,#2347,#2348,#2349,#2350));
#393=EDGE_LOOP('',(#2351,#2352,#2353,#2354));
#394=EDGE_LOOP('',(#2355,#2356,#2357,#2358));
#395=EDGE_LOOP('',(#2359,#2360,#2361,#2362));
#396=EDGE_LOOP('',(#2363));
#397=EDGE_LOOP('',(#2364,#2365,#2366));
#398=EDGE_LOOP('',(#2367,#2368,#2369));
#399=EDGE_LOOP('',(#2370,#2371,#2372));
#400=EDGE_LOOP('',(#2373,#2374,#2375,#2376));
#401=EDGE_LOOP('',(#2377,#2378,#2379,#2380));
#402=EDGE_LOOP('',(#2381));
#403=EDGE_LOOP('',(#2382,#2383,#2384,#2385));
#404=EDGE_LOOP('',(#2386,#2387,#2388,#2389));
#405=EDGE_LOOP('',(#2390,#2391,#2392,#2393));
#406=EDGE_LOOP('',(#2394,#2395,#2396,#2397));
#407=EDGE_LOOP('',(#2398));
#408=EDGE_LOOP('',(#2399,#2400,#2401,#2402));
#409=EDGE_LOOP('',(#2403,#2404,#2405,#2406));
#410=EDGE_LOOP('',(#2407,#2408,#2409,#2410));
#411=EDGE_LOOP('',(#2411,#2412,#2413,#2414,#2415,#2416,#2417));
#412=EDGE_LOOP('',(#2418,#2419,#2420,#2421));
#413=EDGE_LOOP('',(#2422,#2423,#2424,#2425));
#414=EDGE_LOOP('',(#2426,#2427,#2428,#2429,#2430,#2431,#2432,#2433,#2434,
#2435,#2436,#2437));
#415=EDGE_LOOP('',(#2438));
#416=EDGE_LOOP('',(#2439));
#417=EDGE_LOOP('',(#2440));
#418=EDGE_LOOP('',(#2441,#2442,#2443));
#419=EDGE_LOOP('',(#2444,#2445,#2446,#2447));
#420=EDGE_LOOP('',(#2448,#2449,#2450,#2451));
#421=EDGE_LOOP('',(#2452));
#422=EDGE_LOOP('',(#2453));
#423=EDGE_LOOP('',(#2454,#2455,#2456,#2457));
#424=EDGE_LOOP('',(#2458));
#425=EDGE_LOOP('',(#2459));
#426=EDGE_LOOP('',(#2460,#2461,#2462,#2463));
#427=EDGE_LOOP('',(#2464,#2465,#2466,#2467,#2468,#2469,#2470));
#428=EDGE_LOOP('',(#2471,#2472,#2473,#2474,#2475,#2476,#2477,#2478));
#429=EDGE_LOOP('',(#2479,#2480,#2481,#2482,#2483,#2484,#2485,#2486));
#430=EDGE_LOOP('',(#2487,#2488,#2489,#2490,#2491,#2492,#2493));
#431=EDGE_LOOP('',(#2494,#2495,#2496,#2497,#2498,#2499));
#432=EDGE_LOOP('',(#2500,#2501,#2502,#2503));
#433=EDGE_LOOP('',(#2504,#2505,#2506));
#434=EDGE_LOOP('',(#2507,#2508,#2509,#2510));
#435=EDGE_LOOP('',(#2511,#2512,#2513,#2514,#2515,#2516,#2517));
#436=EDGE_LOOP('',(#2518,#2519,#2520,#2521,#2522));
#437=EDGE_LOOP('',(#2523));
#438=EDGE_LOOP('',(#2524,#2525,#2526,#2527));
#439=EDGE_LOOP('',(#2528,#2529,#2530,#2531));
#440=EDGE_LOOP('',(#2532,#2533,#2534,#2535));
#441=EDGE_LOOP('',(#2536,#2537,#2538,#2539));
#442=EDGE_LOOP('',(#2540,#2541,#2542,#2543));
#443=EDGE_LOOP('',(#2544,#2545,#2546,#2547));
#444=EDGE_LOOP('',(#2548,#2549,#2550,#2551,#2552,#2553,#2554,#2555,#2556));
#445=EDGE_LOOP('',(#2557,#2558,#2559,#2560));
#446=EDGE_LOOP('',(#2561,#2562,#2563,#2564,#2565,#2566));
#447=EDGE_LOOP('',(#2567,#2568,#2569,#2570,#2571,#2572));
#448=EDGE_LOOP('',(#2573,#2574,#2575,#2576));
#449=EDGE_LOOP('',(#2577,#2578,#2579,#2580));
#450=EDGE_LOOP('',(#2581,#2582,#2583,#2584));
#451=EDGE_LOOP('',(#2585,#2586,#2587,#2588));
#452=EDGE_LOOP('',(#2589,#2590,#2591,#2592));
#453=EDGE_LOOP('',(#2593,#2594,#2595,#2596,#2597,#2598));
#454=EDGE_LOOP('',(#2599,#2600,#2601,#2602,#2603,#2604));
#455=EDGE_LOOP('',(#2605,#2606,#2607,#2608));
#456=EDGE_LOOP('',(#2609,#2610,#2611,#2612));
#457=EDGE_LOOP('',(#2613,#2614,#2615,#2616));
#458=EDGE_LOOP('',(#2617,#2618,#2619,#2620));
#459=EDGE_LOOP('',(#2621,#2622,#2623,#2624));
#460=EDGE_LOOP('',(#2625));
#461=EDGE_LOOP('',(#2626));
#462=EDGE_LOOP('',(#2627,#2628,#2629,#2630,#2631,#2632));
#463=EDGE_LOOP('',(#2633));
#464=EDGE_LOOP('',(#2634));
#465=EDGE_LOOP('',(#2635));
#466=EDGE_LOOP('',(#2636));
#467=EDGE_LOOP('',(#2637));
#468=EDGE_LOOP('',(#2638,#2639,#2640,#2641));
#469=EDGE_LOOP('',(#2642,#2643,#2644,#2645));
#470=EDGE_LOOP('',(#2646,#2647,#2648,#2649));
#471=EDGE_LOOP('',(#2650,#2651,#2652,#2653,#2654));
#472=EDGE_LOOP('',(#2655,#2656,#2657,#2658));
#473=EDGE_LOOP('',(#2659,#2660,#2661,#2662,#2663));
#474=EDGE_LOOP('',(#2664,#2665,#2666,#2667));
#475=EDGE_LOOP('',(#2668));
#476=EDGE_LOOP('',(#2669,#2670,#2671,#2672));
#477=EDGE_LOOP('',(#2673,#2674,#2675,#2676));
#478=EDGE_LOOP('',(#2677,#2678,#2679,#2680));
#479=EDGE_LOOP('',(#2681,#2682,#2683,#2684,#2685,#2686));
#480=EDGE_LOOP('',(#2687,#2688,#2689,#2690));
#481=EDGE_LOOP('',(#2691,#2692,#2693,#2694));
#482=EDGE_LOOP('',(#2695,#2696,#2697,#2698));
#483=EDGE_LOOP('',(#2699,#2700,#2701,#2702));
#484=EDGE_LOOP('',(#2703,#2704,#2705,#2706));
#485=EDGE_LOOP('',(#2707,#2708,#2709,#2710,#2711,#2712));
#486=EDGE_LOOP('',(#2713,#2714,#2715,#2716,#2717,#2718));
#487=EDGE_LOOP('',(#2719,#2720,#2721,#2722));
#488=EDGE_LOOP('',(#2723,#2724,#2725,#2726));
#489=EDGE_LOOP('',(#2727,#2728,#2729,#2730));
#490=EDGE_LOOP('',(#2731,#2732,#2733,#2734));
#491=EDGE_LOOP('',(#2735,#2736,#2737,#2738));
#492=EDGE_LOOP('',(#2739,#2740,#2741,#2742,#2743,#2744));
#493=EDGE_LOOP('',(#2745,#2746,#2747,#2748,#2749));
#494=EDGE_LOOP('',(#2750,#2751,#2752));
#495=EDGE_LOOP('',(#2753,#2754,#2755,#2756));
#496=EDGE_LOOP('',(#2757,#2758,#2759,#2760));
#497=EDGE_LOOP('',(#2761,#2762,#2763,#2764));
#498=EDGE_LOOP('',(#2765,#2766,#2767,#2768));
#499=EDGE_LOOP('',(#2769,#2770,#2771,#2772,#2773,#2774));
#500=EDGE_LOOP('',(#2775,#2776,#2777,#2778));
#501=EDGE_LOOP('',(#2779,#2780,#2781,#2782,#2783,#2784,#2785));
#502=EDGE_LOOP('',(#2786));
#503=EDGE_LOOP('',(#2787));
#504=EDGE_LOOP('',(#2788));
#505=EDGE_LOOP('',(#2789,#2790,#2791,#2792,#2793,#2794,#2795,#2796,#2797,
#2798,#2799,#2800,#2801,#2802));
#506=EDGE_LOOP('',(#2803));
#507=EDGE_LOOP('',(#2804));
#508=EDGE_LOOP('',(#2805,#2806,#2807));
#509=LINE('',#4126,#871);
#510=LINE('',#4128,#872);
#511=LINE('',#4130,#873);
#512=LINE('',#4131,#874);
#513=LINE('',#4135,#875);
#514=LINE('',#4137,#876);
#515=LINE('',#4139,#877);
#516=LINE('',#4140,#878);
#517=LINE('',#4144,#879);
#518=LINE('',#4146,#880);
#519=LINE('',#4148,#881);
#520=LINE('',#4150,#882);
#521=LINE('',#4151,#883);
#522=LINE('',#4154,#884);
#523=LINE('',#4156,#885);
#524=LINE('',#4157,#886);
#525=LINE('',#4160,#887);
#526=LINE('',#4162,#888);
#527=LINE('',#4163,#889);
#528=LINE('',#4167,#890);
#529=LINE('',#4169,#891);
#530=LINE('',#4171,#892);
#531=LINE('',#4172,#893);
#532=LINE('',#4175,#894);
#533=LINE('',#4177,#895);
#534=LINE('',#4179,#896);
#535=LINE('',#4181,#897);
#536=LINE('',#4183,#898);
#537=LINE('',#4185,#899);
#538=LINE('',#4186,#900);
#539=LINE('',#4189,#901);
#540=LINE('',#4191,#902);
#541=LINE('',#4192,#903);
#542=LINE('',#4195,#904);
#543=LINE('',#4196,#905);
#544=LINE('',#4197,#906);
#545=LINE('',#4200,#907);
#546=LINE('',#4202,#908);
#547=LINE('',#4204,#909);
#548=LINE('',#4206,#910);
#549=LINE('',#4208,#911);
#550=LINE('',#4210,#912);
#551=LINE('',#4212,#913);
#552=LINE('',#4214,#914);
#553=LINE('',#4216,#915);
#554=LINE('',#4218,#916);
#555=LINE('',#4220,#917);
#556=LINE('',#4222,#918);
#557=LINE('',#4224,#919);
#558=LINE('',#4226,#920);
#559=LINE('',#4228,#921);
#560=LINE('',#4230,#922);
#561=LINE('',#4232,#923);
#562=LINE('',#4234,#924);
#563=LINE('',#4236,#925);
#564=LINE('',#4238,#926);
#565=LINE('',#4239,#927);
#566=LINE('',#4242,#928);
#567=LINE('',#4244,#929);
#568=LINE('',#4246,#930);
#569=LINE('',#4248,#931);
#570=LINE('',#4249,#932);
#571=LINE('',#4252,#933);
#572=LINE('',#4254,#934);
#573=LINE('',#4256,#935);
#574=LINE('',#4257,#936);
#575=LINE('',#4260,#937);
#576=LINE('',#4262,#938);
#577=LINE('',#4264,#939);
#578=LINE('',#4266,#940);
#579=LINE('',#4271,#941);
#580=LINE('',#4274,#942);
#581=LINE('',#4276,#943);
#582=LINE('',#4278,#944);
#583=LINE('',#4280,#945);
#584=LINE('',#4282,#946);
#585=LINE('',#4283,#947);
#586=LINE('',#4286,#948);
#587=LINE('',#4288,#949);
#588=LINE('',#4290,#950);
#589=LINE('',#4292,#951);
#590=LINE('',#4293,#952);
#591=LINE('',#4301,#953);
#592=LINE('',#4302,#954);
#593=LINE('',#4305,#955);
#594=LINE('',#4307,#956);
#595=LINE('',#4309,#957);
#596=LINE('',#4311,#958);
#597=LINE('',#4313,#959);
#598=LINE('',#4315,#960);
#599=LINE('',#4317,#961);
#600=LINE('',#4319,#962);
#601=LINE('',#4320,#963);
#602=LINE('',#4323,#964);
#603=LINE('',#4325,#965);
#604=LINE('',#4326,#966);
#605=LINE('',#4331,#967);
#606=LINE('',#4332,#968);
#607=LINE('',#4335,#969);
#608=LINE('',#4336,#970);
#609=LINE('',#4339,#971);
#610=LINE('',#4344,#972);
#611=LINE('',#4349,#973);
#612=LINE('',#4351,#974);
#613=LINE('',#4352,#975);
#614=LINE('',#4354,#976);
#615=LINE('',#4355,#977);
#616=LINE('',#4357,#978);
#617=LINE('',#4360,#979);
#618=LINE('',#4362,#980);
#619=LINE('',#4364,#981);
#620=LINE('',#4366,#982);
#621=LINE('',#4368,#983);
#622=LINE('',#4370,#984);
#623=LINE('',#4372,#985);
#624=LINE('',#4373,#986);
#625=LINE('',#4375,#987);
#626=LINE('',#4376,#988);
#627=LINE('',#4383,#989);
#628=LINE('',#4384,#990);
#629=LINE('',#4387,#991);
#630=LINE('',#4389,#992);
#631=LINE('',#4390,#993);
#632=LINE('',#4393,#994);
#633=LINE('',#4395,#995);
#634=LINE('',#4396,#996);
#635=LINE('',#4398,#997);
#636=LINE('',#4399,#998);
#637=LINE('',#4402,#999);
#638=LINE('',#4404,#1000);
#639=LINE('',#4406,#1001);
#640=LINE('',#4407,#1002);
#641=LINE('',#4410,#1003);
#642=LINE('',#4412,#1004);
#643=LINE('',#4414,#1005);
#644=LINE('',#4415,#1006);
#645=LINE('',#4418,#1007);
#646=LINE('',#4420,#1008);
#647=LINE('',#4421,#1009);
#648=LINE('',#4425,#1010);
#649=LINE('',#4427,#1011);
#650=LINE('',#4429,#1012);
#651=LINE('',#4430,#1013);
#652=LINE('',#4433,#1014);
#653=LINE('',#4435,#1015);
#654=LINE('',#4436,#1016);
#655=LINE('',#4442,#1017);
#656=LINE('',#4444,#1018);
#657=LINE('',#4446,#1019);
#658=LINE('',#4448,#1020);
#659=LINE('',#4450,#1021);
#660=LINE('',#4451,#1022);
#661=LINE('',#4455,#1023);
#662=LINE('',#4457,#1024);
#663=LINE('',#4458,#1025);
#664=LINE('',#4461,#1026);
#665=LINE('',#4462,#1027);
#666=LINE('',#4466,#1028);
#667=LINE('',#4469,#1029);
#668=LINE('',#4471,#1030);
#669=LINE('',#4472,#1031);
#670=LINE('',#4476,#1032);
#671=LINE('',#4478,#1033);
#672=LINE('',#4480,#1034);
#673=LINE('',#4481,#1035);
#674=LINE('',#4486,#1036);
#675=LINE('',#4487,#1037);
#676=LINE('',#4491,#1038);
#677=LINE('',#4493,#1039);
#678=LINE('',#4495,#1040);
#679=LINE('',#4496,#1041);
#680=LINE('',#4499,#1042);
#681=LINE('',#4501,#1043);
#682=LINE('',#4502,#1044);
#683=LINE('',#4504,#1045);
#684=LINE('',#4505,#1046);
#685=LINE('',#4507,#1047);
#686=LINE('',#4508,#1048);
#687=LINE('',#4512,#1049);
#688=LINE('',#4516,#1050);
#689=LINE('',#4520,#1051);
#690=LINE('',#4525,#1052);
#691=LINE('',#4527,#1053);
#692=LINE('',#4533,#1054);
#693=LINE('',#4544,#1055);
#694=LINE('',#4551,#1056);
#695=LINE('',#4553,#1057);
#696=LINE('',#4555,#1058);
#697=LINE('',#4559,#1059);
#698=LINE('',#4560,#1060);
#699=LINE('',#4565,#1061);
#700=LINE('',#4566,#1062);
#701=LINE('',#4568,#1063);
#702=LINE('',#4572,#1064);
#703=LINE('',#4574,#1065);
#704=LINE('',#4583,#1066);
#705=LINE('',#4585,#1067);
#706=LINE('',#4586,#1068);
#707=LINE('',#4590,#1069);
#708=LINE('',#4593,#1070);
#709=LINE('',#4596,#1071);
#710=LINE('',#4598,#1072);
#711=LINE('',#4601,#1073);
#712=LINE('',#4602,#1074);
#713=LINE('',#4611,#1075);
#714=LINE('',#4613,#1076);
#715=LINE('',#4614,#1077);
#716=LINE('',#4617,#1078);
#717=LINE('',#4618,#1079);
#718=LINE('',#4621,#1080);
#719=LINE('',#4623,#1081);
#720=LINE('',#4624,#1082);
#721=LINE('',#4626,#1083);
#722=LINE('',#4629,#1084);
#723=LINE('',#4631,#1085);
#724=LINE('',#4632,#1086);
#725=LINE('',#4635,#1087);
#726=LINE('',#4637,#1088);
#727=LINE('',#4639,#1089);
#728=LINE('',#4640,#1090);
#729=LINE('',#4643,#1091);
#730=LINE('',#4645,#1092);
#731=LINE('',#4647,#1093);
#732=LINE('',#4648,#1094);
#733=LINE('',#4654,#1095);
#734=LINE('',#4655,#1096);
#735=LINE('',#4656,#1097);
#736=LINE('',#4659,#1098);
#737=LINE('',#4660,#1099);
#738=LINE('',#4665,#1100);
#739=LINE('',#4666,#1101);
#740=LINE('',#4669,#1102);
#741=LINE('',#4670,#1103);
#742=LINE('',#4673,#1104);
#743=LINE('',#4674,#1105);
#744=LINE('',#4677,#1106);
#745=LINE('',#4678,#1107);
#746=LINE('',#4683,#1108);
#747=LINE('',#4684,#1109);
#748=LINE('',#4688,#1110);
#749=LINE('',#4690,#1111);
#750=LINE('',#4692,#1112);
#751=LINE('',#4693,#1113);
#752=LINE('',#4697,#1114);
#753=LINE('',#4699,#1115);
#754=LINE('',#4701,#1116);
#755=LINE('',#4702,#1117);
#756=LINE('',#4708,#1118);
#757=LINE('',#4709,#1119);
#758=LINE('',#4712,#1120);
#759=LINE('',#4713,#1121);
#760=LINE('',#4715,#1122);
#761=LINE('',#4717,#1123);
#762=LINE('',#4718,#1124);
#763=LINE('',#4728,#1125);
#764=LINE('',#4732,#1126);
#765=LINE('',#4739,#1127);
#766=LINE('',#4746,#1128);
#767=LINE('',#4752,#1129);
#768=LINE('',#4755,#1130);
#769=LINE('',#4758,#1131);
#770=LINE('',#4763,#1132);
#771=LINE('',#4764,#1133);
#772=LINE('',#4767,#1134);
#773=LINE('',#4778,#1135);
#774=LINE('',#4781,#1136);
#775=LINE('',#4782,#1137);
#776=LINE('',#4785,#1138);
#777=LINE('',#4787,#1139);
#778=LINE('',#4789,#1140);
#779=LINE('',#4791,#1141);
#780=LINE('',#4800,#1142);
#781=LINE('',#4802,#1143);
#782=LINE('',#4803,#1144);
#783=LINE('',#4805,#1145);
#784=LINE('',#4810,#1146);
#785=LINE('',#4812,#1147);
#786=LINE('',#4816,#1148);
#787=LINE('',#4820,#1149);
#788=LINE('',#4822,#1150);
#789=LINE('',#4827,#1151);
#790=LINE('',#4829,#1152);
#791=LINE('',#4831,#1153);
#792=LINE('',#4832,#1154);
#793=LINE('',#4833,#1155);
#794=LINE('',#4837,#1156);
#795=LINE('',#4838,#1157);
#796=LINE('',#4840,#1158);
#797=LINE('',#4842,#1159);
#798=LINE('',#4843,#1160);
#799=LINE('',#4845,#1161);
#800=LINE('',#4846,#1162);
#801=LINE('',#4848,#1163);
#802=LINE('',#4850,#1164);
#803=LINE('',#4855,#1165);
#804=LINE('',#4857,#1166);
#805=LINE('',#4859,#1167);
#806=LINE('',#4861,#1168);
#807=LINE('',#4862,#1169);
#808=LINE('',#4865,#1170);
#809=LINE('',#4867,#1171);
#810=LINE('',#4869,#1172);
#811=LINE('',#4871,#1173);
#812=LINE('',#4872,#1174);
#813=LINE('',#4874,#1175);
#814=LINE('',#4876,#1176);
#815=LINE('',#4878,#1177);
#816=LINE('',#4880,#1178);
#817=LINE('',#4886,#1179);
#818=LINE('',#4888,#1180);
#819=LINE('',#4890,#1181);
#820=LINE('',#4891,#1182);
#821=LINE('',#4899,#1183);
#822=LINE('',#4901,#1184);
#823=LINE('',#4903,#1185);
#824=LINE('',#4905,#1186);
#825=LINE('',#4907,#1187);
#826=LINE('',#4909,#1188);
#827=LINE('',#4911,#1189);
#828=LINE('',#4916,#1190);
#829=LINE('',#4918,#1191);
#830=LINE('',#4920,#1192);
#831=LINE('',#4923,#1193);
#832=LINE('',#4925,#1194);
#833=LINE('',#4927,#1195);
#834=LINE('',#4929,#1196);
#835=LINE('',#4930,#1197);
#836=LINE('',#4934,#1198);
#837=LINE('',#4935,#1199);
#838=LINE('',#4936,#1200);
#839=LINE('',#4939,#1201);
#840=LINE('',#4940,#1202);
#841=LINE('',#4943,#1203);
#842=LINE('',#4944,#1204);
#843=LINE('',#4946,#1205);
#844=LINE('',#4948,#1206);
#845=LINE('',#4952,#1207);
#846=LINE('',#4954,#1208);
#847=LINE('',#4956,#1209);
#848=LINE('',#4958,#1210);
#849=LINE('',#4959,#1211);
#850=LINE('',#4962,#1212);
#851=LINE('',#4963,#1213);
#852=LINE('',#4966,#1214);
#853=LINE('',#4967,#1215);
#854=LINE('',#4970,#1216);
#855=LINE('',#4971,#1217);
#856=LINE('',#4974,#1218);
#857=LINE('',#4975,#1219);
#858=LINE('',#4977,#1220);
#859=LINE('',#4980,#1221);
#860=LINE('',#4985,#1222);
#861=LINE('',#4989,#1223);
#862=LINE('',#4992,#1224);
#863=LINE('',#4997,#1225);
#864=LINE('',#4998,#1226);
#865=LINE('',#4999,#1227);
#866=LINE('',#5002,#1228);
#867=LINE('',#5003,#1229);
#868=LINE('',#5005,#1230);
#869=LINE('',#5007,#1231);
#870=LINE('',#5009,#1232);
#871=VECTOR('',#3325,10.);
#872=VECTOR('',#3326,10.);
#873=VECTOR('',#3327,10.);
#874=VECTOR('',#3328,10.);
#875=VECTOR('',#3331,10.);
#876=VECTOR('',#3332,10.);
#877=VECTOR('',#3333,10.);
#878=VECTOR('',#3334,10.);
#879=VECTOR('',#3337,10.);
#880=VECTOR('',#3338,10.);
#881=VECTOR('',#3339,10.);
#882=VECTOR('',#3340,10.);
#883=VECTOR('',#3341,10.);
#884=VECTOR('',#3344,10.);
#885=VECTOR('',#3345,10.);
#886=VECTOR('',#3346,10.);
#887=VECTOR('',#3349,10.);
#888=VECTOR('',#3350,10.);
#889=VECTOR('',#3351,10.);
#890=VECTOR('',#3354,10.);
#891=VECTOR('',#3355,10.);
#892=VECTOR('',#3356,10.);
#893=VECTOR('',#3357,10.);
#894=VECTOR('',#3360,10.);
#895=VECTOR('',#3361,10.);
#896=VECTOR('',#3362,10.);
#897=VECTOR('',#3363,10.);
#898=VECTOR('',#3364,10.);
#899=VECTOR('',#3365,10.);
#900=VECTOR('',#3366,10.);
#901=VECTOR('',#3369,10.);
#902=VECTOR('',#3370,10.);
#903=VECTOR('',#3371,10.);
#904=VECTOR('',#3374,10.);
#905=VECTOR('',#3375,10.);
#906=VECTOR('',#3376,10.);
#907=VECTOR('',#3379,10.);
#908=VECTOR('',#3380,10.);
#909=VECTOR('',#3381,10.);
#910=VECTOR('',#3382,10.);
#911=VECTOR('',#3383,10.);
#912=VECTOR('',#3384,10.);
#913=VECTOR('',#3385,10.);
#914=VECTOR('',#3386,10.);
#915=VECTOR('',#3387,10.);
#916=VECTOR('',#3388,10.);
#917=VECTOR('',#3389,10.);
#918=VECTOR('',#3390,10.);
#919=VECTOR('',#3391,10.);
#920=VECTOR('',#3392,10.);
#921=VECTOR('',#3393,10.);
#922=VECTOR('',#3394,10.);
#923=VECTOR('',#3395,10.);
#924=VECTOR('',#3396,10.);
#925=VECTOR('',#3397,10.);
#926=VECTOR('',#3398,10.);
#927=VECTOR('',#3399,10.);
#928=VECTOR('',#3402,10.);
#929=VECTOR('',#3403,10.);
#930=VECTOR('',#3404,10.);
#931=VECTOR('',#3405,10.);
#932=VECTOR('',#3406,10.);
#933=VECTOR('',#3409,10.);
#934=VECTOR('',#3410,10.);
#935=VECTOR('',#3411,10.);
#936=VECTOR('',#3412,10.);
#937=VECTOR('',#3415,10.);
#938=VECTOR('',#3416,10.);
#939=VECTOR('',#3417,10.);
#940=VECTOR('',#3418,10.);
#941=VECTOR('',#3423,10.);
#942=VECTOR('',#3426,10.);
#943=VECTOR('',#3427,10.);
#944=VECTOR('',#3428,10.);
#945=VECTOR('',#3429,10.);
#946=VECTOR('',#3430,10.);
#947=VECTOR('',#3431,10.);
#948=VECTOR('',#3434,10.);
#949=VECTOR('',#3435,10.);
#950=VECTOR('',#3436,10.);
#951=VECTOR('',#3437,10.);
#952=VECTOR('',#3438,10.);
#953=VECTOR('',#3447,10.);
#954=VECTOR('',#3448,10.);
#955=VECTOR('',#3451,10.);
#956=VECTOR('',#3452,10.);
#957=VECTOR('',#3453,10.);
#958=VECTOR('',#3454,10.);
#959=VECTOR('',#3455,10.);
#960=VECTOR('',#3456,10.);
#961=VECTOR('',#3457,10.);
#962=VECTOR('',#3458,10.);
#963=VECTOR('',#3459,10.);
#964=VECTOR('',#3460,10.);
#965=VECTOR('',#3461,10.);
#966=VECTOR('',#3462,10.);
#967=VECTOR('',#3465,10.);
#968=VECTOR('',#3466,10.);
#969=VECTOR('',#3469,10.);
#970=VECTOR('',#3470,10.);
#971=VECTOR('',#3473,10.);
#972=VECTOR('',#3478,10.);
#973=VECTOR('',#3483,10.);
#974=VECTOR('',#3484,10.);
#975=VECTOR('',#3485,10.);
#976=VECTOR('',#3488,10.);
#977=VECTOR('',#3489,10.);
#978=VECTOR('',#3492,10.);
#979=VECTOR('',#3495,10.);
#980=VECTOR('',#3496,10.);
#981=VECTOR('',#3497,10.);
#982=VECTOR('',#3498,10.);
#983=VECTOR('',#3499,10.);
#984=VECTOR('',#3500,10.);
#985=VECTOR('',#3501,10.);
#986=VECTOR('',#3502,10.);
#987=VECTOR('',#3503,10.);
#988=VECTOR('',#3504,10.);
#989=VECTOR('',#3511,10.);
#990=VECTOR('',#3512,10.);
#991=VECTOR('',#3515,10.);
#992=VECTOR('',#3516,10.);
#993=VECTOR('',#3517,10.);
#994=VECTOR('',#3520,10.);
#995=VECTOR('',#3521,10.);
#996=VECTOR('',#3522,10.);
#997=VECTOR('',#3523,10.);
#998=VECTOR('',#3524,10.);
#999=VECTOR('',#3525,10.);
#1000=VECTOR('',#3526,10.);
#1001=VECTOR('',#3527,10.);
#1002=VECTOR('',#3528,10.);
#1003=VECTOR('',#3529,10.);
#1004=VECTOR('',#3530,10.);
#1005=VECTOR('',#3531,10.);
#1006=VECTOR('',#3532,10.);
#1007=VECTOR('',#3535,10.);
#1008=VECTOR('',#3536,10.);
#1009=VECTOR('',#3537,10.);
#1010=VECTOR('',#3540,10.);
#1011=VECTOR('',#3541,10.);
#1012=VECTOR('',#3542,10.);
#1013=VECTOR('',#3543,10.);
#1014=VECTOR('',#3546,10.);
#1015=VECTOR('',#3547,10.);
#1016=VECTOR('',#3548,10.);
#1017=VECTOR('',#3553,10.);
#1018=VECTOR('',#3554,10.);
#1019=VECTOR('',#3555,10.);
#1020=VECTOR('',#3556,10.);
#1021=VECTOR('',#3557,10.);
#1022=VECTOR('',#3558,10.);
#1023=VECTOR('',#3563,10.);
#1024=VECTOR('',#3564,10.);
#1025=VECTOR('',#3565,10.);
#1026=VECTOR('',#3568,10.);
#1027=VECTOR('',#3569,10.);
#1028=VECTOR('',#3574,10.);
#1029=VECTOR('',#3577,10.);
#1030=VECTOR('',#3578,10.);
#1031=VECTOR('',#3579,10.);
#1032=VECTOR('',#3582,10.);
#1033=VECTOR('',#3583,10.);
#1034=VECTOR('',#3584,10.);
#1035=VECTOR('',#3585,10.);
#1036=VECTOR('',#3592,10.);
#1037=VECTOR('',#3593,10.);
#1038=VECTOR('',#3596,10.);
#1039=VECTOR('',#3597,10.);
#1040=VECTOR('',#3598,10.);
#1041=VECTOR('',#3599,10.);
#1042=VECTOR('',#3602,10.);
#1043=VECTOR('',#3603,10.);
#1044=VECTOR('',#3604,10.);
#1045=VECTOR('',#3607,10.);
#1046=VECTOR('',#3608,10.);
#1047=VECTOR('',#3611,10.);
#1048=VECTOR('',#3612,10.);
#1049=VECTOR('',#3617,1.3);
#1050=VECTOR('',#3622,1.3);
#1051=VECTOR('',#3627,1.3);
#1052=VECTOR('',#3634,10.);
#1053=VECTOR('',#3635,1.3);
#1054=VECTOR('',#3642,1.8);
#1055=VECTOR('',#3645,10.);
#1056=VECTOR('',#3652,10.);
#1057=VECTOR('',#3653,10.);
#1058=VECTOR('',#3654,10.);
#1059=VECTOR('',#3659,10.);
#1060=VECTOR('',#3660,10.);
#1061=VECTOR('',#3665,10.);
#1062=VECTOR('',#3666,10.);
#1063=VECTOR('',#3669,10.);
#1064=VECTOR('',#3674,1.8);
#1065=VECTOR('',#3675,10.);
#1066=VECTOR('',#3678,10.);
#1067=VECTOR('',#3679,10.);
#1068=VECTOR('',#3680,10.);
#1069=VECTOR('',#3685,10.);
#1070=VECTOR('',#3688,10.);
#1071=VECTOR('',#3693,10.);
#1072=VECTOR('',#3696,10.);
#1073=VECTOR('',#3699,10.);
#1074=VECTOR('',#3700,10.);
#1075=VECTOR('',#3711,10.);
#1076=VECTOR('',#3712,10.);
#1077=VECTOR('',#3713,10.);
#1078=VECTOR('',#3716,10.);
#1079=VECTOR('',#3717,10.);
#1080=VECTOR('',#3720,10.);
#1081=VECTOR('',#3721,10.);
#1082=VECTOR('',#3722,10.);
#1083=VECTOR('',#3725,10.);
#1084=VECTOR('',#3728,10.);
#1085=VECTOR('',#3729,10.);
#1086=VECTOR('',#3730,10.);
#1087=VECTOR('',#3731,10.);
#1088=VECTOR('',#3732,10.);
#1089=VECTOR('',#3733,10.);
#1090=VECTOR('',#3734,10.);
#1091=VECTOR('',#3735,10.);
#1092=VECTOR('',#3736,10.);
#1093=VECTOR('',#3737,10.);
#1094=VECTOR('',#3738,10.);
#1095=VECTOR('',#3743,10.);
#1096=VECTOR('',#3744,10.);
#1097=VECTOR('',#3745,10.);
#1098=VECTOR('',#3748,10.);
#1099=VECTOR('',#3749,10.);
#1100=VECTOR('',#3754,10.);
#1101=VECTOR('',#3755,10.);
#1102=VECTOR('',#3758,10.);
#1103=VECTOR('',#3759,10.);
#1104=VECTOR('',#3762,10.);
#1105=VECTOR('',#3763,10.);
#1106=VECTOR('',#3766,10.);
#1107=VECTOR('',#3767,10.);
#1108=VECTOR('',#3772,10.);
#1109=VECTOR('',#3773,10.);
#1110=VECTOR('',#3776,10.);
#1111=VECTOR('',#3777,10.);
#1112=VECTOR('',#3778,10.);
#1113=VECTOR('',#3779,10.);
#1114=VECTOR('',#3782,10.);
#1115=VECTOR('',#3783,10.);
#1116=VECTOR('',#3784,10.);
#1117=VECTOR('',#3785,10.);
#1118=VECTOR('',#3792,10.);
#1119=VECTOR('',#3793,10.);
#1120=VECTOR('',#3796,10.);
#1121=VECTOR('',#3797,10.);
#1122=VECTOR('',#3800,10.);
#1123=VECTOR('',#3803,10.);
#1124=VECTOR('',#3804,10.);
#1125=VECTOR('',#3815,1.3);
#1126=VECTOR('',#3820,1.3);
#1127=VECTOR('',#3829,1.8);
#1128=VECTOR('',#3838,1.8);
#1129=VECTOR('',#3845,10.);
#1130=VECTOR('',#3848,10.);
#1131=VECTOR('',#3851,1.3);
#1132=VECTOR('',#3858,10.);
#1133=VECTOR('',#3859,1.3);
#1134=VECTOR('',#3862,1.8);
#1135=VECTOR('',#3865,10.);
#1136=VECTOR('',#3870,10.);
#1137=VECTOR('',#3871,10.);
#1138=VECTOR('',#3876,10.);
#1139=VECTOR('',#3879,10.);
#1140=VECTOR('',#3882,1.8);
#1141=VECTOR('',#3883,10.);
#1142=VECTOR('',#3886,10.);
#1143=VECTOR('',#3887,10.);
#1144=VECTOR('',#3888,10.);
#1145=VECTOR('',#3891,10.);
#1146=VECTOR('',#3898,10.);
#1147=VECTOR('',#3901,10.);
#1148=VECTOR('',#3906,1.74999999999998);
#1149=VECTOR('',#3911,1.74999999999999);
#1150=VECTOR('',#3914,10.);
#1151=VECTOR('',#3919,10.);
#1152=VECTOR('',#3920,10.);
#1153=VECTOR('',#3921,10.);
#1154=VECTOR('',#3922,10.);
#1155=VECTOR('',#3923,10.);
#1156=VECTOR('',#3926,10.);
#1157=VECTOR('',#3927,10.);
#1158=VECTOR('',#3928,10.);
#1159=VECTOR('',#3929,10.);
#1160=VECTOR('',#3930,10.);
#1161=VECTOR('',#3933,10.);
#1162=VECTOR('',#3934,10.);
#1163=VECTOR('',#3937,10.);
#1164=VECTOR('',#3940,10.);
#1165=VECTOR('',#3947,10.);
#1166=VECTOR('',#3948,10.);
#1167=VECTOR('',#3949,10.);
#1168=VECTOR('',#3950,10.);
#1169=VECTOR('',#3951,10.);
#1170=VECTOR('',#3954,10.);
#1171=VECTOR('',#3955,10.);
#1172=VECTOR('',#3956,10.);
#1173=VECTOR('',#3957,10.);
#1174=VECTOR('',#3958,10.);
#1175=VECTOR('',#3961,10.);
#1176=VECTOR('',#3964,10.);
#1177=VECTOR('',#3967,10.);
#1178=VECTOR('',#3970,10.);
#1179=VECTOR('',#3979,10.);
#1180=VECTOR('',#3980,10.);
#1181=VECTOR('',#3981,10.);
#1182=VECTOR('',#3982,10.);
#1183=VECTOR('',#3991,1.8);
#1184=VECTOR('',#3994,1.8);
#1185=VECTOR('',#3997,10.);
#1186=VECTOR('',#4000,10.);
#1187=VECTOR('',#4003,10.);
#1188=VECTOR('',#4006,10.);
#1189=VECTOR('',#4009,10.);
#1190=VECTOR('',#4016,2.55000000000001);
#1191=VECTOR('',#4019,2.55);
#1192=VECTOR('',#4022,2.55);
#1193=VECTOR('',#4025,10.);
#1194=VECTOR('',#4026,10.);
#1195=VECTOR('',#4027,10.);
#1196=VECTOR('',#4028,10.);
#1197=VECTOR('',#4029,10.);
#1198=VECTOR('',#4032,10.);
#1199=VECTOR('',#4033,10.);
#1200=VECTOR('',#4034,10.);
#1201=VECTOR('',#4037,10.);
#1202=VECTOR('',#4038,10.);
#1203=VECTOR('',#4041,10.);
#1204=VECTOR('',#4042,10.);
#1205=VECTOR('',#4045,10.);
#1206=VECTOR('',#4048,10.);
#1207=VECTOR('',#4053,10.);
#1208=VECTOR('',#4054,10.);
#1209=VECTOR('',#4055,10.);
#1210=VECTOR('',#4056,10.);
#1211=VECTOR('',#4057,10.);
#1212=VECTOR('',#4060,10.);
#1213=VECTOR('',#4061,10.);
#1214=VECTOR('',#4064,10.);
#1215=VECTOR('',#4065,10.);
#1216=VECTOR('',#4068,10.);
#1217=VECTOR('',#4069,10.);
#1218=VECTOR('',#4072,10.);
#1219=VECTOR('',#4073,10.);
#1220=VECTOR('',#4076,10.);
#1221=VECTOR('',#4081,10.);
#1222=VECTOR('',#4088,1.74999999999999);
#1223=VECTOR('',#4093,1.74999999999998);
#1224=VECTOR('',#4096,2.55);
#1225=VECTOR('',#4101,10.);
#1226=VECTOR('',#4102,10.);
#1227=VECTOR('',#4103,10.);
#1228=VECTOR('',#4106,10.);
#1229=VECTOR('',#4107,10.);
#1230=VECTOR('',#4110,10.);
#1231=VECTOR('',#4113,10.);
#1232=VECTOR('',#4116,10.);
#1233=VERTEX_POINT('',#4124);
#1234=VERTEX_POINT('',#4125);
#1235=VERTEX_POINT('',#4127);
#1236=VERTEX_POINT('',#4129);
#1237=VERTEX_POINT('',#4133);
#1238=VERTEX_POINT('',#4134);
#1239=VERTEX_POINT('',#4136);
#1240=VERTEX_POINT('',#4138);
#1241=VERTEX_POINT('',#4142);
#1242=VERTEX_POINT('',#4143);
#1243=VERTEX_POINT('',#4145);
#1244=VERTEX_POINT('',#4147);
#1245=VERTEX_POINT('',#4149);
#1246=VERTEX_POINT('',#4153);
#1247=VERTEX_POINT('',#4155);
#1248=VERTEX_POINT('',#4159);
#1249=VERTEX_POINT('',#4161);
#1250=VERTEX_POINT('',#4165);
#1251=VERTEX_POINT('',#4166);
#1252=VERTEX_POINT('',#4168);
#1253=VERTEX_POINT('',#4170);
#1254=VERTEX_POINT('',#4174);
#1255=VERTEX_POINT('',#4176);
#1256=VERTEX_POINT('',#4178);
#1257=VERTEX_POINT('',#4180);
#1258=VERTEX_POINT('',#4182);
#1259=VERTEX_POINT('',#4184);
#1260=VERTEX_POINT('',#4188);
#1261=VERTEX_POINT('',#4190);
#1262=VERTEX_POINT('',#4194);
#1263=VERTEX_POINT('',#4199);
#1264=VERTEX_POINT('',#4201);
#1265=VERTEX_POINT('',#4203);
#1266=VERTEX_POINT('',#4205);
#1267=VERTEX_POINT('',#4207);
#1268=VERTEX_POINT('',#4209);
#1269=VERTEX_POINT('',#4211);
#1270=VERTEX_POINT('',#4213);
#1271=VERTEX_POINT('',#4215);
#1272=VERTEX_POINT('',#4217);
#1273=VERTEX_POINT('',#4219);
#1274=VERTEX_POINT('',#4221);
#1275=VERTEX_POINT('',#4223);
#1276=VERTEX_POINT('',#4225);
#1277=VERTEX_POINT('',#4227);
#1278=VERTEX_POINT('',#4229);
#1279=VERTEX_POINT('',#4231);
#1280=VERTEX_POINT('',#4233);
#1281=VERTEX_POINT('',#4235);
#1282=VERTEX_POINT('',#4237);
#1283=VERTEX_POINT('',#4241);
#1284=VERTEX_POINT('',#4243);
#1285=VERTEX_POINT('',#4245);
#1286=VERTEX_POINT('',#4247);
#1287=VERTEX_POINT('',#4251);
#1288=VERTEX_POINT('',#4253);
#1289=VERTEX_POINT('',#4255);
#1290=VERTEX_POINT('',#4259);
#1291=VERTEX_POINT('',#4261);
#1292=VERTEX_POINT('',#4263);
#1293=VERTEX_POINT('',#4265);
#1294=VERTEX_POINT('',#4267);
#1295=VERTEX_POINT('',#4269);
#1296=VERTEX_POINT('',#4273);
#1297=VERTEX_POINT('',#4275);
#1298=VERTEX_POINT('',#4277);
#1299=VERTEX_POINT('',#4279);
#1300=VERTEX_POINT('',#4281);
#1301=VERTEX_POINT('',#4285);
#1302=VERTEX_POINT('',#4287);
#1303=VERTEX_POINT('',#4289);
#1304=VERTEX_POINT('',#4291);
#1305=VERTEX_POINT('',#4294);
#1306=VERTEX_POINT('',#4296);
#1307=VERTEX_POINT('',#4298);
#1308=VERTEX_POINT('',#4304);
#1309=VERTEX_POINT('',#4306);
#1310=VERTEX_POINT('',#4308);
#1311=VERTEX_POINT('',#4310);
#1312=VERTEX_POINT('',#4312);
#1313=VERTEX_POINT('',#4314);
#1314=VERTEX_POINT('',#4316);
#1315=VERTEX_POINT('',#4318);
#1316=VERTEX_POINT('',#4321);
#1317=VERTEX_POINT('',#4322);
#1318=VERTEX_POINT('',#4324);
#1319=VERTEX_POINT('',#4327);
#1320=VERTEX_POINT('',#4328);
#1321=VERTEX_POINT('',#4330);
#1322=VERTEX_POINT('',#4334);
#1323=VERTEX_POINT('',#4338);
#1324=VERTEX_POINT('',#4340);
#1325=VERTEX_POINT('',#4342);
#1326=VERTEX_POINT('',#4345);
#1327=VERTEX_POINT('',#4348);
#1328=VERTEX_POINT('',#4350);
#1329=VERTEX_POINT('',#4359);
#1330=VERTEX_POINT('',#4361);
#1331=VERTEX_POINT('',#4363);
#1332=VERTEX_POINT('',#4365);
#1333=VERTEX_POINT('',#4367);
#1334=VERTEX_POINT('',#4369);
#1335=VERTEX_POINT('',#4371);
#1336=VERTEX_POINT('',#4374);
#1337=VERTEX_POINT('',#4377);
#1338=VERTEX_POINT('',#4379);
#1339=VERTEX_POINT('',#4382);
#1340=VERTEX_POINT('',#4386);
#1341=VERTEX_POINT('',#4388);
#1342=VERTEX_POINT('',#4392);
#1343=VERTEX_POINT('',#4394);
#1344=VERTEX_POINT('',#4397);
#1345=VERTEX_POINT('',#4400);
#1346=VERTEX_POINT('',#4401);
#1347=VERTEX_POINT('',#4403);
#1348=VERTEX_POINT('',#4405);
#1349=VERTEX_POINT('',#4408);
#1350=VERTEX_POINT('',#4409);
#1351=VERTEX_POINT('',#4411);
#1352=VERTEX_POINT('',#4413);
#1353=VERTEX_POINT('',#4417);
#1354=VERTEX_POINT('',#4419);
#1355=VERTEX_POINT('',#4423);
#1356=VERTEX_POINT('',#4424);
#1357=VERTEX_POINT('',#4426);
#1358=VERTEX_POINT('',#4428);
#1359=VERTEX_POINT('',#4432);
#1360=VERTEX_POINT('',#4434);
#1361=VERTEX_POINT('',#4437);
#1362=VERTEX_POINT('',#4440);
#1363=VERTEX_POINT('',#4441);
#1364=VERTEX_POINT('',#4443);
#1365=VERTEX_POINT('',#4445);
#1366=VERTEX_POINT('',#4447);
#1367=VERTEX_POINT('',#4449);
#1368=VERTEX_POINT('',#4452);
#1369=VERTEX_POINT('',#4456);
#1370=VERTEX_POINT('',#4460);
#1371=VERTEX_POINT('',#4463);
#1372=VERTEX_POINT('',#4468);
#1373=VERTEX_POINT('',#4470);
#1374=VERTEX_POINT('',#4474);
#1375=VERTEX_POINT('',#4475);
#1376=VERTEX_POINT('',#4477);
#1377=VERTEX_POINT('',#4479);
#1378=VERTEX_POINT('',#4483);
#1379=VERTEX_POINT('',#4489);
#1380=VERTEX_POINT('',#4490);
#1381=VERTEX_POINT('',#4492);
#1382=VERTEX_POINT('',#4494);
#1383=VERTEX_POINT('',#4498);
#1384=VERTEX_POINT('',#4500);
#1385=VERTEX_POINT('',#4510);
#1386=VERTEX_POINT('',#4514);
#1387=VERTEX_POINT('',#4519);
#1388=VERTEX_POINT('',#4523);
#1389=VERTEX_POINT('',#4526);
#1390=VERTEX_POINT('',#4530);
#1391=VERTEX_POINT('',#4532);
#1392=VERTEX_POINT('',#4534);
#1393=VERTEX_POINT('',#4536);
#1394=VERTEX_POINT('',#4543);
#1395=VERTEX_POINT('',#4547);
#1396=VERTEX_POINT('',#4548);
#1397=VERTEX_POINT('',#4550);
#1398=VERTEX_POINT('',#4552);
#1399=VERTEX_POINT('',#4554);
#1400=VERTEX_POINT('',#4558);
#1401=VERTEX_POINT('',#4561);
#1402=VERTEX_POINT('',#4564);
#1403=VERTEX_POINT('',#4570);
#1404=VERTEX_POINT('',#4573);
#1405=VERTEX_POINT('',#4582);
#1406=VERTEX_POINT('',#4584);
#1407=VERTEX_POINT('',#4588);
#1408=VERTEX_POINT('',#4592);
#1409=VERTEX_POINT('',#4600);
#1410=VERTEX_POINT('',#4604);
#1411=VERTEX_POINT('',#4607);
#1412=VERTEX_POINT('',#4610);
#1413=VERTEX_POINT('',#4612);
#1414=VERTEX_POINT('',#4616);
#1415=VERTEX_POINT('',#4620);
#1416=VERTEX_POINT('',#4622);
#1417=VERTEX_POINT('',#4628);
#1418=VERTEX_POINT('',#4630);
#1419=VERTEX_POINT('',#4633);
#1420=VERTEX_POINT('',#4634);
#1421=VERTEX_POINT('',#4636);
#1422=VERTEX_POINT('',#4638);
#1423=VERTEX_POINT('',#4641);
#1424=VERTEX_POINT('',#4642);
#1425=VERTEX_POINT('',#4644);
#1426=VERTEX_POINT('',#4646);
#1427=VERTEX_POINT('',#4649);
#1428=VERTEX_POINT('',#4652);
#1429=VERTEX_POINT('',#4653);
#1430=VERTEX_POINT('',#4658);
#1431=VERTEX_POINT('',#4661);
#1432=VERTEX_POINT('',#4664);
#1433=VERTEX_POINT('',#4668);
#1434=VERTEX_POINT('',#4672);
#1435=VERTEX_POINT('',#4676);
#1436=VERTEX_POINT('',#4679);
#1437=VERTEX_POINT('',#4682);
#1438=VERTEX_POINT('',#4686);
#1439=VERTEX_POINT('',#4687);
#1440=VERTEX_POINT('',#4689);
#1441=VERTEX_POINT('',#4691);
#1442=VERTEX_POINT('',#4695);
#1443=VERTEX_POINT('',#4696);
#1444=VERTEX_POINT('',#4698);
#1445=VERTEX_POINT('',#4700);
#1446=VERTEX_POINT('',#4704);
#1447=VERTEX_POINT('',#4705);
#1448=VERTEX_POINT('',#4711);
#1449=VERTEX_POINT('',#4719);
#1450=VERTEX_POINT('',#4721);
#1451=VERTEX_POINT('',#4723);
#1452=VERTEX_POINT('',#4726);
#1453=VERTEX_POINT('',#4730);
#1454=VERTEX_POINT('',#4734);
#1455=VERTEX_POINT('',#4737);
#1456=VERTEX_POINT('',#4741);
#1457=VERTEX_POINT('',#4744);
#1458=VERTEX_POINT('',#4748);
#1459=VERTEX_POINT('',#4750);
#1460=VERTEX_POINT('',#4754);
#1461=VERTEX_POINT('',#4757);
#1462=VERTEX_POINT('',#4761);
#1463=VERTEX_POINT('',#4766);
#1464=VERTEX_POINT('',#4768);
#1465=VERTEX_POINT('',#4770);
#1466=VERTEX_POINT('',#4777);
#1467=VERTEX_POINT('',#4790);
#1468=VERTEX_POINT('',#4799);
#1469=VERTEX_POINT('',#4801);
#1470=VERTEX_POINT('',#4808);
#1471=VERTEX_POINT('',#4814);
#1472=VERTEX_POINT('',#4818);
#1473=VERTEX_POINT('',#4825);
#1474=VERTEX_POINT('',#4826);
#1475=VERTEX_POINT('',#4828);
#1476=VERTEX_POINT('',#4830);
#1477=VERTEX_POINT('',#4835);
#1478=VERTEX_POINT('',#4836);
#1479=VERTEX_POINT('',#4839);
#1480=VERTEX_POINT('',#4841);
#1481=VERTEX_POINT('',#4854);
#1482=VERTEX_POINT('',#4856);
#1483=VERTEX_POINT('',#4858);
#1484=VERTEX_POINT('',#4860);
#1485=VERTEX_POINT('',#4864);
#1486=VERTEX_POINT('',#4866);
#1487=VERTEX_POINT('',#4868);
#1488=VERTEX_POINT('',#4870);
#1489=VERTEX_POINT('',#4885);
#1490=VERTEX_POINT('',#4887);
#1491=VERTEX_POINT('',#4889);
#1492=VERTEX_POINT('',#4892);
#1493=VERTEX_POINT('',#4894);
#1494=VERTEX_POINT('',#4896);
#1495=VERTEX_POINT('',#4913);
#1496=VERTEX_POINT('',#4922);
#1497=VERTEX_POINT('',#4924);
#1498=VERTEX_POINT('',#4926);
#1499=VERTEX_POINT('',#4928);
#1500=VERTEX_POINT('',#4932);
#1501=VERTEX_POINT('',#4933);
#1502=VERTEX_POINT('',#4938);
#1503=VERTEX_POINT('',#4942);
#1504=VERTEX_POINT('',#4951);
#1505=VERTEX_POINT('',#4953);
#1506=VERTEX_POINT('',#4955);
#1507=VERTEX_POINT('',#4957);
#1508=VERTEX_POINT('',#4961);
#1509=VERTEX_POINT('',#4965);
#1510=VERTEX_POINT('',#4969);
#1511=VERTEX_POINT('',#4973);
#1512=VERTEX_POINT('',#4983);
#1513=VERTEX_POINT('',#4987);
#1514=VERTEX_POINT('',#4991);
#1515=VERTEX_POINT('',#4995);
#1516=VERTEX_POINT('',#4996);
#1517=VERTEX_POINT('',#5001);
#1518=EDGE_CURVE('',#1233,#1234,#509,.T.);
#1519=EDGE_CURVE('',#1233,#1235,#510,.T.);
#1520=EDGE_CURVE('',#1236,#1235,#511,.T.);
#1521=EDGE_CURVE('',#1234,#1236,#512,.T.);
#1522=EDGE_CURVE('',#1237,#1238,#513,.T.);
#1523=EDGE_CURVE('',#1239,#1237,#514,.T.);
#1524=EDGE_CURVE('',#1240,#1239,#515,.T.);
#1525=EDGE_CURVE('',#1238,#1240,#516,.T.);
#1526=EDGE_CURVE('',#1241,#1242,#517,.T.);
#1527=EDGE_CURVE('',#1243,#1241,#518,.T.);
#1528=EDGE_CURVE('',#1244,#1243,#519,.T.);
#1529=EDGE_CURVE('',#1244,#1245,#520,.T.);
#1530=EDGE_CURVE('',#1242,#1245,#521,.T.);
#1531=EDGE_CURVE('',#1246,#1233,#522,.T.);
#1532=EDGE_CURVE('',#1247,#1246,#523,.T.);
#1533=EDGE_CURVE('',#1235,#1247,#524,.T.);
#1534=EDGE_CURVE('',#1238,#1248,#525,.T.);
#1535=EDGE_CURVE('',#1249,#1240,#526,.T.);
#1536=EDGE_CURVE('',#1248,#1249,#527,.T.);
#1537=EDGE_CURVE('',#1250,#1251,#528,.T.);
#1538=EDGE_CURVE('',#1252,#1250,#529,.T.);
#1539=EDGE_CURVE('',#1253,#1252,#530,.T.);
#1540=EDGE_CURVE('',#1251,#1253,#531,.T.);
#1541=EDGE_CURVE('',#1254,#1241,#532,.T.);
#1542=EDGE_CURVE('',#1255,#1254,#533,.T.);
#1543=EDGE_CURVE('',#1256,#1255,#534,.T.);
#1544=EDGE_CURVE('',#1257,#1256,#535,.T.);
#1545=EDGE_CURVE('',#1258,#1257,#536,.T.);
#1546=EDGE_CURVE('',#1259,#1258,#537,.T.);
#1547=EDGE_CURVE('',#1243,#1259,#538,.T.);
#1548=EDGE_CURVE('',#1245,#1260,#539,.T.);
#1549=EDGE_CURVE('',#1261,#1244,#540,.T.);
#1550=EDGE_CURVE('',#1261,#1260,#541,.T.);
#1551=EDGE_CURVE('',#1262,#1254,#542,.T.);
#1552=EDGE_CURVE('',#1260,#1262,#543,.T.);
#1553=EDGE_CURVE('',#1255,#1261,#544,.T.);
#1554=EDGE_CURVE('',#1263,#1242,#545,.T.);
#1555=EDGE_CURVE('',#1263,#1264,#546,.T.);
#1556=EDGE_CURVE('',#1264,#1265,#547,.T.);
#1557=EDGE_CURVE('',#1265,#1266,#548,.T.);
#1558=EDGE_CURVE('',#1266,#1267,#549,.T.);
#1559=EDGE_CURVE('',#1267,#1268,#550,.T.);
#1560=EDGE_CURVE('',#1268,#1269,#551,.T.);
#1561=EDGE_CURVE('',#1269,#1270,#552,.T.);
#1562=EDGE_CURVE('',#1270,#1271,#553,.T.);
#1563=EDGE_CURVE('',#1271,#1272,#554,.T.);
#1564=EDGE_CURVE('',#1272,#1273,#555,.T.);
#1565=EDGE_CURVE('',#1273,#1274,#556,.T.);
#1566=EDGE_CURVE('',#1274,#1275,#557,.T.);
#1567=EDGE_CURVE('',#1275,#1276,#558,.T.);
#1568=EDGE_CURVE('',#1276,#1277,#559,.T.);
#1569=EDGE_CURVE('',#1277,#1278,#560,.T.);
#1570=EDGE_CURVE('',#1278,#1279,#561,.T.);
#1571=EDGE_CURVE('',#1279,#1280,#562,.T.);
#1572=EDGE_CURVE('',#1280,#1281,#563,.T.);
#1573=EDGE_CURVE('',#1281,#1282,#564,.T.);
#1574=EDGE_CURVE('',#1262,#1282,#565,.T.);
#1575=EDGE_CURVE('',#1249,#1283,#566,.T.);
#1576=EDGE_CURVE('',#1283,#1284,#567,.T.);
#1577=EDGE_CURVE('',#1285,#1284,#568,.T.);
#1578=EDGE_CURVE('',#1285,#1286,#569,.T.);
#1579=EDGE_CURVE('',#1286,#1248,#570,.T.);
#1580=EDGE_CURVE('',#1239,#1287,#571,.T.);
#1581=EDGE_CURVE('',#1287,#1288,#572,.T.);
#1582=EDGE_CURVE('',#1289,#1288,#573,.F.);
#1583=EDGE_CURVE('',#1283,#1289,#574,.T.);
#1584=EDGE_CURVE('',#1290,#1234,#575,.T.);
#1585=EDGE_CURVE('',#1291,#1290,#576,.T.);
#1586=EDGE_CURVE('',#1292,#1291,#577,.T.);
#1587=EDGE_CURVE('',#1292,#1293,#578,.T.);
#1588=EDGE_CURVE('',#1293,#1294,#101,.T.);
#1589=EDGE_CURVE('',#1294,#1295,#102,.T.);
#1590=EDGE_CURVE('',#1295,#1246,#579,.T.);
#1591=EDGE_CURVE('',#1236,#1296,#580,.T.);
#1592=EDGE_CURVE('',#1297,#1296,#581,.T.);
#1593=EDGE_CURVE('',#1297,#1298,#582,.T.);
#1594=EDGE_CURVE('',#1298,#1299,#583,.T.);
#1595=EDGE_CURVE('',#1299,#1300,#584,.T.);
#1596=EDGE_CURVE('',#1300,#1290,#585,.T.);
#1597=EDGE_CURVE('',#1301,#1252,#586,.T.);
#1598=EDGE_CURVE('',#1302,#1301,#587,.T.);
#1599=EDGE_CURVE('',#1303,#1302,#588,.T.);
#1600=EDGE_CURVE('',#1304,#1303,#589,.T.);
#1601=EDGE_CURVE('',#1253,#1304,#590,.T.);
#1602=EDGE_CURVE('',#1305,#1305,#103,.T.);
#1603=EDGE_CURVE('',#1306,#1306,#104,.T.);
#1604=EDGE_CURVE('',#1307,#1307,#105,.T.);
#1605=EDGE_CURVE('',#1284,#1250,#591,.T.);
#1606=EDGE_CURVE('',#1289,#1301,#592,.T.);
#1607=EDGE_CURVE('',#1308,#1259,#593,.T.);
#1608=EDGE_CURVE('',#1309,#1308,#594,.T.);
#1609=EDGE_CURVE('',#1310,#1309,#595,.T.);
#1610=EDGE_CURVE('',#1311,#1310,#596,.T.);
#1611=EDGE_CURVE('',#1312,#1311,#597,.T.);
#1612=EDGE_CURVE('',#1313,#1312,#598,.T.);
#1613=EDGE_CURVE('',#1314,#1313,#599,.T.);
#1614=EDGE_CURVE('',#1315,#1314,#600,.T.);
#1615=EDGE_CURVE('',#1256,#1315,#601,.T.);
#1616=EDGE_CURVE('',#1316,#1317,#602,.T.);
#1617=EDGE_CURVE('',#1318,#1316,#603,.T.);
#1618=EDGE_CURVE('',#1317,#1318,#604,.T.);
#1619=EDGE_CURVE('',#1319,#1320,#106,.T.);
#1620=EDGE_CURVE('',#1321,#1319,#605,.T.);
#1621=EDGE_CURVE('',#1320,#1321,#606,.T.);
#1622=EDGE_CURVE('',#1258,#1322,#607,.T.);
#1623=EDGE_CURVE('',#1322,#1308,#608,.T.);
#1624=EDGE_CURVE('',#1323,#1321,#609,.T.);
#1625=EDGE_CURVE('',#1324,#1323,#107,.T.);
#1626=EDGE_CURVE('',#1325,#1324,#108,.T.);
#1627=EDGE_CURVE('',#1320,#1325,#610,.T.);
#1628=EDGE_CURVE('',#1326,#1326,#109,.T.);
#1629=EDGE_CURVE('',#1327,#1318,#611,.T.);
#1630=EDGE_CURVE('',#1327,#1328,#612,.T.);
#1631=EDGE_CURVE('',#1328,#1317,#613,.T.);
#1632=EDGE_CURVE('',#1312,#1282,#614,.T.);
#1633=EDGE_CURVE('',#1282,#1313,#615,.T.);
#1634=EDGE_CURVE('',#1263,#1311,#616,.T.);
#1635=EDGE_CURVE('',#1329,#1281,#617,.T.);
#1636=EDGE_CURVE('',#1330,#1329,#618,.T.);
#1637=EDGE_CURVE('',#1331,#1330,#619,.T.);
#1638=EDGE_CURVE('',#1331,#1332,#620,.T.);
#1639=EDGE_CURVE('',#1332,#1333,#621,.T.);
#1640=EDGE_CURVE('',#1334,#1333,#622,.T.);
#1641=EDGE_CURVE('',#1334,#1335,#623,.T.);
#1642=EDGE_CURVE('',#1335,#1297,#624,.T.);
#1643=EDGE_CURVE('',#1296,#1336,#625,.T.);
#1644=EDGE_CURVE('',#1336,#1314,#626,.T.);
#1645=EDGE_CURVE('',#1337,#1337,#110,.T.);
#1646=EDGE_CURVE('',#1338,#1338,#111,.T.);
#1647=EDGE_CURVE('',#1298,#1339,#627,.T.);
#1648=EDGE_CURVE('',#1339,#1335,#628,.T.);
#1649=EDGE_CURVE('',#1340,#1331,#629,.T.);
#1650=EDGE_CURVE('',#1330,#1341,#630,.T.);
#1651=EDGE_CURVE('',#1341,#1340,#631,.T.);
#1652=EDGE_CURVE('',#1342,#1341,#632,.T.);
#1653=EDGE_CURVE('',#1329,#1343,#633,.T.);
#1654=EDGE_CURVE('',#1343,#1267,#634,.T.);
#1655=EDGE_CURVE('',#1266,#1344,#635,.T.);
#1656=EDGE_CURVE('',#1344,#1342,#636,.T.);
#1657=EDGE_CURVE('',#1345,#1346,#637,.T.);
#1658=EDGE_CURVE('',#1346,#1347,#638,.T.);
#1659=EDGE_CURVE('',#1347,#1348,#639,.T.);
#1660=EDGE_CURVE('',#1348,#1345,#640,.T.);
#1661=EDGE_CURVE('',#1349,#1350,#641,.T.);
#1662=EDGE_CURVE('',#1350,#1351,#642,.T.);
#1663=EDGE_CURVE('',#1351,#1352,#643,.T.);
#1664=EDGE_CURVE('',#1352,#1349,#644,.T.);
#1665=EDGE_CURVE('',#1353,#1280,#645,.T.);
#1666=EDGE_CURVE('',#1354,#1353,#646,.T.);
#1667=EDGE_CURVE('',#1354,#1343,#647,.T.);
#1668=EDGE_CURVE('',#1355,#1356,#648,.T.);
#1669=EDGE_CURVE('',#1355,#1357,#649,.T.);
#1670=EDGE_CURVE('',#1358,#1357,#650,.T.);
#1671=EDGE_CURVE('',#1356,#1358,#651,.T.);
#1672=EDGE_CURVE('',#1359,#1355,#652,.T.);
#1673=EDGE_CURVE('',#1359,#1360,#653,.T.);
#1674=EDGE_CURVE('',#1357,#1360,#654,.T.);
#1675=EDGE_CURVE('',#1361,#1361,#112,.T.);
#1676=EDGE_CURVE('',#1362,#1363,#655,.T.);
#1677=EDGE_CURVE('',#1364,#1363,#656,.T.);
#1678=EDGE_CURVE('',#1365,#1364,#657,.T.);
#1679=EDGE_CURVE('',#1365,#1366,#658,.T.);
#1680=EDGE_CURVE('',#1366,#1367,#659,.T.);
#1681=EDGE_CURVE('',#1362,#1367,#660,.T.);
#1682=EDGE_CURVE('',#1368,#1368,#113,.T.);
#1683=EDGE_CURVE('',#1339,#1366,#661,.T.);
#1684=EDGE_CURVE('',#1369,#1365,#662,.T.);
#1685=EDGE_CURVE('',#1369,#1299,#663,.T.);
#1686=EDGE_CURVE('',#1370,#1369,#664,.T.);
#1687=EDGE_CURVE('',#1370,#1300,#665,.T.);
#1688=EDGE_CURVE('',#1371,#1371,#114,.T.);
#1689=EDGE_CURVE('',#1291,#1370,#666,.T.);
#1690=EDGE_CURVE('',#1372,#1293,#667,.T.);
#1691=EDGE_CURVE('',#1373,#1292,#668,.T.);
#1692=EDGE_CURVE('',#1373,#1372,#669,.T.);
#1693=EDGE_CURVE('',#1374,#1375,#670,.T.);
#1694=EDGE_CURVE('',#1376,#1375,#671,.T.);
#1695=EDGE_CURVE('',#1377,#1376,#672,.T.);
#1696=EDGE_CURVE('',#1377,#1374,#673,.T.);
#1697=EDGE_CURVE('',#1286,#1378,#115,.T.);
#1698=EDGE_CURVE('',#1378,#1374,#116,.T.);
#1699=EDGE_CURVE('',#1356,#1377,#674,.T.);
#1700=EDGE_CURVE('',#1237,#1358,#675,.T.);
#1701=EDGE_CURVE('',#1379,#1380,#676,.T.);
#1702=EDGE_CURVE('',#1380,#1381,#677,.T.);
#1703=EDGE_CURVE('',#1382,#1381,#678,.T.);
#1704=EDGE_CURVE('',#1379,#1382,#679,.T.);
#1705=EDGE_CURVE('',#1380,#1383,#680,.T.);
#1706=EDGE_CURVE('',#1383,#1384,#681,.T.);
#1707=EDGE_CURVE('',#1381,#1384,#682,.T.);
#1708=EDGE_CURVE('',#1383,#1379,#683,.T.);
#1709=EDGE_CURVE('',#1384,#1382,#684,.T.);
#1710=EDGE_CURVE('',#1376,#1373,#685,.T.);
#1711=EDGE_CURVE('',#1364,#1359,#686,.T.);
#1712=EDGE_CURVE('',#1385,#1385,#117,.T.);
#1713=EDGE_CURVE('',#1385,#1371,#687,.T.);
#1714=EDGE_CURVE('',#1386,#1386,#118,.T.);
#1715=EDGE_CURVE('',#1386,#1361,#688,.T.);
#1716=EDGE_CURVE('',#1375,#1285,#119,.T.);
#1717=EDGE_CURVE('',#1378,#1387,#689,.T.);
#1718=EDGE_CURVE('',#1387,#1387,#120,.T.);
#1719=EDGE_CURVE('',#1388,#1372,#121,.T.);
#1720=EDGE_CURVE('',#1295,#1388,#690,.T.);
#1721=EDGE_CURVE('',#1294,#1389,#691,.T.);
#1722=EDGE_CURVE('',#1389,#1389,#122,.T.);
#1723=EDGE_CURVE('',#1390,#1390,#123,.T.);
#1724=EDGE_CURVE('',#1390,#1391,#692,.T.);
#1725=EDGE_CURVE('',#1391,#1392,#124,.T.);
#1726=EDGE_CURVE('',#1392,#1393,#25,.T.);
#1727=EDGE_CURVE('',#1393,#1394,#693,.T.);
#1728=EDGE_CURVE('',#1394,#1391,#125,.T.);
#1729=EDGE_CURVE('',#1395,#1396,#126,.T.);
#1730=EDGE_CURVE('',#1397,#1395,#694,.T.);
#1731=EDGE_CURVE('',#1398,#1397,#695,.T.);
#1732=EDGE_CURVE('',#1399,#1398,#696,.T.);
#1733=EDGE_CURVE('',#1396,#1399,#127,.T.);
#1734=EDGE_CURVE('',#1251,#1400,#697,.T.);
#1735=EDGE_CURVE('',#1388,#1400,#698,.T.);
#1736=EDGE_CURVE('',#1401,#1401,#128,.T.);
#1737=EDGE_CURVE('',#1400,#1402,#699,.T.);
#1738=EDGE_CURVE('',#1402,#1247,#700,.T.);
#1739=EDGE_CURVE('',#1336,#1402,#701,.T.);
#1740=EDGE_CURVE('',#1403,#1403,#129,.T.);
#1741=EDGE_CURVE('',#1403,#1396,#702,.T.);
#1742=EDGE_CURVE('',#1399,#1404,#703,.T.);
#1743=EDGE_CURVE('',#1404,#1395,#26,.T.);
#1744=EDGE_CURVE('',#1394,#1405,#704,.T.);
#1745=EDGE_CURVE('',#1406,#1405,#705,.T.);
#1746=EDGE_CURVE('',#1392,#1406,#706,.T.);
#1747=EDGE_CURVE('',#1407,#1406,#19,.F.);
#1748=EDGE_CURVE('',#1407,#1393,#707,.T.);
#1749=EDGE_CURVE('',#1404,#1408,#708,.T.);
#1750=EDGE_CURVE('',#1397,#1408,#20,.F.);
#1751=EDGE_CURVE('',#1408,#1398,#709,.T.);
#1752=EDGE_CURVE('',#1405,#1407,#710,.T.);
#1753=EDGE_CURVE('',#1409,#1334,#711,.T.);
#1754=EDGE_CURVE('',#1367,#1409,#712,.T.);
#1755=EDGE_CURVE('',#1410,#1410,#130,.T.);
#1756=EDGE_CURVE('',#1411,#1411,#131,.T.);
#1757=EDGE_CURVE('',#1360,#1412,#713,.T.);
#1758=EDGE_CURVE('',#1412,#1413,#714,.T.);
#1759=EDGE_CURVE('',#1413,#1287,#715,.T.);
#1760=EDGE_CURVE('',#1363,#1414,#716,.T.);
#1761=EDGE_CURVE('',#1414,#1412,#717,.T.);
#1762=EDGE_CURVE('',#1415,#1414,#718,.T.);
#1763=EDGE_CURVE('',#1416,#1415,#719,.F.);
#1764=EDGE_CURVE('',#1416,#1413,#720,.T.);
#1765=EDGE_CURVE('',#1315,#1304,#721,.T.);
#1766=EDGE_CURVE('',#1333,#1417,#722,.T.);
#1767=EDGE_CURVE('',#1332,#1418,#723,.T.);
#1768=EDGE_CURVE('',#1418,#1417,#724,.T.);
#1769=EDGE_CURVE('',#1419,#1420,#725,.T.);
#1770=EDGE_CURVE('',#1420,#1421,#726,.T.);
#1771=EDGE_CURVE('',#1421,#1422,#727,.T.);
#1772=EDGE_CURVE('',#1422,#1419,#728,.T.);
#1773=EDGE_CURVE('',#1423,#1424,#729,.T.);
#1774=EDGE_CURVE('',#1424,#1425,#730,.T.);
#1775=EDGE_CURVE('',#1425,#1426,#731,.T.);
#1776=EDGE_CURVE('',#1426,#1423,#732,.T.);
#1777=EDGE_CURVE('',#1427,#1427,#21,.T.);
#1778=EDGE_CURVE('',#1428,#1429,#733,.T.);
#1779=EDGE_CURVE('',#1428,#1271,#734,.T.);
#1780=EDGE_CURVE('',#1429,#1270,#735,.T.);
#1781=EDGE_CURVE('',#1430,#1428,#736,.T.);
#1782=EDGE_CURVE('',#1430,#1272,#737,.T.);
#1783=EDGE_CURVE('',#1431,#1431,#132,.T.);
#1784=EDGE_CURVE('',#1432,#1430,#738,.T.);
#1785=EDGE_CURVE('',#1432,#1273,#739,.T.);
#1786=EDGE_CURVE('',#1433,#1432,#740,.T.);
#1787=EDGE_CURVE('',#1433,#1274,#741,.T.);
#1788=EDGE_CURVE('',#1434,#1433,#742,.T.);
#1789=EDGE_CURVE('',#1434,#1275,#743,.T.);
#1790=EDGE_CURVE('',#1435,#1434,#744,.T.);
#1791=EDGE_CURVE('',#1435,#1276,#745,.T.);
#1792=EDGE_CURVE('',#1436,#1436,#133,.T.);
#1793=EDGE_CURVE('',#1437,#1435,#746,.T.);
#1794=EDGE_CURVE('',#1437,#1277,#747,.T.);
#1795=EDGE_CURVE('',#1438,#1439,#748,.T.);
#1796=EDGE_CURVE('',#1440,#1439,#749,.T.);
#1797=EDGE_CURVE('',#1441,#1440,#750,.T.);
#1798=EDGE_CURVE('',#1441,#1438,#751,.T.);
#1799=EDGE_CURVE('',#1442,#1443,#752,.T.);
#1800=EDGE_CURVE('',#1444,#1443,#753,.T.);
#1801=EDGE_CURVE('',#1445,#1444,#754,.T.);
#1802=EDGE_CURVE('',#1445,#1442,#755,.T.);
#1803=EDGE_CURVE('',#1446,#1447,#134,.T.);
#1804=EDGE_CURVE('',#1447,#1442,#135,.T.);
#1805=EDGE_CURVE('',#1429,#1445,#756,.T.);
#1806=EDGE_CURVE('',#1446,#1269,#757,.T.);
#1807=EDGE_CURVE('',#1328,#1448,#758,.T.);
#1808=EDGE_CURVE('',#1448,#1316,#759,.T.);
#1809=EDGE_CURVE('',#1448,#1327,#760,.T.);
#1810=EDGE_CURVE('',#1444,#1441,#761,.T.);
#1811=EDGE_CURVE('',#1440,#1437,#762,.T.);
#1812=EDGE_CURVE('',#1449,#1449,#136,.T.);
#1813=EDGE_CURVE('',#1450,#1450,#137,.T.);
#1814=EDGE_CURVE('',#1451,#1451,#138,.T.);
#1815=EDGE_CURVE('',#1452,#1452,#139,.T.);
#1816=EDGE_CURVE('',#1452,#1436,#763,.T.);
#1817=EDGE_CURVE('',#1453,#1453,#140,.T.);
#1818=EDGE_CURVE('',#1453,#1431,#764,.T.);
#1819=EDGE_CURVE('',#1454,#1454,#141,.T.);
#1820=EDGE_CURVE('',#1455,#1455,#142,.T.);
#1821=EDGE_CURVE('',#1455,#1454,#765,.T.);
#1822=EDGE_CURVE('',#1456,#1456,#143,.T.);
#1823=EDGE_CURVE('',#1457,#1457,#144,.T.);
#1824=EDGE_CURVE('',#1457,#1456,#766,.T.);
#1825=EDGE_CURVE('',#1439,#1458,#145,.T.);
#1826=EDGE_CURVE('',#1458,#1459,#146,.T.);
#1827=EDGE_CURVE('',#1459,#1278,#767,.T.);
#1828=EDGE_CURVE('',#1460,#1446,#768,.T.);
#1829=EDGE_CURVE('',#1443,#1460,#147,.T.);
#1830=EDGE_CURVE('',#1447,#1461,#769,.T.);
#1831=EDGE_CURVE('',#1461,#1461,#148,.T.);
#1832=EDGE_CURVE('',#1462,#1438,#149,.T.);
#1833=EDGE_CURVE('',#1459,#1462,#770,.T.);
#1834=EDGE_CURVE('',#1458,#1326,#771,.T.);
#1835=EDGE_CURVE('',#1338,#1463,#772,.T.);
#1836=EDGE_CURVE('',#1463,#1464,#150,.T.);
#1837=EDGE_CURVE('',#1464,#1465,#27,.T.);
#1838=EDGE_CURVE('',#1465,#1466,#773,.T.);
#1839=EDGE_CURVE('',#1466,#1463,#151,.T.);
#1840=EDGE_CURVE('',#1268,#1354,#774,.T.);
#1841=EDGE_CURVE('',#1460,#1353,#775,.T.);
#1842=EDGE_CURVE('',#1344,#1265,#776,.T.);
#1843=EDGE_CURVE('',#1264,#1342,#777,.T.);
#1844=EDGE_CURVE('',#1337,#1324,#778,.T.);
#1845=EDGE_CURVE('',#1323,#1467,#779,.T.);
#1846=EDGE_CURVE('',#1467,#1325,#28,.T.);
#1847=EDGE_CURVE('',#1466,#1468,#780,.T.);
#1848=EDGE_CURVE('',#1469,#1468,#781,.T.);
#1849=EDGE_CURVE('',#1464,#1469,#782,.T.);
#1850=EDGE_CURVE('',#1467,#1319,#783,.T.);
#1851=EDGE_CURVE('',#1470,#1469,#152,.T.);
#1852=EDGE_CURVE('',#1470,#1465,#784,.T.);
#1853=EDGE_CURVE('',#1468,#1470,#785,.T.);
#1854=EDGE_CURVE('',#1471,#1471,#153,.T.);
#1855=EDGE_CURVE('',#1471,#1451,#786,.T.);
#1856=EDGE_CURVE('',#1472,#1472,#154,.T.);
#1857=EDGE_CURVE('',#1472,#1450,#787,.T.);
#1858=EDGE_CURVE('',#1462,#1279,#788,.T.);
#1859=EDGE_CURVE('',#1473,#1474,#789,.T.);
#1860=EDGE_CURVE('',#1474,#1475,#790,.T.);
#1861=EDGE_CURVE('',#1475,#1476,#791,.T.);
#1862=EDGE_CURVE('',#1476,#1345,#792,.T.);
#1863=EDGE_CURVE('',#1348,#1473,#793,.T.);
#1864=EDGE_CURVE('',#1477,#1478,#794,.T.);
#1865=EDGE_CURVE('',#1347,#1478,#795,.T.);
#1866=EDGE_CURVE('',#1346,#1479,#796,.T.);
#1867=EDGE_CURVE('',#1480,#1479,#797,.T.);
#1868=EDGE_CURVE('',#1480,#1477,#798,.T.);
#1869=EDGE_CURVE('',#1477,#1474,#799,.T.);
#1870=EDGE_CURVE('',#1478,#1473,#800,.T.);
#1871=EDGE_CURVE('',#1480,#1475,#801,.T.);
#1872=EDGE_CURVE('',#1479,#1476,#802,.T.);
#1873=EDGE_CURVE('',#1481,#1349,#803,.T.);
#1874=EDGE_CURVE('',#1352,#1482,#804,.T.);
#1875=EDGE_CURVE('',#1482,#1483,#805,.T.);
#1876=EDGE_CURVE('',#1483,#1484,#806,.T.);
#1877=EDGE_CURVE('',#1484,#1481,#807,.T.);
#1878=EDGE_CURVE('',#1350,#1485,#808,.T.);
#1879=EDGE_CURVE('',#1485,#1486,#809,.T.);
#1880=EDGE_CURVE('',#1487,#1486,#810,.T.);
#1881=EDGE_CURVE('',#1488,#1487,#811,.T.);
#1882=EDGE_CURVE('',#1351,#1488,#812,.T.);
#1883=EDGE_CURVE('',#1485,#1481,#813,.T.);
#1884=EDGE_CURVE('',#1488,#1482,#814,.T.);
#1885=EDGE_CURVE('',#1487,#1483,#815,.T.);
#1886=EDGE_CURVE('',#1486,#1484,#816,.T.);
#1887=EDGE_CURVE('',#1489,#1257,#817,.T.);
#1888=EDGE_CURVE('',#1489,#1490,#818,.T.);
#1889=EDGE_CURVE('',#1490,#1491,#819,.T.);
#1890=EDGE_CURVE('',#1491,#1322,#820,.T.);
#1891=EDGE_CURVE('',#1492,#1492,#155,.T.);
#1892=EDGE_CURVE('',#1493,#1493,#156,.T.);
#1893=EDGE_CURVE('',#1494,#1494,#157,.T.);
#1894=EDGE_CURVE('',#1493,#1305,#821,.T.);
#1895=EDGE_CURVE('',#1494,#1306,#822,.T.);
#1896=EDGE_CURVE('',#1489,#1315,#823,.T.);
#1897=EDGE_CURVE('',#1490,#1303,#824,.T.);
#1898=EDGE_CURVE('',#1491,#1302,#825,.T.);
#1899=EDGE_CURVE('',#1308,#1301,#826,.T.);
#1900=EDGE_CURVE('',#1418,#1340,#827,.T.);
#1901=EDGE_CURVE('',#1495,#1495,#158,.T.);
#1902=EDGE_CURVE('',#1495,#1427,#828,.T.);
#1903=EDGE_CURVE('',#1307,#1401,#829,.T.);
#1904=EDGE_CURVE('',#1449,#1492,#830,.T.);
#1905=EDGE_CURVE('',#1426,#1496,#831,.T.);
#1906=EDGE_CURVE('',#1496,#1497,#832,.T.);
#1907=EDGE_CURVE('',#1497,#1498,#833,.T.);
#1908=EDGE_CURVE('',#1498,#1499,#834,.T.);
#1909=EDGE_CURVE('',#1499,#1423,#835,.T.);
#1910=EDGE_CURVE('',#1500,#1501,#836,.T.);
#1911=EDGE_CURVE('',#1500,#1497,#837,.T.);
#1912=EDGE_CURVE('',#1501,#1496,#838,.T.);
#1913=EDGE_CURVE('',#1502,#1500,#839,.T.);
#1914=EDGE_CURVE('',#1502,#1498,#840,.T.);
#1915=EDGE_CURVE('',#1502,#1503,#841,.T.);
#1916=EDGE_CURVE('',#1503,#1499,#842,.T.);
#1917=EDGE_CURVE('',#1425,#1501,#843,.T.);
#1918=EDGE_CURVE('',#1424,#1503,#844,.T.);
#1919=EDGE_CURVE('',#1422,#1504,#845,.T.);
#1920=EDGE_CURVE('',#1504,#1505,#846,.T.);
#1921=EDGE_CURVE('',#1505,#1506,#847,.T.);
#1922=EDGE_CURVE('',#1506,#1507,#848,.T.);
#1923=EDGE_CURVE('',#1507,#1419,#849,.T.);
#1924=EDGE_CURVE('',#1421,#1508,#850,.T.);
#1925=EDGE_CURVE('',#1508,#1504,#851,.T.);
#1926=EDGE_CURVE('',#1508,#1509,#852,.T.);
#1927=EDGE_CURVE('',#1509,#1505,#853,.T.);
#1928=EDGE_CURVE('',#1509,#1510,#854,.T.);
#1929=EDGE_CURVE('',#1510,#1506,#855,.T.);
#1930=EDGE_CURVE('',#1511,#1510,#856,.T.);
#1931=EDGE_CURVE('',#1511,#1507,#857,.T.);
#1932=EDGE_CURVE('',#1420,#1511,#858,.T.);
#1933=EDGE_CURVE('',#1309,#1288,#859,.T.);
#1934=EDGE_CURVE('',#1512,#1512,#22,.T.);
#1935=EDGE_CURVE('',#1512,#1410,#860,.T.);
#1936=EDGE_CURVE('',#1513,#1513,#23,.T.);
#1937=EDGE_CURVE('',#1513,#1411,#861,.T.);
#1938=EDGE_CURVE('',#1368,#1514,#862,.T.);
#1939=EDGE_CURVE('',#1514,#1514,#24,.T.);
#1940=EDGE_CURVE('',#1515,#1516,#863,.T.);
#1941=EDGE_CURVE('',#1515,#1416,#864,.T.);
#1942=EDGE_CURVE('',#1415,#1516,#865,.T.);
#1943=EDGE_CURVE('',#1516,#1517,#866,.T.);
#1944=EDGE_CURVE('',#1517,#1362,#867,.T.);
#1945=EDGE_CURVE('',#1517,#1409,#868,.T.);
#1946=EDGE_CURVE('',#1417,#1515,#869,.T.);
#1947=EDGE_CURVE('',#1310,#1263,#870,.T.);
#1948=ORIENTED_EDGE('',*,*,#1518,.F.);
#1949=ORIENTED_EDGE('',*,*,#1519,.T.);
#1950=ORIENTED_EDGE('',*,*,#1520,.F.);
#1951=ORIENTED_EDGE('',*,*,#1521,.F.);
#1952=ORIENTED_EDGE('',*,*,#1522,.F.);
#1953=ORIENTED_EDGE('',*,*,#1523,.F.);
#1954=ORIENTED_EDGE('',*,*,#1524,.F.);
#1955=ORIENTED_EDGE('',*,*,#1525,.F.);
#1956=ORIENTED_EDGE('',*,*,#1526,.F.);
#1957=ORIENTED_EDGE('',*,*,#1527,.F.);
#1958=ORIENTED_EDGE('',*,*,#1528,.F.);
#1959=ORIENTED_EDGE('',*,*,#1529,.T.);
#1960=ORIENTED_EDGE('',*,*,#1530,.F.);
#1961=ORIENTED_EDGE('',*,*,#1531,.F.);
#1962=ORIENTED_EDGE('',*,*,#1532,.F.);
#1963=ORIENTED_EDGE('',*,*,#1533,.F.);
#1964=ORIENTED_EDGE('',*,*,#1519,.F.);
#1965=ORIENTED_EDGE('',*,*,#1534,.F.);
#1966=ORIENTED_EDGE('',*,*,#1525,.T.);
#1967=ORIENTED_EDGE('',*,*,#1535,.F.);
#1968=ORIENTED_EDGE('',*,*,#1536,.F.);
#1969=ORIENTED_EDGE('',*,*,#1537,.F.);
#1970=ORIENTED_EDGE('',*,*,#1538,.F.);
#1971=ORIENTED_EDGE('',*,*,#1539,.F.);
#1972=ORIENTED_EDGE('',*,*,#1540,.F.);
#1973=ORIENTED_EDGE('',*,*,#1541,.F.);
#1974=ORIENTED_EDGE('',*,*,#1542,.F.);
#1975=ORIENTED_EDGE('',*,*,#1543,.F.);
#1976=ORIENTED_EDGE('',*,*,#1544,.F.);
#1977=ORIENTED_EDGE('',*,*,#1545,.F.);
#1978=ORIENTED_EDGE('',*,*,#1546,.F.);
#1979=ORIENTED_EDGE('',*,*,#1547,.F.);
#1980=ORIENTED_EDGE('',*,*,#1527,.T.);
#1981=ORIENTED_EDGE('',*,*,#1548,.F.);
#1982=ORIENTED_EDGE('',*,*,#1529,.F.);
#1983=ORIENTED_EDGE('',*,*,#1549,.F.);
#1984=ORIENTED_EDGE('',*,*,#1550,.T.);
#1985=ORIENTED_EDGE('',*,*,#1551,.F.);
#1986=ORIENTED_EDGE('',*,*,#1552,.F.);
#1987=ORIENTED_EDGE('',*,*,#1550,.F.);
#1988=ORIENTED_EDGE('',*,*,#1553,.F.);
#1989=ORIENTED_EDGE('',*,*,#1542,.T.);
#1990=ORIENTED_EDGE('',*,*,#1551,.T.);
#1991=ORIENTED_EDGE('',*,*,#1541,.T.);
#1992=ORIENTED_EDGE('',*,*,#1526,.T.);
#1993=ORIENTED_EDGE('',*,*,#1554,.F.);
#1994=ORIENTED_EDGE('',*,*,#1555,.T.);
#1995=ORIENTED_EDGE('',*,*,#1556,.T.);
#1996=ORIENTED_EDGE('',*,*,#1557,.T.);
#1997=ORIENTED_EDGE('',*,*,#1558,.T.);
#1998=ORIENTED_EDGE('',*,*,#1559,.T.);
#1999=ORIENTED_EDGE('',*,*,#1560,.T.);
#2000=ORIENTED_EDGE('',*,*,#1561,.T.);
#2001=ORIENTED_EDGE('',*,*,#1562,.T.);
#2002=ORIENTED_EDGE('',*,*,#1563,.T.);
#2003=ORIENTED_EDGE('',*,*,#1564,.T.);
#2004=ORIENTED_EDGE('',*,*,#1565,.T.);
#2005=ORIENTED_EDGE('',*,*,#1566,.T.);
#2006=ORIENTED_EDGE('',*,*,#1567,.T.);
#2007=ORIENTED_EDGE('',*,*,#1568,.T.);
#2008=ORIENTED_EDGE('',*,*,#1569,.T.);
#2009=ORIENTED_EDGE('',*,*,#1570,.T.);
#2010=ORIENTED_EDGE('',*,*,#1571,.T.);
#2011=ORIENTED_EDGE('',*,*,#1572,.T.);
#2012=ORIENTED_EDGE('',*,*,#1573,.T.);
#2013=ORIENTED_EDGE('',*,*,#1574,.F.);
#2014=ORIENTED_EDGE('',*,*,#1536,.T.);
#2015=ORIENTED_EDGE('',*,*,#1575,.T.);
#2016=ORIENTED_EDGE('',*,*,#1576,.T.);
#2017=ORIENTED_EDGE('',*,*,#1577,.F.);
#2018=ORIENTED_EDGE('',*,*,#1578,.T.);
#2019=ORIENTED_EDGE('',*,*,#1579,.T.);
#2020=ORIENTED_EDGE('',*,*,#1535,.T.);
#2021=ORIENTED_EDGE('',*,*,#1524,.T.);
#2022=ORIENTED_EDGE('',*,*,#1580,.T.);
#2023=ORIENTED_EDGE('',*,*,#1581,.T.);
#2024=ORIENTED_EDGE('',*,*,#1582,.F.);
#2025=ORIENTED_EDGE('',*,*,#1583,.F.);
#2026=ORIENTED_EDGE('',*,*,#1575,.F.);
#2027=ORIENTED_EDGE('',*,*,#1531,.T.);
#2028=ORIENTED_EDGE('',*,*,#1518,.T.);
#2029=ORIENTED_EDGE('',*,*,#1584,.F.);
#2030=ORIENTED_EDGE('',*,*,#1585,.F.);
#2031=ORIENTED_EDGE('',*,*,#1586,.F.);
#2032=ORIENTED_EDGE('',*,*,#1587,.T.);
#2033=ORIENTED_EDGE('',*,*,#1588,.T.);
#2034=ORIENTED_EDGE('',*,*,#1589,.T.);
#2035=ORIENTED_EDGE('',*,*,#1590,.T.);
#2036=ORIENTED_EDGE('',*,*,#1521,.T.);
#2037=ORIENTED_EDGE('',*,*,#1591,.T.);
#2038=ORIENTED_EDGE('',*,*,#1592,.F.);
#2039=ORIENTED_EDGE('',*,*,#1593,.T.);
#2040=ORIENTED_EDGE('',*,*,#1594,.T.);
#2041=ORIENTED_EDGE('',*,*,#1595,.T.);
#2042=ORIENTED_EDGE('',*,*,#1596,.T.);
#2043=ORIENTED_EDGE('',*,*,#1584,.T.);
#2044=ORIENTED_EDGE('',*,*,#1539,.T.);
#2045=ORIENTED_EDGE('',*,*,#1597,.F.);
#2046=ORIENTED_EDGE('',*,*,#1598,.F.);
#2047=ORIENTED_EDGE('',*,*,#1599,.F.);
#2048=ORIENTED_EDGE('',*,*,#1600,.F.);
#2049=ORIENTED_EDGE('',*,*,#1601,.F.);
#2050=ORIENTED_EDGE('',*,*,#1602,.F.);
#2051=ORIENTED_EDGE('',*,*,#1603,.F.);
#2052=ORIENTED_EDGE('',*,*,#1604,.T.);
#2053=ORIENTED_EDGE('',*,*,#1538,.T.);
#2054=ORIENTED_EDGE('',*,*,#1605,.F.);
#2055=ORIENTED_EDGE('',*,*,#1576,.F.);
#2056=ORIENTED_EDGE('',*,*,#1583,.T.);
#2057=ORIENTED_EDGE('',*,*,#1606,.T.);
#2058=ORIENTED_EDGE('',*,*,#1597,.T.);
#2059=ORIENTED_EDGE('',*,*,#1543,.T.);
#2060=ORIENTED_EDGE('',*,*,#1553,.T.);
#2061=ORIENTED_EDGE('',*,*,#1549,.T.);
#2062=ORIENTED_EDGE('',*,*,#1528,.T.);
#2063=ORIENTED_EDGE('',*,*,#1547,.T.);
#2064=ORIENTED_EDGE('',*,*,#1607,.F.);
#2065=ORIENTED_EDGE('',*,*,#1608,.F.);
#2066=ORIENTED_EDGE('',*,*,#1609,.F.);
#2067=ORIENTED_EDGE('',*,*,#1610,.F.);
#2068=ORIENTED_EDGE('',*,*,#1611,.F.);
#2069=ORIENTED_EDGE('',*,*,#1612,.F.);
#2070=ORIENTED_EDGE('',*,*,#1613,.F.);
#2071=ORIENTED_EDGE('',*,*,#1614,.F.);
#2072=ORIENTED_EDGE('',*,*,#1615,.F.);
#2073=ORIENTED_EDGE('',*,*,#1616,.F.);
#2074=ORIENTED_EDGE('',*,*,#1617,.F.);
#2075=ORIENTED_EDGE('',*,*,#1618,.F.);
#2076=ORIENTED_EDGE('',*,*,#1619,.F.);
#2077=ORIENTED_EDGE('',*,*,#1620,.F.);
#2078=ORIENTED_EDGE('',*,*,#1621,.F.);
#2079=ORIENTED_EDGE('',*,*,#1546,.T.);
#2080=ORIENTED_EDGE('',*,*,#1622,.T.);
#2081=ORIENTED_EDGE('',*,*,#1623,.T.);
#2082=ORIENTED_EDGE('',*,*,#1607,.T.);
#2083=ORIENTED_EDGE('',*,*,#1621,.T.);
#2084=ORIENTED_EDGE('',*,*,#1624,.F.);
#2085=ORIENTED_EDGE('',*,*,#1625,.F.);
#2086=ORIENTED_EDGE('',*,*,#1626,.F.);
#2087=ORIENTED_EDGE('',*,*,#1627,.F.);
#2088=ORIENTED_EDGE('',*,*,#1628,.F.);
#2089=ORIENTED_EDGE('',*,*,#1618,.T.);
#2090=ORIENTED_EDGE('',*,*,#1629,.F.);
#2091=ORIENTED_EDGE('',*,*,#1630,.T.);
#2092=ORIENTED_EDGE('',*,*,#1631,.T.);
#2093=ORIENTED_EDGE('',*,*,#1612,.T.);
#2094=ORIENTED_EDGE('',*,*,#1632,.T.);
#2095=ORIENTED_EDGE('',*,*,#1633,.T.);
#2096=ORIENTED_EDGE('',*,*,#1552,.T.);
#2097=ORIENTED_EDGE('',*,*,#1574,.T.);
#2098=ORIENTED_EDGE('',*,*,#1632,.F.);
#2099=ORIENTED_EDGE('',*,*,#1611,.T.);
#2100=ORIENTED_EDGE('',*,*,#1634,.F.);
#2101=ORIENTED_EDGE('',*,*,#1554,.T.);
#2102=ORIENTED_EDGE('',*,*,#1530,.T.);
#2103=ORIENTED_EDGE('',*,*,#1548,.T.);
#2104=ORIENTED_EDGE('',*,*,#1613,.T.);
#2105=ORIENTED_EDGE('',*,*,#1633,.F.);
#2106=ORIENTED_EDGE('',*,*,#1573,.F.);
#2107=ORIENTED_EDGE('',*,*,#1635,.F.);
#2108=ORIENTED_EDGE('',*,*,#1636,.F.);
#2109=ORIENTED_EDGE('',*,*,#1637,.F.);
#2110=ORIENTED_EDGE('',*,*,#1638,.T.);
#2111=ORIENTED_EDGE('',*,*,#1639,.T.);
#2112=ORIENTED_EDGE('',*,*,#1640,.F.);
#2113=ORIENTED_EDGE('',*,*,#1641,.T.);
#2114=ORIENTED_EDGE('',*,*,#1642,.T.);
#2115=ORIENTED_EDGE('',*,*,#1592,.T.);
#2116=ORIENTED_EDGE('',*,*,#1643,.T.);
#2117=ORIENTED_EDGE('',*,*,#1644,.T.);
#2118=ORIENTED_EDGE('',*,*,#1645,.F.);
#2119=ORIENTED_EDGE('',*,*,#1646,.F.);
#2120=ORIENTED_EDGE('',*,*,#1647,.F.);
#2121=ORIENTED_EDGE('',*,*,#1593,.F.);
#2122=ORIENTED_EDGE('',*,*,#1642,.F.);
#2123=ORIENTED_EDGE('',*,*,#1648,.F.);
#2124=ORIENTED_EDGE('',*,*,#1649,.T.);
#2125=ORIENTED_EDGE('',*,*,#1637,.T.);
#2126=ORIENTED_EDGE('',*,*,#1650,.T.);
#2127=ORIENTED_EDGE('',*,*,#1651,.T.);
#2128=ORIENTED_EDGE('',*,*,#1652,.T.);
#2129=ORIENTED_EDGE('',*,*,#1650,.F.);
#2130=ORIENTED_EDGE('',*,*,#1636,.T.);
#2131=ORIENTED_EDGE('',*,*,#1653,.T.);
#2132=ORIENTED_EDGE('',*,*,#1654,.T.);
#2133=ORIENTED_EDGE('',*,*,#1558,.F.);
#2134=ORIENTED_EDGE('',*,*,#1655,.T.);
#2135=ORIENTED_EDGE('',*,*,#1656,.T.);
#2136=ORIENTED_EDGE('',*,*,#1657,.T.);
#2137=ORIENTED_EDGE('',*,*,#1658,.T.);
#2138=ORIENTED_EDGE('',*,*,#1659,.T.);
#2139=ORIENTED_EDGE('',*,*,#1660,.T.);
#2140=ORIENTED_EDGE('',*,*,#1661,.T.);
#2141=ORIENTED_EDGE('',*,*,#1662,.T.);
#2142=ORIENTED_EDGE('',*,*,#1663,.T.);
#2143=ORIENTED_EDGE('',*,*,#1664,.T.);
#2144=ORIENTED_EDGE('',*,*,#1635,.T.);
#2145=ORIENTED_EDGE('',*,*,#1572,.F.);
#2146=ORIENTED_EDGE('',*,*,#1665,.F.);
#2147=ORIENTED_EDGE('',*,*,#1666,.F.);
#2148=ORIENTED_EDGE('',*,*,#1667,.T.);
#2149=ORIENTED_EDGE('',*,*,#1653,.F.);
#2150=ORIENTED_EDGE('',*,*,#1668,.F.);
#2151=ORIENTED_EDGE('',*,*,#1669,.T.);
#2152=ORIENTED_EDGE('',*,*,#1670,.F.);
#2153=ORIENTED_EDGE('',*,*,#1671,.F.);
#2154=ORIENTED_EDGE('',*,*,#1672,.F.);
#2155=ORIENTED_EDGE('',*,*,#1673,.T.);
#2156=ORIENTED_EDGE('',*,*,#1674,.F.);
#2157=ORIENTED_EDGE('',*,*,#1669,.F.);
#2158=ORIENTED_EDGE('',*,*,#1675,.T.);
#2159=ORIENTED_EDGE('',*,*,#1676,.T.);
#2160=ORIENTED_EDGE('',*,*,#1677,.F.);
#2161=ORIENTED_EDGE('',*,*,#1678,.F.);
#2162=ORIENTED_EDGE('',*,*,#1679,.T.);
#2163=ORIENTED_EDGE('',*,*,#1680,.T.);
#2164=ORIENTED_EDGE('',*,*,#1681,.F.);
#2165=ORIENTED_EDGE('',*,*,#1682,.T.);
#2166=ORIENTED_EDGE('',*,*,#1683,.T.);
#2167=ORIENTED_EDGE('',*,*,#1679,.F.);
#2168=ORIENTED_EDGE('',*,*,#1684,.F.);
#2169=ORIENTED_EDGE('',*,*,#1685,.T.);
#2170=ORIENTED_EDGE('',*,*,#1594,.F.);
#2171=ORIENTED_EDGE('',*,*,#1647,.T.);
#2172=ORIENTED_EDGE('',*,*,#1686,.F.);
#2173=ORIENTED_EDGE('',*,*,#1687,.T.);
#2174=ORIENTED_EDGE('',*,*,#1595,.F.);
#2175=ORIENTED_EDGE('',*,*,#1685,.F.);
#2176=ORIENTED_EDGE('',*,*,#1688,.T.);
#2177=ORIENTED_EDGE('',*,*,#1689,.F.);
#2178=ORIENTED_EDGE('',*,*,#1585,.T.);
#2179=ORIENTED_EDGE('',*,*,#1596,.F.);
#2180=ORIENTED_EDGE('',*,*,#1687,.F.);
#2181=ORIENTED_EDGE('',*,*,#1690,.T.);
#2182=ORIENTED_EDGE('',*,*,#1587,.F.);
#2183=ORIENTED_EDGE('',*,*,#1691,.F.);
#2184=ORIENTED_EDGE('',*,*,#1692,.T.);
#2185=ORIENTED_EDGE('',*,*,#1693,.T.);
#2186=ORIENTED_EDGE('',*,*,#1694,.F.);
#2187=ORIENTED_EDGE('',*,*,#1695,.F.);
#2188=ORIENTED_EDGE('',*,*,#1696,.T.);
#2189=ORIENTED_EDGE('',*,*,#1534,.T.);
#2190=ORIENTED_EDGE('',*,*,#1579,.F.);
#2191=ORIENTED_EDGE('',*,*,#1697,.T.);
#2192=ORIENTED_EDGE('',*,*,#1698,.T.);
#2193=ORIENTED_EDGE('',*,*,#1696,.F.);
#2194=ORIENTED_EDGE('',*,*,#1699,.F.);
#2195=ORIENTED_EDGE('',*,*,#1671,.T.);
#2196=ORIENTED_EDGE('',*,*,#1700,.F.);
#2197=ORIENTED_EDGE('',*,*,#1522,.T.);
#2198=ORIENTED_EDGE('',*,*,#1701,.T.);
#2199=ORIENTED_EDGE('',*,*,#1702,.T.);
#2200=ORIENTED_EDGE('',*,*,#1703,.F.);
#2201=ORIENTED_EDGE('',*,*,#1704,.F.);
#2202=ORIENTED_EDGE('',*,*,#1705,.T.);
#2203=ORIENTED_EDGE('',*,*,#1706,.T.);
#2204=ORIENTED_EDGE('',*,*,#1707,.F.);
#2205=ORIENTED_EDGE('',*,*,#1702,.F.);
#2206=ORIENTED_EDGE('',*,*,#1708,.T.);
#2207=ORIENTED_EDGE('',*,*,#1704,.T.);
#2208=ORIENTED_EDGE('',*,*,#1709,.F.);
#2209=ORIENTED_EDGE('',*,*,#1706,.F.);
#2210=ORIENTED_EDGE('',*,*,#1699,.T.);
#2211=ORIENTED_EDGE('',*,*,#1695,.T.);
#2212=ORIENTED_EDGE('',*,*,#1710,.T.);
#2213=ORIENTED_EDGE('',*,*,#1691,.T.);
#2214=ORIENTED_EDGE('',*,*,#1586,.T.);
#2215=ORIENTED_EDGE('',*,*,#1689,.T.);
#2216=ORIENTED_EDGE('',*,*,#1686,.T.);
#2217=ORIENTED_EDGE('',*,*,#1684,.T.);
#2218=ORIENTED_EDGE('',*,*,#1678,.T.);
#2219=ORIENTED_EDGE('',*,*,#1711,.T.);
#2220=ORIENTED_EDGE('',*,*,#1672,.T.);
#2221=ORIENTED_EDGE('',*,*,#1668,.T.);
#2222=ORIENTED_EDGE('',*,*,#1701,.F.);
#2223=ORIENTED_EDGE('',*,*,#1708,.F.);
#2224=ORIENTED_EDGE('',*,*,#1705,.F.);
#2225=ORIENTED_EDGE('',*,*,#1712,.T.);
#2226=ORIENTED_EDGE('',*,*,#1713,.T.);
#2227=ORIENTED_EDGE('',*,*,#1688,.F.);
#2228=ORIENTED_EDGE('',*,*,#1713,.F.);
#2229=ORIENTED_EDGE('',*,*,#1714,.T.);
#2230=ORIENTED_EDGE('',*,*,#1715,.T.);
#2231=ORIENTED_EDGE('',*,*,#1675,.F.);
#2232=ORIENTED_EDGE('',*,*,#1715,.F.);
#2233=ORIENTED_EDGE('',*,*,#1697,.F.);
#2234=ORIENTED_EDGE('',*,*,#1578,.F.);
#2235=ORIENTED_EDGE('',*,*,#1716,.F.);
#2236=ORIENTED_EDGE('',*,*,#1693,.F.);
#2237=ORIENTED_EDGE('',*,*,#1698,.F.);
#2238=ORIENTED_EDGE('',*,*,#1717,.T.);
#2239=ORIENTED_EDGE('',*,*,#1718,.T.);
#2240=ORIENTED_EDGE('',*,*,#1717,.F.);
#2241=ORIENTED_EDGE('',*,*,#1719,.F.);
#2242=ORIENTED_EDGE('',*,*,#1720,.F.);
#2243=ORIENTED_EDGE('',*,*,#1589,.F.);
#2244=ORIENTED_EDGE('',*,*,#1721,.T.);
#2245=ORIENTED_EDGE('',*,*,#1722,.T.);
#2246=ORIENTED_EDGE('',*,*,#1721,.F.);
#2247=ORIENTED_EDGE('',*,*,#1588,.F.);
#2248=ORIENTED_EDGE('',*,*,#1690,.F.);
#2249=ORIENTED_EDGE('',*,*,#1723,.F.);
#2250=ORIENTED_EDGE('',*,*,#1724,.T.);
#2251=ORIENTED_EDGE('',*,*,#1725,.T.);
#2252=ORIENTED_EDGE('',*,*,#1726,.T.);
#2253=ORIENTED_EDGE('',*,*,#1727,.T.);
#2254=ORIENTED_EDGE('',*,*,#1728,.T.);
#2255=ORIENTED_EDGE('',*,*,#1724,.F.);
#2256=ORIENTED_EDGE('',*,*,#1729,.F.);
#2257=ORIENTED_EDGE('',*,*,#1730,.F.);
#2258=ORIENTED_EDGE('',*,*,#1731,.F.);
#2259=ORIENTED_EDGE('',*,*,#1732,.F.);
#2260=ORIENTED_EDGE('',*,*,#1733,.F.);
#2261=ORIENTED_EDGE('',*,*,#1722,.F.);
#2262=ORIENTED_EDGE('',*,*,#1537,.T.);
#2263=ORIENTED_EDGE('',*,*,#1734,.T.);
#2264=ORIENTED_EDGE('',*,*,#1735,.F.);
#2265=ORIENTED_EDGE('',*,*,#1719,.T.);
#2266=ORIENTED_EDGE('',*,*,#1692,.F.);
#2267=ORIENTED_EDGE('',*,*,#1710,.F.);
#2268=ORIENTED_EDGE('',*,*,#1694,.T.);
#2269=ORIENTED_EDGE('',*,*,#1716,.T.);
#2270=ORIENTED_EDGE('',*,*,#1577,.T.);
#2271=ORIENTED_EDGE('',*,*,#1605,.T.);
#2272=ORIENTED_EDGE('',*,*,#1736,.T.);
#2273=ORIENTED_EDGE('',*,*,#1532,.T.);
#2274=ORIENTED_EDGE('',*,*,#1590,.F.);
#2275=ORIENTED_EDGE('',*,*,#1720,.T.);
#2276=ORIENTED_EDGE('',*,*,#1735,.T.);
#2277=ORIENTED_EDGE('',*,*,#1737,.T.);
#2278=ORIENTED_EDGE('',*,*,#1738,.T.);
#2279=ORIENTED_EDGE('',*,*,#1533,.T.);
#2280=ORIENTED_EDGE('',*,*,#1738,.F.);
#2281=ORIENTED_EDGE('',*,*,#1739,.F.);
#2282=ORIENTED_EDGE('',*,*,#1643,.F.);
#2283=ORIENTED_EDGE('',*,*,#1591,.F.);
#2284=ORIENTED_EDGE('',*,*,#1520,.T.);
#2285=ORIENTED_EDGE('',*,*,#1740,.F.);
#2286=ORIENTED_EDGE('',*,*,#1741,.T.);
#2287=ORIENTED_EDGE('',*,*,#1733,.T.);
#2288=ORIENTED_EDGE('',*,*,#1742,.T.);
#2289=ORIENTED_EDGE('',*,*,#1743,.T.);
#2290=ORIENTED_EDGE('',*,*,#1729,.T.);
#2291=ORIENTED_EDGE('',*,*,#1741,.F.);
#2292=ORIENTED_EDGE('',*,*,#1728,.F.);
#2293=ORIENTED_EDGE('',*,*,#1744,.T.);
#2294=ORIENTED_EDGE('',*,*,#1745,.F.);
#2295=ORIENTED_EDGE('',*,*,#1746,.F.);
#2296=ORIENTED_EDGE('',*,*,#1725,.F.);
#2297=ORIENTED_EDGE('',*,*,#1718,.F.);
#2298=ORIENTED_EDGE('',*,*,#1746,.T.);
#2299=ORIENTED_EDGE('',*,*,#1747,.F.);
#2300=ORIENTED_EDGE('',*,*,#1748,.T.);
#2301=ORIENTED_EDGE('',*,*,#1726,.F.);
#2302=ORIENTED_EDGE('',*,*,#1749,.T.);
#2303=ORIENTED_EDGE('',*,*,#1750,.F.);
#2304=ORIENTED_EDGE('',*,*,#1730,.T.);
#2305=ORIENTED_EDGE('',*,*,#1743,.F.);
#2306=ORIENTED_EDGE('',*,*,#1742,.F.);
#2307=ORIENTED_EDGE('',*,*,#1732,.T.);
#2308=ORIENTED_EDGE('',*,*,#1751,.F.);
#2309=ORIENTED_EDGE('',*,*,#1749,.F.);
#2310=ORIENTED_EDGE('',*,*,#1727,.F.);
#2311=ORIENTED_EDGE('',*,*,#1748,.F.);
#2312=ORIENTED_EDGE('',*,*,#1752,.F.);
#2313=ORIENTED_EDGE('',*,*,#1744,.F.);
#2314=ORIENTED_EDGE('',*,*,#1753,.F.);
#2315=ORIENTED_EDGE('',*,*,#1754,.F.);
#2316=ORIENTED_EDGE('',*,*,#1680,.F.);
#2317=ORIENTED_EDGE('',*,*,#1683,.F.);
#2318=ORIENTED_EDGE('',*,*,#1648,.T.);
#2319=ORIENTED_EDGE('',*,*,#1641,.F.);
#2320=ORIENTED_EDGE('',*,*,#1755,.F.);
#2321=ORIENTED_EDGE('',*,*,#1712,.F.);
#2322=ORIENTED_EDGE('',*,*,#1756,.F.);
#2323=ORIENTED_EDGE('',*,*,#1714,.F.);
#2324=ORIENTED_EDGE('',*,*,#1523,.T.);
#2325=ORIENTED_EDGE('',*,*,#1700,.T.);
#2326=ORIENTED_EDGE('',*,*,#1670,.T.);
#2327=ORIENTED_EDGE('',*,*,#1674,.T.);
#2328=ORIENTED_EDGE('',*,*,#1757,.T.);
#2329=ORIENTED_EDGE('',*,*,#1758,.T.);
#2330=ORIENTED_EDGE('',*,*,#1759,.T.);
#2331=ORIENTED_EDGE('',*,*,#1580,.F.);
#2332=ORIENTED_EDGE('',*,*,#1760,.T.);
#2333=ORIENTED_EDGE('',*,*,#1761,.T.);
#2334=ORIENTED_EDGE('',*,*,#1757,.F.);
#2335=ORIENTED_EDGE('',*,*,#1673,.F.);
#2336=ORIENTED_EDGE('',*,*,#1711,.F.);
#2337=ORIENTED_EDGE('',*,*,#1677,.T.);
#2338=ORIENTED_EDGE('',*,*,#1761,.F.);
#2339=ORIENTED_EDGE('',*,*,#1762,.F.);
#2340=ORIENTED_EDGE('',*,*,#1763,.F.);
#2341=ORIENTED_EDGE('',*,*,#1764,.T.);
#2342=ORIENTED_EDGE('',*,*,#1758,.F.);
#2343=ORIENTED_EDGE('',*,*,#1540,.T.);
#2344=ORIENTED_EDGE('',*,*,#1601,.T.);
#2345=ORIENTED_EDGE('',*,*,#1765,.F.);
#2346=ORIENTED_EDGE('',*,*,#1614,.T.);
#2347=ORIENTED_EDGE('',*,*,#1644,.F.);
#2348=ORIENTED_EDGE('',*,*,#1739,.T.);
#2349=ORIENTED_EDGE('',*,*,#1737,.F.);
#2350=ORIENTED_EDGE('',*,*,#1734,.F.);
#2351=ORIENTED_EDGE('',*,*,#1766,.F.);
#2352=ORIENTED_EDGE('',*,*,#1639,.F.);
#2353=ORIENTED_EDGE('',*,*,#1767,.T.);
#2354=ORIENTED_EDGE('',*,*,#1768,.T.);
#2355=ORIENTED_EDGE('',*,*,#1769,.T.);
#2356=ORIENTED_EDGE('',*,*,#1770,.T.);
#2357=ORIENTED_EDGE('',*,*,#1771,.T.);
#2358=ORIENTED_EDGE('',*,*,#1772,.T.);
#2359=ORIENTED_EDGE('',*,*,#1773,.T.);
#2360=ORIENTED_EDGE('',*,*,#1774,.T.);
#2361=ORIENTED_EDGE('',*,*,#1775,.T.);
#2362=ORIENTED_EDGE('',*,*,#1776,.T.);
#2363=ORIENTED_EDGE('',*,*,#1777,.T.);
#2364=ORIENTED_EDGE('',*,*,#1747,.T.);
#2365=ORIENTED_EDGE('',*,*,#1745,.T.);
#2366=ORIENTED_EDGE('',*,*,#1752,.T.);
#2367=ORIENTED_EDGE('',*,*,#1750,.T.);
#2368=ORIENTED_EDGE('',*,*,#1751,.T.);
#2369=ORIENTED_EDGE('',*,*,#1731,.T.);
#2370=ORIENTED_EDGE('',*,*,#1703,.T.);
#2371=ORIENTED_EDGE('',*,*,#1707,.T.);
#2372=ORIENTED_EDGE('',*,*,#1709,.T.);
#2373=ORIENTED_EDGE('',*,*,#1778,.F.);
#2374=ORIENTED_EDGE('',*,*,#1779,.T.);
#2375=ORIENTED_EDGE('',*,*,#1562,.F.);
#2376=ORIENTED_EDGE('',*,*,#1780,.F.);
#2377=ORIENTED_EDGE('',*,*,#1781,.F.);
#2378=ORIENTED_EDGE('',*,*,#1782,.T.);
#2379=ORIENTED_EDGE('',*,*,#1563,.F.);
#2380=ORIENTED_EDGE('',*,*,#1779,.F.);
#2381=ORIENTED_EDGE('',*,*,#1783,.T.);
#2382=ORIENTED_EDGE('',*,*,#1784,.F.);
#2383=ORIENTED_EDGE('',*,*,#1785,.T.);
#2384=ORIENTED_EDGE('',*,*,#1564,.F.);
#2385=ORIENTED_EDGE('',*,*,#1782,.F.);
#2386=ORIENTED_EDGE('',*,*,#1786,.F.);
#2387=ORIENTED_EDGE('',*,*,#1787,.T.);
#2388=ORIENTED_EDGE('',*,*,#1565,.F.);
#2389=ORIENTED_EDGE('',*,*,#1785,.F.);
#2390=ORIENTED_EDGE('',*,*,#1788,.F.);
#2391=ORIENTED_EDGE('',*,*,#1789,.T.);
#2392=ORIENTED_EDGE('',*,*,#1566,.F.);
#2393=ORIENTED_EDGE('',*,*,#1787,.F.);
#2394=ORIENTED_EDGE('',*,*,#1790,.F.);
#2395=ORIENTED_EDGE('',*,*,#1791,.T.);
#2396=ORIENTED_EDGE('',*,*,#1567,.F.);
#2397=ORIENTED_EDGE('',*,*,#1789,.F.);
#2398=ORIENTED_EDGE('',*,*,#1792,.T.);
#2399=ORIENTED_EDGE('',*,*,#1793,.F.);
#2400=ORIENTED_EDGE('',*,*,#1794,.T.);
#2401=ORIENTED_EDGE('',*,*,#1568,.F.);
#2402=ORIENTED_EDGE('',*,*,#1791,.F.);
#2403=ORIENTED_EDGE('',*,*,#1795,.T.);
#2404=ORIENTED_EDGE('',*,*,#1796,.F.);
#2405=ORIENTED_EDGE('',*,*,#1797,.F.);
#2406=ORIENTED_EDGE('',*,*,#1798,.T.);
#2407=ORIENTED_EDGE('',*,*,#1799,.T.);
#2408=ORIENTED_EDGE('',*,*,#1800,.F.);
#2409=ORIENTED_EDGE('',*,*,#1801,.F.);
#2410=ORIENTED_EDGE('',*,*,#1802,.T.);
#2411=ORIENTED_EDGE('',*,*,#1803,.T.);
#2412=ORIENTED_EDGE('',*,*,#1804,.T.);
#2413=ORIENTED_EDGE('',*,*,#1802,.F.);
#2414=ORIENTED_EDGE('',*,*,#1805,.F.);
#2415=ORIENTED_EDGE('',*,*,#1780,.T.);
#2416=ORIENTED_EDGE('',*,*,#1561,.F.);
#2417=ORIENTED_EDGE('',*,*,#1806,.F.);
#2418=ORIENTED_EDGE('',*,*,#1616,.T.);
#2419=ORIENTED_EDGE('',*,*,#1631,.F.);
#2420=ORIENTED_EDGE('',*,*,#1807,.T.);
#2421=ORIENTED_EDGE('',*,*,#1808,.T.);
#2422=ORIENTED_EDGE('',*,*,#1617,.T.);
#2423=ORIENTED_EDGE('',*,*,#1808,.F.);
#2424=ORIENTED_EDGE('',*,*,#1809,.T.);
#2425=ORIENTED_EDGE('',*,*,#1629,.T.);
#2426=ORIENTED_EDGE('',*,*,#1805,.T.);
#2427=ORIENTED_EDGE('',*,*,#1801,.T.);
#2428=ORIENTED_EDGE('',*,*,#1810,.T.);
#2429=ORIENTED_EDGE('',*,*,#1797,.T.);
#2430=ORIENTED_EDGE('',*,*,#1811,.T.);
#2431=ORIENTED_EDGE('',*,*,#1793,.T.);
#2432=ORIENTED_EDGE('',*,*,#1790,.T.);
#2433=ORIENTED_EDGE('',*,*,#1788,.T.);
#2434=ORIENTED_EDGE('',*,*,#1786,.T.);
#2435=ORIENTED_EDGE('',*,*,#1784,.T.);
#2436=ORIENTED_EDGE('',*,*,#1781,.T.);
#2437=ORIENTED_EDGE('',*,*,#1778,.T.);
#2438=ORIENTED_EDGE('',*,*,#1812,.T.);
#2439=ORIENTED_EDGE('',*,*,#1813,.T.);
#2440=ORIENTED_EDGE('',*,*,#1814,.T.);
#2441=ORIENTED_EDGE('',*,*,#1807,.F.);
#2442=ORIENTED_EDGE('',*,*,#1630,.F.);
#2443=ORIENTED_EDGE('',*,*,#1809,.F.);
#2444=ORIENTED_EDGE('',*,*,#1815,.T.);
#2445=ORIENTED_EDGE('',*,*,#1816,.T.);
#2446=ORIENTED_EDGE('',*,*,#1792,.F.);
#2447=ORIENTED_EDGE('',*,*,#1816,.F.);
#2448=ORIENTED_EDGE('',*,*,#1817,.T.);
#2449=ORIENTED_EDGE('',*,*,#1818,.T.);
#2450=ORIENTED_EDGE('',*,*,#1783,.F.);
#2451=ORIENTED_EDGE('',*,*,#1818,.F.);
#2452=ORIENTED_EDGE('',*,*,#1819,.F.);
#2453=ORIENTED_EDGE('',*,*,#1817,.F.);
#2454=ORIENTED_EDGE('',*,*,#1820,.T.);
#2455=ORIENTED_EDGE('',*,*,#1821,.T.);
#2456=ORIENTED_EDGE('',*,*,#1819,.T.);
#2457=ORIENTED_EDGE('',*,*,#1821,.F.);
#2458=ORIENTED_EDGE('',*,*,#1822,.F.);
#2459=ORIENTED_EDGE('',*,*,#1815,.F.);
#2460=ORIENTED_EDGE('',*,*,#1823,.T.);
#2461=ORIENTED_EDGE('',*,*,#1824,.T.);
#2462=ORIENTED_EDGE('',*,*,#1822,.T.);
#2463=ORIENTED_EDGE('',*,*,#1824,.F.);
#2464=ORIENTED_EDGE('',*,*,#1825,.T.);
#2465=ORIENTED_EDGE('',*,*,#1826,.T.);
#2466=ORIENTED_EDGE('',*,*,#1827,.T.);
#2467=ORIENTED_EDGE('',*,*,#1569,.F.);
#2468=ORIENTED_EDGE('',*,*,#1794,.F.);
#2469=ORIENTED_EDGE('',*,*,#1811,.F.);
#2470=ORIENTED_EDGE('',*,*,#1796,.T.);
#2471=ORIENTED_EDGE('',*,*,#1803,.F.);
#2472=ORIENTED_EDGE('',*,*,#1828,.F.);
#2473=ORIENTED_EDGE('',*,*,#1829,.F.);
#2474=ORIENTED_EDGE('',*,*,#1799,.F.);
#2475=ORIENTED_EDGE('',*,*,#1804,.F.);
#2476=ORIENTED_EDGE('',*,*,#1830,.T.);
#2477=ORIENTED_EDGE('',*,*,#1831,.T.);
#2478=ORIENTED_EDGE('',*,*,#1830,.F.);
#2479=ORIENTED_EDGE('',*,*,#1832,.F.);
#2480=ORIENTED_EDGE('',*,*,#1833,.F.);
#2481=ORIENTED_EDGE('',*,*,#1826,.F.);
#2482=ORIENTED_EDGE('',*,*,#1834,.T.);
#2483=ORIENTED_EDGE('',*,*,#1628,.T.);
#2484=ORIENTED_EDGE('',*,*,#1834,.F.);
#2485=ORIENTED_EDGE('',*,*,#1825,.F.);
#2486=ORIENTED_EDGE('',*,*,#1795,.F.);
#2487=ORIENTED_EDGE('',*,*,#1646,.T.);
#2488=ORIENTED_EDGE('',*,*,#1835,.T.);
#2489=ORIENTED_EDGE('',*,*,#1836,.T.);
#2490=ORIENTED_EDGE('',*,*,#1837,.T.);
#2491=ORIENTED_EDGE('',*,*,#1838,.T.);
#2492=ORIENTED_EDGE('',*,*,#1839,.T.);
#2493=ORIENTED_EDGE('',*,*,#1835,.F.);
#2494=ORIENTED_EDGE('',*,*,#1840,.T.);
#2495=ORIENTED_EDGE('',*,*,#1666,.T.);
#2496=ORIENTED_EDGE('',*,*,#1841,.F.);
#2497=ORIENTED_EDGE('',*,*,#1828,.T.);
#2498=ORIENTED_EDGE('',*,*,#1806,.T.);
#2499=ORIENTED_EDGE('',*,*,#1560,.F.);
#2500=ORIENTED_EDGE('',*,*,#1840,.F.);
#2501=ORIENTED_EDGE('',*,*,#1559,.F.);
#2502=ORIENTED_EDGE('',*,*,#1654,.F.);
#2503=ORIENTED_EDGE('',*,*,#1667,.F.);
#2504=ORIENTED_EDGE('',*,*,#1655,.F.);
#2505=ORIENTED_EDGE('',*,*,#1557,.F.);
#2506=ORIENTED_EDGE('',*,*,#1842,.F.);
#2507=ORIENTED_EDGE('',*,*,#1843,.T.);
#2508=ORIENTED_EDGE('',*,*,#1656,.F.);
#2509=ORIENTED_EDGE('',*,*,#1842,.T.);
#2510=ORIENTED_EDGE('',*,*,#1556,.F.);
#2511=ORIENTED_EDGE('',*,*,#1645,.T.);
#2512=ORIENTED_EDGE('',*,*,#1844,.T.);
#2513=ORIENTED_EDGE('',*,*,#1625,.T.);
#2514=ORIENTED_EDGE('',*,*,#1845,.T.);
#2515=ORIENTED_EDGE('',*,*,#1846,.T.);
#2516=ORIENTED_EDGE('',*,*,#1626,.T.);
#2517=ORIENTED_EDGE('',*,*,#1844,.F.);
#2518=ORIENTED_EDGE('',*,*,#1847,.T.);
#2519=ORIENTED_EDGE('',*,*,#1848,.F.);
#2520=ORIENTED_EDGE('',*,*,#1849,.F.);
#2521=ORIENTED_EDGE('',*,*,#1836,.F.);
#2522=ORIENTED_EDGE('',*,*,#1839,.F.);
#2523=ORIENTED_EDGE('',*,*,#1831,.F.);
#2524=ORIENTED_EDGE('',*,*,#1619,.T.);
#2525=ORIENTED_EDGE('',*,*,#1627,.T.);
#2526=ORIENTED_EDGE('',*,*,#1846,.F.);
#2527=ORIENTED_EDGE('',*,*,#1850,.T.);
#2528=ORIENTED_EDGE('',*,*,#1620,.T.);
#2529=ORIENTED_EDGE('',*,*,#1850,.F.);
#2530=ORIENTED_EDGE('',*,*,#1845,.F.);
#2531=ORIENTED_EDGE('',*,*,#1624,.T.);
#2532=ORIENTED_EDGE('',*,*,#1849,.T.);
#2533=ORIENTED_EDGE('',*,*,#1851,.F.);
#2534=ORIENTED_EDGE('',*,*,#1852,.T.);
#2535=ORIENTED_EDGE('',*,*,#1837,.F.);
#2536=ORIENTED_EDGE('',*,*,#1838,.F.);
#2537=ORIENTED_EDGE('',*,*,#1852,.F.);
#2538=ORIENTED_EDGE('',*,*,#1853,.F.);
#2539=ORIENTED_EDGE('',*,*,#1847,.F.);
#2540=ORIENTED_EDGE('',*,*,#1854,.T.);
#2541=ORIENTED_EDGE('',*,*,#1855,.T.);
#2542=ORIENTED_EDGE('',*,*,#1814,.F.);
#2543=ORIENTED_EDGE('',*,*,#1855,.F.);
#2544=ORIENTED_EDGE('',*,*,#1856,.T.);
#2545=ORIENTED_EDGE('',*,*,#1857,.T.);
#2546=ORIENTED_EDGE('',*,*,#1813,.F.);
#2547=ORIENTED_EDGE('',*,*,#1857,.F.);
#2548=ORIENTED_EDGE('',*,*,#1858,.F.);
#2549=ORIENTED_EDGE('',*,*,#1832,.T.);
#2550=ORIENTED_EDGE('',*,*,#1798,.F.);
#2551=ORIENTED_EDGE('',*,*,#1810,.F.);
#2552=ORIENTED_EDGE('',*,*,#1800,.T.);
#2553=ORIENTED_EDGE('',*,*,#1829,.T.);
#2554=ORIENTED_EDGE('',*,*,#1841,.T.);
#2555=ORIENTED_EDGE('',*,*,#1665,.T.);
#2556=ORIENTED_EDGE('',*,*,#1571,.F.);
#2557=ORIENTED_EDGE('',*,*,#1858,.T.);
#2558=ORIENTED_EDGE('',*,*,#1570,.F.);
#2559=ORIENTED_EDGE('',*,*,#1827,.F.);
#2560=ORIENTED_EDGE('',*,*,#1833,.T.);
#2561=ORIENTED_EDGE('',*,*,#1859,.T.);
#2562=ORIENTED_EDGE('',*,*,#1860,.T.);
#2563=ORIENTED_EDGE('',*,*,#1861,.T.);
#2564=ORIENTED_EDGE('',*,*,#1862,.T.);
#2565=ORIENTED_EDGE('',*,*,#1660,.F.);
#2566=ORIENTED_EDGE('',*,*,#1863,.T.);
#2567=ORIENTED_EDGE('',*,*,#1864,.T.);
#2568=ORIENTED_EDGE('',*,*,#1865,.F.);
#2569=ORIENTED_EDGE('',*,*,#1658,.F.);
#2570=ORIENTED_EDGE('',*,*,#1866,.T.);
#2571=ORIENTED_EDGE('',*,*,#1867,.F.);
#2572=ORIENTED_EDGE('',*,*,#1868,.T.);
#2573=ORIENTED_EDGE('',*,*,#1864,.F.);
#2574=ORIENTED_EDGE('',*,*,#1869,.T.);
#2575=ORIENTED_EDGE('',*,*,#1859,.F.);
#2576=ORIENTED_EDGE('',*,*,#1870,.F.);
#2577=ORIENTED_EDGE('',*,*,#1868,.F.);
#2578=ORIENTED_EDGE('',*,*,#1871,.T.);
#2579=ORIENTED_EDGE('',*,*,#1860,.F.);
#2580=ORIENTED_EDGE('',*,*,#1869,.F.);
#2581=ORIENTED_EDGE('',*,*,#1867,.T.);
#2582=ORIENTED_EDGE('',*,*,#1872,.T.);
#2583=ORIENTED_EDGE('',*,*,#1861,.F.);
#2584=ORIENTED_EDGE('',*,*,#1871,.F.);
#2585=ORIENTED_EDGE('',*,*,#1866,.F.);
#2586=ORIENTED_EDGE('',*,*,#1657,.F.);
#2587=ORIENTED_EDGE('',*,*,#1862,.F.);
#2588=ORIENTED_EDGE('',*,*,#1872,.F.);
#2589=ORIENTED_EDGE('',*,*,#1865,.T.);
#2590=ORIENTED_EDGE('',*,*,#1870,.T.);
#2591=ORIENTED_EDGE('',*,*,#1863,.F.);
#2592=ORIENTED_EDGE('',*,*,#1659,.F.);
#2593=ORIENTED_EDGE('',*,*,#1873,.T.);
#2594=ORIENTED_EDGE('',*,*,#1664,.F.);
#2595=ORIENTED_EDGE('',*,*,#1874,.T.);
#2596=ORIENTED_EDGE('',*,*,#1875,.T.);
#2597=ORIENTED_EDGE('',*,*,#1876,.T.);
#2598=ORIENTED_EDGE('',*,*,#1877,.T.);
#2599=ORIENTED_EDGE('',*,*,#1878,.T.);
#2600=ORIENTED_EDGE('',*,*,#1879,.T.);
#2601=ORIENTED_EDGE('',*,*,#1880,.F.);
#2602=ORIENTED_EDGE('',*,*,#1881,.F.);
#2603=ORIENTED_EDGE('',*,*,#1882,.F.);
#2604=ORIENTED_EDGE('',*,*,#1662,.F.);
#2605=ORIENTED_EDGE('',*,*,#1878,.F.);
#2606=ORIENTED_EDGE('',*,*,#1661,.F.);
#2607=ORIENTED_EDGE('',*,*,#1873,.F.);
#2608=ORIENTED_EDGE('',*,*,#1883,.F.);
#2609=ORIENTED_EDGE('',*,*,#1882,.T.);
#2610=ORIENTED_EDGE('',*,*,#1884,.T.);
#2611=ORIENTED_EDGE('',*,*,#1874,.F.);
#2612=ORIENTED_EDGE('',*,*,#1663,.F.);
#2613=ORIENTED_EDGE('',*,*,#1881,.T.);
#2614=ORIENTED_EDGE('',*,*,#1885,.T.);
#2615=ORIENTED_EDGE('',*,*,#1875,.F.);
#2616=ORIENTED_EDGE('',*,*,#1884,.F.);
#2617=ORIENTED_EDGE('',*,*,#1880,.T.);
#2618=ORIENTED_EDGE('',*,*,#1886,.T.);
#2619=ORIENTED_EDGE('',*,*,#1876,.F.);
#2620=ORIENTED_EDGE('',*,*,#1885,.F.);
#2621=ORIENTED_EDGE('',*,*,#1879,.F.);
#2622=ORIENTED_EDGE('',*,*,#1883,.T.);
#2623=ORIENTED_EDGE('',*,*,#1877,.F.);
#2624=ORIENTED_EDGE('',*,*,#1886,.F.);
#2625=ORIENTED_EDGE('',*,*,#1723,.T.);
#2626=ORIENTED_EDGE('',*,*,#1740,.T.);
#2627=ORIENTED_EDGE('',*,*,#1545,.T.);
#2628=ORIENTED_EDGE('',*,*,#1887,.F.);
#2629=ORIENTED_EDGE('',*,*,#1888,.T.);
#2630=ORIENTED_EDGE('',*,*,#1889,.T.);
#2631=ORIENTED_EDGE('',*,*,#1890,.T.);
#2632=ORIENTED_EDGE('',*,*,#1622,.F.);
#2633=ORIENTED_EDGE('',*,*,#1891,.T.);
#2634=ORIENTED_EDGE('',*,*,#1856,.F.);
#2635=ORIENTED_EDGE('',*,*,#1854,.F.);
#2636=ORIENTED_EDGE('',*,*,#1892,.F.);
#2637=ORIENTED_EDGE('',*,*,#1893,.F.);
#2638=ORIENTED_EDGE('',*,*,#1892,.T.);
#2639=ORIENTED_EDGE('',*,*,#1894,.T.);
#2640=ORIENTED_EDGE('',*,*,#1602,.T.);
#2641=ORIENTED_EDGE('',*,*,#1894,.F.);
#2642=ORIENTED_EDGE('',*,*,#1893,.T.);
#2643=ORIENTED_EDGE('',*,*,#1895,.T.);
#2644=ORIENTED_EDGE('',*,*,#1603,.T.);
#2645=ORIENTED_EDGE('',*,*,#1895,.F.);
#2646=ORIENTED_EDGE('',*,*,#1544,.T.);
#2647=ORIENTED_EDGE('',*,*,#1615,.T.);
#2648=ORIENTED_EDGE('',*,*,#1896,.F.);
#2649=ORIENTED_EDGE('',*,*,#1887,.T.);
#2650=ORIENTED_EDGE('',*,*,#1600,.T.);
#2651=ORIENTED_EDGE('',*,*,#1897,.F.);
#2652=ORIENTED_EDGE('',*,*,#1888,.F.);
#2653=ORIENTED_EDGE('',*,*,#1896,.T.);
#2654=ORIENTED_EDGE('',*,*,#1765,.T.);
#2655=ORIENTED_EDGE('',*,*,#1599,.T.);
#2656=ORIENTED_EDGE('',*,*,#1898,.F.);
#2657=ORIENTED_EDGE('',*,*,#1889,.F.);
#2658=ORIENTED_EDGE('',*,*,#1897,.T.);
#2659=ORIENTED_EDGE('',*,*,#1598,.T.);
#2660=ORIENTED_EDGE('',*,*,#1899,.F.);
#2661=ORIENTED_EDGE('',*,*,#1623,.F.);
#2662=ORIENTED_EDGE('',*,*,#1890,.F.);
#2663=ORIENTED_EDGE('',*,*,#1898,.T.);
#2664=ORIENTED_EDGE('',*,*,#1649,.F.);
#2665=ORIENTED_EDGE('',*,*,#1900,.F.);
#2666=ORIENTED_EDGE('',*,*,#1767,.F.);
#2667=ORIENTED_EDGE('',*,*,#1638,.F.);
#2668=ORIENTED_EDGE('',*,*,#1901,.T.);
#2669=ORIENTED_EDGE('',*,*,#1901,.F.);
#2670=ORIENTED_EDGE('',*,*,#1902,.T.);
#2671=ORIENTED_EDGE('',*,*,#1777,.F.);
#2672=ORIENTED_EDGE('',*,*,#1902,.F.);
#2673=ORIENTED_EDGE('',*,*,#1604,.F.);
#2674=ORIENTED_EDGE('',*,*,#1903,.T.);
#2675=ORIENTED_EDGE('',*,*,#1736,.F.);
#2676=ORIENTED_EDGE('',*,*,#1903,.F.);
#2677=ORIENTED_EDGE('',*,*,#1812,.F.);
#2678=ORIENTED_EDGE('',*,*,#1904,.T.);
#2679=ORIENTED_EDGE('',*,*,#1891,.F.);
#2680=ORIENTED_EDGE('',*,*,#1904,.F.);
#2681=ORIENTED_EDGE('',*,*,#1776,.F.);
#2682=ORIENTED_EDGE('',*,*,#1905,.T.);
#2683=ORIENTED_EDGE('',*,*,#1906,.T.);
#2684=ORIENTED_EDGE('',*,*,#1907,.T.);
#2685=ORIENTED_EDGE('',*,*,#1908,.T.);
#2686=ORIENTED_EDGE('',*,*,#1909,.T.);
#2687=ORIENTED_EDGE('',*,*,#1910,.F.);
#2688=ORIENTED_EDGE('',*,*,#1911,.T.);
#2689=ORIENTED_EDGE('',*,*,#1906,.F.);
#2690=ORIENTED_EDGE('',*,*,#1912,.F.);
#2691=ORIENTED_EDGE('',*,*,#1913,.F.);
#2692=ORIENTED_EDGE('',*,*,#1914,.T.);
#2693=ORIENTED_EDGE('',*,*,#1907,.F.);
#2694=ORIENTED_EDGE('',*,*,#1911,.F.);
#2695=ORIENTED_EDGE('',*,*,#1915,.T.);
#2696=ORIENTED_EDGE('',*,*,#1916,.T.);
#2697=ORIENTED_EDGE('',*,*,#1908,.F.);
#2698=ORIENTED_EDGE('',*,*,#1914,.F.);
#2699=ORIENTED_EDGE('',*,*,#1775,.F.);
#2700=ORIENTED_EDGE('',*,*,#1917,.T.);
#2701=ORIENTED_EDGE('',*,*,#1912,.T.);
#2702=ORIENTED_EDGE('',*,*,#1905,.F.);
#2703=ORIENTED_EDGE('',*,*,#1773,.F.);
#2704=ORIENTED_EDGE('',*,*,#1909,.F.);
#2705=ORIENTED_EDGE('',*,*,#1916,.F.);
#2706=ORIENTED_EDGE('',*,*,#1918,.F.);
#2707=ORIENTED_EDGE('',*,*,#1774,.F.);
#2708=ORIENTED_EDGE('',*,*,#1918,.T.);
#2709=ORIENTED_EDGE('',*,*,#1915,.F.);
#2710=ORIENTED_EDGE('',*,*,#1913,.T.);
#2711=ORIENTED_EDGE('',*,*,#1910,.T.);
#2712=ORIENTED_EDGE('',*,*,#1917,.F.);
#2713=ORIENTED_EDGE('',*,*,#1772,.F.);
#2714=ORIENTED_EDGE('',*,*,#1919,.T.);
#2715=ORIENTED_EDGE('',*,*,#1920,.T.);
#2716=ORIENTED_EDGE('',*,*,#1921,.T.);
#2717=ORIENTED_EDGE('',*,*,#1922,.T.);
#2718=ORIENTED_EDGE('',*,*,#1923,.T.);
#2719=ORIENTED_EDGE('',*,*,#1771,.F.);
#2720=ORIENTED_EDGE('',*,*,#1924,.T.);
#2721=ORIENTED_EDGE('',*,*,#1925,.T.);
#2722=ORIENTED_EDGE('',*,*,#1919,.F.);
#2723=ORIENTED_EDGE('',*,*,#1926,.T.);
#2724=ORIENTED_EDGE('',*,*,#1927,.T.);
#2725=ORIENTED_EDGE('',*,*,#1920,.F.);
#2726=ORIENTED_EDGE('',*,*,#1925,.F.);
#2727=ORIENTED_EDGE('',*,*,#1928,.T.);
#2728=ORIENTED_EDGE('',*,*,#1929,.T.);
#2729=ORIENTED_EDGE('',*,*,#1921,.F.);
#2730=ORIENTED_EDGE('',*,*,#1927,.F.);
#2731=ORIENTED_EDGE('',*,*,#1930,.F.);
#2732=ORIENTED_EDGE('',*,*,#1931,.T.);
#2733=ORIENTED_EDGE('',*,*,#1922,.F.);
#2734=ORIENTED_EDGE('',*,*,#1929,.F.);
#2735=ORIENTED_EDGE('',*,*,#1769,.F.);
#2736=ORIENTED_EDGE('',*,*,#1923,.F.);
#2737=ORIENTED_EDGE('',*,*,#1931,.F.);
#2738=ORIENTED_EDGE('',*,*,#1932,.F.);
#2739=ORIENTED_EDGE('',*,*,#1770,.F.);
#2740=ORIENTED_EDGE('',*,*,#1932,.T.);
#2741=ORIENTED_EDGE('',*,*,#1930,.T.);
#2742=ORIENTED_EDGE('',*,*,#1928,.F.);
#2743=ORIENTED_EDGE('',*,*,#1926,.F.);
#2744=ORIENTED_EDGE('',*,*,#1924,.F.);
#2745=ORIENTED_EDGE('',*,*,#1606,.F.);
#2746=ORIENTED_EDGE('',*,*,#1582,.T.);
#2747=ORIENTED_EDGE('',*,*,#1933,.F.);
#2748=ORIENTED_EDGE('',*,*,#1608,.T.);
#2749=ORIENTED_EDGE('',*,*,#1899,.T.);
#2750=ORIENTED_EDGE('',*,*,#1853,.T.);
#2751=ORIENTED_EDGE('',*,*,#1851,.T.);
#2752=ORIENTED_EDGE('',*,*,#1848,.T.);
#2753=ORIENTED_EDGE('',*,*,#1934,.F.);
#2754=ORIENTED_EDGE('',*,*,#1935,.T.);
#2755=ORIENTED_EDGE('',*,*,#1755,.T.);
#2756=ORIENTED_EDGE('',*,*,#1935,.F.);
#2757=ORIENTED_EDGE('',*,*,#1936,.F.);
#2758=ORIENTED_EDGE('',*,*,#1937,.T.);
#2759=ORIENTED_EDGE('',*,*,#1756,.T.);
#2760=ORIENTED_EDGE('',*,*,#1937,.F.);
#2761=ORIENTED_EDGE('',*,*,#1682,.F.);
#2762=ORIENTED_EDGE('',*,*,#1938,.T.);
#2763=ORIENTED_EDGE('',*,*,#1939,.F.);
#2764=ORIENTED_EDGE('',*,*,#1938,.F.);
#2765=ORIENTED_EDGE('',*,*,#1940,.F.);
#2766=ORIENTED_EDGE('',*,*,#1941,.T.);
#2767=ORIENTED_EDGE('',*,*,#1763,.T.);
#2768=ORIENTED_EDGE('',*,*,#1942,.T.);
#2769=ORIENTED_EDGE('',*,*,#1943,.F.);
#2770=ORIENTED_EDGE('',*,*,#1942,.F.);
#2771=ORIENTED_EDGE('',*,*,#1762,.T.);
#2772=ORIENTED_EDGE('',*,*,#1760,.F.);
#2773=ORIENTED_EDGE('',*,*,#1676,.F.);
#2774=ORIENTED_EDGE('',*,*,#1944,.F.);
#2775=ORIENTED_EDGE('',*,*,#1945,.F.);
#2776=ORIENTED_EDGE('',*,*,#1944,.T.);
#2777=ORIENTED_EDGE('',*,*,#1681,.T.);
#2778=ORIENTED_EDGE('',*,*,#1754,.T.);
#2779=ORIENTED_EDGE('',*,*,#1753,.T.);
#2780=ORIENTED_EDGE('',*,*,#1640,.T.);
#2781=ORIENTED_EDGE('',*,*,#1766,.T.);
#2782=ORIENTED_EDGE('',*,*,#1946,.T.);
#2783=ORIENTED_EDGE('',*,*,#1940,.T.);
#2784=ORIENTED_EDGE('',*,*,#1943,.T.);
#2785=ORIENTED_EDGE('',*,*,#1945,.T.);
#2786=ORIENTED_EDGE('',*,*,#1939,.T.);
#2787=ORIENTED_EDGE('',*,*,#1936,.T.);
#2788=ORIENTED_EDGE('',*,*,#1934,.T.);
#2789=ORIENTED_EDGE('',*,*,#1933,.T.);
#2790=ORIENTED_EDGE('',*,*,#1581,.F.);
#2791=ORIENTED_EDGE('',*,*,#1759,.F.);
#2792=ORIENTED_EDGE('',*,*,#1764,.F.);
#2793=ORIENTED_EDGE('',*,*,#1941,.F.);
#2794=ORIENTED_EDGE('',*,*,#1946,.F.);
#2795=ORIENTED_EDGE('',*,*,#1768,.F.);
#2796=ORIENTED_EDGE('',*,*,#1900,.T.);
#2797=ORIENTED_EDGE('',*,*,#1651,.F.);
#2798=ORIENTED_EDGE('',*,*,#1652,.F.);
#2799=ORIENTED_EDGE('',*,*,#1843,.F.);
#2800=ORIENTED_EDGE('',*,*,#1555,.F.);
#2801=ORIENTED_EDGE('',*,*,#1947,.F.);
#2802=ORIENTED_EDGE('',*,*,#1609,.T.);
#2803=ORIENTED_EDGE('',*,*,#1823,.F.);
#2804=ORIENTED_EDGE('',*,*,#1820,.F.);
#2805=ORIENTED_EDGE('',*,*,#1610,.T.);
#2806=ORIENTED_EDGE('',*,*,#1947,.T.);
#2807=ORIENTED_EDGE('',*,*,#1634,.T.);
#2808=PLANE('',#3101);
#2809=PLANE('',#3102);
#2810=PLANE('',#3103);
#2811=PLANE('',#3104);
#2812=PLANE('',#3105);
#2813=PLANE('',#3106);
#2814=PLANE('',#3107);
#2815=PLANE('',#3108);
#2816=PLANE('',#3109);
#2817=PLANE('',#3110);
#2818=PLANE('',#3111);
#2819=PLANE('',#3112);
#2820=PLANE('',#3113);
#2821=PLANE('',#3116);
#2822=PLANE('',#3117);
#2823=PLANE('',#3121);
#2824=PLANE('',#3122);
#2825=PLANE('',#3124);
#2826=PLANE('',#3125);
#2827=PLANE('',#3129);
#2828=PLANE('',#3130);
#2829=PLANE('',#3131);
#2830=PLANE('',#3132);
#2831=PLANE('',#3135);
#2832=PLANE('',#3136);
#2833=PLANE('',#3137);
#2834=PLANE('',#3138);
#2835=PLANE('',#3139);
#2836=PLANE('',#3140);
#2837=PLANE('',#3142);
#2838=PLANE('',#3144);
#2839=PLANE('',#3145);
#2840=PLANE('',#3147);
#2841=PLANE('',#3148);
#2842=PLANE('',#3149);
#2843=PLANE('',#3150);
#2844=PLANE('',#3153);
#2845=PLANE('',#3154);
#2846=PLANE('',#3155);
#2847=PLANE('',#3156);
#2848=PLANE('',#3171);
#2849=PLANE('',#3174);
#2850=PLANE('',#3176);
#2851=PLANE('',#3177);
#2852=PLANE('',#3180);
#2853=PLANE('',#3185);
#2854=PLANE('',#3186);
#2855=PLANE('',#3187);
#2856=PLANE('',#3188);
#2857=PLANE('',#3190);
#2858=PLANE('',#3192);
#2859=PLANE('',#3193);
#2860=PLANE('',#3194);
#2861=PLANE('',#3195);
#2862=PLANE('',#3196);
#2863=PLANE('',#3198);
#2864=PLANE('',#3199);
#2865=PLANE('',#3201);
#2866=PLANE('',#3202);
#2867=PLANE('',#3203);
#2868=PLANE('',#3204);
#2869=PLANE('',#3206);
#2870=PLANE('',#3207);
#2871=PLANE('',#3208);
#2872=PLANE('',#3209);
#2873=PLANE('',#3212);
#2874=PLANE('',#3213);
#2875=PLANE('',#3214);
#2876=PLANE('',#3222);
#2877=PLANE('',#3226);
#2878=PLANE('',#3230);
#2879=PLANE('',#3241);
#2880=PLANE('',#3242);
#2881=PLANE('',#3243);
#2882=PLANE('',#3244);
#2883=PLANE('',#3246);
#2884=PLANE('',#3248);
#2885=PLANE('',#3251);
#2886=PLANE('',#3256);
#2887=PLANE('',#3257);
#2888=PLANE('',#3258);
#2889=PLANE('',#3259);
#2890=PLANE('',#3260);
#2891=PLANE('',#3261);
#2892=PLANE('',#3262);
#2893=PLANE('',#3263);
#2894=PLANE('',#3264);
#2895=PLANE('',#3265);
#2896=PLANE('',#3266);
#2897=PLANE('',#3267);
#2898=PLANE('',#3268);
#2899=PLANE('',#3269);
#2900=PLANE('',#3270);
#2901=PLANE('',#3271);
#2902=PLANE('',#3272);
#2903=PLANE('',#3273);
#2904=PLANE('',#3274);
#2905=PLANE('',#3280);
#2906=PLANE('',#3281);
#2907=PLANE('',#3282);
#2908=PLANE('',#3283);
#2909=PLANE('',#3284);
#2910=PLANE('',#3285);
#2911=PLANE('',#3290);
#2912=PLANE('',#3291);
#2913=PLANE('',#3292);
#2914=PLANE('',#3293);
#2915=PLANE('',#3294);
#2916=PLANE('',#3295);
#2917=PLANE('',#3296);
#2918=PLANE('',#3297);
#2919=PLANE('',#3298);
#2920=PLANE('',#3299);
#2921=PLANE('',#3300);
#2922=PLANE('',#3301);
#2923=PLANE('',#3302);
#2924=PLANE('',#3303);
#2925=PLANE('',#3304);
#2926=PLANE('',#3305);
#2927=PLANE('',#3312);
#2928=PLANE('',#3313);
#2929=PLANE('',#3314);
#2930=PLANE('',#3315);
#2931=PLANE('',#3316);
#2932=PLANE('',#3317);
#2933=ADVANCED_FACE('',(#159),#2808,.F.);
#2934=ADVANCED_FACE('',(#160),#2809,.F.);
#2935=ADVANCED_FACE('',(#161),#2810,.F.);
#2936=ADVANCED_FACE('',(#162),#2811,.F.);
#2937=ADVANCED_FACE('',(#163),#2812,.F.);
#2938=ADVANCED_FACE('',(#164),#2813,.F.);
#2939=ADVANCED_FACE('',(#165),#2814,.F.);
#2940=ADVANCED_FACE('',(#166),#2815,.F.);
#2941=ADVANCED_FACE('',(#167),#2816,.F.);
#2942=ADVANCED_FACE('',(#168),#2817,.T.);
#2943=ADVANCED_FACE('',(#169),#2818,.T.);
#2944=ADVANCED_FACE('',(#170),#2819,.T.);
#2945=ADVANCED_FACE('',(#171),#2820,.T.);
#2946=ADVANCED_FACE('',(#172),#2821,.T.);
#2947=ADVANCED_FACE('',(#173,#57,#58,#59),#2822,.T.);
#2948=ADVANCED_FACE('',(#174),#2823,.F.);
#2949=ADVANCED_FACE('',(#175,#60,#61),#2824,.T.);
#2950=ADVANCED_FACE('',(#176),#2825,.F.);
#2951=ADVANCED_FACE('',(#177,#62),#2826,.T.);
#2952=ADVANCED_FACE('',(#178),#2827,.T.);
#2953=ADVANCED_FACE('',(#179),#2828,.T.);
#2954=ADVANCED_FACE('',(#180),#2829,.T.);
#2955=ADVANCED_FACE('',(#181,#63,#64),#2830,.T.);
#2956=ADVANCED_FACE('',(#182),#2831,.F.);
#2957=ADVANCED_FACE('',(#183),#2832,.T.);
#2958=ADVANCED_FACE('',(#184,#65,#66),#2833,.T.);
#2959=ADVANCED_FACE('',(#185),#2834,.F.);
#2960=ADVANCED_FACE('',(#186),#2835,.T.);
#2961=ADVANCED_FACE('',(#187,#67),#2836,.T.);
#2962=ADVANCED_FACE('',(#188,#68),#2837,.T.);
#2963=ADVANCED_FACE('',(#189),#2838,.T.);
#2964=ADVANCED_FACE('',(#190,#69),#2839,.T.);
#2965=ADVANCED_FACE('',(#191),#2840,.T.);
#2966=ADVANCED_FACE('',(#192),#2841,.T.);
#2967=ADVANCED_FACE('',(#193),#2842,.T.);
#2968=ADVANCED_FACE('',(#194),#2843,.T.);
#2969=ADVANCED_FACE('',(#195),#2844,.T.);
#2970=ADVANCED_FACE('',(#196),#2845,.T.);
#2971=ADVANCED_FACE('',(#197),#2846,.T.);
#2972=ADVANCED_FACE('',(#198,#70),#2847,.F.);
#2973=ADVANCED_FACE('',(#199),#29,.F.);
#2974=ADVANCED_FACE('',(#200),#30,.F.);
#2975=ADVANCED_FACE('',(#201),#31,.F.);
#2976=ADVANCED_FACE('',(#202),#32,.F.);
#2977=ADVANCED_FACE('',(#203),#33,.F.);
#2978=ADVANCED_FACE('',(#204,#71),#2848,.T.);
#2979=ADVANCED_FACE('',(#205,#72),#2849,.T.);
#2980=ADVANCED_FACE('',(#206),#2850,.T.);
#2981=ADVANCED_FACE('',(#207),#2851,.T.);
#2982=ADVANCED_FACE('',(#208),#34,.F.);
#2983=ADVANCED_FACE('',(#209,#73),#2852,.T.);
#2984=ADVANCED_FACE('',(#210),#35,.F.);
#2985=ADVANCED_FACE('',(#211),#36,.F.);
#2986=ADVANCED_FACE('',(#212),#2853,.T.);
#2987=ADVANCED_FACE('',(#213),#2854,.T.);
#2988=ADVANCED_FACE('',(#214),#2855,.F.);
#2989=ADVANCED_FACE('',(#215,#74),#2856,.T.);
#2990=ADVANCED_FACE('',(#216,#75),#2857,.T.);
#2991=ADVANCED_FACE('',(#217),#2858,.T.);
#2992=ADVANCED_FACE('',(#218),#2859,.T.);
#2993=ADVANCED_FACE('',(#219),#2860,.F.);
#2994=ADVANCED_FACE('',(#220),#2861,.F.);
#2995=ADVANCED_FACE('',(#221,#76,#77,#78,#79,#80,#81),#2862,.T.);
#2996=ADVANCED_FACE('',(#222),#2863,.T.);
#2997=ADVANCED_FACE('',(#223,#82),#2864,.T.);
#2998=ADVANCED_FACE('',(#224),#2865,.T.);
#2999=ADVANCED_FACE('',(#225),#2866,.T.);
#3000=ADVANCED_FACE('',(#226),#2867,.T.);
#3001=ADVANCED_FACE('',(#227,#83),#2868,.T.);
#3002=ADVANCED_FACE('',(#228),#2869,.T.);
#3003=ADVANCED_FACE('',(#229),#2870,.T.);
#3004=ADVANCED_FACE('',(#230),#2871,.T.);
#3005=ADVANCED_FACE('',(#231),#2872,.T.);
#3006=ADVANCED_FACE('',(#232),#2873,.T.);
#3007=ADVANCED_FACE('',(#233),#2874,.T.);
#3008=ADVANCED_FACE('',(#234,#84,#85,#86,#87),#2875,.F.);
#3009=ADVANCED_FACE('',(#235),#37,.F.);
#3010=ADVANCED_FACE('',(#236),#38,.F.);
#3011=ADVANCED_FACE('',(#237,#88),#2876,.T.);
#3012=ADVANCED_FACE('',(#238),#39,.F.);
#3013=ADVANCED_FACE('',(#239,#89),#2877,.T.);
#3014=ADVANCED_FACE('',(#240),#40,.F.);
#3015=ADVANCED_FACE('',(#241),#2878,.T.);
#3016=ADVANCED_FACE('',(#242),#41,.F.);
#3017=ADVANCED_FACE('',(#243),#42,.F.);
#3018=ADVANCED_FACE('',(#244),#43,.F.);
#3019=ADVANCED_FACE('',(#245),#2879,.T.);
#3020=ADVANCED_FACE('',(#246),#2880,.T.);
#3021=ADVANCED_FACE('',(#247),#2881,.T.);
#3022=ADVANCED_FACE('',(#248),#2882,.F.);
#3023=ADVANCED_FACE('',(#249),#44,.F.);
#3024=ADVANCED_FACE('',(#250,#90),#2883,.T.);
#3025=ADVANCED_FACE('',(#251),#45,.F.);
#3026=ADVANCED_FACE('',(#252),#2884,.T.);
#3027=ADVANCED_FACE('',(#253),#46,.F.);
#3028=ADVANCED_FACE('',(#254),#2885,.T.);
#3029=ADVANCED_FACE('',(#255),#47,.F.);
#3030=ADVANCED_FACE('',(#256),#48,.F.);
#3031=ADVANCED_FACE('',(#257),#2886,.T.);
#3032=ADVANCED_FACE('',(#258),#2887,.T.);
#3033=ADVANCED_FACE('',(#259),#2888,.T.);
#3034=ADVANCED_FACE('',(#260),#2889,.T.);
#3035=ADVANCED_FACE('',(#261),#2890,.T.);
#3036=ADVANCED_FACE('',(#262),#2891,.T.);
#3037=ADVANCED_FACE('',(#263),#2892,.T.);
#3038=ADVANCED_FACE('',(#264),#2893,.T.);
#3039=ADVANCED_FACE('',(#265),#2894,.T.);
#3040=ADVANCED_FACE('',(#266),#2895,.T.);
#3041=ADVANCED_FACE('',(#267),#2896,.T.);
#3042=ADVANCED_FACE('',(#268),#2897,.T.);
#3043=ADVANCED_FACE('',(#269),#2898,.T.);
#3044=ADVANCED_FACE('',(#270),#2899,.T.);
#3045=ADVANCED_FACE('',(#271),#2900,.T.);
#3046=ADVANCED_FACE('',(#272),#2901,.T.);
#3047=ADVANCED_FACE('',(#273),#2902,.T.);
#3048=ADVANCED_FACE('',(#274),#2903,.T.);
#3049=ADVANCED_FACE('',(#275,#91,#92,#93,#94,#95),#2904,.F.);
#3050=ADVANCED_FACE('',(#276),#49,.T.);
#3051=ADVANCED_FACE('',(#277),#50,.T.);
#3052=ADVANCED_FACE('',(#278),#2905,.F.);
#3053=ADVANCED_FACE('',(#279),#2906,.F.);
#3054=ADVANCED_FACE('',(#280),#2907,.F.);
#3055=ADVANCED_FACE('',(#281),#2908,.F.);
#3056=ADVANCED_FACE('',(#282),#2909,.T.);
#3057=ADVANCED_FACE('',(#283),#2910,.T.);
#3058=ADVANCED_FACE('',(#284),#51,.F.);
#3059=ADVANCED_FACE('',(#285),#52,.F.);
#3060=ADVANCED_FACE('',(#286),#53,.F.);
#3061=ADVANCED_FACE('',(#287),#2911,.T.);
#3062=ADVANCED_FACE('',(#288),#2912,.T.);
#3063=ADVANCED_FACE('',(#289),#2913,.T.);
#3064=ADVANCED_FACE('',(#290),#2914,.T.);
#3065=ADVANCED_FACE('',(#291),#2915,.T.);
#3066=ADVANCED_FACE('',(#292),#2916,.T.);
#3067=ADVANCED_FACE('',(#293),#2917,.T.);
#3068=ADVANCED_FACE('',(#294),#2918,.T.);
#3069=ADVANCED_FACE('',(#295),#2919,.T.);
#3070=ADVANCED_FACE('',(#296),#2920,.T.);
#3071=ADVANCED_FACE('',(#297),#2921,.T.);
#3072=ADVANCED_FACE('',(#298),#2922,.T.);
#3073=ADVANCED_FACE('',(#299),#2923,.T.);
#3074=ADVANCED_FACE('',(#300),#2924,.T.);
#3075=ADVANCED_FACE('',(#301),#2925,.T.);
#3076=ADVANCED_FACE('',(#302),#2926,.T.);
#3077=ADVANCED_FACE('',(#303),#54,.F.);
#3078=ADVANCED_FACE('',(#304),#55,.F.);
#3079=ADVANCED_FACE('',(#305),#56,.F.);
#3080=ADVANCED_FACE('',(#306),#2927,.T.);
#3081=ADVANCED_FACE('',(#307),#2928,.F.);
#3082=ADVANCED_FACE('',(#308),#2929,.T.);
#3083=ADVANCED_FACE('',(#309,#96,#97,#98),#2930,.T.);
#3084=ADVANCED_FACE('',(#310,#99,#100),#2931,.F.);
#3085=ADVANCED_FACE('',(#311),#2932,.T.);
#3086=CLOSED_SHELL('',(#2933,#2934,#2935,#2936,#2937,#2938,#2939,#2940,
#2941,#2942,#2943,#2944,#2945,#2946,#2947,#2948,#2949,#2950,#2951,#2952,
#2953,#2954,#2955,#2956,#2957,#2958,#2959,#2960,#2961,#2962,#2963,#2964,
#2965,#2966,#2967,#2968,#2969,#2970,#2971,#2972,#2973,#2974,#2975,#2976,
#2977,#2978,#2979,#2980,#2981,#2982,#2983,#2984,#2985,#2986,#2987,#2988,
#2989,#2990,#2991,#2992,#2993,#2994,#2995,#2996,#2997,#2998,#2999,#3000,
#3001,#3002,#3003,#3004,#3005,#3006,#3007,#3008,#3009,#3010,#3011,#3012,
#3013,#3014,#3015,#3016,#3017,#3018,#3019,#3020,#3021,#3022,#3023,#3024,
#3025,#3026,#3027,#3028,#3029,#3030,#3031,#3032,#3033,#3034,#3035,#3036,
#3037,#3038,#3039,#3040,#3041,#3042,#3043,#3044,#3045,#3046,#3047,#3048,
#3049,#3050,#3051,#3052,#3053,#3054,#3055,#3056,#3057,#3058,#3059,#3060,
#3061,#3062,#3063,#3064,#3065,#3066,#3067,#3068,#3069,#3070,#3071,#3072,
#3073,#3074,#3075,#3076,#3077,#3078,#3079,#3080,#3081,#3082,#3083,#3084,
#3085));
#3087=DERIVED_UNIT_ELEMENT(#3089,1.);
#3088=DERIVED_UNIT_ELEMENT(#5019,-3.);
#3089=(
MASS_UNIT()
NAMED_UNIT(*)
SI_UNIT(.KILO.,.GRAM.)
);
#3090=DERIVED_UNIT((#3087,#3088));
#3091=MEASURE_REPRESENTATION_ITEM('density measure',
POSITIVE_RATIO_MEASURE(1120.),#3090);
#3092=PROPERTY_DEFINITION_REPRESENTATION(#3097,#3094);
#3093=PROPERTY_DEFINITION_REPRESENTATION(#3098,#3095);
#3094=REPRESENTATION('material name',(#3096),#5016);
#3095=REPRESENTATION('density',(#3091),#5016);
#3096=DESCRIPTIVE_REPRESENTATION_ITEM('Nylon 6','Nylon 6');
#3097=PROPERTY_DEFINITION('material property','material name',#5031);
#3098=PROPERTY_DEFINITION('material property','density of part',#5031);
#3099=AXIS2_PLACEMENT_3D('',#4121,#3319,#3320);
#3100=AXIS2_PLACEMENT_3D('',#4122,#3321,#3322);
#3101=AXIS2_PLACEMENT_3D('',#4123,#3323,#3324);
#3102=AXIS2_PLACEMENT_3D('',#4132,#3329,#3330);
#3103=AXIS2_PLACEMENT_3D('',#4141,#3335,#3336);
#3104=AXIS2_PLACEMENT_3D('',#4152,#3342,#3343);
#3105=AXIS2_PLACEMENT_3D('',#4158,#3347,#3348);
#3106=AXIS2_PLACEMENT_3D('',#4164,#3352,#3353);
#3107=AXIS2_PLACEMENT_3D('',#4173,#3358,#3359);
#3108=AXIS2_PLACEMENT_3D('',#4187,#3367,#3368);
#3109=AXIS2_PLACEMENT_3D('',#4193,#3372,#3373);
#3110=AXIS2_PLACEMENT_3D('',#4198,#3377,#3378);
#3111=AXIS2_PLACEMENT_3D('',#4240,#3400,#3401);
#3112=AXIS2_PLACEMENT_3D('',#4250,#3407,#3408);
#3113=AXIS2_PLACEMENT_3D('',#4258,#3413,#3414);
#3114=AXIS2_PLACEMENT_3D('',#4268,#3419,#3420);
#3115=AXIS2_PLACEMENT_3D('',#4270,#3421,#3422);
#3116=AXIS2_PLACEMENT_3D('',#4272,#3424,#3425);
#3117=AXIS2_PLACEMENT_3D('',#4284,#3432,#3433);
#3118=AXIS2_PLACEMENT_3D('',#4295,#3439,#3440);
#3119=AXIS2_PLACEMENT_3D('',#4297,#3441,#3442);
#3120=AXIS2_PLACEMENT_3D('',#4299,#3443,#3444);
#3121=AXIS2_PLACEMENT_3D('',#4300,#3445,#3446);
#3122=AXIS2_PLACEMENT_3D('',#4303,#3449,#3450);
#3123=AXIS2_PLACEMENT_3D('',#4329,#3463,#3464);
#3124=AXIS2_PLACEMENT_3D('',#4333,#3467,#3468);
#3125=AXIS2_PLACEMENT_3D('',#4337,#3471,#3472);
#3126=AXIS2_PLACEMENT_3D('',#4341,#3474,#3475);
#3127=AXIS2_PLACEMENT_3D('',#4343,#3476,#3477);
#3128=AXIS2_PLACEMENT_3D('',#4346,#3479,#3480);
#3129=AXIS2_PLACEMENT_3D('',#4347,#3481,#3482);
#3130=AXIS2_PLACEMENT_3D('',#4353,#3486,#3487);
#3131=AXIS2_PLACEMENT_3D('',#4356,#3490,#3491);
#3132=AXIS2_PLACEMENT_3D('',#4358,#3493,#3494);
#3133=AXIS2_PLACEMENT_3D('',#4378,#3505,#3506);
#3134=AXIS2_PLACEMENT_3D('',#4380,#3507,#3508);
#3135=AXIS2_PLACEMENT_3D('',#4381,#3509,#3510);
#3136=AXIS2_PLACEMENT_3D('',#4385,#3513,#3514);
#3137=AXIS2_PLACEMENT_3D('',#4391,#3518,#3519);
#3138=AXIS2_PLACEMENT_3D('',#4416,#3533,#3534);
#3139=AXIS2_PLACEMENT_3D('',#4422,#3538,#3539);
#3140=AXIS2_PLACEMENT_3D('',#4431,#3544,#3545);
#3141=AXIS2_PLACEMENT_3D('',#4438,#3549,#3550);
#3142=AXIS2_PLACEMENT_3D('',#4439,#3551,#3552);
#3143=AXIS2_PLACEMENT_3D('',#4453,#3559,#3560);
#3144=AXIS2_PLACEMENT_3D('',#4454,#3561,#3562);
#3145=AXIS2_PLACEMENT_3D('',#4459,#3566,#3567);
#3146=AXIS2_PLACEMENT_3D('',#4464,#3570,#3571);
#3147=AXIS2_PLACEMENT_3D('',#4465,#3572,#3573);
#3148=AXIS2_PLACEMENT_3D('',#4467,#3575,#3576);
#3149=AXIS2_PLACEMENT_3D('',#4473,#3580,#3581);
#3150=AXIS2_PLACEMENT_3D('',#4482,#3586,#3587);
#3151=AXIS2_PLACEMENT_3D('',#4484,#3588,#3589);
#3152=AXIS2_PLACEMENT_3D('',#4485,#3590,#3591);
#3153=AXIS2_PLACEMENT_3D('',#4488,#3594,#3595);
#3154=AXIS2_PLACEMENT_3D('',#4497,#3600,#3601);
#3155=AXIS2_PLACEMENT_3D('',#4503,#3605,#3606);
#3156=AXIS2_PLACEMENT_3D('',#4506,#3609,#3610);
#3157=AXIS2_PLACEMENT_3D('',#4509,#3613,#3614);
#3158=AXIS2_PLACEMENT_3D('',#4511,#3615,#3616);
#3159=AXIS2_PLACEMENT_3D('',#4513,#3618,#3619);
#3160=AXIS2_PLACEMENT_3D('',#4515,#3620,#3621);
#3161=AXIS2_PLACEMENT_3D('',#4517,#3623,#3624);
#3162=AXIS2_PLACEMENT_3D('',#4518,#3625,#3626);
#3163=AXIS2_PLACEMENT_3D('',#4521,#3628,#3629);
#3164=AXIS2_PLACEMENT_3D('',#4522,#3630,#3631);
#3165=AXIS2_PLACEMENT_3D('',#4524,#3632,#3633);
#3166=AXIS2_PLACEMENT_3D('',#4528,#3636,#3637);
#3167=AXIS2_PLACEMENT_3D('',#4529,#3638,#3639);
#3168=AXIS2_PLACEMENT_3D('',#4531,#3640,#3641);
#3169=AXIS2_PLACEMENT_3D('',#4535,#3643,#3644);
#3170=AXIS2_PLACEMENT_3D('',#4545,#3646,#3647);
#3171=AXIS2_PLACEMENT_3D('',#4546,#3648,#3649);
#3172=AXIS2_PLACEMENT_3D('',#4549,#3650,#3651);
#3173=AXIS2_PLACEMENT_3D('',#4556,#3655,#3656);
#3174=AXIS2_PLACEMENT_3D('',#4557,#3657,#3658);
#3175=AXIS2_PLACEMENT_3D('',#4562,#3661,#3662);
#3176=AXIS2_PLACEMENT_3D('',#4563,#3663,#3664);
#3177=AXIS2_PLACEMENT_3D('',#4567,#3667,#3668);
#3178=AXIS2_PLACEMENT_3D('',#4569,#3670,#3671);
#3179=AXIS2_PLACEMENT_3D('',#4571,#3672,#3673);
#3180=AXIS2_PLACEMENT_3D('',#4581,#3676,#3677);
#3181=AXIS2_PLACEMENT_3D('',#4587,#3681,#3682);
#3182=AXIS2_PLACEMENT_3D('',#4589,#3683,#3684);
#3183=AXIS2_PLACEMENT_3D('',#4591,#3686,#3687);
#3184=AXIS2_PLACEMENT_3D('',#4594,#3689,#3690);
#3185=AXIS2_PLACEMENT_3D('',#4595,#3691,#3692);
#3186=AXIS2_PLACEMENT_3D('',#4597,#3694,#3695);
#3187=AXIS2_PLACEMENT_3D('',#4599,#3697,#3698);
#3188=AXIS2_PLACEMENT_3D('',#4603,#3701,#3702);
#3189=AXIS2_PLACEMENT_3D('',#4605,#3703,#3704);
#3190=AXIS2_PLACEMENT_3D('',#4606,#3705,#3706);
#3191=AXIS2_PLACEMENT_3D('',#4608,#3707,#3708);
#3192=AXIS2_PLACEMENT_3D('',#4609,#3709,#3710);
#3193=AXIS2_PLACEMENT_3D('',#4615,#3714,#3715);
#3194=AXIS2_PLACEMENT_3D('',#4619,#3718,#3719);
#3195=AXIS2_PLACEMENT_3D('',#4625,#3723,#3724);
#3196=AXIS2_PLACEMENT_3D('',#4627,#3726,#3727);
#3197=AXIS2_PLACEMENT_3D('',#4650,#3739,#3740);
#3198=AXIS2_PLACEMENT_3D('',#4651,#3741,#3742);
#3199=AXIS2_PLACEMENT_3D('',#4657,#3746,#3747);
#3200=AXIS2_PLACEMENT_3D('',#4662,#3750,#3751);
#3201=AXIS2_PLACEMENT_3D('',#4663,#3752,#3753);
#3202=AXIS2_PLACEMENT_3D('',#4667,#3756,#3757);
#3203=AXIS2_PLACEMENT_3D('',#4671,#3760,#3761);
#3204=AXIS2_PLACEMENT_3D('',#4675,#3764,#3765);
#3205=AXIS2_PLACEMENT_3D('',#4680,#3768,#3769);
#3206=AXIS2_PLACEMENT_3D('',#4681,#3770,#3771);
#3207=AXIS2_PLACEMENT_3D('',#4685,#3774,#3775);
#3208=AXIS2_PLACEMENT_3D('',#4694,#3780,#3781);
#3209=AXIS2_PLACEMENT_3D('',#4703,#3786,#3787);
#3210=AXIS2_PLACEMENT_3D('',#4706,#3788,#3789);
#3211=AXIS2_PLACEMENT_3D('',#4707,#3790,#3791);
#3212=AXIS2_PLACEMENT_3D('',#4710,#3794,#3795);
#3213=AXIS2_PLACEMENT_3D('',#4714,#3798,#3799);
#3214=AXIS2_PLACEMENT_3D('',#4716,#3801,#3802);
#3215=AXIS2_PLACEMENT_3D('',#4720,#3805,#3806);
#3216=AXIS2_PLACEMENT_3D('',#4722,#3807,#3808);
#3217=AXIS2_PLACEMENT_3D('',#4724,#3809,#3810);
#3218=AXIS2_PLACEMENT_3D('',#4725,#3811,#3812);
#3219=AXIS2_PLACEMENT_3D('',#4727,#3813,#3814);
#3220=AXIS2_PLACEMENT_3D('',#4729,#3816,#3817);
#3221=AXIS2_PLACEMENT_3D('',#4731,#3818,#3819);
#3222=AXIS2_PLACEMENT_3D('',#4733,#3821,#3822);
#3223=AXIS2_PLACEMENT_3D('',#4735,#3823,#3824);
#3224=AXIS2_PLACEMENT_3D('',#4736,#3825,#3826);
#3225=AXIS2_PLACEMENT_3D('',#4738,#3827,#3828);
#3226=AXIS2_PLACEMENT_3D('',#4740,#3830,#3831);
#3227=AXIS2_PLACEMENT_3D('',#4742,#3832,#3833);
#3228=AXIS2_PLACEMENT_3D('',#4743,#3834,#3835);
#3229=AXIS2_PLACEMENT_3D('',#4745,#3836,#3837);
#3230=AXIS2_PLACEMENT_3D('',#4747,#3839,#3840);
#3231=AXIS2_PLACEMENT_3D('',#4749,#3841,#3842);
#3232=AXIS2_PLACEMENT_3D('',#4751,#3843,#3844);
#3233=AXIS2_PLACEMENT_3D('',#4753,#3846,#3847);
#3234=AXIS2_PLACEMENT_3D('',#4756,#3849,#3850);
#3235=AXIS2_PLACEMENT_3D('',#4759,#3852,#3853);
#3236=AXIS2_PLACEMENT_3D('',#4760,#3854,#3855);
#3237=AXIS2_PLACEMENT_3D('',#4762,#3856,#3857);
#3238=AXIS2_PLACEMENT_3D('',#4765,#3860,#3861);
#3239=AXIS2_PLACEMENT_3D('',#4769,#3863,#3864);
#3240=AXIS2_PLACEMENT_3D('',#4779,#3866,#3867);
#3241=AXIS2_PLACEMENT_3D('',#4780,#3868,#3869);
#3242=AXIS2_PLACEMENT_3D('',#4783,#3872,#3873);
#3243=AXIS2_PLACEMENT_3D('',#4784,#3874,#3875);
#3244=AXIS2_PLACEMENT_3D('',#4786,#3877,#3878);
#3245=AXIS2_PLACEMENT_3D('',#4788,#3880,#3881);
#3246=AXIS2_PLACEMENT_3D('',#4798,#3884,#3885);
#3247=AXIS2_PLACEMENT_3D('',#4804,#3889,#3890);
#3248=AXIS2_PLACEMENT_3D('',#4806,#3892,#3893);
#3249=AXIS2_PLACEMENT_3D('',#4807,#3894,#3895);
#3250=AXIS2_PLACEMENT_3D('',#4809,#3896,#3897);
#3251=AXIS2_PLACEMENT_3D('',#4811,#3899,#3900);
#3252=AXIS2_PLACEMENT_3D('',#4813,#3902,#3903);
#3253=AXIS2_PLACEMENT_3D('',#4815,#3904,#3905);
#3254=AXIS2_PLACEMENT_3D('',#4817,#3907,#3908);
#3255=AXIS2_PLACEMENT_3D('',#4819,#3909,#3910);
#3256=AXIS2_PLACEMENT_3D('',#4821,#3912,#3913);
#3257=AXIS2_PLACEMENT_3D('',#4823,#3915,#3916);
#3258=AXIS2_PLACEMENT_3D('',#4824,#3917,#3918);
#3259=AXIS2_PLACEMENT_3D('',#4834,#3924,#3925);
#3260=AXIS2_PLACEMENT_3D('',#4844,#3931,#3932);
#3261=AXIS2_PLACEMENT_3D('',#4847,#3935,#3936);
#3262=AXIS2_PLACEMENT_3D('',#4849,#3938,#3939);
#3263=AXIS2_PLACEMENT_3D('',#4851,#3941,#3942);
#3264=AXIS2_PLACEMENT_3D('',#4852,#3943,#3944);
#3265=AXIS2_PLACEMENT_3D('',#4853,#3945,#3946);
#3266=AXIS2_PLACEMENT_3D('',#4863,#3952,#3953);
#3267=AXIS2_PLACEMENT_3D('',#4873,#3959,#3960);
#3268=AXIS2_PLACEMENT_3D('',#4875,#3962,#3963);
#3269=AXIS2_PLACEMENT_3D('',#4877,#3965,#3966);
#3270=AXIS2_PLACEMENT_3D('',#4879,#3968,#3969);
#3271=AXIS2_PLACEMENT_3D('',#4881,#3971,#3972);
#3272=AXIS2_PLACEMENT_3D('',#4882,#3973,#3974);
#3273=AXIS2_PLACEMENT_3D('',#4883,#3975,#3976);
#3274=AXIS2_PLACEMENT_3D('',#4884,#3977,#3978);
#3275=AXIS2_PLACEMENT_3D('',#4893,#3983,#3984);
#3276=AXIS2_PLACEMENT_3D('',#4895,#3985,#3986);
#3277=AXIS2_PLACEMENT_3D('',#4897,#3987,#3988);
#3278=AXIS2_PLACEMENT_3D('',#4898,#3989,#3990);
#3279=AXIS2_PLACEMENT_3D('',#4900,#3992,#3993);
#3280=AXIS2_PLACEMENT_3D('',#4902,#3995,#3996);
#3281=AXIS2_PLACEMENT_3D('',#4904,#3998,#3999);
#3282=AXIS2_PLACEMENT_3D('',#4906,#4001,#4002);
#3283=AXIS2_PLACEMENT_3D('',#4908,#4004,#4005);
#3284=AXIS2_PLACEMENT_3D('',#4910,#4007,#4008);
#3285=AXIS2_PLACEMENT_3D('',#4912,#4010,#4011);
#3286=AXIS2_PLACEMENT_3D('',#4914,#4012,#4013);
#3287=AXIS2_PLACEMENT_3D('',#4915,#4014,#4015);
#3288=AXIS2_PLACEMENT_3D('',#4917,#4017,#4018);
#3289=AXIS2_PLACEMENT_3D('',#4919,#4020,#4021);
#3290=AXIS2_PLACEMENT_3D('',#4921,#4023,#4024);
#3291=AXIS2_PLACEMENT_3D('',#4931,#4030,#4031);
#3292=AXIS2_PLACEMENT_3D('',#4937,#4035,#4036);
#3293=AXIS2_PLACEMENT_3D('',#4941,#4039,#4040);
#3294=AXIS2_PLACEMENT_3D('',#4945,#4043,#4044);
#3295=AXIS2_PLACEMENT_3D('',#4947,#4046,#4047);
#3296=AXIS2_PLACEMENT_3D('',#4949,#4049,#4050);
#3297=AXIS2_PLACEMENT_3D('',#4950,#4051,#4052);
#3298=AXIS2_PLACEMENT_3D('',#4960,#4058,#4059);
#3299=AXIS2_PLACEMENT_3D('',#4964,#4062,#4063);
#3300=AXIS2_PLACEMENT_3D('',#4968,#4066,#4067);
#3301=AXIS2_PLACEMENT_3D('',#4972,#4070,#4071);
#3302=AXIS2_PLACEMENT_3D('',#4976,#4074,#4075);
#3303=AXIS2_PLACEMENT_3D('',#4978,#4077,#4078);
#3304=AXIS2_PLACEMENT_3D('',#4979,#4079,#4080);
#3305=AXIS2_PLACEMENT_3D('',#4981,#4082,#4083);
#3306=AXIS2_PLACEMENT_3D('',#4982,#4084,#4085);
#3307=AXIS2_PLACEMENT_3D('',#4984,#4086,#4087);
#3308=AXIS2_PLACEMENT_3D('',#4986,#4089,#4090);
#3309=AXIS2_PLACEMENT_3D('',#4988,#4091,#4092);
#3310=AXIS2_PLACEMENT_3D('',#4990,#4094,#4095);
#3311=AXIS2_PLACEMENT_3D('',#4993,#4097,#4098);
#3312=AXIS2_PLACEMENT_3D('',#4994,#4099,#4100);
#3313=AXIS2_PLACEMENT_3D('',#5000,#4104,#4105);
#3314=AXIS2_PLACEMENT_3D('',#5004,#4108,#4109);
#3315=AXIS2_PLACEMENT_3D('',#5006,#4111,#4112);
#3316=AXIS2_PLACEMENT_3D('',#5008,#4114,#4115);
#3317=AXIS2_PLACEMENT_3D('',#5010,#4117,#4118);
#3318=AXIS2_PLACEMENT_3D('',#5011,#4119,#4120);
#3319=DIRECTION('axis',(0.,0.,1.));
#3320=DIRECTION('refdir',(1.,0.,0.));
#3321=DIRECTION('axis',(0.,0.,1.));
#3322=DIRECTION('refdir',(1.,0.,0.));
#3323=DIRECTION('center_axis',(0.,-1.,0.));
#3324=DIRECTION('ref_axis',(0.,0.,1.));
#3325=DIRECTION('',(-3.44509284839767E-16,0.,1.));
#3326=DIRECTION('',(-1.,0.,0.));
#3327=DIRECTION('',(3.44509284839767E-16,0.,-1.));
#3328=DIRECTION('',(-1.,0.,-3.44509284839767E-16));
#3329=DIRECTION('center_axis',(0.,1.,0.));
#3330=DIRECTION('ref_axis',(4.25547533992593E-43,0.,-1.));
#3331=DIRECTION('',(3.44509284839767E-16,0.,-1.));
#3332=DIRECTION('',(1.,0.,3.44509284839767E-16));
#3333=DIRECTION('',(-3.44509284839767E-16,0.,1.));
#3334=DIRECTION('',(-1.,0.,0.));
#3335=DIRECTION('center_axis',(0.,1.,0.));
#3336=DIRECTION('ref_axis',(4.25547533992593E-43,0.,-1.));
#3337=DIRECTION('',(4.57009037544059E-33,0.,1.));
#3338=DIRECTION('',(-1.,0.,0.));
#3339=DIRECTION('',(-4.57009037544059E-33,0.,-1.));
#3340=DIRECTION('',(-1.,0.,0.));
#3341=DIRECTION('',(0.453990499739547,0.,0.891006524188368));
#3342=DIRECTION('center_axis',(0.,-1.75876914792104E-15,-1.));
#3343=DIRECTION('ref_axis',(0.,-1.,1.75876914792104E-15));
#3344=DIRECTION('',(-1.99159850020592E-16,-1.,1.75876914792104E-15));
#3345=DIRECTION('',(1.,-1.99159850020592E-16,3.50276199720799E-31));
#3346=DIRECTION('',(1.99159850020592E-16,1.,-1.75876914792104E-15));
#3347=DIRECTION('center_axis',(0.,-1.75876914792104E-15,-1.));
#3348=DIRECTION('ref_axis',(0.,-1.,1.75876914792104E-15));
#3349=DIRECTION('',(-1.99159850020592E-16,-1.,1.75876914792104E-15));
#3350=DIRECTION('',(1.99159850020592E-16,1.,-1.75876914792104E-15));
#3351=DIRECTION('',(-1.,1.99159850020592E-16,-3.50276199720799E-31));
#3352=DIRECTION('center_axis',(0.,-1.75876914792104E-15,-1.));
#3353=DIRECTION('ref_axis',(0.,-1.,1.75876914792104E-15));
#3354=DIRECTION('',(-1.99159850020592E-16,-1.,1.75876914792104E-15));
#3355=DIRECTION('',(1.,2.41791436794664E-16,-4.25255319265955E-31));
#3356=DIRECTION('',(1.99159850020592E-16,1.,-1.75876914792104E-15));
#3357=DIRECTION('',(-1.,6.40111626364072E-16,-1.12580857967469E-30));
#3358=DIRECTION('center_axis',(0.,-1.75876914792104E-15,-1.));
#3359=DIRECTION('ref_axis',(0.,-1.,1.75876914792104E-15));
#3360=DIRECTION('',(-1.22464679914735E-16,1.,-1.75876914792104E-15));
#3361=DIRECTION('',(-1.,0.,0.));
#3362=DIRECTION('',(1.22464679914735E-16,-1.,1.75876914792104E-15));
#3363=DIRECTION('',(1.,0.,0.));
#3364=DIRECTION('',(-1.99159850020592E-16,-1.,1.75876914792104E-15));
#3365=DIRECTION('',(-1.,0.,0.));
#3366=DIRECTION('',(1.22464679914735E-16,-1.,1.75876914792104E-15));
#3367=DIRECTION('center_axis',(0.,0.,1.));
#3368=DIRECTION('ref_axis',(-1.05333548017969E-43,1.,0.));
#3369=DIRECTION('',(1.10804314885481E-16,-1.,0.));
#3370=DIRECTION('',(-1.22464679914735E-16,1.,0.));
#3371=DIRECTION('',(-1.,0.,0.));
#3372=DIRECTION('center_axis',(0.,-1.,0.));
#3373=DIRECTION('ref_axis',(0.,0.,1.));
#3374=DIRECTION('',(-4.57009037544059E-33,0.,-1.));
#3375=DIRECTION('',(-0.453990499739547,0.,-0.891006524188368));
#3376=DIRECTION('',(4.57009037544059E-33,0.,1.));
#3377=DIRECTION('center_axis',(-1.,-1.22464679914735E-16,4.57009037544059E-33));
#3378=DIRECTION('ref_axis',(1.22464679914735E-16,-1.,2.28847549044394E-17));
#3379=DIRECTION('',(1.22464679914735E-16,-1.,2.28847549044394E-17));
#3380=DIRECTION('',(-1.76751619114125E-33,-2.28847549044394E-17,-1.));
#3381=DIRECTION('',(1.22464679914735E-16,-1.,2.28847549044394E-17));
#3382=DIRECTION('',(-1.76751619114125E-33,-2.28847549044394E-17,-1.));
#3383=DIRECTION('',(1.22464679914735E-16,-1.,2.28847549044394E-17));
#3384=DIRECTION('',(1.76751619114125E-33,2.28847549044394E-17,1.));
#3385=DIRECTION('',(-1.22464679914735E-16,1.,-2.28847549044394E-17));
#3386=DIRECTION('',(-1.76751619114125E-33,-2.28847549044394E-17,-1.));
#3387=DIRECTION('',(-1.22464679914735E-16,1.,-2.28847549044394E-17));
#3388=DIRECTION('',(5.25948460396233E-32,-3.92151889815246E-16,1.));
#3389=DIRECTION('',(-1.22464679914735E-16,1.,-1.03217841365458E-15));
#3390=DIRECTION('',(1.76751619114125E-33,2.28847549044394E-17,1.));
#3391=DIRECTION('',(1.22464679914735E-16,-1.,2.28847549044394E-17));
#3392=DIRECTION('',(1.76751619114125E-33,2.28847549044394E-17,1.));
#3393=DIRECTION('',(1.22464679914735E-16,-1.,2.28847549044394E-17));
#3394=DIRECTION('',(-1.76751619114125E-33,-2.28847549044394E-17,-1.));
#3395=DIRECTION('',(1.22464679914735E-16,-1.,2.28847549044394E-17));
#3396=DIRECTION('',(-1.76751619114125E-33,-2.28847549044394E-17,-1.));
#3397=DIRECTION('',(1.22464679914735E-16,-1.,2.28847549044394E-17));
#3398=DIRECTION('',(1.76751619114125E-33,2.28847549044394E-17,1.));
#3399=DIRECTION('',(1.22464679914735E-16,-1.,2.28847549044394E-17));
#3400=DIRECTION('center_axis',(-1.99159850020592E-16,-1.,1.22464679914735E-16));
#3401=DIRECTION('ref_axis',(1.,-1.99159850020592E-16,3.44509284839767E-16));
#3402=DIRECTION('',(3.44509284839767E-16,-1.22464679914735E-16,-1.));
#3403=DIRECTION('',(-1.,1.99159850020592E-16,-3.44509284839767E-16));
#3404=DIRECTION('',(-3.44509284839767E-16,1.22464679914735E-16,1.));
#3405=DIRECTION('',(1.,-1.99159850020592E-16,3.44509284839767E-16));
#3406=DIRECTION('',(-3.44509284839767E-16,1.22464679914735E-16,1.));
#3407=DIRECTION('center_axis',(-1.,1.99159850020592E-16,-3.44509284839767E-16));
#3408=DIRECTION('ref_axis',(-3.44509284839767E-16,1.22464679914735E-16,
1.));
#3409=DIRECTION('',(0.,1.,0.));
#3410=DIRECTION('',(3.44509284839767E-16,0.,-1.));
#3411=DIRECTION('',(-2.15213244075918E-16,-0.780868809443031,0.624695047554423));
#3412=DIRECTION('',(3.69041278246796E-16,0.788010422015372,-0.615661899742996));
#3413=DIRECTION('center_axis',(1.,-1.99159850020592E-16,3.44509284839767E-16));
#3414=DIRECTION('ref_axis',(1.99159850020592E-16,1.,-1.22464679914735E-16));
#3415=DIRECTION('',(1.99159850020592E-16,1.,-1.22464679914735E-16));
#3416=DIRECTION('',(-3.44509284839767E-16,1.22464679914735E-16,1.));
#3417=DIRECTION('',(-1.99159850020592E-16,-1.,1.22464679914735E-16));
#3418=DIRECTION('',(-3.44509284839767E-16,1.22464679914735E-16,1.));
#3419=DIRECTION('center_axis',(-1.,1.99159850020592E-16,-3.44509284839767E-16));
#3420=DIRECTION('ref_axis',(-3.44509284839767E-16,1.22464679914735E-16,
1.));
#3421=DIRECTION('center_axis',(-1.,1.99159850020592E-16,-3.44509284839767E-16));
#3422=DIRECTION('ref_axis',(-3.44509284839767E-16,1.22464679914735E-16,
1.));
#3423=DIRECTION('',(-3.44509284839767E-16,1.22464679914735E-16,1.));
#3424=DIRECTION('center_axis',(-3.44509284839767E-16,1.22464679914735E-16,
1.));
#3425=DIRECTION('ref_axis',(-1.,1.99159850020592E-16,-3.44509284839767E-16));
#3426=DIRECTION('',(0.,-1.,0.));
#3427=DIRECTION('',(-1.,1.99159850020592E-16,-3.44509284839767E-16));
#3428=DIRECTION('',(0.,1.,-1.22464679914735E-16));
#3429=DIRECTION('',(-1.,1.99159850020592E-16,-3.44509284839767E-16));
#3430=DIRECTION('',(-1.99159850020592E-16,-1.,1.22464679914735E-16));
#3431=DIRECTION('',(-1.,1.99159850020592E-16,-3.44509284839767E-16));
#3432=DIRECTION('center_axis',(-1.,1.99159850020592E-16,-3.44509284839767E-16));
#3433=DIRECTION('ref_axis',(-1.99159850020592E-16,-1.,1.22464679914735E-16));
#3434=DIRECTION('',(-3.69041278246797E-16,-0.788010422015372,0.615661899742996));
#3435=DIRECTION('',(-3.44509284839767E-16,1.22464679914735E-16,1.));
#3436=DIRECTION('',(1.99159850020592E-16,1.,-1.22464679914735E-16));
#3437=DIRECTION('',(3.44509284839767E-16,-1.22464679914735E-16,-1.));
#3438=DIRECTION('',(5.51609910649098E-17,-0.788010753606722,-0.615661475325658));
#3439=DIRECTION('center_axis',(-1.,1.99159850020592E-16,-3.44509284839767E-16));
#3440=DIRECTION('ref_axis',(0.,1.22464679914735E-16,1.));
#3441=DIRECTION('center_axis',(-1.,1.99159850020592E-16,-3.44509284839767E-16));
#3442=DIRECTION('ref_axis',(0.,1.22464679914735E-16,1.));
#3443=DIRECTION('center_axis',(1.,-1.99159850020592E-16,3.44509284839767E-16));
#3444=DIRECTION('ref_axis',(0.,1.,0.));
#3445=DIRECTION('center_axis',(1.48861775318591E-16,-0.615661899742996,
-0.788010422015372));
#3446=DIRECTION('ref_axis',(-3.69041278246797E-16,-0.788010422015372,0.615661899742996));
#3447=DIRECTION('',(-3.69041278246797E-16,-0.788010422015372,0.615661899742996));
#3448=DIRECTION('',(-1.,0.,0.));
#3449=DIRECTION('center_axis',(1.,1.22464679914735E-16,-4.57009037544059E-33));
#3450=DIRECTION('ref_axis',(-1.22464679914735E-16,1.,-2.28847549044394E-17));
#3451=DIRECTION('',(9.65034441015881E-17,-0.788010422015372,0.615661899742996));
#3452=DIRECTION('',(9.56288488038413E-17,-0.780868809443031,0.624695047554423));
#3453=DIRECTION('',(-4.57009037544059E-33,0.,-1.));
#3454=DIRECTION('',(-2.29246459288105E-17,0.18719393987533,-0.982322975845496));
#3455=DIRECTION('',(-1.22464679914735E-16,1.,-2.28847549044394E-17));
#3456=DIRECTION('',(-2.33961582765163E-17,0.191044130379515,0.981581448606041));
#3457=DIRECTION('',(4.57009037544059E-33,0.,1.));
#3458=DIRECTION('',(9.65034847098166E-17,-0.788010753606722,-0.615661475325658));
#3459=DIRECTION('',(9.65034847098166E-17,-0.788010753606722,-0.615661475325658));
#3460=DIRECTION('',(-1.76751619114125E-33,-2.28847549044394E-17,-1.));
#3461=DIRECTION('',(1.22464513176684E-16,-0.99999863848049,0.00165016276976985));
#3462=DIRECTION('',(-1.22464679914735E-16,1.,-2.28847549044394E-17));
#3463=DIRECTION('center_axis',(1.,1.22464679914735E-16,-4.57009037544059E-33));
#3464=DIRECTION('ref_axis',(-1.76751619114126E-33,-2.28847549044394E-17,
-1.));
#3465=DIRECTION('',(1.22464679914735E-16,-1.,2.28847549044394E-17));
#3466=DIRECTION('',(1.76751619114125E-33,2.28847549044394E-17,1.));
#3467=DIRECTION('center_axis',(0.,0.615661899742996,0.788010422015372));
#3468=DIRECTION('ref_axis',(-3.69041278246797E-16,-0.788010422015372,0.615661899742996));
#3469=DIRECTION('',(3.69041278246796E-16,0.788010422015372,-0.615661899742996));
#3470=DIRECTION('',(1.,0.,0.));
#3471=DIRECTION('center_axis',(1.22464679914735E-16,-1.,2.28847549044394E-17));
#3472=DIRECTION('ref_axis',(1.,1.22464679914735E-16,-4.57009037544059E-33));
#3473=DIRECTION('',(1.,0.,0.));
#3474=DIRECTION('center_axis',(-1.22464679914735E-16,1.,-2.28847549044394E-17));
#3475=DIRECTION('ref_axis',(-1.,-1.22464679914735E-16,4.57009037544059E-33));
#3476=DIRECTION('center_axis',(-1.22464679914735E-16,1.,-2.28847549044394E-17));
#3477=DIRECTION('ref_axis',(-1.,-1.22464679914735E-16,4.57009037544059E-33));
#3478=DIRECTION('',(-1.,-1.22464679914735E-16,4.57009037544059E-33));
#3479=DIRECTION('center_axis',(1.22464679914735E-16,-1.,2.28847549044394E-17));
#3480=DIRECTION('ref_axis',(-1.,-1.22464679914735E-16,4.57009037544059E-33));
#3481=DIRECTION('center_axis',(1.76751619114125E-33,2.28847549044394E-17,
1.));
#3482=DIRECTION('ref_axis',(1.22464679914735E-16,-1.,2.28847549044394E-17));
#3483=DIRECTION('',(1.,1.22464679914735E-16,-4.57009037544059E-33));
#3484=DIRECTION('',(1.22464679914735E-16,-1.,2.28847549044394E-17));
#3485=DIRECTION('',(1.,1.22464679914735E-16,-4.57009037544059E-33));
#3486=DIRECTION('center_axis',(-2.46019436210908E-16,-0.981581448606042,
0.191044130379515));
#3487=DIRECTION('ref_axis',(0.,-0.191044130379515,-0.981581448606041));
#3488=DIRECTION('',(-0.447314284341293,-0.170865445532813,-0.87790371371074));
#3489=DIRECTION('',(1.,0.,1.28776233911077E-15));
#3490=DIRECTION('center_axis',(-0.891006524188368,-9.87273674711859E-17,
0.453990499739547));
#3491=DIRECTION('ref_axis',(-1.22464679914735E-16,1.,-2.28847549044394E-17));
#3492=DIRECTION('',(0.447584528392188,-0.167396613618682,0.878434097524077));
#3493=DIRECTION('center_axis',(0.,-1.,0.));
#3494=DIRECTION('ref_axis',(0.,0.,-1.));
#3495=DIRECTION('',(-0.615661899742996,-5.73634121177582E-17,0.788010422015372));
#3496=DIRECTION('',(-1.,-1.22464679914735E-16,4.57009037544059E-33));
#3497=DIRECTION('',(-1.76751619114125E-33,-2.28847549044394E-17,-1.));
#3498=DIRECTION('',(1.,-2.7755575615629E-16,0.));
#3499=DIRECTION('',(0.988493886808683,-1.78344186307873E-16,0.15126082024722));
#3500=DIRECTION('',(0.0797452222828636,0.,-0.996815278536127));
#3501=DIRECTION('',(-1.,0.,-1.23155837072203E-14));
#3502=DIRECTION('',(-7.7327961014358E-15,0.,1.));
#3503=DIRECTION('',(3.44509284839767E-16,-1.22464679914735E-16,-1.));
#3504=DIRECTION('',(-1.,0.,0.));
#3505=DIRECTION('center_axis',(1.22464679914735E-16,-1.,2.28847549044394E-17));
#3506=DIRECTION('ref_axis',(-1.,-1.22464679914735E-16,4.57009037544059E-33));
#3507=DIRECTION('center_axis',(1.22464679914735E-16,-1.,2.28847549044394E-17));
#3508=DIRECTION('ref_axis',(-1.,-1.22464679914735E-16,4.57009037544059E-33));
#3509=DIRECTION('center_axis',(-1.,0.,0.));
#3510=DIRECTION('ref_axis',(0.,0.,1.));
#3511=DIRECTION('',(0.,-1.22464679914735E-16,-1.));
#3512=DIRECTION('',(5.51609910649098E-17,-0.788010753606722,-0.615661475325658));
#3513=DIRECTION('center_axis',(1.,1.22464679914735E-16,-4.57009037544059E-33));
#3514=DIRECTION('ref_axis',(-1.22464679914735E-16,1.,-2.28847549044394E-17));
#3515=DIRECTION('',(1.22464679914735E-16,-1.,0.));
#3516=DIRECTION('',(-1.22464679914735E-16,1.,-2.28847549044394E-17));
#3517=DIRECTION('',(1.76751619114125E-33,2.28847549044394E-17,1.));
#3518=DIRECTION('center_axis',(-1.76751619114125E-33,-2.28847549044394E-17,
-1.));
#3519=DIRECTION('ref_axis',(1.22464679914735E-16,-1.,2.28847549044394E-17));
#3520=DIRECTION('',(1.,1.22464679914735E-16,-4.57009037544059E-33));
#3521=DIRECTION('',(-1.22464679914735E-16,1.,-2.28847549044394E-17));
#3522=DIRECTION('',(-1.,-1.22464679914735E-16,4.57009037544059E-33));
#3523=DIRECTION('',(1.,1.22464679914735E-16,-4.57009037544059E-33));
#3524=DIRECTION('',(-1.22464679914735E-16,1.,-2.28847549044394E-17));
#3525=DIRECTION('',(-1.,0.,1.76751619114125E-33));
#3526=DIRECTION('',(2.78464788400303E-48,-1.,2.28847549044394E-17));
#3527=DIRECTION('',(1.,0.,-1.76751619114125E-33));
#3528=DIRECTION('',(0.,1.,-2.28847549044394E-17));
#3529=DIRECTION('',(-1.,0.,1.76751619114125E-33));
#3530=DIRECTION('',(2.78464788400303E-48,-1.,2.28847549044394E-17));
#3531=DIRECTION('',(1.,0.,-1.76751619114125E-33));
#3532=DIRECTION('',(0.,1.,-2.28847549044394E-17));
#3533=DIRECTION('center_axis',(0.788010422015372,1.10592715781208E-16,0.615661899742996));
#3534=DIRECTION('ref_axis',(-0.615661899742996,-5.73634121177582E-17,0.788010422015372));
#3535=DIRECTION('',(-0.615661899742996,-5.73634121177582E-17,0.788010422015372));
#3536=DIRECTION('',(1.22464679914735E-16,-1.,2.28847549044394E-17));
#3537=DIRECTION('',(0.615661899742996,5.73634121177582E-17,-0.788010422015372));
#3538=DIRECTION('center_axis',(-1.99159850020592E-16,-1.,1.22464679914735E-16));
#3539=DIRECTION('ref_axis',(1.,-1.99159850020592E-16,3.44509284839767E-16));
#3540=DIRECTION('',(-1.,1.99159850020592E-16,-3.44509284839767E-16));
#3541=DIRECTION('',(-3.44509284839767E-16,1.22464679914735E-16,1.));
#3542=DIRECTION('',(1.,-1.99159850020592E-16,3.44509284839767E-16));
#3543=DIRECTION('',(-3.44509284839767E-16,1.22464679914735E-16,1.));
#3544=DIRECTION('center_axis',(-1.,6.14196494740277E-16,-3.44509284839767E-16));
#3545=DIRECTION('ref_axis',(-6.14196494740277E-16,-1.,1.22464679914735E-16));
#3546=DIRECTION('',(6.14196494740277E-16,1.,-1.22464679914735E-16));
#3547=DIRECTION('',(-3.44509284839767E-16,1.22464679914735E-16,1.));
#3548=DIRECTION('',(-6.14196494740277E-16,-1.,1.22464679914735E-16));
#3549=DIRECTION('center_axis',(1.,-6.14196494740277E-16,3.44509284839767E-16));
#3550=DIRECTION('ref_axis',(3.44509284839767E-16,-1.22464679914735E-16,
-1.));
#3551=DIRECTION('center_axis',(-1.,1.99159850020592E-16,-3.44509284839767E-16));
#3552=DIRECTION('ref_axis',(-1.99159850020592E-16,-1.,1.22464679914735E-16));
#3553=DIRECTION('',(3.69041278246797E-16,0.788010422015372,-0.615661899742996));
#3554=DIRECTION('',(-3.44509284839767E-16,1.22464679914735E-16,1.));
#3555=DIRECTION('',(1.99159850020592E-16,1.,-1.22464679914735E-16));
#3556=DIRECTION('',(-3.44509284839767E-16,1.22464679914735E-16,1.));
#3557=DIRECTION('',(-5.51609910649098E-17,0.788010753606722,0.615661475325658));
#3558=DIRECTION('',(-1.99159850020592E-16,-1.,1.22464679914735E-16));
#3559=DIRECTION('center_axis',(1.,-1.99159850020592E-16,3.44509284839767E-16));
#3560=DIRECTION('ref_axis',(0.,1.,0.));
#3561=DIRECTION('center_axis',(1.99159850020592E-16,1.,-1.22464679914735E-16));
#3562=DIRECTION('ref_axis',(-1.,1.99159850020592E-16,-3.44509284839767E-16));
#3563=DIRECTION('',(1.,-1.99159850020592E-16,-1.55600728198322E-16));
#3564=DIRECTION('',(1.,-1.99159850020592E-16,3.44509284839767E-16));
#3565=DIRECTION('',(-3.44509284839767E-16,1.22464679914735E-16,1.));
#3566=DIRECTION('center_axis',(-1.,1.99159850020592E-16,-3.44509284839767E-16));
#3567=DIRECTION('ref_axis',(-1.99159850020592E-16,-1.,1.22464679914735E-16));
#3568=DIRECTION('',(1.99159850020592E-16,1.,-1.22464679914735E-16));
#3569=DIRECTION('',(-3.44509284839767E-16,1.22464679914735E-16,1.));
#3570=DIRECTION('center_axis',(1.,-1.99159850020592E-16,3.44509284839767E-16));
#3571=DIRECTION('ref_axis',(3.44509284839767E-16,-1.22464679914735E-16,
-1.));
#3572=DIRECTION('center_axis',(1.99159850020592E-16,1.,-1.22464679914735E-16));
#3573=DIRECTION('ref_axis',(-1.,1.99159850020592E-16,-3.44509284839767E-16));
#3574=DIRECTION('',(1.,-1.99159850020592E-16,3.44509284839767E-16));
#3575=DIRECTION('center_axis',(1.99159850020592E-16,1.,-1.22464679914735E-16));
#3576=DIRECTION('ref_axis',(-1.,1.99159850020592E-16,-3.44509284839767E-16));
#3577=DIRECTION('',(1.,-1.99159850020592E-16,3.44509284839767E-16));
#3578=DIRECTION('',(1.,-1.99159850020592E-16,3.44509284839767E-16));
#3579=DIRECTION('',(-3.44509284839767E-16,1.22464679914735E-16,1.));
#3580=DIRECTION('center_axis',(-1.99159850020592E-16,-1.,1.22464679914735E-16));
#3581=DIRECTION('ref_axis',(1.,-1.99159850020592E-16,3.44509284839767E-16));
#3582=DIRECTION('',(-1.,1.99159850020592E-16,-3.44509284839767E-16));
#3583=DIRECTION('',(-3.44509284839767E-16,1.22464679914735E-16,1.));
#3584=DIRECTION('',(-1.,1.99159850020592E-16,-3.44509284839767E-16));
#3585=DIRECTION('',(-3.44509284839767E-16,1.22464679914735E-16,1.));
#3586=DIRECTION('center_axis',(1.,-1.99159850020592E-16,3.44509284839767E-16));
#3587=DIRECTION('ref_axis',(1.99159850020592E-16,1.,-1.22464679914735E-16));
#3588=DIRECTION('center_axis',(-1.,1.99159850020592E-16,-3.44509284839767E-16));
#3589=DIRECTION('ref_axis',(-3.44509284839767E-16,1.22464679914735E-16,
1.));
#3590=DIRECTION('center_axis',(-1.,1.99159850020592E-16,-3.44509284839767E-16));
#3591=DIRECTION('ref_axis',(-3.44509284839767E-16,1.22464679914735E-16,
1.));
#3592=DIRECTION('',(-1.99159850020592E-16,-1.,1.22464679914735E-16));
#3593=DIRECTION('',(1.99159850020592E-16,1.,-1.22464679914735E-16));
#3594=DIRECTION('center_axis',(1.,-1.99159850020592E-16,3.44509284839767E-16));
#3595=DIRECTION('ref_axis',(-1.99159850020592E-16,-1.,1.22464679914735E-16));
#3596=DIRECTION('',(-1.99159850020592E-16,-1.,1.22464679914735E-16));
#3597=DIRECTION('',(3.44509284839767E-16,-1.22464679914735E-16,-1.));
#3598=DIRECTION('',(-1.99159850020592E-16,-1.,1.22464679914735E-16));
#3599=DIRECTION('',(3.44509284839767E-16,-1.22464679914735E-16,-1.));
#3600=DIRECTION('center_axis',(-0.00165016276976962,0.99999863848049,-1.23033009572367E-16));
#3601=DIRECTION('ref_axis',(0.99999863848049,0.00165016276976962,3.44306729128247E-16));
#3602=DIRECTION('',(0.99999863848049,0.00165016276976962,3.44306729128247E-16));
#3603=DIRECTION('',(3.44509284839767E-16,-1.22464679914735E-16,-1.));
#3604=DIRECTION('',(0.988492571747821,0.00163117586096986,0.15126061901463));
#3605=DIRECTION('center_axis',(-1.99159850020592E-16,-1.,1.22464679914735E-16));
#3606=DIRECTION('ref_axis',(-1.,1.99159850020592E-16,-3.44509284839767E-16));
#3607=DIRECTION('',(-1.,1.99159850020592E-16,-3.44509284839767E-16));
#3608=DIRECTION('',(-0.988493886808683,1.78344186307873E-16,-0.15126082024722));
#3609=DIRECTION('center_axis',(3.44509284839767E-16,-1.22464679914735E-16,
-1.));
#3610=DIRECTION('ref_axis',(1.99159850020592E-16,1.,-1.22464679914735E-16));
#3611=DIRECTION('',(-1.99159850020592E-16,-1.,1.22464679914735E-16));
#3612=DIRECTION('',(-1.,-8.10133808729549E-16,-3.44509284839766E-16));
#3613=DIRECTION('center_axis',(-1.,1.99159850020592E-16,-3.44509284839767E-16));
#3614=DIRECTION('ref_axis',(3.44509284839767E-16,-1.22464679914735E-16,
-1.));
#3615=DIRECTION('center_axis',(1.,1.23560762591179E-32,-2.51313470326894E-31));
#3616=DIRECTION('ref_axis',(3.44509284839767E-16,-1.22464679914735E-16,
-1.));
#3617=DIRECTION('',(-1.,1.99159850020592E-16,-3.44509284839767E-16));
#3618=DIRECTION('center_axis',(-1.,1.99159850020592E-16,-3.44509284839767E-16));
#3619=DIRECTION('ref_axis',(3.44509284839767E-16,-1.22464679914735E-16,
-1.));
#3620=DIRECTION('center_axis',(1.,1.23560762591179E-32,-2.51313470326894E-31));
#3621=DIRECTION('ref_axis',(3.44509284839767E-16,-1.22464679914735E-16,
-1.));
#3622=DIRECTION('',(-1.,1.99159850020592E-16,-3.44509284839767E-16));
#3623=DIRECTION('center_axis',(-1.,1.99159850020592E-16,-3.44509284839767E-16));
#3624=DIRECTION('ref_axis',(-3.44509284839767E-16,1.22464679914735E-16,
1.));
#3625=DIRECTION('center_axis',(-1.,1.99159850020592E-16,-3.44509284839767E-16));
#3626=DIRECTION('ref_axis',(-3.44509284839767E-16,1.22464679914735E-16,
1.));
#3627=DIRECTION('',(-1.,1.99159850020592E-16,-3.44509284839767E-16));
#3628=DIRECTION('center_axis',(-1.,1.99159850020592E-16,-3.44509284839767E-16));
#3629=DIRECTION('ref_axis',(-3.44509284839767E-16,1.22464679914735E-16,
1.));
#3630=DIRECTION('center_axis',(-1.,1.99159850020592E-16,-3.44509284839767E-16));
#3631=DIRECTION('ref_axis',(-3.44509284839767E-16,1.22464679914735E-16,
1.));
#3632=DIRECTION('center_axis',(-1.,1.99159850020592E-16,-3.44509284839767E-16));
#3633=DIRECTION('ref_axis',(-3.44509284839767E-16,1.22464679914735E-16,
1.));
#3634=DIRECTION('',(-1.,1.99159850020592E-16,-3.44509284839767E-16));
#3635=DIRECTION('',(-1.,1.99159850020592E-16,-3.44509284839767E-16));
#3636=DIRECTION('center_axis',(-1.,1.99159850020592E-16,-3.44509284839767E-16));
#3637=DIRECTION('ref_axis',(-3.44509284839767E-16,1.22464679914735E-16,
1.));
#3638=DIRECTION('center_axis',(1.,-1.99159850020592E-16,3.44509284839767E-16));
#3639=DIRECTION('ref_axis',(-3.44509284839767E-16,1.22464679914735E-16,
1.));
#3640=DIRECTION('center_axis',(1.,1.22464679914735E-16,-4.57009037544059E-33));
#3641=DIRECTION('ref_axis',(0.,1.22464679914735E-16,1.));
#3642=DIRECTION('',(1.,-1.99159850020592E-16,3.44509284839767E-16));
#3643=DIRECTION('center_axis',(1.,-1.99159850020592E-16,3.44509284839767E-16));
#3644=DIRECTION('ref_axis',(-3.44509284839767E-16,1.22464679914735E-16,
1.));
#3645=DIRECTION('',(1.,-1.99159850020592E-16,3.44509284839767E-16));
#3646=DIRECTION('center_axis',(1.,-1.99159850020592E-16,3.44509284839767E-16));
#3647=DIRECTION('ref_axis',(-3.44509284839767E-16,1.22464679914735E-16,
1.));
#3648=DIRECTION('center_axis',(-1.,1.99159850020592E-16,-3.44509284839767E-16));
#3649=DIRECTION('ref_axis',(3.44509284839767E-16,-1.22464679914735E-16,
-1.));
#3650=DIRECTION('center_axis',(1.,-1.99159850020592E-16,3.44509284839767E-16));
#3651=DIRECTION('ref_axis',(-3.44509284839767E-16,1.22464679914735E-16,
1.));
#3652=DIRECTION('',(-3.44509284839767E-16,1.22464679914735E-16,1.));
#3653=DIRECTION('',(1.99159850020592E-16,1.,-1.22464679914735E-16));
#3654=DIRECTION('',(0.,0.,-1.));
#3655=DIRECTION('center_axis',(1.,-1.99159850020592E-16,3.44509284839767E-16));
#3656=DIRECTION('ref_axis',(-3.44509284839767E-16,1.22464679914735E-16,
1.));
#3657=DIRECTION('center_axis',(1.,-1.99159850020592E-16,3.44509284839767E-16));
#3658=DIRECTION('ref_axis',(1.99159850020592E-16,1.,-1.22464679914735E-16));
#3659=DIRECTION('',(5.51609910649098E-17,-0.788010753606722,-0.615661475325658));
#3660=DIRECTION('',(-3.44509284839767E-16,1.22464679914735E-16,1.));
#3661=DIRECTION('center_axis',(-1.,1.99159850020592E-16,-3.44509284839767E-16));
#3662=DIRECTION('ref_axis',(0.,1.,0.));
#3663=DIRECTION('center_axis',(1.99159850020592E-16,1.,-1.22464679914735E-16));
#3664=DIRECTION('ref_axis',(-1.,1.99159850020592E-16,-3.44509284839767E-16));
#3665=DIRECTION('',(1.,-1.99159850020592E-16,3.44509284839767E-16));
#3666=DIRECTION('',(-3.44509284839767E-16,1.22464679914735E-16,1.));
#3667=DIRECTION('center_axis',(-1.,1.99159850020592E-16,-3.44509284839767E-16));
#3668=DIRECTION('ref_axis',(-3.44509284839767E-16,1.22464679914735E-16,
1.));
#3669=DIRECTION('',(-5.51609910649098E-17,0.788010753606722,0.615661475325658));
#3670=DIRECTION('center_axis',(1.,-1.99159850020592E-16,3.44509284839767E-16));
#3671=DIRECTION('ref_axis',(-3.44509284839767E-16,1.22464679914735E-16,
1.));
#3672=DIRECTION('center_axis',(1.,1.22464679914735E-16,-4.57009037544059E-33));
#3673=DIRECTION('ref_axis',(0.,1.22464679914735E-16,1.));
#3674=DIRECTION('',(1.,-1.99159850020592E-16,3.44509284839767E-16));
#3675=DIRECTION('',(-1.,1.99159850020592E-16,-3.44509284839767E-16));
#3676=DIRECTION('center_axis',(-1.,1.99159850020592E-16,-3.44509284839767E-16));
#3677=DIRECTION('ref_axis',(3.44509284839767E-16,-1.22464679914735E-16,
-1.));
#3678=DIRECTION('',(0.,0.,-1.));
#3679=DIRECTION('',(1.99159850020592E-16,1.,-1.22464679914735E-16));
#3680=DIRECTION('',(3.44509284839767E-16,-1.22464679914735E-16,-1.));
#3681=DIRECTION('center_axis',(-3.44509284839767E-16,1.22464679914735E-16,
1.));
#3682=DIRECTION('ref_axis',(1.99159850020592E-16,1.,-1.22464679914735E-16));
#3683=DIRECTION('center_axis',(0.15126082024722,-1.51180669720126E-16,-0.988493886808684));
#3684=DIRECTION('ref_axis',(-0.988493886808683,1.78344186307873E-16,-0.15126082024722));
#3685=DIRECTION('',(-3.44509284839767E-16,1.22464679914735E-16,1.));
#3686=DIRECTION('center_axis',(-3.44509284839767E-16,1.22464679914735E-16,
1.));
#3687=DIRECTION('ref_axis',(1.99159850020592E-16,1.,-1.22464679914735E-16));
#3688=DIRECTION('',(3.44509284839767E-16,-1.22464679914735E-16,-1.));
#3689=DIRECTION('center_axis',(0.15126082024722,-1.51180669720126E-16,-0.988493886808684));
#3690=DIRECTION('ref_axis',(-0.988493886808684,1.78344186307873E-16,-0.15126082024722));
#3691=DIRECTION('center_axis',(1.99159850020592E-16,1.,0.));
#3692=DIRECTION('ref_axis',(1.,-1.99159850020592E-16,3.44509284839767E-16));
#3693=DIRECTION('',(0.988493886808683,-1.96868294243089E-16,0.15126082024722));
#3694=DIRECTION('center_axis',(-1.99159850020592E-16,-1.,0.));
#3695=DIRECTION('ref_axis',(-1.,1.99159850020592E-16,-3.44509284839767E-16));
#3696=DIRECTION('',(-0.988493886808683,1.96868294243089E-16,-0.15126082024722));
#3697=DIRECTION('center_axis',(3.94092068260412E-16,0.615661475325658,-0.788010753606722));
#3698=DIRECTION('ref_axis',(5.51609910649098E-17,-0.788010753606722,-0.615661475325658));
#3699=DIRECTION('',(0.0491932864031832,-0.787056691148165,-0.614916080039998));
#3700=DIRECTION('',(1.,-1.99159850020592E-16,3.44509284839767E-16));
#3701=DIRECTION('center_axis',(1.,1.23560762591179E-32,-2.51313470326894E-31));
#3702=DIRECTION('ref_axis',(-1.23560762591179E-32,1.,0.));
#3703=DIRECTION('center_axis',(-1.,-1.23560762591179E-32,2.51313470326894E-31));
#3704=DIRECTION('ref_axis',(-1.23560762591179E-32,1.,0.));
#3705=DIRECTION('center_axis',(1.,1.23560762591179E-32,-2.51313470326894E-31));
#3706=DIRECTION('ref_axis',(-1.23560762591179E-32,1.,0.));
#3707=DIRECTION('center_axis',(-1.,-1.23560762591179E-32,2.51313470326894E-31));
#3708=DIRECTION('ref_axis',(-1.23560762591179E-32,1.,0.));
#3709=DIRECTION('center_axis',(-3.44509284839767E-16,1.22464679914735E-16,
1.));
#3710=DIRECTION('ref_axis',(-1.,1.99159850020592E-16,-3.44509284839767E-16));
#3711=DIRECTION('',(1.,8.10133808729549E-16,3.44509284839766E-16));
#3712=DIRECTION('',(0.,1.,0.));
#3713=DIRECTION('',(-1.,0.,-3.44509284839767E-16));
#3714=DIRECTION('center_axis',(8.10133808729549E-16,-1.,1.22464679914736E-16));
#3715=DIRECTION('ref_axis',(1.,8.10133808729549E-16,3.44509284839766E-16));
#3716=DIRECTION('',(-1.,-8.10133808729549E-16,6.32946602981266E-16));
#3717=DIRECTION('',(0.,1.22464679914736E-16,1.));
#3718=DIRECTION('center_axis',(-1.,0.,0.));
#3719=DIRECTION('ref_axis',(0.,0.,1.));
#3720=DIRECTION('',(-3.69041278246797E-16,-0.788010422015372,0.615661899742996));
#3721=DIRECTION('',(0.,0.780868809443031,-0.624695047554423));
#3722=DIRECTION('',(0.,0.,1.));
#3723=DIRECTION('center_axis',(3.94092068260412E-16,0.615661475325658,-0.788010753606722));
#3724=DIRECTION('ref_axis',(5.51609910649098E-17,-0.788010753606722,-0.615661475325658));
#3725=DIRECTION('',(1.,0.,0.));
#3726=DIRECTION('center_axis',(0.15126082024722,-1.51180669720126E-16,-0.988493886808684));
#3727=DIRECTION('ref_axis',(0.988493886808683,-1.78344186307873E-16,0.15126082024722));
#3728=DIRECTION('',(3.04406657361693E-16,1.,-1.06359655271424E-16));
#3729=DIRECTION('',(0.,1.,0.));
#3730=DIRECTION('',(0.988493886808683,0.,0.15126082024722));
#3731=DIRECTION('',(-0.988493886808683,0.,-0.15126082024722));
#3732=DIRECTION('',(-2.36501913830635E-17,-1.,1.49321431667172E-16));
#3733=DIRECTION('',(0.988493886808683,0.,0.15126082024722));
#3734=DIRECTION('',(2.36501913830635E-17,1.,-1.49321431667172E-16));
#3735=DIRECTION('',(-0.988493886808683,0.,-0.15126082024722));
#3736=DIRECTION('',(-2.36501913830635E-17,-1.,1.49321431667172E-16));
#3737=DIRECTION('',(0.988493886808683,0.,0.15126082024722));
#3738=DIRECTION('',(2.36501913830635E-17,1.,-1.49321431667172E-16));
#3739=DIRECTION('center_axis',(-0.15126082024722,1.51180669720126E-16,0.988493886808684));
#3740=DIRECTION('ref_axis',(0.988493886808684,0.,0.15126082024722));
#3741=DIRECTION('center_axis',(1.76751619114125E-33,2.28847549044394E-17,
1.));
#3742=DIRECTION('ref_axis',(-1.22464679914735E-16,1.,-2.28847549044394E-17));
#3743=DIRECTION('',(1.22464679914735E-16,-1.,2.28847549044394E-17));
#3744=DIRECTION('',(-1.,-1.22464679914735E-16,4.57009037544059E-33));
#3745=DIRECTION('',(-1.,-1.22464679914735E-16,4.57009037544059E-33));
#3746=DIRECTION('center_axis',(1.22464679914735E-16,-1.,-3.92151889815246E-16));
#3747=DIRECTION('ref_axis',(5.25948460396233E-32,-3.92151889815246E-16,
1.));
#3748=DIRECTION('',(-5.25948460396233E-32,3.92151889815246E-16,-1.));
#3749=DIRECTION('',(-1.,-1.22464679914735E-16,4.57009037544059E-33));
#3750=DIRECTION('center_axis',(-1.22464679914735E-16,1.,3.92151889815246E-16));
#3751=DIRECTION('ref_axis',(1.,1.22464679914735E-16,-4.57009037544059E-33));
#3752=DIRECTION('center_axis',(-1.21835308667667E-31,1.03217841365458E-15,
1.));
#3753=DIRECTION('ref_axis',(-1.22464679914735E-16,1.,-1.03217841365458E-15));
#3754=DIRECTION('',(1.22464679914735E-16,-1.,1.03217841365458E-15));
#3755=DIRECTION('',(-1.,-1.22464679914735E-16,4.57009037544059E-33));
#3756=DIRECTION('center_axis',(1.22464679914735E-16,-1.,2.28847549044394E-17));
#3757=DIRECTION('ref_axis',(1.76751619114125E-33,2.28847549044394E-17,1.));
#3758=DIRECTION('',(-1.76751619114125E-33,-2.28847549044394E-17,-1.));
#3759=DIRECTION('',(-1.,-1.22464679914735E-16,4.57009037544059E-33));
#3760=DIRECTION('center_axis',(-1.76751619114125E-33,-2.28847549044394E-17,
-1.));
#3761=DIRECTION('ref_axis',(1.22464679914735E-16,-1.,2.28847549044394E-17));
#3762=DIRECTION('',(-1.22464679914735E-16,1.,-2.28847549044394E-17));
#3763=DIRECTION('',(-1.,-1.22464679914735E-16,4.57009037544059E-33));
#3764=DIRECTION('center_axis',(1.22464679914735E-16,-1.,2.28847549044394E-17));
#3765=DIRECTION('ref_axis',(1.76751619114125E-33,2.28847549044394E-17,1.));
#3766=DIRECTION('',(-1.76751619114125E-33,-2.28847549044394E-17,-1.));
#3767=DIRECTION('',(-1.,-1.22464679914735E-16,4.57009037544059E-33));
#3768=DIRECTION('center_axis',(-1.22464679914735E-16,1.,-2.28847549044394E-17));
#3769=DIRECTION('ref_axis',(1.,1.22464679914735E-16,-4.57009037544059E-33));
#3770=DIRECTION('center_axis',(-1.76751619114125E-33,-2.28847549044394E-17,
-1.));
#3771=DIRECTION('ref_axis',(1.22464679914735E-16,-1.,2.28847549044394E-17));
#3772=DIRECTION('',(-1.22464679914735E-16,1.,-2.28847549044394E-17));
#3773=DIRECTION('',(-1.,-1.22464679914735E-16,4.57009037544059E-33));
#3774=DIRECTION('center_axis',(-1.76751619114125E-33,-2.28847549044394E-17,
-1.));
#3775=DIRECTION('ref_axis',(1.22464679914735E-16,-1.,2.28847549044394E-17));
#3776=DIRECTION('',(-1.22464679914735E-16,1.,-2.28847549044394E-17));
#3777=DIRECTION('',(-1.,-1.22464679914735E-16,4.57009037544059E-33));
#3778=DIRECTION('',(-1.22464679914735E-16,1.,-2.28847549044394E-17));
#3779=DIRECTION('',(-1.,-1.22464679914735E-16,4.57009037544059E-33));
#3780=DIRECTION('center_axis',(1.76751619114125E-33,2.28847549044394E-17,
1.));
#3781=DIRECTION('ref_axis',(-1.22464679914735E-16,1.,-2.28847549044394E-17));
#3782=DIRECTION('',(1.22464679914735E-16,-1.,2.28847549044394E-17));
#3783=DIRECTION('',(-1.,-1.22464679914735E-16,4.57009037544059E-33));
#3784=DIRECTION('',(1.22464679914735E-16,-1.,2.28847549044394E-17));
#3785=DIRECTION('',(-1.,-1.22464679914735E-16,4.57009037544059E-33));
#3786=DIRECTION('center_axis',(-1.22464679914735E-16,1.,-2.28847549044394E-17));
#3787=DIRECTION('ref_axis',(-1.76751619114125E-33,-2.28847549044394E-17,
-1.));
#3788=DIRECTION('center_axis',(1.22464679914735E-16,-1.,2.28847549044394E-17));
#3789=DIRECTION('ref_axis',(-1.,-1.22464679914735E-16,4.57009037544059E-33));
#3790=DIRECTION('center_axis',(1.22464679914735E-16,-1.,2.28847549044394E-17));
#3791=DIRECTION('ref_axis',(-1.,-1.22464679914735E-16,4.57009037544059E-33));
#3792=DIRECTION('',(1.76751619114125E-33,2.28847549044394E-17,1.));
#3793=DIRECTION('',(-1.,-1.22464679914735E-16,4.57009037544059E-33));
#3794=DIRECTION('center_axis',(-1.22464679914735E-16,1.,-2.28847549044394E-17));
#3795=DIRECTION('ref_axis',(1.76751619114125E-33,2.28847549044394E-17,1.));
#3796=DIRECTION('',(1.76751619114125E-33,2.28847549044394E-17,1.));
#3797=DIRECTION('',(1.,1.22464679914735E-16,-4.57009037544059E-33));
#3798=DIRECTION('center_axis',(2.02086655407073E-19,-0.00165016276976985,
-0.99999863848049));
#3799=DIRECTION('ref_axis',(-1.22464513176684E-16,0.99999863848049,-0.00165016276976985));
#3800=DIRECTION('',(-1.22464513176684E-16,0.99999863848049,-0.00165016276976985));
#3801=DIRECTION('center_axis',(1.,1.22464679914735E-16,-4.57009037544059E-33));
#3802=DIRECTION('ref_axis',(-1.76751619114125E-33,-2.28847549044394E-17,
-1.));
#3803=DIRECTION('',(1.76751619114125E-33,2.28847549044394E-17,1.));
#3804=DIRECTION('',(1.76751619114125E-33,2.28847549044394E-17,1.));
#3805=DIRECTION('center_axis',(1.,1.22464679914735E-16,-4.57009037544059E-33));
#3806=DIRECTION('ref_axis',(0.,1.,0.));
#3807=DIRECTION('center_axis',(1.,1.22464679914735E-16,-4.57009037544059E-33));
#3808=DIRECTION('ref_axis',(-3.15404268359392E-16,-1.,-1.6087555821183E-31));
#3809=DIRECTION('center_axis',(1.,1.22464679914735E-16,-4.57009037544059E-33));
#3810=DIRECTION('ref_axis',(-3.15404268359392E-16,-1.,-1.60875558211828E-31));
#3811=DIRECTION('center_axis',(1.22464679914735E-16,-1.,2.28847549044394E-17));
#3812=DIRECTION('ref_axis',(1.,1.22464679914735E-16,-4.57009037544059E-33));
#3813=DIRECTION('center_axis',(-1.22464679914735E-16,1.,-2.28847549044394E-17));
#3814=DIRECTION('ref_axis',(1.,1.22464679914735E-16,-4.57009037544059E-33));
#3815=DIRECTION('',(1.22464679914735E-16,-1.,2.28847549044394E-17));
#3816=DIRECTION('center_axis',(1.22464679914735E-16,-1.,2.28847549044394E-17));
#3817=DIRECTION('ref_axis',(1.,1.22464679914735E-16,-4.57009037544059E-33));
#3818=DIRECTION('center_axis',(-1.22464679914735E-16,1.,-2.28847549044394E-17));
#3819=DIRECTION('ref_axis',(1.,1.22464679914735E-16,-4.57009037544059E-33));
#3820=DIRECTION('',(1.22464679914735E-16,-1.,2.28847549044394E-17));
#3821=DIRECTION('center_axis',(-1.22464679914735E-16,1.,-2.28847549044394E-17));
#3822=DIRECTION('ref_axis',(-1.,-1.22464679914735E-16,4.57009037544059E-33));
#3823=DIRECTION('center_axis',(1.22464679914735E-16,-1.,2.28847549044394E-17));
#3824=DIRECTION('ref_axis',(1.,1.22464679914735E-16,-4.57009037544059E-33));
#3825=DIRECTION('center_axis',(1.22464679914735E-16,-1.,2.28847549044394E-17));
#3826=DIRECTION('ref_axis',(1.,1.22464679914735E-16,-4.57009037544059E-33));
#3827=DIRECTION('center_axis',(-1.22464679914735E-16,1.,-2.28847549044394E-17));
#3828=DIRECTION('ref_axis',(1.,1.22464679914735E-16,-4.57009037544059E-33));
#3829=DIRECTION('',(1.22464679914735E-16,-1.,2.28847549044394E-17));
#3830=DIRECTION('center_axis',(-1.22464679914735E-16,1.,-2.28847549044394E-17));
#3831=DIRECTION('ref_axis',(-1.,-1.22464679914735E-16,4.57009037544059E-33));
#3832=DIRECTION('center_axis',(1.22464679914735E-16,-1.,2.28847549044394E-17));
#3833=DIRECTION('ref_axis',(1.,1.22464679914735E-16,-4.57009037544059E-33));
#3834=DIRECTION('center_axis',(1.22464679914735E-16,-1.,2.28847549044394E-17));
#3835=DIRECTION('ref_axis',(1.,1.22464679914735E-16,-4.57009037544059E-33));
#3836=DIRECTION('center_axis',(-1.22464679914735E-16,1.,-2.28847549044394E-17));
#3837=DIRECTION('ref_axis',(1.,1.22464679914735E-16,-4.57009037544059E-33));
#3838=DIRECTION('',(1.22464679914735E-16,-1.,2.28847549044394E-17));
#3839=DIRECTION('center_axis',(-1.22464679914735E-16,1.,-2.28847549044394E-17));
#3840=DIRECTION('ref_axis',(-1.76751619114125E-33,-2.28847549044394E-17,
-1.));
#3841=DIRECTION('center_axis',(1.22464679914735E-16,-1.,2.28847549044394E-17));
#3842=DIRECTION('ref_axis',(-1.,-1.22464679914735E-16,4.57009037544059E-33));
#3843=DIRECTION('center_axis',(1.22464679914735E-16,-1.,2.28847549044394E-17));
#3844=DIRECTION('ref_axis',(-1.,-1.22464679914735E-16,4.57009037544059E-33));
#3845=DIRECTION('',(-1.,-1.22464679914735E-16,4.57009037544059E-33));
#3846=DIRECTION('center_axis',(1.22464679914735E-16,-1.,2.28847549044394E-17));
#3847=DIRECTION('ref_axis',(-1.,-1.22464679914735E-16,4.57009037544059E-33));
#3848=DIRECTION('',(-1.22464679914735E-16,1.,-2.28847549044394E-17));
#3849=DIRECTION('center_axis',(1.22464679914735E-16,-1.,2.28847549044394E-17));
#3850=DIRECTION('ref_axis',(-1.,-1.22464679914735E-16,4.57009037544059E-33));
#3851=DIRECTION('',(1.22464679914735E-16,-1.,2.28847549044394E-17));
#3852=DIRECTION('center_axis',(1.22464679914735E-16,-1.,2.28847549044394E-17));
#3853=DIRECTION('ref_axis',(-1.,-1.22464679914735E-16,4.57009037544059E-33));
#3854=DIRECTION('center_axis',(1.22464679914735E-16,-1.,2.28847549044394E-17));
#3855=DIRECTION('ref_axis',(-1.,-1.22464679914735E-16,4.57009037544059E-33));
#3856=DIRECTION('center_axis',(1.22464679914735E-16,-1.,2.28847549044394E-17));
#3857=DIRECTION('ref_axis',(-1.,-1.22464679914735E-16,4.57009037544059E-33));
#3858=DIRECTION('',(1.22464679914735E-16,-1.,2.28847549044394E-17));
#3859=DIRECTION('',(1.22464679914735E-16,-1.,2.28847549044394E-17));
#3860=DIRECTION('center_axis',(-1.22464679914735E-16,1.,-2.28847549044394E-17));
#3861=DIRECTION('ref_axis',(-1.,-1.22464679914735E-16,4.57009037544059E-33));
#3862=DIRECTION('',(-1.22464679914735E-16,1.,-2.28847549044394E-17));
#3863=DIRECTION('center_axis',(-1.22464679914735E-16,1.,-2.28847549044394E-17));
#3864=DIRECTION('ref_axis',(-1.,-1.22464679914735E-16,4.57009037544059E-33));
#3865=DIRECTION('',(-1.22464679914735E-16,1.,-2.28847549044394E-17));
#3866=DIRECTION('center_axis',(-1.22464679914735E-16,1.,-2.28847549044394E-17));
#3867=DIRECTION('ref_axis',(-1.,-1.22464679914735E-16,4.57009037544059E-33));
#3868=DIRECTION('center_axis',(1.76751619114125E-33,2.28847549044394E-17,
1.));
#3869=DIRECTION('ref_axis',(-1.22464679914735E-16,1.,-2.28847549044394E-17));
#3870=DIRECTION('',(1.,1.22464679914735E-16,-4.57009037544059E-33));
#3871=DIRECTION('',(-1.,-1.22464679914735E-16,4.57009037544059E-33));
#3872=DIRECTION('center_axis',(1.22464679914735E-16,-1.,2.28847549044394E-17));
#3873=DIRECTION('ref_axis',(-1.,-1.22464679914735E-16,4.57009037544059E-33));
#3874=DIRECTION('center_axis',(-1.22464679914735E-16,1.,-2.28847549044394E-17));
#3875=DIRECTION('ref_axis',(-1.,-1.22464679914735E-16,4.57009037544059E-33));
#3876=DIRECTION('',(-0.615661899742996,-5.73634121177582E-17,0.788010422015372));
#3877=DIRECTION('center_axis',(0.788010422015372,1.10592715781208E-16,0.615661899742996));
#3878=DIRECTION('ref_axis',(-0.615661899742996,-5.73634121177582E-17,0.788010422015372));
#3879=DIRECTION('',(0.615661899742996,5.73634121177582E-17,-0.788010422015372));
#3880=DIRECTION('center_axis',(-1.22464679914735E-16,1.,-2.28847549044394E-17));
#3881=DIRECTION('ref_axis',(-1.,-1.22464679914735E-16,4.57009037544059E-33));
#3882=DIRECTION('',(-1.22464679914735E-16,1.,-2.28847549044394E-17));
#3883=DIRECTION('',(1.22464679914735E-16,-1.,2.28847549044394E-17));
#3884=DIRECTION('center_axis',(1.22464679914735E-16,-1.,2.28847549044394E-17));
#3885=DIRECTION('ref_axis',(1.,1.22464679914735E-16,-4.57009037544059E-33));
#3886=DIRECTION('',(1.,0.,0.));
#3887=DIRECTION('',(-1.76751619114125E-33,-2.28847549044394E-17,-1.));
#3888=DIRECTION('',(1.,1.22464679914735E-16,-4.57009037544059E-33));
#3889=DIRECTION('center_axis',(-1.,-1.22464679914735E-16,4.57009037544059E-33));
#3890=DIRECTION('ref_axis',(-1.76751619114126E-33,-2.28847549044394E-17,
-1.));
#3891=DIRECTION('',(1.,1.22464679914735E-16,-4.57009037544059E-33));
#3892=DIRECTION('center_axis',(0.,-2.28847549044394E-17,-1.));
#3893=DIRECTION('ref_axis',(-1.22464679914735E-16,1.,-2.28847549044394E-17));
#3894=DIRECTION('center_axis',(-1.,-1.22464679914735E-16,4.57009037544059E-33));
#3895=DIRECTION('ref_axis',(-1.76751619114126E-33,-2.28847549044394E-17,
-1.));
#3896=DIRECTION('center_axis',(-1.,-1.22464679914735E-16,4.57009037544059E-33));
#3897=DIRECTION('ref_axis',(-1.76751619114126E-33,-2.28847549044394E-17,
-1.));
#3898=DIRECTION('',(-1.,-1.22464679914735E-16,4.57009037544059E-33));
#3899=DIRECTION('center_axis',(0.,2.28847549044394E-17,1.));
#3900=DIRECTION('ref_axis',(1.22464679914735E-16,-1.,2.28847549044394E-17));
#3901=DIRECTION('',(1.22464679914735E-16,-1.,2.28847549044394E-17));
#3902=DIRECTION('center_axis',(-1.,3.15404268359392E-16,2.58631500054701E-14));
#3903=DIRECTION('ref_axis',(-3.15404268359392E-16,-1.,-1.60875558211828E-31));
#3904=DIRECTION('center_axis',(1.,-1.99159850020592E-16,3.44509284839767E-16));
#3905=DIRECTION('ref_axis',(-3.15404268359392E-16,-1.,-1.60875558211828E-31));
#3906=DIRECTION('',(-1.,3.15404268359392E-16,2.58631500054701E-14));
#3907=DIRECTION('center_axis',(-1.,3.15404268359392E-16,2.58631500054701E-14));
#3908=DIRECTION('ref_axis',(-3.15404268359392E-16,-1.,-1.6087555821183E-31));
#3909=DIRECTION('center_axis',(1.,-1.99159850020592E-16,3.44509284839767E-16));
#3910=DIRECTION('ref_axis',(-3.15404268359392E-16,-1.,-1.6087555821183E-31));
#3911=DIRECTION('',(-1.,3.15404268359392E-16,2.58631500054701E-14));
#3912=DIRECTION('center_axis',(-1.22464679914735E-16,1.,-2.28847549044394E-17));
#3913=DIRECTION('ref_axis',(-1.76751619114125E-33,-2.28847549044394E-17,
-1.));
#3914=DIRECTION('',(-1.,-1.22464679914735E-16,4.57009037544059E-33));
#3915=DIRECTION('center_axis',(-1.76751619114125E-33,-2.28847549044394E-17,
-1.));
#3916=DIRECTION('ref_axis',(1.22464679914735E-16,-1.,2.28847549044394E-17));
#3917=DIRECTION('center_axis',(1.,0.,0.));
#3918=DIRECTION('ref_axis',(0.,0.,-1.));
#3919=DIRECTION('',(-2.78464788400303E-48,1.,0.));
#3920=DIRECTION('',(-6.07716335728629E-63,2.22044604925032E-15,1.));
#3921=DIRECTION('',(2.78464788400303E-48,-1.,0.));
#3922=DIRECTION('',(6.07716335728624E-63,0.,1.));
#3923=DIRECTION('',(0.,0.,-1.));
#3924=DIRECTION('center_axis',(-1.,-2.78464788400303E-48,0.));
#3925=DIRECTION('ref_axis',(2.78464788400303E-48,-1.,0.));
#3926=DIRECTION('',(2.78464788400303E-48,-1.,0.));
#3927=DIRECTION('',(0.,0.,-1.));
#3928=DIRECTION('',(-6.07716335728624E-63,0.,-1.));
#3929=DIRECTION('',(2.78464788400303E-48,-1.,0.));
#3930=DIRECTION('',(6.07716335728629E-63,-2.22044604925032E-15,-1.));
#3931=DIRECTION('center_axis',(0.,0.,-1.));
#3932=DIRECTION('ref_axis',(-2.78464788400303E-48,1.,0.));
#3933=DIRECTION('',(1.,0.,0.));
#3934=DIRECTION('',(1.,0.,0.));
#3935=DIRECTION('center_axis',(0.,1.,-2.22044604925032E-15));
#3936=DIRECTION('ref_axis',(-6.07716335728629E-63,2.22044604925032E-15,
1.));
#3937=DIRECTION('',(1.,0.,0.));
#3938=DIRECTION('center_axis',(0.,0.,1.));
#3939=DIRECTION('ref_axis',(2.78464788400303E-48,-1.,0.));
#3940=DIRECTION('',(1.,0.,0.));
#3941=DIRECTION('center_axis',(0.,1.,0.));
#3942=DIRECTION('ref_axis',(6.07716335728624E-63,0.,1.));
#3943=DIRECTION('center_axis',(0.,-1.,0.));
#3944=DIRECTION('ref_axis',(0.,0.,-1.));
#3945=DIRECTION('center_axis',(1.,0.,0.));
#3946=DIRECTION('ref_axis',(0.,0.,-1.));
#3947=DIRECTION('',(0.,0.,1.));
#3948=DIRECTION('',(-6.07716335728624E-63,0.,-1.));
#3949=DIRECTION('',(2.78464788400303E-48,-1.,0.));
#3950=DIRECTION('',(0.,0.,-1.));
#3951=DIRECTION('',(-2.78464788400303E-48,1.,0.));
#3952=DIRECTION('center_axis',(-1.,-2.78464788400303E-48,0.));
#3953=DIRECTION('ref_axis',(2.78464788400303E-48,-1.,0.));
#3954=DIRECTION('',(0.,0.,-1.));
#3955=DIRECTION('',(2.78464788400303E-48,-1.,0.));
#3956=DIRECTION('',(0.,0.,-1.));
#3957=DIRECTION('',(2.78464788400303E-48,-1.,0.));
#3958=DIRECTION('',(-6.07716335728624E-63,0.,-1.));
#3959=DIRECTION('center_axis',(0.,1.,0.));
#3960=DIRECTION('ref_axis',(0.,0.,1.));
#3961=DIRECTION('',(1.,0.,0.));
#3962=DIRECTION('center_axis',(0.,-1.,0.));
#3963=DIRECTION('ref_axis',(-6.07716335728624E-63,0.,-1.));
#3964=DIRECTION('',(1.,0.,0.));
#3965=DIRECTION('center_axis',(0.,0.,1.));
#3966=DIRECTION('ref_axis',(2.78464788400303E-48,-1.,0.));
#3967=DIRECTION('',(1.,0.,0.));
#3968=DIRECTION('center_axis',(0.,-1.,0.));
#3969=DIRECTION('ref_axis',(0.,0.,-1.));
#3970=DIRECTION('',(1.,0.,0.));
#3971=DIRECTION('center_axis',(0.,0.,-1.));
#3972=DIRECTION('ref_axis',(-2.78464788400303E-48,1.,0.));
#3973=DIRECTION('center_axis',(1.,1.22464679914735E-16,-4.57009037544059E-33));
#3974=DIRECTION('ref_axis',(-1.22464679914735E-16,1.,-2.28847549044394E-17));
#3975=DIRECTION('center_axis',(1.,1.22464679914735E-16,-4.57009037544059E-33));
#3976=DIRECTION('ref_axis',(-1.22464679914735E-16,1.,-2.28847549044394E-17));
#3977=DIRECTION('center_axis',(-1.,1.99159850020592E-16,-3.44509284839767E-16));
#3978=DIRECTION('ref_axis',(-1.99159850020592E-16,-1.,1.22464679914735E-16));
#3979=DIRECTION('',(-5.51609910649098E-17,0.788010753606722,0.615661475325658));
#3980=DIRECTION('',(3.44509284839767E-16,-1.22464679914735E-16,-1.));
#3981=DIRECTION('',(1.99159850020592E-16,1.,-1.22464679914735E-16));
#3982=DIRECTION('',(-3.44509284839767E-16,1.22464679914735E-16,1.));
#3983=DIRECTION('center_axis',(-1.,1.99159850020592E-16,-3.44509284839767E-16));
#3984=DIRECTION('ref_axis',(0.,1.,0.));
#3985=DIRECTION('center_axis',(1.,-1.99159850020592E-16,3.44509284839767E-16));
#3986=DIRECTION('ref_axis',(-3.44509284839767E-16,1.22464679914735E-16,
1.));
#3987=DIRECTION('center_axis',(1.,-1.99159850020592E-16,3.44509284839767E-16));
#3988=DIRECTION('ref_axis',(-3.44509284839767E-16,1.22464679914735E-16,
1.));
#3989=DIRECTION('center_axis',(1.,0.,0.));
#3990=DIRECTION('ref_axis',(0.,1.22464679914735E-16,1.));
#3991=DIRECTION('',(1.,0.,0.));
#3992=DIRECTION('center_axis',(1.,0.,0.));
#3993=DIRECTION('ref_axis',(0.,1.22464679914735E-16,1.));
#3994=DIRECTION('',(1.,0.,0.));
#3995=DIRECTION('center_axis',(0.,-0.615661475325658,0.788010753606722));
#3996=DIRECTION('ref_axis',(5.51609910649098E-17,-0.788010753606722,-0.615661475325658));
#3997=DIRECTION('',(1.,0.,0.));
#3998=DIRECTION('center_axis',(0.,-1.,1.22464679914735E-16));
#3999=DIRECTION('ref_axis',(3.44509284839767E-16,-1.22464679914735E-16,
-1.));
#4000=DIRECTION('',(1.,0.,0.));
#4001=DIRECTION('center_axis',(0.,-1.22464679914735E-16,-1.));
#4002=DIRECTION('ref_axis',(1.99159850020592E-16,1.,-1.22464679914735E-16));
#4003=DIRECTION('',(1.,0.,0.));
#4004=DIRECTION('center_axis',(0.,1.,-1.22464679914735E-16));
#4005=DIRECTION('ref_axis',(-3.44509284839767E-16,1.22464679914735E-16,
1.));
#4006=DIRECTION('',(1.,0.,0.));
#4007=DIRECTION('center_axis',(-3.39907768361724E-32,-1.22464679914735E-16,
-1.));
#4008=DIRECTION('ref_axis',(-1.99159850020592E-16,-1.,1.22464679914735E-16));
#4009=DIRECTION('',(-1.,0.,0.));
#4010=DIRECTION('center_axis',(0.,0.,-1.));
#4011=DIRECTION('ref_axis',(1.,0.,0.));
#4012=DIRECTION('center_axis',(0.,0.,-1.));
#4013=DIRECTION('ref_axis',(1.,0.,0.));
#4014=DIRECTION('center_axis',(0.,0.,-1.));
#4015=DIRECTION('ref_axis',(1.,0.,0.));
#4016=DIRECTION('',(0.,0.,-1.));
#4017=DIRECTION('center_axis',(1.,0.,0.));
#4018=DIRECTION('ref_axis',(0.,1.,0.));
#4019=DIRECTION('',(1.,0.,0.));
#4020=DIRECTION('center_axis',(1.,0.,0.));
#4021=DIRECTION('ref_axis',(0.,1.,0.));
#4022=DIRECTION('',(1.,0.,0.));
#4023=DIRECTION('center_axis',(0.987688340595138,0.,0.156434465040231));
#4024=DIRECTION('ref_axis',(0.156434465040231,0.,-0.987688340595138));
#4025=DIRECTION('',(0.156434465040231,0.,-0.987688340595138));
#4026=DIRECTION('',(-2.75036424769271E-48,1.,-4.35614902059424E-49));
#4027=DIRECTION('',(-0.156434465040231,2.22044604925032E-15,0.987688340595138));
#4028=DIRECTION('',(2.75036424769271E-48,-1.,4.35614902059424E-49));
#4029=DIRECTION('',(-0.156434465040231,0.,0.987688340595138));
#4030=DIRECTION('center_axis',(0.156434465040231,0.,-0.987688340595138));
#4031=DIRECTION('ref_axis',(-2.75036424769271E-48,1.,-4.35614902059424E-49));
#4032=DIRECTION('',(2.75036424769271E-48,-1.,4.35614902059424E-49));
#4033=DIRECTION('',(0.987688340595138,0.,0.156434465040231));
#4034=DIRECTION('',(0.987688340595138,0.,0.156434465040231));
#4035=DIRECTION('center_axis',(3.47354289865168E-16,1.,-2.19310867376508E-15));
#4036=DIRECTION('ref_axis',(-0.156434465040231,2.22044604925032E-15,0.987688340595138));
#4037=DIRECTION('',(0.156434465040231,-2.22044604925032E-15,-0.987688340595138));
#4038=DIRECTION('',(0.987688340595138,0.,0.156434465040231));
#4039=DIRECTION('center_axis',(-0.156434465040231,0.,0.987688340595138));
#4040=DIRECTION('ref_axis',(2.75036424769271E-48,-1.,4.35614902059424E-49));
#4041=DIRECTION('',(2.75036424769271E-48,-1.,4.35614902059424E-49));
#4042=DIRECTION('',(0.987688340595138,0.,0.156434465040231));
#4043=DIRECTION('center_axis',(0.,-1.,0.));
#4044=DIRECTION('ref_axis',(0.156434465040231,0.,-0.987688340595138));
#4045=DIRECTION('',(0.156434465040231,0.,-0.987688340595138));
#4046=DIRECTION('center_axis',(0.,1.,0.));
#4047=DIRECTION('ref_axis',(-0.156434465040231,0.,0.987688340595138));
#4048=DIRECTION('',(0.156434465040231,0.,-0.987688340595138));
#4049=DIRECTION('center_axis',(-0.987688340595138,-2.78464788400303E-48,
-0.156434465040231));
#4050=DIRECTION('ref_axis',(2.75036424769271E-48,-1.,4.35614902059424E-49));
#4051=DIRECTION('center_axis',(0.987688340595138,0.,0.156434465040231));
#4052=DIRECTION('ref_axis',(0.156434465040231,0.,-0.987688340595138));
#4053=DIRECTION('',(0.156434465040231,0.,-0.987688340595138));
#4054=DIRECTION('',(2.75036424769271E-48,-1.,4.35614902059424E-49));
#4055=DIRECTION('',(0.156434465040231,0.,-0.987688340595138));
#4056=DIRECTION('',(-2.75036424769271E-48,1.,-4.35614902059424E-49));
#4057=DIRECTION('',(-0.156434465040231,0.,0.987688340595138));
#4058=DIRECTION('center_axis',(0.,-1.,0.));
#4059=DIRECTION('ref_axis',(0.156434465040231,0.,-0.987688340595138));
#4060=DIRECTION('',(0.156434465040231,0.,-0.987688340595138));
#4061=DIRECTION('',(0.987688340595138,0.,0.156434465040231));
#4062=DIRECTION('center_axis',(-0.156434465040231,0.,0.987688340595138));
#4063=DIRECTION('ref_axis',(2.75036424769271E-48,-1.,4.35614902059424E-49));
#4064=DIRECTION('',(2.75036424769271E-48,-1.,4.35614902059424E-49));
#4065=DIRECTION('',(0.987688340595138,0.,0.156434465040231));
#4066=DIRECTION('center_axis',(0.,-1.,0.));
#4067=DIRECTION('ref_axis',(0.156434465040231,0.,-0.987688340595138));
#4068=DIRECTION('',(0.156434465040231,0.,-0.987688340595138));
#4069=DIRECTION('',(0.987688340595138,0.,0.156434465040231));
#4070=DIRECTION('center_axis',(0.156434465040231,0.,-0.987688340595138));
#4071=DIRECTION('ref_axis',(-2.75036424769271E-48,1.,-4.35614902059424E-49));
#4072=DIRECTION('',(2.75036424769271E-48,-1.,4.35614902059424E-49));
#4073=DIRECTION('',(0.987688340595138,0.,0.156434465040231));
#4074=DIRECTION('center_axis',(0.,1.,0.));
#4075=DIRECTION('ref_axis',(-0.156434465040231,0.,0.987688340595138));
#4076=DIRECTION('',(0.156434465040231,0.,-0.987688340595138));
#4077=DIRECTION('center_axis',(-0.987688340595138,-2.78464788400303E-48,
-0.156434465040231));
#4078=DIRECTION('ref_axis',(2.75036424769271E-48,-1.,4.35614902059424E-49));
#4079=DIRECTION('center_axis',(-2.69016555094899E-16,0.624695047554423,
0.780868809443031));
#4080=DIRECTION('ref_axis',(1.,0.,3.44509284839767E-16));
#4081=DIRECTION('',(1.,0.,0.));
#4082=DIRECTION('center_axis',(-1.,0.,-1.0427507451178E-32));
#4083=DIRECTION('ref_axis',(1.0427507451178E-32,-1.22464679914735E-16,-1.));
#4084=DIRECTION('center_axis',(-1.,0.,0.));
#4085=DIRECTION('ref_axis',(0.,1.,0.));
#4086=DIRECTION('center_axis',(-0.996815278536127,2.94955532594699E-16,
-0.0797452222828636));
#4087=DIRECTION('ref_axis',(0.0797452222828636,0.,-0.996815278536127));
#4088=DIRECTION('',(-1.,0.,0.));
#4089=DIRECTION('center_axis',(-1.,0.,0.));
#4090=DIRECTION('ref_axis',(0.,1.,0.));
#4091=DIRECTION('center_axis',(-0.996815278536127,2.94955532594699E-16,
-0.0797452222828636));
#4092=DIRECTION('ref_axis',(0.0797452222828636,0.,-0.996815278536127));
#4093=DIRECTION('',(-1.,0.,0.));
#4094=DIRECTION('center_axis',(1.,0.,0.));
#4095=DIRECTION('ref_axis',(0.,1.,0.));
#4096=DIRECTION('',(1.,0.,0.));
#4097=DIRECTION('center_axis',(-0.996815278536127,2.94955532594699E-16,
-0.0797452222828636));
#4098=DIRECTION('ref_axis',(-0.0797452222828636,0.,0.996815278536127));
#4099=DIRECTION('center_axis',(0.,0.624695047554423,0.780868809443031));
#4100=DIRECTION('ref_axis',(1.,0.,0.));
#4101=DIRECTION('',(-0.0499133119045488,-0.779895498508834,0.623916398807065));
#4102=DIRECTION('',(-1.,0.,0.));
#4103=DIRECTION('',(1.,-2.22044604925031E-16,0.));
#4104=DIRECTION('center_axis',(1.48861775318591E-16,-0.615661899742996,
-0.788010422015372));
#4105=DIRECTION('ref_axis',(-3.69041278246797E-16,-0.788010422015372,0.615661899742996));
#4106=DIRECTION('',(-0.0491933202333954,-0.787056358645268,0.614916502917645));
#4107=DIRECTION('',(-1.,1.99159850020592E-16,-3.44509284839767E-16));
#4108=DIRECTION('center_axis',(-3.44509284839767E-16,1.22464679914735E-16,
1.));
#4109=DIRECTION('ref_axis',(-1.,1.99159850020592E-16,-3.44509284839767E-16));
#4110=DIRECTION('',(-3.05695059333158E-16,-1.,1.22464679914735E-16));
#4111=DIRECTION('center_axis',(0.996815278536127,-2.94955532594699E-16,
0.0797452222828636));
#4112=DIRECTION('ref_axis',(0.0797452222828636,0.,-0.996815278536127));
#4113=DIRECTION('',(-0.0797452222828636,0.,0.996815278536127));
#4114=DIRECTION('center_axis',(0.,-1.,0.));
#4115=DIRECTION('ref_axis',(0.,0.,-1.));
#4116=DIRECTION('',(-1.,0.,1.86579914511746E-15));
#4117=DIRECTION('center_axis',(3.49266292990561E-16,0.982322975845496,0.18719393987533));
#4118=DIRECTION('ref_axis',(0.,-0.18719393987533,0.982322975845496));
#4119=DIRECTION('',(0.,0.,1.));
#4120=DIRECTION('',(1.,0.,0.));
#4121=CARTESIAN_POINT('',(0.,0.,0.));
#4122=CARTESIAN_POINT('',(0.,0.,0.));
#4123=CARTESIAN_POINT('Origin',(74.7,-10.1000000000002,184.45));
#4124=CARTESIAN_POINT('',(74.6,-10.1000000000002,184.45));
#4125=CARTESIAN_POINT('',(74.6,-10.1000000000002,186.));
#4126=CARTESIAN_POINT('',(74.6,-10.1000000000002,175.225));
#4127=CARTESIAN_POINT('',(73.9,-10.1000000000002,184.45));
#4128=CARTESIAN_POINT('',(74.7,-10.1000000000002,184.45));
#4129=CARTESIAN_POINT('',(73.8999999999999,-10.1000000000002,186.));
#4130=CARTESIAN_POINT('',(73.9,-10.1000000000002,183.019688354842));
#4131=CARTESIAN_POINT('',(82.875,-10.1000000000002,186.));
#4132=CARTESIAN_POINT('Origin',(74.7,10.0999999999998,189.45));
#4133=CARTESIAN_POINT('',(74.6,10.0999999999998,186.));
#4134=CARTESIAN_POINT('',(74.6,10.0999999999998,184.45));
#4135=CARTESIAN_POINT('',(74.6,10.0999999999998,177.725));
#4136=CARTESIAN_POINT('',(73.9,10.0999999999998,186.));
#4137=CARTESIAN_POINT('',(82.875,10.0999999999998,186.));
#4138=CARTESIAN_POINT('',(73.9,10.0999999999998,184.45));
#4139=CARTESIAN_POINT('',(73.9,10.0999999999998,185.519688354842));
#4140=CARTESIAN_POINT('',(74.7,10.0999999999998,184.45));
#4141=CARTESIAN_POINT('Origin',(74.7,10.0999999999998,189.45));
#4142=CARTESIAN_POINT('',(44.1,10.0999999999998,184.45));
#4143=CARTESIAN_POINT('',(44.1,10.0999999999998,187.2));
#4144=CARTESIAN_POINT('',(44.1,10.0999999999998,180.1));
#4145=CARTESIAN_POINT('',(68.1,10.0999999999998,184.45));
#4146=CARTESIAN_POINT('',(74.7,10.0999999999998,184.45));
#4147=CARTESIAN_POINT('',(68.1,10.0999999999998,189.45));
#4148=CARTESIAN_POINT('',(68.1,10.0999999999998,180.1));
#4149=CARTESIAN_POINT('',(45.2464322613626,10.0999999999998,189.45));
#4150=CARTESIAN_POINT('',(74.7,10.0999999999998,189.45));
#4151=CARTESIAN_POINT('',(52.248419876694,10.0999999999998,203.192174453267));
#4152=CARTESIAN_POINT('Origin',(74.7,10.0999999999998,184.45));
#4153=CARTESIAN_POINT('',(74.6,-9.39999999999991,184.45));
#4154=CARTESIAN_POINT('',(74.6,-1.22500000000006,184.45));
#4155=CARTESIAN_POINT('',(73.9,-9.39999999999991,184.45));
#4156=CARTESIAN_POINT('',(74.65,-9.39999999999991,184.45));
#4157=CARTESIAN_POINT('',(73.9,4.99999999999993,184.45));
#4158=CARTESIAN_POINT('Origin',(74.7,10.0999999999998,184.45));
#4159=CARTESIAN_POINT('',(74.6,9.20000000000009,184.45));
#4160=CARTESIAN_POINT('',(74.6,9.64999999999994,184.45));
#4161=CARTESIAN_POINT('',(73.9,9.20000000000008,184.45));
#4162=CARTESIAN_POINT('',(73.9,4.99999999999993,184.45));
#4163=CARTESIAN_POINT('',(73.75,9.20000000000009,184.45));
#4164=CARTESIAN_POINT('Origin',(74.7,10.0999999999998,184.45));
#4165=CARTESIAN_POINT('',(72.8,3.47204915502634,184.45));
#4166=CARTESIAN_POINT('',(72.8,-3.67206063892336,184.45));
#4167=CARTESIAN_POINT('',(72.8,0.349999999999947,184.45));
#4168=CARTESIAN_POINT('',(68.155,3.47204915502636,184.45));
#4169=CARTESIAN_POINT('',(73.8,3.47204915502634,184.45));
#4170=CARTESIAN_POINT('',(68.155,-3.6720606389234,184.45));
#4171=CARTESIAN_POINT('',(68.155,13.2249999999999,184.45));
#4172=CARTESIAN_POINT('',(73.8,-3.67206063892334,184.45));
#4173=CARTESIAN_POINT('Origin',(74.7,10.0999999999998,184.45));
#4174=CARTESIAN_POINT('',(44.1,-10.1000000000002,184.45));
#4175=CARTESIAN_POINT('',(44.1,4.99999999999992,184.45));
#4176=CARTESIAN_POINT('',(68.1,-10.1000000000002,184.45));
#4177=CARTESIAN_POINT('',(74.7,-10.1000000000002,184.45));
#4178=CARTESIAN_POINT('',(68.1,-3.67206063892337,184.45));
#4179=CARTESIAN_POINT('',(68.1,4.99999999999992,184.45));
#4180=CARTESIAN_POINT('',(67.8,-3.6720606389234,184.45));
#4181=CARTESIAN_POINT('',(71.25,-3.67206063892335,184.45));
#4182=CARTESIAN_POINT('',(67.8,3.47204915502637,184.45));
#4183=CARTESIAN_POINT('',(67.8,13.2249999999999,184.45));
#4184=CARTESIAN_POINT('',(68.1,3.47204915502637,184.45));
#4185=CARTESIAN_POINT('',(71.25,3.4720491550264,184.45));
#4186=CARTESIAN_POINT('',(68.1,4.99999999999992,184.45));
#4187=CARTESIAN_POINT('Origin',(74.7,-10.1000000000002,189.45));
#4188=CARTESIAN_POINT('',(45.2464322613626,-10.1000000000002,189.45));
#4189=CARTESIAN_POINT('',(45.2464322613626,-16.7250000000001,189.45));
#4190=CARTESIAN_POINT('',(68.1,-10.1000000000002,189.45));
#4191=CARTESIAN_POINT('',(68.1,-5.10000000000007,189.45));
#4192=CARTESIAN_POINT('',(74.7,-10.1000000000002,189.45));
#4193=CARTESIAN_POINT('Origin',(74.7,-10.1000000000002,184.45));
#4194=CARTESIAN_POINT('',(44.1,-10.1000000000002,187.2));
#4195=CARTESIAN_POINT('',(44.1,-10.1000000000002,177.6));
#4196=CARTESIAN_POINT('',(51.2371486337253,-10.1000000000002,201.207442887901));
#4197=CARTESIAN_POINT('',(68.1,-10.1000000000002,177.6));
#4198=CARTESIAN_POINT('Origin',(44.1,-0.0999999999999601,170.75));
#4199=CARTESIAN_POINT('',(44.1,21.35,187.2));
#4200=CARTESIAN_POINT('',(44.1,-11.725,187.2));
#4201=CARTESIAN_POINT('',(44.1,21.35,169.16185817241));
#4202=CARTESIAN_POINT('',(44.1,21.35,178.975));
#4203=CARTESIAN_POINT('',(44.1,17.15,169.16185817241));
#4204=CARTESIAN_POINT('',(44.1,11.525,169.16185817241));
#4205=CARTESIAN_POINT('',(44.1,17.15,154.3));
#4206=CARTESIAN_POINT('',(44.1,17.15,170.75));
#4207=CARTESIAN_POINT('',(44.1,-17.25,154.3));
#4208=CARTESIAN_POINT('',(44.1,-23.35,154.3));
#4209=CARTESIAN_POINT('',(44.1,-17.25,161.45));
#4210=CARTESIAN_POINT('',(44.1,-17.25,170.75));
#4211=CARTESIAN_POINT('',(44.1,-16.55,161.45));
#4212=CARTESIAN_POINT('',(44.1,-16.55,161.45));
#4213=CARTESIAN_POINT('',(44.1,-16.55,158.3));
#4214=CARTESIAN_POINT('',(44.1,-16.55,158.3));
#4215=CARTESIAN_POINT('',(44.1,15.45,158.3));
#4216=CARTESIAN_POINT('',(44.1,-16.55,158.3));
#4217=CARTESIAN_POINT('',(44.1,15.45,163.65));
#4218=CARTESIAN_POINT('',(44.1,15.45,163.65));
#4219=CARTESIAN_POINT('',(44.1,16.55,163.65));
#4220=CARTESIAN_POINT('',(44.1,16.55,163.65));
#4221=CARTESIAN_POINT('',(44.1,16.55,177.85));
#4222=CARTESIAN_POINT('',(44.1,16.55,177.85));
#4223=CARTESIAN_POINT('',(44.1,15.45,177.85));
#4224=CARTESIAN_POINT('',(44.1,15.45,177.85));
#4225=CARTESIAN_POINT('',(44.1,15.45,183.2));
#4226=CARTESIAN_POINT('',(44.1,15.45,183.2));
#4227=CARTESIAN_POINT('',(44.1,-16.55,183.2));
#4228=CARTESIAN_POINT('',(44.1,-16.55,183.2));
#4229=CARTESIAN_POINT('',(44.1,-16.55,180.05));
#4230=CARTESIAN_POINT('',(44.1,-16.55,180.05));
#4231=CARTESIAN_POINT('',(44.1,-18.35,180.05));
#4232=CARTESIAN_POINT('',(44.1,-8.32499999999997,180.05));
#4233=CARTESIAN_POINT('',(44.1,-18.35,169.16185817241));
#4234=CARTESIAN_POINT('',(44.1,-18.35,161.45));
#4235=CARTESIAN_POINT('',(44.1,-21.55,169.16185817241));
#4236=CARTESIAN_POINT('',(44.1,-9.17499999999997,169.16185817241));
#4237=CARTESIAN_POINT('',(44.1,-21.55,187.2));
#4238=CARTESIAN_POINT('',(44.1,-21.55,162.525));
#4239=CARTESIAN_POINT('',(44.1,-11.725,187.2));
#4240=CARTESIAN_POINT('Origin',(72.8,9.20000000000008,166.));
#4241=CARTESIAN_POINT('',(73.9,9.20000000000008,179.974829367318));
#4242=CARTESIAN_POINT('',(73.9,9.20000000000008,173.794688354842));
#4243=CARTESIAN_POINT('',(72.8,9.20000000000008,179.974829367318));
#4244=CARTESIAN_POINT('',(72.85,9.20000000000008,179.974829367318));
#4245=CARTESIAN_POINT('',(72.8,9.20000000000008,169.287411967465));
#4246=CARTESIAN_POINT('',(72.8,9.20000000000008,166.));
#4247=CARTESIAN_POINT('',(74.6,9.20000000000008,169.287411967465));
#4248=CARTESIAN_POINT('',(74.7,9.20000000000008,169.287411967465));
#4249=CARTESIAN_POINT('',(74.6,9.20000000000008,166.));
#4250=CARTESIAN_POINT('Origin',(73.9,-0.0999999999999135,181.589376709683));
#4251=CARTESIAN_POINT('',(73.9,21.3500000000001,186.));
#4252=CARTESIAN_POINT('',(73.9,16.3500000000001,186.));
#4253=CARTESIAN_POINT('',(73.9,21.3500000000001,170.388630936205));
#4254=CARTESIAN_POINT('',(73.9,21.3500000000001,170.194315468103));
#4255=CARTESIAN_POINT('',(73.9,16.3500000000001,174.388630936205));
#4256=CARTESIAN_POINT('',(73.9,17.6000000000001,173.388630936205));
#4257=CARTESIAN_POINT('',(73.9,29.8698716141239,163.825737845344));
#4258=CARTESIAN_POINT('Origin',(74.6,-12.5499999999999,166.));
#4259=CARTESIAN_POINT('',(74.6,-12.5499999999999,186.));
#4260=CARTESIAN_POINT('',(74.6,-9.39999999999991,186.));
#4261=CARTESIAN_POINT('',(74.6,-12.5499999999999,166.));
#4262=CARTESIAN_POINT('',(74.6,-12.5499999999999,166.));
#4263=CARTESIAN_POINT('',(74.6,-9.39999999999991,166.));
#4264=CARTESIAN_POINT('',(74.6,-9.39999999999991,166.));
#4265=CARTESIAN_POINT('',(74.6,-9.39999999999991,167.512588032535));
#4266=CARTESIAN_POINT('',(74.6,-9.39999999999991,166.));
#4267=CARTESIAN_POINT('',(74.6,-10.3499999999999,167.1));
#4268=CARTESIAN_POINT('Origin',(74.6,-10.3499999999999,168.4));
#4269=CARTESIAN_POINT('',(74.6,-9.39999999999991,169.287411967465));
#4270=CARTESIAN_POINT('Origin',(74.6,-10.3499999999999,168.4));
#4271=CARTESIAN_POINT('',(74.6,-9.39999999999991,166.));
#4272=CARTESIAN_POINT('Origin',(91.05,-0.0999999999999135,186.));
#4273=CARTESIAN_POINT('',(73.8999999999999,-21.5499999999999,186.));
#4274=CARTESIAN_POINT('',(73.8999999999999,-16.5499999999999,186.));
#4275=CARTESIAN_POINT('',(107.6,-21.5499999999999,186.));
#4276=CARTESIAN_POINT('',(67.8,-21.5499999999999,186.));
#4277=CARTESIAN_POINT('',(107.6,-7.19999999999992,186.));
#4278=CARTESIAN_POINT('',(107.6,-0.0999999999999131,186.));
#4279=CARTESIAN_POINT('',(106.6,-7.19999999999992,186.));
#4280=CARTESIAN_POINT('',(106.6,-7.19999999999992,186.));
#4281=CARTESIAN_POINT('',(106.6,-12.5499999999999,186.));
#4282=CARTESIAN_POINT('',(106.6,-12.5499999999999,186.));
#4283=CARTESIAN_POINT('',(74.6,-12.5499999999999,186.));
#4284=CARTESIAN_POINT('Origin',(68.155,16.3500000000001,166.));
#4285=CARTESIAN_POINT('',(68.155,16.3500000000001,174.388630936205));
#4286=CARTESIAN_POINT('',(68.155,18.3848637331846,172.798819384619));
#4287=CARTESIAN_POINT('',(68.155,16.3500000000001,161.));
#4288=CARTESIAN_POINT('',(68.155,16.3500000000001,163.5));
#4289=CARTESIAN_POINT('',(68.155,-16.5499999999999,161.));
#4290=CARTESIAN_POINT('',(68.155,-0.0999999999999138,161.));
#4291=CARTESIAN_POINT('',(68.155,-16.5499999999999,174.388651078166));
#4292=CARTESIAN_POINT('',(68.155,-16.5499999999999,170.194325539083));
#4293=CARTESIAN_POINT('',(68.155,-0.939136035796241,186.58519471075));
#4294=CARTESIAN_POINT('',(68.155,-10.3499999999999,166.6));
#4295=CARTESIAN_POINT('Origin',(68.155,-10.3499999999999,168.4));
#4296=CARTESIAN_POINT('',(68.155,10.1500000000001,166.6));
#4297=CARTESIAN_POINT('Origin',(68.155,10.1500000000001,168.4));
#4298=CARTESIAN_POINT('',(68.155,-3.05000000000012,170.75));
#4299=CARTESIAN_POINT('Origin',(68.155,-0.500000000000127,170.75));
#4300=CARTESIAN_POINT('Origin',(72.9,29.8698716141239,163.825737845344));
#4301=CARTESIAN_POINT('',(72.8,17.1499340657342,173.763653254667));
#4302=CARTESIAN_POINT('',(69.1,16.3500000000001,174.388630936205));
#4303=CARTESIAN_POINT('Origin',(68.1,-0.0999999999999601,170.75));
#4304=CARTESIAN_POINT('',(68.1,16.3500000000001,174.388630936205));
#4305=CARTESIAN_POINT('',(68.1,12.125237751466,177.689380620762));
#4306=CARTESIAN_POINT('',(68.1,21.3500000000001,170.388630936205));
#4307=CARTESIAN_POINT('',(68.1,12.2222270576111,177.690849290116));
#4308=CARTESIAN_POINT('',(68.1,21.35,187.2));
#4309=CARTESIAN_POINT('',(68.1,21.3500000000001,168.375));
#4310=CARTESIAN_POINT('',(68.1,12.3739999999999,234.302652132124));
#4311=CARTESIAN_POINT('',(68.1,20.595890204747,191.157282904994));
#4312=CARTESIAN_POINT('',(68.1,-12.3824620153228,234.302652132124));
#4313=CARTESIAN_POINT('',(68.1,-11.725,234.302652132124));
#4314=CARTESIAN_POINT('',(68.1,-21.5499999999999,187.2));
#4315=CARTESIAN_POINT('',(68.1,-21.7391932542503,186.227928321039));
#4316=CARTESIAN_POINT('',(68.1,-21.5499999999999,170.482222945632));
#4317=CARTESIAN_POINT('',(68.1,-21.5499999999999,168.375));
#4318=CARTESIAN_POINT('',(68.1,-16.5499999999999,174.388651078166));
#4319=CARTESIAN_POINT('',(68.1,-4.89431365649713,183.495071285415));
#4320=CARTESIAN_POINT('',(68.1,-4.89431365649714,183.495071285415));
#4321=CARTESIAN_POINT('',(68.1,13.85,183.102475247525));
#4322=CARTESIAN_POINT('',(68.1,13.85,183.1));
#4323=CARTESIAN_POINT('',(68.1,13.85,176.925));
#4324=CARTESIAN_POINT('',(68.1,15.35,183.1));
#4325=CARTESIAN_POINT('',(68.1,6.88521077669193,183.113968299048));
#4326=CARTESIAN_POINT('',(68.1,7.62500000000003,183.1));
#4327=CARTESIAN_POINT('',(68.1,-21.0994375494865,182.131370849898));
#4328=CARTESIAN_POINT('',(68.1,-20.35,181.410446983183));
#4329=CARTESIAN_POINT('Origin',(68.1,-19.35,183.2));
#4330=CARTESIAN_POINT('',(68.1,-20.35,182.131370849898));
#4331=CARTESIAN_POINT('',(68.1,-10.5997187747432,182.131370849898));
#4332=CARTESIAN_POINT('',(68.1,-20.35,170.75));
#4333=CARTESIAN_POINT('Origin',(67.8,16.3500000000001,174.388630936205));
#4334=CARTESIAN_POINT('',(67.8,16.3500000000001,174.388630936205));
#4335=CARTESIAN_POINT('',(67.8,25.1447995402465,167.517372839188));
#4336=CARTESIAN_POINT('',(67.8,16.3500000000001,174.388630936205));
#4337=CARTESIAN_POINT('Origin',(61.7,-20.35,170.75));
#4338=CARTESIAN_POINT('',(63.1,-20.35,182.131370849898));
#4339=CARTESIAN_POINT('',(63.1,-20.35,182.131370849898));
#4340=CARTESIAN_POINT('',(63.5,-20.35,181.));
#4341=CARTESIAN_POINT('Origin',(61.7,-20.35,181.));
#4342=CARTESIAN_POINT('',(63.4525790350213,-20.35,181.410446983183));
#4343=CARTESIAN_POINT('Origin',(61.7,-20.35,181.));
#4344=CARTESIAN_POINT('',(69.1,-20.35,181.410446983183));
#4345=CARTESIAN_POINT('',(63.,-20.35,181.));
#4346=CARTESIAN_POINT('Origin',(61.7,-20.35,181.));
#4347=CARTESIAN_POINT('Origin',(64.1,15.35,183.1));
#4348=CARTESIAN_POINT('',(64.1,15.35,183.1));
#4349=CARTESIAN_POINT('',(64.1,15.35,183.1));
#4350=CARTESIAN_POINT('',(64.1,13.85,183.1));
#4351=CARTESIAN_POINT('',(64.1,-16.45,183.1));
#4352=CARTESIAN_POINT('',(64.1,13.85,183.1));
#4353=CARTESIAN_POINT('Origin',(78.0752210763976,-19.6264731938509,197.083047571583));
#4354=CARTESIAN_POINT('',(53.8516660580668,-17.825051291616,206.33872225174));
#4355=CARTESIAN_POINT('',(72.9376105381988,-21.5499999999999,187.2));
#4356=CARTESIAN_POINT('Origin',(53.1798099947909,-23.35,205.020130483767));
#4357=CARTESIAN_POINT('',(55.9601217546517,16.9143144637602,210.476799552249));
#4358=CARTESIAN_POINT('Origin',(67.8,-21.5499999999999,166.));
#4359=CARTESIAN_POINT('',(55.7113690637946,-21.55,154.3));
#4360=CARTESIAN_POINT('',(62.5826271608117,-21.55,145.505200459753));
#4361=CARTESIAN_POINT('',(69.1,-21.55,154.3));
#4362=CARTESIAN_POINT('',(64.1,-21.55,154.3));
#4363=CARTESIAN_POINT('',(69.1,-21.5499999999999,154.368048060793));
#4364=CARTESIAN_POINT('',(69.1,-21.55,162.525));
#4365=CARTESIAN_POINT('',(69.155,-21.5499999999999,154.368048060793));
#4366=CARTESIAN_POINT('',(69.155,-21.5499999999999,154.368048060793));
#4367=CARTESIAN_POINT('',(112.050442152795,-21.5499999999999,160.931973090058));
#4368=CARTESIAN_POINT('',(80.4334824182553,-21.5499999999999,156.093898391782));
#4369=CARTESIAN_POINT('',(111.28642216435,-21.5499999999999,170.482222945632));
#4370=CARTESIAN_POINT('',(110.315189534229,-21.5499999999999,182.622630822144));
#4371=CARTESIAN_POINT('',(107.6,-21.5499999999999,170.482222945632));
#4372=CARTESIAN_POINT('',(88.4382496490405,-21.5499999999999,170.482222945632));
#4373=CARTESIAN_POINT('',(107.6,-21.5499999999999,173.846835843002));
#4374=CARTESIAN_POINT('',(73.8999999999999,-21.5499999999999,170.482222945632));
#4375=CARTESIAN_POINT('',(73.8999999999999,-21.5499999999999,173.794688354842));
#4376=CARTESIAN_POINT('',(68.45,-21.5499999999999,170.482222945632));
#4377=CARTESIAN_POINT('',(63.5,-21.55,181.));
#4378=CARTESIAN_POINT('Origin',(61.7,-21.55,181.));
#4379=CARTESIAN_POINT('',(63.5,-21.55,160.5));
#4380=CARTESIAN_POINT('Origin',(61.7,-21.55,160.5));
#4381=CARTESIAN_POINT('Origin',(107.6,-0.0999999999999135,179.126730808381));
#4382=CARTESIAN_POINT('',(107.6,-7.19999999999992,181.693671686004));
#4383=CARTESIAN_POINT('',(107.6,-7.19999999999992,172.56336540419));
#4384=CARTESIAN_POINT('',(107.6,-17.0532074479233,173.995502331952));
#4385=CARTESIAN_POINT('Origin',(69.1,-0.0999999999999601,170.75));
#4386=CARTESIAN_POINT('',(69.1,21.3500000000001,154.368048060793));
#4387=CARTESIAN_POINT('',(69.1,-8.32499999999994,154.368048060793));
#4388=CARTESIAN_POINT('',(69.1,21.35,154.3));
#4389=CARTESIAN_POINT('',(69.1,-23.35,154.3));
#4390=CARTESIAN_POINT('',(69.1,21.35,178.975));
#4391=CARTESIAN_POINT('Origin',(64.1,23.15,154.3));
#4392=CARTESIAN_POINT('',(55.7113690637946,21.35,154.3));
#4393=CARTESIAN_POINT('',(64.1,21.35,154.3));
#4394=CARTESIAN_POINT('',(55.7113690637946,-17.25,154.3));
#4395=CARTESIAN_POINT('',(55.7113690637946,2.45000000000003,154.3));
#4396=CARTESIAN_POINT('',(56.3053116451582,-17.25,154.3));
#4397=CARTESIAN_POINT('',(55.7113690637946,17.15,154.3));
#4398=CARTESIAN_POINT('',(57.5366345958096,17.15,154.3));
#4399=CARTESIAN_POINT('',(55.7113690637946,23.15,154.3));
#4400=CARTESIAN_POINT('',(64.1,-13.0499999999999,154.3));
#4401=CARTESIAN_POINT('',(54.1,-13.0499999999999,154.3));
#4402=CARTESIAN_POINT('',(59.1,-13.0499999999999,154.3));
#4403=CARTESIAN_POINT('',(54.1,-15.0499999999999,154.3));
#4404=CARTESIAN_POINT('',(54.1,5.05000000000005,154.3));
#4405=CARTESIAN_POINT('',(64.1,-15.0499999999999,154.3));
#4406=CARTESIAN_POINT('',(59.1,-15.0499999999999,154.3));
#4407=CARTESIAN_POINT('',(64.1,5.05000000000005,154.3));
#4408=CARTESIAN_POINT('',(64.1,-5.04999999999993,154.3));
#4409=CARTESIAN_POINT('',(54.1,-5.04999999999993,154.3));
#4410=CARTESIAN_POINT('',(59.1,-5.04999999999993,154.3));
#4411=CARTESIAN_POINT('',(54.1,-7.04999999999993,154.3));
#4412=CARTESIAN_POINT('',(54.1,8.05000000000005,154.3));
#4413=CARTESIAN_POINT('',(64.1,-7.04999999999993,154.3));
#4414=CARTESIAN_POINT('',(59.1,-7.04999999999993,154.3));
#4415=CARTESIAN_POINT('',(64.1,8.05000000000005,154.3));
#4416=CARTESIAN_POINT('Origin',(66.274262154656,-18.25,140.780128385876));
#4417=CARTESIAN_POINT('',(50.1251706326823,-18.35,161.45));
#4418=CARTESIAN_POINT('',(56.3363467453326,-18.35,153.500065934266));
#4419=CARTESIAN_POINT('',(50.1251706326823,-17.25,161.45));
#4420=CARTESIAN_POINT('',(50.1251706326823,-18.3,161.45));
#4421=CARTESIAN_POINT('',(66.274262154656,-17.25,140.780128385876));
#4422=CARTESIAN_POINT('Origin',(74.6,12.3500000000001,166.));
#4423=CARTESIAN_POINT('',(106.6,12.3500000000001,166.));
#4424=CARTESIAN_POINT('',(74.6,12.3500000000001,166.));
#4425=CARTESIAN_POINT('',(74.6,12.3500000000001,166.));
#4426=CARTESIAN_POINT('',(106.6,12.3500000000001,186.));
#4427=CARTESIAN_POINT('',(106.6,12.3500000000001,166.));
#4428=CARTESIAN_POINT('',(74.6,12.3500000000001,186.));
#4429=CARTESIAN_POINT('',(74.6,12.3500000000001,186.));
#4430=CARTESIAN_POINT('',(74.6,12.3500000000001,166.));
#4431=CARTESIAN_POINT('Origin',(106.6,12.3500000000001,166.));
#4432=CARTESIAN_POINT('',(106.6,7.0000000000001,166.));
#4433=CARTESIAN_POINT('',(106.6,7.0000000000001,166.));
#4434=CARTESIAN_POINT('',(106.6,7.0000000000001,186.));
#4435=CARTESIAN_POINT('',(106.6,7.0000000000001,166.));
#4436=CARTESIAN_POINT('',(106.6,7.0000000000001,186.));
#4437=CARTESIAN_POINT('',(106.6,10.1500000000001,173.5));
#4438=CARTESIAN_POINT('Origin',(106.6,10.1500000000001,172.2));
#4439=CARTESIAN_POINT('Origin',(107.7,7.0000000000001,166.));
#4440=CARTESIAN_POINT('',(107.7,1.48814182758989,186.));
#4441=CARTESIAN_POINT('',(107.7,7.0000000000001,181.693659653814));
#4442=CARTESIAN_POINT('',(107.7,15.481873745352,175.066886253929));
#4443=CARTESIAN_POINT('',(107.7,7.0000000000001,166.));
#4444=CARTESIAN_POINT('',(107.7,7.0000000000001,166.));
#4445=CARTESIAN_POINT('',(107.7,-7.19999999999992,166.));
#4446=CARTESIAN_POINT('',(107.7,-7.19999999999992,166.));
#4447=CARTESIAN_POINT('',(107.7,-7.19999999999992,181.693671686004));
#4448=CARTESIAN_POINT('',(107.7,-7.19999999999992,166.));
#4449=CARTESIAN_POINT('',(107.7,-1.68815110902447,186.));
#4450=CARTESIAN_POINT('',(107.7,-3.84212846676044,184.31712845058));
#4451=CARTESIAN_POINT('',(107.7,-7.19999999999992,186.));
#4452=CARTESIAN_POINT('',(107.7,-3.05000000000012,170.75));
#4453=CARTESIAN_POINT('Origin',(107.7,-0.500000000000127,170.75));
#4454=CARTESIAN_POINT('Origin',(107.7,-7.19999999999992,166.));
#4455=CARTESIAN_POINT('',(108.,-7.19999999999992,181.693671686004));
#4456=CARTESIAN_POINT('',(106.6,-7.19999999999992,166.));
#4457=CARTESIAN_POINT('',(106.6,-7.19999999999992,166.));
#4458=CARTESIAN_POINT('',(106.6,-7.19999999999992,166.));
#4459=CARTESIAN_POINT('Origin',(106.6,-7.19999999999992,166.));
#4460=CARTESIAN_POINT('',(106.6,-12.5499999999999,166.));
#4461=CARTESIAN_POINT('',(106.6,-12.5499999999999,166.));
#4462=CARTESIAN_POINT('',(106.6,-12.5499999999999,166.));
#4463=CARTESIAN_POINT('',(106.6,-10.3499999999999,173.5));
#4464=CARTESIAN_POINT('Origin',(106.6,-10.3499999999999,172.2));
#4465=CARTESIAN_POINT('Origin',(106.6,-12.5499999999999,166.));
#4466=CARTESIAN_POINT('',(74.6,-12.5499999999999,166.));
#4467=CARTESIAN_POINT('Origin',(74.6,-9.39999999999991,166.));
#4468=CARTESIAN_POINT('',(72.8,-9.39999999999991,167.512588032535));
#4469=CARTESIAN_POINT('',(74.7,-9.39999999999991,167.512588032535));
#4470=CARTESIAN_POINT('',(72.8,-9.39999999999991,166.));
#4471=CARTESIAN_POINT('',(72.8,-9.39999999999991,166.));
#4472=CARTESIAN_POINT('',(72.8,-9.39999999999991,166.));
#4473=CARTESIAN_POINT('Origin',(72.8,9.20000000000008,166.));
#4474=CARTESIAN_POINT('',(74.6,9.20000000000008,167.512588032535));
#4475=CARTESIAN_POINT('',(72.8,9.20000000000008,167.512588032535));
#4476=CARTESIAN_POINT('',(74.7,9.20000000000008,167.512588032535));
#4477=CARTESIAN_POINT('',(72.8,9.20000000000008,166.));
#4478=CARTESIAN_POINT('',(72.8,9.20000000000008,166.));
#4479=CARTESIAN_POINT('',(74.6,9.20000000000008,166.));
#4480=CARTESIAN_POINT('',(74.6,9.20000000000008,166.));
#4481=CARTESIAN_POINT('',(74.6,9.20000000000008,166.));
#4482=CARTESIAN_POINT('Origin',(74.6,9.20000000000008,166.));
#4483=CARTESIAN_POINT('',(74.6,10.1500000000001,167.1));
#4484=CARTESIAN_POINT('Origin',(74.6,10.1500000000001,168.4));
#4485=CARTESIAN_POINT('Origin',(74.6,10.1500000000001,168.4));
#4486=CARTESIAN_POINT('',(74.6,12.3500000000001,166.));
#4487=CARTESIAN_POINT('',(74.6,12.3500000000001,186.));
#4488=CARTESIAN_POINT('Origin',(105.,-12.4499999999999,166.));
#4489=CARTESIAN_POINT('',(105.,-12.4499999999999,166.));
#4490=CARTESIAN_POINT('',(105.,-12.4524752475246,166.));
#4491=CARTESIAN_POINT('',(105.,-12.4999999999999,166.));
#4492=CARTESIAN_POINT('',(105.,-12.4524752475247,159.853103835156));
#4493=CARTESIAN_POINT('',(105.,-12.4524752475246,166.));
#4494=CARTESIAN_POINT('',(105.,-12.4499999999999,159.853103835156));
#4495=CARTESIAN_POINT('',(105.,-6.27499999999991,159.853103835156));
#4496=CARTESIAN_POINT('',(105.,-12.4499999999999,166.));
#4497=CARTESIAN_POINT('Origin',(105.,-12.4524752475246,166.));
#4498=CARTESIAN_POINT('',(106.5,-12.4499999999999,166.));
#4499=CARTESIAN_POINT('',(76.2,-12.4999999999999,166.));
#4500=CARTESIAN_POINT('',(106.5,-12.4499999999999,160.082636089627));
#4501=CARTESIAN_POINT('',(106.5,-12.4499999999999,166.));
#4502=CARTESIAN_POINT('',(98.6178930788879,-12.4630067770974,158.8765042419));
#4503=CARTESIAN_POINT('Origin',(106.5,-12.4499999999999,166.));
#4504=CARTESIAN_POINT('',(74.7,-12.4499999999999,166.));
#4505=CARTESIAN_POINT('',(99.3407575966502,-12.4499999999999,158.98711805686));
#4506=CARTESIAN_POINT('Origin',(91.05,-0.0999999999999135,166.));
#4507=CARTESIAN_POINT('',(72.8,9.20000000000008,166.));
#4508=CARTESIAN_POINT('',(107.7,7.0000000000001,166.));
#4509=CARTESIAN_POINT('Origin',(109.3,-10.3499999999999,172.2));
#4510=CARTESIAN_POINT('',(108.7,-10.3499999999999,173.5));
#4511=CARTESIAN_POINT('Origin',(108.7,-10.3499999999999,172.2));
#4512=CARTESIAN_POINT('',(109.3,-10.3499999999999,173.5));
#4513=CARTESIAN_POINT('Origin',(109.3,10.1500000000001,172.2));
#4514=CARTESIAN_POINT('',(108.7,10.1500000000001,173.5));
#4515=CARTESIAN_POINT('Origin',(108.7,10.1500000000001,172.2));
#4516=CARTESIAN_POINT('',(109.3,10.1500000000001,173.5));
#4517=CARTESIAN_POINT('Origin',(74.7,10.1500000000001,168.4));
#4518=CARTESIAN_POINT('Origin',(72.8,10.1500000000001,168.4));
#4519=CARTESIAN_POINT('',(70.8,10.1500000000001,167.1));
#4520=CARTESIAN_POINT('',(74.7,10.1500000000001,167.1));
#4521=CARTESIAN_POINT('Origin',(70.8,10.1500000000001,168.4));
#4522=CARTESIAN_POINT('Origin',(74.7,-10.3499999999999,168.4));
#4523=CARTESIAN_POINT('',(72.8,-9.39999999999991,169.287411967465));
#4524=CARTESIAN_POINT('Origin',(72.8,-10.3499999999999,168.4));
#4525=CARTESIAN_POINT('',(74.7,-9.39999999999991,169.287411967465));
#4526=CARTESIAN_POINT('',(70.8,-10.3499999999999,167.1));
#4527=CARTESIAN_POINT('',(74.7,-10.3499999999999,167.1));
#4528=CARTESIAN_POINT('Origin',(70.8,-10.3499999999999,168.4));
#4529=CARTESIAN_POINT('Origin',(67.8,10.1500000000001,168.4));
#4530=CARTESIAN_POINT('',(69.1,10.1500000000001,166.6));
#4531=CARTESIAN_POINT('Origin',(69.1,10.1500000000001,168.4));
#4532=CARTESIAN_POINT('',(70.8,10.1500000000001,166.6));
#4533=CARTESIAN_POINT('',(67.8,10.1500000000001,166.6));
#4534=CARTESIAN_POINT('',(70.8,10.5604469831827,166.647420964979));
#4535=CARTESIAN_POINT('Origin',(70.8,10.1500000000001,168.4));
#4536=CARTESIAN_POINT('',(70.0505624505135,11.2813708498986,167.));
#4537=CARTESIAN_POINT('Ctrl Pts',(70.8,10.5604469831827,166.647420964979));
#4538=CARTESIAN_POINT('Ctrl Pts',(70.6806204875417,10.6271561062634,166.663043974139));
#4539=CARTESIAN_POINT('Ctrl Pts',(70.5705867173019,10.7046342134156,166.685320163269));
#4540=CARTESIAN_POINT('Ctrl Pts',(70.3067146453351,10.9285581933587,166.770039875989));
#4541=CARTESIAN_POINT('Ctrl Pts',(70.1486062399554,11.1208647597106,166.870291491664));
#4542=CARTESIAN_POINT('Ctrl Pts',(70.0505624505135,11.2813708498986,167.));
#4543=CARTESIAN_POINT('',(70.8,11.2813708498986,167.));
#4544=CARTESIAN_POINT('',(67.8,11.2813708498986,167.));
#4545=CARTESIAN_POINT('Origin',(70.8,10.1500000000001,168.4));
#4546=CARTESIAN_POINT('Origin',(70.8,-0.0999999999999135,168.4));
#4547=CARTESIAN_POINT('',(70.8,-10.7604469831826,166.647420964979));
#4548=CARTESIAN_POINT('',(70.8,-10.3499999999999,166.6));
#4549=CARTESIAN_POINT('Origin',(70.8,-10.3499999999999,168.4));
#4550=CARTESIAN_POINT('',(70.8,-10.7604469831826,154.619768433198));
#4551=CARTESIAN_POINT('',(70.8,-10.7604469831826,161.));
#4552=CARTESIAN_POINT('',(70.8,-11.4813708498984,154.619768433198));
#4553=CARTESIAN_POINT('',(70.8,-0.0999999999999125,154.619768433198));
#4554=CARTESIAN_POINT('',(70.8,-11.4813708498984,167.));
#4555=CARTESIAN_POINT('',(70.8,-11.4813708498984,167.));
#4556=CARTESIAN_POINT('Origin',(70.8,-10.3499999999999,168.4));
#4557=CARTESIAN_POINT('Origin',(72.8,-9.39999999999991,166.));
#4558=CARTESIAN_POINT('',(72.8,-9.39999999999991,179.974843307689));
#4559=CARTESIAN_POINT('',(72.8,-8.13993456378999,180.959314321458));
#4560=CARTESIAN_POINT('',(72.8,-9.39999999999991,166.));
#4561=CARTESIAN_POINT('',(72.8,-3.05000000000012,170.75));
#4562=CARTESIAN_POINT('Origin',(72.8,-0.500000000000127,170.75));
#4563=CARTESIAN_POINT('Origin',(74.6,-9.39999999999991,166.));
#4564=CARTESIAN_POINT('',(73.8999999999999,-9.39999999999991,179.974843307689));
#4565=CARTESIAN_POINT('',(73.7499999999999,-9.39999999999991,179.974843307689));
#4566=CARTESIAN_POINT('',(73.9,-9.39999999999991,173.794688354842));
#4567=CARTESIAN_POINT('Origin',(73.9,-0.0999999999999135,181.589376709683));
#4568=CARTESIAN_POINT('',(73.8999999999999,-30.0698917436452,163.825753986929));
#4569=CARTESIAN_POINT('Origin',(67.8,-10.3499999999999,168.4));
#4570=CARTESIAN_POINT('',(69.1,-10.3499999999999,166.6));
#4571=CARTESIAN_POINT('Origin',(69.1,-10.3499999999999,168.4));
#4572=CARTESIAN_POINT('',(67.8,-10.3499999999999,166.6));
#4573=CARTESIAN_POINT('',(70.0505624505135,-11.4813708498984,167.));
#4574=CARTESIAN_POINT('',(67.8,-11.4813708498984,167.));
#4575=CARTESIAN_POINT('Ctrl Pts',(70.0505624505135,-11.4813708498984,167.));
#4576=CARTESIAN_POINT('Ctrl Pts',(70.1486062399554,-11.3208647597104,166.870291491664));
#4577=CARTESIAN_POINT('Ctrl Pts',(70.3067146453351,-11.1285581933586,166.770039875989));
#4578=CARTESIAN_POINT('Ctrl Pts',(70.5705867173019,-10.9046342134155,166.685320163269));
#4579=CARTESIAN_POINT('Ctrl Pts',(70.6806204875417,-10.8271561062633,166.663043974139));
#4580=CARTESIAN_POINT('Ctrl Pts',(70.8,-10.7604469831826,166.647420964979));
#4581=CARTESIAN_POINT('Origin',(70.8,-0.0999999999999135,168.4));
#4582=CARTESIAN_POINT('',(70.8,11.2813708498986,154.619768433198));
#4583=CARTESIAN_POINT('',(70.8,11.2813708498986,167.));
#4584=CARTESIAN_POINT('',(70.8,10.5604469831827,154.619768433198));
#4585=CARTESIAN_POINT('',(70.8,-0.0999999999999125,154.619768433198));
#4586=CARTESIAN_POINT('',(70.8,10.5604469831827,161.));
#4587=CARTESIAN_POINT('Origin',(71.8,12.3500000000001,161.));
#4588=CARTESIAN_POINT('',(70.0505624505135,11.2813708498986,154.505088372985));
#4589=CARTESIAN_POINT('Origin',(71.8,12.3500000000001,154.772789936179));
#4590=CARTESIAN_POINT('',(70.0505624505135,11.2813708498986,161.));
#4591=CARTESIAN_POINT('Origin',(71.8,-12.5499999999999,161.));
#4592=CARTESIAN_POINT('',(70.0505624505135,-11.4813708498984,154.505088372985));
#4593=CARTESIAN_POINT('',(70.0505624505135,-11.4813708498984,161.));
#4594=CARTESIAN_POINT('Origin',(71.8,-12.5499999999999,154.772789936179));
#4595=CARTESIAN_POINT('Origin',(70.0505624505135,-11.4813708498984,167.));
#4596=CARTESIAN_POINT('',(81.6077775919787,-11.4813708498984,156.273590804209));
#4597=CARTESIAN_POINT('Origin',(70.8,11.2813708498986,167.));
#4598=CARTESIAN_POINT('',(81.9739228627065,11.2813708498986,156.329618903845));
#4599=CARTESIAN_POINT('Origin',(114.3,-0.100003759166332,187.240796697219));
#4600=CARTESIAN_POINT('',(110.045000000001,-1.68815110902451,186.));
#4601=CARTESIAN_POINT('',(109.821328793657,1.89042500250001,188.795890079294));
#4602=CARTESIAN_POINT('',(102.675,-1.68815110902451,186.));
#4603=CARTESIAN_POINT('Origin',(108.7,-10.35,172.2));
#4604=CARTESIAN_POINT('',(108.7,-12.1,172.2));
#4605=CARTESIAN_POINT('Origin',(108.7,-10.35,172.2));
#4606=CARTESIAN_POINT('Origin',(108.7,10.1499999999999,172.2));
#4607=CARTESIAN_POINT('',(108.7,8.39999999999995,172.2));
#4608=CARTESIAN_POINT('Origin',(108.7,10.1499999999999,172.2));
#4609=CARTESIAN_POINT('Origin',(91.05,-0.0999999999999135,186.));
#4610=CARTESIAN_POINT('',(107.6,7.0000000000001,186.));
#4611=CARTESIAN_POINT('',(107.7,7.0000000000001,186.));
#4612=CARTESIAN_POINT('',(107.6,21.3500000000001,186.));
#4613=CARTESIAN_POINT('',(107.6,16.3500000000001,186.));
#4614=CARTESIAN_POINT('',(94.1,21.3500000000001,186.));
#4615=CARTESIAN_POINT('Origin',(106.6,7.0000000000001,166.));
#4616=CARTESIAN_POINT('',(107.6,7.0000000000001,181.693659653814));
#4617=CARTESIAN_POINT('',(107.45,7.0000000000001,181.693659653814));
#4618=CARTESIAN_POINT('',(107.6,7.0000000000001,172.56336540419));
#4619=CARTESIAN_POINT('Origin',(107.6,-0.0999999999999135,179.126730808381));
#4620=CARTESIAN_POINT('',(107.6,16.3500000000001,174.388630936205));
#4621=CARTESIAN_POINT('',(107.6,1.86825880026614,185.70301974316));
#4622=CARTESIAN_POINT('',(107.6,21.3500000000001,170.388630936205));
#4623=CARTESIAN_POINT('',(107.6,14.7679587649283,175.654263924263));
#4624=CARTESIAN_POINT('',(107.6,21.3500000000001,176.));
#4625=CARTESIAN_POINT('Origin',(72.9,-0.100003759166332,187.240796697219));
#4626=CARTESIAN_POINT('',(67.8,-16.5499999999999,174.388651078166));
#4627=CARTESIAN_POINT('Origin',(91.2967485973878,-0.0999999999999136,157.756211709798));
#4628=CARTESIAN_POINT('',(112.050442152795,21.3500000000001,160.931973090058));
#4629=CARTESIAN_POINT('',(112.050442152795,-0.0999999999999512,160.931973090058));
#4630=CARTESIAN_POINT('',(69.155,21.3500000000001,154.368048060793));
#4631=CARTESIAN_POINT('',(69.155,16.3500000000001,154.368048060793));
#4632=CARTESIAN_POINT('',(113.750651938563,21.3500000000001,161.19214174686));
#4633=CARTESIAN_POINT('',(105.058843372945,-5.04999999999993,159.862108136524));
#4634=CARTESIAN_POINT('',(95.1737690027044,-5.04999999999993,158.349479199309));
#4635=CARTESIAN_POINT('',(93.2449037797358,-5.04999999999993,158.054321343842));
#4636=CARTESIAN_POINT('',(95.1737690027044,-7.04999999999993,158.349479199309));
#4637=CARTESIAN_POINT('',(95.1737690027044,-3.57499999999992,158.349479199309));
#4638=CARTESIAN_POINT('',(105.058843372945,-7.04999999999993,159.862108136524));
#4639=CARTESIAN_POINT('',(93.2345523432579,-7.04999999999993,158.052737351474));
#4640=CARTESIAN_POINT('',(105.058843372945,-3.57499999999992,159.862108136524));
#4641=CARTESIAN_POINT('',(105.058843372945,-13.0499999999999,159.862108136524));
#4642=CARTESIAN_POINT('',(95.1737690027044,-13.0499999999999,158.349479199309));
#4643=CARTESIAN_POINT('',(93.2397280614968,-13.0499999999999,158.053529347658));
#4644=CARTESIAN_POINT('',(95.1737690027044,-15.0499999999999,158.349479199309));
#4645=CARTESIAN_POINT('',(95.1737690027044,-6.57499999999992,158.349479199309));
#4646=CARTESIAN_POINT('',(105.058843372945,-15.0499999999999,159.862108136524));
#4647=CARTESIAN_POINT('',(93.2345523432579,-15.0499999999999,158.052737351474));
#4648=CARTESIAN_POINT('',(105.058843372945,-6.57499999999992,159.862108136524));
#4649=CARTESIAN_POINT('',(88.0499999999977,-1.75727522824557E-13,157.259389359623));
#4650=CARTESIAN_POINT('Origin',(90.5999999999977,-1.75415237890775E-13,
157.649594192226));
#4651=CARTESIAN_POINT('Origin',(64.1,-16.55,158.3));
#4652=CARTESIAN_POINT('',(64.1,15.45,158.3));
#4653=CARTESIAN_POINT('',(64.1,-16.55,158.3));
#4654=CARTESIAN_POINT('',(64.1,-16.55,158.3));
#4655=CARTESIAN_POINT('',(64.1,15.45,158.3));
#4656=CARTESIAN_POINT('',(64.1,-16.55,158.3));
#4657=CARTESIAN_POINT('Origin',(64.1,15.45,158.3));
#4658=CARTESIAN_POINT('',(64.1,15.45,163.65));
#4659=CARTESIAN_POINT('',(64.1,15.45,163.65));
#4660=CARTESIAN_POINT('',(64.1,15.45,163.65));
#4661=CARTESIAN_POINT('',(56.6,15.45,160.5));
#4662=CARTESIAN_POINT('Origin',(57.9,15.45,160.5));
#4663=CARTESIAN_POINT('Origin',(64.1,15.45,163.65));
#4664=CARTESIAN_POINT('',(64.1,16.55,163.65));
#4665=CARTESIAN_POINT('',(64.1,16.55,163.65));
#4666=CARTESIAN_POINT('',(64.1,16.55,163.65));
#4667=CARTESIAN_POINT('Origin',(64.1,16.55,163.65));
#4668=CARTESIAN_POINT('',(64.1,16.55,177.85));
#4669=CARTESIAN_POINT('',(64.1,16.55,177.85));
#4670=CARTESIAN_POINT('',(64.1,16.55,177.85));
#4671=CARTESIAN_POINT('Origin',(64.1,16.55,177.85));
#4672=CARTESIAN_POINT('',(64.1,15.45,177.85));
#4673=CARTESIAN_POINT('',(64.1,15.45,177.85));
#4674=CARTESIAN_POINT('',(64.1,15.45,177.85));
#4675=CARTESIAN_POINT('Origin',(64.1,15.45,177.85));
#4676=CARTESIAN_POINT('',(64.1,15.45,183.2));
#4677=CARTESIAN_POINT('',(64.1,15.45,183.2));
#4678=CARTESIAN_POINT('',(64.1,15.45,183.2));
#4679=CARTESIAN_POINT('',(56.6,15.45,181.));
#4680=CARTESIAN_POINT('Origin',(57.9,15.45,181.));
#4681=CARTESIAN_POINT('Origin',(64.1,15.45,183.2));
#4682=CARTESIAN_POINT('',(64.1,-16.55,183.2));
#4683=CARTESIAN_POINT('',(64.1,-16.55,183.2));
#4684=CARTESIAN_POINT('',(64.1,-16.55,183.2));
#4685=CARTESIAN_POINT('Origin',(64.1,-16.55,180.05));
#4686=CARTESIAN_POINT('',(62.587411967465,-18.35,180.05));
#4687=CARTESIAN_POINT('',(62.587411967465,-16.55,180.05));
#4688=CARTESIAN_POINT('',(62.587411967465,-16.45,180.05));
#4689=CARTESIAN_POINT('',(64.1,-16.55,180.05));
#4690=CARTESIAN_POINT('',(64.1,-16.55,180.05));
#4691=CARTESIAN_POINT('',(64.1,-18.35,180.05));
#4692=CARTESIAN_POINT('',(64.1,-18.35,180.05));
#4693=CARTESIAN_POINT('',(64.1,-18.35,180.05));
#4694=CARTESIAN_POINT('Origin',(64.1,-18.35,161.45));
#4695=CARTESIAN_POINT('',(62.587411967465,-16.55,161.45));
#4696=CARTESIAN_POINT('',(62.587411967465,-18.35,161.45));
#4697=CARTESIAN_POINT('',(62.587411967465,-16.45,161.45));
#4698=CARTESIAN_POINT('',(64.1,-18.35,161.45));
#4699=CARTESIAN_POINT('',(64.1,-18.35,161.45));
#4700=CARTESIAN_POINT('',(64.1,-16.55,161.45));
#4701=CARTESIAN_POINT('',(64.1,-16.55,161.45));
#4702=CARTESIAN_POINT('',(64.1,-16.55,161.45));
#4703=CARTESIAN_POINT('Origin',(64.1,-16.55,161.45));
#4704=CARTESIAN_POINT('',(60.8125880325351,-16.55,161.45));
#4705=CARTESIAN_POINT('',(63.,-16.55,160.5));
#4706=CARTESIAN_POINT('Origin',(61.7,-16.55,160.5));
#4707=CARTESIAN_POINT('Origin',(61.7,-16.55,160.5));
#4708=CARTESIAN_POINT('',(64.1,-16.55,158.3));
#4709=CARTESIAN_POINT('',(64.1,-16.55,161.45));
#4710=CARTESIAN_POINT('Origin',(64.1,13.85,183.1));
#4711=CARTESIAN_POINT('',(64.1,13.85,183.102475247525));
#4712=CARTESIAN_POINT('',(64.1,13.85,183.15));
#4713=CARTESIAN_POINT('',(64.1,13.85,183.102475247525));
#4714=CARTESIAN_POINT('Origin',(64.1,13.85,183.102475247525));
#4715=CARTESIAN_POINT('',(64.1,-14.95,183.15));
#4716=CARTESIAN_POINT('Origin',(64.1,-0.0999999999999601,170.75));
#4717=CARTESIAN_POINT('',(64.1,-18.35,161.45));
#4718=CARTESIAN_POINT('',(64.1,-16.55,180.05));
#4719=CARTESIAN_POINT('',(64.1000000000001,-3.05000000000012,170.75));
#4720=CARTESIAN_POINT('Origin',(64.1,-0.500000000000127,170.75));
#4721=CARTESIAN_POINT('',(64.1,-8.60000000000001,172.200000000001));
#4722=CARTESIAN_POINT('Origin',(64.1000000000001,-10.35,172.200000000001));
#4723=CARTESIAN_POINT('',(64.1,11.8999999999999,172.200000000001));
#4724=CARTESIAN_POINT('Origin',(64.1000000000001,10.1499999999999,172.200000000001));
#4725=CARTESIAN_POINT('Origin',(57.9,18.15,181.));
#4726=CARTESIAN_POINT('',(56.6,19.65,181.));
#4727=CARTESIAN_POINT('Origin',(57.9,19.65,181.));
#4728=CARTESIAN_POINT('',(56.6,18.15,181.));
#4729=CARTESIAN_POINT('Origin',(57.9,18.15,160.5));
#4730=CARTESIAN_POINT('',(56.6,19.65,160.5));
#4731=CARTESIAN_POINT('Origin',(57.9,19.65,160.5));
#4732=CARTESIAN_POINT('',(56.6,18.15,160.5));
#4733=CARTESIAN_POINT('Origin',(57.9,19.65,170.75));
#4734=CARTESIAN_POINT('',(56.1,19.65,160.5));
#4735=CARTESIAN_POINT('Origin',(57.9,19.65,160.5));
#4736=CARTESIAN_POINT('Origin',(57.9,23.15,160.5));
#4737=CARTESIAN_POINT('',(56.1,21.35,160.5));
#4738=CARTESIAN_POINT('Origin',(57.9,21.35,160.5));
#4739=CARTESIAN_POINT('',(56.1,23.15,160.5));
#4740=CARTESIAN_POINT('Origin',(57.9,19.65,170.75));
#4741=CARTESIAN_POINT('',(56.1,19.65,181.));
#4742=CARTESIAN_POINT('Origin',(57.9,19.65,181.));
#4743=CARTESIAN_POINT('Origin',(57.9,23.15,181.));
#4744=CARTESIAN_POINT('',(56.1,21.35,181.));
#4745=CARTESIAN_POINT('Origin',(57.9,21.35,181.));
#4746=CARTESIAN_POINT('',(56.1,23.15,181.));
#4747=CARTESIAN_POINT('Origin',(64.1,-16.55,183.2));
#4748=CARTESIAN_POINT('',(63.,-16.55,181.));
#4749=CARTESIAN_POINT('Origin',(61.7,-16.55,181.));
#4750=CARTESIAN_POINT('',(60.8125880325351,-16.55,180.05));
#4751=CARTESIAN_POINT('Origin',(61.7,-16.55,181.));
#4752=CARTESIAN_POINT('',(64.1,-16.55,180.05));
#4753=CARTESIAN_POINT('Origin',(61.7,-16.45,160.5));
#4754=CARTESIAN_POINT('',(60.8125880325351,-18.35,161.45));
#4755=CARTESIAN_POINT('',(60.8125880325351,-16.45,161.45));
#4756=CARTESIAN_POINT('Origin',(61.7,-18.35,160.5));
#4757=CARTESIAN_POINT('',(63.,-20.35,160.5));
#4758=CARTESIAN_POINT('',(63.,-16.45,160.5));
#4759=CARTESIAN_POINT('Origin',(61.7,-20.35,160.5));
#4760=CARTESIAN_POINT('Origin',(61.7,-16.45,181.));
#4761=CARTESIAN_POINT('',(60.8125880325351,-18.35,180.05));
#4762=CARTESIAN_POINT('Origin',(61.7,-18.35,181.));
#4763=CARTESIAN_POINT('',(60.8125880325351,-16.45,180.05));
#4764=CARTESIAN_POINT('',(63.,-16.45,181.));
#4765=CARTESIAN_POINT('Origin',(61.7,-23.35,160.5));
#4766=CARTESIAN_POINT('',(63.5,-20.35,160.5));
#4767=CARTESIAN_POINT('',(63.5,-23.35,160.5));
#4768=CARTESIAN_POINT('',(63.4525790350213,-20.35,160.089553016817));
#4769=CARTESIAN_POINT('Origin',(61.7,-20.35,160.5));
#4770=CARTESIAN_POINT('',(63.1,-21.0994375494865,159.368629150101));
#4771=CARTESIAN_POINT('Ctrl Pts',(63.4525790350213,-20.35,160.089553016817));
#4772=CARTESIAN_POINT('Ctrl Pts',(63.4369560258605,-20.4693795124583,160.022843893737));
#4773=CARTESIAN_POINT('Ctrl Pts',(63.4146798367306,-20.579413282698,159.945365786584));
#4774=CARTESIAN_POINT('Ctrl Pts',(63.3299601240113,-20.8432853546649,159.721441806641));
#4775=CARTESIAN_POINT('Ctrl Pts',(63.2297085083356,-21.0013937600445,159.529135240289));
#4776=CARTESIAN_POINT('Ctrl Pts',(63.1,-21.0994375494865,159.368629150101));
#4777=CARTESIAN_POINT('',(63.1,-20.35,159.368629150101));
#4778=CARTESIAN_POINT('',(63.1,-23.35,159.368629150101));
#4779=CARTESIAN_POINT('Origin',(61.7,-20.35,160.5));
#4780=CARTESIAN_POINT('Origin',(64.1,-18.35,161.45));
#4781=CARTESIAN_POINT('',(56.3053116451582,-17.25,161.45));
#4782=CARTESIAN_POINT('',(64.1,-18.35,161.45));
#4783=CARTESIAN_POINT('Origin',(48.5106232903165,-17.25,170.75));
#4784=CARTESIAN_POINT('Origin',(50.9732691916191,17.15,170.75));
#4785=CARTESIAN_POINT('',(44.3969802568396,17.15,168.781741199734));
#4786=CARTESIAN_POINT('Origin',(66.274262154656,23.15,140.780128385876));
#4787=CARTESIAN_POINT('',(54.6019426688016,21.35,155.719999454373));
#4788=CARTESIAN_POINT('Origin',(61.7,-23.35,181.));
#4789=CARTESIAN_POINT('',(63.5,-23.35,181.));
#4790=CARTESIAN_POINT('',(63.1,-21.0994375494865,182.131370849898));
#4791=CARTESIAN_POINT('',(63.1,-23.35,182.131370849898));
#4792=CARTESIAN_POINT('Ctrl Pts',(63.1,-21.0994375494865,182.131370849898));
#4793=CARTESIAN_POINT('Ctrl Pts',(63.2297085083356,-21.0013937600445,181.97086475971));
#4794=CARTESIAN_POINT('Ctrl Pts',(63.3299601240113,-20.8432853546649,181.778558193359));
#4795=CARTESIAN_POINT('Ctrl Pts',(63.4146798367306,-20.579413282698,181.554634213415));
#4796=CARTESIAN_POINT('Ctrl Pts',(63.4369560258605,-20.4693795124583,181.477156106263));
#4797=CARTESIAN_POINT('Ctrl Pts',(63.4525790350213,-20.35,181.410446983183));
#4798=CARTESIAN_POINT('Origin',(61.7,-20.35,170.75));
#4799=CARTESIAN_POINT('',(69.1,-20.35,159.368629150101));
#4800=CARTESIAN_POINT('',(63.1,-20.35,159.368629150101));
#4801=CARTESIAN_POINT('',(69.1,-20.35,160.089553016817));
#4802=CARTESIAN_POINT('',(69.1,-20.35,164.525));
#4803=CARTESIAN_POINT('',(69.1,-20.35,160.089553016817));
#4804=CARTESIAN_POINT('Origin',(69.1,-19.35,183.2));
#4805=CARTESIAN_POINT('',(69.1,-21.0994375494864,182.131370849898));
#4806=CARTESIAN_POINT('Origin',(63.1,-21.0994375494865,182.131370849898));
#4807=CARTESIAN_POINT('Origin',(69.1,-19.35,158.3));
#4808=CARTESIAN_POINT('',(69.1,-21.0994375494865,159.368629150101));
#4809=CARTESIAN_POINT('Origin',(69.1,-19.35,158.3));
#4810=CARTESIAN_POINT('',(69.1,-21.0994375494865,159.368629150101));
#4811=CARTESIAN_POINT('Origin',(63.1,-20.35,159.368629150101));
#4812=CARTESIAN_POINT('',(69.1,-23.35,159.368629150101));
#4813=CARTESIAN_POINT('Origin',(115.300000000005,10.1499999999999,172.2));
#4814=CARTESIAN_POINT('',(67.8000000000002,11.8999999999999,172.200000000001));
#4815=CARTESIAN_POINT('Origin',(67.8000000000002,10.1499999999999,172.200000000001));
#4816=CARTESIAN_POINT('',(115.300000000005,11.8999999999999,172.2));
#4817=CARTESIAN_POINT('Origin',(115.300000000004,-10.35,172.2));
#4818=CARTESIAN_POINT('',(67.8000000000001,-8.60000000000001,172.200000000001));
#4819=CARTESIAN_POINT('Origin',(67.8000000000001,-10.35,172.200000000001));
#4820=CARTESIAN_POINT('',(115.300000000004,-8.60000000000003,172.2));
#4821=CARTESIAN_POINT('Origin',(64.1,-18.35,180.05));
#4822=CARTESIAN_POINT('',(64.1,-18.35,180.05));
#4823=CARTESIAN_POINT('Origin',(64.1,-16.55,180.05));
#4824=CARTESIAN_POINT('Origin',(64.1,-13.0499999999999,152.3));
#4825=CARTESIAN_POINT('',(64.1,-15.0499999999999,150.3));
#4826=CARTESIAN_POINT('',(64.1,-11.0499999999999,150.3));
#4827=CARTESIAN_POINT('',(64.1,-11.0499999999999,150.3));
#4828=CARTESIAN_POINT('',(64.1,-11.0499999999999,152.3));
#4829=CARTESIAN_POINT('',(64.1,-11.0499999999999,152.3));
#4830=CARTESIAN_POINT('',(64.1,-13.0499999999999,152.3));
#4831=CARTESIAN_POINT('',(64.1,-11.0499999999999,152.3));
#4832=CARTESIAN_POINT('',(64.1,-13.0499999999999,154.3));
#4833=CARTESIAN_POINT('',(64.1,-15.0499999999999,154.3));
#4834=CARTESIAN_POINT('Origin',(54.1,-13.0499999999999,152.3));
#4835=CARTESIAN_POINT('',(54.1,-11.0499999999999,150.3));
#4836=CARTESIAN_POINT('',(54.1,-15.0499999999999,150.3));
#4837=CARTESIAN_POINT('',(54.1,-11.0499999999999,150.3));
#4838=CARTESIAN_POINT('',(54.1,-15.0499999999999,154.3));
#4839=CARTESIAN_POINT('',(54.1,-13.0499999999999,152.3));
#4840=CARTESIAN_POINT('',(54.1,-13.0499999999999,154.3));
#4841=CARTESIAN_POINT('',(54.1,-11.0499999999999,152.3));
#4842=CARTESIAN_POINT('',(54.1,-11.0499999999999,152.3));
#4843=CARTESIAN_POINT('',(54.1,-11.0499999999999,152.3));
#4844=CARTESIAN_POINT('Origin',(54.1,-15.0499999999999,150.3));
#4845=CARTESIAN_POINT('',(54.1,-11.0499999999999,150.3));
#4846=CARTESIAN_POINT('',(54.1,-15.0499999999999,150.3));
#4847=CARTESIAN_POINT('Origin',(54.1,-11.0499999999999,150.3));
#4848=CARTESIAN_POINT('',(54.1,-11.0499999999999,152.3));
#4849=CARTESIAN_POINT('Origin',(54.1,-11.0499999999999,152.3));
#4850=CARTESIAN_POINT('',(54.1,-13.0499999999999,152.3));
#4851=CARTESIAN_POINT('Origin',(54.1,-13.0499999999999,152.3));
#4852=CARTESIAN_POINT('Origin',(54.1,-15.0499999999999,154.3));
#4853=CARTESIAN_POINT('Origin',(64.1,-7.04999999999993,152.3));
#4854=CARTESIAN_POINT('',(64.1,-5.04999999999993,150.3));
#4855=CARTESIAN_POINT('',(64.1,-5.04999999999993,154.3));
#4856=CARTESIAN_POINT('',(64.1,-7.04999999999993,152.3));
#4857=CARTESIAN_POINT('',(64.1,-7.04999999999993,154.3));
#4858=CARTESIAN_POINT('',(64.1,-9.04999999999993,152.3));
#4859=CARTESIAN_POINT('',(64.1,-7.04999999999993,152.3));
#4860=CARTESIAN_POINT('',(64.1,-9.04999999999993,150.3));
#4861=CARTESIAN_POINT('',(64.1,-9.04999999999993,152.3));
#4862=CARTESIAN_POINT('',(64.1,-5.04999999999993,150.3));
#4863=CARTESIAN_POINT('Origin',(54.1,-7.04999999999993,152.3));
#4864=CARTESIAN_POINT('',(54.1,-5.04999999999993,150.3));
#4865=CARTESIAN_POINT('',(54.1,-5.04999999999993,154.3));
#4866=CARTESIAN_POINT('',(54.1,-9.04999999999993,150.3));
#4867=CARTESIAN_POINT('',(54.1,-5.04999999999993,150.3));
#4868=CARTESIAN_POINT('',(54.1,-9.04999999999993,152.3));
#4869=CARTESIAN_POINT('',(54.1,-9.04999999999993,152.3));
#4870=CARTESIAN_POINT('',(54.1,-7.04999999999993,152.3));
#4871=CARTESIAN_POINT('',(54.1,-7.04999999999993,152.3));
#4872=CARTESIAN_POINT('',(54.1,-7.04999999999993,154.3));
#4873=CARTESIAN_POINT('Origin',(54.1,-5.04999999999993,150.3));
#4874=CARTESIAN_POINT('',(54.1,-5.04999999999993,150.3));
#4875=CARTESIAN_POINT('Origin',(54.1,-7.04999999999993,154.3));
#4876=CARTESIAN_POINT('',(54.1,-7.04999999999993,152.3));
#4877=CARTESIAN_POINT('Origin',(54.1,-7.04999999999993,152.3));
#4878=CARTESIAN_POINT('',(54.1,-9.04999999999993,152.3));
#4879=CARTESIAN_POINT('Origin',(54.1,-9.04999999999993,152.3));
#4880=CARTESIAN_POINT('',(54.1,-9.04999999999993,150.3));
#4881=CARTESIAN_POINT('Origin',(54.1,-9.04999999999993,150.3));
#4882=CARTESIAN_POINT('Origin',(69.1,-0.0999999999999601,170.75));
#4883=CARTESIAN_POINT('Origin',(69.1,-0.0999999999999601,170.75));
#4884=CARTESIAN_POINT('Origin',(67.8,16.3500000000001,166.));
#4885=CARTESIAN_POINT('',(67.8,-16.5499999999999,174.388651078166));
#4886=CARTESIAN_POINT('',(67.8,-0.145062360867141,187.205593059359));
#4887=CARTESIAN_POINT('',(67.8,-16.5499999999999,161.));
#4888=CARTESIAN_POINT('',(67.8,-16.5499999999999,166.));
#4889=CARTESIAN_POINT('',(67.8,16.3500000000001,161.));
#4890=CARTESIAN_POINT('',(67.8,-16.5499999999999,161.));
#4891=CARTESIAN_POINT('',(67.8,16.3500000000001,166.));
#4892=CARTESIAN_POINT('',(67.8,-3.05000000000012,170.75));
#4893=CARTESIAN_POINT('Origin',(67.8,-0.500000000000127,170.75));
#4894=CARTESIAN_POINT('',(67.8,-10.3499999999999,166.6));
#4895=CARTESIAN_POINT('Origin',(67.8,-10.3499999999999,168.4));
#4896=CARTESIAN_POINT('',(67.8,10.1500000000001,166.6));
#4897=CARTESIAN_POINT('Origin',(67.8,10.1500000000001,168.4));
#4898=CARTESIAN_POINT('Origin',(67.8,-10.3499999999999,168.4));
#4899=CARTESIAN_POINT('',(67.8,-10.3499999999999,166.6));
#4900=CARTESIAN_POINT('Origin',(67.8,10.1500000000001,168.4));
#4901=CARTESIAN_POINT('',(67.8,10.1500000000001,166.6));
#4902=CARTESIAN_POINT('Origin',(67.8,-1.68815110902453,186.));
#4903=CARTESIAN_POINT('',(67.8,-16.5499999999999,174.388651078166));
#4904=CARTESIAN_POINT('Origin',(67.8,-16.5499999999999,174.388651078166));
#4905=CARTESIAN_POINT('',(67.8,-16.5499999999999,161.));
#4906=CARTESIAN_POINT('Origin',(67.8,-16.5499999999999,161.));
#4907=CARTESIAN_POINT('',(67.8,16.3500000000001,161.));
#4908=CARTESIAN_POINT('Origin',(67.8,16.3500000000001,161.));
#4909=CARTESIAN_POINT('',(67.8,16.3500000000001,174.388630936205));
#4910=CARTESIAN_POINT('Origin',(69.155,16.3500000000001,154.368048060793));
#4911=CARTESIAN_POINT('',(69.155,21.3500000000001,154.368048060793));
#4912=CARTESIAN_POINT('Origin',(90.5999999999977,-1.75415237890775E-13,
165.799999999999));
#4913=CARTESIAN_POINT('',(88.0499999999977,-1.75102952956992E-13,165.799999999999));
#4914=CARTESIAN_POINT('Origin',(90.5999999999977,-1.75415237890775E-13,
165.799999999999));
#4915=CARTESIAN_POINT('Origin',(90.5999999999977,-1.75415237890775E-13,
165.799999999999));
#4916=CARTESIAN_POINT('',(88.0499999999977,-1.75102952956992E-13,165.799999999999));
#4917=CARTESIAN_POINT('Origin',(64.1000000000001,-0.500000000000127,170.75));
#4918=CARTESIAN_POINT('',(64.1000000000001,-3.05000000000012,170.75));
#4919=CARTESIAN_POINT('Origin',(64.1000000000001,-0.500000000000127,170.75));
#4920=CARTESIAN_POINT('',(64.1000000000001,-3.05000000000012,170.75));
#4921=CARTESIAN_POINT('Origin',(105.320816467787,-13.0499999999999,158.208075112158));
#4922=CARTESIAN_POINT('',(105.633685397868,-15.0499999999999,156.232698430968));
#4923=CARTESIAN_POINT('',(105.007947537707,-15.0499999999999,160.183451793349));
#4924=CARTESIAN_POINT('',(105.633685397868,-11.0499999999999,156.232698430968));
#4925=CARTESIAN_POINT('',(105.633685397868,-11.0499999999999,156.232698430968));
#4926=CARTESIAN_POINT('',(105.320816467787,-11.0499999999999,158.208075112158));
#4927=CARTESIAN_POINT('',(105.320816467787,-11.0499999999999,158.208075112158));
#4928=CARTESIAN_POINT('',(105.320816467787,-13.0499999999999,158.208075112158));
#4929=CARTESIAN_POINT('',(105.320816467787,-11.0499999999999,158.208075112158));
#4930=CARTESIAN_POINT('',(105.007947537707,-13.0499999999999,160.183451793349));
#4931=CARTESIAN_POINT('Origin',(95.7568019919164,-15.0499999999999,154.668353780566));
#4932=CARTESIAN_POINT('',(95.7568019919164,-11.0499999999999,154.668353780566));
#4933=CARTESIAN_POINT('',(95.7568019919164,-15.0499999999999,154.668353780566));
#4934=CARTESIAN_POINT('',(95.7568019919164,-11.0499999999999,154.668353780566));
#4935=CARTESIAN_POINT('',(95.7568019919164,-11.0499999999999,154.668353780566));
#4936=CARTESIAN_POINT('',(95.7568019919164,-15.0499999999999,154.668353780566));
#4937=CARTESIAN_POINT('Origin',(95.7568019919164,-11.0499999999999,154.668353780566));
#4938=CARTESIAN_POINT('',(95.443933061836,-11.0499999999999,156.643730461756));
#4939=CARTESIAN_POINT('',(95.443933061836,-11.0499999999999,156.643730461756));
#4940=CARTESIAN_POINT('',(95.443933061836,-11.0499999999999,156.643730461756));
#4941=CARTESIAN_POINT('Origin',(95.443933061836,-11.0499999999999,156.643730461756));
#4942=CARTESIAN_POINT('',(95.443933061836,-13.0499999999999,156.643730461756));
#4943=CARTESIAN_POINT('',(95.443933061836,-11.0499999999999,156.643730461756));
#4944=CARTESIAN_POINT('',(95.443933061836,-13.0499999999999,156.643730461756));
#4945=CARTESIAN_POINT('Origin',(95.1310641317555,-15.0499999999999,158.619107142946));
#4946=CARTESIAN_POINT('',(95.1310641317555,-15.0499999999999,158.619107142946));
#4947=CARTESIAN_POINT('Origin',(95.443933061836,-13.0499999999999,156.643730461756));
#4948=CARTESIAN_POINT('',(95.1310641317555,-13.0499999999999,158.619107142946));
#4949=CARTESIAN_POINT('Origin',(95.443933061836,-13.0499999999999,156.643730461756));
#4950=CARTESIAN_POINT('Origin',(105.320816467787,-7.04999999999993,158.208075112158));
#4951=CARTESIAN_POINT('',(105.320816467787,-7.04999999999993,158.208075112158));
#4952=CARTESIAN_POINT('',(105.007947537707,-7.04999999999993,160.183451793349));
#4953=CARTESIAN_POINT('',(105.320816467787,-9.04999999999993,158.208075112158));
#4954=CARTESIAN_POINT('',(105.320816467787,-7.04999999999993,158.208075112158));
#4955=CARTESIAN_POINT('',(105.633685397868,-9.04999999999993,156.232698430968));
#4956=CARTESIAN_POINT('',(105.320816467787,-9.04999999999993,158.208075112158));
#4957=CARTESIAN_POINT('',(105.633685397868,-5.04999999999993,156.232698430968));
#4958=CARTESIAN_POINT('',(105.633685397868,-5.04999999999993,156.232698430968));
#4959=CARTESIAN_POINT('',(105.007947537707,-5.04999999999993,160.183451793349));
#4960=CARTESIAN_POINT('Origin',(95.1310641317555,-7.04999999999993,158.619107142946));
#4961=CARTESIAN_POINT('',(95.443933061836,-7.04999999999993,156.643730461756));
#4962=CARTESIAN_POINT('',(95.1310641317555,-7.04999999999993,158.619107142946));
#4963=CARTESIAN_POINT('',(95.443933061836,-7.04999999999993,156.643730461756));
#4964=CARTESIAN_POINT('Origin',(95.443933061836,-7.04999999999993,156.643730461756));
#4965=CARTESIAN_POINT('',(95.443933061836,-9.04999999999993,156.643730461756));
#4966=CARTESIAN_POINT('',(95.443933061836,-7.04999999999993,156.643730461756));
#4967=CARTESIAN_POINT('',(95.443933061836,-9.04999999999993,156.643730461756));
#4968=CARTESIAN_POINT('Origin',(95.443933061836,-9.04999999999993,156.643730461756));
#4969=CARTESIAN_POINT('',(95.7568019919164,-9.04999999999993,154.668353780566));
#4970=CARTESIAN_POINT('',(95.443933061836,-9.04999999999993,156.643730461756));
#4971=CARTESIAN_POINT('',(95.7568019919164,-9.04999999999993,154.668353780566));
#4972=CARTESIAN_POINT('Origin',(95.7568019919164,-9.04999999999993,154.668353780566));
#4973=CARTESIAN_POINT('',(95.7568019919164,-5.04999999999993,154.668353780566));
#4974=CARTESIAN_POINT('',(95.7568019919164,-5.04999999999993,154.668353780566));
#4975=CARTESIAN_POINT('',(95.7568019919164,-5.04999999999993,154.668353780566));
#4976=CARTESIAN_POINT('Origin',(95.7568019919164,-5.04999999999993,154.668353780566));
#4977=CARTESIAN_POINT('',(95.1310641317555,-5.04999999999993,158.619107142946));
#4978=CARTESIAN_POINT('Origin',(95.443933061836,-7.04999999999993,156.643730461756));
#4979=CARTESIAN_POINT('Origin',(91.7275,18.8500000000001,172.388630936205));
#4980=CARTESIAN_POINT('',(91.7,21.3500000000001,170.388630936205));
#4981=CARTESIAN_POINT('Origin',(69.1,-16.5499999999999,174.388651078166));
#4982=CARTESIAN_POINT('Origin',(110.3,-10.35,172.2));
#4983=CARTESIAN_POINT('',(111.149,-12.1,172.2));
#4984=CARTESIAN_POINT('Origin',(111.149,-10.35,172.2));
#4985=CARTESIAN_POINT('',(110.3,-12.1,172.2));
#4986=CARTESIAN_POINT('Origin',(110.3,10.1499999999999,172.2));
#4987=CARTESIAN_POINT('',(111.149,8.39999999999995,172.2));
#4988=CARTESIAN_POINT('Origin',(111.149,10.1499999999999,172.2));
#4989=CARTESIAN_POINT('',(110.3,8.39999999999995,172.2));
#4990=CARTESIAN_POINT('Origin',(64.1000000000001,-0.500000000000127,170.75));
#4991=CARTESIAN_POINT('',(111.265,-3.05000000000012,170.75));
#4992=CARTESIAN_POINT('',(64.1000000000001,-3.05000000000012,170.75));
#4993=CARTESIAN_POINT('Origin',(111.265,-0.500000000000127,170.75));
#4994=CARTESIAN_POINT('Origin',(110.95,18.8500000000001,172.388630936205));
#4995=CARTESIAN_POINT('',(111.293909525104,21.3500000000001,170.388630936205));
#4996=CARTESIAN_POINT('',(110.973909525104,16.3500000000001,174.388630936205));
#4997=CARTESIAN_POINT('',(110.398604516632,7.36085924261732,181.579943542111));
#4998=CARTESIAN_POINT('',(110.95,21.3500000000001,170.388630936205));
#4999=CARTESIAN_POINT('',(110.3,16.3500000000001,174.388630936205));
#5000=CARTESIAN_POINT('Origin',(114.3,29.8698716141239,163.825737845344));
#5001=CARTESIAN_POINT('',(110.045000000001,1.48814182758989,186.));
#5002=CARTESIAN_POINT('',(110.755664560623,12.8582436757303,177.116692992214));
#5003=CARTESIAN_POINT('',(102.675,1.48814182758989,186.));
#5004=CARTESIAN_POINT('Origin',(91.05,-0.0999999999999135,186.));
#5005=CARTESIAN_POINT('',(110.045000000001,-0.0999999999999494,186.));
#5006=CARTESIAN_POINT('Origin',(109.264202597869,-0.0999999999999782,195.759967526643));
#5007=CARTESIAN_POINT('',(110.463043270318,21.3500000000001,180.774459121032));
#5008=CARTESIAN_POINT('Origin',(114.3,21.3500000000001,166.));
#5009=CARTESIAN_POINT('',(87.836603361333,21.3500000000001,187.199999999999));
#5010=CARTESIAN_POINT('Origin',(61.373206722666,17.5685153722552,207.043800686679));
#5011=CARTESIAN_POINT('',(0.,0.,0.));
#5012=UNCERTAINTY_MEASURE_WITH_UNIT(LENGTH_MEASURE(0.01),#5018,
'DISTANCE_ACCURACY_VALUE',
'Maximum model space distance between geometric entities at asserted c
onnectivities');
#5013=UNCERTAINTY_MEASURE_WITH_UNIT(LENGTH_MEASURE(0.01),#5018,
'DISTANCE_ACCURACY_VALUE',
'Maximum model space distance between geometric entities at asserted c
onnectivities');
#5014=UNCERTAINTY_MEASURE_WITH_UNIT(LENGTH_MEASURE(0.01),#5018,
'DISTANCE_ACCURACY_VALUE',
'Maximum model space distance between geometric entities at asserted c
onnectivities');
#5015=(
GEOMETRIC_REPRESENTATION_CONTEXT(3)
GLOBAL_UNCERTAINTY_ASSIGNED_CONTEXT((#5012))
GLOBAL_UNIT_ASSIGNED_CONTEXT((#5018,#5020,#5021))
REPRESENTATION_CONTEXT('','3D')
);
#5016=(
GEOMETRIC_REPRESENTATION_CONTEXT(3)
GLOBAL_UNCERTAINTY_ASSIGNED_CONTEXT((#5013))
GLOBAL_UNIT_ASSIGNED_CONTEXT((#5018,#5020,#5021))
REPRESENTATION_CONTEXT('','3D')
);
#5017=(
GEOMETRIC_REPRESENTATION_CONTEXT(3)
GLOBAL_UNCERTAINTY_ASSIGNED_CONTEXT((#5014))
GLOBAL_UNIT_ASSIGNED_CONTEXT((#5018,#5020,#5021))
REPRESENTATION_CONTEXT('','3D')
);
#5018=(
LENGTH_UNIT()
NAMED_UNIT(*)
SI_UNIT(.MILLI.,.METRE.)
);
#5019=(
LENGTH_UNIT()
NAMED_UNIT(*)
SI_UNIT($,.METRE.)
);
#5020=(
NAMED_UNIT(*)
PLANE_ANGLE_UNIT()
SI_UNIT($,.RADIAN.)
);
#5021=(
NAMED_UNIT(*)
SI_UNIT($,.STERADIAN.)
SOLID_ANGLE_UNIT()
);
#5022=SHAPE_DEFINITION_REPRESENTATION(#5024,#5027);
#5023=SHAPE_DEFINITION_REPRESENTATION(#5025,#5028);
#5024=PRODUCT_DEFINITION_SHAPE('',$,#5030);
#5025=PRODUCT_DEFINITION_SHAPE('',$,#5031);
#5026=PRODUCT_DEFINITION_SHAPE($,$,#14);
#5027=SHAPE_REPRESENTATION('',(#3099,#3318),#5015);
#5028=SHAPE_REPRESENTATION('',(#3100),#5016);
#5029=PRODUCT_DEFINITION_CONTEXT('part definition',#5037,'design');
#5030=PRODUCT_DEFINITION('J3,J4-case','J3,J4-case',#5032,#5029);
#5031=PRODUCT_DEFINITION('J4-case','J4-case',#5033,#5029);
#5032=PRODUCT_DEFINITION_FORMATION('',$,#5039);
#5033=PRODUCT_DEFINITION_FORMATION('',$,#5040);
#5034=PRODUCT_RELATED_PRODUCT_CATEGORY('J3,J4-case','J3,J4-case',(#5039));
#5035=PRODUCT_RELATED_PRODUCT_CATEGORY('J4-case','J4-case',(#5040));
#5036=APPLICATION_PROTOCOL_DEFINITION('international standard',
'automotive_design',2009,#5037);
#5037=APPLICATION_CONTEXT(
'Core Data for Automotive Mechanical Design Process');
#5038=PRODUCT_CONTEXT('part definition',#5037,'mechanical');
#5039=PRODUCT('J3,J4-case','J3,J4-case',$,(#5038));
#5040=PRODUCT('J4-case','J4-case',$,(#5038));
#5041=PRESENTATION_STYLE_ASSIGNMENT((#5042));
#5042=SURFACE_STYLE_USAGE(.BOTH.,#5043);
#5043=SURFACE_SIDE_STYLE('',(#5044));
#5044=SURFACE_STYLE_FILL_AREA(#5045);
#5045=FILL_AREA_STYLE('Nylon 6-6 (White)',(#5046));
#5046=FILL_AREA_STYLE_COLOUR('Nylon 6-6 (White)',#5047);
#5047=COLOUR_RGB('Nylon 6-6 (White)',0.972549019607843,0.968627450980392,
0.929411764705882);
ENDSEC;
END-ISO-10303-21;
