ISO-10303-21;
HEADER;
/* Generated by software containing ST-Developer
 * from STEP Tools, Inc. (www.steptools.com) 
 */

FILE_DESCRIPTION(
/* description */ (''),
/* implementation_level */ '2;1');

FILE_NAME(
/* name */ 'J5-case.step',
/* time_stamp */ '2026-05-18T20:39:13+02:00',
/* author */ (''),
/* organization */ (''),
/* preprocessor_version */ 'ST-DEVELOPER v20.1',
/* originating_system */ 'Autodesk Translation Framework v15.8.0.0',
/* authorisation */ '');

FILE_SCHEMA (('AUTOMOTIVE_DESIGN { 1 0 10303 214 3 1 1 }'));
ENDSEC;

DATA;
#10=MECHANICAL_DESIGN_GEOMETRIC_PRESENTATION_REPRESENTATION('',(#13),#4521);
#11=SHAPE_REPRESENTATION_RELATIONSHIP('SRR','None',#4528,#12);
#12=ADVANCED_BREP_SHAPE_REPRESENTATION('',(#14),#4520);
#13=STYLED_ITEM('',(#4537),#14);
#14=MANIFOLD_SOLID_BREP('J5-case-L4 (2)',#2725);
#15=TOROIDAL_SURFACE('',#2779,11.,1.);
#16=TOROIDAL_SURFACE('',#2782,11.,1.);
#17=TOROIDAL_SURFACE('',#2818,11.,1.);
#18=B_SPLINE_CURVE_WITH_KNOTS('',3,(#3817,#3818,#3819,#3820,#3821,#3822,
#3823,#3824),.UNSPECIFIED.,.F.,.F.,(4,2,2,4),(1.66461022454038,1.68676658801107,
1.70548289953392,1.7213293797462),.UNSPECIFIED.);
#19=B_SPLINE_CURVE_WITH_KNOTS('',3,(#3828,#3829,#3830,#3831,#3832,#3833,
#3834,#3835),.UNSPECIFIED.,.F.,.F.,(4,2,2,4),(0.573776459915401,0.58962294012768,
0.608339251650533,0.630495615121211),.UNSPECIFIED.);
#20=B_SPLINE_CURVE_WITH_KNOTS('',3,(#3839,#3840,#3841,#3842,#3843,#3844,
#3845,#3846,#3847,#3848),.UNSPECIFIED.,.F.,.F.,(4,2,2,2,4),(1.43485101113672,
1.62553647891893,1.68676658801108,1.70548289953393,1.72132937974621),
 .UNSPECIFIED.);
#21=B_SPLINE_CURVE_WITH_KNOTS('',3,(#3852,#3853,#3854,#3855,#3856,#3857,
#3858,#3859,#3860,#3861),.UNSPECIFIED.,.F.,.F.,(4,2,2,2,4),(0.573776459915404,
0.589622940127683,0.608339251650538,0.669569360742684,0.860254828524902),
 .UNSPECIFIED.);
#22=B_SPLINE_CURVE_WITH_KNOTS('',3,(#4366,#4367,#4368,#4369,#4370,#4371),
 .UNSPECIFIED.,.F.,.F.,(4,2,4),(0.159449598949049,0.22704507829496,0.266338823846976),
 .UNSPECIFIED.);
#23=B_SPLINE_CURVE_WITH_KNOTS('',3,(#4381,#4382,#4383,#4384,#4385,#4386),
 .UNSPECIFIED.,.F.,.F.,(4,2,4),(0.465666909984436,0.504960655536454,0.572556134882365),
 .UNSPECIFIED.);
#24=CYLINDRICAL_SURFACE('',#2766,12.);
#25=CYLINDRICAL_SURFACE('',#2767,12.);
#26=CYLINDRICAL_SURFACE('',#2785,12.);
#27=CYLINDRICAL_SURFACE('',#2816,1.);
#28=CYLINDRICAL_SURFACE('',#2822,1.);
#29=CYLINDRICAL_SURFACE('',#2824,12.);
#30=CYLINDRICAL_SURFACE('',#2825,1.);
#31=CYLINDRICAL_SURFACE('',#2826,1.);
#32=CYLINDRICAL_SURFACE('',#2856,2.70000000000001);
#33=CYLINDRICAL_SURFACE('',#2860,2.69999999999999);
#34=CYLINDRICAL_SURFACE('',#2864,2.70000000000001);
#35=CYLINDRICAL_SURFACE('',#2868,2.7);
#36=CYLINDRICAL_SURFACE('',#2873,3.05);
#37=CYLINDRICAL_SURFACE('',#2875,1.55000000000002);
#38=CYLINDRICAL_SURFACE('',#2877,1.55000000000001);
#39=CYLINDRICAL_SURFACE('',#2879,1.55000000000001);
#40=CYLINDRICAL_SURFACE('',#2881,1.55);
#41=CYLINDRICAL_SURFACE('',#2884,2.70000000000001);
#42=CYLINDRICAL_SURFACE('',#2889,2.69999999999999);
#43=CYLINDRICAL_SURFACE('',#2894,2.70000000000001);
#44=CYLINDRICAL_SURFACE('',#2899,2.7);
#45=CYLINDRICAL_SURFACE('',#2904,1.55000000000002);
#46=CYLINDRICAL_SURFACE('',#2905,1.55);
#47=CYLINDRICAL_SURFACE('',#2906,3.05);
#48=CYLINDRICAL_SURFACE('',#2908,1.55000000000001);
#49=CYLINDRICAL_SURFACE('',#2909,1.55000000000001);
#50=CYLINDRICAL_SURFACE('',#2911,2.05);
#51=CYLINDRICAL_SURFACE('',#2913,2.05);
#52=CYLINDRICAL_SURFACE('',#2918,1.8);
#53=CYLINDRICAL_SURFACE('',#2929,1.8);
#54=CYLINDRICAL_SURFACE('',#2930,1.3);
#55=CYLINDRICAL_SURFACE('',#2933,1.3);
#56=CYLINDRICAL_SURFACE('',#2937,1.8);
#57=CYLINDRICAL_SURFACE('',#2941,1.8);
#58=CYLINDRICAL_SURFACE('',#2945,1.3);
#59=CYLINDRICAL_SURFACE('',#2947,1.3);
#60=CONICAL_SURFACE('',#2762,15.,1.11518067358367);
#61=(
BOUNDED_CURVE()
B_SPLINE_CURVE(2,(#3791,#3792,#3793),.UNSPECIFIED.,.F.,.F.)
B_SPLINE_CURVE_WITH_KNOTS((3,3),(0.,0.176407124168531),.UNSPECIFIED.)
CURVE()
GEOMETRIC_REPRESENTATION_ITEM()
RATIONAL_B_SPLINE_CURVE((1.,1.00236186765942,1.))
REPRESENTATION_ITEM('')
);
#62=(
BOUNDED_CURVE()
B_SPLINE_CURVE(2,(#3797,#3798,#3799),.UNSPECIFIED.,.F.,.F.)
B_SPLINE_CURVE_WITH_KNOTS((3,3),(0.,0.176407124168531),.UNSPECIFIED.)
CURVE()
GEOMETRIC_REPRESENTATION_ITEM()
RATIONAL_B_SPLINE_CURVE((1.,1.0023618676644,1.))
REPRESENTATION_ITEM('')
);
#63=ELLIPSE('',#2760,11.9712848427109,11.8962348835727);
#64=FACE_BOUND('',#337,.T.);
#65=FACE_BOUND('',#338,.T.);
#66=FACE_BOUND('',#339,.T.);
#67=FACE_BOUND('',#340,.T.);
#68=FACE_BOUND('',#341,.T.);
#69=FACE_BOUND('',#355,.T.);
#70=FACE_BOUND('',#356,.T.);
#71=FACE_BOUND('',#357,.T.);
#72=FACE_BOUND('',#358,.T.);
#73=FACE_BOUND('',#359,.T.);
#74=FACE_BOUND('',#380,.T.);
#75=FACE_BOUND('',#381,.T.);
#76=FACE_BOUND('',#402,.T.);
#77=FACE_BOUND('',#403,.T.);
#78=FACE_BOUND('',#405,.T.);
#79=FACE_BOUND('',#406,.T.);
#80=FACE_BOUND('',#407,.T.);
#81=FACE_BOUND('',#411,.T.);
#82=FACE_BOUND('',#412,.T.);
#83=FACE_BOUND('',#433,.T.);
#84=FACE_BOUND('',#436,.T.);
#85=FACE_BOUND('',#439,.T.);
#86=FACE_BOUND('',#442,.T.);
#87=FACE_BOUND('',#450,.T.);
#88=FACE_BOUND('',#451,.T.);
#89=FACE_BOUND('',#452,.T.);
#90=FACE_BOUND('',#453,.T.);
#91=FACE_BOUND('',#454,.T.);
#92=FACE_BOUND('',#457,.T.);
#93=FACE_BOUND('',#460,.T.);
#94=FACE_BOUND('',#463,.T.);
#95=FACE_BOUND('',#466,.T.);
#96=FACE_BOUND('',#477,.T.);
#97=FACE_BOUND('',#480,.T.);
#98=FACE_BOUND('',#481,.T.);
#99=FACE_BOUND('',#486,.T.);
#100=FACE_BOUND('',#493,.T.);
#101=FACE_BOUND('',#496,.T.);
#102=FACE_BOUND('',#500,.T.);
#103=FACE_BOUND('',#501,.T.);
#104=FACE_BOUND('',#502,.T.);
#105=FACE_BOUND('',#503,.T.);
#106=FACE_BOUND('',#504,.T.);
#107=FACE_BOUND('',#505,.T.);
#108=FACE_BOUND('',#514,.T.);
#109=FACE_BOUND('',#519,.T.);
#110=CIRCLE('',#2743,12.);
#111=CIRCLE('',#2744,12.);
#112=CIRCLE('',#2745,1.55000000000002);
#113=CIRCLE('',#2746,1.55);
#114=CIRCLE('',#2747,3.05);
#115=CIRCLE('',#2748,1.55000000000001);
#116=CIRCLE('',#2749,1.55000000000001);
#117=CIRCLE('',#2751,1.);
#118=CIRCLE('',#2752,1.);
#119=CIRCLE('',#2757,1.);
#120=CIRCLE('',#2758,1.);
#121=CIRCLE('',#2763,12.);
#122=CIRCLE('',#2764,18.);
#123=CIRCLE('',#2765,12.);
#124=CIRCLE('',#2770,11.8660254037845);
#125=CIRCLE('',#2772,11.);
#126=CIRCLE('',#2773,11.);
#127=CIRCLE('',#2774,2.70000000000001);
#128=CIRCLE('',#2775,2.69999999999999);
#129=CIRCLE('',#2776,2.70000000000001);
#130=CIRCLE('',#2777,2.7);
#131=CIRCLE('',#2778,3.05);
#132=CIRCLE('',#2780,12.);
#133=CIRCLE('',#2781,0.999999999999139);
#134=CIRCLE('',#2783,1.);
#135=CIRCLE('',#2784,12.);
#136=CIRCLE('',#2786,12.);
#137=CIRCLE('',#2817,0.999999999999999);
#138=CIRCLE('',#2819,12.);
#139=CIRCLE('',#2820,1.);
#140=CIRCLE('',#2821,11.);
#141=CIRCLE('',#2828,1.8);
#142=CIRCLE('',#2829,1.8);
#143=CIRCLE('',#2831,2.05);
#144=CIRCLE('',#2832,2.05);
#145=CIRCLE('',#2836,1.8);
#146=CIRCLE('',#2837,1.8);
#147=CIRCLE('',#2857,2.70000000000001);
#148=CIRCLE('',#2859,1.55000000000002);
#149=CIRCLE('',#2861,2.69999999999999);
#150=CIRCLE('',#2863,1.55000000000001);
#151=CIRCLE('',#2865,2.70000000000001);
#152=CIRCLE('',#2867,1.55000000000001);
#153=CIRCLE('',#2869,2.7);
#154=CIRCLE('',#2871,1.55);
#155=CIRCLE('',#2874,3.05);
#156=CIRCLE('',#2876,1.55000000000002);
#157=CIRCLE('',#2878,1.55000000000001);
#158=CIRCLE('',#2880,1.55000000000001);
#159=CIRCLE('',#2882,1.55);
#160=CIRCLE('',#2885,2.70000000000001);
#161=CIRCLE('',#2886,2.70000000000001);
#162=CIRCLE('',#2888,1.55000000000001);
#163=CIRCLE('',#2890,2.69999999999999);
#164=CIRCLE('',#2891,2.69999999999999);
#165=CIRCLE('',#2893,1.55000000000001);
#166=CIRCLE('',#2895,2.70000000000001);
#167=CIRCLE('',#2896,2.70000000000001);
#168=CIRCLE('',#2898,1.55000000000002);
#169=CIRCLE('',#2900,2.7);
#170=CIRCLE('',#2901,2.7);
#171=CIRCLE('',#2903,1.55);
#172=CIRCLE('',#2907,3.05);
#173=CIRCLE('',#2915,1.8);
#174=CIRCLE('',#2916,1.8);
#175=CIRCLE('',#2917,1.3);
#176=CIRCLE('',#2919,1.8);
#177=CIRCLE('',#2920,1.8);
#178=CIRCLE('',#2925,1.3);
#179=CIRCLE('',#2926,1.3);
#180=CIRCLE('',#2928,1.3);
#181=CIRCLE('',#2931,1.3);
#182=CIRCLE('',#2932,1.3);
#183=CIRCLE('',#2934,1.3);
#184=CIRCLE('',#2935,1.3);
#185=CIRCLE('',#2938,1.8);
#186=CIRCLE('',#2940,1.3);
#187=CIRCLE('',#2942,1.8);
#188=CIRCLE('',#2944,1.3);
#189=CIRCLE('',#2946,1.3);
#190=CIRCLE('',#2948,1.3);
#191=FACE_OUTER_BOUND('',#333,.T.);
#192=FACE_OUTER_BOUND('',#334,.T.);
#193=FACE_OUTER_BOUND('',#335,.T.);
#194=FACE_OUTER_BOUND('',#336,.T.);
#195=FACE_OUTER_BOUND('',#342,.T.);
#196=FACE_OUTER_BOUND('',#343,.T.);
#197=FACE_OUTER_BOUND('',#344,.T.);
#198=FACE_OUTER_BOUND('',#345,.T.);
#199=FACE_OUTER_BOUND('',#346,.T.);
#200=FACE_OUTER_BOUND('',#347,.T.);
#201=FACE_OUTER_BOUND('',#348,.T.);
#202=FACE_OUTER_BOUND('',#349,.T.);
#203=FACE_OUTER_BOUND('',#350,.T.);
#204=FACE_OUTER_BOUND('',#351,.T.);
#205=FACE_OUTER_BOUND('',#352,.T.);
#206=FACE_OUTER_BOUND('',#353,.T.);
#207=FACE_OUTER_BOUND('',#354,.T.);
#208=FACE_OUTER_BOUND('',#360,.T.);
#209=FACE_OUTER_BOUND('',#361,.T.);
#210=FACE_OUTER_BOUND('',#362,.T.);
#211=FACE_OUTER_BOUND('',#363,.T.);
#212=FACE_OUTER_BOUND('',#364,.T.);
#213=FACE_OUTER_BOUND('',#365,.T.);
#214=FACE_OUTER_BOUND('',#366,.T.);
#215=FACE_OUTER_BOUND('',#367,.T.);
#216=FACE_OUTER_BOUND('',#368,.T.);
#217=FACE_OUTER_BOUND('',#369,.T.);
#218=FACE_OUTER_BOUND('',#370,.T.);
#219=FACE_OUTER_BOUND('',#371,.T.);
#220=FACE_OUTER_BOUND('',#372,.T.);
#221=FACE_OUTER_BOUND('',#373,.T.);
#222=FACE_OUTER_BOUND('',#374,.T.);
#223=FACE_OUTER_BOUND('',#375,.T.);
#224=FACE_OUTER_BOUND('',#376,.T.);
#225=FACE_OUTER_BOUND('',#377,.T.);
#226=FACE_OUTER_BOUND('',#378,.T.);
#227=FACE_OUTER_BOUND('',#379,.T.);
#228=FACE_OUTER_BOUND('',#382,.T.);
#229=FACE_OUTER_BOUND('',#383,.T.);
#230=FACE_OUTER_BOUND('',#384,.T.);
#231=FACE_OUTER_BOUND('',#385,.T.);
#232=FACE_OUTER_BOUND('',#386,.T.);
#233=FACE_OUTER_BOUND('',#387,.T.);
#234=FACE_OUTER_BOUND('',#388,.T.);
#235=FACE_OUTER_BOUND('',#389,.T.);
#236=FACE_OUTER_BOUND('',#390,.T.);
#237=FACE_OUTER_BOUND('',#391,.T.);
#238=FACE_OUTER_BOUND('',#392,.T.);
#239=FACE_OUTER_BOUND('',#393,.T.);
#240=FACE_OUTER_BOUND('',#394,.T.);
#241=FACE_OUTER_BOUND('',#395,.T.);
#242=FACE_OUTER_BOUND('',#396,.T.);
#243=FACE_OUTER_BOUND('',#397,.T.);
#244=FACE_OUTER_BOUND('',#398,.T.);
#245=FACE_OUTER_BOUND('',#399,.T.);
#246=FACE_OUTER_BOUND('',#400,.T.);
#247=FACE_OUTER_BOUND('',#401,.T.);
#248=FACE_OUTER_BOUND('',#404,.T.);
#249=FACE_OUTER_BOUND('',#408,.T.);
#250=FACE_OUTER_BOUND('',#409,.T.);
#251=FACE_OUTER_BOUND('',#410,.T.);
#252=FACE_OUTER_BOUND('',#413,.T.);
#253=FACE_OUTER_BOUND('',#414,.T.);
#254=FACE_OUTER_BOUND('',#415,.T.);
#255=FACE_OUTER_BOUND('',#416,.T.);
#256=FACE_OUTER_BOUND('',#417,.T.);
#257=FACE_OUTER_BOUND('',#418,.T.);
#258=FACE_OUTER_BOUND('',#419,.T.);
#259=FACE_OUTER_BOUND('',#420,.T.);
#260=FACE_OUTER_BOUND('',#421,.T.);
#261=FACE_OUTER_BOUND('',#422,.T.);
#262=FACE_OUTER_BOUND('',#423,.T.);
#263=FACE_OUTER_BOUND('',#424,.T.);
#264=FACE_OUTER_BOUND('',#425,.T.);
#265=FACE_OUTER_BOUND('',#426,.T.);
#266=FACE_OUTER_BOUND('',#427,.T.);
#267=FACE_OUTER_BOUND('',#428,.T.);
#268=FACE_OUTER_BOUND('',#429,.T.);
#269=FACE_OUTER_BOUND('',#430,.T.);
#270=FACE_OUTER_BOUND('',#431,.T.);
#271=FACE_OUTER_BOUND('',#432,.T.);
#272=FACE_OUTER_BOUND('',#434,.T.);
#273=FACE_OUTER_BOUND('',#435,.T.);
#274=FACE_OUTER_BOUND('',#437,.T.);
#275=FACE_OUTER_BOUND('',#438,.T.);
#276=FACE_OUTER_BOUND('',#440,.T.);
#277=FACE_OUTER_BOUND('',#441,.T.);
#278=FACE_OUTER_BOUND('',#443,.T.);
#279=FACE_OUTER_BOUND('',#444,.T.);
#280=FACE_OUTER_BOUND('',#445,.T.);
#281=FACE_OUTER_BOUND('',#446,.T.);
#282=FACE_OUTER_BOUND('',#447,.T.);
#283=FACE_OUTER_BOUND('',#448,.T.);
#284=FACE_OUTER_BOUND('',#449,.T.);
#285=FACE_OUTER_BOUND('',#455,.T.);
#286=FACE_OUTER_BOUND('',#456,.T.);
#287=FACE_OUTER_BOUND('',#458,.T.);
#288=FACE_OUTER_BOUND('',#459,.T.);
#289=FACE_OUTER_BOUND('',#461,.T.);
#290=FACE_OUTER_BOUND('',#462,.T.);
#291=FACE_OUTER_BOUND('',#464,.T.);
#292=FACE_OUTER_BOUND('',#465,.T.);
#293=FACE_OUTER_BOUND('',#467,.T.);
#294=FACE_OUTER_BOUND('',#468,.T.);
#295=FACE_OUTER_BOUND('',#469,.T.);
#296=FACE_OUTER_BOUND('',#470,.T.);
#297=FACE_OUTER_BOUND('',#471,.T.);
#298=FACE_OUTER_BOUND('',#472,.T.);
#299=FACE_OUTER_BOUND('',#473,.T.);
#300=FACE_OUTER_BOUND('',#474,.T.);
#301=FACE_OUTER_BOUND('',#475,.T.);
#302=FACE_OUTER_BOUND('',#476,.T.);
#303=FACE_OUTER_BOUND('',#478,.T.);
#304=FACE_OUTER_BOUND('',#479,.T.);
#305=FACE_OUTER_BOUND('',#482,.T.);
#306=FACE_OUTER_BOUND('',#483,.T.);
#307=FACE_OUTER_BOUND('',#484,.T.);
#308=FACE_OUTER_BOUND('',#485,.T.);
#309=FACE_OUTER_BOUND('',#487,.T.);
#310=FACE_OUTER_BOUND('',#488,.T.);
#311=FACE_OUTER_BOUND('',#489,.T.);
#312=FACE_OUTER_BOUND('',#490,.T.);
#313=FACE_OUTER_BOUND('',#491,.T.);
#314=FACE_OUTER_BOUND('',#492,.T.);
#315=FACE_OUTER_BOUND('',#494,.T.);
#316=FACE_OUTER_BOUND('',#495,.T.);
#317=FACE_OUTER_BOUND('',#497,.T.);
#318=FACE_OUTER_BOUND('',#498,.T.);
#319=FACE_OUTER_BOUND('',#499,.T.);
#320=FACE_OUTER_BOUND('',#506,.T.);
#321=FACE_OUTER_BOUND('',#507,.T.);
#322=FACE_OUTER_BOUND('',#508,.T.);
#323=FACE_OUTER_BOUND('',#509,.T.);
#324=FACE_OUTER_BOUND('',#510,.T.);
#325=FACE_OUTER_BOUND('',#511,.T.);
#326=FACE_OUTER_BOUND('',#512,.T.);
#327=FACE_OUTER_BOUND('',#513,.T.);
#328=FACE_OUTER_BOUND('',#515,.T.);
#329=FACE_OUTER_BOUND('',#516,.T.);
#330=FACE_OUTER_BOUND('',#517,.T.);
#331=FACE_OUTER_BOUND('',#518,.T.);
#332=FACE_OUTER_BOUND('',#520,.T.);
#333=EDGE_LOOP('',(#1725,#1726,#1727));
#334=EDGE_LOOP('',(#1728,#1729,#1730,#1731));
#335=EDGE_LOOP('',(#1732,#1733,#1734));
#336=EDGE_LOOP('',(#1735,#1736,#1737,#1738,#1739,#1740,#1741,#1742,#1743,
#1744));
#337=EDGE_LOOP('',(#1745));
#338=EDGE_LOOP('',(#1746));
#339=EDGE_LOOP('',(#1747));
#340=EDGE_LOOP('',(#1748));
#341=EDGE_LOOP('',(#1749));
#342=EDGE_LOOP('',(#1750,#1751,#1752,#1753,#1754,#1755));
#343=EDGE_LOOP('',(#1756,#1757,#1758));
#344=EDGE_LOOP('',(#1759,#1760,#1761,#1762));
#345=EDGE_LOOP('',(#1763,#1764,#1765));
#346=EDGE_LOOP('',(#1766,#1767,#1768,#1769,#1770,#1771,#1772,#1773,#1774,
#1775,#1776,#1777,#1778,#1779));
#347=EDGE_LOOP('',(#1780,#1781));
#348=EDGE_LOOP('',(#1782,#1783,#1784,#1785,#1786,#1787));
#349=EDGE_LOOP('',(#1788,#1789,#1790,#1791,#1792,#1793,#1794,#1795));
#350=EDGE_LOOP('',(#1796,#1797,#1798,#1799));
#351=EDGE_LOOP('',(#1800,#1801,#1802,#1803));
#352=EDGE_LOOP('',(#1804,#1805,#1806,#1807,#1808,#1809,#1810,#1811));
#353=EDGE_LOOP('',(#1812,#1813));
#354=EDGE_LOOP('',(#1814,#1815,#1816,#1817,#1818,#1819));
#355=EDGE_LOOP('',(#1820));
#356=EDGE_LOOP('',(#1821));
#357=EDGE_LOOP('',(#1822));
#358=EDGE_LOOP('',(#1823));
#359=EDGE_LOOP('',(#1824));
#360=EDGE_LOOP('',(#1825,#1826,#1827,#1828));
#361=EDGE_LOOP('',(#1829,#1830,#1831,#1832));
#362=EDGE_LOOP('',(#1833,#1834,#1835,#1836));
#363=EDGE_LOOP('',(#1837,#1838,#1839,#1840,#1841,#1842));
#364=EDGE_LOOP('',(#1843,#1844,#1845,#1846));
#365=EDGE_LOOP('',(#1847,#1848,#1849,#1850));
#366=EDGE_LOOP('',(#1851,#1852,#1853,#1854));
#367=EDGE_LOOP('',(#1855,#1856,#1857,#1858));
#368=EDGE_LOOP('',(#1859,#1860,#1861,#1862));
#369=EDGE_LOOP('',(#1863,#1864,#1865,#1866,#1867,#1868));
#370=EDGE_LOOP('',(#1869,#1870,#1871,#1872,#1873,#1874));
#371=EDGE_LOOP('',(#1875,#1876,#1877,#1878));
#372=EDGE_LOOP('',(#1879,#1880,#1881,#1882));
#373=EDGE_LOOP('',(#1883,#1884,#1885,#1886));
#374=EDGE_LOOP('',(#1887,#1888,#1889,#1890));
#375=EDGE_LOOP('',(#1891,#1892,#1893,#1894));
#376=EDGE_LOOP('',(#1895,#1896,#1897,#1898,#1899,#1900));
#377=EDGE_LOOP('',(#1901,#1902,#1903,#1904));
#378=EDGE_LOOP('',(#1905,#1906,#1907,#1908,#1909,#1910,#1911,#1912,#1913,
#1914,#1915,#1916,#1917,#1918,#1919,#1920,#1921,#1922,#1923,#1924,#1925,
#1926,#1927,#1928));
#379=EDGE_LOOP('',(#1929,#1930,#1931,#1932));
#380=EDGE_LOOP('',(#1933,#1934,#1935,#1936));
#381=EDGE_LOOP('',(#1937,#1938,#1939,#1940));
#382=EDGE_LOOP('',(#1941,#1942,#1943,#1944,#1945,#1946));
#383=EDGE_LOOP('',(#1947,#1948,#1949,#1950));
#384=EDGE_LOOP('',(#1951,#1952,#1953,#1954,#1955,#1956));
#385=EDGE_LOOP('',(#1957,#1958,#1959,#1960));
#386=EDGE_LOOP('',(#1961,#1962,#1963,#1964,#1965,#1966));
#387=EDGE_LOOP('',(#1967,#1968,#1969,#1970));
#388=EDGE_LOOP('',(#1971,#1972,#1973,#1974));
#389=EDGE_LOOP('',(#1975,#1976,#1977,#1978,#1979,#1980));
#390=EDGE_LOOP('',(#1981,#1982,#1983,#1984));
#391=EDGE_LOOP('',(#1985,#1986,#1987,#1988));
#392=EDGE_LOOP('',(#1989,#1990,#1991,#1992,#1993,#1994,#1995,#1996,#1997,
#1998));
#393=EDGE_LOOP('',(#1999,#2000,#2001,#2002));
#394=EDGE_LOOP('',(#2003,#2004,#2005,#2006));
#395=EDGE_LOOP('',(#2007,#2008,#2009,#2010,#2011,#2012,#2013,#2014));
#396=EDGE_LOOP('',(#2015,#2016,#2017,#2018));
#397=EDGE_LOOP('',(#2019,#2020,#2021,#2022,#2023,#2024,#2025,#2026,#2027,
#2028));
#398=EDGE_LOOP('',(#2029,#2030,#2031,#2032));
#399=EDGE_LOOP('',(#2033,#2034,#2035,#2036));
#400=EDGE_LOOP('',(#2037,#2038,#2039,#2040));
#401=EDGE_LOOP('',(#2041,#2042,#2043,#2044,#2045,#2046,#2047));
#402=EDGE_LOOP('',(#2048));
#403=EDGE_LOOP('',(#2049));
#404=EDGE_LOOP('',(#2050,#2051,#2052,#2053,#2054,#2055,#2056,#2057,#2058,
#2059));
#405=EDGE_LOOP('',(#2060,#2061,#2062));
#406=EDGE_LOOP('',(#2063,#2064,#2065));
#407=EDGE_LOOP('',(#2066,#2067,#2068));
#408=EDGE_LOOP('',(#2069,#2070,#2071,#2072));
#409=EDGE_LOOP('',(#2073,#2074,#2075,#2076));
#410=EDGE_LOOP('',(#2077,#2078,#2079,#2080,#2081,#2082,#2083));
#411=EDGE_LOOP('',(#2084));
#412=EDGE_LOOP('',(#2085));
#413=EDGE_LOOP('',(#2086,#2087,#2088,#2089,#2090,#2091));
#414=EDGE_LOOP('',(#2092,#2093,#2094,#2095,#2096,#2097));
#415=EDGE_LOOP('',(#2098,#2099,#2100,#2101));
#416=EDGE_LOOP('',(#2102,#2103,#2104,#2105));
#417=EDGE_LOOP('',(#2106,#2107,#2108,#2109));
#418=EDGE_LOOP('',(#2110,#2111,#2112,#2113));
#419=EDGE_LOOP('',(#2114,#2115,#2116,#2117));
#420=EDGE_LOOP('',(#2118,#2119,#2120,#2121,#2122,#2123));
#421=EDGE_LOOP('',(#2124,#2125,#2126,#2127,#2128,#2129));
#422=EDGE_LOOP('',(#2130,#2131,#2132,#2133));
#423=EDGE_LOOP('',(#2134,#2135,#2136,#2137));
#424=EDGE_LOOP('',(#2138,#2139,#2140,#2141));
#425=EDGE_LOOP('',(#2142,#2143,#2144,#2145));
#426=EDGE_LOOP('',(#2146,#2147,#2148,#2149));
#427=EDGE_LOOP('',(#2150,#2151,#2152,#2153,#2154,#2155));
#428=EDGE_LOOP('',(#2156,#2157,#2158,#2159,#2160));
#429=EDGE_LOOP('',(#2161,#2162,#2163,#2164,#2165));
#430=EDGE_LOOP('',(#2166,#2167,#2168,#2169,#2170,#2171,#2172,#2173));
#431=EDGE_LOOP('',(#2174,#2175,#2176,#2177));
#432=EDGE_LOOP('',(#2178));
#433=EDGE_LOOP('',(#2179));
#434=EDGE_LOOP('',(#2180,#2181,#2182,#2183));
#435=EDGE_LOOP('',(#2184));
#436=EDGE_LOOP('',(#2185));
#437=EDGE_LOOP('',(#2186,#2187,#2188,#2189));
#438=EDGE_LOOP('',(#2190));
#439=EDGE_LOOP('',(#2191));
#440=EDGE_LOOP('',(#2192,#2193,#2194,#2195));
#441=EDGE_LOOP('',(#2196));
#442=EDGE_LOOP('',(#2197));
#443=EDGE_LOOP('',(#2198,#2199,#2200,#2201,#2202,#2203,#2204,#2205,#2206,
#2207,#2208,#2209));
#444=EDGE_LOOP('',(#2210,#2211,#2212,#2213));
#445=EDGE_LOOP('',(#2214,#2215,#2216,#2217));
#446=EDGE_LOOP('',(#2218,#2219,#2220,#2221));
#447=EDGE_LOOP('',(#2222,#2223,#2224,#2225));
#448=EDGE_LOOP('',(#2226,#2227,#2228,#2229));
#449=EDGE_LOOP('',(#2230,#2231,#2232,#2233,#2234,#2235,#2236,#2237));
#450=EDGE_LOOP('',(#2238));
#451=EDGE_LOOP('',(#2239));
#452=EDGE_LOOP('',(#2240));
#453=EDGE_LOOP('',(#2241));
#454=EDGE_LOOP('',(#2242));
#455=EDGE_LOOP('',(#2243,#2244,#2245,#2246));
#456=EDGE_LOOP('',(#2247));
#457=EDGE_LOOP('',(#2248));
#458=EDGE_LOOP('',(#2249,#2250,#2251,#2252));
#459=EDGE_LOOP('',(#2253));
#460=EDGE_LOOP('',(#2254));
#461=EDGE_LOOP('',(#2255,#2256,#2257,#2258));
#462=EDGE_LOOP('',(#2259));
#463=EDGE_LOOP('',(#2260));
#464=EDGE_LOOP('',(#2261,#2262,#2263,#2264));
#465=EDGE_LOOP('',(#2265));
#466=EDGE_LOOP('',(#2266));
#467=EDGE_LOOP('',(#2267,#2268,#2269,#2270));
#468=EDGE_LOOP('',(#2271,#2272,#2273,#2274));
#469=EDGE_LOOP('',(#2275,#2276,#2277,#2278));
#470=EDGE_LOOP('',(#2279,#2280,#2281,#2282));
#471=EDGE_LOOP('',(#2283,#2284,#2285,#2286));
#472=EDGE_LOOP('',(#2287,#2288,#2289,#2290));
#473=EDGE_LOOP('',(#2291,#2292,#2293,#2294));
#474=EDGE_LOOP('',(#2295,#2296,#2297,#2298));
#475=EDGE_LOOP('',(#2299,#2300,#2301,#2302));
#476=EDGE_LOOP('',(#2303,#2304,#2305,#2306,#2307));
#477=EDGE_LOOP('',(#2308));
#478=EDGE_LOOP('',(#2309,#2310,#2311,#2312,#2313,#2314,#2315));
#479=EDGE_LOOP('',(#2316,#2317,#2318,#2319,#2320));
#480=EDGE_LOOP('',(#2321,#2322,#2323,#2324));
#481=EDGE_LOOP('',(#2325,#2326,#2327,#2328));
#482=EDGE_LOOP('',(#2329,#2330,#2331,#2332,#2333,#2334));
#483=EDGE_LOOP('',(#2335,#2336,#2337,#2338));
#484=EDGE_LOOP('',(#2339,#2340,#2341,#2342,#2343,#2344,#2345,#2346,#2347));
#485=EDGE_LOOP('',(#2348,#2349,#2350,#2351,#2352));
#486=EDGE_LOOP('',(#2353));
#487=EDGE_LOOP('',(#2354,#2355,#2356,#2357,#2358,#2359,#2360));
#488=EDGE_LOOP('',(#2361,#2362,#2363,#2364,#2365,#2366,#2367,#2368));
#489=EDGE_LOOP('',(#2369,#2370,#2371,#2372,#2373,#2374,#2375,#2376));
#490=EDGE_LOOP('',(#2377,#2378,#2379,#2380,#2381,#2382,#2383));
#491=EDGE_LOOP('',(#2384,#2385,#2386,#2387));
#492=EDGE_LOOP('',(#2388));
#493=EDGE_LOOP('',(#2389));
#494=EDGE_LOOP('',(#2390,#2391,#2392,#2393));
#495=EDGE_LOOP('',(#2394));
#496=EDGE_LOOP('',(#2395));
#497=EDGE_LOOP('',(#2396,#2397,#2398,#2399));
#498=EDGE_LOOP('',(#2400,#2401,#2402,#2403));
#499=EDGE_LOOP('',(#2404,#2405,#2406,#2407,#2408,#2409,#2410,#2411,#2412,
#2413,#2414,#2415));
#500=EDGE_LOOP('',(#2416));
#501=EDGE_LOOP('',(#2417,#2418,#2419));
#502=EDGE_LOOP('',(#2420));
#503=EDGE_LOOP('',(#2421));
#504=EDGE_LOOP('',(#2422));
#505=EDGE_LOOP('',(#2423));
#506=EDGE_LOOP('',(#2424,#2425,#2426,#2427));
#507=EDGE_LOOP('',(#2428,#2429,#2430,#2431));
#508=EDGE_LOOP('',(#2432,#2433,#2434,#2435));
#509=EDGE_LOOP('',(#2436,#2437,#2438,#2439,#2440,#2441,#2442));
#510=EDGE_LOOP('',(#2443,#2444,#2445,#2446));
#511=EDGE_LOOP('',(#2447,#2448,#2449,#2450));
#512=EDGE_LOOP('',(#2451,#2452,#2453,#2454));
#513=EDGE_LOOP('',(#2455,#2456,#2457,#2458));
#514=EDGE_LOOP('',(#2459));
#515=EDGE_LOOP('',(#2460,#2461,#2462,#2463));
#516=EDGE_LOOP('',(#2464,#2465,#2466,#2467));
#517=EDGE_LOOP('',(#2468,#2469,#2470,#2471));
#518=EDGE_LOOP('',(#2472,#2473,#2474,#2475));
#519=EDGE_LOOP('',(#2476));
#520=EDGE_LOOP('',(#2477,#2478,#2479,#2480));
#521=LINE('',#3705,#809);
#522=LINE('',#3707,#810);
#523=LINE('',#3708,#811);
#524=LINE('',#3711,#812);
#525=LINE('',#3713,#813);
#526=LINE('',#3714,#814);
#527=LINE('',#3717,#815);
#528=LINE('',#3718,#816);
#529=LINE('',#3721,#817);
#530=LINE('',#3723,#818);
#531=LINE('',#3727,#819);
#532=LINE('',#3731,#820);
#533=LINE('',#3732,#821);
#534=LINE('',#3746,#822);
#535=LINE('',#3748,#823);
#536=LINE('',#3752,#824);
#537=LINE('',#3755,#825);
#538=LINE('',#3759,#826);
#539=LINE('',#3761,#827);
#540=LINE('',#3762,#828);
#541=LINE('',#3765,#829);
#542=LINE('',#3767,#830);
#543=LINE('',#3768,#831);
#544=LINE('',#3771,#832);
#545=LINE('',#3772,#833);
#546=LINE('',#3775,#834);
#547=LINE('',#3778,#835);
#548=LINE('',#3780,#836);
#549=LINE('',#3783,#837);
#550=LINE('',#3788,#838);
#551=LINE('',#3794,#839);
#552=LINE('',#3796,#840);
#553=LINE('',#3804,#841);
#554=LINE('',#3808,#842);
#555=LINE('',#3811,#843);
#556=LINE('',#3813,#844);
#557=LINE('',#3826,#845);
#558=LINE('',#3837,#846);
#559=LINE('',#3850,#847);
#560=LINE('',#3862,#848);
#561=LINE('',#3867,#849);
#562=LINE('',#3871,#850);
#563=LINE('',#3893,#851);
#564=LINE('',#3897,#852);
#565=LINE('',#3899,#853);
#566=LINE('',#3901,#854);
#567=LINE('',#3903,#855);
#568=LINE('',#3905,#856);
#569=LINE('',#3906,#857);
#570=LINE('',#3909,#858);
#571=LINE('',#3911,#859);
#572=LINE('',#3912,#860);
#573=LINE('',#3915,#861);
#574=LINE('',#3916,#862);
#575=LINE('',#3919,#863);
#576=LINE('',#3920,#864);
#577=LINE('',#3923,#865);
#578=LINE('',#3924,#866);
#579=LINE('',#3927,#867);
#580=LINE('',#3928,#868);
#581=LINE('',#3930,#869);
#582=LINE('',#3934,#870);
#583=LINE('',#3936,#871);
#584=LINE('',#3938,#872);
#585=LINE('',#3940,#873);
#586=LINE('',#3942,#874);
#587=LINE('',#3943,#875);
#588=LINE('',#3947,#876);
#589=LINE('',#3948,#877);
#590=LINE('',#3949,#878);
#591=LINE('',#3952,#879);
#592=LINE('',#3953,#880);
#593=LINE('',#3956,#881);
#594=LINE('',#3957,#882);
#595=LINE('',#3960,#883);
#596=LINE('',#3961,#884);
#597=LINE('',#3964,#885);
#598=LINE('',#3965,#886);
#599=LINE('',#3967,#887);
#600=LINE('',#3971,#888);
#601=LINE('',#3973,#889);
#602=LINE('',#3975,#890);
#603=LINE('',#3976,#891);
#604=LINE('',#3980,#892);
#605=LINE('',#3982,#893);
#606=LINE('',#3984,#894);
#607=LINE('',#3986,#895);
#608=LINE('',#3988,#896);
#609=LINE('',#3990,#897);
#610=LINE('',#3992,#898);
#611=LINE('',#3994,#899);
#612=LINE('',#3996,#900);
#613=LINE('',#3998,#901);
#614=LINE('',#4000,#902);
#615=LINE('',#4002,#903);
#616=LINE('',#4004,#904);
#617=LINE('',#4006,#905);
#618=LINE('',#4008,#906);
#619=LINE('',#4010,#907);
#620=LINE('',#4012,#908);
#621=LINE('',#4013,#909);
#622=LINE('',#4015,#910);
#623=LINE('',#4017,#911);
#624=LINE('',#4019,#912);
#625=LINE('',#4021,#913);
#626=LINE('',#4022,#914);
#627=LINE('',#4025,#915);
#628=LINE('',#4026,#916);
#629=LINE('',#4029,#917);
#630=LINE('',#4031,#918);
#631=LINE('',#4033,#919);
#632=LINE('',#4034,#920);
#633=LINE('',#4037,#921);
#634=LINE('',#4039,#922);
#635=LINE('',#4041,#923);
#636=LINE('',#4042,#924);
#637=LINE('',#4046,#925);
#638=LINE('',#4047,#926);
#639=LINE('',#4049,#927);
#640=LINE('',#4051,#928);
#641=LINE('',#4052,#929);
#642=LINE('',#4055,#930);
#643=LINE('',#4056,#931);
#644=LINE('',#4060,#932);
#645=LINE('',#4062,#933);
#646=LINE('',#4064,#934);
#647=LINE('',#4065,#935);
#648=LINE('',#4066,#936);
#649=LINE('',#4069,#937);
#650=LINE('',#4070,#938);
#651=LINE('',#4074,#939);
#652=LINE('',#4076,#940);
#653=LINE('',#4077,#941);
#654=LINE('',#4079,#942);
#655=LINE('',#4080,#943);
#656=LINE('',#4082,#944);
#657=LINE('',#4085,#945);
#658=LINE('',#4086,#946);
#659=LINE('',#4089,#947);
#660=LINE('',#4091,#948);
#661=LINE('',#4093,#949);
#662=LINE('',#4095,#950);
#663=LINE('',#4096,#951);
#664=LINE('',#4099,#952);
#665=LINE('',#4100,#953);
#666=LINE('',#4103,#954);
#667=LINE('',#4105,#955);
#668=LINE('',#4106,#956);
#669=LINE('',#4108,#957);
#670=LINE('',#4109,#958);
#671=LINE('',#4110,#959);
#672=LINE('',#4111,#960);
#673=LINE('',#4114,#961);
#674=LINE('',#4116,#962);
#675=LINE('',#4117,#963);
#676=LINE('',#4121,#964);
#677=LINE('',#4129,#965);
#678=LINE('',#4130,#966);
#679=LINE('',#4132,#967);
#680=LINE('',#4133,#968);
#681=LINE('',#4134,#969);
#682=LINE('',#4135,#970);
#683=LINE('',#4141,#971);
#684=LINE('',#4143,#972);
#685=LINE('',#4145,#973);
#686=LINE('',#4146,#974);
#687=LINE('',#4153,#975);
#688=LINE('',#4154,#976);
#689=LINE('',#4155,#977);
#690=LINE('',#4156,#978);
#691=LINE('',#4159,#979);
#692=LINE('',#4161,#980);
#693=LINE('',#4162,#981);
#694=LINE('',#4167,#982);
#695=LINE('',#4168,#983);
#696=LINE('',#4173,#984);
#697=LINE('',#4174,#985);
#698=LINE('',#4177,#986);
#699=LINE('',#4178,#987);
#700=LINE('',#4180,#988);
#701=LINE('',#4183,#989);
#702=LINE('',#4184,#990);
#703=LINE('',#4191,#991);
#704=LINE('',#4193,#992);
#705=LINE('',#4195,#993);
#706=LINE('',#4196,#994);
#707=LINE('',#4199,#995);
#708=LINE('',#4201,#996);
#709=LINE('',#4203,#997);
#710=LINE('',#4205,#998);
#711=LINE('',#4206,#999);
#712=LINE('',#4209,#1000);
#713=LINE('',#4210,#1001);
#714=LINE('',#4213,#1002);
#715=LINE('',#4214,#1003);
#716=LINE('',#4217,#1004);
#717=LINE('',#4218,#1005);
#718=LINE('',#4221,#1006);
#719=LINE('',#4222,#1007);
#720=LINE('',#4224,#1008);
#721=LINE('',#4228,#1009);
#722=LINE('',#4230,#1010);
#723=LINE('',#4232,#1011);
#724=LINE('',#4234,#1012);
#725=LINE('',#4235,#1013);
#726=LINE('',#4238,#1014);
#727=LINE('',#4239,#1015);
#728=LINE('',#4242,#1016);
#729=LINE('',#4243,#1017);
#730=LINE('',#4246,#1018);
#731=LINE('',#4247,#1019);
#732=LINE('',#4250,#1020);
#733=LINE('',#4251,#1021);
#734=LINE('',#4253,#1022);
#735=LINE('',#4258,#1023);
#736=LINE('',#4261,#1024);
#737=LINE('',#4268,#1025);
#738=LINE('',#4275,#1026);
#739=LINE('',#4282,#1027);
#740=LINE('',#4290,#1028);
#741=LINE('',#4294,#1029);
#742=LINE('',#4298,#1030);
#743=LINE('',#4302,#1031);
#744=LINE('',#4306,#1032);
#745=LINE('',#4313,#1033);
#746=LINE('',#4322,#1034);
#747=LINE('',#4331,#1035);
#748=LINE('',#4340,#1036);
#749=LINE('',#4346,#1037);
#750=LINE('',#4348,#1038);
#751=LINE('',#4352,#1039);
#752=LINE('',#4354,#1040);
#753=LINE('',#4356,#1041);
#754=LINE('',#4359,#1042);
#755=LINE('',#4361,#1043);
#756=LINE('',#4362,#1044);
#757=LINE('',#4365,#1045);
#758=LINE('',#4374,#1046);
#759=LINE('',#4376,#1047);
#760=LINE('',#4377,#1048);
#761=LINE('',#4380,#1049);
#762=LINE('',#4395,#1050);
#763=LINE('',#4399,#1051);
#764=LINE('',#4402,#1052);
#765=LINE('',#4404,#1053);
#766=LINE('',#4405,#1054);
#767=LINE('',#4408,#1055);
#768=LINE('',#4410,#1056);
#769=LINE('',#4411,#1057);
#770=LINE('',#4416,#1058);
#771=LINE('',#4418,#1059);
#772=LINE('',#4420,#1060);
#773=LINE('',#4426,#1061);
#774=LINE('',#4430,#1062);
#775=LINE('',#4433,#1063);
#776=LINE('',#4438,#1064);
#777=LINE('',#4440,#1065);
#778=LINE('',#4443,#1066);
#779=LINE('',#4445,#1067);
#780=LINE('',#4446,#1068);
#781=LINE('',#4449,#1069);
#782=LINE('',#4456,#1070);
#783=LINE('',#4463,#1071);
#784=LINE('',#4467,#1072);
#785=LINE('',#4472,#1073);
#786=LINE('',#4473,#1074);
#787=LINE('',#4474,#1075);
#788=LINE('',#4476,#1076);
#789=LINE('',#4478,#1077);
#790=LINE('',#4480,#1078);
#791=LINE('',#4482,#1079);
#792=LINE('',#4484,#1080);
#793=LINE('',#4486,#1081);
#794=LINE('',#4487,#1082);
#795=LINE('',#4490,#1083);
#796=LINE('',#4492,#1084);
#797=LINE('',#4493,#1085);
#798=LINE('',#4495,#1086);
#799=LINE('',#4496,#1087);
#800=LINE('',#4498,#1088);
#801=LINE('',#4501,#1089);
#802=LINE('',#4502,#1090);
#803=LINE('',#4506,#1091);
#804=LINE('',#4508,#1092);
#805=LINE('',#4510,#1093);
#806=LINE('',#4512,#1094);
#807=LINE('',#4514,#1095);
#808=LINE('',#4516,#1096);
#809=VECTOR('',#2967,10.);
#810=VECTOR('',#2968,10.);
#811=VECTOR('',#2969,10.);
#812=VECTOR('',#2972,10.);
#813=VECTOR('',#2973,10.);
#814=VECTOR('',#2974,10.);
#815=VECTOR('',#2977,10.);
#816=VECTOR('',#2978,10.);
#817=VECTOR('',#2981,10.);
#818=VECTOR('',#2982,10.);
#819=VECTOR('',#2985,10.);
#820=VECTOR('',#2988,10.);
#821=VECTOR('',#2989,10.);
#822=VECTOR('',#3002,10.);
#823=VECTOR('',#3003,10.);
#824=VECTOR('',#3006,10.);
#825=VECTOR('',#3009,10.);
#826=VECTOR('',#3012,10.);
#827=VECTOR('',#3013,10.);
#828=VECTOR('',#3014,10.);
#829=VECTOR('',#3017,10.);
#830=VECTOR('',#3018,10.);
#831=VECTOR('',#3019,10.);
#832=VECTOR('',#3022,10.);
#833=VECTOR('',#3023,10.);
#834=VECTOR('',#3026,10.);
#835=VECTOR('',#3029,10.);
#836=VECTOR('',#3030,10.);
#837=VECTOR('',#3033,10.);
#838=VECTOR('',#3038,10.);
#839=VECTOR('',#3041,10.);
#840=VECTOR('',#3042,10.);
#841=VECTOR('',#3047,10.);
#842=VECTOR('',#3050,10.);
#843=VECTOR('',#3055,10.);
#844=VECTOR('',#3058,10.);
#845=VECTOR('',#3061,10.);
#846=VECTOR('',#3062,10.);
#847=VECTOR('',#3063,10.);
#848=VECTOR('',#3064,10.);
#849=VECTOR('',#3071,10.);
#850=VECTOR('',#3076,10.);
#851=VECTOR('',#3103,10.);
#852=VECTOR('',#3106,10.);
#853=VECTOR('',#3107,10.);
#854=VECTOR('',#3108,10.);
#855=VECTOR('',#3109,10.);
#856=VECTOR('',#3110,10.);
#857=VECTOR('',#3111,10.);
#858=VECTOR('',#3114,10.);
#859=VECTOR('',#3115,10.);
#860=VECTOR('',#3116,10.);
#861=VECTOR('',#3119,10.);
#862=VECTOR('',#3120,10.);
#863=VECTOR('',#3123,10.);
#864=VECTOR('',#3124,10.);
#865=VECTOR('',#3127,10.);
#866=VECTOR('',#3128,10.);
#867=VECTOR('',#3131,10.);
#868=VECTOR('',#3132,10.);
#869=VECTOR('',#3135,10.);
#870=VECTOR('',#3138,10.);
#871=VECTOR('',#3139,10.);
#872=VECTOR('',#3140,10.);
#873=VECTOR('',#3141,10.);
#874=VECTOR('',#3142,10.);
#875=VECTOR('',#3143,10.);
#876=VECTOR('',#3146,10.);
#877=VECTOR('',#3147,10.);
#878=VECTOR('',#3148,10.);
#879=VECTOR('',#3151,10.);
#880=VECTOR('',#3152,10.);
#881=VECTOR('',#3155,10.);
#882=VECTOR('',#3156,10.);
#883=VECTOR('',#3159,10.);
#884=VECTOR('',#3160,10.);
#885=VECTOR('',#3163,10.);
#886=VECTOR('',#3164,10.);
#887=VECTOR('',#3167,10.);
#888=VECTOR('',#3170,10.);
#889=VECTOR('',#3171,10.);
#890=VECTOR('',#3172,10.);
#891=VECTOR('',#3173,10.);
#892=VECTOR('',#3176,10.);
#893=VECTOR('',#3177,10.);
#894=VECTOR('',#3178,10.);
#895=VECTOR('',#3179,10.);
#896=VECTOR('',#3180,10.);
#897=VECTOR('',#3181,10.);
#898=VECTOR('',#3182,10.);
#899=VECTOR('',#3183,10.);
#900=VECTOR('',#3184,10.);
#901=VECTOR('',#3185,10.);
#902=VECTOR('',#3186,10.);
#903=VECTOR('',#3187,10.);
#904=VECTOR('',#3188,10.);
#905=VECTOR('',#3189,10.);
#906=VECTOR('',#3190,10.);
#907=VECTOR('',#3191,10.);
#908=VECTOR('',#3192,10.);
#909=VECTOR('',#3193,10.);
#910=VECTOR('',#3194,10.);
#911=VECTOR('',#3195,10.);
#912=VECTOR('',#3196,10.);
#913=VECTOR('',#3197,10.);
#914=VECTOR('',#3198,10.);
#915=VECTOR('',#3201,10.);
#916=VECTOR('',#3202,10.);
#917=VECTOR('',#3203,10.);
#918=VECTOR('',#3204,10.);
#919=VECTOR('',#3205,10.);
#920=VECTOR('',#3206,10.);
#921=VECTOR('',#3207,10.);
#922=VECTOR('',#3208,10.);
#923=VECTOR('',#3209,10.);
#924=VECTOR('',#3210,10.);
#925=VECTOR('',#3213,10.);
#926=VECTOR('',#3214,10.);
#927=VECTOR('',#3215,10.);
#928=VECTOR('',#3216,10.);
#929=VECTOR('',#3217,10.);
#930=VECTOR('',#3220,10.);
#931=VECTOR('',#3221,10.);
#932=VECTOR('',#3224,10.);
#933=VECTOR('',#3225,10.);
#934=VECTOR('',#3226,10.);
#935=VECTOR('',#3227,10.);
#936=VECTOR('',#3228,10.);
#937=VECTOR('',#3231,10.);
#938=VECTOR('',#3232,10.);
#939=VECTOR('',#3235,10.);
#940=VECTOR('',#3236,10.);
#941=VECTOR('',#3237,10.);
#942=VECTOR('',#3238,10.);
#943=VECTOR('',#3239,10.);
#944=VECTOR('',#3242,10.);
#945=VECTOR('',#3245,10.);
#946=VECTOR('',#3246,10.);
#947=VECTOR('',#3249,10.);
#948=VECTOR('',#3250,10.);
#949=VECTOR('',#3251,10.);
#950=VECTOR('',#3252,10.);
#951=VECTOR('',#3253,10.);
#952=VECTOR('',#3256,10.);
#953=VECTOR('',#3257,10.);
#954=VECTOR('',#3260,10.);
#955=VECTOR('',#3261,10.);
#956=VECTOR('',#3262,10.);
#957=VECTOR('',#3265,10.);
#958=VECTOR('',#3266,10.);
#959=VECTOR('',#3267,10.);
#960=VECTOR('',#3268,10.);
#961=VECTOR('',#3271,10.);
#962=VECTOR('',#3272,10.);
#963=VECTOR('',#3273,10.);
#964=VECTOR('',#3278,10.);
#965=VECTOR('',#3289,10.);
#966=VECTOR('',#3290,10.);
#967=VECTOR('',#3293,10.);
#968=VECTOR('',#3294,10.);
#969=VECTOR('',#3295,10.);
#970=VECTOR('',#3296,10.);
#971=VECTOR('',#3305,10.);
#972=VECTOR('',#3306,10.);
#973=VECTOR('',#3307,10.);
#974=VECTOR('',#3308,10.);
#975=VECTOR('',#3315,10.);
#976=VECTOR('',#3316,10.);
#977=VECTOR('',#3317,10.);
#978=VECTOR('',#3318,10.);
#979=VECTOR('',#3319,10.);
#980=VECTOR('',#3320,10.);
#981=VECTOR('',#3321,10.);
#982=VECTOR('',#3324,10.);
#983=VECTOR('',#3325,10.);
#984=VECTOR('',#3328,10.);
#985=VECTOR('',#3329,10.);
#986=VECTOR('',#3332,10.);
#987=VECTOR('',#3333,10.);
#988=VECTOR('',#3336,10.);
#989=VECTOR('',#3339,10.);
#990=VECTOR('',#3340,10.);
#991=VECTOR('',#3347,10.);
#992=VECTOR('',#3348,10.);
#993=VECTOR('',#3349,10.);
#994=VECTOR('',#3350,10.);
#995=VECTOR('',#3353,10.);
#996=VECTOR('',#3354,10.);
#997=VECTOR('',#3355,10.);
#998=VECTOR('',#3356,10.);
#999=VECTOR('',#3357,10.);
#1000=VECTOR('',#3360,10.);
#1001=VECTOR('',#3361,10.);
#1002=VECTOR('',#3364,10.);
#1003=VECTOR('',#3365,10.);
#1004=VECTOR('',#3368,10.);
#1005=VECTOR('',#3369,10.);
#1006=VECTOR('',#3372,10.);
#1007=VECTOR('',#3373,10.);
#1008=VECTOR('',#3376,10.);
#1009=VECTOR('',#3381,10.);
#1010=VECTOR('',#3382,10.);
#1011=VECTOR('',#3383,10.);
#1012=VECTOR('',#3384,10.);
#1013=VECTOR('',#3385,10.);
#1014=VECTOR('',#3388,10.);
#1015=VECTOR('',#3389,10.);
#1016=VECTOR('',#3392,10.);
#1017=VECTOR('',#3393,10.);
#1018=VECTOR('',#3396,10.);
#1019=VECTOR('',#3397,10.);
#1020=VECTOR('',#3400,10.);
#1021=VECTOR('',#3401,10.);
#1022=VECTOR('',#3404,10.);
#1023=VECTOR('',#3413,10.);
#1024=VECTOR('',#3416,2.70000000000001);
#1025=VECTOR('',#3425,2.69999999999999);
#1026=VECTOR('',#3434,2.70000000000001);
#1027=VECTOR('',#3443,2.7);
#1028=VECTOR('',#3454,3.05);
#1029=VECTOR('',#3459,1.55000000000002);
#1030=VECTOR('',#3464,1.55000000000001);
#1031=VECTOR('',#3469,1.55000000000001);
#1032=VECTOR('',#3474,1.55);
#1033=VECTOR('',#3483,2.70000000000001);
#1034=VECTOR('',#3494,2.69999999999999);
#1035=VECTOR('',#3505,2.70000000000001);
#1036=VECTOR('',#3516,2.7);
#1037=VECTOR('',#3525,1.55000000000002);
#1038=VECTOR('',#3528,1.55);
#1039=VECTOR('',#3533,3.05);
#1040=VECTOR('',#3536,1.55000000000001);
#1041=VECTOR('',#3539,1.55000000000001);
#1042=VECTOR('',#3542,10.);
#1043=VECTOR('',#3543,10.);
#1044=VECTOR('',#3544,10.);
#1045=VECTOR('',#3547,10.);
#1046=VECTOR('',#3550,10.);
#1047=VECTOR('',#3551,10.);
#1048=VECTOR('',#3552,10.);
#1049=VECTOR('',#3555,10.);
#1050=VECTOR('',#3566,1.8);
#1051=VECTOR('',#3573,10.);
#1052=VECTOR('',#3576,10.);
#1053=VECTOR('',#3577,10.);
#1054=VECTOR('',#3578,10.);
#1055=VECTOR('',#3581,10.);
#1056=VECTOR('',#3582,10.);
#1057=VECTOR('',#3583,10.);
#1058=VECTOR('',#3588,10.);
#1059=VECTOR('',#3589,10.);
#1060=VECTOR('',#3590,10.);
#1061=VECTOR('',#3599,1.8);
#1062=VECTOR('',#3604,1.3);
#1063=VECTOR('',#3607,10.);
#1064=VECTOR('',#3612,10.);
#1065=VECTOR('',#3615,1.3);
#1066=VECTOR('',#3618,10.);
#1067=VECTOR('',#3619,10.);
#1068=VECTOR('',#3620,10.);
#1069=VECTOR('',#3623,1.8);
#1070=VECTOR('',#3632,1.8);
#1071=VECTOR('',#3641,1.3);
#1072=VECTOR('',#3646,1.3);
#1073=VECTOR('',#3651,10.);
#1074=VECTOR('',#3652,10.);
#1075=VECTOR('',#3653,10.);
#1076=VECTOR('',#3654,10.);
#1077=VECTOR('',#3655,10.);
#1078=VECTOR('',#3656,10.);
#1079=VECTOR('',#3657,10.);
#1080=VECTOR('',#3658,10.);
#1081=VECTOR('',#3659,10.);
#1082=VECTOR('',#3660,10.);
#1083=VECTOR('',#3661,10.);
#1084=VECTOR('',#3662,10.);
#1085=VECTOR('',#3663,10.);
#1086=VECTOR('',#3666,10.);
#1087=VECTOR('',#3667,10.);
#1088=VECTOR('',#3670,10.);
#1089=VECTOR('',#3675,10.);
#1090=VECTOR('',#3676,10.);
#1091=VECTOR('',#3683,10.);
#1092=VECTOR('',#3686,10.);
#1093=VECTOR('',#3689,10.);
#1094=VECTOR('',#3692,10.);
#1095=VECTOR('',#3695,10.);
#1096=VECTOR('',#3698,10.);
#1097=VERTEX_POINT('',#3703);
#1098=VERTEX_POINT('',#3704);
#1099=VERTEX_POINT('',#3706);
#1100=VERTEX_POINT('',#3710);
#1101=VERTEX_POINT('',#3712);
#1102=VERTEX_POINT('',#3716);
#1103=VERTEX_POINT('',#3720);
#1104=VERTEX_POINT('',#3722);
#1105=VERTEX_POINT('',#3724);
#1106=VERTEX_POINT('',#3726);
#1107=VERTEX_POINT('',#3728);
#1108=VERTEX_POINT('',#3730);
#1109=VERTEX_POINT('',#3733);
#1110=VERTEX_POINT('',#3735);
#1111=VERTEX_POINT('',#3737);
#1112=VERTEX_POINT('',#3739);
#1113=VERTEX_POINT('',#3741);
#1114=VERTEX_POINT('',#3744);
#1115=VERTEX_POINT('',#3745);
#1116=VERTEX_POINT('',#3747);
#1117=VERTEX_POINT('',#3749);
#1118=VERTEX_POINT('',#3751);
#1119=VERTEX_POINT('',#3753);
#1120=VERTEX_POINT('',#3757);
#1121=VERTEX_POINT('',#3758);
#1122=VERTEX_POINT('',#3760);
#1123=VERTEX_POINT('',#3764);
#1124=VERTEX_POINT('',#3766);
#1125=VERTEX_POINT('',#3770);
#1126=VERTEX_POINT('',#3774);
#1127=VERTEX_POINT('',#3776);
#1128=VERTEX_POINT('',#3779);
#1129=VERTEX_POINT('',#3781);
#1130=VERTEX_POINT('',#3785);
#1131=VERTEX_POINT('',#3786);
#1132=VERTEX_POINT('',#3790);
#1133=VERTEX_POINT('',#3795);
#1134=VERTEX_POINT('',#3801);
#1135=VERTEX_POINT('',#3803);
#1136=VERTEX_POINT('',#3805);
#1137=VERTEX_POINT('',#3807);
#1138=VERTEX_POINT('',#3815);
#1139=VERTEX_POINT('',#3816);
#1140=VERTEX_POINT('',#3825);
#1141=VERTEX_POINT('',#3827);
#1142=VERTEX_POINT('',#3836);
#1143=VERTEX_POINT('',#3838);
#1144=VERTEX_POINT('',#3849);
#1145=VERTEX_POINT('',#3851);
#1146=VERTEX_POINT('',#3866);
#1147=VERTEX_POINT('',#3869);
#1148=VERTEX_POINT('',#3872);
#1149=VERTEX_POINT('',#3874);
#1150=VERTEX_POINT('',#3876);
#1151=VERTEX_POINT('',#3878);
#1152=VERTEX_POINT('',#3880);
#1153=VERTEX_POINT('',#3883);
#1154=VERTEX_POINT('',#3887);
#1155=VERTEX_POINT('',#3891);
#1156=VERTEX_POINT('',#3895);
#1157=VERTEX_POINT('',#3896);
#1158=VERTEX_POINT('',#3898);
#1159=VERTEX_POINT('',#3900);
#1160=VERTEX_POINT('',#3902);
#1161=VERTEX_POINT('',#3904);
#1162=VERTEX_POINT('',#3908);
#1163=VERTEX_POINT('',#3910);
#1164=VERTEX_POINT('',#3914);
#1165=VERTEX_POINT('',#3918);
#1166=VERTEX_POINT('',#3922);
#1167=VERTEX_POINT('',#3926);
#1168=VERTEX_POINT('',#3932);
#1169=VERTEX_POINT('',#3933);
#1170=VERTEX_POINT('',#3935);
#1171=VERTEX_POINT('',#3937);
#1172=VERTEX_POINT('',#3939);
#1173=VERTEX_POINT('',#3941);
#1174=VERTEX_POINT('',#3945);
#1175=VERTEX_POINT('',#3946);
#1176=VERTEX_POINT('',#3951);
#1177=VERTEX_POINT('',#3955);
#1178=VERTEX_POINT('',#3959);
#1179=VERTEX_POINT('',#3963);
#1180=VERTEX_POINT('',#3969);
#1181=VERTEX_POINT('',#3970);
#1182=VERTEX_POINT('',#3972);
#1183=VERTEX_POINT('',#3974);
#1184=VERTEX_POINT('',#3978);
#1185=VERTEX_POINT('',#3979);
#1186=VERTEX_POINT('',#3981);
#1187=VERTEX_POINT('',#3983);
#1188=VERTEX_POINT('',#3985);
#1189=VERTEX_POINT('',#3987);
#1190=VERTEX_POINT('',#3989);
#1191=VERTEX_POINT('',#3991);
#1192=VERTEX_POINT('',#3993);
#1193=VERTEX_POINT('',#3995);
#1194=VERTEX_POINT('',#3997);
#1195=VERTEX_POINT('',#3999);
#1196=VERTEX_POINT('',#4001);
#1197=VERTEX_POINT('',#4003);
#1198=VERTEX_POINT('',#4005);
#1199=VERTEX_POINT('',#4007);
#1200=VERTEX_POINT('',#4009);
#1201=VERTEX_POINT('',#4011);
#1202=VERTEX_POINT('',#4014);
#1203=VERTEX_POINT('',#4016);
#1204=VERTEX_POINT('',#4018);
#1205=VERTEX_POINT('',#4020);
#1206=VERTEX_POINT('',#4024);
#1207=VERTEX_POINT('',#4027);
#1208=VERTEX_POINT('',#4028);
#1209=VERTEX_POINT('',#4030);
#1210=VERTEX_POINT('',#4032);
#1211=VERTEX_POINT('',#4035);
#1212=VERTEX_POINT('',#4036);
#1213=VERTEX_POINT('',#4038);
#1214=VERTEX_POINT('',#4040);
#1215=VERTEX_POINT('',#4044);
#1216=VERTEX_POINT('',#4045);
#1217=VERTEX_POINT('',#4048);
#1218=VERTEX_POINT('',#4050);
#1219=VERTEX_POINT('',#4054);
#1220=VERTEX_POINT('',#4058);
#1221=VERTEX_POINT('',#4059);
#1222=VERTEX_POINT('',#4061);
#1223=VERTEX_POINT('',#4063);
#1224=VERTEX_POINT('',#4068);
#1225=VERTEX_POINT('',#4072);
#1226=VERTEX_POINT('',#4073);
#1227=VERTEX_POINT('',#4075);
#1228=VERTEX_POINT('',#4078);
#1229=VERTEX_POINT('',#4084);
#1230=VERTEX_POINT('',#4088);
#1231=VERTEX_POINT('',#4090);
#1232=VERTEX_POINT('',#4092);
#1233=VERTEX_POINT('',#4094);
#1234=VERTEX_POINT('',#4098);
#1235=VERTEX_POINT('',#4102);
#1236=VERTEX_POINT('',#4104);
#1237=VERTEX_POINT('',#4113);
#1238=VERTEX_POINT('',#4115);
#1239=VERTEX_POINT('',#4119);
#1240=VERTEX_POINT('',#4123);
#1241=VERTEX_POINT('',#4125);
#1242=VERTEX_POINT('',#4140);
#1243=VERTEX_POINT('',#4142);
#1244=VERTEX_POINT('',#4144);
#1245=VERTEX_POINT('',#4147);
#1246=VERTEX_POINT('',#4149);
#1247=VERTEX_POINT('',#4152);
#1248=VERTEX_POINT('',#4157);
#1249=VERTEX_POINT('',#4158);
#1250=VERTEX_POINT('',#4160);
#1251=VERTEX_POINT('',#4163);
#1252=VERTEX_POINT('',#4164);
#1253=VERTEX_POINT('',#4166);
#1254=VERTEX_POINT('',#4169);
#1255=VERTEX_POINT('',#4170);
#1256=VERTEX_POINT('',#4172);
#1257=VERTEX_POINT('',#4176);
#1258=VERTEX_POINT('',#4182);
#1259=VERTEX_POINT('',#4185);
#1260=VERTEX_POINT('',#4187);
#1261=VERTEX_POINT('',#4190);
#1262=VERTEX_POINT('',#4192);
#1263=VERTEX_POINT('',#4194);
#1264=VERTEX_POINT('',#4198);
#1265=VERTEX_POINT('',#4200);
#1266=VERTEX_POINT('',#4202);
#1267=VERTEX_POINT('',#4204);
#1268=VERTEX_POINT('',#4208);
#1269=VERTEX_POINT('',#4212);
#1270=VERTEX_POINT('',#4216);
#1271=VERTEX_POINT('',#4220);
#1272=VERTEX_POINT('',#4227);
#1273=VERTEX_POINT('',#4229);
#1274=VERTEX_POINT('',#4231);
#1275=VERTEX_POINT('',#4233);
#1276=VERTEX_POINT('',#4237);
#1277=VERTEX_POINT('',#4241);
#1278=VERTEX_POINT('',#4245);
#1279=VERTEX_POINT('',#4249);
#1280=VERTEX_POINT('',#4260);
#1281=VERTEX_POINT('',#4264);
#1282=VERTEX_POINT('',#4267);
#1283=VERTEX_POINT('',#4271);
#1284=VERTEX_POINT('',#4274);
#1285=VERTEX_POINT('',#4278);
#1286=VERTEX_POINT('',#4281);
#1287=VERTEX_POINT('',#4285);
#1288=VERTEX_POINT('',#4289);
#1289=VERTEX_POINT('',#4293);
#1290=VERTEX_POINT('',#4297);
#1291=VERTEX_POINT('',#4301);
#1292=VERTEX_POINT('',#4305);
#1293=VERTEX_POINT('',#4310);
#1294=VERTEX_POINT('',#4312);
#1295=VERTEX_POINT('',#4316);
#1296=VERTEX_POINT('',#4319);
#1297=VERTEX_POINT('',#4321);
#1298=VERTEX_POINT('',#4325);
#1299=VERTEX_POINT('',#4328);
#1300=VERTEX_POINT('',#4330);
#1301=VERTEX_POINT('',#4334);
#1302=VERTEX_POINT('',#4337);
#1303=VERTEX_POINT('',#4339);
#1304=VERTEX_POINT('',#4343);
#1305=VERTEX_POINT('',#4350);
#1306=VERTEX_POINT('',#4358);
#1307=VERTEX_POINT('',#4360);
#1308=VERTEX_POINT('',#4364);
#1309=VERTEX_POINT('',#4373);
#1310=VERTEX_POINT('',#4375);
#1311=VERTEX_POINT('',#4379);
#1312=VERTEX_POINT('',#4388);
#1313=VERTEX_POINT('',#4391);
#1314=VERTEX_POINT('',#4394);
#1315=VERTEX_POINT('',#4401);
#1316=VERTEX_POINT('',#4403);
#1317=VERTEX_POINT('',#4407);
#1318=VERTEX_POINT('',#4409);
#1319=VERTEX_POINT('',#4413);
#1320=VERTEX_POINT('',#4415);
#1321=VERTEX_POINT('',#4417);
#1322=VERTEX_POINT('',#4419);
#1323=VERTEX_POINT('',#4423);
#1324=VERTEX_POINT('',#4428);
#1325=VERTEX_POINT('',#4431);
#1326=VERTEX_POINT('',#4435);
#1327=VERTEX_POINT('',#4437);
#1328=VERTEX_POINT('',#4442);
#1329=VERTEX_POINT('',#4444);
#1330=VERTEX_POINT('',#4448);
#1331=VERTEX_POINT('',#4452);
#1332=VERTEX_POINT('',#4455);
#1333=VERTEX_POINT('',#4459);
#1334=VERTEX_POINT('',#4462);
#1335=VERTEX_POINT('',#4466);
#1336=VERTEX_POINT('',#4470);
#1337=VERTEX_POINT('',#4471);
#1338=VERTEX_POINT('',#4475);
#1339=VERTEX_POINT('',#4477);
#1340=VERTEX_POINT('',#4479);
#1341=VERTEX_POINT('',#4481);
#1342=VERTEX_POINT('',#4483);
#1343=VERTEX_POINT('',#4485);
#1344=VERTEX_POINT('',#4488);
#1345=VERTEX_POINT('',#4489);
#1346=VERTEX_POINT('',#4491);
#1347=EDGE_CURVE('',#1097,#1098,#521,.T.);
#1348=EDGE_CURVE('',#1099,#1097,#522,.T.);
#1349=EDGE_CURVE('',#1099,#1098,#523,.T.);
#1350=EDGE_CURVE('',#1098,#1100,#524,.T.);
#1351=EDGE_CURVE('',#1101,#1099,#525,.T.);
#1352=EDGE_CURVE('',#1101,#1100,#526,.T.);
#1353=EDGE_CURVE('',#1100,#1102,#527,.T.);
#1354=EDGE_CURVE('',#1102,#1101,#528,.T.);
#1355=EDGE_CURVE('',#1103,#1097,#529,.T.);
#1356=EDGE_CURVE('',#1104,#1103,#530,.T.);
#1357=EDGE_CURVE('',#1105,#1104,#110,.T.);
#1358=EDGE_CURVE('',#1105,#1106,#531,.T.);
#1359=EDGE_CURVE('',#1107,#1106,#111,.T.);
#1360=EDGE_CURVE('',#1107,#1108,#532,.T.);
#1361=EDGE_CURVE('',#1102,#1108,#533,.T.);
#1362=EDGE_CURVE('',#1109,#1109,#112,.T.);
#1363=EDGE_CURVE('',#1110,#1110,#113,.T.);
#1364=EDGE_CURVE('',#1111,#1111,#114,.T.);
#1365=EDGE_CURVE('',#1112,#1112,#115,.T.);
#1366=EDGE_CURVE('',#1113,#1113,#116,.T.);
#1367=EDGE_CURVE('',#1114,#1115,#534,.T.);
#1368=EDGE_CURVE('',#1116,#1115,#535,.T.);
#1369=EDGE_CURVE('',#1117,#1116,#117,.T.);
#1370=EDGE_CURVE('',#1117,#1118,#536,.T.);
#1371=EDGE_CURVE('',#1119,#1118,#118,.T.);
#1372=EDGE_CURVE('',#1119,#1114,#537,.T.);
#1373=EDGE_CURVE('',#1120,#1121,#538,.T.);
#1374=EDGE_CURVE('',#1122,#1120,#539,.T.);
#1375=EDGE_CURVE('',#1121,#1122,#540,.T.);
#1376=EDGE_CURVE('',#1121,#1123,#541,.T.);
#1377=EDGE_CURVE('',#1124,#1122,#542,.T.);
#1378=EDGE_CURVE('',#1123,#1124,#543,.T.);
#1379=EDGE_CURVE('',#1123,#1125,#544,.T.);
#1380=EDGE_CURVE('',#1125,#1124,#545,.T.);
#1381=EDGE_CURVE('',#1126,#1108,#546,.T.);
#1382=EDGE_CURVE('',#1127,#1126,#119,.F.);
#1383=EDGE_CURVE('',#1120,#1127,#547,.T.);
#1384=EDGE_CURVE('',#1128,#1125,#548,.T.);
#1385=EDGE_CURVE('',#1129,#1128,#120,.F.);
#1386=EDGE_CURVE('',#1129,#1103,#549,.T.);
#1387=EDGE_CURVE('',#1130,#1131,#63,.T.);
#1388=EDGE_CURVE('',#1131,#1130,#550,.T.);
#1389=EDGE_CURVE('',#1132,#1130,#61,.T.);
#1390=EDGE_CURVE('',#1106,#1132,#551,.T.);
#1391=EDGE_CURVE('',#1133,#1105,#552,.T.);
#1392=EDGE_CURVE('',#1131,#1133,#62,.T.);
#1393=EDGE_CURVE('',#1133,#1134,#121,.T.);
#1394=EDGE_CURVE('',#1134,#1135,#553,.T.);
#1395=EDGE_CURVE('',#1135,#1136,#122,.T.);
#1396=EDGE_CURVE('',#1137,#1136,#554,.T.);
#1397=EDGE_CURVE('',#1137,#1132,#123,.T.);
#1398=EDGE_CURVE('',#1104,#1134,#555,.T.);
#1399=EDGE_CURVE('',#1107,#1137,#556,.T.);
#1400=EDGE_CURVE('',#1138,#1139,#18,.T.);
#1401=EDGE_CURVE('',#1138,#1140,#557,.T.);
#1402=EDGE_CURVE('',#1141,#1140,#19,.T.);
#1403=EDGE_CURVE('',#1142,#1141,#558,.T.);
#1404=EDGE_CURVE('',#1143,#1142,#20,.T.);
#1405=EDGE_CURVE('',#1144,#1143,#559,.T.);
#1406=EDGE_CURVE('',#1145,#1144,#21,.T.);
#1407=EDGE_CURVE('',#1139,#1145,#560,.T.);
#1408=EDGE_CURVE('',#1140,#1138,#124,.T.);
#1409=EDGE_CURVE('',#1146,#1117,#561,.T.);
#1410=EDGE_CURVE('',#1144,#1146,#125,.T.);
#1411=EDGE_CURVE('',#1147,#1143,#126,.T.);
#1412=EDGE_CURVE('',#1118,#1147,#562,.T.);
#1413=EDGE_CURVE('',#1148,#1148,#127,.T.);
#1414=EDGE_CURVE('',#1149,#1149,#128,.T.);
#1415=EDGE_CURVE('',#1150,#1150,#129,.T.);
#1416=EDGE_CURVE('',#1151,#1151,#130,.T.);
#1417=EDGE_CURVE('',#1152,#1152,#131,.T.);
#1418=EDGE_CURVE('',#1142,#1153,#132,.T.);
#1419=EDGE_CURVE('',#1153,#1147,#133,.T.);
#1420=EDGE_CURVE('',#1154,#1146,#134,.T.);
#1421=EDGE_CURVE('',#1154,#1145,#135,.T.);
#1422=EDGE_CURVE('',#1155,#1141,#136,.T.);
#1423=EDGE_CURVE('',#1155,#1153,#563,.T.);
#1424=EDGE_CURVE('',#1156,#1157,#564,.T.);
#1425=EDGE_CURVE('',#1156,#1158,#565,.T.);
#1426=EDGE_CURVE('',#1158,#1159,#566,.T.);
#1427=EDGE_CURVE('',#1160,#1159,#567,.T.);
#1428=EDGE_CURVE('',#1161,#1160,#568,.T.);
#1429=EDGE_CURVE('',#1157,#1161,#569,.T.);
#1430=EDGE_CURVE('',#1162,#1156,#570,.T.);
#1431=EDGE_CURVE('',#1163,#1162,#571,.T.);
#1432=EDGE_CURVE('',#1158,#1163,#572,.T.);
#1433=EDGE_CURVE('',#1164,#1163,#573,.T.);
#1434=EDGE_CURVE('',#1159,#1164,#574,.T.);
#1435=EDGE_CURVE('',#1165,#1164,#575,.T.);
#1436=EDGE_CURVE('',#1160,#1165,#576,.T.);
#1437=EDGE_CURVE('',#1166,#1165,#577,.T.);
#1438=EDGE_CURVE('',#1161,#1166,#578,.T.);
#1439=EDGE_CURVE('',#1157,#1167,#579,.T.);
#1440=EDGE_CURVE('',#1167,#1166,#580,.T.);
#1441=EDGE_CURVE('',#1167,#1162,#581,.T.);
#1442=EDGE_CURVE('',#1168,#1169,#582,.T.);
#1443=EDGE_CURVE('',#1168,#1170,#583,.T.);
#1444=EDGE_CURVE('',#1170,#1171,#584,.T.);
#1445=EDGE_CURVE('',#1171,#1172,#585,.T.);
#1446=EDGE_CURVE('',#1172,#1173,#586,.T.);
#1447=EDGE_CURVE('',#1173,#1169,#587,.T.);
#1448=EDGE_CURVE('',#1174,#1175,#588,.T.);
#1449=EDGE_CURVE('',#1174,#1171,#589,.T.);
#1450=EDGE_CURVE('',#1175,#1170,#590,.T.);
#1451=EDGE_CURVE('',#1176,#1174,#591,.T.);
#1452=EDGE_CURVE('',#1176,#1172,#592,.T.);
#1453=EDGE_CURVE('',#1176,#1177,#593,.T.);
#1454=EDGE_CURVE('',#1177,#1173,#594,.T.);
#1455=EDGE_CURVE('',#1178,#1168,#595,.T.);
#1456=EDGE_CURVE('',#1178,#1175,#596,.T.);
#1457=EDGE_CURVE('',#1169,#1179,#597,.T.);
#1458=EDGE_CURVE('',#1179,#1177,#598,.T.);
#1459=EDGE_CURVE('',#1179,#1178,#599,.T.);
#1460=EDGE_CURVE('',#1180,#1181,#600,.T.);
#1461=EDGE_CURVE('',#1182,#1180,#601,.T.);
#1462=EDGE_CURVE('',#1183,#1182,#602,.T.);
#1463=EDGE_CURVE('',#1183,#1181,#603,.T.);
#1464=EDGE_CURVE('',#1184,#1185,#604,.T.);
#1465=EDGE_CURVE('',#1185,#1186,#605,.T.);
#1466=EDGE_CURVE('',#1186,#1187,#606,.F.);
#1467=EDGE_CURVE('',#1187,#1188,#607,.T.);
#1468=EDGE_CURVE('',#1188,#1189,#608,.T.);
#1469=EDGE_CURVE('',#1189,#1190,#609,.T.);
#1470=EDGE_CURVE('',#1190,#1191,#610,.T.);
#1471=EDGE_CURVE('',#1191,#1192,#611,.T.);
#1472=EDGE_CURVE('',#1192,#1193,#612,.T.);
#1473=EDGE_CURVE('',#1193,#1194,#613,.T.);
#1474=EDGE_CURVE('',#1194,#1195,#614,.T.);
#1475=EDGE_CURVE('',#1195,#1196,#615,.T.);
#1476=EDGE_CURVE('',#1196,#1197,#616,.T.);
#1477=EDGE_CURVE('',#1197,#1198,#617,.T.);
#1478=EDGE_CURVE('',#1198,#1199,#618,.T.);
#1479=EDGE_CURVE('',#1199,#1200,#619,.T.);
#1480=EDGE_CURVE('',#1200,#1201,#620,.T.);
#1481=EDGE_CURVE('',#1201,#1182,#621,.T.);
#1482=EDGE_CURVE('',#1180,#1202,#622,.T.);
#1483=EDGE_CURVE('',#1202,#1203,#623,.T.);
#1484=EDGE_CURVE('',#1203,#1204,#624,.T.);
#1485=EDGE_CURVE('',#1205,#1204,#625,.T.);
#1486=EDGE_CURVE('',#1205,#1184,#626,.T.);
#1487=EDGE_CURVE('',#1206,#1181,#627,.T.);
#1488=EDGE_CURVE('',#1202,#1206,#628,.T.);
#1489=EDGE_CURVE('',#1207,#1208,#629,.T.);
#1490=EDGE_CURVE('',#1208,#1209,#630,.T.);
#1491=EDGE_CURVE('',#1209,#1210,#631,.T.);
#1492=EDGE_CURVE('',#1210,#1207,#632,.T.);
#1493=EDGE_CURVE('',#1211,#1212,#633,.T.);
#1494=EDGE_CURVE('',#1212,#1213,#634,.T.);
#1495=EDGE_CURVE('',#1213,#1214,#635,.T.);
#1496=EDGE_CURVE('',#1214,#1211,#636,.T.);
#1497=EDGE_CURVE('',#1215,#1216,#637,.F.);
#1498=EDGE_CURVE('',#1215,#1205,#638,.T.);
#1499=EDGE_CURVE('',#1204,#1217,#639,.T.);
#1500=EDGE_CURVE('',#1217,#1218,#640,.T.);
#1501=EDGE_CURVE('',#1218,#1216,#641,.T.);
#1502=EDGE_CURVE('',#1219,#1215,#642,.T.);
#1503=EDGE_CURVE('',#1184,#1219,#643,.T.);
#1504=EDGE_CURVE('',#1220,#1221,#644,.T.);
#1505=EDGE_CURVE('',#1222,#1221,#645,.F.);
#1506=EDGE_CURVE('',#1223,#1222,#646,.F.);
#1507=EDGE_CURVE('',#1223,#1187,#647,.T.);
#1508=EDGE_CURVE('',#1186,#1220,#648,.T.);
#1509=EDGE_CURVE('',#1224,#1185,#649,.T.);
#1510=EDGE_CURVE('',#1220,#1224,#650,.T.);
#1511=EDGE_CURVE('',#1225,#1226,#651,.F.);
#1512=EDGE_CURVE('',#1225,#1227,#652,.T.);
#1513=EDGE_CURVE('',#1227,#1216,#653,.T.);
#1514=EDGE_CURVE('',#1218,#1228,#654,.F.);
#1515=EDGE_CURVE('',#1226,#1228,#655,.F.);
#1516=EDGE_CURVE('',#1224,#1219,#656,.T.);
#1517=EDGE_CURVE('',#1217,#1229,#657,.T.);
#1518=EDGE_CURVE('',#1228,#1229,#658,.T.);
#1519=EDGE_CURVE('',#1230,#1221,#659,.F.);
#1520=EDGE_CURVE('',#1230,#1231,#660,.T.);
#1521=EDGE_CURVE('',#1231,#1232,#661,.T.);
#1522=EDGE_CURVE('',#1232,#1233,#662,.T.);
#1523=EDGE_CURVE('',#1233,#1222,#663,.T.);
#1524=EDGE_CURVE('',#1234,#1233,#664,.T.);
#1525=EDGE_CURVE('',#1234,#1223,#665,.T.);
#1526=EDGE_CURVE('',#1230,#1235,#666,.T.);
#1527=EDGE_CURVE('',#1235,#1236,#667,.T.);
#1528=EDGE_CURVE('',#1236,#1231,#668,.T.);
#1529=EDGE_CURVE('',#1236,#1137,#669,.T.);
#1530=EDGE_CURVE('',#1114,#1235,#670,.T.);
#1531=EDGE_CURVE('',#1153,#1119,#671,.T.);
#1532=EDGE_CURVE('',#1126,#1155,#672,.T.);
#1533=EDGE_CURVE('',#1225,#1237,#673,.T.);
#1534=EDGE_CURVE('',#1237,#1238,#674,.T.);
#1535=EDGE_CURVE('',#1238,#1227,#675,.T.);
#1536=EDGE_CURVE('',#1155,#1239,#137,.T.);
#1537=EDGE_CURVE('',#1239,#1127,#676,.T.);
#1538=EDGE_CURVE('',#1139,#1240,#138,.T.);
#1539=EDGE_CURVE('',#1240,#1241,#139,.T.);
#1540=EDGE_CURVE('',#1241,#1239,#140,.T.);
#1541=EDGE_CURVE('',#1128,#1241,#677,.T.);
#1542=EDGE_CURVE('',#1240,#1129,#678,.T.);
#1543=EDGE_CURVE('',#1134,#1237,#679,.T.);
#1544=EDGE_CURVE('',#1240,#1154,#680,.T.);
#1545=EDGE_CURVE('',#1116,#1154,#681,.T.);
#1546=EDGE_CURVE('',#1238,#1115,#682,.T.);
#1547=EDGE_CURVE('',#1242,#1203,#683,.T.);
#1548=EDGE_CURVE('',#1243,#1242,#684,.T.);
#1549=EDGE_CURVE('',#1244,#1243,#685,.T.);
#1550=EDGE_CURVE('',#1229,#1244,#686,.T.);
#1551=EDGE_CURVE('',#1245,#1245,#141,.T.);
#1552=EDGE_CURVE('',#1246,#1246,#142,.T.);
#1553=EDGE_CURVE('',#1247,#1244,#687,.T.);
#1554=EDGE_CURVE('',#1247,#1234,#688,.T.);
#1555=EDGE_CURVE('',#1136,#1232,#689,.T.);
#1556=EDGE_CURVE('',#1226,#1135,#690,.T.);
#1557=EDGE_CURVE('',#1248,#1249,#691,.T.);
#1558=EDGE_CURVE('',#1249,#1250,#692,.T.);
#1559=EDGE_CURVE('',#1250,#1248,#693,.T.);
#1560=EDGE_CURVE('',#1251,#1252,#143,.T.);
#1561=EDGE_CURVE('',#1253,#1252,#694,.T.);
#1562=EDGE_CURVE('',#1251,#1253,#695,.T.);
#1563=EDGE_CURVE('',#1254,#1255,#144,.T.);
#1564=EDGE_CURVE('',#1256,#1255,#696,.T.);
#1565=EDGE_CURVE('',#1254,#1256,#697,.T.);
#1566=EDGE_CURVE('',#1243,#1257,#698,.T.);
#1567=EDGE_CURVE('',#1257,#1247,#699,.T.);
#1568=EDGE_CURVE('',#1242,#1206,#700,.T.);
#1569=EDGE_CURVE('',#1188,#1258,#701,.T.);
#1570=EDGE_CURVE('',#1258,#1257,#702,.T.);
#1571=EDGE_CURVE('',#1259,#1259,#145,.T.);
#1572=EDGE_CURVE('',#1260,#1260,#146,.T.);
#1573=EDGE_CURVE('',#1261,#1258,#703,.T.);
#1574=EDGE_CURVE('',#1261,#1262,#704,.T.);
#1575=EDGE_CURVE('',#1263,#1262,#705,.T.);
#1576=EDGE_CURVE('',#1189,#1263,#706,.T.);
#1577=EDGE_CURVE('',#1212,#1264,#707,.T.);
#1578=EDGE_CURVE('',#1265,#1264,#708,.T.);
#1579=EDGE_CURVE('',#1265,#1266,#709,.T.);
#1580=EDGE_CURVE('',#1266,#1267,#710,.T.);
#1581=EDGE_CURVE('',#1213,#1267,#711,.T.);
#1582=EDGE_CURVE('',#1268,#1211,#712,.T.);
#1583=EDGE_CURVE('',#1264,#1268,#713,.T.);
#1584=EDGE_CURVE('',#1267,#1269,#714,.T.);
#1585=EDGE_CURVE('',#1214,#1269,#715,.T.);
#1586=EDGE_CURVE('',#1270,#1268,#716,.T.);
#1587=EDGE_CURVE('',#1265,#1270,#717,.T.);
#1588=EDGE_CURVE('',#1271,#1270,#718,.T.);
#1589=EDGE_CURVE('',#1266,#1271,#719,.T.);
#1590=EDGE_CURVE('',#1269,#1271,#720,.T.);
#1591=EDGE_CURVE('',#1208,#1272,#721,.T.);
#1592=EDGE_CURVE('',#1272,#1273,#722,.T.);
#1593=EDGE_CURVE('',#1274,#1273,#723,.T.);
#1594=EDGE_CURVE('',#1275,#1274,#724,.T.);
#1595=EDGE_CURVE('',#1209,#1275,#725,.T.);
#1596=EDGE_CURVE('',#1276,#1207,#726,.T.);
#1597=EDGE_CURVE('',#1272,#1276,#727,.T.);
#1598=EDGE_CURVE('',#1277,#1276,#728,.T.);
#1599=EDGE_CURVE('',#1273,#1277,#729,.T.);
#1600=EDGE_CURVE('',#1278,#1277,#730,.T.);
#1601=EDGE_CURVE('',#1274,#1278,#731,.T.);
#1602=EDGE_CURVE('',#1279,#1278,#732,.T.);
#1603=EDGE_CURVE('',#1275,#1279,#733,.T.);
#1604=EDGE_CURVE('',#1210,#1279,#734,.T.);
#1605=EDGE_CURVE('',#1261,#1183,#735,.T.);
#1606=EDGE_CURVE('',#1148,#1280,#736,.T.);
#1607=EDGE_CURVE('',#1280,#1280,#147,.T.);
#1608=EDGE_CURVE('',#1281,#1281,#148,.T.);
#1609=EDGE_CURVE('',#1149,#1282,#737,.T.);
#1610=EDGE_CURVE('',#1282,#1282,#149,.T.);
#1611=EDGE_CURVE('',#1283,#1283,#150,.T.);
#1612=EDGE_CURVE('',#1150,#1284,#738,.T.);
#1613=EDGE_CURVE('',#1284,#1284,#151,.T.);
#1614=EDGE_CURVE('',#1285,#1285,#152,.T.);
#1615=EDGE_CURVE('',#1151,#1286,#739,.T.);
#1616=EDGE_CURVE('',#1286,#1286,#153,.T.);
#1617=EDGE_CURVE('',#1287,#1287,#154,.T.);
#1618=EDGE_CURVE('',#1152,#1288,#740,.T.);
#1619=EDGE_CURVE('',#1288,#1288,#155,.T.);
#1620=EDGE_CURVE('',#1281,#1289,#741,.T.);
#1621=EDGE_CURVE('',#1289,#1289,#156,.T.);
#1622=EDGE_CURVE('',#1285,#1290,#742,.T.);
#1623=EDGE_CURVE('',#1290,#1290,#157,.T.);
#1624=EDGE_CURVE('',#1283,#1291,#743,.T.);
#1625=EDGE_CURVE('',#1291,#1291,#158,.T.);
#1626=EDGE_CURVE('',#1287,#1292,#744,.T.);
#1627=EDGE_CURVE('',#1292,#1292,#159,.T.);
#1628=EDGE_CURVE('',#1293,#1293,#160,.T.);
#1629=EDGE_CURVE('',#1293,#1294,#745,.T.);
#1630=EDGE_CURVE('',#1294,#1294,#161,.T.);
#1631=EDGE_CURVE('',#1295,#1295,#162,.T.);
#1632=EDGE_CURVE('',#1296,#1296,#163,.T.);
#1633=EDGE_CURVE('',#1296,#1297,#746,.T.);
#1634=EDGE_CURVE('',#1297,#1297,#164,.T.);
#1635=EDGE_CURVE('',#1298,#1298,#165,.T.);
#1636=EDGE_CURVE('',#1299,#1299,#166,.T.);
#1637=EDGE_CURVE('',#1299,#1300,#747,.T.);
#1638=EDGE_CURVE('',#1300,#1300,#167,.T.);
#1639=EDGE_CURVE('',#1301,#1301,#168,.T.);
#1640=EDGE_CURVE('',#1302,#1302,#169,.T.);
#1641=EDGE_CURVE('',#1302,#1303,#748,.T.);
#1642=EDGE_CURVE('',#1303,#1303,#170,.T.);
#1643=EDGE_CURVE('',#1304,#1304,#171,.T.);
#1644=EDGE_CURVE('',#1301,#1109,#749,.T.);
#1645=EDGE_CURVE('',#1304,#1110,#750,.T.);
#1646=EDGE_CURVE('',#1305,#1305,#172,.T.);
#1647=EDGE_CURVE('',#1305,#1111,#751,.T.);
#1648=EDGE_CURVE('',#1298,#1112,#752,.T.);
#1649=EDGE_CURVE('',#1295,#1113,#753,.T.);
#1650=EDGE_CURVE('',#1306,#1252,#754,.T.);
#1651=EDGE_CURVE('',#1307,#1306,#755,.T.);
#1652=EDGE_CURVE('',#1307,#1253,#756,.T.);
#1653=EDGE_CURVE('',#1251,#1308,#757,.T.);
#1654=EDGE_CURVE('',#1306,#1308,#22,.T.);
#1655=EDGE_CURVE('',#1309,#1256,#758,.T.);
#1656=EDGE_CURVE('',#1310,#1309,#759,.T.);
#1657=EDGE_CURVE('',#1254,#1310,#760,.T.);
#1658=EDGE_CURVE('',#1311,#1255,#761,.T.);
#1659=EDGE_CURVE('',#1311,#1310,#23,.T.);
#1660=EDGE_CURVE('',#1312,#1311,#173,.T.);
#1661=EDGE_CURVE('',#1309,#1312,#174,.T.);
#1662=EDGE_CURVE('',#1313,#1313,#175,.T.);
#1663=EDGE_CURVE('',#1259,#1314,#762,.T.);
#1664=EDGE_CURVE('',#1314,#1307,#176,.T.);
#1665=EDGE_CURVE('',#1308,#1314,#177,.T.);
#1666=EDGE_CURVE('',#1262,#1201,#763,.T.);
#1667=EDGE_CURVE('',#1315,#1200,#764,.T.);
#1668=EDGE_CURVE('',#1315,#1316,#765,.T.);
#1669=EDGE_CURVE('',#1316,#1263,#766,.T.);
#1670=EDGE_CURVE('',#1317,#1190,#767,.T.);
#1671=EDGE_CURVE('',#1317,#1318,#768,.T.);
#1672=EDGE_CURVE('',#1318,#1191,#769,.T.);
#1673=EDGE_CURVE('',#1316,#1319,#178,.T.);
#1674=EDGE_CURVE('',#1320,#1319,#770,.T.);
#1675=EDGE_CURVE('',#1321,#1320,#771,.T.);
#1676=EDGE_CURVE('',#1321,#1322,#772,.T.);
#1677=EDGE_CURVE('',#1322,#1317,#179,.T.);
#1678=EDGE_CURVE('',#1323,#1323,#180,.T.);
#1679=EDGE_CURVE('',#1260,#1312,#773,.T.);
#1680=EDGE_CURVE('',#1324,#1315,#181,.T.);
#1681=EDGE_CURVE('',#1324,#1323,#774,.T.);
#1682=EDGE_CURVE('',#1325,#1324,#182,.T.);
#1683=EDGE_CURVE('',#1319,#1325,#775,.T.);
#1684=EDGE_CURVE('',#1318,#1326,#183,.T.);
#1685=EDGE_CURVE('',#1327,#1322,#776,.T.);
#1686=EDGE_CURVE('',#1326,#1327,#184,.T.);
#1687=EDGE_CURVE('',#1326,#1313,#777,.T.);
#1688=EDGE_CURVE('',#1328,#1199,#778,.T.);
#1689=EDGE_CURVE('',#1329,#1328,#779,.T.);
#1690=EDGE_CURVE('',#1329,#1325,#780,.T.);
#1691=EDGE_CURVE('',#1245,#1330,#781,.T.);
#1692=EDGE_CURVE('',#1330,#1330,#185,.T.);
#1693=EDGE_CURVE('',#1331,#1331,#186,.T.);
#1694=EDGE_CURVE('',#1246,#1332,#782,.T.);
#1695=EDGE_CURVE('',#1332,#1332,#187,.T.);
#1696=EDGE_CURVE('',#1333,#1333,#188,.T.);
#1697=EDGE_CURVE('',#1333,#1334,#783,.T.);
#1698=EDGE_CURVE('',#1334,#1334,#189,.T.);
#1699=EDGE_CURVE('',#1331,#1335,#784,.T.);
#1700=EDGE_CURVE('',#1335,#1335,#190,.T.);
#1701=EDGE_CURVE('',#1336,#1337,#785,.T.);
#1702=EDGE_CURVE('',#1337,#1321,#786,.T.);
#1703=EDGE_CURVE('',#1320,#1329,#787,.T.);
#1704=EDGE_CURVE('',#1328,#1338,#788,.T.);
#1705=EDGE_CURVE('',#1338,#1339,#789,.T.);
#1706=EDGE_CURVE('',#1339,#1340,#790,.T.);
#1707=EDGE_CURVE('',#1340,#1341,#791,.T.);
#1708=EDGE_CURVE('',#1341,#1342,#792,.T.);
#1709=EDGE_CURVE('',#1342,#1343,#793,.T.);
#1710=EDGE_CURVE('',#1343,#1336,#794,.T.);
#1711=EDGE_CURVE('',#1344,#1345,#795,.T.);
#1712=EDGE_CURVE('',#1346,#1344,#796,.T.);
#1713=EDGE_CURVE('',#1345,#1346,#797,.T.);
#1714=EDGE_CURVE('',#1344,#1248,#798,.T.);
#1715=EDGE_CURVE('',#1346,#1250,#799,.T.);
#1716=EDGE_CURVE('',#1345,#1249,#800,.T.);
#1717=EDGE_CURVE('',#1337,#1327,#801,.T.);
#1718=EDGE_CURVE('',#1336,#1192,#802,.T.);
#1719=EDGE_CURVE('',#1338,#1198,#803,.T.);
#1720=EDGE_CURVE('',#1339,#1197,#804,.T.);
#1721=EDGE_CURVE('',#1340,#1196,#805,.T.);
#1722=EDGE_CURVE('',#1341,#1195,#806,.T.);
#1723=EDGE_CURVE('',#1342,#1194,#807,.T.);
#1724=EDGE_CURVE('',#1343,#1193,#808,.T.);
#1725=ORIENTED_EDGE('',*,*,#1347,.F.);
#1726=ORIENTED_EDGE('',*,*,#1348,.F.);
#1727=ORIENTED_EDGE('',*,*,#1349,.T.);
#1728=ORIENTED_EDGE('',*,*,#1350,.F.);
#1729=ORIENTED_EDGE('',*,*,#1349,.F.);
#1730=ORIENTED_EDGE('',*,*,#1351,.F.);
#1731=ORIENTED_EDGE('',*,*,#1352,.T.);
#1732=ORIENTED_EDGE('',*,*,#1353,.F.);
#1733=ORIENTED_EDGE('',*,*,#1352,.F.);
#1734=ORIENTED_EDGE('',*,*,#1354,.F.);
#1735=ORIENTED_EDGE('',*,*,#1354,.T.);
#1736=ORIENTED_EDGE('',*,*,#1351,.T.);
#1737=ORIENTED_EDGE('',*,*,#1348,.T.);
#1738=ORIENTED_EDGE('',*,*,#1355,.F.);
#1739=ORIENTED_EDGE('',*,*,#1356,.F.);
#1740=ORIENTED_EDGE('',*,*,#1357,.F.);
#1741=ORIENTED_EDGE('',*,*,#1358,.T.);
#1742=ORIENTED_EDGE('',*,*,#1359,.F.);
#1743=ORIENTED_EDGE('',*,*,#1360,.T.);
#1744=ORIENTED_EDGE('',*,*,#1361,.F.);
#1745=ORIENTED_EDGE('',*,*,#1362,.F.);
#1746=ORIENTED_EDGE('',*,*,#1363,.F.);
#1747=ORIENTED_EDGE('',*,*,#1364,.F.);
#1748=ORIENTED_EDGE('',*,*,#1365,.F.);
#1749=ORIENTED_EDGE('',*,*,#1366,.F.);
#1750=ORIENTED_EDGE('',*,*,#1367,.T.);
#1751=ORIENTED_EDGE('',*,*,#1368,.F.);
#1752=ORIENTED_EDGE('',*,*,#1369,.F.);
#1753=ORIENTED_EDGE('',*,*,#1370,.T.);
#1754=ORIENTED_EDGE('',*,*,#1371,.F.);
#1755=ORIENTED_EDGE('',*,*,#1372,.T.);
#1756=ORIENTED_EDGE('',*,*,#1373,.F.);
#1757=ORIENTED_EDGE('',*,*,#1374,.F.);
#1758=ORIENTED_EDGE('',*,*,#1375,.F.);
#1759=ORIENTED_EDGE('',*,*,#1376,.F.);
#1760=ORIENTED_EDGE('',*,*,#1375,.T.);
#1761=ORIENTED_EDGE('',*,*,#1377,.F.);
#1762=ORIENTED_EDGE('',*,*,#1378,.F.);
#1763=ORIENTED_EDGE('',*,*,#1379,.F.);
#1764=ORIENTED_EDGE('',*,*,#1378,.T.);
#1765=ORIENTED_EDGE('',*,*,#1380,.F.);
#1766=ORIENTED_EDGE('',*,*,#1353,.T.);
#1767=ORIENTED_EDGE('',*,*,#1361,.T.);
#1768=ORIENTED_EDGE('',*,*,#1381,.F.);
#1769=ORIENTED_EDGE('',*,*,#1382,.F.);
#1770=ORIENTED_EDGE('',*,*,#1383,.F.);
#1771=ORIENTED_EDGE('',*,*,#1373,.T.);
#1772=ORIENTED_EDGE('',*,*,#1376,.T.);
#1773=ORIENTED_EDGE('',*,*,#1379,.T.);
#1774=ORIENTED_EDGE('',*,*,#1384,.F.);
#1775=ORIENTED_EDGE('',*,*,#1385,.F.);
#1776=ORIENTED_EDGE('',*,*,#1386,.T.);
#1777=ORIENTED_EDGE('',*,*,#1355,.T.);
#1778=ORIENTED_EDGE('',*,*,#1347,.T.);
#1779=ORIENTED_EDGE('',*,*,#1350,.T.);
#1780=ORIENTED_EDGE('',*,*,#1387,.F.);
#1781=ORIENTED_EDGE('',*,*,#1388,.F.);
#1782=ORIENTED_EDGE('',*,*,#1389,.F.);
#1783=ORIENTED_EDGE('',*,*,#1390,.F.);
#1784=ORIENTED_EDGE('',*,*,#1358,.F.);
#1785=ORIENTED_EDGE('',*,*,#1391,.F.);
#1786=ORIENTED_EDGE('',*,*,#1392,.F.);
#1787=ORIENTED_EDGE('',*,*,#1388,.T.);
#1788=ORIENTED_EDGE('',*,*,#1389,.T.);
#1789=ORIENTED_EDGE('',*,*,#1387,.T.);
#1790=ORIENTED_EDGE('',*,*,#1392,.T.);
#1791=ORIENTED_EDGE('',*,*,#1393,.T.);
#1792=ORIENTED_EDGE('',*,*,#1394,.T.);
#1793=ORIENTED_EDGE('',*,*,#1395,.T.);
#1794=ORIENTED_EDGE('',*,*,#1396,.F.);
#1795=ORIENTED_EDGE('',*,*,#1397,.T.);
#1796=ORIENTED_EDGE('',*,*,#1391,.T.);
#1797=ORIENTED_EDGE('',*,*,#1357,.T.);
#1798=ORIENTED_EDGE('',*,*,#1398,.T.);
#1799=ORIENTED_EDGE('',*,*,#1393,.F.);
#1800=ORIENTED_EDGE('',*,*,#1390,.T.);
#1801=ORIENTED_EDGE('',*,*,#1397,.F.);
#1802=ORIENTED_EDGE('',*,*,#1399,.F.);
#1803=ORIENTED_EDGE('',*,*,#1359,.T.);
#1804=ORIENTED_EDGE('',*,*,#1400,.F.);
#1805=ORIENTED_EDGE('',*,*,#1401,.T.);
#1806=ORIENTED_EDGE('',*,*,#1402,.F.);
#1807=ORIENTED_EDGE('',*,*,#1403,.F.);
#1808=ORIENTED_EDGE('',*,*,#1404,.F.);
#1809=ORIENTED_EDGE('',*,*,#1405,.F.);
#1810=ORIENTED_EDGE('',*,*,#1406,.F.);
#1811=ORIENTED_EDGE('',*,*,#1407,.F.);
#1812=ORIENTED_EDGE('',*,*,#1408,.F.);
#1813=ORIENTED_EDGE('',*,*,#1401,.F.);
#1814=ORIENTED_EDGE('',*,*,#1370,.F.);
#1815=ORIENTED_EDGE('',*,*,#1409,.F.);
#1816=ORIENTED_EDGE('',*,*,#1410,.F.);
#1817=ORIENTED_EDGE('',*,*,#1405,.T.);
#1818=ORIENTED_EDGE('',*,*,#1411,.F.);
#1819=ORIENTED_EDGE('',*,*,#1412,.F.);
#1820=ORIENTED_EDGE('',*,*,#1413,.T.);
#1821=ORIENTED_EDGE('',*,*,#1414,.T.);
#1822=ORIENTED_EDGE('',*,*,#1415,.T.);
#1823=ORIENTED_EDGE('',*,*,#1416,.T.);
#1824=ORIENTED_EDGE('',*,*,#1417,.T.);
#1825=ORIENTED_EDGE('',*,*,#1404,.T.);
#1826=ORIENTED_EDGE('',*,*,#1418,.T.);
#1827=ORIENTED_EDGE('',*,*,#1419,.T.);
#1828=ORIENTED_EDGE('',*,*,#1411,.T.);
#1829=ORIENTED_EDGE('',*,*,#1406,.T.);
#1830=ORIENTED_EDGE('',*,*,#1410,.T.);
#1831=ORIENTED_EDGE('',*,*,#1420,.F.);
#1832=ORIENTED_EDGE('',*,*,#1421,.T.);
#1833=ORIENTED_EDGE('',*,*,#1403,.T.);
#1834=ORIENTED_EDGE('',*,*,#1422,.F.);
#1835=ORIENTED_EDGE('',*,*,#1423,.T.);
#1836=ORIENTED_EDGE('',*,*,#1418,.F.);
#1837=ORIENTED_EDGE('',*,*,#1424,.F.);
#1838=ORIENTED_EDGE('',*,*,#1425,.T.);
#1839=ORIENTED_EDGE('',*,*,#1426,.T.);
#1840=ORIENTED_EDGE('',*,*,#1427,.F.);
#1841=ORIENTED_EDGE('',*,*,#1428,.F.);
#1842=ORIENTED_EDGE('',*,*,#1429,.F.);
#1843=ORIENTED_EDGE('',*,*,#1430,.F.);
#1844=ORIENTED_EDGE('',*,*,#1431,.F.);
#1845=ORIENTED_EDGE('',*,*,#1432,.F.);
#1846=ORIENTED_EDGE('',*,*,#1425,.F.);
#1847=ORIENTED_EDGE('',*,*,#1426,.F.);
#1848=ORIENTED_EDGE('',*,*,#1432,.T.);
#1849=ORIENTED_EDGE('',*,*,#1433,.F.);
#1850=ORIENTED_EDGE('',*,*,#1434,.F.);
#1851=ORIENTED_EDGE('',*,*,#1427,.T.);
#1852=ORIENTED_EDGE('',*,*,#1434,.T.);
#1853=ORIENTED_EDGE('',*,*,#1435,.F.);
#1854=ORIENTED_EDGE('',*,*,#1436,.F.);
#1855=ORIENTED_EDGE('',*,*,#1428,.T.);
#1856=ORIENTED_EDGE('',*,*,#1436,.T.);
#1857=ORIENTED_EDGE('',*,*,#1437,.F.);
#1858=ORIENTED_EDGE('',*,*,#1438,.F.);
#1859=ORIENTED_EDGE('',*,*,#1439,.F.);
#1860=ORIENTED_EDGE('',*,*,#1429,.T.);
#1861=ORIENTED_EDGE('',*,*,#1438,.T.);
#1862=ORIENTED_EDGE('',*,*,#1440,.F.);
#1863=ORIENTED_EDGE('',*,*,#1441,.F.);
#1864=ORIENTED_EDGE('',*,*,#1440,.T.);
#1865=ORIENTED_EDGE('',*,*,#1437,.T.);
#1866=ORIENTED_EDGE('',*,*,#1435,.T.);
#1867=ORIENTED_EDGE('',*,*,#1433,.T.);
#1868=ORIENTED_EDGE('',*,*,#1431,.T.);
#1869=ORIENTED_EDGE('',*,*,#1442,.F.);
#1870=ORIENTED_EDGE('',*,*,#1443,.T.);
#1871=ORIENTED_EDGE('',*,*,#1444,.T.);
#1872=ORIENTED_EDGE('',*,*,#1445,.T.);
#1873=ORIENTED_EDGE('',*,*,#1446,.T.);
#1874=ORIENTED_EDGE('',*,*,#1447,.T.);
#1875=ORIENTED_EDGE('',*,*,#1448,.F.);
#1876=ORIENTED_EDGE('',*,*,#1449,.T.);
#1877=ORIENTED_EDGE('',*,*,#1444,.F.);
#1878=ORIENTED_EDGE('',*,*,#1450,.F.);
#1879=ORIENTED_EDGE('',*,*,#1451,.F.);
#1880=ORIENTED_EDGE('',*,*,#1452,.T.);
#1881=ORIENTED_EDGE('',*,*,#1445,.F.);
#1882=ORIENTED_EDGE('',*,*,#1449,.F.);
#1883=ORIENTED_EDGE('',*,*,#1453,.T.);
#1884=ORIENTED_EDGE('',*,*,#1454,.T.);
#1885=ORIENTED_EDGE('',*,*,#1446,.F.);
#1886=ORIENTED_EDGE('',*,*,#1452,.F.);
#1887=ORIENTED_EDGE('',*,*,#1455,.F.);
#1888=ORIENTED_EDGE('',*,*,#1456,.T.);
#1889=ORIENTED_EDGE('',*,*,#1450,.T.);
#1890=ORIENTED_EDGE('',*,*,#1443,.F.);
#1891=ORIENTED_EDGE('',*,*,#1457,.F.);
#1892=ORIENTED_EDGE('',*,*,#1447,.F.);
#1893=ORIENTED_EDGE('',*,*,#1454,.F.);
#1894=ORIENTED_EDGE('',*,*,#1458,.F.);
#1895=ORIENTED_EDGE('',*,*,#1459,.F.);
#1896=ORIENTED_EDGE('',*,*,#1458,.T.);
#1897=ORIENTED_EDGE('',*,*,#1453,.F.);
#1898=ORIENTED_EDGE('',*,*,#1451,.T.);
#1899=ORIENTED_EDGE('',*,*,#1448,.T.);
#1900=ORIENTED_EDGE('',*,*,#1456,.F.);
#1901=ORIENTED_EDGE('',*,*,#1460,.F.);
#1902=ORIENTED_EDGE('',*,*,#1461,.F.);
#1903=ORIENTED_EDGE('',*,*,#1462,.F.);
#1904=ORIENTED_EDGE('',*,*,#1463,.T.);
#1905=ORIENTED_EDGE('',*,*,#1464,.T.);
#1906=ORIENTED_EDGE('',*,*,#1465,.T.);
#1907=ORIENTED_EDGE('',*,*,#1466,.T.);
#1908=ORIENTED_EDGE('',*,*,#1467,.T.);
#1909=ORIENTED_EDGE('',*,*,#1468,.T.);
#1910=ORIENTED_EDGE('',*,*,#1469,.T.);
#1911=ORIENTED_EDGE('',*,*,#1470,.T.);
#1912=ORIENTED_EDGE('',*,*,#1471,.T.);
#1913=ORIENTED_EDGE('',*,*,#1472,.T.);
#1914=ORIENTED_EDGE('',*,*,#1473,.T.);
#1915=ORIENTED_EDGE('',*,*,#1474,.T.);
#1916=ORIENTED_EDGE('',*,*,#1475,.T.);
#1917=ORIENTED_EDGE('',*,*,#1476,.T.);
#1918=ORIENTED_EDGE('',*,*,#1477,.T.);
#1919=ORIENTED_EDGE('',*,*,#1478,.T.);
#1920=ORIENTED_EDGE('',*,*,#1479,.T.);
#1921=ORIENTED_EDGE('',*,*,#1480,.T.);
#1922=ORIENTED_EDGE('',*,*,#1481,.T.);
#1923=ORIENTED_EDGE('',*,*,#1461,.T.);
#1924=ORIENTED_EDGE('',*,*,#1482,.T.);
#1925=ORIENTED_EDGE('',*,*,#1483,.T.);
#1926=ORIENTED_EDGE('',*,*,#1484,.T.);
#1927=ORIENTED_EDGE('',*,*,#1485,.F.);
#1928=ORIENTED_EDGE('',*,*,#1486,.T.);
#1929=ORIENTED_EDGE('',*,*,#1460,.T.);
#1930=ORIENTED_EDGE('',*,*,#1487,.F.);
#1931=ORIENTED_EDGE('',*,*,#1488,.F.);
#1932=ORIENTED_EDGE('',*,*,#1482,.F.);
#1933=ORIENTED_EDGE('',*,*,#1489,.T.);
#1934=ORIENTED_EDGE('',*,*,#1490,.T.);
#1935=ORIENTED_EDGE('',*,*,#1491,.T.);
#1936=ORIENTED_EDGE('',*,*,#1492,.T.);
#1937=ORIENTED_EDGE('',*,*,#1493,.T.);
#1938=ORIENTED_EDGE('',*,*,#1494,.T.);
#1939=ORIENTED_EDGE('',*,*,#1495,.T.);
#1940=ORIENTED_EDGE('',*,*,#1496,.T.);
#1941=ORIENTED_EDGE('',*,*,#1497,.F.);
#1942=ORIENTED_EDGE('',*,*,#1498,.T.);
#1943=ORIENTED_EDGE('',*,*,#1485,.T.);
#1944=ORIENTED_EDGE('',*,*,#1499,.T.);
#1945=ORIENTED_EDGE('',*,*,#1500,.T.);
#1946=ORIENTED_EDGE('',*,*,#1501,.T.);
#1947=ORIENTED_EDGE('',*,*,#1498,.F.);
#1948=ORIENTED_EDGE('',*,*,#1502,.F.);
#1949=ORIENTED_EDGE('',*,*,#1503,.F.);
#1950=ORIENTED_EDGE('',*,*,#1486,.F.);
#1951=ORIENTED_EDGE('',*,*,#1504,.T.);
#1952=ORIENTED_EDGE('',*,*,#1505,.F.);
#1953=ORIENTED_EDGE('',*,*,#1506,.F.);
#1954=ORIENTED_EDGE('',*,*,#1507,.T.);
#1955=ORIENTED_EDGE('',*,*,#1466,.F.);
#1956=ORIENTED_EDGE('',*,*,#1508,.T.);
#1957=ORIENTED_EDGE('',*,*,#1508,.F.);
#1958=ORIENTED_EDGE('',*,*,#1465,.F.);
#1959=ORIENTED_EDGE('',*,*,#1509,.F.);
#1960=ORIENTED_EDGE('',*,*,#1510,.F.);
#1961=ORIENTED_EDGE('',*,*,#1511,.F.);
#1962=ORIENTED_EDGE('',*,*,#1512,.T.);
#1963=ORIENTED_EDGE('',*,*,#1513,.T.);
#1964=ORIENTED_EDGE('',*,*,#1501,.F.);
#1965=ORIENTED_EDGE('',*,*,#1514,.T.);
#1966=ORIENTED_EDGE('',*,*,#1515,.F.);
#1967=ORIENTED_EDGE('',*,*,#1516,.F.);
#1968=ORIENTED_EDGE('',*,*,#1509,.T.);
#1969=ORIENTED_EDGE('',*,*,#1464,.F.);
#1970=ORIENTED_EDGE('',*,*,#1503,.T.);
#1971=ORIENTED_EDGE('',*,*,#1514,.F.);
#1972=ORIENTED_EDGE('',*,*,#1500,.F.);
#1973=ORIENTED_EDGE('',*,*,#1517,.T.);
#1974=ORIENTED_EDGE('',*,*,#1518,.F.);
#1975=ORIENTED_EDGE('',*,*,#1519,.F.);
#1976=ORIENTED_EDGE('',*,*,#1520,.T.);
#1977=ORIENTED_EDGE('',*,*,#1521,.T.);
#1978=ORIENTED_EDGE('',*,*,#1522,.T.);
#1979=ORIENTED_EDGE('',*,*,#1523,.T.);
#1980=ORIENTED_EDGE('',*,*,#1505,.T.);
#1981=ORIENTED_EDGE('',*,*,#1523,.F.);
#1982=ORIENTED_EDGE('',*,*,#1524,.F.);
#1983=ORIENTED_EDGE('',*,*,#1525,.T.);
#1984=ORIENTED_EDGE('',*,*,#1506,.T.);
#1985=ORIENTED_EDGE('',*,*,#1520,.F.);
#1986=ORIENTED_EDGE('',*,*,#1526,.T.);
#1987=ORIENTED_EDGE('',*,*,#1527,.T.);
#1988=ORIENTED_EDGE('',*,*,#1528,.T.);
#1989=ORIENTED_EDGE('',*,*,#1529,.F.);
#1990=ORIENTED_EDGE('',*,*,#1527,.F.);
#1991=ORIENTED_EDGE('',*,*,#1530,.F.);
#1992=ORIENTED_EDGE('',*,*,#1372,.F.);
#1993=ORIENTED_EDGE('',*,*,#1531,.F.);
#1994=ORIENTED_EDGE('',*,*,#1423,.F.);
#1995=ORIENTED_EDGE('',*,*,#1532,.F.);
#1996=ORIENTED_EDGE('',*,*,#1381,.T.);
#1997=ORIENTED_EDGE('',*,*,#1360,.F.);
#1998=ORIENTED_EDGE('',*,*,#1399,.T.);
#1999=ORIENTED_EDGE('',*,*,#1512,.F.);
#2000=ORIENTED_EDGE('',*,*,#1533,.T.);
#2001=ORIENTED_EDGE('',*,*,#1534,.T.);
#2002=ORIENTED_EDGE('',*,*,#1535,.T.);
#2003=ORIENTED_EDGE('',*,*,#1536,.T.);
#2004=ORIENTED_EDGE('',*,*,#1537,.T.);
#2005=ORIENTED_EDGE('',*,*,#1382,.T.);
#2006=ORIENTED_EDGE('',*,*,#1532,.T.);
#2007=ORIENTED_EDGE('',*,*,#1400,.T.);
#2008=ORIENTED_EDGE('',*,*,#1538,.T.);
#2009=ORIENTED_EDGE('',*,*,#1539,.T.);
#2010=ORIENTED_EDGE('',*,*,#1540,.T.);
#2011=ORIENTED_EDGE('',*,*,#1536,.F.);
#2012=ORIENTED_EDGE('',*,*,#1422,.T.);
#2013=ORIENTED_EDGE('',*,*,#1402,.T.);
#2014=ORIENTED_EDGE('',*,*,#1408,.T.);
#2015=ORIENTED_EDGE('',*,*,#1385,.T.);
#2016=ORIENTED_EDGE('',*,*,#1541,.T.);
#2017=ORIENTED_EDGE('',*,*,#1539,.F.);
#2018=ORIENTED_EDGE('',*,*,#1542,.T.);
#2019=ORIENTED_EDGE('',*,*,#1543,.F.);
#2020=ORIENTED_EDGE('',*,*,#1398,.F.);
#2021=ORIENTED_EDGE('',*,*,#1356,.T.);
#2022=ORIENTED_EDGE('',*,*,#1386,.F.);
#2023=ORIENTED_EDGE('',*,*,#1542,.F.);
#2024=ORIENTED_EDGE('',*,*,#1544,.T.);
#2025=ORIENTED_EDGE('',*,*,#1545,.F.);
#2026=ORIENTED_EDGE('',*,*,#1368,.T.);
#2027=ORIENTED_EDGE('',*,*,#1546,.F.);
#2028=ORIENTED_EDGE('',*,*,#1534,.F.);
#2029=ORIENTED_EDGE('',*,*,#1407,.T.);
#2030=ORIENTED_EDGE('',*,*,#1421,.F.);
#2031=ORIENTED_EDGE('',*,*,#1544,.F.);
#2032=ORIENTED_EDGE('',*,*,#1538,.F.);
#2033=ORIENTED_EDGE('',*,*,#1369,.T.);
#2034=ORIENTED_EDGE('',*,*,#1545,.T.);
#2035=ORIENTED_EDGE('',*,*,#1420,.T.);
#2036=ORIENTED_EDGE('',*,*,#1409,.T.);
#2037=ORIENTED_EDGE('',*,*,#1371,.T.);
#2038=ORIENTED_EDGE('',*,*,#1412,.T.);
#2039=ORIENTED_EDGE('',*,*,#1419,.F.);
#2040=ORIENTED_EDGE('',*,*,#1531,.T.);
#2041=ORIENTED_EDGE('',*,*,#1547,.F.);
#2042=ORIENTED_EDGE('',*,*,#1548,.F.);
#2043=ORIENTED_EDGE('',*,*,#1549,.F.);
#2044=ORIENTED_EDGE('',*,*,#1550,.F.);
#2045=ORIENTED_EDGE('',*,*,#1517,.F.);
#2046=ORIENTED_EDGE('',*,*,#1499,.F.);
#2047=ORIENTED_EDGE('',*,*,#1484,.F.);
#2048=ORIENTED_EDGE('',*,*,#1551,.F.);
#2049=ORIENTED_EDGE('',*,*,#1552,.F.);
#2050=ORIENTED_EDGE('',*,*,#1550,.T.);
#2051=ORIENTED_EDGE('',*,*,#1553,.F.);
#2052=ORIENTED_EDGE('',*,*,#1554,.T.);
#2053=ORIENTED_EDGE('',*,*,#1524,.T.);
#2054=ORIENTED_EDGE('',*,*,#1522,.F.);
#2055=ORIENTED_EDGE('',*,*,#1555,.F.);
#2056=ORIENTED_EDGE('',*,*,#1395,.F.);
#2057=ORIENTED_EDGE('',*,*,#1556,.F.);
#2058=ORIENTED_EDGE('',*,*,#1515,.T.);
#2059=ORIENTED_EDGE('',*,*,#1518,.T.);
#2060=ORIENTED_EDGE('',*,*,#1557,.T.);
#2061=ORIENTED_EDGE('',*,*,#1558,.T.);
#2062=ORIENTED_EDGE('',*,*,#1559,.T.);
#2063=ORIENTED_EDGE('',*,*,#1560,.T.);
#2064=ORIENTED_EDGE('',*,*,#1561,.F.);
#2065=ORIENTED_EDGE('',*,*,#1562,.F.);
#2066=ORIENTED_EDGE('',*,*,#1563,.T.);
#2067=ORIENTED_EDGE('',*,*,#1564,.F.);
#2068=ORIENTED_EDGE('',*,*,#1565,.F.);
#2069=ORIENTED_EDGE('',*,*,#1566,.T.);
#2070=ORIENTED_EDGE('',*,*,#1567,.T.);
#2071=ORIENTED_EDGE('',*,*,#1553,.T.);
#2072=ORIENTED_EDGE('',*,*,#1549,.T.);
#2073=ORIENTED_EDGE('',*,*,#1547,.T.);
#2074=ORIENTED_EDGE('',*,*,#1483,.F.);
#2075=ORIENTED_EDGE('',*,*,#1488,.T.);
#2076=ORIENTED_EDGE('',*,*,#1568,.F.);
#2077=ORIENTED_EDGE('',*,*,#1569,.F.);
#2078=ORIENTED_EDGE('',*,*,#1467,.F.);
#2079=ORIENTED_EDGE('',*,*,#1507,.F.);
#2080=ORIENTED_EDGE('',*,*,#1525,.F.);
#2081=ORIENTED_EDGE('',*,*,#1554,.F.);
#2082=ORIENTED_EDGE('',*,*,#1567,.F.);
#2083=ORIENTED_EDGE('',*,*,#1570,.F.);
#2084=ORIENTED_EDGE('',*,*,#1571,.F.);
#2085=ORIENTED_EDGE('',*,*,#1572,.F.);
#2086=ORIENTED_EDGE('',*,*,#1569,.T.);
#2087=ORIENTED_EDGE('',*,*,#1573,.F.);
#2088=ORIENTED_EDGE('',*,*,#1574,.T.);
#2089=ORIENTED_EDGE('',*,*,#1575,.F.);
#2090=ORIENTED_EDGE('',*,*,#1576,.F.);
#2091=ORIENTED_EDGE('',*,*,#1468,.F.);
#2092=ORIENTED_EDGE('',*,*,#1494,.F.);
#2093=ORIENTED_EDGE('',*,*,#1577,.T.);
#2094=ORIENTED_EDGE('',*,*,#1578,.F.);
#2095=ORIENTED_EDGE('',*,*,#1579,.T.);
#2096=ORIENTED_EDGE('',*,*,#1580,.T.);
#2097=ORIENTED_EDGE('',*,*,#1581,.F.);
#2098=ORIENTED_EDGE('',*,*,#1493,.F.);
#2099=ORIENTED_EDGE('',*,*,#1582,.F.);
#2100=ORIENTED_EDGE('',*,*,#1583,.F.);
#2101=ORIENTED_EDGE('',*,*,#1577,.F.);
#2102=ORIENTED_EDGE('',*,*,#1495,.F.);
#2103=ORIENTED_EDGE('',*,*,#1581,.T.);
#2104=ORIENTED_EDGE('',*,*,#1584,.T.);
#2105=ORIENTED_EDGE('',*,*,#1585,.F.);
#2106=ORIENTED_EDGE('',*,*,#1578,.T.);
#2107=ORIENTED_EDGE('',*,*,#1583,.T.);
#2108=ORIENTED_EDGE('',*,*,#1586,.F.);
#2109=ORIENTED_EDGE('',*,*,#1587,.F.);
#2110=ORIENTED_EDGE('',*,*,#1579,.F.);
#2111=ORIENTED_EDGE('',*,*,#1587,.T.);
#2112=ORIENTED_EDGE('',*,*,#1588,.F.);
#2113=ORIENTED_EDGE('',*,*,#1589,.F.);
#2114=ORIENTED_EDGE('',*,*,#1580,.F.);
#2115=ORIENTED_EDGE('',*,*,#1589,.T.);
#2116=ORIENTED_EDGE('',*,*,#1590,.F.);
#2117=ORIENTED_EDGE('',*,*,#1584,.F.);
#2118=ORIENTED_EDGE('',*,*,#1496,.F.);
#2119=ORIENTED_EDGE('',*,*,#1585,.T.);
#2120=ORIENTED_EDGE('',*,*,#1590,.T.);
#2121=ORIENTED_EDGE('',*,*,#1588,.T.);
#2122=ORIENTED_EDGE('',*,*,#1586,.T.);
#2123=ORIENTED_EDGE('',*,*,#1582,.T.);
#2124=ORIENTED_EDGE('',*,*,#1490,.F.);
#2125=ORIENTED_EDGE('',*,*,#1591,.T.);
#2126=ORIENTED_EDGE('',*,*,#1592,.T.);
#2127=ORIENTED_EDGE('',*,*,#1593,.F.);
#2128=ORIENTED_EDGE('',*,*,#1594,.F.);
#2129=ORIENTED_EDGE('',*,*,#1595,.F.);
#2130=ORIENTED_EDGE('',*,*,#1489,.F.);
#2131=ORIENTED_EDGE('',*,*,#1596,.F.);
#2132=ORIENTED_EDGE('',*,*,#1597,.F.);
#2133=ORIENTED_EDGE('',*,*,#1591,.F.);
#2134=ORIENTED_EDGE('',*,*,#1592,.F.);
#2135=ORIENTED_EDGE('',*,*,#1597,.T.);
#2136=ORIENTED_EDGE('',*,*,#1598,.F.);
#2137=ORIENTED_EDGE('',*,*,#1599,.F.);
#2138=ORIENTED_EDGE('',*,*,#1593,.T.);
#2139=ORIENTED_EDGE('',*,*,#1599,.T.);
#2140=ORIENTED_EDGE('',*,*,#1600,.F.);
#2141=ORIENTED_EDGE('',*,*,#1601,.F.);
#2142=ORIENTED_EDGE('',*,*,#1594,.T.);
#2143=ORIENTED_EDGE('',*,*,#1601,.T.);
#2144=ORIENTED_EDGE('',*,*,#1602,.F.);
#2145=ORIENTED_EDGE('',*,*,#1603,.F.);
#2146=ORIENTED_EDGE('',*,*,#1491,.F.);
#2147=ORIENTED_EDGE('',*,*,#1595,.T.);
#2148=ORIENTED_EDGE('',*,*,#1603,.T.);
#2149=ORIENTED_EDGE('',*,*,#1604,.F.);
#2150=ORIENTED_EDGE('',*,*,#1492,.F.);
#2151=ORIENTED_EDGE('',*,*,#1604,.T.);
#2152=ORIENTED_EDGE('',*,*,#1602,.T.);
#2153=ORIENTED_EDGE('',*,*,#1600,.T.);
#2154=ORIENTED_EDGE('',*,*,#1598,.T.);
#2155=ORIENTED_EDGE('',*,*,#1596,.T.);
#2156=ORIENTED_EDGE('',*,*,#1555,.T.);
#2157=ORIENTED_EDGE('',*,*,#1521,.F.);
#2158=ORIENTED_EDGE('',*,*,#1528,.F.);
#2159=ORIENTED_EDGE('',*,*,#1529,.T.);
#2160=ORIENTED_EDGE('',*,*,#1396,.T.);
#2161=ORIENTED_EDGE('',*,*,#1556,.T.);
#2162=ORIENTED_EDGE('',*,*,#1394,.F.);
#2163=ORIENTED_EDGE('',*,*,#1543,.T.);
#2164=ORIENTED_EDGE('',*,*,#1533,.F.);
#2165=ORIENTED_EDGE('',*,*,#1511,.T.);
#2166=ORIENTED_EDGE('',*,*,#1570,.T.);
#2167=ORIENTED_EDGE('',*,*,#1566,.F.);
#2168=ORIENTED_EDGE('',*,*,#1548,.T.);
#2169=ORIENTED_EDGE('',*,*,#1568,.T.);
#2170=ORIENTED_EDGE('',*,*,#1487,.T.);
#2171=ORIENTED_EDGE('',*,*,#1463,.F.);
#2172=ORIENTED_EDGE('',*,*,#1605,.F.);
#2173=ORIENTED_EDGE('',*,*,#1573,.T.);
#2174=ORIENTED_EDGE('',*,*,#1413,.F.);
#2175=ORIENTED_EDGE('',*,*,#1606,.T.);
#2176=ORIENTED_EDGE('',*,*,#1607,.T.);
#2177=ORIENTED_EDGE('',*,*,#1606,.F.);
#2178=ORIENTED_EDGE('',*,*,#1607,.F.);
#2179=ORIENTED_EDGE('',*,*,#1608,.F.);
#2180=ORIENTED_EDGE('',*,*,#1414,.F.);
#2181=ORIENTED_EDGE('',*,*,#1609,.T.);
#2182=ORIENTED_EDGE('',*,*,#1610,.T.);
#2183=ORIENTED_EDGE('',*,*,#1609,.F.);
#2184=ORIENTED_EDGE('',*,*,#1610,.F.);
#2185=ORIENTED_EDGE('',*,*,#1611,.F.);
#2186=ORIENTED_EDGE('',*,*,#1415,.F.);
#2187=ORIENTED_EDGE('',*,*,#1612,.T.);
#2188=ORIENTED_EDGE('',*,*,#1613,.T.);
#2189=ORIENTED_EDGE('',*,*,#1612,.F.);
#2190=ORIENTED_EDGE('',*,*,#1613,.F.);
#2191=ORIENTED_EDGE('',*,*,#1614,.F.);
#2192=ORIENTED_EDGE('',*,*,#1416,.F.);
#2193=ORIENTED_EDGE('',*,*,#1615,.T.);
#2194=ORIENTED_EDGE('',*,*,#1616,.T.);
#2195=ORIENTED_EDGE('',*,*,#1615,.F.);
#2196=ORIENTED_EDGE('',*,*,#1616,.F.);
#2197=ORIENTED_EDGE('',*,*,#1617,.F.);
#2198=ORIENTED_EDGE('',*,*,#1367,.F.);
#2199=ORIENTED_EDGE('',*,*,#1530,.T.);
#2200=ORIENTED_EDGE('',*,*,#1526,.F.);
#2201=ORIENTED_EDGE('',*,*,#1519,.T.);
#2202=ORIENTED_EDGE('',*,*,#1504,.F.);
#2203=ORIENTED_EDGE('',*,*,#1510,.T.);
#2204=ORIENTED_EDGE('',*,*,#1516,.T.);
#2205=ORIENTED_EDGE('',*,*,#1502,.T.);
#2206=ORIENTED_EDGE('',*,*,#1497,.T.);
#2207=ORIENTED_EDGE('',*,*,#1513,.F.);
#2208=ORIENTED_EDGE('',*,*,#1535,.F.);
#2209=ORIENTED_EDGE('',*,*,#1546,.T.);
#2210=ORIENTED_EDGE('',*,*,#1417,.F.);
#2211=ORIENTED_EDGE('',*,*,#1618,.T.);
#2212=ORIENTED_EDGE('',*,*,#1619,.F.);
#2213=ORIENTED_EDGE('',*,*,#1618,.F.);
#2214=ORIENTED_EDGE('',*,*,#1608,.T.);
#2215=ORIENTED_EDGE('',*,*,#1620,.T.);
#2216=ORIENTED_EDGE('',*,*,#1621,.F.);
#2217=ORIENTED_EDGE('',*,*,#1620,.F.);
#2218=ORIENTED_EDGE('',*,*,#1614,.T.);
#2219=ORIENTED_EDGE('',*,*,#1622,.T.);
#2220=ORIENTED_EDGE('',*,*,#1623,.F.);
#2221=ORIENTED_EDGE('',*,*,#1622,.F.);
#2222=ORIENTED_EDGE('',*,*,#1611,.T.);
#2223=ORIENTED_EDGE('',*,*,#1624,.T.);
#2224=ORIENTED_EDGE('',*,*,#1625,.F.);
#2225=ORIENTED_EDGE('',*,*,#1624,.F.);
#2226=ORIENTED_EDGE('',*,*,#1617,.T.);
#2227=ORIENTED_EDGE('',*,*,#1626,.T.);
#2228=ORIENTED_EDGE('',*,*,#1627,.F.);
#2229=ORIENTED_EDGE('',*,*,#1626,.F.);
#2230=ORIENTED_EDGE('',*,*,#1374,.T.);
#2231=ORIENTED_EDGE('',*,*,#1383,.T.);
#2232=ORIENTED_EDGE('',*,*,#1537,.F.);
#2233=ORIENTED_EDGE('',*,*,#1540,.F.);
#2234=ORIENTED_EDGE('',*,*,#1541,.F.);
#2235=ORIENTED_EDGE('',*,*,#1384,.T.);
#2236=ORIENTED_EDGE('',*,*,#1380,.T.);
#2237=ORIENTED_EDGE('',*,*,#1377,.T.);
#2238=ORIENTED_EDGE('',*,*,#1627,.T.);
#2239=ORIENTED_EDGE('',*,*,#1625,.T.);
#2240=ORIENTED_EDGE('',*,*,#1623,.T.);
#2241=ORIENTED_EDGE('',*,*,#1621,.T.);
#2242=ORIENTED_EDGE('',*,*,#1619,.T.);
#2243=ORIENTED_EDGE('',*,*,#1628,.F.);
#2244=ORIENTED_EDGE('',*,*,#1629,.T.);
#2245=ORIENTED_EDGE('',*,*,#1630,.T.);
#2246=ORIENTED_EDGE('',*,*,#1629,.F.);
#2247=ORIENTED_EDGE('',*,*,#1630,.F.);
#2248=ORIENTED_EDGE('',*,*,#1631,.F.);
#2249=ORIENTED_EDGE('',*,*,#1632,.F.);
#2250=ORIENTED_EDGE('',*,*,#1633,.T.);
#2251=ORIENTED_EDGE('',*,*,#1634,.T.);
#2252=ORIENTED_EDGE('',*,*,#1633,.F.);
#2253=ORIENTED_EDGE('',*,*,#1634,.F.);
#2254=ORIENTED_EDGE('',*,*,#1635,.F.);
#2255=ORIENTED_EDGE('',*,*,#1636,.F.);
#2256=ORIENTED_EDGE('',*,*,#1637,.T.);
#2257=ORIENTED_EDGE('',*,*,#1638,.T.);
#2258=ORIENTED_EDGE('',*,*,#1637,.F.);
#2259=ORIENTED_EDGE('',*,*,#1638,.F.);
#2260=ORIENTED_EDGE('',*,*,#1639,.F.);
#2261=ORIENTED_EDGE('',*,*,#1640,.F.);
#2262=ORIENTED_EDGE('',*,*,#1641,.T.);
#2263=ORIENTED_EDGE('',*,*,#1642,.T.);
#2264=ORIENTED_EDGE('',*,*,#1641,.F.);
#2265=ORIENTED_EDGE('',*,*,#1642,.F.);
#2266=ORIENTED_EDGE('',*,*,#1643,.F.);
#2267=ORIENTED_EDGE('',*,*,#1639,.T.);
#2268=ORIENTED_EDGE('',*,*,#1644,.T.);
#2269=ORIENTED_EDGE('',*,*,#1362,.T.);
#2270=ORIENTED_EDGE('',*,*,#1644,.F.);
#2271=ORIENTED_EDGE('',*,*,#1643,.T.);
#2272=ORIENTED_EDGE('',*,*,#1645,.T.);
#2273=ORIENTED_EDGE('',*,*,#1363,.T.);
#2274=ORIENTED_EDGE('',*,*,#1645,.F.);
#2275=ORIENTED_EDGE('',*,*,#1646,.F.);
#2276=ORIENTED_EDGE('',*,*,#1647,.T.);
#2277=ORIENTED_EDGE('',*,*,#1364,.T.);
#2278=ORIENTED_EDGE('',*,*,#1647,.F.);
#2279=ORIENTED_EDGE('',*,*,#1635,.T.);
#2280=ORIENTED_EDGE('',*,*,#1648,.T.);
#2281=ORIENTED_EDGE('',*,*,#1365,.T.);
#2282=ORIENTED_EDGE('',*,*,#1648,.F.);
#2283=ORIENTED_EDGE('',*,*,#1631,.T.);
#2284=ORIENTED_EDGE('',*,*,#1649,.T.);
#2285=ORIENTED_EDGE('',*,*,#1366,.T.);
#2286=ORIENTED_EDGE('',*,*,#1649,.F.);
#2287=ORIENTED_EDGE('',*,*,#1561,.T.);
#2288=ORIENTED_EDGE('',*,*,#1650,.F.);
#2289=ORIENTED_EDGE('',*,*,#1651,.F.);
#2290=ORIENTED_EDGE('',*,*,#1652,.T.);
#2291=ORIENTED_EDGE('',*,*,#1650,.T.);
#2292=ORIENTED_EDGE('',*,*,#1560,.F.);
#2293=ORIENTED_EDGE('',*,*,#1653,.T.);
#2294=ORIENTED_EDGE('',*,*,#1654,.F.);
#2295=ORIENTED_EDGE('',*,*,#1565,.T.);
#2296=ORIENTED_EDGE('',*,*,#1655,.F.);
#2297=ORIENTED_EDGE('',*,*,#1656,.F.);
#2298=ORIENTED_EDGE('',*,*,#1657,.F.);
#2299=ORIENTED_EDGE('',*,*,#1658,.T.);
#2300=ORIENTED_EDGE('',*,*,#1563,.F.);
#2301=ORIENTED_EDGE('',*,*,#1657,.T.);
#2302=ORIENTED_EDGE('',*,*,#1659,.F.);
#2303=ORIENTED_EDGE('',*,*,#1655,.T.);
#2304=ORIENTED_EDGE('',*,*,#1564,.T.);
#2305=ORIENTED_EDGE('',*,*,#1658,.F.);
#2306=ORIENTED_EDGE('',*,*,#1660,.F.);
#2307=ORIENTED_EDGE('',*,*,#1661,.F.);
#2308=ORIENTED_EDGE('',*,*,#1662,.F.);
#2309=ORIENTED_EDGE('',*,*,#1571,.T.);
#2310=ORIENTED_EDGE('',*,*,#1663,.T.);
#2311=ORIENTED_EDGE('',*,*,#1664,.T.);
#2312=ORIENTED_EDGE('',*,*,#1651,.T.);
#2313=ORIENTED_EDGE('',*,*,#1654,.T.);
#2314=ORIENTED_EDGE('',*,*,#1665,.T.);
#2315=ORIENTED_EDGE('',*,*,#1663,.F.);
#2316=ORIENTED_EDGE('',*,*,#1462,.T.);
#2317=ORIENTED_EDGE('',*,*,#1481,.F.);
#2318=ORIENTED_EDGE('',*,*,#1666,.F.);
#2319=ORIENTED_EDGE('',*,*,#1574,.F.);
#2320=ORIENTED_EDGE('',*,*,#1605,.T.);
#2321=ORIENTED_EDGE('',*,*,#1424,.T.);
#2322=ORIENTED_EDGE('',*,*,#1439,.T.);
#2323=ORIENTED_EDGE('',*,*,#1441,.T.);
#2324=ORIENTED_EDGE('',*,*,#1430,.T.);
#2325=ORIENTED_EDGE('',*,*,#1442,.T.);
#2326=ORIENTED_EDGE('',*,*,#1457,.T.);
#2327=ORIENTED_EDGE('',*,*,#1459,.T.);
#2328=ORIENTED_EDGE('',*,*,#1455,.T.);
#2329=ORIENTED_EDGE('',*,*,#1575,.T.);
#2330=ORIENTED_EDGE('',*,*,#1666,.T.);
#2331=ORIENTED_EDGE('',*,*,#1480,.F.);
#2332=ORIENTED_EDGE('',*,*,#1667,.F.);
#2333=ORIENTED_EDGE('',*,*,#1668,.T.);
#2334=ORIENTED_EDGE('',*,*,#1669,.T.);
#2335=ORIENTED_EDGE('',*,*,#1470,.F.);
#2336=ORIENTED_EDGE('',*,*,#1670,.F.);
#2337=ORIENTED_EDGE('',*,*,#1671,.T.);
#2338=ORIENTED_EDGE('',*,*,#1672,.T.);
#2339=ORIENTED_EDGE('',*,*,#1576,.T.);
#2340=ORIENTED_EDGE('',*,*,#1669,.F.);
#2341=ORIENTED_EDGE('',*,*,#1673,.T.);
#2342=ORIENTED_EDGE('',*,*,#1674,.F.);
#2343=ORIENTED_EDGE('',*,*,#1675,.F.);
#2344=ORIENTED_EDGE('',*,*,#1676,.T.);
#2345=ORIENTED_EDGE('',*,*,#1677,.T.);
#2346=ORIENTED_EDGE('',*,*,#1670,.T.);
#2347=ORIENTED_EDGE('',*,*,#1469,.F.);
#2348=ORIENTED_EDGE('',*,*,#1665,.F.);
#2349=ORIENTED_EDGE('',*,*,#1653,.F.);
#2350=ORIENTED_EDGE('',*,*,#1562,.T.);
#2351=ORIENTED_EDGE('',*,*,#1652,.F.);
#2352=ORIENTED_EDGE('',*,*,#1664,.F.);
#2353=ORIENTED_EDGE('',*,*,#1678,.F.);
#2354=ORIENTED_EDGE('',*,*,#1572,.T.);
#2355=ORIENTED_EDGE('',*,*,#1679,.T.);
#2356=ORIENTED_EDGE('',*,*,#1660,.T.);
#2357=ORIENTED_EDGE('',*,*,#1659,.T.);
#2358=ORIENTED_EDGE('',*,*,#1656,.T.);
#2359=ORIENTED_EDGE('',*,*,#1661,.T.);
#2360=ORIENTED_EDGE('',*,*,#1679,.F.);
#2361=ORIENTED_EDGE('',*,*,#1673,.F.);
#2362=ORIENTED_EDGE('',*,*,#1668,.F.);
#2363=ORIENTED_EDGE('',*,*,#1680,.F.);
#2364=ORIENTED_EDGE('',*,*,#1681,.T.);
#2365=ORIENTED_EDGE('',*,*,#1678,.T.);
#2366=ORIENTED_EDGE('',*,*,#1681,.F.);
#2367=ORIENTED_EDGE('',*,*,#1682,.F.);
#2368=ORIENTED_EDGE('',*,*,#1683,.F.);
#2369=ORIENTED_EDGE('',*,*,#1684,.F.);
#2370=ORIENTED_EDGE('',*,*,#1671,.F.);
#2371=ORIENTED_EDGE('',*,*,#1677,.F.);
#2372=ORIENTED_EDGE('',*,*,#1685,.F.);
#2373=ORIENTED_EDGE('',*,*,#1686,.F.);
#2374=ORIENTED_EDGE('',*,*,#1687,.T.);
#2375=ORIENTED_EDGE('',*,*,#1662,.T.);
#2376=ORIENTED_EDGE('',*,*,#1687,.F.);
#2377=ORIENTED_EDGE('',*,*,#1682,.T.);
#2378=ORIENTED_EDGE('',*,*,#1680,.T.);
#2379=ORIENTED_EDGE('',*,*,#1667,.T.);
#2380=ORIENTED_EDGE('',*,*,#1479,.F.);
#2381=ORIENTED_EDGE('',*,*,#1688,.F.);
#2382=ORIENTED_EDGE('',*,*,#1689,.F.);
#2383=ORIENTED_EDGE('',*,*,#1690,.T.);
#2384=ORIENTED_EDGE('',*,*,#1551,.T.);
#2385=ORIENTED_EDGE('',*,*,#1691,.T.);
#2386=ORIENTED_EDGE('',*,*,#1692,.T.);
#2387=ORIENTED_EDGE('',*,*,#1691,.F.);
#2388=ORIENTED_EDGE('',*,*,#1692,.F.);
#2389=ORIENTED_EDGE('',*,*,#1693,.F.);
#2390=ORIENTED_EDGE('',*,*,#1552,.T.);
#2391=ORIENTED_EDGE('',*,*,#1694,.T.);
#2392=ORIENTED_EDGE('',*,*,#1695,.T.);
#2393=ORIENTED_EDGE('',*,*,#1694,.F.);
#2394=ORIENTED_EDGE('',*,*,#1695,.F.);
#2395=ORIENTED_EDGE('',*,*,#1696,.F.);
#2396=ORIENTED_EDGE('',*,*,#1696,.T.);
#2397=ORIENTED_EDGE('',*,*,#1697,.T.);
#2398=ORIENTED_EDGE('',*,*,#1698,.F.);
#2399=ORIENTED_EDGE('',*,*,#1697,.F.);
#2400=ORIENTED_EDGE('',*,*,#1693,.T.);
#2401=ORIENTED_EDGE('',*,*,#1699,.T.);
#2402=ORIENTED_EDGE('',*,*,#1700,.F.);
#2403=ORIENTED_EDGE('',*,*,#1699,.F.);
#2404=ORIENTED_EDGE('',*,*,#1701,.T.);
#2405=ORIENTED_EDGE('',*,*,#1702,.T.);
#2406=ORIENTED_EDGE('',*,*,#1675,.T.);
#2407=ORIENTED_EDGE('',*,*,#1703,.T.);
#2408=ORIENTED_EDGE('',*,*,#1689,.T.);
#2409=ORIENTED_EDGE('',*,*,#1704,.T.);
#2410=ORIENTED_EDGE('',*,*,#1705,.T.);
#2411=ORIENTED_EDGE('',*,*,#1706,.T.);
#2412=ORIENTED_EDGE('',*,*,#1707,.T.);
#2413=ORIENTED_EDGE('',*,*,#1708,.T.);
#2414=ORIENTED_EDGE('',*,*,#1709,.T.);
#2415=ORIENTED_EDGE('',*,*,#1710,.T.);
#2416=ORIENTED_EDGE('',*,*,#1646,.T.);
#2417=ORIENTED_EDGE('',*,*,#1711,.F.);
#2418=ORIENTED_EDGE('',*,*,#1712,.F.);
#2419=ORIENTED_EDGE('',*,*,#1713,.F.);
#2420=ORIENTED_EDGE('',*,*,#1640,.T.);
#2421=ORIENTED_EDGE('',*,*,#1636,.T.);
#2422=ORIENTED_EDGE('',*,*,#1632,.T.);
#2423=ORIENTED_EDGE('',*,*,#1628,.T.);
#2424=ORIENTED_EDGE('',*,*,#1712,.T.);
#2425=ORIENTED_EDGE('',*,*,#1714,.T.);
#2426=ORIENTED_EDGE('',*,*,#1559,.F.);
#2427=ORIENTED_EDGE('',*,*,#1715,.F.);
#2428=ORIENTED_EDGE('',*,*,#1713,.T.);
#2429=ORIENTED_EDGE('',*,*,#1715,.T.);
#2430=ORIENTED_EDGE('',*,*,#1558,.F.);
#2431=ORIENTED_EDGE('',*,*,#1716,.F.);
#2432=ORIENTED_EDGE('',*,*,#1711,.T.);
#2433=ORIENTED_EDGE('',*,*,#1716,.T.);
#2434=ORIENTED_EDGE('',*,*,#1557,.F.);
#2435=ORIENTED_EDGE('',*,*,#1714,.F.);
#2436=ORIENTED_EDGE('',*,*,#1684,.T.);
#2437=ORIENTED_EDGE('',*,*,#1686,.T.);
#2438=ORIENTED_EDGE('',*,*,#1717,.F.);
#2439=ORIENTED_EDGE('',*,*,#1701,.F.);
#2440=ORIENTED_EDGE('',*,*,#1718,.T.);
#2441=ORIENTED_EDGE('',*,*,#1471,.F.);
#2442=ORIENTED_EDGE('',*,*,#1672,.F.);
#2443=ORIENTED_EDGE('',*,*,#1685,.T.);
#2444=ORIENTED_EDGE('',*,*,#1676,.F.);
#2445=ORIENTED_EDGE('',*,*,#1702,.F.);
#2446=ORIENTED_EDGE('',*,*,#1717,.T.);
#2447=ORIENTED_EDGE('',*,*,#1683,.T.);
#2448=ORIENTED_EDGE('',*,*,#1690,.F.);
#2449=ORIENTED_EDGE('',*,*,#1703,.F.);
#2450=ORIENTED_EDGE('',*,*,#1674,.T.);
#2451=ORIENTED_EDGE('',*,*,#1704,.F.);
#2452=ORIENTED_EDGE('',*,*,#1688,.T.);
#2453=ORIENTED_EDGE('',*,*,#1478,.F.);
#2454=ORIENTED_EDGE('',*,*,#1719,.F.);
#2455=ORIENTED_EDGE('',*,*,#1705,.F.);
#2456=ORIENTED_EDGE('',*,*,#1719,.T.);
#2457=ORIENTED_EDGE('',*,*,#1477,.F.);
#2458=ORIENTED_EDGE('',*,*,#1720,.F.);
#2459=ORIENTED_EDGE('',*,*,#1700,.T.);
#2460=ORIENTED_EDGE('',*,*,#1706,.F.);
#2461=ORIENTED_EDGE('',*,*,#1720,.T.);
#2462=ORIENTED_EDGE('',*,*,#1476,.F.);
#2463=ORIENTED_EDGE('',*,*,#1721,.F.);
#2464=ORIENTED_EDGE('',*,*,#1707,.F.);
#2465=ORIENTED_EDGE('',*,*,#1721,.T.);
#2466=ORIENTED_EDGE('',*,*,#1475,.F.);
#2467=ORIENTED_EDGE('',*,*,#1722,.F.);
#2468=ORIENTED_EDGE('',*,*,#1708,.F.);
#2469=ORIENTED_EDGE('',*,*,#1722,.T.);
#2470=ORIENTED_EDGE('',*,*,#1474,.F.);
#2471=ORIENTED_EDGE('',*,*,#1723,.F.);
#2472=ORIENTED_EDGE('',*,*,#1709,.F.);
#2473=ORIENTED_EDGE('',*,*,#1723,.T.);
#2474=ORIENTED_EDGE('',*,*,#1473,.F.);
#2475=ORIENTED_EDGE('',*,*,#1724,.F.);
#2476=ORIENTED_EDGE('',*,*,#1698,.T.);
#2477=ORIENTED_EDGE('',*,*,#1472,.F.);
#2478=ORIENTED_EDGE('',*,*,#1718,.F.);
#2479=ORIENTED_EDGE('',*,*,#1710,.F.);
#2480=ORIENTED_EDGE('',*,*,#1724,.T.);
#2481=PLANE('',#2739);
#2482=PLANE('',#2740);
#2483=PLANE('',#2741);
#2484=PLANE('',#2742);
#2485=PLANE('',#2750);
#2486=PLANE('',#2753);
#2487=PLANE('',#2754);
#2488=PLANE('',#2755);
#2489=PLANE('',#2756);
#2490=PLANE('',#2759);
#2491=PLANE('',#2761);
#2492=PLANE('',#2768);
#2493=PLANE('',#2769);
#2494=PLANE('',#2771);
#2495=PLANE('',#2787);
#2496=PLANE('',#2788);
#2497=PLANE('',#2789);
#2498=PLANE('',#2790);
#2499=PLANE('',#2791);
#2500=PLANE('',#2792);
#2501=PLANE('',#2793);
#2502=PLANE('',#2794);
#2503=PLANE('',#2795);
#2504=PLANE('',#2796);
#2505=PLANE('',#2797);
#2506=PLANE('',#2798);
#2507=PLANE('',#2799);
#2508=PLANE('',#2800);
#2509=PLANE('',#2801);
#2510=PLANE('',#2802);
#2511=PLANE('',#2803);
#2512=PLANE('',#2804);
#2513=PLANE('',#2805);
#2514=PLANE('',#2806);
#2515=PLANE('',#2807);
#2516=PLANE('',#2808);
#2517=PLANE('',#2809);
#2518=PLANE('',#2810);
#2519=PLANE('',#2811);
#2520=PLANE('',#2812);
#2521=PLANE('',#2813);
#2522=PLANE('',#2814);
#2523=PLANE('',#2815);
#2524=PLANE('',#2823);
#2525=PLANE('',#2827);
#2526=PLANE('',#2830);
#2527=PLANE('',#2833);
#2528=PLANE('',#2834);
#2529=PLANE('',#2835);
#2530=PLANE('',#2838);
#2531=PLANE('',#2839);
#2532=PLANE('',#2840);
#2533=PLANE('',#2841);
#2534=PLANE('',#2842);
#2535=PLANE('',#2843);
#2536=PLANE('',#2844);
#2537=PLANE('',#2845);
#2538=PLANE('',#2846);
#2539=PLANE('',#2847);
#2540=PLANE('',#2848);
#2541=PLANE('',#2849);
#2542=PLANE('',#2850);
#2543=PLANE('',#2851);
#2544=PLANE('',#2852);
#2545=PLANE('',#2853);
#2546=PLANE('',#2854);
#2547=PLANE('',#2855);
#2548=PLANE('',#2858);
#2549=PLANE('',#2862);
#2550=PLANE('',#2866);
#2551=PLANE('',#2870);
#2552=PLANE('',#2872);
#2553=PLANE('',#2883);
#2554=PLANE('',#2887);
#2555=PLANE('',#2892);
#2556=PLANE('',#2897);
#2557=PLANE('',#2902);
#2558=PLANE('',#2910);
#2559=PLANE('',#2912);
#2560=PLANE('',#2914);
#2561=PLANE('',#2921);
#2562=PLANE('',#2922);
#2563=PLANE('',#2923);
#2564=PLANE('',#2924);
#2565=PLANE('',#2927);
#2566=PLANE('',#2936);
#2567=PLANE('',#2939);
#2568=PLANE('',#2943);
#2569=PLANE('',#2949);
#2570=PLANE('',#2950);
#2571=PLANE('',#2951);
#2572=PLANE('',#2952);
#2573=PLANE('',#2953);
#2574=PLANE('',#2954);
#2575=PLANE('',#2955);
#2576=PLANE('',#2956);
#2577=PLANE('',#2957);
#2578=PLANE('',#2958);
#2579=PLANE('',#2959);
#2580=PLANE('',#2960);
#2581=PLANE('',#2961);
#2582=PLANE('',#2962);
#2583=ADVANCED_FACE('',(#191),#2481,.T.);
#2584=ADVANCED_FACE('',(#192),#2482,.T.);
#2585=ADVANCED_FACE('',(#193),#2483,.F.);
#2586=ADVANCED_FACE('',(#194,#64,#65,#66,#67,#68),#2484,.F.);
#2587=ADVANCED_FACE('',(#195),#2485,.T.);
#2588=ADVANCED_FACE('',(#196),#2486,.F.);
#2589=ADVANCED_FACE('',(#197),#2487,.T.);
#2590=ADVANCED_FACE('',(#198),#2488,.T.);
#2591=ADVANCED_FACE('',(#199),#2489,.T.);
#2592=ADVANCED_FACE('',(#200),#2490,.F.);
#2593=ADVANCED_FACE('',(#201),#2491,.F.);
#2594=ADVANCED_FACE('',(#202),#60,.T.);
#2595=ADVANCED_FACE('',(#203),#24,.T.);
#2596=ADVANCED_FACE('',(#204),#25,.T.);
#2597=ADVANCED_FACE('',(#205),#2492,.F.);
#2598=ADVANCED_FACE('',(#206),#2493,.F.);
#2599=ADVANCED_FACE('',(#207,#69,#70,#71,#72,#73),#2494,.T.);
#2600=ADVANCED_FACE('',(#208),#15,.T.);
#2601=ADVANCED_FACE('',(#209),#16,.T.);
#2602=ADVANCED_FACE('',(#210),#26,.T.);
#2603=ADVANCED_FACE('',(#211),#2495,.T.);
#2604=ADVANCED_FACE('',(#212),#2496,.T.);
#2605=ADVANCED_FACE('',(#213),#2497,.T.);
#2606=ADVANCED_FACE('',(#214),#2498,.T.);
#2607=ADVANCED_FACE('',(#215),#2499,.T.);
#2608=ADVANCED_FACE('',(#216),#2500,.T.);
#2609=ADVANCED_FACE('',(#217),#2501,.T.);
#2610=ADVANCED_FACE('',(#218),#2502,.T.);
#2611=ADVANCED_FACE('',(#219),#2503,.T.);
#2612=ADVANCED_FACE('',(#220),#2504,.T.);
#2613=ADVANCED_FACE('',(#221),#2505,.T.);
#2614=ADVANCED_FACE('',(#222),#2506,.T.);
#2615=ADVANCED_FACE('',(#223),#2507,.T.);
#2616=ADVANCED_FACE('',(#224),#2508,.T.);
#2617=ADVANCED_FACE('',(#225),#2509,.F.);
#2618=ADVANCED_FACE('',(#226),#2510,.T.);
#2619=ADVANCED_FACE('',(#227,#74,#75),#2511,.T.);
#2620=ADVANCED_FACE('',(#228),#2512,.T.);
#2621=ADVANCED_FACE('',(#229),#2513,.T.);
#2622=ADVANCED_FACE('',(#230),#2514,.T.);
#2623=ADVANCED_FACE('',(#231),#2515,.T.);
#2624=ADVANCED_FACE('',(#232),#2516,.T.);
#2625=ADVANCED_FACE('',(#233),#2517,.T.);
#2626=ADVANCED_FACE('',(#234),#2518,.T.);
#2627=ADVANCED_FACE('',(#235),#2519,.T.);
#2628=ADVANCED_FACE('',(#236),#2520,.T.);
#2629=ADVANCED_FACE('',(#237),#2521,.T.);
#2630=ADVANCED_FACE('',(#238),#2522,.T.);
#2631=ADVANCED_FACE('',(#239),#2523,.T.);
#2632=ADVANCED_FACE('',(#240),#27,.T.);
#2633=ADVANCED_FACE('',(#241),#17,.T.);
#2634=ADVANCED_FACE('',(#242),#28,.T.);
#2635=ADVANCED_FACE('',(#243),#2524,.T.);
#2636=ADVANCED_FACE('',(#244),#29,.T.);
#2637=ADVANCED_FACE('',(#245),#30,.T.);
#2638=ADVANCED_FACE('',(#246),#31,.T.);
#2639=ADVANCED_FACE('',(#247,#76,#77),#2525,.T.);
#2640=ADVANCED_FACE('',(#248,#78,#79,#80),#2526,.T.);
#2641=ADVANCED_FACE('',(#249),#2527,.T.);
#2642=ADVANCED_FACE('',(#250),#2528,.F.);
#2643=ADVANCED_FACE('',(#251,#81,#82),#2529,.T.);
#2644=ADVANCED_FACE('',(#252),#2530,.F.);
#2645=ADVANCED_FACE('',(#253),#2531,.T.);
#2646=ADVANCED_FACE('',(#254),#2532,.T.);
#2647=ADVANCED_FACE('',(#255),#2533,.T.);
#2648=ADVANCED_FACE('',(#256),#2534,.T.);
#2649=ADVANCED_FACE('',(#257),#2535,.T.);
#2650=ADVANCED_FACE('',(#258),#2536,.T.);
#2651=ADVANCED_FACE('',(#259),#2537,.T.);
#2652=ADVANCED_FACE('',(#260),#2538,.T.);
#2653=ADVANCED_FACE('',(#261),#2539,.T.);
#2654=ADVANCED_FACE('',(#262),#2540,.T.);
#2655=ADVANCED_FACE('',(#263),#2541,.T.);
#2656=ADVANCED_FACE('',(#264),#2542,.T.);
#2657=ADVANCED_FACE('',(#265),#2543,.T.);
#2658=ADVANCED_FACE('',(#266),#2544,.T.);
#2659=ADVANCED_FACE('',(#267),#2545,.T.);
#2660=ADVANCED_FACE('',(#268),#2546,.T.);
#2661=ADVANCED_FACE('',(#269),#2547,.T.);
#2662=ADVANCED_FACE('',(#270),#32,.F.);
#2663=ADVANCED_FACE('',(#271,#83),#2548,.T.);
#2664=ADVANCED_FACE('',(#272),#33,.F.);
#2665=ADVANCED_FACE('',(#273,#84),#2549,.T.);
#2666=ADVANCED_FACE('',(#274),#34,.F.);
#2667=ADVANCED_FACE('',(#275,#85),#2550,.T.);
#2668=ADVANCED_FACE('',(#276),#35,.F.);
#2669=ADVANCED_FACE('',(#277,#86),#2551,.T.);
#2670=ADVANCED_FACE('',(#278),#2552,.T.);
#2671=ADVANCED_FACE('',(#279),#36,.F.);
#2672=ADVANCED_FACE('',(#280),#37,.F.);
#2673=ADVANCED_FACE('',(#281),#38,.F.);
#2674=ADVANCED_FACE('',(#282),#39,.F.);
#2675=ADVANCED_FACE('',(#283),#40,.F.);
#2676=ADVANCED_FACE('',(#284,#87,#88,#89,#90,#91),#2553,.F.);
#2677=ADVANCED_FACE('',(#285),#41,.F.);
#2678=ADVANCED_FACE('',(#286,#92),#2554,.T.);
#2679=ADVANCED_FACE('',(#287),#42,.F.);
#2680=ADVANCED_FACE('',(#288,#93),#2555,.T.);
#2681=ADVANCED_FACE('',(#289),#43,.F.);
#2682=ADVANCED_FACE('',(#290,#94),#2556,.T.);
#2683=ADVANCED_FACE('',(#291),#44,.F.);
#2684=ADVANCED_FACE('',(#292,#95),#2557,.T.);
#2685=ADVANCED_FACE('',(#293),#45,.F.);
#2686=ADVANCED_FACE('',(#294),#46,.F.);
#2687=ADVANCED_FACE('',(#295),#47,.F.);
#2688=ADVANCED_FACE('',(#296),#48,.F.);
#2689=ADVANCED_FACE('',(#297),#49,.F.);
#2690=ADVANCED_FACE('',(#298),#2558,.T.);
#2691=ADVANCED_FACE('',(#299),#50,.F.);
#2692=ADVANCED_FACE('',(#300),#2559,.T.);
#2693=ADVANCED_FACE('',(#301),#51,.F.);
#2694=ADVANCED_FACE('',(#302,#96),#2560,.T.);
#2695=ADVANCED_FACE('',(#303),#52,.F.);
#2696=ADVANCED_FACE('',(#304,#97,#98),#2561,.T.);
#2697=ADVANCED_FACE('',(#305),#2562,.T.);
#2698=ADVANCED_FACE('',(#306),#2563,.T.);
#2699=ADVANCED_FACE('',(#307),#2564,.T.);
#2700=ADVANCED_FACE('',(#308,#99),#2565,.T.);
#2701=ADVANCED_FACE('',(#309),#53,.F.);
#2702=ADVANCED_FACE('',(#310),#54,.F.);
#2703=ADVANCED_FACE('',(#311),#55,.F.);
#2704=ADVANCED_FACE('',(#312),#2566,.T.);
#2705=ADVANCED_FACE('',(#313),#56,.F.);
#2706=ADVANCED_FACE('',(#314,#100),#2567,.T.);
#2707=ADVANCED_FACE('',(#315),#57,.F.);
#2708=ADVANCED_FACE('',(#316,#101),#2568,.T.);
#2709=ADVANCED_FACE('',(#317),#58,.F.);
#2710=ADVANCED_FACE('',(#318),#59,.F.);
#2711=ADVANCED_FACE('',(#319,#102,#103,#104,#105,#106,#107),#2569,.F.);
#2712=ADVANCED_FACE('',(#320),#2570,.T.);
#2713=ADVANCED_FACE('',(#321),#2571,.T.);
#2714=ADVANCED_FACE('',(#322),#2572,.T.);
#2715=ADVANCED_FACE('',(#323),#2573,.T.);
#2716=ADVANCED_FACE('',(#324),#2574,.T.);
#2717=ADVANCED_FACE('',(#325),#2575,.T.);
#2718=ADVANCED_FACE('',(#326),#2576,.T.);
#2719=ADVANCED_FACE('',(#327,#108),#2577,.T.);
#2720=ADVANCED_FACE('',(#328),#2578,.T.);
#2721=ADVANCED_FACE('',(#329),#2579,.T.);
#2722=ADVANCED_FACE('',(#330),#2580,.T.);
#2723=ADVANCED_FACE('',(#331,#109),#2581,.T.);
#2724=ADVANCED_FACE('',(#332),#2582,.T.);
#2725=CLOSED_SHELL('',(#2583,#2584,#2585,#2586,#2587,#2588,#2589,#2590,
#2591,#2592,#2593,#2594,#2595,#2596,#2597,#2598,#2599,#2600,#2601,#2602,
#2603,#2604,#2605,#2606,#2607,#2608,#2609,#2610,#2611,#2612,#2613,#2614,
#2615,#2616,#2617,#2618,#2619,#2620,#2621,#2622,#2623,#2624,#2625,#2626,
#2627,#2628,#2629,#2630,#2631,#2632,#2633,#2634,#2635,#2636,#2637,#2638,
#2639,#2640,#2641,#2642,#2643,#2644,#2645,#2646,#2647,#2648,#2649,#2650,
#2651,#2652,#2653,#2654,#2655,#2656,#2657,#2658,#2659,#2660,#2661,#2662,
#2663,#2664,#2665,#2666,#2667,#2668,#2669,#2670,#2671,#2672,#2673,#2674,
#2675,#2676,#2677,#2678,#2679,#2680,#2681,#2682,#2683,#2684,#2685,#2686,
#2687,#2688,#2689,#2690,#2691,#2692,#2693,#2694,#2695,#2696,#2697,#2698,
#2699,#2700,#2701,#2702,#2703,#2704,#2705,#2706,#2707,#2708,#2709,#2710,
#2711,#2712,#2713,#2714,#2715,#2716,#2717,#2718,#2719,#2720,#2721,#2722,
#2723,#2724));
#2726=DERIVED_UNIT_ELEMENT(#2728,1.);
#2727=DERIVED_UNIT_ELEMENT(#4523,-3.);
#2728=(
MASS_UNIT()
NAMED_UNIT(*)
SI_UNIT(.KILO.,.GRAM.)
);
#2729=DERIVED_UNIT((#2726,#2727));
#2730=MEASURE_REPRESENTATION_ITEM('density measure',
POSITIVE_RATIO_MEASURE(1120.),#2729);
#2731=PROPERTY_DEFINITION_REPRESENTATION(#2736,#2733);
#2732=PROPERTY_DEFINITION_REPRESENTATION(#2737,#2734);
#2733=REPRESENTATION('material name',(#2735),#4520);
#2734=REPRESENTATION('density',(#2730),#4520);
#2735=DESCRIPTIVE_REPRESENTATION_ITEM('Nylon 6','Nylon 6');
#2736=PROPERTY_DEFINITION('material property','material name',#4530);
#2737=PROPERTY_DEFINITION('material property','density of part',#4530);
#2738=AXIS2_PLACEMENT_3D('',#3701,#2963,#2964);
#2739=AXIS2_PLACEMENT_3D('',#3702,#2965,#2966);
#2740=AXIS2_PLACEMENT_3D('',#3709,#2970,#2971);
#2741=AXIS2_PLACEMENT_3D('',#3715,#2975,#2976);
#2742=AXIS2_PLACEMENT_3D('',#3719,#2979,#2980);
#2743=AXIS2_PLACEMENT_3D('',#3725,#2983,#2984);
#2744=AXIS2_PLACEMENT_3D('',#3729,#2986,#2987);
#2745=AXIS2_PLACEMENT_3D('',#3734,#2990,#2991);
#2746=AXIS2_PLACEMENT_3D('',#3736,#2992,#2993);
#2747=AXIS2_PLACEMENT_3D('',#3738,#2994,#2995);
#2748=AXIS2_PLACEMENT_3D('',#3740,#2996,#2997);
#2749=AXIS2_PLACEMENT_3D('',#3742,#2998,#2999);
#2750=AXIS2_PLACEMENT_3D('',#3743,#3000,#3001);
#2751=AXIS2_PLACEMENT_3D('',#3750,#3004,#3005);
#2752=AXIS2_PLACEMENT_3D('',#3754,#3007,#3008);
#2753=AXIS2_PLACEMENT_3D('',#3756,#3010,#3011);
#2754=AXIS2_PLACEMENT_3D('',#3763,#3015,#3016);
#2755=AXIS2_PLACEMENT_3D('',#3769,#3020,#3021);
#2756=AXIS2_PLACEMENT_3D('',#3773,#3024,#3025);
#2757=AXIS2_PLACEMENT_3D('',#3777,#3027,#3028);
#2758=AXIS2_PLACEMENT_3D('',#3782,#3031,#3032);
#2759=AXIS2_PLACEMENT_3D('',#3784,#3034,#3035);
#2760=AXIS2_PLACEMENT_3D('',#3787,#3036,#3037);
#2761=AXIS2_PLACEMENT_3D('',#3789,#3039,#3040);
#2762=AXIS2_PLACEMENT_3D('',#3800,#3043,#3044);
#2763=AXIS2_PLACEMENT_3D('',#3802,#3045,#3046);
#2764=AXIS2_PLACEMENT_3D('',#3806,#3048,#3049);
#2765=AXIS2_PLACEMENT_3D('',#3809,#3051,#3052);
#2766=AXIS2_PLACEMENT_3D('',#3810,#3053,#3054);
#2767=AXIS2_PLACEMENT_3D('',#3812,#3056,#3057);
#2768=AXIS2_PLACEMENT_3D('',#3814,#3059,#3060);
#2769=AXIS2_PLACEMENT_3D('',#3863,#3065,#3066);
#2770=AXIS2_PLACEMENT_3D('',#3864,#3067,#3068);
#2771=AXIS2_PLACEMENT_3D('',#3865,#3069,#3070);
#2772=AXIS2_PLACEMENT_3D('',#3868,#3072,#3073);
#2773=AXIS2_PLACEMENT_3D('',#3870,#3074,#3075);
#2774=AXIS2_PLACEMENT_3D('',#3873,#3077,#3078);
#2775=AXIS2_PLACEMENT_3D('',#3875,#3079,#3080);
#2776=AXIS2_PLACEMENT_3D('',#3877,#3081,#3082);
#2777=AXIS2_PLACEMENT_3D('',#3879,#3083,#3084);
#2778=AXIS2_PLACEMENT_3D('',#3881,#3085,#3086);
#2779=AXIS2_PLACEMENT_3D('',#3882,#3087,#3088);
#2780=AXIS2_PLACEMENT_3D('',#3884,#3089,#3090);
#2781=AXIS2_PLACEMENT_3D('',#3885,#3091,#3092);
#2782=AXIS2_PLACEMENT_3D('',#3886,#3093,#3094);
#2783=AXIS2_PLACEMENT_3D('',#3888,#3095,#3096);
#2784=AXIS2_PLACEMENT_3D('',#3889,#3097,#3098);
#2785=AXIS2_PLACEMENT_3D('',#3890,#3099,#3100);
#2786=AXIS2_PLACEMENT_3D('',#3892,#3101,#3102);
#2787=AXIS2_PLACEMENT_3D('',#3894,#3104,#3105);
#2788=AXIS2_PLACEMENT_3D('',#3907,#3112,#3113);
#2789=AXIS2_PLACEMENT_3D('',#3913,#3117,#3118);
#2790=AXIS2_PLACEMENT_3D('',#3917,#3121,#3122);
#2791=AXIS2_PLACEMENT_3D('',#3921,#3125,#3126);
#2792=AXIS2_PLACEMENT_3D('',#3925,#3129,#3130);
#2793=AXIS2_PLACEMENT_3D('',#3929,#3133,#3134);
#2794=AXIS2_PLACEMENT_3D('',#3931,#3136,#3137);
#2795=AXIS2_PLACEMENT_3D('',#3944,#3144,#3145);
#2796=AXIS2_PLACEMENT_3D('',#3950,#3149,#3150);
#2797=AXIS2_PLACEMENT_3D('',#3954,#3153,#3154);
#2798=AXIS2_PLACEMENT_3D('',#3958,#3157,#3158);
#2799=AXIS2_PLACEMENT_3D('',#3962,#3161,#3162);
#2800=AXIS2_PLACEMENT_3D('',#3966,#3165,#3166);
#2801=AXIS2_PLACEMENT_3D('',#3968,#3168,#3169);
#2802=AXIS2_PLACEMENT_3D('',#3977,#3174,#3175);
#2803=AXIS2_PLACEMENT_3D('',#4023,#3199,#3200);
#2804=AXIS2_PLACEMENT_3D('',#4043,#3211,#3212);
#2805=AXIS2_PLACEMENT_3D('',#4053,#3218,#3219);
#2806=AXIS2_PLACEMENT_3D('',#4057,#3222,#3223);
#2807=AXIS2_PLACEMENT_3D('',#4067,#3229,#3230);
#2808=AXIS2_PLACEMENT_3D('',#4071,#3233,#3234);
#2809=AXIS2_PLACEMENT_3D('',#4081,#3240,#3241);
#2810=AXIS2_PLACEMENT_3D('',#4083,#3243,#3244);
#2811=AXIS2_PLACEMENT_3D('',#4087,#3247,#3248);
#2812=AXIS2_PLACEMENT_3D('',#4097,#3254,#3255);
#2813=AXIS2_PLACEMENT_3D('',#4101,#3258,#3259);
#2814=AXIS2_PLACEMENT_3D('',#4107,#3263,#3264);
#2815=AXIS2_PLACEMENT_3D('',#4112,#3269,#3270);
#2816=AXIS2_PLACEMENT_3D('',#4118,#3274,#3275);
#2817=AXIS2_PLACEMENT_3D('',#4120,#3276,#3277);
#2818=AXIS2_PLACEMENT_3D('',#4122,#3279,#3280);
#2819=AXIS2_PLACEMENT_3D('',#4124,#3281,#3282);
#2820=AXIS2_PLACEMENT_3D('',#4126,#3283,#3284);
#2821=AXIS2_PLACEMENT_3D('',#4127,#3285,#3286);
#2822=AXIS2_PLACEMENT_3D('',#4128,#3287,#3288);
#2823=AXIS2_PLACEMENT_3D('',#4131,#3291,#3292);
#2824=AXIS2_PLACEMENT_3D('',#4136,#3297,#3298);
#2825=AXIS2_PLACEMENT_3D('',#4137,#3299,#3300);
#2826=AXIS2_PLACEMENT_3D('',#4138,#3301,#3302);
#2827=AXIS2_PLACEMENT_3D('',#4139,#3303,#3304);
#2828=AXIS2_PLACEMENT_3D('',#4148,#3309,#3310);
#2829=AXIS2_PLACEMENT_3D('',#4150,#3311,#3312);
#2830=AXIS2_PLACEMENT_3D('',#4151,#3313,#3314);
#2831=AXIS2_PLACEMENT_3D('',#4165,#3322,#3323);
#2832=AXIS2_PLACEMENT_3D('',#4171,#3326,#3327);
#2833=AXIS2_PLACEMENT_3D('',#4175,#3330,#3331);
#2834=AXIS2_PLACEMENT_3D('',#4179,#3334,#3335);
#2835=AXIS2_PLACEMENT_3D('',#4181,#3337,#3338);
#2836=AXIS2_PLACEMENT_3D('',#4186,#3341,#3342);
#2837=AXIS2_PLACEMENT_3D('',#4188,#3343,#3344);
#2838=AXIS2_PLACEMENT_3D('',#4189,#3345,#3346);
#2839=AXIS2_PLACEMENT_3D('',#4197,#3351,#3352);
#2840=AXIS2_PLACEMENT_3D('',#4207,#3358,#3359);
#2841=AXIS2_PLACEMENT_3D('',#4211,#3362,#3363);
#2842=AXIS2_PLACEMENT_3D('',#4215,#3366,#3367);
#2843=AXIS2_PLACEMENT_3D('',#4219,#3370,#3371);
#2844=AXIS2_PLACEMENT_3D('',#4223,#3374,#3375);
#2845=AXIS2_PLACEMENT_3D('',#4225,#3377,#3378);
#2846=AXIS2_PLACEMENT_3D('',#4226,#3379,#3380);
#2847=AXIS2_PLACEMENT_3D('',#4236,#3386,#3387);
#2848=AXIS2_PLACEMENT_3D('',#4240,#3390,#3391);
#2849=AXIS2_PLACEMENT_3D('',#4244,#3394,#3395);
#2850=AXIS2_PLACEMENT_3D('',#4248,#3398,#3399);
#2851=AXIS2_PLACEMENT_3D('',#4252,#3402,#3403);
#2852=AXIS2_PLACEMENT_3D('',#4254,#3405,#3406);
#2853=AXIS2_PLACEMENT_3D('',#4255,#3407,#3408);
#2854=AXIS2_PLACEMENT_3D('',#4256,#3409,#3410);
#2855=AXIS2_PLACEMENT_3D('',#4257,#3411,#3412);
#2856=AXIS2_PLACEMENT_3D('',#4259,#3414,#3415);
#2857=AXIS2_PLACEMENT_3D('',#4262,#3417,#3418);
#2858=AXIS2_PLACEMENT_3D('',#4263,#3419,#3420);
#2859=AXIS2_PLACEMENT_3D('',#4265,#3421,#3422);
#2860=AXIS2_PLACEMENT_3D('',#4266,#3423,#3424);
#2861=AXIS2_PLACEMENT_3D('',#4269,#3426,#3427);
#2862=AXIS2_PLACEMENT_3D('',#4270,#3428,#3429);
#2863=AXIS2_PLACEMENT_3D('',#4272,#3430,#3431);
#2864=AXIS2_PLACEMENT_3D('',#4273,#3432,#3433);
#2865=AXIS2_PLACEMENT_3D('',#4276,#3435,#3436);
#2866=AXIS2_PLACEMENT_3D('',#4277,#3437,#3438);
#2867=AXIS2_PLACEMENT_3D('',#4279,#3439,#3440);
#2868=AXIS2_PLACEMENT_3D('',#4280,#3441,#3442);
#2869=AXIS2_PLACEMENT_3D('',#4283,#3444,#3445);
#2870=AXIS2_PLACEMENT_3D('',#4284,#3446,#3447);
#2871=AXIS2_PLACEMENT_3D('',#4286,#3448,#3449);
#2872=AXIS2_PLACEMENT_3D('',#4287,#3450,#3451);
#2873=AXIS2_PLACEMENT_3D('',#4288,#3452,#3453);
#2874=AXIS2_PLACEMENT_3D('',#4291,#3455,#3456);
#2875=AXIS2_PLACEMENT_3D('',#4292,#3457,#3458);
#2876=AXIS2_PLACEMENT_3D('',#4295,#3460,#3461);
#2877=AXIS2_PLACEMENT_3D('',#4296,#3462,#3463);
#2878=AXIS2_PLACEMENT_3D('',#4299,#3465,#3466);
#2879=AXIS2_PLACEMENT_3D('',#4300,#3467,#3468);
#2880=AXIS2_PLACEMENT_3D('',#4303,#3470,#3471);
#2881=AXIS2_PLACEMENT_3D('',#4304,#3472,#3473);
#2882=AXIS2_PLACEMENT_3D('',#4307,#3475,#3476);
#2883=AXIS2_PLACEMENT_3D('',#4308,#3477,#3478);
#2884=AXIS2_PLACEMENT_3D('',#4309,#3479,#3480);
#2885=AXIS2_PLACEMENT_3D('',#4311,#3481,#3482);
#2886=AXIS2_PLACEMENT_3D('',#4314,#3484,#3485);
#2887=AXIS2_PLACEMENT_3D('',#4315,#3486,#3487);
#2888=AXIS2_PLACEMENT_3D('',#4317,#3488,#3489);
#2889=AXIS2_PLACEMENT_3D('',#4318,#3490,#3491);
#2890=AXIS2_PLACEMENT_3D('',#4320,#3492,#3493);
#2891=AXIS2_PLACEMENT_3D('',#4323,#3495,#3496);
#2892=AXIS2_PLACEMENT_3D('',#4324,#3497,#3498);
#2893=AXIS2_PLACEMENT_3D('',#4326,#3499,#3500);
#2894=AXIS2_PLACEMENT_3D('',#4327,#3501,#3502);
#2895=AXIS2_PLACEMENT_3D('',#4329,#3503,#3504);
#2896=AXIS2_PLACEMENT_3D('',#4332,#3506,#3507);
#2897=AXIS2_PLACEMENT_3D('',#4333,#3508,#3509);
#2898=AXIS2_PLACEMENT_3D('',#4335,#3510,#3511);
#2899=AXIS2_PLACEMENT_3D('',#4336,#3512,#3513);
#2900=AXIS2_PLACEMENT_3D('',#4338,#3514,#3515);
#2901=AXIS2_PLACEMENT_3D('',#4341,#3517,#3518);
#2902=AXIS2_PLACEMENT_3D('',#4342,#3519,#3520);
#2903=AXIS2_PLACEMENT_3D('',#4344,#3521,#3522);
#2904=AXIS2_PLACEMENT_3D('',#4345,#3523,#3524);
#2905=AXIS2_PLACEMENT_3D('',#4347,#3526,#3527);
#2906=AXIS2_PLACEMENT_3D('',#4349,#3529,#3530);
#2907=AXIS2_PLACEMENT_3D('',#4351,#3531,#3532);
#2908=AXIS2_PLACEMENT_3D('',#4353,#3534,#3535);
#2909=AXIS2_PLACEMENT_3D('',#4355,#3537,#3538);
#2910=AXIS2_PLACEMENT_3D('',#4357,#3540,#3541);
#2911=AXIS2_PLACEMENT_3D('',#4363,#3545,#3546);
#2912=AXIS2_PLACEMENT_3D('',#4372,#3548,#3549);
#2913=AXIS2_PLACEMENT_3D('',#4378,#3553,#3554);
#2914=AXIS2_PLACEMENT_3D('',#4387,#3556,#3557);
#2915=AXIS2_PLACEMENT_3D('',#4389,#3558,#3559);
#2916=AXIS2_PLACEMENT_3D('',#4390,#3560,#3561);
#2917=AXIS2_PLACEMENT_3D('',#4392,#3562,#3563);
#2918=AXIS2_PLACEMENT_3D('',#4393,#3564,#3565);
#2919=AXIS2_PLACEMENT_3D('',#4396,#3567,#3568);
#2920=AXIS2_PLACEMENT_3D('',#4397,#3569,#3570);
#2921=AXIS2_PLACEMENT_3D('',#4398,#3571,#3572);
#2922=AXIS2_PLACEMENT_3D('',#4400,#3574,#3575);
#2923=AXIS2_PLACEMENT_3D('',#4406,#3579,#3580);
#2924=AXIS2_PLACEMENT_3D('',#4412,#3584,#3585);
#2925=AXIS2_PLACEMENT_3D('',#4414,#3586,#3587);
#2926=AXIS2_PLACEMENT_3D('',#4421,#3591,#3592);
#2927=AXIS2_PLACEMENT_3D('',#4422,#3593,#3594);
#2928=AXIS2_PLACEMENT_3D('',#4424,#3595,#3596);
#2929=AXIS2_PLACEMENT_3D('',#4425,#3597,#3598);
#2930=AXIS2_PLACEMENT_3D('',#4427,#3600,#3601);
#2931=AXIS2_PLACEMENT_3D('',#4429,#3602,#3603);
#2932=AXIS2_PLACEMENT_3D('',#4432,#3605,#3606);
#2933=AXIS2_PLACEMENT_3D('',#4434,#3608,#3609);
#2934=AXIS2_PLACEMENT_3D('',#4436,#3610,#3611);
#2935=AXIS2_PLACEMENT_3D('',#4439,#3613,#3614);
#2936=AXIS2_PLACEMENT_3D('',#4441,#3616,#3617);
#2937=AXIS2_PLACEMENT_3D('',#4447,#3621,#3622);
#2938=AXIS2_PLACEMENT_3D('',#4450,#3624,#3625);
#2939=AXIS2_PLACEMENT_3D('',#4451,#3626,#3627);
#2940=AXIS2_PLACEMENT_3D('',#4453,#3628,#3629);
#2941=AXIS2_PLACEMENT_3D('',#4454,#3630,#3631);
#2942=AXIS2_PLACEMENT_3D('',#4457,#3633,#3634);
#2943=AXIS2_PLACEMENT_3D('',#4458,#3635,#3636);
#2944=AXIS2_PLACEMENT_3D('',#4460,#3637,#3638);
#2945=AXIS2_PLACEMENT_3D('',#4461,#3639,#3640);
#2946=AXIS2_PLACEMENT_3D('',#4464,#3642,#3643);
#2947=AXIS2_PLACEMENT_3D('',#4465,#3644,#3645);
#2948=AXIS2_PLACEMENT_3D('',#4468,#3647,#3648);
#2949=AXIS2_PLACEMENT_3D('',#4469,#3649,#3650);
#2950=AXIS2_PLACEMENT_3D('',#4494,#3664,#3665);
#2951=AXIS2_PLACEMENT_3D('',#4497,#3668,#3669);
#2952=AXIS2_PLACEMENT_3D('',#4499,#3671,#3672);
#2953=AXIS2_PLACEMENT_3D('',#4500,#3673,#3674);
#2954=AXIS2_PLACEMENT_3D('',#4503,#3677,#3678);
#2955=AXIS2_PLACEMENT_3D('',#4504,#3679,#3680);
#2956=AXIS2_PLACEMENT_3D('',#4505,#3681,#3682);
#2957=AXIS2_PLACEMENT_3D('',#4507,#3684,#3685);
#2958=AXIS2_PLACEMENT_3D('',#4509,#3687,#3688);
#2959=AXIS2_PLACEMENT_3D('',#4511,#3690,#3691);
#2960=AXIS2_PLACEMENT_3D('',#4513,#3693,#3694);
#2961=AXIS2_PLACEMENT_3D('',#4515,#3696,#3697);
#2962=AXIS2_PLACEMENT_3D('',#4517,#3699,#3700);
#2963=DIRECTION('axis',(0.,0.,1.));
#2964=DIRECTION('refdir',(1.,0.,0.));
#2965=DIRECTION('center_axis',(0.,1.,4.93038065763062E-32));
#2966=DIRECTION('ref_axis',(1.,1.09476442525341E-47,-2.2204460492499E-16));
#2967=DIRECTION('',(-1.,0.,0.));
#2968=DIRECTION('',(0.,-4.93038065763062E-32,1.));
#2969=DIRECTION('',(-0.707106781186492,2.49190750555757E-17,0.707106781186603));
#2970=DIRECTION('center_axis',(-0.707106781186603,3.48630559684133E-32,
-0.707106781186492));
#2971=DIRECTION('ref_axis',(-0.707106781186492,2.49190750555757E-17,0.707106781186603));
#2972=DIRECTION('',(-4.93038065762985E-32,-1.,0.));
#2973=DIRECTION('',(0.,1.,4.93038065763062E-32));
#2974=DIRECTION('',(-0.707106781186492,2.49190750555757E-17,0.707106781186603));
#2975=DIRECTION('center_axis',(1.26363232165565E-17,1.,-2.28685222740522E-17));
#2976=DIRECTION('ref_axis',(1.,-1.26363232165565E-17,-2.2204460492499E-16));
#2977=DIRECTION('',(1.,-1.26363232165565E-17,0.));
#2978=DIRECTION('',(0.,-2.28685222740522E-17,-1.));
#2979=DIRECTION('center_axis',(1.,0.,0.));
#2980=DIRECTION('ref_axis',(0.,1.,0.));
#2981=DIRECTION('',(-2.46519031044862E-31,-1.,0.));
#2982=DIRECTION('',(0.,1.48029736616688E-16,1.));
#2983=DIRECTION('center_axis',(1.,0.,0.));
#2984=DIRECTION('ref_axis',(0.,1.,0.));
#2985=DIRECTION('',(0.,-0.615661475325659,0.788010753606722));
#2986=DIRECTION('center_axis',(1.,0.,0.));
#2987=DIRECTION('ref_axis',(0.,1.,0.));
#2988=DIRECTION('',(0.,2.96059473233375E-16,1.));
#2989=DIRECTION('',(-2.46519031044862E-31,-1.,0.));
#2990=DIRECTION('center_axis',(-1.,0.,0.));
#2991=DIRECTION('ref_axis',(0.,1.,0.));
#2992=DIRECTION('center_axis',(-1.,0.,0.));
#2993=DIRECTION('ref_axis',(0.,1.,0.));
#2994=DIRECTION('center_axis',(-1.,0.,0.));
#2995=DIRECTION('ref_axis',(0.,1.,0.));
#2996=DIRECTION('center_axis',(-1.,0.,0.));
#2997=DIRECTION('ref_axis',(0.,1.,0.));
#2998=DIRECTION('center_axis',(-1.,0.,0.));
#2999=DIRECTION('ref_axis',(0.,1.,0.));
#3000=DIRECTION('center_axis',(0.,0.,1.));
#3001=DIRECTION('ref_axis',(-2.22044604925038E-16,-1.,0.));
#3002=DIRECTION('',(0.,1.,0.));
#3003=DIRECTION('',(1.,0.,0.));
#3004=DIRECTION('center_axis',(0.,0.,-1.));
#3005=DIRECTION('ref_axis',(-0.707106781186546,0.707106781186549,0.));
#3006=DIRECTION('',(-2.22044604925038E-16,-1.,0.));
#3007=DIRECTION('center_axis',(0.,0.,-1.));
#3008=DIRECTION('ref_axis',(-0.707106781186548,-0.707106781186548,0.));
#3009=DIRECTION('',(1.,0.,0.));
#3010=DIRECTION('center_axis',(-5.10501624437849E-18,1.,1.65814401341356E-17));
#3011=DIRECTION('ref_axis',(1.,5.10501624437849E-18,-2.2204460492499E-16));
#3012=DIRECTION('',(1.,5.10501624437849E-18,0.));
#3013=DIRECTION('',(1.84410891115942E-14,-1.65814401341355E-17,1.));
#3014=DIRECTION('',(-0.707106781186185,2.70704534463798E-17,-0.707106781186911));
#3015=DIRECTION('center_axis',(0.707106781186911,3.48630559683981E-32,-0.707106781186185));
#3016=DIRECTION('ref_axis',(-0.707106781186185,2.70704534463798E-17,-0.707106781186911));
#3017=DIRECTION('',(-4.93038065762556E-32,1.,0.));
#3018=DIRECTION('',(-2.22044604925042E-16,-1.,-2.2204460492527E-16));
#3019=DIRECTION('',(-0.707106781186185,2.70704534463798E-17,-0.707106781186911));
#3020=DIRECTION('center_axis',(0.,1.,4.93038065763062E-32));
#3021=DIRECTION('ref_axis',(1.,1.09476442525341E-47,-2.2204460492499E-16));
#3022=DIRECTION('',(-1.,0.,0.));
#3023=DIRECTION('',(-1.84410891115942E-14,4.93038065763062E-32,-1.));
#3024=DIRECTION('center_axis',(0.,0.,-1.));
#3025=DIRECTION('ref_axis',(2.22044604925038E-16,1.,0.));
#3026=DIRECTION('',(1.,0.,0.));
#3027=DIRECTION('center_axis',(0.,0.,1.));
#3028=DIRECTION('ref_axis',(0.707106781186554,-0.707106781186541,-5.02429586778805E-14));
#3029=DIRECTION('',(-2.22044604925038E-16,-1.,0.));
#3030=DIRECTION('',(-2.22044604925038E-16,-1.,0.));
#3031=DIRECTION('center_axis',(0.,0.,1.));
#3032=DIRECTION('ref_axis',(0.707106781186552,0.707106781186543,-5.02429586778804E-14));
#3033=DIRECTION('',(1.,0.,0.));
#3034=DIRECTION('center_axis',(0.998789277361774,0.0387648386909576,0.030286411283109));
#3035=DIRECTION('ref_axis',(-0.049193286403183,0.787056691148165,0.614916080039998));
#3036=DIRECTION('center_axis',(0.998789277361774,0.0387648386909576,0.030286411283109));
#3037=DIRECTION('ref_axis',(-0.0491932864031822,0.787056691148015,0.614916080040189));
#3038=DIRECTION('',(-9.76996261670138E-15,-0.615661475325659,0.788010753606722));
#3039=DIRECTION('center_axis',(8.15433179913125E-17,0.788010753606722,0.615661475325659));
#3040=DIRECTION('ref_axis',(-1.,1.99159850020592E-16,-1.22464679914776E-16));
#3041=DIRECTION('',(1.,0.,0.));
#3042=DIRECTION('',(-1.,0.,0.));
#3043=DIRECTION('center_axis',(1.,-1.22464679914741E-16,0.));
#3044=DIRECTION('ref_axis',(7.34788079488412E-17,1.,8.99855869597115E-33));
#3045=DIRECTION('center_axis',(1.,-1.22464679914735E-16,1.22464679914735E-16));
#3046=DIRECTION('ref_axis',(0.,1.,0.));
#3047=DIRECTION('',(0.440015247772983,0.897990301577517,1.7014946281838E-13));
#3048=DIRECTION('center_axis',(-1.,1.22464679914735E-16,-1.22464679914735E-16));
#3049=DIRECTION('ref_axis',(1.22464679914735E-16,1.,1.49975978266186E-32));
#3050=DIRECTION('',(0.440015247772984,-0.897990301577517,0.));
#3051=DIRECTION('center_axis',(1.,-1.22464679914735E-16,1.22464679914735E-16));
#3052=DIRECTION('ref_axis',(0.,1.,0.));
#3053=DIRECTION('center_axis',(1.,0.,0.));
#3054=DIRECTION('ref_axis',(0.,1.,0.));
#3055=DIRECTION('',(1.,0.,0.));
#3056=DIRECTION('center_axis',(1.,0.,0.));
#3057=DIRECTION('ref_axis',(0.,1.,0.));
#3058=DIRECTION('',(1.,0.,0.));
#3059=DIRECTION('center_axis',(8.15433179913129E-17,0.788010753606723,0.615661475325657));
#3060=DIRECTION('ref_axis',(-1.,1.99159850020592E-16,-1.22464679914776E-16));
#3061=DIRECTION('',(-3.1347473636475E-15,-0.615661475325657,0.788010753606723));
#3062=DIRECTION('',(1.,0.,0.));
#3063=DIRECTION('',(1.43950722190999E-14,-0.615661475325657,0.788010753606723));
#3064=DIRECTION('',(-1.,0.,0.));
#3065=DIRECTION('center_axis',(1.,-1.99420019813836E-15,2.42001155293707E-15));
#3066=DIRECTION('ref_axis',(8.15433179913126E-17,0.788010753606722,0.615661475325658));
#3067=DIRECTION('center_axis',(1.,-1.1081224015317E-15,-8.01053877932858E-15));
#3068=DIRECTION('ref_axis',(-8.01053877932858E-15,0.,-1.));
#3069=DIRECTION('center_axis',(-1.,2.22044604925038E-16,1.84410891115942E-14));
#3070=DIRECTION('ref_axis',(1.84410891115942E-14,0.,1.));
#3071=DIRECTION('',(1.84410891115942E-14,1.48029736616688E-16,1.));
#3072=DIRECTION('center_axis',(1.,-2.22044604925038E-16,-1.84410891115942E-14));
#3073=DIRECTION('ref_axis',(-1.84410891115942E-14,4.2728622880279E-17,-1.));
#3074=DIRECTION('center_axis',(1.,-2.22044604925038E-16,-1.84410891115942E-14));
#3075=DIRECTION('ref_axis',(-1.84410891115942E-14,4.2728622880279E-17,-1.));
#3076=DIRECTION('',(-1.84410891115942E-14,-2.96059473233375E-16,-1.));
#3077=DIRECTION('center_axis',(1.,-2.22044604925038E-16,-1.84410891115942E-14));
#3078=DIRECTION('ref_axis',(0.,1.,4.93038065763062E-32));
#3079=DIRECTION('center_axis',(1.,-2.22044604925038E-16,-1.84410891115942E-14));
#3080=DIRECTION('ref_axis',(0.,1.,4.93038065763062E-32));
#3081=DIRECTION('center_axis',(1.,-2.22044604925038E-16,-1.84410891115942E-14));
#3082=DIRECTION('ref_axis',(0.,1.,4.93038065763062E-32));
#3083=DIRECTION('center_axis',(1.,-2.22044604925038E-16,-1.84410891115942E-14));
#3084=DIRECTION('ref_axis',(0.,1.,4.93038065763062E-32));
#3085=DIRECTION('center_axis',(1.,-2.22044604925038E-16,-1.84410891115942E-14));
#3086=DIRECTION('ref_axis',(0.,1.,0.));
#3087=DIRECTION('center_axis',(-1.,2.22044604925038E-16,1.84410891115942E-14));
#3088=DIRECTION('ref_axis',(1.77635683940025E-14,0.,1.));
#3089=DIRECTION('center_axis',(-1.,2.22044604925038E-16,1.84410891115942E-14));
#3090=DIRECTION('ref_axis',(-1.844589296122E-14,4.2728622880279E-17,-1.));
#3091=DIRECTION('center_axis',(-3.55271367879991E-14,-1.77635683940178E-13,
-1.));
#3092=DIRECTION('ref_axis',(0.,-1.,1.77635683940178E-13));
#3093=DIRECTION('center_axis',(-1.,2.22044604925038E-16,1.84410891115942E-14));
#3094=DIRECTION('ref_axis',(-1.6579330501069E-14,0.455258433885213,-0.890359342275007));
#3095=DIRECTION('center_axis',(3.55271367880051E-14,0.,1.));
#3096=DIRECTION('ref_axis',(0.,1.,0.));
#3097=DIRECTION('center_axis',(-1.,2.22044604925038E-16,1.84410891115942E-14));
#3098=DIRECTION('ref_axis',(-1.844589296122E-14,4.2728622880279E-17,-1.));
#3099=DIRECTION('center_axis',(-1.,0.,0.));
#3100=DIRECTION('ref_axis',(0.,1.,0.));
#3101=DIRECTION('center_axis',(1.,-2.22044604925038E-16,-1.84410891115942E-14));
#3102=DIRECTION('ref_axis',(-1.84458929612201E-14,7.97360570344521E-17,
-1.));
#3103=DIRECTION('',(-1.,0.,0.));
#3104=DIRECTION('center_axis',(4.44089209850021E-16,2.22044604925031E-16,
1.));
#3105=DIRECTION('ref_axis',(1.,-3.33066907387547E-16,-4.44089209850021E-16));
#3106=DIRECTION('',(1.,-1.22464679914735E-16,-4.44089209850021E-16));
#3107=DIRECTION('',(-3.33066907387547E-16,-1.,2.22044604925031E-16));
#3108=DIRECTION('',(1.,-3.33066907387547E-16,-4.44089209850021E-16));
#3109=DIRECTION('',(-3.33066907387547E-16,-1.,2.22044604925031E-16));
#3110=DIRECTION('',(1.,-3.33066907387547E-16,-4.44089209850021E-16));
#3111=DIRECTION('',(-3.33066907387547E-16,-1.,2.22044604925031E-16));
#3112=DIRECTION('center_axis',(-1.,3.33066907387547E-16,4.44089209850021E-16));
#3113=DIRECTION('ref_axis',(3.33066907387547E-16,1.,-2.22044604925031E-16));
#3114=DIRECTION('',(4.44089209850021E-16,-2.28847549044395E-17,1.));
#3115=DIRECTION('',(3.33066907387547E-16,1.,-2.22044604925031E-16));
#3116=DIRECTION('',(-4.44089209850021E-16,-2.22044604925031E-16,-1.));
#3117=DIRECTION('center_axis',(-3.33066907387547E-16,-1.,2.22044604925031E-16));
#3118=DIRECTION('ref_axis',(-1.,3.33066907387547E-16,4.44089209850021E-16));
#3119=DIRECTION('',(-1.,3.33066907387547E-16,4.44089209850021E-16));
#3120=DIRECTION('',(-4.44089209850021E-16,-2.22044604925031E-16,-1.));
#3121=DIRECTION('center_axis',(1.,-3.33066907387547E-16,-4.44089209850021E-16));
#3122=DIRECTION('ref_axis',(-3.33066907387547E-16,-1.,2.22044604925031E-16));
#3123=DIRECTION('',(-3.33066907387547E-16,-1.,2.22044604925031E-16));
#3124=DIRECTION('',(-4.44089209850021E-16,-2.22044604925031E-16,-1.));
#3125=DIRECTION('center_axis',(3.33066907387547E-16,1.,-2.22044604925031E-16));
#3126=DIRECTION('ref_axis',(1.,-3.33066907387547E-16,-4.44089209850021E-16));
#3127=DIRECTION('',(1.,-3.33066907387547E-16,-4.44089209850021E-16));
#3128=DIRECTION('',(-4.44089209850021E-16,-2.22044604925031E-16,-1.));
#3129=DIRECTION('center_axis',(1.,-3.33066907387547E-16,-4.44089209850021E-16));
#3130=DIRECTION('ref_axis',(-3.33066907387547E-16,-1.,2.22044604925031E-16));
#3131=DIRECTION('',(-4.44089209850021E-16,2.28847549044395E-17,-1.));
#3132=DIRECTION('',(-3.33066907387547E-16,-1.,2.22044604925031E-16));
#3133=DIRECTION('center_axis',(-4.44089209850021E-16,-2.22044604925031E-16,
-1.));
#3134=DIRECTION('ref_axis',(-3.33066907387547E-16,-1.,2.22044604925031E-16));
#3135=DIRECTION('',(-1.,1.22464679914735E-16,4.44089209850021E-16));
#3136=DIRECTION('center_axis',(-4.44089209850021E-16,-2.22044604925031E-16,
-1.));
#3137=DIRECTION('ref_axis',(-3.33066907387547E-16,-1.,2.22044604925031E-16));
#3138=DIRECTION('',(-1.,1.22464679914735E-16,4.44089209850021E-16));
#3139=DIRECTION('',(-3.33066907387547E-16,-1.,2.22044604925031E-16));
#3140=DIRECTION('',(-1.,3.33066907387547E-16,4.44089209850021E-16));
#3141=DIRECTION('',(-1.88737914186277E-15,1.,-2.2204460492503E-16));
#3142=DIRECTION('',(1.,-3.33066907387547E-16,-4.44089209850021E-16));
#3143=DIRECTION('',(3.33066907387547E-16,1.,-2.22044604925031E-16));
#3144=DIRECTION('center_axis',(-3.33066907387547E-16,-1.,2.22044604925031E-16));
#3145=DIRECTION('ref_axis',(-1.,3.33066907387547E-16,4.44089209850021E-16));
#3146=DIRECTION('',(1.,-3.33066907387547E-16,-4.44089209850021E-16));
#3147=DIRECTION('',(-4.44089209850021E-16,-2.22044604925031E-16,-1.));
#3148=DIRECTION('',(-4.44089209850021E-16,-2.22044604925031E-16,-1.));
#3149=DIRECTION('center_axis',(-1.,-1.88737914186277E-15,4.44089209850022E-16));
#3150=DIRECTION('ref_axis',(-1.88737914186277E-15,1.,-2.2204460492503E-16));
#3151=DIRECTION('',(1.88737914186277E-15,-1.,2.2204460492503E-16));
#3152=DIRECTION('',(-4.44089209850021E-16,-2.22044604925031E-16,-1.));
#3153=DIRECTION('center_axis',(3.33066907387547E-16,1.,-2.22044604925031E-16));
#3154=DIRECTION('ref_axis',(1.,-3.33066907387547E-16,-4.44089209850021E-16));
#3155=DIRECTION('',(1.,-3.33066907387547E-16,-4.44089209850021E-16));
#3156=DIRECTION('',(-4.44089209850021E-16,-2.22044604925031E-16,-1.));
#3157=DIRECTION('center_axis',(1.,-3.33066907387547E-16,-4.44089209850021E-16));
#3158=DIRECTION('ref_axis',(-3.33066907387547E-16,-1.,2.22044604925031E-16));
#3159=DIRECTION('',(-4.44089209850021E-16,2.28847549044395E-17,-1.));
#3160=DIRECTION('',(-3.33066907387547E-16,-1.,2.22044604925031E-16));
#3161=DIRECTION('center_axis',(-1.,3.33066907387547E-16,4.44089209850021E-16));
#3162=DIRECTION('ref_axis',(3.33066907387547E-16,1.,-2.22044604925031E-16));
#3163=DIRECTION('',(4.44089209850021E-16,-2.28847549044395E-17,1.));
#3164=DIRECTION('',(-3.33066907387547E-16,-1.,2.22044604925031E-16));
#3165=DIRECTION('center_axis',(4.44089209850021E-16,2.22044604925031E-16,
1.));
#3166=DIRECTION('ref_axis',(1.,-3.33066907387547E-16,-4.44089209850021E-16));
#3167=DIRECTION('',(1.,-1.22464679914735E-16,-4.44089209850021E-16));
#3168=DIRECTION('center_axis',(2.2204460492499E-16,0.,1.));
#3169=DIRECTION('ref_axis',(1.,9.68835037077304E-34,-2.2204460492499E-16));
#3170=DIRECTION('',(-1.,1.22464679914735E-16,2.2204460492499E-16));
#3171=DIRECTION('',(1.22464679914735E-16,1.,-2.71926214689328E-32));
#3172=DIRECTION('',(1.,-1.22464679914735E-16,-2.2204460492499E-16));
#3173=DIRECTION('',(0.,1.,0.));
#3174=DIRECTION('center_axis',(1.,-1.22464679914735E-16,1.22464679914735E-16));
#3175=DIRECTION('ref_axis',(-1.22464679914735E-16,-1.,-2.28847549044394E-17));
#3176=DIRECTION('',(-1.22464679914735E-16,-1.,-2.28847549044394E-17));
#3177=DIRECTION('',(1.22464679914735E-16,2.28847549044394E-17,-1.));
#3178=DIRECTION('',(-8.52748123700974E-17,0.267293483158392,0.963615168965835));
#3179=DIRECTION('',(1.22464679914735E-16,2.28847549044394E-17,-1.));
#3180=DIRECTION('',(1.22464679914735E-16,1.,2.28847549044394E-17));
#3181=DIRECTION('',(-1.22464679914735E-16,-2.28847549044394E-17,1.));
#3182=DIRECTION('',(1.22464679914735E-16,1.,2.28847549044394E-17));
#3183=DIRECTION('',(-1.22464679914735E-16,-2.28847549044394E-17,1.));
#3184=DIRECTION('',(1.22464679914735E-16,1.,2.28847549044394E-17));
#3185=DIRECTION('',(1.22464679914735E-16,-3.92151889815246E-16,-1.));
#3186=DIRECTION('',(1.22464679914735E-16,1.,1.03217841365458E-15));
#3187=DIRECTION('',(1.22464679914735E-16,2.28847549044394E-17,-1.));
#3188=DIRECTION('',(-1.22464679914735E-16,-1.,-2.28847549044394E-17));
#3189=DIRECTION('',(1.22464679914735E-16,2.28847549044394E-17,-1.));
#3190=DIRECTION('',(-1.22464679914735E-16,-1.,-2.28847549044394E-17));
#3191=DIRECTION('',(-1.22464679914735E-16,-2.28847549044394E-17,1.));
#3192=DIRECTION('',(-1.22464679914735E-16,-1.,-2.28847549044394E-17));
#3193=DIRECTION('',(0.,0.,-1.));
#3194=DIRECTION('',(-1.22464679914735E-16,-2.28847549044394E-17,1.));
#3195=DIRECTION('',(1.22464679914735E-16,1.,2.28847549044394E-17));
#3196=DIRECTION('',(-1.22464679914735E-16,-2.28847549044394E-17,1.));
#3197=DIRECTION('',(1.50203215735436E-16,0.261224170489708,-0.965278163407815));
#3198=DIRECTION('',(-1.22464679914735E-16,-2.28847549044394E-17,1.));
#3199=DIRECTION('center_axis',(1.22464679914735E-16,1.,2.28847549044394E-17));
#3200=DIRECTION('ref_axis',(1.,-1.22464679914735E-16,1.22464679914735E-16));
#3201=DIRECTION('',(0.,0.,-1.));
#3202=DIRECTION('',(-0.615661475325658,9.34302184699429E-17,-0.788010753606722));
#3203=DIRECTION('',(4.09145373037976E-29,2.28847549044394E-17,-1.));
#3204=DIRECTION('',(1.,-1.22464679914735E-16,4.09590063852705E-29));
#3205=DIRECTION('',(-4.09145373037976E-29,-2.28847549044394E-17,1.));
#3206=DIRECTION('',(-1.,1.22464679914735E-16,-4.09590063852705E-29));
#3207=DIRECTION('',(4.09145373037976E-29,2.28847549044394E-17,-1.));
#3208=DIRECTION('',(1.,-1.22464679914735E-16,4.09590063852705E-29));
#3209=DIRECTION('',(-4.09145373037976E-29,-2.28847549044394E-17,1.));
#3210=DIRECTION('',(-1.,1.22464679914735E-16,-4.09590063852705E-29));
#3211=DIRECTION('center_axis',(0.317096539871372,0.915463308673469,0.247743243851832));
#3212=DIRECTION('ref_axis',(0.,-0.261224170489708,0.965278163407815));
#3213=DIRECTION('',(0.791422401756821,-0.111483766015336,-0.601017430622859));
#3214=DIRECTION('',(0.615661899742996,-5.73634121177582E-17,-0.788010422015372));
#3215=DIRECTION('',(-0.615661899742996,5.73634121177582E-17,0.788010422015372));
#3216=DIRECTION('',(0.944920520992379,-0.327299876271732,1.08229211699465E-16));
#3217=DIRECTION('',(0.513808887050348,-0.385394011494812,0.766467144430875));
#3218=DIRECTION('center_axis',(1.22464679914735E-16,1.,2.28847549044394E-17));
#3219=DIRECTION('ref_axis',(1.,-1.22464679914735E-16,1.22464679914735E-16));
#3220=DIRECTION('',(-0.796386874317102,8.36888494479567E-17,0.604787521709432));
#3221=DIRECTION('',(-1.,1.22464679914735E-16,-1.22464679914735E-16));
#3222=DIRECTION('center_axis',(0.323699888204963,-0.911733943306287,0.252902350719132));
#3223=DIRECTION('ref_axis',(0.,-0.267293483158392,-0.963615168965835));
#3224=DIRECTION('',(-0.791173537939993,-0.114234927543203,0.600828439900038));
#3225=DIRECTION('',(-0.509705676854819,-0.393227981098138,-0.765226683972438));
#3226=DIRECTION('',(-0.94236864288915,-0.334576360341346,-1.23063572216334E-16));
#3227=DIRECTION('',(0.615661899742996,-5.73634121177582E-17,-0.788010422015372));
#3228=DIRECTION('',(-0.615661899742996,5.73634121177582E-17,0.788010422015372));
#3229=DIRECTION('center_axis',(-1.22464679914735E-16,-1.,-2.28847549044394E-17));
#3230=DIRECTION('ref_axis',(1.,-1.22464679914735E-16,1.22464679914735E-16));
#3231=DIRECTION('',(1.,-1.22464679914735E-16,1.22464679914735E-16));
#3232=DIRECTION('',(0.796386874317102,-8.36888494479567E-17,-0.604787521709432));
#3233=DIRECTION('center_axis',(-5.5014450621299E-17,0.893417612404183,0.44922708049049));
#3234=DIRECTION('ref_axis',(0.,-0.44922708049049,0.893417612404183));
#3235=DIRECTION('',(-0.214974747770825,-0.438723975042499,0.872529157990596));
#3236=DIRECTION('',(1.,1.28059055587348E-32,1.22464679914735E-16));
#3237=DIRECTION('',(0.761935422647196,0.290943267507619,-0.578624599206972));
#3238=DIRECTION('',(1.,1.37964054804217E-32,1.22464679914735E-16));
#3239=DIRECTION('',(-1.64426552554564E-16,-0.44922708049049,0.893417612404183));
#3240=DIRECTION('center_axis',(-1.22464679914735E-16,-2.28847549044394E-17,
1.));
#3241=DIRECTION('ref_axis',(-1.22464679914735E-16,-1.,-2.28847549044394E-17));
#3242=DIRECTION('',(0.,1.,2.28847549044394E-17));
#3243=DIRECTION('center_axis',(-1.22464679914735E-16,-2.28847549044394E-17,
1.));
#3244=DIRECTION('ref_axis',(-1.22464679914735E-16,-1.,-2.28847549044394E-17));
#3245=DIRECTION('',(-1.,1.22464679914735E-16,-1.22464679914735E-16));
#3246=DIRECTION('',(1.22464679914735E-16,1.,2.28847549044394E-17));
#3247=DIRECTION('center_axis',(-5.59732712056587E-17,-0.889437691094485,
0.457056444720465));
#3248=DIRECTION('ref_axis',(0.,-0.457056444720465,-0.889437691094485));
#3249=DIRECTION('',(-0.760506169577419,0.296780784030813,0.577539204093313));
#3250=DIRECTION('',(-1.,-3.84177166762045E-32,-1.22464679914735E-16));
#3251=DIRECTION('',(0.21854395315729,-0.446008067667938,-0.86793740794685));
#3252=DIRECTION('',(5.29514309383286E-17,-0.457056444720465,-0.889437691094485));
#3253=DIRECTION('',(1.,3.84177166762045E-32,1.22464679914735E-16));
#3254=DIRECTION('center_axis',(-1.22464679914735E-16,-2.28847549044394E-17,
1.));
#3255=DIRECTION('ref_axis',(-1.22464679914735E-16,-1.,-2.28847549044394E-17));
#3256=DIRECTION('',(1.22464679914735E-16,1.,2.28847549044394E-17));
#3257=DIRECTION('',(1.,-1.22464679914735E-16,1.22464679914735E-16));
#3258=DIRECTION('center_axis',(-3.32133450929573E-17,-0.962520892219985,
0.271207544216682));
#3259=DIRECTION('ref_axis',(0.,-0.271207544216682,-0.962520892219985));
#3260=DIRECTION('',(-0.785069444885857,0.167988056048128,0.596192904798257));
#3261=DIRECTION('',(-1.,-3.62568286252504E-32,-1.22464679914735E-16));
#3262=DIRECTION('',(0.13173356672284,-0.268844013720081,-0.954132676143814));
#3263=DIRECTION('center_axis',(0.,-1.,2.96059473233375E-16));
#3264=DIRECTION('ref_axis',(0.,-2.96059473233375E-16,-1.));
#3265=DIRECTION('',(1.22464679914735E-16,-2.96059473233375E-16,-1.));
#3266=DIRECTION('',(0.796386874317102,-1.79053075095413E-16,-0.604787521709432));
#3267=DIRECTION('',(1.84410891115942E-14,2.96059473233375E-16,1.));
#3268=DIRECTION('',(-1.84410891115942E-14,-2.96059473233375E-16,-1.));
#3269=DIRECTION('center_axis',(-3.32133450929573E-17,0.962520892219986,
0.271207544216681));
#3270=DIRECTION('ref_axis',(0.,-0.271207544216681,0.962520892219985));
#3271=DIRECTION('',(-0.13173356672284,-0.26884401372008,0.954132676143814));
#3272=DIRECTION('',(1.,1.81284143126252E-32,1.22464679914735E-16));
#3273=DIRECTION('',(0.785069444885857,0.167988056048128,-0.596192904798257));
#3274=DIRECTION('center_axis',(-1.84410891115942E-14,-2.96059473233375E-16,
-1.));
#3275=DIRECTION('ref_axis',(0.707106781186554,-0.707106781186541,-5.02429586778805E-14));
#3276=DIRECTION('center_axis',(3.55271367880045E-14,0.,1.));
#3277=DIRECTION('ref_axis',(0.,-1.,0.));
#3278=DIRECTION('',(1.84410891115942E-14,2.96059473233375E-16,1.));
#3279=DIRECTION('center_axis',(1.,-2.22044604925038E-16,-1.84410891115942E-14));
#3280=DIRECTION('ref_axis',(-1.77635683940025E-14,0.,-1.));
#3281=DIRECTION('center_axis',(1.,-2.22044604925038E-16,-1.84410891115942E-14));
#3282=DIRECTION('ref_axis',(-1.84458929612201E-14,7.97360570344521E-17,
-1.));
#3283=DIRECTION('center_axis',(-3.55271367880111E-14,1.77635683940025E-13,
-1.));
#3284=DIRECTION('ref_axis',(0.,1.,1.77635683940025E-13));
#3285=DIRECTION('center_axis',(-1.,2.22044604925038E-16,1.84410891115942E-14));
#3286=DIRECTION('ref_axis',(-1.84410891115942E-14,7.97360570344521E-17,
-1.));
#3287=DIRECTION('center_axis',(1.84410891115942E-14,1.48029736616688E-16,
1.));
#3288=DIRECTION('ref_axis',(0.707106781186552,0.707106781186543,-5.02429586778804E-14));
#3289=DIRECTION('',(-1.84410891115942E-14,-1.48029736616688E-16,-1.));
#3290=DIRECTION('',(1.84410891115942E-14,1.48029736616688E-16,1.));
#3291=DIRECTION('center_axis',(0.,1.,-1.48029736616688E-16));
#3292=DIRECTION('ref_axis',(0.,1.48029736616688E-16,1.));
#3293=DIRECTION('',(-1.22464679914735E-16,1.48029736616688E-16,1.));
#3294=DIRECTION('',(-1.,0.,0.));
#3295=DIRECTION('',(-1.84410891115942E-14,-1.48029736616688E-16,-1.));
#3296=DIRECTION('',(-0.796386874317102,8.95265375477065E-17,0.604787521709432));
#3297=DIRECTION('center_axis',(-1.,0.,0.));
#3298=DIRECTION('ref_axis',(0.,1.,0.));
#3299=DIRECTION('center_axis',(1.84410891115942E-14,1.48029736616688E-16,
1.));
#3300=DIRECTION('ref_axis',(-0.707106781186546,0.707106781186549,0.));
#3301=DIRECTION('center_axis',(1.84410891115942E-14,2.96059473233375E-16,
1.));
#3302=DIRECTION('ref_axis',(-0.707106781186548,-0.707106781186548,0.));
#3303=DIRECTION('center_axis',(1.22464679914735E-16,1.,2.28847549044394E-17));
#3304=DIRECTION('ref_axis',(-1.22464679914735E-16,-2.28847549044394E-17,
1.));
#3305=DIRECTION('',(0.615661475325658,-9.34302184699429E-17,0.788010753606722));
#3306=DIRECTION('',(-2.80257418429934E-33,-2.28847549044394E-17,1.));
#3307=DIRECTION('',(0.984807753012208,-1.245780622357E-16,0.17364817766693));
#3308=DIRECTION('',(1.22464679914735E-16,2.28847549044394E-17,-1.));
#3309=DIRECTION('center_axis',(1.22464679914735E-16,1.,2.28847549044394E-17));
#3310=DIRECTION('ref_axis',(-1.,1.22464679914735E-16,-1.22464679914735E-16));
#3311=DIRECTION('center_axis',(1.22464679914735E-16,1.,2.28847549044394E-17));
#3312=DIRECTION('ref_axis',(-1.,1.22464679914735E-16,-1.22464679914735E-16));
#3313=DIRECTION('center_axis',(-1.,1.22464679914735E-16,-1.22464679914735E-16));
#3314=DIRECTION('ref_axis',(1.22464679914735E-16,1.,2.28847549044394E-17));
#3315=DIRECTION('',(1.22464679914735E-16,1.,2.28847549044394E-17));
#3316=DIRECTION('',(-1.22464679914735E-16,-2.28847549044394E-17,1.));
#3317=DIRECTION('',(-1.22464679914735E-16,2.96059473233375E-16,1.));
#3318=DIRECTION('',(1.22464679914735E-16,-1.48029736616688E-16,-1.));
#3319=DIRECTION('',(1.22464679914735E-16,2.28847549044394E-17,-1.));
#3320=DIRECTION('',(1.22262426521277E-16,0.99999863848049,0.00165016276976985));
#3321=DIRECTION('',(-1.22464679914735E-16,-1.,-2.28847549044394E-17));
#3322=DIRECTION('center_axis',(1.,-1.22464679914735E-16,1.22464679914735E-16));
#3323=DIRECTION('ref_axis',(-1.22464679914735E-16,-2.28847549044394E-17,
1.));
#3324=DIRECTION('',(-1.22464679914735E-16,-1.,-2.28847549044394E-17));
#3325=DIRECTION('',(1.22464679914735E-16,2.28847549044394E-17,-1.));
#3326=DIRECTION('center_axis',(1.,-1.22464679914735E-16,1.22464679914735E-16));
#3327=DIRECTION('ref_axis',(-1.22464679914735E-16,-2.28847549044394E-17,
1.));
#3328=DIRECTION('',(1.22464679914735E-16,2.28847549044394E-17,-1.));
#3329=DIRECTION('',(1.22464679914735E-16,1.,2.28847549044394E-17));
#3330=DIRECTION('center_axis',(0.17364817766693,-2.12657684957577E-17,-0.984807753012208));
#3331=DIRECTION('ref_axis',(-0.984807753012208,-1.86051366454555E-18,-0.17364817766693));
#3332=DIRECTION('',(-1.22464679914735E-16,-1.,0.));
#3333=DIRECTION('',(-0.984807753012208,1.245780622357E-16,-0.17364817766693));
#3334=DIRECTION('center_axis',(-0.788010753606722,8.24142227428833E-17,
0.615661475325658));
#3335=DIRECTION('ref_axis',(-0.615661475325658,9.34302184699429E-17,-0.788010753606722));
#3336=DIRECTION('',(-1.22464679914735E-16,-1.,-2.28847549044394E-17));
#3337=DIRECTION('center_axis',(-1.22464679914735E-16,-1.,-2.28847549044394E-17));
#3338=DIRECTION('ref_axis',(1.22464679914735E-16,2.28847549044394E-17,-1.));
#3339=DIRECTION('',(-0.615661475325658,9.34302184699429E-17,-0.788010753606722));
#3340=DIRECTION('',(2.80257418429934E-33,2.28847549044394E-17,-1.));
#3341=DIRECTION('center_axis',(-1.22464679914735E-16,-1.,-2.28847549044394E-17));
#3342=DIRECTION('ref_axis',(1.,-1.22464679914735E-16,1.22464679914735E-16));
#3343=DIRECTION('center_axis',(-1.22464679914735E-16,-1.,-2.28847549044394E-17));
#3344=DIRECTION('ref_axis',(1.,-1.22464679914735E-16,1.22464679914735E-16));
#3345=DIRECTION('center_axis',(-0.788010753606722,8.24142227428833E-17,
0.615661475325658));
#3346=DIRECTION('ref_axis',(-0.615661475325658,9.34302184699429E-17,-0.788010753606722));
#3347=DIRECTION('',(-1.22464679914735E-16,-1.,-2.28847549044394E-17));
#3348=DIRECTION('',(0.615661475325658,-9.34302184699429E-17,0.788010753606722));
#3349=DIRECTION('',(1.22464679914735E-16,1.,2.28847549044394E-17));
#3350=DIRECTION('',(-0.615661475325658,9.34302184699429E-17,-0.788010753606722));
#3351=DIRECTION('center_axis',(4.09468113616281E-29,-9.95799250102959E-17,
-1.));
#3352=DIRECTION('ref_axis',(1.,3.33066907387547E-16,4.092215945834E-29));
#3353=DIRECTION('',(-3.33066907387547E-16,1.,-9.95799250102959E-17));
#3354=DIRECTION('',(1.,3.33066907387547E-16,4.092215945834E-29));
#3355=DIRECTION('',(1.88737914186277E-15,1.,-9.95799250102959E-17));
#3356=DIRECTION('',(1.,3.33066907387547E-16,4.092215945834E-29));
#3357=DIRECTION('',(-3.33066907387547E-16,1.,-9.95799250102959E-17));
#3358=DIRECTION('center_axis',(-1.,-3.33066907387547E-16,-4.092215945834E-29));
#3359=DIRECTION('ref_axis',(3.33066907387547E-16,-1.,9.95799250102959E-17));
#3360=DIRECTION('',(3.33066907387547E-16,-1.,9.95799250102959E-17));
#3361=DIRECTION('',(-4.09468113616281E-29,9.95799250102959E-17,1.));
#3362=DIRECTION('center_axis',(1.,3.33066907387547E-16,4.092215945834E-29));
#3363=DIRECTION('ref_axis',(-3.33066907387547E-16,1.,-9.95799250102959E-17));
#3364=DIRECTION('',(-4.09468113616281E-29,9.95799250102959E-17,1.));
#3365=DIRECTION('',(-3.33066907387547E-16,1.,-9.95799250102959E-17));
#3366=DIRECTION('center_axis',(3.33066907387547E-16,-1.,9.95799250102959E-17));
#3367=DIRECTION('ref_axis',(1.,3.33066907387547E-16,4.092215945834E-29));
#3368=DIRECTION('',(1.,3.33066907387547E-16,4.092215945834E-29));
#3369=DIRECTION('',(-4.09468113616281E-29,9.95799250102959E-17,1.));
#3370=DIRECTION('center_axis',(-1.,1.88737914186277E-15,-4.11193746846452E-29));
#3371=DIRECTION('ref_axis',(-1.88737914186277E-15,-1.,9.95799250102959E-17));
#3372=DIRECTION('',(-1.88737914186277E-15,-1.,9.95799250102959E-17));
#3373=DIRECTION('',(-4.09468113616281E-29,9.95799250102959E-17,1.));
#3374=DIRECTION('center_axis',(-3.33066907387547E-16,1.,-9.95799250102959E-17));
#3375=DIRECTION('ref_axis',(-1.,-3.33066907387547E-16,-4.092215945834E-29));
#3376=DIRECTION('',(-1.,-3.33066907387547E-16,-4.092215945834E-29));
#3377=DIRECTION('center_axis',(-4.09468113616281E-29,9.95799250102959E-17,
1.));
#3378=DIRECTION('ref_axis',(-3.33066907387547E-16,1.,-9.95799250102959E-17));
#3379=DIRECTION('center_axis',(4.09468113616281E-29,-9.95799250102959E-17,
-1.));
#3380=DIRECTION('ref_axis',(1.,3.33066907387547E-16,4.092215945834E-29));
#3381=DIRECTION('',(-3.33066907387547E-16,1.,-9.95799250102959E-17));
#3382=DIRECTION('',(1.,3.33066907387547E-16,4.092215945834E-29));
#3383=DIRECTION('',(-3.33066907387547E-16,1.,-9.95799250102959E-17));
#3384=DIRECTION('',(1.,3.33066907387547E-16,4.092215945834E-29));
#3385=DIRECTION('',(-3.33066907387547E-16,1.,-9.95799250102959E-17));
#3386=DIRECTION('center_axis',(-1.,-3.33066907387547E-16,-4.092215945834E-29));
#3387=DIRECTION('ref_axis',(3.33066907387547E-16,-1.,9.95799250102959E-17));
#3388=DIRECTION('',(3.33066907387547E-16,-1.,9.95799250102959E-17));
#3389=DIRECTION('',(-4.09468113616281E-29,9.95799250102959E-17,1.));
#3390=DIRECTION('center_axis',(-3.33066907387547E-16,1.,-9.95799250102959E-17));
#3391=DIRECTION('ref_axis',(-1.,-3.33066907387547E-16,-4.092215945834E-29));
#3392=DIRECTION('',(-1.,-3.33066907387547E-16,-4.092215945834E-29));
#3393=DIRECTION('',(-4.09468113616281E-29,9.95799250102959E-17,1.));
#3394=DIRECTION('center_axis',(1.,3.33066907387547E-16,4.092215945834E-29));
#3395=DIRECTION('ref_axis',(-3.33066907387547E-16,1.,-9.95799250102959E-17));
#3396=DIRECTION('',(-3.33066907387547E-16,1.,-9.95799250102959E-17));
#3397=DIRECTION('',(-4.09468113616281E-29,9.95799250102959E-17,1.));
#3398=DIRECTION('center_axis',(3.33066907387547E-16,-1.,9.95799250102959E-17));
#3399=DIRECTION('ref_axis',(1.,3.33066907387547E-16,4.092215945834E-29));
#3400=DIRECTION('',(1.,3.33066907387547E-16,4.092215945834E-29));
#3401=DIRECTION('',(-4.09468113616281E-29,9.95799250102959E-17,1.));
#3402=DIRECTION('center_axis',(1.,3.33066907387547E-16,4.092215945834E-29));
#3403=DIRECTION('ref_axis',(-3.33066907387547E-16,1.,-9.95799250102959E-17));
#3404=DIRECTION('',(-3.33066907387547E-16,1.,-9.95799250102959E-17));
#3405=DIRECTION('center_axis',(-4.09468113616281E-29,9.95799250102959E-17,
1.));
#3406=DIRECTION('ref_axis',(-3.33066907387547E-16,1.,-9.95799250102959E-17));
#3407=DIRECTION('center_axis',(-0.897990301577517,-0.440015247772984,2.02985876210954E-17));
#3408=DIRECTION('ref_axis',(2.26044619696187E-17,0.,1.));
#3409=DIRECTION('center_axis',(-0.897990301577517,0.440015247772984,-1.75107436084389E-16));
#3410=DIRECTION('ref_axis',(-1.94999250856912E-16,0.,1.));
#3411=DIRECTION('center_axis',(1.,-1.22464679914735E-16,0.));
#3412=DIRECTION('ref_axis',(-1.22464679914735E-16,-1.,-2.28847549044394E-17));
#3413=DIRECTION('',(0.,0.,-1.));
#3414=DIRECTION('center_axis',(1.,0.,0.));
#3415=DIRECTION('ref_axis',(0.,1.,4.93038065763062E-32));
#3416=DIRECTION('',(1.,0.,0.));
#3417=DIRECTION('center_axis',(1.,-2.22044604925038E-16,-1.84410891115942E-14));
#3418=DIRECTION('ref_axis',(0.,1.,4.93038065763062E-32));
#3419=DIRECTION('center_axis',(-1.,2.22044604925038E-16,1.84410891115942E-14));
#3420=DIRECTION('ref_axis',(1.84410891115942E-14,0.,1.));
#3421=DIRECTION('center_axis',(-1.,2.22044604925038E-16,1.84410891115942E-14));
#3422=DIRECTION('ref_axis',(0.,1.,0.));
#3423=DIRECTION('center_axis',(1.,0.,0.));
#3424=DIRECTION('ref_axis',(0.,1.,4.93038065763062E-32));
#3425=DIRECTION('',(1.,0.,0.));
#3426=DIRECTION('center_axis',(1.,-2.22044604925038E-16,-1.84410891115942E-14));
#3427=DIRECTION('ref_axis',(0.,1.,4.93038065763062E-32));
#3428=DIRECTION('center_axis',(-1.,2.22044604925038E-16,1.84410891115942E-14));
#3429=DIRECTION('ref_axis',(1.84410891115942E-14,0.,1.));
#3430=DIRECTION('center_axis',(-1.,2.22044604925038E-16,1.84410891115942E-14));
#3431=DIRECTION('ref_axis',(0.,1.,0.));
#3432=DIRECTION('center_axis',(1.,0.,0.));
#3433=DIRECTION('ref_axis',(0.,1.,4.93038065763062E-32));
#3434=DIRECTION('',(1.,0.,0.));
#3435=DIRECTION('center_axis',(1.,-2.22044604925038E-16,-1.84410891115942E-14));
#3436=DIRECTION('ref_axis',(0.,1.,4.93038065763062E-32));
#3437=DIRECTION('center_axis',(-1.,2.22044604925038E-16,1.84410891115942E-14));
#3438=DIRECTION('ref_axis',(1.84410891115942E-14,0.,1.));
#3439=DIRECTION('center_axis',(-1.,2.22044604925038E-16,1.84410891115942E-14));
#3440=DIRECTION('ref_axis',(0.,1.,0.));
#3441=DIRECTION('center_axis',(1.,0.,0.));
#3442=DIRECTION('ref_axis',(0.,1.,4.93038065763062E-32));
#3443=DIRECTION('',(1.,0.,0.));
#3444=DIRECTION('center_axis',(1.,-2.22044604925038E-16,-1.84410891115942E-14));
#3445=DIRECTION('ref_axis',(0.,1.,4.93038065763062E-32));
#3446=DIRECTION('center_axis',(-1.,2.22044604925038E-16,1.84410891115942E-14));
#3447=DIRECTION('ref_axis',(1.84410891115942E-14,0.,1.));
#3448=DIRECTION('center_axis',(-1.,2.22044604925038E-16,1.84410891115942E-14));
#3449=DIRECTION('ref_axis',(0.,1.,0.));
#3450=DIRECTION('center_axis',(0.604787521709432,-1.82251184278594E-17,
0.796386874317102));
#3451=DIRECTION('ref_axis',(0.796386874317102,0.,-0.604787521709432));
#3452=DIRECTION('center_axis',(-1.,0.,0.));
#3453=DIRECTION('ref_axis',(0.,1.,0.));
#3454=DIRECTION('',(1.,0.,0.));
#3455=DIRECTION('center_axis',(-1.,2.22044604925038E-16,1.84410891115942E-14));
#3456=DIRECTION('ref_axis',(0.,1.,0.));
#3457=DIRECTION('center_axis',(-1.,0.,0.));
#3458=DIRECTION('ref_axis',(0.,1.,0.));
#3459=DIRECTION('',(1.,0.,0.));
#3460=DIRECTION('center_axis',(-1.,2.22044604925038E-16,1.84410891115942E-14));
#3461=DIRECTION('ref_axis',(0.,1.,0.));
#3462=DIRECTION('center_axis',(-1.,0.,0.));
#3463=DIRECTION('ref_axis',(0.,1.,0.));
#3464=DIRECTION('',(1.,0.,0.));
#3465=DIRECTION('center_axis',(-1.,2.22044604925038E-16,1.84410891115942E-14));
#3466=DIRECTION('ref_axis',(0.,1.,0.));
#3467=DIRECTION('center_axis',(-1.,0.,0.));
#3468=DIRECTION('ref_axis',(0.,1.,0.));
#3469=DIRECTION('',(1.,0.,0.));
#3470=DIRECTION('center_axis',(-1.,2.22044604925038E-16,1.84410891115942E-14));
#3471=DIRECTION('ref_axis',(0.,1.,0.));
#3472=DIRECTION('center_axis',(-1.,0.,0.));
#3473=DIRECTION('ref_axis',(0.,1.,0.));
#3474=DIRECTION('',(1.,0.,0.));
#3475=DIRECTION('center_axis',(-1.,2.22044604925038E-16,1.84410891115942E-14));
#3476=DIRECTION('ref_axis',(0.,1.,0.));
#3477=DIRECTION('center_axis',(-1.,2.22044604925038E-16,1.84410891115942E-14));
#3478=DIRECTION('ref_axis',(1.84410891115942E-14,0.,1.));
#3479=DIRECTION('center_axis',(-1.,0.,0.));
#3480=DIRECTION('ref_axis',(0.,1.,0.));
#3481=DIRECTION('center_axis',(-1.,1.22464679914735E-16,-1.22464679914735E-16));
#3482=DIRECTION('ref_axis',(0.,1.,0.));
#3483=DIRECTION('',(-1.,0.,0.));
#3484=DIRECTION('center_axis',(-1.,1.22464679914735E-16,-1.22464679914735E-16));
#3485=DIRECTION('ref_axis',(0.,1.,0.));
#3486=DIRECTION('center_axis',(1.,-1.22464679914735E-16,1.22464679914735E-16));
#3487=DIRECTION('ref_axis',(1.22464679914735E-16,0.,-1.));
#3488=DIRECTION('center_axis',(1.,-1.22464679914735E-16,1.22464679914735E-16));
#3489=DIRECTION('ref_axis',(0.,1.,0.));
#3490=DIRECTION('center_axis',(-1.,0.,0.));
#3491=DIRECTION('ref_axis',(0.,1.,0.));
#3492=DIRECTION('center_axis',(-1.,1.22464679914735E-16,-1.22464679914735E-16));
#3493=DIRECTION('ref_axis',(0.,1.,0.));
#3494=DIRECTION('',(-1.,0.,0.));
#3495=DIRECTION('center_axis',(-1.,1.22464679914735E-16,-1.22464679914735E-16));
#3496=DIRECTION('ref_axis',(0.,1.,0.));
#3497=DIRECTION('center_axis',(1.,-1.22464679914735E-16,1.22464679914735E-16));
#3498=DIRECTION('ref_axis',(1.22464679914735E-16,0.,-1.));
#3499=DIRECTION('center_axis',(1.,-1.22464679914735E-16,1.22464679914735E-16));
#3500=DIRECTION('ref_axis',(0.,1.,0.));
#3501=DIRECTION('center_axis',(-1.,0.,0.));
#3502=DIRECTION('ref_axis',(0.,1.,0.));
#3503=DIRECTION('center_axis',(-1.,1.22464679914735E-16,-1.22464679914735E-16));
#3504=DIRECTION('ref_axis',(0.,1.,0.));
#3505=DIRECTION('',(-1.,0.,0.));
#3506=DIRECTION('center_axis',(-1.,1.22464679914735E-16,-1.22464679914735E-16));
#3507=DIRECTION('ref_axis',(0.,1.,0.));
#3508=DIRECTION('center_axis',(1.,-1.22464679914735E-16,1.22464679914735E-16));
#3509=DIRECTION('ref_axis',(1.22464679914735E-16,0.,-1.));
#3510=DIRECTION('center_axis',(1.,-1.22464679914735E-16,1.22464679914735E-16));
#3511=DIRECTION('ref_axis',(0.,1.,0.));
#3512=DIRECTION('center_axis',(-1.,0.,0.));
#3513=DIRECTION('ref_axis',(0.,1.,0.));
#3514=DIRECTION('center_axis',(-1.,1.22464679914735E-16,-1.22464679914735E-16));
#3515=DIRECTION('ref_axis',(0.,1.,0.));
#3516=DIRECTION('',(-1.,0.,0.));
#3517=DIRECTION('center_axis',(-1.,1.22464679914735E-16,-1.22464679914735E-16));
#3518=DIRECTION('ref_axis',(0.,1.,0.));
#3519=DIRECTION('center_axis',(1.,-1.22464679914735E-16,1.22464679914735E-16));
#3520=DIRECTION('ref_axis',(1.22464679914735E-16,0.,-1.));
#3521=DIRECTION('center_axis',(1.,-1.22464679914735E-16,1.22464679914735E-16));
#3522=DIRECTION('ref_axis',(0.,1.,0.));
#3523=DIRECTION('center_axis',(1.,0.,0.));
#3524=DIRECTION('ref_axis',(0.,1.,0.));
#3525=DIRECTION('',(-1.,0.,0.));
#3526=DIRECTION('center_axis',(1.,0.,0.));
#3527=DIRECTION('ref_axis',(0.,1.,0.));
#3528=DIRECTION('',(-1.,0.,0.));
#3529=DIRECTION('center_axis',(1.,0.,0.));
#3530=DIRECTION('ref_axis',(0.,1.,0.));
#3531=DIRECTION('center_axis',(-1.,1.22464679914735E-16,-1.22464679914735E-16));
#3532=DIRECTION('ref_axis',(0.,1.,0.));
#3533=DIRECTION('',(-1.,0.,0.));
#3534=DIRECTION('center_axis',(1.,0.,0.));
#3535=DIRECTION('ref_axis',(0.,1.,0.));
#3536=DIRECTION('',(-1.,0.,0.));
#3537=DIRECTION('center_axis',(1.,0.,0.));
#3538=DIRECTION('ref_axis',(0.,1.,0.));
#3539=DIRECTION('',(-1.,0.,0.));
#3540=DIRECTION('center_axis',(0.,-2.28847549044394E-17,1.));
#3541=DIRECTION('ref_axis',(1.22464679914735E-16,1.,2.28847549044394E-17));
#3542=DIRECTION('',(-1.,1.22464679914735E-16,-1.22464679914735E-16));
#3543=DIRECTION('',(-1.22464679914735E-16,-1.,-2.28847549044394E-17));
#3544=DIRECTION('',(-1.,0.,0.));
#3545=DIRECTION('center_axis',(1.,-1.22464679914735E-16,1.22464679914735E-16));
#3546=DIRECTION('ref_axis',(-1.22464679914735E-16,-2.28847549044394E-17,
1.));
#3547=DIRECTION('',(1.,-1.22464679914735E-16,1.22464679914735E-16));
#3548=DIRECTION('center_axis',(0.,2.28847549044394E-17,-1.));
#3549=DIRECTION('ref_axis',(-1.22464679914735E-16,-1.,-2.28847549044394E-17));
#3550=DIRECTION('',(-1.,0.,0.));
#3551=DIRECTION('',(1.22464679914735E-16,1.,2.28847549044394E-17));
#3552=DIRECTION('',(1.,-1.22464679914735E-16,1.22464679914735E-16));
#3553=DIRECTION('center_axis',(1.,-1.22464679914735E-16,1.22464679914735E-16));
#3554=DIRECTION('ref_axis',(-1.22464679914735E-16,-2.28847549044394E-17,
1.));
#3555=DIRECTION('',(-1.,1.22464679914735E-16,-1.22464679914735E-16));
#3556=DIRECTION('center_axis',(-1.22464679914735E-16,-1.,-2.28847549044394E-17));
#3557=DIRECTION('ref_axis',(-1.,1.22464679914735E-16,-1.22464679914735E-16));
#3558=DIRECTION('center_axis',(1.22464679914735E-16,1.,2.28847549044394E-17));
#3559=DIRECTION('ref_axis',(1.,-1.22464679914735E-16,1.22464679914735E-16));
#3560=DIRECTION('center_axis',(1.22464679914735E-16,1.,2.28847549044394E-17));
#3561=DIRECTION('ref_axis',(1.,-1.22464679914735E-16,1.22464679914735E-16));
#3562=DIRECTION('center_axis',(-1.22464679914735E-16,-1.,-2.28847549044394E-17));
#3563=DIRECTION('ref_axis',(1.,-1.22464679914735E-16,1.22464679914735E-16));
#3564=DIRECTION('center_axis',(1.22464679914735E-16,1.,2.28847549044394E-17));
#3565=DIRECTION('ref_axis',(1.,-1.22464679914735E-16,1.22464679914735E-16));
#3566=DIRECTION('',(1.22464679914735E-16,1.,2.28847549044394E-17));
#3567=DIRECTION('center_axis',(1.22464679914735E-16,1.,2.28847549044394E-17));
#3568=DIRECTION('ref_axis',(1.,-1.22464679914735E-16,1.22464679914735E-16));
#3569=DIRECTION('center_axis',(1.22464679914735E-16,1.,2.28847549044394E-17));
#3570=DIRECTION('ref_axis',(1.,-1.22464679914735E-16,1.22464679914735E-16));
#3571=DIRECTION('center_axis',(-1.22464679914735E-16,-1.,-2.28847549044394E-17));
#3572=DIRECTION('ref_axis',(1.,-1.22464679914735E-16,1.22464679914735E-16));
#3573=DIRECTION('',(1.,-1.22464679914735E-16,1.22464679914735E-16));
#3574=DIRECTION('center_axis',(-1.22464679914735E-16,-2.28847549044394E-17,
1.));
#3575=DIRECTION('ref_axis',(-1.22464679914735E-16,-1.,-2.28847549044394E-17));
#3576=DIRECTION('',(1.,-1.22464679914735E-16,1.22464679914735E-16));
#3577=DIRECTION('',(-1.22464679914735E-16,-1.,-2.28847549044394E-17));
#3578=DIRECTION('',(1.,-1.22464679914735E-16,1.22464679914735E-16));
#3579=DIRECTION('center_axis',(1.22464679914735E-16,2.28847549044394E-17,
-1.));
#3580=DIRECTION('ref_axis',(1.22464679914735E-16,1.,2.28847549044394E-17));
#3581=DIRECTION('',(1.,-1.22464679914735E-16,1.22464679914735E-16));
#3582=DIRECTION('',(1.22464679914735E-16,1.,2.28847549044394E-17));
#3583=DIRECTION('',(1.,-1.22464679914735E-16,1.22464679914735E-16));
#3584=DIRECTION('center_axis',(1.22464679914735E-16,1.,2.28847549044394E-17));
#3585=DIRECTION('ref_axis',(-1.22464679914735E-16,-2.28847549044394E-17,
1.));
#3586=DIRECTION('center_axis',(-1.22464679914735E-16,-1.,-2.28847549044394E-17));
#3587=DIRECTION('ref_axis',(1.,-1.22464679914735E-16,1.22464679914735E-16));
#3588=DIRECTION('',(1.,-1.22464679914735E-16,1.22464679914735E-16));
#3589=DIRECTION('',(1.22464679914735E-16,2.28847549044394E-17,-1.));
#3590=DIRECTION('',(1.,-1.22464679914735E-16,1.22464679914735E-16));
#3591=DIRECTION('center_axis',(-1.22464679914735E-16,-1.,-2.28847549044394E-17));
#3592=DIRECTION('ref_axis',(1.,-1.22464679914735E-16,1.22464679914735E-16));
#3593=DIRECTION('center_axis',(-1.22464679914735E-16,-1.,-2.28847549044394E-17));
#3594=DIRECTION('ref_axis',(-1.,1.22464679914735E-16,-1.22464679914735E-16));
#3595=DIRECTION('center_axis',(-1.22464679914735E-16,-1.,-2.28847549044394E-17));
#3596=DIRECTION('ref_axis',(1.,-1.22464679914735E-16,1.22464679914735E-16));
#3597=DIRECTION('center_axis',(1.22464679914735E-16,1.,2.28847549044394E-17));
#3598=DIRECTION('ref_axis',(1.,-1.22464679914735E-16,1.22464679914735E-16));
#3599=DIRECTION('',(1.22464679914735E-16,1.,2.28847549044394E-17));
#3600=DIRECTION('center_axis',(-1.22464679914735E-16,-1.,-2.28847549044394E-17));
#3601=DIRECTION('ref_axis',(1.,-1.22464679914735E-16,1.22464679914735E-16));
#3602=DIRECTION('center_axis',(-1.22464679914735E-16,-1.,-2.28847549044394E-17));
#3603=DIRECTION('ref_axis',(1.,-1.22464679914735E-16,1.22464679914735E-16));
#3604=DIRECTION('',(-1.22464679914735E-16,-1.,-2.28847549044394E-17));
#3605=DIRECTION('center_axis',(-1.22464679914735E-16,-1.,-2.28847549044394E-17));
#3606=DIRECTION('ref_axis',(1.,-1.22464679914735E-16,1.22464679914735E-16));
#3607=DIRECTION('',(1.22464679914735E-16,1.,2.28847549044394E-17));
#3608=DIRECTION('center_axis',(-1.22464679914735E-16,-1.,-2.28847549044394E-17));
#3609=DIRECTION('ref_axis',(1.,-1.22464679914735E-16,1.22464679914735E-16));
#3610=DIRECTION('center_axis',(-1.22464679914735E-16,-1.,-2.28847549044394E-17));
#3611=DIRECTION('ref_axis',(1.,-1.22464679914735E-16,1.22464679914735E-16));
#3612=DIRECTION('',(-1.22464679914735E-16,-1.,-2.28847549044394E-17));
#3613=DIRECTION('center_axis',(-1.22464679914735E-16,-1.,-2.28847549044394E-17));
#3614=DIRECTION('ref_axis',(1.,-1.22464679914735E-16,1.22464679914735E-16));
#3615=DIRECTION('',(-1.22464679914735E-16,-1.,-2.28847549044394E-17));
#3616=DIRECTION('center_axis',(1.22464679914735E-16,1.,2.28847549044394E-17));
#3617=DIRECTION('ref_axis',(-1.22464679914735E-16,-2.28847549044394E-17,
1.));
#3618=DIRECTION('',(1.,-1.22464679914735E-16,1.22464679914735E-16));
#3619=DIRECTION('',(1.22464679914735E-16,2.28847549044394E-17,-1.));
#3620=DIRECTION('',(1.,-1.22464679914735E-16,1.22464679914735E-16));
#3621=DIRECTION('center_axis',(-1.22464679914735E-16,-1.,-2.28847549044394E-17));
#3622=DIRECTION('ref_axis',(-1.,1.22464679914735E-16,-1.22464679914735E-16));
#3623=DIRECTION('',(-1.22464679914735E-16,-1.,-2.28847549044394E-17));
#3624=DIRECTION('center_axis',(-1.22464679914735E-16,-1.,-2.28847549044394E-17));
#3625=DIRECTION('ref_axis',(-1.,1.22464679914735E-16,-1.22464679914735E-16));
#3626=DIRECTION('center_axis',(1.22464679914735E-16,1.,2.28847549044394E-17));
#3627=DIRECTION('ref_axis',(1.,-1.22464679914735E-16,1.22464679914735E-16));
#3628=DIRECTION('center_axis',(1.22464679914735E-16,1.,2.28847549044394E-17));
#3629=DIRECTION('ref_axis',(-1.,1.22464679914735E-16,-1.22464679914735E-16));
#3630=DIRECTION('center_axis',(-1.22464679914735E-16,-1.,-2.28847549044394E-17));
#3631=DIRECTION('ref_axis',(-1.,1.22464679914735E-16,-1.22464679914735E-16));
#3632=DIRECTION('',(-1.22464679914735E-16,-1.,-2.28847549044394E-17));
#3633=DIRECTION('center_axis',(-1.22464679914735E-16,-1.,-2.28847549044394E-17));
#3634=DIRECTION('ref_axis',(-1.,1.22464679914735E-16,-1.22464679914735E-16));
#3635=DIRECTION('center_axis',(1.22464679914735E-16,1.,2.28847549044394E-17));
#3636=DIRECTION('ref_axis',(1.,-1.22464679914735E-16,1.22464679914735E-16));
#3637=DIRECTION('center_axis',(1.22464679914735E-16,1.,2.28847549044394E-17));
#3638=DIRECTION('ref_axis',(-1.,1.22464679914735E-16,-1.22464679914735E-16));
#3639=DIRECTION('center_axis',(-1.22464679914735E-16,-1.,-2.28847549044394E-17));
#3640=DIRECTION('ref_axis',(-1.,1.22464679914735E-16,-1.22464679914735E-16));
#3641=DIRECTION('',(-1.22464679914735E-16,-1.,-2.28847549044394E-17));
#3642=DIRECTION('center_axis',(1.22464679914735E-16,1.,-3.92151889815246E-16));
#3643=DIRECTION('ref_axis',(-1.,1.22464679914735E-16,-1.22464679914735E-16));
#3644=DIRECTION('center_axis',(-1.22464679914735E-16,-1.,-2.28847549044394E-17));
#3645=DIRECTION('ref_axis',(-1.,1.22464679914735E-16,-1.22464679914735E-16));
#3646=DIRECTION('',(-1.22464679914735E-16,-1.,-2.28847549044394E-17));
#3647=DIRECTION('center_axis',(1.22464679914735E-16,1.,2.28847549044394E-17));
#3648=DIRECTION('ref_axis',(-1.,1.22464679914735E-16,-1.22464679914735E-16));
#3649=DIRECTION('center_axis',(-1.,1.22464679914735E-16,-1.22464679914735E-16));
#3650=DIRECTION('ref_axis',(-1.22464679914735E-16,-2.28847549044394E-17,
1.));
#3651=DIRECTION('',(1.22464679914735E-16,2.28847549044394E-17,-1.));
#3652=DIRECTION('',(-1.22464679914735E-16,-1.,-2.28847549044394E-17));
#3653=DIRECTION('',(1.22464679914735E-16,1.,2.28847549044394E-17));
#3654=DIRECTION('',(1.22464679914735E-16,1.,2.28847549044394E-17));
#3655=DIRECTION('',(-1.22464679914735E-16,-2.28847549044394E-17,1.));
#3656=DIRECTION('',(1.22464679914735E-16,1.,2.28847549044394E-17));
#3657=DIRECTION('',(-1.22464679914735E-16,-2.28847549044394E-17,1.));
#3658=DIRECTION('',(-1.22464679914735E-16,-1.,-1.03217841365458E-15));
#3659=DIRECTION('',(-1.22464679914735E-16,3.92151889815246E-16,1.));
#3660=DIRECTION('',(-1.22464679914735E-16,-1.,-2.28847549044394E-17));
#3661=DIRECTION('',(1.22464679914735E-16,2.28847549044394E-17,-1.));
#3662=DIRECTION('',(-1.22464679914735E-16,-1.,-2.28847549044394E-17));
#3663=DIRECTION('',(1.22262426521277E-16,0.99999863848049,0.00165016276976985));
#3664=DIRECTION('center_axis',(1.22464679914735E-16,2.28847549044394E-17,
-1.));
#3665=DIRECTION('ref_axis',(-1.22464679914735E-16,-1.,-2.28847549044394E-17));
#3666=DIRECTION('',(-1.,1.22464679914735E-16,-1.22464679914735E-16));
#3667=DIRECTION('',(-1.,1.22464679914735E-16,-1.22464679914735E-16));
#3668=DIRECTION('center_axis',(-1.22666599832091E-16,-0.00165016276976985,
0.99999863848049));
#3669=DIRECTION('ref_axis',(1.22262426521277E-16,0.99999863848049,0.00165016276976985));
#3670=DIRECTION('',(-1.,1.22464679914735E-16,-1.22464679914735E-16));
#3671=DIRECTION('center_axis',(1.22464679914735E-16,1.,2.28847549044394E-17));
#3672=DIRECTION('ref_axis',(1.22464679914735E-16,2.28847549044394E-17,-1.));
#3673=DIRECTION('center_axis',(1.22464679914735E-16,1.,2.28847549044394E-17));
#3674=DIRECTION('ref_axis',(-1.22464679914735E-16,-2.28847549044394E-17,
1.));
#3675=DIRECTION('',(1.,-1.22464679914735E-16,1.22464679914735E-16));
#3676=DIRECTION('',(1.,-1.22464679914735E-16,1.22464679914735E-16));
#3677=DIRECTION('center_axis',(1.22464679914735E-16,2.28847549044394E-17,
-1.));
#3678=DIRECTION('ref_axis',(1.22464679914735E-16,1.,2.28847549044394E-17));
#3679=DIRECTION('center_axis',(-1.22464679914735E-16,-2.28847549044394E-17,
1.));
#3680=DIRECTION('ref_axis',(-1.22464679914735E-16,-1.,-2.28847549044394E-17));
#3681=DIRECTION('center_axis',(-1.22464679914735E-16,-2.28847549044394E-17,
1.));
#3682=DIRECTION('ref_axis',(-1.22464679914735E-16,-1.,-2.28847549044394E-17));
#3683=DIRECTION('',(1.,-1.22464679914735E-16,1.22464679914735E-16));
#3684=DIRECTION('center_axis',(-1.22464679914735E-16,-1.,-2.28847549044394E-17));
#3685=DIRECTION('ref_axis',(1.22464679914735E-16,2.28847549044394E-17,-1.));
#3686=DIRECTION('',(1.,-1.22464679914735E-16,1.22464679914735E-16));
#3687=DIRECTION('center_axis',(-1.22464679914735E-16,-2.28847549044394E-17,
1.));
#3688=DIRECTION('ref_axis',(-1.22464679914735E-16,-1.,-2.28847549044394E-17));
#3689=DIRECTION('',(1.,-1.22464679914735E-16,1.22464679914735E-16));
#3690=DIRECTION('center_axis',(-1.22464679914735E-16,-1.,-2.28847549044394E-17));
#3691=DIRECTION('ref_axis',(1.22464679914735E-16,2.28847549044394E-17,-1.));
#3692=DIRECTION('',(1.,-1.22464679914735E-16,1.22464679914735E-16));
#3693=DIRECTION('center_axis',(1.22464679914735E-16,1.03217841365458E-15,
-1.));
#3694=DIRECTION('ref_axis',(1.22464679914735E-16,1.,1.03217841365458E-15));
#3695=DIRECTION('',(1.,-1.22464679914735E-16,1.22464679914735E-16));
#3696=DIRECTION('center_axis',(-1.22464679914735E-16,-1.,3.92151889815246E-16));
#3697=DIRECTION('ref_axis',(1.22464679914735E-16,-3.92151889815246E-16,
-1.));
#3698=DIRECTION('',(1.,-1.22464679914735E-16,1.22464679914735E-16));
#3699=DIRECTION('center_axis',(1.22464679914735E-16,2.28847549044394E-17,
-1.));
#3700=DIRECTION('ref_axis',(1.22464679914735E-16,1.,2.28847549044394E-17));
#3701=CARTESIAN_POINT('',(0.,0.,0.));
#3702=CARTESIAN_POINT('Origin',(123.376411790572,2.99999999999978,222.571508928125));
#3703=CARTESIAN_POINT('',(109.2,2.99999999999978,231.000000000003));
#3704=CARTESIAN_POINT('',(100.714718625761,2.99999999999978,231.000000000003));
#3705=CARTESIAN_POINT('',(96.1382058952865,2.99999999999978,231.000000000003));
#3706=CARTESIAN_POINT('',(109.2,2.99999999999978,222.514718625764));
#3707=CARTESIAN_POINT('',(109.2,2.99999999999978,216.285754464063));
#3708=CARTESIAN_POINT('',(140.557406554945,2.99999999999978,191.157312070814));
#3709=CARTESIAN_POINT('Origin',(140.557406554945,-3.00000000000022,191.157312070814));
#3710=CARTESIAN_POINT('',(100.714718625763,-3.00000000000022,231.000000000003));
#3711=CARTESIAN_POINT('',(100.714718625763,-7.50000008940708,231.000000000003));
#3712=CARTESIAN_POINT('',(109.2,-3.00000000000022,222.514718625764));
#3713=CARTESIAN_POINT('',(109.2,-1.50000004470374,222.514718625764));
#3714=CARTESIAN_POINT('',(140.557406554945,-3.00000000000022,191.157312070814));
#3715=CARTESIAN_POINT('Origin',(123.376411790572,-3.00000000000022,222.571508928125));
#3716=CARTESIAN_POINT('',(109.2,-3.00000000000022,231.000000000003));
#3717=CARTESIAN_POINT('',(96.1382058952865,-3.00000000000022,231.000000000003));
#3718=CARTESIAN_POINT('',(109.2,-3.00000000000022,216.285754464063));
#3719=CARTESIAN_POINT('Origin',(109.2,-8.94072482715558E-8,210.000000000001));
#3720=CARTESIAN_POINT('',(109.2,11.9999999999994,231.000000000003));
#3721=CARTESIAN_POINT('',(109.2,11.9999999999994,231.000000000003));
#3722=CARTESIAN_POINT('',(109.2,11.9999999999994,201.000000000003));
#3723=CARTESIAN_POINT('',(109.2,11.9999999999994,201.000000000003));
#3724=CARTESIAN_POINT('',(109.2,-4.82235961451725,190.011603950154));
#3725=CARTESIAN_POINT('Origin',(109.2,-5.66391378242769E-13,201.));
#3726=CARTESIAN_POINT('',(109.2,-11.8286281050017,198.979218677448));
#3727=CARTESIAN_POINT('',(109.2,-7.18998788545776,193.042029943688));
#3728=CARTESIAN_POINT('',(109.2,-11.9999999999997,201.000000000003));
#3729=CARTESIAN_POINT('Origin',(109.2,-5.66391378242769E-13,201.));
#3730=CARTESIAN_POINT('',(109.2,-12.0000001788139,231.000000000003));
#3731=CARTESIAN_POINT('',(109.2,-11.9999999999997,201.000000000003));
#3732=CARTESIAN_POINT('',(109.2,11.9999999999994,231.000000000003));
#3733=CARTESIAN_POINT('',(109.2,2.94951326780518,206.362311101833));
#3734=CARTESIAN_POINT('Origin',(109.2,4.4995132678052,206.362311101833));
#3735=CARTESIAN_POINT('',(109.2,3.8123111018322,196.500486732195));
#3736=CARTESIAN_POINT('Origin',(109.2,5.3623111018322,196.500486732195));
#3737=CARTESIAN_POINT('',(109.2,-3.05000000000056,201.));
#3738=CARTESIAN_POINT('Origin',(109.2,-5.66391378242769E-13,201.));
#3739=CARTESIAN_POINT('',(109.2,-6.04951326780629,195.637688898168));
#3740=CARTESIAN_POINT('Origin',(109.2,-4.49951326780627,195.637688898168));
#3741=CARTESIAN_POINT('',(109.2,-6.91231110183335,205.499513267806));
#3742=CARTESIAN_POINT('Origin',(109.2,-5.36231110183334,205.499513267806));
#3743=CARTESIAN_POINT('Origin',(68.9000000000008,11.9999999999994,236.000003516674));
#3744=CARTESIAN_POINT('',(113.2,-12.0000001788139,236.000003516674));
#3745=CARTESIAN_POINT('',(113.2,11.9999999999994,236.000003516674));
#3746=CARTESIAN_POINT('',(113.2,5.99999995529609,236.000003516674));
#3747=CARTESIAN_POINT('',(69.9000000000008,11.9999999999994,236.000003516674));
#3748=CARTESIAN_POINT('',(68.9000000000008,11.9999999999994,236.000003516674));
#3749=CARTESIAN_POINT('',(68.9000000000008,10.9999999999994,236.000003516674));
#3750=CARTESIAN_POINT('Origin',(69.9000000000008,10.9999999999994,236.000003516674));
#3751=CARTESIAN_POINT('',(68.9000000000008,-10.9999999999997,236.000003516674));
#3752=CARTESIAN_POINT('',(68.9000000000008,-6.00000013411059,236.000003516674));
#3753=CARTESIAN_POINT('',(69.9000000000008,-12.0000001788139,236.000003516674));
#3754=CARTESIAN_POINT('Origin',(69.9000000000008,-10.9999999999997,236.000003516674));
#3755=CARTESIAN_POINT('',(68.9000000000008,-12.0000001788139,236.000003516674));
#3756=CARTESIAN_POINT('Origin',(74.2007281834091,-3.00000000000022,231.036237855255));
#3757=CARTESIAN_POINT('',(72.9000000000007,-3.00000000000022,231.000000000003));
#3758=CARTESIAN_POINT('',(81.3852813742393,-3.00000000000022,231.000000000003));
#3759=CARTESIAN_POINT('',(71.5503640917049,-3.00000000000022,231.000000000003));
#3760=CARTESIAN_POINT('',(72.9000000000006,-3.00000000000022,222.514718625755));
#3761=CARTESIAN_POINT('',(72.9000000000005,-3.00000000000022,220.518118927628));
#3762=CARTESIAN_POINT('',(90.1377850667402,-3.00000000000022,239.752503692513));
#3763=CARTESIAN_POINT('Origin',(90.1377850667402,-3.00000000000022,239.752503692513));
#3764=CARTESIAN_POINT('',(81.3852813742392,2.99999999999978,231.000000000003));
#3765=CARTESIAN_POINT('',(81.3852813742393,-7.50000008940708,231.000000000003));
#3766=CARTESIAN_POINT('',(72.9000000000006,2.99999999999978,222.514718625763));
#3767=CARTESIAN_POINT('',(72.9000000000006,-1.50000004470373,222.514718625755));
#3768=CARTESIAN_POINT('',(90.1377850667402,2.99999999999978,239.752503692513));
#3769=CARTESIAN_POINT('Origin',(74.2007281834091,2.99999999999978,231.036237855255));
#3770=CARTESIAN_POINT('',(72.9000000000007,2.99999999999978,231.000000000003));
#3771=CARTESIAN_POINT('',(71.5503640917049,2.99999999999978,231.000000000003));
#3772=CARTESIAN_POINT('',(72.9000000000005,2.99999999999978,220.518118927628));
#3773=CARTESIAN_POINT('Origin',(68.9000000000007,-12.0000001788139,231.000000000003));
#3774=CARTESIAN_POINT('',(71.9000000000007,-11.9999999999997,231.000000000003));
#3775=CARTESIAN_POINT('',(68.9000000000007,-12.0000001788139,231.000000000003));
#3776=CARTESIAN_POINT('',(72.9000000000007,-10.9999999999997,231.000000000003));
#3777=CARTESIAN_POINT('Origin',(71.9000000000007,-10.9999999999997,231.000000000003));
#3778=CARTESIAN_POINT('',(72.9000000000007,-6.00000013411059,231.000000000003));
#3779=CARTESIAN_POINT('',(72.9000000000007,10.9999999999994,231.000000000003));
#3780=CARTESIAN_POINT('',(72.9000000000007,-6.00000013411059,231.000000000003));
#3781=CARTESIAN_POINT('',(71.9000000000007,11.9999999999994,231.000000000003));
#3782=CARTESIAN_POINT('Origin',(71.9000000000007,10.9999999999994,231.000000000003));
#3783=CARTESIAN_POINT('',(68.9000000000007,11.9999999999994,231.000000000003));
#3784=CARTESIAN_POINT('Origin',(110.573907913747,-16.5500000000004,174.388651078167));
#3785=CARTESIAN_POINT('',(109.645000000001,-12.8802999711385,200.325297282322));
#3786=CARTESIAN_POINT('',(109.645000000001,-3.7706877483801,188.665525345279));
#3787=CARTESIAN_POINT('Origin',(109.1838275592,-0.947071277247893,200.260066823809));
#3788=CARTESIAN_POINT('',(109.645000000001,-1.68815110902492,186.000000000001));
#3789=CARTESIAN_POINT('Origin',(109.645000000001,-1.68815110902492,186.000000000001));
#3790=CARTESIAN_POINT('',(109.205,-11.8286281050017,198.979218677448));
#3791=CARTESIAN_POINT('Ctrl Pts',(109.205,-11.8286281050017,198.979218677448));
#3792=CARTESIAN_POINT('Ctrl Pts',(109.396286979016,-12.3354994634352,199.627984431273));
#3793=CARTESIAN_POINT('Ctrl Pts',(109.645000000001,-12.8802999711389,200.325297282323));
#3794=CARTESIAN_POINT('',(109.2,-11.8286281050017,198.979218677448));
#3795=CARTESIAN_POINT('',(109.205,-4.82235961451725,190.011603950154));
#3796=CARTESIAN_POINT('',(109.2,-4.82235961451725,190.011603950154));
#3797=CARTESIAN_POINT('Ctrl Pts',(109.645000000001,-3.77068774838001,188.665525345279));
#3798=CARTESIAN_POINT('Ctrl Pts',(109.396286979016,-4.31548825608376,189.362838196329));
#3799=CARTESIAN_POINT('Ctrl Pts',(109.205,-4.82235961451721,190.011603950154));
#3800=CARTESIAN_POINT('Origin',(110.675,-5.66571401322244E-13,201.));
#3801=CARTESIAN_POINT('',(109.205,11.9999999999994,201.000000000003));
#3802=CARTESIAN_POINT('Origin',(109.205,-5.66391378242769E-13,201.));
#3803=CARTESIAN_POINT('',(112.145,17.9999999999994,201.000000000004));
#3804=CARTESIAN_POINT('',(109.205,11.9999999999994,201.000000000003));
#3805=CARTESIAN_POINT('',(112.145,-17.9999999999997,201.000000000003));
#3806=CARTESIAN_POINT('Origin',(112.145,-5.66751424401718E-13,201.));
#3807=CARTESIAN_POINT('',(109.205,-11.9999999999997,201.000000000003));
#3808=CARTESIAN_POINT('',(109.205,-11.9999999999997,201.000000000003));
#3809=CARTESIAN_POINT('Origin',(109.205,-5.66391378242769E-13,201.));
#3810=CARTESIAN_POINT('Origin',(109.2,-5.66391378242769E-13,201.));
#3811=CARTESIAN_POINT('',(109.2,11.9999999999994,201.000000000003));
#3812=CARTESIAN_POINT('Origin',(109.2,-5.66391378242769E-13,201.));
#3813=CARTESIAN_POINT('',(109.2,-11.9999999999997,201.000000000003));
#3814=CARTESIAN_POINT('Origin',(72.4000000000001,-1.68815110902492,186.000000000001));
#3815=CARTESIAN_POINT('',(72.4000000000001,-4.99983685852898,190.238764463532));
#3816=CARTESIAN_POINT('',(71.9000000000001,-4.82235961451724,190.011603950154));
#3817=CARTESIAN_POINT('Ctrl Pts',(72.4000000000001,-4.99983685852897,190.238764463532));
#3818=CARTESIAN_POINT('Ctrl Pts',(72.351008615223,-4.96158338611871,190.189802251618));
#3819=CARTESIAN_POINT('Ctrl Pts',(72.2965624471021,-4.92722783753346,190.145829154687));
#3820=CARTESIAN_POINT('Ctrl Pts',(72.1886567591535,-4.8760193336164,190.080285258601));
#3821=CARTESIAN_POINT('Ctrl Pts',(72.1237876357488,-4.8530097167426,190.050834292023));
#3822=CARTESIAN_POINT('Ctrl Pts',(72.0151882067257,-4.8293299633114,190.020525589767));
#3823=CARTESIAN_POINT('Ctrl Pts',(71.9528216007077,-4.82235961451723,190.011603950154));
#3824=CARTESIAN_POINT('Ctrl Pts',(71.9000000000001,-4.82235961451724,190.011603950154));
#3825=CARTESIAN_POINT('',(72.4,-11.6511508609899,198.75205816407));
#3826=CARTESIAN_POINT('',(72.4000000000001,-1.68815110902492,186.000000000001));
#3827=CARTESIAN_POINT('',(71.9000000000003,-11.8286281050017,198.979218677448));
#3828=CARTESIAN_POINT('Ctrl Pts',(71.9000000000003,-11.8286281050017,198.979218677448));
#3829=CARTESIAN_POINT('Ctrl Pts',(71.9528216007079,-11.8286281050017,198.979218677448));
#3830=CARTESIAN_POINT('Ctrl Pts',(72.0151882067259,-11.8216577562075,198.970297037835));
#3831=CARTESIAN_POINT('Ctrl Pts',(72.1237876357489,-11.7979780027763,198.939988335578));
#3832=CARTESIAN_POINT('Ctrl Pts',(72.1886567591536,-11.7749683859025,198.910537369001));
#3833=CARTESIAN_POINT('Ctrl Pts',(72.2965624471023,-11.7237598819855,198.844993472915));
#3834=CARTESIAN_POINT('Ctrl Pts',(72.3510086152231,-11.6894043334002,198.801020375984));
#3835=CARTESIAN_POINT('Ctrl Pts',(72.4000000000002,-11.65115086099,198.75205816407));
#3836=CARTESIAN_POINT('',(69.9000000000003,-11.8286281050017,198.979218677448));
#3837=CARTESIAN_POINT('',(72.9000000000003,-11.8286281050017,198.979218677448));
#3838=CARTESIAN_POINT('',(68.9000000000001,-10.2107130352361,196.908381822302));
#3839=CARTESIAN_POINT('Ctrl Pts',(68.9000000000003,-10.2107130352361,196.908381822302));
#3840=CARTESIAN_POINT('Ctrl Pts',(68.9000000000003,-10.6020386899626,197.409255819532));
#3841=CARTESIAN_POINT('Ctrl Pts',(68.9414259624693,-11.0709363687169,198.009417479808));
#3842=CARTESIAN_POINT('Ctrl Pts',(69.2736406806846,-11.5457389892707,198.617137120929));
#3843=CARTESIAN_POINT('Ctrl Pts',(69.4002811188582,-11.6748052183617,198.782334360853));
#3844=CARTESIAN_POINT('Ctrl Pts',(69.6113432408469,-11.7749683859025,198.910537369001));
#3845=CARTESIAN_POINT('Ctrl Pts',(69.6762123642517,-11.7979780027763,198.939988335578));
#3846=CARTESIAN_POINT('Ctrl Pts',(69.7848117932747,-11.8216577562075,198.970297037835));
#3847=CARTESIAN_POINT('Ctrl Pts',(69.8471783992927,-11.8286281050017,198.979218677448));
#3848=CARTESIAN_POINT('Ctrl Pts',(69.9000000000003,-11.8286281050017,198.979218677448));
#3849=CARTESIAN_POINT('',(68.9,-6.44027468428282,192.0824408053));
#3850=CARTESIAN_POINT('',(68.9,-7.18998788545778,193.042029943688));
#3851=CARTESIAN_POINT('',(69.9000000000001,-4.82235961451722,190.011603950154));
#3852=CARTESIAN_POINT('Ctrl Pts',(69.9000000000001,-4.82235961451722,190.011603950154));
#3853=CARTESIAN_POINT('Ctrl Pts',(69.8471783992925,-4.82235961451722,190.011603950154));
#3854=CARTESIAN_POINT('Ctrl Pts',(69.7848117932746,-4.82932996331138,190.020525589767));
#3855=CARTESIAN_POINT('Ctrl Pts',(69.6762123642515,-4.85300971674258,190.050834292023));
#3856=CARTESIAN_POINT('Ctrl Pts',(69.6113432408468,-4.87601933361638,190.080285258601));
#3857=CARTESIAN_POINT('Ctrl Pts',(69.4002811188581,-4.97618250115718,190.208488266749));
#3858=CARTESIAN_POINT('Ctrl Pts',(69.2736406806845,-5.10524873024817,190.373685506672));
#3859=CARTESIAN_POINT('Ctrl Pts',(68.9414259624691,-5.58005135080203,190.981405147794));
#3860=CARTESIAN_POINT('Ctrl Pts',(68.9000000000002,-6.04894902955627,191.58156680807));
#3861=CARTESIAN_POINT('Ctrl Pts',(68.9000000000002,-6.4402746842828,192.0824408053));
#3862=CARTESIAN_POINT('',(72.9000000000003,-4.82235961451724,190.011603950154));
#3863=CARTESIAN_POINT('Origin',(72.4000000000001,-9.40000000000031,179.97484330769));
#3864=CARTESIAN_POINT('Origin',(72.4000000000003,-5.66945439443535E-13,
201.));
#3865=CARTESIAN_POINT('Origin',(68.9000000000003,-8.94072482715558E-8,210.000000000001));
#3866=CARTESIAN_POINT('',(68.9000000000002,10.9999999999994,201.000000000003));
#3867=CARTESIAN_POINT('',(68.9000000000003,10.9999999999994,205.500000000002));
#3868=CARTESIAN_POINT('Origin',(68.9000000000002,-5.66169333637844E-13,
201.));
#3869=CARTESIAN_POINT('',(68.9000000000002,-11.0000000000006,201.000000000002));
#3870=CARTESIAN_POINT('Origin',(68.9000000000002,-5.66169333637844E-13,
201.));
#3871=CARTESIAN_POINT('',(68.9000000000005,-10.9999999999997,220.500000000002));
#3872=CARTESIAN_POINT('',(68.9000000000002,1.79951326780478,206.362311101834));
#3873=CARTESIAN_POINT('Origin',(68.9000000000003,4.49951326780479,206.362311101834));
#3874=CARTESIAN_POINT('',(68.9000000000002,-7.19951326780667,195.637688898169));
#3875=CARTESIAN_POINT('Origin',(68.9000000000003,-4.49951326780669,195.637688898169));
#3876=CARTESIAN_POINT('',(68.9000000000002,-8.06231110183377,205.499513267807));
#3877=CARTESIAN_POINT('Origin',(68.9000000000003,-5.36231110183376,205.499513267807));
#3878=CARTESIAN_POINT('',(68.9000000000002,2.66231110183178,196.500486732196));
#3879=CARTESIAN_POINT('Origin',(68.9000000000003,5.36231110183179,196.500486732196));
#3880=CARTESIAN_POINT('',(68.9000000000003,-3.05000000000056,201.));
#3881=CARTESIAN_POINT('Origin',(68.9000000000003,-5.66391378242769E-13,
201.));
#3882=CARTESIAN_POINT('Origin',(69.9000000000003,-5.66391378242769E-13,
201.));
#3883=CARTESIAN_POINT('',(69.9000000000003,-11.9999999999997,201.000000000003));
#3884=CARTESIAN_POINT('Origin',(69.9000000000003,-5.66391378242769E-13,
201.));
#3885=CARTESIAN_POINT('Origin',(69.9000000000003,-11.0000000000006,201.000000000002));
#3886=CARTESIAN_POINT('Origin',(69.9000000000003,-5.66391378242769E-13,
201.));
#3887=CARTESIAN_POINT('',(69.9000000000002,11.9999999999994,201.000000000003));
#3888=CARTESIAN_POINT('Origin',(69.9000000000002,10.9999999999994,201.000000000003));
#3889=CARTESIAN_POINT('Origin',(69.9000000000003,-5.66391378242769E-13,
201.));
#3890=CARTESIAN_POINT('Origin',(72.9000000000003,-5.66391378242769E-13,
201.));
#3891=CARTESIAN_POINT('',(71.9000000000002,-11.9999999999997,201.000000000003));
#3892=CARTESIAN_POINT('Origin',(71.9000000000003,-5.66391378242769E-13,
201.));
#3893=CARTESIAN_POINT('',(72.9000000000002,-11.9999999999997,201.000000000003));
#3894=CARTESIAN_POINT('Origin',(128.030737639892,-19.1949927053887,182.516587248577));
#3895=CARTESIAN_POINT('',(126.030737639892,-17.25,182.516587248577));
#3896=CARTESIAN_POINT('',(128.030737639892,-17.25,182.516587248577));
#3897=CARTESIAN_POINT('',(130.382557174788,-17.25,182.516587248577));
#3898=CARTESIAN_POINT('',(126.030737639892,-21.1949927053887,182.516587248577));
#3899=CARTESIAN_POINT('',(126.030737639892,-17.1949927053887,182.516587248577));
#3900=CARTESIAN_POINT('',(130.030737639892,-21.1949927053887,182.516587248577));
#3901=CARTESIAN_POINT('',(126.030737639892,-21.1949927053887,182.516587248577));
#3902=CARTESIAN_POINT('',(130.030737639892,-19.1949927053887,182.516587248577));
#3903=CARTESIAN_POINT('',(130.030737639892,-19.1949927053887,182.516587248577));
#3904=CARTESIAN_POINT('',(128.030737639892,-19.1949927053887,182.516587248577));
#3905=CARTESIAN_POINT('',(128.030737639892,-19.1949927053887,182.516587248577));
#3906=CARTESIAN_POINT('',(128.030737639892,-17.1949927053887,182.516587248577));
#3907=CARTESIAN_POINT('Origin',(126.030737639892,-21.1949927053887,182.516587248577));
#3908=CARTESIAN_POINT('',(126.030737639892,-17.25,172.516587248577));
#3909=CARTESIAN_POINT('',(126.030737639892,-17.25,191.958293624289));
#3910=CARTESIAN_POINT('',(126.030737639892,-21.1949927053887,172.516587248577));
#3911=CARTESIAN_POINT('',(126.030737639892,-17.1949927053887,172.516587248577));
#3912=CARTESIAN_POINT('',(126.030737639892,-21.1949927053887,182.516587248577));
#3913=CARTESIAN_POINT('Origin',(130.030737639892,-21.1949927053887,182.516587248577));
#3914=CARTESIAN_POINT('',(130.030737639892,-21.1949927053887,172.516587248577));
#3915=CARTESIAN_POINT('',(126.030737639892,-21.1949927053887,172.516587248577));
#3916=CARTESIAN_POINT('',(130.030737639892,-21.1949927053887,182.516587248577));
#3917=CARTESIAN_POINT('Origin',(130.030737639892,-19.1949927053887,182.516587248577));
#3918=CARTESIAN_POINT('',(130.030737639892,-19.1949927053887,172.516587248577));
#3919=CARTESIAN_POINT('',(130.030737639892,-19.1949927053887,172.516587248577));
#3920=CARTESIAN_POINT('',(130.030737639892,-19.1949927053887,182.516587248577));
#3921=CARTESIAN_POINT('Origin',(128.030737639892,-19.1949927053887,182.516587248577));
#3922=CARTESIAN_POINT('',(128.030737639892,-19.1949927053887,172.516587248577));
#3923=CARTESIAN_POINT('',(128.030737639892,-19.1949927053887,172.516587248577));
#3924=CARTESIAN_POINT('',(128.030737639892,-19.1949927053887,182.516587248577));
#3925=CARTESIAN_POINT('Origin',(128.030737639892,-17.1949927053887,182.516587248577));
#3926=CARTESIAN_POINT('',(128.030737639892,-17.25,172.516587248577));
#3927=CARTESIAN_POINT('',(128.030737639892,-17.25,191.958293624289));
#3928=CARTESIAN_POINT('',(128.030737639892,-17.1949927053887,172.516587248577));
#3929=CARTESIAN_POINT('Origin',(128.030737639892,-19.1949927053887,172.516587248577));
#3930=CARTESIAN_POINT('',(130.382557174788,-17.25,172.516587248577));
#3931=CARTESIAN_POINT('Origin',(134.030737639892,-19.1949927053887,172.516587248577));
#3932=CARTESIAN_POINT('',(136.030737639892,-17.25,172.516587248577));
#3933=CARTESIAN_POINT('',(134.030737639892,-17.25,172.516587248577));
#3934=CARTESIAN_POINT('',(133.382557174788,-17.25,172.516587248577));
#3935=CARTESIAN_POINT('',(136.030737639892,-21.1949927053887,172.516587248577));
#3936=CARTESIAN_POINT('',(136.030737639892,-17.1949927053887,172.516587248577));
#3937=CARTESIAN_POINT('',(132.030737639892,-21.1949927053887,172.516587248577));
#3938=CARTESIAN_POINT('',(132.030737639892,-21.1949927053887,172.516587248577));
#3939=CARTESIAN_POINT('',(132.030737639892,-19.1949927053887,172.516587248577));
#3940=CARTESIAN_POINT('',(132.030737639892,-19.1949927053887,172.516587248577));
#3941=CARTESIAN_POINT('',(134.030737639892,-19.1949927053887,172.516587248577));
#3942=CARTESIAN_POINT('',(132.030737639892,-19.1949927053887,172.516587248577));
#3943=CARTESIAN_POINT('',(134.030737639892,-17.1949927053887,172.516587248577));
#3944=CARTESIAN_POINT('Origin',(136.030737639892,-21.1949927053887,182.516587248577));
#3945=CARTESIAN_POINT('',(132.030737639892,-21.1949927053887,182.516587248577));
#3946=CARTESIAN_POINT('',(136.030737639892,-21.1949927053887,182.516587248577));
#3947=CARTESIAN_POINT('',(132.030737639892,-21.1949927053887,182.516587248577));
#3948=CARTESIAN_POINT('',(132.030737639892,-21.1949927053887,182.516587248577));
#3949=CARTESIAN_POINT('',(136.030737639892,-21.1949927053887,182.516587248577));
#3950=CARTESIAN_POINT('Origin',(132.030737639892,-21.1949927053887,182.516587248577));
#3951=CARTESIAN_POINT('',(132.030737639892,-19.1949927053887,182.516587248577));
#3952=CARTESIAN_POINT('',(132.030737639892,-19.1949927053887,182.516587248577));
#3953=CARTESIAN_POINT('',(132.030737639892,-19.1949927053887,182.516587248577));
#3954=CARTESIAN_POINT('Origin',(132.030737639892,-19.1949927053887,182.516587248577));
#3955=CARTESIAN_POINT('',(134.030737639892,-19.1949927053887,182.516587248577));
#3956=CARTESIAN_POINT('',(132.030737639892,-19.1949927053887,182.516587248577));
#3957=CARTESIAN_POINT('',(134.030737639892,-19.1949927053887,182.516587248577));
#3958=CARTESIAN_POINT('Origin',(136.030737639892,-17.1949927053887,182.516587248577));
#3959=CARTESIAN_POINT('',(136.030737639892,-17.25,182.516587248577));
#3960=CARTESIAN_POINT('',(136.030737639892,-17.25,191.958293624289));
#3961=CARTESIAN_POINT('',(136.030737639892,-17.1949927053887,182.516587248577));
#3962=CARTESIAN_POINT('Origin',(134.030737639892,-19.1949927053887,182.516587248577));
#3963=CARTESIAN_POINT('',(134.030737639892,-17.25,182.516587248577));
#3964=CARTESIAN_POINT('',(134.030737639892,-17.25,191.958293624289));
#3965=CARTESIAN_POINT('',(134.030737639892,-17.1949927053887,182.516587248577));
#3966=CARTESIAN_POINT('Origin',(134.030737639892,-19.1949927053887,182.516587248577));
#3967=CARTESIAN_POINT('',(133.382557174788,-17.25,182.516587248577));
#3968=CARTESIAN_POINT('Origin',(125.533651078166,-17.25,172.116587248577));
#3969=CARTESIAN_POINT('',(137.145,17.15,172.116587248577));
#3970=CARTESIAN_POINT('',(125.533651078166,17.15,172.116587248577));
#3971=CARTESIAN_POINT('',(127.902690943274,17.15,172.116587248577));
#3972=CARTESIAN_POINT('',(137.145,-17.25,172.116587248577));
#3973=CARTESIAN_POINT('',(137.145,-8.67499999999997,172.116587248577));
#3974=CARTESIAN_POINT('',(125.533651078166,-17.25,172.116587248577));
#3975=CARTESIAN_POINT('',(129.134013893925,-17.25,172.116587248577));
#3976=CARTESIAN_POINT('',(125.533651078166,-17.25,172.116587248577));
#3977=CARTESIAN_POINT('Origin',(137.145,-0.0999999999999623,201.4));
#3978=CARTESIAN_POINT('',(137.145,17.15,217.85));
#3979=CARTESIAN_POINT('',(137.145,-17.25,217.85));
#3980=CARTESIAN_POINT('',(137.145,-23.35,217.85));
#3981=CARTESIAN_POINT('',(137.145,-17.25,217.768981772044));
#3982=CARTESIAN_POINT('',(137.145,-17.25,201.4));
#3983=CARTESIAN_POINT('',(137.145,-21.35,202.98814182759));
#3984=CARTESIAN_POINT('',(137.145,-18.4595844928798,213.408329384593));
#3985=CARTESIAN_POINT('',(137.145,-21.35,199.811848890975));
#3986=CARTESIAN_POINT('',(137.145,-21.35,209.625));
#3987=CARTESIAN_POINT('',(137.145,-18.35,199.811848890975));
#3988=CARTESIAN_POINT('',(137.145,-9.17499999999997,199.811848890975));
#3989=CARTESIAN_POINT('',(137.145,-18.35,210.7));
#3990=CARTESIAN_POINT('',(137.145,-18.35,196.75));
#3991=CARTESIAN_POINT('',(137.145,-16.55,210.7));
#3992=CARTESIAN_POINT('',(137.145,-16.55,210.7));
#3993=CARTESIAN_POINT('',(137.145,-16.55,213.85));
#3994=CARTESIAN_POINT('',(137.145,-16.55,213.85));
#3995=CARTESIAN_POINT('',(137.145,15.45,213.85));
#3996=CARTESIAN_POINT('',(137.145,-16.55,213.85));
#3997=CARTESIAN_POINT('',(137.145,15.45,208.5));
#3998=CARTESIAN_POINT('',(137.145,15.45,208.5));
#3999=CARTESIAN_POINT('',(137.145,16.55,208.5));
#4000=CARTESIAN_POINT('',(137.145,16.55,208.5));
#4001=CARTESIAN_POINT('',(137.145,16.55,194.3));
#4002=CARTESIAN_POINT('',(137.145,16.55,194.3));
#4003=CARTESIAN_POINT('',(137.145,15.45,194.3));
#4004=CARTESIAN_POINT('',(137.145,15.45,194.3));
#4005=CARTESIAN_POINT('',(137.145,15.45,188.95));
#4006=CARTESIAN_POINT('',(137.145,15.45,188.95));
#4007=CARTESIAN_POINT('',(137.145,-16.55,188.95));
#4008=CARTESIAN_POINT('',(137.145,-16.55,188.95));
#4009=CARTESIAN_POINT('',(137.145,-16.55,192.1));
#4010=CARTESIAN_POINT('',(137.145,-16.55,192.1));
#4011=CARTESIAN_POINT('',(137.145,-17.25,192.1));
#4012=CARTESIAN_POINT('',(137.145,-18.35,192.1));
#4013=CARTESIAN_POINT('',(137.145,-17.25,184.95));
#4014=CARTESIAN_POINT('',(137.145,17.15,199.811848890975));
#4015=CARTESIAN_POINT('',(137.145,17.15,201.4));
#4016=CARTESIAN_POINT('',(137.145,21.15,199.811848890975));
#4017=CARTESIAN_POINT('',(137.145,11.525,199.811848890975));
#4018=CARTESIAN_POINT('',(137.145,21.15,202.98814182759));
#4019=CARTESIAN_POINT('',(137.145,21.15,193.175));
#4020=CARTESIAN_POINT('',(137.145,17.15,217.768981772044));
#4021=CARTESIAN_POINT('',(137.145,18.2666060682673,213.642887878028));
#4022=CARTESIAN_POINT('',(137.145,17.15,201.4));
#4023=CARTESIAN_POINT('Origin',(130.271730808381,17.15,201.4));
#4024=CARTESIAN_POINT('',(125.533651078166,17.15,184.95));
#4025=CARTESIAN_POINT('',(125.533651078166,17.15,184.95));
#4026=CARTESIAN_POINT('',(125.140502331952,17.15,184.446792552077));
#4027=CARTESIAN_POINT('',(126.030737639892,17.15,182.516587248577));
#4028=CARTESIAN_POINT('',(126.030737639892,17.15,172.516587248577));
#4029=CARTESIAN_POINT('',(126.030737639892,17.15,186.958293624289));
#4030=CARTESIAN_POINT('',(128.030737639892,17.15,172.516587248577));
#4031=CARTESIAN_POINT('',(129.151234224136,17.15,172.516587248577));
#4032=CARTESIAN_POINT('',(128.030737639892,17.15,182.516587248577));
#4033=CARTESIAN_POINT('',(128.030737639892,17.15,186.958293624289));
#4034=CARTESIAN_POINT('',(129.151234224136,17.15,182.516587248577));
#4035=CARTESIAN_POINT('',(134.030737639892,17.15,182.516587248577));
#4036=CARTESIAN_POINT('',(134.030737639892,17.15,172.516587248577));
#4037=CARTESIAN_POINT('',(134.030737639892,17.15,186.958293624289));
#4038=CARTESIAN_POINT('',(136.030737639892,17.15,172.516587248577));
#4039=CARTESIAN_POINT('',(132.151234224136,17.15,172.516587248577));
#4040=CARTESIAN_POINT('',(136.030737639892,17.15,182.516587248577));
#4041=CARTESIAN_POINT('',(136.030737639892,17.15,186.958293624289));
#4042=CARTESIAN_POINT('',(132.151234224136,17.15,182.516587248577));
#4043=CARTESIAN_POINT('Origin',(128.725937737393,19.15,221.154458130742));
#4044=CARTESIAN_POINT('',(137.055005284826,17.15,217.884169626795));
#4045=CARTESIAN_POINT('',(129.531142535126,18.2098493957931,223.597898032948));
#4046=CARTESIAN_POINT('',(127.947972736506,18.4328627082798,224.800179700101));
#4047=CARTESIAN_POINT('',(132.311385157563,17.15,223.955719774572));
#4048=CARTESIAN_POINT('',(125.533630936205,21.15,217.85));
#4049=CARTESIAN_POINT('',(126.643057331198,21.15,216.430000545627));
#4050=CARTESIAN_POINT('',(125.677981818914,21.0999999999994,217.85));
#4051=CARTESIAN_POINT('',(123.213797523214,21.9535397392426,217.85));
#4052=CARTESIAN_POINT('',(127.767520164773,19.5326943624775,220.96703929125));
#4053=CARTESIAN_POINT('Origin',(130.271730808381,17.15,201.4));
#4054=CARTESIAN_POINT('',(137.1,17.15,217.85));
#4055=CARTESIAN_POINT('',(132.921175246316,17.15,221.023458965664));
#4056=CARTESIAN_POINT('',(123.70836540419,17.15,217.85));
#4057=CARTESIAN_POINT('Origin',(129.192657865043,-19.3,220.557084271962));
#4058=CARTESIAN_POINT('',(137.055005284826,-17.25,217.884169626795));
#4059=CARTESIAN_POINT('',(129.512484866073,-18.3390395497463,223.61206693225));
#4060=CARTESIAN_POINT('',(129.294100280989,-18.3705713769085,223.777911292889));
#4061=CARTESIAN_POINT('',(125.674461065676,-21.2999999999997,217.85));
#4062=CARTESIAN_POINT('',(127.724270457333,-19.7186120631595,220.927401164594));
#4063=CARTESIAN_POINT('',(125.533630936205,-21.35,217.85));
#4064=CARTESIAN_POINT('',(130.772022188867,-19.4901738135236,217.85));
#4065=CARTESIAN_POINT('',(118.662372839188,-21.35,226.644799540246));
#4066=CARTESIAN_POINT('',(132.778105285213,-17.25,223.358345915793));
#4067=CARTESIAN_POINT('Origin',(132.734376709684,-17.25,201.4));
#4068=CARTESIAN_POINT('',(137.1,-17.25,217.85));
#4069=CARTESIAN_POINT('',(124.939688354842,-17.25,217.85));
#4070=CARTESIAN_POINT('',(133.702119729933,-17.25,220.430398615134));
#4071=CARTESIAN_POINT('Origin',(115.15875,16.5506490843626,226.897696386868));
#4072=CARTESIAN_POINT('',(109.205636102676,12.0012981687258,235.945392773736));
#4073=CARTESIAN_POINT('',(112.145,17.9999999999994,224.01524407974));
#4074=CARTESIAN_POINT('',(113.840266393415,21.4597273335,217.13457844736));
#4075=CARTESIAN_POINT('',(113.271907036238,12.0012981687258,235.945392773736));
#4076=CARTESIAN_POINT('',(115.15875,12.0012981687258,235.945392773736));
#4077=CARTESIAN_POINT('',(121.707373169423,15.2223612756386,229.539379789747));
#4078=CARTESIAN_POINT('',(112.145,21.0999999999994,217.85));
#4079=CARTESIAN_POINT('',(116.151875,21.0999999999994,217.85));
#4080=CARTESIAN_POINT('',(112.145,19.9872741090241,220.062976358616));
#4081=CARTESIAN_POINT('Origin',(117.145,23.15,217.85));
#4082=CARTESIAN_POINT('',(137.1,11.5749999552964,217.85));
#4083=CARTESIAN_POINT('Origin',(117.145,23.15,217.85));
#4084=CARTESIAN_POINT('',(112.145,21.15,217.85));
#4085=CARTESIAN_POINT('',(117.145,21.15,217.85));
#4086=CARTESIAN_POINT('',(112.145,-23.35,217.85));
#4087=CARTESIAN_POINT('Origin',(115.15875,-16.6506490843629,226.897696386868));
#4088=CARTESIAN_POINT('',(113.271907036238,-12.0012981687261,235.945392773736));
#4089=CARTESIAN_POINT('',(119.084529572811,-14.2696225330608,231.531204529434));
#4090=CARTESIAN_POINT('',(109.205636102676,-12.0012981687261,235.945392773736));
#4091=CARTESIAN_POINT('',(115.15875,-12.0012981687261,235.945392773736));
#4092=CARTESIAN_POINT('',(112.145,-17.9999999999997,224.271842235278));
#4093=CARTESIAN_POINT('',(112.486399355539,-18.6967333786516,222.915990163231));
#4094=CARTESIAN_POINT('',(112.145,-21.2999999999997,217.85));
#4095=CARTESIAN_POINT('',(112.145,-20.1046318070168,220.176201802547));
#4096=CARTESIAN_POINT('',(115.15875,-21.2999999999997,217.85));
#4097=CARTESIAN_POINT('Origin',(117.145,23.15,217.85));
#4098=CARTESIAN_POINT('',(112.145,-21.35,217.85));
#4099=CARTESIAN_POINT('',(112.145,-23.35,217.85));
#4100=CARTESIAN_POINT('',(117.145,-21.35,217.85));
#4101=CARTESIAN_POINT('Origin',(113.1725,-14.5499999999997,226.9));
#4102=CARTESIAN_POINT('',(113.265840220386,-11.9999999999997,235.95));
#4103=CARTESIAN_POINT('',(119.742996814615,-13.3859728614732,231.031155138692));
#4104=CARTESIAN_POINT('',(109.205,-11.9999999999997,235.95));
#4105=CARTESIAN_POINT('',(113.1725,-11.9999999999997,235.95));
#4106=CARTESIAN_POINT('',(111.16041398028,-15.9906407760804,221.787137637831));
#4107=CARTESIAN_POINT('Origin',(109.2,-11.9999999999997,231.000000000003));
#4108=CARTESIAN_POINT('',(109.205,-11.9999999999997,216.200000000001));
#4109=CARTESIAN_POINT('',(119.110648002931,-11.9999999999997,231.511369822042));
#4110=CARTESIAN_POINT('',(69.9000000000005,-11.9999999999997,220.500000000002));
#4111=CARTESIAN_POINT('',(71.9000000000005,-11.9999999999997,220.500000000002));
#4112=CARTESIAN_POINT('Origin',(113.1725,14.5499999999994,226.9));
#4113=CARTESIAN_POINT('',(109.205,11.9999999999994,235.95));
#4114=CARTESIAN_POINT('',(112.103098734444,17.9144872131501,214.959368910191));
#4115=CARTESIAN_POINT('',(113.265840220386,11.9999999999994,235.95));
#4116=CARTESIAN_POINT('',(113.1725,11.9999999999994,235.95));
#4117=CARTESIAN_POINT('',(121.269534314418,13.712619209445,229.871880844909));
#4118=CARTESIAN_POINT('Origin',(71.9000000000005,-10.9999999999997,220.500000000002));
#4119=CARTESIAN_POINT('',(72.9000000000002,-10.9999999999997,201.000000000003));
#4120=CARTESIAN_POINT('Origin',(71.9000000000002,-10.9999999999997,201.000000000003));
#4121=CARTESIAN_POINT('',(72.9000000000005,-10.9999999999997,220.500000000002));
#4122=CARTESIAN_POINT('Origin',(71.9000000000003,-5.66391378242769E-13,
201.));
#4123=CARTESIAN_POINT('',(71.9000000000003,11.9999999999994,201.000000000003));
#4124=CARTESIAN_POINT('Origin',(71.9000000000003,-5.66391378242769E-13,
201.));
#4125=CARTESIAN_POINT('',(72.9000000000002,10.9999999999994,201.000000000002));
#4126=CARTESIAN_POINT('Origin',(71.9000000000003,10.9999999999994,201.000000000002));
#4127=CARTESIAN_POINT('Origin',(72.9000000000002,-5.66613422847694E-13,
201.));
#4128=CARTESIAN_POINT('Origin',(71.9000000000003,10.9999999999994,205.500000000002));
#4129=CARTESIAN_POINT('',(72.9000000000003,10.9999999999994,205.500000000002));
#4130=CARTESIAN_POINT('',(71.9000000000003,11.9999999999994,205.500000000002));
#4131=CARTESIAN_POINT('Origin',(109.2,11.9999999999994,201.000000000003));
#4132=CARTESIAN_POINT('',(109.205,11.9999999999994,201.200000000001));
#4133=CARTESIAN_POINT('',(72.9000000000002,11.9999999999994,201.000000000003));
#4134=CARTESIAN_POINT('',(69.9000000000003,11.9999999999994,205.500000000002));
#4135=CARTESIAN_POINT('',(126.335320663533,11.9999999999994,226.024850625811));
#4136=CARTESIAN_POINT('Origin',(72.9000000000003,-5.66391378242769E-13,
201.));
#4137=CARTESIAN_POINT('Origin',(69.9000000000003,10.9999999999994,205.500000000002));
#4138=CARTESIAN_POINT('Origin',(69.9000000000005,-10.9999999999997,220.500000000002));
#4139=CARTESIAN_POINT('Origin',(117.145,21.15,184.95));
#4140=CARTESIAN_POINT('',(125.533651078166,21.15,184.95));
#4141=CARTESIAN_POINT('',(130.36991071074,21.15,191.140130047825));
#4142=CARTESIAN_POINT('',(125.533651078166,21.15,163.310780420372));
#4143=CARTESIAN_POINT('',(125.533651078166,21.15,184.95));
#4144=CARTESIAN_POINT('',(112.145,21.15,160.95));
#4145=CARTESIAN_POINT('',(119.083756018467,21.15,162.173489898609));
#4146=CARTESIAN_POINT('',(112.145,21.15,193.175));
#4147=CARTESIAN_POINT('',(125.145,21.15,191.15));
#4148=CARTESIAN_POINT('Origin',(123.345,21.15,191.15));
#4149=CARTESIAN_POINT('',(125.145,21.15,211.65));
#4150=CARTESIAN_POINT('Origin',(123.345,21.15,211.65));
#4151=CARTESIAN_POINT('Origin',(112.145,-0.0999999999999623,201.4));
#4152=CARTESIAN_POINT('',(112.145,-21.35,160.95));
#4153=CARTESIAN_POINT('',(112.145,-23.35,160.95));
#4154=CARTESIAN_POINT('',(112.145,-21.35,209.625));
#4155=CARTESIAN_POINT('',(112.145,-17.9999999999997,216.200000000001));
#4156=CARTESIAN_POINT('',(112.145,17.9999999999995,201.300000000001));
#4157=CARTESIAN_POINT('',(112.145,13.85,189.05));
#4158=CARTESIAN_POINT('',(112.145,13.85,189.047524752475));
#4159=CARTESIAN_POINT('',(112.145,13.85,189.));
#4160=CARTESIAN_POINT('',(112.145,15.35,189.05));
#4161=CARTESIAN_POINT('',(112.145,-14.95,189.));
#4162=CARTESIAN_POINT('',(112.145,-16.45,189.05));
#4163=CARTESIAN_POINT('',(112.145,-20.35,190.739553016817));
#4164=CARTESIAN_POINT('',(112.145,-21.0994375494865,190.018629150102));
#4165=CARTESIAN_POINT('Origin',(112.145,-19.35,188.95));
#4166=CARTESIAN_POINT('',(112.145,-20.35,190.018629150102));
#4167=CARTESIAN_POINT('',(112.145,-10.5997187747432,190.018629150102));
#4168=CARTESIAN_POINT('',(112.145,-20.35,195.709314575051));
#4169=CARTESIAN_POINT('',(112.145,-21.0994375494865,212.781370849898));
#4170=CARTESIAN_POINT('',(112.145,-20.35,212.060446983183));
#4171=CARTESIAN_POINT('Origin',(112.145,-19.35,213.85));
#4172=CARTESIAN_POINT('',(112.145,-20.35,212.781370849898));
#4173=CARTESIAN_POINT('',(112.145,-20.35,206.730223491591));
#4174=CARTESIAN_POINT('',(112.145,-10.225,212.781370849898));
#4175=CARTESIAN_POINT('Origin',(117.069038765061,-23.35,161.818240888335));
#4176=CARTESIAN_POINT('',(125.533651078166,-21.35,163.310780420372));
#4177=CARTESIAN_POINT('',(125.533651078166,-0.099999999999974,163.310780420372));
#4178=CARTESIAN_POINT('',(121.896871697321,-21.35,162.669518092645));
#4179=CARTESIAN_POINT('Origin',(138.385796697219,23.15,201.399996240834));
#4180=CARTESIAN_POINT('',(125.533651078166,-0.0999999999999801,184.95));
#4181=CARTESIAN_POINT('Origin',(117.145,-21.35,217.85));
#4182=CARTESIAN_POINT('',(125.533651078166,-21.35,184.95));
#4183=CARTESIAN_POINT('',(138.35059305936,-21.35,201.354937639133));
#4184=CARTESIAN_POINT('',(125.533651078166,-21.35,201.4));
#4185=CARTESIAN_POINT('',(117.745,-21.35,191.15));
#4186=CARTESIAN_POINT('Origin',(119.545,-21.35,191.15));
#4187=CARTESIAN_POINT('',(117.745,-21.35,211.65));
#4188=CARTESIAN_POINT('Origin',(119.545,-21.35,211.65));
#4189=CARTESIAN_POINT('Origin',(138.385796697219,-18.25,201.399996240834));
#4190=CARTESIAN_POINT('',(125.533651078166,-17.25,184.95));
#4191=CARTESIAN_POINT('',(125.533651078166,-20.8,184.95));
#4192=CARTESIAN_POINT('',(131.119843307689,-17.25,192.1));
#4193=CARTESIAN_POINT('',(114.970753986929,-17.25,171.430108256355));
#4194=CARTESIAN_POINT('',(131.119843307689,-18.35,192.1));
#4195=CARTESIAN_POINT('',(131.119843307689,-17.4,192.1));
#4196=CARTESIAN_POINT('',(132.104314321458,-18.35,193.36006543621));
#4197=CARTESIAN_POINT('Origin',(134.030737639892,19.1050072946114,172.516587248577));
#4198=CARTESIAN_POINT('',(134.030737639892,19.1050072946114,172.516587248577));
#4199=CARTESIAN_POINT('',(134.030737639892,17.1050072946114,172.516587248577));
#4200=CARTESIAN_POINT('',(132.030737639892,19.1050072946114,172.516587248577));
#4201=CARTESIAN_POINT('',(132.030737639892,19.1050072946114,172.516587248577));
#4202=CARTESIAN_POINT('',(132.030737639892,21.1050072946114,172.516587248577));
#4203=CARTESIAN_POINT('',(132.030737639892,19.1050072946114,172.516587248577));
#4204=CARTESIAN_POINT('',(136.030737639892,21.1050072946114,172.516587248577));
#4205=CARTESIAN_POINT('',(132.030737639892,21.1050072946114,172.516587248577));
#4206=CARTESIAN_POINT('',(136.030737639892,17.1050072946114,172.516587248577));
#4207=CARTESIAN_POINT('Origin',(134.030737639892,19.1050072946114,172.516587248577));
#4208=CARTESIAN_POINT('',(134.030737639892,19.1050072946114,182.516587248577));
#4209=CARTESIAN_POINT('',(134.030737639892,17.1050072946114,182.516587248577));
#4210=CARTESIAN_POINT('',(134.030737639892,19.1050072946114,172.516587248577));
#4211=CARTESIAN_POINT('Origin',(136.030737639892,17.1050072946114,172.516587248577));
#4212=CARTESIAN_POINT('',(136.030737639892,21.1050072946114,182.516587248577));
#4213=CARTESIAN_POINT('',(136.030737639892,21.1050072946114,172.516587248577));
#4214=CARTESIAN_POINT('',(136.030737639892,17.1050072946114,182.516587248577));
#4215=CARTESIAN_POINT('Origin',(132.030737639892,19.1050072946114,172.516587248577));
#4216=CARTESIAN_POINT('',(132.030737639892,19.1050072946114,182.516587248577));
#4217=CARTESIAN_POINT('',(132.030737639892,19.1050072946114,182.516587248577));
#4218=CARTESIAN_POINT('',(132.030737639892,19.1050072946114,172.516587248577));
#4219=CARTESIAN_POINT('Origin',(132.030737639892,21.1050072946114,172.516587248577));
#4220=CARTESIAN_POINT('',(132.030737639892,21.1050072946114,182.516587248577));
#4221=CARTESIAN_POINT('',(132.030737639892,19.1050072946114,182.516587248577));
#4222=CARTESIAN_POINT('',(132.030737639892,21.1050072946114,172.516587248577));
#4223=CARTESIAN_POINT('Origin',(136.030737639892,21.1050072946114,172.516587248577));
#4224=CARTESIAN_POINT('',(132.030737639892,21.1050072946114,182.516587248577));
#4225=CARTESIAN_POINT('Origin',(134.030737639892,19.1050072946114,182.516587248577));
#4226=CARTESIAN_POINT('Origin',(128.030737639892,19.1050072946114,172.516587248577));
#4227=CARTESIAN_POINT('',(126.030737639892,21.1050072946114,172.516587248577));
#4228=CARTESIAN_POINT('',(126.030737639892,17.1050072946114,172.516587248577));
#4229=CARTESIAN_POINT('',(130.030737639892,21.1050072946114,172.516587248577));
#4230=CARTESIAN_POINT('',(126.030737639892,21.1050072946114,172.516587248577));
#4231=CARTESIAN_POINT('',(130.030737639892,19.1050072946114,172.516587248577));
#4232=CARTESIAN_POINT('',(130.030737639892,19.1050072946114,172.516587248577));
#4233=CARTESIAN_POINT('',(128.030737639892,19.1050072946114,172.516587248577));
#4234=CARTESIAN_POINT('',(128.030737639892,19.1050072946114,172.516587248577));
#4235=CARTESIAN_POINT('',(128.030737639892,17.1050072946114,172.516587248577));
#4236=CARTESIAN_POINT('Origin',(126.030737639892,21.1050072946114,172.516587248577));
#4237=CARTESIAN_POINT('',(126.030737639892,21.1050072946114,182.516587248577));
#4238=CARTESIAN_POINT('',(126.030737639892,17.1050072946114,182.516587248577));
#4239=CARTESIAN_POINT('',(126.030737639892,21.1050072946114,172.516587248577));
#4240=CARTESIAN_POINT('Origin',(130.030737639892,21.1050072946114,172.516587248577));
#4241=CARTESIAN_POINT('',(130.030737639892,21.1050072946114,182.516587248577));
#4242=CARTESIAN_POINT('',(126.030737639892,21.1050072946114,182.516587248577));
#4243=CARTESIAN_POINT('',(130.030737639892,21.1050072946114,172.516587248577));
#4244=CARTESIAN_POINT('Origin',(130.030737639892,19.1050072946114,172.516587248577));
#4245=CARTESIAN_POINT('',(130.030737639892,19.1050072946114,182.516587248577));
#4246=CARTESIAN_POINT('',(130.030737639892,19.1050072946114,182.516587248577));
#4247=CARTESIAN_POINT('',(130.030737639892,19.1050072946114,172.516587248577));
#4248=CARTESIAN_POINT('Origin',(128.030737639892,19.1050072946114,172.516587248577));
#4249=CARTESIAN_POINT('',(128.030737639892,19.1050072946114,182.516587248577));
#4250=CARTESIAN_POINT('',(128.030737639892,19.1050072946114,182.516587248577));
#4251=CARTESIAN_POINT('',(128.030737639892,19.1050072946114,172.516587248577));
#4252=CARTESIAN_POINT('Origin',(128.030737639892,17.1050072946114,172.516587248577));
#4253=CARTESIAN_POINT('',(128.030737639892,17.1050072946114,182.516587248577));
#4254=CARTESIAN_POINT('Origin',(128.030737639892,19.1050072946114,182.516587248577));
#4255=CARTESIAN_POINT('Origin',(110.675,-14.9999999999997,216.200000000001));
#4256=CARTESIAN_POINT('Origin',(110.675,14.9999999999994,201.200000000001));
#4257=CARTESIAN_POINT('Origin',(125.533651078166,-17.25,184.95));
#4258=CARTESIAN_POINT('',(125.533651078166,-17.25,184.95));
#4259=CARTESIAN_POINT('Origin',(68.9000000000002,4.49951326780479,206.362311101834));
#4260=CARTESIAN_POINT('',(71.0000000000002,1.79951326780478,206.362311101834));
#4261=CARTESIAN_POINT('',(68.9000000000002,1.79951326780478,206.362311101834));
#4262=CARTESIAN_POINT('Origin',(71.0000000000002,4.49951326780479,206.362311101834));
#4263=CARTESIAN_POINT('Origin',(71.0000000000002,-9.86988268891764E-13,
201.000000000001));
#4264=CARTESIAN_POINT('',(71.0000000000002,2.94951326780477,206.362311101834));
#4265=CARTESIAN_POINT('Origin',(71.0000000000002,4.4995132678052,206.362311101833));
#4266=CARTESIAN_POINT('Origin',(68.9000000000002,-4.49951326780669,195.637688898169));
#4267=CARTESIAN_POINT('',(71.0000000000002,-7.19951326780667,195.637688898169));
#4268=CARTESIAN_POINT('',(68.9000000000002,-7.19951326780667,195.637688898169));
#4269=CARTESIAN_POINT('Origin',(71.0000000000002,-4.49951326780669,195.637688898169));
#4270=CARTESIAN_POINT('Origin',(71.0000000000002,-9.86988268891764E-13,
201.000000000001));
#4271=CARTESIAN_POINT('',(71.0000000000002,-6.0495132678067,195.637688898169));
#4272=CARTESIAN_POINT('Origin',(71.0000000000002,-4.49951326780627,195.637688898168));
#4273=CARTESIAN_POINT('Origin',(68.9000000000002,-5.36231110183376,205.499513267807));
#4274=CARTESIAN_POINT('',(71.0000000000002,-8.06231110183377,205.499513267807));
#4275=CARTESIAN_POINT('',(68.9000000000002,-8.06231110183377,205.499513267807));
#4276=CARTESIAN_POINT('Origin',(71.0000000000002,-5.36231110183376,205.499513267807));
#4277=CARTESIAN_POINT('Origin',(71.0000000000002,-9.86988268891764E-13,
201.000000000001));
#4278=CARTESIAN_POINT('',(71.0000000000002,-6.91231110183377,205.499513267807));
#4279=CARTESIAN_POINT('Origin',(71.0000000000002,-5.36231110183334,205.499513267806));
#4280=CARTESIAN_POINT('Origin',(68.9000000000002,5.36231110183179,196.500486732196));
#4281=CARTESIAN_POINT('',(71.0000000000002,2.66231110183178,196.500486732196));
#4282=CARTESIAN_POINT('',(68.9000000000002,2.66231110183178,196.500486732196));
#4283=CARTESIAN_POINT('Origin',(71.0000000000002,5.36231110183179,196.500486732196));
#4284=CARTESIAN_POINT('Origin',(71.0000000000002,-9.86988268891764E-13,
201.000000000001));
#4285=CARTESIAN_POINT('',(71.0000000000002,3.81231110183178,196.500486732196));
#4286=CARTESIAN_POINT('Origin',(71.0000000000002,5.3623111018322,196.500486732195));
#4287=CARTESIAN_POINT('Origin',(125.15,11.5749999552964,226.925));
#4288=CARTESIAN_POINT('Origin',(72.9000000000003,-5.66391378242769E-13,
201.));
#4289=CARTESIAN_POINT('',(72.9000000000003,-3.05000000000056,201.));
#4290=CARTESIAN_POINT('',(72.9000000000003,-3.05000000000056,201.));
#4291=CARTESIAN_POINT('Origin',(72.9000000000003,-5.66391378242769E-13,
201.));
#4292=CARTESIAN_POINT('Origin',(72.9000000000003,4.4995132678052,206.362311101833));
#4293=CARTESIAN_POINT('',(72.9000000000003,2.94951326780518,206.362311101833));
#4294=CARTESIAN_POINT('',(72.9000000000003,2.94951326780518,206.362311101833));
#4295=CARTESIAN_POINT('Origin',(72.9000000000003,4.4995132678052,206.362311101833));
#4296=CARTESIAN_POINT('Origin',(72.9000000000003,-5.36231110183334,205.499513267806));
#4297=CARTESIAN_POINT('',(72.9000000000003,-6.91231110183335,205.499513267806));
#4298=CARTESIAN_POINT('',(72.9000000000003,-6.91231110183335,205.499513267806));
#4299=CARTESIAN_POINT('Origin',(72.9000000000003,-5.36231110183334,205.499513267806));
#4300=CARTESIAN_POINT('Origin',(72.9000000000003,-4.49951326780627,195.637688898168));
#4301=CARTESIAN_POINT('',(72.9000000000003,-6.04951326780629,195.637688898168));
#4302=CARTESIAN_POINT('',(72.9000000000003,-6.04951326780629,195.637688898168));
#4303=CARTESIAN_POINT('Origin',(72.9000000000003,-4.49951326780627,195.637688898168));
#4304=CARTESIAN_POINT('Origin',(72.9000000000003,5.3623111018322,196.500486732195));
#4305=CARTESIAN_POINT('',(72.9000000000003,3.8123111018322,196.500486732195));
#4306=CARTESIAN_POINT('',(72.9000000000003,3.8123111018322,196.500486732195));
#4307=CARTESIAN_POINT('Origin',(72.9000000000003,5.3623111018322,196.500486732195));
#4308=CARTESIAN_POINT('Origin',(72.9000000000003,-8.94072482715558E-8,210.000000000001));
#4309=CARTESIAN_POINT('Origin',(117.145,-5.36231110183334,205.499513267806));
#4310=CARTESIAN_POINT('',(117.145,-8.06231110183335,205.499513267806));
#4311=CARTESIAN_POINT('Origin',(117.145,-5.36231110183334,205.499513267806));
#4312=CARTESIAN_POINT('',(112.545,-8.06231110183335,205.499513267806));
#4313=CARTESIAN_POINT('',(117.145,-8.06231110183335,205.499513267806));
#4314=CARTESIAN_POINT('Origin',(112.545,-5.36231110183334,205.499513267806));
#4315=CARTESIAN_POINT('Origin',(112.545,-5.73985303731206E-13,201.));
#4316=CARTESIAN_POINT('',(112.545,-6.91231110183335,205.499513267806));
#4317=CARTESIAN_POINT('Origin',(112.545,-5.36231110183334,205.499513267806));
#4318=CARTESIAN_POINT('Origin',(117.145,-4.49951326780627,195.637688898168));
#4319=CARTESIAN_POINT('',(117.145,-7.19951326780626,195.637688898168));
#4320=CARTESIAN_POINT('Origin',(117.145,-4.49951326780627,195.637688898168));
#4321=CARTESIAN_POINT('',(112.545,-7.19951326780626,195.637688898168));
#4322=CARTESIAN_POINT('',(117.145,-7.19951326780626,195.637688898168));
#4323=CARTESIAN_POINT('Origin',(112.545,-4.49951326780627,195.637688898168));
#4324=CARTESIAN_POINT('Origin',(112.545,-5.73985303731206E-13,201.));
#4325=CARTESIAN_POINT('',(112.545,-6.04951326780629,195.637688898168));
#4326=CARTESIAN_POINT('Origin',(112.545,-4.49951326780627,195.637688898168));
#4327=CARTESIAN_POINT('Origin',(117.145,4.4995132678052,206.362311101833));
#4328=CARTESIAN_POINT('',(117.145,1.79951326780519,206.362311101833));
#4329=CARTESIAN_POINT('Origin',(117.145,4.4995132678052,206.362311101833));
#4330=CARTESIAN_POINT('',(112.545,1.79951326780519,206.362311101833));
#4331=CARTESIAN_POINT('',(117.145,1.79951326780519,206.362311101833));
#4332=CARTESIAN_POINT('Origin',(112.545,4.4995132678052,206.362311101833));
#4333=CARTESIAN_POINT('Origin',(112.545,-5.73985303731206E-13,201.));
#4334=CARTESIAN_POINT('',(112.545,2.94951326780518,206.362311101833));
#4335=CARTESIAN_POINT('Origin',(112.545,4.4995132678052,206.362311101833));
#4336=CARTESIAN_POINT('Origin',(117.145,5.3623111018322,196.500486732195));
#4337=CARTESIAN_POINT('',(117.145,2.6623111018322,196.500486732195));
#4338=CARTESIAN_POINT('Origin',(117.145,5.3623111018322,196.500486732195));
#4339=CARTESIAN_POINT('',(112.545,2.6623111018322,196.500486732195));
#4340=CARTESIAN_POINT('',(117.145,2.6623111018322,196.500486732195));
#4341=CARTESIAN_POINT('Origin',(112.545,5.3623111018322,196.500486732195));
#4342=CARTESIAN_POINT('Origin',(112.545,-5.73985303731206E-13,201.));
#4343=CARTESIAN_POINT('',(112.545,3.8123111018322,196.500486732195));
#4344=CARTESIAN_POINT('Origin',(112.545,5.3623111018322,196.500486732195));
#4345=CARTESIAN_POINT('Origin',(109.2,4.4995132678052,206.362311101833));
#4346=CARTESIAN_POINT('',(109.2,2.94951326780518,206.362311101833));
#4347=CARTESIAN_POINT('Origin',(109.2,5.3623111018322,196.500486732195));
#4348=CARTESIAN_POINT('',(109.2,3.8123111018322,196.500486732195));
#4349=CARTESIAN_POINT('Origin',(109.2,-5.66391378242769E-13,201.));
#4350=CARTESIAN_POINT('',(117.145,-3.05000000000056,201.));
#4351=CARTESIAN_POINT('Origin',(117.145,-5.66391378242769E-13,201.));
#4352=CARTESIAN_POINT('',(109.2,-3.05000000000056,201.));
#4353=CARTESIAN_POINT('Origin',(109.2,-4.49951326780627,195.637688898168));
#4354=CARTESIAN_POINT('',(109.2,-6.04951326780629,195.637688898168));
#4355=CARTESIAN_POINT('Origin',(109.2,-5.36231110183334,205.499513267806));
#4356=CARTESIAN_POINT('',(109.2,-6.91231110183335,205.499513267806));
#4357=CARTESIAN_POINT('Origin',(118.145,-21.0994375494865,190.018629150102));
#4358=CARTESIAN_POINT('',(118.145,-21.0994375494865,190.018629150102));
#4359=CARTESIAN_POINT('',(112.145,-21.0994375494864,190.018629150102));
#4360=CARTESIAN_POINT('',(118.145,-20.35,190.018629150102));
#4361=CARTESIAN_POINT('',(118.145,-23.35,190.018629150102));
#4362=CARTESIAN_POINT('',(118.145,-20.35,190.018629150102));
#4363=CARTESIAN_POINT('Origin',(112.145,-19.35,188.95));
#4364=CARTESIAN_POINT('',(117.792420964979,-20.35,190.739553016817));
#4365=CARTESIAN_POINT('',(112.145,-20.35,190.739553016817));
#4366=CARTESIAN_POINT('Ctrl Pts',(118.145,-21.0994375494864,190.018629150101));
#4367=CARTESIAN_POINT('Ctrl Pts',(118.015291491664,-21.0013937600445,190.179135240289));
#4368=CARTESIAN_POINT('Ctrl Pts',(117.915039875989,-20.8432853546649,190.371441806641));
#4369=CARTESIAN_POINT('Ctrl Pts',(117.830320163269,-20.579413282698,190.595365786584));
#4370=CARTESIAN_POINT('Ctrl Pts',(117.80804397414,-20.4693795124583,190.672843893737));
#4371=CARTESIAN_POINT('Ctrl Pts',(117.792420964979,-20.35,190.739553016817));
#4372=CARTESIAN_POINT('Origin',(118.145,-20.35,212.781370849898));
#4373=CARTESIAN_POINT('',(118.145,-20.35,212.781370849898));
#4374=CARTESIAN_POINT('',(118.145,-20.35,212.781370849898));
#4375=CARTESIAN_POINT('',(118.145,-21.0994375494865,212.781370849898));
#4376=CARTESIAN_POINT('',(118.145,-23.35,212.781370849898));
#4377=CARTESIAN_POINT('',(112.145,-21.0994375494865,212.781370849898));
#4378=CARTESIAN_POINT('Origin',(112.145,-19.35,213.85));
#4379=CARTESIAN_POINT('',(117.792420964979,-20.35,212.060446983183));
#4380=CARTESIAN_POINT('',(112.145,-20.35,212.060446983183));
#4381=CARTESIAN_POINT('Ctrl Pts',(117.792420964979,-20.35,212.060446983183));
#4382=CARTESIAN_POINT('Ctrl Pts',(117.80804397414,-20.4693795124583,212.127156106263));
#4383=CARTESIAN_POINT('Ctrl Pts',(117.830320163269,-20.579413282698,212.204634213416));
#4384=CARTESIAN_POINT('Ctrl Pts',(117.915039875989,-20.8432853546649,212.428558193359));
#4385=CARTESIAN_POINT('Ctrl Pts',(118.015291491664,-21.0013937600446,212.62086475971));
#4386=CARTESIAN_POINT('Ctrl Pts',(118.145,-21.0994375494865,212.781370849898));
#4387=CARTESIAN_POINT('Origin',(119.545,-20.35,201.4));
#4388=CARTESIAN_POINT('',(117.745,-20.35,211.65));
#4389=CARTESIAN_POINT('Origin',(119.545,-20.35,211.65));
#4390=CARTESIAN_POINT('Origin',(119.545,-20.35,211.65));
#4391=CARTESIAN_POINT('',(118.245,-20.35,211.65));
#4392=CARTESIAN_POINT('Origin',(119.545,-20.35,211.65));
#4393=CARTESIAN_POINT('Origin',(119.545,-23.35,191.15));
#4394=CARTESIAN_POINT('',(117.745,-20.35,191.15));
#4395=CARTESIAN_POINT('',(117.745,-23.35,191.15));
#4396=CARTESIAN_POINT('Origin',(119.545,-20.35,191.15));
#4397=CARTESIAN_POINT('Origin',(119.545,-20.35,191.15));
#4398=CARTESIAN_POINT('Origin',(132.734376709684,-17.25,201.4));
#4399=CARTESIAN_POINT('',(124.939688354842,-17.25,192.1));
#4400=CARTESIAN_POINT('Origin',(117.145,-16.55,192.1));
#4401=CARTESIAN_POINT('',(120.432411967465,-16.55,192.1));
#4402=CARTESIAN_POINT('',(117.145,-16.55,192.1));
#4403=CARTESIAN_POINT('',(120.432411967465,-18.35,192.1));
#4404=CARTESIAN_POINT('',(120.432411967465,-16.45,192.1));
#4405=CARTESIAN_POINT('',(117.145,-18.35,192.1));
#4406=CARTESIAN_POINT('Origin',(117.145,-18.35,210.7));
#4407=CARTESIAN_POINT('',(120.432411967465,-18.35,210.7));
#4408=CARTESIAN_POINT('',(117.145,-18.35,210.7));
#4409=CARTESIAN_POINT('',(120.432411967465,-16.55,210.7));
#4410=CARTESIAN_POINT('',(120.432411967465,-16.45,210.7));
#4411=CARTESIAN_POINT('',(117.145,-16.55,210.7));
#4412=CARTESIAN_POINT('Origin',(117.145,-18.35,192.1));
#4413=CARTESIAN_POINT('',(118.657588032535,-18.35,192.1));
#4414=CARTESIAN_POINT('Origin',(119.545,-18.35,191.15));
#4415=CARTESIAN_POINT('',(117.145,-18.35,192.1));
#4416=CARTESIAN_POINT('',(117.145,-18.35,192.1));
#4417=CARTESIAN_POINT('',(117.145,-18.35,210.7));
#4418=CARTESIAN_POINT('',(117.145,-18.35,210.7));
#4419=CARTESIAN_POINT('',(118.657588032535,-18.35,210.7));
#4420=CARTESIAN_POINT('',(117.145,-18.35,210.7));
#4421=CARTESIAN_POINT('Origin',(119.545,-18.35,211.65));
#4422=CARTESIAN_POINT('Origin',(119.545,-20.35,201.4));
#4423=CARTESIAN_POINT('',(118.245,-20.35,191.15));
#4424=CARTESIAN_POINT('Origin',(119.545,-20.35,191.15));
#4425=CARTESIAN_POINT('Origin',(119.545,-23.35,211.65));
#4426=CARTESIAN_POINT('',(117.745,-23.35,211.65));
#4427=CARTESIAN_POINT('Origin',(119.545,-16.45,191.15));
#4428=CARTESIAN_POINT('',(118.245,-16.55,191.15));
#4429=CARTESIAN_POINT('Origin',(119.545,-16.55,191.15));
#4430=CARTESIAN_POINT('',(118.245,-16.45,191.15));
#4431=CARTESIAN_POINT('',(118.657588032535,-16.55,192.1));
#4432=CARTESIAN_POINT('Origin',(119.545,-16.55,191.15));
#4433=CARTESIAN_POINT('',(118.657588032535,-16.45,192.1));
#4434=CARTESIAN_POINT('Origin',(119.545,-16.45,211.65));
#4435=CARTESIAN_POINT('',(118.245,-16.55,211.65));
#4436=CARTESIAN_POINT('Origin',(119.545,-16.55,211.65));
#4437=CARTESIAN_POINT('',(118.657588032535,-16.55,210.7));
#4438=CARTESIAN_POINT('',(118.657588032535,-16.45,210.7));
#4439=CARTESIAN_POINT('Origin',(119.545,-16.55,211.65));
#4440=CARTESIAN_POINT('',(118.245,-16.45,211.65));
#4441=CARTESIAN_POINT('Origin',(117.145,-16.55,188.95));
#4442=CARTESIAN_POINT('',(117.145,-16.55,188.95));
#4443=CARTESIAN_POINT('',(117.145,-16.55,188.95));
#4444=CARTESIAN_POINT('',(117.145,-16.55,192.1));
#4445=CARTESIAN_POINT('',(117.145,-16.55,192.1));
#4446=CARTESIAN_POINT('',(117.145,-16.55,192.1));
#4447=CARTESIAN_POINT('Origin',(123.345,23.15,191.15));
#4448=CARTESIAN_POINT('',(125.145,19.65,191.15));
#4449=CARTESIAN_POINT('',(125.145,23.15,191.15));
#4450=CARTESIAN_POINT('Origin',(123.345,19.65,191.15));
#4451=CARTESIAN_POINT('Origin',(123.345,19.65,201.4));
#4452=CARTESIAN_POINT('',(124.645,19.65,191.15));
#4453=CARTESIAN_POINT('Origin',(123.345,19.65,191.15));
#4454=CARTESIAN_POINT('Origin',(123.345,23.15,211.65));
#4455=CARTESIAN_POINT('',(125.145,19.65,211.65));
#4456=CARTESIAN_POINT('',(125.145,23.15,211.65));
#4457=CARTESIAN_POINT('Origin',(123.345,19.65,211.65));
#4458=CARTESIAN_POINT('Origin',(123.345,19.65,201.4));
#4459=CARTESIAN_POINT('',(124.645,19.65,211.65));
#4460=CARTESIAN_POINT('Origin',(123.345,19.65,211.65));
#4461=CARTESIAN_POINT('Origin',(123.345,18.15,211.65));
#4462=CARTESIAN_POINT('',(124.645,15.45,211.65));
#4463=CARTESIAN_POINT('',(124.645,18.15,211.65));
#4464=CARTESIAN_POINT('Origin',(123.345,15.45,211.65));
#4465=CARTESIAN_POINT('Origin',(123.345,18.15,191.15));
#4466=CARTESIAN_POINT('',(124.645,15.45,191.15));
#4467=CARTESIAN_POINT('',(124.645,18.15,191.15));
#4468=CARTESIAN_POINT('Origin',(123.345,15.45,191.15));
#4469=CARTESIAN_POINT('Origin',(117.145,-0.0999999999999623,201.4));
#4470=CARTESIAN_POINT('',(117.145,-16.55,213.85));
#4471=CARTESIAN_POINT('',(117.145,-16.55,210.7));
#4472=CARTESIAN_POINT('',(117.145,-16.55,213.85));
#4473=CARTESIAN_POINT('',(117.145,-16.55,210.7));
#4474=CARTESIAN_POINT('',(117.145,-18.35,192.1));
#4475=CARTESIAN_POINT('',(117.145,15.45,188.95));
#4476=CARTESIAN_POINT('',(117.145,-16.55,188.95));
#4477=CARTESIAN_POINT('',(117.145,15.45,194.3));
#4478=CARTESIAN_POINT('',(117.145,15.45,188.95));
#4479=CARTESIAN_POINT('',(117.145,16.55,194.3));
#4480=CARTESIAN_POINT('',(117.145,15.45,194.3));
#4481=CARTESIAN_POINT('',(117.145,16.55,208.5));
#4482=CARTESIAN_POINT('',(117.145,16.55,194.3));
#4483=CARTESIAN_POINT('',(117.145,15.45,208.5));
#4484=CARTESIAN_POINT('',(117.145,16.55,208.5));
#4485=CARTESIAN_POINT('',(117.145,15.45,213.85));
#4486=CARTESIAN_POINT('',(117.145,15.45,208.5));
#4487=CARTESIAN_POINT('',(117.145,-16.55,213.85));
#4488=CARTESIAN_POINT('',(117.145,13.85,189.05));
#4489=CARTESIAN_POINT('',(117.145,13.85,189.047524752475));
#4490=CARTESIAN_POINT('',(117.145,13.85,189.));
#4491=CARTESIAN_POINT('',(117.145,15.35,189.05));
#4492=CARTESIAN_POINT('',(117.145,-16.45,189.05));
#4493=CARTESIAN_POINT('',(117.145,-14.95,189.));
#4494=CARTESIAN_POINT('Origin',(117.145,15.35,189.05));
#4495=CARTESIAN_POINT('',(117.145,13.85,189.05));
#4496=CARTESIAN_POINT('',(117.145,15.35,189.05));
#4497=CARTESIAN_POINT('Origin',(117.145,13.85,189.047524752475));
#4498=CARTESIAN_POINT('',(117.145,13.85,189.047524752475));
#4499=CARTESIAN_POINT('Origin',(117.145,13.85,189.05));
#4500=CARTESIAN_POINT('Origin',(117.145,-16.55,210.7));
#4501=CARTESIAN_POINT('',(117.145,-16.55,210.7));
#4502=CARTESIAN_POINT('',(117.145,-16.55,213.85));
#4503=CARTESIAN_POINT('Origin',(117.145,-18.35,210.7));
#4504=CARTESIAN_POINT('Origin',(117.145,-16.55,192.1));
#4505=CARTESIAN_POINT('Origin',(117.145,15.45,188.95));
#4506=CARTESIAN_POINT('',(117.145,15.45,188.95));
#4507=CARTESIAN_POINT('Origin',(117.145,15.45,194.3));
#4508=CARTESIAN_POINT('',(117.145,15.45,194.3));
#4509=CARTESIAN_POINT('Origin',(117.145,16.55,194.3));
#4510=CARTESIAN_POINT('',(117.145,16.55,194.3));
#4511=CARTESIAN_POINT('Origin',(117.145,16.55,208.5));
#4512=CARTESIAN_POINT('',(117.145,16.55,208.5));
#4513=CARTESIAN_POINT('Origin',(117.145,15.45,208.5));
#4514=CARTESIAN_POINT('',(117.145,15.45,208.5));
#4515=CARTESIAN_POINT('Origin',(117.145,15.45,213.85));
#4516=CARTESIAN_POINT('',(117.145,15.45,213.85));
#4517=CARTESIAN_POINT('Origin',(117.145,-16.55,213.85));
#4518=UNCERTAINTY_MEASURE_WITH_UNIT(LENGTH_MEASURE(0.01),#4522,
'DISTANCE_ACCURACY_VALUE',
'Maximum model space distance between geometric entities at asserted c
onnectivities');
#4519=UNCERTAINTY_MEASURE_WITH_UNIT(LENGTH_MEASURE(0.01),#4522,
'DISTANCE_ACCURACY_VALUE',
'Maximum model space distance between geometric entities at asserted c
onnectivities');
#4520=(
GEOMETRIC_REPRESENTATION_CONTEXT(3)
GLOBAL_UNCERTAINTY_ASSIGNED_CONTEXT((#4518))
GLOBAL_UNIT_ASSIGNED_CONTEXT((#4522,#4524,#4525))
REPRESENTATION_CONTEXT('','3D')
);
#4521=(
GEOMETRIC_REPRESENTATION_CONTEXT(3)
GLOBAL_UNCERTAINTY_ASSIGNED_CONTEXT((#4519))
GLOBAL_UNIT_ASSIGNED_CONTEXT((#4522,#4524,#4525))
REPRESENTATION_CONTEXT('','3D')
);
#4522=(
LENGTH_UNIT()
NAMED_UNIT(*)
SI_UNIT(.MILLI.,.METRE.)
);
#4523=(
LENGTH_UNIT()
NAMED_UNIT(*)
SI_UNIT($,.METRE.)
);
#4524=(
NAMED_UNIT(*)
PLANE_ANGLE_UNIT()
SI_UNIT($,.RADIAN.)
);
#4525=(
NAMED_UNIT(*)
SI_UNIT($,.STERADIAN.)
SOLID_ANGLE_UNIT()
);
#4526=SHAPE_DEFINITION_REPRESENTATION(#4527,#4528);
#4527=PRODUCT_DEFINITION_SHAPE('',$,#4530);
#4528=SHAPE_REPRESENTATION('',(#2738),#4520);
#4529=PRODUCT_DEFINITION_CONTEXT('part definition',#4534,'design');
#4530=PRODUCT_DEFINITION('J5-case-L4','J5-case-L4',#4531,#4529);
#4531=PRODUCT_DEFINITION_FORMATION('',$,#4536);
#4532=PRODUCT_RELATED_PRODUCT_CATEGORY('J5-case-L4','J5-case-L4',(#4536));
#4533=APPLICATION_PROTOCOL_DEFINITION('international standard',
'automotive_design',2009,#4534);
#4534=APPLICATION_CONTEXT(
'Core Data for Automotive Mechanical Design Process');
#4535=PRODUCT_CONTEXT('part definition',#4534,'mechanical');
#4536=PRODUCT('J5-case-L4','J5-case-L4',$,(#4535));
#4537=PRESENTATION_STYLE_ASSIGNMENT((#4538));
#4538=SURFACE_STYLE_USAGE(.BOTH.,#4539);
#4539=SURFACE_SIDE_STYLE('',(#4540));
#4540=SURFACE_STYLE_FILL_AREA(#4541);
#4541=FILL_AREA_STYLE('Nylon 6-6 (White)',(#4542));
#4542=FILL_AREA_STYLE_COLOUR('Nylon 6-6 (White)',#4543);
#4543=COLOUR_RGB('Nylon 6-6 (White)',0.972549019607843,0.968627450980392,
0.929411764705882);
ENDSEC;
END-ISO-10303-21;
