ISO-10303-21;
HEADER;
/* Generated by software containing ST-Developer
 * from STEP Tools, Inc. (www.steptools.com) 
 */

FILE_DESCRIPTION(
/* description */ (''),
/* implementation_level */ '2;1');

FILE_NAME(
/* name */ 'L1.step',
/* time_stamp */ '2026-05-18T20:37:52+02:00',
/* author */ (''),
/* organization */ (''),
/* preprocessor_version */ 'ST-DEVELOPER v20.1',
/* originating_system */ 'Autodesk Translation Framework v15.8.0.0',
/* authorisation */ '');

FILE_SCHEMA (('AUTOMOTIVE_DESIGN { 1 0 10303 214 3 1 1 }'));
ENDSEC;

DATA;
#10=MECHANICAL_DESIGN_GEOMETRIC_PRESENTATION_REPRESENTATION('',(#13),#7872);
#11=SHAPE_REPRESENTATION_RELATIONSHIP('SRR','None',#7879,#12);
#12=ADVANCED_BREP_SHAPE_REPRESENTATION('',(#14),#7871);
#13=STYLED_ITEM('',(#7888),#14);
#14=MANIFOLD_SOLID_BREP('Body1',#3605);
#15=TOROIDAL_SURFACE('',#3744,2.05,0.5);
#16=TOROIDAL_SURFACE('',#3756,2.05,0.5);
#17=TOROIDAL_SURFACE('',#3761,2.05,0.5);
#18=TOROIDAL_SURFACE('',#3766,2.05,0.5);
#19=TOROIDAL_SURFACE('',#3771,3.15,0.5);
#20=TOROIDAL_SURFACE('',#3784,10.25,0.5);
#21=TOROIDAL_SURFACE('',#3791,2.05,0.5);
#22=TOROIDAL_SURFACE('',#3804,2.05,0.5);
#23=TOROIDAL_SURFACE('',#3810,2.05,0.5);
#24=TOROIDAL_SURFACE('',#3816,2.05,0.5);
#25=TOROIDAL_SURFACE('',#3822,3.5,0.5);
#26=TOROIDAL_SURFACE('',#3830,10.25,0.5);
#27=CYLINDRICAL_SURFACE('',#3627,0.5);
#28=CYLINDRICAL_SURFACE('',#3632,0.5);
#29=CYLINDRICAL_SURFACE('',#3642,0.5);
#30=CYLINDRICAL_SURFACE('',#3645,0.5);
#31=CYLINDRICAL_SURFACE('',#3651,2.65);
#32=CYLINDRICAL_SURFACE('',#3654,2.75);
#33=CYLINDRICAL_SURFACE('',#3657,2.75);
#34=CYLINDRICAL_SURFACE('',#3660,2.75);
#35=CYLINDRICAL_SURFACE('',#3663,2.75);
#36=CYLINDRICAL_SURFACE('',#3665,10.75);
#37=CYLINDRICAL_SURFACE('',#3667,0.5);
#38=CYLINDRICAL_SURFACE('',#3670,0.5);
#39=CYLINDRICAL_SURFACE('',#3672,0.5);
#40=CYLINDRICAL_SURFACE('',#3674,0.5);
#41=CYLINDRICAL_SURFACE('',#3688,0.5);
#42=CYLINDRICAL_SURFACE('',#3691,0.5);
#43=CYLINDRICAL_SURFACE('',#3693,0.5);
#44=CYLINDRICAL_SURFACE('',#3695,0.5);
#45=CYLINDRICAL_SURFACE('',#3698,0.5);
#46=CYLINDRICAL_SURFACE('',#3702,0.5);
#47=CYLINDRICAL_SURFACE('',#3704,0.5);
#48=CYLINDRICAL_SURFACE('',#3707,0.5);
#49=CYLINDRICAL_SURFACE('',#3710,0.5);
#50=CYLINDRICAL_SURFACE('',#3714,0.5);
#51=CYLINDRICAL_SURFACE('',#3718,0.5);
#52=CYLINDRICAL_SURFACE('',#3726,2.75);
#53=CYLINDRICAL_SURFACE('',#3730,2.75);
#54=CYLINDRICAL_SURFACE('',#3734,2.75);
#55=CYLINDRICAL_SURFACE('',#3738,2.75);
#56=CYLINDRICAL_SURFACE('',#3742,3.);
#57=CYLINDRICAL_SURFACE('',#3754,1.55);
#58=CYLINDRICAL_SURFACE('',#3759,1.55);
#59=CYLINDRICAL_SURFACE('',#3764,1.55);
#60=CYLINDRICAL_SURFACE('',#3769,1.55);
#61=CYLINDRICAL_SURFACE('',#3773,0.5);
#62=CYLINDRICAL_SURFACE('',#3774,0.5);
#63=CYLINDRICAL_SURFACE('',#3776,0.5);
#64=CYLINDRICAL_SURFACE('',#3778,0.5);
#65=CYLINDRICAL_SURFACE('',#3781,0.5);
#66=CYLINDRICAL_SURFACE('',#3783,0.5);
#67=CYLINDRICAL_SURFACE('',#3786,0.5);
#68=CYLINDRICAL_SURFACE('',#3802,1.55);
#69=CYLINDRICAL_SURFACE('',#3808,1.55);
#70=CYLINDRICAL_SURFACE('',#3814,1.55);
#71=CYLINDRICAL_SURFACE('',#3820,1.55);
#72=CYLINDRICAL_SURFACE('',#3824,0.5);
#73=CYLINDRICAL_SURFACE('',#3825,0.5);
#74=CYLINDRICAL_SURFACE('',#3827,0.5);
#75=CYLINDRICAL_SURFACE('',#3833,0.5);
#76=CYLINDRICAL_SURFACE('',#3835,0.5);
#77=CYLINDRICAL_SURFACE('',#3837,0.5);
#78=CYLINDRICAL_SURFACE('',#3838,0.5);
#79=CYLINDRICAL_SURFACE('',#3840,10.75);
#80=CYLINDRICAL_SURFACE('',#3851,2.55);
#81=CYLINDRICAL_SURFACE('',#3875,2.05);
#82=CYLINDRICAL_SURFACE('',#3879,2.05);
#83=CYLINDRICAL_SURFACE('',#3884,1.8);
#84=CYLINDRICAL_SURFACE('',#3900,1.8);
#85=CYLINDRICAL_SURFACE('',#3901,1.3);
#86=CYLINDRICAL_SURFACE('',#3904,1.3);
#87=CYLINDRICAL_SURFACE('',#3908,1.8);
#88=CYLINDRICAL_SURFACE('',#3912,1.8);
#89=CYLINDRICAL_SURFACE('',#3916,1.3);
#90=CYLINDRICAL_SURFACE('',#3918,1.3);
#91=ELLIPSE('',#3625,1.1180339887499,0.5);
#92=ELLIPSE('',#3626,1.4142135623731,1.);
#93=ELLIPSE('',#3628,0.541196100146197,0.5);
#94=ELLIPSE('',#3629,1.,0.5);
#95=ELLIPSE('',#3631,1.4142135623731,1.);
#96=ELLIPSE('',#3633,1.,0.5);
#97=ELLIPSE('',#3635,0.541196100146194,0.5);
#98=ELLIPSE('',#3636,1.11803398874989,0.5);
#99=ELLIPSE('',#3637,1.41421356237309,1.);
#100=ELLIPSE('',#3639,1.41421356237309,1.);
#101=ELLIPSE('',#3641,1.11803398874989,0.5);
#102=ELLIPSE('',#3643,0.541196100146197,0.5);
#103=ELLIPSE('',#3644,1.,0.5);
#104=ELLIPSE('',#3646,0.999999999999999,0.5);
#105=ELLIPSE('',#3648,0.541196100146196,0.5);
#106=ELLIPSE('',#3649,1.1180339887499,0.5);
#107=ELLIPSE('',#3668,0.707106781186549,0.5);
#108=ELLIPSE('',#3669,0.707106781186548,0.5);
#109=ELLIPSE('',#3671,0.707106781186549,0.5);
#110=ELLIPSE('',#3673,0.70710678118655,0.5);
#111=ELLIPSE('',#3678,3.25198101897117,3.25);
#112=ELLIPSE('',#3679,3.25198101897117,3.25);
#113=ELLIPSE('',#3680,10.2562478290629,10.25);
#114=ELLIPSE('',#3681,3.25198101897117,3.25);
#115=ELLIPSE('',#3682,3.25198101897117,3.25);
#116=ELLIPSE('',#3683,10.2562478290629,10.25);
#117=ELLIPSE('',#3684,10.2562478290629,10.25);
#118=ELLIPSE('',#3685,3.50213340504588,3.5);
#119=ELLIPSE('',#3686,3.25198101897117,3.25);
#120=ELLIPSE('',#3687,3.25198101897117,3.25);
#121=ELLIPSE('',#3689,0.707106781186548,0.5);
#122=ELLIPSE('',#3690,0.707106781186549,0.5);
#123=ELLIPSE('',#3692,0.70710678118655,0.5);
#124=ELLIPSE('',#3694,0.707106781186549,0.5);
#125=ELLIPSE('',#3700,0.541161958486355,0.5);
#126=ELLIPSE('',#3701,0.707537794093678,0.5);
#127=ELLIPSE('',#3703,0.541161958486354,0.5);
#128=ELLIPSE('',#3705,0.707106781186563,0.5);
#129=ELLIPSE('',#3706,0.707106781186561,0.5);
#130=ELLIPSE('',#3708,0.566414418713929,0.5);
#131=ELLIPSE('',#3709,0.707537794093678,0.5);
#132=ELLIPSE('',#3711,0.566414418713929,0.5);
#133=ELLIPSE('',#3712,0.541161958486355,0.5);
#134=ELLIPSE('',#3713,0.707537794093678,0.5);
#135=ELLIPSE('',#3715,0.541161958486354,0.5);
#136=ELLIPSE('',#3717,10.7559573972361,10.75);
#137=ELLIPSE('',#3719,0.707537794093678,0.5);
#138=ELLIPSE('',#3725,2.75234092142467,2.75);
#139=ELLIPSE('',#3729,2.75234092142467,2.75);
#140=ELLIPSE('',#3733,2.75234092142467,2.75);
#141=ELLIPSE('',#3737,2.75234092142467,2.75);
#142=ELLIPSE('',#3741,3.00248869885271,3.);
#143=ELLIPSE('',#3775,0.541196100146197,0.5);
#144=ELLIPSE('',#3777,0.541196100146197,0.5);
#145=ELLIPSE('',#3780,0.541196100146194,0.5);
#146=ELLIPSE('',#3782,0.541196100146194,0.5);
#147=ELLIPSE('',#3826,0.541196100146194,0.5);
#148=ELLIPSE('',#3829,0.541196100146194,0.5);
#149=ELLIPSE('',#3834,0.541196100146194,0.5);
#150=ELLIPSE('',#3836,0.541196100146194,0.5);
#151=LINE('',#5696,#454);
#152=LINE('',#5698,#455);
#153=LINE('',#5700,#456);
#154=LINE('',#5701,#457);
#155=LINE('',#5842,#458);
#156=LINE('',#5844,#459);
#157=LINE('',#5848,#460);
#158=LINE('',#5852,#461);
#159=LINE('',#5854,#462);
#160=LINE('',#5856,#463);
#161=LINE('',#5857,#464);
#162=LINE('',#5863,#465);
#163=LINE('',#5867,#466);
#164=LINE('',#5910,#467);
#165=LINE('',#5912,#468);
#166=LINE('',#5914,#469);
#167=LINE('',#5916,#470);
#168=LINE('',#5919,#471);
#169=LINE('',#5963,#472);
#170=LINE('',#5971,#473);
#171=LINE('',#6121,#474);
#172=LINE('',#6230,#475);
#173=LINE('',#6332,#476);
#174=LINE('',#6420,#477);
#175=LINE('',#6515,#478);
#176=LINE('',#6708,#479);
#177=LINE('',#6711,#480);
#178=LINE('',#6715,#481);
#179=LINE('',#6719,#482);
#180=LINE('',#6723,#483);
#181=LINE('',#6725,#484);
#182=LINE('',#6729,#485);
#183=LINE('',#6731,#486);
#184=LINE('',#6734,#487);
#185=LINE('',#6735,#488);
#186=LINE('',#6738,#489);
#187=LINE('',#6740,#490);
#188=LINE('',#6741,#491);
#189=LINE('',#6744,#492);
#190=LINE('',#6746,#493);
#191=LINE('',#6748,#494);
#192=LINE('',#6749,#495);
#193=LINE('',#6763,#496);
#194=LINE('',#6765,#497);
#195=LINE('',#6767,#498);
#196=LINE('',#6769,#499);
#197=LINE('',#6771,#500);
#198=LINE('',#6773,#501);
#199=LINE('',#6775,#502);
#200=LINE('',#6779,#503);
#201=LINE('',#6781,#504);
#202=LINE('',#6783,#505);
#203=LINE('',#6784,#506);
#204=LINE('',#6795,#507);
#205=LINE('',#6799,#508);
#206=LINE('',#6803,#509);
#207=LINE('',#6806,#510);
#208=LINE('',#6809,#511);
#209=LINE('',#6811,#512);
#210=LINE('',#6812,#513);
#211=LINE('',#6815,#514);
#212=LINE('',#6817,#515);
#213=LINE('',#6819,#516);
#214=LINE('',#6820,#517);
#215=LINE('',#6824,#518);
#216=LINE('',#6832,#519);
#217=LINE('',#6836,#520);
#218=LINE('',#6843,#521);
#219=LINE('',#6848,#522);
#220=LINE('',#6855,#523);
#221=LINE('',#6912,#524);
#222=LINE('',#6916,#525);
#223=LINE('',#6918,#526);
#224=LINE('',#6919,#527);
#225=LINE('',#6922,#528);
#226=LINE('',#6924,#529);
#227=LINE('',#6926,#530);
#228=LINE('',#6928,#531);
#229=LINE('',#6929,#532);
#230=LINE('',#6930,#533);
#231=LINE('',#6933,#534);
#232=LINE('',#6935,#535);
#233=LINE('',#6937,#536);
#234=LINE('',#6938,#537);
#235=LINE('',#6941,#538);
#236=LINE('',#6943,#539);
#237=LINE('',#6945,#540);
#238=LINE('',#6946,#541);
#239=LINE('',#6949,#542);
#240=LINE('',#6950,#543);
#241=LINE('',#6953,#544);
#242=LINE('',#6954,#545);
#243=LINE('',#6956,#546);
#244=LINE('',#6958,#547);
#245=LINE('',#6960,#548);
#246=LINE('',#6961,#549);
#247=LINE('',#7017,#550);
#248=LINE('',#7074,#551);
#249=LINE('',#7131,#552);
#250=LINE('',#7188,#553);
#251=LINE('',#7245,#554);
#252=LINE('',#7254,#555);
#253=LINE('',#7256,#556);
#254=LINE('',#7258,#557);
#255=LINE('',#7260,#558);
#256=LINE('',#7264,#559);
#257=LINE('',#7266,#560);
#258=LINE('',#7267,#561);
#259=LINE('',#7279,#562);
#260=LINE('',#7287,#563);
#261=LINE('',#7295,#564);
#262=LINE('',#7303,#565);
#263=LINE('',#7307,#566);
#264=LINE('',#7313,#567);
#265=LINE('',#7316,#568);
#266=LINE('',#7322,#569);
#267=LINE('',#7326,#570);
#268=LINE('',#7328,#571);
#269=LINE('',#7329,#572);
#270=LINE('',#7333,#573);
#271=LINE('',#7334,#574);
#272=LINE('',#7336,#575);
#273=LINE('',#7346,#576);
#274=LINE('',#7348,#577);
#275=LINE('',#7350,#578);
#276=LINE('',#7352,#579);
#277=LINE('',#7356,#580);
#278=LINE('',#7358,#581);
#279=LINE('',#7359,#582);
#280=LINE('',#7370,#583);
#281=LINE('',#7380,#584);
#282=LINE('',#7390,#585);
#283=LINE('',#7400,#586);
#284=LINE('',#7405,#587);
#285=LINE('',#7411,#588);
#286=LINE('',#7419,#589);
#287=LINE('',#7424,#590);
#288=LINE('',#7427,#591);
#289=LINE('',#7429,#592);
#290=LINE('',#7431,#593);
#291=LINE('',#7435,#594);
#292=LINE('',#7437,#595);
#293=LINE('',#7439,#596);
#294=LINE('',#7441,#597);
#295=LINE('',#7442,#598);
#296=LINE('',#7447,#599);
#297=LINE('',#7449,#600);
#298=LINE('',#7450,#601);
#299=LINE('',#7455,#602);
#300=LINE('',#7456,#603);
#301=LINE('',#7461,#604);
#302=LINE('',#7462,#605);
#303=LINE('',#7466,#606);
#304=LINE('',#7468,#607);
#305=LINE('',#7470,#608);
#306=LINE('',#7471,#609);
#307=LINE('',#7474,#610);
#308=LINE('',#7476,#611);
#309=LINE('',#7477,#612);
#310=LINE('',#7478,#613);
#311=LINE('',#7485,#614);
#312=LINE('',#7489,#615);
#313=LINE('',#7491,#616);
#314=LINE('',#7493,#617);
#315=LINE('',#7495,#618);
#316=LINE('',#7496,#619);
#317=LINE('',#7499,#620);
#318=LINE('',#7500,#621);
#319=LINE('',#7503,#622);
#320=LINE('',#7504,#623);
#321=LINE('',#7507,#624);
#322=LINE('',#7508,#625);
#323=LINE('',#7511,#626);
#324=LINE('',#7512,#627);
#325=LINE('',#7514,#628);
#326=LINE('',#7518,#629);
#327=LINE('',#7520,#630);
#328=LINE('',#7522,#631);
#329=LINE('',#7524,#632);
#330=LINE('',#7525,#633);
#331=LINE('',#7528,#634);
#332=LINE('',#7529,#635);
#333=LINE('',#7532,#636);
#334=LINE('',#7533,#637);
#335=LINE('',#7536,#638);
#336=LINE('',#7537,#639);
#337=LINE('',#7540,#640);
#338=LINE('',#7541,#641);
#339=LINE('',#7543,#642);
#340=LINE('',#7547,#643);
#341=LINE('',#7548,#644);
#342=LINE('',#7565,#645);
#343=LINE('',#7568,#646);
#344=LINE('',#7570,#647);
#345=LINE('',#7571,#648);
#346=LINE('',#7588,#649);
#347=LINE('',#7589,#650);
#348=LINE('',#7592,#651);
#349=LINE('',#7594,#652);
#350=LINE('',#7596,#653);
#351=LINE('',#7597,#654);
#352=LINE('',#7604,#655);
#353=LINE('',#7606,#656);
#354=LINE('',#7608,#657);
#355=LINE('',#7610,#658);
#356=LINE('',#7611,#659);
#357=LINE('',#7614,#660);
#358=LINE('',#7615,#661);
#359=LINE('',#7619,#662);
#360=LINE('',#7620,#663);
#361=LINE('',#7621,#664);
#362=LINE('',#7630,#665);
#363=LINE('',#7634,#666);
#364=LINE('',#7635,#667);
#365=LINE('',#7636,#668);
#366=LINE('',#7639,#669);
#367=LINE('',#7641,#670);
#368=LINE('',#7642,#671);
#369=LINE('',#7645,#672);
#370=LINE('',#7647,#673);
#371=LINE('',#7648,#674);
#372=LINE('',#7651,#675);
#373=LINE('',#7666,#676);
#374=LINE('',#7670,#677);
#375=LINE('',#7673,#678);
#376=LINE('',#7674,#679);
#377=LINE('',#7676,#680);
#378=LINE('',#7679,#681);
#379=LINE('',#7681,#682);
#380=LINE('',#7683,#683);
#381=LINE('',#7685,#684);
#382=LINE('',#7687,#685);
#383=LINE('',#7689,#686);
#384=LINE('',#7691,#687);
#385=LINE('',#7693,#688);
#386=LINE('',#7695,#689);
#387=LINE('',#7697,#690);
#388=LINE('',#7699,#691);
#389=LINE('',#7701,#692);
#390=LINE('',#7702,#693);
#391=LINE('',#7704,#694);
#392=LINE('',#7706,#695);
#393=LINE('',#7709,#696);
#394=LINE('',#7711,#697);
#395=LINE('',#7712,#698);
#396=LINE('',#7715,#699);
#397=LINE('',#7717,#700);
#398=LINE('',#7718,#701);
#399=LINE('',#7723,#702);
#400=LINE('',#7725,#703);
#401=LINE('',#7727,#704);
#402=LINE('',#7733,#705);
#403=LINE('',#7737,#706);
#404=LINE('',#7740,#707);
#405=LINE('',#7745,#708);
#406=LINE('',#7747,#709);
#407=LINE('',#7750,#710);
#408=LINE('',#7752,#711);
#409=LINE('',#7753,#712);
#410=LINE('',#7756,#713);
#411=LINE('',#7763,#714);
#412=LINE('',#7770,#715);
#413=LINE('',#7774,#716);
#414=LINE('',#7779,#717);
#415=LINE('',#7780,#718);
#416=LINE('',#7781,#719);
#417=LINE('',#7783,#720);
#418=LINE('',#7785,#721);
#419=LINE('',#7787,#722);
#420=LINE('',#7789,#723);
#421=LINE('',#7791,#724);
#422=LINE('',#7793,#725);
#423=LINE('',#7794,#726);
#424=LINE('',#7797,#727);
#425=LINE('',#7799,#728);
#426=LINE('',#7800,#729);
#427=LINE('',#7802,#730);
#428=LINE('',#7803,#731);
#429=LINE('',#7805,#732);
#430=LINE('',#7808,#733);
#431=LINE('',#7809,#734);
#432=LINE('',#7813,#735);
#433=LINE('',#7815,#736);
#434=LINE('',#7817,#737);
#435=LINE('',#7819,#738);
#436=LINE('',#7821,#739);
#437=LINE('',#7823,#740);
#438=LINE('',#7826,#741);
#439=LINE('',#7828,#742);
#440=LINE('',#7840,#743);
#441=LINE('',#7842,#744);
#442=LINE('',#7844,#745);
#443=LINE('',#7845,#746);
#444=LINE('',#7847,#747);
#445=LINE('',#7849,#748);
#446=LINE('',#7851,#749);
#447=LINE('',#7855,#750);
#448=LINE('',#7857,#751);
#449=LINE('',#7859,#752);
#450=LINE('',#7860,#753);
#451=LINE('',#7862,#754);
#452=LINE('',#7864,#755);
#453=LINE('',#7866,#756);
#454=VECTOR('',#3968,10.);
#455=VECTOR('',#3969,10.);
#456=VECTOR('',#3970,10.);
#457=VECTOR('',#3971,10.);
#458=VECTOR('',#3982,10.);
#459=VECTOR('',#3983,10.);
#460=VECTOR('',#3988,10.);
#461=VECTOR('',#3991,10.);
#462=VECTOR('',#3992,10.);
#463=VECTOR('',#3993,10.);
#464=VECTOR('',#3994,10.);
#465=VECTOR('',#3999,10.);
#466=VECTOR('',#4002,10.);
#467=VECTOR('',#4011,10.);
#468=VECTOR('',#4012,10.);
#469=VECTOR('',#4013,10.);
#470=VECTOR('',#4014,10.);
#471=VECTOR('',#4017,10.);
#472=VECTOR('',#4026,10.);
#473=VECTOR('',#4035,10.);
#474=VECTOR('',#4044,2.65);
#475=VECTOR('',#4051,2.75);
#476=VECTOR('',#4058,2.75);
#477=VECTOR('',#4065,2.75);
#478=VECTOR('',#4072,2.75);
#479=VECTOR('',#4077,10.);
#480=VECTOR('',#4080,10.);
#481=VECTOR('',#4083,10.);
#482=VECTOR('',#4086,10.);
#483=VECTOR('',#4091,10.);
#484=VECTOR('',#4092,10.);
#485=VECTOR('',#4097,10.);
#486=VECTOR('',#4098,10.);
#487=VECTOR('',#4103,10.);
#488=VECTOR('',#4104,10.);
#489=VECTOR('',#4107,10.);
#490=VECTOR('',#4108,10.);
#491=VECTOR('',#4109,10.);
#492=VECTOR('',#4112,10.);
#493=VECTOR('',#4113,10.);
#494=VECTOR('',#4114,10.);
#495=VECTOR('',#4115,10.);
#496=VECTOR('',#4130,10.);
#497=VECTOR('',#4131,10.);
#498=VECTOR('',#4132,10.);
#499=VECTOR('',#4133,10.);
#500=VECTOR('',#4134,10.);
#501=VECTOR('',#4135,10.);
#502=VECTOR('',#4136,10.);
#503=VECTOR('',#4139,10.);
#504=VECTOR('',#4140,10.);
#505=VECTOR('',#4141,10.);
#506=VECTOR('',#4142,10.);
#507=VECTOR('',#4153,10.);
#508=VECTOR('',#4158,10.);
#509=VECTOR('',#4163,10.);
#510=VECTOR('',#4168,10.);
#511=VECTOR('',#4171,10.);
#512=VECTOR('',#4172,10.);
#513=VECTOR('',#4173,10.);
#514=VECTOR('',#4176,10.);
#515=VECTOR('',#4177,10.);
#516=VECTOR('',#4178,10.);
#517=VECTOR('',#4179,10.);
#518=VECTOR('',#4182,10.);
#519=VECTOR('',#4193,10.);
#520=VECTOR('',#4196,10.);
#521=VECTOR('',#4205,10.);
#522=VECTOR('',#4210,10.);
#523=VECTOR('',#4219,10.);
#524=VECTOR('',#4228,10.);
#525=VECTOR('',#4233,10.);
#526=VECTOR('',#4234,10.);
#527=VECTOR('',#4235,10.);
#528=VECTOR('',#4238,10.);
#529=VECTOR('',#4239,10.);
#530=VECTOR('',#4240,10.);
#531=VECTOR('',#4241,10.);
#532=VECTOR('',#4242,10.);
#533=VECTOR('',#4243,10.);
#534=VECTOR('',#4244,10.);
#535=VECTOR('',#4245,10.);
#536=VECTOR('',#4246,10.);
#537=VECTOR('',#4247,10.);
#538=VECTOR('',#4248,10.);
#539=VECTOR('',#4249,10.);
#540=VECTOR('',#4250,10.);
#541=VECTOR('',#4251,10.);
#542=VECTOR('',#4254,10.);
#543=VECTOR('',#4255,10.);
#544=VECTOR('',#4258,10.);
#545=VECTOR('',#4259,10.);
#546=VECTOR('',#4260,10.);
#547=VECTOR('',#4261,10.);
#548=VECTOR('',#4262,10.);
#549=VECTOR('',#4263,10.);
#550=VECTOR('',#4270,2.75);
#551=VECTOR('',#4279,2.75);
#552=VECTOR('',#4288,2.75);
#553=VECTOR('',#4297,2.75);
#554=VECTOR('',#4306,3.);
#555=VECTOR('',#4319,10.);
#556=VECTOR('',#4320,10.);
#557=VECTOR('',#4321,10.);
#558=VECTOR('',#4322,10.);
#559=VECTOR('',#4325,10.);
#560=VECTOR('',#4326,10.);
#561=VECTOR('',#4327,10.);
#562=VECTOR('',#4340,1.55);
#563=VECTOR('',#4351,1.55);
#564=VECTOR('',#4362,1.55);
#565=VECTOR('',#4373,1.55);
#566=VECTOR('',#4380,10.);
#567=VECTOR('',#4389,10.);
#568=VECTOR('',#4392,10.);
#569=VECTOR('',#4403,10.);
#570=VECTOR('',#4410,10.);
#571=VECTOR('',#4413,10.);
#572=VECTOR('',#4414,10.);
#573=VECTOR('',#4419,10.);
#574=VECTOR('',#4420,10.);
#575=VECTOR('',#4423,10.);
#576=VECTOR('',#4436,10.);
#577=VECTOR('',#4437,10.);
#578=VECTOR('',#4438,10.);
#579=VECTOR('',#4439,10.);
#580=VECTOR('',#4442,10.);
#581=VECTOR('',#4443,10.);
#582=VECTOR('',#4444,10.);
#583=VECTOR('',#4455,1.55);
#584=VECTOR('',#4468,1.55);
#585=VECTOR('',#4481,1.55);
#586=VECTOR('',#4494,1.55);
#587=VECTOR('',#4503,10.);
#588=VECTOR('',#4512,10.);
#589=VECTOR('',#4523,10.);
#590=VECTOR('',#4532,10.);
#591=VECTOR('',#4537,10.);
#592=VECTOR('',#4540,10.);
#593=VECTOR('',#4543,10.);
#594=VECTOR('',#4548,10.);
#595=VECTOR('',#4549,10.);
#596=VECTOR('',#4550,10.);
#597=VECTOR('',#4551,10.);
#598=VECTOR('',#4552,10.);
#599=VECTOR('',#4555,10.);
#600=VECTOR('',#4556,10.);
#601=VECTOR('',#4557,10.);
#602=VECTOR('',#4560,10.);
#603=VECTOR('',#4561,10.);
#604=VECTOR('',#4564,10.);
#605=VECTOR('',#4565,10.);
#606=VECTOR('',#4568,10.);
#607=VECTOR('',#4569,10.);
#608=VECTOR('',#4570,10.);
#609=VECTOR('',#4571,10.);
#610=VECTOR('',#4574,10.);
#611=VECTOR('',#4575,10.);
#612=VECTOR('',#4576,10.);
#613=VECTOR('',#4577,10.);
#614=VECTOR('',#4584,2.55);
#615=VECTOR('',#4589,10.);
#616=VECTOR('',#4590,10.);
#617=VECTOR('',#4591,10.);
#618=VECTOR('',#4592,10.);
#619=VECTOR('',#4593,10.);
#620=VECTOR('',#4596,10.);
#621=VECTOR('',#4597,8.);
#622=VECTOR('',#4600,8.);
#623=VECTOR('',#4601,10.);
#624=VECTOR('',#4604,10.);
#625=VECTOR('',#4605,8.);
#626=VECTOR('',#4608,10.);
#627=VECTOR('',#4609,8.);
#628=VECTOR('',#4612,10.);
#629=VECTOR('',#4617,10.);
#630=VECTOR('',#4618,10.);
#631=VECTOR('',#4619,10.);
#632=VECTOR('',#4620,10.);
#633=VECTOR('',#4621,10.);
#634=VECTOR('',#4624,10.);
#635=VECTOR('',#4625,8.);
#636=VECTOR('',#4628,10.);
#637=VECTOR('',#4629,8.);
#638=VECTOR('',#4632,10.);
#639=VECTOR('',#4633,8.);
#640=VECTOR('',#4636,10.);
#641=VECTOR('',#4637,8.);
#642=VECTOR('',#4640,10.);
#643=VECTOR('',#4645,11.0619120123939);
#644=VECTOR('',#4646,10.);
#645=VECTOR('',#4647,10.);
#646=VECTOR('',#4650,14.5783241290692);
#647=VECTOR('',#4651,10.);
#648=VECTOR('',#4652,10.);
#649=VECTOR('',#4653,10.);
#650=VECTOR('',#4654,10.);
#651=VECTOR('',#4657,10.);
#652=VECTOR('',#4658,10.);
#653=VECTOR('',#4659,10.);
#654=VECTOR('',#4660,10.);
#655=VECTOR('',#4667,10.);
#656=VECTOR('',#4668,10.);
#657=VECTOR('',#4669,10.);
#658=VECTOR('',#4670,10.);
#659=VECTOR('',#4671,10.);
#660=VECTOR('',#4674,10.);
#661=VECTOR('',#4675,10.);
#662=VECTOR('',#4678,10.);
#663=VECTOR('',#4679,10.);
#664=VECTOR('',#4680,10.);
#665=VECTOR('',#4683,10.);
#666=VECTOR('',#4686,10.);
#667=VECTOR('',#4687,10.);
#668=VECTOR('',#4688,10.);
#669=VECTOR('',#4691,10.);
#670=VECTOR('',#4692,10.);
#671=VECTOR('',#4693,10.);
#672=VECTOR('',#4696,10.);
#673=VECTOR('',#4697,10.);
#674=VECTOR('',#4698,10.);
#675=VECTOR('',#4701,10.);
#676=VECTOR('',#4712,1.8);
#677=VECTOR('',#4719,10.);
#678=VECTOR('',#4722,10.);
#679=VECTOR('',#4723,10.);
#680=VECTOR('',#4726,10.);
#681=VECTOR('',#4729,10.);
#682=VECTOR('',#4730,10.);
#683=VECTOR('',#4731,10.);
#684=VECTOR('',#4732,10.);
#685=VECTOR('',#4733,10.);
#686=VECTOR('',#4734,10.);
#687=VECTOR('',#4735,10.);
#688=VECTOR('',#4736,10.);
#689=VECTOR('',#4737,10.);
#690=VECTOR('',#4738,10.);
#691=VECTOR('',#4739,10.);
#692=VECTOR('',#4740,10.);
#693=VECTOR('',#4741,10.);
#694=VECTOR('',#4744,10.);
#695=VECTOR('',#4747,10.);
#696=VECTOR('',#4750,10.);
#697=VECTOR('',#4751,10.);
#698=VECTOR('',#4752,10.);
#699=VECTOR('',#4755,10.);
#700=VECTOR('',#4756,10.);
#701=VECTOR('',#4757,10.);
#702=VECTOR('',#4762,10.);
#703=VECTOR('',#4763,10.);
#704=VECTOR('',#4764,10.);
#705=VECTOR('',#4773,1.8);
#706=VECTOR('',#4778,1.3);
#707=VECTOR('',#4781,10.);
#708=VECTOR('',#4786,10.);
#709=VECTOR('',#4789,1.3);
#710=VECTOR('',#4792,10.);
#711=VECTOR('',#4793,10.);
#712=VECTOR('',#4794,10.);
#713=VECTOR('',#4797,1.8);
#714=VECTOR('',#4806,1.8);
#715=VECTOR('',#4815,1.3);
#716=VECTOR('',#4820,1.3);
#717=VECTOR('',#4825,10.);
#718=VECTOR('',#4826,10.);
#719=VECTOR('',#4827,10.);
#720=VECTOR('',#4828,10.);
#721=VECTOR('',#4829,10.);
#722=VECTOR('',#4830,10.);
#723=VECTOR('',#4831,10.);
#724=VECTOR('',#4832,10.);
#725=VECTOR('',#4833,10.);
#726=VECTOR('',#4834,10.);
#727=VECTOR('',#4835,10.);
#728=VECTOR('',#4836,10.);
#729=VECTOR('',#4837,10.);
#730=VECTOR('',#4840,10.);
#731=VECTOR('',#4841,10.);
#732=VECTOR('',#4844,10.);
#733=VECTOR('',#4849,10.);
#734=VECTOR('',#4850,10.);
#735=VECTOR('',#4857,10.);
#736=VECTOR('',#4860,10.);
#737=VECTOR('',#4863,10.);
#738=VECTOR('',#4866,10.);
#739=VECTOR('',#4869,10.);
#740=VECTOR('',#4872,10.);
#741=VECTOR('',#4877,10.);
#742=VECTOR('',#4880,10.);
#743=VECTOR('',#4901,10.);
#744=VECTOR('',#4902,10.);
#745=VECTOR('',#4903,10.);
#746=VECTOR('',#4904,10.);
#747=VECTOR('',#4907,10.);
#748=VECTOR('',#4910,10.);
#749=VECTOR('',#4913,10.);
#750=VECTOR('',#4918,10.);
#751=VECTOR('',#4919,10.);
#752=VECTOR('',#4920,10.);
#753=VECTOR('',#4921,10.);
#754=VECTOR('',#4924,10.);
#755=VECTOR('',#4927,10.);
#756=VECTOR('',#4930,10.);
#757=PLANE('',#3623);
#758=PLANE('',#3630);
#759=PLANE('',#3638);
#760=PLANE('',#3675);
#761=PLANE('',#3676);
#762=PLANE('',#3677);
#763=PLANE('',#3696);
#764=PLANE('',#3697);
#765=PLANE('',#3720);
#766=PLANE('',#3721);
#767=PLANE('',#3722);
#768=PLANE('',#3723);
#769=PLANE('',#3748);
#770=PLANE('',#3787);
#771=PLANE('',#3788);
#772=PLANE('',#3789);
#773=PLANE('',#3790);
#774=PLANE('',#3796);
#775=PLANE('',#3839);
#776=PLANE('',#3841);
#777=PLANE('',#3842);
#778=PLANE('',#3843);
#779=PLANE('',#3847);
#780=PLANE('',#3848);
#781=PLANE('',#3853);
#782=PLANE('',#3854);
#783=PLANE('',#3855);
#784=PLANE('',#3856);
#785=PLANE('',#3857);
#786=PLANE('',#3858);
#787=PLANE('',#3859);
#788=PLANE('',#3860);
#789=PLANE('',#3861);
#790=PLANE('',#3862);
#791=PLANE('',#3863);
#792=PLANE('',#3864);
#793=PLANE('',#3865);
#794=PLANE('',#3866);
#795=PLANE('',#3867);
#796=PLANE('',#3868);
#797=PLANE('',#3869);
#798=PLANE('',#3872);
#799=PLANE('',#3873);
#800=PLANE('',#3874);
#801=PLANE('',#3876);
#802=PLANE('',#3877);
#803=PLANE('',#3878);
#804=PLANE('',#3880);
#805=PLANE('',#3887);
#806=PLANE('',#3888);
#807=PLANE('',#3889);
#808=PLANE('',#3890);
#809=PLANE('',#3891);
#810=PLANE('',#3892);
#811=PLANE('',#3893);
#812=PLANE('',#3894);
#813=PLANE('',#3895);
#814=PLANE('',#3898);
#815=PLANE('',#3907);
#816=PLANE('',#3910);
#817=PLANE('',#3914);
#818=PLANE('',#3920);
#819=PLANE('',#3921);
#820=PLANE('',#3922);
#821=PLANE('',#3923);
#822=PLANE('',#3924);
#823=PLANE('',#3925);
#824=PLANE('',#3926);
#825=PLANE('',#3927);
#826=PLANE('',#3928);
#827=PLANE('',#3929);
#828=PLANE('',#3930);
#829=PLANE('',#3931);
#830=PLANE('',#3932);
#831=PLANE('',#3933);
#832=PLANE('',#3934);
#833=PLANE('',#3935);
#834=PLANE('',#3936);
#835=PLANE('',#3937);
#836=PLANE('',#3938);
#837=PLANE('',#3939);
#838=PLANE('',#3940);
#839=PLANE('',#3941);
#840=PLANE('',#3942);
#841=PLANE('',#3943);
#842=PLANE('',#3944);
#843=PLANE('',#3945);
#844=PLANE('',#3946);
#845=PLANE('',#3947);
#846=PLANE('',#3948);
#847=PLANE('',#3949);
#848=PLANE('',#3950);
#849=PLANE('',#3951);
#850=PLANE('',#3952);
#851=PLANE('',#3953);
#852=PLANE('',#3954);
#853=PLANE('',#3955);
#854=FACE_BOUND('',#1106,.T.);
#855=FACE_BOUND('',#1107,.T.);
#856=FACE_BOUND('',#1108,.T.);
#857=FACE_BOUND('',#1109,.T.);
#858=FACE_BOUND('',#1110,.T.);
#859=FACE_BOUND('',#1146,.T.);
#860=FACE_BOUND('',#1147,.T.);
#861=FACE_BOUND('',#1148,.T.);
#862=FACE_BOUND('',#1149,.T.);
#863=FACE_BOUND('',#1150,.T.);
#864=FACE_BOUND('',#1167,.T.);
#865=FACE_BOUND('',#1168,.T.);
#866=FACE_BOUND('',#1183,.T.);
#867=FACE_BOUND('',#1184,.T.);
#868=FACE_BOUND('',#1185,.T.);
#869=FACE_BOUND('',#1186,.T.);
#870=FACE_BOUND('',#1187,.T.);
#871=FACE_BOUND('',#1210,.T.);
#872=FACE_BOUND('',#1211,.T.);
#873=FACE_BOUND('',#1212,.T.);
#874=FACE_BOUND('',#1213,.T.);
#875=FACE_BOUND('',#1214,.T.);
#876=FACE_BOUND('',#1236,.T.);
#877=FACE_BOUND('',#1237,.T.);
#878=FACE_BOUND('',#1238,.T.);
#879=FACE_BOUND('',#1239,.T.);
#880=FACE_BOUND('',#1242,.T.);
#881=FACE_BOUND('',#1243,.T.);
#882=FACE_BOUND('',#1264,.T.);
#883=FACE_BOUND('',#1265,.T.);
#884=FACE_BOUND('',#1275,.T.);
#885=FACE_BOUND('',#1287,.T.);
#886=FACE_BOUND('',#1294,.T.);
#887=FACE_BOUND('',#1297,.T.);
#888=FACE_BOUND('',#1301,.T.);
#889=FACE_BOUND('',#1302,.T.);
#890=FACE_BOUND('',#1311,.T.);
#891=FACE_BOUND('',#1316,.T.);
#892=FACE_BOUND('',#1322,.T.);
#893=FACE_BOUND('',#1324,.T.);
#894=FACE_BOUND('',#1326,.T.);
#895=FACE_BOUND('',#1328,.T.);
#896=FACE_BOUND('',#1330,.T.);
#897=FACE_BOUND('',#1332,.T.);
#898=FACE_BOUND('',#1334,.T.);
#899=FACE_BOUND('',#1336,.T.);
#900=FACE_OUTER_BOUND('',#1101,.T.);
#901=FACE_OUTER_BOUND('',#1102,.T.);
#902=FACE_OUTER_BOUND('',#1103,.T.);
#903=FACE_OUTER_BOUND('',#1104,.T.);
#904=FACE_OUTER_BOUND('',#1105,.T.);
#905=FACE_OUTER_BOUND('',#1111,.T.);
#906=FACE_OUTER_BOUND('',#1112,.T.);
#907=FACE_OUTER_BOUND('',#1113,.T.);
#908=FACE_OUTER_BOUND('',#1114,.T.);
#909=FACE_OUTER_BOUND('',#1115,.T.);
#910=FACE_OUTER_BOUND('',#1116,.T.);
#911=FACE_OUTER_BOUND('',#1117,.T.);
#912=FACE_OUTER_BOUND('',#1118,.T.);
#913=FACE_OUTER_BOUND('',#1119,.T.);
#914=FACE_OUTER_BOUND('',#1120,.T.);
#915=FACE_OUTER_BOUND('',#1121,.T.);
#916=FACE_OUTER_BOUND('',#1122,.T.);
#917=FACE_OUTER_BOUND('',#1123,.T.);
#918=FACE_OUTER_BOUND('',#1124,.T.);
#919=FACE_OUTER_BOUND('',#1125,.T.);
#920=FACE_OUTER_BOUND('',#1126,.T.);
#921=FACE_OUTER_BOUND('',#1127,.T.);
#922=FACE_OUTER_BOUND('',#1128,.T.);
#923=FACE_OUTER_BOUND('',#1129,.T.);
#924=FACE_OUTER_BOUND('',#1130,.T.);
#925=FACE_OUTER_BOUND('',#1131,.T.);
#926=FACE_OUTER_BOUND('',#1132,.T.);
#927=FACE_OUTER_BOUND('',#1133,.T.);
#928=FACE_OUTER_BOUND('',#1134,.T.);
#929=FACE_OUTER_BOUND('',#1135,.T.);
#930=FACE_OUTER_BOUND('',#1136,.T.);
#931=FACE_OUTER_BOUND('',#1137,.T.);
#932=FACE_OUTER_BOUND('',#1138,.T.);
#933=FACE_OUTER_BOUND('',#1139,.T.);
#934=FACE_OUTER_BOUND('',#1140,.T.);
#935=FACE_OUTER_BOUND('',#1141,.T.);
#936=FACE_OUTER_BOUND('',#1142,.T.);
#937=FACE_OUTER_BOUND('',#1143,.T.);
#938=FACE_OUTER_BOUND('',#1144,.T.);
#939=FACE_OUTER_BOUND('',#1145,.T.);
#940=FACE_OUTER_BOUND('',#1151,.T.);
#941=FACE_OUTER_BOUND('',#1152,.T.);
#942=FACE_OUTER_BOUND('',#1153,.T.);
#943=FACE_OUTER_BOUND('',#1154,.T.);
#944=FACE_OUTER_BOUND('',#1155,.T.);
#945=FACE_OUTER_BOUND('',#1156,.T.);
#946=FACE_OUTER_BOUND('',#1157,.T.);
#947=FACE_OUTER_BOUND('',#1158,.T.);
#948=FACE_OUTER_BOUND('',#1159,.T.);
#949=FACE_OUTER_BOUND('',#1160,.T.);
#950=FACE_OUTER_BOUND('',#1161,.T.);
#951=FACE_OUTER_BOUND('',#1162,.T.);
#952=FACE_OUTER_BOUND('',#1163,.T.);
#953=FACE_OUTER_BOUND('',#1164,.T.);
#954=FACE_OUTER_BOUND('',#1165,.T.);
#955=FACE_OUTER_BOUND('',#1166,.T.);
#956=FACE_OUTER_BOUND('',#1169,.T.);
#957=FACE_OUTER_BOUND('',#1170,.T.);
#958=FACE_OUTER_BOUND('',#1171,.T.);
#959=FACE_OUTER_BOUND('',#1172,.T.);
#960=FACE_OUTER_BOUND('',#1173,.T.);
#961=FACE_OUTER_BOUND('',#1174,.T.);
#962=FACE_OUTER_BOUND('',#1175,.T.);
#963=FACE_OUTER_BOUND('',#1176,.T.);
#964=FACE_OUTER_BOUND('',#1177,.T.);
#965=FACE_OUTER_BOUND('',#1178,.T.);
#966=FACE_OUTER_BOUND('',#1179,.T.);
#967=FACE_OUTER_BOUND('',#1180,.T.);
#968=FACE_OUTER_BOUND('',#1181,.T.);
#969=FACE_OUTER_BOUND('',#1182,.T.);
#970=FACE_OUTER_BOUND('',#1188,.T.);
#971=FACE_OUTER_BOUND('',#1189,.T.);
#972=FACE_OUTER_BOUND('',#1190,.T.);
#973=FACE_OUTER_BOUND('',#1191,.T.);
#974=FACE_OUTER_BOUND('',#1192,.T.);
#975=FACE_OUTER_BOUND('',#1193,.T.);
#976=FACE_OUTER_BOUND('',#1194,.T.);
#977=FACE_OUTER_BOUND('',#1195,.T.);
#978=FACE_OUTER_BOUND('',#1196,.T.);
#979=FACE_OUTER_BOUND('',#1197,.T.);
#980=FACE_OUTER_BOUND('',#1198,.T.);
#981=FACE_OUTER_BOUND('',#1199,.T.);
#982=FACE_OUTER_BOUND('',#1200,.T.);
#983=FACE_OUTER_BOUND('',#1201,.T.);
#984=FACE_OUTER_BOUND('',#1202,.T.);
#985=FACE_OUTER_BOUND('',#1203,.T.);
#986=FACE_OUTER_BOUND('',#1204,.T.);
#987=FACE_OUTER_BOUND('',#1205,.T.);
#988=FACE_OUTER_BOUND('',#1206,.T.);
#989=FACE_OUTER_BOUND('',#1207,.T.);
#990=FACE_OUTER_BOUND('',#1208,.T.);
#991=FACE_OUTER_BOUND('',#1209,.T.);
#992=FACE_OUTER_BOUND('',#1215,.T.);
#993=FACE_OUTER_BOUND('',#1216,.T.);
#994=FACE_OUTER_BOUND('',#1217,.T.);
#995=FACE_OUTER_BOUND('',#1218,.T.);
#996=FACE_OUTER_BOUND('',#1219,.T.);
#997=FACE_OUTER_BOUND('',#1220,.T.);
#998=FACE_OUTER_BOUND('',#1221,.T.);
#999=FACE_OUTER_BOUND('',#1222,.T.);
#1000=FACE_OUTER_BOUND('',#1223,.T.);
#1001=FACE_OUTER_BOUND('',#1224,.T.);
#1002=FACE_OUTER_BOUND('',#1225,.T.);
#1003=FACE_OUTER_BOUND('',#1226,.T.);
#1004=FACE_OUTER_BOUND('',#1227,.T.);
#1005=FACE_OUTER_BOUND('',#1228,.T.);
#1006=FACE_OUTER_BOUND('',#1229,.T.);
#1007=FACE_OUTER_BOUND('',#1230,.T.);
#1008=FACE_OUTER_BOUND('',#1231,.T.);
#1009=FACE_OUTER_BOUND('',#1232,.T.);
#1010=FACE_OUTER_BOUND('',#1233,.T.);
#1011=FACE_OUTER_BOUND('',#1234,.T.);
#1012=FACE_OUTER_BOUND('',#1235,.T.);
#1013=FACE_OUTER_BOUND('',#1240,.T.);
#1014=FACE_OUTER_BOUND('',#1241,.T.);
#1015=FACE_OUTER_BOUND('',#1244,.T.);
#1016=FACE_OUTER_BOUND('',#1245,.T.);
#1017=FACE_OUTER_BOUND('',#1246,.T.);
#1018=FACE_OUTER_BOUND('',#1247,.T.);
#1019=FACE_OUTER_BOUND('',#1248,.T.);
#1020=FACE_OUTER_BOUND('',#1249,.T.);
#1021=FACE_OUTER_BOUND('',#1250,.T.);
#1022=FACE_OUTER_BOUND('',#1251,.T.);
#1023=FACE_OUTER_BOUND('',#1252,.T.);
#1024=FACE_OUTER_BOUND('',#1253,.T.);
#1025=FACE_OUTER_BOUND('',#1254,.T.);
#1026=FACE_OUTER_BOUND('',#1255,.T.);
#1027=FACE_OUTER_BOUND('',#1256,.T.);
#1028=FACE_OUTER_BOUND('',#1257,.T.);
#1029=FACE_OUTER_BOUND('',#1258,.T.);
#1030=FACE_OUTER_BOUND('',#1259,.T.);
#1031=FACE_OUTER_BOUND('',#1260,.T.);
#1032=FACE_OUTER_BOUND('',#1261,.T.);
#1033=FACE_OUTER_BOUND('',#1262,.T.);
#1034=FACE_OUTER_BOUND('',#1263,.T.);
#1035=FACE_OUTER_BOUND('',#1266,.T.);
#1036=FACE_OUTER_BOUND('',#1267,.T.);
#1037=FACE_OUTER_BOUND('',#1268,.T.);
#1038=FACE_OUTER_BOUND('',#1269,.T.);
#1039=FACE_OUTER_BOUND('',#1270,.T.);
#1040=FACE_OUTER_BOUND('',#1271,.T.);
#1041=FACE_OUTER_BOUND('',#1272,.T.);
#1042=FACE_OUTER_BOUND('',#1273,.T.);
#1043=FACE_OUTER_BOUND('',#1274,.T.);
#1044=FACE_OUTER_BOUND('',#1276,.T.);
#1045=FACE_OUTER_BOUND('',#1277,.T.);
#1046=FACE_OUTER_BOUND('',#1278,.T.);
#1047=FACE_OUTER_BOUND('',#1279,.T.);
#1048=FACE_OUTER_BOUND('',#1280,.T.);
#1049=FACE_OUTER_BOUND('',#1281,.T.);
#1050=FACE_OUTER_BOUND('',#1282,.T.);
#1051=FACE_OUTER_BOUND('',#1283,.T.);
#1052=FACE_OUTER_BOUND('',#1284,.T.);
#1053=FACE_OUTER_BOUND('',#1285,.T.);
#1054=FACE_OUTER_BOUND('',#1286,.T.);
#1055=FACE_OUTER_BOUND('',#1288,.T.);
#1056=FACE_OUTER_BOUND('',#1289,.T.);
#1057=FACE_OUTER_BOUND('',#1290,.T.);
#1058=FACE_OUTER_BOUND('',#1291,.T.);
#1059=FACE_OUTER_BOUND('',#1292,.T.);
#1060=FACE_OUTER_BOUND('',#1293,.T.);
#1061=FACE_OUTER_BOUND('',#1295,.T.);
#1062=FACE_OUTER_BOUND('',#1296,.T.);
#1063=FACE_OUTER_BOUND('',#1298,.T.);
#1064=FACE_OUTER_BOUND('',#1299,.T.);
#1065=FACE_OUTER_BOUND('',#1300,.T.);
#1066=FACE_OUTER_BOUND('',#1303,.T.);
#1067=FACE_OUTER_BOUND('',#1304,.T.);
#1068=FACE_OUTER_BOUND('',#1305,.T.);
#1069=FACE_OUTER_BOUND('',#1306,.T.);
#1070=FACE_OUTER_BOUND('',#1307,.T.);
#1071=FACE_OUTER_BOUND('',#1308,.T.);
#1072=FACE_OUTER_BOUND('',#1309,.T.);
#1073=FACE_OUTER_BOUND('',#1310,.T.);
#1074=FACE_OUTER_BOUND('',#1312,.T.);
#1075=FACE_OUTER_BOUND('',#1313,.T.);
#1076=FACE_OUTER_BOUND('',#1314,.T.);
#1077=FACE_OUTER_BOUND('',#1315,.T.);
#1078=FACE_OUTER_BOUND('',#1317,.T.);
#1079=FACE_OUTER_BOUND('',#1318,.T.);
#1080=FACE_OUTER_BOUND('',#1319,.T.);
#1081=FACE_OUTER_BOUND('',#1320,.T.);
#1082=FACE_OUTER_BOUND('',#1321,.T.);
#1083=FACE_OUTER_BOUND('',#1323,.T.);
#1084=FACE_OUTER_BOUND('',#1325,.T.);
#1085=FACE_OUTER_BOUND('',#1327,.T.);
#1086=FACE_OUTER_BOUND('',#1329,.T.);
#1087=FACE_OUTER_BOUND('',#1331,.T.);
#1088=FACE_OUTER_BOUND('',#1333,.T.);
#1089=FACE_OUTER_BOUND('',#1335,.T.);
#1090=FACE_OUTER_BOUND('',#1337,.T.);
#1091=FACE_OUTER_BOUND('',#1338,.T.);
#1092=FACE_OUTER_BOUND('',#1339,.T.);
#1093=FACE_OUTER_BOUND('',#1340,.T.);
#1094=FACE_OUTER_BOUND('',#1341,.T.);
#1095=FACE_OUTER_BOUND('',#1342,.T.);
#1096=FACE_OUTER_BOUND('',#1343,.T.);
#1097=FACE_OUTER_BOUND('',#1344,.T.);
#1098=FACE_OUTER_BOUND('',#1345,.T.);
#1099=FACE_OUTER_BOUND('',#1346,.T.);
#1100=FACE_OUTER_BOUND('',#1347,.T.);
#1101=EDGE_LOOP('',(#2344,#2345,#2346,#2347));
#1102=EDGE_LOOP('',(#2348,#2349,#2350,#2351));
#1103=EDGE_LOOP('',(#2352,#2353,#2354,#2355));
#1104=EDGE_LOOP('',(#2356,#2357,#2358,#2359));
#1105=EDGE_LOOP('',(#2360,#2361,#2362,#2363,#2364,#2365));
#1106=EDGE_LOOP('',(#2366));
#1107=EDGE_LOOP('',(#2367));
#1108=EDGE_LOOP('',(#2368));
#1109=EDGE_LOOP('',(#2369));
#1110=EDGE_LOOP('',(#2370));
#1111=EDGE_LOOP('',(#2371,#2372,#2373,#2374));
#1112=EDGE_LOOP('',(#2375,#2376,#2377,#2378));
#1113=EDGE_LOOP('',(#2379,#2380,#2381,#2382,#2383,#2384,#2385));
#1114=EDGE_LOOP('',(#2386,#2387,#2388,#2389));
#1115=EDGE_LOOP('',(#2390,#2391,#2392,#2393,#2394));
#1116=EDGE_LOOP('',(#2395,#2396,#2397,#2398));
#1117=EDGE_LOOP('',(#2399,#2400,#2401,#2402,#2403));
#1118=EDGE_LOOP('',(#2404,#2405,#2406,#2407,#2408,#2409,#2410,#2411));
#1119=EDGE_LOOP('',(#2412,#2413,#2414,#2415,#2416));
#1120=EDGE_LOOP('',(#2417,#2418,#2419,#2420));
#1121=EDGE_LOOP('',(#2421,#2422,#2423,#2424,#2425,#2426,#2427,#2428));
#1122=EDGE_LOOP('',(#2429,#2430,#2431,#2432));
#1123=EDGE_LOOP('',(#2433,#2434,#2435,#2436,#2437));
#1124=EDGE_LOOP('',(#2438,#2439,#2440,#2441,#2442));
#1125=EDGE_LOOP('',(#2443,#2444,#2445,#2446));
#1126=EDGE_LOOP('',(#2447,#2448,#2449,#2450,#2451));
#1127=EDGE_LOOP('',(#2452,#2453,#2454,#2455,#2456));
#1128=EDGE_LOOP('',(#2457,#2458,#2459,#2460,#2461));
#1129=EDGE_LOOP('',(#2462,#2463,#2464,#2465,#2466));
#1130=EDGE_LOOP('',(#2467,#2468,#2469,#2470,#2471));
#1131=EDGE_LOOP('',(#2472,#2473,#2474,#2475,#2476));
#1132=EDGE_LOOP('',(#2477,#2478,#2479,#2480,#2481));
#1133=EDGE_LOOP('',(#2482,#2483,#2484,#2485,#2486));
#1134=EDGE_LOOP('',(#2487,#2488,#2489,#2490,#2491));
#1135=EDGE_LOOP('',(#2492,#2493,#2494,#2495,#2496));
#1136=EDGE_LOOP('',(#2497,#2498,#2499,#2500,#2501));
#1137=EDGE_LOOP('',(#2502,#2503));
#1138=EDGE_LOOP('',(#2504,#2505,#2506,#2507,#2508,#2509));
#1139=EDGE_LOOP('',(#2510,#2511,#2512,#2513));
#1140=EDGE_LOOP('',(#2514,#2515,#2516,#2517));
#1141=EDGE_LOOP('',(#2518,#2519,#2520,#2521));
#1142=EDGE_LOOP('',(#2522,#2523,#2524,#2525));
#1143=EDGE_LOOP('',(#2526,#2527,#2528,#2529));
#1144=EDGE_LOOP('',(#2530,#2531,#2532,#2533,#2534,#2535));
#1145=EDGE_LOOP('',(#2536,#2537,#2538,#2539,#2540,#2541,#2542,#2543,#2544,
#2545,#2546,#2547,#2548,#2549));
#1146=EDGE_LOOP('',(#2550,#2551,#2552,#2553));
#1147=EDGE_LOOP('',(#2554));
#1148=EDGE_LOOP('',(#2555));
#1149=EDGE_LOOP('',(#2556));
#1150=EDGE_LOOP('',(#2557,#2558,#2559,#2560));
#1151=EDGE_LOOP('',(#2561,#2562,#2563,#2564));
#1152=EDGE_LOOP('',(#2565,#2566,#2567,#2568));
#1153=EDGE_LOOP('',(#2569,#2570,#2571,#2572));
#1154=EDGE_LOOP('',(#2573,#2574,#2575,#2576));
#1155=EDGE_LOOP('',(#2577,#2578,#2579,#2580));
#1156=EDGE_LOOP('',(#2581,#2582,#2583,#2584,#2585,#2586));
#1157=EDGE_LOOP('',(#2587,#2588,#2589,#2590,#2591));
#1158=EDGE_LOOP('',(#2592,#2593,#2594,#2595));
#1159=EDGE_LOOP('',(#2596,#2597,#2598,#2599));
#1160=EDGE_LOOP('',(#2600,#2601,#2602,#2603,#2604,#2605));
#1161=EDGE_LOOP('',(#2606,#2607,#2608,#2609,#2610,#2611));
#1162=EDGE_LOOP('',(#2612,#2613,#2614,#2615));
#1163=EDGE_LOOP('',(#2616,#2617,#2618,#2619,#2620,#2621));
#1164=EDGE_LOOP('',(#2622,#2623,#2624,#2625,#2626));
#1165=EDGE_LOOP('',(#2627,#2628,#2629,#2630,#2631,#2632));
#1166=EDGE_LOOP('',(#2633,#2634,#2635,#2636,#2637,#2638,#2639,#2640,#2641,
#2642,#2643));
#1167=EDGE_LOOP('',(#2644,#2645,#2646,#2647));
#1168=EDGE_LOOP('',(#2648,#2649,#2650,#2651));
#1169=EDGE_LOOP('',(#2652,#2653,#2654,#2655,#2656,#2657));
#1170=EDGE_LOOP('',(#2658,#2659,#2660,#2661,#2662,#2663,#2664,#2665,#2666,
#2667,#2668));
#1171=EDGE_LOOP('',(#2669,#2670,#2671,#2672,#2673));
#1172=EDGE_LOOP('',(#2674,#2675,#2676,#2677));
#1173=EDGE_LOOP('',(#2678,#2679,#2680,#2681));
#1174=EDGE_LOOP('',(#2682,#2683,#2684,#2685));
#1175=EDGE_LOOP('',(#2686,#2687,#2688,#2689,#2690));
#1176=EDGE_LOOP('',(#2691,#2692,#2693,#2694));
#1177=EDGE_LOOP('',(#2695,#2696,#2697,#2698));
#1178=EDGE_LOOP('',(#2699,#2700,#2701,#2702));
#1179=EDGE_LOOP('',(#2703,#2704,#2705,#2706));
#1180=EDGE_LOOP('',(#2707,#2708,#2709,#2710));
#1181=EDGE_LOOP('',(#2711,#2712,#2713,#2714));
#1182=EDGE_LOOP('',(#2715,#2716,#2717,#2718,#2719,#2720,#2721,#2722,#2723,
#2724));
#1183=EDGE_LOOP('',(#2725));
#1184=EDGE_LOOP('',(#2726));
#1185=EDGE_LOOP('',(#2727));
#1186=EDGE_LOOP('',(#2728));
#1187=EDGE_LOOP('',(#2729));
#1188=EDGE_LOOP('',(#2730,#2731,#2732,#2733));
#1189=EDGE_LOOP('',(#2734,#2735,#2736,#2737));
#1190=EDGE_LOOP('',(#2738,#2739,#2740,#2741));
#1191=EDGE_LOOP('',(#2742,#2743,#2744,#2745));
#1192=EDGE_LOOP('',(#2746,#2747,#2748,#2749));
#1193=EDGE_LOOP('',(#2750,#2751,#2752,#2753));
#1194=EDGE_LOOP('',(#2754,#2755,#2756,#2757));
#1195=EDGE_LOOP('',(#2758,#2759,#2760,#2761));
#1196=EDGE_LOOP('',(#2762,#2763,#2764,#2765));
#1197=EDGE_LOOP('',(#2766,#2767,#2768,#2769));
#1198=EDGE_LOOP('',(#2770,#2771,#2772,#2773));
#1199=EDGE_LOOP('',(#2774,#2775,#2776,#2777));
#1200=EDGE_LOOP('',(#2778,#2779,#2780,#2781));
#1201=EDGE_LOOP('',(#2782,#2783,#2784,#2785));
#1202=EDGE_LOOP('',(#2786,#2787,#2788,#2789));
#1203=EDGE_LOOP('',(#2790,#2791,#2792,#2793));
#1204=EDGE_LOOP('',(#2794,#2795,#2796,#2797));
#1205=EDGE_LOOP('',(#2798,#2799,#2800,#2801,#2802,#2803,#2804));
#1206=EDGE_LOOP('',(#2805,#2806,#2807,#2808,#2809,#2810,#2811));
#1207=EDGE_LOOP('',(#2812,#2813,#2814,#2815));
#1208=EDGE_LOOP('',(#2816,#2817,#2818,#2819,#2820));
#1209=EDGE_LOOP('',(#2821,#2822,#2823,#2824,#2825,#2826,#2827,#2828,#2829,
#2830));
#1210=EDGE_LOOP('',(#2831));
#1211=EDGE_LOOP('',(#2832));
#1212=EDGE_LOOP('',(#2833));
#1213=EDGE_LOOP('',(#2834));
#1214=EDGE_LOOP('',(#2835));
#1215=EDGE_LOOP('',(#2836,#2837,#2838,#2839,#2840));
#1216=EDGE_LOOP('',(#2841,#2842,#2843,#2844,#2845));
#1217=EDGE_LOOP('',(#2846,#2847,#2848,#2849,#2850));
#1218=EDGE_LOOP('',(#2851,#2852,#2853,#2854,#2855));
#1219=EDGE_LOOP('',(#2856,#2857,#2858,#2859,#2860));
#1220=EDGE_LOOP('',(#2861,#2862,#2863,#2864,#2865));
#1221=EDGE_LOOP('',(#2866,#2867,#2868,#2869,#2870));
#1222=EDGE_LOOP('',(#2871,#2872,#2873,#2874));
#1223=EDGE_LOOP('',(#2875,#2876,#2877,#2878));
#1224=EDGE_LOOP('',(#2879,#2880,#2881,#2882));
#1225=EDGE_LOOP('',(#2883,#2884,#2885,#2886));
#1226=EDGE_LOOP('',(#2887,#2888,#2889,#2890));
#1227=EDGE_LOOP('',(#2891,#2892,#2893,#2894));
#1228=EDGE_LOOP('',(#2895,#2896,#2897,#2898));
#1229=EDGE_LOOP('',(#2899,#2900,#2901,#2902));
#1230=EDGE_LOOP('',(#2903,#2904,#2905,#2906));
#1231=EDGE_LOOP('',(#2907,#2908,#2909,#2910));
#1232=EDGE_LOOP('',(#2911,#2912,#2913,#2914));
#1233=EDGE_LOOP('',(#2915,#2916,#2917,#2918));
#1234=EDGE_LOOP('',(#2919,#2920,#2921,#2922,#2923,#2924));
#1235=EDGE_LOOP('',(#2925,#2926,#2927,#2928,#2929,#2930,#2931,#2932));
#1236=EDGE_LOOP('',(#2933));
#1237=EDGE_LOOP('',(#2934,#2935,#2936));
#1238=EDGE_LOOP('',(#2937,#2938,#2939));
#1239=EDGE_LOOP('',(#2940,#2941,#2942));
#1240=EDGE_LOOP('',(#2943,#2944,#2945,#2946));
#1241=EDGE_LOOP('',(#2947,#2948,#2949,#2950,#2951,#2952));
#1242=EDGE_LOOP('',(#2953));
#1243=EDGE_LOOP('',(#2954));
#1244=EDGE_LOOP('',(#2955,#2956,#2957,#2958));
#1245=EDGE_LOOP('',(#2959,#2960,#2961,#2962,#2963,#2964));
#1246=EDGE_LOOP('',(#2965,#2966,#2967,#2968));
#1247=EDGE_LOOP('',(#2969,#2970,#2971,#2972));
#1248=EDGE_LOOP('',(#2973,#2974,#2975,#2976));
#1249=EDGE_LOOP('',(#2977,#2978,#2979,#2980));
#1250=EDGE_LOOP('',(#2981,#2982,#2983,#2984));
#1251=EDGE_LOOP('',(#2985,#2986,#2987,#2988,#2989,#2990));
#1252=EDGE_LOOP('',(#2991,#2992,#2993,#2994,#2995,#2996));
#1253=EDGE_LOOP('',(#2997,#2998,#2999,#3000));
#1254=EDGE_LOOP('',(#3001,#3002,#3003,#3004));
#1255=EDGE_LOOP('',(#3005,#3006,#3007,#3008));
#1256=EDGE_LOOP('',(#3009,#3010,#3011,#3012));
#1257=EDGE_LOOP('',(#3013,#3014,#3015,#3016));
#1258=EDGE_LOOP('',(#3017,#3018,#3019,#3020,#3021,#3022));
#1259=EDGE_LOOP('',(#3023,#3024,#3025,#3026));
#1260=EDGE_LOOP('',(#3027,#3028,#3029,#3030));
#1261=EDGE_LOOP('',(#3031,#3032,#3033,#3034,#3035,#3036,#3037));
#1262=EDGE_LOOP('',(#3038,#3039,#3040,#3041));
#1263=EDGE_LOOP('',(#3042,#3043,#3044,#3045,#3046,#3047));
#1264=EDGE_LOOP('',(#3048));
#1265=EDGE_LOOP('',(#3049));
#1266=EDGE_LOOP('',(#3050,#3051,#3052,#3053,#3054,#3055,#3056,#3057));
#1267=EDGE_LOOP('',(#3058,#3059,#3060,#3061));
#1268=EDGE_LOOP('',(#3062,#3063,#3064,#3065));
#1269=EDGE_LOOP('',(#3066,#3067,#3068,#3069));
#1270=EDGE_LOOP('',(#3070,#3071,#3072,#3073));
#1271=EDGE_LOOP('',(#3074,#3075,#3076,#3077,#3078,#3079));
#1272=EDGE_LOOP('',(#3080,#3081,#3082,#3083,#3084,#3085));
#1273=EDGE_LOOP('',(#3086,#3087,#3088,#3089));
#1274=EDGE_LOOP('',(#3090,#3091,#3092,#3093,#3094));
#1275=EDGE_LOOP('',(#3095));
#1276=EDGE_LOOP('',(#3096,#3097,#3098,#3099,#3100,#3101,#3102));
#1277=EDGE_LOOP('',(#3103,#3104,#3105));
#1278=EDGE_LOOP('',(#3106,#3107,#3108,#3109));
#1279=EDGE_LOOP('',(#3110,#3111,#3112));
#1280=EDGE_LOOP('',(#3113,#3114,#3115,#3116,#3117,#3118,#3119,#3120,#3121,
#3122,#3123,#3124,#3125,#3126,#3127,#3128,#3129,#3130,#3131,#3132,#3133,
#3134,#3135,#3136));
#1281=EDGE_LOOP('',(#3137,#3138,#3139,#3140));
#1282=EDGE_LOOP('',(#3141,#3142,#3143,#3144));
#1283=EDGE_LOOP('',(#3145,#3146,#3147,#3148,#3149,#3150));
#1284=EDGE_LOOP('',(#3151,#3152,#3153,#3154,#3155,#3156));
#1285=EDGE_LOOP('',(#3157,#3158,#3159,#3160,#3161,#3162,#3163,#3164,#3165,
#3166));
#1286=EDGE_LOOP('',(#3167,#3168,#3169,#3170,#3171));
#1287=EDGE_LOOP('',(#3172));
#1288=EDGE_LOOP('',(#3173,#3174,#3175,#3176,#3177,#3178,#3179));
#1289=EDGE_LOOP('',(#3180,#3181,#3182,#3183,#3184,#3185,#3186,#3187));
#1290=EDGE_LOOP('',(#3188,#3189,#3190,#3191,#3192,#3193,#3194,#3195));
#1291=EDGE_LOOP('',(#3196,#3197,#3198,#3199,#3200,#3201,#3202));
#1292=EDGE_LOOP('',(#3203,#3204,#3205,#3206));
#1293=EDGE_LOOP('',(#3207));
#1294=EDGE_LOOP('',(#3208));
#1295=EDGE_LOOP('',(#3209,#3210,#3211,#3212));
#1296=EDGE_LOOP('',(#3213));
#1297=EDGE_LOOP('',(#3214));
#1298=EDGE_LOOP('',(#3215,#3216,#3217,#3218));
#1299=EDGE_LOOP('',(#3219,#3220,#3221,#3222));
#1300=EDGE_LOOP('',(#3223,#3224,#3225,#3226,#3227,#3228,#3229,#3230,#3231,
#3232,#3233,#3234));
#1301=EDGE_LOOP('',(#3235));
#1302=EDGE_LOOP('',(#3236,#3237,#3238));
#1303=EDGE_LOOP('',(#3239,#3240,#3241,#3242));
#1304=EDGE_LOOP('',(#3243,#3244,#3245,#3246));
#1305=EDGE_LOOP('',(#3247,#3248,#3249,#3250));
#1306=EDGE_LOOP('',(#3251,#3252,#3253,#3254,#3255,#3256,#3257));
#1307=EDGE_LOOP('',(#3258,#3259,#3260,#3261));
#1308=EDGE_LOOP('',(#3262,#3263,#3264,#3265));
#1309=EDGE_LOOP('',(#3266,#3267,#3268,#3269));
#1310=EDGE_LOOP('',(#3270,#3271,#3272,#3273));
#1311=EDGE_LOOP('',(#3274));
#1312=EDGE_LOOP('',(#3275,#3276,#3277,#3278));
#1313=EDGE_LOOP('',(#3279,#3280,#3281,#3282));
#1314=EDGE_LOOP('',(#3283,#3284,#3285,#3286));
#1315=EDGE_LOOP('',(#3287,#3288,#3289,#3290));
#1316=EDGE_LOOP('',(#3291));
#1317=EDGE_LOOP('',(#3292,#3293,#3294,#3295));
#1318=EDGE_LOOP('',(#3296,#3297,#3298,#3299,#3300,#3301));
#1319=EDGE_LOOP('',(#3302,#3303,#3304,#3305));
#1320=EDGE_LOOP('',(#3306,#3307,#3308,#3309,#3310,#3311));
#1321=EDGE_LOOP('',(#3312));
#1322=EDGE_LOOP('',(#3313));
#1323=EDGE_LOOP('',(#3314));
#1324=EDGE_LOOP('',(#3315));
#1325=EDGE_LOOP('',(#3316));
#1326=EDGE_LOOP('',(#3317));
#1327=EDGE_LOOP('',(#3318));
#1328=EDGE_LOOP('',(#3319));
#1329=EDGE_LOOP('',(#3320));
#1330=EDGE_LOOP('',(#3321));
#1331=EDGE_LOOP('',(#3322));
#1332=EDGE_LOOP('',(#3323));
#1333=EDGE_LOOP('',(#3324));
#1334=EDGE_LOOP('',(#3325));
#1335=EDGE_LOOP('',(#3326));
#1336=EDGE_LOOP('',(#3327));
#1337=EDGE_LOOP('',(#3328,#3329,#3330,#3331,#3332,#3333));
#1338=EDGE_LOOP('',(#3334,#3335,#3336,#3337));
#1339=EDGE_LOOP('',(#3338,#3339,#3340,#3341));
#1340=EDGE_LOOP('',(#3342,#3343,#3344,#3345));
#1341=EDGE_LOOP('',(#3346,#3347,#3348,#3349));
#1342=EDGE_LOOP('',(#3350,#3351,#3352,#3353,#3354,#3355));
#1343=EDGE_LOOP('',(#3356,#3357,#3358,#3359));
#1344=EDGE_LOOP('',(#3360,#3361,#3362,#3363));
#1345=EDGE_LOOP('',(#3364,#3365,#3366,#3367));
#1346=EDGE_LOOP('',(#3368,#3369,#3370,#3371));
#1347=EDGE_LOOP('',(#3372,#3373,#3374,#3375));
#1348=CIRCLE('',#3619,0.100000000000002);
#1349=CIRCLE('',#3620,0.0999999999999972);
#1350=CIRCLE('',#3621,0.1);
#1351=CIRCLE('',#3622,0.1);
#1352=CIRCLE('',#3624,0.500000000000001);
#1353=CIRCLE('',#3634,0.499999999999999);
#1354=CIRCLE('',#3640,0.499999999999999);
#1355=CIRCLE('',#3647,0.499999999999996);
#1356=CIRCLE('',#3650,0.100000000000005);
#1357=CIRCLE('',#3652,2.65);
#1358=CIRCLE('',#3653,0.099999999999998);
#1359=CIRCLE('',#3655,2.75);
#1360=CIRCLE('',#3656,0.0999999999999993);
#1361=CIRCLE('',#3658,2.75);
#1362=CIRCLE('',#3659,0.100000000000003);
#1363=CIRCLE('',#3661,2.75);
#1364=CIRCLE('',#3662,0.0999999999999944);
#1365=CIRCLE('',#3664,2.75);
#1366=CIRCLE('',#3666,10.75);
#1367=CIRCLE('',#3699,0.500000000000003);
#1368=CIRCLE('',#3716,0.499999999999998);
#1369=CIRCLE('',#3724,0.499999999999999);
#1370=CIRCLE('',#3727,2.75);
#1371=CIRCLE('',#3728,0.499999999999999);
#1372=CIRCLE('',#3731,2.75);
#1373=CIRCLE('',#3732,0.499999999999999);
#1374=CIRCLE('',#3735,2.75);
#1375=CIRCLE('',#3736,0.499999999999999);
#1376=CIRCLE('',#3739,2.75);
#1377=CIRCLE('',#3740,0.499999999999994);
#1378=CIRCLE('',#3743,3.);
#1379=CIRCLE('',#3745,2.05);
#1380=CIRCLE('',#3746,0.5);
#1381=CIRCLE('',#3747,1.55);
#1382=CIRCLE('',#3749,10.25);
#1383=CIRCLE('',#3750,2.05);
#1384=CIRCLE('',#3751,2.05);
#1385=CIRCLE('',#3752,3.15);
#1386=CIRCLE('',#3753,2.05);
#1387=CIRCLE('',#3755,1.55);
#1388=CIRCLE('',#3757,0.5);
#1389=CIRCLE('',#3758,1.55);
#1390=CIRCLE('',#3760,1.55);
#1391=CIRCLE('',#3762,0.5);
#1392=CIRCLE('',#3763,1.55);
#1393=CIRCLE('',#3765,1.55);
#1394=CIRCLE('',#3767,0.5);
#1395=CIRCLE('',#3768,1.55);
#1396=CIRCLE('',#3770,1.55);
#1397=CIRCLE('',#3772,0.5);
#1398=CIRCLE('',#3779,0.5);
#1399=CIRCLE('',#3785,0.5);
#1400=CIRCLE('',#3792,2.05);
#1401=CIRCLE('',#3793,0.5);
#1402=CIRCLE('',#3794,1.55);
#1403=CIRCLE('',#3795,1.55);
#1404=CIRCLE('',#3797,10.25);
#1405=CIRCLE('',#3798,2.05);
#1406=CIRCLE('',#3799,2.05);
#1407=CIRCLE('',#3800,3.5);
#1408=CIRCLE('',#3801,2.05);
#1409=CIRCLE('',#3803,1.55);
#1410=CIRCLE('',#3805,0.5);
#1411=CIRCLE('',#3806,1.55);
#1412=CIRCLE('',#3807,1.55);
#1413=CIRCLE('',#3809,1.55);
#1414=CIRCLE('',#3811,0.5);
#1415=CIRCLE('',#3812,1.55);
#1416=CIRCLE('',#3813,1.55);
#1417=CIRCLE('',#3815,1.55);
#1418=CIRCLE('',#3817,0.5);
#1419=CIRCLE('',#3818,1.55);
#1420=CIRCLE('',#3819,1.55);
#1421=CIRCLE('',#3821,1.55);
#1422=CIRCLE('',#3823,0.5);
#1423=CIRCLE('',#3828,0.5);
#1424=CIRCLE('',#3831,0.5);
#1425=CIRCLE('',#3832,10.75);
#1426=CIRCLE('',#3844,2.55);
#1427=CIRCLE('',#3845,2.05);
#1428=CIRCLE('',#3846,2.05);
#1429=CIRCLE('',#3849,1.8);
#1430=CIRCLE('',#3850,1.8);
#1431=CIRCLE('',#3852,2.55);
#1432=CIRCLE('',#3870,1.8);
#1433=CIRCLE('',#3871,1.8);
#1434=CIRCLE('',#3881,1.8);
#1435=CIRCLE('',#3882,1.8);
#1436=CIRCLE('',#3883,1.3);
#1437=CIRCLE('',#3885,1.8);
#1438=CIRCLE('',#3886,1.8);
#1439=CIRCLE('',#3896,1.3);
#1440=CIRCLE('',#3897,1.3);
#1441=CIRCLE('',#3899,1.3);
#1442=CIRCLE('',#3902,1.3);
#1443=CIRCLE('',#3903,1.3);
#1444=CIRCLE('',#3905,1.3);
#1445=CIRCLE('',#3906,1.3);
#1446=CIRCLE('',#3909,1.8);
#1447=CIRCLE('',#3911,1.3);
#1448=CIRCLE('',#3913,1.8);
#1449=CIRCLE('',#3915,1.3);
#1450=CIRCLE('',#3917,1.3);
#1451=CIRCLE('',#3919,1.3);
#1452=B_SPLINE_CURVE_WITH_KNOTS('',3,(#4973,#4974,#4975,#4976,#4977,#4978,
#4979,#4980),.UNSPECIFIED.,.F.,.F.,(4,2,2,4),(0.,0.00461977162984395,0.0151098981862254,
0.0152015897075375),.UNSPECIFIED.);
#1453=B_SPLINE_CURVE_WITH_KNOTS('',3,(#4982,#4983,#4984,#4985,#4986,#4987,
#4988),.UNSPECIFIED.,.F.,.F.,(4,1,1,1,4),(-1.69924316310516E-15,0.00724110129670785,
0.021723303890127,0.0362055064835461,0.0506877090769652),.UNSPECIFIED.);
#1454=B_SPLINE_CURVE_WITH_KNOTS('',3,(#4991,#4992,#4993,#4994,#4995,#4996),
 .UNSPECIFIED.,.F.,.F.,(4,1,1,4),(-0.0506877090769652,-0.0362055064835461,
-0.021723303890127,-0.0214019270493907),.UNSPECIFIED.);
#1455=B_SPLINE_CURVE_WITH_KNOTS('',3,(#5020,#5021,#5022,#5023),
 .UNSPECIFIED.,.F.,.F.,(4,4),(-3.37434816720793,0.),.UNSPECIFIED.);
#1456=B_SPLINE_CURVE_WITH_KNOTS('',3,(#5024,#5025,#5026,#5027),
 .UNSPECIFIED.,.F.,.F.,(4,4),(0.,3.37434816720793),.UNSPECIFIED.);
#1457=B_SPLINE_CURVE_WITH_KNOTS('',3,(#5065,#5066,#5067,#5068,#5069,#5070,
#5071,#5072),.UNSPECIFIED.,.F.,.F.,(4,2,2,4),(-0.000131360856711966,0.,
0.0149958497902475,0.0216031343507936),.UNSPECIFIED.);
#1458=B_SPLINE_CURVE_WITH_KNOTS('',3,(#5073,#5074,#5075,#5076,#5077,#5078),
 .UNSPECIFIED.,.F.,.F.,(4,1,1,4),(0.0214051905188709,0.0217908486632794,
0.0363180811054656,0.0508453135476518),.UNSPECIFIED.);
#1459=B_SPLINE_CURVE_WITH_KNOTS('',3,(#5079,#5080,#5081,#5082,#5083,#5084,
#5085),.UNSPECIFIED.,.F.,.F.,(4,1,1,1,4),(-0.0508453135476518,-0.0363180811054656,
-0.0217908486632794,-0.0145272324421863,-8.32667268468867E-17),
 .UNSPECIFIED.);
#1460=B_SPLINE_CURVE_WITH_KNOTS('',3,(#5241,#5242,#5243,#5244,#5245,#5246,
#5247,#5248,#5249,#5250,#5251,#5252,#5253,#5254,#5255,#5256,#5257,#5258,
#5259,#5260,#5261,#5262),.UNSPECIFIED.,.F.,.F.,(4,1,1,1,1,1,1,1,1,1,1,1,
1,1,1,1,1,1,1,4),(-3.2245267206971,-2.30472222856883,-1.3828333371413,-0.921888891427531,
-0.691416668570648,-0.460944445713765,-0.432135417856655,-0.403326389999545,
-0.388921876070989,-0.374517362142434,-0.360112848213879,-0.345708334285324,
-0.331303820356769,-0.316899306428214,-0.302494792499658,-0.288090278571103,
-0.259281250713993,-0.230472222856883,-0.172854167142662,0.),
 .UNSPECIFIED.);
#1461=B_SPLINE_CURVE_WITH_KNOTS('',3,(#5265,#5266,#5267,#5268,#5269,#5270,
#5271,#5272,#5273,#5274,#5275,#5276,#5277,#5278,#5279,#5280,#5281,#5282,
#5283,#5284,#5285,#5286),.UNSPECIFIED.,.F.,.F.,(4,1,1,1,1,1,1,1,1,1,1,1,
1,1,1,1,1,1,1,4),(0.,0.172854167142662,0.230472222856883,0.259281250713993,
0.288090278571103,0.302494792499658,0.316899306428214,0.331303820356769,
0.345708334285324,0.360112848213879,0.374517362142434,0.388921876070989,
0.403326389999545,0.432135417856655,0.460944445713765,0.691416668570648,
0.921888891427531,1.3828333371413,2.30472222856883,3.22158393395309),
 .UNSPECIFIED.);
#1462=B_SPLINE_CURVE_WITH_KNOTS('',3,(#5328,#5329,#5330,#5331,#5332,#5333,
#5334,#5335,#5336,#5337,#5338,#5339,#5340,#5341,#5342,#5343,#5344,#5345,
#5346,#5347,#5348),.UNSPECIFIED.,.F.,.F.,(4,1,1,1,1,1,1,1,1,1,1,1,1,1,1,
1,1,1,4),(1.15411106771862E-10,0.115170779270202,0.230341558540404,0.259134253357955,
0.27353060076673,0.280728774471117,0.287926948175505,0.316719642993056,
0.345512337810606,0.359908685219381,0.374305032628157,0.403097727445707,
0.431890422263258,0.460683117080808,0.691024675621212,0.921366234161616,
1.38204935124242,2.30341558540404,3.22274560245806),.UNSPECIFIED.);
#1463=B_SPLINE_CURVE_WITH_KNOTS('',3,(#5350,#5351,#5352,#5353,#5354,#5355),
 .UNSPECIFIED.,.F.,.F.,(4,2,4),(-0.00136645144911941,0.,0.176755465763074),
 .UNSPECIFIED.);
#1464=B_SPLINE_CURVE_WITH_KNOTS('',3,(#5357,#5358,#5359,#5360,#5361,#5362,
#5363,#5364,#5365,#5366,#5367,#5368,#5369,#5370,#5371,#5372,#5373,#5374,
#5375,#5376,#5377,#5378,#5379,#5380,#5381,#5382,#5383,#5384,#5385),
 .UNSPECIFIED.,.F.,.F.,(4,2,1,1,1,1,1,1,1,1,1,1,1,1,1,1,1,1,1,1,1,1,1,2,
4),(-3.01213360592905,-3.01054409751528,-2.9352804950774,-2.86001689263951,
-2.70948968776375,-2.55896248288799,-2.40843527801222,-2.25790807313646,
-2.10738086826069,-1.95685366338493,-1.80632645850917,-1.6557992536334,
-1.50527204875764,-1.35474484388188,-1.20421763900611,-1.05369043413035,
-0.903163229254583,-0.752636024378819,-0.602108819503056,-0.451581614627292,
-0.301054409751528,-0.150527204875764,-0.075263602437882,0.,0.00159001150156244),
 .UNSPECIFIED.);
#1465=B_SPLINE_CURVE_WITH_KNOTS('',3,(#5386,#5387,#5388,#5389,#5390,#5391),
 .UNSPECIFIED.,.F.,.F.,(4,2,4),(0.000352559238526531,0.179550156692817,
0.18091640611463),.UNSPECIFIED.);
#1466=B_SPLINE_CURVE_WITH_KNOTS('',3,(#5393,#5394,#5395,#5396,#5397,#5398,
#5399,#5400,#5401,#5402,#5403,#5404,#5405,#5406),.UNSPECIFIED.,.T.,.F.,
(4,1,1,1,1,1,1,1,1,1,1,4),(0.,0.124168633158001,0.248337266316002,0.372505899474003,
0.496674532632004,0.745011798948006,0.951959520878008,0.993349065264008,
1.24168633158001,1.49002359789601,1.61419223105401,1.73836086421201),
 .UNSPECIFIED.);
#1467=B_SPLINE_CURVE_WITH_KNOTS('',3,(#5408,#5409,#5410,#5411,#5412,#5413,
#5414,#5415,#5416,#5417,#5418),.UNSPECIFIED.,.T.,.F.,(4,1,1,1,1,1,1,1,4),
(0.,0.124164240899736,0.248328481799472,0.496656963598943,0.744985445398415,
0.993313927197887,1.24164240899736,1.48997089079683,1.7382993725963),
 .UNSPECIFIED.);
#1468=B_SPLINE_CURVE_WITH_KNOTS('',3,(#5420,#5421,#5422,#5423,#5424,#5425,
#5426,#5427,#5428,#5429,#5430,#5431),.UNSPECIFIED.,.T.,.F.,(4,1,1,1,1,1,
1,1,1,4),(0.,0.124228121662134,0.248456243324269,0.496912486648537,0.745368729972805,
0.993824973297074,1.24228121662134,1.49073745994561,1.61496558160775,1.73919370326988),
 .UNSPECIFIED.);
#1469=B_SPLINE_CURVE_WITH_KNOTS('',3,(#5433,#5434,#5435,#5436,#5437,#5438,
#5439,#5440,#5441,#5442,#5443,#5444,#5445),.UNSPECIFIED.,.T.,.F.,(4,1,1,
1,1,1,1,1,1,1,4),(0.,0.12421017801561,0.24842035603122,0.434735623054635,
0.49684071206244,0.74526106809366,0.99368142412488,1.2421017801561,1.49052213618732,
1.61473231420293,1.73894249221854),.UNSPECIFIED.);
#1470=B_SPLINE_CURVE_WITH_KNOTS('',3,(#5447,#5448,#5449,#5450,#5451,#5452,
#5453,#5454,#5455,#5456,#5457,#5458,#5459,#5460,#5461,#5462,#5463),
 .UNSPECIFIED.,.T.,.F.,(4,1,1,1,1,1,1,1,1,1,1,1,1,1,4),(0.,0.119610901212048,
0.239221802424096,0.358832703636143,0.478443604848191,0.598054506060239,
0.717665407272286,0.87714660888835,0.956887209696382,1.07649811090843,1.19610901212048,
1.31571991333253,1.43533081454457,1.55494171575662,1.67455261696867),
 .UNSPECIFIED.);
#1471=B_SPLINE_CURVE_WITH_KNOTS('',3,(#5612,#5613,#5614,#5615,#5616,#5617,
#5618,#5619,#5620,#5621,#5622,#5623,#5624,#5625,#5626,#5627,#5628,#5629,
#5630,#5631,#5632),.UNSPECIFIED.,.F.,.F.,(4,1,1,1,1,1,1,1,1,1,1,1,1,1,1,
1,1,1,4),(-3.21980422513477,-2.30341558540404,-1.38204935124242,-0.921366234161616,
-0.691024675621212,-0.460683117080808,-0.431890422263258,-0.403097727445707,
-0.374305032628157,-0.359908685219381,-0.345512337810606,-0.316719642993056,
-0.287926948175505,-0.280728774471117,-0.27353060076673,-0.259134253357955,
-0.230341558540404,-0.115170779270202,0.),.UNSPECIFIED.);
#1472=B_SPLINE_CURVE_WITH_KNOTS('',3,(#5664,#5665,#5666,#5667,#5668,#5669,
#5670,#5671,#5672,#5673,#5674,#5675,#5676,#5677,#5678,#5679),
 .UNSPECIFIED.,.F.,.F.,(4,3,3,3,3,4),(0.,0.0057520108991509,0.0119204543543752,
0.0144354855024701,0.0247161257094055,0.0286592362613688),.UNSPECIFIED.);
#1473=B_SPLINE_CURVE_WITH_KNOTS('',3,(#5680,#5681,#5682,#5683,#5684,#5685,
#5686),.UNSPECIFIED.,.F.,.F.,(4,1,1,1,4),(-0.0706277727900209,-0.0302690454814375,
-0.0151345227407188,-0.0100896818271458,0.),.UNSPECIFIED.);
#1474=B_SPLINE_CURVE_WITH_KNOTS('',3,(#5687,#5688,#5689,#5690,#5691,#5692,
#5693),.UNSPECIFIED.,.F.,.F.,(4,1,1,1,4),(0.,0.0100896818271458,0.0151345227407188,
0.0302690454814375,0.0415098645992608),.UNSPECIFIED.);
#1475=B_SPLINE_CURVE_WITH_KNOTS('',3,(#5732,#5733,#5734,#5735,#5736,#5737),
 .UNSPECIFIED.,.F.,.F.,(4,2,4),(0.,0.0133984410368926,0.0285991113367062),
 .UNSPECIFIED.);
#1476=B_SPLINE_CURVE_WITH_KNOTS('',3,(#5738,#5739,#5740,#5741,#5742,#5743,
#5744),.UNSPECIFIED.,.F.,.F.,(4,1,1,1,4),(-0.0420591618331004,-0.030534107899493,
-0.0152670539497465,-0.0101780359664977,0.),.UNSPECIFIED.);
#1477=B_SPLINE_CURVE_WITH_KNOTS('',3,(#5745,#5746,#5747,#5748,#5749,#5750,
#5751),.UNSPECIFIED.,.F.,.F.,(4,1,1,1,4),(0.,0.0101780359664977,0.0152670539497465,
0.030534107899493,0.0712462517654837),.UNSPECIFIED.);
#1478=B_SPLINE_CURVE_WITH_KNOTS('',3,(#5777,#5778,#5779,#5780),
 .UNSPECIFIED.,.F.,.F.,(4,4),(-0.0532217629262608,-0.042553563478556),
 .UNSPECIFIED.);
#1479=B_SPLINE_CURVE_WITH_KNOTS('',3,(#5782,#5783,#5784,#5785,#5786,#5787),
 .UNSPECIFIED.,.F.,.F.,(4,2,4),(-0.18091640611463,-0.179550156692817,-0.0191075194797835),
 .UNSPECIFIED.);
#1480=B_SPLINE_CURVE_WITH_KNOTS('',3,(#5788,#5789,#5790,#5791,#5792,#5793,
#5794,#5795),.UNSPECIFIED.,.F.,.F.,(4,2,2,4),(-0.000404239450828453,0.,
0.0385642784045479,0.042504643100133),.UNSPECIFIED.);
#1481=B_SPLINE_CURVE_WITH_KNOTS('',3,(#5827,#5828,#5829,#5830,#5831,#5832,
#5833,#5834,#5835,#5836),.UNSPECIFIED.,.F.,.F.,(4,2,2,2,4),(-0.000255342652305498,
0.,0.0176621559067744,0.0361693150902578,0.0577282365433084),
 .UNSPECIFIED.);
#1482=B_SPLINE_CURVE_WITH_KNOTS('',3,(#5896,#5897,#5898,#5899,#5900,#5901,
#5902,#5903,#5904,#5905),.UNSPECIFIED.,.F.,.F.,(4,2,2,2,4),(0.,0.0117148912468528,
0.0313889306856015,0.0592901860639886,0.0595779899337318),.UNSPECIFIED.);
#1483=B_SPLINE_CURVE_WITH_KNOTS('',3,(#5949,#5950,#5951,#5952,#5953,#5954,
#5955,#5956,#5957,#5958),.UNSPECIFIED.,.F.,.F.,(4,2,2,2,4),(-0.000255342616518717,
0.,0.0176621549164956,0.0361693128671389,0.0577282328840371),
 .UNSPECIFIED.);
#1484=B_SPLINE_CURVE_WITH_KNOTS('',3,(#5999,#6000,#6001,#6002,#6003,#6004,
#6005,#6006,#6007,#6008),.UNSPECIFIED.,.F.,.F.,(4,2,2,2,4),(0.,0.0117148912468923,
0.0313889306857215,0.0592901974331594,0.0595780015313836),.UNSPECIFIED.);
#1485=B_SPLINE_CURVE_WITH_KNOTS('',3,(#6098,#6099,#6100,#6101,#6102,#6103,
#6104,#6105,#6106,#6107,#6108,#6109,#6110,#6111,#6112,#6113),
 .UNSPECIFIED.,.F.,.F.,(4,1,1,1,1,1,1,1,1,1,1,1,1,4),(-1.67455261696867,
-1.55494171575662,-1.43533081454457,-1.31571991333253,-1.19610901212048,
-1.07649811090843,-0.956887209696382,-0.87714660888835,-0.717665407272286,
-0.598054506060239,-0.478443604848191,-0.358832703636143,-0.239221802424096,
-0.126924824143362),.UNSPECIFIED.);
#1486=B_SPLINE_CURVE_WITH_KNOTS('',3,(#6114,#6115,#6116,#6117,#6118),
 .UNSPECIFIED.,.F.,.F.,(4,1,4),(-0.126924824143362,-0.119610901212048,0.),
 .UNSPECIFIED.);
#1487=B_SPLINE_CURVE_WITH_KNOTS('',3,(#6210,#6211,#6212,#6213,#6214,#6215,
#6216,#6217),.UNSPECIFIED.,.F.,.F.,(4,1,1,1,1,4),(-1.73836086421201,-1.61419223105401,
-1.49002359789601,-1.24168633158001,-0.993349065264008,-0.972468947617891),
 .UNSPECIFIED.);
#1488=B_SPLINE_CURVE_WITH_KNOTS('',3,(#6218,#6219,#6220,#6221,#6222,#6223,
#6224,#6225,#6226,#6227),.UNSPECIFIED.,.F.,.F.,(4,1,1,1,1,1,1,4),(-0.972468947617891,
-0.951959520878008,-0.745011798948006,-0.496674532632004,-0.372505899474003,
-0.248337266316002,-0.124168633158001,0.),.UNSPECIFIED.);
#1489=B_SPLINE_CURVE_WITH_KNOTS('',3,(#6313,#6314,#6315,#6316,#6317,#6318,
#6319,#6320),.UNSPECIFIED.,.F.,.F.,(4,1,1,1,1,4),(-1.73894249221854,-1.61473231420293,
-1.49052213618732,-1.2421017801561,-0.99368142412488,-0.972339540324423),
 .UNSPECIFIED.);
#1490=B_SPLINE_CURVE_WITH_KNOTS('',3,(#6321,#6322,#6323,#6324,#6325,#6326,
#6327,#6328,#6329),.UNSPECIFIED.,.F.,.F.,(4,1,1,1,1,1,4),(-0.972339540324423,
-0.74526106809366,-0.49684071206244,-0.434735623054635,-0.24842035603122,
-0.12421017801561,0.),.UNSPECIFIED.);
#1491=B_SPLINE_CURVE_WITH_KNOTS('',3,(#6403,#6404,#6405,#6406,#6407,#6408,
#6409),.UNSPECIFIED.,.F.,.F.,(4,1,1,1,4),(-1.7382993725963,-1.48997089079683,
-1.24164240899736,-0.993313927197887,-0.969722734099093),.UNSPECIFIED.);
#1492=B_SPLINE_CURVE_WITH_KNOTS('',3,(#6410,#6411,#6412,#6413,#6414,#6415,
#6416,#6417),.UNSPECIFIED.,.F.,.F.,(4,1,1,1,1,4),(-0.969722734099093,-0.744985445398415,
-0.496656963598943,-0.248328481799472,-0.124164240899736,0.),
 .UNSPECIFIED.);
#1493=B_SPLINE_CURVE_WITH_KNOTS('',3,(#6497,#6498,#6499,#6500,#6501,#6502,
#6503,#6504),.UNSPECIFIED.,.F.,.F.,(4,1,1,1,1,4),(-1.73919370326988,-1.61496558160775,
-1.49073745994561,-1.24228121662134,-0.993824973297074,-0.961444619455065),
 .UNSPECIFIED.);
#1494=B_SPLINE_CURVE_WITH_KNOTS('',3,(#6505,#6506,#6507,#6508,#6509,#6510,
#6511,#6512),.UNSPECIFIED.,.F.,.F.,(4,1,1,1,1,4),(-0.961444619455065,-0.745368729972805,
-0.496912486648537,-0.248456243324269,-0.124228121662134,0.),
 .UNSPECIFIED.);
#1495=B_SPLINE_CURVE_WITH_KNOTS('',3,(#6542,#6543,#6544,#6545),
 .UNSPECIFIED.,.F.,.F.,(4,4),(-0.0195185024195541,-0.00930393876293639),
 .UNSPECIFIED.);
#1496=B_SPLINE_CURVE_WITH_KNOTS('',3,(#6547,#6548,#6549,#6550,#6551,#6552,
#6553,#6554),.UNSPECIFIED.,.F.,.F.,(4,2,2,4),(0.0197198338840432,0.0235018274047978,
0.0607323089036315,0.0611236045797699),.UNSPECIFIED.);
#1497=B_SPLINE_CURVE_WITH_KNOTS('',3,(#6555,#6556,#6557,#6558,#6559,#6560),
 .UNSPECIFIED.,.F.,.F.,(4,2,4),(-0.158017692750902,0.,0.00136645144911941),
 .UNSPECIFIED.);
#1498=B_SPLINE_CURVE_WITH_KNOTS('',3,(#6677,#6678,#6679,#6680,#6681,#6682,
#6683,#6684,#6685,#6686,#6687,#6688,#6689,#6690,#6691,#6692,#6693,#6694,
#6695,#6696,#6697,#6698,#6699,#6700,#6701,#6702,#6703,#6704,#6705),
 .UNSPECIFIED.,.F.,.F.,(4,2,1,1,1,1,1,1,1,1,1,1,1,1,1,1,1,1,1,1,1,1,1,2,
4),(-0.00159001150156244,0.,0.075263602437882,0.150527204875764,0.301054409751528,
0.451581614627292,0.602108819503056,0.752636024378819,0.903163229254583,
1.05369043413035,1.20421763900611,1.35474484388188,1.50527204875764,1.6557992536334,
1.80632645850917,1.95685366338493,2.10738086826069,2.25790807313646,2.40843527801222,
2.55896248288799,2.70948968776375,2.86001689263951,2.9352804950774,3.01054409751528,
3.01213360592905),.UNSPECIFIED.);
#1499=B_SPLINE_CURVE_WITH_KNOTS('',3,(#7624,#7625,#7626,#7627,#7628,#7629),
 .UNSPECIFIED.,.F.,.F.,(4,2,4),(0.465666909984436,0.504960655536454,0.572556134882365),
 .UNSPECIFIED.);
#1500=B_SPLINE_CURVE_WITH_KNOTS('',3,(#7652,#7653,#7654,#7655,#7656,#7657),
 .UNSPECIFIED.,.F.,.F.,(4,2,4),(0.159449598949049,0.22704507829496,0.266338823846976),
 .UNSPECIFIED.);
#1501=VERTEX_POINT('',#4971);
#1502=VERTEX_POINT('',#4972);
#1503=VERTEX_POINT('',#4981);
#1504=VERTEX_POINT('',#4989);
#1505=VERTEX_POINT('',#5017);
#1506=VERTEX_POINT('',#5018);
#1507=VERTEX_POINT('',#5063);
#1508=VERTEX_POINT('',#5064);
#1509=VERTEX_POINT('',#5240);
#1510=VERTEX_POINT('',#5263);
#1511=VERTEX_POINT('',#5327);
#1512=VERTEX_POINT('',#5349);
#1513=VERTEX_POINT('',#5356);
#1514=VERTEX_POINT('',#5392);
#1515=VERTEX_POINT('',#5407);
#1516=VERTEX_POINT('',#5419);
#1517=VERTEX_POINT('',#5432);
#1518=VERTEX_POINT('',#5446);
#1519=VERTEX_POINT('',#5611);
#1520=VERTEX_POINT('',#5662);
#1521=VERTEX_POINT('',#5663);
#1522=VERTEX_POINT('',#5695);
#1523=VERTEX_POINT('',#5697);
#1524=VERTEX_POINT('',#5699);
#1525=VERTEX_POINT('',#5730);
#1526=VERTEX_POINT('',#5731);
#1527=VERTEX_POINT('',#5776);
#1528=VERTEX_POINT('',#5781);
#1529=VERTEX_POINT('',#5821);
#1530=VERTEX_POINT('',#5822);
#1531=VERTEX_POINT('',#5824);
#1532=VERTEX_POINT('',#5826);
#1533=VERTEX_POINT('',#5839);
#1534=VERTEX_POINT('',#5840);
#1535=VERTEX_POINT('',#5843);
#1536=VERTEX_POINT('',#5847);
#1537=VERTEX_POINT('',#5849);
#1538=VERTEX_POINT('',#5851);
#1539=VERTEX_POINT('',#5853);
#1540=VERTEX_POINT('',#5855);
#1541=VERTEX_POINT('',#5859);
#1542=VERTEX_POINT('',#5860);
#1543=VERTEX_POINT('',#5862);
#1544=VERTEX_POINT('',#5864);
#1545=VERTEX_POINT('',#5866);
#1546=VERTEX_POINT('',#5894);
#1547=VERTEX_POINT('',#5895);
#1548=VERTEX_POINT('',#5909);
#1549=VERTEX_POINT('',#5911);
#1550=VERTEX_POINT('',#5913);
#1551=VERTEX_POINT('',#5915);
#1552=VERTEX_POINT('',#5917);
#1553=VERTEX_POINT('',#5945);
#1554=VERTEX_POINT('',#5947);
#1555=VERTEX_POINT('',#5960);
#1556=VERTEX_POINT('',#5961);
#1557=VERTEX_POINT('',#5966);
#1558=VERTEX_POINT('',#5968);
#1559=VERTEX_POINT('',#5970);
#1560=VERTEX_POINT('',#5998);
#1561=VERTEX_POINT('',#6095);
#1562=VERTEX_POINT('',#6097);
#1563=VERTEX_POINT('',#6120);
#1564=VERTEX_POINT('',#6207);
#1565=VERTEX_POINT('',#6209);
#1566=VERTEX_POINT('',#6229);
#1567=VERTEX_POINT('',#6310);
#1568=VERTEX_POINT('',#6312);
#1569=VERTEX_POINT('',#6331);
#1570=VERTEX_POINT('',#6400);
#1571=VERTEX_POINT('',#6402);
#1572=VERTEX_POINT('',#6419);
#1573=VERTEX_POINT('',#6494);
#1574=VERTEX_POINT('',#6496);
#1575=VERTEX_POINT('',#6514);
#1576=VERTEX_POINT('',#6541);
#1577=VERTEX_POINT('',#6546);
#1578=VERTEX_POINT('',#6707);
#1579=VERTEX_POINT('',#6709);
#1580=VERTEX_POINT('',#6713);
#1581=VERTEX_POINT('',#6714);
#1582=VERTEX_POINT('',#6716);
#1583=VERTEX_POINT('',#6718);
#1584=VERTEX_POINT('',#6722);
#1585=VERTEX_POINT('',#6724);
#1586=VERTEX_POINT('',#6728);
#1587=VERTEX_POINT('',#6730);
#1588=VERTEX_POINT('',#6737);
#1589=VERTEX_POINT('',#6739);
#1590=VERTEX_POINT('',#6743);
#1591=VERTEX_POINT('',#6745);
#1592=VERTEX_POINT('',#6747);
#1593=VERTEX_POINT('',#6751);
#1594=VERTEX_POINT('',#6752);
#1595=VERTEX_POINT('',#6755);
#1596=VERTEX_POINT('',#6757);
#1597=VERTEX_POINT('',#6760);
#1598=VERTEX_POINT('',#6762);
#1599=VERTEX_POINT('',#6764);
#1600=VERTEX_POINT('',#6766);
#1601=VERTEX_POINT('',#6768);
#1602=VERTEX_POINT('',#6770);
#1603=VERTEX_POINT('',#6772);
#1604=VERTEX_POINT('',#6774);
#1605=VERTEX_POINT('',#6777);
#1606=VERTEX_POINT('',#6778);
#1607=VERTEX_POINT('',#6780);
#1608=VERTEX_POINT('',#6782);
#1609=VERTEX_POINT('',#6785);
#1610=VERTEX_POINT('',#6787);
#1611=VERTEX_POINT('',#6789);
#1612=VERTEX_POINT('',#6792);
#1613=VERTEX_POINT('',#6794);
#1614=VERTEX_POINT('',#6798);
#1615=VERTEX_POINT('',#6802);
#1616=VERTEX_POINT('',#6808);
#1617=VERTEX_POINT('',#6810);
#1618=VERTEX_POINT('',#6814);
#1619=VERTEX_POINT('',#6816);
#1620=VERTEX_POINT('',#6818);
#1621=VERTEX_POINT('',#6822);
#1622=VERTEX_POINT('',#6823);
#1623=VERTEX_POINT('',#6826);
#1624=VERTEX_POINT('',#6830);
#1625=VERTEX_POINT('',#6834);
#1626=VERTEX_POINT('',#6835);
#1627=VERTEX_POINT('',#6840);
#1628=VERTEX_POINT('',#6842);
#1629=VERTEX_POINT('',#6846);
#1630=VERTEX_POINT('',#6847);
#1631=VERTEX_POINT('',#6850);
#1632=VERTEX_POINT('',#6854);
#1633=VERTEX_POINT('',#6907);
#1634=VERTEX_POINT('',#6911);
#1635=VERTEX_POINT('',#6915);
#1636=VERTEX_POINT('',#6917);
#1637=VERTEX_POINT('',#6921);
#1638=VERTEX_POINT('',#6923);
#1639=VERTEX_POINT('',#6925);
#1640=VERTEX_POINT('',#6927);
#1641=VERTEX_POINT('',#6931);
#1642=VERTEX_POINT('',#6932);
#1643=VERTEX_POINT('',#6934);
#1644=VERTEX_POINT('',#6936);
#1645=VERTEX_POINT('',#6939);
#1646=VERTEX_POINT('',#6940);
#1647=VERTEX_POINT('',#6942);
#1648=VERTEX_POINT('',#6944);
#1649=VERTEX_POINT('',#6948);
#1650=VERTEX_POINT('',#6952);
#1651=VERTEX_POINT('',#6955);
#1652=VERTEX_POINT('',#6957);
#1653=VERTEX_POINT('',#6959);
#1654=VERTEX_POINT('',#7012);
#1655=VERTEX_POINT('',#7016);
#1656=VERTEX_POINT('',#7069);
#1657=VERTEX_POINT('',#7073);
#1658=VERTEX_POINT('',#7126);
#1659=VERTEX_POINT('',#7130);
#1660=VERTEX_POINT('',#7183);
#1661=VERTEX_POINT('',#7187);
#1662=VERTEX_POINT('',#7240);
#1663=VERTEX_POINT('',#7244);
#1664=VERTEX_POINT('',#7248);
#1665=VERTEX_POINT('',#7250);
#1666=VERTEX_POINT('',#7255);
#1667=VERTEX_POINT('',#7257);
#1668=VERTEX_POINT('',#7259);
#1669=VERTEX_POINT('',#7261);
#1670=VERTEX_POINT('',#7263);
#1671=VERTEX_POINT('',#7265);
#1672=VERTEX_POINT('',#7268);
#1673=VERTEX_POINT('',#7270);
#1674=VERTEX_POINT('',#7272);
#1675=VERTEX_POINT('',#7274);
#1676=VERTEX_POINT('',#7277);
#1677=VERTEX_POINT('',#7281);
#1678=VERTEX_POINT('',#7285);
#1679=VERTEX_POINT('',#7289);
#1680=VERTEX_POINT('',#7293);
#1681=VERTEX_POINT('',#7297);
#1682=VERTEX_POINT('',#7301);
#1683=VERTEX_POINT('',#7311);
#1684=VERTEX_POINT('',#7315);
#1685=VERTEX_POINT('',#7332);
#1686=VERTEX_POINT('',#7338);
#1687=VERTEX_POINT('',#7340);
#1688=VERTEX_POINT('',#7342);
#1689=VERTEX_POINT('',#7347);
#1690=VERTEX_POINT('',#7349);
#1691=VERTEX_POINT('',#7351);
#1692=VERTEX_POINT('',#7353);
#1693=VERTEX_POINT('',#7355);
#1694=VERTEX_POINT('',#7357);
#1695=VERTEX_POINT('',#7360);
#1696=VERTEX_POINT('',#7362);
#1697=VERTEX_POINT('',#7364);
#1698=VERTEX_POINT('',#7366);
#1699=VERTEX_POINT('',#7369);
#1700=VERTEX_POINT('',#7373);
#1701=VERTEX_POINT('',#7375);
#1702=VERTEX_POINT('',#7379);
#1703=VERTEX_POINT('',#7383);
#1704=VERTEX_POINT('',#7385);
#1705=VERTEX_POINT('',#7389);
#1706=VERTEX_POINT('',#7393);
#1707=VERTEX_POINT('',#7395);
#1708=VERTEX_POINT('',#7399);
#1709=VERTEX_POINT('',#7409);
#1710=VERTEX_POINT('',#7414);
#1711=VERTEX_POINT('',#7418);
#1712=VERTEX_POINT('',#7434);
#1713=VERTEX_POINT('',#7436);
#1714=VERTEX_POINT('',#7438);
#1715=VERTEX_POINT('',#7440);
#1716=VERTEX_POINT('',#7443);
#1717=VERTEX_POINT('',#7445);
#1718=VERTEX_POINT('',#7446);
#1719=VERTEX_POINT('',#7448);
#1720=VERTEX_POINT('',#7451);
#1721=VERTEX_POINT('',#7452);
#1722=VERTEX_POINT('',#7454);
#1723=VERTEX_POINT('',#7457);
#1724=VERTEX_POINT('',#7458);
#1725=VERTEX_POINT('',#7460);
#1726=VERTEX_POINT('',#7464);
#1727=VERTEX_POINT('',#7465);
#1728=VERTEX_POINT('',#7467);
#1729=VERTEX_POINT('',#7469);
#1730=VERTEX_POINT('',#7473);
#1731=VERTEX_POINT('',#7475);
#1732=VERTEX_POINT('',#7479);
#1733=VERTEX_POINT('',#7481);
#1734=VERTEX_POINT('',#7484);
#1735=VERTEX_POINT('',#7488);
#1736=VERTEX_POINT('',#7490);
#1737=VERTEX_POINT('',#7492);
#1738=VERTEX_POINT('',#7494);
#1739=VERTEX_POINT('',#7498);
#1740=VERTEX_POINT('',#7502);
#1741=VERTEX_POINT('',#7506);
#1742=VERTEX_POINT('',#7510);
#1743=VERTEX_POINT('',#7517);
#1744=VERTEX_POINT('',#7519);
#1745=VERTEX_POINT('',#7521);
#1746=VERTEX_POINT('',#7523);
#1747=VERTEX_POINT('',#7527);
#1748=VERTEX_POINT('',#7531);
#1749=VERTEX_POINT('',#7535);
#1750=VERTEX_POINT('',#7539);
#1751=VERTEX_POINT('',#7546);
#1752=VERTEX_POINT('',#7567);
#1753=VERTEX_POINT('',#7569);
#1754=VERTEX_POINT('',#7591);
#1755=VERTEX_POINT('',#7593);
#1756=VERTEX_POINT('',#7595);
#1757=VERTEX_POINT('',#7598);
#1758=VERTEX_POINT('',#7600);
#1759=VERTEX_POINT('',#7603);
#1760=VERTEX_POINT('',#7605);
#1761=VERTEX_POINT('',#7607);
#1762=VERTEX_POINT('',#7609);
#1763=VERTEX_POINT('',#7613);
#1764=VERTEX_POINT('',#7617);
#1765=VERTEX_POINT('',#7618);
#1766=VERTEX_POINT('',#7623);
#1767=VERTEX_POINT('',#7632);
#1768=VERTEX_POINT('',#7633);
#1769=VERTEX_POINT('',#7638);
#1770=VERTEX_POINT('',#7640);
#1771=VERTEX_POINT('',#7644);
#1772=VERTEX_POINT('',#7646);
#1773=VERTEX_POINT('',#7650);
#1774=VERTEX_POINT('',#7659);
#1775=VERTEX_POINT('',#7662);
#1776=VERTEX_POINT('',#7665);
#1777=VERTEX_POINT('',#7672);
#1778=VERTEX_POINT('',#7678);
#1779=VERTEX_POINT('',#7680);
#1780=VERTEX_POINT('',#7682);
#1781=VERTEX_POINT('',#7684);
#1782=VERTEX_POINT('',#7686);
#1783=VERTEX_POINT('',#7688);
#1784=VERTEX_POINT('',#7690);
#1785=VERTEX_POINT('',#7692);
#1786=VERTEX_POINT('',#7694);
#1787=VERTEX_POINT('',#7696);
#1788=VERTEX_POINT('',#7698);
#1789=VERTEX_POINT('',#7700);
#1790=VERTEX_POINT('',#7708);
#1791=VERTEX_POINT('',#7710);
#1792=VERTEX_POINT('',#7714);
#1793=VERTEX_POINT('',#7716);
#1794=VERTEX_POINT('',#7720);
#1795=VERTEX_POINT('',#7722);
#1796=VERTEX_POINT('',#7724);
#1797=VERTEX_POINT('',#7726);
#1798=VERTEX_POINT('',#7730);
#1799=VERTEX_POINT('',#7735);
#1800=VERTEX_POINT('',#7738);
#1801=VERTEX_POINT('',#7742);
#1802=VERTEX_POINT('',#7744);
#1803=VERTEX_POINT('',#7749);
#1804=VERTEX_POINT('',#7751);
#1805=VERTEX_POINT('',#7755);
#1806=VERTEX_POINT('',#7759);
#1807=VERTEX_POINT('',#7762);
#1808=VERTEX_POINT('',#7766);
#1809=VERTEX_POINT('',#7769);
#1810=VERTEX_POINT('',#7773);
#1811=VERTEX_POINT('',#7777);
#1812=VERTEX_POINT('',#7778);
#1813=VERTEX_POINT('',#7782);
#1814=VERTEX_POINT('',#7784);
#1815=VERTEX_POINT('',#7786);
#1816=VERTEX_POINT('',#7788);
#1817=VERTEX_POINT('',#7790);
#1818=VERTEX_POINT('',#7792);
#1819=VERTEX_POINT('',#7795);
#1820=VERTEX_POINT('',#7796);
#1821=VERTEX_POINT('',#7798);
#1822=VERTEX_POINT('',#7839);
#1823=VERTEX_POINT('',#7841);
#1824=VERTEX_POINT('',#7843);
#1825=VERTEX_POINT('',#7854);
#1826=VERTEX_POINT('',#7856);
#1827=VERTEX_POINT('',#7858);
#1828=EDGE_CURVE('',#1501,#1502,#1452,.T.);
#1829=EDGE_CURVE('',#1502,#1503,#1453,.T.);
#1830=EDGE_CURVE('',#1503,#1504,#1348,.T.);
#1831=EDGE_CURVE('',#1504,#1501,#1454,.T.);
#1832=EDGE_CURVE('',#1505,#1506,#1349,.T.);
#1833=EDGE_CURVE('',#1506,#1504,#1455,.T.);
#1834=EDGE_CURVE('',#1503,#1505,#1456,.T.);
#1835=EDGE_CURVE('',#1507,#1508,#1457,.T.);
#1836=EDGE_CURVE('',#1508,#1506,#1458,.T.);
#1837=EDGE_CURVE('',#1505,#1507,#1459,.T.);
#1838=EDGE_CURVE('',#1505,#1509,#1460,.T.);
#1839=EDGE_CURVE('',#1509,#1510,#1350,.T.);
#1840=EDGE_CURVE('',#1510,#1507,#1461,.T.);
#1841=EDGE_CURVE('',#1511,#1503,#1462,.T.);
#1842=EDGE_CURVE('',#1512,#1511,#1463,.T.);
#1843=EDGE_CURVE('',#1513,#1512,#1464,.T.);
#1844=EDGE_CURVE('',#1509,#1513,#1465,.T.);
#1845=EDGE_CURVE('',#1514,#1514,#1466,.T.);
#1846=EDGE_CURVE('',#1515,#1515,#1467,.T.);
#1847=EDGE_CURVE('',#1516,#1516,#1468,.T.);
#1848=EDGE_CURVE('',#1517,#1517,#1469,.T.);
#1849=EDGE_CURVE('',#1518,#1518,#1470,.T.);
#1850=EDGE_CURVE('',#1502,#1519,#1471,.T.);
#1851=EDGE_CURVE('',#1519,#1511,#1351,.T.);
#1852=EDGE_CURVE('',#1520,#1521,#1472,.F.);
#1853=EDGE_CURVE('',#1521,#1511,#1473,.T.);
#1854=EDGE_CURVE('',#1519,#1520,#1474,.T.);
#1855=EDGE_CURVE('',#1522,#1501,#151,.T.);
#1856=EDGE_CURVE('',#1522,#1523,#152,.T.);
#1857=EDGE_CURVE('',#1524,#1523,#153,.T.);
#1858=EDGE_CURVE('',#1524,#1520,#154,.T.);
#1859=EDGE_CURVE('',#1525,#1526,#1475,.F.);
#1860=EDGE_CURVE('',#1526,#1510,#1476,.T.);
#1861=EDGE_CURVE('',#1509,#1525,#1477,.T.);
#1862=EDGE_CURVE('',#1525,#1527,#1478,.T.);
#1863=EDGE_CURVE('',#1513,#1528,#1479,.T.);
#1864=EDGE_CURVE('',#1528,#1527,#1480,.T.);
#1865=EDGE_CURVE('',#1529,#1530,#1352,.T.);
#1866=EDGE_CURVE('',#1530,#1531,#91,.T.);
#1867=EDGE_CURVE('',#1531,#1532,#1481,.T.);
#1868=EDGE_CURVE('',#1532,#1529,#92,.T.);
#1869=EDGE_CURVE('',#1533,#1534,#93,.F.);
#1870=EDGE_CURVE('',#1533,#1530,#155,.T.);
#1871=EDGE_CURVE('',#1529,#1535,#156,.T.);
#1872=EDGE_CURVE('',#1534,#1535,#94,.F.);
#1873=EDGE_CURVE('',#1532,#1536,#157,.T.);
#1874=EDGE_CURVE('',#1537,#1536,#95,.T.);
#1875=EDGE_CURVE('',#1538,#1537,#158,.T.);
#1876=EDGE_CURVE('',#1539,#1538,#159,.T.);
#1877=EDGE_CURVE('',#1539,#1540,#160,.T.);
#1878=EDGE_CURVE('',#1535,#1540,#161,.T.);
#1879=EDGE_CURVE('',#1541,#1542,#96,.T.);
#1880=EDGE_CURVE('',#1542,#1543,#162,.T.);
#1881=EDGE_CURVE('',#1543,#1544,#1353,.T.);
#1882=EDGE_CURVE('',#1544,#1545,#163,.T.);
#1883=EDGE_CURVE('',#1545,#1541,#97,.T.);
#1884=EDGE_CURVE('',#1546,#1547,#1482,.T.);
#1885=EDGE_CURVE('',#1547,#1544,#98,.T.);
#1886=EDGE_CURVE('',#1543,#1546,#99,.T.);
#1887=EDGE_CURVE('',#1548,#1542,#164,.T.);
#1888=EDGE_CURVE('',#1548,#1549,#165,.T.);
#1889=EDGE_CURVE('',#1550,#1549,#166,.T.);
#1890=EDGE_CURVE('',#1551,#1550,#167,.T.);
#1891=EDGE_CURVE('',#1552,#1551,#100,.T.);
#1892=EDGE_CURVE('',#1552,#1546,#168,.T.);
#1893=EDGE_CURVE('',#1551,#1553,#1354,.T.);
#1894=EDGE_CURVE('',#1553,#1554,#101,.T.);
#1895=EDGE_CURVE('',#1554,#1552,#1483,.T.);
#1896=EDGE_CURVE('',#1555,#1556,#102,.F.);
#1897=EDGE_CURVE('',#1555,#1553,#169,.T.);
#1898=EDGE_CURVE('',#1556,#1550,#103,.F.);
#1899=EDGE_CURVE('',#1557,#1538,#104,.T.);
#1900=EDGE_CURVE('',#1537,#1558,#1355,.T.);
#1901=EDGE_CURVE('',#1558,#1559,#170,.T.);
#1902=EDGE_CURVE('',#1559,#1557,#105,.T.);
#1903=EDGE_CURVE('',#1536,#1560,#1484,.T.);
#1904=EDGE_CURVE('',#1560,#1558,#106,.T.);
#1905=EDGE_CURVE('',#1518,#1561,#1356,.T.);
#1906=EDGE_CURVE('',#1561,#1562,#1485,.T.);
#1907=EDGE_CURVE('',#1562,#1561,#1486,.T.);
#1908=EDGE_CURVE('',#1562,#1563,#171,.T.);
#1909=EDGE_CURVE('',#1563,#1563,#1357,.T.);
#1910=EDGE_CURVE('',#1514,#1564,#1358,.T.);
#1911=EDGE_CURVE('',#1564,#1565,#1487,.T.);
#1912=EDGE_CURVE('',#1565,#1564,#1488,.T.);
#1913=EDGE_CURVE('',#1565,#1566,#172,.T.);
#1914=EDGE_CURVE('',#1566,#1566,#1359,.T.);
#1915=EDGE_CURVE('',#1517,#1567,#1360,.T.);
#1916=EDGE_CURVE('',#1567,#1568,#1489,.T.);
#1917=EDGE_CURVE('',#1568,#1567,#1490,.T.);
#1918=EDGE_CURVE('',#1568,#1569,#173,.T.);
#1919=EDGE_CURVE('',#1569,#1569,#1361,.T.);
#1920=EDGE_CURVE('',#1515,#1570,#1362,.T.);
#1921=EDGE_CURVE('',#1570,#1571,#1491,.T.);
#1922=EDGE_CURVE('',#1571,#1570,#1492,.T.);
#1923=EDGE_CURVE('',#1571,#1572,#174,.T.);
#1924=EDGE_CURVE('',#1572,#1572,#1363,.T.);
#1925=EDGE_CURVE('',#1516,#1573,#1364,.T.);
#1926=EDGE_CURVE('',#1573,#1574,#1493,.T.);
#1927=EDGE_CURVE('',#1574,#1573,#1494,.T.);
#1928=EDGE_CURVE('',#1574,#1575,#175,.T.);
#1929=EDGE_CURVE('',#1575,#1575,#1365,.T.);
#1930=EDGE_CURVE('',#1576,#1521,#1495,.T.);
#1931=EDGE_CURVE('',#1577,#1576,#1496,.F.);
#1932=EDGE_CURVE('',#1577,#1512,#1497,.T.);
#1933=EDGE_CURVE('',#1512,#1513,#1498,.T.);
#1934=EDGE_CURVE('',#1578,#1577,#176,.T.);
#1935=EDGE_CURVE('',#1579,#1578,#1366,.T.);
#1936=EDGE_CURVE('',#1579,#1528,#177,.T.);
#1937=EDGE_CURVE('',#1580,#1581,#178,.T.);
#1938=EDGE_CURVE('',#1581,#1582,#107,.T.);
#1939=EDGE_CURVE('',#1582,#1583,#179,.T.);
#1940=EDGE_CURVE('',#1583,#1580,#108,.T.);
#1941=EDGE_CURVE('',#1584,#1582,#180,.T.);
#1942=EDGE_CURVE('',#1581,#1585,#181,.T.);
#1943=EDGE_CURVE('',#1585,#1584,#109,.T.);
#1944=EDGE_CURVE('',#1586,#1580,#182,.T.);
#1945=EDGE_CURVE('',#1583,#1587,#183,.T.);
#1946=EDGE_CURVE('',#1587,#1586,#110,.T.);
#1947=EDGE_CURVE('',#1585,#1586,#184,.T.);
#1948=EDGE_CURVE('',#1587,#1584,#185,.T.);
#1949=EDGE_CURVE('',#1583,#1588,#186,.T.);
#1950=EDGE_CURVE('',#1588,#1589,#187,.T.);
#1951=EDGE_CURVE('',#1587,#1589,#188,.T.);
#1952=EDGE_CURVE('',#1582,#1590,#189,.T.);
#1953=EDGE_CURVE('',#1590,#1591,#190,.T.);
#1954=EDGE_CURVE('',#1592,#1591,#191,.T.);
#1955=EDGE_CURVE('',#1588,#1592,#192,.T.);
#1956=EDGE_CURVE('',#1593,#1594,#111,.T.);
#1957=EDGE_CURVE('',#1594,#1593,#112,.T.);
#1958=EDGE_CURVE('',#1595,#1594,#113,.T.);
#1959=EDGE_CURVE('',#1596,#1595,#114,.T.);
#1960=EDGE_CURVE('',#1595,#1596,#115,.T.);
#1961=EDGE_CURVE('',#1597,#1595,#116,.T.);
#1962=EDGE_CURVE('',#1598,#1597,#193,.T.);
#1963=EDGE_CURVE('',#1599,#1598,#194,.T.);
#1964=EDGE_CURVE('',#1600,#1599,#195,.T.);
#1965=EDGE_CURVE('',#1601,#1600,#196,.T.);
#1966=EDGE_CURVE('',#1602,#1601,#197,.T.);
#1967=EDGE_CURVE('',#1603,#1602,#198,.T.);
#1968=EDGE_CURVE('',#1604,#1603,#199,.T.);
#1969=EDGE_CURVE('',#1594,#1604,#117,.T.);
#1970=EDGE_CURVE('',#1605,#1606,#200,.T.);
#1971=EDGE_CURVE('',#1607,#1605,#201,.T.);
#1972=EDGE_CURVE('',#1608,#1607,#202,.T.);
#1973=EDGE_CURVE('',#1606,#1608,#203,.T.);
#1974=EDGE_CURVE('',#1609,#1609,#118,.T.);
#1975=EDGE_CURVE('',#1610,#1610,#119,.T.);
#1976=EDGE_CURVE('',#1611,#1611,#120,.T.);
#1977=EDGE_CURVE('',#1606,#1612,#121,.T.);
#1978=EDGE_CURVE('',#1612,#1613,#204,.T.);
#1979=EDGE_CURVE('',#1613,#1605,#122,.T.);
#1980=EDGE_CURVE('',#1614,#1612,#205,.T.);
#1981=EDGE_CURVE('',#1608,#1614,#123,.T.);
#1982=EDGE_CURVE('',#1613,#1615,#206,.T.);
#1983=EDGE_CURVE('',#1615,#1607,#124,.T.);
#1984=EDGE_CURVE('',#1615,#1614,#207,.T.);
#1985=EDGE_CURVE('',#1613,#1616,#208,.T.);
#1986=EDGE_CURVE('',#1616,#1617,#209,.T.);
#1987=EDGE_CURVE('',#1615,#1617,#210,.T.);
#1988=EDGE_CURVE('',#1612,#1618,#211,.T.);
#1989=EDGE_CURVE('',#1619,#1618,#212,.T.);
#1990=EDGE_CURVE('',#1619,#1620,#213,.T.);
#1991=EDGE_CURVE('',#1620,#1616,#214,.T.);
#1992=EDGE_CURVE('',#1621,#1622,#215,.T.);
#1993=EDGE_CURVE('',#1622,#1604,#1367,.T.);
#1994=EDGE_CURVE('',#1603,#1623,#125,.T.);
#1995=EDGE_CURVE('',#1623,#1621,#126,.T.);
#1996=EDGE_CURVE('',#1602,#1624,#127,.T.);
#1997=EDGE_CURVE('',#1624,#1623,#216,.T.);
#1998=EDGE_CURVE('',#1625,#1626,#217,.T.);
#1999=EDGE_CURVE('',#1626,#1601,#128,.T.);
#2000=EDGE_CURVE('',#1600,#1625,#129,.T.);
#2001=EDGE_CURVE('',#1626,#1627,#130,.T.);
#2002=EDGE_CURVE('',#1627,#1628,#218,.T.);
#2003=EDGE_CURVE('',#1628,#1624,#131,.T.);
#2004=EDGE_CURVE('',#1629,#1630,#219,.T.);
#2005=EDGE_CURVE('',#1630,#1625,#132,.T.);
#2006=EDGE_CURVE('',#1599,#1631,#133,.T.);
#2007=EDGE_CURVE('',#1631,#1629,#134,.T.);
#2008=EDGE_CURVE('',#1632,#1631,#220,.T.);
#2009=EDGE_CURVE('',#1598,#1632,#135,.T.);
#2010=EDGE_CURVE('',#1633,#1597,#1368,.T.);
#2011=EDGE_CURVE('',#1622,#1633,#136,.T.);
#2012=EDGE_CURVE('',#1633,#1634,#221,.T.);
#2013=EDGE_CURVE('',#1634,#1632,#137,.T.);
#2014=EDGE_CURVE('',#1628,#1635,#222,.T.);
#2015=EDGE_CURVE('',#1636,#1635,#223,.T.);
#2016=EDGE_CURVE('',#1636,#1621,#224,.T.);
#2017=EDGE_CURVE('',#1637,#1627,#225,.T.);
#2018=EDGE_CURVE('',#1637,#1638,#226,.T.);
#2019=EDGE_CURVE('',#1639,#1638,#227,.T.);
#2020=EDGE_CURVE('',#1640,#1639,#228,.T.);
#2021=EDGE_CURVE('',#1547,#1640,#229,.T.);
#2022=EDGE_CURVE('',#1635,#1554,#230,.T.);
#2023=EDGE_CURVE('',#1641,#1642,#231,.T.);
#2024=EDGE_CURVE('',#1642,#1643,#232,.T.);
#2025=EDGE_CURVE('',#1643,#1644,#233,.T.);
#2026=EDGE_CURVE('',#1644,#1641,#234,.T.);
#2027=EDGE_CURVE('',#1645,#1646,#235,.T.);
#2028=EDGE_CURVE('',#1646,#1647,#236,.T.);
#2029=EDGE_CURVE('',#1647,#1648,#237,.T.);
#2030=EDGE_CURVE('',#1648,#1645,#238,.T.);
#2031=EDGE_CURVE('',#1630,#1649,#239,.T.);
#2032=EDGE_CURVE('',#1649,#1637,#240,.T.);
#2033=EDGE_CURVE('',#1650,#1629,#241,.T.);
#2034=EDGE_CURVE('',#1560,#1650,#242,.T.);
#2035=EDGE_CURVE('',#1651,#1531,#243,.T.);
#2036=EDGE_CURVE('',#1652,#1651,#244,.T.);
#2037=EDGE_CURVE('',#1653,#1652,#245,.F.);
#2038=EDGE_CURVE('',#1653,#1649,#246,.T.);
#2039=EDGE_CURVE('',#1593,#1654,#1369,.T.);
#2040=EDGE_CURVE('',#1654,#1654,#138,.T.);
#2041=EDGE_CURVE('',#1654,#1655,#247,.T.);
#2042=EDGE_CURVE('',#1655,#1655,#1370,.T.);
#2043=EDGE_CURVE('',#1611,#1656,#1371,.T.);
#2044=EDGE_CURVE('',#1656,#1656,#139,.T.);
#2045=EDGE_CURVE('',#1656,#1657,#248,.T.);
#2046=EDGE_CURVE('',#1657,#1657,#1372,.T.);
#2047=EDGE_CURVE('',#1596,#1658,#1373,.T.);
#2048=EDGE_CURVE('',#1658,#1658,#140,.T.);
#2049=EDGE_CURVE('',#1658,#1659,#249,.T.);
#2050=EDGE_CURVE('',#1659,#1659,#1374,.T.);
#2051=EDGE_CURVE('',#1610,#1660,#1375,.T.);
#2052=EDGE_CURVE('',#1660,#1660,#141,.T.);
#2053=EDGE_CURVE('',#1660,#1661,#250,.T.);
#2054=EDGE_CURVE('',#1661,#1661,#1376,.T.);
#2055=EDGE_CURVE('',#1609,#1662,#1377,.T.);
#2056=EDGE_CURVE('',#1662,#1662,#142,.T.);
#2057=EDGE_CURVE('',#1662,#1663,#251,.T.);
#2058=EDGE_CURVE('',#1663,#1663,#1378,.T.);
#2059=EDGE_CURVE('',#1664,#1664,#1379,.T.);
#2060=EDGE_CURVE('',#1664,#1665,#1380,.T.);
#2061=EDGE_CURVE('',#1665,#1665,#1381,.T.);
#2062=EDGE_CURVE('',#1533,#1545,#252,.T.);
#2063=EDGE_CURVE('',#1666,#1544,#253,.T.);
#2064=EDGE_CURVE('',#1667,#1666,#254,.T.);
#2065=EDGE_CURVE('',#1668,#1667,#255,.T.);
#2066=EDGE_CURVE('',#1669,#1668,#1382,.T.);
#2067=EDGE_CURVE('',#1670,#1669,#256,.T.);
#2068=EDGE_CURVE('',#1671,#1670,#257,.T.);
#2069=EDGE_CURVE('',#1530,#1671,#258,.T.);
#2070=EDGE_CURVE('',#1672,#1672,#1383,.T.);
#2071=EDGE_CURVE('',#1673,#1673,#1384,.T.);
#2072=EDGE_CURVE('',#1674,#1674,#1385,.T.);
#2073=EDGE_CURVE('',#1675,#1675,#1386,.T.);
#2074=EDGE_CURVE('',#1676,#1676,#1387,.T.);
#2075=EDGE_CURVE('',#1676,#1665,#259,.T.);
#2076=EDGE_CURVE('',#1672,#1677,#1388,.T.);
#2077=EDGE_CURVE('',#1677,#1677,#1389,.T.);
#2078=EDGE_CURVE('',#1678,#1678,#1390,.T.);
#2079=EDGE_CURVE('',#1678,#1677,#260,.T.);
#2080=EDGE_CURVE('',#1675,#1679,#1391,.T.);
#2081=EDGE_CURVE('',#1679,#1679,#1392,.T.);
#2082=EDGE_CURVE('',#1680,#1680,#1393,.T.);
#2083=EDGE_CURVE('',#1680,#1679,#261,.T.);
#2084=EDGE_CURVE('',#1673,#1681,#1394,.T.);
#2085=EDGE_CURVE('',#1681,#1681,#1395,.T.);
#2086=EDGE_CURVE('',#1682,#1682,#1396,.T.);
#2087=EDGE_CURVE('',#1682,#1681,#262,.T.);
#2088=EDGE_CURVE('',#1563,#1674,#1397,.T.);
#2089=EDGE_CURVE('',#1534,#1541,#263,.T.);
#2090=EDGE_CURVE('',#1671,#1651,#143,.T.);
#2091=EDGE_CURVE('',#1670,#1683,#144,.T.);
#2092=EDGE_CURVE('',#1683,#1651,#264,.T.);
#2093=EDGE_CURVE('',#1684,#1579,#265,.T.);
#2094=EDGE_CURVE('',#1579,#1668,#1398,.T.);
#2095=EDGE_CURVE('',#1667,#1684,#145,.T.);
#2096=EDGE_CURVE('',#1640,#1666,#146,.T.);
#2097=EDGE_CURVE('',#1640,#1684,#266,.T.);
#2098=EDGE_CURVE('',#1578,#1669,#1399,.T.);
#2099=EDGE_CURVE('',#1578,#1683,#267,.T.);
#2100=EDGE_CURVE('',#1683,#1524,#268,.T.);
#2101=EDGE_CURVE('',#1524,#1652,#269,.T.);
#2102=EDGE_CURVE('',#1685,#1684,#270,.T.);
#2103=EDGE_CURVE('',#1526,#1685,#271,.F.);
#2104=EDGE_CURVE('',#1639,#1685,#272,.T.);
#2105=EDGE_CURVE('',#1686,#1686,#1400,.T.);
#2106=EDGE_CURVE('',#1686,#1687,#1401,.T.);
#2107=EDGE_CURVE('',#1687,#1688,#1402,.T.);
#2108=EDGE_CURVE('',#1688,#1687,#1403,.T.);
#2109=EDGE_CURVE('',#1555,#1559,#273,.T.);
#2110=EDGE_CURVE('',#1689,#1558,#274,.T.);
#2111=EDGE_CURVE('',#1690,#1689,#275,.T.);
#2112=EDGE_CURVE('',#1691,#1690,#276,.T.);
#2113=EDGE_CURVE('',#1692,#1691,#1404,.T.);
#2114=EDGE_CURVE('',#1693,#1692,#277,.T.);
#2115=EDGE_CURVE('',#1694,#1693,#278,.T.);
#2116=EDGE_CURVE('',#1553,#1694,#279,.T.);
#2117=EDGE_CURVE('',#1695,#1695,#1405,.T.);
#2118=EDGE_CURVE('',#1696,#1696,#1406,.T.);
#2119=EDGE_CURVE('',#1697,#1697,#1407,.T.);
#2120=EDGE_CURVE('',#1698,#1698,#1408,.T.);
#2121=EDGE_CURVE('',#1688,#1699,#280,.T.);
#2122=EDGE_CURVE('',#1699,#1699,#1409,.T.);
#2123=EDGE_CURVE('',#1695,#1700,#1410,.T.);
#2124=EDGE_CURVE('',#1700,#1701,#1411,.T.);
#2125=EDGE_CURVE('',#1701,#1700,#1412,.T.);
#2126=EDGE_CURVE('',#1701,#1702,#281,.T.);
#2127=EDGE_CURVE('',#1702,#1702,#1413,.T.);
#2128=EDGE_CURVE('',#1698,#1703,#1414,.T.);
#2129=EDGE_CURVE('',#1703,#1704,#1415,.T.);
#2130=EDGE_CURVE('',#1704,#1703,#1416,.T.);
#2131=EDGE_CURVE('',#1704,#1705,#282,.T.);
#2132=EDGE_CURVE('',#1705,#1705,#1417,.T.);
#2133=EDGE_CURVE('',#1696,#1706,#1418,.T.);
#2134=EDGE_CURVE('',#1706,#1707,#1419,.T.);
#2135=EDGE_CURVE('',#1707,#1706,#1420,.T.);
#2136=EDGE_CURVE('',#1707,#1708,#283,.T.);
#2137=EDGE_CURVE('',#1708,#1708,#1421,.T.);
#2138=EDGE_CURVE('',#1663,#1697,#1422,.T.);
#2139=EDGE_CURVE('',#1556,#1557,#284,.T.);
#2140=EDGE_CURVE('',#1694,#1635,#147,.T.);
#2141=EDGE_CURVE('',#1692,#1709,#1423,.T.);
#2142=EDGE_CURVE('',#1709,#1636,#285,.T.);
#2143=EDGE_CURVE('',#1636,#1693,#148,.T.);
#2144=EDGE_CURVE('',#1691,#1710,#1424,.T.);
#2145=EDGE_CURVE('',#1710,#1709,#1425,.T.);
#2146=EDGE_CURVE('',#1711,#1710,#286,.T.);
#2147=EDGE_CURVE('',#1690,#1711,#149,.T.);
#2148=EDGE_CURVE('',#1650,#1689,#150,.T.);
#2149=EDGE_CURVE('',#1650,#1711,#287,.T.);
#2150=EDGE_CURVE('',#1709,#1622,#288,.T.);
#2151=EDGE_CURVE('',#1710,#1633,#289,.T.);
#2152=EDGE_CURVE('',#1634,#1711,#290,.T.);
#2153=EDGE_CURVE('',#1712,#1653,#291,.T.);
#2154=EDGE_CURVE('',#1712,#1713,#292,.T.);
#2155=EDGE_CURVE('',#1713,#1714,#293,.T.);
#2156=EDGE_CURVE('',#1714,#1715,#294,.T.);
#2157=EDGE_CURVE('',#1638,#1715,#295,.T.);
#2158=EDGE_CURVE('',#1716,#1716,#1426,.T.);
#2159=EDGE_CURVE('',#1717,#1718,#296,.T.);
#2160=EDGE_CURVE('',#1718,#1719,#297,.T.);
#2161=EDGE_CURVE('',#1719,#1717,#298,.T.);
#2162=EDGE_CURVE('',#1720,#1721,#1427,.T.);
#2163=EDGE_CURVE('',#1721,#1722,#299,.T.);
#2164=EDGE_CURVE('',#1722,#1720,#300,.T.);
#2165=EDGE_CURVE('',#1723,#1724,#1428,.T.);
#2166=EDGE_CURVE('',#1724,#1725,#301,.T.);
#2167=EDGE_CURVE('',#1725,#1723,#302,.T.);
#2168=EDGE_CURVE('',#1726,#1727,#303,.T.);
#2169=EDGE_CURVE('',#1728,#1727,#304,.T.);
#2170=EDGE_CURVE('',#1729,#1728,#305,.T.);
#2171=EDGE_CURVE('',#1726,#1729,#306,.T.);
#2172=EDGE_CURVE('',#1715,#1730,#307,.T.);
#2173=EDGE_CURVE('',#1731,#1714,#308,.T.);
#2174=EDGE_CURVE('',#1727,#1731,#309,.T.);
#2175=EDGE_CURVE('',#1730,#1726,#310,.T.);
#2176=EDGE_CURVE('',#1732,#1732,#1429,.T.);
#2177=EDGE_CURVE('',#1733,#1733,#1430,.T.);
#2178=EDGE_CURVE('',#1716,#1734,#311,.T.);
#2179=EDGE_CURVE('',#1734,#1734,#1431,.T.);
#2180=EDGE_CURVE('',#1642,#1735,#312,.T.);
#2181=EDGE_CURVE('',#1736,#1735,#313,.T.);
#2182=EDGE_CURVE('',#1736,#1737,#314,.T.);
#2183=EDGE_CURVE('',#1737,#1738,#315,.T.);
#2184=EDGE_CURVE('',#1643,#1738,#316,.T.);
#2185=EDGE_CURVE('',#1739,#1641,#317,.T.);
#2186=EDGE_CURVE('',#1735,#1739,#318,.T.);
#2187=EDGE_CURVE('',#1738,#1740,#319,.T.);
#2188=EDGE_CURVE('',#1644,#1740,#320,.T.);
#2189=EDGE_CURVE('',#1741,#1739,#321,.T.);
#2190=EDGE_CURVE('',#1736,#1741,#322,.T.);
#2191=EDGE_CURVE('',#1742,#1741,#323,.T.);
#2192=EDGE_CURVE('',#1737,#1742,#324,.T.);
#2193=EDGE_CURVE('',#1740,#1742,#325,.T.);
#2194=EDGE_CURVE('',#1646,#1743,#326,.T.);
#2195=EDGE_CURVE('',#1743,#1744,#327,.T.);
#2196=EDGE_CURVE('',#1745,#1744,#328,.T.);
#2197=EDGE_CURVE('',#1746,#1745,#329,.T.);
#2198=EDGE_CURVE('',#1647,#1746,#330,.T.);
#2199=EDGE_CURVE('',#1747,#1645,#331,.T.);
#2200=EDGE_CURVE('',#1743,#1747,#332,.T.);
#2201=EDGE_CURVE('',#1748,#1747,#333,.T.);
#2202=EDGE_CURVE('',#1744,#1748,#334,.T.);
#2203=EDGE_CURVE('',#1749,#1748,#335,.T.);
#2204=EDGE_CURVE('',#1745,#1749,#336,.T.);
#2205=EDGE_CURVE('',#1750,#1749,#337,.T.);
#2206=EDGE_CURVE('',#1746,#1750,#338,.T.);
#2207=EDGE_CURVE('',#1648,#1750,#339,.T.);
#2208=EDGE_CURVE('',#1652,#1751,#340,.T.);
#2209=EDGE_CURVE('',#1751,#1712,#341,.T.);
#2210=EDGE_CURVE('',#1523,#1751,#342,.T.);
#2211=EDGE_CURVE('',#1685,#1752,#343,.T.);
#2212=EDGE_CURVE('',#1752,#1753,#344,.T.);
#2213=EDGE_CURVE('',#1508,#1753,#345,.T.);
#2214=EDGE_CURVE('',#1639,#1730,#346,.T.);
#2215=EDGE_CURVE('',#1730,#1752,#347,.T.);
#2216=EDGE_CURVE('',#1754,#1751,#348,.T.);
#2217=EDGE_CURVE('',#1755,#1754,#349,.T.);
#2218=EDGE_CURVE('',#1756,#1755,#350,.T.);
#2219=EDGE_CURVE('',#1713,#1756,#351,.T.);
#2220=EDGE_CURVE('',#1757,#1757,#1432,.T.);
#2221=EDGE_CURVE('',#1758,#1758,#1433,.T.);
#2222=EDGE_CURVE('',#1756,#1759,#352,.T.);
#2223=EDGE_CURVE('',#1759,#1760,#353,.T.);
#2224=EDGE_CURVE('',#1761,#1760,#354,.T.);
#2225=EDGE_CURVE('',#1761,#1762,#355,.T.);
#2226=EDGE_CURVE('',#1762,#1731,#356,.T.);
#2227=EDGE_CURVE('',#1763,#1755,#357,.T.);
#2228=EDGE_CURVE('',#1763,#1759,#358,.T.);
#2229=EDGE_CURVE('',#1764,#1765,#359,.T.);
#2230=EDGE_CURVE('',#1723,#1764,#360,.T.);
#2231=EDGE_CURVE('',#1765,#1725,#361,.T.);
#2232=EDGE_CURVE('',#1766,#1764,#1499,.T.);
#2233=EDGE_CURVE('',#1766,#1724,#362,.T.);
#2234=EDGE_CURVE('',#1767,#1768,#363,.T.);
#2235=EDGE_CURVE('',#1767,#1722,#364,.T.);
#2236=EDGE_CURVE('',#1768,#1721,#365,.T.);
#2237=EDGE_CURVE('',#1769,#1729,#366,.T.);
#2238=EDGE_CURVE('',#1770,#1769,#367,.T.);
#2239=EDGE_CURVE('',#1770,#1752,#368,.T.);
#2240=EDGE_CURVE('',#1762,#1771,#369,.T.);
#2241=EDGE_CURVE('',#1772,#1771,#370,.T.);
#2242=EDGE_CURVE('',#1728,#1772,#371,.T.);
#2243=EDGE_CURVE('',#1720,#1773,#372,.T.);
#2244=EDGE_CURVE('',#1768,#1773,#1500,.T.);
#2245=EDGE_CURVE('',#1774,#1766,#1434,.T.);
#2246=EDGE_CURVE('',#1765,#1774,#1435,.T.);
#2247=EDGE_CURVE('',#1775,#1775,#1436,.T.);
#2248=EDGE_CURVE('',#1732,#1776,#373,.T.);
#2249=EDGE_CURVE('',#1776,#1767,#1437,.T.);
#2250=EDGE_CURVE('',#1773,#1776,#1438,.T.);
#2251=EDGE_CURVE('',#1760,#1763,#374,.T.);
#2252=EDGE_CURVE('',#1523,#1777,#375,.T.);
#2253=EDGE_CURVE('',#1754,#1777,#376,.T.);
#2254=EDGE_CURVE('',#1777,#1522,#377,.T.);
#2255=EDGE_CURVE('',#1753,#1778,#378,.T.);
#2256=EDGE_CURVE('',#1778,#1779,#379,.T.);
#2257=EDGE_CURVE('',#1779,#1780,#380,.T.);
#2258=EDGE_CURVE('',#1780,#1781,#381,.T.);
#2259=EDGE_CURVE('',#1781,#1782,#382,.T.);
#2260=EDGE_CURVE('',#1782,#1783,#383,.T.);
#2261=EDGE_CURVE('',#1783,#1784,#384,.T.);
#2262=EDGE_CURVE('',#1784,#1785,#385,.T.);
#2263=EDGE_CURVE('',#1785,#1786,#386,.T.);
#2264=EDGE_CURVE('',#1786,#1787,#387,.T.);
#2265=EDGE_CURVE('',#1787,#1788,#388,.T.);
#2266=EDGE_CURVE('',#1788,#1789,#389,.T.);
#2267=EDGE_CURVE('',#1789,#1761,#390,.T.);
#2268=EDGE_CURVE('',#1778,#1770,#391,.T.);
#2269=EDGE_CURVE('',#1771,#1789,#392,.T.);
#2270=EDGE_CURVE('',#1790,#1788,#393,.T.);
#2271=EDGE_CURVE('',#1790,#1791,#394,.T.);
#2272=EDGE_CURVE('',#1791,#1772,#395,.T.);
#2273=EDGE_CURVE('',#1792,#1769,#396,.T.);
#2274=EDGE_CURVE('',#1792,#1793,#397,.T.);
#2275=EDGE_CURVE('',#1793,#1779,#398,.T.);
#2276=EDGE_CURVE('',#1791,#1794,#1439,.T.);
#2277=EDGE_CURVE('',#1795,#1794,#399,.T.);
#2278=EDGE_CURVE('',#1796,#1795,#400,.T.);
#2279=EDGE_CURVE('',#1796,#1797,#401,.T.);
#2280=EDGE_CURVE('',#1797,#1792,#1440,.T.);
#2281=EDGE_CURVE('',#1798,#1798,#1441,.T.);
#2282=EDGE_CURVE('',#1733,#1774,#402,.T.);
#2283=EDGE_CURVE('',#1799,#1790,#1442,.T.);
#2284=EDGE_CURVE('',#1799,#1798,#403,.T.);
#2285=EDGE_CURVE('',#1800,#1799,#1443,.T.);
#2286=EDGE_CURVE('',#1794,#1800,#404,.T.);
#2287=EDGE_CURVE('',#1793,#1801,#1444,.T.);
#2288=EDGE_CURVE('',#1802,#1797,#405,.T.);
#2289=EDGE_CURVE('',#1801,#1802,#1445,.T.);
#2290=EDGE_CURVE('',#1801,#1775,#406,.T.);
#2291=EDGE_CURVE('',#1803,#1787,#407,.T.);
#2292=EDGE_CURVE('',#1804,#1803,#408,.T.);
#2293=EDGE_CURVE('',#1804,#1800,#409,.T.);
#2294=EDGE_CURVE('',#1757,#1805,#410,.T.);
#2295=EDGE_CURVE('',#1805,#1805,#1446,.T.);
#2296=EDGE_CURVE('',#1806,#1806,#1447,.T.);
#2297=EDGE_CURVE('',#1758,#1807,#411,.T.);
#2298=EDGE_CURVE('',#1807,#1807,#1448,.T.);
#2299=EDGE_CURVE('',#1808,#1808,#1449,.T.);
#2300=EDGE_CURVE('',#1808,#1809,#412,.T.);
#2301=EDGE_CURVE('',#1809,#1809,#1450,.T.);
#2302=EDGE_CURVE('',#1806,#1810,#413,.T.);
#2303=EDGE_CURVE('',#1810,#1810,#1451,.T.);
#2304=EDGE_CURVE('',#1811,#1812,#414,.T.);
#2305=EDGE_CURVE('',#1812,#1796,#415,.T.);
#2306=EDGE_CURVE('',#1795,#1804,#416,.T.);
#2307=EDGE_CURVE('',#1803,#1813,#417,.T.);
#2308=EDGE_CURVE('',#1813,#1814,#418,.T.);
#2309=EDGE_CURVE('',#1814,#1815,#419,.T.);
#2310=EDGE_CURVE('',#1815,#1816,#420,.T.);
#2311=EDGE_CURVE('',#1816,#1817,#421,.T.);
#2312=EDGE_CURVE('',#1817,#1818,#422,.T.);
#2313=EDGE_CURVE('',#1818,#1811,#423,.T.);
#2314=EDGE_CURVE('',#1819,#1820,#424,.T.);
#2315=EDGE_CURVE('',#1821,#1819,#425,.T.);
#2316=EDGE_CURVE('',#1820,#1821,#426,.T.);
#2317=EDGE_CURVE('',#1819,#1717,#427,.T.);
#2318=EDGE_CURVE('',#1821,#1719,#428,.T.);
#2319=EDGE_CURVE('',#1820,#1718,#429,.T.);
#2320=EDGE_CURVE('',#1812,#1802,#430,.T.);
#2321=EDGE_CURVE('',#1811,#1780,#431,.T.);
#2322=EDGE_CURVE('',#1813,#1786,#432,.T.);
#2323=EDGE_CURVE('',#1814,#1785,#433,.T.);
#2324=EDGE_CURVE('',#1815,#1784,#434,.T.);
#2325=EDGE_CURVE('',#1816,#1783,#435,.T.);
#2326=EDGE_CURVE('',#1817,#1782,#436,.T.);
#2327=EDGE_CURVE('',#1818,#1781,#437,.T.);
#2328=EDGE_CURVE('',#1549,#1539,#438,.T.);
#2329=EDGE_CURVE('',#1540,#1548,#439,.T.);
#2330=EDGE_CURVE('',#1617,#1822,#440,.T.);
#2331=EDGE_CURVE('',#1822,#1823,#441,.T.);
#2332=EDGE_CURVE('',#1823,#1824,#442,.T.);
#2333=EDGE_CURVE('',#1824,#1614,#443,.T.);
#2334=EDGE_CURVE('',#1620,#1822,#444,.T.);
#2335=EDGE_CURVE('',#1619,#1823,#445,.T.);
#2336=EDGE_CURVE('',#1618,#1824,#446,.T.);
#2337=EDGE_CURVE('',#1589,#1825,#447,.T.);
#2338=EDGE_CURVE('',#1825,#1826,#448,.T.);
#2339=EDGE_CURVE('',#1826,#1827,#449,.T.);
#2340=EDGE_CURVE('',#1827,#1584,#450,.T.);
#2341=EDGE_CURVE('',#1592,#1825,#451,.T.);
#2342=EDGE_CURVE('',#1591,#1826,#452,.T.);
#2343=EDGE_CURVE('',#1590,#1827,#453,.T.);
#2344=ORIENTED_EDGE('',*,*,#1828,.T.);
#2345=ORIENTED_EDGE('',*,*,#1829,.T.);
#2346=ORIENTED_EDGE('',*,*,#1830,.T.);
#2347=ORIENTED_EDGE('',*,*,#1831,.T.);
#2348=ORIENTED_EDGE('',*,*,#1832,.T.);
#2349=ORIENTED_EDGE('',*,*,#1833,.T.);
#2350=ORIENTED_EDGE('',*,*,#1830,.F.);
#2351=ORIENTED_EDGE('',*,*,#1834,.T.);
#2352=ORIENTED_EDGE('',*,*,#1835,.T.);
#2353=ORIENTED_EDGE('',*,*,#1836,.T.);
#2354=ORIENTED_EDGE('',*,*,#1832,.F.);
#2355=ORIENTED_EDGE('',*,*,#1837,.T.);
#2356=ORIENTED_EDGE('',*,*,#1837,.F.);
#2357=ORIENTED_EDGE('',*,*,#1838,.T.);
#2358=ORIENTED_EDGE('',*,*,#1839,.T.);
#2359=ORIENTED_EDGE('',*,*,#1840,.T.);
#2360=ORIENTED_EDGE('',*,*,#1834,.F.);
#2361=ORIENTED_EDGE('',*,*,#1841,.F.);
#2362=ORIENTED_EDGE('',*,*,#1842,.F.);
#2363=ORIENTED_EDGE('',*,*,#1843,.F.);
#2364=ORIENTED_EDGE('',*,*,#1844,.F.);
#2365=ORIENTED_EDGE('',*,*,#1838,.F.);
#2366=ORIENTED_EDGE('',*,*,#1845,.F.);
#2367=ORIENTED_EDGE('',*,*,#1846,.F.);
#2368=ORIENTED_EDGE('',*,*,#1847,.F.);
#2369=ORIENTED_EDGE('',*,*,#1848,.F.);
#2370=ORIENTED_EDGE('',*,*,#1849,.F.);
#2371=ORIENTED_EDGE('',*,*,#1829,.F.);
#2372=ORIENTED_EDGE('',*,*,#1850,.T.);
#2373=ORIENTED_EDGE('',*,*,#1851,.T.);
#2374=ORIENTED_EDGE('',*,*,#1841,.T.);
#2375=ORIENTED_EDGE('',*,*,#1852,.T.);
#2376=ORIENTED_EDGE('',*,*,#1853,.T.);
#2377=ORIENTED_EDGE('',*,*,#1851,.F.);
#2378=ORIENTED_EDGE('',*,*,#1854,.T.);
#2379=ORIENTED_EDGE('',*,*,#1854,.F.);
#2380=ORIENTED_EDGE('',*,*,#1850,.F.);
#2381=ORIENTED_EDGE('',*,*,#1828,.F.);
#2382=ORIENTED_EDGE('',*,*,#1855,.F.);
#2383=ORIENTED_EDGE('',*,*,#1856,.T.);
#2384=ORIENTED_EDGE('',*,*,#1857,.F.);
#2385=ORIENTED_EDGE('',*,*,#1858,.T.);
#2386=ORIENTED_EDGE('',*,*,#1859,.T.);
#2387=ORIENTED_EDGE('',*,*,#1860,.T.);
#2388=ORIENTED_EDGE('',*,*,#1839,.F.);
#2389=ORIENTED_EDGE('',*,*,#1861,.T.);
#2390=ORIENTED_EDGE('',*,*,#1862,.F.);
#2391=ORIENTED_EDGE('',*,*,#1861,.F.);
#2392=ORIENTED_EDGE('',*,*,#1844,.T.);
#2393=ORIENTED_EDGE('',*,*,#1863,.T.);
#2394=ORIENTED_EDGE('',*,*,#1864,.T.);
#2395=ORIENTED_EDGE('',*,*,#1865,.T.);
#2396=ORIENTED_EDGE('',*,*,#1866,.T.);
#2397=ORIENTED_EDGE('',*,*,#1867,.T.);
#2398=ORIENTED_EDGE('',*,*,#1868,.T.);
#2399=ORIENTED_EDGE('',*,*,#1869,.F.);
#2400=ORIENTED_EDGE('',*,*,#1870,.T.);
#2401=ORIENTED_EDGE('',*,*,#1865,.F.);
#2402=ORIENTED_EDGE('',*,*,#1871,.T.);
#2403=ORIENTED_EDGE('',*,*,#1872,.F.);
#2404=ORIENTED_EDGE('',*,*,#1871,.F.);
#2405=ORIENTED_EDGE('',*,*,#1868,.F.);
#2406=ORIENTED_EDGE('',*,*,#1873,.T.);
#2407=ORIENTED_EDGE('',*,*,#1874,.F.);
#2408=ORIENTED_EDGE('',*,*,#1875,.F.);
#2409=ORIENTED_EDGE('',*,*,#1876,.F.);
#2410=ORIENTED_EDGE('',*,*,#1877,.T.);
#2411=ORIENTED_EDGE('',*,*,#1878,.F.);
#2412=ORIENTED_EDGE('',*,*,#1879,.T.);
#2413=ORIENTED_EDGE('',*,*,#1880,.T.);
#2414=ORIENTED_EDGE('',*,*,#1881,.T.);
#2415=ORIENTED_EDGE('',*,*,#1882,.T.);
#2416=ORIENTED_EDGE('',*,*,#1883,.T.);
#2417=ORIENTED_EDGE('',*,*,#1884,.T.);
#2418=ORIENTED_EDGE('',*,*,#1885,.T.);
#2419=ORIENTED_EDGE('',*,*,#1881,.F.);
#2420=ORIENTED_EDGE('',*,*,#1886,.T.);
#2421=ORIENTED_EDGE('',*,*,#1886,.F.);
#2422=ORIENTED_EDGE('',*,*,#1880,.F.);
#2423=ORIENTED_EDGE('',*,*,#1887,.F.);
#2424=ORIENTED_EDGE('',*,*,#1888,.T.);
#2425=ORIENTED_EDGE('',*,*,#1889,.F.);
#2426=ORIENTED_EDGE('',*,*,#1890,.F.);
#2427=ORIENTED_EDGE('',*,*,#1891,.F.);
#2428=ORIENTED_EDGE('',*,*,#1892,.T.);
#2429=ORIENTED_EDGE('',*,*,#1893,.T.);
#2430=ORIENTED_EDGE('',*,*,#1894,.T.);
#2431=ORIENTED_EDGE('',*,*,#1895,.T.);
#2432=ORIENTED_EDGE('',*,*,#1891,.T.);
#2433=ORIENTED_EDGE('',*,*,#1896,.F.);
#2434=ORIENTED_EDGE('',*,*,#1897,.T.);
#2435=ORIENTED_EDGE('',*,*,#1893,.F.);
#2436=ORIENTED_EDGE('',*,*,#1890,.T.);
#2437=ORIENTED_EDGE('',*,*,#1898,.F.);
#2438=ORIENTED_EDGE('',*,*,#1899,.T.);
#2439=ORIENTED_EDGE('',*,*,#1875,.T.);
#2440=ORIENTED_EDGE('',*,*,#1900,.T.);
#2441=ORIENTED_EDGE('',*,*,#1901,.T.);
#2442=ORIENTED_EDGE('',*,*,#1902,.T.);
#2443=ORIENTED_EDGE('',*,*,#1903,.T.);
#2444=ORIENTED_EDGE('',*,*,#1904,.T.);
#2445=ORIENTED_EDGE('',*,*,#1900,.F.);
#2446=ORIENTED_EDGE('',*,*,#1874,.T.);
#2447=ORIENTED_EDGE('',*,*,#1905,.T.);
#2448=ORIENTED_EDGE('',*,*,#1906,.T.);
#2449=ORIENTED_EDGE('',*,*,#1907,.T.);
#2450=ORIENTED_EDGE('',*,*,#1905,.F.);
#2451=ORIENTED_EDGE('',*,*,#1849,.T.);
#2452=ORIENTED_EDGE('',*,*,#1906,.F.);
#2453=ORIENTED_EDGE('',*,*,#1907,.F.);
#2454=ORIENTED_EDGE('',*,*,#1908,.T.);
#2455=ORIENTED_EDGE('',*,*,#1909,.F.);
#2456=ORIENTED_EDGE('',*,*,#1908,.F.);
#2457=ORIENTED_EDGE('',*,*,#1910,.T.);
#2458=ORIENTED_EDGE('',*,*,#1911,.T.);
#2459=ORIENTED_EDGE('',*,*,#1912,.T.);
#2460=ORIENTED_EDGE('',*,*,#1910,.F.);
#2461=ORIENTED_EDGE('',*,*,#1845,.T.);
#2462=ORIENTED_EDGE('',*,*,#1911,.F.);
#2463=ORIENTED_EDGE('',*,*,#1912,.F.);
#2464=ORIENTED_EDGE('',*,*,#1913,.T.);
#2465=ORIENTED_EDGE('',*,*,#1914,.T.);
#2466=ORIENTED_EDGE('',*,*,#1913,.F.);
#2467=ORIENTED_EDGE('',*,*,#1915,.T.);
#2468=ORIENTED_EDGE('',*,*,#1916,.T.);
#2469=ORIENTED_EDGE('',*,*,#1917,.T.);
#2470=ORIENTED_EDGE('',*,*,#1915,.F.);
#2471=ORIENTED_EDGE('',*,*,#1848,.T.);
#2472=ORIENTED_EDGE('',*,*,#1916,.F.);
#2473=ORIENTED_EDGE('',*,*,#1917,.F.);
#2474=ORIENTED_EDGE('',*,*,#1918,.T.);
#2475=ORIENTED_EDGE('',*,*,#1919,.T.);
#2476=ORIENTED_EDGE('',*,*,#1918,.F.);
#2477=ORIENTED_EDGE('',*,*,#1920,.T.);
#2478=ORIENTED_EDGE('',*,*,#1921,.T.);
#2479=ORIENTED_EDGE('',*,*,#1922,.T.);
#2480=ORIENTED_EDGE('',*,*,#1920,.F.);
#2481=ORIENTED_EDGE('',*,*,#1846,.T.);
#2482=ORIENTED_EDGE('',*,*,#1921,.F.);
#2483=ORIENTED_EDGE('',*,*,#1922,.F.);
#2484=ORIENTED_EDGE('',*,*,#1923,.T.);
#2485=ORIENTED_EDGE('',*,*,#1924,.T.);
#2486=ORIENTED_EDGE('',*,*,#1923,.F.);
#2487=ORIENTED_EDGE('',*,*,#1925,.T.);
#2488=ORIENTED_EDGE('',*,*,#1926,.T.);
#2489=ORIENTED_EDGE('',*,*,#1927,.T.);
#2490=ORIENTED_EDGE('',*,*,#1925,.F.);
#2491=ORIENTED_EDGE('',*,*,#1847,.T.);
#2492=ORIENTED_EDGE('',*,*,#1926,.F.);
#2493=ORIENTED_EDGE('',*,*,#1927,.F.);
#2494=ORIENTED_EDGE('',*,*,#1928,.T.);
#2495=ORIENTED_EDGE('',*,*,#1929,.T.);
#2496=ORIENTED_EDGE('',*,*,#1928,.F.);
#2497=ORIENTED_EDGE('',*,*,#1930,.F.);
#2498=ORIENTED_EDGE('',*,*,#1931,.F.);
#2499=ORIENTED_EDGE('',*,*,#1932,.T.);
#2500=ORIENTED_EDGE('',*,*,#1842,.T.);
#2501=ORIENTED_EDGE('',*,*,#1853,.F.);
#2502=ORIENTED_EDGE('',*,*,#1933,.T.);
#2503=ORIENTED_EDGE('',*,*,#1843,.T.);
#2504=ORIENTED_EDGE('',*,*,#1863,.F.);
#2505=ORIENTED_EDGE('',*,*,#1933,.F.);
#2506=ORIENTED_EDGE('',*,*,#1932,.F.);
#2507=ORIENTED_EDGE('',*,*,#1934,.F.);
#2508=ORIENTED_EDGE('',*,*,#1935,.F.);
#2509=ORIENTED_EDGE('',*,*,#1936,.T.);
#2510=ORIENTED_EDGE('',*,*,#1937,.T.);
#2511=ORIENTED_EDGE('',*,*,#1938,.T.);
#2512=ORIENTED_EDGE('',*,*,#1939,.T.);
#2513=ORIENTED_EDGE('',*,*,#1940,.T.);
#2514=ORIENTED_EDGE('',*,*,#1941,.T.);
#2515=ORIENTED_EDGE('',*,*,#1938,.F.);
#2516=ORIENTED_EDGE('',*,*,#1942,.T.);
#2517=ORIENTED_EDGE('',*,*,#1943,.T.);
#2518=ORIENTED_EDGE('',*,*,#1944,.T.);
#2519=ORIENTED_EDGE('',*,*,#1940,.F.);
#2520=ORIENTED_EDGE('',*,*,#1945,.T.);
#2521=ORIENTED_EDGE('',*,*,#1946,.T.);
#2522=ORIENTED_EDGE('',*,*,#1947,.T.);
#2523=ORIENTED_EDGE('',*,*,#1946,.F.);
#2524=ORIENTED_EDGE('',*,*,#1948,.T.);
#2525=ORIENTED_EDGE('',*,*,#1943,.F.);
#2526=ORIENTED_EDGE('',*,*,#1945,.F.);
#2527=ORIENTED_EDGE('',*,*,#1949,.T.);
#2528=ORIENTED_EDGE('',*,*,#1950,.T.);
#2529=ORIENTED_EDGE('',*,*,#1951,.F.);
#2530=ORIENTED_EDGE('',*,*,#1939,.F.);
#2531=ORIENTED_EDGE('',*,*,#1952,.T.);
#2532=ORIENTED_EDGE('',*,*,#1953,.T.);
#2533=ORIENTED_EDGE('',*,*,#1954,.F.);
#2534=ORIENTED_EDGE('',*,*,#1955,.F.);
#2535=ORIENTED_EDGE('',*,*,#1949,.F.);
#2536=ORIENTED_EDGE('',*,*,#1956,.F.);
#2537=ORIENTED_EDGE('',*,*,#1957,.F.);
#2538=ORIENTED_EDGE('',*,*,#1958,.F.);
#2539=ORIENTED_EDGE('',*,*,#1959,.F.);
#2540=ORIENTED_EDGE('',*,*,#1960,.F.);
#2541=ORIENTED_EDGE('',*,*,#1961,.F.);
#2542=ORIENTED_EDGE('',*,*,#1962,.F.);
#2543=ORIENTED_EDGE('',*,*,#1963,.F.);
#2544=ORIENTED_EDGE('',*,*,#1964,.F.);
#2545=ORIENTED_EDGE('',*,*,#1965,.F.);
#2546=ORIENTED_EDGE('',*,*,#1966,.F.);
#2547=ORIENTED_EDGE('',*,*,#1967,.F.);
#2548=ORIENTED_EDGE('',*,*,#1968,.F.);
#2549=ORIENTED_EDGE('',*,*,#1969,.F.);
#2550=ORIENTED_EDGE('',*,*,#1970,.F.);
#2551=ORIENTED_EDGE('',*,*,#1971,.F.);
#2552=ORIENTED_EDGE('',*,*,#1972,.F.);
#2553=ORIENTED_EDGE('',*,*,#1973,.F.);
#2554=ORIENTED_EDGE('',*,*,#1974,.F.);
#2555=ORIENTED_EDGE('',*,*,#1975,.F.);
#2556=ORIENTED_EDGE('',*,*,#1976,.F.);
#2557=ORIENTED_EDGE('',*,*,#1937,.F.);
#2558=ORIENTED_EDGE('',*,*,#1944,.F.);
#2559=ORIENTED_EDGE('',*,*,#1947,.F.);
#2560=ORIENTED_EDGE('',*,*,#1942,.F.);
#2561=ORIENTED_EDGE('',*,*,#1970,.T.);
#2562=ORIENTED_EDGE('',*,*,#1977,.T.);
#2563=ORIENTED_EDGE('',*,*,#1978,.T.);
#2564=ORIENTED_EDGE('',*,*,#1979,.T.);
#2565=ORIENTED_EDGE('',*,*,#1980,.T.);
#2566=ORIENTED_EDGE('',*,*,#1977,.F.);
#2567=ORIENTED_EDGE('',*,*,#1973,.T.);
#2568=ORIENTED_EDGE('',*,*,#1981,.T.);
#2569=ORIENTED_EDGE('',*,*,#1971,.T.);
#2570=ORIENTED_EDGE('',*,*,#1979,.F.);
#2571=ORIENTED_EDGE('',*,*,#1982,.T.);
#2572=ORIENTED_EDGE('',*,*,#1983,.T.);
#2573=ORIENTED_EDGE('',*,*,#1972,.T.);
#2574=ORIENTED_EDGE('',*,*,#1983,.F.);
#2575=ORIENTED_EDGE('',*,*,#1984,.T.);
#2576=ORIENTED_EDGE('',*,*,#1981,.F.);
#2577=ORIENTED_EDGE('',*,*,#1982,.F.);
#2578=ORIENTED_EDGE('',*,*,#1985,.T.);
#2579=ORIENTED_EDGE('',*,*,#1986,.T.);
#2580=ORIENTED_EDGE('',*,*,#1987,.F.);
#2581=ORIENTED_EDGE('',*,*,#1978,.F.);
#2582=ORIENTED_EDGE('',*,*,#1988,.T.);
#2583=ORIENTED_EDGE('',*,*,#1989,.F.);
#2584=ORIENTED_EDGE('',*,*,#1990,.T.);
#2585=ORIENTED_EDGE('',*,*,#1991,.T.);
#2586=ORIENTED_EDGE('',*,*,#1985,.F.);
#2587=ORIENTED_EDGE('',*,*,#1992,.T.);
#2588=ORIENTED_EDGE('',*,*,#1993,.T.);
#2589=ORIENTED_EDGE('',*,*,#1968,.T.);
#2590=ORIENTED_EDGE('',*,*,#1994,.T.);
#2591=ORIENTED_EDGE('',*,*,#1995,.T.);
#2592=ORIENTED_EDGE('',*,*,#1967,.T.);
#2593=ORIENTED_EDGE('',*,*,#1996,.T.);
#2594=ORIENTED_EDGE('',*,*,#1997,.T.);
#2595=ORIENTED_EDGE('',*,*,#1994,.F.);
#2596=ORIENTED_EDGE('',*,*,#1998,.T.);
#2597=ORIENTED_EDGE('',*,*,#1999,.T.);
#2598=ORIENTED_EDGE('',*,*,#1965,.T.);
#2599=ORIENTED_EDGE('',*,*,#2000,.T.);
#2600=ORIENTED_EDGE('',*,*,#1966,.T.);
#2601=ORIENTED_EDGE('',*,*,#1999,.F.);
#2602=ORIENTED_EDGE('',*,*,#2001,.T.);
#2603=ORIENTED_EDGE('',*,*,#2002,.T.);
#2604=ORIENTED_EDGE('',*,*,#2003,.T.);
#2605=ORIENTED_EDGE('',*,*,#1996,.F.);
#2606=ORIENTED_EDGE('',*,*,#2004,.T.);
#2607=ORIENTED_EDGE('',*,*,#2005,.T.);
#2608=ORIENTED_EDGE('',*,*,#2000,.F.);
#2609=ORIENTED_EDGE('',*,*,#1964,.T.);
#2610=ORIENTED_EDGE('',*,*,#2006,.T.);
#2611=ORIENTED_EDGE('',*,*,#2007,.T.);
#2612=ORIENTED_EDGE('',*,*,#2008,.T.);
#2613=ORIENTED_EDGE('',*,*,#2006,.F.);
#2614=ORIENTED_EDGE('',*,*,#1963,.T.);
#2615=ORIENTED_EDGE('',*,*,#2009,.T.);
#2616=ORIENTED_EDGE('',*,*,#2010,.T.);
#2617=ORIENTED_EDGE('',*,*,#1961,.T.);
#2618=ORIENTED_EDGE('',*,*,#1958,.T.);
#2619=ORIENTED_EDGE('',*,*,#1969,.T.);
#2620=ORIENTED_EDGE('',*,*,#1993,.F.);
#2621=ORIENTED_EDGE('',*,*,#2011,.T.);
#2622=ORIENTED_EDGE('',*,*,#1962,.T.);
#2623=ORIENTED_EDGE('',*,*,#2010,.F.);
#2624=ORIENTED_EDGE('',*,*,#2012,.T.);
#2625=ORIENTED_EDGE('',*,*,#2013,.T.);
#2626=ORIENTED_EDGE('',*,*,#2009,.F.);
#2627=ORIENTED_EDGE('',*,*,#1997,.F.);
#2628=ORIENTED_EDGE('',*,*,#2003,.F.);
#2629=ORIENTED_EDGE('',*,*,#2014,.T.);
#2630=ORIENTED_EDGE('',*,*,#2015,.F.);
#2631=ORIENTED_EDGE('',*,*,#2016,.T.);
#2632=ORIENTED_EDGE('',*,*,#1995,.F.);
#2633=ORIENTED_EDGE('',*,*,#2002,.F.);
#2634=ORIENTED_EDGE('',*,*,#2017,.F.);
#2635=ORIENTED_EDGE('',*,*,#2018,.T.);
#2636=ORIENTED_EDGE('',*,*,#2019,.F.);
#2637=ORIENTED_EDGE('',*,*,#2020,.F.);
#2638=ORIENTED_EDGE('',*,*,#2021,.F.);
#2639=ORIENTED_EDGE('',*,*,#1884,.F.);
#2640=ORIENTED_EDGE('',*,*,#1892,.F.);
#2641=ORIENTED_EDGE('',*,*,#1895,.F.);
#2642=ORIENTED_EDGE('',*,*,#2022,.F.);
#2643=ORIENTED_EDGE('',*,*,#2014,.F.);
#2644=ORIENTED_EDGE('',*,*,#2023,.T.);
#2645=ORIENTED_EDGE('',*,*,#2024,.T.);
#2646=ORIENTED_EDGE('',*,*,#2025,.T.);
#2647=ORIENTED_EDGE('',*,*,#2026,.T.);
#2648=ORIENTED_EDGE('',*,*,#2027,.T.);
#2649=ORIENTED_EDGE('',*,*,#2028,.T.);
#2650=ORIENTED_EDGE('',*,*,#2029,.T.);
#2651=ORIENTED_EDGE('',*,*,#2030,.T.);
#2652=ORIENTED_EDGE('',*,*,#2001,.F.);
#2653=ORIENTED_EDGE('',*,*,#1998,.F.);
#2654=ORIENTED_EDGE('',*,*,#2005,.F.);
#2655=ORIENTED_EDGE('',*,*,#2031,.T.);
#2656=ORIENTED_EDGE('',*,*,#2032,.T.);
#2657=ORIENTED_EDGE('',*,*,#2017,.T.);
#2658=ORIENTED_EDGE('',*,*,#2004,.F.);
#2659=ORIENTED_EDGE('',*,*,#2033,.F.);
#2660=ORIENTED_EDGE('',*,*,#2034,.F.);
#2661=ORIENTED_EDGE('',*,*,#1903,.F.);
#2662=ORIENTED_EDGE('',*,*,#1873,.F.);
#2663=ORIENTED_EDGE('',*,*,#1867,.F.);
#2664=ORIENTED_EDGE('',*,*,#2035,.F.);
#2665=ORIENTED_EDGE('',*,*,#2036,.F.);
#2666=ORIENTED_EDGE('',*,*,#2037,.F.);
#2667=ORIENTED_EDGE('',*,*,#2038,.T.);
#2668=ORIENTED_EDGE('',*,*,#2031,.F.);
#2669=ORIENTED_EDGE('',*,*,#2039,.T.);
#2670=ORIENTED_EDGE('',*,*,#2040,.T.);
#2671=ORIENTED_EDGE('',*,*,#2039,.F.);
#2672=ORIENTED_EDGE('',*,*,#1956,.T.);
#2673=ORIENTED_EDGE('',*,*,#1957,.T.);
#2674=ORIENTED_EDGE('',*,*,#2040,.F.);
#2675=ORIENTED_EDGE('',*,*,#2041,.T.);
#2676=ORIENTED_EDGE('',*,*,#2042,.T.);
#2677=ORIENTED_EDGE('',*,*,#2041,.F.);
#2678=ORIENTED_EDGE('',*,*,#2043,.T.);
#2679=ORIENTED_EDGE('',*,*,#2044,.T.);
#2680=ORIENTED_EDGE('',*,*,#2043,.F.);
#2681=ORIENTED_EDGE('',*,*,#1976,.T.);
#2682=ORIENTED_EDGE('',*,*,#2044,.F.);
#2683=ORIENTED_EDGE('',*,*,#2045,.T.);
#2684=ORIENTED_EDGE('',*,*,#2046,.T.);
#2685=ORIENTED_EDGE('',*,*,#2045,.F.);
#2686=ORIENTED_EDGE('',*,*,#2047,.T.);
#2687=ORIENTED_EDGE('',*,*,#2048,.T.);
#2688=ORIENTED_EDGE('',*,*,#2047,.F.);
#2689=ORIENTED_EDGE('',*,*,#1959,.T.);
#2690=ORIENTED_EDGE('',*,*,#1960,.T.);
#2691=ORIENTED_EDGE('',*,*,#2048,.F.);
#2692=ORIENTED_EDGE('',*,*,#2049,.T.);
#2693=ORIENTED_EDGE('',*,*,#2050,.T.);
#2694=ORIENTED_EDGE('',*,*,#2049,.F.);
#2695=ORIENTED_EDGE('',*,*,#2051,.T.);
#2696=ORIENTED_EDGE('',*,*,#2052,.T.);
#2697=ORIENTED_EDGE('',*,*,#2051,.F.);
#2698=ORIENTED_EDGE('',*,*,#1975,.T.);
#2699=ORIENTED_EDGE('',*,*,#2052,.F.);
#2700=ORIENTED_EDGE('',*,*,#2053,.T.);
#2701=ORIENTED_EDGE('',*,*,#2054,.T.);
#2702=ORIENTED_EDGE('',*,*,#2053,.F.);
#2703=ORIENTED_EDGE('',*,*,#2055,.T.);
#2704=ORIENTED_EDGE('',*,*,#2056,.T.);
#2705=ORIENTED_EDGE('',*,*,#2055,.F.);
#2706=ORIENTED_EDGE('',*,*,#1974,.T.);
#2707=ORIENTED_EDGE('',*,*,#2056,.F.);
#2708=ORIENTED_EDGE('',*,*,#2057,.T.);
#2709=ORIENTED_EDGE('',*,*,#2058,.F.);
#2710=ORIENTED_EDGE('',*,*,#2057,.F.);
#2711=ORIENTED_EDGE('',*,*,#2059,.T.);
#2712=ORIENTED_EDGE('',*,*,#2060,.T.);
#2713=ORIENTED_EDGE('',*,*,#2061,.T.);
#2714=ORIENTED_EDGE('',*,*,#2060,.F.);
#2715=ORIENTED_EDGE('',*,*,#2062,.T.);
#2716=ORIENTED_EDGE('',*,*,#1882,.F.);
#2717=ORIENTED_EDGE('',*,*,#2063,.F.);
#2718=ORIENTED_EDGE('',*,*,#2064,.F.);
#2719=ORIENTED_EDGE('',*,*,#2065,.F.);
#2720=ORIENTED_EDGE('',*,*,#2066,.F.);
#2721=ORIENTED_EDGE('',*,*,#2067,.F.);
#2722=ORIENTED_EDGE('',*,*,#2068,.F.);
#2723=ORIENTED_EDGE('',*,*,#2069,.F.);
#2724=ORIENTED_EDGE('',*,*,#1870,.F.);
#2725=ORIENTED_EDGE('',*,*,#2070,.F.);
#2726=ORIENTED_EDGE('',*,*,#2071,.F.);
#2727=ORIENTED_EDGE('',*,*,#2072,.F.);
#2728=ORIENTED_EDGE('',*,*,#2073,.F.);
#2729=ORIENTED_EDGE('',*,*,#2059,.F.);
#2730=ORIENTED_EDGE('',*,*,#2074,.T.);
#2731=ORIENTED_EDGE('',*,*,#2075,.T.);
#2732=ORIENTED_EDGE('',*,*,#2061,.F.);
#2733=ORIENTED_EDGE('',*,*,#2075,.F.);
#2734=ORIENTED_EDGE('',*,*,#2070,.T.);
#2735=ORIENTED_EDGE('',*,*,#2076,.T.);
#2736=ORIENTED_EDGE('',*,*,#2077,.T.);
#2737=ORIENTED_EDGE('',*,*,#2076,.F.);
#2738=ORIENTED_EDGE('',*,*,#2078,.T.);
#2739=ORIENTED_EDGE('',*,*,#2079,.T.);
#2740=ORIENTED_EDGE('',*,*,#2077,.F.);
#2741=ORIENTED_EDGE('',*,*,#2079,.F.);
#2742=ORIENTED_EDGE('',*,*,#2073,.T.);
#2743=ORIENTED_EDGE('',*,*,#2080,.T.);
#2744=ORIENTED_EDGE('',*,*,#2081,.T.);
#2745=ORIENTED_EDGE('',*,*,#2080,.F.);
#2746=ORIENTED_EDGE('',*,*,#2082,.T.);
#2747=ORIENTED_EDGE('',*,*,#2083,.T.);
#2748=ORIENTED_EDGE('',*,*,#2081,.F.);
#2749=ORIENTED_EDGE('',*,*,#2083,.F.);
#2750=ORIENTED_EDGE('',*,*,#2071,.T.);
#2751=ORIENTED_EDGE('',*,*,#2084,.T.);
#2752=ORIENTED_EDGE('',*,*,#2085,.T.);
#2753=ORIENTED_EDGE('',*,*,#2084,.F.);
#2754=ORIENTED_EDGE('',*,*,#2086,.T.);
#2755=ORIENTED_EDGE('',*,*,#2087,.T.);
#2756=ORIENTED_EDGE('',*,*,#2085,.F.);
#2757=ORIENTED_EDGE('',*,*,#2087,.F.);
#2758=ORIENTED_EDGE('',*,*,#1909,.T.);
#2759=ORIENTED_EDGE('',*,*,#2088,.T.);
#2760=ORIENTED_EDGE('',*,*,#2072,.T.);
#2761=ORIENTED_EDGE('',*,*,#2088,.F.);
#2762=ORIENTED_EDGE('',*,*,#2062,.F.);
#2763=ORIENTED_EDGE('',*,*,#1869,.T.);
#2764=ORIENTED_EDGE('',*,*,#2089,.T.);
#2765=ORIENTED_EDGE('',*,*,#1883,.F.);
#2766=ORIENTED_EDGE('',*,*,#1866,.F.);
#2767=ORIENTED_EDGE('',*,*,#2069,.T.);
#2768=ORIENTED_EDGE('',*,*,#2090,.T.);
#2769=ORIENTED_EDGE('',*,*,#2035,.T.);
#2770=ORIENTED_EDGE('',*,*,#2068,.T.);
#2771=ORIENTED_EDGE('',*,*,#2091,.T.);
#2772=ORIENTED_EDGE('',*,*,#2092,.T.);
#2773=ORIENTED_EDGE('',*,*,#2090,.F.);
#2774=ORIENTED_EDGE('',*,*,#2093,.T.);
#2775=ORIENTED_EDGE('',*,*,#2094,.T.);
#2776=ORIENTED_EDGE('',*,*,#2065,.T.);
#2777=ORIENTED_EDGE('',*,*,#2095,.T.);
#2778=ORIENTED_EDGE('',*,*,#1885,.F.);
#2779=ORIENTED_EDGE('',*,*,#2021,.T.);
#2780=ORIENTED_EDGE('',*,*,#2096,.T.);
#2781=ORIENTED_EDGE('',*,*,#2063,.T.);
#2782=ORIENTED_EDGE('',*,*,#2064,.T.);
#2783=ORIENTED_EDGE('',*,*,#2096,.F.);
#2784=ORIENTED_EDGE('',*,*,#2097,.T.);
#2785=ORIENTED_EDGE('',*,*,#2095,.F.);
#2786=ORIENTED_EDGE('',*,*,#2098,.T.);
#2787=ORIENTED_EDGE('',*,*,#2066,.T.);
#2788=ORIENTED_EDGE('',*,*,#2094,.F.);
#2789=ORIENTED_EDGE('',*,*,#1935,.T.);
#2790=ORIENTED_EDGE('',*,*,#2067,.T.);
#2791=ORIENTED_EDGE('',*,*,#2098,.F.);
#2792=ORIENTED_EDGE('',*,*,#2099,.T.);
#2793=ORIENTED_EDGE('',*,*,#2091,.F.);
#2794=ORIENTED_EDGE('',*,*,#2092,.F.);
#2795=ORIENTED_EDGE('',*,*,#2100,.T.);
#2796=ORIENTED_EDGE('',*,*,#2101,.T.);
#2797=ORIENTED_EDGE('',*,*,#2036,.T.);
#2798=ORIENTED_EDGE('',*,*,#2099,.F.);
#2799=ORIENTED_EDGE('',*,*,#1934,.T.);
#2800=ORIENTED_EDGE('',*,*,#1931,.T.);
#2801=ORIENTED_EDGE('',*,*,#1930,.T.);
#2802=ORIENTED_EDGE('',*,*,#1852,.F.);
#2803=ORIENTED_EDGE('',*,*,#1858,.F.);
#2804=ORIENTED_EDGE('',*,*,#2100,.F.);
#2805=ORIENTED_EDGE('',*,*,#2093,.F.);
#2806=ORIENTED_EDGE('',*,*,#2102,.F.);
#2807=ORIENTED_EDGE('',*,*,#2103,.F.);
#2808=ORIENTED_EDGE('',*,*,#1859,.F.);
#2809=ORIENTED_EDGE('',*,*,#1862,.T.);
#2810=ORIENTED_EDGE('',*,*,#1864,.F.);
#2811=ORIENTED_EDGE('',*,*,#1936,.F.);
#2812=ORIENTED_EDGE('',*,*,#2097,.F.);
#2813=ORIENTED_EDGE('',*,*,#2020,.T.);
#2814=ORIENTED_EDGE('',*,*,#2104,.T.);
#2815=ORIENTED_EDGE('',*,*,#2102,.T.);
#2816=ORIENTED_EDGE('',*,*,#2105,.T.);
#2817=ORIENTED_EDGE('',*,*,#2106,.T.);
#2818=ORIENTED_EDGE('',*,*,#2107,.T.);
#2819=ORIENTED_EDGE('',*,*,#2108,.T.);
#2820=ORIENTED_EDGE('',*,*,#2106,.F.);
#2821=ORIENTED_EDGE('',*,*,#2109,.T.);
#2822=ORIENTED_EDGE('',*,*,#1901,.F.);
#2823=ORIENTED_EDGE('',*,*,#2110,.F.);
#2824=ORIENTED_EDGE('',*,*,#2111,.F.);
#2825=ORIENTED_EDGE('',*,*,#2112,.F.);
#2826=ORIENTED_EDGE('',*,*,#2113,.F.);
#2827=ORIENTED_EDGE('',*,*,#2114,.F.);
#2828=ORIENTED_EDGE('',*,*,#2115,.F.);
#2829=ORIENTED_EDGE('',*,*,#2116,.F.);
#2830=ORIENTED_EDGE('',*,*,#1897,.F.);
#2831=ORIENTED_EDGE('',*,*,#2117,.F.);
#2832=ORIENTED_EDGE('',*,*,#2118,.F.);
#2833=ORIENTED_EDGE('',*,*,#2119,.F.);
#2834=ORIENTED_EDGE('',*,*,#2120,.F.);
#2835=ORIENTED_EDGE('',*,*,#2105,.F.);
#2836=ORIENTED_EDGE('',*,*,#2108,.F.);
#2837=ORIENTED_EDGE('',*,*,#2121,.T.);
#2838=ORIENTED_EDGE('',*,*,#2122,.T.);
#2839=ORIENTED_EDGE('',*,*,#2121,.F.);
#2840=ORIENTED_EDGE('',*,*,#2107,.F.);
#2841=ORIENTED_EDGE('',*,*,#2117,.T.);
#2842=ORIENTED_EDGE('',*,*,#2123,.T.);
#2843=ORIENTED_EDGE('',*,*,#2124,.T.);
#2844=ORIENTED_EDGE('',*,*,#2125,.T.);
#2845=ORIENTED_EDGE('',*,*,#2123,.F.);
#2846=ORIENTED_EDGE('',*,*,#2125,.F.);
#2847=ORIENTED_EDGE('',*,*,#2126,.T.);
#2848=ORIENTED_EDGE('',*,*,#2127,.T.);
#2849=ORIENTED_EDGE('',*,*,#2126,.F.);
#2850=ORIENTED_EDGE('',*,*,#2124,.F.);
#2851=ORIENTED_EDGE('',*,*,#2120,.T.);
#2852=ORIENTED_EDGE('',*,*,#2128,.T.);
#2853=ORIENTED_EDGE('',*,*,#2129,.T.);
#2854=ORIENTED_EDGE('',*,*,#2130,.T.);
#2855=ORIENTED_EDGE('',*,*,#2128,.F.);
#2856=ORIENTED_EDGE('',*,*,#2130,.F.);
#2857=ORIENTED_EDGE('',*,*,#2131,.T.);
#2858=ORIENTED_EDGE('',*,*,#2132,.T.);
#2859=ORIENTED_EDGE('',*,*,#2131,.F.);
#2860=ORIENTED_EDGE('',*,*,#2129,.F.);
#2861=ORIENTED_EDGE('',*,*,#2118,.T.);
#2862=ORIENTED_EDGE('',*,*,#2133,.T.);
#2863=ORIENTED_EDGE('',*,*,#2134,.T.);
#2864=ORIENTED_EDGE('',*,*,#2135,.T.);
#2865=ORIENTED_EDGE('',*,*,#2133,.F.);
#2866=ORIENTED_EDGE('',*,*,#2135,.F.);
#2867=ORIENTED_EDGE('',*,*,#2136,.T.);
#2868=ORIENTED_EDGE('',*,*,#2137,.T.);
#2869=ORIENTED_EDGE('',*,*,#2136,.F.);
#2870=ORIENTED_EDGE('',*,*,#2134,.F.);
#2871=ORIENTED_EDGE('',*,*,#2058,.T.);
#2872=ORIENTED_EDGE('',*,*,#2138,.T.);
#2873=ORIENTED_EDGE('',*,*,#2119,.T.);
#2874=ORIENTED_EDGE('',*,*,#2138,.F.);
#2875=ORIENTED_EDGE('',*,*,#2109,.F.);
#2876=ORIENTED_EDGE('',*,*,#1896,.T.);
#2877=ORIENTED_EDGE('',*,*,#2139,.T.);
#2878=ORIENTED_EDGE('',*,*,#1902,.F.);
#2879=ORIENTED_EDGE('',*,*,#1894,.F.);
#2880=ORIENTED_EDGE('',*,*,#2116,.T.);
#2881=ORIENTED_EDGE('',*,*,#2140,.T.);
#2882=ORIENTED_EDGE('',*,*,#2022,.T.);
#2883=ORIENTED_EDGE('',*,*,#2114,.T.);
#2884=ORIENTED_EDGE('',*,*,#2141,.T.);
#2885=ORIENTED_EDGE('',*,*,#2142,.T.);
#2886=ORIENTED_EDGE('',*,*,#2143,.T.);
#2887=ORIENTED_EDGE('',*,*,#2144,.T.);
#2888=ORIENTED_EDGE('',*,*,#2145,.T.);
#2889=ORIENTED_EDGE('',*,*,#2141,.F.);
#2890=ORIENTED_EDGE('',*,*,#2113,.T.);
#2891=ORIENTED_EDGE('',*,*,#2146,.T.);
#2892=ORIENTED_EDGE('',*,*,#2144,.F.);
#2893=ORIENTED_EDGE('',*,*,#2112,.T.);
#2894=ORIENTED_EDGE('',*,*,#2147,.T.);
#2895=ORIENTED_EDGE('',*,*,#1904,.F.);
#2896=ORIENTED_EDGE('',*,*,#2034,.T.);
#2897=ORIENTED_EDGE('',*,*,#2148,.T.);
#2898=ORIENTED_EDGE('',*,*,#2110,.T.);
#2899=ORIENTED_EDGE('',*,*,#2111,.T.);
#2900=ORIENTED_EDGE('',*,*,#2148,.F.);
#2901=ORIENTED_EDGE('',*,*,#2149,.T.);
#2902=ORIENTED_EDGE('',*,*,#2147,.F.);
#2903=ORIENTED_EDGE('',*,*,#2115,.T.);
#2904=ORIENTED_EDGE('',*,*,#2143,.F.);
#2905=ORIENTED_EDGE('',*,*,#2015,.T.);
#2906=ORIENTED_EDGE('',*,*,#2140,.F.);
#2907=ORIENTED_EDGE('',*,*,#1992,.F.);
#2908=ORIENTED_EDGE('',*,*,#2016,.F.);
#2909=ORIENTED_EDGE('',*,*,#2142,.F.);
#2910=ORIENTED_EDGE('',*,*,#2150,.T.);
#2911=ORIENTED_EDGE('',*,*,#2011,.F.);
#2912=ORIENTED_EDGE('',*,*,#2150,.F.);
#2913=ORIENTED_EDGE('',*,*,#2145,.F.);
#2914=ORIENTED_EDGE('',*,*,#2151,.T.);
#2915=ORIENTED_EDGE('',*,*,#2012,.F.);
#2916=ORIENTED_EDGE('',*,*,#2151,.F.);
#2917=ORIENTED_EDGE('',*,*,#2146,.F.);
#2918=ORIENTED_EDGE('',*,*,#2152,.F.);
#2919=ORIENTED_EDGE('',*,*,#2008,.F.);
#2920=ORIENTED_EDGE('',*,*,#2013,.F.);
#2921=ORIENTED_EDGE('',*,*,#2152,.T.);
#2922=ORIENTED_EDGE('',*,*,#2149,.F.);
#2923=ORIENTED_EDGE('',*,*,#2033,.T.);
#2924=ORIENTED_EDGE('',*,*,#2007,.F.);
#2925=ORIENTED_EDGE('',*,*,#2153,.F.);
#2926=ORIENTED_EDGE('',*,*,#2154,.T.);
#2927=ORIENTED_EDGE('',*,*,#2155,.T.);
#2928=ORIENTED_EDGE('',*,*,#2156,.T.);
#2929=ORIENTED_EDGE('',*,*,#2157,.F.);
#2930=ORIENTED_EDGE('',*,*,#2018,.F.);
#2931=ORIENTED_EDGE('',*,*,#2032,.F.);
#2932=ORIENTED_EDGE('',*,*,#2038,.F.);
#2933=ORIENTED_EDGE('',*,*,#2158,.T.);
#2934=ORIENTED_EDGE('',*,*,#2159,.T.);
#2935=ORIENTED_EDGE('',*,*,#2160,.T.);
#2936=ORIENTED_EDGE('',*,*,#2161,.T.);
#2937=ORIENTED_EDGE('',*,*,#2162,.T.);
#2938=ORIENTED_EDGE('',*,*,#2163,.T.);
#2939=ORIENTED_EDGE('',*,*,#2164,.T.);
#2940=ORIENTED_EDGE('',*,*,#2165,.T.);
#2941=ORIENTED_EDGE('',*,*,#2166,.T.);
#2942=ORIENTED_EDGE('',*,*,#2167,.T.);
#2943=ORIENTED_EDGE('',*,*,#2168,.T.);
#2944=ORIENTED_EDGE('',*,*,#2169,.F.);
#2945=ORIENTED_EDGE('',*,*,#2170,.F.);
#2946=ORIENTED_EDGE('',*,*,#2171,.F.);
#2947=ORIENTED_EDGE('',*,*,#2172,.F.);
#2948=ORIENTED_EDGE('',*,*,#2156,.F.);
#2949=ORIENTED_EDGE('',*,*,#2173,.F.);
#2950=ORIENTED_EDGE('',*,*,#2174,.F.);
#2951=ORIENTED_EDGE('',*,*,#2168,.F.);
#2952=ORIENTED_EDGE('',*,*,#2175,.F.);
#2953=ORIENTED_EDGE('',*,*,#2176,.F.);
#2954=ORIENTED_EDGE('',*,*,#2177,.F.);
#2955=ORIENTED_EDGE('',*,*,#2158,.F.);
#2956=ORIENTED_EDGE('',*,*,#2178,.T.);
#2957=ORIENTED_EDGE('',*,*,#2179,.F.);
#2958=ORIENTED_EDGE('',*,*,#2178,.F.);
#2959=ORIENTED_EDGE('',*,*,#2024,.F.);
#2960=ORIENTED_EDGE('',*,*,#2180,.T.);
#2961=ORIENTED_EDGE('',*,*,#2181,.F.);
#2962=ORIENTED_EDGE('',*,*,#2182,.T.);
#2963=ORIENTED_EDGE('',*,*,#2183,.T.);
#2964=ORIENTED_EDGE('',*,*,#2184,.F.);
#2965=ORIENTED_EDGE('',*,*,#2023,.F.);
#2966=ORIENTED_EDGE('',*,*,#2185,.F.);
#2967=ORIENTED_EDGE('',*,*,#2186,.F.);
#2968=ORIENTED_EDGE('',*,*,#2180,.F.);
#2969=ORIENTED_EDGE('',*,*,#2025,.F.);
#2970=ORIENTED_EDGE('',*,*,#2184,.T.);
#2971=ORIENTED_EDGE('',*,*,#2187,.T.);
#2972=ORIENTED_EDGE('',*,*,#2188,.F.);
#2973=ORIENTED_EDGE('',*,*,#2181,.T.);
#2974=ORIENTED_EDGE('',*,*,#2186,.T.);
#2975=ORIENTED_EDGE('',*,*,#2189,.F.);
#2976=ORIENTED_EDGE('',*,*,#2190,.F.);
#2977=ORIENTED_EDGE('',*,*,#2182,.F.);
#2978=ORIENTED_EDGE('',*,*,#2190,.T.);
#2979=ORIENTED_EDGE('',*,*,#2191,.F.);
#2980=ORIENTED_EDGE('',*,*,#2192,.F.);
#2981=ORIENTED_EDGE('',*,*,#2183,.F.);
#2982=ORIENTED_EDGE('',*,*,#2192,.T.);
#2983=ORIENTED_EDGE('',*,*,#2193,.F.);
#2984=ORIENTED_EDGE('',*,*,#2187,.F.);
#2985=ORIENTED_EDGE('',*,*,#2026,.F.);
#2986=ORIENTED_EDGE('',*,*,#2188,.T.);
#2987=ORIENTED_EDGE('',*,*,#2193,.T.);
#2988=ORIENTED_EDGE('',*,*,#2191,.T.);
#2989=ORIENTED_EDGE('',*,*,#2189,.T.);
#2990=ORIENTED_EDGE('',*,*,#2185,.T.);
#2991=ORIENTED_EDGE('',*,*,#2028,.F.);
#2992=ORIENTED_EDGE('',*,*,#2194,.T.);
#2993=ORIENTED_EDGE('',*,*,#2195,.T.);
#2994=ORIENTED_EDGE('',*,*,#2196,.F.);
#2995=ORIENTED_EDGE('',*,*,#2197,.F.);
#2996=ORIENTED_EDGE('',*,*,#2198,.F.);
#2997=ORIENTED_EDGE('',*,*,#2027,.F.);
#2998=ORIENTED_EDGE('',*,*,#2199,.F.);
#2999=ORIENTED_EDGE('',*,*,#2200,.F.);
#3000=ORIENTED_EDGE('',*,*,#2194,.F.);
#3001=ORIENTED_EDGE('',*,*,#2195,.F.);
#3002=ORIENTED_EDGE('',*,*,#2200,.T.);
#3003=ORIENTED_EDGE('',*,*,#2201,.F.);
#3004=ORIENTED_EDGE('',*,*,#2202,.F.);
#3005=ORIENTED_EDGE('',*,*,#2196,.T.);
#3006=ORIENTED_EDGE('',*,*,#2202,.T.);
#3007=ORIENTED_EDGE('',*,*,#2203,.F.);
#3008=ORIENTED_EDGE('',*,*,#2204,.F.);
#3009=ORIENTED_EDGE('',*,*,#2197,.T.);
#3010=ORIENTED_EDGE('',*,*,#2204,.T.);
#3011=ORIENTED_EDGE('',*,*,#2205,.F.);
#3012=ORIENTED_EDGE('',*,*,#2206,.F.);
#3013=ORIENTED_EDGE('',*,*,#2029,.F.);
#3014=ORIENTED_EDGE('',*,*,#2198,.T.);
#3015=ORIENTED_EDGE('',*,*,#2206,.T.);
#3016=ORIENTED_EDGE('',*,*,#2207,.F.);
#3017=ORIENTED_EDGE('',*,*,#2030,.F.);
#3018=ORIENTED_EDGE('',*,*,#2207,.T.);
#3019=ORIENTED_EDGE('',*,*,#2205,.T.);
#3020=ORIENTED_EDGE('',*,*,#2203,.T.);
#3021=ORIENTED_EDGE('',*,*,#2201,.T.);
#3022=ORIENTED_EDGE('',*,*,#2199,.T.);
#3023=ORIENTED_EDGE('',*,*,#2153,.T.);
#3024=ORIENTED_EDGE('',*,*,#2037,.T.);
#3025=ORIENTED_EDGE('',*,*,#2208,.T.);
#3026=ORIENTED_EDGE('',*,*,#2209,.T.);
#3027=ORIENTED_EDGE('',*,*,#2101,.F.);
#3028=ORIENTED_EDGE('',*,*,#1857,.T.);
#3029=ORIENTED_EDGE('',*,*,#2210,.T.);
#3030=ORIENTED_EDGE('',*,*,#2208,.F.);
#3031=ORIENTED_EDGE('',*,*,#1860,.F.);
#3032=ORIENTED_EDGE('',*,*,#2103,.T.);
#3033=ORIENTED_EDGE('',*,*,#2211,.T.);
#3034=ORIENTED_EDGE('',*,*,#2212,.T.);
#3035=ORIENTED_EDGE('',*,*,#2213,.F.);
#3036=ORIENTED_EDGE('',*,*,#1835,.F.);
#3037=ORIENTED_EDGE('',*,*,#1840,.F.);
#3038=ORIENTED_EDGE('',*,*,#2104,.F.);
#3039=ORIENTED_EDGE('',*,*,#2214,.T.);
#3040=ORIENTED_EDGE('',*,*,#2215,.T.);
#3041=ORIENTED_EDGE('',*,*,#2211,.F.);
#3042=ORIENTED_EDGE('',*,*,#2154,.F.);
#3043=ORIENTED_EDGE('',*,*,#2209,.F.);
#3044=ORIENTED_EDGE('',*,*,#2216,.F.);
#3045=ORIENTED_EDGE('',*,*,#2217,.F.);
#3046=ORIENTED_EDGE('',*,*,#2218,.F.);
#3047=ORIENTED_EDGE('',*,*,#2219,.F.);
#3048=ORIENTED_EDGE('',*,*,#2220,.F.);
#3049=ORIENTED_EDGE('',*,*,#2221,.F.);
#3050=ORIENTED_EDGE('',*,*,#2219,.T.);
#3051=ORIENTED_EDGE('',*,*,#2222,.T.);
#3052=ORIENTED_EDGE('',*,*,#2223,.T.);
#3053=ORIENTED_EDGE('',*,*,#2224,.F.);
#3054=ORIENTED_EDGE('',*,*,#2225,.T.);
#3055=ORIENTED_EDGE('',*,*,#2226,.T.);
#3056=ORIENTED_EDGE('',*,*,#2173,.T.);
#3057=ORIENTED_EDGE('',*,*,#2155,.F.);
#3058=ORIENTED_EDGE('',*,*,#2218,.T.);
#3059=ORIENTED_EDGE('',*,*,#2227,.F.);
#3060=ORIENTED_EDGE('',*,*,#2228,.T.);
#3061=ORIENTED_EDGE('',*,*,#2222,.F.);
#3062=ORIENTED_EDGE('',*,*,#2229,.F.);
#3063=ORIENTED_EDGE('',*,*,#2230,.F.);
#3064=ORIENTED_EDGE('',*,*,#2167,.F.);
#3065=ORIENTED_EDGE('',*,*,#2231,.F.);
#3066=ORIENTED_EDGE('',*,*,#2230,.T.);
#3067=ORIENTED_EDGE('',*,*,#2232,.F.);
#3068=ORIENTED_EDGE('',*,*,#2233,.T.);
#3069=ORIENTED_EDGE('',*,*,#2165,.F.);
#3070=ORIENTED_EDGE('',*,*,#2234,.F.);
#3071=ORIENTED_EDGE('',*,*,#2235,.T.);
#3072=ORIENTED_EDGE('',*,*,#2163,.F.);
#3073=ORIENTED_EDGE('',*,*,#2236,.F.);
#3074=ORIENTED_EDGE('',*,*,#2171,.T.);
#3075=ORIENTED_EDGE('',*,*,#2237,.F.);
#3076=ORIENTED_EDGE('',*,*,#2238,.F.);
#3077=ORIENTED_EDGE('',*,*,#2239,.T.);
#3078=ORIENTED_EDGE('',*,*,#2215,.F.);
#3079=ORIENTED_EDGE('',*,*,#2175,.T.);
#3080=ORIENTED_EDGE('',*,*,#2169,.T.);
#3081=ORIENTED_EDGE('',*,*,#2174,.T.);
#3082=ORIENTED_EDGE('',*,*,#2226,.F.);
#3083=ORIENTED_EDGE('',*,*,#2240,.T.);
#3084=ORIENTED_EDGE('',*,*,#2241,.F.);
#3085=ORIENTED_EDGE('',*,*,#2242,.F.);
#3086=ORIENTED_EDGE('',*,*,#2243,.T.);
#3087=ORIENTED_EDGE('',*,*,#2244,.F.);
#3088=ORIENTED_EDGE('',*,*,#2236,.T.);
#3089=ORIENTED_EDGE('',*,*,#2162,.F.);
#3090=ORIENTED_EDGE('',*,*,#2231,.T.);
#3091=ORIENTED_EDGE('',*,*,#2166,.F.);
#3092=ORIENTED_EDGE('',*,*,#2233,.F.);
#3093=ORIENTED_EDGE('',*,*,#2245,.F.);
#3094=ORIENTED_EDGE('',*,*,#2246,.F.);
#3095=ORIENTED_EDGE('',*,*,#2247,.F.);
#3096=ORIENTED_EDGE('',*,*,#2176,.T.);
#3097=ORIENTED_EDGE('',*,*,#2248,.T.);
#3098=ORIENTED_EDGE('',*,*,#2249,.T.);
#3099=ORIENTED_EDGE('',*,*,#2234,.T.);
#3100=ORIENTED_EDGE('',*,*,#2244,.T.);
#3101=ORIENTED_EDGE('',*,*,#2250,.T.);
#3102=ORIENTED_EDGE('',*,*,#2248,.F.);
#3103=ORIENTED_EDGE('',*,*,#2223,.F.);
#3104=ORIENTED_EDGE('',*,*,#2228,.F.);
#3105=ORIENTED_EDGE('',*,*,#2251,.F.);
#3106=ORIENTED_EDGE('',*,*,#2216,.T.);
#3107=ORIENTED_EDGE('',*,*,#2210,.F.);
#3108=ORIENTED_EDGE('',*,*,#2252,.T.);
#3109=ORIENTED_EDGE('',*,*,#2253,.F.);
#3110=ORIENTED_EDGE('',*,*,#1856,.F.);
#3111=ORIENTED_EDGE('',*,*,#2254,.F.);
#3112=ORIENTED_EDGE('',*,*,#2252,.F.);
#3113=ORIENTED_EDGE('',*,*,#1836,.F.);
#3114=ORIENTED_EDGE('',*,*,#2213,.T.);
#3115=ORIENTED_EDGE('',*,*,#2255,.T.);
#3116=ORIENTED_EDGE('',*,*,#2256,.T.);
#3117=ORIENTED_EDGE('',*,*,#2257,.T.);
#3118=ORIENTED_EDGE('',*,*,#2258,.T.);
#3119=ORIENTED_EDGE('',*,*,#2259,.T.);
#3120=ORIENTED_EDGE('',*,*,#2260,.T.);
#3121=ORIENTED_EDGE('',*,*,#2261,.T.);
#3122=ORIENTED_EDGE('',*,*,#2262,.T.);
#3123=ORIENTED_EDGE('',*,*,#2263,.T.);
#3124=ORIENTED_EDGE('',*,*,#2264,.T.);
#3125=ORIENTED_EDGE('',*,*,#2265,.T.);
#3126=ORIENTED_EDGE('',*,*,#2266,.T.);
#3127=ORIENTED_EDGE('',*,*,#2267,.T.);
#3128=ORIENTED_EDGE('',*,*,#2224,.T.);
#3129=ORIENTED_EDGE('',*,*,#2251,.T.);
#3130=ORIENTED_EDGE('',*,*,#2227,.T.);
#3131=ORIENTED_EDGE('',*,*,#2217,.T.);
#3132=ORIENTED_EDGE('',*,*,#2253,.T.);
#3133=ORIENTED_EDGE('',*,*,#2254,.T.);
#3134=ORIENTED_EDGE('',*,*,#1855,.T.);
#3135=ORIENTED_EDGE('',*,*,#1831,.F.);
#3136=ORIENTED_EDGE('',*,*,#1833,.F.);
#3137=ORIENTED_EDGE('',*,*,#2268,.F.);
#3138=ORIENTED_EDGE('',*,*,#2255,.F.);
#3139=ORIENTED_EDGE('',*,*,#2212,.F.);
#3140=ORIENTED_EDGE('',*,*,#2239,.F.);
#3141=ORIENTED_EDGE('',*,*,#2269,.F.);
#3142=ORIENTED_EDGE('',*,*,#2240,.F.);
#3143=ORIENTED_EDGE('',*,*,#2225,.F.);
#3144=ORIENTED_EDGE('',*,*,#2267,.F.);
#3145=ORIENTED_EDGE('',*,*,#2241,.T.);
#3146=ORIENTED_EDGE('',*,*,#2269,.T.);
#3147=ORIENTED_EDGE('',*,*,#2266,.F.);
#3148=ORIENTED_EDGE('',*,*,#2270,.F.);
#3149=ORIENTED_EDGE('',*,*,#2271,.T.);
#3150=ORIENTED_EDGE('',*,*,#2272,.T.);
#3151=ORIENTED_EDGE('',*,*,#2268,.T.);
#3152=ORIENTED_EDGE('',*,*,#2238,.T.);
#3153=ORIENTED_EDGE('',*,*,#2273,.F.);
#3154=ORIENTED_EDGE('',*,*,#2274,.T.);
#3155=ORIENTED_EDGE('',*,*,#2275,.T.);
#3156=ORIENTED_EDGE('',*,*,#2256,.F.);
#3157=ORIENTED_EDGE('',*,*,#2170,.T.);
#3158=ORIENTED_EDGE('',*,*,#2242,.T.);
#3159=ORIENTED_EDGE('',*,*,#2272,.F.);
#3160=ORIENTED_EDGE('',*,*,#2276,.T.);
#3161=ORIENTED_EDGE('',*,*,#2277,.F.);
#3162=ORIENTED_EDGE('',*,*,#2278,.F.);
#3163=ORIENTED_EDGE('',*,*,#2279,.T.);
#3164=ORIENTED_EDGE('',*,*,#2280,.T.);
#3165=ORIENTED_EDGE('',*,*,#2273,.T.);
#3166=ORIENTED_EDGE('',*,*,#2237,.T.);
#3167=ORIENTED_EDGE('',*,*,#2250,.F.);
#3168=ORIENTED_EDGE('',*,*,#2243,.F.);
#3169=ORIENTED_EDGE('',*,*,#2164,.F.);
#3170=ORIENTED_EDGE('',*,*,#2235,.F.);
#3171=ORIENTED_EDGE('',*,*,#2249,.F.);
#3172=ORIENTED_EDGE('',*,*,#2281,.F.);
#3173=ORIENTED_EDGE('',*,*,#2177,.T.);
#3174=ORIENTED_EDGE('',*,*,#2282,.T.);
#3175=ORIENTED_EDGE('',*,*,#2245,.T.);
#3176=ORIENTED_EDGE('',*,*,#2232,.T.);
#3177=ORIENTED_EDGE('',*,*,#2229,.T.);
#3178=ORIENTED_EDGE('',*,*,#2246,.T.);
#3179=ORIENTED_EDGE('',*,*,#2282,.F.);
#3180=ORIENTED_EDGE('',*,*,#2276,.F.);
#3181=ORIENTED_EDGE('',*,*,#2271,.F.);
#3182=ORIENTED_EDGE('',*,*,#2283,.F.);
#3183=ORIENTED_EDGE('',*,*,#2284,.T.);
#3184=ORIENTED_EDGE('',*,*,#2281,.T.);
#3185=ORIENTED_EDGE('',*,*,#2284,.F.);
#3186=ORIENTED_EDGE('',*,*,#2285,.F.);
#3187=ORIENTED_EDGE('',*,*,#2286,.F.);
#3188=ORIENTED_EDGE('',*,*,#2287,.F.);
#3189=ORIENTED_EDGE('',*,*,#2274,.F.);
#3190=ORIENTED_EDGE('',*,*,#2280,.F.);
#3191=ORIENTED_EDGE('',*,*,#2288,.F.);
#3192=ORIENTED_EDGE('',*,*,#2289,.F.);
#3193=ORIENTED_EDGE('',*,*,#2290,.T.);
#3194=ORIENTED_EDGE('',*,*,#2247,.T.);
#3195=ORIENTED_EDGE('',*,*,#2290,.F.);
#3196=ORIENTED_EDGE('',*,*,#2285,.T.);
#3197=ORIENTED_EDGE('',*,*,#2283,.T.);
#3198=ORIENTED_EDGE('',*,*,#2270,.T.);
#3199=ORIENTED_EDGE('',*,*,#2265,.F.);
#3200=ORIENTED_EDGE('',*,*,#2291,.F.);
#3201=ORIENTED_EDGE('',*,*,#2292,.F.);
#3202=ORIENTED_EDGE('',*,*,#2293,.T.);
#3203=ORIENTED_EDGE('',*,*,#2220,.T.);
#3204=ORIENTED_EDGE('',*,*,#2294,.T.);
#3205=ORIENTED_EDGE('',*,*,#2295,.T.);
#3206=ORIENTED_EDGE('',*,*,#2294,.F.);
#3207=ORIENTED_EDGE('',*,*,#2295,.F.);
#3208=ORIENTED_EDGE('',*,*,#2296,.F.);
#3209=ORIENTED_EDGE('',*,*,#2221,.T.);
#3210=ORIENTED_EDGE('',*,*,#2297,.T.);
#3211=ORIENTED_EDGE('',*,*,#2298,.T.);
#3212=ORIENTED_EDGE('',*,*,#2297,.F.);
#3213=ORIENTED_EDGE('',*,*,#2298,.F.);
#3214=ORIENTED_EDGE('',*,*,#2299,.F.);
#3215=ORIENTED_EDGE('',*,*,#2299,.T.);
#3216=ORIENTED_EDGE('',*,*,#2300,.T.);
#3217=ORIENTED_EDGE('',*,*,#2301,.F.);
#3218=ORIENTED_EDGE('',*,*,#2300,.F.);
#3219=ORIENTED_EDGE('',*,*,#2296,.T.);
#3220=ORIENTED_EDGE('',*,*,#2302,.T.);
#3221=ORIENTED_EDGE('',*,*,#2303,.F.);
#3222=ORIENTED_EDGE('',*,*,#2302,.F.);
#3223=ORIENTED_EDGE('',*,*,#2304,.T.);
#3224=ORIENTED_EDGE('',*,*,#2305,.T.);
#3225=ORIENTED_EDGE('',*,*,#2278,.T.);
#3226=ORIENTED_EDGE('',*,*,#2306,.T.);
#3227=ORIENTED_EDGE('',*,*,#2292,.T.);
#3228=ORIENTED_EDGE('',*,*,#2307,.T.);
#3229=ORIENTED_EDGE('',*,*,#2308,.T.);
#3230=ORIENTED_EDGE('',*,*,#2309,.T.);
#3231=ORIENTED_EDGE('',*,*,#2310,.T.);
#3232=ORIENTED_EDGE('',*,*,#2311,.T.);
#3233=ORIENTED_EDGE('',*,*,#2312,.T.);
#3234=ORIENTED_EDGE('',*,*,#2313,.T.);
#3235=ORIENTED_EDGE('',*,*,#2179,.T.);
#3236=ORIENTED_EDGE('',*,*,#2314,.F.);
#3237=ORIENTED_EDGE('',*,*,#2315,.F.);
#3238=ORIENTED_EDGE('',*,*,#2316,.F.);
#3239=ORIENTED_EDGE('',*,*,#2315,.T.);
#3240=ORIENTED_EDGE('',*,*,#2317,.T.);
#3241=ORIENTED_EDGE('',*,*,#2161,.F.);
#3242=ORIENTED_EDGE('',*,*,#2318,.F.);
#3243=ORIENTED_EDGE('',*,*,#2316,.T.);
#3244=ORIENTED_EDGE('',*,*,#2318,.T.);
#3245=ORIENTED_EDGE('',*,*,#2160,.F.);
#3246=ORIENTED_EDGE('',*,*,#2319,.F.);
#3247=ORIENTED_EDGE('',*,*,#2314,.T.);
#3248=ORIENTED_EDGE('',*,*,#2319,.T.);
#3249=ORIENTED_EDGE('',*,*,#2159,.F.);
#3250=ORIENTED_EDGE('',*,*,#2317,.F.);
#3251=ORIENTED_EDGE('',*,*,#2287,.T.);
#3252=ORIENTED_EDGE('',*,*,#2289,.T.);
#3253=ORIENTED_EDGE('',*,*,#2320,.F.);
#3254=ORIENTED_EDGE('',*,*,#2304,.F.);
#3255=ORIENTED_EDGE('',*,*,#2321,.T.);
#3256=ORIENTED_EDGE('',*,*,#2257,.F.);
#3257=ORIENTED_EDGE('',*,*,#2275,.F.);
#3258=ORIENTED_EDGE('',*,*,#2288,.T.);
#3259=ORIENTED_EDGE('',*,*,#2279,.F.);
#3260=ORIENTED_EDGE('',*,*,#2305,.F.);
#3261=ORIENTED_EDGE('',*,*,#2320,.T.);
#3262=ORIENTED_EDGE('',*,*,#2286,.T.);
#3263=ORIENTED_EDGE('',*,*,#2293,.F.);
#3264=ORIENTED_EDGE('',*,*,#2306,.F.);
#3265=ORIENTED_EDGE('',*,*,#2277,.T.);
#3266=ORIENTED_EDGE('',*,*,#2307,.F.);
#3267=ORIENTED_EDGE('',*,*,#2291,.T.);
#3268=ORIENTED_EDGE('',*,*,#2264,.F.);
#3269=ORIENTED_EDGE('',*,*,#2322,.F.);
#3270=ORIENTED_EDGE('',*,*,#2308,.F.);
#3271=ORIENTED_EDGE('',*,*,#2322,.T.);
#3272=ORIENTED_EDGE('',*,*,#2263,.F.);
#3273=ORIENTED_EDGE('',*,*,#2323,.F.);
#3274=ORIENTED_EDGE('',*,*,#2303,.T.);
#3275=ORIENTED_EDGE('',*,*,#2309,.F.);
#3276=ORIENTED_EDGE('',*,*,#2323,.T.);
#3277=ORIENTED_EDGE('',*,*,#2262,.F.);
#3278=ORIENTED_EDGE('',*,*,#2324,.F.);
#3279=ORIENTED_EDGE('',*,*,#2310,.F.);
#3280=ORIENTED_EDGE('',*,*,#2324,.T.);
#3281=ORIENTED_EDGE('',*,*,#2261,.F.);
#3282=ORIENTED_EDGE('',*,*,#2325,.F.);
#3283=ORIENTED_EDGE('',*,*,#2311,.F.);
#3284=ORIENTED_EDGE('',*,*,#2325,.T.);
#3285=ORIENTED_EDGE('',*,*,#2260,.F.);
#3286=ORIENTED_EDGE('',*,*,#2326,.F.);
#3287=ORIENTED_EDGE('',*,*,#2312,.F.);
#3288=ORIENTED_EDGE('',*,*,#2326,.T.);
#3289=ORIENTED_EDGE('',*,*,#2259,.F.);
#3290=ORIENTED_EDGE('',*,*,#2327,.F.);
#3291=ORIENTED_EDGE('',*,*,#2301,.T.);
#3292=ORIENTED_EDGE('',*,*,#2313,.F.);
#3293=ORIENTED_EDGE('',*,*,#2327,.T.);
#3294=ORIENTED_EDGE('',*,*,#2258,.F.);
#3295=ORIENTED_EDGE('',*,*,#2321,.F.);
#3296=ORIENTED_EDGE('',*,*,#2139,.F.);
#3297=ORIENTED_EDGE('',*,*,#1898,.T.);
#3298=ORIENTED_EDGE('',*,*,#1889,.T.);
#3299=ORIENTED_EDGE('',*,*,#2328,.T.);
#3300=ORIENTED_EDGE('',*,*,#1876,.T.);
#3301=ORIENTED_EDGE('',*,*,#1899,.F.);
#3302=ORIENTED_EDGE('',*,*,#2328,.F.);
#3303=ORIENTED_EDGE('',*,*,#1888,.F.);
#3304=ORIENTED_EDGE('',*,*,#2329,.F.);
#3305=ORIENTED_EDGE('',*,*,#1877,.F.);
#3306=ORIENTED_EDGE('',*,*,#2089,.F.);
#3307=ORIENTED_EDGE('',*,*,#1872,.T.);
#3308=ORIENTED_EDGE('',*,*,#1878,.T.);
#3309=ORIENTED_EDGE('',*,*,#2329,.T.);
#3310=ORIENTED_EDGE('',*,*,#1887,.T.);
#3311=ORIENTED_EDGE('',*,*,#1879,.F.);
#3312=ORIENTED_EDGE('',*,*,#1929,.F.);
#3313=ORIENTED_EDGE('',*,*,#2074,.F.);
#3314=ORIENTED_EDGE('',*,*,#1924,.F.);
#3315=ORIENTED_EDGE('',*,*,#2078,.F.);
#3316=ORIENTED_EDGE('',*,*,#1919,.F.);
#3317=ORIENTED_EDGE('',*,*,#2086,.F.);
#3318=ORIENTED_EDGE('',*,*,#1914,.F.);
#3319=ORIENTED_EDGE('',*,*,#2082,.F.);
#3320=ORIENTED_EDGE('',*,*,#2042,.F.);
#3321=ORIENTED_EDGE('',*,*,#2132,.F.);
#3322=ORIENTED_EDGE('',*,*,#2046,.F.);
#3323=ORIENTED_EDGE('',*,*,#2127,.F.);
#3324=ORIENTED_EDGE('',*,*,#2050,.F.);
#3325=ORIENTED_EDGE('',*,*,#2137,.F.);
#3326=ORIENTED_EDGE('',*,*,#2054,.F.);
#3327=ORIENTED_EDGE('',*,*,#2122,.F.);
#3328=ORIENTED_EDGE('',*,*,#1984,.F.);
#3329=ORIENTED_EDGE('',*,*,#1987,.T.);
#3330=ORIENTED_EDGE('',*,*,#2330,.T.);
#3331=ORIENTED_EDGE('',*,*,#2331,.T.);
#3332=ORIENTED_EDGE('',*,*,#2332,.T.);
#3333=ORIENTED_EDGE('',*,*,#2333,.T.);
#3334=ORIENTED_EDGE('',*,*,#1991,.F.);
#3335=ORIENTED_EDGE('',*,*,#2334,.T.);
#3336=ORIENTED_EDGE('',*,*,#2330,.F.);
#3337=ORIENTED_EDGE('',*,*,#1986,.F.);
#3338=ORIENTED_EDGE('',*,*,#1990,.F.);
#3339=ORIENTED_EDGE('',*,*,#2335,.T.);
#3340=ORIENTED_EDGE('',*,*,#2331,.F.);
#3341=ORIENTED_EDGE('',*,*,#2334,.F.);
#3342=ORIENTED_EDGE('',*,*,#1989,.T.);
#3343=ORIENTED_EDGE('',*,*,#2336,.T.);
#3344=ORIENTED_EDGE('',*,*,#2332,.F.);
#3345=ORIENTED_EDGE('',*,*,#2335,.F.);
#3346=ORIENTED_EDGE('',*,*,#1980,.F.);
#3347=ORIENTED_EDGE('',*,*,#2333,.F.);
#3348=ORIENTED_EDGE('',*,*,#2336,.F.);
#3349=ORIENTED_EDGE('',*,*,#1988,.F.);
#3350=ORIENTED_EDGE('',*,*,#1948,.F.);
#3351=ORIENTED_EDGE('',*,*,#1951,.T.);
#3352=ORIENTED_EDGE('',*,*,#2337,.T.);
#3353=ORIENTED_EDGE('',*,*,#2338,.T.);
#3354=ORIENTED_EDGE('',*,*,#2339,.T.);
#3355=ORIENTED_EDGE('',*,*,#2340,.T.);
#3356=ORIENTED_EDGE('',*,*,#1955,.T.);
#3357=ORIENTED_EDGE('',*,*,#2341,.T.);
#3358=ORIENTED_EDGE('',*,*,#2337,.F.);
#3359=ORIENTED_EDGE('',*,*,#1950,.F.);
#3360=ORIENTED_EDGE('',*,*,#1954,.T.);
#3361=ORIENTED_EDGE('',*,*,#2342,.T.);
#3362=ORIENTED_EDGE('',*,*,#2338,.F.);
#3363=ORIENTED_EDGE('',*,*,#2341,.F.);
#3364=ORIENTED_EDGE('',*,*,#1953,.F.);
#3365=ORIENTED_EDGE('',*,*,#2343,.T.);
#3366=ORIENTED_EDGE('',*,*,#2339,.F.);
#3367=ORIENTED_EDGE('',*,*,#2342,.F.);
#3368=ORIENTED_EDGE('',*,*,#1941,.F.);
#3369=ORIENTED_EDGE('',*,*,#2340,.F.);
#3370=ORIENTED_EDGE('',*,*,#2343,.F.);
#3371=ORIENTED_EDGE('',*,*,#1952,.F.);
#3372=ORIENTED_EDGE('',*,*,#2157,.T.);
#3373=ORIENTED_EDGE('',*,*,#2172,.T.);
#3374=ORIENTED_EDGE('',*,*,#2214,.F.);
#3375=ORIENTED_EDGE('',*,*,#2019,.T.);
#3376=B_SPLINE_SURFACE_WITH_KNOTS('',3,3,((#4936,#4937,#4938,#4939,#4940,
#4941,#4942),(#4943,#4944,#4945,#4946,#4947,#4948,#4949),(#4950,#4951,#4952,
#4953,#4954,#4955,#4956),(#4957,#4958,#4959,#4960,#4961,#4962,#4963),(#4964,
#4965,#4966,#4967,#4968,#4969,#4970)),.UNSPECIFIED.,.F.,.F.,.F.,(4,1,4),
(4,1,1,1,4),(0.,0.571428571428571,1.),(-1.69924316310516E-15,0.00724110129670785,
0.021723303890127,0.0362055064835461,0.0506877090769652),.UNSPECIFIED.);
#3377=B_SPLINE_SURFACE_WITH_KNOTS('',3,3,((#4997,#4998,#4999,#5000),(#5001,
#5002,#5003,#5004),(#5005,#5006,#5007,#5008),(#5009,#5010,#5011,#5012),
(#5013,#5014,#5015,#5016)),.UNSPECIFIED.,.F.,.F.,.F.,(4,1,4),(4,4),(0.,
0.571428571428571,1.),(0.,3.37434816720793),.UNSPECIFIED.);
#3378=B_SPLINE_SURFACE_WITH_KNOTS('',3,3,((#5028,#5029,#5030,#5031,#5032,
#5033,#5034),(#5035,#5036,#5037,#5038,#5039,#5040,#5041),(#5042,#5043,#5044,
#5045,#5046,#5047,#5048),(#5049,#5050,#5051,#5052,#5053,#5054,#5055),(#5056,
#5057,#5058,#5059,#5060,#5061,#5062)),.UNSPECIFIED.,.F.,.F.,.F.,(4,1,4),
(4,1,1,1,4),(0.,0.571428571428571,1.),(8.32667268468867E-17,0.0145272324421863,
0.0217908486632794,0.0363180811054656,0.0508453135476518),.UNSPECIFIED.);
#3379=B_SPLINE_SURFACE_WITH_KNOTS('',3,3,((#5086,#5087,#5088,#5089,#5090,
#5091,#5092,#5093,#5094,#5095,#5096,#5097,#5098,#5099,#5100,#5101,#5102,
#5103,#5104,#5105,#5106,#5107),(#5108,#5109,#5110,#5111,#5112,#5113,#5114,
#5115,#5116,#5117,#5118,#5119,#5120,#5121,#5122,#5123,#5124,#5125,#5126,
#5127,#5128,#5129),(#5130,#5131,#5132,#5133,#5134,#5135,#5136,#5137,#5138,
#5139,#5140,#5141,#5142,#5143,#5144,#5145,#5146,#5147,#5148,#5149,#5150,
#5151),(#5152,#5153,#5154,#5155,#5156,#5157,#5158,#5159,#5160,#5161,#5162,
#5163,#5164,#5165,#5166,#5167,#5168,#5169,#5170,#5171,#5172,#5173),(#5174,
#5175,#5176,#5177,#5178,#5179,#5180,#5181,#5182,#5183,#5184,#5185,#5186,
#5187,#5188,#5189,#5190,#5191,#5192,#5193,#5194,#5195),(#5196,#5197,#5198,
#5199,#5200,#5201,#5202,#5203,#5204,#5205,#5206,#5207,#5208,#5209,#5210,
#5211,#5212,#5213,#5214,#5215,#5216,#5217),(#5218,#5219,#5220,#5221,#5222,
#5223,#5224,#5225,#5226,#5227,#5228,#5229,#5230,#5231,#5232,#5233,#5234,
#5235,#5236,#5237,#5238,#5239)),.UNSPECIFIED.,.F.,.F.,.F.,(4,1,1,1,4),(4,
1,1,1,1,1,1,1,1,1,1,1,1,1,1,1,1,1,1,4),(0.,0.285714285714286,0.5,0.785714285714286,
1.),(0.,0.172854167142662,0.230472222856883,0.259281250713993,0.288090278571103,
0.302494792499658,0.316899306428214,0.331303820356769,0.345708334285324,
0.360112848213879,0.374517362142434,0.388921876070989,0.403326389999545,
0.432135417856655,0.460944445713765,0.691416668570648,0.921888891427531,
1.3828333371413,2.30472222856883,3.22661111999636),.UNSPECIFIED.);
#3380=B_SPLINE_SURFACE_WITH_KNOTS('',3,3,((#5287,#5288,#5289,#5290),(#5291,
#5292,#5293,#5294),(#5295,#5296,#5297,#5298),(#5299,#5300,#5301,#5302),
(#5303,#5304,#5305,#5306),(#5307,#5308,#5309,#5310),(#5311,#5312,#5313,
#5314),(#5315,#5316,#5317,#5318),(#5319,#5320,#5321,#5322),(#5323,#5324,
#5325,#5326)),.UNSPECIFIED.,.F.,.F.,.F.,(4,1,1,1,1,1,1,4),(4,4),(0.000107738860267942,
0.142934603280963,0.285761467701659,0.428588332122354,0.571415196543049,
0.714242060963745,0.85706892538444,0.999895789805135),(0.,0.997900480813731),
 .UNSPECIFIED.);
#3381=B_SPLINE_SURFACE_WITH_KNOTS('',3,3,((#5464,#5465,#5466,#5467,#5468,
#5469,#5470,#5471,#5472,#5473,#5474,#5475,#5476,#5477,#5478,#5479,#5480,
#5481,#5482,#5483,#5484),(#5485,#5486,#5487,#5488,#5489,#5490,#5491,#5492,
#5493,#5494,#5495,#5496,#5497,#5498,#5499,#5500,#5501,#5502,#5503,#5504,
#5505),(#5506,#5507,#5508,#5509,#5510,#5511,#5512,#5513,#5514,#5515,#5516,
#5517,#5518,#5519,#5520,#5521,#5522,#5523,#5524,#5525,#5526),(#5527,#5528,
#5529,#5530,#5531,#5532,#5533,#5534,#5535,#5536,#5537,#5538,#5539,#5540,
#5541,#5542,#5543,#5544,#5545,#5546,#5547),(#5548,#5549,#5550,#5551,#5552,
#5553,#5554,#5555,#5556,#5557,#5558,#5559,#5560,#5561,#5562,#5563,#5564,
#5565,#5566,#5567,#5568),(#5569,#5570,#5571,#5572,#5573,#5574,#5575,#5576,
#5577,#5578,#5579,#5580,#5581,#5582,#5583,#5584,#5585,#5586,#5587,#5588,
#5589),(#5590,#5591,#5592,#5593,#5594,#5595,#5596,#5597,#5598,#5599,#5600,
#5601,#5602,#5603,#5604,#5605,#5606,#5607,#5608,#5609,#5610)),
 .UNSPECIFIED.,.F.,.F.,.F.,(4,1,1,1,4),(4,1,1,1,1,1,1,1,1,1,1,1,1,1,1,1,
1,1,4),(0.,0.285714285714286,0.5,0.785714285714286,1.),(0.,0.115170779270202,
0.230341558540404,0.259134253357955,0.27353060076673,0.280728774471117,
0.287926948175505,0.316719642993056,0.345512337810606,0.359908685219381,
0.374305032628157,0.403097727445707,0.431890422263258,0.460683117080808,
0.691024675621212,0.921366234161616,1.38204935124242,2.30341558540404,3.22478181956566),
 .UNSPECIFIED.);
#3382=B_SPLINE_SURFACE_WITH_KNOTS('',3,3,((#5634,#5635,#5636,#5637,#5638,
#5639,#5640),(#5641,#5642,#5643,#5644,#5645,#5646,#5647),(#5648,#5649,#5650,
#5651,#5652,#5653,#5654),(#5655,#5656,#5657,#5658,#5659,#5660,#5661)),
 .UNSPECIFIED.,.F.,.F.,.F.,(4,4),(4,1,1,1,4),(0.,1.),(0.,0.0100896818271458,
0.0151345227407188,0.0302690454814375,0.0706277727900209),.UNSPECIFIED.);
#3383=B_SPLINE_SURFACE_WITH_KNOTS('',3,3,((#5702,#5703,#5704,#5705,#5706,
#5707,#5708),(#5709,#5710,#5711,#5712,#5713,#5714,#5715),(#5716,#5717,#5718,
#5719,#5720,#5721,#5722),(#5723,#5724,#5725,#5726,#5727,#5728,#5729)),
 .UNSPECIFIED.,.F.,.F.,.F.,(4,4),(4,1,1,1,4),(0.,1.),(0.,0.0101780359664977,
0.0152670539497465,0.030534107899493,0.0712462517654837),.UNSPECIFIED.);
#3384=B_SPLINE_SURFACE_WITH_KNOTS('',3,3,((#5752,#5753,#5754,#5755,#5756,
#5757),(#5758,#5759,#5760,#5761,#5762,#5763),(#5764,#5765,#5766,#5767,#5768,
#5769),(#5770,#5771,#5772,#5773,#5774,#5775)),.UNSPECIFIED.,.F.,.F.,.F.,
(4,4),(4,2,4),(0.,1.),(-0.18091640611463,-0.179550156692817,-0.000352559238526531),
 .UNSPECIFIED.);
#3385=B_SPLINE_SURFACE_WITH_KNOTS('',3,3,((#5796,#5797,#5798,#5799,#5800),
(#5801,#5802,#5803,#5804,#5805),(#5806,#5807,#5808,#5809,#5810),(#5811,
#5812,#5813,#5814,#5815),(#5816,#5817,#5818,#5819,#5820)),.UNSPECIFIED.,
 .F.,.F.,.F.,(4,1,4),(4,1,4),(0.,0.5,1.),(-3.46944695195354E-17,0.673198425769242,
1.5707963267949),.UNSPECIFIED.);
#3386=B_SPLINE_SURFACE_WITH_KNOTS('',3,3,((#5869,#5870,#5871,#5872,#5873),
(#5874,#5875,#5876,#5877,#5878),(#5879,#5880,#5881,#5882,#5883),(#5884,
#5885,#5886,#5887,#5888),(#5889,#5890,#5891,#5892,#5893)),.UNSPECIFIED.,
 .F.,.F.,.F.,(4,1,4),(4,1,4),(0.,0.5,1.),(-1.5707963267949,-0.897597901025656,
0.),.UNSPECIFIED.);
#3387=B_SPLINE_SURFACE_WITH_KNOTS('',3,3,((#5920,#5921,#5922,#5923,#5924),
(#5925,#5926,#5927,#5928,#5929),(#5930,#5931,#5932,#5933,#5934),(#5935,
#5936,#5937,#5938,#5939),(#5940,#5941,#5942,#5943,#5944)),.UNSPECIFIED.,
 .F.,.F.,.F.,(4,1,4),(4,1,4),(0.,0.5,1.),(0.,0.673198425769242,1.5707963267949),
 .UNSPECIFIED.);
#3388=B_SPLINE_SURFACE_WITH_KNOTS('',3,3,((#5973,#5974,#5975,#5976,#5977),
(#5978,#5979,#5980,#5981,#5982),(#5983,#5984,#5985,#5986,#5987),(#5988,
#5989,#5990,#5991,#5992),(#5993,#5994,#5995,#5996,#5997)),.UNSPECIFIED.,
 .F.,.F.,.F.,(4,1,4),(4,1,4),(0.,0.5,1.),(-1.5707963267949,-0.897597901025656,
0.),.UNSPECIFIED.);
#3389=B_SPLINE_SURFACE_WITH_KNOTS('',3,3,((#6010,#6011,#6012,#6013,#6014,
#6015,#6016,#6017,#6018,#6019,#6020,#6021,#6022,#6023,#6024,#6025,#6026),
(#6027,#6028,#6029,#6030,#6031,#6032,#6033,#6034,#6035,#6036,#6037,#6038,
#6039,#6040,#6041,#6042,#6043),(#6044,#6045,#6046,#6047,#6048,#6049,#6050,
#6051,#6052,#6053,#6054,#6055,#6056,#6057,#6058,#6059,#6060),(#6061,#6062,
#6063,#6064,#6065,#6066,#6067,#6068,#6069,#6070,#6071,#6072,#6073,#6074,
#6075,#6076,#6077),(#6078,#6079,#6080,#6081,#6082,#6083,#6084,#6085,#6086,
#6087,#6088,#6089,#6090,#6091,#6092,#6093,#6094)),.UNSPECIFIED.,.F.,.T.,
 .F.,(4,1,4),(4,1,1,1,1,1,1,1,1,1,1,1,1,1,4),(0.,0.571428571428571,1.),
(-1.67455261696867,-1.55494171575662,-1.43533081454457,-1.31571991333253,
-1.19610901212048,-1.07649811090843,-0.956887209696382,-0.87714660888835,
-0.717665407272286,-0.598054506060239,-0.478443604848191,-0.358832703636143,
-0.239221802424096,-0.119610901212048,0.),.UNSPECIFIED.);
#3390=B_SPLINE_SURFACE_WITH_KNOTS('',3,3,((#6123,#6124,#6125,#6126,#6127,
#6128,#6129,#6130,#6131,#6132,#6133,#6134,#6135,#6136),(#6137,#6138,#6139,
#6140,#6141,#6142,#6143,#6144,#6145,#6146,#6147,#6148,#6149,#6150),(#6151,
#6152,#6153,#6154,#6155,#6156,#6157,#6158,#6159,#6160,#6161,#6162,#6163,
#6164),(#6165,#6166,#6167,#6168,#6169,#6170,#6171,#6172,#6173,#6174,#6175,
#6176,#6177,#6178),(#6179,#6180,#6181,#6182,#6183,#6184,#6185,#6186,#6187,
#6188,#6189,#6190,#6191,#6192),(#6193,#6194,#6195,#6196,#6197,#6198,#6199,
#6200,#6201,#6202,#6203,#6204,#6205,#6206)),.UNSPECIFIED.,.F.,.T.,.F.,(4,
1,1,4),(4,1,1,1,1,1,1,1,1,1,1,4),(0.,0.285714285714286,0.571428571428571,
1.),(-1.73836086421201,-1.61419223105401,-1.49002359789601,-1.24168633158001,
-0.993349065264008,-0.951959520878008,-0.745011798948006,-0.496674532632004,
-0.372505899474003,-0.248337266316002,-0.124168633158001,0.),
 .UNSPECIFIED.);
#3391=B_SPLINE_SURFACE_WITH_KNOTS('',3,3,((#6232,#6233,#6234,#6235,#6236,
#6237,#6238,#6239,#6240,#6241,#6242,#6243,#6244),(#6245,#6246,#6247,#6248,
#6249,#6250,#6251,#6252,#6253,#6254,#6255,#6256,#6257),(#6258,#6259,#6260,
#6261,#6262,#6263,#6264,#6265,#6266,#6267,#6268,#6269,#6270),(#6271,#6272,
#6273,#6274,#6275,#6276,#6277,#6278,#6279,#6280,#6281,#6282,#6283),(#6284,
#6285,#6286,#6287,#6288,#6289,#6290,#6291,#6292,#6293,#6294,#6295,#6296),
(#6297,#6298,#6299,#6300,#6301,#6302,#6303,#6304,#6305,#6306,#6307,#6308,
#6309)),.UNSPECIFIED.,.F.,.T.,.F.,(4,1,1,4),(4,1,1,1,1,1,1,1,1,1,4),(0.,
0.285714285714286,0.571428571428571,1.),(-1.73894249221854,-1.61473231420293,
-1.49052213618732,-1.2421017801561,-0.99368142412488,-0.74526106809366,
-0.49684071206244,-0.434735623054635,-0.24842035603122,-0.12421017801561,
0.),.UNSPECIFIED.);
#3392=B_SPLINE_SURFACE_WITH_KNOTS('',3,3,((#6334,#6335,#6336,#6337,#6338,
#6339,#6340,#6341,#6342,#6343,#6344),(#6345,#6346,#6347,#6348,#6349,#6350,
#6351,#6352,#6353,#6354,#6355),(#6356,#6357,#6358,#6359,#6360,#6361,#6362,
#6363,#6364,#6365,#6366),(#6367,#6368,#6369,#6370,#6371,#6372,#6373,#6374,
#6375,#6376,#6377),(#6378,#6379,#6380,#6381,#6382,#6383,#6384,#6385,#6386,
#6387,#6388),(#6389,#6390,#6391,#6392,#6393,#6394,#6395,#6396,#6397,#6398,
#6399)),.UNSPECIFIED.,.F.,.T.,.F.,(4,1,1,4),(4,1,1,1,1,1,1,1,4),(0.,0.285714285714286,
0.571428571428571,1.),(-1.7382993725963,-1.48997089079683,-1.24164240899736,
-0.993313927197887,-0.744985445398415,-0.496656963598943,-0.248328481799472,
-0.124164240899736,0.),.UNSPECIFIED.);
#3393=B_SPLINE_SURFACE_WITH_KNOTS('',3,3,((#6422,#6423,#6424,#6425,#6426,
#6427,#6428,#6429,#6430,#6431,#6432,#6433),(#6434,#6435,#6436,#6437,#6438,
#6439,#6440,#6441,#6442,#6443,#6444,#6445),(#6446,#6447,#6448,#6449,#6450,
#6451,#6452,#6453,#6454,#6455,#6456,#6457),(#6458,#6459,#6460,#6461,#6462,
#6463,#6464,#6465,#6466,#6467,#6468,#6469),(#6470,#6471,#6472,#6473,#6474,
#6475,#6476,#6477,#6478,#6479,#6480,#6481),(#6482,#6483,#6484,#6485,#6486,
#6487,#6488,#6489,#6490,#6491,#6492,#6493)),.UNSPECIFIED.,.F.,.T.,.F.,(4,
1,1,4),(4,1,1,1,1,1,1,1,1,4),(0.,0.285714285714286,0.571428571428571,1.),
(-1.73919370326988,-1.61496558160775,-1.49073745994561,-1.24228121662134,
-0.993824973297074,-0.745368729972805,-0.496912486648537,-0.248456243324269,
-0.124228121662134,0.),.UNSPECIFIED.);
#3394=B_SPLINE_SURFACE_WITH_KNOTS('',3,3,((#6517,#6518,#6519,#6520,#6521,
#6522),(#6523,#6524,#6525,#6526,#6527,#6528),(#6529,#6530,#6531,#6532,#6533,
#6534),(#6535,#6536,#6537,#6538,#6539,#6540)),.UNSPECIFIED.,.F.,.F.,.F.,
(4,4),(4,2,4),(0.,1.),(-0.176755465763074,0.,0.00136645144911941),
 .UNSPECIFIED.);
#3395=B_SPLINE_SURFACE_WITH_KNOTS('',3,3,((#6561,#6562,#6563,#6564,#6565,
#6566,#6567,#6568,#6569,#6570,#6571,#6572,#6573,#6574,#6575,#6576,#6577,
#6578,#6579,#6580,#6581,#6582,#6583,#6584,#6585,#6586,#6587,#6588,#6589),
(#6590,#6591,#6592,#6593,#6594,#6595,#6596,#6597,#6598,#6599,#6600,#6601,
#6602,#6603,#6604,#6605,#6606,#6607,#6608,#6609,#6610,#6611,#6612,#6613,
#6614,#6615,#6616,#6617,#6618),(#6619,#6620,#6621,#6622,#6623,#6624,#6625,
#6626,#6627,#6628,#6629,#6630,#6631,#6632,#6633,#6634,#6635,#6636,#6637,
#6638,#6639,#6640,#6641,#6642,#6643,#6644,#6645,#6646,#6647),(#6648,#6649,
#6650,#6651,#6652,#6653,#6654,#6655,#6656,#6657,#6658,#6659,#6660,#6661,
#6662,#6663,#6664,#6665,#6666,#6667,#6668,#6669,#6670,#6671,#6672,#6673,
#6674,#6675,#6676)),.UNSPECIFIED.,.F.,.F.,.F.,(4,4),(4,2,1,1,1,1,1,1,1,
1,1,1,1,1,1,1,1,1,1,1,1,1,1,2,4),(0.,1.),(-0.00159001150156244,0.,0.075263602437882,
0.150527204875764,0.301054409751528,0.451581614627292,0.602108819503056,
0.752636024378819,0.903163229254583,1.05369043413035,1.20421763900611,1.35474484388188,
1.50527204875764,1.6557992536334,1.80632645850917,1.95685366338493,2.10738086826069,
2.25790807313646,2.40843527801222,2.55896248288799,2.70948968776375,2.86001689263951,
2.9352804950774,3.01054409751528,3.01213360592905),.UNSPECIFIED.);
#3396=B_SPLINE_SURFACE_WITH_KNOTS('',3,3,((#6857,#6858,#6859,#6860,#6861,
#6862,#6863,#6864,#6865,#6866),(#6867,#6868,#6869,#6870,#6871,#6872,#6873,
#6874,#6875,#6876),(#6877,#6878,#6879,#6880,#6881,#6882,#6883,#6884,#6885,
#6886),(#6887,#6888,#6889,#6890,#6891,#6892,#6893,#6894,#6895,#6896),(#6897,
#6898,#6899,#6900,#6901,#6902,#6903,#6904,#6905,#6906)),.UNSPECIFIED.,.F.,
 .F.,.F.,(4,1,4),(4,1,1,1,1,1,1,4),(0.,0.5,1.),(-1.5707963267949,-1.12199737628207,
-0.673198425769241,-0.224399475256414,0.224399475256414,0.673198425769242,
1.12199737628207,1.5707963267949),.UNSPECIFIED.);
#3397=B_SPLINE_SURFACE_WITH_KNOTS('',3,3,((#6962,#6963,#6964,#6965,#6966,
#6967,#6968,#6969,#6970,#6971),(#6972,#6973,#6974,#6975,#6976,#6977,#6978,
#6979,#6980,#6981),(#6982,#6983,#6984,#6985,#6986,#6987,#6988,#6989,#6990,
#6991),(#6992,#6993,#6994,#6995,#6996,#6997,#6998,#6999,#7000,#7001),(#7002,
#7003,#7004,#7005,#7006,#7007,#7008,#7009,#7010,#7011)),.UNSPECIFIED.,.F.,
 .T.,.F.,(4,1,4),(4,1,1,1,1,1,1,4),(0.,0.5,1.),(-3.14159265358979,-2.24399475256414,
-1.34639685153848,-0.448798950512828,0.448798950512828,1.34639685153848,
2.24399475256414,3.14159265358979),.UNSPECIFIED.);
#3398=B_SPLINE_SURFACE_WITH_KNOTS('',3,3,((#7019,#7020,#7021,#7022,#7023,
#7024,#7025,#7026,#7027,#7028),(#7029,#7030,#7031,#7032,#7033,#7034,#7035,
#7036,#7037,#7038),(#7039,#7040,#7041,#7042,#7043,#7044,#7045,#7046,#7047,
#7048),(#7049,#7050,#7051,#7052,#7053,#7054,#7055,#7056,#7057,#7058),(#7059,
#7060,#7061,#7062,#7063,#7064,#7065,#7066,#7067,#7068)),.UNSPECIFIED.,.F.,
 .T.,.F.,(4,1,4),(4,1,1,1,1,1,1,4),(0.,0.5,1.),(-3.14159265358979,-2.24399475256414,
-1.34639685153848,-0.448798950512828,0.448798950512828,1.34639685153848,
2.24399475256414,3.14159265358979),.UNSPECIFIED.);
#3399=B_SPLINE_SURFACE_WITH_KNOTS('',3,3,((#7076,#7077,#7078,#7079,#7080,
#7081,#7082,#7083,#7084,#7085),(#7086,#7087,#7088,#7089,#7090,#7091,#7092,
#7093,#7094,#7095),(#7096,#7097,#7098,#7099,#7100,#7101,#7102,#7103,#7104,
#7105),(#7106,#7107,#7108,#7109,#7110,#7111,#7112,#7113,#7114,#7115),(#7116,
#7117,#7118,#7119,#7120,#7121,#7122,#7123,#7124,#7125)),.UNSPECIFIED.,.F.,
 .T.,.F.,(4,1,4),(4,1,1,1,1,1,1,4),(0.,0.5,1.),(-3.14159265358979,-2.24399475256414,
-1.34639685153848,-0.448798950512828,0.448798950512828,1.34639685153848,
2.24399475256414,3.14159265358979),.UNSPECIFIED.);
#3400=B_SPLINE_SURFACE_WITH_KNOTS('',3,3,((#7133,#7134,#7135,#7136,#7137,
#7138,#7139,#7140,#7141,#7142),(#7143,#7144,#7145,#7146,#7147,#7148,#7149,
#7150,#7151,#7152),(#7153,#7154,#7155,#7156,#7157,#7158,#7159,#7160,#7161,
#7162),(#7163,#7164,#7165,#7166,#7167,#7168,#7169,#7170,#7171,#7172),(#7173,
#7174,#7175,#7176,#7177,#7178,#7179,#7180,#7181,#7182)),.UNSPECIFIED.,.F.,
 .T.,.F.,(4,1,4),(4,1,1,1,1,1,1,4),(0.,0.5,1.),(-3.14159265358979,-2.24399475256414,
-1.34639685153848,-0.448798950512828,0.448798950512828,1.34639685153848,
2.24399475256414,3.14159265358979),.UNSPECIFIED.);
#3401=B_SPLINE_SURFACE_WITH_KNOTS('',3,3,((#7190,#7191,#7192,#7193,#7194,
#7195,#7196,#7197,#7198,#7199),(#7200,#7201,#7202,#7203,#7204,#7205,#7206,
#7207,#7208,#7209),(#7210,#7211,#7212,#7213,#7214,#7215,#7216,#7217,#7218,
#7219),(#7220,#7221,#7222,#7223,#7224,#7225,#7226,#7227,#7228,#7229),(#7230,
#7231,#7232,#7233,#7234,#7235,#7236,#7237,#7238,#7239)),.UNSPECIFIED.,.F.,
 .T.,.F.,(4,1,4),(4,1,1,1,1,1,1,4),(0.,0.5,1.),(-3.14159265358979,-2.24399475256414,
-1.34639685153848,-0.448798950512828,0.448798950512828,1.34639685153848,
2.24399475256414,3.14159265358979),.UNSPECIFIED.);
#3402=B_SPLINE_SURFACE_WITH_KNOTS('',3,3,((#7549,#7550,#7551,#7552),(#7553,
#7554,#7555,#7556),(#7557,#7558,#7559,#7560),(#7561,#7562,#7563,#7564)),
 .UNSPECIFIED.,.F.,.F.,.F.,(4,4),(4,4),(0.,1.),(0.,1.),.UNSPECIFIED.);
#3403=B_SPLINE_SURFACE_WITH_KNOTS('',3,3,((#7572,#7573,#7574,#7575),(#7576,
#7577,#7578,#7579),(#7580,#7581,#7582,#7583),(#7584,#7585,#7586,#7587)),
 .UNSPECIFIED.,.F.,.F.,.F.,(4,4),(4,4),(0.,1.),(0.,1.),.UNSPECIFIED.);
#3404=ADVANCED_FACE('',(#900),#3376,.T.);
#3405=ADVANCED_FACE('',(#901),#3377,.T.);
#3406=ADVANCED_FACE('',(#902),#3378,.T.);
#3407=ADVANCED_FACE('',(#903),#3379,.F.);
#3408=ADVANCED_FACE('',(#904,#854,#855,#856,#857,#858),#3380,.T.);
#3409=ADVANCED_FACE('',(#905),#3381,.F.);
#3410=ADVANCED_FACE('',(#906),#3382,.F.);
#3411=ADVANCED_FACE('',(#907),#757,.T.);
#3412=ADVANCED_FACE('',(#908),#3383,.F.);
#3413=ADVANCED_FACE('',(#909),#3384,.T.);
#3414=ADVANCED_FACE('',(#910),#3385,.T.);
#3415=ADVANCED_FACE('',(#911),#27,.F.);
#3416=ADVANCED_FACE('',(#912),#758,.T.);
#3417=ADVANCED_FACE('',(#913),#28,.F.);
#3418=ADVANCED_FACE('',(#914),#3386,.T.);
#3419=ADVANCED_FACE('',(#915),#759,.T.);
#3420=ADVANCED_FACE('',(#916),#3387,.T.);
#3421=ADVANCED_FACE('',(#917),#29,.F.);
#3422=ADVANCED_FACE('',(#918),#30,.F.);
#3423=ADVANCED_FACE('',(#919),#3388,.T.);
#3424=ADVANCED_FACE('',(#920),#3389,.F.);
#3425=ADVANCED_FACE('',(#921),#31,.F.);
#3426=ADVANCED_FACE('',(#922),#3390,.F.);
#3427=ADVANCED_FACE('',(#923),#32,.F.);
#3428=ADVANCED_FACE('',(#924),#3391,.F.);
#3429=ADVANCED_FACE('',(#925),#33,.F.);
#3430=ADVANCED_FACE('',(#926),#3392,.F.);
#3431=ADVANCED_FACE('',(#927),#34,.F.);
#3432=ADVANCED_FACE('',(#928),#3393,.F.);
#3433=ADVANCED_FACE('',(#929),#35,.F.);
#3434=ADVANCED_FACE('',(#930),#3394,.T.);
#3435=ADVANCED_FACE('',(#931),#3395,.F.);
#3436=ADVANCED_FACE('',(#932),#36,.T.);
#3437=ADVANCED_FACE('',(#933),#37,.F.);
#3438=ADVANCED_FACE('',(#934),#38,.F.);
#3439=ADVANCED_FACE('',(#935),#39,.F.);
#3440=ADVANCED_FACE('',(#936),#40,.F.);
#3441=ADVANCED_FACE('',(#937),#760,.T.);
#3442=ADVANCED_FACE('',(#938),#761,.T.);
#3443=ADVANCED_FACE('',(#939,#859,#860,#861,#862,#863),#762,.T.);
#3444=ADVANCED_FACE('',(#940),#41,.F.);
#3445=ADVANCED_FACE('',(#941),#42,.F.);
#3446=ADVANCED_FACE('',(#942),#43,.F.);
#3447=ADVANCED_FACE('',(#943),#44,.F.);
#3448=ADVANCED_FACE('',(#944),#763,.T.);
#3449=ADVANCED_FACE('',(#945),#764,.T.);
#3450=ADVANCED_FACE('',(#946),#45,.T.);
#3451=ADVANCED_FACE('',(#947),#46,.T.);
#3452=ADVANCED_FACE('',(#948),#47,.T.);
#3453=ADVANCED_FACE('',(#949),#48,.T.);
#3454=ADVANCED_FACE('',(#950),#49,.T.);
#3455=ADVANCED_FACE('',(#951),#50,.T.);
#3456=ADVANCED_FACE('',(#952),#3396,.F.);
#3457=ADVANCED_FACE('',(#953),#51,.T.);
#3458=ADVANCED_FACE('',(#954),#765,.T.);
#3459=ADVANCED_FACE('',(#955,#864,#865),#766,.T.);
#3460=ADVANCED_FACE('',(#956),#767,.T.);
#3461=ADVANCED_FACE('',(#957),#768,.T.);
#3462=ADVANCED_FACE('',(#958),#3397,.F.);
#3463=ADVANCED_FACE('',(#959),#52,.F.);
#3464=ADVANCED_FACE('',(#960),#3398,.F.);
#3465=ADVANCED_FACE('',(#961),#53,.F.);
#3466=ADVANCED_FACE('',(#962),#3399,.F.);
#3467=ADVANCED_FACE('',(#963),#54,.F.);
#3468=ADVANCED_FACE('',(#964),#3400,.F.);
#3469=ADVANCED_FACE('',(#965),#55,.F.);
#3470=ADVANCED_FACE('',(#966),#3401,.F.);
#3471=ADVANCED_FACE('',(#967),#56,.F.);
#3472=ADVANCED_FACE('',(#968),#15,.T.);
#3473=ADVANCED_FACE('',(#969,#866,#867,#868,#869,#870),#769,.F.);
#3474=ADVANCED_FACE('',(#970),#57,.F.);
#3475=ADVANCED_FACE('',(#971),#16,.T.);
#3476=ADVANCED_FACE('',(#972),#58,.F.);
#3477=ADVANCED_FACE('',(#973),#17,.T.);
#3478=ADVANCED_FACE('',(#974),#59,.F.);
#3479=ADVANCED_FACE('',(#975),#18,.T.);
#3480=ADVANCED_FACE('',(#976),#60,.F.);
#3481=ADVANCED_FACE('',(#977),#19,.T.);
#3482=ADVANCED_FACE('',(#978),#61,.F.);
#3483=ADVANCED_FACE('',(#979),#62,.T.);
#3484=ADVANCED_FACE('',(#980),#63,.T.);
#3485=ADVANCED_FACE('',(#981),#64,.T.);
#3486=ADVANCED_FACE('',(#982),#65,.T.);
#3487=ADVANCED_FACE('',(#983),#66,.T.);
#3488=ADVANCED_FACE('',(#984),#20,.T.);
#3489=ADVANCED_FACE('',(#985),#67,.T.);
#3490=ADVANCED_FACE('',(#986),#770,.T.);
#3491=ADVANCED_FACE('',(#987),#771,.T.);
#3492=ADVANCED_FACE('',(#988),#772,.T.);
#3493=ADVANCED_FACE('',(#989),#773,.T.);
#3494=ADVANCED_FACE('',(#990),#21,.T.);
#3495=ADVANCED_FACE('',(#991,#871,#872,#873,#874,#875),#774,.F.);
#3496=ADVANCED_FACE('',(#992),#68,.F.);
#3497=ADVANCED_FACE('',(#993),#22,.T.);
#3498=ADVANCED_FACE('',(#994),#69,.F.);
#3499=ADVANCED_FACE('',(#995),#23,.T.);
#3500=ADVANCED_FACE('',(#996),#70,.F.);
#3501=ADVANCED_FACE('',(#997),#24,.T.);
#3502=ADVANCED_FACE('',(#998),#71,.F.);
#3503=ADVANCED_FACE('',(#999),#25,.T.);
#3504=ADVANCED_FACE('',(#1000),#72,.F.);
#3505=ADVANCED_FACE('',(#1001),#73,.T.);
#3506=ADVANCED_FACE('',(#1002),#74,.T.);
#3507=ADVANCED_FACE('',(#1003),#26,.T.);
#3508=ADVANCED_FACE('',(#1004),#75,.T.);
#3509=ADVANCED_FACE('',(#1005),#76,.T.);
#3510=ADVANCED_FACE('',(#1006),#77,.T.);
#3511=ADVANCED_FACE('',(#1007),#78,.T.);
#3512=ADVANCED_FACE('',(#1008),#775,.T.);
#3513=ADVANCED_FACE('',(#1009),#79,.T.);
#3514=ADVANCED_FACE('',(#1010),#776,.T.);
#3515=ADVANCED_FACE('',(#1011),#777,.T.);
#3516=ADVANCED_FACE('',(#1012,#876,#877,#878,#879),#778,.T.);
#3517=ADVANCED_FACE('',(#1013),#779,.F.);
#3518=ADVANCED_FACE('',(#1014,#880,#881),#780,.T.);
#3519=ADVANCED_FACE('',(#1015),#80,.F.);
#3520=ADVANCED_FACE('',(#1016),#781,.T.);
#3521=ADVANCED_FACE('',(#1017),#782,.T.);
#3522=ADVANCED_FACE('',(#1018),#783,.T.);
#3523=ADVANCED_FACE('',(#1019),#784,.T.);
#3524=ADVANCED_FACE('',(#1020),#785,.T.);
#3525=ADVANCED_FACE('',(#1021),#786,.T.);
#3526=ADVANCED_FACE('',(#1022),#787,.T.);
#3527=ADVANCED_FACE('',(#1023),#788,.T.);
#3528=ADVANCED_FACE('',(#1024),#789,.T.);
#3529=ADVANCED_FACE('',(#1025),#790,.T.);
#3530=ADVANCED_FACE('',(#1026),#791,.T.);
#3531=ADVANCED_FACE('',(#1027),#792,.T.);
#3532=ADVANCED_FACE('',(#1028),#793,.T.);
#3533=ADVANCED_FACE('',(#1029),#794,.T.);
#3534=ADVANCED_FACE('',(#1030),#795,.T.);
#3535=ADVANCED_FACE('',(#1031),#3402,.T.);
#3536=ADVANCED_FACE('',(#1032),#796,.T.);
#3537=ADVANCED_FACE('',(#1033),#3403,.T.);
#3538=ADVANCED_FACE('',(#1034,#882,#883),#797,.T.);
#3539=ADVANCED_FACE('',(#1035),#798,.T.);
#3540=ADVANCED_FACE('',(#1036),#799,.F.);
#3541=ADVANCED_FACE('',(#1037),#800,.T.);
#3542=ADVANCED_FACE('',(#1038),#81,.F.);
#3543=ADVANCED_FACE('',(#1039),#801,.T.);
#3544=ADVANCED_FACE('',(#1040),#802,.F.);
#3545=ADVANCED_FACE('',(#1041),#803,.F.);
#3546=ADVANCED_FACE('',(#1042),#82,.F.);
#3547=ADVANCED_FACE('',(#1043,#884),#804,.T.);
#3548=ADVANCED_FACE('',(#1044),#83,.F.);
#3549=ADVANCED_FACE('',(#1045),#805,.T.);
#3550=ADVANCED_FACE('',(#1046),#806,.F.);
#3551=ADVANCED_FACE('',(#1047),#807,.T.);
#3552=ADVANCED_FACE('',(#1048),#808,.T.);
#3553=ADVANCED_FACE('',(#1049),#809,.T.);
#3554=ADVANCED_FACE('',(#1050),#810,.T.);
#3555=ADVANCED_FACE('',(#1051),#811,.T.);
#3556=ADVANCED_FACE('',(#1052),#812,.T.);
#3557=ADVANCED_FACE('',(#1053),#813,.T.);
#3558=ADVANCED_FACE('',(#1054,#885),#814,.T.);
#3559=ADVANCED_FACE('',(#1055),#84,.F.);
#3560=ADVANCED_FACE('',(#1056),#85,.F.);
#3561=ADVANCED_FACE('',(#1057),#86,.F.);
#3562=ADVANCED_FACE('',(#1058),#815,.T.);
#3563=ADVANCED_FACE('',(#1059),#87,.F.);
#3564=ADVANCED_FACE('',(#1060,#886),#816,.T.);
#3565=ADVANCED_FACE('',(#1061),#88,.F.);
#3566=ADVANCED_FACE('',(#1062,#887),#817,.T.);
#3567=ADVANCED_FACE('',(#1063),#89,.F.);
#3568=ADVANCED_FACE('',(#1064),#90,.F.);
#3569=ADVANCED_FACE('',(#1065,#888,#889),#818,.F.);
#3570=ADVANCED_FACE('',(#1066),#819,.T.);
#3571=ADVANCED_FACE('',(#1067),#820,.T.);
#3572=ADVANCED_FACE('',(#1068),#821,.T.);
#3573=ADVANCED_FACE('',(#1069),#822,.T.);
#3574=ADVANCED_FACE('',(#1070),#823,.T.);
#3575=ADVANCED_FACE('',(#1071),#824,.T.);
#3576=ADVANCED_FACE('',(#1072),#825,.T.);
#3577=ADVANCED_FACE('',(#1073,#890),#826,.T.);
#3578=ADVANCED_FACE('',(#1074),#827,.T.);
#3579=ADVANCED_FACE('',(#1075),#828,.T.);
#3580=ADVANCED_FACE('',(#1076),#829,.T.);
#3581=ADVANCED_FACE('',(#1077,#891),#830,.T.);
#3582=ADVANCED_FACE('',(#1078),#831,.T.);
#3583=ADVANCED_FACE('',(#1079),#832,.T.);
#3584=ADVANCED_FACE('',(#1080),#833,.T.);
#3585=ADVANCED_FACE('',(#1081),#834,.T.);
#3586=ADVANCED_FACE('',(#1082,#892),#835,.T.);
#3587=ADVANCED_FACE('',(#1083,#893),#836,.T.);
#3588=ADVANCED_FACE('',(#1084,#894),#837,.T.);
#3589=ADVANCED_FACE('',(#1085,#895),#838,.T.);
#3590=ADVANCED_FACE('',(#1086,#896),#839,.T.);
#3591=ADVANCED_FACE('',(#1087,#897),#840,.T.);
#3592=ADVANCED_FACE('',(#1088,#898),#841,.T.);
#3593=ADVANCED_FACE('',(#1089,#899),#842,.T.);
#3594=ADVANCED_FACE('',(#1090),#843,.T.);
#3595=ADVANCED_FACE('',(#1091),#844,.T.);
#3596=ADVANCED_FACE('',(#1092),#845,.T.);
#3597=ADVANCED_FACE('',(#1093),#846,.T.);
#3598=ADVANCED_FACE('',(#1094),#847,.T.);
#3599=ADVANCED_FACE('',(#1095),#848,.T.);
#3600=ADVANCED_FACE('',(#1096),#849,.T.);
#3601=ADVANCED_FACE('',(#1097),#850,.T.);
#3602=ADVANCED_FACE('',(#1098),#851,.T.);
#3603=ADVANCED_FACE('',(#1099),#852,.T.);
#3604=ADVANCED_FACE('',(#1100),#853,.T.);
#3605=CLOSED_SHELL('',(#3404,#3405,#3406,#3407,#3408,#3409,#3410,#3411,
#3412,#3413,#3414,#3415,#3416,#3417,#3418,#3419,#3420,#3421,#3422,#3423,
#3424,#3425,#3426,#3427,#3428,#3429,#3430,#3431,#3432,#3433,#3434,#3435,
#3436,#3437,#3438,#3439,#3440,#3441,#3442,#3443,#3444,#3445,#3446,#3447,
#3448,#3449,#3450,#3451,#3452,#3453,#3454,#3455,#3456,#3457,#3458,#3459,
#3460,#3461,#3462,#3463,#3464,#3465,#3466,#3467,#3468,#3469,#3470,#3471,
#3472,#3473,#3474,#3475,#3476,#3477,#3478,#3479,#3480,#3481,#3482,#3483,
#3484,#3485,#3486,#3487,#3488,#3489,#3490,#3491,#3492,#3493,#3494,#3495,
#3496,#3497,#3498,#3499,#3500,#3501,#3502,#3503,#3504,#3505,#3506,#3507,
#3508,#3509,#3510,#3511,#3512,#3513,#3514,#3515,#3516,#3517,#3518,#3519,
#3520,#3521,#3522,#3523,#3524,#3525,#3526,#3527,#3528,#3529,#3530,#3531,
#3532,#3533,#3534,#3535,#3536,#3537,#3538,#3539,#3540,#3541,#3542,#3543,
#3544,#3545,#3546,#3547,#3548,#3549,#3550,#3551,#3552,#3553,#3554,#3555,
#3556,#3557,#3558,#3559,#3560,#3561,#3562,#3563,#3564,#3565,#3566,#3567,
#3568,#3569,#3570,#3571,#3572,#3573,#3574,#3575,#3576,#3577,#3578,#3579,
#3580,#3581,#3582,#3583,#3584,#3585,#3586,#3587,#3588,#3589,#3590,#3591,
#3592,#3593,#3594,#3595,#3596,#3597,#3598,#3599,#3600,#3601,#3602,#3603,
#3604));
#3606=DERIVED_UNIT_ELEMENT(#3608,1.);
#3607=DERIVED_UNIT_ELEMENT(#7874,-3.);
#3608=(
MASS_UNIT()
NAMED_UNIT(*)
SI_UNIT(.KILO.,.GRAM.)
);
#3609=DERIVED_UNIT((#3606,#3607));
#3610=MEASURE_REPRESENTATION_ITEM('density measure',
POSITIVE_RATIO_MEASURE(1120.),#3609);
#3611=PROPERTY_DEFINITION_REPRESENTATION(#3616,#3613);
#3612=PROPERTY_DEFINITION_REPRESENTATION(#3617,#3614);
#3613=REPRESENTATION('material name',(#3615),#7871);
#3614=REPRESENTATION('density',(#3610),#7871);
#3615=DESCRIPTIVE_REPRESENTATION_ITEM('Nylon 6','Nylon 6');
#3616=PROPERTY_DEFINITION('material property','material name',#7881);
#3617=PROPERTY_DEFINITION('material property','density of part',#7881);
#3618=AXIS2_PLACEMENT_3D('',#4935,#3956,#3957);
#3619=AXIS2_PLACEMENT_3D('',#4990,#3958,#3959);
#3620=AXIS2_PLACEMENT_3D('',#5019,#3960,#3961);
#3621=AXIS2_PLACEMENT_3D('',#5264,#3962,#3963);
#3622=AXIS2_PLACEMENT_3D('',#5633,#3964,#3965);
#3623=AXIS2_PLACEMENT_3D('',#5694,#3966,#3967);
#3624=AXIS2_PLACEMENT_3D('',#5823,#3972,#3973);
#3625=AXIS2_PLACEMENT_3D('',#5825,#3974,#3975);
#3626=AXIS2_PLACEMENT_3D('',#5837,#3976,#3977);
#3627=AXIS2_PLACEMENT_3D('',#5838,#3978,#3979);
#3628=AXIS2_PLACEMENT_3D('',#5841,#3980,#3981);
#3629=AXIS2_PLACEMENT_3D('',#5845,#3984,#3985);
#3630=AXIS2_PLACEMENT_3D('',#5846,#3986,#3987);
#3631=AXIS2_PLACEMENT_3D('',#5850,#3989,#3990);
#3632=AXIS2_PLACEMENT_3D('',#5858,#3995,#3996);
#3633=AXIS2_PLACEMENT_3D('',#5861,#3997,#3998);
#3634=AXIS2_PLACEMENT_3D('',#5865,#4000,#4001);
#3635=AXIS2_PLACEMENT_3D('',#5868,#4003,#4004);
#3636=AXIS2_PLACEMENT_3D('',#5906,#4005,#4006);
#3637=AXIS2_PLACEMENT_3D('',#5907,#4007,#4008);
#3638=AXIS2_PLACEMENT_3D('',#5908,#4009,#4010);
#3639=AXIS2_PLACEMENT_3D('',#5918,#4015,#4016);
#3640=AXIS2_PLACEMENT_3D('',#5946,#4018,#4019);
#3641=AXIS2_PLACEMENT_3D('',#5948,#4020,#4021);
#3642=AXIS2_PLACEMENT_3D('',#5959,#4022,#4023);
#3643=AXIS2_PLACEMENT_3D('',#5962,#4024,#4025);
#3644=AXIS2_PLACEMENT_3D('',#5964,#4027,#4028);
#3645=AXIS2_PLACEMENT_3D('',#5965,#4029,#4030);
#3646=AXIS2_PLACEMENT_3D('',#5967,#4031,#4032);
#3647=AXIS2_PLACEMENT_3D('',#5969,#4033,#4034);
#3648=AXIS2_PLACEMENT_3D('',#5972,#4036,#4037);
#3649=AXIS2_PLACEMENT_3D('',#6009,#4038,#4039);
#3650=AXIS2_PLACEMENT_3D('',#6096,#4040,#4041);
#3651=AXIS2_PLACEMENT_3D('',#6119,#4042,#4043);
#3652=AXIS2_PLACEMENT_3D('',#6122,#4045,#4046);
#3653=AXIS2_PLACEMENT_3D('',#6208,#4047,#4048);
#3654=AXIS2_PLACEMENT_3D('',#6228,#4049,#4050);
#3655=AXIS2_PLACEMENT_3D('',#6231,#4052,#4053);
#3656=AXIS2_PLACEMENT_3D('',#6311,#4054,#4055);
#3657=AXIS2_PLACEMENT_3D('',#6330,#4056,#4057);
#3658=AXIS2_PLACEMENT_3D('',#6333,#4059,#4060);
#3659=AXIS2_PLACEMENT_3D('',#6401,#4061,#4062);
#3660=AXIS2_PLACEMENT_3D('',#6418,#4063,#4064);
#3661=AXIS2_PLACEMENT_3D('',#6421,#4066,#4067);
#3662=AXIS2_PLACEMENT_3D('',#6495,#4068,#4069);
#3663=AXIS2_PLACEMENT_3D('',#6513,#4070,#4071);
#3664=AXIS2_PLACEMENT_3D('',#6516,#4073,#4074);
#3665=AXIS2_PLACEMENT_3D('',#6706,#4075,#4076);
#3666=AXIS2_PLACEMENT_3D('',#6710,#4078,#4079);
#3667=AXIS2_PLACEMENT_3D('',#6712,#4081,#4082);
#3668=AXIS2_PLACEMENT_3D('',#6717,#4084,#4085);
#3669=AXIS2_PLACEMENT_3D('',#6720,#4087,#4088);
#3670=AXIS2_PLACEMENT_3D('',#6721,#4089,#4090);
#3671=AXIS2_PLACEMENT_3D('',#6726,#4093,#4094);
#3672=AXIS2_PLACEMENT_3D('',#6727,#4095,#4096);
#3673=AXIS2_PLACEMENT_3D('',#6732,#4099,#4100);
#3674=AXIS2_PLACEMENT_3D('',#6733,#4101,#4102);
#3675=AXIS2_PLACEMENT_3D('',#6736,#4105,#4106);
#3676=AXIS2_PLACEMENT_3D('',#6742,#4110,#4111);
#3677=AXIS2_PLACEMENT_3D('',#6750,#4116,#4117);
#3678=AXIS2_PLACEMENT_3D('',#6753,#4118,#4119);
#3679=AXIS2_PLACEMENT_3D('',#6754,#4120,#4121);
#3680=AXIS2_PLACEMENT_3D('',#6756,#4122,#4123);
#3681=AXIS2_PLACEMENT_3D('',#6758,#4124,#4125);
#3682=AXIS2_PLACEMENT_3D('',#6759,#4126,#4127);
#3683=AXIS2_PLACEMENT_3D('',#6761,#4128,#4129);
#3684=AXIS2_PLACEMENT_3D('',#6776,#4137,#4138);
#3685=AXIS2_PLACEMENT_3D('',#6786,#4143,#4144);
#3686=AXIS2_PLACEMENT_3D('',#6788,#4145,#4146);
#3687=AXIS2_PLACEMENT_3D('',#6790,#4147,#4148);
#3688=AXIS2_PLACEMENT_3D('',#6791,#4149,#4150);
#3689=AXIS2_PLACEMENT_3D('',#6793,#4151,#4152);
#3690=AXIS2_PLACEMENT_3D('',#6796,#4154,#4155);
#3691=AXIS2_PLACEMENT_3D('',#6797,#4156,#4157);
#3692=AXIS2_PLACEMENT_3D('',#6800,#4159,#4160);
#3693=AXIS2_PLACEMENT_3D('',#6801,#4161,#4162);
#3694=AXIS2_PLACEMENT_3D('',#6804,#4164,#4165);
#3695=AXIS2_PLACEMENT_3D('',#6805,#4166,#4167);
#3696=AXIS2_PLACEMENT_3D('',#6807,#4169,#4170);
#3697=AXIS2_PLACEMENT_3D('',#6813,#4174,#4175);
#3698=AXIS2_PLACEMENT_3D('',#6821,#4180,#4181);
#3699=AXIS2_PLACEMENT_3D('',#6825,#4183,#4184);
#3700=AXIS2_PLACEMENT_3D('',#6827,#4185,#4186);
#3701=AXIS2_PLACEMENT_3D('',#6828,#4187,#4188);
#3702=AXIS2_PLACEMENT_3D('',#6829,#4189,#4190);
#3703=AXIS2_PLACEMENT_3D('',#6831,#4191,#4192);
#3704=AXIS2_PLACEMENT_3D('',#6833,#4194,#4195);
#3705=AXIS2_PLACEMENT_3D('',#6837,#4197,#4198);
#3706=AXIS2_PLACEMENT_3D('',#6838,#4199,#4200);
#3707=AXIS2_PLACEMENT_3D('',#6839,#4201,#4202);
#3708=AXIS2_PLACEMENT_3D('',#6841,#4203,#4204);
#3709=AXIS2_PLACEMENT_3D('',#6844,#4206,#4207);
#3710=AXIS2_PLACEMENT_3D('',#6845,#4208,#4209);
#3711=AXIS2_PLACEMENT_3D('',#6849,#4211,#4212);
#3712=AXIS2_PLACEMENT_3D('',#6851,#4213,#4214);
#3713=AXIS2_PLACEMENT_3D('',#6852,#4215,#4216);
#3714=AXIS2_PLACEMENT_3D('',#6853,#4217,#4218);
#3715=AXIS2_PLACEMENT_3D('',#6856,#4220,#4221);
#3716=AXIS2_PLACEMENT_3D('',#6908,#4222,#4223);
#3717=AXIS2_PLACEMENT_3D('',#6909,#4224,#4225);
#3718=AXIS2_PLACEMENT_3D('',#6910,#4226,#4227);
#3719=AXIS2_PLACEMENT_3D('',#6913,#4229,#4230);
#3720=AXIS2_PLACEMENT_3D('',#6914,#4231,#4232);
#3721=AXIS2_PLACEMENT_3D('',#6920,#4236,#4237);
#3722=AXIS2_PLACEMENT_3D('',#6947,#4252,#4253);
#3723=AXIS2_PLACEMENT_3D('',#6951,#4256,#4257);
#3724=AXIS2_PLACEMENT_3D('',#7013,#4264,#4265);
#3725=AXIS2_PLACEMENT_3D('',#7014,#4266,#4267);
#3726=AXIS2_PLACEMENT_3D('',#7015,#4268,#4269);
#3727=AXIS2_PLACEMENT_3D('',#7018,#4271,#4272);
#3728=AXIS2_PLACEMENT_3D('',#7070,#4273,#4274);
#3729=AXIS2_PLACEMENT_3D('',#7071,#4275,#4276);
#3730=AXIS2_PLACEMENT_3D('',#7072,#4277,#4278);
#3731=AXIS2_PLACEMENT_3D('',#7075,#4280,#4281);
#3732=AXIS2_PLACEMENT_3D('',#7127,#4282,#4283);
#3733=AXIS2_PLACEMENT_3D('',#7128,#4284,#4285);
#3734=AXIS2_PLACEMENT_3D('',#7129,#4286,#4287);
#3735=AXIS2_PLACEMENT_3D('',#7132,#4289,#4290);
#3736=AXIS2_PLACEMENT_3D('',#7184,#4291,#4292);
#3737=AXIS2_PLACEMENT_3D('',#7185,#4293,#4294);
#3738=AXIS2_PLACEMENT_3D('',#7186,#4295,#4296);
#3739=AXIS2_PLACEMENT_3D('',#7189,#4298,#4299);
#3740=AXIS2_PLACEMENT_3D('',#7241,#4300,#4301);
#3741=AXIS2_PLACEMENT_3D('',#7242,#4302,#4303);
#3742=AXIS2_PLACEMENT_3D('',#7243,#4304,#4305);
#3743=AXIS2_PLACEMENT_3D('',#7246,#4307,#4308);
#3744=AXIS2_PLACEMENT_3D('',#7247,#4309,#4310);
#3745=AXIS2_PLACEMENT_3D('',#7249,#4311,#4312);
#3746=AXIS2_PLACEMENT_3D('',#7251,#4313,#4314);
#3747=AXIS2_PLACEMENT_3D('',#7252,#4315,#4316);
#3748=AXIS2_PLACEMENT_3D('',#7253,#4317,#4318);
#3749=AXIS2_PLACEMENT_3D('',#7262,#4323,#4324);
#3750=AXIS2_PLACEMENT_3D('',#7269,#4328,#4329);
#3751=AXIS2_PLACEMENT_3D('',#7271,#4330,#4331);
#3752=AXIS2_PLACEMENT_3D('',#7273,#4332,#4333);
#3753=AXIS2_PLACEMENT_3D('',#7275,#4334,#4335);
#3754=AXIS2_PLACEMENT_3D('',#7276,#4336,#4337);
#3755=AXIS2_PLACEMENT_3D('',#7278,#4338,#4339);
#3756=AXIS2_PLACEMENT_3D('',#7280,#4341,#4342);
#3757=AXIS2_PLACEMENT_3D('',#7282,#4343,#4344);
#3758=AXIS2_PLACEMENT_3D('',#7283,#4345,#4346);
#3759=AXIS2_PLACEMENT_3D('',#7284,#4347,#4348);
#3760=AXIS2_PLACEMENT_3D('',#7286,#4349,#4350);
#3761=AXIS2_PLACEMENT_3D('',#7288,#4352,#4353);
#3762=AXIS2_PLACEMENT_3D('',#7290,#4354,#4355);
#3763=AXIS2_PLACEMENT_3D('',#7291,#4356,#4357);
#3764=AXIS2_PLACEMENT_3D('',#7292,#4358,#4359);
#3765=AXIS2_PLACEMENT_3D('',#7294,#4360,#4361);
#3766=AXIS2_PLACEMENT_3D('',#7296,#4363,#4364);
#3767=AXIS2_PLACEMENT_3D('',#7298,#4365,#4366);
#3768=AXIS2_PLACEMENT_3D('',#7299,#4367,#4368);
#3769=AXIS2_PLACEMENT_3D('',#7300,#4369,#4370);
#3770=AXIS2_PLACEMENT_3D('',#7302,#4371,#4372);
#3771=AXIS2_PLACEMENT_3D('',#7304,#4374,#4375);
#3772=AXIS2_PLACEMENT_3D('',#7305,#4376,#4377);
#3773=AXIS2_PLACEMENT_3D('',#7306,#4378,#4379);
#3774=AXIS2_PLACEMENT_3D('',#7308,#4381,#4382);
#3775=AXIS2_PLACEMENT_3D('',#7309,#4383,#4384);
#3776=AXIS2_PLACEMENT_3D('',#7310,#4385,#4386);
#3777=AXIS2_PLACEMENT_3D('',#7312,#4387,#4388);
#3778=AXIS2_PLACEMENT_3D('',#7314,#4390,#4391);
#3779=AXIS2_PLACEMENT_3D('',#7317,#4393,#4394);
#3780=AXIS2_PLACEMENT_3D('',#7318,#4395,#4396);
#3781=AXIS2_PLACEMENT_3D('',#7319,#4397,#4398);
#3782=AXIS2_PLACEMENT_3D('',#7320,#4399,#4400);
#3783=AXIS2_PLACEMENT_3D('',#7321,#4401,#4402);
#3784=AXIS2_PLACEMENT_3D('',#7323,#4404,#4405);
#3785=AXIS2_PLACEMENT_3D('',#7324,#4406,#4407);
#3786=AXIS2_PLACEMENT_3D('',#7325,#4408,#4409);
#3787=AXIS2_PLACEMENT_3D('',#7327,#4411,#4412);
#3788=AXIS2_PLACEMENT_3D('',#7330,#4415,#4416);
#3789=AXIS2_PLACEMENT_3D('',#7331,#4417,#4418);
#3790=AXIS2_PLACEMENT_3D('',#7335,#4421,#4422);
#3791=AXIS2_PLACEMENT_3D('',#7337,#4424,#4425);
#3792=AXIS2_PLACEMENT_3D('',#7339,#4426,#4427);
#3793=AXIS2_PLACEMENT_3D('',#7341,#4428,#4429);
#3794=AXIS2_PLACEMENT_3D('',#7343,#4430,#4431);
#3795=AXIS2_PLACEMENT_3D('',#7344,#4432,#4433);
#3796=AXIS2_PLACEMENT_3D('',#7345,#4434,#4435);
#3797=AXIS2_PLACEMENT_3D('',#7354,#4440,#4441);
#3798=AXIS2_PLACEMENT_3D('',#7361,#4445,#4446);
#3799=AXIS2_PLACEMENT_3D('',#7363,#4447,#4448);
#3800=AXIS2_PLACEMENT_3D('',#7365,#4449,#4450);
#3801=AXIS2_PLACEMENT_3D('',#7367,#4451,#4452);
#3802=AXIS2_PLACEMENT_3D('',#7368,#4453,#4454);
#3803=AXIS2_PLACEMENT_3D('',#7371,#4456,#4457);
#3804=AXIS2_PLACEMENT_3D('',#7372,#4458,#4459);
#3805=AXIS2_PLACEMENT_3D('',#7374,#4460,#4461);
#3806=AXIS2_PLACEMENT_3D('',#7376,#4462,#4463);
#3807=AXIS2_PLACEMENT_3D('',#7377,#4464,#4465);
#3808=AXIS2_PLACEMENT_3D('',#7378,#4466,#4467);
#3809=AXIS2_PLACEMENT_3D('',#7381,#4469,#4470);
#3810=AXIS2_PLACEMENT_3D('',#7382,#4471,#4472);
#3811=AXIS2_PLACEMENT_3D('',#7384,#4473,#4474);
#3812=AXIS2_PLACEMENT_3D('',#7386,#4475,#4476);
#3813=AXIS2_PLACEMENT_3D('',#7387,#4477,#4478);
#3814=AXIS2_PLACEMENT_3D('',#7388,#4479,#4480);
#3815=AXIS2_PLACEMENT_3D('',#7391,#4482,#4483);
#3816=AXIS2_PLACEMENT_3D('',#7392,#4484,#4485);
#3817=AXIS2_PLACEMENT_3D('',#7394,#4486,#4487);
#3818=AXIS2_PLACEMENT_3D('',#7396,#4488,#4489);
#3819=AXIS2_PLACEMENT_3D('',#7397,#4490,#4491);
#3820=AXIS2_PLACEMENT_3D('',#7398,#4492,#4493);
#3821=AXIS2_PLACEMENT_3D('',#7401,#4495,#4496);
#3822=AXIS2_PLACEMENT_3D('',#7402,#4497,#4498);
#3823=AXIS2_PLACEMENT_3D('',#7403,#4499,#4500);
#3824=AXIS2_PLACEMENT_3D('',#7404,#4501,#4502);
#3825=AXIS2_PLACEMENT_3D('',#7406,#4504,#4505);
#3826=AXIS2_PLACEMENT_3D('',#7407,#4506,#4507);
#3827=AXIS2_PLACEMENT_3D('',#7408,#4508,#4509);
#3828=AXIS2_PLACEMENT_3D('',#7410,#4510,#4511);
#3829=AXIS2_PLACEMENT_3D('',#7412,#4513,#4514);
#3830=AXIS2_PLACEMENT_3D('',#7413,#4515,#4516);
#3831=AXIS2_PLACEMENT_3D('',#7415,#4517,#4518);
#3832=AXIS2_PLACEMENT_3D('',#7416,#4519,#4520);
#3833=AXIS2_PLACEMENT_3D('',#7417,#4521,#4522);
#3834=AXIS2_PLACEMENT_3D('',#7420,#4524,#4525);
#3835=AXIS2_PLACEMENT_3D('',#7421,#4526,#4527);
#3836=AXIS2_PLACEMENT_3D('',#7422,#4528,#4529);
#3837=AXIS2_PLACEMENT_3D('',#7423,#4530,#4531);
#3838=AXIS2_PLACEMENT_3D('',#7425,#4533,#4534);
#3839=AXIS2_PLACEMENT_3D('',#7426,#4535,#4536);
#3840=AXIS2_PLACEMENT_3D('',#7428,#4538,#4539);
#3841=AXIS2_PLACEMENT_3D('',#7430,#4541,#4542);
#3842=AXIS2_PLACEMENT_3D('',#7432,#4544,#4545);
#3843=AXIS2_PLACEMENT_3D('',#7433,#4546,#4547);
#3844=AXIS2_PLACEMENT_3D('',#7444,#4553,#4554);
#3845=AXIS2_PLACEMENT_3D('',#7453,#4558,#4559);
#3846=AXIS2_PLACEMENT_3D('',#7459,#4562,#4563);
#3847=AXIS2_PLACEMENT_3D('',#7463,#4566,#4567);
#3848=AXIS2_PLACEMENT_3D('',#7472,#4572,#4573);
#3849=AXIS2_PLACEMENT_3D('',#7480,#4578,#4579);
#3850=AXIS2_PLACEMENT_3D('',#7482,#4580,#4581);
#3851=AXIS2_PLACEMENT_3D('',#7483,#4582,#4583);
#3852=AXIS2_PLACEMENT_3D('',#7486,#4585,#4586);
#3853=AXIS2_PLACEMENT_3D('',#7487,#4587,#4588);
#3854=AXIS2_PLACEMENT_3D('',#7497,#4594,#4595);
#3855=AXIS2_PLACEMENT_3D('',#7501,#4598,#4599);
#3856=AXIS2_PLACEMENT_3D('',#7505,#4602,#4603);
#3857=AXIS2_PLACEMENT_3D('',#7509,#4606,#4607);
#3858=AXIS2_PLACEMENT_3D('',#7513,#4610,#4611);
#3859=AXIS2_PLACEMENT_3D('',#7515,#4613,#4614);
#3860=AXIS2_PLACEMENT_3D('',#7516,#4615,#4616);
#3861=AXIS2_PLACEMENT_3D('',#7526,#4622,#4623);
#3862=AXIS2_PLACEMENT_3D('',#7530,#4626,#4627);
#3863=AXIS2_PLACEMENT_3D('',#7534,#4630,#4631);
#3864=AXIS2_PLACEMENT_3D('',#7538,#4634,#4635);
#3865=AXIS2_PLACEMENT_3D('',#7542,#4638,#4639);
#3866=AXIS2_PLACEMENT_3D('',#7544,#4641,#4642);
#3867=AXIS2_PLACEMENT_3D('',#7545,#4643,#4644);
#3868=AXIS2_PLACEMENT_3D('',#7566,#4648,#4649);
#3869=AXIS2_PLACEMENT_3D('',#7590,#4655,#4656);
#3870=AXIS2_PLACEMENT_3D('',#7599,#4661,#4662);
#3871=AXIS2_PLACEMENT_3D('',#7601,#4663,#4664);
#3872=AXIS2_PLACEMENT_3D('',#7602,#4665,#4666);
#3873=AXIS2_PLACEMENT_3D('',#7612,#4672,#4673);
#3874=AXIS2_PLACEMENT_3D('',#7616,#4676,#4677);
#3875=AXIS2_PLACEMENT_3D('',#7622,#4681,#4682);
#3876=AXIS2_PLACEMENT_3D('',#7631,#4684,#4685);
#3877=AXIS2_PLACEMENT_3D('',#7637,#4689,#4690);
#3878=AXIS2_PLACEMENT_3D('',#7643,#4694,#4695);
#3879=AXIS2_PLACEMENT_3D('',#7649,#4699,#4700);
#3880=AXIS2_PLACEMENT_3D('',#7658,#4702,#4703);
#3881=AXIS2_PLACEMENT_3D('',#7660,#4704,#4705);
#3882=AXIS2_PLACEMENT_3D('',#7661,#4706,#4707);
#3883=AXIS2_PLACEMENT_3D('',#7663,#4708,#4709);
#3884=AXIS2_PLACEMENT_3D('',#7664,#4710,#4711);
#3885=AXIS2_PLACEMENT_3D('',#7667,#4713,#4714);
#3886=AXIS2_PLACEMENT_3D('',#7668,#4715,#4716);
#3887=AXIS2_PLACEMENT_3D('',#7669,#4717,#4718);
#3888=AXIS2_PLACEMENT_3D('',#7671,#4720,#4721);
#3889=AXIS2_PLACEMENT_3D('',#7675,#4724,#4725);
#3890=AXIS2_PLACEMENT_3D('',#7677,#4727,#4728);
#3891=AXIS2_PLACEMENT_3D('',#7703,#4742,#4743);
#3892=AXIS2_PLACEMENT_3D('',#7705,#4745,#4746);
#3893=AXIS2_PLACEMENT_3D('',#7707,#4748,#4749);
#3894=AXIS2_PLACEMENT_3D('',#7713,#4753,#4754);
#3895=AXIS2_PLACEMENT_3D('',#7719,#4758,#4759);
#3896=AXIS2_PLACEMENT_3D('',#7721,#4760,#4761);
#3897=AXIS2_PLACEMENT_3D('',#7728,#4765,#4766);
#3898=AXIS2_PLACEMENT_3D('',#7729,#4767,#4768);
#3899=AXIS2_PLACEMENT_3D('',#7731,#4769,#4770);
#3900=AXIS2_PLACEMENT_3D('',#7732,#4771,#4772);
#3901=AXIS2_PLACEMENT_3D('',#7734,#4774,#4775);
#3902=AXIS2_PLACEMENT_3D('',#7736,#4776,#4777);
#3903=AXIS2_PLACEMENT_3D('',#7739,#4779,#4780);
#3904=AXIS2_PLACEMENT_3D('',#7741,#4782,#4783);
#3905=AXIS2_PLACEMENT_3D('',#7743,#4784,#4785);
#3906=AXIS2_PLACEMENT_3D('',#7746,#4787,#4788);
#3907=AXIS2_PLACEMENT_3D('',#7748,#4790,#4791);
#3908=AXIS2_PLACEMENT_3D('',#7754,#4795,#4796);
#3909=AXIS2_PLACEMENT_3D('',#7757,#4798,#4799);
#3910=AXIS2_PLACEMENT_3D('',#7758,#4800,#4801);
#3911=AXIS2_PLACEMENT_3D('',#7760,#4802,#4803);
#3912=AXIS2_PLACEMENT_3D('',#7761,#4804,#4805);
#3913=AXIS2_PLACEMENT_3D('',#7764,#4807,#4808);
#3914=AXIS2_PLACEMENT_3D('',#7765,#4809,#4810);
#3915=AXIS2_PLACEMENT_3D('',#7767,#4811,#4812);
#3916=AXIS2_PLACEMENT_3D('',#7768,#4813,#4814);
#3917=AXIS2_PLACEMENT_3D('',#7771,#4816,#4817);
#3918=AXIS2_PLACEMENT_3D('',#7772,#4818,#4819);
#3919=AXIS2_PLACEMENT_3D('',#7775,#4821,#4822);
#3920=AXIS2_PLACEMENT_3D('',#7776,#4823,#4824);
#3921=AXIS2_PLACEMENT_3D('',#7801,#4838,#4839);
#3922=AXIS2_PLACEMENT_3D('',#7804,#4842,#4843);
#3923=AXIS2_PLACEMENT_3D('',#7806,#4845,#4846);
#3924=AXIS2_PLACEMENT_3D('',#7807,#4847,#4848);
#3925=AXIS2_PLACEMENT_3D('',#7810,#4851,#4852);
#3926=AXIS2_PLACEMENT_3D('',#7811,#4853,#4854);
#3927=AXIS2_PLACEMENT_3D('',#7812,#4855,#4856);
#3928=AXIS2_PLACEMENT_3D('',#7814,#4858,#4859);
#3929=AXIS2_PLACEMENT_3D('',#7816,#4861,#4862);
#3930=AXIS2_PLACEMENT_3D('',#7818,#4864,#4865);
#3931=AXIS2_PLACEMENT_3D('',#7820,#4867,#4868);
#3932=AXIS2_PLACEMENT_3D('',#7822,#4870,#4871);
#3933=AXIS2_PLACEMENT_3D('',#7824,#4873,#4874);
#3934=AXIS2_PLACEMENT_3D('',#7825,#4875,#4876);
#3935=AXIS2_PLACEMENT_3D('',#7827,#4878,#4879);
#3936=AXIS2_PLACEMENT_3D('',#7829,#4881,#4882);
#3937=AXIS2_PLACEMENT_3D('',#7830,#4883,#4884);
#3938=AXIS2_PLACEMENT_3D('',#7831,#4885,#4886);
#3939=AXIS2_PLACEMENT_3D('',#7832,#4887,#4888);
#3940=AXIS2_PLACEMENT_3D('',#7833,#4889,#4890);
#3941=AXIS2_PLACEMENT_3D('',#7834,#4891,#4892);
#3942=AXIS2_PLACEMENT_3D('',#7835,#4893,#4894);
#3943=AXIS2_PLACEMENT_3D('',#7836,#4895,#4896);
#3944=AXIS2_PLACEMENT_3D('',#7837,#4897,#4898);
#3945=AXIS2_PLACEMENT_3D('',#7838,#4899,#4900);
#3946=AXIS2_PLACEMENT_3D('',#7846,#4905,#4906);
#3947=AXIS2_PLACEMENT_3D('',#7848,#4908,#4909);
#3948=AXIS2_PLACEMENT_3D('',#7850,#4911,#4912);
#3949=AXIS2_PLACEMENT_3D('',#7852,#4914,#4915);
#3950=AXIS2_PLACEMENT_3D('',#7853,#4916,#4917);
#3951=AXIS2_PLACEMENT_3D('',#7861,#4922,#4923);
#3952=AXIS2_PLACEMENT_3D('',#7863,#4925,#4926);
#3953=AXIS2_PLACEMENT_3D('',#7865,#4928,#4929);
#3954=AXIS2_PLACEMENT_3D('',#7867,#4931,#4932);
#3955=AXIS2_PLACEMENT_3D('',#7868,#4933,#4934);
#3956=DIRECTION('axis',(0.,0.,1.));
#3957=DIRECTION('refdir',(1.,0.,0.));
#3958=DIRECTION('center_axis',(-1.69359431670002E-17,-0.999999927280924,
0.000381363536680341));
#3959=DIRECTION('ref_axis',(0.142776884817939,-0.000377456428934935,-0.989754827565054));
#3960=DIRECTION('center_axis',(0.,-0.999999927313934,-0.000381276968452113));
#3961=DIRECTION('ref_axis',(0.142761068599655,0.000377371617465993,-0.989757109033801));
#3962=DIRECTION('center_axis',(0.970672673730408,-0.196235674619788,0.138874477423238));
#3963=DIRECTION('ref_axis',(-0.00385746241184924,-0.590307999293425,-0.80716887077856));
#3964=DIRECTION('center_axis',(0.971274540268408,0.193228552661944,0.138883022225769));
#3965=DIRECTION('ref_axis',(0.,0.583636048152567,-0.812015371342719));
#3966=DIRECTION('center_axis',(0.,0.583636048152577,-0.812015371342712));
#3967=DIRECTION('ref_axis',(-1.,0.,0.));
#3968=DIRECTION('',(-7.14748018237064E-17,-0.812015371342712,-0.583636048152577));
#3969=DIRECTION('',(1.,1.0427507451178E-32,-1.22464679914735E-16));
#3970=DIRECTION('',(0.84019252277621,0.440346378663685,0.316498959664525));
#3971=DIRECTION('',(-1.,0.,0.));
#3972=DIRECTION('center_axis',(-0.70710678118655,-0.707106781186545,0.));
#3973=DIRECTION('ref_axis',(0.707106781186545,-0.70710678118655,0.));
#3974=DIRECTION('center_axis',(0.447213595499956,-0.894427190999917,0.));
#3975=DIRECTION('ref_axis',(0.894427190999917,0.447213595499956,0.));
#3976=DIRECTION('center_axis',(-0.707106781186547,0.707106781186548,0.));
#3977=DIRECTION('ref_axis',(0.707106781186548,0.707106781186547,4.90653893338679E-17));
#3978=DIRECTION('center_axis',(-0.707106781186548,-0.707106781186547,0.));
#3979=DIRECTION('ref_axis',(0.5,-0.5,0.707106781186547));
#3980=DIRECTION('center_axis',(-0.382683432365092,-0.923879532511286,0.));
#3981=DIRECTION('ref_axis',(0.923879532511286,-0.382683432365092,-1.34624743177832E-15));
#3982=DIRECTION('',(0.707106781186548,0.707106781186547,0.));
#3983=DIRECTION('',(-0.707106781186548,-0.707106781186547,0.));
#3984=DIRECTION('center_axis',(-0.707106781186548,0.,-0.707106781186548));
#3985=DIRECTION('ref_axis',(-0.408248290463863,-0.816496580927726,0.408248290463863));
#3986=DIRECTION('center_axis',(-0.707106781186547,0.707106781186548,0.));
#3987=DIRECTION('ref_axis',(0.,0.,1.));
#3988=DIRECTION('',(0.,0.,-1.));
#3989=DIRECTION('center_axis',(-0.707106781186547,0.707106781186548,0.));
#3990=DIRECTION('ref_axis',(0.707106781186548,0.707106781186547,0.));
#3991=DIRECTION('',(0.707106781186548,0.707106781186547,0.));
#3992=DIRECTION('',(-0.577350269189626,-0.577350269189625,-0.577350269189626));
#3993=DIRECTION('',(0.,0.,1.));
#3994=DIRECTION('',(0.577350269189626,0.577350269189625,-0.577350269189626));
#3995=DIRECTION('center_axis',(-0.707106781186546,0.707106781186549,0.));
#3996=DIRECTION('ref_axis',(0.499999999999999,0.499999999999996,0.707106781186551));
#3997=DIRECTION('center_axis',(-0.707106781186548,0.,-0.707106781186548));
#3998=DIRECTION('ref_axis',(-0.408248290463862,0.816496580927727,0.408248290463862));
#3999=DIRECTION('',(0.707106781186546,-0.707106781186549,0.));
#4000=DIRECTION('center_axis',(0.707106781186548,-0.707106781186548,1.57009245868377E-14));
#4001=DIRECTION('ref_axis',(0.707106781186548,0.707106781186548,0.));
#4002=DIRECTION('',(-0.707106781186546,0.707106781186549,0.));
#4003=DIRECTION('center_axis',(-0.382683432365098,0.923879532511283,0.));
#4004=DIRECTION('ref_axis',(0.923879532511283,0.382683432365098,0.));
#4005=DIRECTION('center_axis',(0.447213595499959,0.894427190999915,0.));
#4006=DIRECTION('ref_axis',(0.894427190999915,-0.44721359549996,0.));
#4007=DIRECTION('center_axis',(-0.707106781186549,-0.707106781186546,0.));
#4008=DIRECTION('ref_axis',(0.707106781186546,-0.707106781186549,4.90653893338681E-17));
#4009=DIRECTION('center_axis',(-0.707106781186549,-0.707106781186546,0.));
#4010=DIRECTION('ref_axis',(0.,0.,1.));
#4011=DIRECTION('',(-0.577350269189625,0.577350269189627,0.577350269189625));
#4012=DIRECTION('',(0.,0.,-1.));
#4013=DIRECTION('',(0.577350269189625,-0.577350269189627,0.577350269189625));
#4014=DIRECTION('',(-0.707106781186546,0.707106781186549,0.));
#4015=DIRECTION('center_axis',(-0.707106781186549,-0.707106781186546,0.));
#4016=DIRECTION('ref_axis',(0.707106781186546,-0.707106781186549,0.));
#4017=DIRECTION('',(0.,0.,1.));
#4018=DIRECTION('center_axis',(-0.707106781186548,0.707106781186548,0.));
#4019=DIRECTION('ref_axis',(0.707106781186548,0.707106781186548,0.));
#4020=DIRECTION('center_axis',(0.447213595499959,0.894427190999915,0.));
#4021=DIRECTION('ref_axis',(0.894427190999915,-0.44721359549996,0.));
#4022=DIRECTION('center_axis',(-0.707106781186546,0.707106781186549,0.));
#4023=DIRECTION('ref_axis',(0.499999999999998,0.499999999999998,-0.70710678118655));
#4024=DIRECTION('center_axis',(-0.38268343236509,0.923879532511287,0.));
#4025=DIRECTION('ref_axis',(0.923879532511287,0.38268343236509,1.47446147290006E-15));
#4026=DIRECTION('',(0.707106781186546,-0.707106781186549,0.));
#4027=DIRECTION('center_axis',(-0.707106781186548,0.,0.707106781186548));
#4028=DIRECTION('ref_axis',(-0.408248290463862,0.816496580927727,-0.408248290463862));
#4029=DIRECTION('center_axis',(-0.707106781186548,-0.707106781186547,0.));
#4030=DIRECTION('ref_axis',(0.499999999999999,-0.499999999999996,-0.707106781186551));
#4031=DIRECTION('center_axis',(-0.707106781186548,0.,0.707106781186548));
#4032=DIRECTION('ref_axis',(-0.408248290463863,-0.816496580927726,-0.408248290463863));
#4033=DIRECTION('center_axis',(0.707106781186543,0.707106781186552,-3.14018491736755E-15));
#4034=DIRECTION('ref_axis',(0.707106781186552,-0.707106781186543,0.));
#4035=DIRECTION('',(-0.707106781186548,-0.707106781186547,0.));
#4036=DIRECTION('center_axis',(-0.382683432365093,-0.923879532511285,0.));
#4037=DIRECTION('ref_axis',(0.923879532511285,-0.382683432365093,1.34624743177832E-15));
#4038=DIRECTION('center_axis',(0.447213595499956,-0.894427190999917,0.));
#4039=DIRECTION('ref_axis',(0.894427190999917,0.447213595499956,0.));
#4040=DIRECTION('center_axis',(-0.458698697015504,-0.886723664783096,-0.0575903435474589));
#4041=DIRECTION('ref_axis',(-0.10817616594096,-0.00860468459072906,0.994094500802317));
#4042=DIRECTION('center_axis',(0.,0.,1.));
#4043=DIRECTION('ref_axis',(-1.,0.,0.));
#4044=DIRECTION('',(0.,0.,-1.));
#4045=DIRECTION('center_axis',(0.,0.,1.));
#4046=DIRECTION('ref_axis',(-1.,0.,0.));
#4047=DIRECTION('center_axis',(-0.365176649376471,-0.927647065952537,-0.0782108418304175));
#4048=DIRECTION('ref_axis',(-0.112815951079039,-0.0392961812001999,0.992838542425309));
#4049=DIRECTION('center_axis',(0.,0.,-1.));
#4050=DIRECTION('ref_axis',(1.,0.,0.));
#4051=DIRECTION('',(0.,0.,-1.));
#4052=DIRECTION('center_axis',(0.,0.,-1.));
#4053=DIRECTION('ref_axis',(1.,0.,0.));
#4054=DIRECTION('center_axis',(-0.362633804650681,-0.931897463450537,-0.0079900775357433));
#4055=DIRECTION('ref_axis',(-0.109888492425837,0.0342444412625544,0.993353832969397));
#4056=DIRECTION('center_axis',(0.,0.,-1.));
#4057=DIRECTION('ref_axis',(1.,0.,0.));
#4058=DIRECTION('',(0.,0.,-1.));
#4059=DIRECTION('center_axis',(0.,0.,-1.));
#4060=DIRECTION('ref_axis',(1.,0.,0.));
#4061=DIRECTION('center_axis',(-0.355759151423086,-0.934421397973901,-0.0170902658617933));
#4062=DIRECTION('ref_axis',(-0.109884041626837,0.0236620151727867,0.99366272267491));
#4063=DIRECTION('center_axis',(0.,0.,-1.));
#4064=DIRECTION('ref_axis',(1.,0.,0.));
#4065=DIRECTION('',(0.,0.,-1.));
#4066=DIRECTION('center_axis',(0.,0.,-1.));
#4067=DIRECTION('ref_axis',(1.,0.,0.));
#4068=DIRECTION('center_axis',(-0.326692964928621,-0.940585194223985,-0.0925807705345756));
#4069=DIRECTION('ref_axis',(-0.112961568408283,-0.058394966880585,0.991881904213277));
#4070=DIRECTION('center_axis',(0.,0.,-1.));
#4071=DIRECTION('ref_axis',(1.,0.,0.));
#4072=DIRECTION('',(0.,0.,-1.));
#4073=DIRECTION('center_axis',(0.,0.,-1.));
#4074=DIRECTION('ref_axis',(1.,0.,0.));
#4075=DIRECTION('center_axis',(0.,0.,1.));
#4076=DIRECTION('ref_axis',(-1.,0.,0.));
#4077=DIRECTION('',(0.,0.,1.));
#4078=DIRECTION('center_axis',(0.,0.,-1.));
#4079=DIRECTION('ref_axis',(-1.,0.,0.));
#4080=DIRECTION('',(0.,0.,1.));
#4081=DIRECTION('center_axis',(2.78295155175076E-48,-1.,-9.718280964539E-50));
#4082=DIRECTION('ref_axis',(0.731353701619171,0.,0.681998360062498));
#4083=DIRECTION('',(-2.78295155175076E-48,1.,9.718280964539E-50));
#4084=DIRECTION('center_axis',(0.706676030840836,0.707106781186546,-0.0246776707783359));
#4085=DIRECTION('ref_axis',(-0.706676030840833,0.707106781186549,0.0246776707783358));
#4086=DIRECTION('',(2.78295155175076E-48,-1.,-9.718280964539E-50));
#4087=DIRECTION('center_axis',(0.706676030840835,-0.707106781186547,-0.0246776707783359));
#4088=DIRECTION('ref_axis',(0.706676030840834,0.707106781186548,-0.0246776707783358));
#4089=DIRECTION('center_axis',(-0.999390827019096,0.,0.034899496702501));
#4090=DIRECTION('ref_axis',(0.0246776707783359,-0.707106781186552,0.70667603084083));
#4091=DIRECTION('',(-0.999390827019096,0.,0.034899496702501));
#4092=DIRECTION('',(0.999390827019096,0.,-0.034899496702501));
#4093=DIRECTION('center_axis',(0.706676030840833,-0.707106781186549,-0.0246776707783358));
#4094=DIRECTION('ref_axis',(0.706676030840836,0.707106781186546,-0.0246776707783362));
#4095=DIRECTION('center_axis',(0.999390827019096,0.,-0.034899496702501));
#4096=DIRECTION('ref_axis',(0.024677670778336,0.707106781186551,0.706676030840831));
#4097=DIRECTION('',(-0.999390827019096,0.,0.034899496702501));
#4098=DIRECTION('',(0.999390827019096,0.,-0.034899496702501));
#4099=DIRECTION('center_axis',(0.706676030840832,0.70710678118655,-0.0246776707783358));
#4100=DIRECTION('ref_axis',(-0.706676030840837,0.707106781186545,0.0246776707783362));
#4101=DIRECTION('center_axis',(0.,1.,0.));
#4102=DIRECTION('ref_axis',(-0.681998360062506,0.,0.731353701619164));
#4103=DIRECTION('',(0.,-1.,0.));
#4104=DIRECTION('',(0.,1.,0.));
#4105=DIRECTION('center_axis',(0.,-1.,0.));
#4106=DIRECTION('ref_axis',(-0.0348994967025011,0.,-0.999390827019096));
#4107=DIRECTION('',(-0.0348994967025011,0.,-0.999390827019096));
#4108=DIRECTION('',(0.999390827019096,0.,-0.0348994967025011));
#4109=DIRECTION('',(-0.0348994967025011,0.,-0.999390827019096));
#4110=DIRECTION('center_axis',(-0.999390827019096,-2.78464788400303E-48,
0.0348994967025011));
#4111=DIRECTION('ref_axis',(2.78295155175076E-48,-1.,-9.71828096453905E-50));
#4112=DIRECTION('',(-0.0348994967025011,0.,-0.999390827019096));
#4113=DIRECTION('',(2.78295155175076E-48,-1.,-9.71828096453904E-50));
#4114=DIRECTION('',(-0.0348994967025011,0.,-0.999390827019096));
#4115=DIRECTION('',(2.78295155175076E-48,-1.,-9.71828096453904E-50));
#4116=DIRECTION('center_axis',(-0.034899496702501,0.,-0.999390827019096));
#4117=DIRECTION('ref_axis',(0.999390827019096,0.,-0.034899496702501));
#4118=DIRECTION('center_axis',(-0.034899496702501,0.,-0.999390827019096));
#4119=DIRECTION('ref_axis',(0.999390827019096,0.,-0.034899496702501));
#4120=DIRECTION('center_axis',(-0.034899496702501,0.,-0.999390827019096));
#4121=DIRECTION('ref_axis',(0.999390827019096,0.,-0.034899496702501));
#4122=DIRECTION('center_axis',(0.034899496702501,0.,0.999390827019096));
#4123=DIRECTION('ref_axis',(-0.999390827019096,0.,0.034899496702501));
#4124=DIRECTION('center_axis',(-0.034899496702501,0.,-0.999390827019096));
#4125=DIRECTION('ref_axis',(0.999390827019096,0.,-0.034899496702501));
#4126=DIRECTION('center_axis',(-0.034899496702501,0.,-0.999390827019096));
#4127=DIRECTION('ref_axis',(0.999390827019096,0.,-0.034899496702501));
#4128=DIRECTION('center_axis',(0.034899496702501,0.,0.999390827019096));
#4129=DIRECTION('ref_axis',(-0.999390827019096,0.,0.034899496702501));
#4130=DIRECTION('',(-0.999390827019096,-6.3402668957473E-17,0.034899496702501));
#4131=DIRECTION('',(-0.706891307583164,-0.706891307583163,0.0246851884078318));
#4132=DIRECTION('',(-0.999390827019096,0.,0.034899496702501));
#4133=DIRECTION('',(-1.01374022175678E-16,1.,3.54005886084819E-18));
#4134=DIRECTION('',(0.999390827019096,0.,-0.034899496702501));
#4135=DIRECTION('',(0.706891307583164,-0.706891307583164,-0.0246851884078318));
#4136=DIRECTION('',(0.999390827019096,0.,-0.034899496702501));
#4137=DIRECTION('center_axis',(0.034899496702501,0.,0.999390827019096));
#4138=DIRECTION('ref_axis',(-0.999390827019096,0.,0.034899496702501));
#4139=DIRECTION('',(-2.78295155175076E-48,1.,9.718280964539E-50));
#4140=DIRECTION('',(-0.999390827019096,0.,0.034899496702501));
#4141=DIRECTION('',(0.,-1.,0.));
#4142=DIRECTION('',(0.999390827019096,0.,-0.034899496702501));
#4143=DIRECTION('center_axis',(-0.034899496702501,0.,-0.999390827019096));
#4144=DIRECTION('ref_axis',(0.999390827019096,0.,-0.034899496702501));
#4145=DIRECTION('center_axis',(-0.034899496702501,0.,-0.999390827019096));
#4146=DIRECTION('ref_axis',(0.999390827019096,0.,-0.034899496702501));
#4147=DIRECTION('center_axis',(-0.034899496702501,0.,-0.999390827019096));
#4148=DIRECTION('ref_axis',(0.999390827019096,0.,-0.034899496702501));
#4149=DIRECTION('center_axis',(2.78295155175076E-48,-1.,-9.718280964539E-50));
#4150=DIRECTION('ref_axis',(0.731353701619171,0.,0.681998360062498));
#4151=DIRECTION('center_axis',(0.706676030840835,0.707106781186547,-0.0246776707783359));
#4152=DIRECTION('ref_axis',(-0.706676030840834,0.707106781186548,0.0246776707783358));
#4153=DIRECTION('',(2.78295155175076E-48,-1.,-9.718280964539E-50));
#4154=DIRECTION('center_axis',(0.706676030840836,-0.707106781186546,-0.0246776707783359));
#4155=DIRECTION('ref_axis',(0.706676030840833,0.707106781186549,-0.0246776707783358));
#4156=DIRECTION('center_axis',(-0.999390827019096,0.,0.034899496702501));
#4157=DIRECTION('ref_axis',(0.024677670778336,-0.707106781186551,0.706676030840831));
#4158=DIRECTION('',(-0.999390827019096,0.,0.034899496702501));
#4159=DIRECTION('center_axis',(0.706676030840832,-0.70710678118655,-0.0246776707783358));
#4160=DIRECTION('ref_axis',(0.706676030840837,0.707106781186545,-0.0246776707783362));
#4161=DIRECTION('center_axis',(0.999390827019096,0.,-0.034899496702501));
#4162=DIRECTION('ref_axis',(0.0246776707783359,0.707106781186552,0.70667603084083));
#4163=DIRECTION('',(0.999390827019096,0.,-0.034899496702501));
#4164=DIRECTION('center_axis',(0.706676030840833,0.707106781186549,-0.0246776707783358));
#4165=DIRECTION('ref_axis',(-0.706676030840836,0.707106781186546,0.0246776707783362));
#4166=DIRECTION('center_axis',(0.,1.,0.));
#4167=DIRECTION('ref_axis',(-0.681998360062506,0.,0.731353701619164));
#4168=DIRECTION('',(0.,1.,0.));
#4169=DIRECTION('center_axis',(0.,-1.,0.));
#4170=DIRECTION('ref_axis',(-0.0348994967025011,0.,-0.999390827019096));
#4171=DIRECTION('',(-0.0348994967025011,0.,-0.999390827019096));
#4172=DIRECTION('',(0.999390827019096,0.,-0.0348994967025011));
#4173=DIRECTION('',(-0.0348994967025011,0.,-0.999390827019096));
#4174=DIRECTION('center_axis',(-0.999390827019096,-2.78464788400303E-48,
0.0348994967025011));
#4175=DIRECTION('ref_axis',(2.78295155175076E-48,-1.,-9.71828096453905E-50));
#4176=DIRECTION('',(-0.0348994967025011,0.,-0.999390827019096));
#4177=DIRECTION('',(2.78295155175076E-48,-1.,-9.71828096453904E-50));
#4178=DIRECTION('',(-0.0348994967025011,-2.22044604925032E-15,-0.999390827019096));
#4179=DIRECTION('',(2.78295155175076E-48,-1.,-9.71828096453904E-50));
#4180=DIRECTION('center_axis',(-0.999390827019096,0.,0.034899496702501));
#4181=DIRECTION('ref_axis',(-0.024677670778336,-0.70710678118655,-0.706676030840832));
#4182=DIRECTION('',(-0.999390827019096,0.,0.034899496702501));
#4183=DIRECTION('center_axis',(0.999390827019096,0.,-0.0348994967025008));
#4184=DIRECTION('ref_axis',(0.,-1.,0.));
#4185=DIRECTION('center_axis',(-0.923374981691635,0.382542684448687,0.0322449648901002));
#4186=DIRECTION('ref_axis',(0.382309649781279,0.9239378196474,-0.0133505471544833));
#4187=DIRECTION('center_axis',(-0.707106781186547,-0.707106781186548,0.));
#4188=DIRECTION('ref_axis',(0.706246066741666,-0.706246066741666,-0.0493253122022782));
#4189=DIRECTION('center_axis',(-0.706891307583164,0.706891307583164,0.0246851884078318));
#4190=DIRECTION('ref_axis',(-0.518321168126631,-0.493942468866385,-0.698114606724444));
#4191=DIRECTION('center_axis',(-0.923374981691635,0.382542684448689,0.0322449648901019));
#4192=DIRECTION('ref_axis',(-0.38230964978128,-0.9239378196474,0.0133505471544866));
#4193=DIRECTION('',(-0.706891307583164,0.706891307583164,0.0246851884078318));
#4194=DIRECTION('center_axis',(-1.01374022175678E-16,1.,3.54005886084819E-18));
#4195=DIRECTION('ref_axis',(0.484621799690765,6.07057591373087E-17,-0.874723791413315));
#4196=DIRECTION('',(1.01374022175678E-16,-1.,-3.54005886084819E-18));
#4197=DIRECTION('center_axis',(0.70667603084085,0.707106781186532,-0.0246776707783364));
#4198=DIRECTION('ref_axis',(0.706676030840819,-0.707106781186563,-0.0246776707783353));
#4199=DIRECTION('center_axis',(0.706676030840848,-0.707106781186534,-0.0246776707783363));
#4200=DIRECTION('ref_axis',(-0.706676030840821,-0.707106781186562,0.0246776707783354));
#4201=DIRECTION('center_axis',(-0.999390827019096,0.,0.034899496702501));
#4202=DIRECTION('ref_axis',(-0.0246776707783359,-0.707106781186553,-0.706676030840829));
#4203=DIRECTION('center_axis',(-0.865810591307745,-8.9542047996641E-17,
0.500371881683347));
#4204=DIRECTION('ref_axis',(-0.500371881683346,-3.06264003645172E-16,-0.865810591307745));
#4205=DIRECTION('',(-0.999390827019096,0.,0.034899496702501));
#4206=DIRECTION('center_axis',(0.707106781186547,0.707106781186548,0.));
#4207=DIRECTION('ref_axis',(0.706246066741666,-0.706246066741666,-0.0493253122022785));
#4208=DIRECTION('center_axis',(0.999390827019096,0.,-0.034899496702501));
#4209=DIRECTION('ref_axis',(-0.0246776707783359,0.707106781186553,-0.706676030840829));
#4210=DIRECTION('',(0.999390827019096,0.,-0.034899496702501));
#4211=DIRECTION('center_axis',(-0.865810591307745,-8.9542047996641E-17,
0.500371881683347));
#4212=DIRECTION('ref_axis',(-0.500371881683346,3.06264003645172E-16,-0.865810591307745));
#4213=DIRECTION('center_axis',(0.923374981691636,0.382542684448688,-0.0322449648900985));
#4214=DIRECTION('ref_axis',(-0.382309649781279,0.9239378196474,0.0133505471544874));
#4215=DIRECTION('center_axis',(0.707106781186547,-0.707106781186548,0.));
#4216=DIRECTION('ref_axis',(0.706246066741667,0.706246066741666,-0.0493253122022785));
#4217=DIRECTION('center_axis',(0.706891307583164,0.706891307583163,-0.0246851884078318));
#4218=DIRECTION('ref_axis',(-0.51832116812663,0.493942468866386,-0.698114606724444));
#4219=DIRECTION('',(0.706891307583164,0.706891307583163,-0.0246851884078318));
#4220=DIRECTION('center_axis',(0.923374981691636,0.382542684448686,-0.0322449648900985));
#4221=DIRECTION('ref_axis',(0.382309649781278,-0.923937819647401,-0.0133505471544783));
#4222=DIRECTION('center_axis',(-0.999390827019096,0.,0.0348994967025011));
#4223=DIRECTION('ref_axis',(0.,1.,0.));
#4224=DIRECTION('center_axis',(-0.0332781057112027,0.,-0.9994461304544));
#4225=DIRECTION('ref_axis',(-0.9994461304544,0.,0.0332781057112027));
#4226=DIRECTION('center_axis',(0.999390827019096,6.3402668957473E-17,-0.034899496702501));
#4227=DIRECTION('ref_axis',(-0.0246776707783359,0.707106781186553,-0.706676030840829));
#4228=DIRECTION('',(0.999390827019096,6.3402668957473E-17,-0.034899496702501));
#4229=DIRECTION('center_axis',(-0.707106781186547,0.707106781186548,0.));
#4230=DIRECTION('ref_axis',(0.706246066741667,0.706246066741666,-0.0493253122022785));
#4231=DIRECTION('center_axis',(-0.707106781186547,-0.707106781186548,0.));
#4232=DIRECTION('ref_axis',(0.,0.,1.));
#4233=DIRECTION('',(0.,0.,1.));
#4234=DIRECTION('',(0.707106781186548,-0.707106781186547,0.));
#4235=DIRECTION('',(0.,0.,-1.));
#4236=DIRECTION('center_axis',(0.,-1.,0.));
#4237=DIRECTION('ref_axis',(1.,0.,0.));
#4238=DIRECTION('',(-0.500371881683346,0.,-0.865810591307745));
#4239=DIRECTION('',(1.22464679914735E-16,0.,1.));
#4240=DIRECTION('',(1.,0.,0.));
#4241=DIRECTION('',(0.,0.,1.));
#4242=DIRECTION('',(-1.,0.,0.));
#4243=DIRECTION('',(1.,0.,0.));
#4244=DIRECTION('',(-6.34613023433975E-17,0.,1.));
#4245=DIRECTION('',(1.,0.,4.47040896770349E-17));
#4246=DIRECTION('',(6.34613023433975E-17,0.,-1.));
#4247=DIRECTION('',(-1.,0.,-4.47040896770349E-17));
#4248=DIRECTION('',(-6.34613023433975E-17,0.,1.));
#4249=DIRECTION('',(1.,0.,4.47040896770349E-17));
#4250=DIRECTION('',(6.34613023433975E-17,0.,-1.));
#4251=DIRECTION('',(-1.,0.,-4.47040896770349E-17));
#4252=DIRECTION('center_axis',(0.865810591307745,8.9542047996641E-17,-0.500371881683347));
#4253=DIRECTION('ref_axis',(-0.500371881683346,-1.96583171681171E-17,-0.865810591307745));
#4254=DIRECTION('',(0.500371881683346,0.,0.865810591307745));
#4255=DIRECTION('',(-1.14876693367895E-32,-1.,-1.78950998795944E-16));
#4256=DIRECTION('center_axis',(0.,1.,0.));
#4257=DIRECTION('ref_axis',(-1.,0.,0.));
#4258=DIRECTION('',(0.,0.,-1.));
#4259=DIRECTION('',(-1.,0.,0.));
#4260=DIRECTION('',(1.,0.,0.));
#4261=DIRECTION('',(0.,0.,-1.));
#4262=DIRECTION('',(1.,0.,0.));
#4263=DIRECTION('',(-1.22464679914735E-16,0.,-1.));
#4264=DIRECTION('center_axis',(0.,-1.,0.));
#4265=DIRECTION('ref_axis',(-0.0348994967025008,0.,-0.999390827019096));
#4266=DIRECTION('center_axis',(0.0412348993414057,0.,0.999149479845886));
#4267=DIRECTION('ref_axis',(0.999149479845886,0.,-0.0412348993414057));
#4268=DIRECTION('center_axis',(0.,0.,1.));
#4269=DIRECTION('ref_axis',(1.,0.,0.));
#4270=DIRECTION('',(0.,0.,1.));
#4271=DIRECTION('center_axis',(0.,0.,1.));
#4272=DIRECTION('ref_axis',(1.,0.,0.));
#4273=DIRECTION('center_axis',(0.,-1.,0.));
#4274=DIRECTION('ref_axis',(-0.0348994967025008,0.,-0.999390827019096));
#4275=DIRECTION('center_axis',(0.0412348993414057,0.,0.999149479845886));
#4276=DIRECTION('ref_axis',(0.999149479845886,0.,-0.0412348993414057));
#4277=DIRECTION('center_axis',(0.,0.,1.));
#4278=DIRECTION('ref_axis',(1.,0.,0.));
#4279=DIRECTION('',(0.,0.,1.));
#4280=DIRECTION('center_axis',(0.,0.,1.));
#4281=DIRECTION('ref_axis',(1.,0.,0.));
#4282=DIRECTION('center_axis',(0.,-1.,0.));
#4283=DIRECTION('ref_axis',(-0.0348994967025008,0.,-0.999390827019096));
#4284=DIRECTION('center_axis',(0.0412348993414057,0.,0.999149479845886));
#4285=DIRECTION('ref_axis',(0.999149479845886,0.,-0.0412348993414057));
#4286=DIRECTION('center_axis',(0.,0.,1.));
#4287=DIRECTION('ref_axis',(1.,0.,0.));
#4288=DIRECTION('',(0.,0.,1.));
#4289=DIRECTION('center_axis',(0.,0.,1.));
#4290=DIRECTION('ref_axis',(1.,0.,0.));
#4291=DIRECTION('center_axis',(0.,-1.,0.));
#4292=DIRECTION('ref_axis',(-0.0348994967025008,0.,-0.999390827019096));
#4293=DIRECTION('center_axis',(0.0412348993414057,0.,0.999149479845886));
#4294=DIRECTION('ref_axis',(0.999149479845886,0.,-0.0412348993414057));
#4295=DIRECTION('center_axis',(0.,0.,1.));
#4296=DIRECTION('ref_axis',(1.,0.,0.));
#4297=DIRECTION('',(0.,0.,1.));
#4298=DIRECTION('center_axis',(0.,0.,1.));
#4299=DIRECTION('ref_axis',(1.,0.,0.));
#4300=DIRECTION('center_axis',(1.22464679914735E-16,-1.,-4.27656085818316E-18));
#4301=DIRECTION('ref_axis',(-0.0348994967025011,0.,-0.999390827019096));
#4302=DIRECTION('center_axis',(0.040707128479058,0.,0.999171121325566));
#4303=DIRECTION('ref_axis',(0.999171121325566,0.,-0.040707128479058));
#4304=DIRECTION('center_axis',(0.,0.,-1.));
#4305=DIRECTION('ref_axis',(1.,0.,0.));
#4306=DIRECTION('',(0.,0.,1.));
#4307=DIRECTION('center_axis',(0.,0.,-1.));
#4308=DIRECTION('ref_axis',(1.,0.,0.));
#4309=DIRECTION('center_axis',(0.,0.,1.));
#4310=DIRECTION('ref_axis',(1.,0.,0.));
#4311=DIRECTION('center_axis',(0.,0.,-1.));
#4312=DIRECTION('ref_axis',(1.,0.,0.));
#4313=DIRECTION('center_axis',(2.17690789142188E-16,-1.,0.));
#4314=DIRECTION('ref_axis',(-1.,-2.17690789142188E-16,0.));
#4315=DIRECTION('center_axis',(0.,0.,1.));
#4316=DIRECTION('ref_axis',(1.,0.,0.));
#4317=DIRECTION('center_axis',(0.,0.,1.));
#4318=DIRECTION('ref_axis',(-1.,0.,0.));
#4319=DIRECTION('',(0.,-1.,0.));
#4320=DIRECTION('',(1.,0.,0.));
#4321=DIRECTION('',(0.707106781186548,-0.707106781186547,0.));
#4322=DIRECTION('',(1.,0.,0.));
#4323=DIRECTION('center_axis',(0.,0.,1.));
#4324=DIRECTION('ref_axis',(-1.,0.,0.));
#4325=DIRECTION('',(-1.,0.,0.));
#4326=DIRECTION('',(-0.707106781186548,-0.707106781186547,0.));
#4327=DIRECTION('',(-1.,0.,0.));
#4328=DIRECTION('center_axis',(0.,0.,-1.));
#4329=DIRECTION('ref_axis',(1.,0.,0.));
#4330=DIRECTION('center_axis',(0.,0.,-1.));
#4331=DIRECTION('ref_axis',(1.,0.,0.));
#4332=DIRECTION('center_axis',(0.,0.,-1.));
#4333=DIRECTION('ref_axis',(-1.,0.,0.));
#4334=DIRECTION('center_axis',(0.,0.,-1.));
#4335=DIRECTION('ref_axis',(1.,0.,0.));
#4336=DIRECTION('center_axis',(0.,0.,-1.));
#4337=DIRECTION('ref_axis',(1.,0.,0.));
#4338=DIRECTION('center_axis',(0.,0.,1.));
#4339=DIRECTION('ref_axis',(1.,0.,0.));
#4340=DIRECTION('',(0.,0.,-1.));
#4341=DIRECTION('center_axis',(0.,0.,1.));
#4342=DIRECTION('ref_axis',(1.,0.,0.));
#4343=DIRECTION('center_axis',(2.17690789142187E-16,-1.,0.));
#4344=DIRECTION('ref_axis',(-1.,-2.17690789142187E-16,0.));
#4345=DIRECTION('center_axis',(0.,0.,1.));
#4346=DIRECTION('ref_axis',(1.,0.,0.));
#4347=DIRECTION('center_axis',(0.,0.,-1.));
#4348=DIRECTION('ref_axis',(1.,0.,0.));
#4349=DIRECTION('center_axis',(0.,0.,1.));
#4350=DIRECTION('ref_axis',(1.,0.,0.));
#4351=DIRECTION('',(0.,0.,-1.));
#4352=DIRECTION('center_axis',(0.,0.,1.));
#4353=DIRECTION('ref_axis',(1.,0.,0.));
#4354=DIRECTION('center_axis',(2.17690789142188E-16,-1.,0.));
#4355=DIRECTION('ref_axis',(-1.,-2.17690789142188E-16,0.));
#4356=DIRECTION('center_axis',(0.,0.,1.));
#4357=DIRECTION('ref_axis',(1.,0.,0.));
#4358=DIRECTION('center_axis',(0.,0.,-1.));
#4359=DIRECTION('ref_axis',(1.,0.,0.));
#4360=DIRECTION('center_axis',(0.,0.,1.));
#4361=DIRECTION('ref_axis',(1.,0.,0.));
#4362=DIRECTION('',(0.,0.,-1.));
#4363=DIRECTION('center_axis',(0.,0.,1.));
#4364=DIRECTION('ref_axis',(1.,0.,0.));
#4365=DIRECTION('center_axis',(2.17690789142188E-16,-1.,0.));
#4366=DIRECTION('ref_axis',(-1.,-2.17690789142188E-16,0.));
#4367=DIRECTION('center_axis',(0.,0.,1.));
#4368=DIRECTION('ref_axis',(1.,0.,0.));
#4369=DIRECTION('center_axis',(0.,0.,-1.));
#4370=DIRECTION('ref_axis',(1.,0.,0.));
#4371=DIRECTION('center_axis',(0.,0.,1.));
#4372=DIRECTION('ref_axis',(1.,0.,0.));
#4373=DIRECTION('',(0.,0.,-1.));
#4374=DIRECTION('center_axis',(0.,0.,-1.));
#4375=DIRECTION('ref_axis',(-1.,0.,0.));
#4376=DIRECTION('center_axis',(-1.22464679914735E-16,-1.,0.));
#4377=DIRECTION('ref_axis',(1.,-1.22464679914735E-16,0.));
#4378=DIRECTION('center_axis',(0.,1.,0.));
#4379=DIRECTION('ref_axis',(0.38268343236509,0.,0.923879532511287));
#4380=DIRECTION('',(0.,-1.,0.));
#4381=DIRECTION('center_axis',(1.,0.,0.));
#4382=DIRECTION('ref_axis',(0.,0.707106781186551,-0.707106781186544));
#4383=DIRECTION('center_axis',(0.923879532511287,0.38268343236509,3.39891166203447E-15));
#4384=DIRECTION('ref_axis',(-0.38268343236509,0.923879532511287,8.20569863179168E-15));
#4385=DIRECTION('center_axis',(-0.707106781186548,-0.707106781186547,0.));
#4386=DIRECTION('ref_axis',(-0.499999999999998,0.499999999999999,-0.70710678118655));
#4387=DIRECTION('center_axis',(0.923879532511287,0.38268343236509,0.));
#4388=DIRECTION('ref_axis',(-0.38268343236509,0.923879532511287,0.));
#4389=DIRECTION('',(0.707106781186548,0.707106781186547,0.));
#4390=DIRECTION('center_axis',(-1.,0.,0.));
#4391=DIRECTION('ref_axis',(0.,-0.707106781186548,-0.707106781186548));
#4392=DIRECTION('',(-1.,0.,0.));
#4393=DIRECTION('center_axis',(1.,0.,0.));
#4394=DIRECTION('ref_axis',(0.,-1.,0.));
#4395=DIRECTION('center_axis',(-0.923879532511293,0.382683432365076,1.69945583101717E-15));
#4396=DIRECTION('ref_axis',(0.382683432365076,0.923879532511292,4.10284931589587E-15));
#4397=DIRECTION('center_axis',(-1.,0.,0.));
#4398=DIRECTION('ref_axis',(0.,-0.707106781186551,-0.707106781186544));
#4399=DIRECTION('center_axis',(0.923879532511293,-0.382683432365076,1.69945583101717E-15));
#4400=DIRECTION('ref_axis',(0.382683432365076,0.923879532511293,-4.10284931589587E-15));
#4401=DIRECTION('center_axis',(0.707106781186548,-0.707106781186547,0.));
#4402=DIRECTION('ref_axis',(-0.499999999999998,-0.499999999999998,-0.70710678118655));
#4403=DIRECTION('',(-0.707106781186548,0.707106781186547,0.));
#4404=DIRECTION('center_axis',(0.,0.,1.));
#4405=DIRECTION('ref_axis',(-1.,1.22464679914735E-16,0.));
#4406=DIRECTION('center_axis',(-1.,0.,0.));
#4407=DIRECTION('ref_axis',(0.,1.,0.));
#4408=DIRECTION('center_axis',(1.,0.,0.));
#4409=DIRECTION('ref_axis',(0.,0.707106781186548,-0.707106781186548));
#4410=DIRECTION('',(1.,0.,0.));
#4411=DIRECTION('center_axis',(-0.707106781186547,0.707106781186548,0.));
#4412=DIRECTION('ref_axis',(0.,0.,1.));
#4413=DIRECTION('',(0.,0.,1.));
#4414=DIRECTION('',(0.707106781186548,0.707106781186547,0.));
#4415=DIRECTION('center_axis',(0.,1.,0.));
#4416=DIRECTION('ref_axis',(-1.,0.,0.));
#4417=DIRECTION('center_axis',(0.,-1.,0.));
#4418=DIRECTION('ref_axis',(1.,0.,0.));
#4419=DIRECTION('',(0.,0.,-1.));
#4420=DIRECTION('',(-1.,0.,0.));
#4421=DIRECTION('center_axis',(-0.707106781186547,-0.707106781186548,0.));
#4422=DIRECTION('ref_axis',(0.,0.,1.));
#4423=DIRECTION('',(-0.707106781186548,0.707106781186547,0.));
#4424=DIRECTION('center_axis',(0.,0.,-1.));
#4425=DIRECTION('ref_axis',(-1.,0.,0.));
#4426=DIRECTION('center_axis',(0.,0.,1.));
#4427=DIRECTION('ref_axis',(1.,0.,0.));
#4428=DIRECTION('center_axis',(-2.17690789142187E-16,-1.,0.));
#4429=DIRECTION('ref_axis',(1.,-2.17690789142187E-16,0.));
#4430=DIRECTION('center_axis',(0.,0.,-1.));
#4431=DIRECTION('ref_axis',(1.,0.,0.));
#4432=DIRECTION('center_axis',(0.,0.,-1.));
#4433=DIRECTION('ref_axis',(1.,0.,0.));
#4434=DIRECTION('center_axis',(0.,0.,-1.));
#4435=DIRECTION('ref_axis',(1.,0.,0.));
#4436=DIRECTION('',(0.,1.,0.));
#4437=DIRECTION('',(1.,0.,0.));
#4438=DIRECTION('',(0.707106781186548,0.707106781186547,0.));
#4439=DIRECTION('',(1.,6.34413156928661E-17,0.));
#4440=DIRECTION('center_axis',(0.,0.,-1.));
#4441=DIRECTION('ref_axis',(-1.,-6.12323399573676E-17,0.));
#4442=DIRECTION('',(-1.,0.,0.));
#4443=DIRECTION('',(-0.707106781186548,0.707106781186547,0.));
#4444=DIRECTION('',(-1.,0.,0.));
#4445=DIRECTION('center_axis',(0.,0.,1.));
#4446=DIRECTION('ref_axis',(1.,0.,0.));
#4447=DIRECTION('center_axis',(0.,0.,1.));
#4448=DIRECTION('ref_axis',(1.,0.,0.));
#4449=DIRECTION('center_axis',(0.,0.,1.));
#4450=DIRECTION('ref_axis',(1.,0.,0.));
#4451=DIRECTION('center_axis',(0.,0.,1.));
#4452=DIRECTION('ref_axis',(1.,0.,0.));
#4453=DIRECTION('center_axis',(0.,0.,-1.));
#4454=DIRECTION('ref_axis',(1.,0.,0.));
#4455=DIRECTION('',(0.,0.,-1.));
#4456=DIRECTION('center_axis',(0.,0.,-1.));
#4457=DIRECTION('ref_axis',(1.,0.,0.));
#4458=DIRECTION('center_axis',(0.,0.,-1.));
#4459=DIRECTION('ref_axis',(-1.,0.,0.));
#4460=DIRECTION('center_axis',(-2.17690789142187E-16,-1.,0.));
#4461=DIRECTION('ref_axis',(1.,-2.17690789142187E-16,0.));
#4462=DIRECTION('center_axis',(0.,0.,-1.));
#4463=DIRECTION('ref_axis',(1.,0.,0.));
#4464=DIRECTION('center_axis',(0.,0.,-1.));
#4465=DIRECTION('ref_axis',(1.,0.,0.));
#4466=DIRECTION('center_axis',(0.,0.,-1.));
#4467=DIRECTION('ref_axis',(1.,0.,0.));
#4468=DIRECTION('',(0.,0.,-1.));
#4469=DIRECTION('center_axis',(0.,0.,-1.));
#4470=DIRECTION('ref_axis',(1.,0.,0.));
#4471=DIRECTION('center_axis',(0.,0.,-1.));
#4472=DIRECTION('ref_axis',(-1.,0.,0.));
#4473=DIRECTION('center_axis',(-2.17690789142188E-16,-1.,0.));
#4474=DIRECTION('ref_axis',(1.,-2.17690789142188E-16,0.));
#4475=DIRECTION('center_axis',(0.,0.,-1.));
#4476=DIRECTION('ref_axis',(1.,0.,0.));
#4477=DIRECTION('center_axis',(0.,0.,-1.));
#4478=DIRECTION('ref_axis',(1.,0.,0.));
#4479=DIRECTION('center_axis',(0.,0.,-1.));
#4480=DIRECTION('ref_axis',(1.,0.,0.));
#4481=DIRECTION('',(0.,0.,-1.));
#4482=DIRECTION('center_axis',(0.,0.,-1.));
#4483=DIRECTION('ref_axis',(1.,0.,0.));
#4484=DIRECTION('center_axis',(0.,0.,-1.));
#4485=DIRECTION('ref_axis',(-1.,0.,0.));
#4486=DIRECTION('center_axis',(-2.17690789142188E-16,-1.,0.));
#4487=DIRECTION('ref_axis',(1.,-2.17690789142188E-16,0.));
#4488=DIRECTION('center_axis',(0.,0.,-1.));
#4489=DIRECTION('ref_axis',(1.,0.,0.));
#4490=DIRECTION('center_axis',(0.,0.,-1.));
#4491=DIRECTION('ref_axis',(1.,0.,0.));
#4492=DIRECTION('center_axis',(0.,0.,-1.));
#4493=DIRECTION('ref_axis',(1.,0.,0.));
#4494=DIRECTION('',(0.,0.,-1.));
#4495=DIRECTION('center_axis',(0.,0.,-1.));
#4496=DIRECTION('ref_axis',(1.,0.,0.));
#4497=DIRECTION('center_axis',(0.,0.,1.));
#4498=DIRECTION('ref_axis',(1.,0.,0.));
#4499=DIRECTION('center_axis',(1.22464679914735E-16,-1.,0.));
#4500=DIRECTION('ref_axis',(-1.,-1.22464679914735E-16,0.));
#4501=DIRECTION('center_axis',(0.,-1.,0.));
#4502=DIRECTION('ref_axis',(0.38268343236509,0.,-0.923879532511287));
#4503=DIRECTION('',(0.,1.,0.));
#4504=DIRECTION('center_axis',(1.,0.,0.));
#4505=DIRECTION('ref_axis',(0.,-0.707106781186548,0.707106781186548));
#4506=DIRECTION('center_axis',(0.923879532511293,-0.382683432365076,0.));
#4507=DIRECTION('ref_axis',(-0.382683432365076,-0.923879532511292,0.));
#4508=DIRECTION('center_axis',(-1.,0.,0.));
#4509=DIRECTION('ref_axis',(0.,-0.707106781186544,0.707106781186551));
#4510=DIRECTION('center_axis',(1.,0.,0.));
#4511=DIRECTION('ref_axis',(0.,0.,1.));
#4512=DIRECTION('',(1.,0.,0.));
#4513=DIRECTION('center_axis',(-0.923879532511293,0.382683432365076,-1.69945583101716E-15));
#4514=DIRECTION('ref_axis',(0.382683432365076,0.923879532511293,-4.10284931589585E-15));
#4515=DIRECTION('center_axis',(0.,0.,-1.));
#4516=DIRECTION('ref_axis',(-1.,0.,0.));
#4517=DIRECTION('center_axis',(-1.,-4.44089209850064E-15,0.));
#4518=DIRECTION('ref_axis',(0.,0.,1.));
#4519=DIRECTION('center_axis',(0.,0.,1.));
#4520=DIRECTION('ref_axis',(-1.,-6.12323399573677E-17,0.));
#4521=DIRECTION('center_axis',(1.,6.34413156928661E-17,0.));
#4522=DIRECTION('ref_axis',(0.,0.707106781186548,0.707106781186548));
#4523=DIRECTION('',(-1.,-6.34413156928661E-17,0.));
#4524=DIRECTION('center_axis',(-0.923879532511293,-0.382683432365076,-1.69945583101716E-15));
#4525=DIRECTION('ref_axis',(-0.382683432365076,0.923879532511292,4.10284931589585E-15));
#4526=DIRECTION('center_axis',(-1.,0.,0.));
#4527=DIRECTION('ref_axis',(0.,0.707106781186548,0.707106781186548));
#4528=DIRECTION('center_axis',(0.923879532511293,0.382683432365076,1.69945583101716E-15));
#4529=DIRECTION('ref_axis',(0.382683432365076,-0.923879532511292,-4.10284931589583E-15));
#4530=DIRECTION('center_axis',(0.707106781186548,0.707106781186547,0.));
#4531=DIRECTION('ref_axis',(-0.499999999999998,0.499999999999998,0.70710678118655));
#4532=DIRECTION('',(-0.707106781186548,-0.707106781186547,0.));
#4533=DIRECTION('center_axis',(-0.707106781186548,0.707106781186547,0.));
#4534=DIRECTION('ref_axis',(-0.49999999999999,-0.499999999999998,0.707106781186556));
#4535=DIRECTION('center_axis',(0.,-1.,0.));
#4536=DIRECTION('ref_axis',(-1.,0.,0.));
#4537=DIRECTION('',(0.,0.,-1.));
#4538=DIRECTION('center_axis',(0.,0.,-1.));
#4539=DIRECTION('ref_axis',(0.,-1.,0.));
#4540=DIRECTION('',(0.,0.,-1.));
#4541=DIRECTION('center_axis',(-6.34413156928661E-17,1.,0.));
#4542=DIRECTION('ref_axis',(1.,6.34413156928661E-17,0.));
#4543=DIRECTION('',(0.,0.,1.));
#4544=DIRECTION('center_axis',(-0.707106781186547,0.707106781186548,0.));
#4545=DIRECTION('ref_axis',(0.,0.,1.));
#4546=DIRECTION('center_axis',(1.,1.0427507451178E-32,-1.22464679914735E-16));
#4547=DIRECTION('ref_axis',(3.17627118443784E-32,1.,3.44509284839767E-16));
#4548=DIRECTION('',(-7.33511783933922E-17,-0.800780571170185,-0.598957825590711));
#4549=DIRECTION('',(1.22464679914735E-16,-3.44509284839767E-16,1.));
#4550=DIRECTION('',(-3.17627118443784E-32,-1.,-3.44509284839767E-16));
#4551=DIRECTION('',(-1.22464679914735E-16,3.44509284839767E-16,-1.));
#4552=DIRECTION('',(7.18444003310153E-17,-0.809837654592726,0.586654048996299));
#4553=DIRECTION('center_axis',(-1.,-1.0427507451178E-32,1.22464679914735E-16));
#4554=DIRECTION('ref_axis',(0.,1.,0.));
#4555=DIRECTION('',(1.22464679914735E-16,-3.44509284839767E-16,1.));
#4556=DIRECTION('',(-2.02086655407043E-19,0.99999863848049,-0.00165016276976948));
#4557=DIRECTION('',(-3.17627118443784E-32,-1.,-3.44509284839767E-16));
#4558=DIRECTION('center_axis',(-1.,-1.0427507451178E-32,1.22464679914735E-16));
#4559=DIRECTION('ref_axis',(-1.22464679914735E-16,3.44509284839767E-16,
-1.));
#4560=DIRECTION('',(3.17627118443784E-32,1.,3.44509284839767E-16));
#4561=DIRECTION('',(-1.22464679914735E-16,3.44509284839767E-16,-1.));
#4562=DIRECTION('center_axis',(-1.,-1.0427507451178E-32,1.22464679914735E-16));
#4563=DIRECTION('ref_axis',(-1.22464679914735E-16,3.44509284839767E-16,
-1.));
#4564=DIRECTION('',(-1.22464679914735E-16,3.44509284839767E-16,-1.));
#4565=DIRECTION('',(-3.17627118443784E-32,-1.,-3.44509284839767E-16));
#4566=DIRECTION('center_axis',(1.,0.,1.22464679914732E-16));
#4567=DIRECTION('ref_axis',(1.22464679914732E-16,3.44509284839767E-16,-1.));
#4568=DIRECTION('',(-1.22464679914732E-16,-3.44509284839767E-16,1.));
#4569=DIRECTION('',(4.21902192955553E-32,-1.,-3.44509284839767E-16));
#4570=DIRECTION('',(-1.22464679914732E-16,-3.44509284839767E-16,1.));
#4571=DIRECTION('',(-4.21902192955553E-32,1.,3.44509284839767E-16));
#4572=DIRECTION('center_axis',(-3.17627118443784E-32,-1.,-3.44509284839767E-16));
#4573=DIRECTION('ref_axis',(1.22464679914735E-16,-3.44509284839767E-16,
1.));
#4574=DIRECTION('',(-1.,-1.0427507451178E-32,1.22464679914735E-16));
#4575=DIRECTION('',(1.,1.0427507451178E-32,-1.22464679914735E-16));
#4576=DIRECTION('',(0.615661475325659,-2.71477021171097E-16,0.788010753606722));
#4577=DIRECTION('',(-0.615661899742996,-2.71476906934799E-16,0.788010422015372));
#4578=DIRECTION('center_axis',(-3.17627118443784E-32,-1.,-3.44509284839767E-16));
#4579=DIRECTION('ref_axis',(-1.,-1.0427507451178E-32,1.22464679914735E-16));
#4580=DIRECTION('center_axis',(-3.17627118443784E-32,-1.,-3.44509284839767E-16));
#4581=DIRECTION('ref_axis',(-1.,-1.0427507451178E-32,1.22464679914735E-16));
#4582=DIRECTION('center_axis',(-1.,0.,0.));
#4583=DIRECTION('ref_axis',(0.,1.,0.));
#4584=DIRECTION('',(-1.,0.,0.));
#4585=DIRECTION('center_axis',(1.,1.0427507451178E-32,-1.22464679914735E-16));
#4586=DIRECTION('ref_axis',(0.,1.,0.));
#4587=DIRECTION('center_axis',(-4.47040896770349E-17,3.77475828372553E-16,
1.));
#4588=DIRECTION('ref_axis',(1.,0.,4.47040896770349E-17));
#4589=DIRECTION('',(5.1293909246226E-17,-1.,3.77475828372553E-16));
#4590=DIRECTION('',(1.,9.89480068775452E-17,4.06152334997744E-17));
#4591=DIRECTION('',(2.27173995849654E-15,-1.,3.99680288865056E-16));
#4592=DIRECTION('',(1.,9.89480068775452E-17,4.06152334997744E-17));
#4593=DIRECTION('',(5.1293909246226E-17,-1.,3.77475828372553E-16));
#4594=DIRECTION('center_axis',(-1.,-9.89480068775452E-17,-6.34613023433975E-17));
#4595=DIRECTION('ref_axis',(-6.34613023433975E-17,0.,1.));
#4596=DIRECTION('',(-5.1293909246226E-17,1.,-3.77475828372553E-16));
#4597=DIRECTION('',(6.9850140120367E-17,-5.89805981832114E-16,-1.));
#4598=DIRECTION('center_axis',(1.,9.89480068775452E-17,6.34613023433975E-17));
#4599=DIRECTION('ref_axis',(6.34613023433975E-17,0.,-1.));
#4600=DIRECTION('',(6.9850140120367E-17,-5.89805981832114E-16,-1.));
#4601=DIRECTION('',(5.1293909246226E-17,-1.,3.77475828372553E-16));
#4602=DIRECTION('center_axis',(-5.1293909246226E-17,1.,-5.89805981832114E-16));
#4603=DIRECTION('ref_axis',(0.,5.89805981832114E-16,1.));
#4604=DIRECTION('',(1.,9.89480068775452E-17,4.06152334997744E-17));
#4605=DIRECTION('',(6.9850140120367E-17,-5.89805981832114E-16,-1.));
#4606=DIRECTION('center_axis',(-1.,-2.33083754585489E-15,-6.10606439569678E-17));
#4607=DIRECTION('ref_axis',(-6.10606439569678E-17,0.,1.));
#4608=DIRECTION('',(-2.27173995849654E-15,1.,-3.99680288865056E-16));
#4609=DIRECTION('',(6.9850140120367E-17,-5.89805981832114E-16,-1.));
#4610=DIRECTION('center_axis',(5.1293909246226E-17,-1.,5.89805981832114E-16));
#4611=DIRECTION('ref_axis',(0.,-5.89805981832114E-16,-1.));
#4612=DIRECTION('',(-1.,-9.89480068775452E-17,-4.06152334997744E-17));
#4613=DIRECTION('center_axis',(4.47040896770349E-17,-3.77475828372553E-16,
-1.));
#4614=DIRECTION('ref_axis',(-1.,0.,-4.47040896770349E-17));
#4615=DIRECTION('center_axis',(-4.47040896770349E-17,3.77475828372553E-16,
1.));
#4616=DIRECTION('ref_axis',(1.,0.,4.47040896770349E-17));
#4617=DIRECTION('',(5.1293909246226E-17,-1.,3.77475828372553E-16));
#4618=DIRECTION('',(1.,9.89480068775452E-17,4.06152334997744E-17));
#4619=DIRECTION('',(5.1293909246226E-17,-1.,3.77475828372553E-16));
#4620=DIRECTION('',(1.,9.89480068775452E-17,4.06152334997744E-17));
#4621=DIRECTION('',(5.1293909246226E-17,-1.,3.77475828372553E-16));
#4622=DIRECTION('center_axis',(-1.,-9.89480068775452E-17,-6.34613023433975E-17));
#4623=DIRECTION('ref_axis',(-6.34613023433975E-17,0.,1.));
#4624=DIRECTION('',(-5.1293909246226E-17,1.,-3.77475828372553E-16));
#4625=DIRECTION('',(6.9850140120367E-17,-5.89805981832114E-16,-1.));
#4626=DIRECTION('center_axis',(5.1293909246226E-17,-1.,5.89805981832114E-16));
#4627=DIRECTION('ref_axis',(0.,-5.89805981832114E-16,-1.));
#4628=DIRECTION('',(-1.,-9.89480068775452E-17,-4.06152334997744E-17));
#4629=DIRECTION('',(6.9850140120367E-17,-5.89805981832114E-16,-1.));
#4630=DIRECTION('center_axis',(1.,9.89480068775452E-17,6.34613023433975E-17));
#4631=DIRECTION('ref_axis',(6.34613023433975E-17,0.,-1.));
#4632=DIRECTION('',(5.1293909246226E-17,-1.,3.77475828372553E-16));
#4633=DIRECTION('',(6.9850140120367E-17,-5.89805981832114E-16,-1.));
#4634=DIRECTION('center_axis',(-5.1293909246226E-17,1.,-5.89805981832114E-16));
#4635=DIRECTION('ref_axis',(0.,5.89805981832114E-16,1.));
#4636=DIRECTION('',(1.,9.89480068775452E-17,4.06152334997744E-17));
#4637=DIRECTION('',(6.9850140120367E-17,-5.89805981832114E-16,-1.));
#4638=DIRECTION('center_axis',(1.,9.89480068775452E-17,6.34613023433975E-17));
#4639=DIRECTION('ref_axis',(6.34613023433975E-17,0.,-1.));
#4640=DIRECTION('',(5.1293909246226E-17,-1.,3.77475828372553E-16));
#4641=DIRECTION('center_axis',(4.47040896770349E-17,-3.77475828372553E-16,
-1.));
#4642=DIRECTION('ref_axis',(-1.,0.,-4.47040896770349E-17));
#4643=DIRECTION('center_axis',(0.,0.598957825590711,-0.800780571170185));
#4644=DIRECTION('ref_axis',(-1.,0.,0.));
#4645=DIRECTION('',(0.719710033389758,0.555961753547615,0.415841311596592));
#4646=DIRECTION('',(1.,1.0427507451178E-32,-1.22464679914735E-16));
#4647=DIRECTION('',(3.17627118443784E-32,1.,3.44509284839767E-16));
#4648=DIRECTION('center_axis',(0.,-0.577668857514236,-0.816271211704907));
#4649=DIRECTION('ref_axis',(-1.,0.,0.));
#4650=DIRECTION('',(0.837638740618008,-0.445867435958502,0.315536954678321));
#4651=DIRECTION('',(-1.,-1.0427507451178E-32,1.22464679914735E-16));
#4652=DIRECTION('',(7.07440317321917E-17,-0.816271211704908,0.577668857514236));
#4653=DIRECTION('',(0.712468775127213,-0.568266172037185,0.411657384467877));
#4654=DIRECTION('',(3.17627118443784E-32,1.,3.44509284839767E-16));
#4655=DIRECTION('center_axis',(3.17627118443784E-32,1.,3.44509284839767E-16));
#4656=DIRECTION('ref_axis',(-1.22464679914735E-16,3.44509284839767E-16,
-1.));
#4657=DIRECTION('',(0.615661899742996,2.71476906934799E-16,-0.788010422015372));
#4658=DIRECTION('',(-1.22464679914735E-16,3.44509284839767E-16,-1.));
#4659=DIRECTION('',(-0.615661475325659,2.71477021171097E-16,-0.788010753606722));
#4660=DIRECTION('',(-1.,-1.0427507451178E-32,1.22464679914735E-16));
#4661=DIRECTION('center_axis',(3.17627118443784E-32,1.,3.44509284839767E-16));
#4662=DIRECTION('ref_axis',(1.,1.0427507451178E-32,-1.22464679914735E-16));
#4663=DIRECTION('center_axis',(3.17627118443784E-32,1.,3.44509284839767E-16));
#4664=DIRECTION('ref_axis',(1.,1.0427507451178E-32,-1.22464679914735E-16));
#4665=DIRECTION('center_axis',(1.22464679914735E-16,-3.44509284839767E-16,
1.));
#4666=DIRECTION('ref_axis',(3.17627118443784E-32,1.,3.44509284839767E-16));
#4667=DIRECTION('',(-3.17627118443784E-32,-1.,-3.44509284839767E-16));
#4668=DIRECTION('',(-1.,-1.0427507451178E-32,1.22464679914735E-16));
#4669=DIRECTION('',(3.17627118443784E-32,1.,3.44509284839767E-16));
#4670=DIRECTION('',(1.,1.0427507451178E-32,-1.22464679914735E-16));
#4671=DIRECTION('',(-3.17627118443784E-32,-1.,-3.44509284839767E-16));
#4672=DIRECTION('center_axis',(0.788010753606722,2.12101094567838E-16,-0.615661475325659));
#4673=DIRECTION('ref_axis',(0.615661475325659,-2.71477021171097E-16,0.788010753606722));
#4674=DIRECTION('',(3.17627118443784E-32,1.,3.44509284839767E-16));
#4675=DIRECTION('',(0.615661475325659,-2.71477021171097E-16,0.788010753606722));
#4676=DIRECTION('center_axis',(0.,-3.44509284839767E-16,1.));
#4677=DIRECTION('ref_axis',(-3.17627118443784E-32,-1.,-3.44509284839767E-16));
#4678=DIRECTION('',(3.17627118443784E-32,1.,3.44509284839767E-16));
#4679=DIRECTION('',(-1.,-1.0427507451178E-32,1.22464679914735E-16));
#4680=DIRECTION('',(1.,0.,0.));
#4681=DIRECTION('center_axis',(-1.,-1.0427507451178E-32,1.22464679914735E-16));
#4682=DIRECTION('ref_axis',(-1.22464679914735E-16,3.44509284839767E-16,
-1.));
#4683=DIRECTION('',(1.,1.0427507451178E-32,-1.22464679914735E-16));
#4684=DIRECTION('center_axis',(0.,3.44509284839767E-16,-1.));
#4685=DIRECTION('ref_axis',(3.17627118443784E-32,1.,3.44509284839767E-16));
#4686=DIRECTION('',(-3.17627118443784E-32,-1.,-3.44509284839767E-16));
#4687=DIRECTION('',(1.,0.,0.));
#4688=DIRECTION('',(1.,1.0427507451178E-32,-1.22464679914735E-16));
#4689=DIRECTION('center_axis',(0.788010422015373,-2.12101240783552E-16,
0.615661899742996));
#4690=DIRECTION('ref_axis',(-0.615661899742996,-2.71476906934799E-16,0.788010422015372));
#4691=DIRECTION('',(-0.615661899742996,-2.71476906934799E-16,0.788010422015372));
#4692=DIRECTION('',(-3.17627118443784E-32,-1.,-3.44509284839767E-16));
#4693=DIRECTION('',(0.615661899742996,2.71476906934799E-16,-0.788010422015372));
#4694=DIRECTION('center_axis',(0.788010753606722,2.12101094567838E-16,-0.615661475325659));
#4695=DIRECTION('ref_axis',(0.615661475325659,-2.71477021171097E-16,0.788010753606722));
#4696=DIRECTION('',(-0.615661475325659,2.71477021171097E-16,-0.788010753606722));
#4697=DIRECTION('',(3.17627118443784E-32,1.,3.44509284839767E-16));
#4698=DIRECTION('',(0.615661475325659,-2.71477021171097E-16,0.788010753606722));
#4699=DIRECTION('center_axis',(-1.,-1.0427507451178E-32,1.22464679914735E-16));
#4700=DIRECTION('ref_axis',(-1.22464679914735E-16,3.44509284839767E-16,
-1.));
#4701=DIRECTION('',(-1.,-1.0427507451178E-32,1.22464679914735E-16));
#4702=DIRECTION('center_axis',(-3.17627118443784E-32,-1.,-3.44509284839767E-16));
#4703=DIRECTION('ref_axis',(1.,1.0427507451178E-32,-1.22464679914735E-16));
#4704=DIRECTION('center_axis',(3.17627118443784E-32,1.,3.44509284839767E-16));
#4705=DIRECTION('ref_axis',(-1.,-1.0427507451178E-32,1.22464679914735E-16));
#4706=DIRECTION('center_axis',(3.17627118443784E-32,1.,3.44509284839767E-16));
#4707=DIRECTION('ref_axis',(-1.,-1.0427507451178E-32,1.22464679914735E-16));
#4708=DIRECTION('center_axis',(-3.17627118443784E-32,-1.,-3.44509284839767E-16));
#4709=DIRECTION('ref_axis',(-1.,-1.0427507451178E-32,1.22464679914735E-16));
#4710=DIRECTION('center_axis',(3.17627118443784E-32,1.,3.44509284839767E-16));
#4711=DIRECTION('ref_axis',(-1.,-1.0427507451178E-32,1.22464679914735E-16));
#4712=DIRECTION('',(3.17627118443784E-32,1.,3.44509284839767E-16));
#4713=DIRECTION('center_axis',(3.17627118443784E-32,1.,3.44509284839767E-16));
#4714=DIRECTION('ref_axis',(-1.,-1.0427507451178E-32,1.22464679914735E-16));
#4715=DIRECTION('center_axis',(3.17627118443784E-32,1.,3.44509284839767E-16));
#4716=DIRECTION('ref_axis',(-1.,-1.0427507451178E-32,1.22464679914735E-16));
#4717=DIRECTION('center_axis',(3.17627118443784E-32,1.,3.44509284839767E-16));
#4718=DIRECTION('ref_axis',(-1.,-1.0427507451178E-32,1.22464679914735E-16));
#4719=DIRECTION('',(-1.22464679914735E-16,3.44509284839767E-16,-1.));
#4720=DIRECTION('center_axis',(0.788010422015373,-2.12101240783552E-16,
0.615661899742996));
#4721=DIRECTION('ref_axis',(-0.615661899742996,-2.71476906934799E-16,0.788010422015372));
#4722=DIRECTION('',(-0.615661899742996,-2.71476906934799E-16,0.788010422015372));
#4723=DIRECTION('',(-3.17627118443784E-32,-1.,-3.44509284839767E-16));
#4724=DIRECTION('center_axis',(3.17627118443784E-32,1.,3.44509284839767E-16));
#4725=DIRECTION('ref_axis',(-1.,-1.0427507451178E-32,1.22464679914735E-16));
#4726=DIRECTION('',(-1.22464679914735E-16,3.44509284839767E-16,-1.));
#4727=DIRECTION('center_axis',(-1.,-1.0427507451178E-32,1.22464679914735E-16));
#4728=DIRECTION('ref_axis',(-3.17627118443784E-32,-1.,-3.44509284839767E-16));
#4729=DIRECTION('',(1.22464679914735E-16,-3.44509284839767E-16,1.));
#4730=DIRECTION('',(3.17627118443784E-32,1.,3.44509284839767E-16));
#4731=DIRECTION('',(-1.22464679914735E-16,3.44509284839767E-16,-1.));
#4732=DIRECTION('',(3.17627118443784E-32,1.,3.44509284839767E-16));
#4733=DIRECTION('',(1.22464679914735E-16,-7.59545929559452E-16,1.));
#4734=DIRECTION('',(-9.18401130144298E-32,1.,-6.64784373910375E-16));
#4735=DIRECTION('',(1.22464679914735E-16,-3.44509284839767E-16,1.));
#4736=DIRECTION('',(-3.17627118443784E-32,-1.,-3.44509284839767E-16));
#4737=DIRECTION('',(1.22464679914735E-16,-3.44509284839767E-16,1.));
#4738=DIRECTION('',(-3.17627118443784E-32,-1.,-3.44509284839767E-16));
#4739=DIRECTION('',(-1.22464679914735E-16,3.44509284839767E-16,-1.));
#4740=DIRECTION('',(-3.17627118443784E-32,-1.,-3.44509284839767E-16));
#4741=DIRECTION('',(1.22464679914735E-16,-3.44509284839767E-16,1.));
#4742=DIRECTION('center_axis',(-3.17627118443784E-32,-1.,-3.44509284839767E-16));
#4743=DIRECTION('ref_axis',(-1.,-1.0427507451178E-32,1.22464679914735E-16));
#4744=DIRECTION('',(1.,1.0427507451178E-32,-1.22464679914735E-16));
#4745=DIRECTION('center_axis',(-3.17627118443784E-32,-1.,-3.44509284839767E-16));
#4746=DIRECTION('ref_axis',(-1.,-1.0427507451178E-32,1.22464679914735E-16));
#4747=DIRECTION('',(-1.,-1.0427507451178E-32,1.22464679914735E-16));
#4748=DIRECTION('center_axis',(-1.22464679914735E-16,3.44509284839767E-16,
-1.));
#4749=DIRECTION('ref_axis',(-3.17627118443784E-32,-1.,-3.44509284839767E-16));
#4750=DIRECTION('',(-1.,-1.0427507451178E-32,1.22464679914735E-16));
#4751=DIRECTION('',(-3.17627118443784E-32,-1.,-3.44509284839767E-16));
#4752=DIRECTION('',(-1.,-1.0427507451178E-32,1.22464679914735E-16));
#4753=DIRECTION('center_axis',(1.22464679914735E-16,-3.44509284839767E-16,
1.));
#4754=DIRECTION('ref_axis',(3.17627118443784E-32,1.,3.44509284839767E-16));
#4755=DIRECTION('',(-1.,-1.0427507451178E-32,1.22464679914735E-16));
#4756=DIRECTION('',(3.17627118443784E-32,1.,3.44509284839767E-16));
#4757=DIRECTION('',(-1.,-1.0427507451178E-32,1.22464679914735E-16));
#4758=DIRECTION('center_axis',(3.17627118443784E-32,1.,3.44509284839767E-16));
#4759=DIRECTION('ref_axis',(-1.22464679914735E-16,3.44509284839767E-16,
-1.));
#4760=DIRECTION('center_axis',(-3.17627118443784E-32,-1.,-3.44509284839767E-16));
#4761=DIRECTION('ref_axis',(-1.,-1.0427507451178E-32,1.22464679914735E-16));
#4762=DIRECTION('',(-1.,-1.0427507451178E-32,1.22464679914735E-16));
#4763=DIRECTION('',(1.22464679914735E-16,-3.44509284839767E-16,1.));
#4764=DIRECTION('',(-1.,-1.0427507451178E-32,1.22464679914735E-16));
#4765=DIRECTION('center_axis',(-3.17627118443784E-32,-1.,-3.44509284839767E-16));
#4766=DIRECTION('ref_axis',(-1.,-1.0427507451178E-32,1.22464679914735E-16));
#4767=DIRECTION('center_axis',(-3.17627118443784E-32,-1.,-3.44509284839767E-16));
#4768=DIRECTION('ref_axis',(1.,1.0427507451178E-32,-1.22464679914735E-16));
#4769=DIRECTION('center_axis',(-3.17627118443784E-32,-1.,-3.44509284839767E-16));
#4770=DIRECTION('ref_axis',(-1.,-1.0427507451178E-32,1.22464679914735E-16));
#4771=DIRECTION('center_axis',(3.17627118443784E-32,1.,3.44509284839767E-16));
#4772=DIRECTION('ref_axis',(-1.,-1.0427507451178E-32,1.22464679914735E-16));
#4773=DIRECTION('',(3.17627118443784E-32,1.,3.44509284839767E-16));
#4774=DIRECTION('center_axis',(-3.17627118443784E-32,-1.,-3.44509284839767E-16));
#4775=DIRECTION('ref_axis',(-1.,-1.0427507451178E-32,1.22464679914735E-16));
#4776=DIRECTION('center_axis',(-3.17627118443784E-32,-1.,-3.44509284839767E-16));
#4777=DIRECTION('ref_axis',(-1.,-1.0427507451178E-32,1.22464679914735E-16));
#4778=DIRECTION('',(-3.17627118443784E-32,-1.,-3.44509284839767E-16));
#4779=DIRECTION('center_axis',(-3.17627118443784E-32,-1.,-3.44509284839767E-16));
#4780=DIRECTION('ref_axis',(-1.,-1.0427507451178E-32,1.22464679914735E-16));
#4781=DIRECTION('',(3.17627118443784E-32,1.,3.44509284839767E-16));
#4782=DIRECTION('center_axis',(-3.17627118443784E-32,-1.,-3.44509284839767E-16));
#4783=DIRECTION('ref_axis',(-1.,-1.0427507451178E-32,1.22464679914735E-16));
#4784=DIRECTION('center_axis',(-3.17627118443784E-32,-1.,-3.44509284839767E-16));
#4785=DIRECTION('ref_axis',(-1.,-1.0427507451178E-32,1.22464679914735E-16));
#4786=DIRECTION('',(-3.17627118443784E-32,-1.,-3.44509284839767E-16));
#4787=DIRECTION('center_axis',(-3.17627118443784E-32,-1.,-3.44509284839767E-16));
#4788=DIRECTION('ref_axis',(-1.,-1.0427507451178E-32,1.22464679914735E-16));
#4789=DIRECTION('',(-3.17627118443784E-32,-1.,-3.44509284839767E-16));
#4790=DIRECTION('center_axis',(3.17627118443784E-32,1.,3.44509284839767E-16));
#4791=DIRECTION('ref_axis',(-1.22464679914735E-16,3.44509284839767E-16,
-1.));
#4792=DIRECTION('',(-1.,-1.0427507451178E-32,1.22464679914735E-16));
#4793=DIRECTION('',(1.22464679914735E-16,-3.44509284839767E-16,1.));
#4794=DIRECTION('',(-1.,-1.0427507451178E-32,1.22464679914735E-16));
#4795=DIRECTION('center_axis',(-3.17627118443784E-32,-1.,-3.44509284839767E-16));
#4796=DIRECTION('ref_axis',(1.,1.0427507451178E-32,-1.22464679914735E-16));
#4797=DIRECTION('',(-3.17627118443784E-32,-1.,-3.44509284839767E-16));
#4798=DIRECTION('center_axis',(-3.17627118443784E-32,-1.,-3.44509284839767E-16));
#4799=DIRECTION('ref_axis',(1.,1.0427507451178E-32,-1.22464679914735E-16));
#4800=DIRECTION('center_axis',(3.17627118443784E-32,1.,3.44509284839767E-16));
#4801=DIRECTION('ref_axis',(-1.,-1.0427507451178E-32,1.22464679914735E-16));
#4802=DIRECTION('center_axis',(3.17627118443784E-32,1.,3.44509284839767E-16));
#4803=DIRECTION('ref_axis',(1.,1.0427507451178E-32,-1.22464679914735E-16));
#4804=DIRECTION('center_axis',(-3.17627118443784E-32,-1.,-3.44509284839767E-16));
#4805=DIRECTION('ref_axis',(1.,1.0427507451178E-32,-1.22464679914735E-16));
#4806=DIRECTION('',(-3.17627118443784E-32,-1.,-3.44509284839767E-16));
#4807=DIRECTION('center_axis',(-3.17627118443784E-32,-1.,-3.44509284839767E-16));
#4808=DIRECTION('ref_axis',(1.,1.0427507451178E-32,-1.22464679914735E-16));
#4809=DIRECTION('center_axis',(3.17627118443784E-32,1.,3.44509284839767E-16));
#4810=DIRECTION('ref_axis',(-1.,-1.0427507451178E-32,1.22464679914735E-16));
#4811=DIRECTION('center_axis',(3.17627118443784E-32,1.,3.44509284839767E-16));
#4812=DIRECTION('ref_axis',(1.,1.0427507451178E-32,-1.22464679914735E-16));
#4813=DIRECTION('center_axis',(-3.17627118443784E-32,-1.,-3.44509284839767E-16));
#4814=DIRECTION('ref_axis',(1.,1.0427507451178E-32,-1.22464679914735E-16));
#4815=DIRECTION('',(-3.17627118443784E-32,-1.,-3.44509284839767E-16));
#4816=DIRECTION('center_axis',(8.25900416928604E-32,1.,7.59545929559452E-16));
#4817=DIRECTION('ref_axis',(1.,1.0427507451178E-32,-1.22464679914735E-16));
#4818=DIRECTION('center_axis',(-3.17627118443784E-32,-1.,-3.44509284839767E-16));
#4819=DIRECTION('ref_axis',(1.,1.0427507451178E-32,-1.22464679914735E-16));
#4820=DIRECTION('',(-3.17627118443784E-32,-1.,-3.44509284839767E-16));
#4821=DIRECTION('center_axis',(3.17627118443784E-32,1.,3.44509284839767E-16));
#4822=DIRECTION('ref_axis',(1.,1.0427507451178E-32,-1.22464679914735E-16));
#4823=DIRECTION('center_axis',(1.,1.0427507451178E-32,-1.22464679914735E-16));
#4824=DIRECTION('ref_axis',(-1.22464679914735E-16,3.44509284839767E-16,
-1.));
#4825=DIRECTION('',(1.22464679914735E-16,-3.44509284839767E-16,1.));
#4826=DIRECTION('',(-3.17627118443784E-32,-1.,-3.44509284839767E-16));
#4827=DIRECTION('',(3.17627118443784E-32,1.,3.44509284839767E-16));
#4828=DIRECTION('',(3.17627118443784E-32,1.,3.44509284839767E-16));
#4829=DIRECTION('',(-1.22464679914735E-16,3.44509284839767E-16,-1.));
#4830=DIRECTION('',(3.17627118443784E-32,1.,3.44509284839767E-16));
#4831=DIRECTION('',(-1.22464679914735E-16,3.44509284839767E-16,-1.));
#4832=DIRECTION('',(9.18401130144298E-32,-1.,6.64784373910375E-16));
#4833=DIRECTION('',(-1.22464679914735E-16,7.59545929559452E-16,-1.));
#4834=DIRECTION('',(-3.17627118443784E-32,-1.,-3.44509284839767E-16));
#4835=DIRECTION('',(1.22464679914735E-16,-3.44509284839767E-16,1.));
#4836=DIRECTION('',(-3.17627118443784E-32,-1.,-3.44509284839767E-16));
#4837=DIRECTION('',(-2.02086655407043E-19,0.99999863848049,-0.00165016276976948));
#4838=DIRECTION('center_axis',(1.22464679914735E-16,-3.44509284839767E-16,
1.));
#4839=DIRECTION('ref_axis',(-3.17627118443784E-32,-1.,-3.44509284839767E-16));
#4840=DIRECTION('',(1.,1.0427507451178E-32,-1.22464679914735E-16));
#4841=DIRECTION('',(1.,1.0427507451178E-32,-1.22464679914735E-16));
#4842=DIRECTION('center_axis',(-1.22464513176684E-16,-0.00165016276976948,
-0.99999863848049));
#4843=DIRECTION('ref_axis',(-2.02086655407043E-19,0.99999863848049,-0.00165016276976948));
#4844=DIRECTION('',(1.,1.0427507451178E-32,-1.22464679914735E-16));
#4845=DIRECTION('center_axis',(3.17627118443784E-32,1.,3.44509284839767E-16));
#4846=DIRECTION('ref_axis',(1.22464679914735E-16,-3.44509284839767E-16,
1.));
#4847=DIRECTION('center_axis',(3.17627118443784E-32,1.,3.44509284839767E-16));
#4848=DIRECTION('ref_axis',(-1.22464679914735E-16,3.44509284839767E-16,
-1.));
#4849=DIRECTION('',(-1.,-1.0427507451178E-32,1.22464679914735E-16));
#4850=DIRECTION('',(-1.,-1.0427507451178E-32,1.22464679914735E-16));
#4851=DIRECTION('center_axis',(1.22464679914735E-16,-3.44509284839767E-16,
1.));
#4852=DIRECTION('ref_axis',(3.17627118443784E-32,1.,3.44509284839767E-16));
#4853=DIRECTION('center_axis',(-1.22464679914735E-16,3.44509284839767E-16,
-1.));
#4854=DIRECTION('ref_axis',(-3.17627118443784E-32,-1.,-3.44509284839767E-16));
#4855=DIRECTION('center_axis',(-1.22464679914735E-16,3.44509284839767E-16,
-1.));
#4856=DIRECTION('ref_axis',(-3.17627118443784E-32,-1.,-3.44509284839767E-16));
#4857=DIRECTION('',(-1.,-1.0427507451178E-32,1.22464679914735E-16));
#4858=DIRECTION('center_axis',(-3.17627118443784E-32,-1.,-3.44509284839767E-16));
#4859=DIRECTION('ref_axis',(1.22464679914735E-16,-3.44509284839767E-16,
1.));
#4860=DIRECTION('',(-1.,-1.0427507451178E-32,1.22464679914735E-16));
#4861=DIRECTION('center_axis',(-1.22464679914735E-16,3.44509284839767E-16,
-1.));
#4862=DIRECTION('ref_axis',(-3.17627118443784E-32,-1.,-3.44509284839767E-16));
#4863=DIRECTION('',(-1.,-1.0427507451178E-32,1.22464679914735E-16));
#4864=DIRECTION('center_axis',(-3.17627118443784E-32,-1.,-3.44509284839767E-16));
#4865=DIRECTION('ref_axis',(1.22464679914735E-16,-3.44509284839767E-16,
1.));
#4866=DIRECTION('',(-1.,-1.0427507451178E-32,1.22464679914735E-16));
#4867=DIRECTION('center_axis',(1.22464679914735E-16,6.64784373910375E-16,
1.));
#4868=DIRECTION('ref_axis',(-9.18401130144298E-32,1.,-6.64784373910375E-16));
#4869=DIRECTION('',(-1.,-1.0427507451178E-32,1.22464679914735E-16));
#4870=DIRECTION('center_axis',(-8.25900416928604E-32,-1.,-7.59545929559452E-16));
#4871=DIRECTION('ref_axis',(1.22464679914735E-16,-7.59545929559452E-16,
1.));
#4872=DIRECTION('',(-1.,-1.0427507451178E-32,1.22464679914735E-16));
#4873=DIRECTION('center_axis',(1.22464679914735E-16,-3.44509284839767E-16,
1.));
#4874=DIRECTION('ref_axis',(3.17627118443784E-32,1.,3.44509284839767E-16));
#4875=DIRECTION('center_axis',(-0.707106781186548,0.,0.707106781186548));
#4876=DIRECTION('ref_axis',(0.707106781186548,0.,0.707106781186548));
#4877=DIRECTION('',(0.,1.,0.));
#4878=DIRECTION('center_axis',(-1.,0.,0.));
#4879=DIRECTION('ref_axis',(0.,-1.,0.));
#4880=DIRECTION('',(0.,-1.,0.));
#4881=DIRECTION('center_axis',(-0.707106781186548,0.,-0.707106781186548));
#4882=DIRECTION('ref_axis',(-0.707106781186548,0.,0.707106781186548));
#4883=DIRECTION('center_axis',(0.,0.,1.));
#4884=DIRECTION('ref_axis',(1.,0.,0.));
#4885=DIRECTION('center_axis',(0.,0.,1.));
#4886=DIRECTION('ref_axis',(1.,0.,0.));
#4887=DIRECTION('center_axis',(0.,0.,1.));
#4888=DIRECTION('ref_axis',(1.,0.,0.));
#4889=DIRECTION('center_axis',(0.,0.,1.));
#4890=DIRECTION('ref_axis',(1.,0.,0.));
#4891=DIRECTION('center_axis',(0.,0.,-1.));
#4892=DIRECTION('ref_axis',(-1.,0.,0.));
#4893=DIRECTION('center_axis',(0.,0.,-1.));
#4894=DIRECTION('ref_axis',(-1.,0.,0.));
#4895=DIRECTION('center_axis',(0.,0.,-1.));
#4896=DIRECTION('ref_axis',(-1.,0.,0.));
#4897=DIRECTION('center_axis',(0.,0.,-1.));
#4898=DIRECTION('ref_axis',(-1.,0.,0.));
#4899=DIRECTION('center_axis',(0.999390827019096,0.,-0.0348994967025011));
#4900=DIRECTION('ref_axis',(-0.0348994967025011,0.,-0.999390827019096));
#4901=DIRECTION('',(-2.78295155175076E-48,1.,9.71828096453904E-50));
#4902=DIRECTION('',(0.0348994967025011,2.22044604925032E-15,0.999390827019096));
#4903=DIRECTION('',(2.78295155175076E-48,-1.,-9.71828096453904E-50));
#4904=DIRECTION('',(0.0348994967025011,0.,0.999390827019096));
#4905=DIRECTION('center_axis',(-0.0348994967025011,0.,-0.999390827019096));
#4906=DIRECTION('ref_axis',(-2.78295155175076E-48,1.,9.71828096453904E-50));
#4907=DIRECTION('',(0.999390827019096,0.,-0.0348994967025011));
#4908=DIRECTION('center_axis',(-7.74924495738933E-17,1.,-2.21909341351156E-15));
#4909=DIRECTION('ref_axis',(0.0348994967025011,2.22044604925032E-15,0.999390827019096));
#4910=DIRECTION('',(0.999390827019096,0.,-0.0348994967025011));
#4911=DIRECTION('center_axis',(0.0348994967025011,0.,0.999390827019096));
#4912=DIRECTION('ref_axis',(2.78295155175076E-48,-1.,-9.71828096453904E-50));
#4913=DIRECTION('',(0.999390827019096,0.,-0.0348994967025011));
#4914=DIRECTION('center_axis',(0.,1.,0.));
#4915=DIRECTION('ref_axis',(0.0348994967025011,0.,0.999390827019096));
#4916=DIRECTION('center_axis',(0.999390827019096,0.,-0.0348994967025011));
#4917=DIRECTION('ref_axis',(-0.0348994967025011,0.,-0.999390827019096));
#4918=DIRECTION('',(2.78295155175076E-48,-1.,-9.71828096453904E-50));
#4919=DIRECTION('',(-0.0348994967025011,0.,-0.999390827019096));
#4920=DIRECTION('',(-2.78295155175076E-48,1.,9.71828096453904E-50));
#4921=DIRECTION('',(0.0348994967025011,0.,0.999390827019096));
#4922=DIRECTION('center_axis',(0.0348994967025011,0.,0.999390827019096));
#4923=DIRECTION('ref_axis',(2.78295155175076E-48,-1.,-9.71828096453904E-50));
#4924=DIRECTION('',(0.999390827019096,0.,-0.0348994967025011));
#4925=DIRECTION('center_axis',(0.,-1.,0.));
#4926=DIRECTION('ref_axis',(-0.0348994967025011,0.,-0.999390827019096));
#4927=DIRECTION('',(0.999390827019096,0.,-0.0348994967025011));
#4928=DIRECTION('center_axis',(-0.0348994967025011,0.,-0.999390827019096));
#4929=DIRECTION('ref_axis',(-2.78295155175076E-48,1.,9.71828096453904E-50));
#4930=DIRECTION('',(0.999390827019096,0.,-0.0348994967025011));
#4931=DIRECTION('center_axis',(0.,1.,0.));
#4932=DIRECTION('ref_axis',(0.0348994967025011,0.,0.999390827019096));
#4933=DIRECTION('center_axis',(0.,-0.586654048996299,-0.809837654592726));
#4934=DIRECTION('ref_axis',(-1.,0.,0.));
#4935=CARTESIAN_POINT('',(0.,0.,0.));
#4936=CARTESIAN_POINT('Ctrl Pts',(44.1,16.9347585103454,28.0221448012156));
#4937=CARTESIAN_POINT('Ctrl Pts',(44.1,16.9543581288734,28.0362320270325));
#4938=CARTESIAN_POINT('Ctrl Pts',(44.1,17.00606025762,28.088271926611));
#4939=CARTESIAN_POINT('Ctrl Pts',(44.1,17.0396700471881,28.2124907647724));
#4940=CARTESIAN_POINT('Ctrl Pts',(44.1,16.9690797210143,28.3507108979487));
#4941=CARTESIAN_POINT('Ctrl Pts',(44.1,16.8721088412419,28.3865974627523));
#4942=CARTESIAN_POINT('Ctrl Pts',(44.1,16.8238348361076,28.3866158726989));
#4943=CARTESIAN_POINT('Ctrl Pts',(44.1,16.9172961606193,28.0464402443128));
#4944=CARTESIAN_POINT('Ctrl Pts',(44.0999779454928,16.934439481714,28.0580886150066));
#4945=CARTESIAN_POINT('Ctrl Pts',(44.0999365724529,16.9802370328987,28.1017604725412));
#4946=CARTESIAN_POINT('Ctrl Pts',(44.0999059690953,17.0119144509459,28.2093570386234));
#4947=CARTESIAN_POINT('Ctrl Pts',(44.0999119095146,16.950809927444,28.3302781410976));
#4948=CARTESIAN_POINT('Ctrl Pts',(44.0999723101845,16.8657002670147,28.3602998111355));
#4949=CARTESIAN_POINT('Ctrl Pts',(44.1,16.8238244664346,28.3594248299683));
#4950=CARTESIAN_POINT('Ctrl Pts',(44.0748750431506,16.8870722071777,28.0884909621446));
#4951=CARTESIAN_POINT('Ctrl Pts',(44.0758337552731,16.899956161254,28.0960059879269));
#4952=CARTESIAN_POINT('Ctrl Pts',(44.0786101858268,16.9354923551666,28.1252956351506));
#4953=CARTESIAN_POINT('Ctrl Pts',(44.0820555294198,16.9636993716592,28.2039702571029));
#4954=CARTESIAN_POINT('Ctrl Pts',(44.082810643914,16.9190711534548,28.2947408412192));
#4955=CARTESIAN_POINT('Ctrl Pts',(44.0808720705838,16.854626714052,28.3145384164731));
#4956=CARTESIAN_POINT('Ctrl Pts',(44.0794707759654,16.8238064554841,28.3121970605111));
#4957=CARTESIAN_POINT('Ctrl Pts',(44.0224399475256,16.8763949055302,28.1033463383498));
#4958=CARTESIAN_POINT('Ctrl Pts',(44.0248541276255,16.8871223090173,28.1102728345284));
#4959=CARTESIAN_POINT('Ctrl Pts',(44.0320061388779,16.9162438191754,28.1363747670849));
#4960=CARTESIAN_POINT('Ctrl Pts',(44.041524849386,16.9383449243234,28.2018828127341));
#4961=CARTESIAN_POINT('Ctrl Pts',(44.0437046233353,16.9020990404863,28.2753774111933));
#4962=CARTESIAN_POINT('Ctrl Pts',(44.0382438463298,16.8495210577903,28.2920442604202));
#4963=CARTESIAN_POINT('Ctrl Pts',(44.0344620407742,16.8237982008769,28.2905520792244));
#4964=CARTESIAN_POINT('Ctrl Pts',(44.,16.8763949055302,28.1033463383498));
#4965=CARTESIAN_POINT('Ctrl Pts',(44.0028098216055,16.8867583441606,28.1107950598654));
#4966=CARTESIAN_POINT('Ctrl Pts',(44.0112328702509,16.9142990174144,28.1380294160375));
#4967=CARTESIAN_POINT('Ctrl Pts',(44.0228500524718,16.9334342835311,28.2018137895135));
#4968=CARTESIAN_POINT('Ctrl Pts',(44.0255684003252,16.8986844187888,28.2713157892869));
#4969=CARTESIAN_POINT('Ctrl Pts',(44.0188398117171,16.8488492362293,28.2882889441423));
#4970=CARTESIAN_POINT('Ctrl Pts',(44.0142776884818,16.8237970904647,28.2876403899424));
#4971=CARTESIAN_POINT('',(44.1,17.0212680204383,28.207473889691));
#4972=CARTESIAN_POINT('',(44.,16.8763949055302,28.1033463383498));
#4973=CARTESIAN_POINT('Ctrl Pts',(44.1,17.021268020438,28.2074738896898));
#4974=CARTESIAN_POINT('Ctrl Pts',(44.1,17.0087636018529,28.1984863388318));
#4975=CARTESIAN_POINT('Ctrl Pts',(44.0973896832351,16.9938380697969,28.1877586126665));
#4976=CARTESIAN_POINT('Ctrl Pts',(44.0718487520587,16.9383809006419,28.1478987723364));
#4977=CARTESIAN_POINT('Ctrl Pts',(44.0351812783161,16.9066574027991,28.1250975082619));
#4978=CARTESIAN_POINT('Ctrl Pts',(44.000599320221,16.8769104058422,28.1037168541991));
#4979=CARTESIAN_POINT('Ctrl Pts',(44.0002996614801,16.8766526568627,28.1035315971201));
#4980=CARTESIAN_POINT('Ctrl Pts',(44.,16.8763949055302,28.1033463383498));
#4981=CARTESIAN_POINT('',(44.0142776884818,16.8237970904647,28.2876403899424));
#4982=CARTESIAN_POINT('Ctrl Pts',(44.,16.8763949055302,28.1033463383498));
#4983=CARTESIAN_POINT('Ctrl Pts',(44.0028098216055,16.8867583441606,28.1107950598654));
#4984=CARTESIAN_POINT('Ctrl Pts',(44.0112328702509,16.9142990174144,28.1380294160375));
#4985=CARTESIAN_POINT('Ctrl Pts',(44.0228500524718,16.9334342835311,28.2018137895135));
#4986=CARTESIAN_POINT('Ctrl Pts',(44.0255684003252,16.8986844187888,28.2713157892869));
#4987=CARTESIAN_POINT('Ctrl Pts',(44.0188398117171,16.8488492362293,28.2882889441423));
#4988=CARTESIAN_POINT('Ctrl Pts',(44.0142776884818,16.8237970904647,28.2876403899424));
#4989=CARTESIAN_POINT('',(44.1,16.8238348361076,28.3866158726989));
#4990=CARTESIAN_POINT('Origin',(44.,16.8238348361076,28.3866158726989));
#4991=CARTESIAN_POINT('Ctrl Pts',(44.0999997081428,16.8238347465092,28.3863809304376));
#4992=CARTESIAN_POINT('Ctrl Pts',(44.0999994898836,16.8720534692295,28.386370238549));
#4993=CARTESIAN_POINT('Ctrl Pts',(44.099998997898,16.9689218620617,28.350534349469));
#4994=CARTESIAN_POINT('Ctrl Pts',(44.0999989562204,17.0164489926472,28.2574659264484));
#4995=CARTESIAN_POINT('Ctrl Pts',(44.0999989906968,17.0211744851492,28.2085368698333));
#4996=CARTESIAN_POINT('Ctrl Pts',(44.0999989914718,17.0212680261207,28.2074738901903));
#4997=CARTESIAN_POINT('Ctrl Pts',(44.1,16.8238348361076,28.3866158726989));
#4998=CARTESIAN_POINT('Ctrl Pts',(44.1,5.57600843001273,28.390905383869));
#4999=CARTESIAN_POINT('Ctrl Pts',(44.1,-5.67181965156058,28.3909059049804));
#5000=CARTESIAN_POINT('Ctrl Pts',(44.1,-16.9196460580267,28.3866173675143));
#5001=CARTESIAN_POINT('Ctrl Pts',(44.1,16.8238244664346,28.3594248299683));
#5002=CARTESIAN_POINT('Ctrl Pts',(44.1000295658991,5.57600467746053,28.3627630224346));
#5003=CARTESIAN_POINT('Ctrl Pts',(44.1000295603337,-5.67181590302941,28.362763447632));
#5004=CARTESIAN_POINT('Ctrl Pts',(44.1,-16.9196356905916,28.3594260204035));
#5005=CARTESIAN_POINT('Ctrl Pts',(44.079470774962,16.8238064554845,28.3121970615343));
#5006=CARTESIAN_POINT('Ctrl Pts',(44.077974537642,5.57599813177642,28.3139740245602));
#5007=CARTESIAN_POINT('Ctrl Pts',(44.077974363081,-5.67180936430018,28.3139742836547));
#5008=CARTESIAN_POINT('Ctrl Pts',(44.0794702915289,-16.9196176835344,28.3121977392033));
#5009=CARTESIAN_POINT('Ctrl Pts',(44.0344620407742,16.8237982008769,28.2905520792244));
#5010=CARTESIAN_POINT('Ctrl Pts',(44.0304240044221,5.57599578394534,28.2932378250526));
#5011=CARTESIAN_POINT('Ctrl Pts',(44.0304235585159,-5.67180701947426,28.2932382335878));
#5012=CARTESIAN_POINT('Ctrl Pts',(44.0344607316246,-16.9196094309146,28.2905530559386));
#5013=CARTESIAN_POINT('Ctrl Pts',(44.0142776884818,16.8237970904647,28.2876403899424));
#5014=CARTESIAN_POINT('Ctrl Pts',(44.0094064651477,5.57599574846521,28.2912271942056));
#5015=CARTESIAN_POINT('Ctrl Pts',(44.0094059429323,-5.67180698429934,28.2912277194387));
#5016=CARTESIAN_POINT('Ctrl Pts',(44.01427610686,-16.919608320865,28.287641656611));
#5017=CARTESIAN_POINT('',(44.01427610686,-16.919608320865,28.287641656611));
#5018=CARTESIAN_POINT('',(44.1,-16.9196460580267,28.3866173675143));
#5019=CARTESIAN_POINT('Origin',(44.,-16.9196460580267,28.3866173675143));
#5020=CARTESIAN_POINT('Ctrl Pts',(44.1,-16.9196460580267,28.3866173675143));
#5021=CARTESIAN_POINT('Ctrl Pts',(44.1,-5.67181965156058,28.3909059049804));
#5022=CARTESIAN_POINT('Ctrl Pts',(44.1,5.57600843001273,28.390905383869));
#5023=CARTESIAN_POINT('Ctrl Pts',(44.1,16.8238348361076,28.3866158726989));
#5024=CARTESIAN_POINT('Ctrl Pts',(44.0142776884818,16.8237970904647,28.2876403899424));
#5025=CARTESIAN_POINT('Ctrl Pts',(44.0094064651477,5.57599574846521,28.2912271942056));
#5026=CARTESIAN_POINT('Ctrl Pts',(44.0094059429323,-5.67180698429934,28.2912277194387));
#5027=CARTESIAN_POINT('Ctrl Pts',(44.01427610686,-16.919608320865,28.287641656611));
#5028=CARTESIAN_POINT('Ctrl Pts',(44.,-16.9715212749595,28.1029227484328));
#5029=CARTESIAN_POINT('Ctrl Pts',(44.005687942634,-16.9924435235163,28.1177292627961));
#5030=CARTESIAN_POINT('Ctrl Pts',(44.0141851932113,-17.0162344028513,28.1503958780849));
#5031=CARTESIAN_POINT('Ctrl Pts',(44.0235597624715,-17.0235809332502,28.2131412573319));
#5032=CARTESIAN_POINT('Ctrl Pts',(44.025792093099,-16.994819644449,28.271195277553));
#5033=CARTESIAN_POINT('Ctrl Pts',(44.0189178991597,-16.9447659318236,28.2883015896942));
#5034=CARTESIAN_POINT('Ctrl Pts',(44.01427610686,-16.919608320865,28.287641656611));
#5035=CARTESIAN_POINT('Ctrl Pts',(44.0299199300342,-16.9715212749595,28.1029227484328));
#5036=CARTESIAN_POINT('Ctrl Pts',(44.0345191508168,-16.9933972079114,28.11625556947));
#5037=CARTESIAN_POINT('Ctrl Pts',(44.041149342278,-17.0198798381659,28.148413764498));
#5038=CARTESIAN_POINT('Ctrl Pts',(44.0482203339998,-17.0298040262155,28.2141297992998));
#5039=CARTESIAN_POINT('Ctrl Pts',(44.0498713469971,-16.9993778461082,28.2766054595791));
#5040=CARTESIAN_POINT('Ctrl Pts',(44.0447571393794,-16.9456317395112,28.2933489702742));
#5041=CARTESIAN_POINT('Ctrl Pts',(44.0411889398795,-16.9196098009311,28.2915235223812));
#5042=CARTESIAN_POINT('Ctrl Pts',(44.081705536087,-16.9860351858306,28.0824139613324));
#5043=CARTESIAN_POINT('Ctrl Pts',(44.0830908936152,-17.013209190545,28.0983317052414));
#5044=CARTESIAN_POINT('Ctrl Pts',(44.0850108843353,-17.0464107136109,28.1377389579048));
#5045=CARTESIAN_POINT('Ctrl Pts',(44.0869953138973,-17.0584967038586,28.2202652714246));
#5046=CARTESIAN_POINT('Ctrl Pts',(44.0874461921998,-17.0196808930442,28.2994747247864));
#5047=CARTESIAN_POINT('Ctrl Pts',(44.0860246289086,-16.9520647322661,28.3208049077238));
#5048=CARTESIAN_POINT('Ctrl Pts',(44.0850026230647,-16.9196201189692,28.318585312715));
#5049=CARTESIAN_POINT('Ctrl Pts',(44.1,-17.0163253018611,28.0396127104197));
#5050=CARTESIAN_POINT('Ctrl Pts',(44.0999853332955,-17.0521514303382,28.0639797535717));
#5051=CARTESIAN_POINT('Ctrl Pts',(44.0999799916417,-17.0930001529749,28.1198235409231));
#5052=CARTESIAN_POINT('Ctrl Pts',(44.0999707854642,-17.1042330177757,28.2305443441815));
#5053=CARTESIAN_POINT('Ctrl Pts',(44.0999749047377,-17.051681041215,28.3351362268963));
#5054=CARTESIAN_POINT('Ctrl Pts',(44.0999918079037,-16.9632757690181,28.3668728095819));
#5055=CARTESIAN_POINT('Ctrl Pts',(44.1,-16.9196382824504,28.3662238571812));
#5056=CARTESIAN_POINT('Ctrl Pts',(44.1,-17.0292881607109,28.0212956272623));
#5057=CARTESIAN_POINT('Ctrl Pts',(44.1,-17.0688153661386,28.0492687264881));
#5058=CARTESIAN_POINT('Ctrl Pts',(44.1,-17.1129352692756,28.1121520285346));
#5059=CARTESIAN_POINT('Ctrl Pts',(44.1,-17.1238090006495,28.2349398769747));
#5060=CARTESIAN_POINT('Ctrl Pts',(44.1,-17.0653769333714,28.3504042785696));
#5061=CARTESIAN_POINT('Ctrl Pts',(44.1,-16.9680701626476,28.3865989045172));
#5062=CARTESIAN_POINT('Ctrl Pts',(44.1,-16.9196460580267,28.3866173675143));
#5063=CARTESIAN_POINT('',(44.,-16.9715212749595,28.1029227484328));
#5064=CARTESIAN_POINT('',(44.1,-17.1172395911063,28.2060464798623));
#5065=CARTESIAN_POINT('Ctrl Pts',(44.,-16.9715212749595,28.1029227484328));
#5066=CARTESIAN_POINT('Ctrl Pts',(44.0003004076555,-16.9717813120635,28.103106774691));
#5067=CARTESIAN_POINT('Ctrl Pts',(44.0006008138402,-16.9720413478978,28.1032908000507));
#5068=CARTESIAN_POINT('Ctrl Pts',(44.0351940647105,-17.0019873823273,28.1244833782623));
#5069=CARTESIAN_POINT('Ctrl Pts',(44.0718431842643,-17.0338972356966,28.1470657360314));
#5070=CARTESIAN_POINT('Ctrl Pts',(44.0973846599138,-17.0896440447104,28.1865173239489));
#5071=CARTESIAN_POINT('Ctrl Pts',(44.1,-17.1046539390502,28.1971397107124));
#5072=CARTESIAN_POINT('Ctrl Pts',(44.1,-17.1172395911055,28.2060464798592));
#5073=CARTESIAN_POINT('Ctrl Pts',(44.1,-17.1173644093547,28.2060563515805));
#5074=CARTESIAN_POINT('Ctrl Pts',(44.1,-17.1172605429506,28.207336801546));
#5075=CARTESIAN_POINT('Ctrl Pts',(44.1,-17.1127430715905,28.2568066521276));
#5076=CARTESIAN_POINT('Ctrl Pts',(44.1,-17.0653769333714,28.3504042785696));
#5077=CARTESIAN_POINT('Ctrl Pts',(44.1,-16.9680701626476,28.3865989045172));
#5078=CARTESIAN_POINT('Ctrl Pts',(44.1,-16.9196460580267,28.3866173675143));
#5079=CARTESIAN_POINT('Ctrl Pts',(44.01427610686,-16.919608320865,28.287641656611));
#5080=CARTESIAN_POINT('Ctrl Pts',(44.0189178991597,-16.9447659318236,28.2883015896942));
#5081=CARTESIAN_POINT('Ctrl Pts',(44.025792093099,-16.994819644449,28.271195277553));
#5082=CARTESIAN_POINT('Ctrl Pts',(44.0235597624715,-17.0235809332502,28.2131412573319));
#5083=CARTESIAN_POINT('Ctrl Pts',(44.0141851932113,-17.0162344028513,28.1503958780849));
#5084=CARTESIAN_POINT('Ctrl Pts',(44.005687942634,-16.9924435235163,28.1177292627961));
#5085=CARTESIAN_POINT('Ctrl Pts',(44.,-16.9715212749595,28.1029227484328));
#5086=CARTESIAN_POINT('Ctrl Pts',(12.6882909326369,-10.7880847252601,23.7269522671071));
#5087=CARTESIAN_POINT('Ctrl Pts',(13.2475736580691,-10.9011518941258,23.8069690327659));
#5088=CARTESIAN_POINT('Ctrl Pts',(13.993447659279,-11.0513712860288,23.913278140882));
#5089=CARTESIAN_POINT('Ctrl Pts',(14.833283562045,-11.2179417995747,24.0311588120069));
#5090=CARTESIAN_POINT('Ctrl Pts',(15.2067640197289,-11.2912278862298,24.0830228117936));
#5091=CARTESIAN_POINT('Ctrl Pts',(15.4403143810747,-11.3366073695329,24.1151375230542));
#5092=CARTESIAN_POINT('Ctrl Pts',(15.6272815681751,-11.3724705040199,24.1405175874604));
#5093=CARTESIAN_POINT('Ctrl Pts',(15.7675978713634,-11.3990524189271,24.159329404164));
#5094=CARTESIAN_POINT('Ctrl Pts',(15.9080957667151,-11.4249868226639,24.1776829821931));
#5095=CARTESIAN_POINT('Ctrl Pts',(16.0486677656832,-11.4506507481212,24.1958451448244));
#5096=CARTESIAN_POINT('Ctrl Pts',(16.1892567071584,-11.4762530471271,24.2139636948902));
#5097=CARTESIAN_POINT('Ctrl Pts',(16.3298541256483,-11.5018242078038,24.2320602085998));
#5098=CARTESIAN_POINT('Ctrl Pts',(16.4704503841578,-11.5273994346515,24.2501595999074));
#5099=CARTESIAN_POINT('Ctrl Pts',(16.6579073735951,-11.5615170332384,24.2743043619843));
#5100=CARTESIAN_POINT('Ctrl Pts',(16.8922110333577,-11.6042283253234,24.3045308148445));
#5101=CARTESIAN_POINT('Ctrl Pts',(17.8293103826292,-11.7754977276653,24.4257368534248));
#5102=CARTESIAN_POINT('Ctrl Pts',(19.4211893360934,-12.0709358196672,24.6348161185337));
#5103=CARTESIAN_POINT('Ctrl Pts',(22.4139687052833,-12.6403075158823,25.0377560881629));
#5104=CARTESIAN_POINT('Ctrl Pts',(27.6435991663883,-13.6632838169172,25.7617085473568));
#5105=CARTESIAN_POINT('Ctrl Pts',(35.1033107632053,-15.1623655000529,26.8225971231143));
#5106=CARTESIAN_POINT('Ctrl Pts',(41.067255245713,-16.3740978139841,27.6801307606656));
#5107=CARTESIAN_POINT('Ctrl Pts',(44.0487759580281,-16.9814571818869,28.1099543133353));
#5108=CARTESIAN_POINT('Ctrl Pts',(12.6882541933229,-10.788205811527,23.7270379589268));
#5109=CARTESIAN_POINT('Ctrl Pts',(13.2474243016311,-10.9016445156373,23.8073176572149));
#5110=CARTESIAN_POINT('Ctrl Pts',(13.9931127616969,-11.0524723152074,23.9140700843323));
#5111=CARTESIAN_POINT('Ctrl Pts',(14.8325395034143,-11.2204471848241,24.032948241814));
#5112=CARTESIAN_POINT('Ctrl Pts',(15.2057634665032,-11.2946331444656,24.0854501296139));
#5113=CARTESIAN_POINT('Ctrl Pts',(15.4390750967731,-11.3408728880759,24.1181740106741));
#5114=CARTESIAN_POINT('Ctrl Pts',(15.6257793854417,-11.3777034046424,24.1442383826037));
#5115=CARTESIAN_POINT('Ctrl Pts',(15.7657058977976,-11.405764774075,24.1640958005177));
#5116=CARTESIAN_POINT('Ctrl Pts',(15.9056244847851,-11.4339750587546,24.1840518989915));
#5117=CARTESIAN_POINT('Ctrl Pts',(16.046003645187,-11.4603810858982,24.2027343610836));
#5118=CARTESIAN_POINT('Ctrl Pts',(16.1864113874439,-11.4866716816074,24.2213355853696));
#5119=CARTESIAN_POINT('Ctrl Pts',(16.3268887981909,-11.5126862036385,24.2397422422283));
#5120=CARTESIAN_POINT('Ctrl Pts',(16.4673749061502,-11.538663230102,24.2581225743862));
#5121=CARTESIAN_POINT('Ctrl Pts',(16.6547093542822,-11.573218269395,24.2825728664226));
#5122=CARTESIAN_POINT('Ctrl Pts',(16.8888806274096,-11.6163915473046,24.3131213760574));
#5123=CARTESIAN_POINT('Ctrl Pts',(17.825537736206,-11.789153130222,24.43536958638));
#5124=CARTESIAN_POINT('Ctrl Pts',(19.4169639309885,-12.0859184015499,24.6454073389761));
#5125=CARTESIAN_POINT('Ctrl Pts',(22.4091645148218,-12.6568786533877,25.0494408142525));
#5126=CARTESIAN_POINT('Ctrl Pts',(27.6382500704679,-13.681163845897,25.7743631577474));
#5127=CARTESIAN_POINT('Ctrl Pts',(35.0976666349829,-15.1809554641978,26.8357428208164));
#5128=CARTESIAN_POINT('Ctrl Pts',(41.0615053373502,-16.3929362209879,27.6934663850775));
#5129=CARTESIAN_POINT('Ctrl Pts',(44.0429852563643,-17.000397717106,28.1233583844134));
#5130=CARTESIAN_POINT('Ctrl Pts',(12.6881898995234,-10.7884173583465,23.7271884200375));
#5131=CARTESIAN_POINT('Ctrl Pts',(13.2471629278645,-10.9025040759484,23.8079313212333));
#5132=CARTESIAN_POINT('Ctrl Pts',(13.9925248714465,-11.0544074800798,23.9154580070872));
#5133=CARTESIAN_POINT('Ctrl Pts',(14.8312350437555,-11.2247081823336,24.0362720909576));
#5134=CARTESIAN_POINT('Ctrl Pts',(15.2040099940675,-11.3003429176927,24.0900694476084));
#5135=CARTESIAN_POINT('Ctrl Pts',(15.4369037652302,-11.3479328530376,24.1240794018997));
#5136=CARTESIAN_POINT('Ctrl Pts',(15.6231480721784,-11.3862335867683,24.1516553056073));
#5137=CARTESIAN_POINT('Ctrl Pts',(15.7623926493566,-11.4164858858666,24.1739036429817));
#5138=CARTESIAN_POINT('Ctrl Pts',(15.9012995172713,-11.4477803588416,24.1979178352336));
#5139=CARTESIAN_POINT('Ctrl Pts',(16.0413428373435,-11.4750961817016,24.2180475442094));
#5140=CARTESIAN_POINT('Ctrl Pts',(16.1814349563118,-11.5022506032798,24.2379633419302));
#5141=CARTESIAN_POINT('Ctrl Pts',(16.3217036928381,-11.5287906661202,24.2572560476272));
#5142=CARTESIAN_POINT('Ctrl Pts',(16.4619983282928,-11.5552447388934,24.2764375078858));
#5143=CARTESIAN_POINT('Ctrl Pts',(16.6491199560652,-11.5903046903905,24.3017781492148));
#5144=CARTESIAN_POINT('Ctrl Pts',(16.8830615680438,-11.6340009359376,24.3332782423132));
#5145=CARTESIAN_POINT('Ctrl Pts',(17.8189517539726,-11.8084038855526,24.4586674483644));
#5146=CARTESIAN_POINT('Ctrl Pts',(19.4095898168112,-12.1065145138483,24.6717331031217));
#5147=CARTESIAN_POINT('Ctrl Pts',(22.4007972039834,-12.6788767690491,25.0794896543099));
#5148=CARTESIAN_POINT('Ctrl Pts',(27.6289365743306,-13.7042523483526,25.8077615333631));
#5149=CARTESIAN_POINT('Ctrl Pts',(35.0878500189129,-15.2045376568078,26.8709720871554));
#5150=CARTESIAN_POINT('Ctrl Pts',(41.0515041748624,-16.4167057304515,27.7293747844209));
#5151=CARTESIAN_POINT('Ctrl Pts',(44.0329155550125,-17.0242314432075,28.1595299395338));
#5152=CARTESIAN_POINT('Ctrl Pts',(12.6880888682682,-10.7887488090438,23.7274262307471));
#5153=CARTESIAN_POINT('Ctrl Pts',(13.2467522166164,-10.9038478010899,23.8089054268216));
#5154=CARTESIAN_POINT('Ctrl Pts',(13.9916004506155,-11.0574042478014,23.9177055608946));
#5155=CARTESIAN_POINT('Ctrl Pts',(14.8292009917705,-11.2309236661436,24.0420617926218));
#5156=CARTESIAN_POINT('Ctrl Pts',(15.2012940380964,-11.308407050765,24.0983265940731));
#5157=CARTESIAN_POINT('Ctrl Pts',(15.433565457039,-11.357578310541,24.1348700425664));
#5158=CARTESIAN_POINT('Ctrl Pts',(15.6191517376315,-11.3973738308226,24.1654847890451));
#5159=CARTESIAN_POINT('Ctrl Pts',(15.7574487424989,-11.4295833992561,24.1926503012664));
#5160=CARTESIAN_POINT('Ctrl Pts',(15.8951544576067,-11.4621000322854,24.2251097611184));
#5161=CARTESIAN_POINT('Ctrl Pts',(16.0348761859123,-11.4892007112797,24.2482078434086));
#5162=CARTESIAN_POINT('Ctrl Pts',(16.1746500768377,-11.5162865973655,24.2708118184627));
#5163=CARTESIAN_POINT('Ctrl Pts',(16.3147334364382,-11.5425853050818,24.2918934800965));
#5164=CARTESIAN_POINT('Ctrl Pts',(16.4548573819168,-11.5688272712045,24.3126851064298));
#5165=CARTESIAN_POINT('Ctrl Pts',(16.6418010669308,-11.6035640701142,24.339799347966));
#5166=CARTESIAN_POINT('Ctrl Pts',(16.875558746766,-11.6468581115428,24.3731769938811));
#5167=CARTESIAN_POINT('Ctrl Pts',(17.8108782362013,-11.8196301277984,24.5046830482651));
#5168=CARTESIAN_POINT('Ctrl Pts',(19.4010763199396,-12.1152515042822,24.7233398382069));
#5169=CARTESIAN_POINT('Ctrl Pts',(22.3918764487794,-12.6838677878443,25.1375644110276));
#5170=CARTESIAN_POINT('Ctrl Pts',(27.6198003561427,-13.7051066199238,25.8712765018153));
#5171=CARTESIAN_POINT('Ctrl Pts',(35.0786894288737,-15.2029122126405,26.9372404982722));
#5172=CARTESIAN_POINT('Ctrl Pts',(41.0423478463505,-16.414117502566,27.7966564326888));
#5173=CARTESIAN_POINT('Ctrl Pts',(44.0237639414625,-17.0212731387637,28.2271913766211));
#5174=CARTESIAN_POINT('Ctrl Pts',(12.6879970246287,-10.7890492327764,23.7276436664303));
#5175=CARTESIAN_POINT('Ctrl Pts',(13.2463788729123,-10.9050629520458,23.8097998345045));
#5176=CARTESIAN_POINT('Ctrl Pts',(13.9907600862934,-11.0600942056594,23.9197964401625));
#5177=CARTESIAN_POINT('Ctrl Pts',(14.8273784208559,-11.2361081352375,24.0477940218102));
#5178=CARTESIAN_POINT('Ctrl Pts',(15.1988889122871,-11.3148386638785,24.1066415925463));
#5179=CARTESIAN_POINT('Ctrl Pts',(15.4306490164423,-11.3648878458555,24.1458798633968));
#5180=CARTESIAN_POINT('Ctrl Pts',(15.615737998117,-11.4051925051138,24.1796969498666));
#5181=CARTESIAN_POINT('Ctrl Pts',(15.7533681212382,-11.4376106022712,24.2120782891742));
#5182=CARTESIAN_POINT('Ctrl Pts',(15.8905737923097,-11.4674315814594,24.2529423220551));
#5183=CARTESIAN_POINT('Ctrl Pts',(16.0303089647407,-11.4926494219672,24.2787036672962));
#5184=CARTESIAN_POINT('Ctrl Pts',(16.170056620054,-11.518215733684,24.3037491248912));
#5185=CARTESIAN_POINT('Ctrl Pts',(16.3101797149465,-11.5432212867528,24.3263503264417));
#5186=CARTESIAN_POINT('Ctrl Pts',(16.4503378707761,-11.5683086672601,24.3484990819622));
#5187=CARTESIAN_POINT('Ctrl Pts',(16.6373457513716,-11.6016466828189,24.3770503390327));
#5188=CARTESIAN_POINT('Ctrl Pts',(16.8711897571366,-11.64337731211,24.4118985532906));
#5189=CARTESIAN_POINT('Ctrl Pts',(17.8068905539073,-11.8106138395238,24.5479374699545));
#5190=CARTESIAN_POINT('Ctrl Pts',(19.397781472659,-12.0998541880822,24.7697741941142));
#5191=CARTESIAN_POINT('Ctrl Pts',(22.3897300846459,-12.6600623679799,25.1867782402842));
#5192=CARTESIAN_POINT('Ctrl Pts',(27.6190627146737,-13.6731326143343,25.9215956722449));
#5193=CARTESIAN_POINT('Ctrl Pts',(35.0788519173646,-15.1664386410473,26.9876463939116));
#5194=CARTESIAN_POINT('Ctrl Pts',(41.0428652087278,-16.3759371047754,27.8470105401249));
#5195=CARTESIAN_POINT('Ctrl Pts',(44.0244178975814,-16.9824435579802,28.2775230203679));
#5196=CARTESIAN_POINT('Ctrl Pts',(12.6879327373328,-10.789258898963,23.7277967394998));
#5197=CARTESIAN_POINT('Ctrl Pts',(13.2461175654921,-10.9059090261837,23.810432091201));
#5198=CARTESIAN_POINT('Ctrl Pts',(13.9901683489006,-11.0619666498705,23.9213003723616));
#5199=CARTESIAN_POINT('Ctrl Pts',(14.8261277488283,-11.2393945259728,24.0521129297597));
#5200=CARTESIAN_POINT('Ctrl Pts',(15.1972700584447,-11.3186624642745,24.1129538613984));
#5201=CARTESIAN_POINT('Ctrl Pts',(15.4287314932867,-11.3688800635918,24.154273954111));
#5202=CARTESIAN_POINT('Ctrl Pts',(15.6135770993802,-11.4088850654283,24.1904704201783));
#5203=CARTESIAN_POINT('Ctrl Pts',(15.7509461776586,-11.4402103256378,24.2266920537861));
#5204=CARTESIAN_POINT('Ctrl Pts',(15.8883813321873,-11.4653982380452,24.2727583212895));
#5205=CARTESIAN_POINT('Ctrl Pts',(16.0284040048287,-11.4882174485032,24.299706742386));
#5206=CARTESIAN_POINT('Ctrl Pts',(16.1683714722387,-11.5117890910979,24.3259085995378));
#5207=CARTESIAN_POINT('Ctrl Pts',(16.3087039710235,-11.5352515641596,24.3490582600137));
#5208=CARTESIAN_POINT('Ctrl Pts',(16.4490492836614,-11.5589705913467,24.3716859244194));
#5209=CARTESIAN_POINT('Ctrl Pts',(16.6362925919975,-11.5907147691372,24.4006494033382));
#5210=CARTESIAN_POINT('Ctrl Pts',(16.870406129848,-11.6307150265721,24.4358390642681));
#5211=CARTESIAN_POINT('Ctrl Pts',(17.8070926187096,-11.7920750820989,24.5725110201328));
#5212=CARTESIAN_POINT('Ctrl Pts',(19.3992286860674,-12.0754642340866,24.7932667569886));
#5213=CARTESIAN_POINT('Ctrl Pts',(22.3929368388839,-12.6287192421301,25.2075372621734));
#5214=CARTESIAN_POINT('Ctrl Pts',(27.6240760584787,-13.6360979435683,25.9383144403835));
#5215=CARTESIAN_POINT('Ctrl Pts',(35.0848951224205,-15.1266495207413,27.0016712577617));
#5216=CARTESIAN_POINT('Ctrl Pts',(41.0492924760325,-16.3351670880944,27.8599568561592));
#5217=CARTESIAN_POINT('Ctrl Pts',(44.0309934054296,-16.9413018139017,28.2900463239446));
#5218=CARTESIAN_POINT('Ctrl Pts',(12.6879051863947,-10.7893486395766,23.7278625013011));
#5219=CARTESIAN_POINT('Ctrl Pts',(13.2460055843522,-10.9062707916652,23.8107041878757));
#5220=CARTESIAN_POINT('Ctrl Pts',(13.9899166727671,-11.0627535908714,23.9219519311263));
#5221=CARTESIAN_POINT('Ctrl Pts',(14.8256012523882,-11.2407179168325,24.0540147099874));
#5222=CARTESIAN_POINT('Ctrl Pts',(15.1965949982317,-11.3201500798859,24.1157360607578));
#5223=CARTESIAN_POINT('Ctrl Pts',(15.4279422701374,-11.37035140663,24.157971535137));
#5224=CARTESIAN_POINT('Ctrl Pts',(15.6127065557379,-11.4101055240292,24.1951877079669));
#5225=CARTESIAN_POINT('Ctrl Pts',(15.7500096260662,-11.4407280471697,24.2330377166687));
#5226=CARTESIAN_POINT('Ctrl Pts',(15.8876596362927,-11.4634863127074,24.2810419902859));
#5227=CARTESIAN_POINT('Ctrl Pts',(16.0278556317228,-11.485140606205,24.3082943210891));
#5228=CARTESIAN_POINT('Ctrl Pts',(16.1679599249703,-11.5077392871574,24.3348238836551));
#5229=CARTESIAN_POINT('Ctrl Pts',(16.3084127049133,-11.5304735929833,24.3580647170995));
#5230=CARTESIAN_POINT('Ctrl Pts',(16.4488651174588,-11.5535505905171,24.3807683322121));
#5231=CARTESIAN_POINT('Ctrl Pts',(16.6362395366386,-11.584559338228,24.409751151823));
#5232=CARTESIAN_POINT('Ctrl Pts',(16.8705003228084,-11.6237733868301,24.4449107025994));
#5233=CARTESIAN_POINT('Ctrl Pts',(17.8077129566919,-11.7825167886545,24.5812264440798));
#5234=CARTESIAN_POINT('Ctrl Pts',(19.4004735391913,-12.0634877124638,24.8007939173601));
#5235=CARTESIAN_POINT('Ctrl Pts',(22.3950027442019,-12.6141416238273,25.2129994478135));
#5236=CARTESIAN_POINT('Ctrl Pts',(27.6269458828521,-13.6196252670933,25.9412199384394));
#5237=CARTESIAN_POINT('Ctrl Pts',(35.0881864403139,-15.1094214807823,27.0030314519054));
#5238=CARTESIAN_POINT('Ctrl Pts',(41.0527427991678,-16.3176744887014,27.8606991276784));
#5239=CARTESIAN_POINT('Ctrl Pts',(44.0345014662867,-16.9237191088624,28.2905573813583));
#5240=CARTESIAN_POINT('',(12.6879051863957,-10.789348639438,23.7278625011998));
#5241=CARTESIAN_POINT('Ctrl Pts',(44.0142761066434,-16.9196083208516,28.2876416566343));
#5242=CARTESIAN_POINT('Ctrl Pts',(41.0392568764747,-16.3149426384699,27.8587599436445));
#5243=CARTESIAN_POINT('Ctrl Pts',(35.0814384667851,-15.108074103582,27.0020711456493));
#5244=CARTESIAN_POINT('Ctrl Pts',(27.6269458828521,-13.6196252670933,25.9412199384394));
#5245=CARTESIAN_POINT('Ctrl Pts',(22.3950027442019,-12.6141416238273,25.2129994478135));
#5246=CARTESIAN_POINT('Ctrl Pts',(19.4004735391913,-12.0634877124638,24.8007939173601));
#5247=CARTESIAN_POINT('Ctrl Pts',(17.8077129566919,-11.7825167886545,24.5812264440798));
#5248=CARTESIAN_POINT('Ctrl Pts',(16.8705003228084,-11.6237733868301,24.4449107025994));
#5249=CARTESIAN_POINT('Ctrl Pts',(16.6362395366386,-11.584559338228,24.409751151823));
#5250=CARTESIAN_POINT('Ctrl Pts',(16.4488651174588,-11.5535505905171,24.3807683322121));
#5251=CARTESIAN_POINT('Ctrl Pts',(16.3084127049133,-11.5304735929833,24.3580647170995));
#5252=CARTESIAN_POINT('Ctrl Pts',(16.1679599249703,-11.5077392871574,24.3348238836551));
#5253=CARTESIAN_POINT('Ctrl Pts',(16.0278556317228,-11.485140606205,24.3082943210891));
#5254=CARTESIAN_POINT('Ctrl Pts',(15.8876596362927,-11.4634863127074,24.2810419902859));
#5255=CARTESIAN_POINT('Ctrl Pts',(15.7500096260662,-11.4407280471697,24.2330377166687));
#5256=CARTESIAN_POINT('Ctrl Pts',(15.6127065557379,-11.4101055240292,24.1951877079669));
#5257=CARTESIAN_POINT('Ctrl Pts',(15.4279422701374,-11.37035140663,24.157971535137));
#5258=CARTESIAN_POINT('Ctrl Pts',(15.1965949982317,-11.3201500798859,24.1157360607578));
#5259=CARTESIAN_POINT('Ctrl Pts',(14.8256012523882,-11.2407179168325,24.0540147099874));
#5260=CARTESIAN_POINT('Ctrl Pts',(13.9899166727671,-11.0627535908714,23.9219519311263));
#5261=CARTESIAN_POINT('Ctrl Pts',(13.2460055843522,-10.9062707916652,23.8107041878757));
#5262=CARTESIAN_POINT('Ctrl Pts',(12.6879051863947,-10.7893486395766,23.7278625013011));
#5263=CARTESIAN_POINT('',(12.6882909326369,-10.7880847252601,23.7269522671071));
#5264=CARTESIAN_POINT('Origin',(12.6882909326369,-10.7303178395087,23.8085793882776));
#5265=CARTESIAN_POINT('Ctrl Pts',(12.6882909326369,-10.7880847252601,23.7269522671071));
#5266=CARTESIAN_POINT('Ctrl Pts',(13.2475736580691,-10.9011518941258,23.8069690327659));
#5267=CARTESIAN_POINT('Ctrl Pts',(13.993447659279,-11.0513712860288,23.913278140882));
#5268=CARTESIAN_POINT('Ctrl Pts',(14.833283562045,-11.2179417995747,24.0311588120069));
#5269=CARTESIAN_POINT('Ctrl Pts',(15.2067640197289,-11.2912278862298,24.0830228117936));
#5270=CARTESIAN_POINT('Ctrl Pts',(15.4403143810747,-11.3366073695329,24.1151375230542));
#5271=CARTESIAN_POINT('Ctrl Pts',(15.6272815681751,-11.3724705040199,24.1405175874604));
#5272=CARTESIAN_POINT('Ctrl Pts',(15.7675978713634,-11.3990524189271,24.159329404164));
#5273=CARTESIAN_POINT('Ctrl Pts',(15.9080957667151,-11.4249868226639,24.1776829821931));
#5274=CARTESIAN_POINT('Ctrl Pts',(16.0486677656832,-11.4506507481212,24.1958451448244));
#5275=CARTESIAN_POINT('Ctrl Pts',(16.1892567071584,-11.4762530471271,24.2139636948902));
#5276=CARTESIAN_POINT('Ctrl Pts',(16.3298541256483,-11.5018242078038,24.2320602085998));
#5277=CARTESIAN_POINT('Ctrl Pts',(16.4704503841578,-11.5273994346515,24.2501595999074));
#5278=CARTESIAN_POINT('Ctrl Pts',(16.6579073735951,-11.5615170332384,24.2743043619843));
#5279=CARTESIAN_POINT('Ctrl Pts',(16.8922110333577,-11.6042283253234,24.3045308148445));
#5280=CARTESIAN_POINT('Ctrl Pts',(17.8293103826292,-11.7754977276653,24.4257368534248));
#5281=CARTESIAN_POINT('Ctrl Pts',(19.4211893360934,-12.0709358196672,24.6348161185337));
#5282=CARTESIAN_POINT('Ctrl Pts',(22.4139687052833,-12.6403075158823,25.0377560881629));
#5283=CARTESIAN_POINT('Ctrl Pts',(27.6435991663883,-13.6632838169172,25.7617085473568));
#5284=CARTESIAN_POINT('Ctrl Pts',(35.0870392327096,-15.1590956211834,26.8202830549913));
#5285=CARTESIAN_POINT('Ctrl Pts',(41.0347330134166,-16.3674901648506,27.6754545782019));
#5286=CARTESIAN_POINT('Ctrl Pts',(43.999999998619,-16.9715212745874,28.1029227481695));
#5287=CARTESIAN_POINT('Ctrl Pts',(12.4963614302413,10.7499993842237,23.7));
#5288=CARTESIAN_POINT('Ctrl Pts',(23.0087901383165,12.8776211362808,25.2301140705811));
#5289=CARTESIAN_POINT('Ctrl Pts',(33.5212188463917,15.0052428883379,26.7602281411621));
#5290=CARTESIAN_POINT('Ctrl Pts',(44.0336475544669,17.1328646403951,28.2903422117432));
#5291=CARTESIAN_POINT('Ctrl Pts',(10.8885061386774,10.7494551708306,23.7));
#5292=CARTESIAN_POINT('Ctrl Pts',(21.9357327895261,12.3319336054148,25.2301140705811));
#5293=CARTESIAN_POINT('Ctrl Pts',(32.9830451805848,13.9160755013106,26.7602281411621));
#5294=CARTESIAN_POINT('Ctrl Pts',(44.0302718314335,15.4985539358948,28.2903422117432));
#5295=CARTESIAN_POINT('Ctrl Pts',(7.6731062232739,10.015606659214,23.7));
#5296=CARTESIAN_POINT('Ctrl Pts',(19.7895841388156,10.7535168601147,25.230114070581));
#5297=CARTESIAN_POINT('Ctrl Pts',(31.9070431220778,11.4904838821365,26.7602281411621));
#5298=CARTESIAN_POINT('Ctrl Pts',(44.0235210376196,12.2283940830372,28.2903422117432));
#5299=CARTESIAN_POINT('Ctrl Pts',(3.80804154471542,6.92930498266348,23.7));
#5300=CARTESIAN_POINT('Ctrl Pts',(17.2108745603139,7.05875192125516,25.230114070581));
#5301=CARTESIAN_POINT('Ctrl Pts',(30.6125732445723,7.1895387091196,26.7602281411621));
#5302=CARTESIAN_POINT('Ctrl Pts',(44.0154062601707,7.31898564771128,28.2903422117431));
#5303=CARTESIAN_POINT('Ctrl Pts',(1.65970659332025,2.47330079435098,23.7));
#5304=CARTESIAN_POINT('Ctrl Pts',(15.776276413055,2.45119089233505,25.230114070581));
#5305=CARTESIAN_POINT('Ctrl Pts',(29.894325969987,2.42881139769834,26.7602281411621));
#5306=CARTESIAN_POINT('Ctrl Pts',(44.0108957897218,2.40670149568241,28.2903422117431));
#5307=CARTESIAN_POINT('Ctrl Pts',(1.66249579623744,-2.47325778515732,23.7));
#5308=CARTESIAN_POINT('Ctrl Pts',(15.7790795927955,-2.48441051913841,25.2301140705811));
#5309=CARTESIAN_POINT('Ctrl Pts',(29.8943178491487,-2.49545985072159,26.7602281411621));
#5310=CARTESIAN_POINT('Ctrl Pts',(44.0109016457068,-2.50661258470268,28.2903422117432));
#5311=CARTESIAN_POINT('Ctrl Pts',(3.80571069436475,-6.93123465824337,23.7));
#5312=CARTESIAN_POINT('Ctrl Pts',(17.2084718578259,-7.09391475836436,25.230114070581));
#5313=CARTESIAN_POINT('Ctrl Pts',(30.6126402030445,-7.2562207783001,26.7602281411621));
#5314=CARTESIAN_POINT('Ctrl Pts',(44.0154013665057,-7.41890087842108,28.2903422117431));
#5315=CARTESIAN_POINT('Ctrl Pts',(7.67465692209706,-10.0146405279689,23.7));
#5316=CARTESIAN_POINT('Ctrl Pts',(19.7911993159286,-10.7858600956037,25.2301140705811));
#5317=CARTESIAN_POINT('Ctrl Pts',(31.9069818995099,-11.5570836663103,26.7602281411621));
#5318=CARTESIAN_POINT('Ctrl Pts',(44.0235242933415,-12.328303233945,28.2903422117431));
#5319=CARTESIAN_POINT('Ctrl Pts',(10.8886253032517,-10.7494730345937,23.7));
#5320=CARTESIAN_POINT('Ctrl Pts',(21.9357538121455,-12.3652285793409,25.230114070581));
#5321=CARTESIAN_POINT('Ctrl Pts',(32.9831435727281,-13.9827096079718,26.7602281411621));
#5322=CARTESIAN_POINT('Ctrl Pts',(44.0302720816218,-15.598465152719,28.2903422117431));
#5323=CARTESIAN_POINT('Ctrl Pts',(12.4964806007497,-10.749999423899,23.7));
#5324=CARTESIAN_POINT('Ctrl Pts',(23.0088696687224,-12.9109248891984,25.230114070581));
#5325=CARTESIAN_POINT('Ctrl Pts',(33.521258736695,-15.0718503544978,26.7602281411621));
#5326=CARTESIAN_POINT('Ctrl Pts',(44.0336478046676,-17.2327758197972,28.2903422117431));
#5327=CARTESIAN_POINT('',(12.6877405583251,10.7887328156335,23.7278557824208));
#5328=CARTESIAN_POINT('Ctrl Pts',(12.6877405594732,10.7887328120121,23.7278557797238));
#5329=CARTESIAN_POINT('Ctrl Pts',(13.0598167008683,10.8655314175151,23.783122651654));
#5330=CARTESIAN_POINT('Ctrl Pts',(13.803843189614,11.01963672766,23.893783206564));
#5331=CARTESIAN_POINT('Ctrl Pts',(14.6403112520146,11.1943701961909,24.0204849449404));
#5332=CARTESIAN_POINT('Ctrl Pts',(15.1502474242456,11.3022438520242,24.1067646438545));
#5333=CARTESIAN_POINT('Ctrl Pts',(15.3123074302576,11.3367024636559,24.1356691385691));
#5334=CARTESIAN_POINT('Ctrl Pts',(15.4047097601795,11.3564458165181,24.1538963400022));
#5335=CARTESIAN_POINT('Ctrl Pts',(15.5435264797943,11.3860113186385,24.1794143073011));
#5336=CARTESIAN_POINT('Ctrl Pts',(15.7481248661476,11.4316395823989,24.2477811078811));
#5337=CARTESIAN_POINT('Ctrl Pts',(15.9809665749574,11.463327833927,24.3063045457964));
#5338=CARTESIAN_POINT('Ctrl Pts',(16.1680884117192,11.4937362625847,24.3373067194681));
#5339=CARTESIAN_POINT('Ctrl Pts',(16.3552644268235,11.5234343549398,24.3690492829989));
#5340=CARTESIAN_POINT('Ctrl Pts',(16.5894652049523,11.5617270976827,24.4048341904872));
#5341=CARTESIAN_POINT('Ctrl Pts',(16.8705519669931,11.6080186558375,24.4469210063051));
#5342=CARTESIAN_POINT('Ctrl Pts',(17.8076768800281,11.7645142113984,24.5824104934794));
#5343=CARTESIAN_POINT('Ctrl Pts',(19.4003971381169,12.0412511374388,24.8005865702764));
#5344=CARTESIAN_POINT('Ctrl Pts',(22.3946181417105,12.5836502955091,25.2128906391067));
#5345=CARTESIAN_POINT('Ctrl Pts',(27.6264025680778,13.5739739897157,25.9404849096756));
#5346=CARTESIAN_POINT('Ctrl Pts',(35.0809518551451,15.0398618435647,27.0019582381733));
#5347=CARTESIAN_POINT('Ctrl Pts',(41.039042380758,16.2283381788803,27.858675832104));
#5348=CARTESIAN_POINT('Ctrl Pts',(44.0142776883395,16.8237970905494,28.2876403910155));
#5349=CARTESIAN_POINT('',(10.9268065246142,10.6342635988113,23.7));
#5350=CARTESIAN_POINT('Ctrl Pts',(10.9268065246142,10.6342635988113,23.7));
#5351=CARTESIAN_POINT('Ctrl Pts',(10.9312788845163,10.6349252231309,23.7001284622305));
#5352=CARTESIAN_POINT('Ctrl Pts',(10.935751849133,10.6355852820542,23.700253816724));
#5353=CARTESIAN_POINT('Ctrl Pts',(11.5187258966327,10.7214598497425,23.7175745789059));
#5354=CARTESIAN_POINT('Ctrl Pts',(12.102079267049,10.7844770336669,23.7275413569142));
#5355=CARTESIAN_POINT('Ctrl Pts',(12.6877405582956,10.7887328194858,23.727855785284));
#5356=CARTESIAN_POINT('',(10.9031115555741,-10.6307312681705,23.7));
#5357=CARTESIAN_POINT('Ctrl Pts',(10.9031115555741,-10.6307312681705,23.7));
#5358=CARTESIAN_POINT('Ctrl Pts',(10.8977616341731,-10.6299276331761,23.7008021402363));
#5359=CARTESIAN_POINT('Ctrl Pts',(10.892408684552,-10.6291228522958,23.7016318681679));
#5360=CARTESIAN_POINT('Ctrl Pts',(10.6345235281795,-10.5864594166286,23.7386219331682));
#5361=CARTESIAN_POINT('Ctrl Pts',(10.1442768834144,-10.4645103013297,23.7324653940219));
#5362=CARTESIAN_POINT('Ctrl Pts',(9.16961740982985,-10.1890481707388,23.7343398338107));
#5363=CARTESIAN_POINT('Ctrl Pts',(7.99720196932468,-9.72366116048112,23.7216708558651));
#5364=CARTESIAN_POINT('Ctrl Pts',(6.66599053607379,-8.98173297884042,23.7193134399605));
#5365=CARTESIAN_POINT('Ctrl Pts',(5.44943157418237,-8.05321603960019,23.7147447287531));
#5366=CARTESIAN_POINT('Ctrl Pts',(4.38942558262931,-6.9805333978578,23.7132144491417));
#5367=CARTESIAN_POINT('Ctrl Pts',(3.47838197897851,-5.75321514327204,23.7115576285842));
#5368=CARTESIAN_POINT('Ctrl Pts',(2.75540397484695,-4.41349197512844,23.7107317956715));
#5369=CARTESIAN_POINT('Ctrl Pts',(2.2308463294801,-2.9966151415432,23.7100846018838));
#5370=CARTESIAN_POINT('Ctrl Pts',(1.90839375197264,-1.49960168174586,23.7097711971563));
#5371=CARTESIAN_POINT('Ctrl Pts',(1.80380722191236,0.0118715140987932,23.7096508062789));
#5372=CARTESIAN_POINT('Ctrl Pts',(1.91174781132087,1.52310765543224,23.7097715493602));
#5373=CARTESIAN_POINT('Ctrl Pts',(2.23752196333207,3.01940236710698,23.7100857067701));
#5374=CARTESIAN_POINT('Ctrl Pts',(2.76522265354285,4.43511237263711,23.7107325234187));
#5375=CARTESIAN_POINT('Ctrl Pts',(3.49117248522472,5.77322733695458,23.7115603580665));
#5376=CARTESIAN_POINT('Ctrl Pts',(4.40493558481912,6.99852134912905,23.7132133989638));
#5377=CARTESIAN_POINT('Ctrl Pts',(5.46732424195513,8.06885142168905,23.714752501221));
#5378=CARTESIAN_POINT('Ctrl Pts',(6.68595192043137,8.99468087685239,23.7192964580561));
#5379=CARTESIAN_POINT('Ctrl Pts',(8.01892208696108,9.73370719356675,23.7216980941814));
#5380=CARTESIAN_POINT('Ctrl Pts',(9.1923508246107,10.1964589277585,23.7342602922198));
#5381=CARTESIAN_POINT('Ctrl Pts',(10.167587975701,10.4697593944876,23.7324998493663));
#5382=CARTESIAN_POINT('Ctrl Pts',(10.6581282032701,10.5906112479076,23.7384470987024));
#5383=CARTESIAN_POINT('Ctrl Pts',(10.9160975460839,10.6326787672505,23.7016232523736));
#5384=CARTESIAN_POINT('Ctrl Pts',(10.9214535289501,10.6334716965066,23.7007981050512));
#5385=CARTESIAN_POINT('Ctrl Pts',(10.9268065246142,10.6342635988113,23.7));
#5386=CARTESIAN_POINT('Ctrl Pts',(12.6879051863967,-10.7893486392994,23.7278625010984));
#5387=CARTESIAN_POINT('Ctrl Pts',(12.0941251232244,-10.7852322648962,23.7276897435377));
#5388=CARTESIAN_POINT('Ctrl Pts',(11.5028275068225,-10.7204630551861,23.7178350590034));
#5389=CARTESIAN_POINT('Ctrl Pts',(10.9120525839265,-10.6320725735371,23.7002537134113));
#5390=CARTESIAN_POINT('Ctrl Pts',(10.9075817755016,-10.6314027593753,23.7001284642704));
#5391=CARTESIAN_POINT('Ctrl Pts',(10.9031115555741,-10.6307312681705,23.7));
#5392=CARTESIAN_POINT('',(20.0903832567247,-5.99762832616285,25.5832383680491));
#5393=CARTESIAN_POINT('Ctrl Pts',(20.0903832567247,-5.99762832616285,25.5832383680491));
#5394=CARTESIAN_POINT('Ctrl Pts',(20.2466985603496,-5.6003498093465,25.6167245662674));
#5395=CARTESIAN_POINT('Ctrl Pts',(20.3780785233575,-4.7333847999082,25.6607063165002));
#5396=CARTESIAN_POINT('Ctrl Pts',(19.9897498904092,-3.47202784815775,25.6476689147128));
#5397=CARTESIAN_POINT('Ctrl Pts',(19.0929405505089,-2.51481110658331,25.5658757893249));
#5398=CARTESIAN_POINT('Ctrl Pts',(17.4662005500766,-1.86918335699103,25.3954908801478));
#5399=CARTESIAN_POINT('Ctrl Pts',(15.3734417746364,-2.51417054466421,25.163010833041));
#5400=CARTESIAN_POINT('Ctrl Pts',(14.583549174535,-4.16924549629974,25.0344737432994));
#5401=CARTESIAN_POINT('Ctrl Pts',(14.5788539091357,-5.88691254603714,24.9679001965986));
#5402=CARTESIAN_POINT('Ctrl Pts',(15.6161130284967,-7.6638829801004,24.9757572498731));
#5403=CARTESIAN_POINT('Ctrl Pts',(17.9398239134393,-7.99584203801806,25.2278283266347));
#5404=CARTESIAN_POINT('Ctrl Pts',(19.4394880097914,-7.11120201967026,25.4610211070992));
#5405=CARTESIAN_POINT('Ctrl Pts',(19.9340679530999,-6.3949068429792,25.5497521698308));
#5406=CARTESIAN_POINT('Ctrl Pts',(20.0903832567247,-5.99762832616285,25.5832383680491));
#5407=CARTESIAN_POINT('',(20.1022490491069,3.9380519853099,25.6477815859113));
#5408=CARTESIAN_POINT('Ctrl Pts',(20.1022490491069,3.9380519853099,25.6477815859113));
#5409=CARTESIAN_POINT('Ctrl Pts',(20.2544195452657,4.33809959335261,25.6550830337742));
#5410=CARTESIAN_POINT('Ctrl Pts',(20.373463727201,5.20657794111735,25.6437570586083));
#5411=CARTESIAN_POINT('Ctrl Pts',(19.8422132204824,6.88134341956606,25.5225963070376));
#5412=CARTESIAN_POINT('Ctrl Pts',(17.9027331515527,8.18172639032298,25.2061903402572));
#5413=CARTESIAN_POINT('Ctrl Pts',(15.1999522050483,7.33599817603837,24.9515379681024));
#5414=CARTESIAN_POINT('Ctrl Pts',(14.1845620926074,4.67094749488024,24.9844927942704));
#5415=CARTESIAN_POINT('Ctrl Pts',(15.6341485769671,2.2366641863156,25.1929085123443));
#5416=CARTESIAN_POINT('Ctrl Pts',(18.4254680139778,1.84466291146662,25.5002576461984));
#5417=CARTESIAN_POINT('Ctrl Pts',(19.7979080567893,3.1379567692245,25.6331786901855));
#5418=CARTESIAN_POINT('Ctrl Pts',(20.1022490491069,3.9380519853099,25.6477815859113));
#5419=CARTESIAN_POINT('',(10.2311868297474,-5.8906779647051,24.4669476141793));
#5420=CARTESIAN_POINT('Ctrl Pts',(10.2311868297474,-5.8906779647051,24.4669476141793));
#5421=CARTESIAN_POINT('Ctrl Pts',(10.3711156194309,-5.48740940441156,24.506625149986));
#5422=CARTESIAN_POINT('Ctrl Pts',(10.4653940908164,-4.6171642397461,24.560080519096));
#5423=CARTESIAN_POINT('Ctrl Pts',(9.88658937428252,-2.95047695071131,24.5520697024422));
#5424=CARTESIAN_POINT('Ctrl Pts',(7.88679510168564,-1.70995502073807,24.353131735607));
#5425=CARTESIAN_POINT('Ctrl Pts',(5.22627011287333,-2.65317998742457,24.0499065458108));
#5426=CARTESIAN_POINT('Ctrl Pts',(4.2919387212107,-5.33593732048687,23.8538885443619));
#5427=CARTESIAN_POINT('Ctrl Pts',(5.82945064046228,-7.7406800794161,23.8036424502241));
#5428=CARTESIAN_POINT('Ctrl Pts',(8.16923692222851,-7.97825280600695,24.05171188907));
#5429=CARTESIAN_POINT('Ctrl Pts',(9.6268720055968,-7.03008544206878,24.3244877637078));
#5430=CARTESIAN_POINT('Ctrl Pts',(10.0912580400639,-6.29394652499863,24.4272700783726));
#5431=CARTESIAN_POINT('Ctrl Pts',(10.2311868297474,-5.8906779647051,24.4669476141793));
#5432=CARTESIAN_POINT('',(10.1952562356993,3.91963257738352,24.5525636504966));
#5433=CARTESIAN_POINT('Ctrl Pts',(10.1952562356993,3.91963257738352,24.5525636504966));
#5434=CARTESIAN_POINT('Ctrl Pts',(10.3504423829113,4.31893577851635,24.5559655166124));
#5435=CARTESIAN_POINT('Ctrl Pts',(10.4767152057568,5.18756875151779,24.5353225199685));
#5436=CARTESIAN_POINT('Ctrl Pts',(10.019774083902,6.65639345508719,24.3982944012976));
#5437=CARTESIAN_POINT('Ctrl Pts',(8.9991249351978,7.52403378568723,24.2019450700161));
#5438=CARTESIAN_POINT('Ctrl Pts',(7.3523486663816,7.97708141729395,23.9489565479969));
#5439=CARTESIAN_POINT('Ctrl Pts',(5.32266603338009,7.35630740551321,23.7934791436904));
#5440=CARTESIAN_POINT('Ctrl Pts',(4.28167834878902,4.69788694602979,23.8854678906016));
#5441=CARTESIAN_POINT('Ctrl Pts',(5.71442060235499,2.25166478002322,24.1095279702344));
#5442=CARTESIAN_POINT('Ctrl Pts',(8.03329559528466,1.90794189974886,24.3665441175095));
#5443=CARTESIAN_POINT('Ctrl Pts',(9.54625277457478,2.79691646521513,24.5150619518389));
#5444=CARTESIAN_POINT('Ctrl Pts',(10.0400700884874,3.52032937625068,24.5491617843808));
#5445=CARTESIAN_POINT('Ctrl Pts',(10.1952562356993,3.91963257738352,24.5525636504966));
#5446=CARTESIAN_POINT('',(14.9317263545701,-1.26437894831175,25.126396816561));
#5447=CARTESIAN_POINT('Ctrl Pts',(14.9317263545701,-1.26437894831175,25.126396816561));
#5448=CARTESIAN_POINT('Ctrl Pts',(15.121001283812,-0.898245626802648,25.1501626636558));
#5449=CARTESIAN_POINT('Ctrl Pts',(15.3323086872719,-0.0783525657822202,
25.1770938250092));
#5450=CARTESIAN_POINT('Ctrl Pts',(15.083489067386,1.16784709499749,25.145108621649));
#5451=CARTESIAN_POINT('Ctrl Pts',(14.3193164359732,2.17761621049562,25.0491370405618));
#5452=CARTESIAN_POINT('Ctrl Pts',(13.197195186998,2.75624436268058,24.9150126257213));
#5453=CARTESIAN_POINT('Ctrl Pts',(11.9373061159937,2.79090770076545,24.7759418064349));
#5454=CARTESIAN_POINT('Ctrl Pts',(10.652492649727,2.22049690186003,24.6478914378035));
#5455=CARTESIAN_POINT('Ctrl Pts',(9.89385959038757,1.1741011228738,24.5809703410667));
#5456=CARTESIAN_POINT('Ctrl Pts',(9.67395234186877,-0.0604784032901485,
24.5622129931006));
#5457=CARTESIAN_POINT('Ctrl Pts',(9.89472232739046,-1.16739708351026,24.5810512515371));
#5458=CARTESIAN_POINT('Ctrl Pts',(10.6599463738049,-2.18003196954952,24.649640610767));
#5459=CARTESIAN_POINT('Ctrl Pts',(11.7849418946596,-2.75669303548485,24.7605846685478));
#5460=CARTESIAN_POINT('Ctrl Pts',(13.0458652765633,-2.79064595118116,24.8981503901672));
#5461=CARTESIAN_POINT('Ctrl Pts',(14.1972308698369,-2.27442561972703,25.0346195997921));
#5462=CARTESIAN_POINT('Ctrl Pts',(14.7424514253283,-1.63051226982086,25.1026309694662));
#5463=CARTESIAN_POINT('Ctrl Pts',(14.9317263545701,-1.26437894831175,25.126396816561));
#5464=CARTESIAN_POINT('Ctrl Pts',(12.6877405583547,10.7887328117812,23.7278557795577));
#5465=CARTESIAN_POINT('Ctrl Pts',(13.0598167001227,10.8655314173607,23.7831226515431));
#5466=CARTESIAN_POINT('Ctrl Pts',(13.8038431892415,11.0196367275822,23.8937832065076));
#5467=CARTESIAN_POINT('Ctrl Pts',(14.6403112520146,11.1943701961909,24.0204849449404));
#5468=CARTESIAN_POINT('Ctrl Pts',(15.1502474242456,11.3022438520242,24.1067646438545));
#5469=CARTESIAN_POINT('Ctrl Pts',(15.3123074302576,11.3367024636559,24.1356691385691));
#5470=CARTESIAN_POINT('Ctrl Pts',(15.4047097601795,11.3564458165181,24.1538963400022));
#5471=CARTESIAN_POINT('Ctrl Pts',(15.5435264797943,11.3860113186385,24.1794143073011));
#5472=CARTESIAN_POINT('Ctrl Pts',(15.7481248661476,11.4316395823989,24.2477811078811));
#5473=CARTESIAN_POINT('Ctrl Pts',(15.9809665749574,11.463327833927,24.3063045457964));
#5474=CARTESIAN_POINT('Ctrl Pts',(16.1680884117192,11.4937362625847,24.3373067194681));
#5475=CARTESIAN_POINT('Ctrl Pts',(16.3552644268235,11.5234343549398,24.3690492829989));
#5476=CARTESIAN_POINT('Ctrl Pts',(16.5894652049523,11.5617270976827,24.4048341904872));
#5477=CARTESIAN_POINT('Ctrl Pts',(16.8705519669931,11.6080186558375,24.4469210063051));
#5478=CARTESIAN_POINT('Ctrl Pts',(17.8076768800281,11.7645142113984,24.5824104934794));
#5479=CARTESIAN_POINT('Ctrl Pts',(19.4003971381169,12.0412511374388,24.8005865702764));
#5480=CARTESIAN_POINT('Ctrl Pts',(22.3946181417105,12.5836502955091,25.2128906391067));
#5481=CARTESIAN_POINT('Ctrl Pts',(27.6264025680778,13.5739739897157,25.9404849096756));
#5482=CARTESIAN_POINT('Ctrl Pts',(35.0875474999123,15.0411588335207,27.0028974097765));
#5483=CARTESIAN_POINT('Ctrl Pts',(41.0522243069829,16.2309676337869,27.8605712797883));
#5484=CARTESIAN_POINT('Ctrl Pts',(44.0340471593725,16.827753750498,28.2904907379752));
#5485=CARTESIAN_POINT('Ctrl Pts',(12.6877777322474,10.7886111004655,23.7277651432222));
#5486=CARTESIAN_POINT('Ctrl Pts',(13.0599299121206,10.8651635556171,23.7828421667397));
#5487=CARTESIAN_POINT('Ctrl Pts',(13.8041462457388,11.0186369100941,23.8930441929967));
#5488=CARTESIAN_POINT('Ctrl Pts',(14.6409422619762,11.1923893752287,24.0187742314997));
#5489=CARTESIAN_POINT('Ctrl Pts',(15.1511635451072,11.3000099734269,24.1032517433064));
#5490=CARTESIAN_POINT('Ctrl Pts',(15.3133259959927,11.3344538267426,24.1313841287193));
#5491=CARTESIAN_POINT('Ctrl Pts',(15.4057864792956,11.3543167333121,24.1489748035516));
#5492=CARTESIAN_POINT('Ctrl Pts',(15.5447002525833,11.3838943032421,24.1737146936745));
#5493=CARTESIAN_POINT('Ctrl Pts',(15.7494028785699,11.4318879214492,24.2376072795519));
#5494=CARTESIAN_POINT('Ctrl Pts',(15.9816527472903,11.4680201728991,24.2944199607012));
#5495=CARTESIAN_POINT('Ctrl Pts',(16.1685901570812,11.4996187880376,24.3252081758048));
#5496=CARTESIAN_POINT('Ctrl Pts',(16.355549146374,11.5306958107783,24.3567121662577));
#5497=CARTESIAN_POINT('Ctrl Pts',(16.5895450116117,11.5701429040888,24.3924897930888));
#5498=CARTESIAN_POINT('Ctrl Pts',(16.8703995489638,11.6176855306304,24.4346336298593));
#5499=CARTESIAN_POINT('Ctrl Pts',(17.806847997632,11.7775448715847,24.5706536092679));
#5500=CARTESIAN_POINT('Ctrl Pts',(19.3987656014227,12.0573171764246,24.7905353103041));
#5501=CARTESIAN_POINT('Ctrl Pts',(22.3919003551256,12.6031770188172,25.2056134159553));
#5502=CARTESIAN_POINT('Ctrl Pts',(27.6226474483557,13.5958723390503,25.9366615725373));
#5503=CARTESIAN_POINT('Ctrl Pts',(35.0832339635022,15.064098818876,27.0010955999668));
#5504=CARTESIAN_POINT('Ctrl Pts',(41.0477067268594,16.2542355728422,27.8595867276898));
#5505=CARTESIAN_POINT('Ctrl Pts',(44.0294515291324,16.8511447464049,28.2898210116056));
#5506=CARTESIAN_POINT('Ctrl Pts',(12.6878427890611,10.7883977234426,23.7276070439272));
#5507=CARTESIAN_POINT('Ctrl Pts',(13.0601280509813,10.8645178329766,23.7823539267051));
#5508=CARTESIAN_POINT('Ctrl Pts',(13.8046649291702,11.0169185822808,23.8917994572149));
#5509=CARTESIAN_POINT('Ctrl Pts',(14.6420125096435,11.1889835910914,24.0159668389338));
#5510=CARTESIAN_POINT('Ctrl Pts',(15.1527783713754,11.2958322510898,24.0974150723768));
#5511=CARTESIAN_POINT('Ctrl Pts',(15.3151447101062,11.3300867780416,24.124243713422));
#5512=CARTESIAN_POINT('Ctrl Pts',(15.4077370053774,11.3499873394793,24.1407334333469));
#5513=CARTESIAN_POINT('Ctrl Pts',(15.54684597482,11.3794178574896,24.1641628884916));
#5514=CARTESIAN_POINT('Ctrl Pts',(15.7520579958383,11.4299028080162,24.2200076159548));
#5515=CARTESIAN_POINT('Ctrl Pts',(15.9837376908405,11.4722992402857,24.2722238574801));
#5516=CARTESIAN_POINT('Ctrl Pts',(16.1704769032853,11.5056782188535,24.3020881606234));
#5517=CARTESIAN_POINT('Ctrl Pts',(16.3571987910096,11.538812629145,24.3325567141498));
#5518=CARTESIAN_POINT('Ctrl Pts',(16.5909537538279,11.5800611456225,24.3677268464526));
#5519=CARTESIAN_POINT('Ctrl Pts',(16.871528816201,11.6295851183616,24.4093022599112));
#5520=CARTESIAN_POINT('Ctrl Pts',(17.8071287093349,11.7949526038676,24.5443036973946));
#5521=CARTESIAN_POINT('Ctrl Pts',(19.3979054754219,12.0804057205052,24.7649426384477));
#5522=CARTESIAN_POINT('Ctrl Pts',(22.3894190357321,12.633294666713,25.1819086272301));
#5523=CARTESIAN_POINT('Ctrl Pts',(27.6184226832418,13.6319799805274,25.9164407298081));
#5524=CARTESIAN_POINT('Ctrl Pts',(35.0780078716402,15.1032600685508,26.9830939833982));
#5525=CARTESIAN_POINT('Ctrl Pts',(41.042096156251,16.2944929457649,27.842558458096));
#5526=CARTESIAN_POINT('Ctrl Pts',(44.0236958109423,16.8918184368339,28.2731519088846));
#5527=CARTESIAN_POINT('Ctrl Pts',(12.6879450261102,10.7880613720331,23.7273600212546));
#5528=CARTESIAN_POINT('Ctrl Pts',(13.0604394471398,10.8634977692868,23.781593899657));
#5529=CARTESIAN_POINT('Ctrl Pts',(13.8054642266113,11.0142628188721,23.8899086527107));
#5530=CARTESIAN_POINT('Ctrl Pts',(14.6436416143547,11.1837104460274,24.0118704739262));
#5531=CARTESIAN_POINT('Ctrl Pts',(15.15535628538,11.2885113543305,24.0890398495089));
#5532=CARTESIAN_POINT('Ctrl Pts',(15.3180926958032,11.32205719289,24.1140284245374));
#5533=CARTESIAN_POINT('Ctrl Pts',(15.4109538604418,11.3415778836539,24.1289353268513));
#5534=CARTESIAN_POINT('Ctrl Pts',(15.5504210931067,11.3703540414542,24.150522592136));
#5535=CARTESIAN_POINT('Ctrl Pts',(15.7571107942754,11.4204887204897,24.194465424251));
#5536=CARTESIAN_POINT('Ctrl Pts',(15.9890221995592,11.4675969934429,24.237647048832));
#5537=CARTESIAN_POINT('Ctrl Pts',(16.1757850743202,11.5024481264016,24.2652920477105));
#5538=CARTESIAN_POINT('Ctrl Pts',(16.3625144697287,11.5373015405364,24.2932780644495));
#5539=CARTESIAN_POINT('Ctrl Pts',(16.59623049982,11.5801664557601,24.3265804754078));
#5540=CARTESIAN_POINT('Ctrl Pts',(16.8767424942785,11.6315128590992,24.3662074215774));
#5541=CARTESIAN_POINT('Ctrl Pts',(17.8120744470824,11.8021738012521,24.4963431900288));
#5542=CARTESIAN_POINT('Ctrl Pts',(19.4022483781104,12.0938820930645,24.713627674923));
#5543=CARTESIAN_POINT('Ctrl Pts',(22.3927729754597,12.6551500652458,25.1270788697823));
#5544=CARTESIAN_POINT('Ctrl Pts',(27.6204925719579,13.6620617830626,25.8600164755112));
#5545=CARTESIAN_POINT('Ctrl Pts',(35.0792629658636,15.1379427587592,26.9260678785122));
#5546=CARTESIAN_POINT('Ctrl Pts',(41.0430198847913,16.3309253292379,27.7854535808222));
#5547=CARTESIAN_POINT('Ctrl Pts',(44.0244928984552,16.9289155196318,28.2160101548119));
#5548=CARTESIAN_POINT('Ctrl Pts',(12.688037972009,10.7877546527424,23.7271367484967));
#5549=CARTESIAN_POINT('Ctrl Pts',(13.0607225568881,10.8625656003683,23.7809095412922));
#5550=CARTESIAN_POINT('Ctrl Pts',(13.8061785609513,11.0118902605498,23.8882298301952));
#5551=CARTESIAN_POINT('Ctrl Pts',(14.6450834858913,11.1789871119885,24.0083615909333));
#5552=CARTESIAN_POINT('Ctrl Pts',(15.1577203464898,11.2812320909338,24.0821715166778));
#5553=CARTESIAN_POINT('Ctrl Pts',(15.320825237438,11.3137926395424,24.1057273407025));
#5554=CARTESIAN_POINT('Ctrl Pts',(15.4139711405708,11.3326030402259,24.1194004841967));
#5555=CARTESIAN_POINT('Ctrl Pts',(15.5537974050978,11.360433095366,24.1395610032119));
#5556=CARTESIAN_POINT('Ctrl Pts',(15.7622743928971,11.4067109865061,24.174209188125));
#5557=CARTESIAN_POINT('Ctrl Pts',(15.9952028075126,11.453349926654,24.2093990874682));
#5558=CARTESIAN_POINT('Ctrl Pts',(16.182239258865,11.4882037121802,24.234920041799));
#5559=CARTESIAN_POINT('Ctrl Pts',(16.369260374149,11.5231056715189,24.2605366282048));
#5560=CARTESIAN_POINT('Ctrl Pts',(16.6032040977321,11.5661440269266,24.2919253883538));
#5561=CARTESIAN_POINT('Ctrl Pts',(16.8839542645962,11.6177334676822,24.3295032323499));
#5562=CARTESIAN_POINT('Ctrl Pts',(17.8198998784405,11.7893202175786,24.4542083148661));
#5563=CARTESIAN_POINT('Ctrl Pts',(19.4105649604778,12.0827900424823,24.6665873355465));
#5564=CARTESIAN_POINT('Ctrl Pts',(22.401670991048,12.6467198222763,25.0738355880337));
#5565=CARTESIAN_POINT('Ctrl Pts',(27.6297720533996,13.656779133492,25.8016516391662));
#5566=CARTESIAN_POINT('Ctrl Pts',(35.0887103561898,15.1345307216597,26.8648454068559));
#5567=CARTESIAN_POINT('Ctrl Pts',(41.0525082444198,16.3282621480448,27.7232363569656));
#5568=CARTESIAN_POINT('Ctrl Pts',(44.0339963583128,16.9265403324218,28.1534008818743));
#5569=CARTESIAN_POINT('Ctrl Pts',(12.6881030350762,10.7875392916684,23.7269813658867));
#5570=CARTESIAN_POINT('Ctrl Pts',(13.0609207404115,10.8619097247663,23.7804351146781));
#5571=CARTESIAN_POINT('Ctrl Pts',(13.8066738308747,11.0102563547186,23.8870548792902));
#5572=CARTESIAN_POINT('Ctrl Pts',(14.6460785259175,11.1757140307319,24.005972231072));
#5573=CARTESIAN_POINT('Ctrl Pts',(15.1593788443305,11.2757553654605,24.0778763557217));
#5574=CARTESIAN_POINT('Ctrl Pts',(15.3227514005485,11.3074245818442,24.1006386295686));
#5575=CARTESIAN_POINT('Ctrl Pts',(15.4161089907512,11.3255263790103,24.1136494413435));
#5576=CARTESIAN_POINT('Ctrl Pts',(15.5561967221143,11.3524864581038,24.1330269434145));
#5577=CARTESIAN_POINT('Ctrl Pts',(15.7660614526534,11.3940615545658,24.162911116773));
#5578=CARTESIAN_POINT('Ctrl Pts',(15.9999688505471,11.4376179861742,24.194224137214));
#5579=CARTESIAN_POINT('Ctrl Pts',(16.1872836303123,11.4716691229501,24.2187006892297));
#5580=CARTESIAN_POINT('Ctrl Pts',(16.3746068575225,11.5056963561103,24.2431604683159));
#5581=CARTESIAN_POINT('Ctrl Pts',(16.6088025380003,11.5480574911823,24.2736097441223));
#5582=CARTESIAN_POINT('Ctrl Pts',(16.8898245761099,11.5989348813087,24.3101808321514));
#5583=CARTESIAN_POINT('Ctrl Pts',(17.8265094545182,11.7686957977304,24.4322030818273));
#5584=CARTESIAN_POINT('Ctrl Pts',(19.4179107359341,12.0607221056438,24.6420873124021));
#5585=CARTESIAN_POINT('Ctrl Pts',(22.4100184738058,12.622820880528,25.0461077921971));
#5586=CARTESIAN_POINT('Ctrl Pts',(27.6390357737045,13.6315497872303,25.7711152571048));
#5587=CARTESIAN_POINT('Ctrl Pts',(35.0984959773806,15.1085280972329,26.8326948615514));
#5588=CARTESIAN_POINT('Ctrl Pts',(41.0624742852094,16.302015902747,27.6905104008213));
#5589=CARTESIAN_POINT('Ctrl Pts',(44.0440338098312,16.9001879256298,28.1204475715464));
#5590=CARTESIAN_POINT('Ctrl Pts',(12.6881309192479,10.7874468738575,23.7269149405851));
#5591=CARTESIAN_POINT('Ctrl Pts',(13.0610056762073,10.8616280226413,23.7802326412734));
#5592=CARTESIAN_POINT('Ctrl Pts',(13.80688725712,11.0095497216856,23.8865513624614));
#5593=CARTESIAN_POINT('Ctrl Pts',(14.6465075531265,11.1742899152526,24.0049583765875));
#5594=CARTESIAN_POINT('Ctrl Pts',(15.1600924023808,11.2733204750184,24.076136591419));
#5595=CARTESIAN_POINT('Ctrl Pts',(15.3235796844108,11.304576602088,24.0986019327503));
#5596=CARTESIAN_POINT('Ctrl Pts',(15.4170279864818,11.3223437386048,24.1113720621218));
#5597=CARTESIAN_POINT('Ctrl Pts',(15.5572278048339,11.348898802399,24.1304585142239));
#5598=CARTESIAN_POINT('Ctrl Pts',(15.7676870988245,11.3881789446715,24.1586911164822));
#5599=CARTESIAN_POINT('Ctrl Pts',(16.0020122727035,11.4300867605563,24.1888123591495));
#5600=CARTESIAN_POINT('Ctrl Pts',(16.189445547917,11.4637029631371,24.2129740047544));
#5601=CARTESIAN_POINT('Ctrl Pts',(16.3768973403722,11.497252695754,24.2370878750729));
#5602=CARTESIAN_POINT('Ctrl Pts',(16.6112001295178,11.5392359001454,24.2672633032292));
#5603=CARTESIAN_POINT('Ctrl Pts',(16.8923374626388,11.5897134291684,24.3035440272144));
#5604=CARTESIAN_POINT('Ctrl Pts',(17.8293360897446,11.75842777001,24.4248074596944));
#5605=CARTESIAN_POINT('Ctrl Pts',(19.4210547851111,12.049528232643,24.6340359172121));
#5606=CARTESIAN_POINT('Ctrl Pts',(22.4135820882615,12.6104918901419,25.0372285460394));
#5607=CARTESIAN_POINT('Ctrl Pts',(27.642995563348,13.6182533357558,25.7615570850745));
#5608=CARTESIAN_POINT('Ctrl Pts',(35.1026767269524,15.0946944271659,26.8227491195255));
#5609=CARTESIAN_POINT('Ctrl Pts',(41.0667347622783,16.2879870838858,27.6804282165429));
#5610=CARTESIAN_POINT('Ctrl Pts',(44.0483232933068,16.8860883351693,28.1103134909029));
#5611=CARTESIAN_POINT('',(12.6881309192479,10.7874468738575,23.7269149405851));
#5612=CARTESIAN_POINT('Ctrl Pts',(43.9999999997497,16.8763949055222,28.1033463383441));
#5613=CARTESIAN_POINT('Ctrl Pts',(41.0345144727262,16.2815405211081,27.6757947495464));
#5614=CARTESIAN_POINT('Ctrl Pts',(35.0865566365738,15.0915038935077,26.8204559234587));
#5615=CARTESIAN_POINT('Ctrl Pts',(27.642995563348,13.6182533357558,25.7615570850745));
#5616=CARTESIAN_POINT('Ctrl Pts',(22.4135820882615,12.6104918901419,25.0372285460394));
#5617=CARTESIAN_POINT('Ctrl Pts',(19.4210547851111,12.049528232643,24.6340359172121));
#5618=CARTESIAN_POINT('Ctrl Pts',(17.8293360897446,11.75842777001,24.4248074596944));
#5619=CARTESIAN_POINT('Ctrl Pts',(16.8923374626388,11.5897134291684,24.3035440272144));
#5620=CARTESIAN_POINT('Ctrl Pts',(16.6112001295178,11.5392359001454,24.2672633032292));
#5621=CARTESIAN_POINT('Ctrl Pts',(16.3768973403722,11.497252695754,24.2370878750729));
#5622=CARTESIAN_POINT('Ctrl Pts',(16.189445547917,11.4637029631371,24.2129740047544));
#5623=CARTESIAN_POINT('Ctrl Pts',(16.0020122727035,11.4300867605563,24.1888123591495));
#5624=CARTESIAN_POINT('Ctrl Pts',(15.7676870988245,11.3881789446715,24.1586911164822));
#5625=CARTESIAN_POINT('Ctrl Pts',(15.5572278048339,11.348898802399,24.1304585142239));
#5626=CARTESIAN_POINT('Ctrl Pts',(15.4170279864818,11.3223437386048,24.1113720621218));
#5627=CARTESIAN_POINT('Ctrl Pts',(15.3235796844108,11.304576602088,24.0986019327503));
#5628=CARTESIAN_POINT('Ctrl Pts',(15.1600924023808,11.2733204750184,24.076136591419));
#5629=CARTESIAN_POINT('Ctrl Pts',(14.6465075531265,11.1742899152526,24.0049583765875));
#5630=CARTESIAN_POINT('Ctrl Pts',(13.80688725712,11.0095497216856,23.8865513624614));
#5631=CARTESIAN_POINT('Ctrl Pts',(13.0610056762073,10.8616280226413,23.7802326412734));
#5632=CARTESIAN_POINT('Ctrl Pts',(12.6881309192479,10.7874468738575,23.7269149405851));
#5633=CARTESIAN_POINT('Origin',(12.6881309192479,10.7290832690423,23.8081164777194));
#5634=CARTESIAN_POINT('Ctrl Pts',(12.6881309134173,10.7874468726976,23.7269149397514));
#5635=CARTESIAN_POINT('Ctrl Pts',(12.655464742282,10.7809481602098,23.7222439901508));
#5636=CARTESIAN_POINT('Ctrl Pts',(12.6049218692619,10.7779430790854,23.7200840880926));
#5637=CARTESIAN_POINT('Ctrl Pts',(12.5046204032027,10.7692119734092,23.7138086058879));
#5638=CARTESIAN_POINT('Ctrl Pts',(12.3038785424632,10.752217426418,23.701593775238));
#5639=CARTESIAN_POINT('Ctrl Pts',(12.1200646456697,10.7351724490831,23.6893426977785));
#5640=CARTESIAN_POINT('Ctrl Pts',(11.9866695491397,10.7210461601574,23.6791894276131));
#5641=CARTESIAN_POINT('Ctrl Pts',(12.6880007872079,10.7878781575341,23.7272249257276));
#5642=CARTESIAN_POINT('Ctrl Pts',(12.6552999658476,10.7825710654163,23.7234104529893));
#5643=CARTESIAN_POINT('Ctrl Pts',(12.6046577477356,10.7802125598697,23.7217161133595));
#5644=CARTESIAN_POINT('Ctrl Pts',(12.5041518832759,10.7731611729765,23.7166489328403));
#5645=CARTESIAN_POINT('Ctrl Pts',(12.3029422313012,10.7592852346338,23.7066740201771));
#5646=CARTESIAN_POINT('Ctrl Pts',(12.1185810277384,10.7449608820746,23.6963881299448));
#5647=CARTESIAN_POINT('Ctrl Pts',(11.984753358543,10.7329772189702,23.6877648761348));
#5648=CARTESIAN_POINT('Ctrl Pts',(12.6878706609987,10.7883068244345,23.7275385540486));
#5649=CARTESIAN_POINT('Ctrl Pts',(12.6551351894154,10.784177625993,23.7245996561647));
#5650=CARTESIAN_POINT('Ctrl Pts',(12.6043936167718,10.7824291411806,23.7234218661121));
#5651=CARTESIAN_POINT('Ctrl Pts',(12.5036833306644,10.7769358289647,23.7197324963171));
#5652=CARTESIAN_POINT('Ctrl Pts',(12.3020059678942,10.7658011378927,23.7125215553437));
#5653=CARTESIAN_POINT('Ctrl Pts',(12.1170973150381,10.7535146041803,23.7051518022908));
#5654=CARTESIAN_POINT('Ctrl Pts',(11.9828384032991,10.7429474063364,23.6990522633871));
#5655=CARTESIAN_POINT('Ctrl Pts',(12.6877405522992,10.7887328157181,23.7278557825129));
#5656=CARTESIAN_POINT('Ctrl Pts',(12.6549705269594,10.7857673233448,23.7258112183994));
#5657=CARTESIAN_POINT('Ctrl Pts',(12.6041299752384,10.7845889888885,23.7251985161956));
#5658=CARTESIAN_POINT('Ctrl Pts',(12.5032184519741,10.7805073061506,23.7230368067068));
#5659=CARTESIAN_POINT('Ctrl Pts',(12.3010891608574,10.7716285305886,23.7190160508676));
#5660=CARTESIAN_POINT('Ctrl Pts',(12.1156914138668,10.7603483387299,23.7151727623362));
#5661=CARTESIAN_POINT('Ctrl Pts',(11.9811084392627,10.75,23.7119684708488));
#5662=CARTESIAN_POINT('',(12.2756740801041,10.75,23.7));
#5663=CARTESIAN_POINT('',(11.9811084392627,10.75,23.7119684708488));
#5664=CARTESIAN_POINT('Ctrl Pts',(11.9811084392628,10.75,23.7119684708488));
#5665=CARTESIAN_POINT('Ctrl Pts',(12.0001566024622,10.75,23.7097808733094));
#5666=CARTESIAN_POINT('Ctrl Pts',(12.0203549081942,10.749978863817,23.7079897221265));
#5667=CARTESIAN_POINT('Ctrl Pts',(12.0407976630347,10.7499544949194,23.7065388811394));
#5668=CARTESIAN_POINT('Ctrl Pts',(12.062720427006,10.7499283617689,23.7049830025521));
#5669=CARTESIAN_POINT('Ctrl Pts',(12.084924219231,10.7499002019991,23.7038169467699));
#5670=CARTESIAN_POINT('Ctrl Pts',(12.1063017998228,10.749863847692,23.7029211672757));
#5671=CARTESIAN_POINT('Ctrl Pts',(12.1150179826735,10.7498490251171,23.7025559352126));
#5672=CARTESIAN_POINT('Ctrl Pts',(12.1235969301153,10.7498323873207,23.7022352218187));
#5673=CARTESIAN_POINT('Ctrl Pts',(12.1319640361576,10.7498114612047,23.7019496517369));
#5674=CARTESIAN_POINT('Ctrl Pts',(12.1661660804777,10.7497259219581,23.7007823328878));
#5675=CARTESIAN_POINT('Ctrl Pts',(12.2013624039833,10.7496095950282,23.7001033518925));
#5676=CARTESIAN_POINT('Ctrl Pts',(12.2361066875513,10.7494618717492,23.69975112011));
#5677=CARTESIAN_POINT('Ctrl Pts',(12.2494327595079,10.7494052129023,23.6996160226033));
#5678=CARTESIAN_POINT('Ctrl Pts',(12.2626923376425,10.7493444623314,23.6995294294521));
#5679=CARTESIAN_POINT('Ctrl Pts',(12.2758039571119,10.7492810645185,23.6994832651227));
#5680=CARTESIAN_POINT('Ctrl Pts',(11.9811084392627,10.75,23.7119684708488));
#5681=CARTESIAN_POINT('Ctrl Pts',(12.1156914138668,10.7603483387299,23.7151727623362));
#5682=CARTESIAN_POINT('Ctrl Pts',(12.3010891608574,10.7716285305886,23.7190160508676));
#5683=CARTESIAN_POINT('Ctrl Pts',(12.5032184519741,10.7805073061506,23.7230368067068));
#5684=CARTESIAN_POINT('Ctrl Pts',(12.6041299752384,10.7845889888885,23.7251985161956));
#5685=CARTESIAN_POINT('Ctrl Pts',(12.6549705269594,10.7857673233448,23.7258112183994));
#5686=CARTESIAN_POINT('Ctrl Pts',(12.6877405522992,10.7887328157181,23.7278557825129));
#5687=CARTESIAN_POINT('Ctrl Pts',(12.6881309134173,10.7874468726976,23.7269149397514));
#5688=CARTESIAN_POINT('Ctrl Pts',(12.655464742282,10.7809481602098,23.7222439901508));
#5689=CARTESIAN_POINT('Ctrl Pts',(12.6049218692619,10.7779430790854,23.7200840880926));
#5690=CARTESIAN_POINT('Ctrl Pts',(12.5046204032027,10.7692119734092,23.7138086058879));
#5691=CARTESIAN_POINT('Ctrl Pts',(12.400432348143,10.7603915470611,23.7074689244502));
#5692=CARTESIAN_POINT('Ctrl Pts',(12.3130178429681,10.7526560186733,23.7019090134214));
#5693=CARTESIAN_POINT('Ctrl Pts',(12.2757750681628,10.7492784445753,23.6994813820385));
#5694=CARTESIAN_POINT('Origin',(43.5,10.75,23.7));
#5695=CARTESIAN_POINT('',(44.1,17.15,28.3));
#5696=CARTESIAN_POINT('',(44.1,12.1609465550547,24.7141178364456));
#5697=CARTESIAN_POINT('',(55.7113690637946,17.15,28.3));
#5698=CARTESIAN_POINT('',(57.5366345958096,17.15,28.3));
#5699=CARTESIAN_POINT('',(43.5,10.75,23.7));
#5700=CARTESIAN_POINT('',(43.5,10.75,23.7));
#5701=CARTESIAN_POINT('',(12.5,10.75,23.7));
#5702=CARTESIAN_POINT('Ctrl Pts',(12.6879051852942,-10.7893486393147,23.7278625011149));
#5703=CARTESIAN_POINT('Ctrl Pts',(12.6548710837426,-10.7863062059269,23.7257953438855));
#5704=CARTESIAN_POINT('Ctrl Pts',(12.6035650631955,-10.7851388095896,23.7252023166001));
#5705=CARTESIAN_POINT('Ctrl Pts',(12.5017797753404,-10.7810028534879,23.7230456268878));
#5706=CARTESIAN_POINT('Ctrl Pts',(12.2978751639244,-10.7719993882132,23.7190334404181));
#5707=CARTESIAN_POINT('Ctrl Pts',(12.1108507392134,-10.7605407453086,23.7151935622174));
#5708=CARTESIAN_POINT('Ctrl Pts',(11.9750929650649,-10.75,23.7119771091905));
#5709=CARTESIAN_POINT('Ctrl Pts',(12.6880337563374,-10.7889298497977,23.7275556127183));
#5710=CARTESIAN_POINT('Ctrl Pts',(12.6550336906371,-10.784696156936,23.7245881128674));
#5711=CARTESIAN_POINT('Ctrl Pts',(12.6038270456155,-10.7829603276809,23.7234382530108));
#5712=CARTESIAN_POINT('Ctrl Pts',(12.5022436324895,-10.7773952381135,23.7197582626838));
#5713=CARTESIAN_POINT('Ctrl Pts',(12.2987934937517,-10.7661067300227,23.7125611494774));
#5714=CARTESIAN_POINT('Ctrl Pts',(12.1122633435251,-10.7536238601908,23.7051901311395));
#5715=CARTESIAN_POINT('Ctrl Pts',(11.9768333697577,-10.7428493625037,23.6990646416136));
#5716=CARTESIAN_POINT('Ctrl Pts',(12.688162343935,-10.7885085269583,23.727252188309));
#5717=CARTESIAN_POINT('Ctrl Pts',(12.6551964086935,-10.7830696132104,23.7234031106235));
#5718=CARTESIAN_POINT('Ctrl Pts',(12.6040895096219,-10.7807258426432,23.7217452841382));
#5719=CARTESIAN_POINT('Ctrl Pts',(12.5027111540476,-10.7735858488455,23.716693377219));
#5720=CARTESIAN_POINT('Ctrl Pts',(12.2997313546644,-10.7595277662659,23.7067429900108));
#5721=CARTESIAN_POINT('Ctrl Pts',(12.1137543904073,-10.7449865311686,23.6964620861601));
#5722=CARTESIAN_POINT('Ctrl Pts',(11.9787611052303,-10.7327731605482,23.6878086982341));
#5723=CARTESIAN_POINT('Ctrl Pts',(12.6882909315326,-10.7880847250371,23.7269522669493));
#5724=CARTESIAN_POINT('Ctrl Pts',(12.6553591267518,-10.7814270797317,23.7222407025793));
#5725=CARTESIAN_POINT('Ctrl Pts',(12.6043519640286,-10.778439173856,23.720126184575));
#5726=CARTESIAN_POINT('Ctrl Pts',(12.5031786421365,-10.7696035234189,23.7138732627272));
#5727=CARTESIAN_POINT('Ctrl Pts',(12.3006692644257,-10.7524005933595,23.7016988814545));
#5728=CARTESIAN_POINT('Ctrl Pts',(12.1152453371288,-10.7351208664326,23.6894701516292));
#5729=CARTESIAN_POINT('Ctrl Pts',(11.980690099375,-10.7207439861533,23.679295744047));
#5730=CARTESIAN_POINT('',(11.9750929650649,-10.75,23.7119771091905));
#5731=CARTESIAN_POINT('',(12.2703697214767,-10.75,23.7));
#5732=CARTESIAN_POINT('Ctrl Pts',(12.2703697214771,-10.75,23.7));
#5733=CARTESIAN_POINT('Ctrl Pts',(12.2257082513541,-10.75,23.7));
#5734=CARTESIAN_POINT('Ctrl Pts',(12.1795038732434,-10.7499999999978,23.7004879440462));
#5735=CARTESIAN_POINT('Ctrl Pts',(12.0841352882612,-10.7499999999978,23.703323435242));
#5736=CARTESIAN_POINT('Ctrl Pts',(12.0255845599997,-10.75,23.7062032022919));
#5737=CARTESIAN_POINT('Ctrl Pts',(11.9750929650649,-10.75,23.7119771091905));
#5738=CARTESIAN_POINT('Ctrl Pts',(12.2704747052585,-10.7492468938807,23.6994670325925));
#5739=CARTESIAN_POINT('Ctrl Pts',(12.3086593342581,-10.7527292850877,23.7019314940621));
#5740=CARTESIAN_POINT('Ctrl Pts',(12.3974570834583,-10.7606226031264,23.7075175345202));
#5741=CARTESIAN_POINT('Ctrl Pts',(12.5031786421365,-10.7696035234189,23.7138732627272));
#5742=CARTESIAN_POINT('Ctrl Pts',(12.6043519640286,-10.778439173856,23.720126184575));
#5743=CARTESIAN_POINT('Ctrl Pts',(12.6553591267518,-10.7814270797317,23.7222407025793));
#5744=CARTESIAN_POINT('Ctrl Pts',(12.6882909315326,-10.7880847250371,23.7269522669493));
#5745=CARTESIAN_POINT('Ctrl Pts',(12.6879051852942,-10.7893486393147,23.7278625011149));
#5746=CARTESIAN_POINT('Ctrl Pts',(12.6548710837426,-10.7863062059269,23.7257953438855));
#5747=CARTESIAN_POINT('Ctrl Pts',(12.6035650631955,-10.7851388095896,23.7252023166001));
#5748=CARTESIAN_POINT('Ctrl Pts',(12.5017797753404,-10.7810028534879,23.7230456268878));
#5749=CARTESIAN_POINT('Ctrl Pts',(12.2978751639244,-10.7719993882132,23.7190334404181));
#5750=CARTESIAN_POINT('Ctrl Pts',(12.1108507392134,-10.7605407453086,23.7151935622174));
#5751=CARTESIAN_POINT('Ctrl Pts',(11.9750929650649,-10.75,23.7119771091905));
#5752=CARTESIAN_POINT('Ctrl Pts',(10.9031115555741,-10.6307312681705,23.7));
#5753=CARTESIAN_POINT('Ctrl Pts',(10.9075817755016,-10.6314027593753,23.7001284642704));
#5754=CARTESIAN_POINT('Ctrl Pts',(10.9120525839265,-10.6320725735371,23.7002537134113));
#5755=CARTESIAN_POINT('Ctrl Pts',(11.5028275068225,-10.7204630551861,23.7178350590034));
#5756=CARTESIAN_POINT('Ctrl Pts',(12.0941251232244,-10.7852322648962,23.7276897435377));
#5757=CARTESIAN_POINT('Ctrl Pts',(12.6879051863967,-10.7893486392994,23.7278625010984));
#5758=CARTESIAN_POINT('Ctrl Pts',(10.9031115555741,-10.6307312681705,23.7));
#5759=CARTESIAN_POINT('Ctrl Pts',(10.9075853896701,-10.631391923474,23.6999851508294));
#5760=CARTESIAN_POINT('Ctrl Pts',(10.9120379164012,-10.6320798320382,23.7000962528129));
#5761=CARTESIAN_POINT('Ctrl Pts',(11.502565210412,-10.7202189119997,23.7027171189425));
#5762=CARTESIAN_POINT('Ctrl Pts',(12.0950413674157,-10.7671727888404,23.707147155158));
#5763=CARTESIAN_POINT('Ctrl Pts',(12.6871463945146,-10.7640750204019,23.7093827343825));
#5764=CARTESIAN_POINT('Ctrl Pts',(10.9031115555741,-10.6307312681705,23.7));
#5765=CARTESIAN_POINT('Ctrl Pts',(10.9075763309041,-10.6314017428827,23.6999378000438));
#5766=CARTESIAN_POINT('Ctrl Pts',(10.9120351265779,-10.6320689658817,23.6998469714608));
#5767=CARTESIAN_POINT('Ctrl Pts',(11.5020407770074,-10.7199457333926,23.6903118755844));
#5768=CARTESIAN_POINT('Ctrl Pts',(12.0948531783495,-10.7586378881576,23.6833012065004));
#5769=CARTESIAN_POINT('Ctrl Pts',(12.6863364818819,-10.7483849490514,23.6784591236334));
#5770=CARTESIAN_POINT('Ctrl Pts',(10.9031115555741,-10.6307312681705,23.7));
#5771=CARTESIAN_POINT('Ctrl Pts',(10.9075704746806,-10.6314010618297,23.6998273111891));
#5772=CARTESIAN_POINT('Ctrl Pts',(10.9120297021006,-10.6320679646729,23.6996561957499));
#5773=CARTESIAN_POINT('Ctrl Pts',(11.5014541272902,-10.7198625951505,23.6765434599535));
#5774=CARTESIAN_POINT('Ctrl Pts',(12.0941487664797,-10.758621197653,23.6575481476288));
#5775=CARTESIAN_POINT('Ctrl Pts',(12.6857911503941,-10.7483943753677,23.6471456140906));
#5776=CARTESIAN_POINT('',(12.0789024909315,-10.75,23.7));
#5777=CARTESIAN_POINT('Ctrl Pts',(11.9752809534535,-10.7496891784274,23.7112412249827));
#5778=CARTESIAN_POINT('Ctrl Pts',(12.0099391089037,-10.7497203699403,23.7073940272999));
#5779=CARTESIAN_POINT('Ctrl Pts',(12.0445834287325,-10.7497657265958,23.703523045689));
#5780=CARTESIAN_POINT('Ctrl Pts',(12.0790371679518,-10.7498085075118,23.6996336972126));
#5781=CARTESIAN_POINT('',(12.4999999903998,-10.75,23.6506211585273));
#5782=CARTESIAN_POINT('Ctrl Pts',(10.9031115555741,-10.6307312681705,23.7));
#5783=CARTESIAN_POINT('Ctrl Pts',(10.9075704746806,-10.6314010618297,23.6998273111891));
#5784=CARTESIAN_POINT('Ctrl Pts',(10.9120297021006,-10.6320679646729,23.6996561957499));
#5785=CARTESIAN_POINT('Ctrl Pts',(11.4402312864452,-10.7107434673047,23.6789441533837));
#5786=CARTESIAN_POINT('Ctrl Pts',(11.9701696755254,-10.7499783285536,23.6615674621172));
#5787=CARTESIAN_POINT('Ctrl Pts',(12.5000013807342,-10.7499963793036,23.6506888674425));
#5788=CARTESIAN_POINT('Ctrl Pts',(12.5,-10.75,23.6506211581456));
#5789=CARTESIAN_POINT('Ctrl Pts',(12.4986615631376,-10.75,23.6507768766415));
#5790=CARTESIAN_POINT('Ctrl Pts',(12.497323157223,-10.75,23.6509326267827));
#5791=CARTESIAN_POINT('Ctrl Pts',(12.3682991636618,-10.75,23.6659504685943));
#5792=CARTESIAN_POINT('Ctrl Pts',(12.2413548796355,-10.75,23.6810417218629));
#5793=CARTESIAN_POINT('Ctrl Pts',(12.1044049743044,-10.75,23.6970315721823));
#5794=CARTESIAN_POINT('Ctrl Pts',(12.0916683960386,-10.75,23.6985158427277));
#5795=CARTESIAN_POINT('Ctrl Pts',(12.0789024909315,-10.75,23.7));
#5796=CARTESIAN_POINT('Ctrl Pts',(49.2928932188135,15.,19.2));
#5797=CARTESIAN_POINT('Ctrl Pts',(49.2928932188135,15.,19.0878002623718));
#5798=CARTESIAN_POINT('Ctrl Pts',(49.1101024826368,14.9086046319117,18.8255607002722));
#5799=CARTESIAN_POINT('Ctrl Pts',(48.5920925191553,14.649599650171,18.7));
#5800=CARTESIAN_POINT('Ctrl Pts',(48.2928932188134,14.5,18.7));
#5801=CARTESIAN_POINT('Ctrl Pts',(49.3583430657632,15.,19.2));
#5802=CARTESIAN_POINT('Ctrl Pts',(49.3583430657632,15.,19.0731261967642));
#5803=CARTESIAN_POINT('Ctrl Pts',(49.1786448923243,14.883282708141,18.7760117581751));
#5804=CARTESIAN_POINT('Ctrl Pts',(48.672063522556,14.5693139731864,18.6716802264808));
#5805=CARTESIAN_POINT('Ctrl Pts',(48.3854532800251,14.4074399387884,18.7));
#5806=CARTESIAN_POINT('Ctrl Pts',(49.4892104875292,15.0260481873384,19.2));
#5807=CARTESIAN_POINT('Ctrl Pts',(49.4892104875292,15.0260481873384,19.0378968183005));
#5808=CARTESIAN_POINT('Ctrl Pts',(49.3157513852234,14.8690869798009,18.6582143063846));
#5809=CARTESIAN_POINT('Ctrl Pts',(48.8323168669114,14.4419511255654,18.5397285306089));
#5810=CARTESIAN_POINT('Ctrl Pts',(48.5697522170937,14.2231410017197,18.591537750233));
#5811=CARTESIAN_POINT('Ctrl Pts',(49.6001665788009,15.1001665788009,19.2));
#5812=CARTESIAN_POINT('Ctrl Pts',(49.6001665788009,15.1001665788009,18.9963730350167));
#5813=CARTESIAN_POINT('Ctrl Pts',(49.4231454798291,14.9233494018767,18.5201051434514));
#5814=CARTESIAN_POINT('Ctrl Pts',(48.9256208058515,14.4264336998757,18.3130960776058));
#5815=CARTESIAN_POINT('Ctrl Pts',(48.6464466094067,14.1464466094067,18.3308996938996));
#5816=CARTESIAN_POINT('Ctrl Pts',(49.6464466094067,15.1464466094067,19.2));
#5817=CARTESIAN_POINT('Ctrl Pts',(49.6464466094067,15.1464466094067,18.9756005247436));
#5818=CARTESIAN_POINT('Ctrl Pts',(49.46365587323,14.96365587323,18.4511214005444));
#5819=CARTESIAN_POINT('Ctrl Pts',(48.9456459097486,14.4456459097486,18.2));
#5820=CARTESIAN_POINT('Ctrl Pts',(48.6464466094067,14.1464466094067,18.2));
#5821=CARTESIAN_POINT('',(48.6464466094067,14.1464466094067,18.2));
#5822=CARTESIAN_POINT('',(48.2928932188134,14.5,18.7));
#5823=CARTESIAN_POINT('Origin',(48.2928932188134,14.5,18.2));
#5824=CARTESIAN_POINT('',(49.2928932188135,15.,19.2));
#5825=CARTESIAN_POINT('Origin',(48.2928932188134,14.5,19.2));
#5826=CARTESIAN_POINT('',(49.5,15.,18.67899461672));
#5827=CARTESIAN_POINT('Ctrl Pts',(49.2928932188135,15.,19.2));
#5828=CARTESIAN_POINT('Ctrl Pts',(49.2934950672167,15.,19.1993981515968));
#5829=CARTESIAN_POINT('Ctrl Pts',(49.2940958245893,15.,19.1987952208969));
#5830=CARTESIAN_POINT('Ctrl Pts',(49.3361747908876,15.,19.1564108411499));
#5831=CARTESIAN_POINT('Ctrl Pts',(49.3714287308465,15.,19.1104370733739));
#5832=CARTESIAN_POINT('Ctrl Pts',(49.431649583843,15.,19.0067252950304));
#5833=CARTESIAN_POINT('Ctrl Pts',(49.4552134490931,15.,18.9498374769113));
#5834=CARTESIAN_POINT('Ctrl Pts',(49.4907333981542,15.,18.8218667030541));
#5835=CARTESIAN_POINT('Ctrl Pts',(49.5,15.,18.7505156830493));
#5836=CARTESIAN_POINT('Ctrl Pts',(49.5,15.,18.67899461672));
#5837=CARTESIAN_POINT('Origin',(48.6464466094067,14.1464466094067,19.2));
#5838=CARTESIAN_POINT('Origin',(39.3026966094067,5.50980339059329,18.2));
#5839=CARTESIAN_POINT('',(42.2928932188135,8.50000000000002,18.7));
#5840=CARTESIAN_POINT('',(42.6464466094067,8.35355339059328,18.5535533905933));
#5841=CARTESIAN_POINT('Origin',(42.2928932188135,8.50000000000002,18.2));
#5842=CARTESIAN_POINT('',(39.3026966094067,5.50980339059329,18.7));
#5843=CARTESIAN_POINT('',(43.,8.50000000000002,18.2));
#5844=CARTESIAN_POINT('',(39.65625,5.15625000000001,18.2));
#5845=CARTESIAN_POINT('Origin',(43.,9.20710678118656,18.2));
#5846=CARTESIAN_POINT('Origin',(48.5,14.,18.7));
#5847=CARTESIAN_POINT('',(49.5,15.,-17.67899461672));
#5848=CARTESIAN_POINT('',(49.5,15.,18.7));
#5849=CARTESIAN_POINT('',(48.6464466094067,14.1464466094067,-17.2));
#5850=CARTESIAN_POINT('Origin',(48.6464466094067,14.1464466094067,-18.2));
#5851=CARTESIAN_POINT('',(43.,8.50000000000001,-17.2));
#5852=CARTESIAN_POINT('',(39.65625,5.15625000000001,-17.2));
#5853=CARTESIAN_POINT('',(47.5,13.,-12.7));
#5854=CARTESIAN_POINT('',(49.1708333333333,14.6708333333333,-11.0291666666667));
#5855=CARTESIAN_POINT('',(47.5,13.,13.7));
#5856=CARTESIAN_POINT('',(47.5,13.,18.7));
#5857=CARTESIAN_POINT('',(43.1041666666667,8.60416666666668,18.0958333333333));
#5858=CARTESIAN_POINT('Origin',(39.3026966094067,-5.50980339059326,18.2));
#5859=CARTESIAN_POINT('',(42.6464466094067,-8.35355339059325,18.5535533905933));
#5860=CARTESIAN_POINT('',(43.,-8.49999999999999,18.2));
#5861=CARTESIAN_POINT('Origin',(43.,-9.20710678118653,18.2));
#5862=CARTESIAN_POINT('',(48.6464466094067,-14.1464466094067,18.2));
#5863=CARTESIAN_POINT('',(39.65625,-5.15624999999999,18.2));
#5864=CARTESIAN_POINT('',(48.2928932188134,-14.5,18.7));
#5865=CARTESIAN_POINT('Origin',(48.2928932188135,-14.5,18.2));
#5866=CARTESIAN_POINT('',(42.2928932188135,-8.49999999999999,18.7));
#5867=CARTESIAN_POINT('',(39.3026966094067,-5.50980339059326,18.7));
#5868=CARTESIAN_POINT('Origin',(42.2928932188135,-8.49999999999999,18.2));
#5869=CARTESIAN_POINT('Ctrl Pts',(48.2928932188134,-14.5,18.7));
#5870=CARTESIAN_POINT('Ctrl Pts',(48.5172926940699,-14.6121997376282,18.7));
#5871=CARTESIAN_POINT('Ctrl Pts',(49.0417718182691,-14.8744392997278,18.7913953680883));
#5872=CARTESIAN_POINT('Ctrl Pts',(49.2928932188134,-15.,19.0504003498291));
#5873=CARTESIAN_POINT('Ctrl Pts',(49.2928932188134,-15.,19.2));
#5874=CARTESIAN_POINT('Ctrl Pts',(48.3854532800251,-14.4074399387884,18.7));
#5875=CARTESIAN_POINT('Ctrl Pts',(48.6004109619233,-14.5288454645869,18.6787601698606));
#5876=CARTESIAN_POINT('Ctrl Pts',(49.1110341060173,-14.8388559730513,18.7394358513574));
#5877=CARTESIAN_POINT('Ctrl Pts',(49.3583430657632,-15.,19.0308349290189));
#5878=CARTESIAN_POINT('Ctrl Pts',(49.3583430657632,-15.,19.2));
#5879=CARTESIAN_POINT('Ctrl Pts',(48.5697522170937,-14.2231410017197,18.591537750233));
#5880=CARTESIAN_POINT('Ctrl Pts',(48.766675704457,-14.387248594604,18.5526808355149));
#5881=CARTESIAN_POINT('Ctrl Pts',(49.249813663451,-14.8087790605257,18.6120124450418));
#5882=CARTESIAN_POINT('Ctrl Pts',(49.4892104875292,-15.0260481873384,18.9838624244007));
#5883=CARTESIAN_POINT('Ctrl Pts',(49.4892104875292,-15.0260481873384,19.2));
#5884=CARTESIAN_POINT('Ctrl Pts',(48.6464466094067,-14.1464466094067,18.3308996938996));
#5885=CARTESIAN_POINT('Ctrl Pts',(48.8558272567403,-14.3564369272585,18.3175469816792));
#5886=CARTESIAN_POINT('Ctrl Pts',(49.3563602833184,-14.856897898537,18.4590365435176));
#5887=CARTESIAN_POINT('Ctrl Pts',(49.6001665788009,-15.1001665788009,18.9284973800222));
#5888=CARTESIAN_POINT('Ctrl Pts',(49.6001665788009,-15.1001665788009,19.2));
#5889=CARTESIAN_POINT('Ctrl Pts',(48.6464466094067,-14.1464466094067,18.2));
#5890=CARTESIAN_POINT('Ctrl Pts',(48.8708460846631,-14.3708460846631,18.2));
#5891=CARTESIAN_POINT('Ctrl Pts',(49.3953252088623,-14.8953252088624,18.3827907361767));
#5892=CARTESIAN_POINT('Ctrl Pts',(49.6464466094067,-15.1464466094067,18.9008006996581));
#5893=CARTESIAN_POINT('Ctrl Pts',(49.6464466094067,-15.1464466094067,19.2));
#5894=CARTESIAN_POINT('',(49.5,-15.,18.67899461672));
#5895=CARTESIAN_POINT('',(49.2928932188134,-15.,19.2));
#5896=CARTESIAN_POINT('Ctrl Pts',(49.5,-15.,18.67899461672));
#5897=CARTESIAN_POINT('Ctrl Pts',(49.5,-15.,18.7180442542095));
#5898=CARTESIAN_POINT('Ctrl Pts',(49.4972376000682,-14.9999999999992,18.757069221298));
#5899=CARTESIAN_POINT('Ctrl Pts',(49.4821431259466,-14.9999999999992,18.860590134593));
#5900=CARTESIAN_POINT('Ctrl Pts',(49.4646202198187,-15.,18.9241223128753));
#5901=CARTESIAN_POINT('Ctrl Pts',(49.4020468621857,-15.,19.0697410148586));
#5902=CARTESIAN_POINT('Ctrl Pts',(49.3528305581446,-15.,19.1396341846276));
#5903=CARTESIAN_POINT('Ctrl Pts',(49.2940958245891,-15.,19.1987952208971));
#5904=CARTESIAN_POINT('Ctrl Pts',(49.2934950672168,-15.,19.1993981515966));
#5905=CARTESIAN_POINT('Ctrl Pts',(49.2928932188134,-15.,19.2));
#5906=CARTESIAN_POINT('Origin',(48.2928932188134,-14.5,19.2));
#5907=CARTESIAN_POINT('Origin',(48.6464466094067,-14.1464466094067,19.2));
#5908=CARTESIAN_POINT('Origin',(48.5,-14.,18.7));
#5909=CARTESIAN_POINT('',(47.5,-13.,13.7));
#5910=CARTESIAN_POINT('',(44.8958333333333,-10.3958333333333,16.3041666666667));
#5911=CARTESIAN_POINT('',(47.5,-13.,-12.7));
#5912=CARTESIAN_POINT('',(47.5,-13.,18.7));
#5913=CARTESIAN_POINT('',(43.,-8.49999999999998,-17.2));
#5914=CARTESIAN_POINT('',(50.9625,-16.4625,-9.23750000000001));
#5915=CARTESIAN_POINT('',(48.6464466094067,-14.1464466094067,-17.2));
#5916=CARTESIAN_POINT('',(39.65625,-5.15624999999999,-17.2));
#5917=CARTESIAN_POINT('',(49.5,-15.,-17.67899461672));
#5918=CARTESIAN_POINT('Origin',(48.6464466094067,-14.1464466094067,-18.2));
#5919=CARTESIAN_POINT('',(49.5,-15.,18.7));
#5920=CARTESIAN_POINT('Ctrl Pts',(49.2928932188134,-15.,-18.2));
#5921=CARTESIAN_POINT('Ctrl Pts',(49.2928932188134,-15.,-18.0878002623718));
#5922=CARTESIAN_POINT('Ctrl Pts',(49.1101050123876,-14.9086058967871,-17.8255596460854));
#5923=CARTESIAN_POINT('Ctrl Pts',(48.5920925191553,-14.6495996501709,-17.7));
#5924=CARTESIAN_POINT('Ctrl Pts',(48.2928932188134,-14.5,-17.7));
#5925=CARTESIAN_POINT('Ctrl Pts',(49.3583430657632,-15.,-18.2));
#5926=CARTESIAN_POINT('Ctrl Pts',(49.3583430657632,-15.,-18.0731261967642));
#5927=CARTESIAN_POINT('Ctrl Pts',(49.1786477959903,-14.8832847918684,-17.7760114212047));
#5928=CARTESIAN_POINT('Ctrl Pts',(48.672063522556,-14.5693139731864,-17.6716802264808));
#5929=CARTESIAN_POINT('Ctrl Pts',(48.3854532800251,-14.4074399387884,-17.7));
#5930=CARTESIAN_POINT('Ctrl Pts',(49.4892105215585,-15.0260481051844,-18.2));
#5931=CARTESIAN_POINT('Ctrl Pts',(49.4892105215585,-15.0260481051844,-18.0378968183006));
#5932=CARTESIAN_POINT('Ctrl Pts',(49.3157538803301,-14.8690897020538,-17.6582111110936));
#5933=CARTESIAN_POINT('Ctrl Pts',(48.8323175245782,-14.4419504678986,-17.5397294606901));
#5934=CARTESIAN_POINT('Ctrl Pts',(48.5697528747605,-14.223140344053,-17.5915386803142));
#5935=CARTESIAN_POINT('Ctrl Pts',(49.6001665788009,-15.1001665788009,-18.2));
#5936=CARTESIAN_POINT('Ctrl Pts',(49.6001665788009,-15.1001665788009,-17.9963730350167));
#5937=CARTESIAN_POINT('Ctrl Pts',(49.4231491834475,-14.9233510097534,-17.5201032536026));
#5938=CARTESIAN_POINT('Ctrl Pts',(48.9256208058515,-14.4264336998757,-17.3130960776058));
#5939=CARTESIAN_POINT('Ctrl Pts',(48.6464466094067,-14.1464466094067,-17.3308996938996));
#5940=CARTESIAN_POINT('Ctrl Pts',(49.6464466094067,-15.1464466094067,-18.2));
#5941=CARTESIAN_POINT('Ctrl Pts',(49.6464466094067,-15.1464466094067,-17.9756005247436));
#5942=CARTESIAN_POINT('Ctrl Pts',(49.4636584029809,-14.9636584029809,-17.4511192921708));
#5943=CARTESIAN_POINT('Ctrl Pts',(48.9456459097486,-14.4456459097486,-17.2));
#5944=CARTESIAN_POINT('Ctrl Pts',(48.6464466094067,-14.1464466094067,-17.2));
#5945=CARTESIAN_POINT('',(48.2928932188134,-14.5,-17.7));
#5946=CARTESIAN_POINT('Origin',(48.2928932188134,-14.5,-17.2));
#5947=CARTESIAN_POINT('',(49.2928932188134,-15.,-18.2));
#5948=CARTESIAN_POINT('Origin',(48.2928932188134,-14.5,-18.2));
#5949=CARTESIAN_POINT('Ctrl Pts',(49.2928932188134,-15.,-18.2));
#5950=CARTESIAN_POINT('Ctrl Pts',(49.2934950671323,-15.,-18.1993981516811));
#5951=CARTESIAN_POINT('Ctrl Pts',(49.2940958246732,-15.,-18.1987952208116));
#5952=CARTESIAN_POINT('Ctrl Pts',(49.336174788569,-15.,-18.1564108434988));
#5953=CARTESIAN_POINT('Ctrl Pts',(49.3714287305364,-15.,-18.110437073908));
#5954=CARTESIAN_POINT('Ctrl Pts',(49.431649583843,-15.,-18.0067252950304));
#5955=CARTESIAN_POINT('Ctrl Pts',(49.4552134490931,-15.,-17.9498374769114));
#5956=CARTESIAN_POINT('Ctrl Pts',(49.4907333981542,-15.,-17.8218667030541));
#5957=CARTESIAN_POINT('Ctrl Pts',(49.5,-15.,-17.7505156830493));
#5958=CARTESIAN_POINT('Ctrl Pts',(49.5,-15.,-17.67899461672));
#5959=CARTESIAN_POINT('Origin',(39.3026966094067,-5.50980339059326,-17.2));
#5960=CARTESIAN_POINT('',(42.2928932188135,-8.49999999999999,-17.7));
#5961=CARTESIAN_POINT('',(42.6464466094067,-8.35355339059326,-17.5535533905933));
#5962=CARTESIAN_POINT('Origin',(42.2928932188135,-8.49999999999999,-17.2));
#5963=CARTESIAN_POINT('',(39.3026966094067,-5.50980339059326,-17.7));
#5964=CARTESIAN_POINT('Origin',(43.,-9.20710678118653,-17.2));
#5965=CARTESIAN_POINT('Origin',(39.3026966094067,5.50980339059328,-17.2));
#5966=CARTESIAN_POINT('',(42.6464466094067,8.35355339059329,-17.5535533905933));
#5967=CARTESIAN_POINT('Origin',(43.,9.20710678118656,-17.2));
#5968=CARTESIAN_POINT('',(48.2928932188135,14.5,-17.7));
#5969=CARTESIAN_POINT('Origin',(48.2928932188135,14.5,-17.2));
#5970=CARTESIAN_POINT('',(42.2928932188135,8.50000000000002,-17.7));
#5971=CARTESIAN_POINT('',(39.3026966094067,5.50980339059328,-17.7));
#5972=CARTESIAN_POINT('Origin',(42.2928932188135,8.50000000000002,-17.2));
#5973=CARTESIAN_POINT('Ctrl Pts',(48.2928932188134,14.5,-17.7));
#5974=CARTESIAN_POINT('Ctrl Pts',(48.5172926940699,14.6121997376282,-17.7));
#5975=CARTESIAN_POINT('Ctrl Pts',(49.0417739266426,14.8744403539146,-17.7913941032129));
#5976=CARTESIAN_POINT('Ctrl Pts',(49.2928932188135,15.,-18.0504003498291));
#5977=CARTESIAN_POINT('Ctrl Pts',(49.2928932188135,15.,-18.2));
#5978=CARTESIAN_POINT('Ctrl Pts',(48.3854532800251,14.4074399387884,-17.7));
#5979=CARTESIAN_POINT('Ctrl Pts',(48.6004109619233,14.5288454645869,-17.6787601698606));
#5980=CARTESIAN_POINT('Ctrl Pts',(49.1110367050202,14.8388576738062,-17.739435744634));
#5981=CARTESIAN_POINT('Ctrl Pts',(49.3583430657632,15.,-18.0308349290189));
#5982=CARTESIAN_POINT('Ctrl Pts',(49.3583430657632,15.,-18.2));
#5983=CARTESIAN_POINT('Ctrl Pts',(48.5697528747605,14.223140344053,-17.5915386803142));
#5984=CARTESIAN_POINT('Ctrl Pts',(48.7666763621237,14.3872479369372,-17.5526817655962));
#5985=CARTESIAN_POINT('Ctrl Pts',(49.2498157399704,14.8087813165893,-17.6120085785248));
#5986=CARTESIAN_POINT('Ctrl Pts',(49.4892105215585,15.0260481051844,-17.9838624244007));
#5987=CARTESIAN_POINT('Ctrl Pts',(49.4892105215585,15.0260481051844,-18.2));
#5988=CARTESIAN_POINT('Ctrl Pts',(48.6464466094067,14.1464466094067,-17.3308996938996));
#5989=CARTESIAN_POINT('Ctrl Pts',(48.8558272567403,14.3564369272585,-17.3175469816793));
#5990=CARTESIAN_POINT('Ctrl Pts',(49.3563639943914,14.8568986930664,-17.4590343167888));
#5991=CARTESIAN_POINT('Ctrl Pts',(49.6001665788009,15.1001665788009,-17.9284973800222));
#5992=CARTESIAN_POINT('Ctrl Pts',(49.6001665788009,15.1001665788009,-18.2));
#5993=CARTESIAN_POINT('Ctrl Pts',(48.6464466094067,14.1464466094067,-17.2));
#5994=CARTESIAN_POINT('Ctrl Pts',(48.8708460846631,14.3708460846631,-17.2));
#5995=CARTESIAN_POINT('Ctrl Pts',(49.3953273172359,14.8953273172359,-17.3827882064258));
#5996=CARTESIAN_POINT('Ctrl Pts',(49.6464466094067,15.1464466094067,-17.9008006996581));
#5997=CARTESIAN_POINT('Ctrl Pts',(49.6464466094067,15.1464466094067,-18.2));
#5998=CARTESIAN_POINT('',(49.2928932188135,15.,-18.2));
#5999=CARTESIAN_POINT('Ctrl Pts',(49.5,15.,-17.67899461672));
#6000=CARTESIAN_POINT('Ctrl Pts',(49.5,15.,-17.7180442542097));
#6001=CARTESIAN_POINT('Ctrl Pts',(49.4972376000682,14.9999999999992,-17.7570692212981));
#6002=CARTESIAN_POINT('Ctrl Pts',(49.4821431259466,14.9999999999992,-17.8605901345929));
#6003=CARTESIAN_POINT('Ctrl Pts',(49.4646202198187,15.,-17.9241223128753));
#6004=CARTESIAN_POINT('Ctrl Pts',(49.4020468472327,15.,-18.0697410496568));
#6005=CARTESIAN_POINT('Ctrl Pts',(49.3528305274688,15.,-18.1396342155453));
#6006=CARTESIAN_POINT('Ctrl Pts',(49.2940958246739,15.,-18.1987952208109));
#6007=CARTESIAN_POINT('Ctrl Pts',(49.2934950671317,15.,-18.1993981516817));
#6008=CARTESIAN_POINT('Ctrl Pts',(49.2928932188135,15.,-18.2));
#6009=CARTESIAN_POINT('Origin',(48.2928932188134,14.5,-18.2));
#6010=CARTESIAN_POINT('Ctrl Pts',(14.8537241903946,-1.21757235331258,25.0269873664808));
#6011=CARTESIAN_POINT('Ctrl Pts',(14.6713426755378,-1.57013931348651,25.0032249938881));
#6012=CARTESIAN_POINT('Ctrl Pts',(14.1459770195736,-2.19016448044294,24.9352232999132));
#6013=CARTESIAN_POINT('Ctrl Pts',(13.0365133660386,-2.68714060330556,24.7987677201137));
#6014=CARTESIAN_POINT('Ctrl Pts',(11.8214395166944,-2.65435463432382,24.6612033528254));
#6015=CARTESIAN_POINT('Ctrl Pts',(10.7373163786698,-2.09906930365536,24.5502461750541));
#6016=CARTESIAN_POINT('Ctrl Pts',(9.99987624884781,-1.12404295140123,24.4816401127504));
#6017=CARTESIAN_POINT('Ctrl Pts',(9.78711931184761,-0.0582394416659586,
24.4627960469245));
#6018=CARTESIAN_POINT('Ctrl Pts',(9.99904275966143,1.13048385683377,24.4815589464452));
#6019=CARTESIAN_POINT('Ctrl Pts',(10.7301321714193,2.13801213730071,24.5484976338528));
#6020=CARTESIAN_POINT('Ctrl Pts',(11.9682623729249,2.68728953058389,24.6765612755687));
#6021=CARTESIAN_POINT('Ctrl Pts',(13.1823347713007,2.65400924700657,24.8156288170006));
#6022=CARTESIAN_POINT('Ctrl Pts',(14.2636156770979,2.0969323410302,24.9497388954769));
#6023=CARTESIAN_POINT('Ctrl Pts',(14.9999592745401,1.12460979085923,25.0456965196711));
#6024=CARTESIAN_POINT('Ctrl Pts',(15.2397154069062,-0.0754635393421208,
25.0776766932019));
#6025=CARTESIAN_POINT('Ctrl Pts',(15.0361057052514,-0.86500539313866,25.0507497390735));
#6026=CARTESIAN_POINT('Ctrl Pts',(14.8537241903946,-1.21757235331258,25.0269873664808));
#6027=CARTESIAN_POINT('Ctrl Pts',(14.8529789926664,-1.21901291650779,25.0551032380496));
#6028=CARTESIAN_POINT('Ctrl Pts',(14.6701773728202,-1.5718473840267,25.0315027609261));
#6029=CARTESIAN_POINT('Ctrl Pts',(14.1436375809104,-2.19202290318209,24.9639582374296));
#6030=CARTESIAN_POINT('Ctrl Pts',(13.0329700845465,-2.6877185400719,24.8284756731759));
#6031=CARTESIAN_POINT('Ctrl Pts',(11.8182534855528,-2.6533024152905,24.6919126326175));
#6032=CARTESIAN_POINT('Ctrl Pts',(10.7356808901945,-2.09721025097324,24.5817355518092));
#6033=CARTESIAN_POINT('Ctrl Pts',(9.99969943755916,-1.12278342950813,24.5135593466202));
#6034=CARTESIAN_POINT('Ctrl Pts',(9.78744788199109,-0.0581866134955062,
24.4948303171419));
#6035=CARTESIAN_POINT('Ctrl Pts',(9.99888581047232,1.12919328394837,24.5134779443849));
#6036=CARTESIAN_POINT('Ctrl Pts',(10.7284565259703,2.13605761274542,24.5800017616939));
#6037=CARTESIAN_POINT('Ctrl Pts',(11.9649471576793,2.68638935862014,24.7071592991711));
#6038=CARTESIAN_POINT('Ctrl Pts',(13.1788389808518,2.65477503909432,24.8452091944536));
#6039=CARTESIAN_POINT('Ctrl Pts',(14.2614314945226,2.09883086876208,24.9783642998764));
#6040=CARTESIAN_POINT('Ctrl Pts',(14.999458320475,1.12607512194323,25.073672148274));
#6041=CARTESIAN_POINT('Ctrl Pts',(15.2399331664616,-0.0756049572778942,
25.105450022409));
#6042=CARTESIAN_POINT('Ctrl Pts',(15.0357806125125,-0.86617844898888,25.0787037151732));
#6043=CARTESIAN_POINT('Ctrl Pts',(14.8529789926664,-1.21901291650779,25.0551032380496));
#6044=CARTESIAN_POINT('Ctrl Pts',(14.8713125406112,-1.23166540126354,25.1038906375372));
#6045=CARTESIAN_POINT('Ctrl Pts',(14.6865035139759,-1.58815138654232,25.0805506258481));
#6046=CARTESIAN_POINT('Ctrl Pts',(14.154312821038,-2.21450956377562,25.0137768032948));
#6047=CARTESIAN_POINT('Ctrl Pts',(13.032325152237,-2.71452160053907,24.8799005323591));
#6048=CARTESIAN_POINT('Ctrl Pts',(11.8061108403234,-2.67884480223404,24.7449806889752));
#6049=CARTESIAN_POINT('Ctrl Pts',(10.7139425093946,-2.11689918868844,24.6360547502433));
#6050=CARTESIAN_POINT('Ctrl Pts',(9.9717964228517,-1.13313131954681,24.5685914172135));
#6051=CARTESIAN_POINT('Ctrl Pts',(9.75774035041101,-0.0587034228168193,
24.5500374186729));
#6052=CARTESIAN_POINT('Ctrl Pts',(9.97098054170096,1.13966719704715,24.5685082712807));
#6053=CARTESIAN_POINT('Ctrl Pts',(10.7066322840388,2.15610749179353,24.6343482972027));
#6054=CARTESIAN_POINT('Ctrl Pts',(11.9541487098028,2.71239433446067,24.7600473492738));
#6055=CARTESIAN_POINT('Ctrl Pts',(13.1796731980022,2.68138687650131,24.8964396637969));
#6056=CARTESIAN_POINT('Ctrl Pts',(14.2734188994025,2.12047166321913,25.028028218657));
#6057=CARTESIAN_POINT('Ctrl Pts',(15.0194737757677,1.13794841430295,25.122267620322));
#6058=CARTESIAN_POINT('Ctrl Pts',(15.2625744090888,-0.0763526201032414,
25.1536912242914));
#6059=CARTESIAN_POINT('Ctrl Pts',(15.0561215672465,-0.87517941598477,25.1272306492263));
#6060=CARTESIAN_POINT('Ctrl Pts',(14.8713125406112,-1.23166540126355,25.1038906375372));
#6061=CARTESIAN_POINT('Ctrl Pts',(14.913097152147,-1.2546159612243,25.1244541156744));
#6062=CARTESIAN_POINT('Ctrl Pts',(14.725152425907,-1.61787364651086,25.1008834231875));
#6063=CARTESIAN_POINT('Ctrl Pts',(14.1838178895738,-2.25655437503186,25.0334295792121));
#6064=CARTESIAN_POINT('Ctrl Pts',(13.0412139121159,-2.76795854954472,24.898120482569));
#6065=CARTESIAN_POINT('Ctrl Pts',(11.7906475701788,-2.73350357057955,24.7617224721742));
#6066=CARTESIAN_POINT('Ctrl Pts',(10.6754523869401,-2.16123517272713,24.6516652390722));
#6067=CARTESIAN_POINT('Ctrl Pts',(9.91712711842643,-1.15719482852156,24.5835622382475));
#6068=CARTESIAN_POINT('Ctrl Pts',(9.69836205398224,-0.0599486044048066,
24.5648499841572));
#6069=CARTESIAN_POINT('Ctrl Pts',(9.91627832421026,1.16385230820419,24.5834805389482));
#6070=CARTESIAN_POINT('Ctrl Pts',(10.6680415080489,2.20132828779814,24.6499343519994));
#6071=CARTESIAN_POINT('Ctrl Pts',(11.9417206275618,2.76752151019635,24.776951629309));
#6072=CARTESIAN_POINT('Ctrl Pts',(13.191358130215,2.73393502320556,24.9148354031672));
#6073=CARTESIAN_POINT('Ctrl Pts',(14.3050188924375,2.1605731934613,25.0478210220755));
#6074=CARTESIAN_POINT('Ctrl Pts',(15.0637919252248,1.1589278630744,25.1430050016945));
#6075=CARTESIAN_POINT('Ctrl Pts',(15.3109043308745,-0.0777527681935416,
25.17473802171));
#6076=CARTESIAN_POINT('Ctrl Pts',(15.101041878387,-0.891358275937748,25.1480248081613));
#6077=CARTESIAN_POINT('Ctrl Pts',(14.913097152147,-1.2546159612243,25.1244541156744));
#6078=CARTESIAN_POINT('Ctrl Pts',(14.9317263545701,-1.26437894831175,25.126396816561));
#6079=CARTESIAN_POINT('Ctrl Pts',(14.7424514253283,-1.63051226982086,25.1026309694662));
#6080=CARTESIAN_POINT('Ctrl Pts',(14.1972308698369,-2.27442561972703,25.0346195997921));
#6081=CARTESIAN_POINT('Ctrl Pts',(13.0458652765633,-2.79064595118116,24.8981503901672));
#6082=CARTESIAN_POINT('Ctrl Pts',(11.7849418946596,-2.75669303548485,24.7605846685478));
#6083=CARTESIAN_POINT('Ctrl Pts',(10.6599463738049,-2.18003196954952,24.649640610767));
#6084=CARTESIAN_POINT('Ctrl Pts',(9.89472232739046,-1.16739708351026,24.5810512515371));
#6085=CARTESIAN_POINT('Ctrl Pts',(9.67395234186877,-0.0604784032901485,
24.5622129931006));
#6086=CARTESIAN_POINT('Ctrl Pts',(9.89385959038757,1.1741011228738,24.5809703410667));
#6087=CARTESIAN_POINT('Ctrl Pts',(10.652492649727,2.22049690186003,24.6478914378035));
#6088=CARTESIAN_POINT('Ctrl Pts',(11.9373061159937,2.79090770076545,24.7759418064349));
#6089=CARTESIAN_POINT('Ctrl Pts',(13.197195186998,2.75624436268058,24.9150126257213));
#6090=CARTESIAN_POINT('Ctrl Pts',(14.3193164359732,2.17761621049562,25.0491370405618));
#6091=CARTESIAN_POINT('Ctrl Pts',(15.083489067386,1.16784709499749,25.145108621649));
#6092=CARTESIAN_POINT('Ctrl Pts',(15.3323086872719,-0.0783525657822202,
25.1770938250092));
#6093=CARTESIAN_POINT('Ctrl Pts',(15.121001283812,-0.898245626802648,25.1501626636558));
#6094=CARTESIAN_POINT('Ctrl Pts',(14.9317263545701,-1.26437894831175,25.126396816561));
#6095=CARTESIAN_POINT('',(14.8537241903946,-1.21757235331258,25.0269873664808));
#6096=CARTESIAN_POINT('Origin',(14.9425439711642,-1.26351847985268,25.0269873664808));
#6097=CARTESIAN_POINT('',(15.1498437002799,8.31822423662254E-5,25.0657370812084));
#6098=CARTESIAN_POINT('Ctrl Pts',(14.8537241903946,-1.21757235331258,25.0269873664808));
#6099=CARTESIAN_POINT('Ctrl Pts',(14.6713426755378,-1.57013931348651,25.0032249938881));
#6100=CARTESIAN_POINT('Ctrl Pts',(14.1459770195736,-2.19016448044294,24.9352232999132));
#6101=CARTESIAN_POINT('Ctrl Pts',(13.0365133660386,-2.68714060330556,24.7987677201137));
#6102=CARTESIAN_POINT('Ctrl Pts',(11.8214395166944,-2.65435463432382,24.6612033528254));
#6103=CARTESIAN_POINT('Ctrl Pts',(10.7373163786698,-2.09906930365536,24.5502461750541));
#6104=CARTESIAN_POINT('Ctrl Pts',(9.99987624884781,-1.12404295140123,24.4816401127504));
#6105=CARTESIAN_POINT('Ctrl Pts',(9.78711931184761,-0.0582394416659586,
24.4627960469245));
#6106=CARTESIAN_POINT('Ctrl Pts',(9.99904275966143,1.13048385683377,24.4815589464452));
#6107=CARTESIAN_POINT('Ctrl Pts',(10.7301321714193,2.13801213730071,24.5484976338528));
#6108=CARTESIAN_POINT('Ctrl Pts',(11.9682623729249,2.68728953058389,24.6765612755687));
#6109=CARTESIAN_POINT('Ctrl Pts',(13.1823347713007,2.65400924700657,24.8156288170006));
#6110=CARTESIAN_POINT('Ctrl Pts',(14.2636156770979,2.0969323410302,24.9497388954769));
#6111=CARTESIAN_POINT('Ctrl Pts',(14.9849507196674,1.14442819683022,25.0437406592912));
#6112=CARTESIAN_POINT('Ctrl Pts',(15.1497135574289,0.373340068106632,25.0656730918876));
#6113=CARTESIAN_POINT('Ctrl Pts',(15.1498437002799,8.31822423664075E-5,
25.0657370812084));
#6114=CARTESIAN_POINT('Ctrl Pts',(15.1498437002799,8.31822423664075E-5,
25.0657370812084));
#6115=CARTESIAN_POINT('Ctrl Pts',(15.1498521765078,-0.0242271076566983,
25.0657412488446));
#6116=CARTESIAN_POINT('Ctrl Pts',(15.1441356812592,-0.44609516032764,25.0650364758292));
#6117=CARTESIAN_POINT('Ctrl Pts',(15.0361057052514,-0.86500539313866,25.0507497390735));
#6118=CARTESIAN_POINT('Ctrl Pts',(14.8537241903946,-1.21757235331258,25.0269873664808));
#6119=CARTESIAN_POINT('Origin',(12.5,-3.21508079986924E-16,18.7));
#6120=CARTESIAN_POINT('',(15.15,3.02332178712471E-18,19.2));
#6121=CARTESIAN_POINT('',(15.15,3.02332178712471E-18,18.7));
#6122=CARTESIAN_POINT('Origin',(12.5,-3.21508079986924E-16,19.2));
#6123=CARTESIAN_POINT('Ctrl Pts',(20.0086151190773,-5.95706883998188,25.4839545138066));
#6124=CARTESIAN_POINT('Ctrl Pts',(19.8578569689153,-6.34003515479142,25.4504921260775));
#6125=CARTESIAN_POINT('Ctrl Pts',(19.3807812246645,-7.03042229500635,25.3618124835614));
#6126=CARTESIAN_POINT('Ctrl Pts',(17.934038948958,-7.88228952049959,25.1287694547865));
#6127=CARTESIAN_POINT('Ctrl Pts',(15.6917556164797,-7.56169033157945,24.8767046967717));
#6128=CARTESIAN_POINT('Ctrl Pts',(14.690438844351,-5.849419811293,24.8686411214879));
#6129=CARTESIAN_POINT('Ctrl Pts',(14.6947380520025,-4.1936434575651,24.935126806784));
#6130=CARTESIAN_POINT('Ctrl Pts',(15.4567719034472,-2.59802933138137,25.0636109958907));
#6131=CARTESIAN_POINT('Ctrl Pts',(17.4760853968022,-1.97613181330123,25.2960882768521));
#6132=CARTESIAN_POINT('Ctrl Pts',(19.0457738786987,-2.5988026528985,25.466479022995));
#6133=CARTESIAN_POINT('Ctrl Pts',(19.9111825255705,-3.52191123462334,25.5482893217342));
#6134=CARTESIAN_POINT('Ctrl Pts',(20.2860125379052,-4.73823613117692,25.5613600538734));
#6135=CARTESIAN_POINT('Ctrl Pts',(20.1593732692393,-5.57410252517236,25.5174169015357));
#6136=CARTESIAN_POINT('Ctrl Pts',(20.0086151190773,-5.95706883998188,25.4839545138066));
#6137=CARTESIAN_POINT('Ctrl Pts',(20.0082112863689,-5.95809468385156,25.498007441834));
#6138=CARTESIAN_POINT('Ctrl Pts',(19.8572066121207,-6.34123558595792,25.4646439414657));
#6139=CARTESIAN_POINT('Ctrl Pts',(19.3794997663664,-7.03179346935781,25.3762361859856));
#6140=CARTESIAN_POINT('Ctrl Pts',(17.9316246830243,-7.88260887356346,25.1440727792908));
#6141=CARTESIAN_POINT('Ctrl Pts',(15.6910537009205,-7.56047497012352,24.893028641962));
#6142=CARTESIAN_POINT('Ctrl Pts',(14.6907184182938,-5.84964407612016,24.8847928814341));
#6143=CARTESIAN_POINT('Ctrl Pts',(14.6945789094124,-4.19463625343311,24.9510105039513));
#6144=CARTESIAN_POINT('Ctrl Pts',(15.4555293950717,-2.5993614939591,25.0790728208547));
#6145=CARTESIAN_POINT('Ctrl Pts',(17.4741953944192,-1.97603804458507,25.3108209039528));
#6146=CARTESIAN_POINT('Ctrl Pts',(19.0447958303251,-2.59803320639004,25.4806625725936));
#6147=CARTESIAN_POINT('Ctrl Pts',(19.9109939479081,-3.52136612187713,25.5622027107985));
#6148=CARTESIAN_POINT('Ctrl Pts',(20.2861676305158,-4.73851918896592,25.5752010242227));
#6149=CARTESIAN_POINT('Ctrl Pts',(20.159215960617,-5.5749537817452,25.5313709422023));
#6150=CARTESIAN_POINT('Ctrl Pts',(20.0082112863689,-5.95809468385156,25.498007441834));
#6151=CARTESIAN_POINT('Ctrl Pts',(20.0130489672117,-5.96236520459559,25.5260716833889));
#6152=CARTESIAN_POINT('Ctrl Pts',(19.8613147727007,-6.34674153802063,25.4929047946985));
#6153=CARTESIAN_POINT('Ctrl Pts',(19.3815224047417,-7.03933906650195,25.4050360440801));
#6154=CARTESIAN_POINT('Ctrl Pts',(17.9283527700201,-7.89100428740043,25.1746190334466));
#6155=CARTESIAN_POINT('Ctrl Pts',(15.684563730544,-7.5659281436217,24.925599866383));
#6156=CARTESIAN_POINT('Ctrl Pts',(14.6831979873892,-5.85265004493668,24.9170223888536));
#6157=CARTESIAN_POINT('Ctrl Pts',(14.6864744738495,-4.19444368617809,24.9827076471443));
#6158=CARTESIAN_POINT('Ctrl Pts',(15.4478195336677,-2.59552232918542,25.1099326677191));
#6159=CARTESIAN_POINT('Ctrl Pts',(17.4706564788048,-1.96858818486522,25.3402342328557));
#6160=CARTESIAN_POINT('Ctrl Pts',(19.0464748362871,-2.59123097781644,25.508985356949));
#6161=CARTESIAN_POINT('Ctrl Pts',(19.9159290657965,-3.51722395111137,25.5899888379261));
#6162=CARTESIAN_POINT('Ctrl Pts',(20.2925008303345,-4.73862275991575,25.6028437332596));
#6163=CARTESIAN_POINT('Ctrl Pts',(20.1647831617227,-5.57798887117054,25.5592385720793));
#6164=CARTESIAN_POINT('Ctrl Pts',(20.0130489672117,-5.96236520459558,25.5260716833889));
#6165=CARTESIAN_POINT('Ctrl Pts',(20.039682471097,-5.97627048844995,25.5666448569348));
#6166=CARTESIAN_POINT('Ctrl Pts',(19.8860471803849,-6.36548259544291,25.5336202000273));
#6167=CARTESIAN_POINT('Ctrl Pts',(19.4002938082249,-7.0668362770084,25.4461495159223));
#6168=CARTESIAN_POINT('Ctrl Pts',(17.929114781861,-7.92955706577737,25.2169891621451));
#6169=CARTESIAN_POINT('Ctrl Pts',(15.6581506450088,-7.60057053254125,24.9694128642716));
#6170=CARTESIAN_POINT('Ctrl Pts',(14.6449733453913,-5.86561871426821,24.9606355251397));
#6171=CARTESIAN_POINT('Ctrl Pts',(14.6483710325994,-4.18665653633521,25.0259625775097));
#6172=CARTESIAN_POINT('Ctrl Pts',(15.4189613818505,-2.5677430904052,25.1526007424083));
#6173=CARTESIAN_POINT('Ctrl Pts',(17.4664091676367,-1.93286809058188,25.3818428437929));
#6174=CARTESIAN_POINT('Ctrl Pts',(19.0614900291585,-2.56314686142248,25.5497799523197));
#6175=CARTESIAN_POINT('Ctrl Pts',(19.9415540339118,-3.50060428545739,25.6303757015442));
#6176=CARTESIAN_POINT('Ctrl Pts',(20.3226732862295,-4.73718907342716,25.6431134048361));
#6177=CARTESIAN_POINT('Ctrl Pts',(20.1933177618092,-5.587058381457,25.5996695138422));
#6178=CARTESIAN_POINT('Ctrl Pts',(20.039682471097,-5.97627048844995,25.5666448569347));
#6179=CARTESIAN_POINT('Ctrl Pts',(20.0708444216749,-5.98977570478948,25.5813289798196));
#6180=CARTESIAN_POINT('Ctrl Pts',(19.9155228494264,-6.38404057913506,25.5480932650023));
#6181=CARTESIAN_POINT('Ctrl Pts',(19.4242222263135,-7.09476280831271,25.4600336261176));
#6182=CARTESIAN_POINT('Ctrl Pts',(17.9351638351344,-7.97126930693304,25.228985934715));
#6183=CARTESIAN_POINT('Ctrl Pts',(15.6312383594572,-7.64047385081738,24.9792533390527));
#6184=CARTESIAN_POINT('Ctrl Pts',(14.6030941618338,-5.87917341646923,24.9709269401425));
#6185=CARTESIAN_POINT('Ctrl Pts',(14.6073254117908,-4.17597659147165,25.0368532722656));
#6186=CARTESIAN_POINT('Ctrl Pts',(15.3899806740341,-2.53441994768165,25.1644007442641));
#6187=CARTESIAN_POINT('Ctrl Pts',(17.4657506984206,-1.89318985594175,25.3951718918202));
#6188=CARTESIAN_POINT('Ctrl Pts',(19.0806374121062,-2.53304517437448,25.5642362400706));
#6189=CARTESIAN_POINT('Ctrl Pts',(19.9711775602245,-3.48285444278119,25.6453777269577));
#6190=CARTESIAN_POINT('Ctrl Pts',(20.3568014290032,-4.73493568600056,25.6582532301205));
#6191=CARTESIAN_POINT('Ctrl Pts',(20.2261659939234,-5.5955108304439,25.6145646946368));
#6192=CARTESIAN_POINT('Ctrl Pts',(20.0708444216749,-5.98977570478948,25.5813289798196));
#6193=CARTESIAN_POINT('Ctrl Pts',(20.0903832567247,-5.99762832616285,25.5832383680491));
#6194=CARTESIAN_POINT('Ctrl Pts',(19.9340679530999,-6.3949068429792,25.5497521698308));
#6195=CARTESIAN_POINT('Ctrl Pts',(19.4394880097914,-7.11120201967026,25.4610211070992));
#6196=CARTESIAN_POINT('Ctrl Pts',(17.9398239134393,-7.99584203801806,25.2278283266347));
#6197=CARTESIAN_POINT('Ctrl Pts',(15.6161130284967,-7.6638829801004,24.9757572498731));
#6198=CARTESIAN_POINT('Ctrl Pts',(14.5788539091357,-5.88691254603714,24.9679001965986));
#6199=CARTESIAN_POINT('Ctrl Pts',(14.583549174535,-4.16924549629974,25.0344737432994));
#6200=CARTESIAN_POINT('Ctrl Pts',(15.3734417746364,-2.51417054466421,25.163010833041));
#6201=CARTESIAN_POINT('Ctrl Pts',(17.4662005500766,-1.86918335699103,25.3954908801478));
#6202=CARTESIAN_POINT('Ctrl Pts',(19.0929405505089,-2.51481110658331,25.5658757893249));
#6203=CARTESIAN_POINT('Ctrl Pts',(19.9897498904092,-3.47202784815775,25.6476689147128));
#6204=CARTESIAN_POINT('Ctrl Pts',(20.3780785233575,-4.7333847999082,25.6607063165002));
#6205=CARTESIAN_POINT('Ctrl Pts',(20.2466985603496,-5.6003498093465,25.6167245662674));
#6206=CARTESIAN_POINT('Ctrl Pts',(20.0903832567247,-5.99762832616285,25.5832383680491));
#6207=CARTESIAN_POINT('',(20.0086151190773,-5.95706883998188,25.4839545138066));
#6208=CARTESIAN_POINT('Origin',(20.1016648518326,-5.99369870804283,25.4839545138066));
#6209=CARTESIAN_POINT('',(14.6954686062501,-4.9506856081912,24.9049462711495));
#6210=CARTESIAN_POINT('Ctrl Pts',(20.0086151190773,-5.95706883998188,25.4839545138066));
#6211=CARTESIAN_POINT('Ctrl Pts',(19.8578569689153,-6.34003515479142,25.4504921260775));
#6212=CARTESIAN_POINT('Ctrl Pts',(19.3807812246645,-7.03042229500635,25.3618124835614));
#6213=CARTESIAN_POINT('Ctrl Pts',(17.934038948958,-7.88228952049959,25.1287694547865));
#6214=CARTESIAN_POINT('Ctrl Pts',(15.6917556164797,-7.56169033157945,24.8767046967717));
#6215=CARTESIAN_POINT('Ctrl Pts',(14.7286061070592,-5.9146865486476,24.8689484813612));
#6216=CARTESIAN_POINT('Ctrl Pts',(14.6953060404691,-5.02007597892456,24.9021496886492));
#6217=CARTESIAN_POINT('Ctrl Pts',(14.6954686062501,-4.9506856081912,24.9049462711495));
#6218=CARTESIAN_POINT('Ctrl Pts',(14.6954686062501,-4.9506856081912,24.9049462711495));
#6219=CARTESIAN_POINT('Ctrl Pts',(14.6956282859528,-4.88252714523954,24.9076932050933));
#6220=CARTESIAN_POINT('Ctrl Pts',(14.7267738328269,-4.12656409576258,24.9405282614751));
#6221=CARTESIAN_POINT('Ctrl Pts',(15.4567719034472,-2.59802933138137,25.0636109958907));
#6222=CARTESIAN_POINT('Ctrl Pts',(17.4760853968022,-1.97613181330123,25.2960882768521));
#6223=CARTESIAN_POINT('Ctrl Pts',(19.0457738786987,-2.5988026528985,25.466479022995));
#6224=CARTESIAN_POINT('Ctrl Pts',(19.9111825255705,-3.52191123462334,25.5482893217342));
#6225=CARTESIAN_POINT('Ctrl Pts',(20.2860125379052,-4.73823613117692,25.5613600538734));
#6226=CARTESIAN_POINT('Ctrl Pts',(20.1593732692393,-5.57410252517236,25.5174169015357));
#6227=CARTESIAN_POINT('Ctrl Pts',(20.0086151190773,-5.95706883998188,25.4839545138066));
#6228=CARTESIAN_POINT('Origin',(17.4497474683058,-4.94974746830584,23.7));
#6229=CARTESIAN_POINT('',(14.6997474683058,-4.94974746830584,21.7));
#6230=CARTESIAN_POINT('',(14.6997474683058,-4.94974746830584,23.7));
#6231=CARTESIAN_POINT('Origin',(17.4497474683058,-4.94974746830584,21.7));
#6232=CARTESIAN_POINT('Ctrl Pts',(10.1130523637753,3.95247267132914,24.4532282671997));
#6233=CARTESIAN_POINT('Ctrl Pts',(9.96327043988851,3.56756262391834,24.4498080453426));
#6234=CARTESIAN_POINT('Ctrl Pts',(9.48672309742444,2.87014478826877,24.4156853684047));
#6235=CARTESIAN_POINT('Ctrl Pts',(8.02680363315693,2.01308321298326,24.2671430360691));
#6236=CARTESIAN_POINT('Ctrl Pts',(5.78931288824298,2.3442712648208,24.0101494449737));
#6237=CARTESIAN_POINT('Ctrl Pts',(4.40698589300574,4.70225961258243,23.786141877907));
#6238=CARTESIAN_POINT('Ctrl Pts',(5.41205771720036,7.26217027109667,23.6946300033506));
#6239=CARTESIAN_POINT('Ctrl Pts',(7.37088517009895,7.8591747713171,23.850422628882));
#6240=CARTESIAN_POINT('Ctrl Pts',(8.95962097071585,7.42460041867438,24.1030754870184));
#6241=CARTESIAN_POINT('Ctrl Pts',(9.94415865829762,6.5897530606435,24.2991875995685));
#6242=CARTESIAN_POINT('Ctrl Pts',(10.3847826312568,5.17463141914108,24.4360546412971));
#6243=CARTESIAN_POINT('Ctrl Pts',(10.2628342876621,4.33738271873994,24.4566484890567));
#6244=CARTESIAN_POINT('Ctrl Pts',(10.1130523637753,3.95247267132914,24.4532282671997));
#6245=CARTESIAN_POINT('Ctrl Pts',(10.1130121920536,3.9523694379154,24.4670917848196));
#6246=CARTESIAN_POINT('Ctrl Pts',(9.96311004736011,3.56719658827353,24.4636982851381));
#6247=CARTESIAN_POINT('Ctrl Pts',(9.48610252178184,2.8694025882171,24.4297109963311));
#6248=CARTESIAN_POINT('Ctrl Pts',(8.02503850619231,2.01268211904516,24.2816566102084));
#6249=CARTESIAN_POINT('Ctrl Pts',(5.78773678546989,2.34547051440448,24.0254865986015));
#6250=CARTESIAN_POINT('Ctrl Pts',(4.40720368066434,4.70358881769708,23.802067789337));
#6251=CARTESIAN_POINT('Ctrl Pts',(5.41239737804496,7.26158510581397,23.7112167125749));
#6252=CARTESIAN_POINT('Ctrl Pts',(7.36874767973176,7.85877047469385,23.8665888149646));
#6253=CARTESIAN_POINT('Ctrl Pts',(8.95744544351844,7.42584732956389,24.1180558520989));
#6254=CARTESIAN_POINT('Ctrl Pts',(9.94322292079637,6.59146097878776,24.3134470147522));
#6255=CARTESIAN_POINT('Ctrl Pts',(10.3848625293996,5.17547046733459,24.4499179139435));
#6256=CARTESIAN_POINT('Ctrl Pts',(10.262914336747,4.33754228755727,24.4704852845011));
#6257=CARTESIAN_POINT('Ctrl Pts',(10.1130121920536,3.9523694379154,24.4670917848196));
#6258=CARTESIAN_POINT('Ctrl Pts',(10.1183971149113,3.95003657098972,24.4947808411511));
#6259=CARTESIAN_POINT('Ctrl Pts',(9.96795733710101,3.56350509805472,24.491440508634));
#6260=CARTESIAN_POINT('Ctrl Pts',(9.48912803635819,2.86339774464412,24.4577217771713));
#6261=CARTESIAN_POINT('Ctrl Pts',(8.02281380275182,2.0049408924074,24.3106361099225));
#6262=CARTESIAN_POINT('Ctrl Pts',(5.78013847383005,2.34085033853945,24.0561003798245));
#6263=CARTESIAN_POINT('Ctrl Pts',(4.39866230724925,4.70529281508967,23.8338499938273));
#6264=CARTESIAN_POINT('Ctrl Pts',(5.4064591912442,7.2674525184902,23.7443091644278));
#6265=CARTESIAN_POINT('Ctrl Pts',(7.36412560997549,7.866580720296,23.8988475035555));
#6266=CARTESIAN_POINT('Ctrl Pts',(8.9568538596663,7.43461550742192,24.1479601051557));
#6267=CARTESIAN_POINT('Ctrl Pts',(9.94689874993851,6.59853197054183,24.3419207032247));
#6268=CARTESIAN_POINT('Ctrl Pts',(10.3910798608668,5.17760033196007,24.4776056393557));
#6269=CARTESIAN_POINT('Ctrl Pts',(10.2688368927215,4.33656804392471,24.4981211736682));
#6270=CARTESIAN_POINT('Ctrl Pts',(10.1183971149113,3.95003657098972,24.4947808411511));
#6271=CARTESIAN_POINT('Ctrl Pts',(10.1452534097823,3.93924032305753,24.535080284234));
#6272=CARTESIAN_POINT('Ctrl Pts',(9.99299378346456,3.54784647759021,24.5317835175111));
#6273=CARTESIAN_POINT('Ctrl Pts',(9.50833234677248,2.8389739979583,24.4982738173666));
#6274=CARTESIAN_POINT('Ctrl Pts',(8.02409532035766,1.96982354626468,24.3519239400332));
#6275=CARTESIAN_POINT('Ctrl Pts',(5.7540772495914,2.31015837725691,24.0985846633098));
#6276=CARTESIAN_POINT('Ctrl Pts',(4.35587701501431,4.70437172249125,23.877165629349));
#6277=CARTESIAN_POINT('Ctrl Pts',(5.37557916755892,7.29974224868389,23.7884470310716));
#6278=CARTESIAN_POINT('Ctrl Pts',(7.35661364068766,7.90699739351988,23.9423327198208));
#6279=CARTESIAN_POINT('Ctrl Pts',(8.96898684722219,7.4686995778234,24.1898300612881));
#6280=CARTESIAN_POINT('Ctrl Pts',(9.97138961118206,6.62143281582557,24.3827727272002));
#6281=CARTESIAN_POINT('Ctrl Pts',(10.421192349131,5.18228221118599,24.5178944818039));
#6282=CARTESIAN_POINT('Ctrl Pts',(10.2975130361,4.33063416852485,24.5383770509569));
#6283=CARTESIAN_POINT('Ctrl Pts',(10.1452534097823,3.93924032305753,24.535080284234));
#6284=CARTESIAN_POINT('Ctrl Pts',(10.1760110424335,3.92714202671051,24.550175798261));
#6285=CARTESIAN_POINT('Ctrl Pts',(10.0219244802146,3.53079621569321,24.5468329683281));
#6286=CARTESIAN_POINT('Ctrl Pts',(9.53153517731534,2.81282412821899,24.5130516961894));
#6287=CARTESIAN_POINT('Ctrl Pts',(8.0293259502763,1.93128130184475,24.3657060571157));
#6288=CARTESIAN_POINT('Ctrl Pts',(5.72875971816557,2.2737840644091,24.1106359101745));
#6289=CARTESIAN_POINT('Ctrl Pts',(4.30898465115085,4.70058516554864,23.8879585089028));
#6290=CARTESIAN_POINT('Ctrl Pts',(5.34188383499729,7.33562409150684,23.7976254908392));
#6291=CARTESIAN_POINT('Ctrl Pts',(7.35323718293409,7.95141055529788,23.9522753878064));
#6292=CARTESIAN_POINT('Ctrl Pts',(8.98718869773898,7.50370177734711,24.2023987800032));
#6293=CARTESIAN_POINT('Ctrl Pts',(10.0010697204704,6.64356772799336,24.3969425057426));
#6294=CARTESIAN_POINT('Ctrl Pts',(10.4553869365511,5.18578100242808,24.5329536898894));
#6295=CARTESIAN_POINT('Ctrl Pts',(10.3300976046524,4.32348783772782,24.5535186281939));
#6296=CARTESIAN_POINT('Ctrl Pts',(10.1760110424335,3.92714202671051,24.550175798261));
#6297=CARTESIAN_POINT('Ctrl Pts',(10.1952562356993,3.91963257738352,24.5525636504966));
#6298=CARTESIAN_POINT('Ctrl Pts',(10.0400700884874,3.52032937625068,24.5491617843808));
#6299=CARTESIAN_POINT('Ctrl Pts',(9.54625277457478,2.79691646521513,24.5150619518389));
#6300=CARTESIAN_POINT('Ctrl Pts',(8.03329559528466,1.90794189974886,24.3665441175095));
#6301=CARTESIAN_POINT('Ctrl Pts',(5.71442060235499,2.25166478002322,24.1095279702344));
#6302=CARTESIAN_POINT('Ctrl Pts',(4.28167834878902,4.69788694602979,23.8854678906016));
#6303=CARTESIAN_POINT('Ctrl Pts',(5.32266603338009,7.35630740551321,23.7934791436904));
#6304=CARTESIAN_POINT('Ctrl Pts',(7.3523486663816,7.97708141729395,23.9489565479969));
#6305=CARTESIAN_POINT('Ctrl Pts',(8.9991249351978,7.52403378568723,24.2019450700161));
#6306=CARTESIAN_POINT('Ctrl Pts',(10.019774083902,6.65639345508719,24.3982944012976));
#6307=CARTESIAN_POINT('Ctrl Pts',(10.4767152057568,5.18756875151779,24.5353225199685));
#6308=CARTESIAN_POINT('Ctrl Pts',(10.3504423829113,4.31893577851635,24.5559655166124));
#6309=CARTESIAN_POINT('Ctrl Pts',(10.1952562356993,3.91963257738352,24.5525636504966));
#6310=CARTESIAN_POINT('',(10.1130523637753,3.95247267132914,24.4532282671997));
#6311=CARTESIAN_POINT('Origin',(10.2062450849419,3.91620813325726,24.4532282671997));
#6312=CARTESIAN_POINT('',(4.79740833538835,4.94769999165917,23.795177866925));
#6313=CARTESIAN_POINT('Ctrl Pts',(10.1130523637753,3.95247267132914,24.4532282671997));
#6314=CARTESIAN_POINT('Ctrl Pts',(9.96327043988851,3.56756262391834,24.4498080453426));
#6315=CARTESIAN_POINT('Ctrl Pts',(9.48672309742444,2.87014478826877,24.4156853684047));
#6316=CARTESIAN_POINT('Ctrl Pts',(8.02680363315693,2.01308321298326,24.2671430360691));
#6317=CARTESIAN_POINT('Ctrl Pts',(5.78931288824298,2.3442712648208,24.0101494449737));
#6318=CARTESIAN_POINT('Ctrl Pts',(4.82817615188341,3.98378871094617,23.8543962095438));
#6319=CARTESIAN_POINT('Ctrl Pts',(4.7970190553178,4.87699455050804,23.7993520124702));
#6320=CARTESIAN_POINT('Ctrl Pts',(4.79740833538835,4.94769999165917,23.795177866925));
#6321=CARTESIAN_POINT('Ctrl Pts',(4.79740833538835,4.94769999165917,23.795177866925));
#6322=CARTESIAN_POINT('Ctrl Pts',(4.80155029045267,5.70000863063025,23.7507647962634));
#6323=CARTESIAN_POINT('Ctrl Pts',(5.48685042126014,7.28496532680271,23.7005785373672));
#6324=CARTESIAN_POINT('Ctrl Pts',(7.37088517009895,7.8591747713171,23.850422628882));
#6325=CARTESIAN_POINT('Ctrl Pts',(8.95962097071585,7.42460041867438,24.1030754870184));
#6326=CARTESIAN_POINT('Ctrl Pts',(9.94415865829762,6.5897530606435,24.2991875995685));
#6327=CARTESIAN_POINT('Ctrl Pts',(10.3847826312568,5.17463141914108,24.4360546412971));
#6328=CARTESIAN_POINT('Ctrl Pts',(10.2628342876621,4.33738271873994,24.4566484890567));
#6329=CARTESIAN_POINT('Ctrl Pts',(10.1130523637753,3.95247267132914,24.4532282671997));
#6330=CARTESIAN_POINT('Origin',(7.55025253169417,4.94974746830583,23.7));
#6331=CARTESIAN_POINT('',(4.80025253169417,4.94974746830583,21.7));
#6332=CARTESIAN_POINT('',(4.80025253169417,4.94974746830583,23.7));
#6333=CARTESIAN_POINT('Origin',(7.55025253169417,4.94974746830583,21.7));
#6334=CARTESIAN_POINT('Ctrl Pts',(20.0197816643235,3.97126689552993,25.5484153136438));
#6335=CARTESIAN_POINT('Ctrl Pts',(19.7260402159967,3.19973847893007,25.5337911803678));
#6336=CARTESIAN_POINT('Ctrl Pts',(18.4016875762474,1.95251560338964,25.4008511996923));
#6337=CARTESIAN_POINT('Ctrl Pts',(15.7083293196443,2.33038589209023,25.0935134834867));
#6338=CARTESIAN_POINT('Ctrl Pts',(14.309753138339,4.67743621967244,24.8851406518866));
#6339=CARTESIAN_POINT('Ctrl Pts',(15.2900645062689,7.24578354055758,24.8524304357444));
#6340=CARTESIAN_POINT('Ctrl Pts',(17.8983182357738,8.06124980679432,25.107170070037));
#6341=CARTESIAN_POINT('Ctrl Pts',(19.7692891338713,6.80905940587578,25.4233492665549));
#6342=CARTESIAN_POINT('Ctrl Pts',(20.2816252019106,5.19443152024946,25.5444333083247));
#6343=CARTESIAN_POINT('Ctrl Pts',(20.1666523884869,4.35703110382987,25.5557273802819));
#6344=CARTESIAN_POINT('Ctrl Pts',(20.0197816643235,3.97126689552993,25.5484153136438));
#6345=CARTESIAN_POINT('Ctrl Pts',(20.0196971423737,3.97104489388024,25.5623128475338));
#6346=CARTESIAN_POINT('Ctrl Pts',(19.7257014050323,3.19904970996025,25.547753399841));
#6347=CARTESIAN_POINT('Ctrl Pts',(18.39989146377,1.95174390333912,25.4152392941908));
#6348=CARTESIAN_POINT('Ctrl Pts',(15.7067496238099,2.33161182075416,25.1088937364891));
#6349=CARTESIAN_POINT('Ctrl Pts',(14.3101193106391,4.67852804245681,24.9011492807894));
#6350=CARTESIAN_POINT('Ctrl Pts',(15.2899512013572,7.24474000775694,24.8687927159122));
#6351=CARTESIAN_POINT('Ctrl Pts',(17.8955711474642,8.06137514111967,25.1225692250998));
#6352=CARTESIAN_POINT('Ctrl Pts',(19.7683737053777,6.81072412580916,25.4375406953082));
#6353=CARTESIAN_POINT('Ctrl Pts',(20.2817092486104,5.19500574759591,25.5583183718975));
#6354=CARTESIAN_POINT('Ctrl Pts',(20.1666950110444,4.35704248584023,25.5695925713802));
#6355=CARTESIAN_POINT('Ctrl Pts',(20.0196971423737,3.97104489388024,25.5623128475338));
#6356=CARTESIAN_POINT('Ctrl Pts',(20.0250380069714,3.9685038375656,25.5900687607859));
#6357=CARTESIAN_POINT('Ctrl Pts',(19.7299614616566,3.19389211857966,25.575637982032));
#6358=CARTESIAN_POINT('Ctrl Pts',(18.3988255070584,1.94328639716982,25.4439679931716));
#6359=CARTESIAN_POINT('Ctrl Pts',(15.699185990363,2.32693884218883,25.1395925908373));
#6360=CARTESIAN_POINT('Ctrl Pts',(14.3017967794595,4.67972388513139,24.9330950485486));
#6361=CARTESIAN_POINT('Ctrl Pts',(15.2833134277859,7.24960588212992,24.9014405371349));
#6362=CARTESIAN_POINT('Ctrl Pts',(17.8917258094892,8.0699905920708,25.1533053776011));
#6363=CARTESIAN_POINT('Ctrl Pts',(19.7719034786791,6.81808436730882,25.4658792940333));
#6364=CARTESIAN_POINT('Ctrl Pts',(20.2879231522593,5.19669002142736,25.5860488399803));
#6365=CARTESIAN_POINT('Ctrl Pts',(20.1725762796288,4.35580969705858,25.5972841501629));
#6366=CARTESIAN_POINT('Ctrl Pts',(20.0250380069714,3.9685038375656,25.5900687607859));
#6367=CARTESIAN_POINT('Ctrl Pts',(20.0519748914214,3.95751015079333,25.63042465778));
#6368=CARTESIAN_POINT('Ctrl Pts',(19.7533253027774,3.17326798163537,25.6160946885037));
#6369=CARTESIAN_POINT('Ctrl Pts',(18.4059129138259,1.90718617473077,25.4850755632014));
#6370=CARTESIAN_POINT('Ctrl Pts',(15.6733520819064,2.29583093109824,25.1821408199963));
#6371=CARTESIAN_POINT('Ctrl Pts',(14.2590659515637,4.6779752602546,24.9765269625202));
#6372=CARTESIAN_POINT('Ctrl Pts',(15.252151799493,7.28022139799361,24.9453145353364));
#6373=CARTESIAN_POINT('Ctrl Pts',(17.8919637822399,8.11088121154698,25.1958101576762));
#6374=CARTESIAN_POINT('Ctrl Pts',(19.7955161937821,6.84271884563287,25.5066595894588));
#6375=CARTESIAN_POINT('Ctrl Pts',(20.3180001435427,5.20099657859955,25.626378140226));
#6376=CARTESIAN_POINT('Ctrl Pts',(20.2012996857434,4.34963123537231,25.6375896424182));
#6377=CARTESIAN_POINT('Ctrl Pts',(20.0519748914214,3.95751015079333,25.63042465778));
#6378=CARTESIAN_POINT('Ctrl Pts',(20.0828988687767,3.94546147910371,25.6454653074368));
#6379=CARTESIAN_POINT('Ctrl Pts',(19.7806948574533,3.15130601609767,25.631013677157));
#6380=CARTESIAN_POINT('Ctrl Pts',(18.4176099115051,1.86821567391154,25.4991154700675));
#6381=CARTESIAN_POINT('Ctrl Pts',(15.6483161603427,2.25900815553132,25.1941181707334));
#6382=CARTESIAN_POINT('Ctrl Pts',(14.2119826398523,4.67378724406175,24.9871635773366));
#6383=CARTESIAN_POINT('Ctrl Pts',(15.218915963003,7.31539340589761,24.9551009032985));
#6384=CARTESIAN_POINT('Ctrl Pts',(17.898029929992,8.15546002884588,25.2075892506353));
#6385=CARTESIAN_POINT('Ctrl Pts',(19.8241522077435,6.86702911643398,25.5210402350261));
#6386=CARTESIAN_POINT('Ctrl Pts',(20.3521558290027,5.20461545272295,25.6414194007708));
#6387=CARTESIAN_POINT('Ctrl Pts',(20.2340008744385,4.34253921060673,25.6526911225767));
#6388=CARTESIAN_POINT('Ctrl Pts',(20.0828988687767,3.94546147910371,25.6454653074368));
#6389=CARTESIAN_POINT('Ctrl Pts',(20.1022490491069,3.9380519853099,25.6477815859113));
#6390=CARTESIAN_POINT('Ctrl Pts',(19.7979080567893,3.1379567692245,25.6331786901855));
#6391=CARTESIAN_POINT('Ctrl Pts',(18.4254680139778,1.84466291146662,25.5002576461984));
#6392=CARTESIAN_POINT('Ctrl Pts',(15.6341485769671,2.2366641863156,25.1929085123443));
#6393=CARTESIAN_POINT('Ctrl Pts',(14.1845620926074,4.67094749488024,24.9844927942704));
#6394=CARTESIAN_POINT('Ctrl Pts',(15.1999522050483,7.33599817603837,24.9515379681024));
#6395=CARTESIAN_POINT('Ctrl Pts',(17.9027331515527,8.18172639032298,25.2061903402572));
#6396=CARTESIAN_POINT('Ctrl Pts',(19.8422132204824,6.88134341956606,25.5225963070376));
#6397=CARTESIAN_POINT('Ctrl Pts',(20.373463727201,5.20657794111735,25.6437570586083));
#6398=CARTESIAN_POINT('Ctrl Pts',(20.2544195452657,4.33809959335261,25.6550830337742));
#6399=CARTESIAN_POINT('Ctrl Pts',(20.1022490491069,3.9380519853099,25.6477815859113));
#6400=CARTESIAN_POINT('',(20.0197816643235,3.97126689552993,25.5484153136438));
#6401=CARTESIAN_POINT('Origin',(20.1132374532696,3.93568578379263,25.5484153136438));
#6402=CARTESIAN_POINT('',(14.6969942403496,4.94851681502263,24.9037749664514));
#6403=CARTESIAN_POINT('Ctrl Pts',(20.0197816643235,3.97126689552993,25.5484153136438));
#6404=CARTESIAN_POINT('Ctrl Pts',(19.7260402159967,3.19973847893007,25.5337911803678));
#6405=CARTESIAN_POINT('Ctrl Pts',(18.4016875762474,1.95251560338964,25.4008511996923));
#6406=CARTESIAN_POINT('Ctrl Pts',(15.7083293196443,2.33038589209023,25.0935134834867));
#6407=CARTESIAN_POINT('Ctrl Pts',(14.7316569768225,3.96940933092863,24.9479997929637));
#6408=CARTESIAN_POINT('Ctrl Pts',(14.6965675907472,4.87030609435028,24.9070476876188));
#6409=CARTESIAN_POINT('Ctrl Pts',(14.6969942403496,4.94851681502264,24.9037749664514));
#6410=CARTESIAN_POINT('Ctrl Pts',(14.6969942403496,4.94851681502264,24.9037749664514));
#6411=CARTESIAN_POINT('Ctrl Pts',(14.701058641606,5.69357728049488,24.8725979726152));
#6412=CARTESIAN_POINT('Ctrl Pts',(15.372659163337,7.27160662511737,24.8604971864973));
#6413=CARTESIAN_POINT('Ctrl Pts',(17.8983182357738,8.06124980679432,25.107170070037));
#6414=CARTESIAN_POINT('Ctrl Pts',(19.7692891338713,6.80905940587578,25.4233492665549));
#6415=CARTESIAN_POINT('Ctrl Pts',(20.2816252019106,5.19443152024946,25.5444333083247));
#6416=CARTESIAN_POINT('Ctrl Pts',(20.1666523884869,4.35703110382987,25.5557273802819));
#6417=CARTESIAN_POINT('Ctrl Pts',(20.0197816643235,3.97126689552993,25.5484153136438));
#6418=CARTESIAN_POINT('Origin',(17.4497474683058,4.94974746830584,23.7));
#6419=CARTESIAN_POINT('',(14.6997474683058,4.94974746830584,21.7));
#6420=CARTESIAN_POINT('',(14.6997474683058,4.94974746830584,23.7));
#6421=CARTESIAN_POINT('Origin',(17.4497474683058,4.94974746830584,21.7));
#6422=CARTESIAN_POINT('Ctrl Pts',(10.1480187601007,-5.85202825750086,24.367759423758));
#6423=CARTESIAN_POINT('Ctrl Pts',(10.0130813548761,-6.2405279778086,24.3281292907934));
#6424=CARTESIAN_POINT('Ctrl Pts',(9.56516105449143,-6.9495625251253,24.2254433417902));
#6425=CARTESIAN_POINT('Ctrl Pts',(8.1591136234277,-7.86086206031121,23.9531076044487));
#6426=CARTESIAN_POINT('Ctrl Pts',(5.90127636302073,-7.63167913487929,23.7049859663379));
#6427=CARTESIAN_POINT('Ctrl Pts',(4.41696486997031,-5.31718054935141,23.7545861859367));
#6428=CARTESIAN_POINT('Ctrl Pts',(5.31831808263047,-2.73127113763407,23.950548495717));
#6429=CARTESIAN_POINT('Ctrl Pts',(7.88543597486221,-1.82225235245479,24.2537196681944));
#6430=CARTESIAN_POINT('Ctrl Pts',(9.81512364607492,-3.01822969973435,24.4526948549042));
#6431=CARTESIAN_POINT('Ctrl Pts',(10.3737859792918,-4.62490989187617,24.4607731461744));
#6432=CARTESIAN_POINT('Ctrl Pts',(10.2829561653253,-5.46352853719312,24.4073895567226));
#6433=CARTESIAN_POINT('Ctrl Pts',(10.1480187601007,-5.85202825750086,24.367759423758));
#6434=CARTESIAN_POINT('Ctrl Pts',(10.1475896968767,-5.85326357799825,24.3818238574332));
#6435=CARTESIAN_POINT('Ctrl Pts',(10.0123734432555,-6.24196842829361,24.3423122093143));
#6436=CARTESIAN_POINT('Ctrl Pts',(9.5637289354812,-6.95125110785678,24.2399368719869));
#6437=CARTESIAN_POINT('Ctrl Pts',(8.15631100343716,-7.86119654584494,23.9687861829931));
#6438=CARTESIAN_POINT('Ctrl Pts',(5.90103293594693,-7.63067427457788,23.7216871895274));
#6439=CARTESIAN_POINT('Ctrl Pts',(4.41753329766956,-5.31826468136449,23.7706094951798));
#6440=CARTESIAN_POINT('Ctrl Pts',(5.31708359941908,-2.73269949730158,23.9660657276259));
#6441=CARTESIAN_POINT('Ctrl Pts',(7.88340851690188,-1.82192291083699,24.2682779209108));
#6442=CARTESIAN_POINT('Ctrl Pts',(9.81480792426475,-3.01734932818123,24.4666034304223));
#6443=CARTESIAN_POINT('Ctrl Pts',(10.3739824736053,-4.62532301469193,24.474584915793));
#6444=CARTESIAN_POINT('Ctrl Pts',(10.2828059504978,-5.4645587277029,24.4213355055521));
#6445=CARTESIAN_POINT('Ctrl Pts',(10.1475896968767,-5.85326357799826,24.3818238574332));
#6446=CARTESIAN_POINT('Ctrl Pts',(10.1524861563768,-5.85772890423675,24.4099115570768));
#6447=CARTESIAN_POINT('Ctrl Pts',(10.0165330087989,-6.24774966579914,24.3706354575035));
#6448=CARTESIAN_POINT('Ctrl Pts',(9.56574177699153,-6.95927881149643,24.2688763040928));
#6449=CARTESIAN_POINT('Ctrl Pts',(8.15274472007926,-7.86999516823749,24.0000773832679));
#6450=CARTESIAN_POINT('Ctrl Pts',(5.89544605757216,-7.63700364510739,23.7550069823063));
#6451=CARTESIAN_POINT('Ctrl Pts',(4.40951537533922,-5.32122056867931,23.8025843806395));
#6452=CARTESIAN_POINT('Ctrl Pts',(5.30877483379625,-2.72941272040823,23.9970366835311));
#6453=CARTESIAN_POINT('Ctrl Pts',(7.88046813424346,-1.81378046226528,24.2973456156822));
#6454=CARTESIAN_POINT('Ctrl Pts',(9.81908290882602,-3.01152681064389,24.4943808342755));
#6455=CARTESIAN_POINT('Ctrl Pts',(10.3803405610776,-4.62542778673262,24.5021702720633));
#6456=CARTESIAN_POINT('Ctrl Pts',(10.2884393039548,-5.46770814267435,24.4491876566501));
#6457=CARTESIAN_POINT('Ctrl Pts',(10.1524861563768,-5.85772890423675,24.4099115570768));
#6458=CARTESIAN_POINT('Ctrl Pts',(10.179581010647,-5.87113325236362,24.4504840548952));
#6459=CARTESIAN_POINT('Ctrl Pts',(10.0419091579792,-6.26616586010732,24.4113744927193));
#6460=CARTESIAN_POINT('Ctrl Pts',(9.58548867065085,-6.98690343209144,24.310063719505));
#6461=CARTESIAN_POINT('Ctrl Pts',(8.15481540740692,-7.91023237981312,24.0428941637288));
#6462=CARTESIAN_POINT('Ctrl Pts',(5.87031482477337,-7.67435016288384,23.7992630539673));
#6463=CARTESIAN_POINT('Ctrl Pts',(4.36686516053407,-5.32806994254796,23.8460339709101));
#6464=CARTESIAN_POINT('Ctrl Pts',(5.2769807715055,-2.70364913744884,24.0397754024173));
#6465=CARTESIAN_POINT('Ctrl Pts',(7.88000217950189,-1.77625465244543,24.3387075208701));
#6466=CARTESIAN_POINT('Ctrl Pts',(9.84232582682767,-2.98892840165779,24.5347602861232));
#6467=CARTESIAN_POINT('Ctrl Pts',(10.410365345762,-4.6231064149452,24.5423896951926));
#6468=CARTESIAN_POINT('Ctrl Pts',(10.3172528633148,-5.47610064461993,24.489593617071));
#6469=CARTESIAN_POINT('Ctrl Pts',(10.179581010647,-5.87113325236363,24.4504840548951));
#6470=CARTESIAN_POINT('Ctrl Pts',(10.2113052800912,-5.88359071966304,24.4651006285813));
#6471=CARTESIAN_POINT('Ctrl Pts',(10.0722082684093,-6.28379575243959,24.4257298465684));
#6472=CARTESIAN_POINT('Ctrl Pts',(9.6107738296741,-7.01421612025964,24.3237338383293));
#6473=CARTESIAN_POINT('Ctrl Pts',(8.16312675064404,-7.95329731123894,24.0539000157803));
#6474=CARTESIAN_POINT('Ctrl Pts',(5.84410166541875,-7.71641338148268,23.8081171784232));
#6475=CARTESIAN_POINT('Ctrl Pts',(4.31951484085359,-5.3332833042089,23.8566056020948));
#6476=CARTESIAN_POINT('Ctrl Pts',(5.2447553422595,-2.67231265945771,24.0514380315242));
#6477=CARTESIAN_POINT('Ctrl Pts',(7.88372270612849,-1.7349456356218,24.3523984180003));
#6478=CARTESIAN_POINT('Ctrl Pts',(9.86949780948022,-2.96503406570921,24.5497683716331));
#6479=CARTESIAN_POINT('Ctrl Pts',(10.4442619283068,-4.61956838737015,24.5575698865721));
#6480=CARTESIAN_POINT('Ctrl Pts',(10.3504022917731,-5.4833856868865,24.5044714105942));
#6481=CARTESIAN_POINT('Ctrl Pts',(10.2113052800912,-5.88359071966305,24.4651006285813));
#6482=CARTESIAN_POINT('Ctrl Pts',(10.2311868297474,-5.8906779647051,24.4669476141793));
#6483=CARTESIAN_POINT('Ctrl Pts',(10.0912580400639,-6.29394652499863,24.4272700783726));
#6484=CARTESIAN_POINT('Ctrl Pts',(9.6268720055968,-7.03008544206878,24.3244877637078));
#6485=CARTESIAN_POINT('Ctrl Pts',(8.16923692222851,-7.97825280600695,24.05171188907));
#6486=CARTESIAN_POINT('Ctrl Pts',(5.82945064046228,-7.7406800794161,23.8036424502241));
#6487=CARTESIAN_POINT('Ctrl Pts',(4.2919387212107,-5.33593732048687,23.8538885443619));
#6488=CARTESIAN_POINT('Ctrl Pts',(5.22627011287333,-2.65317998742457,24.0499065458108));
#6489=CARTESIAN_POINT('Ctrl Pts',(7.88679510168564,-1.70995502073807,24.353131735607));
#6490=CARTESIAN_POINT('Ctrl Pts',(9.88658937428252,-2.95047695071131,24.5520697024422));
#6491=CARTESIAN_POINT('Ctrl Pts',(10.4653940908164,-4.6171642397461,24.560080519096));
#6492=CARTESIAN_POINT('Ctrl Pts',(10.3711156194309,-5.48740940441156,24.506625149986));
#6493=CARTESIAN_POINT('Ctrl Pts',(10.2311868297474,-5.8906779647051,24.4669476141793));
#6494=CARTESIAN_POINT('',(10.1480187601007,-5.85202825750086,24.367759423758));
#6495=CARTESIAN_POINT('Origin',(10.2424829865882,-5.88483846801704,24.367759423758));
#6496=CARTESIAN_POINT('',(4.79658285279279,-4.95103351863651,23.7962100101703));
#6497=CARTESIAN_POINT('Ctrl Pts',(10.1480187601007,-5.85202825750086,24.367759423758));
#6498=CARTESIAN_POINT('Ctrl Pts',(10.0130813548761,-6.2405279778086,24.3281292907934));
#6499=CARTESIAN_POINT('Ctrl Pts',(9.56516105449143,-6.9495625251253,24.2254433417902));
#6500=CARTESIAN_POINT('Ctrl Pts',(8.1591136234277,-7.86086206031121,23.9531076044487));
#6501=CARTESIAN_POINT('Ctrl Pts',(5.90127636302073,-7.63167913487929,23.7049859663379));
#6502=CARTESIAN_POINT('Ctrl Pts',(4.84725381721567,-5.98813348910193,23.7402075151696));
#6503=CARTESIAN_POINT('Ctrl Pts',(4.79600413004242,-5.05829327354288,23.7900619346019));
#6504=CARTESIAN_POINT('Ctrl Pts',(4.7965828527928,-4.95103351863651,23.7962100101703));
#6505=CARTESIAN_POINT('Ctrl Pts',(4.7965828527928,-4.95103351863651,23.7962100101703));
#6506=CARTESIAN_POINT('Ctrl Pts',(4.80044470166758,-4.2352832504299,23.8372364579827));
#6507=CARTESIAN_POINT('Ctrl Pts',(5.42983897472323,-2.69178148810958,23.963718876288));
#6508=CARTESIAN_POINT('Ctrl Pts',(7.88543597486221,-1.82225235245479,24.2537196681944));
#6509=CARTESIAN_POINT('Ctrl Pts',(9.81512364607492,-3.01822969973435,24.4526948549042));
#6510=CARTESIAN_POINT('Ctrl Pts',(10.3737859792918,-4.62490989187617,24.4607731461744));
#6511=CARTESIAN_POINT('Ctrl Pts',(10.2829561653253,-5.46352853719312,24.4073895567226));
#6512=CARTESIAN_POINT('Ctrl Pts',(10.1480187601007,-5.85202825750086,24.367759423758));
#6513=CARTESIAN_POINT('Origin',(7.55025253169417,-4.94974746830583,23.7));
#6514=CARTESIAN_POINT('',(4.80025253169417,-4.94974746830583,21.7));
#6515=CARTESIAN_POINT('',(4.80025253169417,-4.94974746830583,23.7));
#6516=CARTESIAN_POINT('Origin',(7.55025253169417,-4.94974746830583,21.7));
#6517=CARTESIAN_POINT('Ctrl Pts',(12.6877405582956,10.7887328194858,23.727855785284));
#6518=CARTESIAN_POINT('Ctrl Pts',(12.102079267049,10.7844770336669,23.7275413569142));
#6519=CARTESIAN_POINT('Ctrl Pts',(11.5187258966327,10.7214598497425,23.7175745789059));
#6520=CARTESIAN_POINT('Ctrl Pts',(10.935751849133,10.6355852820542,23.700253816724));
#6521=CARTESIAN_POINT('Ctrl Pts',(10.9312788845163,10.6349252231309,23.7001284622305));
#6522=CARTESIAN_POINT('Ctrl Pts',(10.9268065246142,10.6342635988113,23.7));
#6523=CARTESIAN_POINT('Ctrl Pts',(12.6869823137299,10.7638076208234,23.7093351295313));
#6524=CARTESIAN_POINT('Ctrl Pts',(12.1026839424447,10.7677943964322,23.7080057954279));
#6525=CARTESIAN_POINT('Ctrl Pts',(11.5183509015776,10.7211119361682,23.7036901043486));
#6526=CARTESIAN_POINT('Ctrl Pts',(10.9357439667662,10.6355835170977,23.7000563587574));
#6527=CARTESIAN_POINT('Ctrl Pts',(10.9312751190581,10.634924666083,23.7000280994138));
#6528=CARTESIAN_POINT('Ctrl Pts',(10.9268065246142,10.6342635988113,23.7));
#6529=CARTESIAN_POINT('Ctrl Pts',(12.6861729729617,10.7483877826484,23.6786523433235));
#6530=CARTESIAN_POINT('Ctrl Pts',(12.1027121185995,10.7586449996069,23.6829952341678));
#6531=CARTESIAN_POINT('Ctrl Pts',(11.5178909596261,10.7209996383876,23.6902760075631));
#6532=CARTESIAN_POINT('Ctrl Pts',(10.9357363860373,10.635581542519,23.699856354324));
#6533=CARTESIAN_POINT('Ctrl Pts',(10.9312713535999,10.6349241090351,23.6999277365972));
#6534=CARTESIAN_POINT('Ctrl Pts',(10.9268065246142,10.6342635988113,23.7));
#6535=CARTESIAN_POINT('Ctrl Pts',(12.6856234671707,10.7483972725442,23.6475950880355));
#6536=CARTESIAN_POINT('Ctrl Pts',(12.1020431532971,10.7584756310647,23.6580197172612));
#6537=CARTESIAN_POINT('Ctrl Pts',(11.5173648649591,10.7208906167761,23.6768784571041));
#6538=CARTESIAN_POINT('Ctrl Pts',(10.9357290052349,10.6355806195613,23.6996562628305));
#6539=CARTESIAN_POINT('Ctrl Pts',(10.9312675881417,10.6349235519872,23.6998273737805));
#6540=CARTESIAN_POINT('Ctrl Pts',(10.9268065246142,10.6342635988113,23.7));
#6541=CARTESIAN_POINT('',(12.0844276961095,10.75,23.7));
#6542=CARTESIAN_POINT('Ctrl Pts',(12.0845348295042,10.7500210742467,23.6998417696103));
#6543=CARTESIAN_POINT('Ctrl Pts',(12.0502457462611,10.7499875363473,23.7037669695292));
#6544=CARTESIAN_POINT('Ctrl Pts',(12.0156884454848,10.74994310804,23.7076829747965));
#6545=CARTESIAN_POINT('Ctrl Pts',(11.9812706835166,10.7498857877824,23.7115036178442));
#6546=CARTESIAN_POINT('',(12.499999993582,10.75,23.6511224823512));
#6547=CARTESIAN_POINT('Ctrl Pts',(12.0844276961095,10.75,23.7));
#6548=CARTESIAN_POINT('Ctrl Pts',(12.0969571348964,10.75,23.6985378596148));
#6549=CARTESIAN_POINT('Ctrl Pts',(12.1094577982957,10.75,23.6970757862107));
#6550=CARTESIAN_POINT('Ctrl Pts',(12.2445843291969,10.75,23.6812431265201));
#6551=CARTESIAN_POINT('Ctrl Pts',(12.3699625108308,10.75,23.6662987522051));
#6552=CARTESIAN_POINT('Ctrl Pts',(12.4973500999104,10.75,23.6514316421173));
#6553=CARTESIAN_POINT('Ctrl Pts',(12.4986750622438,10.75,23.6512770431796));
#6554=CARTESIAN_POINT('Ctrl Pts',(12.5,10.75,23.6511224820921));
#6555=CARTESIAN_POINT('Ctrl Pts',(12.500001383197,10.7499962590884,23.6511891810695));
#6556=CARTESIAN_POINT('Ctrl Pts',(11.9781644864165,10.7499779076451,23.6620602103788));
#6557=CARTESIAN_POINT('Ctrl Pts',(11.45617890376,10.711916317664,23.6792745988035));
#6558=CARTESIAN_POINT('Ctrl Pts',(10.9357290052349,10.6355806195613,23.6996562628305));
#6559=CARTESIAN_POINT('Ctrl Pts',(10.9312675881417,10.6349235519872,23.6998273737805));
#6560=CARTESIAN_POINT('Ctrl Pts',(10.9268065246142,10.6342635988113,23.7));
#6561=CARTESIAN_POINT('Ctrl Pts',(10.9268065246142,10.6342635988113,23.7));
#6562=CARTESIAN_POINT('Ctrl Pts',(10.9215250287218,10.6334822739174,23.6996631562099));
#6563=CARTESIAN_POINT('Ctrl Pts',(10.9162438289567,10.6326970441409,23.6993278253384));
#6564=CARTESIAN_POINT('Ctrl Pts',(10.6610367206354,10.5945489226359,23.6829215627421));
#6565=CARTESIAN_POINT('Ctrl Pts',(10.1630048846665,10.5021397544125,23.6613938008089));
#6566=CARTESIAN_POINT('Ctrl Pts',(9.17807495730902,10.24594130303,23.6400385896018));
#6567=CARTESIAN_POINT('Ctrl Pts',(7.99060374315412,9.7980154616576,23.6279326951396));
#6568=CARTESIAN_POINT('Ctrl Pts',(6.64450666333123,9.05934532767298,23.620757523972));
#6569=CARTESIAN_POINT('Ctrl Pts',(5.41339696148264,8.13133236497337,23.6166514291194));
#6570=CARTESIAN_POINT('Ctrl Pts',(4.34066539970172,7.05424735767267,23.6141453682232));
#6571=CARTESIAN_POINT('Ctrl Pts',(3.41793804597144,5.82034187167688,23.6124904977023));
#6572=CARTESIAN_POINT('Ctrl Pts',(2.68496926317696,4.47174590873771,23.6114159346649));
#6573=CARTESIAN_POINT('Ctrl Pts',(2.15215772574775,3.04457980300706,23.6107363621666));
#6574=CARTESIAN_POINT('Ctrl Pts',(1.82324686266433,1.53586000775591,23.6103543919222));
#6575=CARTESIAN_POINT('Ctrl Pts',(1.71426446524128,0.0119709489908747,23.6102344059239));
#6576=CARTESIAN_POINT('Ctrl Pts',(1.81986407487328,-1.51215752913523,23.6103537827105));
#6577=CARTESIAN_POINT('Ctrl Pts',(2.1454250749766,-3.02160327185272,23.6107351094843));
#6578=CARTESIAN_POINT('Ctrl Pts',(2.67506755440409,-4.4499479346342,23.611413904186));
#6579=CARTESIAN_POINT('Ctrl Pts',(3.40504035393985,-5.8001683962556,23.6124876216422));
#6580=CARTESIAN_POINT('Ctrl Pts',(4.32502887103566,-7.03611884577249,23.6141411260849));
#6581=CARTESIAN_POINT('Ctrl Pts',(5.39536096934355,-8.11558127028154,23.6166459141978));
#6582=CARTESIAN_POINT('Ctrl Pts',(6.62439928781635,-9.04630969878934,23.6207485769557));
#6583=CARTESIAN_POINT('Ctrl Pts',(7.96873118685222,-9.7879175308547,23.6279212183705));
#6584=CARTESIAN_POINT('Ctrl Pts',(9.15523454477619,-10.2385093054579,23.640016684984));
#6585=CARTESIAN_POINT('Ctrl Pts',(10.1396110323502,-10.4969068084141,23.6613726881092));
#6586=CARTESIAN_POINT('Ctrl Pts',(10.6374377873975,-10.5904255926022,23.6828935030665));
#6587=CARTESIAN_POINT('Ctrl Pts',(10.8925557941568,-10.6291416936422,23.6993268255444));
#6588=CARTESIAN_POINT('Ctrl Pts',(10.897833522598,-10.6299384318495,23.6996626670584));
#6589=CARTESIAN_POINT('Ctrl Pts',(10.9031115555741,-10.6307312681705,23.7));
#6590=CARTESIAN_POINT('Ctrl Pts',(10.9268065246142,10.6342635988113,23.7));
#6591=CARTESIAN_POINT('Ctrl Pts',(10.9215125094731,10.6334799842765,23.699941065777));
#6592=CARTESIAN_POINT('Ctrl Pts',(10.9161845037413,10.6326887192813,23.7001871629767));
#6593=CARTESIAN_POINT('Ctrl Pts',(10.6600147596909,10.5943810197843,23.700548451823));
#6594=CARTESIAN_POINT('Ctrl Pts',(10.1622289206533,10.501954565834,23.6884040361149));
#6595=CARTESIAN_POINT('Ctrl Pts',(9.17756991502994,10.2457719757102,23.6774747634738));
#6596=CARTESIAN_POINT('Ctrl Pts',(7.99037823280707,9.79789649738071,23.6696811423532));
#6597=CARTESIAN_POINT('Ctrl Pts',(6.64436755261972,9.05925593267817,23.6656785083515));
#6598=CARTESIAN_POINT('Ctrl Pts',(5.41333042468747,8.13126802179417,23.6629729629327));
#6599=CARTESIAN_POINT('Ctrl Pts',(4.34062271928398,7.05419842269743,23.661493960605));
#6600=CARTESIAN_POINT('Ctrl Pts',(3.41791756320735,5.82030633567647,23.6604132821929));
#6601=CARTESIAN_POINT('Ctrl Pts',(2.68495758953444,4.47172056734963,23.6597599800848));
#6602=CARTESIAN_POINT('Ctrl Pts',(2.1521538859046,3.04456365710624,23.6593157591762));
#6603=CARTESIAN_POINT('Ctrl Pts',(1.82324584113429,1.53585211273751,23.6590817116438));
#6604=CARTESIAN_POINT('Ctrl Pts',(1.71426506308685,0.0119709384731382,23.6589996763034));
#6605=CARTESIAN_POINT('Ctrl Pts',(1.81986307205118,-1.5121496512111,23.6590813392213));
#6606=CARTESIAN_POINT('Ctrl Pts',(2.1454212807711,-3.0215871392791,23.6593149308987));
#6607=CARTESIAN_POINT('Ctrl Pts',(2.67505593992978,-4.44992258958457,23.6597587629509));
#6608=CARTESIAN_POINT('Ctrl Pts',(3.40501998058376,-5.800132843828,23.6604113504326));
#6609=CARTESIAN_POINT('Ctrl Pts',(4.32498630348911,-7.03606984403582,23.6614914866181));
#6610=CARTESIAN_POINT('Ctrl Pts',(5.39529466548799,-8.11551682416724,23.6629691560318));
#6611=CARTESIAN_POINT('Ctrl Pts',(6.6242603429062,-9.04622002329812,23.6656737989332));
#6612=CARTESIAN_POINT('Ctrl Pts',(7.96850624263088,-9.78779814480536,23.669672946384));
#6613=CARTESIAN_POINT('Ctrl Pts',(9.154729652131,-10.2383388325068,23.6774651547174));
#6614=CARTESIAN_POINT('Ctrl Pts',(10.1388357472655,-10.4967198982905,23.6883922841691));
#6615=CARTESIAN_POINT('Ctrl Pts',(10.6364137443841,-10.590254979417,23.7005551502073));
#6616=CARTESIAN_POINT('Ctrl Pts',(10.8924960433772,-10.6291331699792,23.7001908774136));
#6617=CARTESIAN_POINT('Ctrl Pts',(10.8978210216096,-10.6299361162141,23.6999405664197));
#6618=CARTESIAN_POINT('Ctrl Pts',(10.9031115555741,-10.6307312681705,23.7));
#6619=CARTESIAN_POINT('Ctrl Pts',(10.9268065246142,10.6342635988113,23.7));
#6620=CARTESIAN_POINT('Ctrl Pts',(10.9214446725556,10.6336006567705,23.70054504656));
#6621=CARTESIAN_POINT('Ctrl Pts',(10.9161789991179,10.6325547386472,23.7007387527402));
#6622=CARTESIAN_POINT('Ctrl Pts',(10.6582864294278,10.5964636453596,23.7212008481301));
#6623=CARTESIAN_POINT('Ctrl Pts',(10.1640288222205,10.4897797630279,23.7133275313813));
#6624=CARTESIAN_POINT('Ctrl Pts',(9.18270130128641,10.2281434961402,23.7168189495752));
#6625=CARTESIAN_POINT('Ctrl Pts',(8.0023847995706,9.77040538697552,23.7089529394155));
#6626=CARTESIAN_POINT('Ctrl Pts',(6.66231092233274,9.03153221707705,23.709054997347));
#6627=CARTESIAN_POINT('Ctrl Pts',(5.43729207821335,8.10345721897524,23.7065264478048));
#6628=CARTESIAN_POINT('Ctrl Pts',(4.36946019453746,7.02925045554261,23.7060538067973));
#6629=CARTESIAN_POINT('Ctrl Pts',(3.4510409118406,5.79899057975619,23.7052373835014));
#6630=CARTESIAN_POINT('Ctrl Pts',(2.72142138930748,4.45508641573257,23.7048988954901));
#6631=CARTESIAN_POINT('Ctrl Pts',(2.19105765677343,3.03308976445959,23.7046002814548));
#6632=CARTESIAN_POINT('Ctrl Pts',(1.86364396990797,1.53003383597807,23.7044637777666));
#6633=CARTESIAN_POINT('Ctrl Pts',(1.75516098726562,0.0119255170485946,23.7044089445041));
#6634=CARTESIAN_POINT('Ctrl Pts',(1.86027440154841,-1.50642110227653,23.7044637054847));
#6635=CARTESIAN_POINT('Ctrl Pts',(2.18435123236044,-3.01019948800437,23.7045998375316));
#6636=CARTESIAN_POINT('Ctrl Pts',(2.71155769361513,-4.43336910479488,23.7048990583881));
#6637=CARTESIAN_POINT('Ctrl Pts',(3.43819220931189,-5.77888986356632,23.7052362166406));
#6638=CARTESIAN_POINT('Ctrl Pts',(4.35388065529531,-7.01118493965794,23.7060565515721));
#6639=CARTESIAN_POINT('Ctrl Pts',(5.41932078788087,-8.08775692462801,23.7065218735555));
#6640=CARTESIAN_POINT('Ctrl Pts',(6.64226542773664,-9.01853540459738,23.7090744601005));
#6641=CARTESIAN_POINT('Ctrl Pts',(7.9805794533822,-9.76032794892302,23.7089328675727));
#6642=CARTESIAN_POINT('Ctrl Pts',(9.15989325522728,-10.2207238548104,23.7169000388307));
#6643=CARTESIAN_POINT('Ctrl Pts',(10.1406681315619,-10.484540274915,23.7132990108516));
#6644=CARTESIAN_POINT('Ctrl Pts',(10.6346659120671,-10.5923404411816,23.7213490245711));
#6645=CARTESIAN_POINT('Ctrl Pts',(10.892490872029,-10.6289991867095,23.7007424282356));
#6646=CARTESIAN_POINT('Ctrl Pts',(10.8977524691037,-10.630056447645,23.7005492845016));
#6647=CARTESIAN_POINT('Ctrl Pts',(10.9031115555741,-10.6307312681705,23.7));
#6648=CARTESIAN_POINT('Ctrl Pts',(10.9268065246142,10.6342635988113,23.7));
#6649=CARTESIAN_POINT('Ctrl Pts',(10.9214535289501,10.6334716965066,23.7007981050512));
#6650=CARTESIAN_POINT('Ctrl Pts',(10.9160975460839,10.6326787672505,23.7016232523736));
#6651=CARTESIAN_POINT('Ctrl Pts',(10.6581282032701,10.5906112479076,23.7384470987024));
#6652=CARTESIAN_POINT('Ctrl Pts',(10.167587975701,10.4697593944876,23.7324998493663));
#6653=CARTESIAN_POINT('Ctrl Pts',(9.1923508246107,10.1964589277585,23.7342602922198));
#6654=CARTESIAN_POINT('Ctrl Pts',(8.01892208696108,9.73370719356675,23.7216980941814));
#6655=CARTESIAN_POINT('Ctrl Pts',(6.68595192043137,8.99468087685239,23.7192964580561));
#6656=CARTESIAN_POINT('Ctrl Pts',(5.46732424195513,8.06885142168905,23.714752501221));
#6657=CARTESIAN_POINT('Ctrl Pts',(4.40493558481912,6.99852134912905,23.7132133989638));
#6658=CARTESIAN_POINT('Ctrl Pts',(3.49117248522472,5.77322733695458,23.7115603580665));
#6659=CARTESIAN_POINT('Ctrl Pts',(2.76522265354285,4.43511237263711,23.7107325234187));
#6660=CARTESIAN_POINT('Ctrl Pts',(2.23752196333207,3.01940236710698,23.7100857067701));
#6661=CARTESIAN_POINT('Ctrl Pts',(1.91174781132087,1.52310765543224,23.7097715493602));
#6662=CARTESIAN_POINT('Ctrl Pts',(1.80380722191236,0.0118715140987932,23.7096508062789));
#6663=CARTESIAN_POINT('Ctrl Pts',(1.90839375197264,-1.49960168174586,23.7097711971563));
#6664=CARTESIAN_POINT('Ctrl Pts',(2.2308463294801,-2.9966151415432,23.7100846018838));
#6665=CARTESIAN_POINT('Ctrl Pts',(2.75540397484695,-4.41349197512844,23.7107317956715));
#6666=CARTESIAN_POINT('Ctrl Pts',(3.47838197897851,-5.75321514327204,23.7115576285842));
#6667=CARTESIAN_POINT('Ctrl Pts',(4.38942558262931,-6.9805333978578,23.7132144491417));
#6668=CARTESIAN_POINT('Ctrl Pts',(5.44943157418237,-8.05321603960019,23.7147447287531));
#6669=CARTESIAN_POINT('Ctrl Pts',(6.66599053607379,-8.98173297884042,23.7193134399605));
#6670=CARTESIAN_POINT('Ctrl Pts',(7.99720196932468,-9.72366116048112,23.7216708558651));
#6671=CARTESIAN_POINT('Ctrl Pts',(9.16961740982985,-10.1890481707388,23.7343398338107));
#6672=CARTESIAN_POINT('Ctrl Pts',(10.1442768834144,-10.4645103013297,23.7324653940219));
#6673=CARTESIAN_POINT('Ctrl Pts',(10.6345235281795,-10.5864594166286,23.7386219331682));
#6674=CARTESIAN_POINT('Ctrl Pts',(10.892408684552,-10.6291228522958,23.7016318681679));
#6675=CARTESIAN_POINT('Ctrl Pts',(10.8977616341731,-10.6299276331761,23.7008021402363));
#6676=CARTESIAN_POINT('Ctrl Pts',(10.9031115555741,-10.6307312681705,23.7));
#6677=CARTESIAN_POINT('Ctrl Pts',(10.9268065246142,10.6342635988113,23.7));
#6678=CARTESIAN_POINT('Ctrl Pts',(10.9215250287218,10.6334822739174,23.6996631562099));
#6679=CARTESIAN_POINT('Ctrl Pts',(10.9162438289567,10.6326970441409,23.6993278253384));
#6680=CARTESIAN_POINT('Ctrl Pts',(10.6610367206354,10.5945489226359,23.6829215627421));
#6681=CARTESIAN_POINT('Ctrl Pts',(10.1630048846665,10.5021397544125,23.6613938008089));
#6682=CARTESIAN_POINT('Ctrl Pts',(9.17807495730902,10.24594130303,23.6400385896018));
#6683=CARTESIAN_POINT('Ctrl Pts',(7.99060374315412,9.7980154616576,23.6279326951396));
#6684=CARTESIAN_POINT('Ctrl Pts',(6.64450666333123,9.05934532767298,23.620757523972));
#6685=CARTESIAN_POINT('Ctrl Pts',(5.41339696148264,8.13133236497337,23.6166514291194));
#6686=CARTESIAN_POINT('Ctrl Pts',(4.34066539970172,7.05424735767267,23.6141453682232));
#6687=CARTESIAN_POINT('Ctrl Pts',(3.41793804597144,5.82034187167688,23.6124904977023));
#6688=CARTESIAN_POINT('Ctrl Pts',(2.68496926317696,4.47174590873771,23.6114159346649));
#6689=CARTESIAN_POINT('Ctrl Pts',(2.15215772574775,3.04457980300706,23.6107363621666));
#6690=CARTESIAN_POINT('Ctrl Pts',(1.82324686266433,1.53586000775591,23.6103543919222));
#6691=CARTESIAN_POINT('Ctrl Pts',(1.71426446524128,0.0119709489908747,23.6102344059239));
#6692=CARTESIAN_POINT('Ctrl Pts',(1.81986407487328,-1.51215752913523,23.6103537827105));
#6693=CARTESIAN_POINT('Ctrl Pts',(2.1454250749766,-3.02160327185272,23.6107351094843));
#6694=CARTESIAN_POINT('Ctrl Pts',(2.67506755440409,-4.4499479346342,23.611413904186));
#6695=CARTESIAN_POINT('Ctrl Pts',(3.40504035393985,-5.8001683962556,23.6124876216422));
#6696=CARTESIAN_POINT('Ctrl Pts',(4.32502887103566,-7.03611884577249,23.6141411260849));
#6697=CARTESIAN_POINT('Ctrl Pts',(5.39536096934355,-8.11558127028154,23.6166459141978));
#6698=CARTESIAN_POINT('Ctrl Pts',(6.62439928781635,-9.04630969878934,23.6207485769557));
#6699=CARTESIAN_POINT('Ctrl Pts',(7.96873118685222,-9.7879175308547,23.6279212183705));
#6700=CARTESIAN_POINT('Ctrl Pts',(9.15523454477619,-10.2385093054579,23.640016684984));
#6701=CARTESIAN_POINT('Ctrl Pts',(10.1396110323502,-10.4969068084141,23.6613726881092));
#6702=CARTESIAN_POINT('Ctrl Pts',(10.6374377873975,-10.5904255926022,23.6828935030665));
#6703=CARTESIAN_POINT('Ctrl Pts',(10.8925557941568,-10.6291416936422,23.6993268255444));
#6704=CARTESIAN_POINT('Ctrl Pts',(10.897833522598,-10.6299384318495,23.6996626670584));
#6705=CARTESIAN_POINT('Ctrl Pts',(10.9031115555741,-10.6307312681705,23.7));
#6706=CARTESIAN_POINT('Origin',(12.5,-3.21508079986924E-16,18.7));
#6707=CARTESIAN_POINT('',(12.5,10.75,19.2));
#6708=CARTESIAN_POINT('',(12.5,10.75,18.7));
#6709=CARTESIAN_POINT('',(12.5,-10.75,19.2));
#6710=CARTESIAN_POINT('Origin',(12.5,-3.21508079986924E-16,19.2));
#6711=CARTESIAN_POINT('',(12.5,-10.75,18.7));
#6712=CARTESIAN_POINT('Origin',(32.0843492724586,1.47500000000004,-24.4873745390689));
#6713=CARTESIAN_POINT('',(32.1017990208099,2.45000000000007,-23.9876791255594));
#6714=CARTESIAN_POINT('',(32.1017990208099,5.45000000000007,-23.9876791255594));
#6715=CARTESIAN_POINT('',(32.1017990208099,1.47500000000004,-23.9876791255594));
#6716=CARTESIAN_POINT('',(32.5840446859682,4.95000000000007,-24.5048242874202));
#6717=CARTESIAN_POINT('Origin',(32.0843492724586,5.45000000000007,-24.4873745390689));
#6718=CARTESIAN_POINT('',(32.5840446859682,2.95000000000007,-24.5048242874202));
#6719=CARTESIAN_POINT('',(32.5840446859682,1.47500000000004,-24.5048242874202));
#6720=CARTESIAN_POINT('Origin',(32.0843492724586,2.45000000000007,-24.4873745390689));
#6721=CARTESIAN_POINT('Origin',(29.8535263510037,5.45000000000007,-24.4094724860519));
#6722=CARTESIAN_POINT('',(42.5779529561591,4.95000000000007,-24.8538192544452));
#6723=CARTESIAN_POINT('',(29.8535263510037,4.95000000000007,-24.4094724860519));
#6724=CARTESIAN_POINT('',(43.0950981180199,5.45000000000007,-24.3715735892869));
#6725=CARTESIAN_POINT('',(29.8709760993549,5.45000000000007,-23.9097770725423));
#6726=CARTESIAN_POINT('Origin',(43.0776483696687,5.45000000000007,-24.8712690027964));
#6727=CARTESIAN_POINT('Origin',(29.8535263510037,2.45000000000007,-24.4094724860519));
#6728=CARTESIAN_POINT('',(43.0950981180199,2.45000000000007,-24.3715735892869));
#6729=CARTESIAN_POINT('',(29.8709760993549,2.45000000000007,-23.9097770725423));
#6730=CARTESIAN_POINT('',(42.5779529561591,2.95000000000007,-24.8538192544452));
#6731=CARTESIAN_POINT('',(29.8535263510037,2.95000000000007,-24.4094724860519));
#6732=CARTESIAN_POINT('Origin',(43.0776483696687,2.45000000000007,-24.8712690027964));
#6733=CARTESIAN_POINT('Origin',(43.0776483696687,1.47500000000004,-24.8712690027964));
#6734=CARTESIAN_POINT('',(43.0950981180199,1.47500000000004,-24.3715735892869));
#6735=CARTESIAN_POINT('',(42.5779529561591,1.47500000000004,-24.8538192544452));
#6736=CARTESIAN_POINT('Origin',(32.6058847136392,2.95000000000007,-23.8794077233278));
#6737=CARTESIAN_POINT('',(32.5360857202342,2.95000000000007,-25.8781893773659));
#6738=CARTESIAN_POINT('',(32.6058847136392,2.95000000000007,-23.8794077233278));
#6739=CARTESIAN_POINT('',(42.5299939904251,2.95000000000007,-26.227184344391));
#6740=CARTESIAN_POINT('',(32.5360857202342,2.95000000000007,-25.8781893773659));
#6741=CARTESIAN_POINT('',(42.5997929838301,2.95000000000007,-24.2284026903527));
#6742=CARTESIAN_POINT('Origin',(32.5360857202342,2.95000000000007,-25.8781893773659));
#6743=CARTESIAN_POINT('',(32.4662867268292,4.95000000000007,-27.8769710314041));
#6744=CARTESIAN_POINT('',(32.6058847136392,4.95000000000007,-23.8794077233278));
#6745=CARTESIAN_POINT('',(32.4662867268292,0.950000000000071,-27.8769710314041));
#6746=CARTESIAN_POINT('',(32.4662867268292,4.95000000000007,-27.8769710314041));
#6747=CARTESIAN_POINT('',(32.5360857202342,0.950000000000071,-25.8781893773659));
#6748=CARTESIAN_POINT('',(32.5360857202342,0.950000000000071,-25.8781893773659));
#6749=CARTESIAN_POINT('',(32.5360857202342,2.95000000000007,-25.8781893773659));
#6750=CARTESIAN_POINT('Origin',(27.1404577643904,0.,-23.8144252711741));
#6751=CARTESIAN_POINT('',(4.28280278334292,-4.94974746830583,-23.016218370459));
#6752=CARTESIAN_POINT('',(5.23470574448665,-7.24784450716212,-23.0494595543436));
#6753=CARTESIAN_POINT('Origin',(7.53280278334292,-4.94974746830583,-23.1297108713072));
#6754=CARTESIAN_POINT('Origin',(7.53280278334292,-4.94974746830583,-23.1297108713072));
#6755=CARTESIAN_POINT('',(5.23470574448665,7.24784450716212,-23.0494595543436));
#6756=CARTESIAN_POINT('Origin',(12.4825502516487,1.11022302462516E-15,-23.3025598616902));
#6757=CARTESIAN_POINT('',(4.28280278334292,4.94974746830583,-23.016218370459));
#6758=CARTESIAN_POINT('Origin',(7.53280278334292,4.94974746830583,-23.1297108713072));
#6759=CARTESIAN_POINT('Origin',(7.53280278334292,4.94974746830583,-23.1297108713072));
#6760=CARTESIAN_POINT('',(12.4825502516487,10.25,-23.3025598616902));
#6761=CARTESIAN_POINT('Origin',(12.4825502516487,1.11022302462516E-15,-23.3025598616902));
#6762=CARTESIAN_POINT('',(43.6896570328353,10.25,-24.3923360441004));
#6763=CARTESIAN_POINT('',(19.7225145505448,10.25,-23.5553849861005));
#6764=CARTESIAN_POINT('',(47.9396570328353,14.5,-24.5407493144403));
#6765=CARTESIAN_POINT('',(37.8486442441585,4.40898721132318,-24.1883633829087));
#6766=CARTESIAN_POINT('',(51.5564214414139,14.5,-24.6670495106583));
#6767=CARTESIAN_POINT('',(39.0633711420715,14.5,-24.2307825809061));
#6768=CARTESIAN_POINT('',(51.5564214414139,-14.5,-24.6670495106583));
#6769=CARTESIAN_POINT('',(51.5564214414139,-0.0500000000000193,-24.6670495106583));
#6770=CARTESIAN_POINT('',(47.9396570328353,-14.5,-24.5407493144403));
#6771=CARTESIAN_POINT('',(36.5664160792467,-14.5,-24.143586988726));
#6772=CARTESIAN_POINT('',(43.6896570328353,-10.25,-24.3923360441004));
#6773=CARTESIAN_POINT('',(37.8486442441585,-4.40898721132318,-24.1883633829087));
#6774=CARTESIAN_POINT('',(12.4825502516487,-10.25,-23.3025598616902));
#6775=CARTESIAN_POINT('',(37.2011999903182,-10.25,-24.1657541313616));
#6776=CARTESIAN_POINT('Origin',(12.4825502516487,1.11022302462516E-15,-23.3025598616902));
#6777=CARTESIAN_POINT('',(32.1017990208099,-5.54999999999993,-23.9876791255594));
#6778=CARTESIAN_POINT('',(32.1017990208099,-2.54999999999993,-23.9876791255594));
#6779=CARTESIAN_POINT('',(32.1017990208099,-1.52499999999996,-23.9876791255594));
#6780=CARTESIAN_POINT('',(43.0950981180199,-5.54999999999993,-24.3715735892869));
#6781=CARTESIAN_POINT('',(29.8709760993549,-5.54999999999993,-23.9097770725423));
#6782=CARTESIAN_POINT('',(43.0950981180199,-2.54999999999993,-24.3715735892869));
#6783=CARTESIAN_POINT('',(43.0950981180199,-1.52499999999996,-24.3715735892869));
#6784=CARTESIAN_POINT('',(29.8709760993549,-2.54999999999993,-23.9097770725423));
#6785=CARTESIAN_POINT('',(8.98255025164875,1.0711829971465E-16,-23.1803371684691));
#6786=CARTESIAN_POINT('Origin',(12.4825502516487,-3.21508079986924E-16,
-23.3025598616902));
#6787=CARTESIAN_POINT('',(14.1822977199546,-4.94974746830584,-23.3619163512251));
#6788=CARTESIAN_POINT('Origin',(17.4322977199546,-4.94974746830585,-23.4754088520733));
#6789=CARTESIAN_POINT('',(14.1822977199546,4.94974746830584,-23.3619163512251));
#6790=CARTESIAN_POINT('Origin',(17.4322977199546,4.94974746830584,-23.4754088520733));
#6791=CARTESIAN_POINT('Origin',(32.0843492724586,-1.52499999999996,-24.4873745390689));
#6792=CARTESIAN_POINT('',(32.5840446859682,-3.04999999999993,-24.5048242874202));
#6793=CARTESIAN_POINT('Origin',(32.0843492724586,-2.54999999999993,-24.4873745390689));
#6794=CARTESIAN_POINT('',(32.5840446859682,-5.04999999999993,-24.5048242874202));
#6795=CARTESIAN_POINT('',(32.5840446859682,-1.52499999999996,-24.5048242874202));
#6796=CARTESIAN_POINT('Origin',(32.0843492724586,-5.54999999999993,-24.4873745390689));
#6797=CARTESIAN_POINT('Origin',(29.8535263510037,-2.54999999999993,-24.4094724860519));
#6798=CARTESIAN_POINT('',(42.5779529561591,-3.04999999999993,-24.8538192544452));
#6799=CARTESIAN_POINT('',(29.8535263510037,-3.04999999999993,-24.4094724860519));
#6800=CARTESIAN_POINT('Origin',(43.0776483696687,-2.54999999999993,-24.8712690027964));
#6801=CARTESIAN_POINT('Origin',(29.8535263510037,-5.54999999999993,-24.4094724860519));
#6802=CARTESIAN_POINT('',(42.5779529561591,-5.04999999999993,-24.8538192544452));
#6803=CARTESIAN_POINT('',(29.8535263510037,-5.04999999999993,-24.4094724860519));
#6804=CARTESIAN_POINT('Origin',(43.0776483696687,-5.54999999999993,-24.8712690027964));
#6805=CARTESIAN_POINT('Origin',(43.0776483696687,-1.52499999999996,-24.8712690027964));
#6806=CARTESIAN_POINT('',(42.5779529561591,-1.52499999999996,-24.8538192544452));
#6807=CARTESIAN_POINT('Origin',(32.6058847136392,-5.04999999999993,-23.8794077233278));
#6808=CARTESIAN_POINT('',(32.4662867268292,-5.04999999999993,-27.8769710314041));
#6809=CARTESIAN_POINT('',(32.6058847136392,-5.04999999999993,-23.8794077233278));
#6810=CARTESIAN_POINT('',(42.4601949970201,-5.04999999999993,-28.2259659984291));
#6811=CARTESIAN_POINT('',(32.4662867268292,-5.04999999999993,-27.8769710314041));
#6812=CARTESIAN_POINT('',(42.5997929838301,-5.04999999999993,-24.2284026903527));
#6813=CARTESIAN_POINT('Origin',(32.5360857202342,-3.04999999999992,-25.8781893773659));
#6814=CARTESIAN_POINT('',(32.5360857202342,-3.04999999999993,-25.8781893773659));
#6815=CARTESIAN_POINT('',(32.6058847136392,-3.04999999999993,-23.8794077233278));
#6816=CARTESIAN_POINT('',(32.5360857202342,-1.04999999999992,-25.8781893773659));
#6817=CARTESIAN_POINT('',(32.5360857202342,-1.04999999999992,-25.8781893773659));
#6818=CARTESIAN_POINT('',(32.4662867268292,-1.04999999999993,-27.8769710314041));
#6819=CARTESIAN_POINT('',(32.5360857202342,-1.04999999999992,-25.8781893773659));
#6820=CARTESIAN_POINT('',(32.4662867268292,-1.04999999999993,-27.8769710314041));
#6821=CARTESIAN_POINT('Origin',(37.2186497386695,-10.25,-23.666058717852));
#6822=CARTESIAN_POINT('',(43.5,-10.75,-23.8854083024249));
#6823=CARTESIAN_POINT('',(12.5,-10.75,-22.8028644481807));
#6824=CARTESIAN_POINT('',(37.2186497386695,-10.75,-23.666058717852));
#6825=CARTESIAN_POINT('Origin',(12.5,-10.25,-22.8028644481807));
#6826=CARTESIAN_POINT('',(43.4998477299551,-10.7498477299551,-23.8977493414937));
#6827=CARTESIAN_POINT('Origin',(43.7071067811865,-10.25,-23.8926406305909));
#6828=CARTESIAN_POINT('Origin',(43.,-10.25,-23.867947917679));
#6829=CARTESIAN_POINT('Origin',(37.8660939925097,-4.40898721132318,-23.6886679693991));
#6830=CARTESIAN_POINT('',(47.7498477299551,-14.9998477299551,-24.0461626118336));
#6831=CARTESIAN_POINT('Origin',(47.9571067811866,-14.5,-24.0410539009308));
#6832=CARTESIAN_POINT('',(37.5125406019165,-4.76254060191646,-23.6886679693991));
#6833=CARTESIAN_POINT('Origin',(51.5738711897652,-0.0500000000000193,-24.1673540971487));
#6834=CARTESIAN_POINT('',(52.0067764854191,14.9413729448619,-24.4175400379904));
#6835=CARTESIAN_POINT('',(52.0067764854191,-14.9413729448619,-24.4175400379904));
#6836=CARTESIAN_POINT('',(52.0067764854191,-0.0500000000000193,-24.4175400379904));
#6837=CARTESIAN_POINT('Origin',(51.5738711897652,-14.5,-24.1673540971487));
#6838=CARTESIAN_POINT('Origin',(51.5738711897652,14.5,-24.1673540971487));
#6839=CARTESIAN_POINT('Origin',(36.5838658275979,-14.5,-23.6438915752164));
#6840=CARTESIAN_POINT('',(52.1399405641192,-15.,-24.1871216752869));
#6841=CARTESIAN_POINT('Origin',(52.1399405641192,-14.5,-24.1871216752869));
#6842=CARTESIAN_POINT('',(47.75,-15.,-24.0338215727648));
#6843=CARTESIAN_POINT('',(36.5838658275979,-15.,-23.6438915752164));
#6844=CARTESIAN_POINT('Origin',(47.25,-14.5,-24.0163611880189));
#6845=CARTESIAN_POINT('Origin',(39.0808208904227,14.5,-23.7310871673966));
#6846=CARTESIAN_POINT('',(47.75,15.,-24.0338215727648));
#6847=CARTESIAN_POINT('',(52.1399405641192,15.,-24.1871216752869));
#6848=CARTESIAN_POINT('',(39.0808208904227,15.,-23.7310871673966));
#6849=CARTESIAN_POINT('Origin',(52.1399405641192,14.5,-24.1871216752869));
#6850=CARTESIAN_POINT('',(47.7498477299551,14.9998477299551,-24.0461626118336));
#6851=CARTESIAN_POINT('Origin',(47.9571067811866,14.5,-24.0410539009308));
#6852=CARTESIAN_POINT('Origin',(47.25,14.5,-24.0163611880189));
#6853=CARTESIAN_POINT('Origin',(37.8660939925097,4.40898721132318,-23.6886679693991));
#6854=CARTESIAN_POINT('',(43.4998477299551,10.7498477299551,-23.8977493414937));
#6855=CARTESIAN_POINT('',(37.5125406019164,4.76254060191646,-23.6886679693991));
#6856=CARTESIAN_POINT('Origin',(43.7071067811865,10.25,-23.8926406305909));
#6857=CARTESIAN_POINT('Ctrl Pts',(12.5,-10.75,-22.8028644481807));
#6858=CARTESIAN_POINT('Ctrl Pts',(10.8918037606624,-10.75,-22.7493170654591));
#6859=CARTESIAN_POINT('Ctrl Pts',(7.67660554439774,-10.0160202122859,-22.6422620648312));
#6860=CARTESIAN_POINT('Ctrl Pts',(3.80793416028018,-6.93202057499991,-22.5134486637287));
#6861=CARTESIAN_POINT('Ctrl Pts',(1.65990463489898,-2.47398117973587,-22.4419266962727));
#6862=CARTESIAN_POINT('Ctrl Pts',(1.66219970333016,2.47358360606075,-22.4420031141281));
#6863=CARTESIAN_POINT('Ctrl Pts',(3.80671443742351,6.93241144785618,-22.5134080511685));
#6864=CARTESIAN_POINT('Ctrl Pts',(7.67691202571902,10.0160803915289,-22.6422722696012));
#6865=CARTESIAN_POINT('Ctrl Pts',(10.8918037606624,10.75,-22.7493170654591));
#6866=CARTESIAN_POINT('Ctrl Pts',(12.5,10.75,-22.8028644481807));
#6867=CARTESIAN_POINT('Ctrl Pts',(12.4954316665644,-10.75,-22.9336844015235));
#6868=CARTESIAN_POINT('Ctrl Pts',(10.8870934235909,-10.7493011339526,-22.8796979346616));
#6869=CARTESIAN_POINT('Ctrl Pts',(7.67278525475142,-10.0141524234764,-22.7717908041176));
#6870=CARTESIAN_POINT('Ctrl Pts',(3.80611823074557,-6.92951693656283,-22.6419633109029));
#6871=CARTESIAN_POINT('Ctrl Pts',(1.65983727388191,-2.47293619918639,-22.5698902821839));
#6872=CARTESIAN_POINT('Ctrl Pts',(1.66220260654579,2.47250267034691,-22.5699694340504));
#6873=CARTESIAN_POINT('Ctrl Pts',(3.80488275422209,6.92997440877187,-22.6419218892442));
#6874=CARTESIAN_POINT('Ctrl Pts',(7.67308484030082,10.0141572852548,-22.7718009065555));
#6875=CARTESIAN_POINT('Ctrl Pts',(10.8870934235909,10.7493011339526,-22.8796979346616));
#6876=CARTESIAN_POINT('Ctrl Pts',(12.4954316665644,10.75,-22.9336844015235));
#6877=CARTESIAN_POINT('Ctrl Pts',(12.486333589108,-10.641593351862,-23.1942192519533));
#6878=CARTESIAN_POINT('Ctrl Pts',(10.8944698814293,-10.6403148209969,-23.139394117213));
#6879=CARTESIAN_POINT('Ctrl Pts',(7.71292299498059,-9.91114259953739,-23.0297936452603));
#6880=CARTESIAN_POINT('Ctrl Pts',(3.88750899040895,-6.85742192126274,-22.8980079003979));
#6881=CARTESIAN_POINT('Ctrl Pts',(1.76441584359466,-2.44693005525352,-22.8248564385928));
#6882=CARTESIAN_POINT('Ctrl Pts',(1.76664133708569,2.44655812269385,-22.8249305603076));
#6883=CARTESIAN_POINT('Ctrl Pts',(3.88631559717537,6.85777384473627,-22.8979673681366));
#6884=CARTESIAN_POINT('Ctrl Pts',(7.71322690441904,9.91122606808113,-23.0298043235944));
#6885=CARTESIAN_POINT('Ctrl Pts',(10.8944698814293,10.6403148209969,-23.139394117213));
#6886=CARTESIAN_POINT('Ctrl Pts',(12.486333589108,10.641593351862,-23.1942192519533));
#6887=CARTESIAN_POINT('Ctrl Pts',(12.4825502516487,-10.3808996938996,-23.3025598616902));
#6888=CARTESIAN_POINT('Ctrl Pts',(10.9295595705849,-10.380460342118,-23.2483140386516));
#6889=CARTESIAN_POINT('Ctrl Pts',(7.8252644690864,-9.67087000832832,-23.1399291044715));
#6890=CARTESIAN_POINT('Ctrl Pts',(4.090807467227,-6.69242175358148,-23.0094999776386));
#6891=CARTESIAN_POINT('Ctrl Pts',(2.01765202278451,-2.38834974337729,-22.9371034150014));
#6892=CARTESIAN_POINT('Ctrl Pts',(2.01988098822242,2.38795873901228,-22.937188858707));
#6893=CARTESIAN_POINT('Ctrl Pts',(4.08962738266009,6.69281325759294,-23.0094569694429));
#6894=CARTESIAN_POINT('Ctrl Pts',(7.82555845640781,9.67091542093121,-23.1399388041593));
#6895=CARTESIAN_POINT('Ctrl Pts',(10.9295595705849,10.380460342118,-23.2483140386516));
#6896=CARTESIAN_POINT('Ctrl Pts',(12.4825502516488,10.3808996938996,-23.3025598616902));
#6897=CARTESIAN_POINT('Ctrl Pts',(12.4825502516487,-10.25,-23.3025598616902));
#6898=CARTESIAN_POINT('Ctrl Pts',(10.9491538373966,-10.25,-23.2490124789687));
#6899=CARTESIAN_POINT('Ctrl Pts',(7.88349972421403,-9.55015880706333,-23.1419574783408));
#6900=CARTESIAN_POINT('Ctrl Pts',(4.19476654400892,-6.609601013372,-23.0131440772383));
#6901=CARTESIAN_POINT('Ctrl Pts',(2.14664536864544,-2.35891228765513,-22.9416221097823));
#6902=CARTESIAN_POINT('Ctrl Pts',(2.14883368970774,2.35853320577886,-22.9416985276376));
#6903=CARTESIAN_POINT('Ctrl Pts',(4.19360355244791,6.60997370609543,-23.0131034646781));
#6904=CARTESIAN_POINT('Ctrl Pts',(7.88379195059014,9.55021618727173,-23.1419676831107));
#6905=CARTESIAN_POINT('Ctrl Pts',(10.9491538373966,10.25,-23.2490124789687));
#6906=CARTESIAN_POINT('Ctrl Pts',(12.4825502516488,10.25,-23.3025598616902));
#6907=CARTESIAN_POINT('',(12.5,10.75,-22.8028644481807));
#6908=CARTESIAN_POINT('Origin',(12.5,10.25,-22.8028644481807));
#6909=CARTESIAN_POINT('Origin',(12.5,1.11022302462516E-15,-22.8028644481807));
#6910=CARTESIAN_POINT('Origin',(19.739964298896,10.25,-23.0556895725909));
#6911=CARTESIAN_POINT('',(43.5,10.75,-23.8854083024249));
#6912=CARTESIAN_POINT('',(19.739964298896,10.75,-23.0556895725909));
#6913=CARTESIAN_POINT('Origin',(43.,10.25,-23.867947917679));
#6914=CARTESIAN_POINT('Origin',(45.5,-12.75,0.499999999999996));
#6915=CARTESIAN_POINT('',(47.75,-15.,-18.2));
#6916=CARTESIAN_POINT('',(47.75,-15.,9.6));
#6917=CARTESIAN_POINT('',(43.5,-10.75,-18.2));
#6918=CARTESIAN_POINT('',(37.71875,-4.96875,-18.2));
#6919=CARTESIAN_POINT('',(43.5,-10.75,0.499999999999996));
#6920=CARTESIAN_POINT('Origin',(47.5,-15.,18.7));
#6921=CARTESIAN_POINT('',(69.1,-15.,5.15944959765111));
#6922=CARTESIAN_POINT('',(69.2249079477482,-15.,5.37558209441545));
#6923=CARTESIAN_POINT('',(69.1,-15.,23.7));
#6924=CARTESIAN_POINT('',(69.1,-15.,31.725));
#6925=CARTESIAN_POINT('',(47.75,-15.,23.7));
#6926=CARTESIAN_POINT('',(52.5,-15.,23.7));
#6927=CARTESIAN_POINT('',(47.75,-15.,19.2));
#6928=CARTESIAN_POINT('',(47.75,-15.,18.7));
#6929=CARTESIAN_POINT('',(37.3125,-15.,19.2));
#6930=CARTESIAN_POINT('',(37.3125,-15.,-18.2));
#6931=CARTESIAN_POINT('',(58.282849271789,-15.,13.7903821116269));
#6932=CARTESIAN_POINT('',(58.282849271789,-15.,21.7903821116269));
#6933=CARTESIAN_POINT('',(58.282849271789,-15.,20.2451910558135));
#6934=CARTESIAN_POINT('',(60.282849271789,-15.,21.7903821116269));
#6935=CARTESIAN_POINT('',(52.8914246358945,-15.,21.7903821116269));
#6936=CARTESIAN_POINT('',(60.282849271789,-15.,13.7903821116269));
#6937=CARTESIAN_POINT('',(60.2828492717889,-15.,20.2451910558135));
#6938=CARTESIAN_POINT('',(52.8914246358945,-15.,13.7903821116269));
#6939=CARTESIAN_POINT('',(50.282849271789,-15.,13.7903821116269));
#6940=CARTESIAN_POINT('',(50.282849271789,-15.,21.7903821116269));
#6941=CARTESIAN_POINT('',(50.282849271789,-15.,20.2451910558135));
#6942=CARTESIAN_POINT('',(52.282849271789,-15.,21.7903821116269));
#6943=CARTESIAN_POINT('',(49.8914246358945,-15.,21.7903821116269));
#6944=CARTESIAN_POINT('',(52.282849271789,-15.,13.7903821116269));
#6945=CARTESIAN_POINT('',(52.282849271789,-15.,20.2451910558135));
#6946=CARTESIAN_POINT('',(49.8914246358945,-15.,13.7903821116269));
#6947=CARTESIAN_POINT('Origin',(68.8917157775708,-0.100000000000039,4.79904827938595));
#6948=CARTESIAN_POINT('',(69.1,15.,5.15944959765112));
#6949=CARTESIAN_POINT('',(69.8508379976965,15.,6.45865028130052));
#6950=CARTESIAN_POINT('',(69.1,-0.100000000000037,5.15944959765112));
#6951=CARTESIAN_POINT('Origin',(52.5,15.,18.7));
#6952=CARTESIAN_POINT('',(47.75,15.,-18.2));
#6953=CARTESIAN_POINT('',(47.75,15.,9.6));
#6954=CARTESIAN_POINT('',(39.8125,15.,-18.2));
#6955=CARTESIAN_POINT('',(47.75,15.,19.2));
#6956=CARTESIAN_POINT('',(39.8125,15.,19.2));
#6957=CARTESIAN_POINT('',(47.75,15.,23.7));
#6958=CARTESIAN_POINT('',(47.75,15.,18.7));
#6959=CARTESIAN_POINT('',(69.1,15.,23.7));
#6960=CARTESIAN_POINT('',(52.5,15.,23.7));
#6961=CARTESIAN_POINT('',(69.1,15.,31.725));
#6962=CARTESIAN_POINT('Ctrl Pts',(4.80025253169417,-4.94974746830583,-22.5165229569494));
#6963=CARTESIAN_POINT('Ctrl Pts',(4.80025253169417,-5.77254554424602,-22.5165229569494));
#6964=CARTESIAN_POINT('Ctrl Pts',(5.58674729600383,-7.41134253608759,-22.5489815961151));
#6965=CARTESIAN_POINT('Ctrl Pts',(8.25006434086185,-8.01728888596377,-22.6588966913778));
#6966=CARTESIAN_POINT('Ctrl Pts',(10.3889065802677,-6.3160716921694,-22.7471667112578));
#6967=CARTESIAN_POINT('Ctrl Pts',(10.3843377115319,-3.58558973079891,-22.7469781540436));
#6968=CARTESIAN_POINT('Ctrl Pts',(8.25146317824812,-1.87655845357858,-22.6589544213972));
#6969=CARTESIAN_POINT('Ctrl Pts',(5.58750746543847,-2.4918866695397,-22.5490129683079));
#6970=CARTESIAN_POINT('Ctrl Pts',(4.80025253169417,-4.12694939236565,-22.5165229569494));
#6971=CARTESIAN_POINT('Ctrl Pts',(4.80025253169417,-4.94974746830583,-22.5165229569494));
#6972=CARTESIAN_POINT('Ctrl Pts',(4.80025253169417,-4.94974746830583,-22.6503315329357));
#6973=CARTESIAN_POINT('Ctrl Pts',(4.80025253169417,-5.77080061265419,-22.6503315329357));
#6974=CARTESIAN_POINT('Ctrl Pts',(5.58372162856981,-7.40737887932088,-22.6819075457176));
#6975=CARTESIAN_POINT('Ctrl Pts',(8.24428557637485,-8.01885982143412,-22.7889557480094));
#6976=CARTESIAN_POINT('Ctrl Pts',(10.3888435013202,-6.31906812977715,-22.8750598609727));
#6977=CARTESIAN_POINT('Ctrl Pts',(10.3845274049098,-3.58258789764678,-22.8748830990237));
#6978=CARTESIAN_POINT('Ctrl Pts',(8.24543554643347,-1.87521200960962,-22.7890064332202));
#6979=CARTESIAN_POINT('Ctrl Pts',(5.58447915671398,-2.49561747257534,-22.6819372628719));
#6980=CARTESIAN_POINT('Ctrl Pts',(4.80025253169417,-4.12869432395748,-22.6503315329357));
#6981=CARTESIAN_POINT('Ctrl Pts',(4.80025253169417,-4.94974746830583,-22.6503315329357));
#6982=CARTESIAN_POINT('Ctrl Pts',(4.68672129571016,-4.94974746830583,-22.9167230774212));
#6983=CARTESIAN_POINT('Ctrl Pts',(4.68672129571016,-5.80249340597808,-22.9167230774212));
#6984=CARTESIAN_POINT('Ctrl Pts',(5.49786904043039,-7.50110797580831,-22.9465407270211));
#6985=CARTESIAN_POINT('Ctrl Pts',(8.26179743775469,-8.14149902762115,-23.0480199799587));
#6986=CARTESIAN_POINT('Ctrl Pts',(10.4962749033939,-6.3756441070965,-23.129917333925));
#6987=CARTESIAN_POINT('Ctrl Pts',(10.4914112476825,-3.52620130498466,-23.1297309652715));
#6988=CARTESIAN_POINT('Ctrl Pts',(8.2631374927275,-1.75200657758671,-23.0480749909603));
#6989=CARTESIAN_POINT('Ctrl Pts',(5.49881583194572,-2.40226638784149,-22.9465767314413));
#6990=CARTESIAN_POINT('Ctrl Pts',(4.68672129571016,-4.09700153063359,-22.9167230774212));
#6991=CARTESIAN_POINT('Ctrl Pts',(4.68672129571016,-4.94974746830583,-22.9167230774212));
#6992=CARTESIAN_POINT('Ctrl Pts',(4.41652984676004,-4.94974746830583,-23.0208882224154));
#6993=CARTESIAN_POINT('Ctrl Pts',(4.41652984676004,-5.88200411633976,-23.0208882224154));
#6994=CARTESIAN_POINT('Ctrl Pts',(5.30655807424956,-7.73924002100785,-23.0519934495899));
#6995=CARTESIAN_POINT('Ctrl Pts',(8.32580871880412,-8.43007189230397,-23.1574029228953));
#6996=CARTESIAN_POINT('Ctrl Pts',(10.7555130097891,-6.50137404283001,-23.2422256067059));
#6997=CARTESIAN_POINT('Ctrl Pts',(10.7503878296871,-3.40059404000812,-23.2420699004591));
#6998=CARTESIAN_POINT('Ctrl Pts',(8.32729805922459,-1.46306542916026,-23.157442456113));
#6999=CARTESIAN_POINT('Ctrl Pts',(5.30744807942454,-2.16441768893237,-23.0520175314971));
#7000=CARTESIAN_POINT('Ctrl Pts',(4.41652984676004,-4.01749082027191,-23.0208882224154));
#7001=CARTESIAN_POINT('Ctrl Pts',(4.41652984676004,-4.94974746830583,-23.0208882224154));
#7002=CARTESIAN_POINT('Ctrl Pts',(4.28280278334292,-4.94974746830583,-23.016218370459));
#7003=CARTESIAN_POINT('Ctrl Pts',(4.28280278334292,-5.92214519441696,-23.016218370459));
#7004=CARTESIAN_POINT('Ctrl Pts',(5.21229659570889,-7.85890527568427,-23.0486770096246));
#7005=CARTESIAN_POINT('Ctrl Pts',(8.35985310326835,-8.57502368917431,-23.1585921048873));
#7006=CARTESIAN_POINT('Ctrl Pts',(10.887575749839,-6.56449427832642,-23.2468621247674));
#7007=CARTESIAN_POINT('Ctrl Pts',(10.8821761776966,-3.3375610512522,-23.2466735675532));
#7008=CARTESIAN_POINT('Ctrl Pts',(8.36150627472484,-1.31779681453726,-23.1586498349067));
#7009=CARTESIAN_POINT('Ctrl Pts',(5.21319497776801,-2.04500288794586,-23.0487083818174));
#7010=CARTESIAN_POINT('Ctrl Pts',(4.28280278334292,-3.9773497421947,-23.016218370459));
#7011=CARTESIAN_POINT('Ctrl Pts',(4.28280278334292,-4.94974746830583,-23.016218370459));
#7012=CARTESIAN_POINT('',(4.80025253169417,-4.94974746830583,-22.5165229569494));
#7013=CARTESIAN_POINT('Origin',(4.30025253169417,-4.94974746830583,-22.5165229569494));
#7014=CARTESIAN_POINT('Origin',(7.55025253169417,-4.94974746830583,-22.6300154577976));
#7015=CARTESIAN_POINT('Origin',(7.55025253169417,-4.94974746830583,-22.7));
#7016=CARTESIAN_POINT('',(4.80025253169417,-4.94974746830583,-20.7));
#7017=CARTESIAN_POINT('',(4.80025253169417,-4.94974746830583,-22.7));
#7018=CARTESIAN_POINT('Origin',(7.55025253169417,-4.94974746830583,-20.7));
#7019=CARTESIAN_POINT('Ctrl Pts',(14.6997474683058,4.94974746830584,-22.8622209377156));
#7020=CARTESIAN_POINT('Ctrl Pts',(14.6997474683058,4.12694939236566,-22.8622209377156));
#7021=CARTESIAN_POINT('Ctrl Pts',(15.4863911964922,2.48799743299748,-22.8946857246205));
#7022=CARTESIAN_POINT('Ctrl Pts',(18.1494902403424,1.88237775139237,-23.0045918229815));
#7023=CARTESIAN_POINT('Ctrl Pts',(20.288606433276,3.58333997867619,-23.0928731489237));
#7024=CARTESIAN_POINT('Ctrl Pts',(20.2836948344375,6.31384913313591,-23.0926704472381));
#7025=CARTESIAN_POINT('Ctrl Pts',(18.1509376114142,8.02317487403517,-23.0046515559861));
#7026=CARTESIAN_POINT('Ctrl Pts',(15.4871484413527,7.40747345948194,-22.8947169761161));
#7027=CARTESIAN_POINT('Ctrl Pts',(14.6997474683058,5.77254554424603,-22.8622209377156));
#7028=CARTESIAN_POINT('Ctrl Pts',(14.6997474683058,4.94974746830584,-22.8622209377156));
#7029=CARTESIAN_POINT('Ctrl Pts',(14.6997474683058,4.94974746830584,-22.9960295137018));
#7030=CARTESIAN_POINT('Ctrl Pts',(14.6997474683058,4.12869432395749,-22.9960295137018));
#7031=CARTESIAN_POINT('Ctrl Pts',(15.4833904222716,2.49200839236356,-23.0276122790669));
#7032=CARTESIAN_POINT('Ctrl Pts',(18.1437074013337,1.88083097425296,-23.1346508586582));
#7033=CARTESIAN_POINT('Ctrl Pts',(20.2885087156575,3.5803588503657,-23.2207651046308));
#7034=CARTESIAN_POINT('Ctrl Pts',(20.2838625705159,6.31683108442011,-23.2205749201636));
#7035=CARTESIAN_POINT('Ctrl Pts',(18.1448891734525,8.02448273414625,-23.1347031205286));
#7036=CARTESIAN_POINT('Ctrl Pts',(15.4841422568803,7.40370959315755,-23.0276417415319));
#7037=CARTESIAN_POINT('Ctrl Pts',(14.6997474683058,5.7708006126542,-22.9960295137018));
#7038=CARTESIAN_POINT('Ctrl Pts',(14.6997474683058,4.94974746830584,-22.9960295137018));
#7039=CARTESIAN_POINT('Ctrl Pts',(14.5861896241288,4.94974746830584,-23.2623935045968));
#7040=CARTESIAN_POINT('Ctrl Pts',(14.5861896241288,4.0970015306336,-23.2623935045968));
#7041=CARTESIAN_POINT('Ctrl Pts',(15.3974808733707,2.39818625173402,-23.2922164814236));
#7042=CARTESIAN_POINT('Ctrl Pts',(18.1612368858814,1.75814085401606,-23.3936914564571));
#7043=CARTESIAN_POINT('Ctrl Pts',(20.3960158914264,3.52374432367914,-23.4756016917762));
#7044=CARTESIAN_POINT('Ctrl Pts',(20.3907942347738,6.37324973561853,-23.4754021982785));
#7045=CARTESIAN_POINT('Ctrl Pts',(18.162615345935,8.14776957772351,-23.3937480532168));
#7046=CARTESIAN_POINT('Ctrl Pts',(15.3984393090246,7.49713525088146,-23.2922529450697));
#7047=CARTESIAN_POINT('Ctrl Pts',(14.5861896241288,5.80249340597808,-23.2623935045968));
#7048=CARTESIAN_POINT('Ctrl Pts',(14.5861896241288,4.94974746830584,-23.2623935045968));
#7049=CARTESIAN_POINT('Ctrl Pts',(14.3160247833717,4.94974746830584,-23.3665862031815));
#7050=CARTESIAN_POINT('Ctrl Pts',(14.3160247833717,4.01749082027192,-23.3665862031815));
#7051=CARTESIAN_POINT('Ctrl Pts',(15.2062246494853,2.16009088964171,-23.3977003977074));
#7052=CARTESIAN_POINT('Ctrl Pts',(18.2252255038569,1.46962330671546,-23.5030977544353));
#7053=CARTESIAN_POINT('Ctrl Pts',(20.6552326644685,3.39802916483416,-23.5879281338605));
#7054=CARTESIAN_POINT('Ctrl Pts',(20.6497212325336,6.49883200629687,-23.5877601931275));
#7055=CARTESIAN_POINT('Ctrl Pts',(18.2267632413483,8.43669093295276,-23.5031381493378));
#7056=CARTESIAN_POINT('Ctrl Pts',(15.2071134562077,7.73491748298067,-23.3977235913241));
#7057=CARTESIAN_POINT('Ctrl Pts',(14.3160247833717,5.88200411633977,-23.3665862031815));
#7058=CARTESIAN_POINT('Ctrl Pts',(14.3160247833717,4.94974746830584,-23.3665862031815));
#7059=CARTESIAN_POINT('Ctrl Pts',(14.1822977199546,4.94974746830584,-23.3619163512251));
#7060=CARTESIAN_POINT('Ctrl Pts',(14.1822977199546,3.97734974219472,-23.3619163512251));
#7061=CARTESIAN_POINT('Ctrl Pts',(15.1119675805384,2.04040651748687,-23.39438113813));
#7062=CARTESIAN_POINT('Ctrl Pts',(18.2592664505432,1.32467416649901,-23.5042872364911));
#7063=CARTESIAN_POINT('Ctrl Pts',(20.7873128603739,3.33490225328898,-23.5925685624332));
#7064=CARTESIAN_POINT('Ctrl Pts',(20.7815082435648,6.56186761765047,-23.5923658607476));
#7065=CARTESIAN_POINT('Ctrl Pts',(18.2609769799918,8.58197985689504,-23.5043469694957));
#7066=CARTESIAN_POINT('Ctrl Pts',(15.1128625062827,7.85433273060487,-23.3944123896256));
#7067=CARTESIAN_POINT('Ctrl Pts',(14.1822977199546,5.92214519441697,-23.3619163512251));
#7068=CARTESIAN_POINT('Ctrl Pts',(14.1822977199546,4.94974746830584,-23.3619163512251));
#7069=CARTESIAN_POINT('',(14.6997474683058,4.94974746830584,-22.8622209377156));
#7070=CARTESIAN_POINT('Origin',(14.1997474683058,4.94974746830584,-22.8622209377156));
#7071=CARTESIAN_POINT('Origin',(17.4497474683058,4.94974746830584,-22.9757134385638));
#7072=CARTESIAN_POINT('Origin',(17.4497474683058,4.94974746830584,-22.7));
#7073=CARTESIAN_POINT('',(14.6997474683058,4.94974746830584,-20.7));
#7074=CARTESIAN_POINT('',(14.6997474683058,4.94974746830584,-22.7));
#7075=CARTESIAN_POINT('Origin',(17.4497474683058,4.94974746830584,-20.7));
#7076=CARTESIAN_POINT('Ctrl Pts',(4.80025253169417,4.94974746830583,-22.5165229569494));
#7077=CARTESIAN_POINT('Ctrl Pts',(4.80025253169417,4.12694939236565,-22.5165229569494));
#7078=CARTESIAN_POINT('Ctrl Pts',(5.5867469657092,2.488152755127,-22.5489815824838));
#7079=CARTESIAN_POINT('Ctrl Pts',(8.25006451465002,1.8822056704436,-22.6588966985501));
#7080=CARTESIAN_POINT('Ctrl Pts',(10.3889061202411,3.58342343461898,-22.7471666922725));
#7081=CARTESIAN_POINT('Ctrl Pts',(10.3843380182443,6.31390533547703,-22.7469781667017));
#7082=CARTESIAN_POINT('Ctrl Pts',(8.251463224453,8.0229359449405,-22.6589544233041));
#7083=CARTESIAN_POINT('Ctrl Pts',(5.58750715346255,7.4076085823974,-22.5490129554327));
#7084=CARTESIAN_POINT('Ctrl Pts',(4.80025253169417,5.77254554424602,-22.5165229569494));
#7085=CARTESIAN_POINT('Ctrl Pts',(4.80025253169417,4.94974746830583,-22.5165229569494));
#7086=CARTESIAN_POINT('Ctrl Pts',(4.80025253169417,4.94974746830583,-22.6503315329357));
#7087=CARTESIAN_POINT('Ctrl Pts',(4.80025253169417,4.12869432395748,-22.6503315329357));
#7088=CARTESIAN_POINT('Ctrl Pts',(5.58372124261893,2.49211631103735,-22.6819075307366));
#7089=CARTESIAN_POINT('Ctrl Pts',(8.24428575733024,1.88063468829032,-22.7889557551593));
#7090=CARTESIAN_POINT('Ctrl Pts',(10.3888431149728,3.58042696430335,-22.8750598445566));
#7091=CARTESIAN_POINT('Ctrl Pts',(10.3845277530687,6.31690720876696,-22.874883112532));
#7092=CARTESIAN_POINT('Ctrl Pts',(8.24543563764226,8.02428247052401,-22.7890064360888));
#7093=CARTESIAN_POINT('Ctrl Pts',(5.58447879538674,7.403877844638,-22.6819372489463));
#7094=CARTESIAN_POINT('Ctrl Pts',(4.80025253169417,5.77080061265419,-22.6503315329357));
#7095=CARTESIAN_POINT('Ctrl Pts',(4.80025253169417,4.94974746830583,-22.6503315329357));
#7096=CARTESIAN_POINT('Ctrl Pts',(4.6867213575757,4.94974746830583,-22.9167231414848));
#7097=CARTESIAN_POINT('Ctrl Pts',(4.6867213575757,4.09700153063359,-22.9167231414848));
#7098=CARTESIAN_POINT('Ctrl Pts',(5.49786878453833,2.39838742026875,-22.9465407793108));
#7099=CARTESIAN_POINT('Ctrl Pts',(8.26179758173775,1.75799558868274,-23.0480200421731));
#7100=CARTESIAN_POINT('Ctrl Pts',(10.4962743497364,3.52385107235521,-23.1299173663561));
#7101=CARTESIAN_POINT('Ctrl Pts',(10.4914114958577,6.37329373321264,-23.1297310272305));
#7102=CARTESIAN_POINT('Ctrl Pts',(8.26313753023617,8.1474877233929,-23.048075048852));
#7103=CARTESIAN_POINT('Ctrl Pts',(5.49881556078842,7.49722877205337,-22.946576783059));
#7104=CARTESIAN_POINT('Ctrl Pts',(4.6867213575757,5.80249340597808,-22.9167231414848));
#7105=CARTESIAN_POINT('Ctrl Pts',(4.6867213575757,4.94974746830583,-22.9167231414848));
#7106=CARTESIAN_POINT('Ctrl Pts',(4.41652984676004,4.94974746830583,-23.0208882224154));
#7107=CARTESIAN_POINT('Ctrl Pts',(4.41652984676004,4.01749082027191,-23.0208882224154));
#7108=CARTESIAN_POINT('Ctrl Pts',(5.30655769358828,2.1602552926968,-23.0519934296773));
#7109=CARTESIAN_POINT('Ctrl Pts',(8.32580891509541,1.46942260240446,-23.1574029305375));
#7110=CARTESIAN_POINT('Ctrl Pts',(10.7555125044004,3.3981211036781,-23.2422255960957));
#7111=CARTESIAN_POINT('Ctrl Pts',(10.7503881873584,6.49890105433447,-23.242069916859));
#7112=CARTESIAN_POINT('Ctrl Pts',(8.32729812572394,8.43642891608264,-23.1574424611149));
#7113=CARTESIAN_POINT('Ctrl Pts',(5.30744771462599,7.73507761876164,-23.0520175141049));
#7114=CARTESIAN_POINT('Ctrl Pts',(4.41652984676004,5.88200411633975,-23.0208882224154));
#7115=CARTESIAN_POINT('Ctrl Pts',(4.41652984676004,4.94974746830583,-23.0208882224154));
#7116=CARTESIAN_POINT('Ctrl Pts',(4.28280278334292,4.94974746830583,-23.016218370459));
#7117=CARTESIAN_POINT('Ctrl Pts',(4.28280278334292,3.9773497421947,-23.016218370459));
#7118=CARTESIAN_POINT('Ctrl Pts',(5.21229620536068,2.04059008000358,-23.0486769959934));
#7119=CARTESIAN_POINT('Ctrl Pts',(8.35985330865437,1.32447079810501,-23.1585921120596));
#7120=CARTESIAN_POINT('Ctrl Pts',(10.8875752061711,3.33500088303955,-23.246862105782));
#7121=CARTESIAN_POINT('Ctrl Pts',(10.8821765401749,6.56193403859907,-23.2466735802112));
#7122=CARTESIAN_POINT('Ctrl Pts',(8.36150632933064,8.5816974861468,-23.1586498368136));
#7123=CARTESIAN_POINT('Ctrl Pts',(5.21319460906918,7.85449242132314,-23.0487083689422));
#7124=CARTESIAN_POINT('Ctrl Pts',(4.28280278334292,5.92214519441696,-23.016218370459));
#7125=CARTESIAN_POINT('Ctrl Pts',(4.28280278334292,4.94974746830583,-23.016218370459));
#7126=CARTESIAN_POINT('',(4.80025253169417,4.94974746830583,-22.5165229569494));
#7127=CARTESIAN_POINT('Origin',(4.30025253169417,4.94974746830583,-22.5165229569494));
#7128=CARTESIAN_POINT('Origin',(7.55025253169417,4.94974746830583,-22.6300154577976));
#7129=CARTESIAN_POINT('Origin',(7.55025253169417,4.94974746830583,-22.7));
#7130=CARTESIAN_POINT('',(4.80025253169417,4.94974746830583,-20.7));
#7131=CARTESIAN_POINT('',(4.80025253169417,4.94974746830583,-22.7));
#7132=CARTESIAN_POINT('Origin',(7.55025253169417,4.94974746830583,-20.7));
#7133=CARTESIAN_POINT('Ctrl Pts',(14.6997474683058,-4.94974746830585,-22.8622209377156));
#7134=CARTESIAN_POINT('Ctrl Pts',(14.6997474683058,-5.77254554424603,-22.8622209377156));
#7135=CARTESIAN_POINT('Ctrl Pts',(15.4863914581967,-7.41149776611085,-22.894685735421));
#7136=CARTESIAN_POINT('Ctrl Pts',(18.1494901364001,-8.01711688363885,-23.0045918186918));
#7137=CARTESIAN_POINT('Ctrl Pts',(20.2886067883427,-6.31615509904118,-23.0928731635773));
#7138=CARTESIAN_POINT('Ctrl Pts',(20.2836945938216,-3.58564589735564,-23.0926704373079));
#7139=CARTESIAN_POINT('Ctrl Pts',(18.150937576477,-1.87631965200548,-23.0046515545443));
#7140=CARTESIAN_POINT('Ctrl Pts',(15.4871487069225,-2.49202170011573,-22.8947169870761));
#7141=CARTESIAN_POINT('Ctrl Pts',(14.6997474683058,-4.12694939236566,-22.8622209377156));
#7142=CARTESIAN_POINT('Ctrl Pts',(14.6997474683058,-4.94974746830585,-22.8622209377156));
#7143=CARTESIAN_POINT('Ctrl Pts',(14.6997474683058,-4.94974746830585,-22.9960295137018));
#7144=CARTESIAN_POINT('Ctrl Pts',(14.6997474683058,-5.7708006126542,-22.9960295137018));
#7145=CARTESIAN_POINT('Ctrl Pts',(15.4833907270707,-7.40748672040321,-23.0276122909155));
#7146=CARTESIAN_POINT('Ctrl Pts',(18.1437072885915,-8.01866361261276,-23.134650854272));
#7147=CARTESIAN_POINT('Ctrl Pts',(20.2885090072442,-6.31913619944936,-23.2207651171216));
#7148=CARTESIAN_POINT('Ctrl Pts',(20.283862285278,-3.58266398425672,-23.2205749092397));
#7149=CARTESIAN_POINT('Ctrl Pts',(18.1448891009093,-1.87501186290246,-23.1347031182723));
#7150=CARTESIAN_POINT('Ctrl Pts',(15.4841425609081,-2.4957856311868,-23.0276417533101));
#7151=CARTESIAN_POINT('Ctrl Pts',(14.6997474683058,-4.12869432395749,-22.9960295137018));
#7152=CARTESIAN_POINT('Ctrl Pts',(14.6997474683058,-4.94974746830585,-22.9960295137018));
#7153=CARTESIAN_POINT('Ctrl Pts',(14.5861895796849,-4.94974746830585,-23.2623934585739));
#7154=CARTESIAN_POINT('Ctrl Pts',(14.5861895796849,-5.80249340597809,-23.2623934585739));
#7155=CARTESIAN_POINT('Ctrl Pts',(15.3974810814807,-7.50130902501078,-23.2922164447956));
#7156=CARTESIAN_POINT('Ctrl Pts',(18.1612368059717,-8.14135382761567,-23.3936914126914));
#7157=CARTESIAN_POINT('Ctrl Pts',(20.3960163168428,-6.37575079396569,-23.4756016696215));
#7158=CARTESIAN_POINT('Ctrl Pts',(20.3907940386716,-3.52624527433605,-23.4754021534403));
#7159=CARTESIAN_POINT('Ctrl Pts',(18.1626153162135,-1.75172487513476,-23.3937480115859));
#7160=CARTESIAN_POINT('Ctrl Pts',(15.3984395454343,-2.40235983576325,-23.292252909503));
#7161=CARTESIAN_POINT('Ctrl Pts',(14.5861895796849,-4.09700153063361,-23.2623934585739));
#7162=CARTESIAN_POINT('Ctrl Pts',(14.5861895796849,-4.94974746830585,-23.2623934585739));
#7163=CARTESIAN_POINT('Ctrl Pts',(14.3160247833717,-4.94974746830585,-23.3665862031815));
#7164=CARTESIAN_POINT('Ctrl Pts',(14.3160247833717,-5.88200411633977,-23.3665862031815));
#7165=CARTESIAN_POINT('Ctrl Pts',(15.2062249509048,-7.73940432333097,-23.3977004134092));
#7166=CARTESIAN_POINT('Ctrl Pts',(18.2252253858008,-8.42987127684988,-23.5030977494474));
#7167=CARTESIAN_POINT('Ctrl Pts',(20.655233053068,-6.50146592688714,-23.5879281413985));
#7168=CARTESIAN_POINT('Ctrl Pts',(20.6497209489535,-3.40066304697488,-23.5877601791029));
#7169=CARTESIAN_POINT('Ctrl Pts',(18.226763190015,-1.46280355448712,-23.5031381452673));
#7170=CARTESIAN_POINT('Ctrl Pts',(15.2071137655607,-2.16457772008737,-23.3977236059013));
#7171=CARTESIAN_POINT('Ctrl Pts',(14.3160247833717,-4.01749082027192,-23.3665862031815));
#7172=CARTESIAN_POINT('Ctrl Pts',(14.3160247833717,-4.94974746830585,-23.3665862031815));
#7173=CARTESIAN_POINT('Ctrl Pts',(14.1822977199546,-4.94974746830585,-23.3619163512251));
#7174=CARTESIAN_POINT('Ctrl Pts',(14.1822977199546,-5.92214519441697,-23.3619163512251));
#7175=CARTESIAN_POINT('Ctrl Pts',(15.1119678898256,-7.85908872934813,-23.3943811489305));
#7176=CARTESIAN_POINT('Ctrl Pts',(18.2592663277023,-8.5748204136994,-23.5042872322014));
#7177=CARTESIAN_POINT('Ctrl Pts',(20.7873132799981,-6.56459285008397,-23.5925685770868));
#7178=CARTESIAN_POINT('Ctrl Pts',(20.7815079592005,-3.33762742991015,-23.5923658508174));
#7179=CARTESIAN_POINT('Ctrl Pts',(18.2609769387023,-1.31751459449632,-23.5043469680538));
#7180=CARTESIAN_POINT('Ctrl Pts',(15.1128628201379,-2.04516246953571,-23.3944124005857));
#7181=CARTESIAN_POINT('Ctrl Pts',(14.1822977199546,-3.97734974219472,-23.3619163512251));
#7182=CARTESIAN_POINT('Ctrl Pts',(14.1822977199546,-4.94974746830584,-23.3619163512251));
#7183=CARTESIAN_POINT('',(14.6997474683058,-4.94974746830585,-22.8622209377156));
#7184=CARTESIAN_POINT('Origin',(14.1997474683058,-4.94974746830585,-22.8622209377156));
#7185=CARTESIAN_POINT('Origin',(17.4497474683058,-4.94974746830585,-22.9757134385638));
#7186=CARTESIAN_POINT('Origin',(17.4497474683058,-4.94974746830585,-22.7));
#7187=CARTESIAN_POINT('',(14.6997474683058,-4.94974746830585,-20.7));
#7188=CARTESIAN_POINT('',(14.6997474683058,-4.94974746830585,-22.7));
#7189=CARTESIAN_POINT('Origin',(17.4497474683058,-4.94974746830585,-20.7));
#7190=CARTESIAN_POINT('Ctrl Pts',(9.5,4.5885959757282E-17,-22.6806417549596));
#7191=CARTESIAN_POINT('Ctrl Pts',(9.5,-0.897597901025655,-22.6806417549596));
#7192=CARTESIAN_POINT('Ctrl Pts',(10.358003746178,-2.68538657459247,-22.7155975978435));
#7193=CARTESIAN_POINT('Ctrl Pts',(13.263426122026,-3.34639793048041,-22.8339671137505));
#7194=CARTESIAN_POINT('Ctrl Pts',(15.5967266713269,-1.49054095452103,-22.9290278728271));
#7195=CARTESIAN_POINT('Ctrl Pts',(15.5917205053985,1.48816837283812,-22.928823917133));
#7196=CARTESIAN_POINT('Ctrl Pts',(13.2649557462206,3.35258522729935,-22.8340294320134));
#7197=CARTESIAN_POINT('Ctrl Pts',(10.3588325184407,2.68129368697022,-22.7156313627695));
#7198=CARTESIAN_POINT('Ctrl Pts',(9.5,0.897597901025655,-22.6806417549596));
#7199=CARTESIAN_POINT('Ctrl Pts',(9.5,4.5885959757282E-17,-22.6806417549596));
#7200=CARTESIAN_POINT('Ctrl Pts',(9.5,4.64582002758339E-17,-22.8144503309458));
#7201=CARTESIAN_POINT('Ctrl Pts',(9.5,-0.895852969433827,-22.8144503309458));
#7202=CARTESIAN_POINT('Ctrl Pts',(10.3549795393738,-2.68142026425344,-22.8485235828749));
#7203=CARTESIAN_POINT('Ctrl Pts',(13.2576471667362,-3.34796763023414,-22.9640261708686));
#7204=CARTESIAN_POINT('Ctrl Pts',(15.596661653749,-1.49353653169757,-23.0569209549865));
#7205=CARTESIAN_POINT('Ctrl Pts',(15.5919091000042,1.49116914645197,-23.056728839499));
#7206=CARTESIAN_POINT('Ctrl Pts',(13.2589269316184,3.35392952300183,-22.9640814185536));
#7207=CARTESIAN_POINT('Ctrl Pts',(10.3558055049324,2.67756115840182,-22.8485556849004));
#7208=CARTESIAN_POINT('Ctrl Pts',(9.5,0.895852969433827,-22.8144503309458));
#7209=CARTESIAN_POINT('Ctrl Pts',(9.5,4.531371923873E-17,-22.8144503309458));
#7210=CARTESIAN_POINT('Ctrl Pts',(9.38646714462699,-1.33151509553349E-16,
-23.0808401985049));
#7211=CARTESIAN_POINT('Ctrl Pts',(9.38646714462699,-0.927545762757712,-23.0808401985049));
#7212=CARTESIAN_POINT('Ctrl Pts',(10.2691235426479,-2.77515476133445,-23.1131550031236));
#7213=CARTESIAN_POINT('Ctrl Pts',(13.2751600015508,-3.47060964332742,-23.223088961613));
#7214=CARTESIAN_POINT('Ctrl Pts',(15.704097448273,-1.55011474998522,-23.3117771497279));
#7215=CARTESIAN_POINT('Ctrl Pts',(15.6987955761453,1.54755753396379,-23.3115754383599));
#7216=CARTESIAN_POINT('Ctrl Pts',(13.2766302870412,3.47713965948667,-23.2231485361302));
#7217=CARTESIAN_POINT('Ctrl Pts',(10.2701398167568,2.77091638455047,-23.1131934375404));
#7218=CARTESIAN_POINT('Ctrl Pts',(9.38646714462699,0.927545762757712,-23.0808401985049));
#7219=CARTESIAN_POINT('Ctrl Pts',(9.38646714462699,5.8078251551172E-17,
-23.0808401985049));
#7220=CARTESIAN_POINT('Ctrl Pts',(9.11627731506588,-5.62859276714442E-16,
-23.1850070204255));
#7221=CARTESIAN_POINT('Ctrl Pts',(9.11627731506588,-1.0070564731194,-23.1850070204255));
#7222=CARTESIAN_POINT('Ctrl Pts',(10.0778158464065,-3.01328464630601,-23.2186096161943));
#7223=CARTESIAN_POINT('Ctrl Pts',(13.3391699127668,-3.75917931474677,-23.3324733326516));
#7224=CARTESIAN_POINT('Ctrl Pts',(15.9633342894104,-1.67584382147866,-23.4240865479936));
#7225=CARTESIAN_POINT('Ctrl Pts',(15.9577692833882,1.67316332634124,-23.4239155642881));
#7226=CARTESIAN_POINT('Ctrl Pts',(13.3407900941026,3.76607964687496,-23.3325173853576));
#7227=CARTESIAN_POINT('Ctrl Pts',(10.0787745211239,3.00876120463837,-23.2186360445955));
#7228=CARTESIAN_POINT('Ctrl Pts',(9.11627731506588,1.0070564731194,-23.1850070204255));
#7229=CARTESIAN_POINT('Ctrl Pts',(9.11627731506588,9.07214867912434E-17,
-23.1850070204255));
#7230=CARTESIAN_POINT('Ctrl Pts',(8.98255025164875,-7.75778193845641E-16,
-23.1803371684691));
#7231=CARTESIAN_POINT('Ctrl Pts',(8.98255025164875,-1.0471975511966,-23.1803371684691));
#7232=CARTESIAN_POINT('Ctrl Pts',(9.98355462218977,-3.13295100369122,-23.215293011353));
#7233=CARTESIAN_POINT('Ctrl Pts',(13.3732140606791,-3.9041309188938,-23.33366252726));
#7234=CARTESIAN_POINT('Ctrl Pts',(16.0953980348635,-1.7389644469412,-23.4287232863367));
#7235=CARTESIAN_POINT('Ctrl Pts',(16.089557507947,1.73619643497781,-23.4285193306425));
#7236=CARTESIAN_POINT('Ctrl Pts',(13.3749986222395,3.91134943184924,-23.3337248455229));
#7237=CARTESIAN_POINT('Ctrl Pts',(9.98452152316292,3.12817596813193,-23.215326776279));
#7238=CARTESIAN_POINT('Ctrl Pts',(8.98255025164875,1.0471975511966,-23.1803371684691));
#7239=CARTESIAN_POINT('Ctrl Pts',(8.98255025164875,1.0711829971465E-16,
-23.1803371684691));
#7240=CARTESIAN_POINT('',(9.5,-6.8890211973113E-16,-22.6806417549596));
#7241=CARTESIAN_POINT('Origin',(9.,-7.50134459688498E-16,-22.6806417549596));
#7242=CARTESIAN_POINT('Origin',(12.5,-3.21508079986924E-16,-22.8028644481807));
#7243=CARTESIAN_POINT('Origin',(12.5,-3.21508079986924E-16,-17.7));
#7244=CARTESIAN_POINT('',(9.5,4.5885959757282E-17,-18.2));
#7245=CARTESIAN_POINT('',(9.5,4.5885959757282E-17,-17.7));
#7246=CARTESIAN_POINT('Origin',(12.5,-3.21508079986924E-16,-18.2));
#7247=CARTESIAN_POINT('Origin',(7.55025253169417,-4.94974746830583,19.2));
#7248=CARTESIAN_POINT('',(5.50025253169417,-4.94974746830583,18.7));
#7249=CARTESIAN_POINT('Origin',(7.55025253169417,-4.94974746830583,18.7));
#7250=CARTESIAN_POINT('',(6.00025253169417,-4.94974746830583,19.2));
#7251=CARTESIAN_POINT('Origin',(5.50025253169417,-4.94974746830583,19.2));
#7252=CARTESIAN_POINT('Origin',(7.55025253169417,-4.94974746830583,19.2));
#7253=CARTESIAN_POINT('Origin',(27.125,4.44089209850063E-15,18.7));
#7254=CARTESIAN_POINT('',(42.2928932188135,-2.6875,18.7));
#7255=CARTESIAN_POINT('',(47.9571067811865,-14.5,18.7));
#7256=CARTESIAN_POINT('',(37.3125,-14.5,18.7));
#7257=CARTESIAN_POINT('',(43.7071067811865,-10.25,18.7));
#7258=CARTESIAN_POINT('',(38.0723033905933,-4.61519660940673,18.7));
#7259=CARTESIAN_POINT('',(12.5,-10.25,18.7));
#7260=CARTESIAN_POINT('',(19.8125,-10.25,18.7));
#7261=CARTESIAN_POINT('',(12.5,10.25,18.7));
#7262=CARTESIAN_POINT('Origin',(12.5,-3.21508079986924E-16,18.7));
#7263=CARTESIAN_POINT('',(43.7071067811865,10.25,18.7));
#7264=CARTESIAN_POINT('',(37.3125,10.25,18.7));
#7265=CARTESIAN_POINT('',(47.9571067811866,14.5,18.7));
#7266=CARTESIAN_POINT('',(38.0723033905933,4.61519660940673,18.7));
#7267=CARTESIAN_POINT('',(39.8125,14.5,18.7));
#7268=CARTESIAN_POINT('',(15.3997474683058,4.94974746830584,18.7));
#7269=CARTESIAN_POINT('Origin',(17.4497474683058,4.94974746830584,18.7));
#7270=CARTESIAN_POINT('',(5.50025253169417,4.94974746830583,18.7));
#7271=CARTESIAN_POINT('Origin',(7.55025253169417,4.94974746830583,18.7));
#7272=CARTESIAN_POINT('',(15.65,-7.0727182171834E-16,18.7));
#7273=CARTESIAN_POINT('Origin',(12.5,-3.21508079986924E-16,18.7));
#7274=CARTESIAN_POINT('',(15.3997474683058,-4.94974746830584,18.7));
#7275=CARTESIAN_POINT('Origin',(17.4497474683058,-4.94974746830584,18.7));
#7276=CARTESIAN_POINT('Origin',(7.55025253169417,-4.94974746830583,23.7));
#7277=CARTESIAN_POINT('',(6.00025253169417,-4.94974746830583,21.7));
#7278=CARTESIAN_POINT('Origin',(7.55025253169417,-4.94974746830583,21.7));
#7279=CARTESIAN_POINT('',(6.00025253169417,-4.94974746830583,23.7));
#7280=CARTESIAN_POINT('Origin',(17.4497474683058,4.94974746830584,19.2));
#7281=CARTESIAN_POINT('',(15.8997474683058,4.94974746830584,19.2));
#7282=CARTESIAN_POINT('Origin',(15.3997474683058,4.94974746830584,19.2));
#7283=CARTESIAN_POINT('Origin',(17.4497474683058,4.94974746830584,19.2));
#7284=CARTESIAN_POINT('Origin',(17.4497474683058,4.94974746830584,23.7));
#7285=CARTESIAN_POINT('',(15.8997474683058,4.94974746830584,21.7));
#7286=CARTESIAN_POINT('Origin',(17.4497474683058,4.94974746830584,21.7));
#7287=CARTESIAN_POINT('',(15.8997474683058,4.94974746830584,23.7));
#7288=CARTESIAN_POINT('Origin',(17.4497474683058,-4.94974746830584,19.2));
#7289=CARTESIAN_POINT('',(15.8997474683058,-4.94974746830584,19.2));
#7290=CARTESIAN_POINT('Origin',(15.3997474683058,-4.94974746830584,19.2));
#7291=CARTESIAN_POINT('Origin',(17.4497474683058,-4.94974746830584,19.2));
#7292=CARTESIAN_POINT('Origin',(17.4497474683058,-4.94974746830584,23.7));
#7293=CARTESIAN_POINT('',(15.8997474683058,-4.94974746830584,21.7));
#7294=CARTESIAN_POINT('Origin',(17.4497474683058,-4.94974746830584,21.7));
#7295=CARTESIAN_POINT('',(15.8997474683058,-4.94974746830584,23.7));
#7296=CARTESIAN_POINT('Origin',(7.55025253169417,4.94974746830583,19.2));
#7297=CARTESIAN_POINT('',(6.00025253169417,4.94974746830583,19.2));
#7298=CARTESIAN_POINT('Origin',(5.50025253169417,4.94974746830583,19.2));
#7299=CARTESIAN_POINT('Origin',(7.55025253169417,4.94974746830583,19.2));
#7300=CARTESIAN_POINT('Origin',(7.55025253169417,4.94974746830583,23.7));
#7301=CARTESIAN_POINT('',(6.00025253169417,4.94974746830583,21.7));
#7302=CARTESIAN_POINT('Origin',(7.55025253169417,4.94974746830583,21.7));
#7303=CARTESIAN_POINT('',(6.00025253169417,4.94974746830583,23.7));
#7304=CARTESIAN_POINT('Origin',(12.5,-3.21508079986924E-16,19.2));
#7305=CARTESIAN_POINT('Origin',(15.65,-7.0727182171834E-16,19.2));
#7306=CARTESIAN_POINT('Origin',(42.2928932188135,-2.6875,18.2));
#7307=CARTESIAN_POINT('',(42.6464466094067,-2.6875,18.5535533905933));
#7308=CARTESIAN_POINT('Origin',(39.8125,14.5,19.2));
#7309=CARTESIAN_POINT('Origin',(47.9571067811866,14.5,19.2));
#7310=CARTESIAN_POINT('Origin',(38.0723033905933,4.61519660940673,19.2));
#7311=CARTESIAN_POINT('',(43.5,10.75,19.2));
#7312=CARTESIAN_POINT('Origin',(43.7071067811865,10.25,19.2));
#7313=CARTESIAN_POINT('',(37.71875,4.96875,19.2));
#7314=CARTESIAN_POINT('Origin',(19.8125,-10.25,19.2));
#7315=CARTESIAN_POINT('',(43.5,-10.75,19.2));
#7316=CARTESIAN_POINT('',(19.8125,-10.75,19.2));
#7317=CARTESIAN_POINT('Origin',(12.5,-10.25,19.2));
#7318=CARTESIAN_POINT('Origin',(43.7071067811865,-10.25,19.2));
#7319=CARTESIAN_POINT('Origin',(37.3125,-14.5,19.2));
#7320=CARTESIAN_POINT('Origin',(47.9571067811865,-14.5,19.2));
#7321=CARTESIAN_POINT('Origin',(38.0723033905933,-4.61519660940673,19.2));
#7322=CARTESIAN_POINT('',(37.71875,-4.96875,19.2));
#7323=CARTESIAN_POINT('Origin',(12.5,-3.21508079986924E-16,19.2));
#7324=CARTESIAN_POINT('Origin',(12.5,10.25,19.2));
#7325=CARTESIAN_POINT('Origin',(37.3125,10.25,19.2));
#7326=CARTESIAN_POINT('',(37.3125,10.75,19.2));
#7327=CARTESIAN_POINT('Origin',(45.5,12.75,18.7));
#7328=CARTESIAN_POINT('',(43.5,10.75,18.7));
#7329=CARTESIAN_POINT('',(37.71875,4.96875,23.7));
#7330=CARTESIAN_POINT('Origin',(47.5,10.75,18.7));
#7331=CARTESIAN_POINT('Origin',(12.5,-10.75,18.7));
#7332=CARTESIAN_POINT('',(43.5,-10.75,23.7));
#7333=CARTESIAN_POINT('',(43.5,-10.75,18.7));
#7334=CARTESIAN_POINT('',(12.5,-10.75,23.7));
#7335=CARTESIAN_POINT('Origin',(45.5,-12.75,18.7));
#7336=CARTESIAN_POINT('',(37.71875,-4.96875,23.7));
#7337=CARTESIAN_POINT('Origin',(17.4497474683058,-4.94974746830585,-18.2));
#7338=CARTESIAN_POINT('',(19.4997474683058,-4.94974746830585,-17.7));
#7339=CARTESIAN_POINT('Origin',(17.4497474683058,-4.94974746830585,-17.7));
#7340=CARTESIAN_POINT('',(18.9997474683058,-4.94974746830585,-18.2));
#7341=CARTESIAN_POINT('Origin',(19.4997474683058,-4.94974746830585,-18.2));
#7342=CARTESIAN_POINT('',(15.8997474683058,-4.94974746830585,-18.2));
#7343=CARTESIAN_POINT('Origin',(17.4497474683058,-4.94974746830585,-18.2));
#7344=CARTESIAN_POINT('Origin',(17.4497474683058,-4.94974746830585,-18.2));
#7345=CARTESIAN_POINT('Origin',(27.125,0.,-17.7));
#7346=CARTESIAN_POINT('',(42.2928932188135,-2.6875,-17.7));
#7347=CARTESIAN_POINT('',(47.9571067811866,14.5,-17.7));
#7348=CARTESIAN_POINT('',(39.8125,14.5,-17.7));
#7349=CARTESIAN_POINT('',(43.7071067811865,10.25,-17.7));
#7350=CARTESIAN_POINT('',(38.0723033905933,4.61519660940673,-17.7));
#7351=CARTESIAN_POINT('',(12.5,10.25,-17.7));
#7352=CARTESIAN_POINT('',(19.8125,10.25,-17.7));
#7353=CARTESIAN_POINT('',(12.5,-10.25,-17.7));
#7354=CARTESIAN_POINT('Origin',(12.5,1.11022302462516E-15,-17.7));
#7355=CARTESIAN_POINT('',(43.7071067811865,-10.25,-17.7));
#7356=CARTESIAN_POINT('',(37.3125,-10.25,-17.7));
#7357=CARTESIAN_POINT('',(47.9571067811865,-14.5,-17.7));
#7358=CARTESIAN_POINT('',(38.0723033905933,-4.61519660940673,-17.7));
#7359=CARTESIAN_POINT('',(37.3125,-14.5,-17.7));
#7360=CARTESIAN_POINT('',(19.4997474683058,4.94974746830584,-17.7));
#7361=CARTESIAN_POINT('Origin',(17.4497474683058,4.94974746830584,-17.7));
#7362=CARTESIAN_POINT('',(9.60025253169417,4.94974746830583,-17.7));
#7363=CARTESIAN_POINT('Origin',(7.55025253169417,4.94974746830583,-17.7));
#7364=CARTESIAN_POINT('',(9.,-7.50134459688498E-16,-17.7));
#7365=CARTESIAN_POINT('Origin',(12.5,-3.21508079986924E-16,-17.7));
#7366=CARTESIAN_POINT('',(9.60025253169417,-4.94974746830583,-17.7));
#7367=CARTESIAN_POINT('Origin',(7.55025253169417,-4.94974746830583,-17.7));
#7368=CARTESIAN_POINT('Origin',(17.4497474683058,-4.94974746830585,-17.7));
#7369=CARTESIAN_POINT('',(15.8997474683058,-4.94974746830585,-20.7));
#7370=CARTESIAN_POINT('',(15.8997474683058,-4.94974746830585,-17.7));
#7371=CARTESIAN_POINT('Origin',(17.4497474683058,-4.94974746830585,-20.7));
#7372=CARTESIAN_POINT('Origin',(17.4497474683058,4.94974746830584,-18.2));
#7373=CARTESIAN_POINT('',(18.9997474683058,4.94974746830584,-18.2));
#7374=CARTESIAN_POINT('Origin',(19.4997474683058,4.94974746830584,-18.2));
#7375=CARTESIAN_POINT('',(15.8997474683058,4.94974746830584,-18.2));
#7376=CARTESIAN_POINT('Origin',(17.4497474683058,4.94974746830584,-18.2));
#7377=CARTESIAN_POINT('Origin',(17.4497474683058,4.94974746830584,-18.2));
#7378=CARTESIAN_POINT('Origin',(17.4497474683058,4.94974746830584,-17.7));
#7379=CARTESIAN_POINT('',(15.8997474683058,4.94974746830584,-20.7));
#7380=CARTESIAN_POINT('',(15.8997474683058,4.94974746830584,-17.7));
#7381=CARTESIAN_POINT('Origin',(17.4497474683058,4.94974746830584,-20.7));
#7382=CARTESIAN_POINT('Origin',(7.55025253169417,-4.94974746830583,-18.2));
#7383=CARTESIAN_POINT('',(9.10025253169417,-4.94974746830583,-18.2));
#7384=CARTESIAN_POINT('Origin',(9.60025253169417,-4.94974746830583,-18.2));
#7385=CARTESIAN_POINT('',(6.00025253169417,-4.94974746830583,-18.2));
#7386=CARTESIAN_POINT('Origin',(7.55025253169417,-4.94974746830583,-18.2));
#7387=CARTESIAN_POINT('Origin',(7.55025253169417,-4.94974746830583,-18.2));
#7388=CARTESIAN_POINT('Origin',(7.55025253169417,-4.94974746830583,-17.7));
#7389=CARTESIAN_POINT('',(6.00025253169417,-4.94974746830583,-20.7));
#7390=CARTESIAN_POINT('',(6.00025253169417,-4.94974746830583,-17.7));
#7391=CARTESIAN_POINT('Origin',(7.55025253169417,-4.94974746830583,-20.7));
#7392=CARTESIAN_POINT('Origin',(7.55025253169417,4.94974746830583,-18.2));
#7393=CARTESIAN_POINT('',(9.10025253169417,4.94974746830583,-18.2));
#7394=CARTESIAN_POINT('Origin',(9.60025253169417,4.94974746830583,-18.2));
#7395=CARTESIAN_POINT('',(6.00025253169417,4.94974746830583,-18.2));
#7396=CARTESIAN_POINT('Origin',(7.55025253169417,4.94974746830583,-18.2));
#7397=CARTESIAN_POINT('Origin',(7.55025253169417,4.94974746830583,-18.2));
#7398=CARTESIAN_POINT('Origin',(7.55025253169417,4.94974746830583,-17.7));
#7399=CARTESIAN_POINT('',(6.00025253169417,4.94974746830583,-20.7));
#7400=CARTESIAN_POINT('',(6.00025253169417,4.94974746830583,-17.7));
#7401=CARTESIAN_POINT('Origin',(7.55025253169417,4.94974746830583,-20.7));
#7402=CARTESIAN_POINT('Origin',(12.5,-3.21508079986924E-16,-18.2));
#7403=CARTESIAN_POINT('Origin',(9.,-7.50134459688498E-16,-18.2));
#7404=CARTESIAN_POINT('Origin',(42.2928932188135,-2.6875,-17.2));
#7405=CARTESIAN_POINT('',(42.6464466094067,-2.6875,-17.5535533905933));
#7406=CARTESIAN_POINT('Origin',(37.3125,-14.5,-18.2));
#7407=CARTESIAN_POINT('Origin',(47.9571067811865,-14.5,-18.2));
#7408=CARTESIAN_POINT('Origin',(37.3125,-10.25,-18.2));
#7409=CARTESIAN_POINT('',(12.5,-10.75,-18.2));
#7410=CARTESIAN_POINT('Origin',(12.5,-10.25,-18.2));
#7411=CARTESIAN_POINT('',(37.3125,-10.75,-18.2));
#7412=CARTESIAN_POINT('Origin',(43.7071067811865,-10.25,-18.2));
#7413=CARTESIAN_POINT('Origin',(12.5,1.11022302462516E-15,-18.2));
#7414=CARTESIAN_POINT('',(12.5,10.75,-18.2));
#7415=CARTESIAN_POINT('Origin',(12.5,10.25,-18.2));
#7416=CARTESIAN_POINT('Origin',(12.5,1.11022302462516E-15,-18.2));
#7417=CARTESIAN_POINT('Origin',(19.8125,10.25,-18.2));
#7418=CARTESIAN_POINT('',(43.5,10.75,-18.2));
#7419=CARTESIAN_POINT('',(19.8125,10.75,-18.2));
#7420=CARTESIAN_POINT('Origin',(43.7071067811865,10.25,-18.2));
#7421=CARTESIAN_POINT('Origin',(39.8125,14.5,-18.2));
#7422=CARTESIAN_POINT('Origin',(47.9571067811866,14.5,-18.2));
#7423=CARTESIAN_POINT('Origin',(38.0723033905933,4.61519660940673,-18.2));
#7424=CARTESIAN_POINT('',(37.71875,4.96875,-18.2));
#7425=CARTESIAN_POINT('Origin',(38.0723033905933,-4.61519660940673,-18.2));
#7426=CARTESIAN_POINT('Origin',(47.5,-10.75,-17.7));
#7427=CARTESIAN_POINT('',(12.5,-10.75,-17.7));
#7428=CARTESIAN_POINT('Origin',(12.5,1.11022302462516E-15,-17.7));
#7429=CARTESIAN_POINT('',(12.5,10.75,-17.7));
#7430=CARTESIAN_POINT('Origin',(12.5,10.75,-17.7));
#7431=CARTESIAN_POINT('',(43.5,10.75,0.499999999999996));
#7432=CARTESIAN_POINT('Origin',(45.5,12.75,0.499999999999996));
#7433=CARTESIAN_POINT('Origin',(69.1,-0.100000000000042,44.75));
#7434=CARTESIAN_POINT('',(69.1,21.15,28.3));
#7435=CARTESIAN_POINT('',(69.1,15.206711736532,23.8546136565931));
#7436=CARTESIAN_POINT('',(69.1,21.15,61.2));
#7437=CARTESIAN_POINT('',(69.1,21.15,52.975));
#7438=CARTESIAN_POINT('',(69.1,-21.35,61.2));
#7439=CARTESIAN_POINT('',(69.1,-23.35,61.2));
#7440=CARTESIAN_POINT('',(69.1,-21.35,28.3));
#7441=CARTESIAN_POINT('',(69.1,-21.35,30.3));
#7442=CARTESIAN_POINT('',(69.1,-15.1143841743585,23.7828609767007));
#7443=CARTESIAN_POINT('',(69.1,-3.04999999999975,44.75));
#7444=CARTESIAN_POINT('Origin',(69.1,-0.499999999999756,44.75));
#7445=CARTESIAN_POINT('',(69.1,13.85,57.1));
#7446=CARTESIAN_POINT('',(69.1,13.85,57.1024752475247));
#7447=CARTESIAN_POINT('',(69.1,13.85,57.15));
#7448=CARTESIAN_POINT('',(69.1,15.35,57.1));
#7449=CARTESIAN_POINT('',(69.1,-14.95,57.15));
#7450=CARTESIAN_POINT('',(69.1,-16.45,57.1));
#7451=CARTESIAN_POINT('',(69.1,-20.3500000000001,55.4104469831827));
#7452=CARTESIAN_POINT('',(69.1,-21.0994375494865,56.1313708498985));
#7453=CARTESIAN_POINT('Origin',(69.1,-19.35,57.2));
#7454=CARTESIAN_POINT('',(69.1,-20.3500000000001,56.1313708498985));
#7455=CARTESIAN_POINT('',(69.1,-23.35,56.1313708498985));
#7456=CARTESIAN_POINT('',(69.1,-20.35,50.975));
#7457=CARTESIAN_POINT('',(69.1,-21.0994375494865,33.3686291501015));
#7458=CARTESIAN_POINT('',(69.1,-20.35,34.0895530168173));
#7459=CARTESIAN_POINT('Origin',(69.1,-19.35,32.3));
#7460=CARTESIAN_POINT('',(69.1,-20.35,33.3686291501015));
#7461=CARTESIAN_POINT('',(69.1,-20.35,38.525));
#7462=CARTESIAN_POINT('',(69.1,-23.35,33.3686291501015));
#7463=CARTESIAN_POINT('Origin',(45.4500000000002,-21.35,48.0660723124855));
#7464=CARTESIAN_POINT('',(45.4500000000002,-21.35,41.433938887223));
#7465=CARTESIAN_POINT('',(45.4500000000002,-21.35,48.0660723124855));
#7466=CARTESIAN_POINT('',(45.4500000000002,-21.35,22.3935085003927));
#7467=CARTESIAN_POINT('',(45.4500000000002,-18.35,48.0660723124855));
#7468=CARTESIAN_POINT('',(45.4500000000002,-19.8,48.0660723124855));
#7469=CARTESIAN_POINT('',(45.4500000000002,-18.35,41.433938887223));
#7470=CARTESIAN_POINT('',(45.4500000000002,-18.35,51.0580361562427));
#7471=CARTESIAN_POINT('',(45.4500000000002,-19.8,41.433938887223));
#7472=CARTESIAN_POINT('Origin',(64.1,-21.35,28.3));
#7473=CARTESIAN_POINT('',(55.7113690637946,-21.35,28.3));
#7474=CARTESIAN_POINT('',(64.1,-21.35,28.3));
#7475=CARTESIAN_POINT('',(55.7113489218339,-21.35,61.2));
#7476=CARTESIAN_POINT('',(64.1,-21.3500000000001,61.2));
#7477=CARTESIAN_POINT('',(42.8944069406404,-21.35,44.7950623608672));
#7478=CARTESIAN_POINT('',(62.5826271608117,-21.35,19.5052004597535));
#7479=CARTESIAN_POINT('',(63.5,-21.35,55.));
#7480=CARTESIAN_POINT('Origin',(61.7,-21.35,55.));
#7481=CARTESIAN_POINT('',(63.5,-21.35,34.5));
#7482=CARTESIAN_POINT('Origin',(61.7,-21.35,34.5));
#7483=CARTESIAN_POINT('Origin',(69.1,-0.499999999999756,44.75));
#7484=CARTESIAN_POINT('',(64.1000000000001,-3.04999999999975,44.75));
#7485=CARTESIAN_POINT('',(69.1,-3.04999999999975,44.75));
#7486=CARTESIAN_POINT('Origin',(64.1,-0.499999999999756,44.75));
#7487=CARTESIAN_POINT('Origin',(58.282849271789,-16.9922166411272,21.7903821116269));
#7488=CARTESIAN_POINT('',(58.282849271789,-16.9922166411272,21.7903821116269));
#7489=CARTESIAN_POINT('',(58.282849271789,-14.9922166411272,21.7903821116269));
#7490=CARTESIAN_POINT('',(56.282849271789,-16.9922166411272,21.7903821116269));
#7491=CARTESIAN_POINT('',(56.282849271789,-16.9922166411272,21.7903821116269));
#7492=CARTESIAN_POINT('',(56.282849271789,-18.9922166411272,21.7903821116269));
#7493=CARTESIAN_POINT('',(56.282849271789,-16.9922166411272,21.7903821116269));
#7494=CARTESIAN_POINT('',(60.282849271789,-18.9922166411272,21.7903821116269));
#7495=CARTESIAN_POINT('',(56.282849271789,-18.9922166411272,21.7903821116269));
#7496=CARTESIAN_POINT('',(60.282849271789,-14.9922166411272,21.7903821116269));
#7497=CARTESIAN_POINT('Origin',(58.282849271789,-16.9922166411272,21.7903821116269));
#7498=CARTESIAN_POINT('',(58.282849271789,-16.9922166411272,13.7903821116269));
#7499=CARTESIAN_POINT('',(58.282849271789,-14.9922166411272,13.7903821116269));
#7500=CARTESIAN_POINT('',(58.282849271789,-16.9922166411272,21.7903821116269));
#7501=CARTESIAN_POINT('Origin',(60.282849271789,-14.9922166411272,21.7903821116269));
#7502=CARTESIAN_POINT('',(60.282849271789,-18.9922166411272,13.7903821116269));
#7503=CARTESIAN_POINT('',(60.282849271789,-18.9922166411272,21.7903821116269));
#7504=CARTESIAN_POINT('',(60.282849271789,-14.9922166411272,13.7903821116269));
#7505=CARTESIAN_POINT('Origin',(56.282849271789,-16.9922166411272,21.7903821116269));
#7506=CARTESIAN_POINT('',(56.282849271789,-16.9922166411272,13.7903821116269));
#7507=CARTESIAN_POINT('',(56.282849271789,-16.9922166411272,13.7903821116269));
#7508=CARTESIAN_POINT('',(56.282849271789,-16.9922166411272,21.7903821116269));
#7509=CARTESIAN_POINT('Origin',(56.282849271789,-18.9922166411272,21.7903821116269));
#7510=CARTESIAN_POINT('',(56.282849271789,-18.9922166411272,13.7903821116269));
#7511=CARTESIAN_POINT('',(56.282849271789,-16.9922166411272,13.7903821116269));
#7512=CARTESIAN_POINT('',(56.282849271789,-18.9922166411272,21.7903821116269));
#7513=CARTESIAN_POINT('Origin',(60.282849271789,-18.9922166411272,21.7903821116269));
#7514=CARTESIAN_POINT('',(56.282849271789,-18.9922166411272,13.7903821116269));
#7515=CARTESIAN_POINT('Origin',(58.282849271789,-16.9922166411272,13.7903821116269));
#7516=CARTESIAN_POINT('Origin',(52.282849271789,-16.9922166411272,21.7903821116269));
#7517=CARTESIAN_POINT('',(50.282849271789,-18.9922166411272,21.7903821116269));
#7518=CARTESIAN_POINT('',(50.282849271789,-14.9922166411272,21.7903821116269));
#7519=CARTESIAN_POINT('',(54.282849271789,-18.9922166411272,21.7903821116269));
#7520=CARTESIAN_POINT('',(50.282849271789,-18.9922166411272,21.7903821116269));
#7521=CARTESIAN_POINT('',(54.282849271789,-16.9922166411272,21.7903821116269));
#7522=CARTESIAN_POINT('',(54.282849271789,-16.9922166411272,21.7903821116269));
#7523=CARTESIAN_POINT('',(52.282849271789,-16.9922166411272,21.7903821116269));
#7524=CARTESIAN_POINT('',(52.282849271789,-16.9922166411272,21.7903821116269));
#7525=CARTESIAN_POINT('',(52.282849271789,-14.9922166411272,21.7903821116269));
#7526=CARTESIAN_POINT('Origin',(50.282849271789,-18.9922166411272,21.7903821116269));
#7527=CARTESIAN_POINT('',(50.282849271789,-18.9922166411272,13.7903821116269));
#7528=CARTESIAN_POINT('',(50.282849271789,-14.9922166411272,13.7903821116269));
#7529=CARTESIAN_POINT('',(50.282849271789,-18.9922166411272,21.7903821116269));
#7530=CARTESIAN_POINT('Origin',(54.282849271789,-18.9922166411272,21.7903821116269));
#7531=CARTESIAN_POINT('',(54.282849271789,-18.9922166411272,13.7903821116269));
#7532=CARTESIAN_POINT('',(50.282849271789,-18.9922166411272,13.7903821116269));
#7533=CARTESIAN_POINT('',(54.282849271789,-18.9922166411272,21.7903821116269));
#7534=CARTESIAN_POINT('Origin',(54.282849271789,-16.9922166411272,21.7903821116269));
#7535=CARTESIAN_POINT('',(54.282849271789,-16.9922166411272,13.7903821116269));
#7536=CARTESIAN_POINT('',(54.282849271789,-16.9922166411272,13.7903821116269));
#7537=CARTESIAN_POINT('',(54.282849271789,-16.9922166411272,21.7903821116269));
#7538=CARTESIAN_POINT('Origin',(52.282849271789,-16.9922166411272,21.7903821116269));
#7539=CARTESIAN_POINT('',(52.282849271789,-16.9922166411272,13.7903821116269));
#7540=CARTESIAN_POINT('',(52.282849271789,-16.9922166411272,13.7903821116269));
#7541=CARTESIAN_POINT('',(52.282849271789,-16.9922166411272,21.7903821116269));
#7542=CARTESIAN_POINT('Origin',(52.282849271789,-14.9922166411272,21.7903821116269));
#7543=CARTESIAN_POINT('',(52.282849271789,-14.9922166411272,13.7903821116269));
#7544=CARTESIAN_POINT('Origin',(52.282849271789,-16.9922166411272,13.7903821116269));
#7545=CARTESIAN_POINT('Origin',(52.5,15.,23.7));
#7546=CARTESIAN_POINT('',(55.7113690637946,21.15,28.3));
#7547=CARTESIAN_POINT('',(47.75,15.,23.7));
#7548=CARTESIAN_POINT('',(64.1,21.15,28.3));
#7549=CARTESIAN_POINT('Ctrl Pts',(47.75,15.,23.7));
#7550=CARTESIAN_POINT('Ctrl Pts',(50.4037896879315,17.05,25.2333333333333));
#7551=CARTESIAN_POINT('Ctrl Pts',(53.0575793758631,19.1,26.7666666666667));
#7552=CARTESIAN_POINT('Ctrl Pts',(55.7113690637946,21.15,28.3));
#7553=CARTESIAN_POINT('Ctrl Pts',(46.3333333333333,13.5833333333333,23.7));
#7554=CARTESIAN_POINT('Ctrl Pts',(49.4593452434871,15.6611111111111,25.2333333333333));
#7555=CARTESIAN_POINT('Ctrl Pts',(52.5853571536409,17.7388888888889,26.7666666666667));
#7556=CARTESIAN_POINT('Ctrl Pts',(55.7113690637946,19.8166666666666,28.3));
#7557=CARTESIAN_POINT('Ctrl Pts',(44.9166666666667,12.1666666666667,23.7));
#7558=CARTESIAN_POINT('Ctrl Pts',(48.5149007990427,14.2722222222222,25.2333333333333));
#7559=CARTESIAN_POINT('Ctrl Pts',(52.1131349314186,16.3777777777777,26.7666666666667));
#7560=CARTESIAN_POINT('Ctrl Pts',(55.7113690637946,18.4833333333333,28.3));
#7561=CARTESIAN_POINT('Ctrl Pts',(43.5,10.75,23.7));
#7562=CARTESIAN_POINT('Ctrl Pts',(47.5704563545982,12.8833333333333,25.2333333333333));
#7563=CARTESIAN_POINT('Ctrl Pts',(51.6409127091964,15.0166666666666,26.7666666666667));
#7564=CARTESIAN_POINT('Ctrl Pts',(55.7113690637946,17.15,28.3));
#7565=CARTESIAN_POINT('',(55.7113690637946,23.15,28.3));
#7566=CARTESIAN_POINT('Origin',(12.5,-10.75,23.7));
#7567=CARTESIAN_POINT('',(55.7113690637946,-17.25,28.3));
#7568=CARTESIAN_POINT('',(43.5,-10.75,23.7));
#7569=CARTESIAN_POINT('',(44.1,-17.25,28.3));
#7570=CARTESIAN_POINT('',(56.3053116451582,-17.25,28.3));
#7571=CARTESIAN_POINT('',(44.1,-12.1648596435893,24.7012852862324));
#7572=CARTESIAN_POINT('Ctrl Pts',(43.5,-10.75,23.7));
#7573=CARTESIAN_POINT('Ctrl Pts',(47.5704563545982,-12.9166666666667,25.2333333333333));
#7574=CARTESIAN_POINT('Ctrl Pts',(51.6409127091964,-15.0833333333334,26.7666666666667));
#7575=CARTESIAN_POINT('Ctrl Pts',(55.7113690637946,-17.25,28.3));
#7576=CARTESIAN_POINT('Ctrl Pts',(44.9166666666667,-12.1666666666667,23.7));
#7577=CARTESIAN_POINT('Ctrl Pts',(48.5149007990426,-14.3166666666667,25.2333333333333));
#7578=CARTESIAN_POINT('Ctrl Pts',(52.1131349314186,-16.4666666666667,26.7666666666667));
#7579=CARTESIAN_POINT('Ctrl Pts',(55.7113690637946,-18.6166666666667,28.3));
#7580=CARTESIAN_POINT('Ctrl Pts',(46.3333333333333,-13.5833333333333,23.7));
#7581=CARTESIAN_POINT('Ctrl Pts',(49.4593452434871,-15.7166666666667,25.2333333333333));
#7582=CARTESIAN_POINT('Ctrl Pts',(52.5853571536408,-17.85,26.7666666666667));
#7583=CARTESIAN_POINT('Ctrl Pts',(55.7113690637946,-19.9833333333334,28.3));
#7584=CARTESIAN_POINT('Ctrl Pts',(47.75,-15.,23.7));
#7585=CARTESIAN_POINT('Ctrl Pts',(50.4037896879315,-17.1166666666667,25.2333333333333));
#7586=CARTESIAN_POINT('Ctrl Pts',(53.0575793758631,-19.2333333333334,26.7666666666667));
#7587=CARTESIAN_POINT('Ctrl Pts',(55.7113690637946,-21.35,28.3));
#7588=CARTESIAN_POINT('',(47.75,-15.,23.7));
#7589=CARTESIAN_POINT('',(55.7113690637946,2.44999999999996,28.3));
#7590=CARTESIAN_POINT('Origin',(64.1,21.15,61.2));
#7591=CARTESIAN_POINT('',(44.1,21.15,43.1618581724102));
#7592=CARTESIAN_POINT('',(54.6019426688016,21.15,29.7199994543733));
#7593=CARTESIAN_POINT('',(44.1,21.15,46.3381511090246));
#7594=CARTESIAN_POINT('',(44.1,21.15,52.975));
#7595=CARTESIAN_POINT('',(55.7113489218339,21.15,61.2));
#7596=CARTESIAN_POINT('',(50.8750892892605,21.15,55.0098699521745));
#7597=CARTESIAN_POINT('',(64.1,21.15,61.2));
#7598=CARTESIAN_POINT('',(56.1,21.15,55.));
#7599=CARTESIAN_POINT('Origin',(57.9,21.15,55.));
#7600=CARTESIAN_POINT('',(56.1,21.15,34.5));
#7601=CARTESIAN_POINT('Origin',(57.9,21.15,34.5));
#7602=CARTESIAN_POINT('Origin',(64.1,-23.3500000000001,61.2));
#7603=CARTESIAN_POINT('',(55.7113489218339,17.1499999999999,61.2));
#7604=CARTESIAN_POINT('',(55.7113489218339,-0.100000000000052,61.2));
#7605=CARTESIAN_POINT('',(44.1,17.1499999999999,61.2));
#7606=CARTESIAN_POINT('',(57.5366345958096,17.1499999999999,61.2));
#7607=CARTESIAN_POINT('',(44.1,-17.2500000000001,61.2));
#7608=CARTESIAN_POINT('',(44.1,-23.35,61.2));
#7609=CARTESIAN_POINT('',(55.7113489218339,-17.2500000000001,61.2));
#7610=CARTESIAN_POINT('',(56.3053116451582,-17.2500000000001,61.2));
#7611=CARTESIAN_POINT('',(55.7113489218339,-20.8000000000001,61.2));
#7612=CARTESIAN_POINT('Origin',(42.8592033027811,23.15,44.7500037591664));
#7613=CARTESIAN_POINT('',(44.1,17.15,46.3381511090246));
#7614=CARTESIAN_POINT('',(44.1,11.525,46.3381511090246));
#7615=CARTESIAN_POINT('',(56.1044976680476,17.1499999999999,61.7032074479234));
#7616=CARTESIAN_POINT('Origin',(63.1,-20.35,33.3686291501015));
#7617=CARTESIAN_POINT('',(63.1,-21.0994375494865,33.3686291501015));
#7618=CARTESIAN_POINT('',(63.1,-20.35,33.3686291501015));
#7619=CARTESIAN_POINT('',(63.1,-23.35,33.3686291501015));
#7620=CARTESIAN_POINT('',(69.1,-21.0994375494865,33.3686291501015));
#7621=CARTESIAN_POINT('',(63.1,-20.35,33.3686291501015));
#7622=CARTESIAN_POINT('Origin',(69.1,-19.35,32.3));
#7623=CARTESIAN_POINT('',(63.4525790350213,-20.35,34.0895530168173));
#7624=CARTESIAN_POINT('Ctrl Pts',(63.4525790350213,-20.35,34.0895530168173));
#7625=CARTESIAN_POINT('Ctrl Pts',(63.4369560258605,-20.4693795124583,34.0228438937366));
#7626=CARTESIAN_POINT('Ctrl Pts',(63.4146798367306,-20.5794132826981,33.9453657865844));
#7627=CARTESIAN_POINT('Ctrl Pts',(63.3299601240113,-20.843285354665,33.7214418066413));
#7628=CARTESIAN_POINT('Ctrl Pts',(63.2297085083356,-21.0013937600446,33.5291352402894));
#7629=CARTESIAN_POINT('Ctrl Pts',(63.1,-21.0994375494865,33.3686291501015));
#7630=CARTESIAN_POINT('',(69.1,-20.35,34.0895530168173));
#7631=CARTESIAN_POINT('Origin',(63.1,-21.0994375494865,56.1313708498985));
#7632=CARTESIAN_POINT('',(63.1,-20.3500000000001,56.1313708498985));
#7633=CARTESIAN_POINT('',(63.1,-21.0994375494865,56.1313708498985));
#7634=CARTESIAN_POINT('',(63.1,-23.35,56.1313708498985));
#7635=CARTESIAN_POINT('',(63.1,-20.3500000000001,56.1313708498985));
#7636=CARTESIAN_POINT('',(69.1,-21.0994375494865,56.1313708498985));
#7637=CARTESIAN_POINT('Origin',(66.274262154656,-18.25,14.7801283858761));
#7638=CARTESIAN_POINT('',(50.1251706326823,-18.35,35.45));
#7639=CARTESIAN_POINT('',(56.3363467453326,-18.35,27.5000659342659));
#7640=CARTESIAN_POINT('',(50.1251706326823,-17.25,35.45));
#7641=CARTESIAN_POINT('',(50.1251706326823,-18.3,35.45));
#7642=CARTESIAN_POINT('',(66.274262154656,-17.25,14.7801283858761));
#7643=CARTESIAN_POINT('Origin',(42.8592033027811,-18.25,44.7500037591664));
#7644=CARTESIAN_POINT('',(50.1251566923108,-17.2500000000001,54.05));
#7645=CARTESIAN_POINT('',(66.2742460130708,-17.2500000000001,74.7198917436452));
#7646=CARTESIAN_POINT('',(50.1251566923109,-18.35,54.05));
#7647=CARTESIAN_POINT('',(50.1251566923109,-17.4000000000001,54.05));
#7648=CARTESIAN_POINT('',(49.1406856785421,-18.35,52.7899345637901));
#7649=CARTESIAN_POINT('Origin',(69.1,-19.35,57.2));
#7650=CARTESIAN_POINT('',(63.4525790350213,-20.3500000000001,55.4104469831827));
#7651=CARTESIAN_POINT('',(69.1,-20.35,55.4104469831827));
#7652=CARTESIAN_POINT('Ctrl Pts',(63.1,-21.0994375494865,56.1313708498985));
#7653=CARTESIAN_POINT('Ctrl Pts',(63.2297085083356,-21.0013937600446,55.9708647597105));
#7654=CARTESIAN_POINT('Ctrl Pts',(63.3299601240113,-20.843285354665,55.7785581933586));
#7655=CARTESIAN_POINT('Ctrl Pts',(63.4146798367306,-20.5794132826981,55.5546342134156));
#7656=CARTESIAN_POINT('Ctrl Pts',(63.4369560258605,-20.4693795124583,55.4771561062633));
#7657=CARTESIAN_POINT('Ctrl Pts',(63.4525790350213,-20.3500000000001,55.4104469831827));
#7658=CARTESIAN_POINT('Origin',(61.7,-20.35,44.75));
#7659=CARTESIAN_POINT('',(63.5,-20.35,34.5));
#7660=CARTESIAN_POINT('Origin',(61.7,-20.35,34.5));
#7661=CARTESIAN_POINT('Origin',(61.7,-20.35,34.5));
#7662=CARTESIAN_POINT('',(63.,-20.35,34.5));
#7663=CARTESIAN_POINT('Origin',(61.7,-20.35,34.5));
#7664=CARTESIAN_POINT('Origin',(61.7,-23.35,55.));
#7665=CARTESIAN_POINT('',(63.5,-20.3500000000001,55.));
#7666=CARTESIAN_POINT('',(63.5,-23.35,55.));
#7667=CARTESIAN_POINT('Origin',(61.7,-20.3500000000001,55.));
#7668=CARTESIAN_POINT('Origin',(61.7,-20.3500000000001,55.));
#7669=CARTESIAN_POINT('Origin',(50.9732691916191,17.15,44.75));
#7670=CARTESIAN_POINT('',(44.1,17.15,44.75));
#7671=CARTESIAN_POINT('Origin',(66.274262154656,23.15,14.7801283858761));
#7672=CARTESIAN_POINT('',(44.1,17.15,43.1618581724102));
#7673=CARTESIAN_POINT('',(44.3969802568396,17.15,42.781741199734));
#7674=CARTESIAN_POINT('',(44.1,11.525,43.1618581724102));
#7675=CARTESIAN_POINT('Origin',(50.9732691916191,17.15,44.75));
#7676=CARTESIAN_POINT('',(44.1,17.15,44.75));
#7677=CARTESIAN_POINT('Origin',(44.1,-0.100000000000042,44.75));
#7678=CARTESIAN_POINT('',(44.1,-17.25,35.45));
#7679=CARTESIAN_POINT('',(44.1,-17.25,44.75));
#7680=CARTESIAN_POINT('',(44.1,-16.55,35.45));
#7681=CARTESIAN_POINT('',(44.1,-16.55,35.45));
#7682=CARTESIAN_POINT('',(44.1,-16.55,32.3));
#7683=CARTESIAN_POINT('',(44.1,-16.55,32.3));
#7684=CARTESIAN_POINT('',(44.1,15.45,32.3));
#7685=CARTESIAN_POINT('',(44.1,-16.55,32.3));
#7686=CARTESIAN_POINT('',(44.1,15.45,37.65));
#7687=CARTESIAN_POINT('',(44.1,15.45,37.65));
#7688=CARTESIAN_POINT('',(44.1,16.55,37.65));
#7689=CARTESIAN_POINT('',(44.1,16.55,37.65));
#7690=CARTESIAN_POINT('',(44.1,16.55,51.85));
#7691=CARTESIAN_POINT('',(44.1,16.55,51.85));
#7692=CARTESIAN_POINT('',(44.1,15.45,51.85));
#7693=CARTESIAN_POINT('',(44.1,15.45,51.85));
#7694=CARTESIAN_POINT('',(44.1,15.45,57.2));
#7695=CARTESIAN_POINT('',(44.1,15.45,57.2));
#7696=CARTESIAN_POINT('',(44.1,-16.55,57.2));
#7697=CARTESIAN_POINT('',(44.1,-16.55,57.2));
#7698=CARTESIAN_POINT('',(44.1,-16.55,54.05));
#7699=CARTESIAN_POINT('',(44.1,-16.55,54.05));
#7700=CARTESIAN_POINT('',(44.1,-17.2500000000001,54.05));
#7701=CARTESIAN_POINT('',(44.1,-18.35,54.05));
#7702=CARTESIAN_POINT('',(44.1,-17.25,44.75));
#7703=CARTESIAN_POINT('Origin',(48.5106232903165,-17.25,44.75));
#7704=CARTESIAN_POINT('',(56.3053116451582,-17.25,35.45));
#7705=CARTESIAN_POINT('Origin',(48.5106232903165,-17.25,44.75));
#7706=CARTESIAN_POINT('',(56.3053116451582,-17.2500000000001,54.05));
#7707=CARTESIAN_POINT('Origin',(64.1,-16.55,54.05));
#7708=CARTESIAN_POINT('',(60.8125880325351,-16.55,54.05));
#7709=CARTESIAN_POINT('',(64.1,-16.55,54.05));
#7710=CARTESIAN_POINT('',(60.8125880325351,-18.35,54.05));
#7711=CARTESIAN_POINT('',(60.8125880325351,-16.45,54.05));
#7712=CARTESIAN_POINT('',(64.1,-18.35,54.05));
#7713=CARTESIAN_POINT('Origin',(64.1,-18.35,35.45));
#7714=CARTESIAN_POINT('',(60.8125880325351,-18.35,35.45));
#7715=CARTESIAN_POINT('',(64.1,-18.35,35.45));
#7716=CARTESIAN_POINT('',(60.8125880325351,-16.55,35.45));
#7717=CARTESIAN_POINT('',(60.8125880325351,-16.45,35.45));
#7718=CARTESIAN_POINT('',(64.1,-16.55,35.45));
#7719=CARTESIAN_POINT('Origin',(64.1,-18.35,54.05));
#7720=CARTESIAN_POINT('',(62.587411967465,-18.35,54.05));
#7721=CARTESIAN_POINT('Origin',(61.7,-18.35,55.));
#7722=CARTESIAN_POINT('',(64.1,-18.35,54.05));
#7723=CARTESIAN_POINT('',(64.1,-18.35,54.05));
#7724=CARTESIAN_POINT('',(64.1,-18.35,35.45));
#7725=CARTESIAN_POINT('',(64.1,-18.35,35.45));
#7726=CARTESIAN_POINT('',(62.587411967465,-18.35,35.45));
#7727=CARTESIAN_POINT('',(64.1,-18.35,35.45));
#7728=CARTESIAN_POINT('Origin',(61.7,-18.35,34.5));
#7729=CARTESIAN_POINT('Origin',(61.7,-20.35,44.75));
#7730=CARTESIAN_POINT('',(63.,-20.3500000000001,55.));
#7731=CARTESIAN_POINT('Origin',(61.7,-20.3500000000001,55.));
#7732=CARTESIAN_POINT('Origin',(61.7,-23.35,34.5));
#7733=CARTESIAN_POINT('',(63.5,-23.35,34.5));
#7734=CARTESIAN_POINT('Origin',(61.7,-16.45,55.));
#7735=CARTESIAN_POINT('',(63.,-16.55,55.));
#7736=CARTESIAN_POINT('Origin',(61.7,-16.55,55.));
#7737=CARTESIAN_POINT('',(63.,-16.45,55.));
#7738=CARTESIAN_POINT('',(62.587411967465,-16.55,54.05));
#7739=CARTESIAN_POINT('Origin',(61.7,-16.55,55.));
#7740=CARTESIAN_POINT('',(62.587411967465,-16.45,54.05));
#7741=CARTESIAN_POINT('Origin',(61.7,-16.45,34.5));
#7742=CARTESIAN_POINT('',(63.,-16.55,34.5));
#7743=CARTESIAN_POINT('Origin',(61.7,-16.55,34.5));
#7744=CARTESIAN_POINT('',(62.587411967465,-16.55,35.45));
#7745=CARTESIAN_POINT('',(62.587411967465,-16.45,35.45));
#7746=CARTESIAN_POINT('Origin',(61.7,-16.55,34.5));
#7747=CARTESIAN_POINT('',(63.,-16.45,34.5));
#7748=CARTESIAN_POINT('Origin',(64.1,-16.55,57.2));
#7749=CARTESIAN_POINT('',(64.1,-16.55,57.2));
#7750=CARTESIAN_POINT('',(64.1,-16.55,57.2));
#7751=CARTESIAN_POINT('',(64.1,-16.55,54.05));
#7752=CARTESIAN_POINT('',(64.1,-16.55,54.05));
#7753=CARTESIAN_POINT('',(64.1,-16.55,54.05));
#7754=CARTESIAN_POINT('Origin',(57.9,23.15,55.));
#7755=CARTESIAN_POINT('',(56.1,19.65,55.));
#7756=CARTESIAN_POINT('',(56.1,23.15,55.));
#7757=CARTESIAN_POINT('Origin',(57.9,19.65,55.));
#7758=CARTESIAN_POINT('Origin',(57.9,19.65,44.75));
#7759=CARTESIAN_POINT('',(56.6,19.65,55.));
#7760=CARTESIAN_POINT('Origin',(57.9,19.65,55.));
#7761=CARTESIAN_POINT('Origin',(57.9,23.15,34.5));
#7762=CARTESIAN_POINT('',(56.1,19.65,34.5));
#7763=CARTESIAN_POINT('',(56.1,23.15,34.5));
#7764=CARTESIAN_POINT('Origin',(57.9,19.65,34.5));
#7765=CARTESIAN_POINT('Origin',(57.9,19.65,44.75));
#7766=CARTESIAN_POINT('',(56.6,19.65,34.5));
#7767=CARTESIAN_POINT('Origin',(57.9,19.65,34.5));
#7768=CARTESIAN_POINT('Origin',(57.9,18.15,34.5));
#7769=CARTESIAN_POINT('',(56.6,15.45,34.5));
#7770=CARTESIAN_POINT('',(56.6,18.15,34.5));
#7771=CARTESIAN_POINT('Origin',(57.9,15.45,34.5));
#7772=CARTESIAN_POINT('Origin',(57.9,18.15,55.));
#7773=CARTESIAN_POINT('',(56.6,15.45,55.));
#7774=CARTESIAN_POINT('',(56.6,18.15,55.));
#7775=CARTESIAN_POINT('Origin',(57.9,15.45,55.));
#7776=CARTESIAN_POINT('Origin',(64.1,-0.100000000000042,44.75));
#7777=CARTESIAN_POINT('',(64.1,-16.55,32.3));
#7778=CARTESIAN_POINT('',(64.1,-16.55,35.45));
#7779=CARTESIAN_POINT('',(64.1,-16.55,32.3));
#7780=CARTESIAN_POINT('',(64.1,-16.55,35.45));
#7781=CARTESIAN_POINT('',(64.1,-18.35,54.05));
#7782=CARTESIAN_POINT('',(64.1,15.45,57.2));
#7783=CARTESIAN_POINT('',(64.1,-16.55,57.2));
#7784=CARTESIAN_POINT('',(64.1,15.45,51.85));
#7785=CARTESIAN_POINT('',(64.1,15.45,57.2));
#7786=CARTESIAN_POINT('',(64.1,16.55,51.85));
#7787=CARTESIAN_POINT('',(64.1,15.45,51.85));
#7788=CARTESIAN_POINT('',(64.1,16.55,37.65));
#7789=CARTESIAN_POINT('',(64.1,16.55,51.85));
#7790=CARTESIAN_POINT('',(64.1,15.45,37.65));
#7791=CARTESIAN_POINT('',(64.1,16.55,37.65));
#7792=CARTESIAN_POINT('',(64.1,15.45,32.3));
#7793=CARTESIAN_POINT('',(64.1,15.45,37.65));
#7794=CARTESIAN_POINT('',(64.1,-16.55,32.3));
#7795=CARTESIAN_POINT('',(64.1,13.85,57.1));
#7796=CARTESIAN_POINT('',(64.1,13.85,57.1024752475247));
#7797=CARTESIAN_POINT('',(64.1,13.85,57.15));
#7798=CARTESIAN_POINT('',(64.1,15.35,57.1));
#7799=CARTESIAN_POINT('',(64.1,-16.45,57.1));
#7800=CARTESIAN_POINT('',(64.1,-14.95,57.15));
#7801=CARTESIAN_POINT('Origin',(64.1,15.35,57.1));
#7802=CARTESIAN_POINT('',(64.1,13.85,57.1));
#7803=CARTESIAN_POINT('',(64.1,15.35,57.1));
#7804=CARTESIAN_POINT('Origin',(64.1,13.85,57.1024752475247));
#7805=CARTESIAN_POINT('',(64.1,13.85,57.1024752475247));
#7806=CARTESIAN_POINT('Origin',(64.1,13.85,57.1));
#7807=CARTESIAN_POINT('Origin',(64.1,-16.55,35.45));
#7808=CARTESIAN_POINT('',(64.1,-16.55,35.45));
#7809=CARTESIAN_POINT('',(64.1,-16.55,32.3));
#7810=CARTESIAN_POINT('Origin',(64.1,-18.35,35.45));
#7811=CARTESIAN_POINT('Origin',(64.1,-16.55,54.05));
#7812=CARTESIAN_POINT('Origin',(64.1,15.45,57.2));
#7813=CARTESIAN_POINT('',(64.1,15.45,57.2));
#7814=CARTESIAN_POINT('Origin',(64.1,15.45,51.85));
#7815=CARTESIAN_POINT('',(64.1,15.45,51.85));
#7816=CARTESIAN_POINT('Origin',(64.1,16.55,51.85));
#7817=CARTESIAN_POINT('',(64.1,16.55,51.85));
#7818=CARTESIAN_POINT('Origin',(64.1,16.55,37.65));
#7819=CARTESIAN_POINT('',(64.1,16.55,37.65));
#7820=CARTESIAN_POINT('Origin',(64.1,15.45,37.65));
#7821=CARTESIAN_POINT('',(64.1,15.45,37.65));
#7822=CARTESIAN_POINT('Origin',(64.1,15.45,32.3));
#7823=CARTESIAN_POINT('',(64.1,15.45,32.3));
#7824=CARTESIAN_POINT('Origin',(64.1,-16.55,32.3));
#7825=CARTESIAN_POINT('Origin',(45.,-5.375,-15.2));
#7826=CARTESIAN_POINT('',(47.5,-5.375,-12.7));
#7827=CARTESIAN_POINT('Origin',(47.5,-10.75,18.7));
#7828=CARTESIAN_POINT('',(47.5,-5.375,13.7));
#7829=CARTESIAN_POINT('Origin',(45.,-5.375,16.2));
#7830=CARTESIAN_POINT('Origin',(12.5,1.11022302462516E-15,21.7));
#7831=CARTESIAN_POINT('Origin',(12.5,1.11022302462516E-15,21.7));
#7832=CARTESIAN_POINT('Origin',(12.5,1.11022302462516E-15,21.7));
#7833=CARTESIAN_POINT('Origin',(12.5,1.11022302462516E-15,21.7));
#7834=CARTESIAN_POINT('Origin',(12.5,-5.55111512312578E-16,-20.7));
#7835=CARTESIAN_POINT('Origin',(12.5,-5.55111512312578E-16,-20.7));
#7836=CARTESIAN_POINT('Origin',(12.5,-5.55111512312578E-16,-20.7));
#7837=CARTESIAN_POINT('Origin',(12.5,-5.55111512312578E-16,-20.7));
#7838=CARTESIAN_POINT('Origin',(42.5299939904251,-3.04999999999992,-26.227184344391));
#7839=CARTESIAN_POINT('',(42.4601949970201,-1.04999999999993,-28.2259659984291));
#7840=CARTESIAN_POINT('',(42.4601949970201,-1.04999999999993,-28.2259659984291));
#7841=CARTESIAN_POINT('',(42.5299939904251,-1.04999999999992,-26.227184344391));
#7842=CARTESIAN_POINT('',(42.5299939904251,-1.04999999999992,-26.227184344391));
#7843=CARTESIAN_POINT('',(42.5299939904251,-3.04999999999993,-26.227184344391));
#7844=CARTESIAN_POINT('',(42.5299939904251,-1.04999999999992,-26.227184344391));
#7845=CARTESIAN_POINT('',(42.5997929838301,-3.04999999999993,-24.2284026903527));
#7846=CARTESIAN_POINT('Origin',(32.4662867268292,-5.04999999999993,-27.8769710314041));
#7847=CARTESIAN_POINT('',(32.4662867268292,-1.04999999999993,-27.8769710314041));
#7848=CARTESIAN_POINT('Origin',(32.4662867268292,-1.04999999999993,-27.8769710314041));
#7849=CARTESIAN_POINT('',(32.5360857202342,-1.04999999999992,-25.8781893773659));
#7850=CARTESIAN_POINT('Origin',(32.5360857202342,-1.04999999999992,-25.8781893773659));
#7851=CARTESIAN_POINT('',(32.5360857202342,-3.04999999999993,-25.8781893773659));
#7852=CARTESIAN_POINT('Origin',(32.5360857202342,-3.04999999999993,-25.8781893773659));
#7853=CARTESIAN_POINT('Origin',(42.5299939904251,2.95000000000007,-26.227184344391));
#7854=CARTESIAN_POINT('',(42.5299939904251,0.950000000000071,-26.227184344391));
#7855=CARTESIAN_POINT('',(42.5299939904251,2.95000000000007,-26.227184344391));
#7856=CARTESIAN_POINT('',(42.4601949970201,0.950000000000071,-28.2259659984291));
#7857=CARTESIAN_POINT('',(42.5299939904251,0.950000000000071,-26.227184344391));
#7858=CARTESIAN_POINT('',(42.4601949970201,4.95000000000007,-28.2259659984291));
#7859=CARTESIAN_POINT('',(42.4601949970201,4.95000000000007,-28.2259659984291));
#7860=CARTESIAN_POINT('',(42.5997929838301,4.95000000000007,-24.2284026903527));
#7861=CARTESIAN_POINT('Origin',(32.5360857202342,2.95000000000007,-25.8781893773659));
#7862=CARTESIAN_POINT('',(32.5360857202342,0.950000000000071,-25.8781893773659));
#7863=CARTESIAN_POINT('Origin',(32.5360857202342,0.950000000000071,-25.8781893773659));
#7864=CARTESIAN_POINT('',(32.4662867268292,0.950000000000071,-27.8769710314041));
#7865=CARTESIAN_POINT('Origin',(32.4662867268292,0.950000000000071,-27.8769710314041));
#7866=CARTESIAN_POINT('',(32.4662867268292,4.95000000000007,-27.8769710314041));
#7867=CARTESIAN_POINT('Origin',(32.4662867268292,4.95000000000007,-27.8769710314041));
#7868=CARTESIAN_POINT('Origin',(47.75,-15.,23.7));
#7869=UNCERTAINTY_MEASURE_WITH_UNIT(LENGTH_MEASURE(0.01),#7873,
'DISTANCE_ACCURACY_VALUE',
'Maximum model space distance between geometric entities at asserted c
onnectivities');
#7870=UNCERTAINTY_MEASURE_WITH_UNIT(LENGTH_MEASURE(0.01),#7873,
'DISTANCE_ACCURACY_VALUE',
'Maximum model space distance between geometric entities at asserted c
onnectivities');
#7871=(
GEOMETRIC_REPRESENTATION_CONTEXT(3)
GLOBAL_UNCERTAINTY_ASSIGNED_CONTEXT((#7869))
GLOBAL_UNIT_ASSIGNED_CONTEXT((#7873,#7875,#7876))
REPRESENTATION_CONTEXT('','3D')
);
#7872=(
GEOMETRIC_REPRESENTATION_CONTEXT(3)
GLOBAL_UNCERTAINTY_ASSIGNED_CONTEXT((#7870))
GLOBAL_UNIT_ASSIGNED_CONTEXT((#7873,#7875,#7876))
REPRESENTATION_CONTEXT('','3D')
);
#7873=(
LENGTH_UNIT()
NAMED_UNIT(*)
SI_UNIT(.MILLI.,.METRE.)
);
#7874=(
LENGTH_UNIT()
NAMED_UNIT(*)
SI_UNIT($,.METRE.)
);
#7875=(
NAMED_UNIT(*)
PLANE_ANGLE_UNIT()
SI_UNIT($,.RADIAN.)
);
#7876=(
NAMED_UNIT(*)
SI_UNIT($,.STERADIAN.)
SOLID_ANGLE_UNIT()
);
#7877=SHAPE_DEFINITION_REPRESENTATION(#7878,#7879);
#7878=PRODUCT_DEFINITION_SHAPE('',$,#7881);
#7879=SHAPE_REPRESENTATION('',(#3618),#7871);
#7880=PRODUCT_DEFINITION_CONTEXT('part definition',#7885,'design');
#7881=PRODUCT_DEFINITION('L1','L1',#7882,#7880);
#7882=PRODUCT_DEFINITION_FORMATION('',$,#7887);
#7883=PRODUCT_RELATED_PRODUCT_CATEGORY('L1','L1',(#7887));
#7884=APPLICATION_PROTOCOL_DEFINITION('international standard',
'automotive_design',2009,#7885);
#7885=APPLICATION_CONTEXT(
'Core Data for Automotive Mechanical Design Process');
#7886=PRODUCT_CONTEXT('part definition',#7885,'mechanical');
#7887=PRODUCT('L1','L1',$,(#7886));
#7888=PRESENTATION_STYLE_ASSIGNMENT((#7889));
#7889=SURFACE_STYLE_USAGE(.BOTH.,#7890);
#7890=SURFACE_SIDE_STYLE('',(#7891));
#7891=SURFACE_STYLE_FILL_AREA(#7892);
#7892=FILL_AREA_STYLE('Nylon 6-6 (White)',(#7893));
#7893=FILL_AREA_STYLE_COLOUR('Nylon 6-6 (White)',#7894);
#7894=COLOUR_RGB('Nylon 6-6 (White)',0.972549019607843,0.968627450980392,
0.929411764705882);
ENDSEC;
END-ISO-10303-21;
