ISO-10303-21;
HEADER;
/* Generated by software containing ST-Developer
 * from STEP Tools, Inc. (www.steptools.com) 
 */

FILE_DESCRIPTION(
/* description */ (''),
/* implementation_level */ '2;1');

FILE_NAME(
/* name */ 'L6-cap.step',
/* time_stamp */ '2026-05-18T20:40:34+02:00',
/* author */ (''),
/* organization */ (''),
/* preprocessor_version */ 'ST-DEVELOPER v20.1',
/* originating_system */ 'Autodesk Translation Framework v15.8.0.0',
/* authorisation */ '');

FILE_SCHEMA (('AUTOMOTIVE_DESIGN { 1 0 10303 214 3 1 1 }'));
ENDSEC;

DATA;
#10=MECHANICAL_DESIGN_GEOMETRIC_PRESENTATION_REPRESENTATION('',(#13),#1985);
#11=SHAPE_REPRESENTATION_RELATIONSHIP('SRR','None',#1992,#12);
#12=ADVANCED_BREP_SHAPE_REPRESENTATION('',(#14),#1984);
#13=STYLED_ITEM('',(#2001),#14);
#14=MANIFOLD_SOLID_BREP('L6',#412);
#15=FACE_BOUND('',#77,.T.);
#16=FACE_BOUND('',#78,.T.);
#17=FACE_BOUND('',#79,.T.);
#18=FACE_BOUND('',#80,.T.);
#19=FACE_BOUND('',#83,.T.);
#20=FACE_BOUND('',#86,.T.);
#21=FACE_BOUND('',#89,.T.);
#22=FACE_BOUND('',#92,.T.);
#23=FACE_BOUND('',#100,.T.);
#24=FACE_BOUND('',#102,.T.);
#25=FACE_BOUND('',#103,.T.);
#26=FACE_BOUND('',#104,.T.);
#27=FACE_BOUND('',#105,.T.);
#28=FACE_BOUND('',#106,.T.);
#29=PLANE('',#433);
#30=PLANE('',#435);
#31=PLANE('',#442);
#32=PLANE('',#446);
#33=PLANE('',#450);
#34=PLANE('',#454);
#35=PLANE('',#469);
#36=PLANE('',#470);
#37=B_SPLINE_SURFACE_WITH_KNOTS('',3,3,((#687,#688,#689,#690,#691,#692,
#693,#694,#695,#696,#697,#698,#699,#700,#701,#702,#703,#704,#705,#706,#707,
#708,#709,#710,#711,#712,#713,#714,#715,#716,#717,#718,#719,#720,#721,#722,
#723,#724,#725,#726,#727,#728,#729),(#730,#731,#732,#733,#734,#735,#736,
#737,#738,#739,#740,#741,#742,#743,#744,#745,#746,#747,#748,#749,#750,#751,
#752,#753,#754,#755,#756,#757,#758,#759,#760,#761,#762,#763,#764,#765,#766,
#767,#768,#769,#770,#771,#772),(#773,#774,#775,#776,#777,#778,#779,#780,
#781,#782,#783,#784,#785,#786,#787,#788,#789,#790,#791,#792,#793,#794,#795,
#796,#797,#798,#799,#800,#801,#802,#803,#804,#805,#806,#807,#808,#809,#810,
#811,#812,#813,#814,#815),(#816,#817,#818,#819,#820,#821,#822,#823,#824,
#825,#826,#827,#828,#829,#830,#831,#832,#833,#834,#835,#836,#837,#838,#839,
#840,#841,#842,#843,#844,#845,#846,#847,#848,#849,#850,#851,#852,#853,#854,
#855,#856,#857,#858),(#859,#860,#861,#862,#863,#864,#865,#866,#867,#868,
#869,#870,#871,#872,#873,#874,#875,#876,#877,#878,#879,#880,#881,#882,#883,
#884,#885,#886,#887,#888,#889,#890,#891,#892,#893,#894,#895,#896,#897,#898,
#899,#900,#901),(#902,#903,#904,#905,#906,#907,#908,#909,#910,#911,#912,
#913,#914,#915,#916,#917,#918,#919,#920,#921,#922,#923,#924,#925,#926,#927,
#928,#929,#930,#931,#932,#933,#934,#935,#936,#937,#938,#939,#940,#941,#942,
#943,#944),(#945,#946,#947,#948,#949,#950,#951,#952,#953,#954,#955,#956,
#957,#958,#959,#960,#961,#962,#963,#964,#965,#966,#967,#968,#969,#970,#971,
#972,#973,#974,#975,#976,#977,#978,#979,#980,#981,#982,#983,#984,#985,#986,
#987)),.UNSPECIFIED.,.F.,.F.,.F.,(4,1,1,1,4),(4,1,1,1,1,1,1,1,1,1,1,1,1,
1,1,1,1,1,1,1,1,1,1,1,1,1,1,1,1,1,1,1,1,1,1,1,1,1,1,1,4),(0.,0.285714285714286,
0.5,0.785714285714286,1.),(0.496591038886018,1.24741976368405,1.99824848848207,
2.7490772132801,3.49990593807813,3.83360759354392,4.5010109044755,5.00156338767419,
5.50211587087287,6.00266835407156,6.50322083727024,7.00377332046893,7.50432580366761,
8.0048782868663,8.75570701166432,9.13112137406334,9.50653573646235,9.88195009886137,
10.2573644612604,10.6327788236594,11.0081931860584,11.5087456692571,12.0092981524558,
12.5098506356545,12.6767014633874,12.8435522911203,13.5109556020518,14.0115080852505,
14.5120605684492,15.0126130516479,15.5131655348466,16.0137180180453,16.5142705012439,
17.0148229844426,17.5153754676413,18.5164804340387,19.2673091588367,20.0181378836347,
20.7689666084328,21.1443809708318,21.5197953332308),.UNSPECIFIED.);
#38=B_SPLINE_SURFACE_WITH_KNOTS('',3,3,((#1128,#1129,#1130,#1131,#1132,
#1133,#1134,#1135,#1136,#1137,#1138,#1139,#1140,#1141,#1142,#1143,#1144,
#1145,#1146,#1147,#1148,#1149,#1150,#1151,#1152,#1153,#1154,#1155,#1156,
#1157,#1158,#1159,#1160,#1161,#1162,#1163,#1164,#1165,#1166,#1167,#1168),
(#1169,#1170,#1171,#1172,#1173,#1174,#1175,#1176,#1177,#1178,#1179,#1180,
#1181,#1182,#1183,#1184,#1185,#1186,#1187,#1188,#1189,#1190,#1191,#1192,
#1193,#1194,#1195,#1196,#1197,#1198,#1199,#1200,#1201,#1202,#1203,#1204,
#1205,#1206,#1207,#1208,#1209),(#1210,#1211,#1212,#1213,#1214,#1215,#1216,
#1217,#1218,#1219,#1220,#1221,#1222,#1223,#1224,#1225,#1226,#1227,#1228,
#1229,#1230,#1231,#1232,#1233,#1234,#1235,#1236,#1237,#1238,#1239,#1240,
#1241,#1242,#1243,#1244,#1245,#1246,#1247,#1248,#1249,#1250),(#1251,#1252,
#1253,#1254,#1255,#1256,#1257,#1258,#1259,#1260,#1261,#1262,#1263,#1264,
#1265,#1266,#1267,#1268,#1269,#1270,#1271,#1272,#1273,#1274,#1275,#1276,
#1277,#1278,#1279,#1280,#1281,#1282,#1283,#1284,#1285,#1286,#1287,#1288,
#1289,#1290,#1291)),.UNSPECIFIED.,.F.,.F.,.F.,(4,4),(4,1,1,1,1,1,1,1,1,
1,1,1,1,1,1,1,1,1,1,1,1,1,1,1,1,1,1,1,1,1,1,1,1,1,1,1,1,1,4),(0.0134172617102573,
0.0991945497494697),(11.6149723878394,12.1105694039167,12.6061664199941,
13.1017634360714,13.5973604521488,14.0929574682261,14.5885544843035,15.0841515003809,
15.5797485164582,16.0753455325356,16.5709425486129,17.0665395646903,17.5621365807676,
18.057733596845,18.5533306129224,19.0489276289997,19.5445246450771,20.0401216611544,
20.5357186772318,21.0313156933091,21.5269127093865,22.0225097254639,22.5181067415412,
23.0137037576186,23.5093007736959,24.0048977897733,24.5004948058506,24.996091821928,
25.4916888380054,25.9872858540827,26.4828828701601,26.9784798862374,27.4740769023148,
27.9696739183921,28.4652709344695,28.9608679505468,29.4564649666242,29.9520619827016,
30.4476589987789),.UNSPECIFIED.);
#39=B_SPLINE_SURFACE_WITH_KNOTS('',3,3,((#1549,#1550,#1551,#1552,#1553,
#1554,#1555),(#1556,#1557,#1558,#1559,#1560,#1561,#1562),(#1563,#1564,#1565,
#1566,#1567,#1568,#1569),(#1570,#1571,#1572,#1573,#1574,#1575,#1576),(#1577,
#1578,#1579,#1580,#1581,#1582,#1583),(#1584,#1585,#1586,#1587,#1588,#1589,
#1590),(#1591,#1592,#1593,#1594,#1595,#1596,#1597)),.UNSPECIFIED.,.F.,.F.,
 .F.,(4,1,1,1,4),(4,1,1,1,4),(0.,0.285714285714286,0.571428571428571,0.857142857142857,
1.),(0.276380078706827,1.01585413519361,1.38559116343701,2.12506521992379,
2.86453927641058),.UNSPECIFIED.);
#40=B_SPLINE_SURFACE_WITH_KNOTS('',3,3,((#1612,#1613,#1614,#1615,#1616,
#1617,#1618,#1619,#1620,#1621,#1622,#1623,#1624,#1625,#1626,#1627,#1628,
#1629,#1630,#1631,#1632,#1633,#1634,#1635,#1636,#1637,#1638,#1639,#1640,
#1641,#1642,#1643,#1644,#1645,#1646,#1647,#1648,#1649,#1650,#1651,#1652),
(#1653,#1654,#1655,#1656,#1657,#1658,#1659,#1660,#1661,#1662,#1663,#1664,
#1665,#1666,#1667,#1668,#1669,#1670,#1671,#1672,#1673,#1674,#1675,#1676,
#1677,#1678,#1679,#1680,#1681,#1682,#1683,#1684,#1685,#1686,#1687,#1688,
#1689,#1690,#1691,#1692,#1693),(#1694,#1695,#1696,#1697,#1698,#1699,#1700,
#1701,#1702,#1703,#1704,#1705,#1706,#1707,#1708,#1709,#1710,#1711,#1712,
#1713,#1714,#1715,#1716,#1717,#1718,#1719,#1720,#1721,#1722,#1723,#1724,
#1725,#1726,#1727,#1728,#1729,#1730,#1731,#1732,#1733,#1734),(#1735,#1736,
#1737,#1738,#1739,#1740,#1741,#1742,#1743,#1744,#1745,#1746,#1747,#1748,
#1749,#1750,#1751,#1752,#1753,#1754,#1755,#1756,#1757,#1758,#1759,#1760,
#1761,#1762,#1763,#1764,#1765,#1766,#1767,#1768,#1769,#1770,#1771,#1772,
#1773,#1774,#1775)),.UNSPECIFIED.,.F.,.F.,.F.,(4,4),(4,1,1,1,1,1,1,1,1,
1,1,1,1,1,1,1,1,1,1,1,1,1,1,1,1,1,1,1,1,1,1,1,1,1,1,1,1,1,4),(0.,0.0857772880392128),
(8.29865039549503,8.79424741157239,9.28984442764975,9.78544144372711,10.2810384598045,
10.7766354758818,11.2722324919592,11.7678295080365,12.2634265241139,12.7590235401913,
13.2546205562686,13.750217572346,14.2458145884233,14.7414116045007,15.237008620578,
15.7326056366554,16.2282026527328,16.7237996688101,17.2193966848875,17.7149937009648,
18.2105907170422,18.7061877331195,19.2017847491969,19.6973817652743,20.1929787813516,
20.688575797429,21.1841728135063,21.6797698295837,22.175366845661,22.6709638617384,
23.1665608778158,23.6621578938931,24.1577549099705,24.6533519260478,25.1489489421252,
25.6445459582025,26.1401429742799,26.6357399903573,27.1313370064346),
 .UNSPECIFIED.);
#41=FACE_OUTER_BOUND('',#67,.T.);
#42=FACE_OUTER_BOUND('',#68,.T.);
#43=FACE_OUTER_BOUND('',#69,.T.);
#44=FACE_OUTER_BOUND('',#70,.T.);
#45=FACE_OUTER_BOUND('',#71,.T.);
#46=FACE_OUTER_BOUND('',#72,.T.);
#47=FACE_OUTER_BOUND('',#73,.T.);
#48=FACE_OUTER_BOUND('',#74,.T.);
#49=FACE_OUTER_BOUND('',#75,.T.);
#50=FACE_OUTER_BOUND('',#76,.T.);
#51=FACE_OUTER_BOUND('',#81,.T.);
#52=FACE_OUTER_BOUND('',#82,.T.);
#53=FACE_OUTER_BOUND('',#84,.T.);
#54=FACE_OUTER_BOUND('',#85,.T.);
#55=FACE_OUTER_BOUND('',#87,.T.);
#56=FACE_OUTER_BOUND('',#88,.T.);
#57=FACE_OUTER_BOUND('',#90,.T.);
#58=FACE_OUTER_BOUND('',#91,.T.);
#59=FACE_OUTER_BOUND('',#93,.T.);
#60=FACE_OUTER_BOUND('',#94,.T.);
#61=FACE_OUTER_BOUND('',#95,.T.);
#62=FACE_OUTER_BOUND('',#96,.T.);
#63=FACE_OUTER_BOUND('',#97,.T.);
#64=FACE_OUTER_BOUND('',#98,.T.);
#65=FACE_OUTER_BOUND('',#99,.T.);
#66=FACE_OUTER_BOUND('',#101,.T.);
#67=EDGE_LOOP('',(#264,#265,#266));
#68=EDGE_LOOP('',(#267,#268,#269,#270,#271,#272));
#69=EDGE_LOOP('',(#273,#274,#275,#276));
#70=EDGE_LOOP('',(#277,#278,#279,#280));
#71=EDGE_LOOP('',(#281,#282,#283,#284,#285,#286,#287,#288));
#72=EDGE_LOOP('',(#289,#290,#291,#292,#293));
#73=EDGE_LOOP('',(#294,#295,#296,#297,#298,#299));
#74=EDGE_LOOP('',(#300,#301,#302,#303));
#75=EDGE_LOOP('',(#304));
#76=EDGE_LOOP('',(#305,#306,#307,#308));
#77=EDGE_LOOP('',(#309));
#78=EDGE_LOOP('',(#310));
#79=EDGE_LOOP('',(#311));
#80=EDGE_LOOP('',(#312));
#81=EDGE_LOOP('',(#313,#314,#315,#316));
#82=EDGE_LOOP('',(#317));
#83=EDGE_LOOP('',(#318));
#84=EDGE_LOOP('',(#319,#320,#321,#322));
#85=EDGE_LOOP('',(#323));
#86=EDGE_LOOP('',(#324));
#87=EDGE_LOOP('',(#325,#326,#327,#328));
#88=EDGE_LOOP('',(#329));
#89=EDGE_LOOP('',(#330));
#90=EDGE_LOOP('',(#331,#332,#333,#334));
#91=EDGE_LOOP('',(#335));
#92=EDGE_LOOP('',(#336));
#93=EDGE_LOOP('',(#337,#338,#339,#340));
#94=EDGE_LOOP('',(#341,#342,#343,#344));
#95=EDGE_LOOP('',(#345,#346,#347,#348));
#96=EDGE_LOOP('',(#349,#350,#351,#352));
#97=EDGE_LOOP('',(#353,#354,#355,#356));
#98=EDGE_LOOP('',(#357,#358,#359,#360));
#99=EDGE_LOOP('',(#361));
#100=EDGE_LOOP('',(#362,#363,#364,#365));
#101=EDGE_LOOP('',(#366));
#102=EDGE_LOOP('',(#367));
#103=EDGE_LOOP('',(#368));
#104=EDGE_LOOP('',(#369));
#105=EDGE_LOOP('',(#370));
#106=EDGE_LOOP('',(#371));
#107=CIRCLE('',#427,12.06595);
#108=CIRCLE('',#429,12.06595);
#109=CIRCLE('',#432,12.06595);
#110=CIRCLE('',#434,3.05);
#111=CIRCLE('',#436,2.70000000000001);
#112=CIRCLE('',#437,2.70000000000001);
#113=CIRCLE('',#438,2.70000000000001);
#114=CIRCLE('',#439,2.70000000000001);
#115=CIRCLE('',#441,2.70000000000001);
#116=CIRCLE('',#443,1.55000000000001);
#117=CIRCLE('',#445,2.70000000000001);
#118=CIRCLE('',#447,1.55000000000001);
#119=CIRCLE('',#449,2.70000000000001);
#120=CIRCLE('',#451,1.55000000000001);
#121=CIRCLE('',#453,2.70000000000001);
#122=CIRCLE('',#455,1.55000000000001);
#123=CIRCLE('',#457,3.05);
#124=CIRCLE('',#459,1.55000000000001);
#125=CIRCLE('',#461,1.55000000000001);
#126=CIRCLE('',#463,1.55000000000001);
#127=CIRCLE('',#465,1.55000000000001);
#128=CIRCLE('',#467,19.8387586631474);
#129=CIRCLE('',#468,19.8387586631474);
#130=B_SPLINE_CURVE_WITH_KNOTS('',3,(#582,#583,#584,#585),.UNSPECIFIED.,
 .F.,.F.,(4,4),(28.2743338823082,28.370133206985),.UNSPECIFIED.);
#131=B_SPLINE_CURVE_WITH_KNOTS('',3,(#591,#592,#593,#594,#595,#596,#597,
#598,#599,#600,#601,#602,#603,#604,#605,#606,#607),.UNSPECIFIED.,.F.,.F.,
(4,1,1,1,1,1,1,1,1,1,1,1,1,1,4),(21.9911485751285,22.0225097254639,22.5181067415412,
23.0137037576186,23.5093007736959,24.0048977897733,24.5004948058506,24.996091821928,
25.4916888380054,25.9872858540827,26.4828828701601,26.9784798862374,27.4740769023148,
27.9696739183921,28.2743338823082),.UNSPECIFIED.);
#132=B_SPLINE_CURVE_WITH_KNOTS('',3,(#611,#612,#613,#614,#615,#616,#617,
#618,#619,#620,#621,#622,#623,#624,#625,#626,#627,#628,#629,#630,#631,#632,
#633,#634,#635,#636,#637,#638),.UNSPECIFIED.,.F.,.F.,(4,2,2,2,2,2,2,2,2,
2,2,2,2,4),(0.,0.317219581369124,0.617325525030026,0.767594018751427,0.780022674548394,
0.785183346169377,0.788527042219026,0.791522429123482,0.795216441763713,
0.801847118507599,0.818437981756778,0.879328927777491,1.22158692792533,
1.68905024992114),.UNSPECIFIED.);
#133=B_SPLINE_CURVE_WITH_KNOTS('',3,(#639,#640,#641,#642,#643,#644,#645,
#646,#647,#648,#649),.UNSPECIFIED.,.F.,.F.,(4,1,1,1,1,1,1,1,4),(21.9911485751285,
22.175366845661,22.6709638617384,23.1665608778158,23.6621578938931,24.1577549099705,
24.6533519260478,25.1489489421252,25.5681657038488),.UNSPECIFIED.);
#134=B_SPLINE_CURVE_WITH_KNOTS('',3,(#654,#655,#656,#657,#658,#659,#660,
#661,#662,#663,#664,#665,#666,#667,#668,#669),.UNSPECIFIED.,.F.,.F.,(4,
1,1,1,1,1,1,1,1,1,1,1,1,4),(15.707963267949,16.0753455325356,16.5709425486129,
17.0665395646903,17.5621365807676,18.057733596845,18.5533306129224,19.0489276289997,
19.5445246450771,20.0401216611544,20.5357186772318,21.0313156933091,21.5269127093865,
21.9911485751285),.UNSPECIFIED.);
#135=B_SPLINE_CURVE_WITH_KNOTS('',3,(#670,#671,#672,#673,#674,#675,#676,
#677,#678,#679,#680,#681,#682,#683,#684,#685,#686),.UNSPECIFIED.,.F.,.F.,
(4,1,1,1,1,1,1,1,1,1,1,1,1,1,4),(15.707963267949,15.7326056366554,16.2282026527328,
16.7237996688101,17.2193966848875,17.7149937009648,18.2105907170422,18.7061877331195,
19.2017847491969,19.6973817652743,20.1929787813516,20.688575797429,21.1841728135063,
21.6797698295837,21.9911485751285),.UNSPECIFIED.);
#136=B_SPLINE_CURVE_WITH_KNOTS('',3,(#990,#991,#992,#993,#994,#995,#996,
#997,#998,#999),.UNSPECIFIED.,.F.,.F.,(4,2,2,2,4),(0.,0.361734385889954,
0.704937162541548,1.03154422794783,1.39551708442024),.UNSPECIFIED.);
#137=B_SPLINE_CURVE_WITH_KNOTS('',3,(#1001,#1002,#1003,#1004,#1005,#1006,
#1007,#1008,#1009,#1010,#1011,#1012,#1013,#1014,#1015,#1016,#1017,#1018,
#1019,#1020,#1021,#1022,#1023,#1024,#1025,#1026,#1027,#1028,#1029,#1030,
#1031,#1032,#1033,#1034,#1035,#1036,#1037,#1038,#1039,#1040),
 .UNSPECIFIED.,.F.,.F.,(4,1,1,1,1,1,1,1,1,1,1,1,1,1,1,1,1,1,1,1,1,1,1,1,
1,1,1,1,1,1,1,1,1,1,1,1,1,4),(-19.6862721634706,-19.2673091588367,-18.5164804340387,
-17.5153754676413,-17.0148229844426,-16.5142705012439,-16.0137180180453,
-15.5131655348466,-15.0126130516479,-14.5120605684492,-14.0115080852505,
-13.5109556020518,-12.8435522911203,-12.6767014633874,-12.5098506356545,
-12.0092981524558,-11.5087456692571,-11.0081931860584,-10.6327788236594,
-10.2573644612604,-9.88195009886137,-9.50653573646235,-9.13112137406334,
-8.75570701166432,-8.0048782868663,-7.50432580366761,-7.00377332046893,
-6.50322083727024,-6.00266835407156,-5.50211587087287,-5.00156338767419,
-4.5010109044755,-3.83360759354392,-3.49990593807813,-2.7490772132801,-1.99824848848207,
-1.24741976368405,-0.496963287988729),.UNSPECIFIED.);
#138=B_SPLINE_CURVE_WITH_KNOTS('',3,(#1042,#1043,#1044,#1045,#1046,#1047,
#1048,#1049,#1050,#1051,#1052,#1053,#1054,#1055,#1056,#1057,#1058,#1059,
#1060,#1061,#1062,#1063,#1064,#1065,#1066,#1067,#1068,#1069,#1070,#1071,
#1072,#1073,#1074,#1075,#1076,#1077,#1078,#1079,#1080,#1081,#1082,#1083,
#1084),.UNSPECIFIED.,.F.,.F.,(4,3,3,3,3,3,3,3,3,3,3,3,3,3,4),(-0.0420071491411519,
-0.0417882488376296,-0.0377961942948191,-0.0365187092422645,-0.0330159453440997,
-0.0312492913954542,-0.0272397200211515,-0.0234360409795778,-0.0210138945296819,
-0.017015681499072,-0.0156240256848012,-0.0120072403600562,-0.00781237538919195,
-0.0038123725266276,0.),.UNSPECIFIED.);
#139=B_SPLINE_CURVE_WITH_KNOTS('',3,(#1085,#1086,#1087,#1088,#1089,#1090,
#1091,#1092,#1093,#1094,#1095,#1096,#1097,#1098,#1099,#1100,#1101,#1102,
#1103,#1104,#1105,#1106,#1107,#1108,#1109,#1110,#1111,#1112,#1113,#1114,
#1115,#1116,#1117,#1118,#1119,#1120,#1121,#1122,#1123,#1124,#1125,#1126,
#1127),.UNSPECIFIED.,.F.,.F.,(4,1,1,1,1,1,1,1,1,1,1,1,1,1,1,1,1,1,1,1,1,
1,1,1,1,1,1,1,1,1,1,1,1,1,1,1,1,1,1,1,4),(0.49664178863433,1.24741976368405,
1.99824848848207,2.7490772132801,3.49990593807813,3.83360759354392,4.5010109044755,
5.00156338767419,5.50211587087287,6.00266835407156,6.50322083727024,7.00377332046893,
7.50432580366761,8.0048782868663,8.75570701166432,9.13112137406334,9.50653573646235,
9.88195009886137,10.2573644612604,10.6327788236594,11.0081931860584,11.5087456692571,
12.0092981524558,12.5098506356545,12.6767014633874,12.8435522911203,13.5109556020518,
14.0115080852505,14.5120605684492,15.0126130516479,15.5131655348466,16.0137180180453,
16.5142705012439,17.0148229844426,17.5153754676413,18.5164804340387,19.2673091588367,
20.0181378836347,20.7689666084328,21.1443809708318,21.5197953332308),
 .UNSPECIFIED.);
#140=B_SPLINE_CURVE_WITH_KNOTS('',3,(#1293,#1294,#1295,#1296,#1297,#1298,
#1299,#1300,#1301,#1302,#1303,#1304,#1305,#1306,#1307,#1308,#1309,#1310,
#1311,#1312,#1313,#1314,#1315,#1316,#1317,#1318,#1319,#1320,#1321,#1322,
#1323,#1324,#1325,#1326),.UNSPECIFIED.,.F.,.F.,(4,3,3,3,3,3,3,3,3,3,3,4),
(0.,0.0316021006875288,0.064000551205246,0.0826526149823365,0.0950797600262938,
0.102897830408592,0.107953931716629,0.11627646937754,0.119463899025584,
0.120861848988603,0.121776181935183,0.121889107467193),.UNSPECIFIED.);
#141=B_SPLINE_CURVE_WITH_KNOTS('',3,(#1327,#1328,#1329,#1330,#1331,#1332,
#1333,#1334,#1335,#1336,#1337,#1338,#1339,#1340,#1341,#1342,#1343,#1344,
#1345,#1346,#1347,#1348,#1349,#1350,#1351,#1352,#1353,#1354,#1355,#1356,
#1357,#1358,#1359,#1360,#1361,#1362,#1363,#1364,#1365,#1366,#1367,#1368,
#1369,#1370,#1371,#1372,#1373,#1374,#1375,#1376,#1377,#1378,#1379,#1380,
#1381,#1382,#1383,#1384,#1385,#1386,#1387,#1388,#1389,#1390,#1391,#1392,
#1393,#1394,#1395,#1396,#1397,#1398,#1399,#1400,#1401,#1402,#1403,#1404,
#1405,#1406,#1407,#1408,#1409,#1410,#1411,#1412,#1413,#1414,#1415,#1416,
#1417,#1418,#1419,#1420,#1421,#1422,#1423,#1424,#1425,#1426),
 .UNSPECIFIED.,.F.,.F.,(4,3,3,3,3,3,3,3,3,3,3,3,3,3,3,3,3,3,3,3,3,3,3,3,
3,3,3,3,3,3,3,3,3,4),(0.,0.0865644791866464,0.115265407208414,0.201058542845659,
0.287594047890214,0.374342695144646,0.461396067384935,0.471956215247439,
0.479902095585588,0.56705384891599,0.654659348875384,0.722556184105801,
0.809922672117581,0.897436480030804,0.927330700514209,0.951601560507898,
0.960585346785734,1.0478701443109,1.13624034920541,1.22468928044821,1.31248309835624,
1.33979020758951,1.41814203010555,1.44021567779326,1.44970036088268,1.53736692396389,
1.62606631494879,1.71537217217119,1.80440744227833,1.8855061149981,1.92658719575987,
1.94019546077303,1.96660478771786,2.01454660709501),.UNSPECIFIED.);
#142=B_SPLINE_CURVE_WITH_KNOTS('',3,(#1428,#1429,#1430,#1431,#1432,#1433,
#1434,#1435,#1436,#1437,#1438,#1439),.UNSPECIFIED.,.F.,.F.,(4,1,1,1,1,1,
1,1,1,4),(11.6149723878394,12.1105694039167,12.6061664199941,13.1017634360714,
13.5973604521488,14.0929574682261,14.5885544843035,15.0841515003809,15.5797485164582,
15.707963267949),.UNSPECIFIED.);
#143=B_SPLINE_CURVE_WITH_KNOTS('',3,(#1440,#1441,#1442,#1443,#1444,#1445,
#1446,#1447,#1448,#1449,#1450,#1451,#1452,#1453,#1454,#1455,#1456,#1457,
#1458,#1459,#1460,#1461,#1462,#1463,#1464,#1465,#1466,#1467,#1468,#1469,
#1470,#1471,#1472,#1473,#1474,#1475,#1476,#1477,#1478,#1479,#1480,#1481,
#1482,#1483,#1484,#1485,#1486,#1487,#1488,#1489,#1490,#1491,#1492,#1493,
#1494,#1495,#1496,#1497,#1498,#1499,#1500,#1501,#1502,#1503,#1504,#1505,
#1506,#1507,#1508,#1509,#1510,#1511,#1512,#1513,#1514,#1515,#1516,#1517,
#1518,#1519,#1520,#1521,#1522,#1523,#1524,#1525,#1526,#1527,#1528,#1529,
#1530,#1531,#1532,#1533,#1534,#1535,#1536,#1537,#1538,#1539,#1540,#1541,
#1542,#1543,#1544,#1545,#1546,#1547,#1548),.UNSPECIFIED.,.F.,.F.,(4,3,3,
3,3,3,3,3,3,3,3,3,3,3,3,3,3,3,3,3,3,3,3,3,3,3,3,3,3,3,3,3,3,3,3,3,4),(-2.24079412268649,
-2.15099045055023,-2.06140331400989,-1.97249733968341,-1.93805381530416,
-1.92639308577797,-1.84569819880036,-1.75696053470284,-1.6676978707886,
-1.57850507493119,-1.48898925905242,-1.45542082809788,-1.44404996594487,
-1.43487264019882,-1.34656615010186,-1.25840745804928,-1.2204418114161,
-1.13201508756829,-1.04372617437021,-0.988895902576438,-0.964573864339256,
-0.954970024219877,-0.945913499482975,-0.858436744974676,-0.770869089304052,
-0.684061239245518,-0.60508400002003,-0.529448500017526,-0.496357968766431,
-0.476814191719572,-0.467945808952425,-0.381895912932549,-0.295213956012918,
-0.208655236100923,-0.122718337801387,-0.0382636750043625,0.),
 .UNSPECIFIED.);
#144=B_SPLINE_CURVE_WITH_KNOTS('',3,(#1598,#1599,#1600,#1601,#1602,#1603,
#1604),.UNSPECIFIED.,.F.,.F.,(4,1,1,1,4),(0.358958913677882,1.01585413519361,
1.38559116343701,2.12506521992379,2.57656787172234),.UNSPECIFIED.);
#145=B_SPLINE_CURVE_WITH_KNOTS('',3,(#1605,#1606,#1607,#1608,#1609,#1610,
#1611),.UNSPECIFIED.,.F.,.F.,(4,1,1,1,4),(-2.28605087117031,-2.12506521992379,
-1.38559116343701,-1.01585413519361,-0.276380078706827),.UNSPECIFIED.);
#146=B_SPLINE_CURVE_WITH_KNOTS('',3,(#1777,#1778,#1779,#1780,#1781,#1782,
#1783,#1784,#1785,#1786,#1787,#1788,#1789,#1790,#1791,#1792,#1793,#1794,
#1795,#1796,#1797,#1798,#1799,#1800,#1801,#1802,#1803,#1804,#1805,#1806,
#1807,#1808,#1809,#1810,#1811,#1812,#1813,#1814,#1815,#1816,#1817,#1818,
#1819,#1820,#1821,#1822,#1823,#1824,#1825,#1826,#1827,#1828,#1829,#1830,
#1831,#1832,#1833,#1834,#1835,#1836,#1837,#1838,#1839,#1840,#1841,#1842,
#1843,#1844,#1845,#1846,#1847,#1848,#1849,#1850,#1851,#1852,#1853,#1854,
#1855,#1856,#1857,#1858,#1859,#1860,#1861,#1862,#1863,#1864,#1865,#1866,
#1867,#1868,#1869,#1870,#1871,#1872,#1873,#1874,#1875,#1876,#1877,#1878,
#1879,#1880,#1881,#1882,#1883,#1884,#1885,#1886,#1887,#1888,#1889,#1890,
#1891,#1892,#1893,#1894,#1895,#1896,#1897),.UNSPECIFIED.,.F.,.F.,(4,3,3,
3,3,3,3,3,3,3,3,3,3,3,3,3,3,3,3,3,3,3,3,3,3,3,3,3,3,3,3,3,3,3,3,3,3,3,3,
3,4),(-2.60634605818267,-2.51973000144046,-2.4910200789002,-2.40485337699531,
-2.33975520482211,-2.31127475449633,-2.29331995804464,-2.28203006570044,
-2.19541733557955,-2.10818354100212,-2.02119056100252,-1.98690992065431,
-1.97001017236857,-1.95966157499278,-1.88406799960969,-1.79729239912058,
-1.70964569444578,-1.62163302539623,-1.53271473610687,-1.49937037762336,
-1.48817305838077,-1.48008939023785,-1.39165944967324,-1.30281062262119,
-1.26595986823879,-1.17746551332147,-1.08866435422086,-1.03230680347549,
-1.00749692987784,-0.997134415134288,-0.988318058283963,-0.899154220774423,
-0.809513476633936,-0.720044231341558,-0.637803948257883,-0.569123891958696,
-0.517613849734306,-0.50369660615885,-0.495352710233718,-0.406289283866839,
-0.363083723061136),.UNSPECIFIED.);
#147=B_SPLINE_CURVE_WITH_KNOTS('',3,(#1898,#1899,#1900,#1901,#1902,#1903,
#1904,#1905,#1906,#1907,#1908,#1909,#1910,#1911),.UNSPECIFIED.,.F.,.F.,
(4,1,1,1,1,1,1,1,1,1,1,4),(10.376176187289,10.7766354758818,11.2722324919592,
11.7678295080365,12.2634265241139,12.7590235401913,13.2546205562686,13.750217572346,
14.2458145884233,14.7414116045007,15.237008620578,15.707963267949),
 .UNSPECIFIED.);
#148=LINE('',#580,#161);
#149=LINE('',#590,#162);
#150=LINE('',#653,#163);
#151=LINE('',#1928,#164);
#152=LINE('',#1935,#165);
#153=LINE('',#1942,#166);
#154=LINE('',#1949,#167);
#155=LINE('',#1956,#168);
#156=LINE('',#1960,#169);
#157=LINE('',#1964,#170);
#158=LINE('',#1968,#171);
#159=LINE('',#1972,#172);
#160=LINE('',#1978,#173);
#161=VECTOR('',#475,12.06595);
#162=VECTOR('',#480,12.06595);
#163=VECTOR('',#485,12.06595);
#164=VECTOR('',#506,2.70000000000001);
#165=VECTOR('',#515,2.70000000000001);
#166=VECTOR('',#524,2.70000000000001);
#167=VECTOR('',#533,2.70000000000001);
#168=VECTOR('',#542,3.05);
#169=VECTOR('',#547,1.55000000000001);
#170=VECTOR('',#552,1.55000000000001);
#171=VECTOR('',#557,1.55000000000001);
#172=VECTOR('',#562,1.55000000000001);
#173=VECTOR('',#569,19.8387586631474);
#174=VERTEX_POINT('',#578);
#175=VERTEX_POINT('',#579);
#176=VERTEX_POINT('',#581);
#177=VERTEX_POINT('',#588);
#178=VERTEX_POINT('',#589);
#179=VERTEX_POINT('',#608);
#180=VERTEX_POINT('',#610);
#181=VERTEX_POINT('',#651);
#182=VERTEX_POINT('',#652);
#183=VERTEX_POINT('',#988);
#184=VERTEX_POINT('',#989);
#185=VERTEX_POINT('',#1000);
#186=VERTEX_POINT('',#1041);
#187=VERTEX_POINT('',#1292);
#188=VERTEX_POINT('',#1427);
#189=VERTEX_POINT('',#1776);
#190=VERTEX_POINT('',#1915);
#191=VERTEX_POINT('',#1918);
#192=VERTEX_POINT('',#1920);
#193=VERTEX_POINT('',#1922);
#194=VERTEX_POINT('',#1924);
#195=VERTEX_POINT('',#1927);
#196=VERTEX_POINT('',#1931);
#197=VERTEX_POINT('',#1934);
#198=VERTEX_POINT('',#1938);
#199=VERTEX_POINT('',#1941);
#200=VERTEX_POINT('',#1945);
#201=VERTEX_POINT('',#1948);
#202=VERTEX_POINT('',#1952);
#203=VERTEX_POINT('',#1955);
#204=VERTEX_POINT('',#1959);
#205=VERTEX_POINT('',#1963);
#206=VERTEX_POINT('',#1967);
#207=VERTEX_POINT('',#1971);
#208=VERTEX_POINT('',#1975);
#209=VERTEX_POINT('',#1977);
#210=EDGE_CURVE('',#174,#175,#148,.T.);
#211=EDGE_CURVE('',#174,#176,#130,.T.);
#212=EDGE_CURVE('',#175,#176,#107,.T.);
#213=EDGE_CURVE('',#177,#178,#149,.T.);
#214=EDGE_CURVE('',#177,#174,#131,.T.);
#215=EDGE_CURVE('',#179,#175,#108,.T.);
#216=EDGE_CURVE('',#180,#179,#132,.F.);
#217=EDGE_CURVE('',#178,#180,#133,.T.);
#218=EDGE_CURVE('',#181,#182,#150,.T.);
#219=EDGE_CURVE('',#181,#177,#134,.T.);
#220=EDGE_CURVE('',#182,#178,#135,.T.);
#221=EDGE_CURVE('',#183,#184,#136,.F.);
#222=EDGE_CURVE('',#184,#185,#137,.T.);
#223=EDGE_CURVE('',#185,#186,#138,.T.);
#224=EDGE_CURVE('',#186,#183,#139,.T.);
#225=EDGE_CURVE('',#187,#186,#140,.T.);
#226=EDGE_CURVE('',#176,#187,#141,.T.);
#227=EDGE_CURVE('',#188,#181,#142,.T.);
#228=EDGE_CURVE('',#183,#188,#143,.T.);
#229=EDGE_CURVE('',#185,#180,#144,.T.);
#230=EDGE_CURVE('',#179,#187,#145,.T.);
#231=EDGE_CURVE('',#189,#184,#146,.T.);
#232=EDGE_CURVE('',#189,#182,#147,.T.);
#233=EDGE_CURVE('',#188,#189,#109,.T.);
#234=EDGE_CURVE('',#190,#190,#110,.T.);
#235=EDGE_CURVE('',#191,#191,#111,.T.);
#236=EDGE_CURVE('',#192,#192,#112,.T.);
#237=EDGE_CURVE('',#193,#193,#113,.T.);
#238=EDGE_CURVE('',#194,#194,#114,.T.);
#239=EDGE_CURVE('',#194,#195,#151,.T.);
#240=EDGE_CURVE('',#195,#195,#115,.T.);
#241=EDGE_CURVE('',#196,#196,#116,.T.);
#242=EDGE_CURVE('',#191,#197,#152,.T.);
#243=EDGE_CURVE('',#197,#197,#117,.T.);
#244=EDGE_CURVE('',#198,#198,#118,.T.);
#245=EDGE_CURVE('',#193,#199,#153,.T.);
#246=EDGE_CURVE('',#199,#199,#119,.T.);
#247=EDGE_CURVE('',#200,#200,#120,.T.);
#248=EDGE_CURVE('',#192,#201,#154,.T.);
#249=EDGE_CURVE('',#201,#201,#121,.T.);
#250=EDGE_CURVE('',#202,#202,#122,.T.);
#251=EDGE_CURVE('',#190,#203,#155,.T.);
#252=EDGE_CURVE('',#203,#203,#123,.T.);
#253=EDGE_CURVE('',#198,#204,#156,.T.);
#254=EDGE_CURVE('',#204,#204,#124,.T.);
#255=EDGE_CURVE('',#196,#205,#157,.T.);
#256=EDGE_CURVE('',#205,#205,#125,.T.);
#257=EDGE_CURVE('',#200,#206,#158,.T.);
#258=EDGE_CURVE('',#206,#206,#126,.T.);
#259=EDGE_CURVE('',#202,#207,#159,.T.);
#260=EDGE_CURVE('',#207,#207,#127,.T.);
#261=EDGE_CURVE('',#208,#208,#128,.T.);
#262=EDGE_CURVE('',#208,#209,#160,.T.);
#263=EDGE_CURVE('',#209,#209,#129,.T.);
#264=ORIENTED_EDGE('',*,*,#210,.F.);
#265=ORIENTED_EDGE('',*,*,#211,.T.);
#266=ORIENTED_EDGE('',*,*,#212,.F.);
#267=ORIENTED_EDGE('',*,*,#213,.F.);
#268=ORIENTED_EDGE('',*,*,#214,.T.);
#269=ORIENTED_EDGE('',*,*,#210,.T.);
#270=ORIENTED_EDGE('',*,*,#215,.F.);
#271=ORIENTED_EDGE('',*,*,#216,.F.);
#272=ORIENTED_EDGE('',*,*,#217,.F.);
#273=ORIENTED_EDGE('',*,*,#218,.F.);
#274=ORIENTED_EDGE('',*,*,#219,.T.);
#275=ORIENTED_EDGE('',*,*,#213,.T.);
#276=ORIENTED_EDGE('',*,*,#220,.F.);
#277=ORIENTED_EDGE('',*,*,#221,.T.);
#278=ORIENTED_EDGE('',*,*,#222,.T.);
#279=ORIENTED_EDGE('',*,*,#223,.T.);
#280=ORIENTED_EDGE('',*,*,#224,.T.);
#281=ORIENTED_EDGE('',*,*,#224,.F.);
#282=ORIENTED_EDGE('',*,*,#225,.F.);
#283=ORIENTED_EDGE('',*,*,#226,.F.);
#284=ORIENTED_EDGE('',*,*,#211,.F.);
#285=ORIENTED_EDGE('',*,*,#214,.F.);
#286=ORIENTED_EDGE('',*,*,#219,.F.);
#287=ORIENTED_EDGE('',*,*,#227,.F.);
#288=ORIENTED_EDGE('',*,*,#228,.F.);
#289=ORIENTED_EDGE('',*,*,#223,.F.);
#290=ORIENTED_EDGE('',*,*,#229,.T.);
#291=ORIENTED_EDGE('',*,*,#216,.T.);
#292=ORIENTED_EDGE('',*,*,#230,.T.);
#293=ORIENTED_EDGE('',*,*,#225,.T.);
#294=ORIENTED_EDGE('',*,*,#222,.F.);
#295=ORIENTED_EDGE('',*,*,#231,.F.);
#296=ORIENTED_EDGE('',*,*,#232,.T.);
#297=ORIENTED_EDGE('',*,*,#220,.T.);
#298=ORIENTED_EDGE('',*,*,#217,.T.);
#299=ORIENTED_EDGE('',*,*,#229,.F.);
#300=ORIENTED_EDGE('',*,*,#218,.T.);
#301=ORIENTED_EDGE('',*,*,#232,.F.);
#302=ORIENTED_EDGE('',*,*,#233,.F.);
#303=ORIENTED_EDGE('',*,*,#227,.T.);
#304=ORIENTED_EDGE('',*,*,#234,.T.);
#305=ORIENTED_EDGE('',*,*,#215,.T.);
#306=ORIENTED_EDGE('',*,*,#212,.T.);
#307=ORIENTED_EDGE('',*,*,#226,.T.);
#308=ORIENTED_EDGE('',*,*,#230,.F.);
#309=ORIENTED_EDGE('',*,*,#235,.T.);
#310=ORIENTED_EDGE('',*,*,#236,.T.);
#311=ORIENTED_EDGE('',*,*,#237,.T.);
#312=ORIENTED_EDGE('',*,*,#238,.T.);
#313=ORIENTED_EDGE('',*,*,#238,.F.);
#314=ORIENTED_EDGE('',*,*,#239,.T.);
#315=ORIENTED_EDGE('',*,*,#240,.T.);
#316=ORIENTED_EDGE('',*,*,#239,.F.);
#317=ORIENTED_EDGE('',*,*,#240,.F.);
#318=ORIENTED_EDGE('',*,*,#241,.F.);
#319=ORIENTED_EDGE('',*,*,#235,.F.);
#320=ORIENTED_EDGE('',*,*,#242,.T.);
#321=ORIENTED_EDGE('',*,*,#243,.T.);
#322=ORIENTED_EDGE('',*,*,#242,.F.);
#323=ORIENTED_EDGE('',*,*,#243,.F.);
#324=ORIENTED_EDGE('',*,*,#244,.F.);
#325=ORIENTED_EDGE('',*,*,#237,.F.);
#326=ORIENTED_EDGE('',*,*,#245,.T.);
#327=ORIENTED_EDGE('',*,*,#246,.T.);
#328=ORIENTED_EDGE('',*,*,#245,.F.);
#329=ORIENTED_EDGE('',*,*,#246,.F.);
#330=ORIENTED_EDGE('',*,*,#247,.F.);
#331=ORIENTED_EDGE('',*,*,#236,.F.);
#332=ORIENTED_EDGE('',*,*,#248,.T.);
#333=ORIENTED_EDGE('',*,*,#249,.T.);
#334=ORIENTED_EDGE('',*,*,#248,.F.);
#335=ORIENTED_EDGE('',*,*,#249,.F.);
#336=ORIENTED_EDGE('',*,*,#250,.F.);
#337=ORIENTED_EDGE('',*,*,#234,.F.);
#338=ORIENTED_EDGE('',*,*,#251,.T.);
#339=ORIENTED_EDGE('',*,*,#252,.T.);
#340=ORIENTED_EDGE('',*,*,#251,.F.);
#341=ORIENTED_EDGE('',*,*,#244,.T.);
#342=ORIENTED_EDGE('',*,*,#253,.T.);
#343=ORIENTED_EDGE('',*,*,#254,.T.);
#344=ORIENTED_EDGE('',*,*,#253,.F.);
#345=ORIENTED_EDGE('',*,*,#241,.T.);
#346=ORIENTED_EDGE('',*,*,#255,.T.);
#347=ORIENTED_EDGE('',*,*,#256,.T.);
#348=ORIENTED_EDGE('',*,*,#255,.F.);
#349=ORIENTED_EDGE('',*,*,#247,.T.);
#350=ORIENTED_EDGE('',*,*,#257,.T.);
#351=ORIENTED_EDGE('',*,*,#258,.T.);
#352=ORIENTED_EDGE('',*,*,#257,.F.);
#353=ORIENTED_EDGE('',*,*,#250,.T.);
#354=ORIENTED_EDGE('',*,*,#259,.T.);
#355=ORIENTED_EDGE('',*,*,#260,.T.);
#356=ORIENTED_EDGE('',*,*,#259,.F.);
#357=ORIENTED_EDGE('',*,*,#261,.F.);
#358=ORIENTED_EDGE('',*,*,#262,.T.);
#359=ORIENTED_EDGE('',*,*,#263,.T.);
#360=ORIENTED_EDGE('',*,*,#262,.F.);
#361=ORIENTED_EDGE('',*,*,#261,.T.);
#362=ORIENTED_EDGE('',*,*,#228,.T.);
#363=ORIENTED_EDGE('',*,*,#233,.T.);
#364=ORIENTED_EDGE('',*,*,#231,.T.);
#365=ORIENTED_EDGE('',*,*,#221,.F.);
#366=ORIENTED_EDGE('',*,*,#263,.F.);
#367=ORIENTED_EDGE('',*,*,#260,.F.);
#368=ORIENTED_EDGE('',*,*,#258,.F.);
#369=ORIENTED_EDGE('',*,*,#256,.F.);
#370=ORIENTED_EDGE('',*,*,#254,.F.);
#371=ORIENTED_EDGE('',*,*,#252,.F.);
#372=CYLINDRICAL_SURFACE('',#426,12.06595);
#373=CYLINDRICAL_SURFACE('',#428,12.06595);
#374=CYLINDRICAL_SURFACE('',#430,12.06595);
#375=CYLINDRICAL_SURFACE('',#431,12.06595);
#376=CYLINDRICAL_SURFACE('',#440,2.70000000000001);
#377=CYLINDRICAL_SURFACE('',#444,2.70000000000001);
#378=CYLINDRICAL_SURFACE('',#448,2.70000000000001);
#379=CYLINDRICAL_SURFACE('',#452,2.70000000000001);
#380=CYLINDRICAL_SURFACE('',#456,3.05);
#381=CYLINDRICAL_SURFACE('',#458,1.55000000000001);
#382=CYLINDRICAL_SURFACE('',#460,1.55000000000001);
#383=CYLINDRICAL_SURFACE('',#462,1.55000000000001);
#384=CYLINDRICAL_SURFACE('',#464,1.55000000000001);
#385=CYLINDRICAL_SURFACE('',#466,19.8387586631474);
#386=ADVANCED_FACE('',(#41),#372,.T.);
#387=ADVANCED_FACE('',(#42),#373,.T.);
#388=ADVANCED_FACE('',(#43),#374,.T.);
#389=ADVANCED_FACE('',(#44),#37,.F.);
#390=ADVANCED_FACE('',(#45),#38,.F.);
#391=ADVANCED_FACE('',(#46),#39,.F.);
#392=ADVANCED_FACE('',(#47),#40,.F.);
#393=ADVANCED_FACE('',(#48),#375,.T.);
#394=ADVANCED_FACE('',(#49),#29,.F.);
#395=ADVANCED_FACE('',(#50,#15,#16,#17,#18),#30,.T.);
#396=ADVANCED_FACE('',(#51),#376,.F.);
#397=ADVANCED_FACE('',(#52,#19),#31,.T.);
#398=ADVANCED_FACE('',(#53),#377,.F.);
#399=ADVANCED_FACE('',(#54,#20),#32,.T.);
#400=ADVANCED_FACE('',(#55),#378,.F.);
#401=ADVANCED_FACE('',(#56,#21),#33,.T.);
#402=ADVANCED_FACE('',(#57),#379,.F.);
#403=ADVANCED_FACE('',(#58,#22),#34,.T.);
#404=ADVANCED_FACE('',(#59),#380,.F.);
#405=ADVANCED_FACE('',(#60),#381,.F.);
#406=ADVANCED_FACE('',(#61),#382,.F.);
#407=ADVANCED_FACE('',(#62),#383,.F.);
#408=ADVANCED_FACE('',(#63),#384,.F.);
#409=ADVANCED_FACE('',(#64),#385,.T.);
#410=ADVANCED_FACE('',(#65,#23),#35,.T.);
#411=ADVANCED_FACE('',(#66,#24,#25,#26,#27,#28),#36,.F.);
#412=CLOSED_SHELL('',(#386,#387,#388,#389,#390,#391,#392,#393,#394,#395,
#396,#397,#398,#399,#400,#401,#402,#403,#404,#405,#406,#407,#408,#409,#410,
#411));
#413=DERIVED_UNIT_ELEMENT(#415,1.);
#414=DERIVED_UNIT_ELEMENT(#1987,-3.);
#415=(
MASS_UNIT()
NAMED_UNIT(*)
SI_UNIT(.KILO.,.GRAM.)
);
#416=DERIVED_UNIT((#413,#414));
#417=MEASURE_REPRESENTATION_ITEM('density measure',
POSITIVE_RATIO_MEASURE(1120.),#416);
#418=PROPERTY_DEFINITION_REPRESENTATION(#423,#420);
#419=PROPERTY_DEFINITION_REPRESENTATION(#424,#421);
#420=REPRESENTATION('material name',(#422),#1984);
#421=REPRESENTATION('density',(#417),#1984);
#422=DESCRIPTIVE_REPRESENTATION_ITEM('Nylon 6','Nylon 6');
#423=PROPERTY_DEFINITION('material property','material name',#1994);
#424=PROPERTY_DEFINITION('material property','density of part',#1994);
#425=AXIS2_PLACEMENT_3D('',#576,#471,#472);
#426=AXIS2_PLACEMENT_3D('',#577,#473,#474);
#427=AXIS2_PLACEMENT_3D('',#586,#476,#477);
#428=AXIS2_PLACEMENT_3D('',#587,#478,#479);
#429=AXIS2_PLACEMENT_3D('',#609,#481,#482);
#430=AXIS2_PLACEMENT_3D('',#650,#483,#484);
#431=AXIS2_PLACEMENT_3D('',#1912,#486,#487);
#432=AXIS2_PLACEMENT_3D('',#1913,#488,#489);
#433=AXIS2_PLACEMENT_3D('',#1914,#490,#491);
#434=AXIS2_PLACEMENT_3D('',#1916,#492,#493);
#435=AXIS2_PLACEMENT_3D('',#1917,#494,#495);
#436=AXIS2_PLACEMENT_3D('',#1919,#496,#497);
#437=AXIS2_PLACEMENT_3D('',#1921,#498,#499);
#438=AXIS2_PLACEMENT_3D('',#1923,#500,#501);
#439=AXIS2_PLACEMENT_3D('',#1925,#502,#503);
#440=AXIS2_PLACEMENT_3D('',#1926,#504,#505);
#441=AXIS2_PLACEMENT_3D('',#1929,#507,#508);
#442=AXIS2_PLACEMENT_3D('',#1930,#509,#510);
#443=AXIS2_PLACEMENT_3D('',#1932,#511,#512);
#444=AXIS2_PLACEMENT_3D('',#1933,#513,#514);
#445=AXIS2_PLACEMENT_3D('',#1936,#516,#517);
#446=AXIS2_PLACEMENT_3D('',#1937,#518,#519);
#447=AXIS2_PLACEMENT_3D('',#1939,#520,#521);
#448=AXIS2_PLACEMENT_3D('',#1940,#522,#523);
#449=AXIS2_PLACEMENT_3D('',#1943,#525,#526);
#450=AXIS2_PLACEMENT_3D('',#1944,#527,#528);
#451=AXIS2_PLACEMENT_3D('',#1946,#529,#530);
#452=AXIS2_PLACEMENT_3D('',#1947,#531,#532);
#453=AXIS2_PLACEMENT_3D('',#1950,#534,#535);
#454=AXIS2_PLACEMENT_3D('',#1951,#536,#537);
#455=AXIS2_PLACEMENT_3D('',#1953,#538,#539);
#456=AXIS2_PLACEMENT_3D('',#1954,#540,#541);
#457=AXIS2_PLACEMENT_3D('',#1957,#543,#544);
#458=AXIS2_PLACEMENT_3D('',#1958,#545,#546);
#459=AXIS2_PLACEMENT_3D('',#1961,#548,#549);
#460=AXIS2_PLACEMENT_3D('',#1962,#550,#551);
#461=AXIS2_PLACEMENT_3D('',#1965,#553,#554);
#462=AXIS2_PLACEMENT_3D('',#1966,#555,#556);
#463=AXIS2_PLACEMENT_3D('',#1969,#558,#559);
#464=AXIS2_PLACEMENT_3D('',#1970,#560,#561);
#465=AXIS2_PLACEMENT_3D('',#1973,#563,#564);
#466=AXIS2_PLACEMENT_3D('',#1974,#565,#566);
#467=AXIS2_PLACEMENT_3D('',#1976,#567,#568);
#468=AXIS2_PLACEMENT_3D('',#1979,#570,#571);
#469=AXIS2_PLACEMENT_3D('',#1980,#572,#573);
#470=AXIS2_PLACEMENT_3D('',#1981,#574,#575);
#471=DIRECTION('axis',(0.,0.,1.));
#472=DIRECTION('refdir',(1.,0.,0.));
#473=DIRECTION('center_axis',(1.,0.,0.));
#474=DIRECTION('ref_axis',(0.,1.,0.));
#475=DIRECTION('',(1.,0.,0.));
#476=DIRECTION('center_axis',(1.,0.,0.));
#477=DIRECTION('ref_axis',(0.,1.,0.));
#478=DIRECTION('center_axis',(1.,0.,0.));
#479=DIRECTION('ref_axis',(0.,1.,0.));
#480=DIRECTION('',(1.,0.,0.));
#481=DIRECTION('center_axis',(1.,0.,0.));
#482=DIRECTION('ref_axis',(0.,1.,0.));
#483=DIRECTION('center_axis',(1.,0.,0.));
#484=DIRECTION('ref_axis',(0.,1.,0.));
#485=DIRECTION('',(1.,0.,0.));
#486=DIRECTION('center_axis',(1.,0.,0.));
#487=DIRECTION('ref_axis',(0.,0.888975906234858,0.457953969448801));
#488=DIRECTION('center_axis',(-1.,0.,0.));
#489=DIRECTION('ref_axis',(0.,1.,0.));
#490=DIRECTION('center_axis',(1.,0.,0.));
#491=DIRECTION('ref_axis',(0.,1.,0.));
#492=DIRECTION('center_axis',(-1.,0.,0.));
#493=DIRECTION('ref_axis',(0.,1.,0.));
#494=DIRECTION('center_axis',(1.,0.,0.));
#495=DIRECTION('ref_axis',(0.,1.,0.));
#496=DIRECTION('center_axis',(-1.,0.,0.));
#497=DIRECTION('ref_axis',(0.,1.,0.));
#498=DIRECTION('center_axis',(-1.,0.,0.));
#499=DIRECTION('ref_axis',(0.,1.,0.));
#500=DIRECTION('center_axis',(-1.,0.,0.));
#501=DIRECTION('ref_axis',(0.,1.,0.));
#502=DIRECTION('center_axis',(-1.,0.,0.));
#503=DIRECTION('ref_axis',(0.,1.,0.));
#504=DIRECTION('center_axis',(-1.,0.,0.));
#505=DIRECTION('ref_axis',(0.,1.,0.));
#506=DIRECTION('',(-1.,0.,0.));
#507=DIRECTION('center_axis',(-1.,0.,0.));
#508=DIRECTION('ref_axis',(0.,1.,0.));
#509=DIRECTION('center_axis',(1.,0.,0.));
#510=DIRECTION('ref_axis',(0.,0.,-1.));
#511=DIRECTION('center_axis',(1.,0.,0.));
#512=DIRECTION('ref_axis',(0.,1.,0.));
#513=DIRECTION('center_axis',(-1.,0.,0.));
#514=DIRECTION('ref_axis',(0.,1.,0.));
#515=DIRECTION('',(-1.,0.,0.));
#516=DIRECTION('center_axis',(-1.,0.,0.));
#517=DIRECTION('ref_axis',(0.,1.,0.));
#518=DIRECTION('center_axis',(1.,0.,0.));
#519=DIRECTION('ref_axis',(0.,0.,-1.));
#520=DIRECTION('center_axis',(1.,0.,0.));
#521=DIRECTION('ref_axis',(0.,1.,0.));
#522=DIRECTION('center_axis',(-1.,0.,0.));
#523=DIRECTION('ref_axis',(0.,1.,0.));
#524=DIRECTION('',(-1.,0.,0.));
#525=DIRECTION('center_axis',(-1.,0.,0.));
#526=DIRECTION('ref_axis',(0.,1.,0.));
#527=DIRECTION('center_axis',(1.,0.,0.));
#528=DIRECTION('ref_axis',(0.,0.,-1.));
#529=DIRECTION('center_axis',(1.,0.,0.));
#530=DIRECTION('ref_axis',(0.,1.,0.));
#531=DIRECTION('center_axis',(-1.,0.,0.));
#532=DIRECTION('ref_axis',(0.,1.,0.));
#533=DIRECTION('',(-1.,0.,0.));
#534=DIRECTION('center_axis',(-1.,0.,0.));
#535=DIRECTION('ref_axis',(0.,1.,0.));
#536=DIRECTION('center_axis',(1.,0.,0.));
#537=DIRECTION('ref_axis',(0.,0.,-1.));
#538=DIRECTION('center_axis',(1.,0.,0.));
#539=DIRECTION('ref_axis',(0.,1.,0.));
#540=DIRECTION('center_axis',(1.,0.,0.));
#541=DIRECTION('ref_axis',(0.,1.,0.));
#542=DIRECTION('',(-1.,0.,0.));
#543=DIRECTION('center_axis',(-1.,0.,0.));
#544=DIRECTION('ref_axis',(0.,1.,0.));
#545=DIRECTION('center_axis',(1.,0.,0.));
#546=DIRECTION('ref_axis',(0.,1.,0.));
#547=DIRECTION('',(-1.,0.,0.));
#548=DIRECTION('center_axis',(-1.,0.,0.));
#549=DIRECTION('ref_axis',(0.,1.,0.));
#550=DIRECTION('center_axis',(1.,0.,0.));
#551=DIRECTION('ref_axis',(0.,1.,0.));
#552=DIRECTION('',(-1.,0.,0.));
#553=DIRECTION('center_axis',(-1.,0.,0.));
#554=DIRECTION('ref_axis',(0.,1.,0.));
#555=DIRECTION('center_axis',(1.,0.,0.));
#556=DIRECTION('ref_axis',(0.,1.,0.));
#557=DIRECTION('',(-1.,0.,0.));
#558=DIRECTION('center_axis',(-1.,0.,0.));
#559=DIRECTION('ref_axis',(0.,1.,0.));
#560=DIRECTION('center_axis',(1.,0.,0.));
#561=DIRECTION('ref_axis',(0.,1.,0.));
#562=DIRECTION('',(-1.,0.,0.));
#563=DIRECTION('center_axis',(-1.,0.,0.));
#564=DIRECTION('ref_axis',(0.,1.,0.));
#565=DIRECTION('center_axis',(1.,0.,0.));
#566=DIRECTION('ref_axis',(0.,1.,0.));
#567=DIRECTION('center_axis',(1.,0.,0.));
#568=DIRECTION('ref_axis',(0.,1.,0.));
#569=DIRECTION('',(-1.,0.,0.));
#570=DIRECTION('center_axis',(1.,0.,0.));
#571=DIRECTION('ref_axis',(0.,1.,0.));
#572=DIRECTION('center_axis',(1.,0.,0.));
#573=DIRECTION('ref_axis',(0.,1.,0.));
#574=DIRECTION('center_axis',(1.,0.,0.));
#575=DIRECTION('ref_axis',(0.,1.,0.));
#576=CARTESIAN_POINT('',(0.,0.,0.));
#577=CARTESIAN_POINT('Origin',(218.9221295959,-3.79696274421804E-13,201.));
#578=CARTESIAN_POINT('',(225.672129595899,-12.06523723638,200.999825318512));
#579=CARTESIAN_POINT('',(225.695,-12.0659500000004,201.));
#580=CARTESIAN_POINT('',(218.9221295959,-12.0659500000004,201.));
#581=CARTESIAN_POINT('',(225.695,-12.0106246397834,199.845857389774));
#582=CARTESIAN_POINT('Ctrl Pts',(225.672129595899,-12.06523723638,200.999825318512));
#583=CARTESIAN_POINT('Ctrl Pts',(225.679753063933,-12.0654605645151,200.61445551994));
#584=CARTESIAN_POINT('Ctrl Pts',(225.687376531967,-12.047389851893,200.229106581341));
#585=CARTESIAN_POINT('Ctrl Pts',(225.695,-12.0109232953953,199.845561995476));
#586=CARTESIAN_POINT('Origin',(225.695,-3.79696274421804E-13,201.));
#587=CARTESIAN_POINT('Origin',(218.9221295959,-3.79696274421804E-13,201.));
#588=CARTESIAN_POINT('',(224.1721295959,-12.0669063868459,200.999874118164));
#589=CARTESIAN_POINT('',(224.467870404101,-12.0652621186476,200.999788995337));
#590=CARTESIAN_POINT('',(218.9221295959,-12.0659500000004,201.));
#591=CARTESIAN_POINT('Ctrl Pts',(224.172129595899,-12.0669063868459,200.999874118164));
#592=CARTESIAN_POINT('Ctrl Pts',(224.174625236948,-12.0669745754212,200.873769068448));
#593=CARTESIAN_POINT('Ctrl Pts',(224.216559235442,-12.0344408212123,198.754874204248));
#594=CARTESIAN_POINT('Ctrl Pts',(224.29793159138,-10.8657888738943,194.677869197311));
#595=CARTESIAN_POINT('Ctrl Pts',(224.416246663716,-6.55193788545664,190.271215563644));
#596=CARTESIAN_POINT('Ctrl Pts',(224.534561736051,-0.661493476085591,188.446230364281));
#597=CARTESIAN_POINT('Ctrl Pts',(224.652876808387,5.38812622889121,189.642059989548));
#598=CARTESIAN_POINT('Ctrl Pts',(224.771191880722,10.1412004590647,193.570951796597));
#599=CARTESIAN_POINT('Ctrl Pts',(224.889506953058,12.4539969100745,199.287496291871));
#600=CARTESIAN_POINT('Ctrl Pts',(225.007822025393,11.7699861995686,205.416120609669));
#601=CARTESIAN_POINT('Ctrl Pts',(225.126137097728,8.25376387008721,210.482093898345));
#602=CARTESIAN_POINT('Ctrl Pts',(225.244452170064,2.75143420473497,213.26638952814));
#603=CARTESIAN_POINT('Ctrl Pts',(225.362767242399,-3.41296710432508,213.099025230363));
#604=CARTESIAN_POINT('Ctrl Pts',(225.481082314735,-8.75612227814051,210.02026928507));
#605=CARTESIAN_POINT('Ctrl Pts',(225.584203099235,-11.5766689038112,205.445104129432));
#606=CARTESIAN_POINT('Ctrl Pts',(225.64788552629,-12.0645270106891,202.22537413447));
#607=CARTESIAN_POINT('Ctrl Pts',(225.672129595899,-12.06523723638,200.999825318512));
#608=CARTESIAN_POINT('',(225.695,11.8408784489054,203.31823020097));
#609=CARTESIAN_POINT('Origin',(225.695,-3.79696274421804E-13,201.));
#610=CARTESIAN_POINT('',(225.321877273999,10.9393680327881,206.088928898441));
#611=CARTESIAN_POINT('Ctrl Pts',(225.695,11.8411432507625,203.318291594561));
#612=CARTESIAN_POINT('Ctrl Pts',(225.695,11.6379799443456,204.355989276865));
#613=CARTESIAN_POINT('Ctrl Pts',(225.686390928809,11.2992069314995,205.362451798167));
#614=CARTESIAN_POINT('Ctrl Pts',(225.640947912173,10.3943436398822,207.208343302559));
#615=CARTESIAN_POINT('Ctrl Pts',(225.608045720101,9.93883409437711,207.855753244645));
#616=CARTESIAN_POINT('Ctrl Pts',(225.553362024098,9.54324534179692,208.38663754334));
#617=CARTESIAN_POINT('Ctrl Pts',(225.532245183074,9.44131315737954,208.513389385619));
#618=CARTESIAN_POINT('Ctrl Pts',(225.507048712022,9.40906974196602,208.553580044357));
#619=CARTESIAN_POINT('Ctrl Pts',(225.504738172214,9.40661798962836,208.55663250857));
#620=CARTESIAN_POINT('Ctrl Pts',(225.501011362172,9.40419489048835,208.559647422472));
#621=CARTESIAN_POINT('Ctrl Pts',(225.499737516251,9.40353084791966,208.560473362694));
#622=CARTESIAN_POINT('Ctrl Pts',(225.497396673525,9.40282042242009,208.561356869299));
#623=CARTESIAN_POINT('Ctrl Pts',(225.496423994898,9.40264149010696,208.561579359804));
#624=CARTESIAN_POINT('Ctrl Pts',(225.494488450511,9.40257011738472,208.561668109158));
#625=CARTESIAN_POINT('Ctrl Pts',(225.493595934806,9.40265200565595,208.561566289224));
#626=CARTESIAN_POINT('Ctrl Pts',(225.491654096853,9.40305593736553,208.561063983856));
#627=CARTESIAN_POINT('Ctrl Pts',(225.490663248141,9.40341995748524,208.560611283222));
#628=CARTESIAN_POINT('Ctrl Pts',(225.48815553402,9.40462095355607,208.55911738484));
#629=CARTESIAN_POINT('Ctrl Pts',(225.48673171479,9.40565989618913,208.557824687246));
#630=CARTESIAN_POINT('Ctrl Pts',(225.482579640213,9.40925276175031,208.553352147767));
#631=CARTESIAN_POINT('Ctrl Pts',(225.47998109778,9.4127067577674,208.549048311897));
#632=CARTESIAN_POINT('Ctrl Pts',(225.469900032534,9.42857321415227,208.529246588474));
#633=CARTESIAN_POINT('Ctrl Pts',(225.463351863821,9.44747719636511,208.505530226189));
#634=CARTESIAN_POINT('Ctrl Pts',(225.431880539181,9.55299375570005,208.372130629396));
#635=CARTESIAN_POINT('Ctrl Pts',(225.407808824795,9.73435425865055,208.139697508971));
#636=CARTESIAN_POINT('Ctrl Pts',(225.359375258323,10.2452908699586,207.39477284387));
#637=CARTESIAN_POINT('Ctrl Pts',(225.337708727662,10.6013764023415,206.817458168541));
#638=CARTESIAN_POINT('Ctrl Pts',(225.321820340441,10.9400892653225,206.089361086548));
#639=CARTESIAN_POINT('Ctrl Pts',(224.467870404101,-12.0652621186476,200.999788995338));
#640=CARTESIAN_POINT('Ctrl Pts',(224.482530028283,-12.0657315792911,200.258745378691));
#641=CARTESIAN_POINT('Ctrl Pts',(224.536628009909,-11.8177278690891,197.524404288022));
#642=CARTESIAN_POINT('Ctrl Pts',(224.630164348981,-9.77647146241162,193.097131490319));
#643=CARTESIAN_POINT('Ctrl Pts',(224.748479421317,-4.84194870298834,189.398696741524));
#644=CARTESIAN_POINT('Ctrl Pts',(224.866794493652,1.25768605848013,188.491883263661));
#645=CARTESIAN_POINT('Ctrl Pts',(224.985109565988,7.05470027451198,190.594898262776));
#646=CARTESIAN_POINT('Ctrl Pts',(225.103424638323,11.1541096758262,195.201685939531));
#647=CARTESIAN_POINT('Ctrl Pts',(225.215661563141,12.4968696387157,200.895376543439));
#648=CARTESIAN_POINT('Ctrl Pts',(225.288460130514,11.6500957287523,204.560527881972));
#649=CARTESIAN_POINT('Ctrl Pts',(225.321820340441,10.9404647803253,206.089747890556));
#650=CARTESIAN_POINT('Origin',(218.9221295959,-3.79696274421804E-13,201.));
#651=CARTESIAN_POINT('',(222.6721295959,-12.0658380781699,201.000302605545));
#652=CARTESIAN_POINT('',(222.967870404101,-12.0669472047208,200.999899716626));
#653=CARTESIAN_POINT('',(218.9221295959,-12.0659500000004,201.));
#654=CARTESIAN_POINT('Ctrl Pts',(222.6721295959,-12.0658380781699,201.000302605545));
#655=CARTESIAN_POINT('Ctrl Pts',(222.701364947606,-12.0643962891075,199.522658605945));
#656=CARTESIAN_POINT('Ctrl Pts',(222.770038656758,-11.4254218274506,196.05046611709));
#657=CARTESIAN_POINT('Ctrl Pts',(222.878150723355,-8.17349245496062,191.448627456439));
#658=CARTESIAN_POINT('Ctrl Pts',(222.99646579569,-2.64787700403747,188.710839924632));
#659=CARTESIAN_POINT('Ctrl Pts',(223.114780868026,3.51489768283292,188.930194772133));
#660=CARTESIAN_POINT('Ctrl Pts',(223.233095940361,8.83188201420796,192.053907801358));
#661=CARTESIAN_POINT('Ctrl Pts',(223.351411012697,12.0236497900491,197.330319985087));
#662=CARTESIAN_POINT('Ctrl Pts',(223.469726085032,12.3221655130762,203.489767580521));
#663=CARTESIAN_POINT('Ctrl Pts',(223.588041157368,9.65559736799598,209.050102186028));
#664=CARTESIAN_POINT('Ctrl Pts',(223.706356229703,4.6656018840987,212.673339911985));
#665=CARTESIAN_POINT('Ctrl Pts',(223.824671302038,-1.44707783094405,213.487620727465));
#666=CARTESIAN_POINT('Ctrl Pts',(223.942986374374,-7.21154706820087,211.297004154072));
#667=CARTESIAN_POINT('Ctrl Pts',(224.058805805661,-11.1557133678826,206.727089569737));
#668=CARTESIAN_POINT('Ctrl Pts',(224.135186879503,-12.0658969984169,202.866594130136));
#669=CARTESIAN_POINT('Ctrl Pts',(224.172129595899,-12.0669063868459,200.999874118164));
#670=CARTESIAN_POINT('Ctrl Pts',(222.967870404101,-12.0669472047208,200.999899716626));
#671=CARTESIAN_POINT('Ctrl Pts',(222.969831381496,-12.0669912022876,200.90081225938));
#672=CARTESIAN_POINT('Ctrl Pts',(223.011230716335,-12.0417551041899,198.808941757578));
#673=CARTESIAN_POINT('Ctrl Pts',(223.09206840862,-10.9080203941571,194.751016160828));
#674=CARTESIAN_POINT('Ctrl Pts',(223.210383480956,-6.62387386972524,190.315478354042));
#675=CARTESIAN_POINT('Ctrl Pts',(223.328698553291,-0.74582393709393,188.450958023022));
#676=CARTESIAN_POINT('Ctrl Pts',(223.447013625627,5.3116936832252,189.606114881889));
#677=CARTESIAN_POINT('Ctrl Pts',(223.565328697962,10.0910579376792,193.502983421154));
#678=CARTESIAN_POINT('Ctrl Pts',(223.683643770298,12.4422099395722,199.203859787055));
#679=CARTESIAN_POINT('Ctrl Pts',(223.801958842633,11.7993917624121,205.336941546606));
#680=CARTESIAN_POINT('Ctrl Pts',(223.920273914968,8.31728478878017,210.426424639385));
#681=CARTESIAN_POINT('Ctrl Pts',(224.038588987304,2.83378879812224,213.247626257177));
#682=CARTESIAN_POINT('Ctrl Pts',(224.156904059639,-3.33160212467362,213.121680371237));
#683=CARTESIAN_POINT('Ctrl Pts',(224.275219131975,-8.69530916516884,210.078893362039));
#684=CARTESIAN_POINT('Ctrl Pts',(224.378874580129,-11.5613319190702,205.499148468509));
#685=CARTESIAN_POINT('Ctrl Pts',(224.443091670837,-12.0644686030759,202.252353309824));
#686=CARTESIAN_POINT('Ctrl Pts',(224.467870404101,-12.0652621186476,200.999788995338));
#687=CARTESIAN_POINT('Ctrl Pts',(225.668252702306,2.66360092344003,188.471206478444));
#688=CARTESIAN_POINT('Ctrl Pts',(225.621068187925,0.187334602427473,187.944756326002));
#689=CARTESIAN_POINT('Ctrl Pts',(225.52603227859,-5.11207376843676,188.416215971692));
#690=CARTESIAN_POINT('Ctrl Pts',(225.384643041593,-11.2784890850922,193.412286040895));
#691=CARTESIAN_POINT('Ctrl Pts',(225.242488734473,-13.5851344085056,201.044791951988));
#692=CARTESIAN_POINT('Ctrl Pts',(225.126853742447,-11.6665043253455,207.231673809451));
#693=CARTESIAN_POINT('Ctrl Pts',(225.016576446007,-7.68226767999248,211.683360996681));
#694=CARTESIAN_POINT('Ctrl Pts',(224.921938928476,-2.94500249632316,213.948614093058));
#695=CARTESIAN_POINT('Ctrl Pts',(224.816887575435,2.80849501895848,213.841964110326));
#696=CARTESIAN_POINT('Ctrl Pts',(224.722208251441,7.55023371746813,211.766268635078));
#697=CARTESIAN_POINT('Ctrl Pts',(224.627657355533,11.1191796004056,208.016641318897));
#698=CARTESIAN_POINT('Ctrl Pts',(224.533021749301,12.9659562850084,203.182070243338));
#699=CARTESIAN_POINT('Ctrl Pts',(224.438458137979,12.8035876359588,198.008100792355));
#700=CARTESIAN_POINT('Ctrl Pts',(224.343685169374,10.6525328015984,193.293339151002));
#701=CARTESIAN_POINT('Ctrl Pts',(224.233383044336,6.22078654983734,189.187707185751));
#702=CARTESIAN_POINT('Ctrl Pts',(224.130964786259,0.665904199162408,187.76215632438));
#703=CARTESIAN_POINT('Ctrl Pts',(224.036375293966,-4.37152641832616,188.760288869811));
#704=CARTESIAN_POINT('Ctrl Pts',(223.965333091613,-7.76714421256515,190.57773427997));
#705=CARTESIAN_POINT('Ctrl Pts',(223.894416835504,-10.4791024833809,193.308103109649));
#706=CARTESIAN_POINT('Ctrl Pts',(223.823437439493,-12.2712111066608,196.715461729769));
#707=CARTESIAN_POINT('Ctrl Pts',(223.752486789977,-12.9886849045637,200.49671929033));
#708=CARTESIAN_POINT('Ctrl Pts',(223.673562673865,-12.5192565586512,204.752487867091));
#709=CARTESIAN_POINT('Ctrl Pts',(223.586934609895,-10.4292902202259,209.007217265137));
#710=CARTESIAN_POINT('Ctrl Pts',(223.492380308308,-6.53209067899199,212.40928157093));
#711=CARTESIAN_POINT('Ctrl Pts',(223.418862292206,-2.71655847895503,213.683798044463));
#712=CARTESIAN_POINT('Ctrl Pts',(223.366079887124,0.116627733824615,213.844677971945));
#713=CARTESIAN_POINT('Ctrl Pts',(223.303142458899,3.49246267778511,213.595561935234));
#714=CARTESIAN_POINT('Ctrl Pts',(223.219027300147,7.78533703298552,211.75740768842));
#715=CARTESIAN_POINT('Ctrl Pts',(223.11395689915,11.5021704163615,207.366074588492));
#716=CARTESIAN_POINT('Ctrl Pts',(223.019194756677,13.0730893298042,202.428015749329));
#717=CARTESIAN_POINT('Ctrl Pts',(222.924665650412,12.6094402435575,197.274383431746));
#718=CARTESIAN_POINT('Ctrl Pts',(222.830025089603,10.1938517587192,192.694527800294));
#719=CARTESIAN_POINT('Ctrl Pts',(222.735437126377,6.19989323048757,189.40546897885));
#720=CARTESIAN_POINT('Ctrl Pts',(222.640829111884,1.23929591508461,187.908350473231));
#721=CARTESIAN_POINT('Ctrl Pts',(222.546255950917,-3.89695331709807,188.450445042834));
#722=CARTESIAN_POINT('Ctrl Pts',(222.420113873943,-9.98430954138719,191.738393901865));
#723=CARTESIAN_POINT('Ctrl Pts',(222.278281782248,-13.7582389213498,199.027309862825));
#724=CARTESIAN_POINT('Ctrl Pts',(222.120230255836,-11.8151218100022,207.697367843721));
#725=CARTESIAN_POINT('Ctrl Pts',(221.979020574573,-6.07943432758906,213.149433463166));
#726=CARTESIAN_POINT('Ctrl Pts',(221.860520459851,0.469977606549336,214.24727263663));
#727=CARTESIAN_POINT('Ctrl Pts',(221.766011556168,5.39842666496774,212.823319284336));
#728=CARTESIAN_POINT('Ctrl Pts',(221.718505819875,7.55706701352902,211.418575578283));
#729=CARTESIAN_POINT('Ctrl Pts',(221.695,8.5004814295395,210.581610117886));
#730=CARTESIAN_POINT('Ctrl Pts',(225.648310839901,2.67116118269154,188.437488853867));
#731=CARTESIAN_POINT('Ctrl Pts',(225.601126325519,0.188202121385643,187.909538789624));
#732=CARTESIAN_POINT('Ctrl Pts',(225.506090416184,-5.12548841714026,188.382097153593));
#733=CARTESIAN_POINT('Ctrl Pts',(225.364701179187,-11.308717197426,193.391464866975));
#734=CARTESIAN_POINT('Ctrl Pts',(225.222546872067,-13.6218056045562,201.044508303391));
#735=CARTESIAN_POINT('Ctrl Pts',(225.106911880041,-11.6981980300578,207.248126566915));
#736=CARTESIAN_POINT('Ctrl Pts',(224.996634583602,-7.70332853435186,211.711965219229));
#737=CARTESIAN_POINT('Ctrl Pts',(224.901997066071,-2.95332999889072,213.983479625004));
#738=CARTESIAN_POINT('Ctrl Pts',(224.796945713029,2.81568483113042,213.876713138747));
#739=CARTESIAN_POINT('Ctrl Pts',(224.702266389035,7.57030729483828,211.795551944359));
#740=CARTESIAN_POINT('Ctrl Pts',(224.607715493127,11.1489830893588,208.03591634508));
#741=CARTESIAN_POINT('Ctrl Pts',(224.513079886895,13.0008979888867,203.188351888046));
#742=CARTESIAN_POINT('Ctrl Pts',(224.418516275573,12.8382349438481,198.0004152047));
#743=CARTESIAN_POINT('Ctrl Pts',(224.323743306969,10.6815229120096,193.272851213614));
#744=CARTESIAN_POINT('Ctrl Pts',(224.21344118193,6.23790737787995,189.155999516719));
#745=CARTESIAN_POINT('Ctrl Pts',(224.111022923853,0.668120634237539,187.726436127236));
#746=CARTESIAN_POINT('Ctrl Pts',(224.01643343156,-4.38295659633635,188.727116099737));
#747=CARTESIAN_POINT('Ctrl Pts',(223.945391229207,-7.78779558962866,190.549366011554));
#748=CARTESIAN_POINT('Ctrl Pts',(223.874474973098,-10.5071595861739,193.287025312948));
#749=CARTESIAN_POINT('Ctrl Pts',(223.803495577087,-12.3042081774613,196.703527744398));
#750=CARTESIAN_POINT('Ctrl Pts',(223.732544927571,-13.023733003241,200.494973062157));
#751=CARTESIAN_POINT('Ctrl Pts',(223.65362081146,-12.5531645744041,204.762240108537));
#752=CARTESIAN_POINT('Ctrl Pts',(223.566992747489,-10.4576894191885,209.028517197871));
#753=CARTESIAN_POINT('Ctrl Pts',(223.472438445902,-6.55005159718702,212.439888870325));
#754=CARTESIAN_POINT('Ctrl Pts',(223.3989204298,-2.72428957983295,213.717951899259));
#755=CARTESIAN_POINT('Ctrl Pts',(223.346138024718,0.116555717789902,213.879350103084));
#756=CARTESIAN_POINT('Ctrl Pts',(223.283200596494,3.50152270776896,213.62966318452));
#757=CARTESIAN_POINT('Ctrl Pts',(223.199085437741,7.80604040136698,211.78667108137));
#758=CARTESIAN_POINT('Ctrl Pts',(223.094015036744,11.5330259029908,207.383607745213));
#759=CARTESIAN_POINT('Ctrl Pts',(222.999252894271,13.1083421982958,202.432247060839));
#760=CARTESIAN_POINT('Ctrl Pts',(222.904723788006,12.6435897342569,197.264704557988));
#761=CARTESIAN_POINT('Ctrl Pts',(222.810083227197,10.2216217071205,192.672409372468));
#762=CARTESIAN_POINT('Ctrl Pts',(222.715495263971,6.21697517545553,189.374355894998));
#763=CARTESIAN_POINT('Ctrl Pts',(222.620887249479,1.243045653861,187.87304718655));
#764=CARTESIAN_POINT('Ctrl Pts',(222.526314088511,-3.90710207265708,188.416455334338));
#765=CARTESIAN_POINT('Ctrl Pts',(222.400172011537,-10.0109865330392,191.713100915312));
#766=CARTESIAN_POINT('Ctrl Pts',(222.258339919842,-13.7953270404676,199.021586448164));
#767=CARTESIAN_POINT('Ctrl Pts',(222.10028839343,-11.8472198050544,207.715092972564));
#768=CARTESIAN_POINT('Ctrl Pts',(221.959078712167,-6.09620777614444,213.182049437993));
#769=CARTESIAN_POINT('Ctrl Pts',(221.840578597446,0.470820007636203,214.28304729921));
#770=CARTESIAN_POINT('Ctrl Pts',(221.746069693762,5.41263418602361,212.855388795357));
#771=CARTESIAN_POINT('Ctrl Pts',(221.698563957469,7.57713020197567,211.446916433947));
#772=CARTESIAN_POINT('Ctrl Pts',(221.675058137594,8.52312532138759,210.607711648282));
#773=CARTESIAN_POINT('Ctrl Pts',(225.594780798414,2.68243882065212,188.38933807824));
#774=CARTESIAN_POINT('Ctrl Pts',(225.547596284032,0.189982952044495,187.859162916482));
#775=CARTESIAN_POINT('Ctrl Pts',(225.452560374697,-5.14422053292733,188.333130124345));
#776=CARTESIAN_POINT('Ctrl Pts',(225.3111711377,-11.3516287930541,193.361289538173));
#777=CARTESIAN_POINT('Ctrl Pts',(225.16901683058,-13.6742332051125,201.043599837517));
#778=CARTESIAN_POINT('Ctrl Pts',(225.053381838554,-11.7437021760864,207.271260007325));
#779=CARTESIAN_POINT('Ctrl Pts',(224.943104542115,-7.73381980985976,211.752582982967));
#780=CARTESIAN_POINT('Ctrl Pts',(224.848467024584,-2.96573040038648,214.033211932405));
#781=CARTESIAN_POINT('Ctrl Pts',(224.743415671542,2.82550647854877,213.926491776172));
#782=CARTESIAN_POINT('Ctrl Pts',(224.648736347548,7.5985762827872,211.837700952828));
#783=CARTESIAN_POINT('Ctrl Pts',(224.55418545164,11.1913334949008,208.063875186401));
#784=CARTESIAN_POINT('Ctrl Pts',(224.459549845408,13.0507532677416,203.197800510328));
#785=CARTESIAN_POINT('Ctrl Pts',(224.364986234086,12.8878825993456,197.989882454082));
#786=CARTESIAN_POINT('Ctrl Pts',(224.270213265482,10.7232390494726,193.243961678243));
#787=CARTESIAN_POINT('Ctrl Pts',(224.159911140443,6.26286887826373,189.110917726407));
#788=CARTESIAN_POINT('Ctrl Pts',(224.057492882366,0.671726679265125,187.675410637256));
#789=CARTESIAN_POINT('Ctrl Pts',(223.962903390073,-4.39885542109017,188.679539076277));
#790=CARTESIAN_POINT('Ctrl Pts',(223.89186118772,-7.81694152889206,190.508532198076));
#791=CARTESIAN_POINT('Ctrl Pts',(223.820944931611,-10.5469852156092,193.256511051148));
#792=CARTESIAN_POINT('Ctrl Pts',(223.7499655356,-12.3512198449787,196.686019709233));
#793=CARTESIAN_POINT('Ctrl Pts',(223.679014886084,-13.0738130861022,200.491997754028));
#794=CARTESIAN_POINT('Ctrl Pts',(223.600090769973,-12.6017716939117,204.775726926227));
#795=CARTESIAN_POINT('Ctrl Pts',(223.513462706002,-10.498566079706,209.058588469602));
#796=CARTESIAN_POINT('Ctrl Pts',(223.418908404415,-6.57617406055365,212.483392945006));
#797=CARTESIAN_POINT('Ctrl Pts',(223.345390388313,-2.73576768617837,213.766682980223));
#798=CARTESIAN_POINT('Ctrl Pts',(223.292607983231,0.115986425885701,213.928927803382));
#799=CARTESIAN_POINT('Ctrl Pts',(223.229670555007,3.51399169935037,213.678547584509));
#800=CARTESIAN_POINT('Ctrl Pts',(223.145555396254,7.8352208998618,211.82880669373));
#801=CARTESIAN_POINT('Ctrl Pts',(223.040484995257,11.5769068344077,207.409084637157));
#802=CARTESIAN_POINT('Ctrl Pts',(222.945722852784,13.1586712901545,202.438807046557));
#803=CARTESIAN_POINT('Ctrl Pts',(222.851193746519,12.6925435390366,197.251329903981));
#804=CARTESIAN_POINT('Ctrl Pts',(222.75655318571,10.2616154171666,192.641172896115));
#805=CARTESIAN_POINT('Ctrl Pts',(222.661965222484,6.24182191797243,189.330107647289));
#806=CARTESIAN_POINT('Ctrl Pts',(222.567357207992,1.24885977288526,187.822627813738));
#807=CARTESIAN_POINT('Ctrl Pts',(222.472784047024,-3.92113875090871,188.367716706308));
#808=CARTESIAN_POINT('Ctrl Pts',(222.34664197005,-10.0487763238127,191.676563649683));
#809=CARTESIAN_POINT('Ctrl Pts',(222.204809878355,-13.8482552687507,199.012871098916));
#810=CARTESIAN_POINT('Ctrl Pts',(222.046758351943,-11.8933420788308,207.739997868828));
#811=CARTESIAN_POINT('Ctrl Pts',(221.90554867068,-6.12063375755253,213.228447569229));
#812=CARTESIAN_POINT('Ctrl Pts',(221.787048555959,0.471601352838703,214.334202932645));
#813=CARTESIAN_POINT('Ctrl Pts',(221.692539652275,5.43253375803212,212.901447626231));
#814=CARTESIAN_POINT('Ctrl Pts',(221.645033915982,7.60548064592514,211.487727061211));
#815=CARTESIAN_POINT('Ctrl Pts',(221.621528096107,8.55517650038531,210.645373356107));
#816=CARTESIAN_POINT('Ctrl Pts',(225.485018507481,2.68969979280796,188.365130509527));
#817=CARTESIAN_POINT('Ctrl Pts',(225.437833993099,0.192466009289192,187.833521797032));
#818=CARTESIAN_POINT('Ctrl Pts',(225.342798083764,-5.15224132582194,188.307563563888));
#819=CARTESIAN_POINT('Ctrl Pts',(225.201408846767,-11.3725755335324,193.344551055312));
#820=CARTESIAN_POINT('Ctrl Pts',(225.059254539647,-13.700950014207,201.041493995278));
#821=CARTESIAN_POINT('Ctrl Pts',(224.943619547621,-11.7676420997118,207.281632944383));
#822=CARTESIAN_POINT('Ctrl Pts',(224.833342251182,-7.75064769693451,211.772347814629));
#823=CARTESIAN_POINT('Ctrl Pts',(224.738704733651,-2.97361336942287,214.058194043124));
#824=CARTESIAN_POINT('Ctrl Pts',(224.633653380609,2.82895636244194,213.952193476718));
#825=CARTESIAN_POINT('Ctrl Pts',(224.538974056615,7.61167872064974,211.860088174842));
#826=CARTESIAN_POINT('Ctrl Pts',(224.444423160707,11.2120619494851,208.079465240585));
#827=CARTESIAN_POINT('Ctrl Pts',(224.349787554475,13.0758912415637,203.204183208554));
#828=CARTESIAN_POINT('Ctrl Pts',(224.255223943153,12.9135393078202,197.986065714432));
#829=CARTESIAN_POINT('Ctrl Pts',(224.160450974549,10.7454258794822,193.230530623499));
#830=CARTESIAN_POINT('Ctrl Pts',(224.05014884951,6.27701226872557,189.088700475684));
#831=CARTESIAN_POINT('Ctrl Pts',(223.947730591433,0.675167893320907,187.649492972419));
#832=CARTESIAN_POINT('Ctrl Pts',(223.85314109914,-4.40547485424792,188.654769727871));
#833=CARTESIAN_POINT('Ctrl Pts',(223.782098896787,-7.83053022492467,190.486787783934));
#834=CARTESIAN_POINT('Ctrl Pts',(223.711182640678,-10.5663458256678,193.239696564094));
#835=CARTESIAN_POINT('Ctrl Pts',(223.640203244667,-12.3746539035503,196.675615028517));
#836=CARTESIAN_POINT('Ctrl Pts',(223.569252595151,-13.0992679751585,200.488910922203));
#837=CARTESIAN_POINT('Ctrl Pts',(223.49032847904,-12.6269908785336,204.781083811494));
#838=CARTESIAN_POINT('Ctrl Pts',(223.403700415069,-10.5203619454535,209.072647901995));
#839=CARTESIAN_POINT('Ctrl Pts',(223.309146113482,-6.59086169595683,212.504768423816));
#840=CARTESIAN_POINT('Ctrl Pts',(223.23562809738,-2.74315222655057,213.791182416549));
#841=CARTESIAN_POINT('Ctrl Pts',(223.182845692298,0.114142384271181,213.954201032421));
#842=CARTESIAN_POINT('Ctrl Pts',(223.119908264074,3.51882220680212,213.703875865587));
#843=CARTESIAN_POINT('Ctrl Pts',(223.035793105321,7.84878816159353,211.851215202367));
#844=CARTESIAN_POINT('Ctrl Pts',(222.930722704324,11.5984936399878,207.423456832561));
#845=CARTESIAN_POINT('Ctrl Pts',(222.835960561851,13.1841416333411,202.443728737183));
#846=CARTESIAN_POINT('Ctrl Pts',(222.741431455586,12.7179359471169,197.246040854792));
#847=CARTESIAN_POINT('Ctrl Pts',(222.646790894777,10.2829971147868,192.626490562746));
#848=CARTESIAN_POINT('Ctrl Pts',(222.552202931551,6.25588353157903,189.308313238459));
#849=CARTESIAN_POINT('Ctrl Pts',(222.457594917059,1.25340710751625,187.797089044612));
#850=CARTESIAN_POINT('Ctrl Pts',(222.363021756091,-3.92677299938908,188.342413659533));
#851=CARTESIAN_POINT('Ctrl Pts',(222.236879679117,-10.0669100564889,191.656741236661));
#852=CARTESIAN_POINT('Ctrl Pts',(222.095047587422,-13.8749842448747,199.006768245076));
#853=CARTESIAN_POINT('Ctrl Pts',(221.93699606101,-11.9176517442007,207.751257707147));
#854=CARTESIAN_POINT('Ctrl Pts',(221.795786379747,-6.13454810907882,213.251352075802));
#855=CARTESIAN_POINT('Ctrl Pts',(221.677286265026,0.470393435184857,214.360323750637));
#856=CARTESIAN_POINT('Ctrl Pts',(221.582777361342,5.44124094679143,212.925566509611));
#857=CARTESIAN_POINT('Ctrl Pts',(221.535271625049,7.61866176666384,211.509433076673));
#858=CARTESIAN_POINT('Ctrl Pts',(221.511765805174,8.57034539771311,210.665588020426));
#859=CARTESIAN_POINT('Ctrl Pts',(225.385493845145,2.68515122315316,188.395478575482));
#860=CARTESIAN_POINT('Ctrl Pts',(225.338309330763,0.193909400501652,187.86476728814));
#861=CARTESIAN_POINT('Ctrl Pts',(225.243273421428,-5.13818743410357,188.33690849775));
#862=CARTESIAN_POINT('Ctrl Pts',(225.101884184431,-11.3445082339588,193.361053007589));
#863=CARTESIAN_POINT('Ctrl Pts',(224.959729877312,-13.6684745872977,201.039412468669));
#864=CARTESIAN_POINT('Ctrl Pts',(224.844094885286,-11.7406568103447,207.265032722753));
#865=CARTESIAN_POINT('Ctrl Pts',(224.733817588846,-7.73383347776974,211.745686470527));
#866=CARTESIAN_POINT('Ctrl Pts',(224.639180071315,-2.96845219771383,214.026806420389));
#867=CARTESIAN_POINT('Ctrl Pts',(224.534128718274,2.82037294122452,213.921896870169));
#868=CARTESIAN_POINT('Ctrl Pts',(224.439449394279,7.59206456707147,211.835443064657));
#869=CARTESIAN_POINT('Ctrl Pts',(224.344898498371,11.1844560036552,208.06430544259));
#870=CARTESIAN_POINT('Ctrl Pts',(224.250262892139,13.0445743419114,203.200851652591));
#871=CARTESIAN_POINT('Ctrl Pts',(224.155699280818,12.8833603198969,197.995082126409));
#872=CARTESIAN_POINT('Ctrl Pts',(224.060926312213,10.7210773215023,193.250504846465));
#873=CARTESIAN_POINT('Ctrl Pts',(223.950624187174,6.26385035309703,189.117845560193));
#874=CARTESIAN_POINT('Ctrl Pts',(223.848205929097,0.675505210337368,187.681239945894));
#875=CARTESIAN_POINT('Ctrl Pts',(223.753616436804,-4.39324248147479,188.68339852247));
#876=CARTESIAN_POINT('Ctrl Pts',(223.682574234451,-7.81044341066166,190.510577523534));
#877=CARTESIAN_POINT('Ctrl Pts',(223.611657978343,-10.5401724895132,193.256564091422));
#878=CARTESIAN_POINT('Ctrl Pts',(223.540678582332,-12.3446911136202,196.684075077641));
#879=CARTESIAN_POINT('Ctrl Pts',(223.469727932816,-13.0681396897738,200.488226272653));
#880=CARTESIAN_POINT('Ctrl Pts',(223.390803816704,-12.5976035447567,204.770291230174));
#881=CARTESIAN_POINT('Ctrl Pts',(223.304175752734,-10.4965913699309,209.051986160687));
#882=CARTESIAN_POINT('Ctrl Pts',(223.209621451146,-6.57689943619771,212.476540834144));
#883=CARTESIAN_POINT('Ctrl Pts',(223.136103435044,-2.73850490882649,213.760460028263));
#884=CARTESIAN_POINT('Ctrl Pts',(223.083321029963,0.111995795342304,213.923505866559));
#885=CARTESIAN_POINT('Ctrl Pts',(223.020383601738,3.50864293548289,213.674267339608));
#886=CARTESIAN_POINT('Ctrl Pts',(222.936268442985,7.82861208549951,211.826624728719));
#887=CARTESIAN_POINT('Ctrl Pts',(222.831198041988,11.5700662284872,207.409908793071));
#888=CARTESIAN_POINT('Ctrl Pts',(222.736435899515,13.1526782832921,202.442211699816));
#889=CARTESIAN_POINT('Ctrl Pts',(222.641906793251,12.6883288478108,197.256781873835));
#890=CARTESIAN_POINT('Ctrl Pts',(222.547266232441,10.2598323181147,192.647829770306));
#891=CARTESIAN_POINT('Ctrl Pts',(222.452678269215,6.24274510794134,189.336936532544));
#892=CARTESIAN_POINT('Ctrl Pts',(222.358070254723,1.25234992620833,187.828570831755));
#893=CARTESIAN_POINT('Ctrl Pts',(222.263497093755,-3.91563229146969,188.371853316986));
#894=CARTESIAN_POINT('Ctrl Pts',(222.137355016781,-10.0416921984682,191.6774353784));
#895=CARTESIAN_POINT('Ctrl Pts',(221.995522925087,-13.8418039840902,199.009487666435));
#896=CARTESIAN_POINT('Ctrl Pts',(221.837471398674,-11.8903766699021,207.733526885766));
#897=CARTESIAN_POINT('Ctrl Pts',(221.696261717411,-6.12177839567299,213.221419844771));
#898=CARTESIAN_POINT('Ctrl Pts',(221.57776160269,0.467337399194777,214.328718179546));
#899=CARTESIAN_POINT('Ctrl Pts',(221.483252699006,5.42661237605584,212.898080296638));
#900=CARTESIAN_POINT('Ctrl Pts',(221.435746962713,7.59907324612404,211.485618916279));
#901=CARTESIAN_POINT('Ctrl Pts',(221.412241142839,8.54862495508771,210.643910452175));
#902=CARTESIAN_POINT('Ctrl Pts',(225.336844054857,2.67508534116882,188.447155897864));
#903=CARTESIAN_POINT('Ctrl Pts',(225.289659540476,0.194091691097507,187.918441528459));
#904=CARTESIAN_POINT('Ctrl Pts',(225.194623631141,-5.11629257378408,188.388289447073));
#905=CARTESIAN_POINT('Ctrl Pts',(225.053234394144,-11.2975865000474,193.391462570218));
#906=CARTESIAN_POINT('Ctrl Pts',(224.911080087024,-13.6126186663425,201.038271215298));
#907=CARTESIAN_POINT('Ctrl Pts',(224.795445094998,-11.6931054945366,207.238612945473));
#908=CARTESIAN_POINT('Ctrl Pts',(224.685167798558,-7.70299089298729,211.701222846179));
#909=CARTESIAN_POINT('Ctrl Pts',(224.590530281027,-2.95726416745247,213.973355122492));
#910=CARTESIAN_POINT('Ctrl Pts',(224.485478927986,2.80793075346341,213.869289728574));
#911=CARTESIAN_POINT('Ctrl Pts',(224.390799603992,7.56024410481085,211.791709207996));
#912=CARTESIAN_POINT('Ctrl Pts',(224.296248708084,11.1382435529593,208.036232943757));
#913=CARTESIAN_POINT('Ctrl Pts',(224.201613101851,12.9910977546092,203.192786054339));
#914=CARTESIAN_POINT('Ctrl Pts',(224.10704949053,12.830928238453,198.008275294377));
#915=CARTESIAN_POINT('Ctrl Pts',(224.012276521925,10.6778113532265,193.282946706891));
#916=CARTESIAN_POINT('Ctrl Pts',(223.901974396887,6.23913095926075,189.166864002942));
#917=CARTESIAN_POINT('Ctrl Pts',(223.79955613881,0.673669730949291,187.735726580021));
#918=CARTESIAN_POINT('Ctrl Pts',(223.704966646516,-4.3744118460592,188.733422709287));
#919=CARTESIAN_POINT('Ctrl Pts',(223.633924444164,-7.77777708769651,190.552889757274));
#920=CARTESIAN_POINT('Ctrl Pts',(223.563008188055,-10.4965425440431,193.287457178304));
#921=CARTESIAN_POINT('Ctrl Pts',(223.492028792044,-12.2939311088547,196.70083184513));
#922=CARTESIAN_POINT('Ctrl Pts',(223.421078142528,-13.0146937885946,200.489381806138));
#923=CARTESIAN_POINT('Ctrl Pts',(223.342154026417,-12.5463873580185,204.753984619753));
#924=CARTESIAN_POINT('Ctrl Pts',(223.255525962446,-10.4542613364979,209.018331421213));
#925=CARTESIAN_POINT('Ctrl Pts',(223.160971660859,-6.55085747516873,212.429161745243));
#926=CARTESIAN_POINT('Ctrl Pts',(223.087453644757,-2.72820370364361,213.708118721763));
#927=CARTESIAN_POINT('Ctrl Pts',(223.034671239675,0.110616492358199,213.870702728347));
#928=CARTESIAN_POINT('Ctrl Pts',(222.97173381145,3.49338561086247,213.622724846767));
#929=CARTESIAN_POINT('Ctrl Pts',(222.887618652697,7.79583161542559,211.782947596146));
#930=CARTESIAN_POINT('Ctrl Pts',(222.782548251701,11.5223263061883,207.384534939288));
#931=CARTESIAN_POINT('Ctrl Pts',(222.687786109228,13.0988144903985,202.437276032982));
#932=CARTESIAN_POINT('Ctrl Pts',(222.593257002963,12.6367413051052,197.272986605683));
#933=CARTESIAN_POINT('Ctrl Pts',(222.498616442153,10.2184943922024,192.682702075049));
#934=CARTESIAN_POINT('Ctrl Pts',(222.404028478928,6.21806749687706,189.385048661339));
#935=CARTESIAN_POINT('Ctrl Pts',(222.309420464435,1.24815875438766,187.882490665766));
#936=CARTESIAN_POINT('Ctrl Pts',(222.214847303468,-3.89872043751108,188.42317876887));
#937=CARTESIAN_POINT('Ctrl Pts',(222.088705226493,-9.99998332682544,191.714809063929));
#938=CARTESIAN_POINT('Ctrl Pts',(221.946873134799,-13.7850821685825,199.016616474722));
#939=CARTESIAN_POINT('Ctrl Pts',(221.788821608387,-11.8422596032733,207.705157737233));
#940=CARTESIAN_POINT('Ctrl Pts',(221.647611927124,-6.09763499038245,213.171032788862));
#941=CARTESIAN_POINT('Ctrl Pts',(221.529111812402,0.464509970863682,214.274278750748));
#942=CARTESIAN_POINT('Ctrl Pts',(221.434602908719,5.4035968357584,212.8498526412));
#943=CARTESIAN_POINT('Ctrl Pts',(221.387097172426,7.56729635646819,211.443321015347));
#944=CARTESIAN_POINT('Ctrl Pts',(221.363591352551,8.51301657919357,210.605130158276));
#945=CARTESIAN_POINT('Ctrl Pts',(225.321887658053,2.66996473884375,188.47256110458));
#946=CARTESIAN_POINT('Ctrl Pts',(225.274703143672,0.193966154311491,187.944853169278));
#947=CARTESIAN_POINT('Ctrl Pts',(225.179667234336,-5.10568101674666,188.413620852672));
#948=CARTESIAN_POINT('Ctrl Pts',(225.038277997339,-11.2746333548,193.406557968709));
#949=CARTESIAN_POINT('Ctrl Pts',(224.89612369022,-13.5851554084845,201.037891205459));
#950=CARTESIAN_POINT('Ctrl Pts',(224.780488698194,-11.6696682776991,207.225746857138));
#951=CARTESIAN_POINT('Ctrl Pts',(224.670211401754,-7.68769343714408,211.67945731341));
#952=CARTESIAN_POINT('Ctrl Pts',(224.575573884223,-2.95157952858855,213.947116471273));
#953=CARTESIAN_POINT('Ctrl Pts',(224.470522531182,2.80197141862378,213.843389064092));
#954=CARTESIAN_POINT('Ctrl Pts',(224.375843207188,7.5447638811424,211.770102482747));
#955=CARTESIAN_POINT('Ctrl Pts',(224.281292311279,11.1156139742328,208.022288541492));
#956=CARTESIAN_POINT('Ctrl Pts',(224.186656705047,12.9648462020679,203.188656183217));
#957=CARTESIAN_POINT('Ctrl Pts',(224.092093093726,12.8051057571516,198.014604922536));
#958=CARTESIAN_POINT('Ctrl Pts',(223.997320125121,10.6564461230793,193.298751233955));
#959=CARTESIAN_POINT('Ctrl Pts',(223.887018000082,6.22678595072635,189.190868636854));
#960=CARTESIAN_POINT('Ctrl Pts',(223.784599742005,0.672628443283749,187.76249628669));
#961=CARTESIAN_POINT('Ctrl Pts',(223.690010249712,-4.36530853835426,188.758069876789));
#962=CARTESIAN_POINT('Ctrl Pts',(223.618968047359,-7.76184908888433,190.573790205492));
#963=CARTESIAN_POINT('Ctrl Pts',(223.548051791251,-10.4751939351831,193.302781109434));
#964=CARTESIAN_POINT('Ctrl Pts',(223.47707239524,-12.2690331381404,196.709228965731));
#965=CARTESIAN_POINT('Ctrl Pts',(223.406121745724,-12.9884275810558,200.490121588575));
#966=CARTESIAN_POINT('Ctrl Pts',(223.327197629612,-12.5211610671504,204.746128068349));
#967=CARTESIAN_POINT('Ctrl Pts',(223.240569565642,-10.4333562419388,209.0019185423));
#968=CARTESIAN_POINT('Ctrl Pts',(223.146015264054,-6.5378853250633,212.405962040953));
#969=CARTESIAN_POINT('Ctrl Pts',(223.072497247952,-2.72300102403333,213.682416497869));
#970=CARTESIAN_POINT('Ctrl Pts',(223.019714842871,0.110103102235567,213.844735557346));
#971=CARTESIAN_POINT('Ctrl Pts',(222.956777414646,3.48606415230924,213.597334350807));
#972=CARTESIAN_POINT('Ctrl Pts',(222.872662255893,7.77987166735828,211.761360960933));
#973=CARTESIAN_POINT('Ctrl Pts',(222.767591854896,11.4989352043723,207.371916440044));
#974=CARTESIAN_POINT('Ctrl Pts',(222.672829712423,13.0723622645543,202.434656206076));
#975=CARTESIAN_POINT('Ctrl Pts',(222.578300606159,12.611331090806,197.280789036964));
#976=CARTESIAN_POINT('Ctrl Pts',(222.483660045349,10.198069313171,192.699706967667));
#977=CARTESIAN_POINT('Ctrl Pts',(222.389072082123,6.20578201921661,189.408619788834));
#978=CARTESIAN_POINT('Ctrl Pts',(222.294464067631,1.24594582406501,187.90898167825));
#979=CARTESIAN_POINT('Ctrl Pts',(222.199890906663,-3.8905781092637,188.448467155193));
#980=CARTESIAN_POINT('Ctrl Pts',(222.073748829689,-9.97960370338972,191.733323440492));
#981=CARTESIAN_POINT('Ctrl Pts',(221.931916737995,-13.7572350934662,199.020321445953));
#982=CARTESIAN_POINT('Ctrl Pts',(221.773865211582,-11.8185222983537,207.691365339197));
#983=CARTESIAN_POINT('Ctrl Pts',(221.632655530319,-6.08560500156869,213.146343770216));
#984=CARTESIAN_POINT('Ctrl Pts',(221.514155415598,0.463248426324511,214.247509658625));
#985=CARTESIAN_POINT('Ctrl Pts',(221.419646511915,5.39242016401393,212.826059958038));
#986=CARTESIAN_POINT('Ctrl Pts',(221.372140775621,7.55177379140501,211.422412941868));
#987=CARTESIAN_POINT('Ctrl Pts',(221.348634955747,8.49561323288824,210.585926808729));
#988=CARTESIAN_POINT('',(221.695,8.50048142953946,210.581610117886));
#989=CARTESIAN_POINT('',(221.695,-8.50048142953598,210.58161011789));
#990=CARTESIAN_POINT('Ctrl Pts',(221.695,-8.50048142953743,210.581610117889));
#991=CARTESIAN_POINT('Ctrl Pts',(221.695,-7.62478686713853,211.41050549354));
#992=CARTESIAN_POINT('Ctrl Pts',(221.695,-6.37481667743559,212.317945844917));
#993=CARTESIAN_POINT('Ctrl Pts',(221.695,-3.21138929746047,213.607045815559));
#994=CARTESIAN_POINT('Ctrl Pts',(221.694999999992,-1.55904382445312,213.922222845284));
#995=CARTESIAN_POINT('Ctrl Pts',(221.694999999992,1.68870111310078,213.895205654409));
#996=CARTESIAN_POINT('Ctrl Pts',(221.695,3.25741024768619,213.584274726253));
#997=CARTESIAN_POINT('Ctrl Pts',(221.695,6.35953668772464,212.328572172216));
#998=CARTESIAN_POINT('Ctrl Pts',(221.695,7.61872706869152,211.416241442038));
#999=CARTESIAN_POINT('Ctrl Pts',(221.695,8.50048142953853,210.581610117887));
#1000=CARTESIAN_POINT('',(225.321817477874,2.66628193171081,188.471776756229));
#1001=CARTESIAN_POINT('Ctrl Pts',(221.695056340262,-8.50060066701171,210.581745913846));
#1002=CARTESIAN_POINT('Ctrl Pts',(221.72136889319,-9.55602017569654,209.644136633434));
#1003=CARTESIAN_POINT('Ctrl Pts',(221.794822807597,-12.0755951686469,206.541586915238));
#1004=CARTESIAN_POINT('Ctrl Pts',(221.931916737995,-13.7572350934662,199.020321445953));
#1005=CARTESIAN_POINT('Ctrl Pts',(222.073748829689,-9.97960370338972,191.733323440492));
#1006=CARTESIAN_POINT('Ctrl Pts',(222.199890906663,-3.8905781092637,188.448467155193));
#1007=CARTESIAN_POINT('Ctrl Pts',(222.294464067631,1.24594582406501,187.90898167825));
#1008=CARTESIAN_POINT('Ctrl Pts',(222.389072082123,6.20578201921661,189.408619788834));
#1009=CARTESIAN_POINT('Ctrl Pts',(222.483660045349,10.198069313171,192.699706967667));
#1010=CARTESIAN_POINT('Ctrl Pts',(222.578300606159,12.611331090806,197.280789036964));
#1011=CARTESIAN_POINT('Ctrl Pts',(222.672829712423,13.0723622645543,202.434656206076));
#1012=CARTESIAN_POINT('Ctrl Pts',(222.767591854896,11.4989352043723,207.371916440044));
#1013=CARTESIAN_POINT('Ctrl Pts',(222.872662255893,7.77987166735828,211.761360960933));
#1014=CARTESIAN_POINT('Ctrl Pts',(222.956777414646,3.48606415230924,213.597334350807));
#1015=CARTESIAN_POINT('Ctrl Pts',(223.019714842871,0.110103102235567,213.844735557346));
#1016=CARTESIAN_POINT('Ctrl Pts',(223.072497247952,-2.72300102403333,213.682416497869));
#1017=CARTESIAN_POINT('Ctrl Pts',(223.146015264054,-6.5378853250633,212.405962040953));
#1018=CARTESIAN_POINT('Ctrl Pts',(223.240569565642,-10.4333562419388,209.0019185423));
#1019=CARTESIAN_POINT('Ctrl Pts',(223.327197629612,-12.5211610671504,204.746128068349));
#1020=CARTESIAN_POINT('Ctrl Pts',(223.406121745724,-12.9884275810558,200.490121588575));
#1021=CARTESIAN_POINT('Ctrl Pts',(223.47707239524,-12.2690331381404,196.709228965731));
#1022=CARTESIAN_POINT('Ctrl Pts',(223.548051791251,-10.4751939351831,193.302781109434));
#1023=CARTESIAN_POINT('Ctrl Pts',(223.618968047359,-7.76184908888433,190.573790205492));
#1024=CARTESIAN_POINT('Ctrl Pts',(223.690010249712,-4.36530853835426,188.758069876789));
#1025=CARTESIAN_POINT('Ctrl Pts',(223.784599742005,0.672628443283749,187.76249628669));
#1026=CARTESIAN_POINT('Ctrl Pts',(223.887018000082,6.22678595072635,189.190868636854));
#1027=CARTESIAN_POINT('Ctrl Pts',(223.997320125121,10.6564461230793,193.298751233955));
#1028=CARTESIAN_POINT('Ctrl Pts',(224.092093093726,12.8051057571516,198.014604922536));
#1029=CARTESIAN_POINT('Ctrl Pts',(224.186656705047,12.9648462020679,203.188656183217));
#1030=CARTESIAN_POINT('Ctrl Pts',(224.281292311279,11.1156139742328,208.022288541492));
#1031=CARTESIAN_POINT('Ctrl Pts',(224.375843207188,7.5447638811424,211.770102482747));
#1032=CARTESIAN_POINT('Ctrl Pts',(224.470522531182,2.80197141862378,213.843389064092));
#1033=CARTESIAN_POINT('Ctrl Pts',(224.575573884223,-2.95157952858855,213.947116471273));
#1034=CARTESIAN_POINT('Ctrl Pts',(224.670211401754,-7.68769343714408,211.67945731341));
#1035=CARTESIAN_POINT('Ctrl Pts',(224.780488698194,-11.6696682776991,207.225746857138));
#1036=CARTESIAN_POINT('Ctrl Pts',(224.89612369022,-13.5851554084845,201.037891205459));
#1037=CARTESIAN_POINT('Ctrl Pts',(225.038277997339,-11.2746333548,193.406557968709));
#1038=CARTESIAN_POINT('Ctrl Pts',(225.179643868148,-5.10670050667678,188.414445992637));
#1039=CARTESIAN_POINT('Ctrl Pts',(225.274656026406,0.191338745327764,187.945085752681));
#1040=CARTESIAN_POINT('Ctrl Pts',(225.321817477781,2.66628192695764,188.471776778599));
#1041=CARTESIAN_POINT('',(225.668243134484,2.66309879731834,188.471099737772));
#1042=CARTESIAN_POINT('Ctrl Pts',(225.321817476852,2.66628187817267,188.471776768217));
#1043=CARTESIAN_POINT('Ctrl Pts',(225.322182390498,2.66641994387693,188.471160168009));
#1044=CARTESIAN_POINT('Ctrl Pts',(225.322550804777,2.66655752956598,188.470545509107));
#1045=CARTESIAN_POINT('Ctrl Pts',(225.32292269572,2.66669462986912,188.469932815943));
#1046=CARTESIAN_POINT('Ctrl Pts',(225.329704819379,2.66919490912482,188.458759215495));
#1047=CARTESIAN_POINT('Ctrl Pts',(225.337616380276,2.67152578459942,188.448275199724));
#1048=CARTESIAN_POINT('Ctrl Pts',(225.346513234025,2.67365484988145,188.43862864336));
#1049=CARTESIAN_POINT('Ctrl Pts',(225.349360288733,2.67433616549087,188.435541678633));
#1050=CARTESIAN_POINT('Ctrl Pts',(225.352308572086,2.67499676106357,188.432540694102));
#1051=CARTESIAN_POINT('Ctrl Pts',(225.355354195901,2.67563540072869,188.429631271386));
#1052=CARTESIAN_POINT('Ctrl Pts',(225.363705057718,2.67738650064055,188.421653862309));
#1053=CARTESIAN_POINT('Ctrl Pts',(225.372738287864,2.67896285037822,188.414409021556));
#1054=CARTESIAN_POINT('Ctrl Pts',(225.38236426476,2.6803414250946,188.4080020654));
#1055=CARTESIAN_POINT('Ctrl Pts',(225.387219222327,2.68103672301847,188.404770653086));
#1056=CARTESIAN_POINT('Ctrl Pts',(225.392225317962,2.68168163022918,188.401752727108));
#1057=CARTESIAN_POINT('Ctrl Pts',(225.397366399748,2.68227514047945,188.398953054095));
#1058=CARTESIAN_POINT('Ctrl Pts',(225.409034522062,2.68362216246508,188.392598958105));
#1059=CARTESIAN_POINT('Ctrl Pts',(225.421301106733,2.6846941656574,188.387417704539));
#1060=CARTESIAN_POINT('Ctrl Pts',(225.433965899938,2.68548521642787,188.383441800091));
#1061=CARTESIAN_POINT('Ctrl Pts',(225.445980353351,2.68623564657503,188.379670059172));
#1062=CARTESIAN_POINT('Ctrl Pts',(225.458354686753,2.68673321965803,188.376983001412));
#1063=CARTESIAN_POINT('Ctrl Pts',(225.470931143948,2.68696407286549,188.375448690312));
#1064=CARTESIAN_POINT('Ctrl Pts',(225.478939711656,2.687111077981,188.374471655671));
#1065=CARTESIAN_POINT('Ctrl Pts',(225.486983334079,2.68714887574013,188.373968674937));
#1066=CARTESIAN_POINT('Ctrl Pts',(225.495020198989,2.68707577946877,188.37394965195));
#1067=CARTESIAN_POINT('Ctrl Pts',(225.508286571884,2.68695512018137,188.373918250894));
#1068=CARTESIAN_POINT('Ctrl Pts',(225.521535261578,2.68653287055958,188.375202752395));
#1069=CARTESIAN_POINT('Ctrl Pts',(225.534566421847,2.68582222159385,188.377751455961));
#1070=CARTESIAN_POINT('Ctrl Pts',(225.539102170647,2.68557486639855,188.378638581812));
#1071=CARTESIAN_POINT('Ctrl Pts',(225.543611496911,2.68529247752679,188.379679317577));
#1072=CARTESIAN_POINT('Ctrl Pts',(225.548085545159,2.68497532560963,188.3808728758));
#1073=CARTESIAN_POINT('Ctrl Pts',(225.559713184611,2.68415107697865,188.383974823723));
#1074=CARTESIAN_POINT('Ctrl Pts',(225.571001314277,2.68309972449386,188.388079467437));
#1075=CARTESIAN_POINT('Ctrl Pts',(225.581804284117,2.68183320745419,188.393142810183));
#1076=CARTESIAN_POINT('Ctrl Pts',(225.594333919054,2.68036425989781,188.399015439387));
#1077=CARTESIAN_POINT('Ctrl Pts',(225.606213053355,2.6786059133159,188.406177319141));
#1078=CARTESIAN_POINT('Ctrl Pts',(225.617268362804,2.67659015443969,188.414492635105));
#1079=CARTESIAN_POINT('Ctrl Pts',(225.627810125113,2.67466803267151,188.422421683572));
#1080=CARTESIAN_POINT('Ctrl Pts',(225.637500204326,2.67253045972062,188.431322787466));
#1081=CARTESIAN_POINT('Ctrl Pts',(225.646202346613,2.67020999828968,188.441060759541));
#1082=CARTESIAN_POINT('Ctrl Pts',(225.654496292722,2.66799838402031,188.4503419472));
#1083=CARTESIAN_POINT('Ctrl Pts',(225.66189363718,2.66562037486083,188.460384493471));
#1084=CARTESIAN_POINT('Ctrl Pts',(225.668243134465,2.66309879632396,188.471099737995));
#1085=CARTESIAN_POINT('Ctrl Pts',(225.668243134465,2.66309879632384,188.471099737995));
#1086=CARTESIAN_POINT('Ctrl Pts',(225.621061764292,0.186976408057764,187.944788196001));
#1087=CARTESIAN_POINT('Ctrl Pts',(225.526029093013,-5.11221270115425,188.416328535889));
#1088=CARTESIAN_POINT('Ctrl Pts',(225.384643041593,-11.2784890850922,193.412286040895));
#1089=CARTESIAN_POINT('Ctrl Pts',(225.242488734473,-13.5851344085056,201.044791951988));
#1090=CARTESIAN_POINT('Ctrl Pts',(225.126853742447,-11.6665043253455,207.231673809451));
#1091=CARTESIAN_POINT('Ctrl Pts',(225.016576446007,-7.68226767999248,211.683360996681));
#1092=CARTESIAN_POINT('Ctrl Pts',(224.921938928476,-2.94500249632316,213.948614093058));
#1093=CARTESIAN_POINT('Ctrl Pts',(224.816887575435,2.80849501895848,213.841964110326));
#1094=CARTESIAN_POINT('Ctrl Pts',(224.722208251441,7.55023371746813,211.766268635078));
#1095=CARTESIAN_POINT('Ctrl Pts',(224.627657355533,11.1191796004056,208.016641318897));
#1096=CARTESIAN_POINT('Ctrl Pts',(224.533021749301,12.9659562850084,203.182070243338));
#1097=CARTESIAN_POINT('Ctrl Pts',(224.438458137979,12.8035876359588,198.008100792355));
#1098=CARTESIAN_POINT('Ctrl Pts',(224.343685169374,10.6525328015984,193.293339151002));
#1099=CARTESIAN_POINT('Ctrl Pts',(224.233383044336,6.22078654983734,189.187707185751));
#1100=CARTESIAN_POINT('Ctrl Pts',(224.130964786259,0.665904199162408,187.76215632438));
#1101=CARTESIAN_POINT('Ctrl Pts',(224.036375293966,-4.37152641832616,188.760288869811));
#1102=CARTESIAN_POINT('Ctrl Pts',(223.965333091613,-7.76714421256515,190.57773427997));
#1103=CARTESIAN_POINT('Ctrl Pts',(223.894416835504,-10.4791024833809,193.308103109649));
#1104=CARTESIAN_POINT('Ctrl Pts',(223.823437439493,-12.2712111066608,196.715461729769));
#1105=CARTESIAN_POINT('Ctrl Pts',(223.752486789977,-12.9886849045637,200.49671929033));
#1106=CARTESIAN_POINT('Ctrl Pts',(223.673562673865,-12.5192565586512,204.752487867091));
#1107=CARTESIAN_POINT('Ctrl Pts',(223.586934609895,-10.4292902202259,209.007217265137));
#1108=CARTESIAN_POINT('Ctrl Pts',(223.492380308308,-6.53209067899199,212.40928157093));
#1109=CARTESIAN_POINT('Ctrl Pts',(223.418862292206,-2.71655847895503,213.683798044463));
#1110=CARTESIAN_POINT('Ctrl Pts',(223.366079887124,0.116627733824615,213.844677971945));
#1111=CARTESIAN_POINT('Ctrl Pts',(223.303142458899,3.49246267778511,213.595561935234));
#1112=CARTESIAN_POINT('Ctrl Pts',(223.219027300147,7.78533703298552,211.75740768842));
#1113=CARTESIAN_POINT('Ctrl Pts',(223.11395689915,11.5021704163615,207.366074588492));
#1114=CARTESIAN_POINT('Ctrl Pts',(223.019194756677,13.0730893298042,202.428015749329));
#1115=CARTESIAN_POINT('Ctrl Pts',(222.924665650412,12.6094402435575,197.274383431746));
#1116=CARTESIAN_POINT('Ctrl Pts',(222.830025089603,10.1938517587192,192.694527800294));
#1117=CARTESIAN_POINT('Ctrl Pts',(222.735437126377,6.19989323048757,189.40546897885));
#1118=CARTESIAN_POINT('Ctrl Pts',(222.640829111884,1.23929591508461,187.908350473231));
#1119=CARTESIAN_POINT('Ctrl Pts',(222.546255950917,-3.89695331709807,188.450445042834));
#1120=CARTESIAN_POINT('Ctrl Pts',(222.420113873943,-9.98430954138719,191.738393901865));
#1121=CARTESIAN_POINT('Ctrl Pts',(222.278281782248,-13.7582389213498,199.027309862825));
#1122=CARTESIAN_POINT('Ctrl Pts',(222.120230255836,-11.8151218100022,207.697367843721));
#1123=CARTESIAN_POINT('Ctrl Pts',(221.979020574573,-6.07943432758906,213.149433463166));
#1124=CARTESIAN_POINT('Ctrl Pts',(221.860520459851,0.469977606549336,214.24727263663));
#1125=CARTESIAN_POINT('Ctrl Pts',(221.766011556168,5.39842666496774,212.823319284336));
#1126=CARTESIAN_POINT('Ctrl Pts',(221.718505819875,7.55706701352902,211.418575578283));
#1127=CARTESIAN_POINT('Ctrl Pts',(221.695,8.5004814295395,210.581610117886));
#1128=CARTESIAN_POINT('Ctrl Pts',(221.266113559804,7.43608893110611,190.570713428339));
#1129=CARTESIAN_POINT('Ctrl Pts',(221.305551917249,9.15899669934963,191.79914792352));
#1130=CARTESIAN_POINT('Ctrl Pts',(221.38442863214,11.9822143226408,195.125746417789));
#1131=CARTESIAN_POINT('Ctrl Pts',(221.502743704475,13.3345816371884,201.531264579998));
#1132=CARTESIAN_POINT('Ctrl Pts',(221.621058776811,11.4776404255806,207.808405944763));
#1133=CARTESIAN_POINT('Ctrl Pts',(221.739373849146,6.85900823166201,212.447634222105));
#1134=CARTESIAN_POINT('Ctrl Pts',(221.857688921482,0.58977170290027,214.332101278317));
#1135=CARTESIAN_POINT('Ctrl Pts',(221.976003993817,-5.82134407911016,213.008541974456));
#1136=CARTESIAN_POINT('Ctrl Pts',(222.094319066153,-10.8316933503273,208.795341191797));
#1137=CARTESIAN_POINT('Ctrl Pts',(222.212634138488,-13.2356031953986,202.706362395248));
#1138=CARTESIAN_POINT('Ctrl Pts',(222.330949210823,-12.4546333908762,196.206776163216));
#1139=CARTESIAN_POINT('Ctrl Pts',(222.449264283159,-8.67670225192261,190.860586999457));
#1140=CARTESIAN_POINT('Ctrl Pts',(222.567579355494,-2.81089638124057,187.954244652729));
#1141=CARTESIAN_POINT('Ctrl Pts',(222.68589442783,3.73129611460089,188.187104315813));
#1142=CARTESIAN_POINT('Ctrl Pts',(222.804209500165,9.37562626792229,191.503132075597));
#1143=CARTESIAN_POINT('Ctrl Pts',(222.922524572501,12.7638986375196,197.104392213649));
#1144=CARTESIAN_POINT('Ctrl Pts',(223.040839644836,13.0807928000206,203.643052782114));
#1145=CARTESIAN_POINT('Ctrl Pts',(223.159154717172,10.2500545376661,209.545715329231));
#1146=CARTESIAN_POINT('Ctrl Pts',(223.277469789507,4.9528446496289,213.392021557481));
#1147=CARTESIAN_POINT('Ctrl Pts',(223.395784861842,-1.53616872391422,214.256434441484));
#1148=CARTESIAN_POINT('Ctrl Pts',(223.514099934178,-7.65553366951825,211.930950217917));
#1149=CARTESIAN_POINT('Ctrl Pts',(223.632415006513,-11.9327468061633,206.975150383858));
#1150=CARTESIAN_POINT('Ctrl Pts',(223.750730078849,-13.3385819190675,200.581549533681));
#1151=CARTESIAN_POINT('Ctrl Pts',(223.869045151184,-11.5347527768029,194.288640458786));
#1152=CARTESIAN_POINT('Ctrl Pts',(223.98736022352,-6.95531494259789,189.610686485332));
#1153=CARTESIAN_POINT('Ctrl Pts',(224.105675295855,-0.702219028794767,187.67334412204));
#1154=CARTESIAN_POINT('Ctrl Pts',(224.223990368191,5.71985197777848,188.942796276017));
#1155=CARTESIAN_POINT('Ctrl Pts',(224.342305440526,10.7655543019388,193.113574505475));
#1156=CARTESIAN_POINT('Ctrl Pts',(224.460620512862,13.2207405378466,199.182064171145));
#1157=CARTESIAN_POINT('Ctrl Pts',(224.578935585197,12.4946179770331,205.68800379395));
#1158=CARTESIAN_POINT('Ctrl Pts',(224.697250657532,8.76191566249738,211.065869141505));
#1159=CARTESIAN_POINT('Ctrl Pts',(224.815565729868,2.92082919165747,214.021582906971));
#1160=CARTESIAN_POINT('Ctrl Pts',(224.933880802203,-3.62309007110691,213.843914647361));
#1161=CARTESIAN_POINT('Ctrl Pts',(225.052195874539,-9.295202302749,210.57561180242));
#1162=CARTESIAN_POINT('Ctrl Pts',(225.170510946874,-12.7305775102046,205.003142692126));
#1163=CARTESIAN_POINT('Ctrl Pts',(225.28882601921,-13.1026791959449,198.467388483546));
#1164=CARTESIAN_POINT('Ctrl Pts',(225.407141091545,-10.3217318114807,192.541130473905));
#1165=CARTESIAN_POINT('Ctrl Pts',(225.525456163881,-5.05749537765872,188.650301623206));
#1166=CARTESIAN_POINT('Ctrl Pts',(225.643771236216,1.42444021117879,187.731568091647));
#1167=CARTESIAN_POINT('Ctrl Pts',(225.722647951106,5.51571988133914,189.247564777351));
#1168=CARTESIAN_POINT('Ctrl Pts',(225.762086308552,7.25910436853005,190.44676159883));
#1169=CARTESIAN_POINT('Ctrl Pts',(221.409075706536,7.29233566738258,190.772330702806));
#1170=CARTESIAN_POINT('Ctrl Pts',(221.448514063981,8.98193646242092,191.977017301803));
#1171=CARTESIAN_POINT('Ctrl Pts',(221.527390778872,11.7505761010605,195.239306534163));
#1172=CARTESIAN_POINT('Ctrl Pts',(221.645705851207,13.0767996702844,201.520994259406));
#1173=CARTESIAN_POINT('Ctrl Pts',(221.764020923543,11.2557565446442,207.676786946607));
#1174=CARTESIAN_POINT('Ctrl Pts',(221.882335995878,6.72641099831218,212.226330416221));
#1175=CARTESIAN_POINT('Ctrl Pts',(222.000651068213,0.57837033210855,214.074367261308));
#1176=CARTESIAN_POINT('Ctrl Pts',(222.118966140549,-5.70880680065871,212.776394790986));
#1177=CARTESIAN_POINT('Ctrl Pts',(222.237281212884,-10.622296813359,208.644642921706));
#1178=CARTESIAN_POINT('Ctrl Pts',(222.35559628522,-12.9797346636589,202.673375274507));
#1179=CARTESIAN_POINT('Ctrl Pts',(222.473911357555,-12.2138624405815,196.299437988092));
#1180=CARTESIAN_POINT('Ctrl Pts',(222.592226429891,-8.50896565293528,191.056600485117));
#1181=CARTESIAN_POINT('Ctrl Pts',(222.710541502226,-2.75655658883954,188.206443076697));
#1182=CARTESIAN_POINT('Ctrl Pts',(222.828856574562,3.65916330401157,188.434801134586));
#1183=CARTESIAN_POINT('Ctrl Pts',(222.947171646897,9.19437818335084,191.686723984184));
#1184=CARTESIAN_POINT('Ctrl Pts',(223.065486719233,12.5171490216961,197.179701470795));
#1185=CARTESIAN_POINT('Ctrl Pts',(223.183801791568,12.8279170377058,203.591957714916));
#1186=CARTESIAN_POINT('Ctrl Pts',(223.302116863904,10.0519021477761,209.380510948164));
#1187=CARTESIAN_POINT('Ctrl Pts',(223.420431936239,4.85709706111883,213.152461008982));
#1188=CARTESIAN_POINT('Ctrl Pts',(223.538747008574,-1.50647175959083,214.000163203478));
#1189=CARTESIAN_POINT('Ctrl Pts',(223.65706208091,-7.5075381357458,211.719634863302));
#1190=CARTESIAN_POINT('Ctrl Pts',(223.775377153245,-11.7020648825789,206.859639746899));
#1191=CARTESIAN_POINT('Ctrl Pts',(223.893692225581,-13.0807226193638,200.589638950147));
#1192=CARTESIAN_POINT('Ctrl Pts',(224.012007297916,-11.3117648091667,194.418383371627));
#1193=CARTESIAN_POINT('Ctrl Pts',(224.130322370252,-6.8208559235508,189.830862844769));
#1194=CARTESIAN_POINT('Ctrl Pts',(224.248637442587,-0.688643844558377,187.930972869454));
#1195=CARTESIAN_POINT('Ctrl Pts',(224.366952514923,5.60927672814939,189.175884180528));
#1196=CARTESIAN_POINT('Ctrl Pts',(224.485267587258,10.5574363543141,193.266033602515));
#1197=CARTESIAN_POINT('Ctrl Pts',(224.603582659594,12.9651593285893,199.217208211387));
#1198=CARTESIAN_POINT('Ctrl Pts',(224.721897731929,12.2530740512116,205.597376065856));
#1199=CARTESIAN_POINT('Ctrl Pts',(224.840212804264,8.59253173169398,210.871277393785));
#1200=CARTESIAN_POINT('Ctrl Pts',(224.9585278766,2.86436419601664,213.769851780694));
#1201=CARTESIAN_POINT('Ctrl Pts',(225.076842948935,-3.55304908217963,213.595618175028));
#1202=CARTESIAN_POINT('Ctrl Pts',(225.195158021271,-9.11550896121284,210.39049762997));
#1203=CARTESIAN_POINT('Ctrl Pts',(225.313473093606,-12.4844720530036,204.925754587643));
#1204=CARTESIAN_POINT('Ctrl Pts',(225.431788165942,-12.8493803293781,198.516348518129));
#1205=CARTESIAN_POINT('Ctrl Pts',(225.550103238277,-10.1221937681724,192.704655966009));
#1206=CARTESIAN_POINT('Ctrl Pts',(225.668418310613,-4.95972469826786,188.889043986848));
#1207=CARTESIAN_POINT('Ctrl Pts',(225.786733382948,1.39690316432081,187.988071262735));
#1208=CARTESIAN_POINT('Ctrl Pts',(225.865610097838,5.40909088025089,189.474760946682));
#1209=CARTESIAN_POINT('Ctrl Pts',(225.905048455284,7.11877254163099,190.650775089938));
#1210=CARTESIAN_POINT('Ctrl Pts',(221.552037853268,7.14858240365905,190.973947977273));
#1211=CARTESIAN_POINT('Ctrl Pts',(221.591476210713,8.80487622549222,192.154886680086));
#1212=CARTESIAN_POINT('Ctrl Pts',(221.670352925604,11.5189378794801,195.352866650537));
#1213=CARTESIAN_POINT('Ctrl Pts',(221.788667997939,12.8190177033804,201.510723938814));
#1214=CARTESIAN_POINT('Ctrl Pts',(221.906983070275,11.0338726637077,207.54516794845));
#1215=CARTESIAN_POINT('Ctrl Pts',(222.02529814261,6.59381376496234,212.005026610338));
#1216=CARTESIAN_POINT('Ctrl Pts',(222.143613214946,0.566968961316828,213.816633244299));
#1217=CARTESIAN_POINT('Ctrl Pts',(222.261928287281,-5.59626952220726,212.544247607516));
#1218=CARTESIAN_POINT('Ctrl Pts',(222.380243359617,-10.4129002763907,208.493944651615));
#1219=CARTESIAN_POINT('Ctrl Pts',(222.498558431952,-12.7238661319192,202.640388153766));
#1220=CARTESIAN_POINT('Ctrl Pts',(222.616873504287,-11.9730914902867,196.392099812968));
#1221=CARTESIAN_POINT('Ctrl Pts',(222.735188576623,-8.34122905394795,191.252613970778));
#1222=CARTESIAN_POINT('Ctrl Pts',(222.853503648958,-2.70221679643851,188.458641500665));
#1223=CARTESIAN_POINT('Ctrl Pts',(222.971818721294,3.58703049342224,188.68249795336));
#1224=CARTESIAN_POINT('Ctrl Pts',(223.090133793629,9.0131300987794,191.870315892771));
#1225=CARTESIAN_POINT('Ctrl Pts',(223.208448865965,12.2703994058726,197.255010727941));
#1226=CARTESIAN_POINT('Ctrl Pts',(223.3267639383,12.575041275391,203.540862647719));
#1227=CARTESIAN_POINT('Ctrl Pts',(223.445079010636,9.85374975788603,209.215306567096));
#1228=CARTESIAN_POINT('Ctrl Pts',(223.563394082971,4.76134947260877,212.912900460483));
#1229=CARTESIAN_POINT('Ctrl Pts',(223.681709155306,-1.47677479526744,213.743891965472));
#1230=CARTESIAN_POINT('Ctrl Pts',(223.800024227642,-7.35954260197333,211.508319508687));
#1231=CARTESIAN_POINT('Ctrl Pts',(223.918339299977,-11.4713829589945,206.744129109939));
#1232=CARTESIAN_POINT('Ctrl Pts',(224.036654372313,-12.8228633196601,200.597728366613));
#1233=CARTESIAN_POINT('Ctrl Pts',(224.154969444648,-11.0887768415305,194.548126284469));
#1234=CARTESIAN_POINT('Ctrl Pts',(224.273284516984,-6.68639690450372,190.051039204207));
#1235=CARTESIAN_POINT('Ctrl Pts',(224.391599589319,-0.675068660321981,188.188601616867));
#1236=CARTESIAN_POINT('Ctrl Pts',(224.509914661655,5.4987014785203,189.408972085038));
#1237=CARTESIAN_POINT('Ctrl Pts',(224.62822973399,10.3493184066894,193.418492699556));
#1238=CARTESIAN_POINT('Ctrl Pts',(224.746544806326,12.7095781193319,199.252352251629));
#1239=CARTESIAN_POINT('Ctrl Pts',(224.864859878661,12.0115301253901,205.506748337763));
#1240=CARTESIAN_POINT('Ctrl Pts',(224.983174950996,8.4231478008906,210.676685646065));
#1241=CARTESIAN_POINT('Ctrl Pts',(225.101490023332,2.8078992003758,213.518120654416));
#1242=CARTESIAN_POINT('Ctrl Pts',(225.219805095667,-3.48300809325236,213.347321702696));
#1243=CARTESIAN_POINT('Ctrl Pts',(225.338120168003,-8.93581561967667,210.20538345752));
#1244=CARTESIAN_POINT('Ctrl Pts',(225.456435240338,-12.2383665958026,204.84836648316));
#1245=CARTESIAN_POINT('Ctrl Pts',(225.574750312674,-12.5960814628112,198.565308552713));
#1246=CARTESIAN_POINT('Ctrl Pts',(225.693065385009,-9.92265572486416,192.868181458113));
#1247=CARTESIAN_POINT('Ctrl Pts',(225.811380457345,-4.86195401887702,189.127786350491));
#1248=CARTESIAN_POINT('Ctrl Pts',(225.92969552968,1.36936611746282,188.244574433822));
#1249=CARTESIAN_POINT('Ctrl Pts',(226.00857224457,5.30246187916263,189.701957116014));
#1250=CARTESIAN_POINT('Ctrl Pts',(226.048010602016,6.97844071473194,190.854788581045));
#1251=CARTESIAN_POINT('Ctrl Pts',(221.695,7.00482913993551,191.175565251741));
#1252=CARTESIAN_POINT('Ctrl Pts',(221.734438357445,8.62781598856352,192.332756058369));
#1253=CARTESIAN_POINT('Ctrl Pts',(221.813315072336,11.2872996578998,195.46642676691));
#1254=CARTESIAN_POINT('Ctrl Pts',(221.931630144671,12.5612357364764,201.500453618221));
#1255=CARTESIAN_POINT('Ctrl Pts',(222.049945217007,10.8119887827713,207.413548950294));
#1256=CARTESIAN_POINT('Ctrl Pts',(222.168260289342,6.46121653161251,211.783722804455));
#1257=CARTESIAN_POINT('Ctrl Pts',(222.286575361678,0.555567590525109,213.55889922729));
#1258=CARTESIAN_POINT('Ctrl Pts',(222.404890434013,-5.4837322437558,212.312100424046));
#1259=CARTESIAN_POINT('Ctrl Pts',(222.523205506349,-10.2035037394224,208.343246381524));
#1260=CARTESIAN_POINT('Ctrl Pts',(222.641520578684,-12.4679976001795,202.607401033024));
#1261=CARTESIAN_POINT('Ctrl Pts',(222.759835651019,-11.732320539992,196.484761637844));
#1262=CARTESIAN_POINT('Ctrl Pts',(222.878150723355,-8.17349245496062,191.448627456439));
#1263=CARTESIAN_POINT('Ctrl Pts',(222.99646579569,-2.64787700403747,188.710839924632));
#1264=CARTESIAN_POINT('Ctrl Pts',(223.114780868026,3.51489768283292,188.930194772133));
#1265=CARTESIAN_POINT('Ctrl Pts',(223.233095940361,8.83188201420796,192.053907801358));
#1266=CARTESIAN_POINT('Ctrl Pts',(223.351411012697,12.0236497900491,197.330319985087));
#1267=CARTESIAN_POINT('Ctrl Pts',(223.469726085032,12.3221655130762,203.489767580521));
#1268=CARTESIAN_POINT('Ctrl Pts',(223.588041157368,9.65559736799598,209.050102186028));
#1269=CARTESIAN_POINT('Ctrl Pts',(223.706356229703,4.6656018840987,212.673339911985));
#1270=CARTESIAN_POINT('Ctrl Pts',(223.824671302038,-1.44707783094405,213.487620727465));
#1271=CARTESIAN_POINT('Ctrl Pts',(223.942986374374,-7.21154706820087,211.297004154072));
#1272=CARTESIAN_POINT('Ctrl Pts',(224.061301446709,-11.2407010354101,206.62861847298));
#1273=CARTESIAN_POINT('Ctrl Pts',(224.179616519045,-12.5650040199564,200.605817783079));
#1274=CARTESIAN_POINT('Ctrl Pts',(224.29793159138,-10.8657888738943,194.677869197311));
#1275=CARTESIAN_POINT('Ctrl Pts',(224.416246663716,-6.55193788545664,190.271215563644));
#1276=CARTESIAN_POINT('Ctrl Pts',(224.534561736051,-0.661493476085591,188.446230364281));
#1277=CARTESIAN_POINT('Ctrl Pts',(224.652876808387,5.38812622889121,189.642059989548));
#1278=CARTESIAN_POINT('Ctrl Pts',(224.771191880722,10.1412004590647,193.570951796597));
#1279=CARTESIAN_POINT('Ctrl Pts',(224.889506953058,12.4539969100745,199.287496291871));
#1280=CARTESIAN_POINT('Ctrl Pts',(225.007822025393,11.7699861995686,205.416120609669));
#1281=CARTESIAN_POINT('Ctrl Pts',(225.126137097728,8.25376387008721,210.482093898345));
#1282=CARTESIAN_POINT('Ctrl Pts',(225.244452170064,2.75143420473497,213.26638952814));
#1283=CARTESIAN_POINT('Ctrl Pts',(225.362767242399,-3.41296710432508,213.099025230363));
#1284=CARTESIAN_POINT('Ctrl Pts',(225.481082314735,-8.75612227814051,210.02026928507));
#1285=CARTESIAN_POINT('Ctrl Pts',(225.59939738707,-11.9922611386016,204.770978378678));
#1286=CARTESIAN_POINT('Ctrl Pts',(225.717712459406,-12.3427825962444,198.614268587297));
#1287=CARTESIAN_POINT('Ctrl Pts',(225.836027531741,-9.72311768155589,193.031706950217));
#1288=CARTESIAN_POINT('Ctrl Pts',(225.954342604077,-4.76418333948617,189.366528714133));
#1289=CARTESIAN_POINT('Ctrl Pts',(226.072657676412,1.34182907060483,188.50107760491));
#1290=CARTESIAN_POINT('Ctrl Pts',(226.151534391303,5.19583287807437,189.929153285345));
#1291=CARTESIAN_POINT('Ctrl Pts',(226.190972748748,6.83810888783289,191.058802072153));
#1292=CARTESIAN_POINT('',(225.695,1.83485312677273,188.397231065324));
#1293=CARTESIAN_POINT('Ctrl Pts',(225.695,1.83485312677318,188.397231065325));
#1294=CARTESIAN_POINT('Ctrl Pts',(225.695,1.93953205422077,188.409017008563));
#1295=CARTESIAN_POINT('Ctrl Pts',(225.69465586278,2.03705787081125,188.420757752321));
#1296=CARTESIAN_POINT('Ctrl Pts',(225.69392536429,2.1257819575706,188.431586481543));
#1297=CARTESIAN_POINT('Ctrl Pts',(225.693176457773,2.21674182644214,188.442688086823));
#1298=CARTESIAN_POINT('Ctrl Pts',(225.692021512796,2.29845217042428,188.452825891897));
#1299=CARTESIAN_POINT('Ctrl Pts',(225.690409863478,2.36914538020375,188.461047692031));
#1300=CARTESIAN_POINT('Ctrl Pts',(225.689482023245,2.40984406289826,188.465781052362));
#1301=CARTESIAN_POINT('Ctrl Pts',(225.688402714654,2.44689129476112,188.469879417654));
#1302=CARTESIAN_POINT('Ctrl Pts',(225.687161444292,2.47994778398419,188.473169876429));
#1303=CARTESIAN_POINT('Ctrl Pts',(225.686334434101,2.50197203776804,188.475362181203));
#1304=CARTESIAN_POINT('Ctrl Pts',(225.68530174163,2.52574361334376,188.477545008183));
#1305=CARTESIAN_POINT('Ctrl Pts',(225.68402230483,2.548566352332,188.47920751641));
#1306=CARTESIAN_POINT('Ctrl Pts',(225.683217395342,2.56292441921669,188.480253420863));
#1307=CARTESIAN_POINT('Ctrl Pts',(225.68231477137,2.576907026601,188.481092266385));
#1308=CARTESIAN_POINT('Ctrl Pts',(225.681305333697,2.58984282255261,188.481586257489));
#1309=CARTESIAN_POINT('Ctrl Pts',(225.680652510316,2.5982086585752,188.481905731341));
#1310=CARTESIAN_POINT('Ctrl Pts',(225.679955024781,2.6061366659935,188.482080801921));
#1311=CARTESIAN_POINT('Ctrl Pts',(225.679211364518,2.61344513866815,188.482072535531));
#1312=CARTESIAN_POINT('Ctrl Pts',(225.677987271059,2.62547516642527,188.482058928735));
#1313=CARTESIAN_POINT('Ctrl Pts',(225.676385648451,2.63838102796103,188.481565334623));
#1314=CARTESIAN_POINT('Ctrl Pts',(225.674362441875,2.64799315327795,188.479760748162));
#1315=CARTESIAN_POINT('Ctrl Pts',(225.673587578619,2.65167447915044,188.479069613724));
#1316=CARTESIAN_POINT('Ctrl Pts',(225.672648197851,2.65536447124932,188.47809500995));
#1317=CARTESIAN_POINT('Ctrl Pts',(225.67154370442,2.65815345212721,188.47667064892));
#1318=CARTESIAN_POINT('Ctrl Pts',(225.671059293241,2.65937664954508,188.476045949502));
#1319=CARTESIAN_POINT('Ctrl Pts',(225.670489809579,2.6605604581259,188.475265839158));
#1320=CARTESIAN_POINT('Ctrl Pts',(225.669843107818,2.66143712453765,188.474295417968));
#1321=CARTESIAN_POINT('Ctrl Pts',(225.669420130786,2.66201051057051,188.473660711369));
#1322=CARTESIAN_POINT('Ctrl Pts',(225.668969589913,2.66244540537437,188.472952845063));
#1323=CARTESIAN_POINT('Ctrl Pts',(225.668491614098,2.66268504490613,188.472161689696));
#1324=CARTESIAN_POINT('Ctrl Pts',(225.668432581251,2.66271464180937,188.472063977316));
#1325=CARTESIAN_POINT('Ctrl Pts',(225.668373669853,2.6627409899519,188.471965888254));
#1326=CARTESIAN_POINT('Ctrl Pts',(225.668314883179,2.66276415617899,188.47186744024));
#1327=CARTESIAN_POINT('Ctrl Pts',(225.695,-12.0109232953955,199.845561995479));
#1328=CARTESIAN_POINT('Ctrl Pts',(225.695,-11.9934676169074,199.557553766974));
#1329=CARTESIAN_POINT('Ctrl Pts',(225.695,-11.9656953014726,199.27069434918));
#1330=CARTESIAN_POINT('Ctrl Pts',(225.695,-11.9276332434663,198.985542143038));
#1331=CARTESIAN_POINT('Ctrl Pts',(225.695,-11.9150135593018,198.890998364566));
#1332=CARTESIAN_POINT('Ctrl Pts',(225.695,-11.9012623194702,198.796642156671));
#1333=CARTESIAN_POINT('Ctrl Pts',(225.695,-11.8863792660394,198.702493630661));
#1334=CARTESIAN_POINT('Ctrl Pts',(225.695,-11.841890675959,198.421063801775));
#1335=CARTESIAN_POINT('Ctrl Pts',(225.695,-11.7872929014829,198.141489668849));
#1336=CARTESIAN_POINT('Ctrl Pts',(225.695,-11.7228894773677,197.864240009655));
#1337=CARTESIAN_POINT('Ctrl Pts',(225.695,-11.6579287693692,197.584591304621));
#1338=CARTESIAN_POINT('Ctrl Pts',(225.695,-11.5829918329363,197.307306901938));
#1339=CARTESIAN_POINT('Ctrl Pts',(225.695,-11.4983369509406,197.032872547117));
#1340=CARTESIAN_POINT('Ctrl Pts',(225.695,-11.4134735588239,196.757762243795));
#1341=CARTESIAN_POINT('Ctrl Pts',(225.695,-11.3188440911794,196.485515455669));
#1342=CARTESIAN_POINT('Ctrl Pts',(225.695,-11.2146582093559,196.216634978858));
#1343=CARTESIAN_POINT('Ctrl Pts',(225.695,-11.1101063501672,195.946809996259));
#1344=CARTESIAN_POINT('Ctrl Pts',(225.695,-10.9959306321368,195.680374398598));
#1345=CARTESIAN_POINT('Ctrl Pts',(225.695,-10.8722950102567,195.417858918517));
#1346=CARTESIAN_POINT('Ctrl Pts',(225.695,-10.8572971943821,195.38601406042));
#1347=CARTESIAN_POINT('Ctrl Pts',(225.695,-10.8421601176043,195.354226921922));
#1348=CARTESIAN_POINT('Ctrl Pts',(225.695,-10.826884026929,195.322498479853));
#1349=CARTESIAN_POINT('Ctrl Pts',(225.695,-10.8153896813838,195.298624722848));
#1350=CARTESIAN_POINT('Ctrl Pts',(225.695,-10.8038170533894,195.274785126028));
#1351=CARTESIAN_POINT('Ctrl Pts',(225.695,-10.7921707677208,195.250989156901));
#1352=CARTESIAN_POINT('Ctrl Pts',(225.695,-10.6644323457187,194.989990961191));
#1353=CARTESIAN_POINT('Ctrl Pts',(225.695,-10.5276955677185,194.733945332067));
#1354=CARTESIAN_POINT('Ctrl Pts',(225.695,-10.3822647731402,194.483327300757));
#1355=CARTESIAN_POINT('Ctrl Pts',(225.695,-10.236076808106,194.231404452475));
#1356=CARTESIAN_POINT('Ctrl Pts',(225.695,-10.0811038593669,193.984965271209));
#1357=CARTESIAN_POINT('Ctrl Pts',(225.695,-9.91760406275006,193.744505015651));
#1358=CARTESIAN_POINT('Ctrl Pts',(225.695,-9.79088691877797,193.558141255857));
#1359=CARTESIAN_POINT('Ctrl Pts',(225.695,-9.65904689447303,193.375369032828));
#1360=CARTESIAN_POINT('Ctrl Pts',(225.695,-9.52218445018179,193.196427594964));
#1361=CARTESIAN_POINT('Ctrl Pts',(225.695,-9.34607622572839,192.966174079716));
#1362=CARTESIAN_POINT('Ctrl Pts',(225.695,-9.16165346948992,192.742261987855));
#1363=CARTESIAN_POINT('Ctrl Pts',(225.695,-8.96936728839284,192.524999852237));
#1364=CARTESIAN_POINT('Ctrl Pts',(225.695,-8.77675686877029,192.307371362916));
#1365=CARTESIAN_POINT('Ctrl Pts',(225.695,-8.57625603143936,192.096414856398));
#1366=CARTESIAN_POINT('Ctrl Pts',(225.695,-8.36827957443039,191.892475736868));
#1367=CARTESIAN_POINT('Ctrl Pts',(225.695,-8.29723599617188,191.822811290196));
#1368=CARTESIAN_POINT('Ctrl Pts',(225.695,-8.22531981239336,191.753966010724));
#1369=CARTESIAN_POINT('Ctrl Pts',(225.695,-8.15254667290263,191.685954744366));
#1370=CARTESIAN_POINT('Ctrl Pts',(225.695,-8.09346278808078,191.630736983305));
#1371=CARTESIAN_POINT('Ctrl Pts',(225.695,-8.03381401724073,191.576068986826));
#1372=CARTESIAN_POINT('Ctrl Pts',(225.695,-7.9736085413771,191.521958988113));
#1373=CARTESIAN_POINT('Ctrl Pts',(225.695,-7.95132366444835,191.501930333831));
#1374=CARTESIAN_POINT('Ctrl Pts',(225.695,-7.92896271421183,191.481978358814));
#1375=CARTESIAN_POINT('Ctrl Pts',(225.695,-7.90653653583082,191.462112592596));
#1376=CARTESIAN_POINT('Ctrl Pts',(225.695,-7.68864795536907,191.269100500761));
#1377=CARTESIAN_POINT('Ctrl Pts',(225.695,-7.46435847844007,191.084000815063));
#1378=CARTESIAN_POINT('Ctrl Pts',(225.695,-7.23416853008885,190.907072193319));
#1379=CARTESIAN_POINT('Ctrl Pts',(225.695,-7.00111611457986,190.727943421774));
#1380=CARTESIAN_POINT('Ctrl Pts',(225.695,-6.76201517232747,190.557189743838));
#1381=CARTESIAN_POINT('Ctrl Pts',(225.695,-6.51734230418819,190.395111248758));
#1382=CARTESIAN_POINT('Ctrl Pts',(225.695,-6.27245146437558,190.232888362839));
#1383=CARTESIAN_POINT('Ctrl Pts',(225.695,-6.0219782863115,190.079355715821));
#1384=CARTESIAN_POINT('Ctrl Pts',(225.695,-5.76636483427498,189.934852116967));
#1385=CARTESIAN_POINT('Ctrl Pts',(225.695,-5.51264463045096,189.791418810689));
#1386=CARTESIAN_POINT('Ctrl Pts',(225.695,-5.25385951088008,189.656880948566));
#1387=CARTESIAN_POINT('Ctrl Pts',(225.695,-4.9904139379911,189.531612766819));
#1388=CARTESIAN_POINT('Ctrl Pts',(225.695,-4.90847266687066,189.492649750927));
#1389=CARTESIAN_POINT('Ctrl Pts',(225.695,-4.82608035096612,189.454583855112));
#1390=CARTESIAN_POINT('Ctrl Pts',(225.695,-4.74324872290101,189.417427278144));
#1391=CARTESIAN_POINT('Ctrl Pts',(225.695,-4.50558134604934,189.310814545943));
#1392=CARTESIAN_POINT('Ctrl Pts',(225.695,-4.26429784439422,189.211685773702));
#1393=CARTESIAN_POINT('Ctrl Pts',(225.695,-4.01976510353779,189.120117127816));
#1394=CARTESIAN_POINT('Ctrl Pts',(225.695,-3.95087417801187,189.094319973855));
#1395=CARTESIAN_POINT('Ctrl Pts',(225.695,-3.88172531312754,189.069123048503));
#1396=CARTESIAN_POINT('Ctrl Pts',(225.695,-3.81232660870641,189.044528506527));
#1397=CARTESIAN_POINT('Ctrl Pts',(225.695,-3.78250712768708,189.033960636655));
#1398=CARTESIAN_POINT('Ctrl Pts',(225.695,-3.75264938853588,189.023506788181));
#1399=CARTESIAN_POINT('Ctrl Pts',(225.695,-3.72275873689537,189.013168530161));
#1400=CARTESIAN_POINT('Ctrl Pts',(225.695,-3.44648058686386,188.917612406635));
#1401=CARTESIAN_POINT('Ctrl Pts',(225.695,-3.16726753368962,188.831883296305));
#1402=CARTESIAN_POINT('Ctrl Pts',(225.695,-2.8856900470025,188.755955363028));
#1403=CARTESIAN_POINT('Ctrl Pts',(225.695,-2.60079520561275,188.67913289841));
#1404=CARTESIAN_POINT('Ctrl Pts',(225.695,-2.31347935327185,188.612343716718));
#1405=CARTESIAN_POINT('Ctrl Pts',(225.695,-2.02430627965442,188.555607121015));
#1406=CARTESIAN_POINT('Ctrl Pts',(225.695,-1.73315603681408,188.498482598977));
#1407=CARTESIAN_POINT('Ctrl Pts',(225.695,-1.44012250059413,188.451548422516));
#1408=CARTESIAN_POINT('Ctrl Pts',(225.695,-1.14576236937689,188.414873477295));
#1409=CARTESIAN_POINT('Ctrl Pts',(225.695,-0.852294117608913,188.378309653203));
#1410=CARTESIAN_POINT('Ctrl Pts',(225.695,-0.55750668307407,188.351942881073));
#1411=CARTESIAN_POINT('Ctrl Pts',(225.695,-0.261942230070837,188.3358921251));
#1412=CARTESIAN_POINT('Ctrl Pts',(225.695,0.00727562946798971,188.321272132327));
#1413=CARTESIAN_POINT('Ctrl Pts',(225.695,0.27713860455105,188.315211505675));
#1414=CARTESIAN_POINT('Ctrl Pts',(225.695,0.547237390378673,188.317838127824));
#1415=CARTESIAN_POINT('Ctrl Pts',(225.695,0.684057755769639,188.319168661025));
#1416=CARTESIAN_POINT('Ctrl Pts',(225.695,0.820938597939976,188.322728924475));
#1417=CARTESIAN_POINT('Ctrl Pts',(225.695,0.957826253552152,188.328539204052));
#1418=CARTESIAN_POINT('Ctrl Pts',(225.695,1.00317081265475,188.330463881369));
#1419=CARTESIAN_POINT('Ctrl Pts',(225.695,1.04852100047328,188.3326357879));
#1420=CARTESIAN_POINT('Ctrl Pts',(225.695,1.09384482972475,188.335053952053));
#1421=CARTESIAN_POINT('Ctrl Pts',(225.695,1.18180400923343,188.339746841827));
#1422=CARTESIAN_POINT('Ctrl Pts',(225.695,1.26968327785224,188.345367798522));
#1423=CARTESIAN_POINT('Ctrl Pts',(225.695,1.35746830154336,188.351918159602));
#1424=CARTESIAN_POINT('Ctrl Pts',(225.695,1.51682767327627,188.363809270209));
#1425=CARTESIAN_POINT('Ctrl Pts',(225.695,1.67587644137055,188.378762907437));
#1426=CARTESIAN_POINT('Ctrl Pts',(225.695,1.83453623112918,188.39673476592));
#1427=CARTESIAN_POINT('',(221.695,7.00482913993555,191.175565251741));
#1428=CARTESIAN_POINT('Ctrl Pts',(221.695,7.00482913993551,191.175565251741));
#1429=CARTESIAN_POINT('Ctrl Pts',(221.734438357445,8.62781598856352,192.332756058369));
#1430=CARTESIAN_POINT('Ctrl Pts',(221.813315072336,11.2872996578998,195.46642676691));
#1431=CARTESIAN_POINT('Ctrl Pts',(221.931630144671,12.5612357364764,201.500453618221));
#1432=CARTESIAN_POINT('Ctrl Pts',(222.049945217007,10.8119887827713,207.413548950294));
#1433=CARTESIAN_POINT('Ctrl Pts',(222.168260289342,6.46121653161251,211.783722804455));
#1434=CARTESIAN_POINT('Ctrl Pts',(222.286575361678,0.555567590525109,213.55889922729));
#1435=CARTESIAN_POINT('Ctrl Pts',(222.404890434013,-5.4837322437558,212.312100424046));
#1436=CARTESIAN_POINT('Ctrl Pts',(222.523205506349,-10.2035037394224,208.343246381524));
#1437=CARTESIAN_POINT('Ctrl Pts',(222.612285226977,-11.9084469600968,204.024713745497));
#1438=CARTESIAN_POINT('Ctrl Pts',(222.661926590161,-12.0663412560426,201.515993689364));
#1439=CARTESIAN_POINT('Ctrl Pts',(222.6721295959,-12.0658380781699,201.000302605545));
#1440=CARTESIAN_POINT('Ctrl Pts',(221.695,8.49978793108135,210.581233351056));
#1441=CARTESIAN_POINT('Ctrl Pts',(221.695,8.71722193336784,210.375163970796));
#1442=CARTESIAN_POINT('Ctrl Pts',(221.695,8.92728687931088,210.161726483156));
#1443=CARTESIAN_POINT('Ctrl Pts',(221.695,9.12961863519234,209.941345113653));
#1444=CARTESIAN_POINT('Ctrl Pts',(221.695,9.33146252653228,209.721495130117));
#1445=CARTESIAN_POINT('Ctrl Pts',(221.695,9.52561086189574,209.494734228024));
#1446=CARTESIAN_POINT('Ctrl Pts',(221.695,9.71166293489317,209.261450137796));
#1447=CARTESIAN_POINT('Ctrl Pts',(221.695,9.89630038915366,209.029939787788));
#1448=CARTESIAN_POINT('Ctrl Pts',(221.695,10.0729645697969,208.792004588983));
#1449=CARTESIAN_POINT('Ctrl Pts',(221.695,10.2412198395939,208.54799773173));
#1450=CARTESIAN_POINT('Ctrl Pts',(221.695,10.3064044858575,208.453465770294));
#1451=CARTESIAN_POINT('Ctrl Pts',(221.695,10.3703265368198,208.358022273092));
#1452=CARTESIAN_POINT('Ctrl Pts',(221.695,10.4329586981088,208.261686959745));
#1453=CARTESIAN_POINT('Ctrl Pts',(221.695,10.4541625878266,208.22907299085));
#1454=CARTESIAN_POINT('Ctrl Pts',(221.695,10.4752193731153,208.196355541195));
#1455=CARTESIAN_POINT('Ctrl Pts',(221.695,10.4961168531535,208.163553092301));
#1456=CARTESIAN_POINT('Ctrl Pts',(221.695,10.6407321438184,207.93655272323));
#1457=CARTESIAN_POINT('Ctrl Pts',(221.695,10.7778459692322,207.705292543855));
#1458=CARTESIAN_POINT('Ctrl Pts',(221.695,10.9072005568795,207.47007544864));
#1459=CARTESIAN_POINT('Ctrl Pts',(221.695,11.0494477844058,207.211414505339));
#1460=CARTESIAN_POINT('Ctrl Pts',(221.695,11.1823130339169,206.947968645398));
#1461=CARTESIAN_POINT('Ctrl Pts',(221.695,11.3057179256291,206.680294035699));
#1462=CARTESIAN_POINT('Ctrl Pts',(221.695,11.4298529193357,206.411035779163));
#1463=CARTESIAN_POINT('Ctrl Pts',(221.695,11.5444154622334,206.137497993598));
#1464=CARTESIAN_POINT('Ctrl Pts',(221.695,11.6492774765571,205.860225047948));
#1465=CARTESIAN_POINT('Ctrl Pts',(221.695,11.7540574128332,205.583169130573));
#1466=CARTESIAN_POINT('Ctrl Pts',(221.695,11.8491521347477,205.302383285261));
#1467=CARTESIAN_POINT('Ctrl Pts',(221.695,11.9343835102526,205.018398074465));
#1468=CARTESIAN_POINT('Ctrl Pts',(221.695,12.019923559126,204.733384384765));
#1469=CARTESIAN_POINT('Ctrl Pts',(221.695,12.0955288745624,204.445147500608));
#1470=CARTESIAN_POINT('Ctrl Pts',(221.695,12.1609661909329,204.15422034546));
#1471=CARTESIAN_POINT('Ctrl Pts',(221.695,12.1855051845719,204.045122662279));
#1472=CARTESIAN_POINT('Ctrl Pts',(221.695,12.2086137548285,203.935646672756));
#1473=CARTESIAN_POINT('Ctrl Pts',(221.695,12.2302775993434,203.825820629171));
#1474=CARTESIAN_POINT('Ctrl Pts',(221.695,12.2376159402392,203.788618508997));
#1475=CARTESIAN_POINT('Ctrl Pts',(221.695,12.2447885001417,203.751376223999));
#1476=CARTESIAN_POINT('Ctrl Pts',(221.695,12.2517946941363,203.714094876725));
#1477=CARTESIAN_POINT('Ctrl Pts',(221.695,12.2574493334823,203.684005419691));
#1478=CARTESIAN_POINT('Ctrl Pts',(221.695,12.2629955931235,203.65389037382));
#1479=CARTESIAN_POINT('Ctrl Pts',(221.695,12.2684306495983,203.623764811693));
#1480=CARTESIAN_POINT('Ctrl Pts',(221.695,12.3207281024786,203.333889228405));
#1481=CARTESIAN_POINT('Ctrl Pts',(221.695,12.3627967974738,203.042709768788));
#1482=CARTESIAN_POINT('Ctrl Pts',(221.695,12.3945405521137,202.750758799416));
#1483=CARTESIAN_POINT('Ctrl Pts',(221.695,12.4262311774213,202.459296466635));
#1484=CARTESIAN_POINT('Ctrl Pts',(221.695,12.4476314983621,202.167064597229));
#1485=CARTESIAN_POINT('Ctrl Pts',(221.695,12.4585950343735,201.874583179264));
#1486=CARTESIAN_POINT('Ctrl Pts',(221.695,12.4633164943267,201.748625705274));
#1487=CARTESIAN_POINT('Ctrl Pts',(221.695,12.4661016942162,201.62262188123));
#1488=CARTESIAN_POINT('Ctrl Pts',(221.695,12.4669359504961,201.496613109767));
#1489=CARTESIAN_POINT('Ctrl Pts',(221.695,12.4688790373713,201.203122972639));
#1490=CARTESIAN_POINT('Ctrl Pts',(221.695,12.4602421188899,200.909605448259));
#1491=CARTESIAN_POINT('Ctrl Pts',(221.695,12.4411647074374,200.616603208793));
#1492=CARTESIAN_POINT('Ctrl Pts',(221.695,12.4221170276131,200.324057605367));
#1493=CARTESIAN_POINT('Ctrl Pts',(221.695,12.3926611953434,200.032025074965));
#1494=CARTESIAN_POINT('Ctrl Pts',(221.695,12.3528857584742,199.741058081895));
#1495=CARTESIAN_POINT('Ctrl Pts',(221.695,12.3281839251946,199.560358164599));
#1496=CARTESIAN_POINT('Ctrl Pts',(221.695,12.299501031901,199.380069482739));
#1497=CARTESIAN_POINT('Ctrl Pts',(221.695,12.266848938584,199.200328328942));
#1498=CARTESIAN_POINT('Ctrl Pts',(221.695,12.2523648691786,199.120597350553));
#1499=CARTESIAN_POINT('Ctrl Pts',(221.695,12.2370996872916,199.040974156515));
#1500=CARTESIAN_POINT('Ctrl Pts',(221.695,12.2210539903581,198.961470888997));
#1501=CARTESIAN_POINT('Ctrl Pts',(221.695,12.2147181600115,198.930078097704));
#1502=CARTESIAN_POINT('Ctrl Pts',(221.695,12.2082606321817,198.898704006638));
#1503=CARTESIAN_POINT('Ctrl Pts',(221.695,12.20168143228,198.867349370577));
#1504=CARTESIAN_POINT('Ctrl Pts',(221.695,12.1954771758661,198.837781610851));
#1505=CARTESIAN_POINT('Ctrl Pts',(221.695,12.1891664583056,198.808239474899));
#1506=CARTESIAN_POINT('Ctrl Pts',(221.695,12.1827502131994,198.778726834939));
#1507=CARTESIAN_POINT('Ctrl Pts',(221.695,12.1207758561114,198.493664955721));
#1508=CARTESIAN_POINT('Ctrl Pts',(221.695,12.0489396782452,198.211254842892));
#1509=CARTESIAN_POINT('Ctrl Pts',(221.695,11.9674302019018,197.932013673215));
#1510=CARTESIAN_POINT('Ctrl Pts',(221.695,11.8858360252723,197.652482331056));
#1511=CARTESIAN_POINT('Ctrl Pts',(221.695,11.7945482555801,197.376125916951));
#1512=CARTESIAN_POINT('Ctrl Pts',(221.695,11.6937048171791,197.103473900879));
#1513=CARTESIAN_POINT('Ctrl Pts',(221.695,11.5937363754862,196.833187627391));
#1514=CARTESIAN_POINT('Ctrl Pts',(221.695,11.4843771301131,196.566541193187));
#1515=CARTESIAN_POINT('Ctrl Pts',(221.695,11.3657144288617,196.30406948686));
#1516=CARTESIAN_POINT('Ctrl Pts',(221.695,11.2577558451903,196.065274369523));
#1517=CARTESIAN_POINT('Ctrl Pts',(221.695,11.1420959187192,195.82993468933));
#1518=CARTESIAN_POINT('Ctrl Pts',(221.695,11.0187684988302,195.598472943201));
#1519=CARTESIAN_POINT('Ctrl Pts',(221.695,10.9006593934879,195.376804965546));
#1520=CARTESIAN_POINT('Ctrl Pts',(221.695,10.7755173903003,195.158693677508));
#1521=CARTESIAN_POINT('Ctrl Pts',(221.695,10.6435576734656,194.944423862902));
#1522=CARTESIAN_POINT('Ctrl Pts',(221.695,10.5858252973505,194.850680819012));
#1523=CARTESIAN_POINT('Ctrl Pts',(221.695,10.5267877057498,194.757673324304));
#1524=CARTESIAN_POINT('Ctrl Pts',(221.695,10.4664617617132,194.665426548364));
#1525=CARTESIAN_POINT('Ctrl Pts',(221.695,10.4308323307003,194.610944182741));
#1526=CARTESIAN_POINT('Ctrl Pts',(221.695,10.3947534754449,194.556727191905));
#1527=CARTESIAN_POINT('Ctrl Pts',(221.695,10.3582285650055,194.502780904475));
#1528=CARTESIAN_POINT('Ctrl Pts',(221.695,10.341654650683,194.478301689191));
#1529=CARTESIAN_POINT('Ctrl Pts',(221.695,10.3249892837708,194.453878854611));
#1530=CARTESIAN_POINT('Ctrl Pts',(221.695,10.3082403229314,194.429523685918));
#1531=CARTESIAN_POINT('Ctrl Pts',(221.695,10.1457251973993,194.193205544421));
#1532=CARTESIAN_POINT('Ctrl Pts',(221.695,9.97516194657516,193.962986378229));
#1533=CARTESIAN_POINT('Ctrl Pts',(221.695,9.79697139449156,193.739212410683));
#1534=CARTESIAN_POINT('Ctrl Pts',(221.695,9.61747198224789,193.513794759857));
#1535=CARTESIAN_POINT('Ctrl Pts',(221.695,9.43023240991287,193.29491686595));
#1536=CARTESIAN_POINT('Ctrl Pts',(221.695,9.23563901464097,193.08296200429));
#1537=CARTESIAN_POINT('Ctrl Pts',(221.695,9.041322275649,192.87130848196));
#1538=CARTESIAN_POINT('Ctrl Pts',(221.695,8.83967216000521,192.666557888505));
#1539=CARTESIAN_POINT('Ctrl Pts',(221.695,8.63103627288686,192.469127779101));
#1540=CARTESIAN_POINT('Ctrl Pts',(221.695,8.42389918685841,192.273115970581));
#1541=CARTESIAN_POINT('Ctrl Pts',(221.695,8.2098758831256,192.084319462683));
#1542=CARTESIAN_POINT('Ctrl Pts',(221.695,7.98927672988851,191.903188319625));
#1543=CARTESIAN_POINT('Ctrl Pts',(221.695,7.77248246027209,191.725181317839));
#1544=CARTESIAN_POINT('Ctrl Pts',(221.695,7.54933677551896,191.554577258425));
#1545=CARTESIAN_POINT('Ctrl Pts',(221.695,7.32011210645677,191.3918482551));
#1546=CARTESIAN_POINT('Ctrl Pts',(221.695,7.21625782595295,191.318121009133));
#1547=CARTESIAN_POINT('Ctrl Pts',(221.695,7.1111554467735,191.246010920918));
#1548=CARTESIAN_POINT('Ctrl Pts',(221.695,7.0048291399359,191.175565251741));
#1549=CARTESIAN_POINT('Ctrl Pts',(225.321817383713,1.85247085294318,188.29875570221));
#1550=CARTESIAN_POINT('Ctrl Pts',(225.321817663649,4.29796003898666,188.736265237486));
#1551=CARTESIAN_POINT('Ctrl Pts',(225.321818099263,7.7598919735071,190.495427047112));
#1552=CARTESIAN_POINT('Ctrl Pts',(225.321818869343,11.6138740221075,195.460379895564));
#1553=CARTESIAN_POINT('Ctrl Pts',(225.321819686143,12.9767555759567,201.809816872633));
#1554=CARTESIAN_POINT('Ctrl Pts',(225.321820395762,10.9502397133422,206.61366910033));
#1555=CARTESIAN_POINT('Ctrl Pts',(225.321820766571,9.3268685461658,208.496394758451));
#1556=CARTESIAN_POINT('Ctrl Pts',(225.346758217775,1.86007459390993,188.256254124793));
#1557=CARTESIAN_POINT('Ctrl Pts',(225.346758593402,4.31380483773783,188.695238143017));
#1558=CARTESIAN_POINT('Ctrl Pts',(225.346759172197,7.78751307827887,190.460329108024));
#1559=CARTESIAN_POINT('Ctrl Pts',(225.346760203491,11.654806702721,195.442395282541));
#1560=CARTESIAN_POINT('Ctrl Pts',(225.346761294867,13.0225159116055,201.814036633271));
#1561=CARTESIAN_POINT('Ctrl Pts',(225.34676224087,10.9888065734881,206.635057190985));
#1562=CARTESIAN_POINT('Ctrl Pts',(225.346762738418,9.35956685820573,208.524588735872));
#1563=CARTESIAN_POINT('Ctrl Pts',(225.430466073767,1.87178011976944,188.190825368647));
#1564=CARTESIAN_POINT('Ctrl Pts',(225.430466505524,4.33819398220596,188.632078835048));
#1565=CARTESIAN_POINT('Ctrl Pts',(225.430467175401,7.83003158543265,190.406302670129));
#1566=CARTESIAN_POINT('Ctrl Pts',(225.430468362411,11.7178131177836,195.414710599018));
#1567=CARTESIAN_POINT('Ctrl Pts',(225.43046962056,13.0929548949752,201.82053242477));
#1568=CARTESIAN_POINT('Ctrl Pts',(225.430470712849,11.0481749132477,206.667984895699));
#1569=CARTESIAN_POINT('Ctrl Pts',(225.430471284732,9.40990310676323,208.567990947384));
#1570=CARTESIAN_POINT('Ctrl Pts',(225.590477140565,1.86970925255744,188.202400608192));
#1571=CARTESIAN_POINT('Ctrl Pts',(225.590477359137,4.33385297149878,188.643248179813));
#1572=CARTESIAN_POINT('Ctrl Pts',(225.590477695077,7.82248751946744,190.415901431482));
#1573=CARTESIAN_POINT('Ctrl Pts',(225.590478294866,11.7066072838629,195.419620769931));
#1574=CARTESIAN_POINT('Ctrl Pts',(225.590478929223,13.0804423767475,201.819380660512));
#1575=CARTESIAN_POINT('Ctrl Pts',(225.590479478754,11.0376503391106,206.662179665518));
#1576=CARTESIAN_POINT('Ctrl Pts',(225.590479768258,9.40099526656295,208.560310200893));
#1577=CARTESIAN_POINT('Ctrl Pts',(225.681241281663,1.85243807625195,188.29893890954));
#1578=CARTESIAN_POINT('Ctrl Pts',(225.681241310146,4.29789619813091,188.736443488873));
#1579=CARTESIAN_POINT('Ctrl Pts',(225.681241355835,7.75977585519512,190.495572746005));
#1580=CARTESIAN_POINT('Ctrl Pts',(225.681241434667,11.6137047848981,195.460456905363));
#1581=CARTESIAN_POINT('Ctrl Pts',(225.681241518874,12.9765615510174,201.809799116277));
#1582=CARTESIAN_POINT('Ctrl Pts',(225.681241592543,10.9500709163861,206.613570099437));
#1583=CARTESIAN_POINT('Ctrl Pts',(225.681241630269,9.32672217365566,208.496268549391));
#1584=CARTESIAN_POINT('Ctrl Pts',(225.695,1.83924371812061,188.372689585165));
#1585=CARTESIAN_POINT('Ctrl Pts',(225.695000000815,4.27040754931607,188.807636763158));
#1586=CARTESIAN_POINT('Ctrl Pts',(225.69499999904,7.71185121857094,190.556467404143));
#1587=CARTESIAN_POINT('Ctrl Pts',(225.69500000021,11.5426891568599,195.491662266638));
#1588=CARTESIAN_POINT('Ctrl Pts',(225.695000000133,12.8971661343801,201.802477373213));
#1589=CARTESIAN_POINT('Ctrl Pts',(225.694999998922,10.883151029479,206.576450941746));
#1590=CARTESIAN_POINT('Ctrl Pts',(225.695,9.2699814696054,208.447344123969));
#1591=CARTESIAN_POINT('Ctrl Pts',(225.695,1.83485312677272,188.397231065324));
#1592=CARTESIAN_POINT('Ctrl Pts',(225.695,4.26127259138705,188.831329426073));
#1593=CARTESIAN_POINT('Ctrl Pts',(225.695,7.69591376218564,190.576712152715));
#1594=CARTESIAN_POINT('Ctrl Pts',(225.695,11.5190847857335,195.502040814917));
#1595=CARTESIAN_POINT('Ctrl Pts',(225.695,12.8707688902407,201.800042168287));
#1596=CARTESIAN_POINT('Ctrl Pts',(225.695,10.8608912963179,206.564088957358));
#1597=CARTESIAN_POINT('Ctrl Pts',(225.695,9.25110027271333,208.431063894023));
#1598=CARTESIAN_POINT('Ctrl Pts',(225.322170808143,2.66623225363004,188.471976532759));
#1599=CARTESIAN_POINT('Ctrl Pts',(225.322171060107,4.80730621545178,189.004393207325));
#1600=CARTESIAN_POINT('Ctrl Pts',(225.322171466989,7.93244334851289,190.716721986125));
#1601=CARTESIAN_POINT('Ctrl Pts',(225.322172206183,11.6144514329961,195.460126198193));
#1602=CARTESIAN_POINT('Ctrl Pts',(225.322172899012,12.7650931515703,200.820769900871));
#1603=CARTESIAN_POINT('Ctrl Pts',(225.322173464293,11.6218286907898,204.732672221654));
#1604=CARTESIAN_POINT('Ctrl Pts',(225.322173684309,10.9364028711023,206.087492316382));
#1605=CARTESIAN_POINT('Ctrl Pts',(225.695,11.8382073768569,203.317610920178));
#1606=CARTESIAN_POINT('Ctrl Pts',(225.695,11.9602639900827,202.795213565312));
#1607=CARTESIAN_POINT('Ctrl Pts',(225.695,12.4478014716297,199.829278906397));
#1608=CARTESIAN_POINT('Ctrl Pts',(225.695,11.5190847857335,195.502040814917));
#1609=CARTESIAN_POINT('Ctrl Pts',(225.695,7.69591376218564,190.576712152715));
#1610=CARTESIAN_POINT('Ctrl Pts',(225.695,4.26127259138705,188.831329426073));
#1611=CARTESIAN_POINT('Ctrl Pts',(225.695,1.83485312677272,188.397231065324));
#1612=CARTESIAN_POINT('Ctrl Pts',(221.199027251253,-5.19027550564695,211.892574974632));
#1613=CARTESIAN_POINT('Ctrl Pts',(221.238465608698,-6.98971805725583,211.035146623559));
#1614=CARTESIAN_POINT('Ctrl Pts',(221.317342323588,-10.1534696218733,208.411518798173));
#1615=CARTESIAN_POINT('Ctrl Pts',(221.435657395924,-12.4569733085632,202.690831610819));
#1616=CARTESIAN_POINT('Ctrl Pts',(221.553972468259,-11.7623030427527,196.563679371087));
#1617=CARTESIAN_POINT('Ctrl Pts',(221.672287540595,-8.23749532499009,191.50370227362));
#1618=CARTESIAN_POINT('Ctrl Pts',(221.79060261293,-2.7303674927074,188.728907874237));
#1619=CARTESIAN_POINT('Ctrl Pts',(221.908917685266,3.43372124525851,188.906840919965));
#1620=CARTESIAN_POINT('Ctrl Pts',(222.027232757601,8.7715797246712,191.99477109423));
#1621=CARTESIAN_POINT('Ctrl Pts',(222.145547829937,11.9987221325267,197.249617123028));
#1622=CARTESIAN_POINT('Ctrl Pts',(222.263862902272,12.3386162191877,203.406922253051));
#1623=CARTESIAN_POINT('Ctrl Pts',(222.382177974607,9.70946580214465,208.985046800811));
#1624=CARTESIAN_POINT('Ctrl Pts',(222.500493046943,4.74392677301534,212.641729637388));
#1625=CARTESIAN_POINT('Ctrl Pts',(222.618808119278,-1.36314424994407,213.497061411027));
#1626=CARTESIAN_POINT('Ctrl Pts',(222.737123191614,-7.14220151900671,211.345224270235));
#1627=CARTESIAN_POINT('Ctrl Pts',(222.855438263949,-11.2026302339002,206.704014702854));
#1628=CARTESIAN_POINT('Ctrl Pts',(222.973753336285,-12.5673689039347,200.690247563173));
#1629=CARTESIAN_POINT('Ctrl Pts',(223.09206840862,-10.9080203941571,194.751016160828));
#1630=CARTESIAN_POINT('Ctrl Pts',(223.210383480956,-6.62387386972524,190.315478354042));
#1631=CARTESIAN_POINT('Ctrl Pts',(223.328698553291,-0.74582393709393,188.450958023022));
#1632=CARTESIAN_POINT('Ctrl Pts',(223.447013625627,5.3116936832252,189.606114881889));
#1633=CARTESIAN_POINT('Ctrl Pts',(223.565328697962,10.0910579376792,193.502983421154));
#1634=CARTESIAN_POINT('Ctrl Pts',(223.683643770298,12.4422099395722,199.203859787055));
#1635=CARTESIAN_POINT('Ctrl Pts',(223.801958842633,11.7993917624121,205.336941546606));
#1636=CARTESIAN_POINT('Ctrl Pts',(223.920273914968,8.31728478878017,210.426424639385));
#1637=CARTESIAN_POINT('Ctrl Pts',(224.038588987304,2.83378879812224,213.247626257177));
#1638=CARTESIAN_POINT('Ctrl Pts',(224.156904059639,-3.33160212467362,213.121680371237));
#1639=CARTESIAN_POINT('Ctrl Pts',(224.275219131975,-8.69530916516884,210.078893362039));
#1640=CARTESIAN_POINT('Ctrl Pts',(224.39353420431,-11.9666634015561,204.85145131238));
#1641=CARTESIAN_POINT('Ctrl Pts',(224.511849276646,-12.3584775769094,198.697234151026));
#1642=CARTESIAN_POINT('Ctrl Pts',(224.630164348981,-9.77647146241162,193.097131490319));
#1643=CARTESIAN_POINT('Ctrl Pts',(224.748479421317,-4.84194870298834,189.398696741524));
#1644=CARTESIAN_POINT('Ctrl Pts',(224.866794493652,1.25768605848013,188.491883263661));
#1645=CARTESIAN_POINT('Ctrl Pts',(224.985109565988,7.05470027451198,190.594898262776));
#1646=CARTESIAN_POINT('Ctrl Pts',(225.103424638323,11.1541096758262,195.201685939531));
#1647=CARTESIAN_POINT('Ctrl Pts',(225.221739710659,12.5695862883235,201.20371616933));
#1648=CARTESIAN_POINT('Ctrl Pts',(225.340054782994,10.9602908902015,207.156682320391));
#1649=CARTESIAN_POINT('Ctrl Pts',(225.458369855329,6.71402357399714,211.628122270382));
#1650=CARTESIAN_POINT('Ctrl Pts',(225.576684927665,0.851435088412056,213.541874443168));
#1651=CARTESIAN_POINT('Ctrl Pts',(225.655561642555,-3.19214543996634,212.80552979609));
#1652=CARTESIAN_POINT('Ctrl Pts',(225.695,-5.0057954998461,211.978577358484));
#1653=CARTESIAN_POINT('Ctrl Pts',(221.341989397985,-5.2967904582112,212.11611264724));
#1654=CARTESIAN_POINT('Ctrl Pts',(221.38142775543,-7.13316121099519,211.241088131948));
#1655=CARTESIAN_POINT('Ctrl Pts',(221.46030447032,-10.3618393575375,208.563618156359));
#1656=CARTESIAN_POINT('Ctrl Pts',(221.578619542656,-12.7126155995384,202.725530895784));
#1657=CARTESIAN_POINT('Ctrl Pts',(221.696934614991,-12.0036892946544,196.472637097737));
#1658=CARTESIAN_POINT('Ctrl Pts',(221.815249687327,-8.40654539233912,191.308819034617));
#1659=CARTESIAN_POINT('Ctrl Pts',(221.933564759662,-2.78640015680245,188.477080241144));
#1660=CARTESIAN_POINT('Ctrl Pts',(222.051879831998,3.50418815114043,188.658664832903));
#1661=CARTESIAN_POINT('Ctrl Pts',(222.170194904333,8.9515902842784,191.809965580788));
#1662=CARTESIAN_POINT('Ctrl Pts',(222.288509976669,12.2449601823927,197.172651679902));
#1663=CARTESIAN_POINT('Ctrl Pts',(222.406825049004,12.5918295832694,203.456317166545));
#1664=CARTESIAN_POINT('Ctrl Pts',(222.525140121339,9.90872368127161,209.148916113776));
#1665=CARTESIAN_POINT('Ctrl Pts',(222.643455193675,4.84128174668608,212.880641479108));
#1666=CARTESIAN_POINT('Ctrl Pts',(222.76177026601,-1.39111872739966,213.753526390957));
#1667=CARTESIAN_POINT('Ctrl Pts',(222.880085338346,-7.28877394183353,211.557529199176));
#1668=CARTESIAN_POINT('Ctrl Pts',(222.998400410681,-11.4325308676258,206.821072622966));
#1669=CARTESIAN_POINT('Ctrl Pts',(223.116715483017,-12.8252767358414,200.683890816584));
#1670=CARTESIAN_POINT('Ctrl Pts',(223.235030555352,-11.1318750380175,194.622774371644));
#1671=CARTESIAN_POINT('Ctrl Pts',(223.353345627688,-6.75980916068577,190.096210356601));
#1672=CARTESIAN_POINT('Ctrl Pts',(223.471660700023,-0.761129752978733,188.193426296729));
#1673=CARTESIAN_POINT('Ctrl Pts',(223.589975772359,5.42070038240506,189.372289311058));
#1674=CARTESIAN_POINT('Ctrl Pts',(223.708290844694,10.2981468593339,193.349129475559));
#1675=CARTESIAN_POINT('Ctrl Pts',(223.82660591703,12.6975492563515,199.16699935655));
#1676=CARTESIAN_POINT('Ctrl Pts',(223.944920989365,12.0415391498665,205.425944360158));
#1677=CARTESIAN_POINT('Ctrl Pts',(224.0632360617,8.48797229732891,210.619873941301));
#1678=CARTESIAN_POINT('Ctrl Pts',(224.181551134036,2.891943876611,213.498972323178));
#1679=CARTESIAN_POINT('Ctrl Pts',(224.299866206371,-3.39997333962868,213.370441772888));
#1680=CARTESIAN_POINT('Ctrl Pts',(224.418181278707,-8.87375449861055,210.265210619137));
#1681=CARTESIAN_POINT('Ctrl Pts',(224.536496351042,-12.2122435414123,204.930490884248));
#1682=CARTESIAN_POINT('Ctrl Pts',(224.654811423378,-12.6120985362282,198.649976737637));
#1683=CARTESIAN_POINT('Ctrl Pts',(224.773126495713,-9.97710443323015,192.934948642123));
#1684=CARTESIAN_POINT('Ctrl Pts',(224.891441568049,-4.94131528494651,189.160614530876));
#1685=CARTESIAN_POINT('Ctrl Pts',(225.009756640384,1.28349632051999,188.235191406092));
#1686=CARTESIAN_POINT('Ctrl Pts',(225.12807171272,7.19947699479923,190.381364527089));
#1687=CARTESIAN_POINT('Ctrl Pts',(225.246386785055,11.38301456955,195.082692805846));
#1688=CARTESIAN_POINT('Ctrl Pts',(225.364701857391,12.8275396254434,201.207896837214));
#1689=CARTESIAN_POINT('Ctrl Pts',(225.483016929726,11.1852182303764,207.283029895697));
#1690=CARTESIAN_POINT('Ctrl Pts',(225.601332002061,6.85180891924935,211.846232838549));
#1691=CARTESIAN_POINT('Ctrl Pts',(225.719647074397,0.868908258758241,213.799259077168));
#1692=CARTESIAN_POINT('Ctrl Pts',(225.798523789287,-3.2576547216502,213.047803148412));
#1693=CARTESIAN_POINT('Ctrl Pts',(225.837962146732,-5.10852454951454,212.203879973979));
#1694=CARTESIAN_POINT('Ctrl Pts',(221.484951544717,-5.40330541077546,212.339650319848));
#1695=CARTESIAN_POINT('Ctrl Pts',(221.524389902162,-7.27660436473455,211.447029640336));
#1696=CARTESIAN_POINT('Ctrl Pts',(221.603266617052,-10.5702090932018,208.715717514545));
#1697=CARTESIAN_POINT('Ctrl Pts',(221.721581689388,-12.9682578905136,202.76023018075));
#1698=CARTESIAN_POINT('Ctrl Pts',(221.839896761723,-12.2450755465561,196.381594824387));
#1699=CARTESIAN_POINT('Ctrl Pts',(221.958211834059,-8.57559545968815,191.113935795613));
#1700=CARTESIAN_POINT('Ctrl Pts',(222.076526906394,-2.84243282089751,188.225252608051));
#1701=CARTESIAN_POINT('Ctrl Pts',(222.19484197873,3.57465505702235,188.410488745842));
#1702=CARTESIAN_POINT('Ctrl Pts',(222.313157051065,9.13160084388561,191.625160067346));
#1703=CARTESIAN_POINT('Ctrl Pts',(222.431472123401,12.4911982322588,197.095686236776));
#1704=CARTESIAN_POINT('Ctrl Pts',(222.549787195736,12.8450429473511,203.505712080039));
#1705=CARTESIAN_POINT('Ctrl Pts',(222.668102268071,10.1079815603986,209.312785426742));
#1706=CARTESIAN_POINT('Ctrl Pts',(222.786417340407,4.93863672035681,213.119553320829));
#1707=CARTESIAN_POINT('Ctrl Pts',(222.904732412742,-1.41909320485524,214.009991370888));
#1708=CARTESIAN_POINT('Ctrl Pts',(223.023047485078,-7.43534636466035,211.769834128117));
#1709=CARTESIAN_POINT('Ctrl Pts',(223.141362557413,-11.6624315013514,206.938130543078));
#1710=CARTESIAN_POINT('Ctrl Pts',(223.259677629749,-13.0831845677482,200.677534069996));
#1711=CARTESIAN_POINT('Ctrl Pts',(223.377992702084,-11.3557296818778,194.494532582459));
#1712=CARTESIAN_POINT('Ctrl Pts',(223.49630777442,-6.89574445164631,189.87694235916));
#1713=CARTESIAN_POINT('Ctrl Pts',(223.614622846755,-0.776435568863525,187.935894570436));
#1714=CARTESIAN_POINT('Ctrl Pts',(223.732937919091,5.52970708158493,189.138463740227));
#1715=CARTESIAN_POINT('Ctrl Pts',(223.851252991426,10.5052357809886,193.195275529964));
#1716=CARTESIAN_POINT('Ctrl Pts',(223.969568063762,12.9528885731307,199.130138926044));
#1717=CARTESIAN_POINT('Ctrl Pts',(224.087883136097,12.2836865373208,205.514947173709));
#1718=CARTESIAN_POINT('Ctrl Pts',(224.206198208432,8.65865980587765,210.813323243216));
#1719=CARTESIAN_POINT('Ctrl Pts',(224.324513280768,2.95009895509976,213.75031838918));
#1720=CARTESIAN_POINT('Ctrl Pts',(224.442828353103,-3.46834455458374,213.619203174539));
#1721=CARTESIAN_POINT('Ctrl Pts',(224.561143425439,-9.05219983205227,210.451527876234));
#1722=CARTESIAN_POINT('Ctrl Pts',(224.679458497774,-12.4578236812686,205.009530456116));
#1723=CARTESIAN_POINT('Ctrl Pts',(224.79777357011,-12.8657194955469,198.602719324249));
#1724=CARTESIAN_POINT('Ctrl Pts',(224.916088642445,-10.1777374040487,192.772765793926));
#1725=CARTESIAN_POINT('Ctrl Pts',(225.034403714781,-5.04068186690468,188.922532320227));
#1726=CARTESIAN_POINT('Ctrl Pts',(225.152718787116,1.30930658255985,187.978499548523));
#1727=CARTESIAN_POINT('Ctrl Pts',(225.271033859452,7.34425371508647,190.167830791402));
#1728=CARTESIAN_POINT('Ctrl Pts',(225.389348931787,11.6119194632738,194.963699672161));
#1729=CARTESIAN_POINT('Ctrl Pts',(225.507664004123,13.0854929625633,201.212077505097));
#1730=CARTESIAN_POINT('Ctrl Pts',(225.625979076458,11.4101455705514,207.409377471003));
#1731=CARTESIAN_POINT('Ctrl Pts',(225.744294148793,6.98959426450158,212.064343406715));
#1732=CARTESIAN_POINT('Ctrl Pts',(225.862609221129,0.886381429104427,214.056643711168));
#1733=CARTESIAN_POINT('Ctrl Pts',(225.941485936019,-3.32316400333404,213.290076500733));
#1734=CARTESIAN_POINT('Ctrl Pts',(225.980924293464,-5.21125359918297,212.429182589474));
#1735=CARTESIAN_POINT('Ctrl Pts',(221.627913691449,-5.50982036333972,212.563187992456));
#1736=CARTESIAN_POINT('Ctrl Pts',(221.667352048894,-7.42004751847391,211.652971148724));
#1737=CARTESIAN_POINT('Ctrl Pts',(221.746228763785,-10.7785788288661,208.867816872731));
#1738=CARTESIAN_POINT('Ctrl Pts',(221.86454383612,-13.2239001814888,202.794929465715));
#1739=CARTESIAN_POINT('Ctrl Pts',(221.982858908455,-12.4864617984578,196.290552551036));
#1740=CARTESIAN_POINT('Ctrl Pts',(222.101173980791,-8.74464552703718,190.91905255661));
#1741=CARTESIAN_POINT('Ctrl Pts',(222.219489053126,-2.89846548499256,187.973424974958));
#1742=CARTESIAN_POINT('Ctrl Pts',(222.337804125462,3.64512196290427,188.162312658781));
#1743=CARTESIAN_POINT('Ctrl Pts',(222.456119197797,9.31161140349281,191.440354553903));
#1744=CARTESIAN_POINT('Ctrl Pts',(222.574434270133,12.7374362821248,197.01872079365));
#1745=CARTESIAN_POINT('Ctrl Pts',(222.692749342468,13.0982563114327,203.555106993532));
#1746=CARTESIAN_POINT('Ctrl Pts',(222.811064414803,10.3072394395255,209.476654739707));
#1747=CARTESIAN_POINT('Ctrl Pts',(222.929379487139,5.03599169402755,213.35846516255));
#1748=CARTESIAN_POINT('Ctrl Pts',(223.047694559474,-1.44706768231083,214.266456350818));
#1749=CARTESIAN_POINT('Ctrl Pts',(223.16600963181,-7.58191878748717,211.982139057058));
#1750=CARTESIAN_POINT('Ctrl Pts',(223.284324704145,-11.892332135077,207.05518846319));
#1751=CARTESIAN_POINT('Ctrl Pts',(223.402639776481,-13.341092399655,200.671177323407));
#1752=CARTESIAN_POINT('Ctrl Pts',(223.520954848816,-11.5795843257382,194.366290793275));
#1753=CARTESIAN_POINT('Ctrl Pts',(223.639269921152,-7.03167974260683,189.657674361719));
#1754=CARTESIAN_POINT('Ctrl Pts',(223.757584993487,-0.791741384748325,187.678362844143));
#1755=CARTESIAN_POINT('Ctrl Pts',(223.875900065823,5.63871378076479,188.904638169396));
#1756=CARTESIAN_POINT('Ctrl Pts',(223.994215138158,10.7123247026433,193.041421584369));
#1757=CARTESIAN_POINT('Ctrl Pts',(224.112530210494,13.20822788991,199.093278495538));
#1758=CARTESIAN_POINT('Ctrl Pts',(224.230845282829,12.5258339247751,205.603949987261));
#1759=CARTESIAN_POINT('Ctrl Pts',(224.349160355165,8.8293473144264,211.006772545131));
#1760=CARTESIAN_POINT('Ctrl Pts',(224.4674754275,3.00825403358852,214.001664455181));
#1761=CARTESIAN_POINT('Ctrl Pts',(224.585790499835,-3.53671576953881,213.867964576191));
#1762=CARTESIAN_POINT('Ctrl Pts',(224.704105572171,-9.23064516549399,210.637845133332));
#1763=CARTESIAN_POINT('Ctrl Pts',(224.822420644506,-12.7034038211248,205.088570027984));
#1764=CARTESIAN_POINT('Ctrl Pts',(224.940735716842,-13.1193404548657,198.55546191086));
#1765=CARTESIAN_POINT('Ctrl Pts',(225.059050789177,-10.3783703748672,192.61058294573));
#1766=CARTESIAN_POINT('Ctrl Pts',(225.177365861513,-5.14004844886286,188.684450109578));
#1767=CARTESIAN_POINT('Ctrl Pts',(225.295680933848,1.3351168445997,187.721807690954));
#1768=CARTESIAN_POINT('Ctrl Pts',(225.413996006184,7.48903043537372,189.954297055715));
#1769=CARTESIAN_POINT('Ctrl Pts',(225.532311078519,11.8408243569976,194.844706538477));
#1770=CARTESIAN_POINT('Ctrl Pts',(225.650626150855,13.3434462996832,201.216258172981));
#1771=CARTESIAN_POINT('Ctrl Pts',(225.76894122319,11.6350729107264,207.535725046309));
#1772=CARTESIAN_POINT('Ctrl Pts',(225.887256295525,7.1273796097538,212.282453974882));
#1773=CARTESIAN_POINT('Ctrl Pts',(226.005571367861,0.903854599450612,214.314028345168));
#1774=CARTESIAN_POINT('Ctrl Pts',(226.084448082751,-3.38867328501789,213.532349853055));
#1775=CARTESIAN_POINT('Ctrl Pts',(226.123886440196,-5.31398264885141,212.654485204969));
#1776=CARTESIAN_POINT('',(221.695,-7.00523429601894,191.1754541496));
#1777=CARTESIAN_POINT('Ctrl Pts',(221.695,-7.00523429601906,191.1754541496));
#1778=CARTESIAN_POINT('Ctrl Pts',(221.695,-7.24576862271285,191.334469365403));
#1779=CARTESIAN_POINT('Ctrl Pts',(221.695,-7.48028990647934,191.501920650086));
#1780=CARTESIAN_POINT('Ctrl Pts',(221.695,-7.70831007636629,191.677535116253));
#1781=CARTESIAN_POINT('Ctrl Pts',(221.695,-7.78389007459405,191.735744620475));
#1782=CARTESIAN_POINT('Ctrl Pts',(221.695,-7.85875565720064,191.79485138355));
#1783=CARTESIAN_POINT('Ctrl Pts',(221.695,-7.93288852425081,191.85484661687));
#1784=CARTESIAN_POINT('Ctrl Pts',(221.695,-8.15538249467196,192.034909498541));
#1785=CARTESIAN_POINT('Ctrl Pts',(221.695,-8.37127864862143,192.222972232191));
#1786=CARTESIAN_POINT('Ctrl Pts',(221.695,-8.58029722757557,192.418557341695));
#1787=CARTESIAN_POINT('Ctrl Pts',(221.695,-8.73820889344359,192.56632014161));
#1788=CARTESIAN_POINT('Ctrl Pts',(221.695,-8.89219454035105,192.718377464483));
#1789=CARTESIAN_POINT('Ctrl Pts',(221.695,-9.04212099483894,192.874538608727));
#1790=CARTESIAN_POINT('Ctrl Pts',(221.695,-9.10771381867739,192.942859109333));
#1791=CARTESIAN_POINT('Ctrl Pts',(221.695,-9.17252953823768,193.011965263065));
#1792=CARTESIAN_POINT('Ctrl Pts',(221.695,-9.23655627197933,193.081841790543));
#1793=CARTESIAN_POINT('Ctrl Pts',(221.695,-9.27692034483101,193.125893721369));
#1794=CARTESIAN_POINT('Ctrl Pts',(221.695,-9.31697083714961,193.170251834575));
#1795=CARTESIAN_POINT('Ctrl Pts',(221.695,-9.35670467518899,193.21491238042));
#1796=CARTESIAN_POINT('Ctrl Pts',(221.695,-9.38168912739891,193.242994723541));
#1797=CARTESIAN_POINT('Ctrl Pts',(221.695,-9.40654868162793,193.271197058224));
#1798=CARTESIAN_POINT('Ctrl Pts',(221.695,-9.43127232788611,193.299506551916));
#1799=CARTESIAN_POINT('Ctrl Pts',(221.695,-9.62094486290055,193.516688652705));
#1800=CARTESIAN_POINT('Ctrl Pts',(221.695,-9.80276950667757,193.740339790596));
#1801=CARTESIAN_POINT('Ctrl Pts',(221.695,-9.97647696808064,193.969967395236));
#1802=CARTESIAN_POINT('Ctrl Pts',(221.695,-10.1514300146299,194.201241565493));
#1803=CARTESIAN_POINT('Ctrl Pts',(221.695,-10.3181494794632,194.438578667138));
#1804=CARTESIAN_POINT('Ctrl Pts',(221.695,-10.4763247766003,194.681514335192));
#1805=CARTESIAN_POINT('Ctrl Pts',(221.695,-10.6340634205162,194.923779363495));
#1806=CARTESIAN_POINT('Ctrl Pts',(221.695,-10.7833053817146,195.171612594748));
#1807=CARTESIAN_POINT('Ctrl Pts',(221.695,-10.9237015513792,195.424584783955));
#1808=CARTESIAN_POINT('Ctrl Pts',(221.695,-10.9790263672272,195.524271547604));
#1809=CARTESIAN_POINT('Ctrl Pts',(221.695,-11.032977083789,195.624756615879));
#1810=CARTESIAN_POINT('Ctrl Pts',(221.695,-11.0855303795869,195.726014799622));
#1811=CARTESIAN_POINT('Ctrl Pts',(221.695,-11.1114382232429,195.775933290051));
#1812=CARTESIAN_POINT('Ctrl Pts',(221.695,-11.1370064318466,195.826039680326));
#1813=CARTESIAN_POINT('Ctrl Pts',(221.695,-11.1622321054093,195.876330998856));
#1814=CARTESIAN_POINT('Ctrl Pts',(221.695,-11.1776791011171,195.907126996415));
#1815=CARTESIAN_POINT('Ctrl Pts',(221.695,-11.1929934744155,195.937984029432));
#1816=CARTESIAN_POINT('Ctrl Pts',(221.695,-11.2081732095986,195.968898093357));
#1817=CARTESIAN_POINT('Ctrl Pts',(221.695,-11.3190568795482,196.194716582268));
#1818=CARTESIAN_POINT('Ctrl Pts',(221.695,-11.4227856505737,196.423631461495));
#1819=CARTESIAN_POINT('Ctrl Pts',(221.695,-11.5191841633926,196.655332342443));
#1820=CARTESIAN_POINT('Ctrl Pts',(221.695,-11.6298422291571,196.921307102548));
#1821=CARTESIAN_POINT('Ctrl Pts',(221.695,-11.7308424317783,197.190952689881));
#1822=CARTESIAN_POINT('Ctrl Pts',(221.695,-11.8222094821964,197.46370596264));
#1823=CARTESIAN_POINT('Ctrl Pts',(221.695,-11.9144937284575,197.739197292137));
#1824=CARTESIAN_POINT('Ctrl Pts',(221.695,-11.9969506244162,198.017859564057));
#1825=CARTESIAN_POINT('Ctrl Pts',(221.695,-12.0695585121173,198.299138144184));
#1826=CARTESIAN_POINT('Ctrl Pts',(221.695,-12.1424695703747,198.581591188772));
#1827=CARTESIAN_POINT('Ctrl Pts',(221.695,-12.2054493490007,198.866683032996));
#1828=CARTESIAN_POINT('Ctrl Pts',(221.695,-12.2584262344658,199.153869084127));
#1829=CARTESIAN_POINT('Ctrl Pts',(221.695,-12.3119482339496,199.444010181427));
#1830=CARTESIAN_POINT('Ctrl Pts',(221.695,-12.3552606497957,199.736289430205));
#1831=CARTESIAN_POINT('Ctrl Pts',(221.695,-12.3882361586846,200.030153358015));
#1832=CARTESIAN_POINT('Ctrl Pts',(221.695,-12.400601974518,200.140352330944));
#1833=CARTESIAN_POINT('Ctrl Pts',(221.695,-12.4115136112504,200.250774181643));
#1834=CARTESIAN_POINT('Ctrl Pts',(221.695,-12.4209623454597,200.361389731335));
#1835=CARTESIAN_POINT('Ctrl Pts',(221.695,-12.4241353107885,200.398535373939));
#1836=CARTESIAN_POINT('Ctrl Pts',(221.695,-12.4271432991961,200.435702858874));
#1837=CARTESIAN_POINT('Ctrl Pts',(221.695,-12.4299859520918,200.472891078893));
#1838=CARTESIAN_POINT('Ctrl Pts',(221.695,-12.4320381453137,200.499738328931));
#1839=CARTESIAN_POINT('Ctrl Pts',(221.695,-12.4340039911992,200.526594321125));
#1840=CARTESIAN_POINT('Ctrl Pts',(221.695,-12.4358828183418,200.553449628647));
#1841=CARTESIAN_POINT('Ctrl Pts',(221.695,-12.4564359347758,200.847228790037));
#1842=CARTESIAN_POINT('Ctrl Pts',(221.695,-12.4666033237162,201.141229850642));
#1843=CARTESIAN_POINT('Ctrl Pts',(221.695,-12.4663901594959,201.434888734738));
#1844=CARTESIAN_POINT('Ctrl Pts',(221.695,-12.4661759855316,201.729938660574));
#1845=CARTESIAN_POINT('Ctrl Pts',(221.695,-12.4554828163963,202.024643772846));
#1846=CARTESIAN_POINT('Ctrl Pts',(221.695,-12.4342655207217,202.318446308712));
#1847=CARTESIAN_POINT('Ctrl Pts',(221.695,-12.4254654793761,202.440303236319));
#1848=CARTESIAN_POINT('Ctrl Pts',(221.695,-12.4148544266795,202.562005016195));
#1849=CARTESIAN_POINT('Ctrl Pts',(221.695,-12.4024265319439,202.68351218917));
#1850=CARTESIAN_POINT('Ctrl Pts',(221.695,-12.3725818640111,202.97530265779));
#1851=CARTESIAN_POINT('Ctrl Pts',(221.695,-12.3322634202687,203.265971117417));
#1852=CARTESIAN_POINT('Ctrl Pts',(221.695,-12.2817101701619,203.555017471403));
#1853=CARTESIAN_POINT('Ctrl Pts',(221.695,-12.2309816552189,203.845065930334));
#1854=CARTESIAN_POINT('Ctrl Pts',(221.695,-12.1699470900685,204.133481608112));
#1855=CARTESIAN_POINT('Ctrl Pts',(221.695,-12.0987959519881,204.419751227322));
#1856=CARTESIAN_POINT('Ctrl Pts',(221.695,-12.0536399662379,204.601431903057));
#1857=CARTESIAN_POINT('Ctrl Pts',(221.695,-12.004408201588,204.782248004166));
#1858=CARTESIAN_POINT('Ctrl Pts',(221.695,-11.9511387188393,204.962065003841));
#1859=CARTESIAN_POINT('Ctrl Pts',(221.695,-11.9276882828972,205.041224530357));
#1860=CARTESIAN_POINT('Ctrl Pts',(221.695,-11.9034552505918,205.12019039376));
#1861=CARTESIAN_POINT('Ctrl Pts',(221.695,-11.8784423909423,205.198950901266));
#1862=CARTESIAN_POINT('Ctrl Pts',(221.695,-11.867995093584,205.231847357471));
#1863=CARTESIAN_POINT('Ctrl Pts',(221.695,-11.8574117486742,205.26470798675));
#1864=CARTESIAN_POINT('Ctrl Pts',(221.695,-11.8466925431592,205.297531929317));
#1865=CARTESIAN_POINT('Ctrl Pts',(221.695,-11.8375727162339,205.325458315727));
#1866=CARTESIAN_POINT('Ctrl Pts',(221.695,-11.8283575242297,205.353349023663));
#1867=CARTESIAN_POINT('Ctrl Pts',(221.695,-11.8190474758149,205.381202971491));
#1868=CARTESIAN_POINT('Ctrl Pts',(221.695,-11.7248907103664,205.66290264862));
#1869=CARTESIAN_POINT('Ctrl Pts',(221.695,-11.6210295989801,205.940862924359));
#1870=CARTESIAN_POINT('Ctrl Pts',(221.695,-11.507757270431,206.21458784462));
#1871=CARTESIAN_POINT('Ctrl Pts',(221.695,-11.3938790872429,206.489776825123));
#1872=CARTESIAN_POINT('Ctrl Pts',(221.695,-11.2704885779009,206.760685616202));
#1873=CARTESIAN_POINT('Ctrl Pts',(221.695,-11.1378309031384,207.02680401133));
#1874=CARTESIAN_POINT('Ctrl Pts',(221.695,-11.0054270263405,207.292413274158));
#1875=CARTESIAN_POINT('Ctrl Pts',(221.695,-10.8637911916463,207.553251039438));
#1876=CARTESIAN_POINT('Ctrl Pts',(221.695,-10.7131177702432,207.808794968505));
#1877=CARTESIAN_POINT('Ctrl Pts',(221.695,-10.5746185039436,208.043691384566));
#1878=CARTESIAN_POINT('Ctrl Pts',(221.695,-10.428482441756,208.274115056024));
#1879=CARTESIAN_POINT('Ctrl Pts',(221.695,-10.2748259305843,208.499642629292));
#1880=CARTESIAN_POINT('Ctrl Pts',(221.695,-10.1465051437106,208.687983985235));
#1881=CARTESIAN_POINT('Ctrl Pts',(221.695,-10.01293878174,208.872910481512));
#1882=CARTESIAN_POINT('Ctrl Pts',(221.695,-9.87430835343683,209.054261775655));
#1883=CARTESIAN_POINT('Ctrl Pts',(221.695,-9.77033553220948,209.190275246263));
#1884=CARTESIAN_POINT('Ctrl Pts',(221.695,-9.66351386198069,209.32427745511));
#1885=CARTESIAN_POINT('Ctrl Pts',(221.695,-9.55391507991558,209.456196183902));
#1886=CARTESIAN_POINT('Ctrl Pts',(221.695,-9.52430312698941,209.491838652855));
#1887=CARTESIAN_POINT('Ctrl Pts',(221.695,-9.49448842313121,209.527329004195));
#1888=CARTESIAN_POINT('Ctrl Pts',(221.695,-9.46447233579828,209.562665759842));
#1889=CARTESIAN_POINT('Ctrl Pts',(221.695,-9.4464765949443,209.583851435716));
#1890=CARTESIAN_POINT('Ctrl Pts',(221.695,-9.42841070829469,209.604979238007));
#1891=CARTESIAN_POINT('Ctrl Pts',(221.695,-9.41028014597865,209.626043010218));
#1892=CARTESIAN_POINT('Ctrl Pts',(221.695,-9.21675304349402,209.850879434603));
#1893=CARTESIAN_POINT('Ctrl Pts',(221.695,-9.01568340467811,210.068631690484));
#1894=CARTESIAN_POINT('Ctrl Pts',(221.695,-8.8075681245531,210.279022847337));
#1895=CARTESIAN_POINT('Ctrl Pts',(221.695,-8.70660931624275,210.381085706258));
#1896=CARTESIAN_POINT('Ctrl Pts',(221.695,-8.60399171606343,210.481415939887));
#1897=CARTESIAN_POINT('Ctrl Pts',(221.695,-8.49976816448005,210.579979887457));
#1898=CARTESIAN_POINT('Ctrl Pts',(221.695,-7.00523429601894,191.1754541496));
#1899=CARTESIAN_POINT('Ctrl Pts',(221.726867537644,-5.69296394430519,190.241795317469));
#1900=CARTESIAN_POINT('Ctrl Pts',(221.798173432732,-2.33593587755859,188.740293566688));
#1901=CARTESIAN_POINT('Ctrl Pts',(221.908917685266,3.43372124525851,188.906840919965));
#1902=CARTESIAN_POINT('Ctrl Pts',(222.027232757601,8.7715797246712,191.99477109423));
#1903=CARTESIAN_POINT('Ctrl Pts',(222.145547829937,11.9987221325267,197.249617123028));
#1904=CARTESIAN_POINT('Ctrl Pts',(222.263862902272,12.3386162191877,203.406922253051));
#1905=CARTESIAN_POINT('Ctrl Pts',(222.382177974607,9.70946580214465,208.985046800811));
#1906=CARTESIAN_POINT('Ctrl Pts',(222.500493046943,4.74392677301534,212.641729637388));
#1907=CARTESIAN_POINT('Ctrl Pts',(222.618808119278,-1.36314424994407,213.497061411027));
#1908=CARTESIAN_POINT('Ctrl Pts',(222.737123191614,-7.14220151900671,211.345224270235));
#1909=CARTESIAN_POINT('Ctrl Pts',(222.853477286555,-11.1353318858118,206.780939027586));
#1910=CARTESIAN_POINT('Ctrl Pts',(222.93039302405,-12.0661063416214,202.893617769552));
#1911=CARTESIAN_POINT('Ctrl Pts',(222.967870404101,-12.0669472047208,200.999899716626));
#1912=CARTESIAN_POINT('Origin',(218.9221295959,-3.79696274421804E-13,201.));
#1913=CARTESIAN_POINT('Origin',(221.695,-3.79696274421804E-13,201.));
#1914=CARTESIAN_POINT('Origin',(221.695,-3.79696274421804E-13,201.));
#1915=CARTESIAN_POINT('',(221.695,-3.05000000000038,201.));
#1916=CARTESIAN_POINT('Origin',(221.695,-3.79696274421804E-13,201.));
#1917=CARTESIAN_POINT('Origin',(225.695,-3.79696274421804E-13,201.));
#1918=CARTESIAN_POINT('',(225.695,-7.64974746830619,205.949747468306));
#1919=CARTESIAN_POINT('Origin',(225.695,-4.94974746830618,205.949747468306));
#1920=CARTESIAN_POINT('',(225.695,-7.64974746830606,196.050252531694));
#1921=CARTESIAN_POINT('Origin',(225.695,-4.94974746830606,196.050252531694));
#1922=CARTESIAN_POINT('',(225.695,2.24974746830539,196.050252531694));
#1923=CARTESIAN_POINT('Origin',(225.695,4.9497474683054,196.050252531694));
#1924=CARTESIAN_POINT('',(225.695,2.24974746830529,205.949747468306));
#1925=CARTESIAN_POINT('Origin',(225.695,4.9497474683053,205.949747468306));
#1926=CARTESIAN_POINT('Origin',(221.695,4.9497474683053,205.949747468306));
#1927=CARTESIAN_POINT('',(219.495,2.24974746830529,205.949747468306));
#1928=CARTESIAN_POINT('',(221.695,2.24974746830529,205.949747468306));
#1929=CARTESIAN_POINT('Origin',(219.495,4.9497474683053,205.949747468306));
#1930=CARTESIAN_POINT('Origin',(219.495,-3.90798504668055E-13,201.));
#1931=CARTESIAN_POINT('',(219.495,3.39974746830528,205.949747468306));
#1932=CARTESIAN_POINT('Origin',(219.495,4.9497474683053,205.949747468306));
#1933=CARTESIAN_POINT('Origin',(221.695,-4.94974746830618,205.949747468306));
#1934=CARTESIAN_POINT('',(219.495,-7.64974746830619,205.949747468306));
#1935=CARTESIAN_POINT('',(221.695,-7.64974746830619,205.949747468306));
#1936=CARTESIAN_POINT('Origin',(219.495,-4.94974746830618,205.949747468306));
#1937=CARTESIAN_POINT('Origin',(219.495,-3.90798504668055E-13,201.));
#1938=CARTESIAN_POINT('',(219.495,-6.49974746830619,205.949747468306));
#1939=CARTESIAN_POINT('Origin',(219.495,-4.94974746830618,205.949747468306));
#1940=CARTESIAN_POINT('Origin',(221.695,4.9497474683054,196.050252531694));
#1941=CARTESIAN_POINT('',(219.495,2.24974746830539,196.050252531694));
#1942=CARTESIAN_POINT('',(221.695,2.24974746830539,196.050252531694));
#1943=CARTESIAN_POINT('Origin',(219.495,4.9497474683054,196.050252531694));
#1944=CARTESIAN_POINT('Origin',(219.495,-3.90798504668055E-13,201.));
#1945=CARTESIAN_POINT('',(219.495,3.39974746830538,196.050252531694));
#1946=CARTESIAN_POINT('Origin',(219.495,4.9497474683054,196.050252531694));
#1947=CARTESIAN_POINT('Origin',(221.695,-4.94974746830606,196.050252531694));
#1948=CARTESIAN_POINT('',(219.495,-7.64974746830606,196.050252531694));
#1949=CARTESIAN_POINT('',(221.695,-7.64974746830606,196.050252531694));
#1950=CARTESIAN_POINT('Origin',(219.495,-4.94974746830606,196.050252531694));
#1951=CARTESIAN_POINT('Origin',(219.495,-3.90798504668055E-13,201.));
#1952=CARTESIAN_POINT('',(219.495,-6.49974746830607,196.050252531694));
#1953=CARTESIAN_POINT('Origin',(219.495,-4.94974746830606,196.050252531694));
#1954=CARTESIAN_POINT('Origin',(216.695,-3.79696274421804E-13,201.));
#1955=CARTESIAN_POINT('',(216.695,-3.05000000000038,201.));
#1956=CARTESIAN_POINT('',(216.695,-3.05000000000038,201.));
#1957=CARTESIAN_POINT('Origin',(216.695,-3.79696274421804E-13,201.));
#1958=CARTESIAN_POINT('Origin',(216.695,-4.94974746830618,205.949747468306));
#1959=CARTESIAN_POINT('',(216.695,-6.49974746830619,205.949747468306));
#1960=CARTESIAN_POINT('',(216.695,-6.49974746830619,205.949747468306));
#1961=CARTESIAN_POINT('Origin',(216.695,-4.94974746830618,205.949747468306));
#1962=CARTESIAN_POINT('Origin',(216.695,4.9497474683053,205.949747468306));
#1963=CARTESIAN_POINT('',(216.695,3.39974746830528,205.949747468306));
#1964=CARTESIAN_POINT('',(216.695,3.39974746830528,205.949747468306));
#1965=CARTESIAN_POINT('Origin',(216.695,4.9497474683053,205.949747468306));
#1966=CARTESIAN_POINT('Origin',(216.695,4.9497474683054,196.050252531694));
#1967=CARTESIAN_POINT('',(216.695,3.39974746830538,196.050252531694));
#1968=CARTESIAN_POINT('',(216.695,3.39974746830538,196.050252531694));
#1969=CARTESIAN_POINT('Origin',(216.695,4.9497474683054,196.050252531694));
#1970=CARTESIAN_POINT('Origin',(216.695,-4.94974746830606,196.050252531694));
#1971=CARTESIAN_POINT('',(216.695,-6.49974746830607,196.050252531694));
#1972=CARTESIAN_POINT('',(216.695,-6.49974746830607,196.050252531694));
#1973=CARTESIAN_POINT('Origin',(216.695,-4.94974746830606,196.050252531694));
#1974=CARTESIAN_POINT('Origin',(216.695,-3.79696274421804E-13,201.));
#1975=CARTESIAN_POINT('',(221.695,-19.8387586631478,201.));
#1976=CARTESIAN_POINT('Origin',(221.695,-3.79696274421804E-13,201.));
#1977=CARTESIAN_POINT('',(216.695,-19.8387586631478,201.));
#1978=CARTESIAN_POINT('',(216.695,-19.8387586631478,201.));
#1979=CARTESIAN_POINT('Origin',(216.695,-3.79696274421804E-13,201.));
#1980=CARTESIAN_POINT('Origin',(221.695,-3.79696274421804E-13,201.));
#1981=CARTESIAN_POINT('Origin',(216.695,-3.79696274421804E-13,201.));
#1982=UNCERTAINTY_MEASURE_WITH_UNIT(LENGTH_MEASURE(0.01),#1986,
'DISTANCE_ACCURACY_VALUE',
'Maximum model space distance between geometric entities at asserted c
onnectivities');
#1983=UNCERTAINTY_MEASURE_WITH_UNIT(LENGTH_MEASURE(0.01),#1986,
'DISTANCE_ACCURACY_VALUE',
'Maximum model space distance between geometric entities at asserted c
onnectivities');
#1984=(
GEOMETRIC_REPRESENTATION_CONTEXT(3)
GLOBAL_UNCERTAINTY_ASSIGNED_CONTEXT((#1982))
GLOBAL_UNIT_ASSIGNED_CONTEXT((#1986,#1988,#1989))
REPRESENTATION_CONTEXT('','3D')
);
#1985=(
GEOMETRIC_REPRESENTATION_CONTEXT(3)
GLOBAL_UNCERTAINTY_ASSIGNED_CONTEXT((#1983))
GLOBAL_UNIT_ASSIGNED_CONTEXT((#1986,#1988,#1989))
REPRESENTATION_CONTEXT('','3D')
);
#1986=(
LENGTH_UNIT()
NAMED_UNIT(*)
SI_UNIT(.MILLI.,.METRE.)
);
#1987=(
LENGTH_UNIT()
NAMED_UNIT(*)
SI_UNIT($,.METRE.)
);
#1988=(
NAMED_UNIT(*)
PLANE_ANGLE_UNIT()
SI_UNIT($,.RADIAN.)
);
#1989=(
NAMED_UNIT(*)
SI_UNIT($,.STERADIAN.)
SOLID_ANGLE_UNIT()
);
#1990=SHAPE_DEFINITION_REPRESENTATION(#1991,#1992);
#1991=PRODUCT_DEFINITION_SHAPE('',$,#1994);
#1992=SHAPE_REPRESENTATION('',(#425),#1984);
#1993=PRODUCT_DEFINITION_CONTEXT('part definition',#1998,'design');
#1994=PRODUCT_DEFINITION('L6','L6',#1995,#1993);
#1995=PRODUCT_DEFINITION_FORMATION('',$,#2000);
#1996=PRODUCT_RELATED_PRODUCT_CATEGORY('L6','L6',(#2000));
#1997=APPLICATION_PROTOCOL_DEFINITION('international standard',
'automotive_design',2009,#1998);
#1998=APPLICATION_CONTEXT(
'Core Data for Automotive Mechanical Design Process');
#1999=PRODUCT_CONTEXT('part definition',#1998,'mechanical');
#2000=PRODUCT('L6','L6',$,(#1999));
#2001=PRESENTATION_STYLE_ASSIGNMENT((#2002));
#2002=SURFACE_STYLE_USAGE(.BOTH.,#2003);
#2003=SURFACE_SIDE_STYLE('',(#2004));
#2004=SURFACE_STYLE_FILL_AREA(#2005);
#2005=FILL_AREA_STYLE('Nylon 6-6 (White)',(#2006));
#2006=FILL_AREA_STYLE_COLOUR('Nylon 6-6 (White)',#2007);
#2007=COLOUR_RGB('Nylon 6-6 (White)',0.972549019607843,0.968627450980392,
0.929411764705882);
ENDSEC;
END-ISO-10303-21;
