ISO-10303-21;
HEADER;
/* Generated by software containing ST-Developer
 * from STEP Tools, Inc. (www.steptools.com) 
 */

FILE_DESCRIPTION(
/* description */ (''),
/* implementation_level */ '2;1');

FILE_NAME(
/* name */ 'trigger.step',
/* time_stamp */ '2026-05-18T20:40:51+02:00',
/* author */ (''),
/* organization */ (''),
/* preprocessor_version */ 'ST-DEVELOPER v20.1',
/* originating_system */ 'Autodesk Translation Framework v15.8.0.0',
/* authorisation */ '');

FILE_SCHEMA (('AUTOMOTIVE_DESIGN { 1 0 10303 214 3 1 1 }'));
ENDSEC;

DATA;
#10=MECHANICAL_DESIGN_GEOMETRIC_PRESENTATION_REPRESENTATION('',(#13),#4437);
#11=SHAPE_REPRESENTATION_RELATIONSHIP('SRR','None',#4444,#12);
#12=ADVANCED_BREP_SHAPE_REPRESENTATION('',(#14),#4436);
#13=STYLED_ITEM('',(#4453),#14);
#14=MANIFOLD_SOLID_BREP('trigger',#2145);
#15=SPHERICAL_SURFACE('',#2332,1.);
#16=SPHERICAL_SURFACE('',#2334,1.);
#17=SPHERICAL_SURFACE('',#2347,1.);
#18=SPHERICAL_SURFACE('',#2349,1.);
#19=B_SPLINE_SURFACE_WITH_KNOTS('',3,3,((#3349,#3350,#3351,#3352,#3353,
#3354,#3355),(#3356,#3357,#3358,#3359,#3360,#3361,#3362),(#3363,#3364,#3365,
#3366,#3367,#3368,#3369),(#3370,#3371,#3372,#3373,#3374,#3375,#3376),(#3377,
#3378,#3379,#3380,#3381,#3382,#3383)),.UNSPECIFIED.,.F.,.F.,.F.,(4,1,4),
(4,1,1,1,4),(0.,0.5,1.),(0.,0.0656840588836181,0.131368117767236,0.197052176650854,
0.459788412185327),.UNSPECIFIED.);
#20=B_SPLINE_SURFACE_WITH_KNOTS('',3,3,((#3407,#3408,#3409,#3410,#3411,
#3412),(#3413,#3414,#3415,#3416,#3417,#3418),(#3419,#3420,#3421,#3422,#3423,
#3424),(#3425,#3426,#3427,#3428,#3429,#3430),(#3431,#3432,#3433,#3434,#3435,
#3436)),.UNSPECIFIED.,.F.,.F.,.F.,(4,1,4),(4,1,1,4),(0.,0.571428571428571,
1.),(1.37395294243803,1.52436901772967,1.62464640125744,1.7249237847852),
 .UNSPECIFIED.);
#21=B_SPLINE_SURFACE_WITH_KNOTS('',3,3,((#3537,#3538,#3539,#3540),(#3541,
#3542,#3543,#3544),(#3545,#3546,#3547,#3548),(#3549,#3550,#3551,#3552),
(#3553,#3554,#3555,#3556)),.UNSPECIFIED.,.F.,.F.,.F.,(4,1,4),(4,4),(0.,
0.571428571428571,1.),(0.516977846724366,0.615885235982811),
 .UNSPECIFIED.);
#22=B_SPLINE_SURFACE_WITH_KNOTS('',3,3,((#3579,#3580,#3581,#3582,#3583),
(#3584,#3585,#3586,#3587,#3588),(#3589,#3590,#3591,#3592,#3593),(#3594,
#3595,#3596,#3597,#3598),(#3599,#3600,#3601,#3602,#3603)),.UNSPECIFIED.,
 .F.,.F.,.F.,(4,1,4),(4,1,4),(0.,0.571428571428571,1.),(-0.523598775598319,
0.149599650170944,1.04719755119663),.UNSPECIFIED.);
#23=B_SPLINE_SURFACE_WITH_KNOTS('',3,3,((#3729,#3730,#3731,#3732,#3733,
#3734,#3735),(#3736,#3737,#3738,#3739,#3740,#3741,#3742),(#3743,#3744,#3745,
#3746,#3747,#3748,#3749),(#3750,#3751,#3752,#3753,#3754,#3755,#3756),(#3757,
#3758,#3759,#3760,#3761,#3762,#3763)),.UNSPECIFIED.,.F.,.F.,.F.,(4,1,4),
(4,1,1,1,4),(0.,0.5,1.),(0.,0.0656840574324001,0.1313681148648,0.1970521722972,
0.459788402026801),.UNSPECIFIED.);
#24=B_SPLINE_SURFACE_WITH_KNOTS('',3,3,((#3777,#3778,#3779,#3780,#3781,
#3782,#3783),(#3784,#3785,#3786,#3787,#3788,#3789,#3790),(#3791,#3792,#3793,
#3794,#3795,#3796,#3797),(#3798,#3799,#3800,#3801,#3802,#3803,#3804),(#3805,
#3806,#3807,#3808,#3809,#3810,#3811)),.UNSPECIFIED.,.F.,.F.,.F.,(4,1,4),
(4,1,1,1,4),(0.,0.571428571428571,1.),(0.0501433361042053,0.225698998859145,
0.342736107362439,0.401254661614085,0.459773215865732),.UNSPECIFIED.);
#25=B_SPLINE_SURFACE_WITH_KNOTS('',3,3,((#3871,#3872,#3873,#3874),(#3875,
#3876,#3877,#3878),(#3879,#3880,#3881,#3882),(#3883,#3884,#3885,#3886)),
 .UNSPECIFIED.,.F.,.F.,.F.,(4,4),(4,4),(0.,0.194237410662982),(1.7248956083788,
1.72685660144766),.UNSPECIFIED.);
#26=B_SPLINE_SURFACE_WITH_KNOTS('',3,3,((#3956,#3957,#3958,#3959,#3960),
(#3961,#3962,#3963,#3964,#3965),(#3966,#3967,#3968,#3969,#3970),(#3971,
#3972,#3973,#3974,#3975),(#3976,#3977,#3978,#3979,#3980)),.UNSPECIFIED.,
 .F.,.F.,.F.,(4,1,4),(4,1,4),(0.,0.571428571428571,1.),(-0.523598775598245,
0.149599650171008,1.04719755119668),.UNSPECIFIED.);
#27=B_SPLINE_SURFACE_WITH_KNOTS('',3,3,((#4115,#4116,#4117,#4118),(#4119,
#4120,#4121,#4122),(#4123,#4124,#4125,#4126),(#4127,#4128,#4129,#4130),
(#4131,#4132,#4133,#4134),(#4135,#4136,#4137,#4138)),.UNSPECIFIED.,.F.,
 .F.,.F.,(4,1,1,4),(4,4),(0.,0.285714285714286,0.571428571428571,1.),(7.02965933556121E-15,
0.250650419093496),.UNSPECIFIED.);
#28=B_SPLINE_SURFACE_WITH_KNOTS('',3,3,((#4154,#4155,#4156,#4157),(#4158,
#4159,#4160,#4161),(#4162,#4163,#4164,#4165),(#4166,#4167,#4168,#4169),
(#4170,#4171,#4172,#4173),(#4174,#4175,#4176,#4177)),.UNSPECIFIED.,.F.,
 .F.,.F.,(4,1,1,4),(4,4),(0.,0.285714285714286,0.571428571428571,1.),(0.457824834075692,
0.546337834926625),.UNSPECIFIED.);
#29=B_SPLINE_SURFACE_WITH_KNOTS('',3,3,((#4189,#4190,#4191,#4192,#4193),
(#4194,#4195,#4196,#4197,#4198),(#4199,#4200,#4201,#4202,#4203),(#4204,
#4205,#4206,#4207,#4208),(#4209,#4210,#4211,#4212,#4213),(#4214,#4215,#4216,
#4217,#4218)),.UNSPECIFIED.,.F.,.F.,.F.,(4,1,1,4),(4,1,4),(0.,0.285714285714286,
0.571428571428571,1.),(0.,0.17148452734635,0.40013056380815),
 .UNSPECIFIED.);
#30=B_SPLINE_SURFACE_WITH_KNOTS('',3,3,((#4245,#4246,#4247,#4248),(#4249,
#4250,#4251,#4252),(#4253,#4254,#4255,#4256),(#4257,#4258,#4259,#4260),
(#4261,#4262,#4263,#4264),(#4265,#4266,#4267,#4268)),.UNSPECIFIED.,.F.,
 .F.,.F.,(4,1,1,4),(4,4),(0.,0.285714285714286,0.571428571428571,1.),(1.38483328727689E-15,
0.0884881906237589),.UNSPECIFIED.);
#31=B_SPLINE_SURFACE_WITH_KNOTS('',3,3,((#4290,#4291,#4292,#4293),(#4294,
#4295,#4296,#4297),(#4298,#4299,#4300,#4301),(#4302,#4303,#4304,#4305),
(#4306,#4307,#4308,#4309),(#4310,#4311,#4312,#4313)),.UNSPECIFIED.,.F.,
 .F.,.F.,(4,1,1,4),(4,4),(0.,0.285714285714286,0.571428571428571,1.),(0.400374694927359,
0.651023192470906),.UNSPECIFIED.);
#32=B_SPLINE_SURFACE_WITH_KNOTS('',3,3,((#4325,#4326,#4327,#4328,#4329),
(#4330,#4331,#4332,#4333,#4334),(#4335,#4336,#4337,#4338,#4339),(#4340,
#4341,#4342,#4343,#4344),(#4345,#4346,#4347,#4348,#4349),(#4350,#4351,#4352,
#4353,#4354)),.UNSPECIFIED.,.F.,.F.,.F.,(4,1,1,4),(4,1,4),(0.,0.285714285714286,
0.571428571428571,1.),(2.9414164054026E-16,0.171484948857802,0.400131547334872),
 .UNSPECIFIED.);
#33=ELLIPSE('',#2237,1.32888145668675,0.2);
#34=ELLIPSE('',#2238,0.200576358486135,0.2);
#35=ELLIPSE('',#2253,0.710816091243674,0.7);
#36=ELLIPSE('',#2254,0.515033509172915,0.499999999999998);
#37=ELLIPSE('',#2261,5.75422550054398,1.);
#38=ELLIPSE('',#2262,5.75422550054404,1.);
#39=ELLIPSE('',#2264,5.75422550054404,1.);
#40=ELLIPSE('',#2265,5.75422550054398,1.);
#41=ELLIPSE('',#2279,0.200576358486139,0.2);
#42=ELLIPSE('',#2281,1.32888145668674,0.2);
#43=ELLIPSE('',#2297,2.27547308878361,0.2);
#44=ELLIPSE('',#2299,5.75422550054404,1.);
#45=ELLIPSE('',#2318,0.710816091243673,0.7);
#46=ELLIPSE('',#2319,0.515033509172897,0.5);
#47=ELLIPSE('',#2330,5.75422550054398,1.);
#48=B_SPLINE_CURVE_WITH_KNOTS('',3,(#3188,#3189,#3190,#3191,#3192,#3193,
#3194,#3195,#3196,#3197,#3198,#3199),.UNSPECIFIED.,.F.,.F.,(4,2,2,2,2,4),
(0.,0.0195248518086249,0.0390541372716532,0.0585914009097029,0.0782170674734331,
0.0787985657029776),.UNSPECIFIED.);
#49=B_SPLINE_CURVE_WITH_KNOTS('',3,(#3200,#3201,#3202,#3203,#3204,#3205,
#3206,#3207,#3208,#3209,#3210,#3211),.UNSPECIFIED.,.F.,.F.,(4,2,2,2,2,4),
(-0.000581505817495837,0.,0.0196259226789291,0.0391634412793935,0.0586929816007416,
0.0782180882099182),.UNSPECIFIED.);
#50=B_SPLINE_CURVE_WITH_KNOTS('',3,(#3235,#3236,#3237,#3238,#3239,#3240,
#3241,#3242,#3243,#3244,#3245,#3246),.UNSPECIFIED.,.F.,.F.,(4,2,2,2,2,4),
(0.,0.0195248518085859,0.0390541372715003,0.0585914009094441,0.0782170674713301,
0.0787985657019969),.UNSPECIFIED.);
#51=B_SPLINE_CURVE_WITH_KNOTS('',3,(#3249,#3250,#3251,#3252,#3253,#3254,
#3255,#3256,#3257,#3258,#3259,#3260),.UNSPECIFIED.,.F.,.F.,(4,2,2,2,2,4),
(-0.000581505819046859,0.,0.0196259226715819,0.0391634412655865,0.0586929815804557,
0.0782180881830664),.UNSPECIFIED.);
#52=B_SPLINE_CURVE_WITH_KNOTS('',3,(#3385,#3386,#3387,#3388,#3389,#3390,
#3391),.UNSPECIFIED.,.F.,.F.,(4,1,1,1,4),(-0.459788412185327,-0.197052176650854,
-0.131368117767236,-0.0656840588836181,0.),.UNSPECIFIED.);
#53=B_SPLINE_CURVE_WITH_KNOTS('',3,(#3394,#3395,#3396,#3397,#3398,#3399,
#3400),.UNSPECIFIED.,.F.,.F.,(4,1,1,1,4),(0.,0.0656840588836181,0.131368117767236,
0.197052176650854,0.459788412185327),.UNSPECIFIED.);
#54=B_SPLINE_CURVE_WITH_KNOTS('',3,(#3438,#3439,#3440,#3441,#3442,#3443),
 .UNSPECIFIED.,.F.,.F.,(4,1,1,4),(1.37650936167088,1.52436901772967,1.62464640125744,
1.7249237847852),.UNSPECIFIED.);
#55=B_SPLINE_CURVE_WITH_KNOTS('',3,(#3445,#3446,#3447,#3448,#3449,#3450,
#3451,#3452,#3453,#3454,#3455,#3456,#3457,#3458,#3459,#3460,#3461,#3462,
#3463,#3464,#3465,#3466,#3467,#3468,#3469,#3470,#3471,#3472,#3473,#3474,
#3475,#3476,#3477,#3478,#3479,#3480,#3481,#3482,#3483,#3484,#3485,#3486,
#3487,#3488,#3489,#3490,#3491,#3492,#3493,#3494,#3495,#3496,#3497,#3498,
#3499,#3500,#3501,#3502),.UNSPECIFIED.,.F.,.F.,(4,3,3,3,3,3,3,3,3,3,3,3,
3,3,3,3,3,3,3,4),(-1.7249237847852,-1.71439385860609,-1.70352354387059,
-1.69189065459943,-1.68376666763106,-1.66922879802905,-1.65382123580151,
-1.63647843139731,-1.63124373365186,-1.62492107154456,-1.60158368388437,
-1.57669015498173,-1.5477368258248,-1.54187676081779,-1.52450319301972,
-1.48647373388202,-1.4487301383714,-1.41162427381084,-1.37940358717695,
-1.37395294243803),.UNSPECIFIED.);
#56=B_SPLINE_CURVE_WITH_KNOTS('',3,(#3504,#3505,#3506,#3507,#3508,#3509,
#3510,#3511,#3512,#3513,#3514,#3515,#3516,#3517,#3518,#3519,#3520,#3521,
#3522,#3523,#3524,#3525,#3526,#3527,#3528),.UNSPECIFIED.,.F.,.F.,(4,3,3,
3,3,3,3,3,4),(-0.000122728900131609,0.,0.0040625128317141,0.00811977211052555,
0.0121342979821944,0.0149808604241604,0.0159490741961149,0.0199551216694608,
0.0237587426495789),.UNSPECIFIED.);
#57=B_SPLINE_CURVE_WITH_KNOTS('',3,(#3529,#3530,#3531,#3532,#3533,#3534,
#3535,#3536),.UNSPECIFIED.,.F.,.F.,(4,2,2,4),(0.120170823075423,0.123181964561478,
0.126270446290696,0.12985895555195),.UNSPECIFIED.);
#58=B_SPLINE_CURVE_WITH_KNOTS('',3,(#3558,#3559,#3560,#3561),
 .UNSPECIFIED.,.F.,.F.,(4,4),(0.516977846724366,0.615885235982811),
 .UNSPECIFIED.);
#59=B_SPLINE_CURVE_WITH_KNOTS('',3,(#3565,#3566,#3567,#3568),
 .UNSPECIFIED.,.F.,.F.,(4,4),(-0.615885235982811,-0.519445420037572),
 .UNSPECIFIED.);
#60=B_SPLINE_CURVE_WITH_KNOTS('',3,(#3569,#3570,#3571,#3572),
 .UNSPECIFIED.,.F.,.F.,(4,4),(0.518171311469142,0.519445420037571),
 .UNSPECIFIED.);
#61=B_SPLINE_CURVE_WITH_KNOTS('',3,(#3614,#3615,#3616,#3617),
 .UNSPECIFIED.,.F.,.F.,(4,4),(0.370799333351126,0.376098450698435),
 .UNSPECIFIED.);
#62=B_SPLINE_CURVE_WITH_KNOTS('',3,(#3622,#3623,#3624,#3625,#3626,#3627,
#3628,#3629,#3630,#3631,#3632,#3633,#3634,#3635,#3636,#3637),
 .UNSPECIFIED.,.F.,.F.,(4,2,2,2,2,2,2,4),(0.330245146335532,0.336423401385066,
0.365509412199963,0.377549236526078,0.386064290023278,0.396515998702142,
0.419444796111812,0.42537061964737),.UNSPECIFIED.);
#63=B_SPLINE_CURVE_WITH_KNOTS('',3,(#3653,#3654,#3655,#3656,#3657,#3658,
#3659),.UNSPECIFIED.,.F.,.F.,(4,1,1,1,4),(0.,0.0656840574324001,0.1313681148648,
0.1970521722972,0.459788402026801),.UNSPECIFIED.);
#64=B_SPLINE_CURVE_WITH_KNOTS('',3,(#3663,#3664,#3665,#3666,#3667,#3668,
#3669),.UNSPECIFIED.,.F.,.F.,(4,1,1,1,4),(0.0501433361042053,0.225698998859145,
0.342736107362439,0.401254661614085,0.459773215865732),.UNSPECIFIED.);
#65=B_SPLINE_CURVE_WITH_KNOTS('',3,(#3712,#3713,#3714,#3715),
 .UNSPECIFIED.,.F.,.F.,(4,4),(0.370799333351211,0.376098450698471),
 .UNSPECIFIED.);
#66=B_SPLINE_CURVE_WITH_KNOTS('',3,(#3765,#3766,#3767,#3768,#3769,#3770,
#3771),.UNSPECIFIED.,.F.,.F.,(4,1,1,1,4),(-0.459788402026801,-0.1970521722972,
-0.1313681148648,-0.0656840574324001,0.),.UNSPECIFIED.);
#67=B_SPLINE_CURVE_WITH_KNOTS('',3,(#3814,#3815,#3816,#3817,#3818,#3819,
#3820,#3821,#3822,#3823,#3824,#3825,#3826,#3827,#3828,#3829,#3830,#3831,
#3832,#3833,#3834,#3835,#3836,#3837,#3838,#3839,#3840,#3841,#3842,#3843,
#3844),.UNSPECIFIED.,.F.,.F.,(4,3,3,3,3,3,3,3,3,3,4),(0.,0.0151159947524369,
0.0312690261217744,0.0479444112868204,0.0650273198976004,0.0706508327698612,
0.0934096745947373,0.1160636744675,0.127567540881449,0.143731329399822,
0.144896193492129),.UNSPECIFIED.);
#68=B_SPLINE_CURVE_WITH_KNOTS('',3,(#3846,#3847,#3848,#3849,#3850,#3851,
#3852),.UNSPECIFIED.,.F.,.F.,(4,1,1,1,4),(-0.459773215865732,-0.401254661614085,
-0.342736107362439,-0.225698998859145,-0.144180765792559),.UNSPECIFIED.);
#69=B_SPLINE_CURVE_WITH_KNOTS('',3,(#3854,#3855,#3856,#3857,#3858,#3859,
#3860,#3861,#3862,#3863,#3864,#3865,#3866,#3867,#3868,#3869),
 .UNSPECIFIED.,.F.,.F.,(4,2,2,2,2,2,2,4),(0.330245146302457,0.336423401349291,
0.365509412148041,0.377549236466906,0.386064289958623,0.396515998630536,
0.419444796024374,0.425370619555033),.UNSPECIFIED.);
#70=B_SPLINE_CURVE_WITH_KNOTS('',3,(#3887,#3888,#3889,#3890,#3891,#3892,
#3893,#3894,#3895,#3896,#3897,#3898,#3899,#3900),.UNSPECIFIED.,.F.,.F.,
(4,2,2,2,2,2,4),(0.14611819360611,0.147813497944726,0.154246539482731,0.158170442744255,
0.16142044440795,0.16493810745628,0.172917211736104),.UNSPECIFIED.);
#71=B_SPLINE_CURVE_WITH_KNOTS('',3,(#3927,#3928,#3929,#3930,#3931,#3932),
 .UNSPECIFIED.,.F.,.F.,(4,2,4),(0.349311904734141,0.460041834266875,0.46144500693198),
 .UNSPECIFIED.);
#72=B_SPLINE_CURVE_WITH_KNOTS('',3,(#4142,#4143,#4144,#4145),
 .UNSPECIFIED.,.F.,.F.,(4,4),(-0.250650419093496,-7.02965933556121E-15),
 .UNSPECIFIED.);
#73=B_SPLINE_CURVE_WITH_KNOTS('',3,(#4146,#4147,#4148,#4149),
 .UNSPECIFIED.,.F.,.F.,(4,4),(7.02965933556121E-15,0.250650419093496),
 .UNSPECIFIED.);
#74=B_SPLINE_CURVE_WITH_KNOTS('',3,(#4181,#4182,#4183,#4184),
 .UNSPECIFIED.,.F.,.F.,(4,4),(0.457824834075692,0.546337834926625),
 .UNSPECIFIED.);
#75=B_SPLINE_CURVE_WITH_KNOTS('',3,(#4185,#4186,#4187,#4188),
 .UNSPECIFIED.,.F.,.F.,(4,4),(-0.546337834926625,-0.457824834075692),
 .UNSPECIFIED.);
#76=B_SPLINE_CURVE_WITH_KNOTS('',3,(#4219,#4220,#4221,#4222,#4223),
 .UNSPECIFIED.,.F.,.F.,(4,1,4),(-0.40013056380815,-0.17148452734635,0.),
 .UNSPECIFIED.);
#77=B_SPLINE_CURVE_WITH_KNOTS('',3,(#4224,#4225,#4226,#4227,#4228),
 .UNSPECIFIED.,.F.,.F.,(4,1,4),(0.,0.17148452734635,0.40013056380815),
 .UNSPECIFIED.);
#78=B_SPLINE_CURVE_WITH_KNOTS('',3,(#4272,#4273,#4274,#4275),
 .UNSPECIFIED.,.F.,.F.,(4,4),(-0.0884881906237589,-1.38483328727689E-15),
 .UNSPECIFIED.);
#79=B_SPLINE_CURVE_WITH_KNOTS('',3,(#4276,#4277,#4278,#4279),
 .UNSPECIFIED.,.F.,.F.,(4,4),(1.38483328727689E-15,0.0884881906237589),
 .UNSPECIFIED.);
#80=B_SPLINE_CURVE_WITH_KNOTS('',3,(#4317,#4318,#4319,#4320),
 .UNSPECIFIED.,.F.,.F.,(4,4),(0.400374694927359,0.651023192470906),
 .UNSPECIFIED.);
#81=B_SPLINE_CURVE_WITH_KNOTS('',3,(#4321,#4322,#4323,#4324),
 .UNSPECIFIED.,.F.,.F.,(4,4),(-0.651023192470906,-0.400374694927359),
 .UNSPECIFIED.);
#82=B_SPLINE_CURVE_WITH_KNOTS('',3,(#4355,#4356,#4357,#4358,#4359),
 .UNSPECIFIED.,.F.,.F.,(4,1,4),(-0.400131547334872,-0.171484948857802,-2.9414164054026E-16),
 .UNSPECIFIED.);
#83=B_SPLINE_CURVE_WITH_KNOTS('',3,(#4360,#4361,#4362,#4363,#4364),
 .UNSPECIFIED.,.F.,.F.,(4,1,4),(2.9414164054026E-16,0.171484948857802,0.400131547334872),
 .UNSPECIFIED.);
#84=CYLINDRICAL_SURFACE('',#2171,2.7);
#85=CYLINDRICAL_SURFACE('',#2177,2.7);
#86=CYLINDRICAL_SURFACE('',#2183,2.7);
#87=CYLINDRICAL_SURFACE('',#2189,3.09999999999999);
#88=CYLINDRICAL_SURFACE('',#2195,2.7);
#89=CYLINDRICAL_SURFACE('',#2203,3.09999999999999);
#90=CYLINDRICAL_SURFACE('',#2214,2.7);
#91=CYLINDRICAL_SURFACE('',#2219,2.7);
#92=CYLINDRICAL_SURFACE('',#2224,2.7);
#93=CYLINDRICAL_SURFACE('',#2229,2.7);
#94=CYLINDRICAL_SURFACE('',#2231,2.99999999999998);
#95=CYLINDRICAL_SURFACE('',#2233,2.99999999999998);
#96=CYLINDRICAL_SURFACE('',#2235,0.2);
#97=CYLINDRICAL_SURFACE('',#2244,0.2);
#98=CYLINDRICAL_SURFACE('',#2247,0.2);
#99=CYLINDRICAL_SURFACE('',#2250,0.2);
#100=CYLINDRICAL_SURFACE('',#2255,0.2);
#101=CYLINDRICAL_SURFACE('',#2256,0.2);
#102=CYLINDRICAL_SURFACE('',#2270,9.00000013411046);
#103=CYLINDRICAL_SURFACE('',#2278,0.2);
#104=CYLINDRICAL_SURFACE('',#2282,0.2);
#105=CYLINDRICAL_SURFACE('',#2288,0.2);
#106=CYLINDRICAL_SURFACE('',#2291,0.2);
#107=CYLINDRICAL_SURFACE('',#2307,9.00000013411046);
#108=CYLINDRICAL_SURFACE('',#2315,0.2);
#109=CYLINDRICAL_SURFACE('',#2320,0.2);
#110=CYLINDRICAL_SURFACE('',#2322,0.5);
#111=CYLINDRICAL_SURFACE('',#2324,1.);
#112=CYLINDRICAL_SURFACE('',#2326,1.);
#113=CYLINDRICAL_SURFACE('',#2329,1.);
#114=CYLINDRICAL_SURFACE('',#2338,1.);
#115=CYLINDRICAL_SURFACE('',#2340,1.);
#116=CYLINDRICAL_SURFACE('',#2342,1.);
#117=CYLINDRICAL_SURFACE('',#2345,1.);
#118=CYLINDRICAL_SURFACE('',#2351,1.);
#119=CYLINDRICAL_SURFACE('',#2353,1.);
#120=CYLINDRICAL_SURFACE('',#2355,1.);
#121=CYLINDRICAL_SURFACE('',#2380,0.5);
#122=CYLINDRICAL_SURFACE('',#2395,0.5);
#123=CYLINDRICAL_SURFACE('',#2406,0.5);
#124=CYLINDRICAL_SURFACE('',#2414,2.);
#125=CYLINDRICAL_SURFACE('',#2415,2.);
#126=CYLINDRICAL_SURFACE('',#2417,9.00000013411039);
#127=CYLINDRICAL_SURFACE('',#2419,2.);
#128=CYLINDRICAL_SURFACE('',#2420,2.);
#129=CYLINDRICAL_SURFACE('',#2421,10.);
#130=CYLINDRICAL_SURFACE('',#2423,10.);
#131=CYLINDRICAL_SURFACE('',#2425,1.55000000000001);
#132=CYLINDRICAL_SURFACE('',#2427,1.55000000000001);
#133=CYLINDRICAL_SURFACE('',#2429,1.55000000000001);
#134=CYLINDRICAL_SURFACE('',#2431,1.54999999999998);
#135=CYLINDRICAL_SURFACE('',#2433,12.);
#136=CYLINDRICAL_SURFACE('',#2436,1.55000000000001);
#137=CYLINDRICAL_SURFACE('',#2438,1.55000000000001);
#138=CYLINDRICAL_SURFACE('',#2440,1.55000000000001);
#139=CYLINDRICAL_SURFACE('',#2442,1.54999999999998);
#140=CYLINDRICAL_SURFACE('',#2444,12.);
#141=FACE_BOUND('',#548,.T.);
#142=FACE_BOUND('',#549,.T.);
#143=FACE_BOUND('',#550,.T.);
#144=FACE_BOUND('',#551,.T.);
#145=FACE_BOUND('',#552,.T.);
#146=FACE_BOUND('',#567,.T.);
#147=FACE_BOUND('',#568,.T.);
#148=FACE_BOUND('',#569,.T.);
#149=FACE_BOUND('',#570,.T.);
#150=FACE_BOUND('',#571,.T.);
#151=FACE_BOUND('',#642,.T.);
#152=FACE_BOUND('',#644,.T.);
#153=FACE_BOUND('',#646,.T.);
#154=FACE_BOUND('',#648,.T.);
#155=FACE_BOUND('',#650,.T.);
#156=FACE_BOUND('',#652,.T.);
#157=FACE_BOUND('',#654,.T.);
#158=FACE_BOUND('',#656,.T.);
#159=FACE_BOUND('',#691,.T.);
#160=FACE_BOUND('',#692,.T.);
#161=FACE_BOUND('',#693,.T.);
#162=FACE_BOUND('',#694,.T.);
#163=FACE_BOUND('',#695,.T.);
#164=FACE_BOUND('',#702,.T.);
#165=FACE_BOUND('',#703,.T.);
#166=FACE_BOUND('',#704,.T.);
#167=FACE_BOUND('',#705,.T.);
#168=FACE_BOUND('',#706,.T.);
#169=LINE('',#3144,#276);
#170=LINE('',#3146,#277);
#171=LINE('',#3149,#278);
#172=LINE('',#3162,#279);
#173=LINE('',#3172,#280);
#174=LINE('',#3182,#281);
#175=LINE('',#3216,#282);
#176=LINE('',#3219,#283);
#177=LINE('',#3228,#284);
#178=LINE('',#3266,#285);
#179=LINE('',#3269,#286);
#180=LINE('',#3273,#287);
#181=LINE('',#3275,#288);
#182=LINE('',#3278,#289);
#183=LINE('',#3293,#290);
#184=LINE('',#3301,#291);
#185=LINE('',#3309,#292);
#186=LINE('',#3317,#293);
#187=LINE('',#3326,#294);
#188=LINE('',#3330,#295);
#189=LINE('',#3347,#296);
#190=LINE('',#3348,#297);
#191=LINE('',#3405,#298);
#192=LINE('',#3406,#299);
#193=LINE('',#3577,#300);
#194=LINE('',#3578,#301);
#195=LINE('',#3610,#302);
#196=LINE('',#3611,#303);
#197=LINE('',#3619,#304);
#198=LINE('',#3641,#305);
#199=LINE('',#3645,#306);
#200=LINE('',#3651,#307);
#201=LINE('',#3661,#308);
#202=LINE('',#3671,#309);
#203=LINE('',#3675,#310);
#204=LINE('',#3686,#311);
#205=LINE('',#3693,#312);
#206=LINE('',#3698,#313);
#207=LINE('',#3704,#314);
#208=LINE('',#3708,#315);
#209=LINE('',#3717,#316);
#210=LINE('',#3728,#317);
#211=LINE('',#3776,#318);
#212=LINE('',#3904,#319);
#213=LINE('',#3906,#320);
#214=LINE('',#3911,#321);
#215=LINE('',#3914,#322);
#216=LINE('',#3918,#323);
#217=LINE('',#3924,#324);
#218=LINE('',#3925,#325);
#219=LINE('',#3939,#326);
#220=LINE('',#3946,#327);
#221=LINE('',#3951,#328);
#222=LINE('',#3955,#329);
#223=LINE('',#3987,#330);
#224=LINE('',#3988,#331);
#225=LINE('',#3991,#332);
#226=LINE('',#3993,#333);
#227=LINE('',#3994,#334);
#228=LINE('',#3999,#335);
#229=LINE('',#4002,#336);
#230=LINE('',#4007,#337);
#231=LINE('',#4012,#338);
#232=LINE('',#4014,#339);
#233=LINE('',#4020,#340);
#234=LINE('',#4023,#341);
#235=LINE('',#4025,#342);
#236=LINE('',#4027,#343);
#237=LINE('',#4029,#344);
#238=LINE('',#4031,#345);
#239=LINE('',#4033,#346);
#240=LINE('',#4035,#347);
#241=LINE('',#4036,#348);
#242=LINE('',#4041,#349);
#243=LINE('',#4044,#350);
#244=LINE('',#4049,#351);
#245=LINE('',#4052,#352);
#246=LINE('',#4060,#353);
#247=LINE('',#4065,#354);
#248=LINE('',#4075,#355);
#249=LINE('',#4077,#356);
#250=LINE('',#4079,#357);
#251=LINE('',#4081,#358);
#252=LINE('',#4082,#359);
#253=LINE('',#4109,#360);
#254=LINE('',#4231,#361);
#255=LINE('',#4232,#362);
#256=LINE('',#4289,#363);
#257=LINE('',#4374,#364);
#258=LINE('',#4376,#365);
#259=LINE('',#4378,#366);
#260=LINE('',#4380,#367);
#261=LINE('',#4381,#368);
#262=LINE('',#4383,#369);
#263=LINE('',#4385,#370);
#264=LINE('',#4389,#371);
#265=LINE('',#4391,#372);
#266=LINE('',#4394,#373);
#267=LINE('',#4395,#374);
#268=LINE('',#4398,#375);
#269=LINE('',#4402,#376);
#270=LINE('',#4406,#377);
#271=LINE('',#4410,#378);
#272=LINE('',#4417,#379);
#273=LINE('',#4421,#380);
#274=LINE('',#4425,#381);
#275=LINE('',#4429,#382);
#276=VECTOR('',#2461,10.);
#277=VECTOR('',#2462,10.);
#278=VECTOR('',#2465,10.);
#279=VECTOR('',#2478,2.7);
#280=VECTOR('',#2491,2.7);
#281=VECTOR('',#2504,2.7);
#282=VECTOR('',#2517,10.);
#283=VECTOR('',#2520,10.);
#284=VECTOR('',#2531,2.7);
#285=VECTOR('',#2548,10.);
#286=VECTOR('',#2551,10.);
#287=VECTOR('',#2554,10.);
#288=VECTOR('',#2555,10.);
#289=VECTOR('',#2558,10.);
#290=VECTOR('',#2575,2.7);
#291=VECTOR('',#2586,2.7);
#292=VECTOR('',#2597,2.7);
#293=VECTOR('',#2608,2.7);
#294=VECTOR('',#2621,10.);
#295=VECTOR('',#2624,10.);
#296=VECTOR('',#2643,10.);
#297=VECTOR('',#2644,10.);
#298=VECTOR('',#2651,10.);
#299=VECTOR('',#2652,10.);
#300=VECTOR('',#2659,10.);
#301=VECTOR('',#2660,10.);
#302=VECTOR('',#2669,10.);
#303=VECTOR('',#2670,10.);
#304=VECTOR('',#2673,10.);
#305=VECTOR('',#2682,10.);
#306=VECTOR('',#2685,10.);
#307=VECTOR('',#2690,10.);
#308=VECTOR('',#2691,10.);
#309=VECTOR('',#2692,10.);
#310=VECTOR('',#2695,10.);
#311=VECTOR('',#2710,10.);
#312=VECTOR('',#2719,10.);
#313=VECTOR('',#2724,10.);
#314=VECTOR('',#2729,10.);
#315=VECTOR('',#2732,10.);
#316=VECTOR('',#2737,10.);
#317=VECTOR('',#2752,10.);
#318=VECTOR('',#2759,10.);
#319=VECTOR('',#2768,10.);
#320=VECTOR('',#2769,10.);
#321=VECTOR('',#2776,10.);
#322=VECTOR('',#2779,10.);
#323=VECTOR('',#2782,10.);
#324=VECTOR('',#2787,10.);
#325=VECTOR('',#2788,10.);
#326=VECTOR('',#2799,10.);
#327=VECTOR('',#2808,10.);
#328=VECTOR('',#2813,10.);
#329=VECTOR('',#2818,10.);
#330=VECTOR('',#2827,10.);
#331=VECTOR('',#2828,10.);
#332=VECTOR('',#2831,10.);
#333=VECTOR('',#2832,10.);
#334=VECTOR('',#2833,10.);
#335=VECTOR('',#2840,10.);
#336=VECTOR('',#2843,10.);
#337=VECTOR('',#2850,10.);
#338=VECTOR('',#2855,10.);
#339=VECTOR('',#2858,10.);
#340=VECTOR('',#2869,10.);
#341=VECTOR('',#2872,10.);
#342=VECTOR('',#2873,10.);
#343=VECTOR('',#2874,10.);
#344=VECTOR('',#2875,10.);
#345=VECTOR('',#2876,10.);
#346=VECTOR('',#2877,10.);
#347=VECTOR('',#2878,10.);
#348=VECTOR('',#2879,10.);
#349=VECTOR('',#2886,10.);
#350=VECTOR('',#2889,10.);
#351=VECTOR('',#2896,10.);
#352=VECTOR('',#2901,10.);
#353=VECTOR('',#2914,10.);
#354=VECTOR('',#2921,10.);
#355=VECTOR('',#2938,10.);
#356=VECTOR('',#2939,10.);
#357=VECTOR('',#2940,10.);
#358=VECTOR('',#2941,10.);
#359=VECTOR('',#2942,10.);
#360=VECTOR('',#2977,10.);
#361=VECTOR('',#2998,10.);
#362=VECTOR('',#2999,10.);
#363=VECTOR('',#3032,10.);
#364=VECTOR('',#3047,10.);
#365=VECTOR('',#3050,10.);
#366=VECTOR('',#3053,10.);
#367=VECTOR('',#3056,10.);
#368=VECTOR('',#3057,10.);
#369=VECTOR('',#3060,10.);
#370=VECTOR('',#3063,10.);
#371=VECTOR('',#3070,10.);
#372=VECTOR('',#3073,10.);
#373=VECTOR('',#3078,10.);
#374=VECTOR('',#3079,10.);
#375=VECTOR('',#3082,1.55000000000001);
#376=VECTOR('',#3087,1.55000000000001);
#377=VECTOR('',#3092,1.55000000000001);
#378=VECTOR('',#3097,1.54999999999998);
#379=VECTOR('',#3108,1.55000000000001);
#380=VECTOR('',#3113,1.55000000000001);
#381=VECTOR('',#3118,1.55000000000001);
#382=VECTOR('',#3123,1.54999999999998);
#383=PLANE('',#2164);
#384=PLANE('',#2205);
#385=PLANE('',#2260);
#386=PLANE('',#2275);
#387=PLANE('',#2296);
#388=PLANE('',#2298);
#389=PLANE('',#2300);
#390=PLANE('',#2312);
#391=PLANE('',#2321);
#392=PLANE('',#2336);
#393=PLANE('',#2337);
#394=PLANE('',#2361);
#395=PLANE('',#2362);
#396=PLANE('',#2363);
#397=PLANE('',#2364);
#398=PLANE('',#2366);
#399=PLANE('',#2368);
#400=PLANE('',#2370);
#401=PLANE('',#2372);
#402=PLANE('',#2374);
#403=PLANE('',#2376);
#404=PLANE('',#2378);
#405=PLANE('',#2390);
#406=PLANE('',#2413);
#407=PLANE('',#2416);
#408=PLANE('',#2418);
#409=PLANE('',#2422);
#410=PLANE('',#2424);
#411=PLANE('',#2435);
#412=PLANE('',#2446);
#413=FACE_OUTER_BOUND('',#546,.T.);
#414=FACE_OUTER_BOUND('',#547,.T.);
#415=FACE_OUTER_BOUND('',#553,.T.);
#416=FACE_OUTER_BOUND('',#554,.T.);
#417=FACE_OUTER_BOUND('',#555,.T.);
#418=FACE_OUTER_BOUND('',#556,.T.);
#419=FACE_OUTER_BOUND('',#557,.T.);
#420=FACE_OUTER_BOUND('',#558,.T.);
#421=FACE_OUTER_BOUND('',#559,.T.);
#422=FACE_OUTER_BOUND('',#560,.T.);
#423=FACE_OUTER_BOUND('',#561,.T.);
#424=FACE_OUTER_BOUND('',#562,.T.);
#425=FACE_OUTER_BOUND('',#563,.T.);
#426=FACE_OUTER_BOUND('',#564,.T.);
#427=FACE_OUTER_BOUND('',#565,.T.);
#428=FACE_OUTER_BOUND('',#566,.T.);
#429=FACE_OUTER_BOUND('',#572,.T.);
#430=FACE_OUTER_BOUND('',#573,.T.);
#431=FACE_OUTER_BOUND('',#574,.T.);
#432=FACE_OUTER_BOUND('',#575,.T.);
#433=FACE_OUTER_BOUND('',#576,.T.);
#434=FACE_OUTER_BOUND('',#577,.T.);
#435=FACE_OUTER_BOUND('',#578,.T.);
#436=FACE_OUTER_BOUND('',#579,.T.);
#437=FACE_OUTER_BOUND('',#580,.T.);
#438=FACE_OUTER_BOUND('',#581,.T.);
#439=FACE_OUTER_BOUND('',#582,.T.);
#440=FACE_OUTER_BOUND('',#583,.T.);
#441=FACE_OUTER_BOUND('',#584,.T.);
#442=FACE_OUTER_BOUND('',#585,.T.);
#443=FACE_OUTER_BOUND('',#586,.T.);
#444=FACE_OUTER_BOUND('',#587,.T.);
#445=FACE_OUTER_BOUND('',#588,.T.);
#446=FACE_OUTER_BOUND('',#589,.T.);
#447=FACE_OUTER_BOUND('',#590,.T.);
#448=FACE_OUTER_BOUND('',#591,.T.);
#449=FACE_OUTER_BOUND('',#592,.T.);
#450=FACE_OUTER_BOUND('',#593,.T.);
#451=FACE_OUTER_BOUND('',#594,.T.);
#452=FACE_OUTER_BOUND('',#595,.T.);
#453=FACE_OUTER_BOUND('',#596,.T.);
#454=FACE_OUTER_BOUND('',#597,.T.);
#455=FACE_OUTER_BOUND('',#598,.T.);
#456=FACE_OUTER_BOUND('',#599,.T.);
#457=FACE_OUTER_BOUND('',#600,.T.);
#458=FACE_OUTER_BOUND('',#601,.T.);
#459=FACE_OUTER_BOUND('',#602,.T.);
#460=FACE_OUTER_BOUND('',#603,.T.);
#461=FACE_OUTER_BOUND('',#604,.T.);
#462=FACE_OUTER_BOUND('',#605,.T.);
#463=FACE_OUTER_BOUND('',#606,.T.);
#464=FACE_OUTER_BOUND('',#607,.T.);
#465=FACE_OUTER_BOUND('',#608,.T.);
#466=FACE_OUTER_BOUND('',#609,.T.);
#467=FACE_OUTER_BOUND('',#610,.T.);
#468=FACE_OUTER_BOUND('',#611,.T.);
#469=FACE_OUTER_BOUND('',#612,.T.);
#470=FACE_OUTER_BOUND('',#613,.T.);
#471=FACE_OUTER_BOUND('',#614,.T.);
#472=FACE_OUTER_BOUND('',#615,.T.);
#473=FACE_OUTER_BOUND('',#616,.T.);
#474=FACE_OUTER_BOUND('',#617,.T.);
#475=FACE_OUTER_BOUND('',#618,.T.);
#476=FACE_OUTER_BOUND('',#619,.T.);
#477=FACE_OUTER_BOUND('',#620,.T.);
#478=FACE_OUTER_BOUND('',#621,.T.);
#479=FACE_OUTER_BOUND('',#622,.T.);
#480=FACE_OUTER_BOUND('',#623,.T.);
#481=FACE_OUTER_BOUND('',#624,.T.);
#482=FACE_OUTER_BOUND('',#625,.T.);
#483=FACE_OUTER_BOUND('',#626,.T.);
#484=FACE_OUTER_BOUND('',#627,.T.);
#485=FACE_OUTER_BOUND('',#628,.T.);
#486=FACE_OUTER_BOUND('',#629,.T.);
#487=FACE_OUTER_BOUND('',#630,.T.);
#488=FACE_OUTER_BOUND('',#631,.T.);
#489=FACE_OUTER_BOUND('',#632,.T.);
#490=FACE_OUTER_BOUND('',#633,.T.);
#491=FACE_OUTER_BOUND('',#634,.T.);
#492=FACE_OUTER_BOUND('',#635,.T.);
#493=FACE_OUTER_BOUND('',#636,.T.);
#494=FACE_OUTER_BOUND('',#637,.T.);
#495=FACE_OUTER_BOUND('',#638,.T.);
#496=FACE_OUTER_BOUND('',#639,.T.);
#497=FACE_OUTER_BOUND('',#640,.T.);
#498=FACE_OUTER_BOUND('',#641,.T.);
#499=FACE_OUTER_BOUND('',#643,.T.);
#500=FACE_OUTER_BOUND('',#645,.T.);
#501=FACE_OUTER_BOUND('',#647,.T.);
#502=FACE_OUTER_BOUND('',#649,.T.);
#503=FACE_OUTER_BOUND('',#651,.T.);
#504=FACE_OUTER_BOUND('',#653,.T.);
#505=FACE_OUTER_BOUND('',#655,.T.);
#506=FACE_OUTER_BOUND('',#657,.T.);
#507=FACE_OUTER_BOUND('',#658,.T.);
#508=FACE_OUTER_BOUND('',#659,.T.);
#509=FACE_OUTER_BOUND('',#660,.T.);
#510=FACE_OUTER_BOUND('',#661,.T.);
#511=FACE_OUTER_BOUND('',#662,.T.);
#512=FACE_OUTER_BOUND('',#663,.T.);
#513=FACE_OUTER_BOUND('',#664,.T.);
#514=FACE_OUTER_BOUND('',#665,.T.);
#515=FACE_OUTER_BOUND('',#666,.T.);
#516=FACE_OUTER_BOUND('',#667,.T.);
#517=FACE_OUTER_BOUND('',#668,.T.);
#518=FACE_OUTER_BOUND('',#669,.T.);
#519=FACE_OUTER_BOUND('',#670,.T.);
#520=FACE_OUTER_BOUND('',#671,.T.);
#521=FACE_OUTER_BOUND('',#672,.T.);
#522=FACE_OUTER_BOUND('',#673,.T.);
#523=FACE_OUTER_BOUND('',#674,.T.);
#524=FACE_OUTER_BOUND('',#675,.T.);
#525=FACE_OUTER_BOUND('',#676,.T.);
#526=FACE_OUTER_BOUND('',#677,.T.);
#527=FACE_OUTER_BOUND('',#678,.T.);
#528=FACE_OUTER_BOUND('',#679,.T.);
#529=FACE_OUTER_BOUND('',#680,.T.);
#530=FACE_OUTER_BOUND('',#681,.T.);
#531=FACE_OUTER_BOUND('',#682,.T.);
#532=FACE_OUTER_BOUND('',#683,.T.);
#533=FACE_OUTER_BOUND('',#684,.T.);
#534=FACE_OUTER_BOUND('',#685,.T.);
#535=FACE_OUTER_BOUND('',#686,.T.);
#536=FACE_OUTER_BOUND('',#687,.T.);
#537=FACE_OUTER_BOUND('',#688,.T.);
#538=FACE_OUTER_BOUND('',#689,.T.);
#539=FACE_OUTER_BOUND('',#690,.T.);
#540=FACE_OUTER_BOUND('',#696,.T.);
#541=FACE_OUTER_BOUND('',#697,.T.);
#542=FACE_OUTER_BOUND('',#698,.T.);
#543=FACE_OUTER_BOUND('',#699,.T.);
#544=FACE_OUTER_BOUND('',#700,.T.);
#545=FACE_OUTER_BOUND('',#701,.T.);
#546=EDGE_LOOP('',(#1360,#1361,#1362,#1363,#1364));
#547=EDGE_LOOP('',(#1365,#1366,#1367,#1368));
#548=EDGE_LOOP('',(#1369));
#549=EDGE_LOOP('',(#1370,#1371));
#550=EDGE_LOOP('',(#1372));
#551=EDGE_LOOP('',(#1373));
#552=EDGE_LOOP('',(#1374));
#553=EDGE_LOOP('',(#1375,#1376,#1377,#1378,#1379));
#554=EDGE_LOOP('',(#1380,#1381,#1382,#1383,#1384));
#555=EDGE_LOOP('',(#1385,#1386,#1387,#1388,#1389));
#556=EDGE_LOOP('',(#1390,#1391,#1392,#1393,#1394));
#557=EDGE_LOOP('',(#1395,#1396,#1397,#1398,#1399));
#558=EDGE_LOOP('',(#1400,#1401,#1402,#1403));
#559=EDGE_LOOP('',(#1404,#1405,#1406,#1407));
#560=EDGE_LOOP('',(#1408,#1409,#1410,#1411));
#561=EDGE_LOOP('',(#1412,#1413,#1414,#1415,#1416));
#562=EDGE_LOOP('',(#1417,#1418,#1419,#1420,#1421));
#563=EDGE_LOOP('',(#1422,#1423,#1424,#1425));
#564=EDGE_LOOP('',(#1426,#1427,#1428,#1429));
#565=EDGE_LOOP('',(#1430,#1431,#1432,#1433));
#566=EDGE_LOOP('',(#1434,#1435,#1436,#1437));
#567=EDGE_LOOP('',(#1438));
#568=EDGE_LOOP('',(#1439));
#569=EDGE_LOOP('',(#1440));
#570=EDGE_LOOP('',(#1441));
#571=EDGE_LOOP('',(#1442,#1443));
#572=EDGE_LOOP('',(#1444,#1445,#1446,#1447));
#573=EDGE_LOOP('',(#1448,#1449,#1450,#1451));
#574=EDGE_LOOP('',(#1452,#1453,#1454,#1455));
#575=EDGE_LOOP('',(#1456,#1457,#1458,#1459));
#576=EDGE_LOOP('',(#1460,#1461,#1462,#1463));
#577=EDGE_LOOP('',(#1464,#1465,#1466,#1467));
#578=EDGE_LOOP('',(#1468,#1469,#1470,#1471));
#579=EDGE_LOOP('',(#1472,#1473,#1474,#1475));
#580=EDGE_LOOP('',(#1476,#1477,#1478,#1479));
#581=EDGE_LOOP('',(#1480,#1481,#1482,#1483));
#582=EDGE_LOOP('',(#1484,#1485,#1486,#1487,#1488));
#583=EDGE_LOOP('',(#1489,#1490,#1491,#1492));
#584=EDGE_LOOP('',(#1493,#1494,#1495,#1496));
#585=EDGE_LOOP('',(#1497,#1498,#1499,#1500));
#586=EDGE_LOOP('',(#1501,#1502,#1503,#1504));
#587=EDGE_LOOP('',(#1505,#1506,#1507,#1508,#1509));
#588=EDGE_LOOP('',(#1510,#1511,#1512,#1513,#1514));
#589=EDGE_LOOP('',(#1515,#1516,#1517,#1518));
#590=EDGE_LOOP('',(#1519,#1520,#1521,#1522));
#591=EDGE_LOOP('',(#1523,#1524,#1525,#1526));
#592=EDGE_LOOP('',(#1527,#1528,#1529,#1530));
#593=EDGE_LOOP('',(#1531,#1532,#1533,#1534));
#594=EDGE_LOOP('',(#1535,#1536,#1537,#1538,#1539,#1540,#1541,#1542,#1543,
#1544,#1545,#1546,#1547,#1548,#1549,#1550,#1551,#1552));
#595=EDGE_LOOP('',(#1553,#1554,#1555,#1556,#1557));
#596=EDGE_LOOP('',(#1558,#1559,#1560,#1561));
#597=EDGE_LOOP('',(#1562,#1563,#1564,#1565));
#598=EDGE_LOOP('',(#1566,#1567,#1568,#1569,#1570,#1571));
#599=EDGE_LOOP('',(#1572,#1573,#1574,#1575,#1576));
#600=EDGE_LOOP('',(#1577,#1578,#1579,#1580));
#601=EDGE_LOOP('',(#1581,#1582,#1583,#1584));
#602=EDGE_LOOP('',(#1585,#1586,#1587,#1588));
#603=EDGE_LOOP('',(#1589,#1590,#1591,#1592));
#604=EDGE_LOOP('',(#1593,#1594,#1595,#1596));
#605=EDGE_LOOP('',(#1597,#1598,#1599,#1600,#1601));
#606=EDGE_LOOP('',(#1602,#1603,#1604,#1605));
#607=EDGE_LOOP('',(#1606,#1607));
#608=EDGE_LOOP('',(#1608,#1609,#1610));
#609=EDGE_LOOP('',(#1611,#1612,#1613));
#610=EDGE_LOOP('',(#1614,#1615,#1616,#1617,#1618,#1619,#1620,#1621));
#611=EDGE_LOOP('',(#1622,#1623,#1624,#1625,#1626));
#612=EDGE_LOOP('',(#1627,#1628,#1629,#1630));
#613=EDGE_LOOP('',(#1631,#1632,#1633,#1634));
#614=EDGE_LOOP('',(#1635,#1636,#1637,#1638,#1639,#1640));
#615=EDGE_LOOP('',(#1641,#1642,#1643,#1644));
#616=EDGE_LOOP('',(#1645,#1646,#1647,#1648));
#617=EDGE_LOOP('',(#1649,#1650,#1651,#1652));
#618=EDGE_LOOP('',(#1653,#1654,#1655,#1656,#1657,#1658));
#619=EDGE_LOOP('',(#1659,#1660,#1661,#1662));
#620=EDGE_LOOP('',(#1663,#1664,#1665,#1666));
#621=EDGE_LOOP('',(#1667,#1668,#1669,#1670));
#622=EDGE_LOOP('',(#1671,#1672,#1673,#1674,#1675,#1676,#1677));
#623=EDGE_LOOP('',(#1678,#1679,#1680));
#624=EDGE_LOOP('',(#1681,#1682,#1683));
#625=EDGE_LOOP('',(#1684,#1685,#1686));
#626=EDGE_LOOP('',(#1687,#1688,#1689,#1690,#1691,#1692,#1693,#1694,#1695,
#1696));
#627=EDGE_LOOP('',(#1697,#1698,#1699,#1700));
#628=EDGE_LOOP('',(#1701,#1702,#1703,#1704));
#629=EDGE_LOOP('',(#1705,#1706,#1707,#1708));
#630=EDGE_LOOP('',(#1709,#1710,#1711,#1712,#1713,#1714,#1715));
#631=EDGE_LOOP('',(#1716,#1717,#1718));
#632=EDGE_LOOP('',(#1719,#1720,#1721));
#633=EDGE_LOOP('',(#1722,#1723,#1724,#1725));
#634=EDGE_LOOP('',(#1726,#1727,#1728,#1729));
#635=EDGE_LOOP('',(#1730,#1731,#1732,#1733));
#636=EDGE_LOOP('',(#1734,#1735,#1736,#1737));
#637=EDGE_LOOP('',(#1738,#1739,#1740,#1741));
#638=EDGE_LOOP('',(#1742,#1743,#1744,#1745,#1746,#1747,#1748,#1749,#1750,
#1751,#1752,#1753));
#639=EDGE_LOOP('',(#1754,#1755,#1756,#1757,#1758,#1759,#1760,#1761,#1762,
#1763,#1764,#1765,#1766,#1767));
#640=EDGE_LOOP('',(#1768,#1769,#1770,#1771,#1772,#1773,#1774,#1775,#1776,
#1777));
#641=EDGE_LOOP('',(#1778));
#642=EDGE_LOOP('',(#1779));
#643=EDGE_LOOP('',(#1780));
#644=EDGE_LOOP('',(#1781));
#645=EDGE_LOOP('',(#1782));
#646=EDGE_LOOP('',(#1783));
#647=EDGE_LOOP('',(#1784));
#648=EDGE_LOOP('',(#1785));
#649=EDGE_LOOP('',(#1786));
#650=EDGE_LOOP('',(#1787));
#651=EDGE_LOOP('',(#1788));
#652=EDGE_LOOP('',(#1789));
#653=EDGE_LOOP('',(#1790));
#654=EDGE_LOOP('',(#1791));
#655=EDGE_LOOP('',(#1792));
#656=EDGE_LOOP('',(#1793));
#657=EDGE_LOOP('',(#1794,#1795,#1796,#1797,#1798));
#658=EDGE_LOOP('',(#1799,#1800,#1801,#1802));
#659=EDGE_LOOP('',(#1803,#1804,#1805,#1806));
#660=EDGE_LOOP('',(#1807,#1808,#1809,#1810));
#661=EDGE_LOOP('',(#1811,#1812,#1813,#1814));
#662=EDGE_LOOP('',(#1815,#1816,#1817,#1818));
#663=EDGE_LOOP('',(#1819,#1820,#1821,#1822,#1823,#1824));
#664=EDGE_LOOP('',(#1825,#1826,#1827,#1828,#1829,#1830,#1831,#1832));
#665=EDGE_LOOP('',(#1833,#1834,#1835,#1836,#1837));
#666=EDGE_LOOP('',(#1838,#1839,#1840,#1841));
#667=EDGE_LOOP('',(#1842,#1843,#1844,#1845));
#668=EDGE_LOOP('',(#1846,#1847,#1848,#1849));
#669=EDGE_LOOP('',(#1850,#1851,#1852,#1853));
#670=EDGE_LOOP('',(#1854,#1855,#1856,#1857));
#671=EDGE_LOOP('',(#1858,#1859,#1860,#1861));
#672=EDGE_LOOP('',(#1862,#1863,#1864,#1865,#1866,#1867,#1868,#1869));
#673=EDGE_LOOP('',(#1870,#1871,#1872,#1873,#1874,#1875));
#674=EDGE_LOOP('',(#1876,#1877,#1878,#1879));
#675=EDGE_LOOP('',(#1880,#1881,#1882,#1883));
#676=EDGE_LOOP('',(#1884,#1885,#1886,#1887));
#677=EDGE_LOOP('',(#1888,#1889,#1890,#1891));
#678=EDGE_LOOP('',(#1892,#1893,#1894,#1895));
#679=EDGE_LOOP('',(#1896,#1897,#1898,#1899));
#680=EDGE_LOOP('',(#1900,#1901,#1902,#1903));
#681=EDGE_LOOP('',(#1904,#1905,#1906,#1907,#1908,#1909));
#682=EDGE_LOOP('',(#1910,#1911,#1912,#1913));
#683=EDGE_LOOP('',(#1914,#1915,#1916,#1917,#1918,#1919));
#684=EDGE_LOOP('',(#1920,#1921,#1922,#1923));
#685=EDGE_LOOP('',(#1924,#1925,#1926,#1927));
#686=EDGE_LOOP('',(#1928,#1929,#1930,#1931));
#687=EDGE_LOOP('',(#1932,#1933,#1934,#1935));
#688=EDGE_LOOP('',(#1936,#1937,#1938,#1939));
#689=EDGE_LOOP('',(#1940,#1941,#1942,#1943));
#690=EDGE_LOOP('',(#1944,#1945,#1946,#1947));
#691=EDGE_LOOP('',(#1948,#1949));
#692=EDGE_LOOP('',(#1950));
#693=EDGE_LOOP('',(#1951));
#694=EDGE_LOOP('',(#1952));
#695=EDGE_LOOP('',(#1953));
#696=EDGE_LOOP('',(#1954,#1955,#1956,#1957));
#697=EDGE_LOOP('',(#1958,#1959,#1960,#1961));
#698=EDGE_LOOP('',(#1962,#1963,#1964,#1965));
#699=EDGE_LOOP('',(#1966,#1967,#1968,#1969));
#700=EDGE_LOOP('',(#1970,#1971,#1972,#1973));
#701=EDGE_LOOP('',(#1974,#1975,#1976,#1977));
#702=EDGE_LOOP('',(#1978,#1979));
#703=EDGE_LOOP('',(#1980));
#704=EDGE_LOOP('',(#1981));
#705=EDGE_LOOP('',(#1982));
#706=EDGE_LOOP('',(#1983));
#707=CIRCLE('',#2160,3.2);
#708=CIRCLE('',#2161,0.5);
#709=CIRCLE('',#2162,2.7);
#710=CIRCLE('',#2163,2.7);
#711=CIRCLE('',#2165,11.);
#712=CIRCLE('',#2166,3.2);
#713=CIRCLE('',#2167,3.59999999999999);
#714=CIRCLE('',#2168,3.49999999999998);
#715=CIRCLE('',#2169,3.2);
#716=CIRCLE('',#2170,3.2);
#717=CIRCLE('',#2172,2.7);
#718=CIRCLE('',#2174,0.5);
#719=CIRCLE('',#2175,2.7);
#720=CIRCLE('',#2176,2.7);
#721=CIRCLE('',#2178,2.7);
#722=CIRCLE('',#2180,0.5);
#723=CIRCLE('',#2181,2.7);
#724=CIRCLE('',#2182,2.7);
#725=CIRCLE('',#2184,2.7);
#726=CIRCLE('',#2186,3.09999999999999);
#727=CIRCLE('',#2188,2.99999999999998);
#728=CIRCLE('',#2190,3.09999999999999);
#729=CIRCLE('',#2192,0.5);
#730=CIRCLE('',#2193,2.7);
#731=CIRCLE('',#2194,2.7);
#732=CIRCLE('',#2196,2.7);
#733=CIRCLE('',#2198,3.09999999999999);
#734=CIRCLE('',#2199,3.59999999999999);
#735=CIRCLE('',#2201,3.49999999999998);
#736=CIRCLE('',#2202,2.99999999999998);
#737=CIRCLE('',#2204,3.09999999999999);
#738=CIRCLE('',#2206,11.);
#739=CIRCLE('',#2207,3.2);
#740=CIRCLE('',#2208,3.2);
#741=CIRCLE('',#2209,3.2);
#742=CIRCLE('',#2210,3.2);
#743=CIRCLE('',#2212,0.5);
#744=CIRCLE('',#2213,2.7);
#745=CIRCLE('',#2215,2.7);
#746=CIRCLE('',#2217,0.5);
#747=CIRCLE('',#2218,2.7);
#748=CIRCLE('',#2220,2.7);
#749=CIRCLE('',#2222,0.5);
#750=CIRCLE('',#2223,2.7);
#751=CIRCLE('',#2225,2.7);
#752=CIRCLE('',#2227,0.5);
#753=CIRCLE('',#2228,2.7);
#754=CIRCLE('',#2230,2.7);
#755=CIRCLE('',#2232,2.99999999999998);
#756=CIRCLE('',#2234,2.99999999999998);
#757=CIRCLE('',#2236,0.200000000000024);
#758=CIRCLE('',#2240,0.200000000000067);
#759=CIRCLE('',#2241,0.5);
#760=CIRCLE('',#2242,0.200000000000036);
#761=CIRCLE('',#2243,0.7);
#762=CIRCLE('',#2245,0.200000000000029);
#763=CIRCLE('',#2246,0.200000000000006);
#764=CIRCLE('',#2248,0.200000000000006);
#765=CIRCLE('',#2249,0.200000000000018);
#766=CIRCLE('',#2251,0.199999999999985);
#767=CIRCLE('',#2252,0.200000000000009);
#768=CIRCLE('',#2257,0.200000000000028);
#769=CIRCLE('',#2259,0.5);
#770=CIRCLE('',#2263,0.7);
#771=CIRCLE('',#2267,9.00000013411046);
#772=CIRCLE('',#2268,2.);
#773=CIRCLE('',#2269,11.0000001341105);
#774=CIRCLE('',#2271,9.00000013411046);
#775=CIRCLE('',#2273,11.0000001341105);
#776=CIRCLE('',#2274,2.);
#777=CIRCLE('',#2276,9.5);
#778=CIRCLE('',#2277,11.0000001341104);
#779=CIRCLE('',#2280,0.200000000000016);
#780=CIRCLE('',#2283,0.20000000000002);
#781=CIRCLE('',#2285,0.19999999999996);
#782=CIRCLE('',#2286,0.5);
#783=CIRCLE('',#2287,0.199999999999994);
#784=CIRCLE('',#2289,0.199999999999998);
#785=CIRCLE('',#2290,0.199999999999993);
#786=CIRCLE('',#2292,0.199999999999996);
#787=CIRCLE('',#2293,0.199999999999996);
#788=CIRCLE('',#2295,0.5);
#789=CIRCLE('',#2301,11.0000001341105);
#790=CIRCLE('',#2302,11.0000001341104);
#791=CIRCLE('',#2303,9.5);
#792=CIRCLE('',#2305,9.00000013411046);
#793=CIRCLE('',#2306,2.);
#794=CIRCLE('',#2308,9.00000013411046);
#795=CIRCLE('',#2310,11.0000001341105);
#796=CIRCLE('',#2311,1.99999999999992);
#797=CIRCLE('',#2313,9.5);
#798=CIRCLE('',#2314,11.0000001341104);
#799=CIRCLE('',#2316,0.199999999999986);
#800=CIRCLE('',#2317,0.20000000000002);
#801=CIRCLE('',#2323,0.499999999999983);
#802=CIRCLE('',#2325,0.999999999999972);
#803=CIRCLE('',#2327,1.00000000000001);
#804=CIRCLE('',#2328,0.999999999999979);
#805=CIRCLE('',#2331,1.);
#806=CIRCLE('',#2333,0.999999999999995);
#807=CIRCLE('',#2335,0.999999999999996);
#808=CIRCLE('',#2339,1.);
#809=CIRCLE('',#2341,0.999999999999949);
#810=CIRCLE('',#2343,0.999999999999984);
#811=CIRCLE('',#2344,1.00000000000001);
#812=CIRCLE('',#2346,1.);
#813=CIRCLE('',#2348,0.999999999999993);
#814=CIRCLE('',#2350,1.);
#815=CIRCLE('',#2352,1.);
#816=CIRCLE('',#2354,0.999999999999996);
#817=CIRCLE('',#2356,0.999999999999996);
#818=CIRCLE('',#2358,12.);
#819=CIRCLE('',#2360,12.);
#820=CIRCLE('',#2365,1.55000000000001);
#821=CIRCLE('',#2367,1.55000000000001);
#822=CIRCLE('',#2369,1.55000000000001);
#823=CIRCLE('',#2371,1.54999999999998);
#824=CIRCLE('',#2373,1.55000000000001);
#825=CIRCLE('',#2375,1.55000000000001);
#826=CIRCLE('',#2377,1.55000000000001);
#827=CIRCLE('',#2379,1.54999999999998);
#828=CIRCLE('',#2381,0.499999999999995);
#829=CIRCLE('',#2383,0.500000000000017);
#830=CIRCLE('',#2384,10.);
#831=CIRCLE('',#2385,0.500000000000007);
#832=CIRCLE('',#2387,0.49999999999996);
#833=CIRCLE('',#2388,10.);
#834=CIRCLE('',#2389,0.500000000000012);
#835=CIRCLE('',#2392,1.99999999999999);
#836=CIRCLE('',#2393,9.00000013411039);
#837=CIRCLE('',#2394,1.99999999999997);
#838=CIRCLE('',#2396,0.499999999999991);
#839=CIRCLE('',#2398,0.500000000000007);
#840=CIRCLE('',#2399,10.);
#841=CIRCLE('',#2400,0.499999999999972);
#842=CIRCLE('',#2402,0.499999999999968);
#843=CIRCLE('',#2403,9.5);
#844=CIRCLE('',#2404,0.500000000000141);
#845=CIRCLE('',#2405,10.);
#846=CIRCLE('',#2407,0.499999999999973);
#847=CIRCLE('',#2409,11.0000001341104);
#848=CIRCLE('',#2410,2.00000000000003);
#849=CIRCLE('',#2411,9.00000013411039);
#850=CIRCLE('',#2412,2.00000000000001);
#851=CIRCLE('',#2426,1.55000000000001);
#852=CIRCLE('',#2428,1.55000000000001);
#853=CIRCLE('',#2430,1.55000000000001);
#854=CIRCLE('',#2432,1.54999999999998);
#855=CIRCLE('',#2434,12.);
#856=CIRCLE('',#2437,1.55000000000001);
#857=CIRCLE('',#2439,1.55000000000001);
#858=CIRCLE('',#2441,1.55000000000001);
#859=CIRCLE('',#2443,1.54999999999998);
#860=CIRCLE('',#2445,12.);
#861=VERTEX_POINT('',#3134);
#862=VERTEX_POINT('',#3136);
#863=VERTEX_POINT('',#3138);
#864=VERTEX_POINT('',#3142);
#865=VERTEX_POINT('',#3143);
#866=VERTEX_POINT('',#3145);
#867=VERTEX_POINT('',#3147);
#868=VERTEX_POINT('',#3150);
#869=VERTEX_POINT('',#3152);
#870=VERTEX_POINT('',#3153);
#871=VERTEX_POINT('',#3156);
#872=VERTEX_POINT('',#3158);
#873=VERTEX_POINT('',#3161);
#874=VERTEX_POINT('',#3165);
#875=VERTEX_POINT('',#3167);
#876=VERTEX_POINT('',#3171);
#877=VERTEX_POINT('',#3175);
#878=VERTEX_POINT('',#3177);
#879=VERTEX_POINT('',#3181);
#880=VERTEX_POINT('',#3185);
#881=VERTEX_POINT('',#3186);
#882=VERTEX_POINT('',#3215);
#883=VERTEX_POINT('',#3217);
#884=VERTEX_POINT('',#3221);
#885=VERTEX_POINT('',#3223);
#886=VERTEX_POINT('',#3227);
#887=VERTEX_POINT('',#3231);
#888=VERTEX_POINT('',#3232);
#889=VERTEX_POINT('',#3234);
#890=VERTEX_POINT('',#3247);
#891=VERTEX_POINT('',#3265);
#892=VERTEX_POINT('',#3267);
#893=VERTEX_POINT('',#3271);
#894=VERTEX_POINT('',#3272);
#895=VERTEX_POINT('',#3274);
#896=VERTEX_POINT('',#3276);
#897=VERTEX_POINT('',#3279);
#898=VERTEX_POINT('',#3281);
#899=VERTEX_POINT('',#3283);
#900=VERTEX_POINT('',#3285);
#901=VERTEX_POINT('',#3288);
#902=VERTEX_POINT('',#3292);
#903=VERTEX_POINT('',#3296);
#904=VERTEX_POINT('',#3300);
#905=VERTEX_POINT('',#3304);
#906=VERTEX_POINT('',#3308);
#907=VERTEX_POINT('',#3312);
#908=VERTEX_POINT('',#3316);
#909=VERTEX_POINT('',#3324);
#910=VERTEX_POINT('',#3325);
#911=VERTEX_POINT('',#3327);
#912=VERTEX_POINT('',#3329);
#913=VERTEX_POINT('',#3331);
#914=VERTEX_POINT('',#3335);
#915=VERTEX_POINT('',#3336);
#916=VERTEX_POINT('',#3338);
#917=VERTEX_POINT('',#3340);
#918=VERTEX_POINT('',#3344);
#919=VERTEX_POINT('',#3345);
#920=VERTEX_POINT('',#3384);
#921=VERTEX_POINT('',#3392);
#922=VERTEX_POINT('',#3402);
#923=VERTEX_POINT('',#3403);
#924=VERTEX_POINT('',#3437);
#925=VERTEX_POINT('',#3444);
#926=VERTEX_POINT('',#3503);
#927=VERTEX_POINT('',#3557);
#928=VERTEX_POINT('',#3562);
#929=VERTEX_POINT('',#3564);
#930=VERTEX_POINT('',#3574);
#931=VERTEX_POINT('',#3575);
#932=VERTEX_POINT('',#3604);
#933=VERTEX_POINT('',#3605);
#934=VERTEX_POINT('',#3613);
#935=VERTEX_POINT('',#3618);
#936=VERTEX_POINT('',#3640);
#937=VERTEX_POINT('',#3642);
#938=VERTEX_POINT('',#3644);
#939=VERTEX_POINT('',#3646);
#940=VERTEX_POINT('',#3648);
#941=VERTEX_POINT('',#3650);
#942=VERTEX_POINT('',#3652);
#943=VERTEX_POINT('',#3660);
#944=VERTEX_POINT('',#3662);
#945=VERTEX_POINT('',#3670);
#946=VERTEX_POINT('',#3672);
#947=VERTEX_POINT('',#3674);
#948=VERTEX_POINT('',#3678);
#949=VERTEX_POINT('',#3680);
#950=VERTEX_POINT('',#3684);
#951=VERTEX_POINT('',#3688);
#952=VERTEX_POINT('',#3692);
#953=VERTEX_POINT('',#3694);
#954=VERTEX_POINT('',#3696);
#955=VERTEX_POINT('',#3700);
#956=VERTEX_POINT('',#3701);
#957=VERTEX_POINT('',#3703);
#958=VERTEX_POINT('',#3705);
#959=VERTEX_POINT('',#3707);
#960=VERTEX_POINT('',#3711);
#961=VERTEX_POINT('',#3716);
#962=VERTEX_POINT('',#3720);
#963=VERTEX_POINT('',#3722);
#964=VERTEX_POINT('',#3726);
#965=VERTEX_POINT('',#3764);
#966=VERTEX_POINT('',#3774);
#967=VERTEX_POINT('',#3812);
#968=VERTEX_POINT('',#3813);
#969=VERTEX_POINT('',#3902);
#970=VERTEX_POINT('',#3903);
#971=VERTEX_POINT('',#3905);
#972=VERTEX_POINT('',#3909);
#973=VERTEX_POINT('',#3913);
#974=VERTEX_POINT('',#3915);
#975=VERTEX_POINT('',#3917);
#976=VERTEX_POINT('',#3919);
#977=VERTEX_POINT('',#3921);
#978=VERTEX_POINT('',#3923);
#979=VERTEX_POINT('',#3933);
#980=VERTEX_POINT('',#3937);
#981=VERTEX_POINT('',#3941);
#982=VERTEX_POINT('',#3945);
#983=VERTEX_POINT('',#3947);
#984=VERTEX_POINT('',#3949);
#985=VERTEX_POINT('',#3953);
#986=VERTEX_POINT('',#3981);
#987=VERTEX_POINT('',#3982);
#988=VERTEX_POINT('',#3990);
#989=VERTEX_POINT('',#3992);
#990=VERTEX_POINT('',#3998);
#991=VERTEX_POINT('',#4000);
#992=VERTEX_POINT('',#4004);
#993=VERTEX_POINT('',#4009);
#994=VERTEX_POINT('',#4011);
#995=VERTEX_POINT('',#4022);
#996=VERTEX_POINT('',#4024);
#997=VERTEX_POINT('',#4026);
#998=VERTEX_POINT('',#4028);
#999=VERTEX_POINT('',#4030);
#1000=VERTEX_POINT('',#4032);
#1001=VERTEX_POINT('',#4034);
#1002=VERTEX_POINT('',#4040);
#1003=VERTEX_POINT('',#4042);
#1004=VERTEX_POINT('',#4046);
#1005=VERTEX_POINT('',#4058);
#1006=VERTEX_POINT('',#4064);
#1007=VERTEX_POINT('',#4074);
#1008=VERTEX_POINT('',#4076);
#1009=VERTEX_POINT('',#4078);
#1010=VERTEX_POINT('',#4080);
#1011=VERTEX_POINT('',#4084);
#1012=VERTEX_POINT('',#4087);
#1013=VERTEX_POINT('',#4090);
#1014=VERTEX_POINT('',#4093);
#1015=VERTEX_POINT('',#4096);
#1016=VERTEX_POINT('',#4099);
#1017=VERTEX_POINT('',#4102);
#1018=VERTEX_POINT('',#4105);
#1019=VERTEX_POINT('',#4108);
#1020=VERTEX_POINT('',#4112);
#1021=VERTEX_POINT('',#4139);
#1022=VERTEX_POINT('',#4140);
#1023=VERTEX_POINT('',#4151);
#1024=VERTEX_POINT('',#4178);
#1025=VERTEX_POINT('',#4179);
#1026=VERTEX_POINT('',#4230);
#1027=VERTEX_POINT('',#4234);
#1028=VERTEX_POINT('',#4236);
#1029=VERTEX_POINT('',#4242);
#1030=VERTEX_POINT('',#4269);
#1031=VERTEX_POINT('',#4270);
#1032=VERTEX_POINT('',#4281);
#1033=VERTEX_POINT('',#4283);
#1034=VERTEX_POINT('',#4285);
#1035=VERTEX_POINT('',#4314);
#1036=VERTEX_POINT('',#4315);
#1037=VERTEX_POINT('',#4366);
#1038=VERTEX_POINT('',#4368);
#1039=VERTEX_POINT('',#4370);
#1040=VERTEX_POINT('',#4397);
#1041=VERTEX_POINT('',#4401);
#1042=VERTEX_POINT('',#4405);
#1043=VERTEX_POINT('',#4409);
#1044=VERTEX_POINT('',#4416);
#1045=VERTEX_POINT('',#4420);
#1046=VERTEX_POINT('',#4424);
#1047=VERTEX_POINT('',#4428);
#1048=EDGE_CURVE('',#861,#861,#707,.T.);
#1049=EDGE_CURVE('',#861,#862,#708,.T.);
#1050=EDGE_CURVE('',#862,#863,#709,.T.);
#1051=EDGE_CURVE('',#863,#862,#710,.T.);
#1052=EDGE_CURVE('',#864,#865,#169,.T.);
#1053=EDGE_CURVE('',#866,#864,#170,.T.);
#1054=EDGE_CURVE('',#867,#866,#711,.T.);
#1055=EDGE_CURVE('',#865,#867,#171,.T.);
#1056=EDGE_CURVE('',#868,#868,#712,.T.);
#1057=EDGE_CURVE('',#869,#870,#713,.T.);
#1058=EDGE_CURVE('',#870,#869,#714,.T.);
#1059=EDGE_CURVE('',#871,#871,#715,.T.);
#1060=EDGE_CURVE('',#872,#872,#716,.T.);
#1061=EDGE_CURVE('',#863,#873,#172,.T.);
#1062=EDGE_CURVE('',#873,#873,#717,.T.);
#1063=EDGE_CURVE('',#868,#874,#718,.T.);
#1064=EDGE_CURVE('',#874,#875,#719,.T.);
#1065=EDGE_CURVE('',#875,#874,#720,.T.);
#1066=EDGE_CURVE('',#875,#876,#173,.T.);
#1067=EDGE_CURVE('',#876,#876,#721,.T.);
#1068=EDGE_CURVE('',#872,#877,#722,.T.);
#1069=EDGE_CURVE('',#877,#878,#723,.T.);
#1070=EDGE_CURVE('',#878,#877,#724,.T.);
#1071=EDGE_CURVE('',#878,#879,#174,.T.);
#1072=EDGE_CURVE('',#879,#879,#725,.T.);
#1073=EDGE_CURVE('',#880,#881,#726,.T.);
#1074=EDGE_CURVE('',#881,#869,#48,.T.);
#1075=EDGE_CURVE('',#870,#880,#49,.T.);
#1076=EDGE_CURVE('',#881,#880,#727,.T.);
#1077=EDGE_CURVE('',#882,#880,#175,.T.);
#1078=EDGE_CURVE('',#883,#882,#728,.T.);
#1079=EDGE_CURVE('',#883,#881,#176,.T.);
#1080=EDGE_CURVE('',#871,#884,#729,.T.);
#1081=EDGE_CURVE('',#884,#885,#730,.T.);
#1082=EDGE_CURVE('',#885,#884,#731,.T.);
#1083=EDGE_CURVE('',#885,#886,#177,.T.);
#1084=EDGE_CURVE('',#886,#886,#732,.T.);
#1085=EDGE_CURVE('',#887,#888,#733,.T.);
#1086=EDGE_CURVE('',#888,#889,#50,.T.);
#1087=EDGE_CURVE('',#889,#890,#734,.T.);
#1088=EDGE_CURVE('',#890,#887,#51,.T.);
#1089=EDGE_CURVE('',#890,#889,#735,.T.);
#1090=EDGE_CURVE('',#888,#887,#736,.T.);
#1091=EDGE_CURVE('',#891,#887,#178,.T.);
#1092=EDGE_CURVE('',#892,#891,#737,.T.);
#1093=EDGE_CURVE('',#892,#888,#179,.T.);
#1094=EDGE_CURVE('',#893,#894,#180,.T.);
#1095=EDGE_CURVE('',#895,#893,#181,.T.);
#1096=EDGE_CURVE('',#896,#895,#738,.T.);
#1097=EDGE_CURVE('',#894,#896,#182,.T.);
#1098=EDGE_CURVE('',#897,#897,#739,.T.);
#1099=EDGE_CURVE('',#898,#898,#740,.T.);
#1100=EDGE_CURVE('',#899,#899,#741,.T.);
#1101=EDGE_CURVE('',#900,#900,#742,.T.);
#1102=EDGE_CURVE('',#897,#901,#743,.T.);
#1103=EDGE_CURVE('',#901,#901,#744,.T.);
#1104=EDGE_CURVE('',#901,#902,#183,.T.);
#1105=EDGE_CURVE('',#902,#902,#745,.T.);
#1106=EDGE_CURVE('',#900,#903,#746,.T.);
#1107=EDGE_CURVE('',#903,#903,#747,.T.);
#1108=EDGE_CURVE('',#903,#904,#184,.T.);
#1109=EDGE_CURVE('',#904,#904,#748,.T.);
#1110=EDGE_CURVE('',#898,#905,#749,.T.);
#1111=EDGE_CURVE('',#905,#905,#750,.T.);
#1112=EDGE_CURVE('',#905,#906,#185,.T.);
#1113=EDGE_CURVE('',#906,#906,#751,.T.);
#1114=EDGE_CURVE('',#899,#907,#752,.T.);
#1115=EDGE_CURVE('',#907,#907,#753,.T.);
#1116=EDGE_CURVE('',#907,#908,#186,.T.);
#1117=EDGE_CURVE('',#908,#908,#754,.T.);
#1118=EDGE_CURVE('',#882,#883,#755,.T.);
#1119=EDGE_CURVE('',#891,#892,#756,.T.);
#1120=EDGE_CURVE('',#909,#910,#187,.T.);
#1121=EDGE_CURVE('',#910,#911,#757,.T.);
#1122=EDGE_CURVE('',#911,#912,#188,.T.);
#1123=EDGE_CURVE('',#912,#913,#33,.T.);
#1124=EDGE_CURVE('',#913,#909,#34,.T.);
#1125=EDGE_CURVE('',#914,#915,#758,.T.);
#1126=EDGE_CURVE('',#915,#916,#759,.T.);
#1127=EDGE_CURVE('',#916,#917,#760,.T.);
#1128=EDGE_CURVE('',#917,#914,#761,.T.);
#1129=EDGE_CURVE('',#918,#919,#762,.T.);
#1130=EDGE_CURVE('',#919,#917,#189,.T.);
#1131=EDGE_CURVE('',#916,#918,#190,.T.);
#1132=EDGE_CURVE('',#918,#920,#52,.T.);
#1133=EDGE_CURVE('',#920,#921,#763,.T.);
#1134=EDGE_CURVE('',#921,#919,#53,.T.);
#1135=EDGE_CURVE('',#922,#923,#764,.T.);
#1136=EDGE_CURVE('',#923,#921,#191,.T.);
#1137=EDGE_CURVE('',#920,#922,#192,.T.);
#1138=EDGE_CURVE('',#924,#923,#54,.T.);
#1139=EDGE_CURVE('',#922,#925,#55,.T.);
#1140=EDGE_CURVE('',#925,#926,#56,.T.);
#1141=EDGE_CURVE('',#926,#924,#57,.T.);
#1142=EDGE_CURVE('',#925,#927,#58,.T.);
#1143=EDGE_CURVE('',#927,#928,#765,.T.);
#1144=EDGE_CURVE('',#928,#929,#59,.T.);
#1145=EDGE_CURVE('',#926,#929,#60,.T.);
#1146=EDGE_CURVE('',#930,#931,#766,.T.);
#1147=EDGE_CURVE('',#931,#928,#193,.T.);
#1148=EDGE_CURVE('',#927,#930,#194,.T.);
#1149=EDGE_CURVE('',#932,#933,#767,.T.);
#1150=EDGE_CURVE('',#933,#931,#35,.T.);
#1151=EDGE_CURVE('',#930,#932,#36,.T.);
#1152=EDGE_CURVE('',#933,#913,#195,.T.);
#1153=EDGE_CURVE('',#932,#909,#196,.T.);
#1154=EDGE_CURVE('',#934,#911,#61,.T.);
#1155=EDGE_CURVE('',#910,#935,#197,.T.);
#1156=EDGE_CURVE('',#935,#934,#768,.T.);
#1157=EDGE_CURVE('',#914,#934,#62,.T.);
#1158=EDGE_CURVE('',#935,#915,#769,.T.);
#1159=EDGE_CURVE('',#936,#924,#198,.T.);
#1160=EDGE_CURVE('',#937,#936,#37,.T.);
#1161=EDGE_CURVE('',#938,#937,#199,.T.);
#1162=EDGE_CURVE('',#939,#938,#38,.T.);
#1163=EDGE_CURVE('',#940,#939,#770,.T.);
#1164=EDGE_CURVE('',#941,#940,#200,.T.);
#1165=EDGE_CURVE('',#942,#941,#63,.T.);
#1166=EDGE_CURVE('',#943,#942,#201,.T.);
#1167=EDGE_CURVE('',#944,#943,#64,.T.);
#1168=EDGE_CURVE('',#945,#944,#202,.T.);
#1169=EDGE_CURVE('',#946,#945,#39,.T.);
#1170=EDGE_CURVE('',#946,#947,#203,.T.);
#1171=EDGE_CURVE('',#914,#947,#40,.T.);
#1172=EDGE_CURVE('',#922,#948,#771,.T.);
#1173=EDGE_CURVE('',#948,#949,#772,.T.);
#1174=EDGE_CURVE('',#949,#927,#773,.T.);
#1175=EDGE_CURVE('',#950,#920,#774,.T.);
#1176=EDGE_CURVE('',#950,#948,#204,.T.);
#1177=EDGE_CURVE('',#918,#951,#775,.T.);
#1178=EDGE_CURVE('',#950,#951,#776,.T.);
#1179=EDGE_CURVE('',#952,#916,#205,.T.);
#1180=EDGE_CURVE('',#953,#952,#777,.T.);
#1181=EDGE_CURVE('',#954,#953,#778,.T.);
#1182=EDGE_CURVE('',#951,#954,#206,.T.);
#1183=EDGE_CURVE('',#955,#956,#41,.F.);
#1184=EDGE_CURVE('',#955,#957,#207,.T.);
#1185=EDGE_CURVE('',#957,#958,#779,.T.);
#1186=EDGE_CURVE('',#958,#959,#208,.T.);
#1187=EDGE_CURVE('',#959,#956,#42,.T.);
#1188=EDGE_CURVE('',#960,#958,#65,.T.);
#1189=EDGE_CURVE('',#957,#961,#209,.T.);
#1190=EDGE_CURVE('',#961,#960,#780,.T.);
#1191=EDGE_CURVE('',#939,#962,#781,.T.);
#1192=EDGE_CURVE('',#962,#963,#782,.T.);
#1193=EDGE_CURVE('',#963,#940,#783,.T.);
#1194=EDGE_CURVE('',#964,#941,#784,.T.);
#1195=EDGE_CURVE('',#963,#964,#210,.T.);
#1196=EDGE_CURVE('',#964,#965,#66,.T.);
#1197=EDGE_CURVE('',#965,#942,#785,.T.);
#1198=EDGE_CURVE('',#966,#943,#786,.T.);
#1199=EDGE_CURVE('',#965,#966,#211,.T.);
#1200=EDGE_CURVE('',#967,#968,#67,.T.);
#1201=EDGE_CURVE('',#968,#944,#787,.T.);
#1202=EDGE_CURVE('',#966,#967,#68,.T.);
#1203=EDGE_CURVE('',#939,#960,#69,.T.);
#1204=EDGE_CURVE('',#961,#962,#788,.T.);
#1205=EDGE_CURVE('',#968,#944,#70,.T.);
#1206=EDGE_CURVE('',#969,#970,#212,.T.);
#1207=EDGE_CURVE('',#970,#971,#213,.T.);
#1208=EDGE_CURVE('',#969,#971,#43,.T.);
#1209=EDGE_CURVE('',#972,#958,#44,.T.);
#1210=EDGE_CURVE('',#959,#972,#214,.T.);
#1211=EDGE_CURVE('',#970,#973,#215,.T.);
#1212=EDGE_CURVE('',#974,#973,#789,.T.);
#1213=EDGE_CURVE('',#975,#974,#216,.T.);
#1214=EDGE_CURVE('',#976,#975,#790,.T.);
#1215=EDGE_CURVE('',#977,#976,#791,.T.);
#1216=EDGE_CURVE('',#978,#977,#217,.T.);
#1217=EDGE_CURVE('',#971,#978,#218,.T.);
#1218=EDGE_CURVE('',#973,#967,#71,.T.);
#1219=EDGE_CURVE('',#966,#979,#792,.T.);
#1220=EDGE_CURVE('',#979,#974,#793,.T.);
#1221=EDGE_CURVE('',#980,#965,#794,.T.);
#1222=EDGE_CURVE('',#979,#980,#219,.T.);
#1223=EDGE_CURVE('',#964,#981,#795,.T.);
#1224=EDGE_CURVE('',#980,#981,#796,.T.);
#1225=EDGE_CURVE('',#982,#963,#220,.T.);
#1226=EDGE_CURVE('',#983,#982,#797,.T.);
#1227=EDGE_CURVE('',#984,#983,#798,.T.);
#1228=EDGE_CURVE('',#981,#984,#221,.T.);
#1229=EDGE_CURVE('',#978,#985,#799,.T.);
#1230=EDGE_CURVE('',#985,#969,#222,.T.);
#1231=EDGE_CURVE('',#986,#987,#800,.T.);
#1232=EDGE_CURVE('',#987,#985,#45,.T.);
#1233=EDGE_CURVE('',#978,#986,#46,.T.);
#1234=EDGE_CURVE('',#956,#987,#223,.F.);
#1235=EDGE_CURVE('',#986,#955,#224,.T.);
#1236=EDGE_CURVE('',#988,#986,#225,.T.);
#1237=EDGE_CURVE('',#989,#988,#226,.T.);
#1238=EDGE_CURVE('',#961,#989,#227,.T.);
#1239=EDGE_CURVE('',#988,#977,#801,.T.);
#1240=EDGE_CURVE('',#936,#990,#228,.T.);
#1241=EDGE_CURVE('',#990,#991,#802,.T.);
#1242=EDGE_CURVE('',#991,#937,#229,.T.);
#1243=EDGE_CURVE('',#992,#893,#803,.T.);
#1244=EDGE_CURVE('',#894,#990,#804,.T.);
#1245=EDGE_CURVE('',#990,#992,#230,.T.);
#1246=EDGE_CURVE('',#993,#911,#47,.T.);
#1247=EDGE_CURVE('',#947,#994,#231,.T.);
#1248=EDGE_CURVE('',#994,#992,#805,.T.);
#1249=EDGE_CURVE('',#992,#993,#232,.T.);
#1250=EDGE_CURVE('',#994,#893,#806,.T.);
#1251=EDGE_CURVE('',#894,#991,#807,.T.);
#1252=EDGE_CURVE('',#912,#993,#233,.T.);
#1253=EDGE_CURVE('',#995,#991,#234,.T.);
#1254=EDGE_CURVE('',#996,#995,#235,.T.);
#1255=EDGE_CURVE('',#996,#997,#236,.T.);
#1256=EDGE_CURVE('',#997,#998,#237,.T.);
#1257=EDGE_CURVE('',#999,#998,#238,.T.);
#1258=EDGE_CURVE('',#999,#1000,#239,.T.);
#1259=EDGE_CURVE('',#1001,#1000,#240,.T.);
#1260=EDGE_CURVE('',#938,#1001,#241,.T.);
#1261=EDGE_CURVE('',#995,#896,#808,.T.);
#1262=EDGE_CURVE('',#945,#1002,#242,.T.);
#1263=EDGE_CURVE('',#1002,#1003,#809,.T.);
#1264=EDGE_CURVE('',#1003,#946,#243,.T.);
#1265=EDGE_CURVE('',#1004,#864,#810,.T.);
#1266=EDGE_CURVE('',#865,#1002,#811,.T.);
#1267=EDGE_CURVE('',#1002,#1004,#244,.T.);
#1268=EDGE_CURVE('',#1001,#1004,#812,.T.);
#1269=EDGE_CURVE('',#1004,#972,#245,.T.);
#1270=EDGE_CURVE('',#1001,#864,#813,.T.);
#1271=EDGE_CURVE('',#865,#1003,#814,.T.);
#1272=EDGE_CURVE('',#1005,#867,#815,.T.);
#1273=EDGE_CURVE('',#1005,#1003,#246,.T.);
#1274=EDGE_CURVE('',#1000,#866,#816,.T.);
#1275=EDGE_CURVE('',#994,#1006,#247,.T.);
#1276=EDGE_CURVE('',#1006,#895,#817,.T.);
#1277=EDGE_CURVE('',#1006,#995,#818,.T.);
#1278=EDGE_CURVE('',#1000,#1005,#819,.T.);
#1279=EDGE_CURVE('',#1007,#1005,#248,.T.);
#1280=EDGE_CURVE('',#1008,#1007,#249,.T.);
#1281=EDGE_CURVE('',#1009,#1008,#250,.T.);
#1282=EDGE_CURVE('',#1010,#1009,#251,.T.);
#1283=EDGE_CURVE('',#1010,#1006,#252,.T.);
#1284=EDGE_CURVE('',#1011,#1011,#820,.T.);
#1285=EDGE_CURVE('',#1012,#1012,#821,.T.);
#1286=EDGE_CURVE('',#1013,#1013,#822,.T.);
#1287=EDGE_CURVE('',#1014,#1014,#823,.T.);
#1288=EDGE_CURVE('',#1015,#1015,#824,.T.);
#1289=EDGE_CURVE('',#1016,#1016,#825,.T.);
#1290=EDGE_CURVE('',#1017,#1017,#826,.T.);
#1291=EDGE_CURVE('',#1018,#1018,#827,.T.);
#1292=EDGE_CURVE('',#935,#1019,#253,.T.);
#1293=EDGE_CURVE('',#1019,#952,#828,.T.);
#1294=EDGE_CURVE('',#1020,#953,#829,.T.);
#1295=EDGE_CURVE('',#1019,#1020,#830,.T.);
#1296=EDGE_CURVE('',#1021,#1022,#831,.T.);
#1297=EDGE_CURVE('',#1022,#953,#72,.T.);
#1298=EDGE_CURVE('',#1020,#1021,#73,.T.);
#1299=EDGE_CURVE('',#976,#1023,#832,.T.);
#1300=EDGE_CURVE('',#1023,#988,#833,.T.);
#1301=EDGE_CURVE('',#1024,#1025,#834,.T.);
#1302=EDGE_CURVE('',#1025,#1023,#74,.T.);
#1303=EDGE_CURVE('',#976,#1024,#75,.T.);
#1304=EDGE_CURVE('',#1024,#1022,#76,.T.);
#1305=EDGE_CURVE('',#1021,#1025,#77,.T.);
#1306=EDGE_CURVE('',#1026,#932,#254,.T.);
#1307=EDGE_CURVE('',#1019,#1026,#255,.T.);
#1308=EDGE_CURVE('',#1027,#975,#835,.T.);
#1309=EDGE_CURVE('',#1027,#1028,#836,.T.);
#1310=EDGE_CURVE('',#1028,#954,#837,.T.);
#1311=EDGE_CURVE('',#989,#982,#838,.T.);
#1312=EDGE_CURVE('',#1029,#983,#839,.T.);
#1313=EDGE_CURVE('',#989,#1029,#840,.T.);
#1314=EDGE_CURVE('',#1030,#1031,#841,.T.);
#1315=EDGE_CURVE('',#1031,#983,#78,.T.);
#1316=EDGE_CURVE('',#1029,#1030,#79,.T.);
#1317=EDGE_CURVE('',#1026,#1032,#842,.T.);
#1318=EDGE_CURVE('',#1032,#1033,#843,.T.);
#1319=EDGE_CURVE('',#1033,#1034,#844,.T.);
#1320=EDGE_CURVE('',#1034,#1026,#845,.T.);
#1321=EDGE_CURVE('',#930,#1032,#256,.T.);
#1322=EDGE_CURVE('',#1035,#1036,#846,.T.);
#1323=EDGE_CURVE('',#1036,#1034,#80,.T.);
#1324=EDGE_CURVE('',#1033,#1035,#81,.T.);
#1325=EDGE_CURVE('',#1035,#1031,#82,.T.);
#1326=EDGE_CURVE('',#1030,#1036,#83,.T.);
#1327=EDGE_CURVE('',#1033,#1037,#847,.T.);
#1328=EDGE_CURVE('',#1038,#1037,#848,.T.);
#1329=EDGE_CURVE('',#1038,#1039,#849,.T.);
#1330=EDGE_CURVE('',#1039,#984,#850,.T.);
#1331=EDGE_CURVE('',#1037,#949,#257,.T.);
#1332=EDGE_CURVE('',#979,#1027,#258,.T.);
#1333=EDGE_CURVE('',#1028,#950,#259,.T.);
#1334=EDGE_CURVE('',#1028,#1038,#260,.T.);
#1335=EDGE_CURVE('',#948,#1038,#261,.T.);
#1336=EDGE_CURVE('',#1027,#1039,#262,.T.);
#1337=EDGE_CURVE('',#1039,#980,#263,.T.);
#1338=EDGE_CURVE('',#1025,#1030,#264,.T.);
#1339=EDGE_CURVE('',#1036,#1021,#265,.T.);
#1340=EDGE_CURVE('',#998,#1008,#266,.T.);
#1341=EDGE_CURVE('',#1009,#997,#267,.T.);
#1342=EDGE_CURVE('',#1012,#1040,#268,.T.);
#1343=EDGE_CURVE('',#1040,#1040,#851,.T.);
#1344=EDGE_CURVE('',#1013,#1041,#269,.T.);
#1345=EDGE_CURVE('',#1041,#1041,#852,.T.);
#1346=EDGE_CURVE('',#1011,#1042,#270,.T.);
#1347=EDGE_CURVE('',#1042,#1042,#853,.T.);
#1348=EDGE_CURVE('',#1014,#1043,#271,.T.);
#1349=EDGE_CURVE('',#1043,#1043,#854,.T.);
#1350=EDGE_CURVE('',#1007,#999,#855,.T.);
#1351=EDGE_CURVE('',#1016,#1044,#272,.T.);
#1352=EDGE_CURVE('',#1044,#1044,#856,.T.);
#1353=EDGE_CURVE('',#1017,#1045,#273,.T.);
#1354=EDGE_CURVE('',#1045,#1045,#857,.T.);
#1355=EDGE_CURVE('',#1015,#1046,#274,.T.);
#1356=EDGE_CURVE('',#1046,#1046,#858,.T.);
#1357=EDGE_CURVE('',#1018,#1047,#275,.T.);
#1358=EDGE_CURVE('',#1047,#1047,#859,.T.);
#1359=EDGE_CURVE('',#1010,#996,#860,.T.);
#1360=ORIENTED_EDGE('',*,*,#1048,.T.);
#1361=ORIENTED_EDGE('',*,*,#1049,.T.);
#1362=ORIENTED_EDGE('',*,*,#1050,.T.);
#1363=ORIENTED_EDGE('',*,*,#1051,.T.);
#1364=ORIENTED_EDGE('',*,*,#1049,.F.);
#1365=ORIENTED_EDGE('',*,*,#1052,.F.);
#1366=ORIENTED_EDGE('',*,*,#1053,.F.);
#1367=ORIENTED_EDGE('',*,*,#1054,.F.);
#1368=ORIENTED_EDGE('',*,*,#1055,.F.);
#1369=ORIENTED_EDGE('',*,*,#1056,.F.);
#1370=ORIENTED_EDGE('',*,*,#1057,.F.);
#1371=ORIENTED_EDGE('',*,*,#1058,.F.);
#1372=ORIENTED_EDGE('',*,*,#1059,.F.);
#1373=ORIENTED_EDGE('',*,*,#1060,.F.);
#1374=ORIENTED_EDGE('',*,*,#1048,.F.);
#1375=ORIENTED_EDGE('',*,*,#1051,.F.);
#1376=ORIENTED_EDGE('',*,*,#1061,.T.);
#1377=ORIENTED_EDGE('',*,*,#1062,.T.);
#1378=ORIENTED_EDGE('',*,*,#1061,.F.);
#1379=ORIENTED_EDGE('',*,*,#1050,.F.);
#1380=ORIENTED_EDGE('',*,*,#1056,.T.);
#1381=ORIENTED_EDGE('',*,*,#1063,.T.);
#1382=ORIENTED_EDGE('',*,*,#1064,.T.);
#1383=ORIENTED_EDGE('',*,*,#1065,.T.);
#1384=ORIENTED_EDGE('',*,*,#1063,.F.);
#1385=ORIENTED_EDGE('',*,*,#1065,.F.);
#1386=ORIENTED_EDGE('',*,*,#1066,.T.);
#1387=ORIENTED_EDGE('',*,*,#1067,.T.);
#1388=ORIENTED_EDGE('',*,*,#1066,.F.);
#1389=ORIENTED_EDGE('',*,*,#1064,.F.);
#1390=ORIENTED_EDGE('',*,*,#1060,.T.);
#1391=ORIENTED_EDGE('',*,*,#1068,.T.);
#1392=ORIENTED_EDGE('',*,*,#1069,.T.);
#1393=ORIENTED_EDGE('',*,*,#1070,.T.);
#1394=ORIENTED_EDGE('',*,*,#1068,.F.);
#1395=ORIENTED_EDGE('',*,*,#1070,.F.);
#1396=ORIENTED_EDGE('',*,*,#1071,.T.);
#1397=ORIENTED_EDGE('',*,*,#1072,.T.);
#1398=ORIENTED_EDGE('',*,*,#1071,.F.);
#1399=ORIENTED_EDGE('',*,*,#1069,.F.);
#1400=ORIENTED_EDGE('',*,*,#1073,.T.);
#1401=ORIENTED_EDGE('',*,*,#1074,.T.);
#1402=ORIENTED_EDGE('',*,*,#1057,.T.);
#1403=ORIENTED_EDGE('',*,*,#1075,.T.);
#1404=ORIENTED_EDGE('',*,*,#1058,.T.);
#1405=ORIENTED_EDGE('',*,*,#1074,.F.);
#1406=ORIENTED_EDGE('',*,*,#1076,.T.);
#1407=ORIENTED_EDGE('',*,*,#1075,.F.);
#1408=ORIENTED_EDGE('',*,*,#1073,.F.);
#1409=ORIENTED_EDGE('',*,*,#1077,.F.);
#1410=ORIENTED_EDGE('',*,*,#1078,.F.);
#1411=ORIENTED_EDGE('',*,*,#1079,.T.);
#1412=ORIENTED_EDGE('',*,*,#1059,.T.);
#1413=ORIENTED_EDGE('',*,*,#1080,.T.);
#1414=ORIENTED_EDGE('',*,*,#1081,.T.);
#1415=ORIENTED_EDGE('',*,*,#1082,.T.);
#1416=ORIENTED_EDGE('',*,*,#1080,.F.);
#1417=ORIENTED_EDGE('',*,*,#1082,.F.);
#1418=ORIENTED_EDGE('',*,*,#1083,.T.);
#1419=ORIENTED_EDGE('',*,*,#1084,.T.);
#1420=ORIENTED_EDGE('',*,*,#1083,.F.);
#1421=ORIENTED_EDGE('',*,*,#1081,.F.);
#1422=ORIENTED_EDGE('',*,*,#1085,.T.);
#1423=ORIENTED_EDGE('',*,*,#1086,.T.);
#1424=ORIENTED_EDGE('',*,*,#1087,.T.);
#1425=ORIENTED_EDGE('',*,*,#1088,.T.);
#1426=ORIENTED_EDGE('',*,*,#1089,.T.);
#1427=ORIENTED_EDGE('',*,*,#1086,.F.);
#1428=ORIENTED_EDGE('',*,*,#1090,.T.);
#1429=ORIENTED_EDGE('',*,*,#1088,.F.);
#1430=ORIENTED_EDGE('',*,*,#1085,.F.);
#1431=ORIENTED_EDGE('',*,*,#1091,.F.);
#1432=ORIENTED_EDGE('',*,*,#1092,.F.);
#1433=ORIENTED_EDGE('',*,*,#1093,.T.);
#1434=ORIENTED_EDGE('',*,*,#1094,.F.);
#1435=ORIENTED_EDGE('',*,*,#1095,.F.);
#1436=ORIENTED_EDGE('',*,*,#1096,.F.);
#1437=ORIENTED_EDGE('',*,*,#1097,.F.);
#1438=ORIENTED_EDGE('',*,*,#1098,.F.);
#1439=ORIENTED_EDGE('',*,*,#1099,.F.);
#1440=ORIENTED_EDGE('',*,*,#1100,.F.);
#1441=ORIENTED_EDGE('',*,*,#1101,.F.);
#1442=ORIENTED_EDGE('',*,*,#1087,.F.);
#1443=ORIENTED_EDGE('',*,*,#1089,.F.);
#1444=ORIENTED_EDGE('',*,*,#1098,.T.);
#1445=ORIENTED_EDGE('',*,*,#1102,.T.);
#1446=ORIENTED_EDGE('',*,*,#1103,.T.);
#1447=ORIENTED_EDGE('',*,*,#1102,.F.);
#1448=ORIENTED_EDGE('',*,*,#1103,.F.);
#1449=ORIENTED_EDGE('',*,*,#1104,.T.);
#1450=ORIENTED_EDGE('',*,*,#1105,.T.);
#1451=ORIENTED_EDGE('',*,*,#1104,.F.);
#1452=ORIENTED_EDGE('',*,*,#1101,.T.);
#1453=ORIENTED_EDGE('',*,*,#1106,.T.);
#1454=ORIENTED_EDGE('',*,*,#1107,.T.);
#1455=ORIENTED_EDGE('',*,*,#1106,.F.);
#1456=ORIENTED_EDGE('',*,*,#1107,.F.);
#1457=ORIENTED_EDGE('',*,*,#1108,.T.);
#1458=ORIENTED_EDGE('',*,*,#1109,.T.);
#1459=ORIENTED_EDGE('',*,*,#1108,.F.);
#1460=ORIENTED_EDGE('',*,*,#1099,.T.);
#1461=ORIENTED_EDGE('',*,*,#1110,.T.);
#1462=ORIENTED_EDGE('',*,*,#1111,.T.);
#1463=ORIENTED_EDGE('',*,*,#1110,.F.);
#1464=ORIENTED_EDGE('',*,*,#1111,.F.);
#1465=ORIENTED_EDGE('',*,*,#1112,.T.);
#1466=ORIENTED_EDGE('',*,*,#1113,.T.);
#1467=ORIENTED_EDGE('',*,*,#1112,.F.);
#1468=ORIENTED_EDGE('',*,*,#1100,.T.);
#1469=ORIENTED_EDGE('',*,*,#1114,.T.);
#1470=ORIENTED_EDGE('',*,*,#1115,.T.);
#1471=ORIENTED_EDGE('',*,*,#1114,.F.);
#1472=ORIENTED_EDGE('',*,*,#1115,.F.);
#1473=ORIENTED_EDGE('',*,*,#1116,.T.);
#1474=ORIENTED_EDGE('',*,*,#1117,.T.);
#1475=ORIENTED_EDGE('',*,*,#1116,.F.);
#1476=ORIENTED_EDGE('',*,*,#1076,.F.);
#1477=ORIENTED_EDGE('',*,*,#1079,.F.);
#1478=ORIENTED_EDGE('',*,*,#1118,.F.);
#1479=ORIENTED_EDGE('',*,*,#1077,.T.);
#1480=ORIENTED_EDGE('',*,*,#1090,.F.);
#1481=ORIENTED_EDGE('',*,*,#1093,.F.);
#1482=ORIENTED_EDGE('',*,*,#1119,.F.);
#1483=ORIENTED_EDGE('',*,*,#1091,.T.);
#1484=ORIENTED_EDGE('',*,*,#1120,.T.);
#1485=ORIENTED_EDGE('',*,*,#1121,.T.);
#1486=ORIENTED_EDGE('',*,*,#1122,.T.);
#1487=ORIENTED_EDGE('',*,*,#1123,.T.);
#1488=ORIENTED_EDGE('',*,*,#1124,.T.);
#1489=ORIENTED_EDGE('',*,*,#1125,.T.);
#1490=ORIENTED_EDGE('',*,*,#1126,.T.);
#1491=ORIENTED_EDGE('',*,*,#1127,.T.);
#1492=ORIENTED_EDGE('',*,*,#1128,.T.);
#1493=ORIENTED_EDGE('',*,*,#1129,.T.);
#1494=ORIENTED_EDGE('',*,*,#1130,.T.);
#1495=ORIENTED_EDGE('',*,*,#1127,.F.);
#1496=ORIENTED_EDGE('',*,*,#1131,.T.);
#1497=ORIENTED_EDGE('',*,*,#1129,.F.);
#1498=ORIENTED_EDGE('',*,*,#1132,.T.);
#1499=ORIENTED_EDGE('',*,*,#1133,.T.);
#1500=ORIENTED_EDGE('',*,*,#1134,.T.);
#1501=ORIENTED_EDGE('',*,*,#1135,.T.);
#1502=ORIENTED_EDGE('',*,*,#1136,.T.);
#1503=ORIENTED_EDGE('',*,*,#1133,.F.);
#1504=ORIENTED_EDGE('',*,*,#1137,.T.);
#1505=ORIENTED_EDGE('',*,*,#1138,.T.);
#1506=ORIENTED_EDGE('',*,*,#1135,.F.);
#1507=ORIENTED_EDGE('',*,*,#1139,.T.);
#1508=ORIENTED_EDGE('',*,*,#1140,.T.);
#1509=ORIENTED_EDGE('',*,*,#1141,.T.);
#1510=ORIENTED_EDGE('',*,*,#1142,.T.);
#1511=ORIENTED_EDGE('',*,*,#1143,.T.);
#1512=ORIENTED_EDGE('',*,*,#1144,.T.);
#1513=ORIENTED_EDGE('',*,*,#1145,.F.);
#1514=ORIENTED_EDGE('',*,*,#1140,.F.);
#1515=ORIENTED_EDGE('',*,*,#1146,.T.);
#1516=ORIENTED_EDGE('',*,*,#1147,.T.);
#1517=ORIENTED_EDGE('',*,*,#1143,.F.);
#1518=ORIENTED_EDGE('',*,*,#1148,.T.);
#1519=ORIENTED_EDGE('',*,*,#1149,.T.);
#1520=ORIENTED_EDGE('',*,*,#1150,.T.);
#1521=ORIENTED_EDGE('',*,*,#1146,.F.);
#1522=ORIENTED_EDGE('',*,*,#1151,.T.);
#1523=ORIENTED_EDGE('',*,*,#1152,.F.);
#1524=ORIENTED_EDGE('',*,*,#1149,.F.);
#1525=ORIENTED_EDGE('',*,*,#1153,.T.);
#1526=ORIENTED_EDGE('',*,*,#1124,.F.);
#1527=ORIENTED_EDGE('',*,*,#1154,.T.);
#1528=ORIENTED_EDGE('',*,*,#1121,.F.);
#1529=ORIENTED_EDGE('',*,*,#1155,.T.);
#1530=ORIENTED_EDGE('',*,*,#1156,.T.);
#1531=ORIENTED_EDGE('',*,*,#1157,.T.);
#1532=ORIENTED_EDGE('',*,*,#1156,.F.);
#1533=ORIENTED_EDGE('',*,*,#1158,.T.);
#1534=ORIENTED_EDGE('',*,*,#1125,.F.);
#1535=ORIENTED_EDGE('',*,*,#1128,.F.);
#1536=ORIENTED_EDGE('',*,*,#1130,.F.);
#1537=ORIENTED_EDGE('',*,*,#1134,.F.);
#1538=ORIENTED_EDGE('',*,*,#1136,.F.);
#1539=ORIENTED_EDGE('',*,*,#1138,.F.);
#1540=ORIENTED_EDGE('',*,*,#1159,.F.);
#1541=ORIENTED_EDGE('',*,*,#1160,.F.);
#1542=ORIENTED_EDGE('',*,*,#1161,.F.);
#1543=ORIENTED_EDGE('',*,*,#1162,.F.);
#1544=ORIENTED_EDGE('',*,*,#1163,.F.);
#1545=ORIENTED_EDGE('',*,*,#1164,.F.);
#1546=ORIENTED_EDGE('',*,*,#1165,.F.);
#1547=ORIENTED_EDGE('',*,*,#1166,.F.);
#1548=ORIENTED_EDGE('',*,*,#1167,.F.);
#1549=ORIENTED_EDGE('',*,*,#1168,.F.);
#1550=ORIENTED_EDGE('',*,*,#1169,.F.);
#1551=ORIENTED_EDGE('',*,*,#1170,.T.);
#1552=ORIENTED_EDGE('',*,*,#1171,.F.);
#1553=ORIENTED_EDGE('',*,*,#1142,.F.);
#1554=ORIENTED_EDGE('',*,*,#1139,.F.);
#1555=ORIENTED_EDGE('',*,*,#1172,.T.);
#1556=ORIENTED_EDGE('',*,*,#1173,.T.);
#1557=ORIENTED_EDGE('',*,*,#1174,.T.);
#1558=ORIENTED_EDGE('',*,*,#1137,.F.);
#1559=ORIENTED_EDGE('',*,*,#1175,.F.);
#1560=ORIENTED_EDGE('',*,*,#1176,.T.);
#1561=ORIENTED_EDGE('',*,*,#1172,.F.);
#1562=ORIENTED_EDGE('',*,*,#1132,.F.);
#1563=ORIENTED_EDGE('',*,*,#1177,.T.);
#1564=ORIENTED_EDGE('',*,*,#1178,.F.);
#1565=ORIENTED_EDGE('',*,*,#1175,.T.);
#1566=ORIENTED_EDGE('',*,*,#1131,.F.);
#1567=ORIENTED_EDGE('',*,*,#1179,.F.);
#1568=ORIENTED_EDGE('',*,*,#1180,.F.);
#1569=ORIENTED_EDGE('',*,*,#1181,.F.);
#1570=ORIENTED_EDGE('',*,*,#1182,.F.);
#1571=ORIENTED_EDGE('',*,*,#1177,.F.);
#1572=ORIENTED_EDGE('',*,*,#1183,.F.);
#1573=ORIENTED_EDGE('',*,*,#1184,.T.);
#1574=ORIENTED_EDGE('',*,*,#1185,.T.);
#1575=ORIENTED_EDGE('',*,*,#1186,.T.);
#1576=ORIENTED_EDGE('',*,*,#1187,.T.);
#1577=ORIENTED_EDGE('',*,*,#1188,.T.);
#1578=ORIENTED_EDGE('',*,*,#1185,.F.);
#1579=ORIENTED_EDGE('',*,*,#1189,.T.);
#1580=ORIENTED_EDGE('',*,*,#1190,.T.);
#1581=ORIENTED_EDGE('',*,*,#1191,.T.);
#1582=ORIENTED_EDGE('',*,*,#1192,.T.);
#1583=ORIENTED_EDGE('',*,*,#1193,.T.);
#1584=ORIENTED_EDGE('',*,*,#1163,.T.);
#1585=ORIENTED_EDGE('',*,*,#1194,.T.);
#1586=ORIENTED_EDGE('',*,*,#1164,.T.);
#1587=ORIENTED_EDGE('',*,*,#1193,.F.);
#1588=ORIENTED_EDGE('',*,*,#1195,.T.);
#1589=ORIENTED_EDGE('',*,*,#1194,.F.);
#1590=ORIENTED_EDGE('',*,*,#1196,.T.);
#1591=ORIENTED_EDGE('',*,*,#1197,.T.);
#1592=ORIENTED_EDGE('',*,*,#1165,.T.);
#1593=ORIENTED_EDGE('',*,*,#1198,.T.);
#1594=ORIENTED_EDGE('',*,*,#1166,.T.);
#1595=ORIENTED_EDGE('',*,*,#1197,.F.);
#1596=ORIENTED_EDGE('',*,*,#1199,.T.);
#1597=ORIENTED_EDGE('',*,*,#1200,.T.);
#1598=ORIENTED_EDGE('',*,*,#1201,.T.);
#1599=ORIENTED_EDGE('',*,*,#1167,.T.);
#1600=ORIENTED_EDGE('',*,*,#1198,.F.);
#1601=ORIENTED_EDGE('',*,*,#1202,.T.);
#1602=ORIENTED_EDGE('',*,*,#1203,.T.);
#1603=ORIENTED_EDGE('',*,*,#1190,.F.);
#1604=ORIENTED_EDGE('',*,*,#1204,.T.);
#1605=ORIENTED_EDGE('',*,*,#1191,.F.);
#1606=ORIENTED_EDGE('',*,*,#1205,.T.);
#1607=ORIENTED_EDGE('',*,*,#1201,.F.);
#1608=ORIENTED_EDGE('',*,*,#1206,.T.);
#1609=ORIENTED_EDGE('',*,*,#1207,.T.);
#1610=ORIENTED_EDGE('',*,*,#1208,.F.);
#1611=ORIENTED_EDGE('',*,*,#1186,.F.);
#1612=ORIENTED_EDGE('',*,*,#1209,.F.);
#1613=ORIENTED_EDGE('',*,*,#1210,.F.);
#1614=ORIENTED_EDGE('',*,*,#1211,.T.);
#1615=ORIENTED_EDGE('',*,*,#1212,.F.);
#1616=ORIENTED_EDGE('',*,*,#1213,.F.);
#1617=ORIENTED_EDGE('',*,*,#1214,.F.);
#1618=ORIENTED_EDGE('',*,*,#1215,.F.);
#1619=ORIENTED_EDGE('',*,*,#1216,.F.);
#1620=ORIENTED_EDGE('',*,*,#1217,.F.);
#1621=ORIENTED_EDGE('',*,*,#1207,.F.);
#1622=ORIENTED_EDGE('',*,*,#1218,.T.);
#1623=ORIENTED_EDGE('',*,*,#1202,.F.);
#1624=ORIENTED_EDGE('',*,*,#1219,.T.);
#1625=ORIENTED_EDGE('',*,*,#1220,.T.);
#1626=ORIENTED_EDGE('',*,*,#1212,.T.);
#1627=ORIENTED_EDGE('',*,*,#1199,.F.);
#1628=ORIENTED_EDGE('',*,*,#1221,.F.);
#1629=ORIENTED_EDGE('',*,*,#1222,.F.);
#1630=ORIENTED_EDGE('',*,*,#1219,.F.);
#1631=ORIENTED_EDGE('',*,*,#1196,.F.);
#1632=ORIENTED_EDGE('',*,*,#1223,.T.);
#1633=ORIENTED_EDGE('',*,*,#1224,.F.);
#1634=ORIENTED_EDGE('',*,*,#1221,.T.);
#1635=ORIENTED_EDGE('',*,*,#1195,.F.);
#1636=ORIENTED_EDGE('',*,*,#1225,.F.);
#1637=ORIENTED_EDGE('',*,*,#1226,.F.);
#1638=ORIENTED_EDGE('',*,*,#1227,.F.);
#1639=ORIENTED_EDGE('',*,*,#1228,.F.);
#1640=ORIENTED_EDGE('',*,*,#1223,.F.);
#1641=ORIENTED_EDGE('',*,*,#1229,.T.);
#1642=ORIENTED_EDGE('',*,*,#1230,.T.);
#1643=ORIENTED_EDGE('',*,*,#1208,.T.);
#1644=ORIENTED_EDGE('',*,*,#1217,.T.);
#1645=ORIENTED_EDGE('',*,*,#1231,.T.);
#1646=ORIENTED_EDGE('',*,*,#1232,.T.);
#1647=ORIENTED_EDGE('',*,*,#1229,.F.);
#1648=ORIENTED_EDGE('',*,*,#1233,.T.);
#1649=ORIENTED_EDGE('',*,*,#1234,.T.);
#1650=ORIENTED_EDGE('',*,*,#1231,.F.);
#1651=ORIENTED_EDGE('',*,*,#1235,.T.);
#1652=ORIENTED_EDGE('',*,*,#1183,.T.);
#1653=ORIENTED_EDGE('',*,*,#1235,.F.);
#1654=ORIENTED_EDGE('',*,*,#1236,.F.);
#1655=ORIENTED_EDGE('',*,*,#1237,.F.);
#1656=ORIENTED_EDGE('',*,*,#1238,.F.);
#1657=ORIENTED_EDGE('',*,*,#1189,.F.);
#1658=ORIENTED_EDGE('',*,*,#1184,.F.);
#1659=ORIENTED_EDGE('',*,*,#1233,.F.);
#1660=ORIENTED_EDGE('',*,*,#1216,.T.);
#1661=ORIENTED_EDGE('',*,*,#1239,.F.);
#1662=ORIENTED_EDGE('',*,*,#1236,.T.);
#1663=ORIENTED_EDGE('',*,*,#1160,.T.);
#1664=ORIENTED_EDGE('',*,*,#1240,.T.);
#1665=ORIENTED_EDGE('',*,*,#1241,.T.);
#1666=ORIENTED_EDGE('',*,*,#1242,.T.);
#1667=ORIENTED_EDGE('',*,*,#1243,.T.);
#1668=ORIENTED_EDGE('',*,*,#1094,.T.);
#1669=ORIENTED_EDGE('',*,*,#1244,.T.);
#1670=ORIENTED_EDGE('',*,*,#1245,.T.);
#1671=ORIENTED_EDGE('',*,*,#1246,.T.);
#1672=ORIENTED_EDGE('',*,*,#1154,.F.);
#1673=ORIENTED_EDGE('',*,*,#1157,.F.);
#1674=ORIENTED_EDGE('',*,*,#1171,.T.);
#1675=ORIENTED_EDGE('',*,*,#1247,.T.);
#1676=ORIENTED_EDGE('',*,*,#1248,.T.);
#1677=ORIENTED_EDGE('',*,*,#1249,.T.);
#1678=ORIENTED_EDGE('',*,*,#1248,.F.);
#1679=ORIENTED_EDGE('',*,*,#1250,.T.);
#1680=ORIENTED_EDGE('',*,*,#1243,.F.);
#1681=ORIENTED_EDGE('',*,*,#1244,.F.);
#1682=ORIENTED_EDGE('',*,*,#1251,.T.);
#1683=ORIENTED_EDGE('',*,*,#1241,.F.);
#1684=ORIENTED_EDGE('',*,*,#1122,.F.);
#1685=ORIENTED_EDGE('',*,*,#1246,.F.);
#1686=ORIENTED_EDGE('',*,*,#1252,.F.);
#1687=ORIENTED_EDGE('',*,*,#1242,.F.);
#1688=ORIENTED_EDGE('',*,*,#1253,.F.);
#1689=ORIENTED_EDGE('',*,*,#1254,.F.);
#1690=ORIENTED_EDGE('',*,*,#1255,.T.);
#1691=ORIENTED_EDGE('',*,*,#1256,.T.);
#1692=ORIENTED_EDGE('',*,*,#1257,.F.);
#1693=ORIENTED_EDGE('',*,*,#1258,.T.);
#1694=ORIENTED_EDGE('',*,*,#1259,.F.);
#1695=ORIENTED_EDGE('',*,*,#1260,.F.);
#1696=ORIENTED_EDGE('',*,*,#1161,.T.);
#1697=ORIENTED_EDGE('',*,*,#1251,.F.);
#1698=ORIENTED_EDGE('',*,*,#1097,.T.);
#1699=ORIENTED_EDGE('',*,*,#1261,.F.);
#1700=ORIENTED_EDGE('',*,*,#1253,.T.);
#1701=ORIENTED_EDGE('',*,*,#1169,.T.);
#1702=ORIENTED_EDGE('',*,*,#1262,.T.);
#1703=ORIENTED_EDGE('',*,*,#1263,.T.);
#1704=ORIENTED_EDGE('',*,*,#1264,.T.);
#1705=ORIENTED_EDGE('',*,*,#1265,.T.);
#1706=ORIENTED_EDGE('',*,*,#1052,.T.);
#1707=ORIENTED_EDGE('',*,*,#1266,.T.);
#1708=ORIENTED_EDGE('',*,*,#1267,.T.);
#1709=ORIENTED_EDGE('',*,*,#1209,.T.);
#1710=ORIENTED_EDGE('',*,*,#1188,.F.);
#1711=ORIENTED_EDGE('',*,*,#1203,.F.);
#1712=ORIENTED_EDGE('',*,*,#1162,.T.);
#1713=ORIENTED_EDGE('',*,*,#1260,.T.);
#1714=ORIENTED_EDGE('',*,*,#1268,.T.);
#1715=ORIENTED_EDGE('',*,*,#1269,.T.);
#1716=ORIENTED_EDGE('',*,*,#1268,.F.);
#1717=ORIENTED_EDGE('',*,*,#1270,.T.);
#1718=ORIENTED_EDGE('',*,*,#1265,.F.);
#1719=ORIENTED_EDGE('',*,*,#1266,.F.);
#1720=ORIENTED_EDGE('',*,*,#1271,.T.);
#1721=ORIENTED_EDGE('',*,*,#1263,.F.);
#1722=ORIENTED_EDGE('',*,*,#1271,.F.);
#1723=ORIENTED_EDGE('',*,*,#1055,.T.);
#1724=ORIENTED_EDGE('',*,*,#1272,.F.);
#1725=ORIENTED_EDGE('',*,*,#1273,.T.);
#1726=ORIENTED_EDGE('',*,*,#1270,.F.);
#1727=ORIENTED_EDGE('',*,*,#1259,.T.);
#1728=ORIENTED_EDGE('',*,*,#1274,.T.);
#1729=ORIENTED_EDGE('',*,*,#1053,.T.);
#1730=ORIENTED_EDGE('',*,*,#1250,.F.);
#1731=ORIENTED_EDGE('',*,*,#1275,.T.);
#1732=ORIENTED_EDGE('',*,*,#1276,.T.);
#1733=ORIENTED_EDGE('',*,*,#1095,.T.);
#1734=ORIENTED_EDGE('',*,*,#1261,.T.);
#1735=ORIENTED_EDGE('',*,*,#1096,.T.);
#1736=ORIENTED_EDGE('',*,*,#1276,.F.);
#1737=ORIENTED_EDGE('',*,*,#1277,.T.);
#1738=ORIENTED_EDGE('',*,*,#1272,.T.);
#1739=ORIENTED_EDGE('',*,*,#1054,.T.);
#1740=ORIENTED_EDGE('',*,*,#1274,.F.);
#1741=ORIENTED_EDGE('',*,*,#1278,.T.);
#1742=ORIENTED_EDGE('',*,*,#1152,.T.);
#1743=ORIENTED_EDGE('',*,*,#1123,.F.);
#1744=ORIENTED_EDGE('',*,*,#1252,.T.);
#1745=ORIENTED_EDGE('',*,*,#1249,.F.);
#1746=ORIENTED_EDGE('',*,*,#1245,.F.);
#1747=ORIENTED_EDGE('',*,*,#1240,.F.);
#1748=ORIENTED_EDGE('',*,*,#1159,.T.);
#1749=ORIENTED_EDGE('',*,*,#1141,.F.);
#1750=ORIENTED_EDGE('',*,*,#1145,.T.);
#1751=ORIENTED_EDGE('',*,*,#1144,.F.);
#1752=ORIENTED_EDGE('',*,*,#1147,.F.);
#1753=ORIENTED_EDGE('',*,*,#1150,.F.);
#1754=ORIENTED_EDGE('',*,*,#1234,.F.);
#1755=ORIENTED_EDGE('',*,*,#1187,.F.);
#1756=ORIENTED_EDGE('',*,*,#1210,.T.);
#1757=ORIENTED_EDGE('',*,*,#1269,.F.);
#1758=ORIENTED_EDGE('',*,*,#1267,.F.);
#1759=ORIENTED_EDGE('',*,*,#1262,.F.);
#1760=ORIENTED_EDGE('',*,*,#1168,.T.);
#1761=ORIENTED_EDGE('',*,*,#1205,.F.);
#1762=ORIENTED_EDGE('',*,*,#1200,.F.);
#1763=ORIENTED_EDGE('',*,*,#1218,.F.);
#1764=ORIENTED_EDGE('',*,*,#1211,.F.);
#1765=ORIENTED_EDGE('',*,*,#1206,.F.);
#1766=ORIENTED_EDGE('',*,*,#1230,.F.);
#1767=ORIENTED_EDGE('',*,*,#1232,.F.);
#1768=ORIENTED_EDGE('',*,*,#1247,.F.);
#1769=ORIENTED_EDGE('',*,*,#1170,.F.);
#1770=ORIENTED_EDGE('',*,*,#1264,.F.);
#1771=ORIENTED_EDGE('',*,*,#1273,.F.);
#1772=ORIENTED_EDGE('',*,*,#1279,.F.);
#1773=ORIENTED_EDGE('',*,*,#1280,.F.);
#1774=ORIENTED_EDGE('',*,*,#1281,.F.);
#1775=ORIENTED_EDGE('',*,*,#1282,.F.);
#1776=ORIENTED_EDGE('',*,*,#1283,.T.);
#1777=ORIENTED_EDGE('',*,*,#1275,.F.);
#1778=ORIENTED_EDGE('',*,*,#1072,.F.);
#1779=ORIENTED_EDGE('',*,*,#1284,.F.);
#1780=ORIENTED_EDGE('',*,*,#1067,.F.);
#1781=ORIENTED_EDGE('',*,*,#1285,.F.);
#1782=ORIENTED_EDGE('',*,*,#1084,.F.);
#1783=ORIENTED_EDGE('',*,*,#1286,.F.);
#1784=ORIENTED_EDGE('',*,*,#1062,.F.);
#1785=ORIENTED_EDGE('',*,*,#1287,.F.);
#1786=ORIENTED_EDGE('',*,*,#1109,.F.);
#1787=ORIENTED_EDGE('',*,*,#1288,.F.);
#1788=ORIENTED_EDGE('',*,*,#1105,.F.);
#1789=ORIENTED_EDGE('',*,*,#1289,.F.);
#1790=ORIENTED_EDGE('',*,*,#1117,.F.);
#1791=ORIENTED_EDGE('',*,*,#1290,.F.);
#1792=ORIENTED_EDGE('',*,*,#1113,.F.);
#1793=ORIENTED_EDGE('',*,*,#1291,.F.);
#1794=ORIENTED_EDGE('',*,*,#1158,.F.);
#1795=ORIENTED_EDGE('',*,*,#1292,.T.);
#1796=ORIENTED_EDGE('',*,*,#1293,.T.);
#1797=ORIENTED_EDGE('',*,*,#1179,.T.);
#1798=ORIENTED_EDGE('',*,*,#1126,.F.);
#1799=ORIENTED_EDGE('',*,*,#1294,.T.);
#1800=ORIENTED_EDGE('',*,*,#1180,.T.);
#1801=ORIENTED_EDGE('',*,*,#1293,.F.);
#1802=ORIENTED_EDGE('',*,*,#1295,.T.);
#1803=ORIENTED_EDGE('',*,*,#1296,.T.);
#1804=ORIENTED_EDGE('',*,*,#1297,.T.);
#1805=ORIENTED_EDGE('',*,*,#1294,.F.);
#1806=ORIENTED_EDGE('',*,*,#1298,.T.);
#1807=ORIENTED_EDGE('',*,*,#1239,.T.);
#1808=ORIENTED_EDGE('',*,*,#1215,.T.);
#1809=ORIENTED_EDGE('',*,*,#1299,.T.);
#1810=ORIENTED_EDGE('',*,*,#1300,.T.);
#1811=ORIENTED_EDGE('',*,*,#1301,.T.);
#1812=ORIENTED_EDGE('',*,*,#1302,.T.);
#1813=ORIENTED_EDGE('',*,*,#1299,.F.);
#1814=ORIENTED_EDGE('',*,*,#1303,.T.);
#1815=ORIENTED_EDGE('',*,*,#1301,.F.);
#1816=ORIENTED_EDGE('',*,*,#1304,.T.);
#1817=ORIENTED_EDGE('',*,*,#1296,.F.);
#1818=ORIENTED_EDGE('',*,*,#1305,.T.);
#1819=ORIENTED_EDGE('',*,*,#1153,.F.);
#1820=ORIENTED_EDGE('',*,*,#1306,.F.);
#1821=ORIENTED_EDGE('',*,*,#1307,.F.);
#1822=ORIENTED_EDGE('',*,*,#1292,.F.);
#1823=ORIENTED_EDGE('',*,*,#1155,.F.);
#1824=ORIENTED_EDGE('',*,*,#1120,.F.);
#1825=ORIENTED_EDGE('',*,*,#1297,.F.);
#1826=ORIENTED_EDGE('',*,*,#1304,.F.);
#1827=ORIENTED_EDGE('',*,*,#1303,.F.);
#1828=ORIENTED_EDGE('',*,*,#1214,.T.);
#1829=ORIENTED_EDGE('',*,*,#1308,.F.);
#1830=ORIENTED_EDGE('',*,*,#1309,.T.);
#1831=ORIENTED_EDGE('',*,*,#1310,.T.);
#1832=ORIENTED_EDGE('',*,*,#1181,.T.);
#1833=ORIENTED_EDGE('',*,*,#1204,.F.);
#1834=ORIENTED_EDGE('',*,*,#1238,.T.);
#1835=ORIENTED_EDGE('',*,*,#1311,.T.);
#1836=ORIENTED_EDGE('',*,*,#1225,.T.);
#1837=ORIENTED_EDGE('',*,*,#1192,.F.);
#1838=ORIENTED_EDGE('',*,*,#1312,.T.);
#1839=ORIENTED_EDGE('',*,*,#1226,.T.);
#1840=ORIENTED_EDGE('',*,*,#1311,.F.);
#1841=ORIENTED_EDGE('',*,*,#1313,.T.);
#1842=ORIENTED_EDGE('',*,*,#1314,.T.);
#1843=ORIENTED_EDGE('',*,*,#1315,.T.);
#1844=ORIENTED_EDGE('',*,*,#1312,.F.);
#1845=ORIENTED_EDGE('',*,*,#1316,.T.);
#1846=ORIENTED_EDGE('',*,*,#1317,.T.);
#1847=ORIENTED_EDGE('',*,*,#1318,.T.);
#1848=ORIENTED_EDGE('',*,*,#1319,.T.);
#1849=ORIENTED_EDGE('',*,*,#1320,.T.);
#1850=ORIENTED_EDGE('',*,*,#1151,.F.);
#1851=ORIENTED_EDGE('',*,*,#1321,.T.);
#1852=ORIENTED_EDGE('',*,*,#1317,.F.);
#1853=ORIENTED_EDGE('',*,*,#1306,.T.);
#1854=ORIENTED_EDGE('',*,*,#1322,.T.);
#1855=ORIENTED_EDGE('',*,*,#1323,.T.);
#1856=ORIENTED_EDGE('',*,*,#1319,.F.);
#1857=ORIENTED_EDGE('',*,*,#1324,.T.);
#1858=ORIENTED_EDGE('',*,*,#1322,.F.);
#1859=ORIENTED_EDGE('',*,*,#1325,.T.);
#1860=ORIENTED_EDGE('',*,*,#1314,.F.);
#1861=ORIENTED_EDGE('',*,*,#1326,.T.);
#1862=ORIENTED_EDGE('',*,*,#1315,.F.);
#1863=ORIENTED_EDGE('',*,*,#1325,.F.);
#1864=ORIENTED_EDGE('',*,*,#1324,.F.);
#1865=ORIENTED_EDGE('',*,*,#1327,.T.);
#1866=ORIENTED_EDGE('',*,*,#1328,.F.);
#1867=ORIENTED_EDGE('',*,*,#1329,.T.);
#1868=ORIENTED_EDGE('',*,*,#1330,.T.);
#1869=ORIENTED_EDGE('',*,*,#1227,.T.);
#1870=ORIENTED_EDGE('',*,*,#1148,.F.);
#1871=ORIENTED_EDGE('',*,*,#1174,.F.);
#1872=ORIENTED_EDGE('',*,*,#1331,.F.);
#1873=ORIENTED_EDGE('',*,*,#1327,.F.);
#1874=ORIENTED_EDGE('',*,*,#1318,.F.);
#1875=ORIENTED_EDGE('',*,*,#1321,.F.);
#1876=ORIENTED_EDGE('',*,*,#1308,.T.);
#1877=ORIENTED_EDGE('',*,*,#1213,.T.);
#1878=ORIENTED_EDGE('',*,*,#1220,.F.);
#1879=ORIENTED_EDGE('',*,*,#1332,.T.);
#1880=ORIENTED_EDGE('',*,*,#1178,.T.);
#1881=ORIENTED_EDGE('',*,*,#1182,.T.);
#1882=ORIENTED_EDGE('',*,*,#1310,.F.);
#1883=ORIENTED_EDGE('',*,*,#1333,.T.);
#1884=ORIENTED_EDGE('',*,*,#1333,.F.);
#1885=ORIENTED_EDGE('',*,*,#1334,.T.);
#1886=ORIENTED_EDGE('',*,*,#1335,.F.);
#1887=ORIENTED_EDGE('',*,*,#1176,.F.);
#1888=ORIENTED_EDGE('',*,*,#1309,.F.);
#1889=ORIENTED_EDGE('',*,*,#1336,.T.);
#1890=ORIENTED_EDGE('',*,*,#1329,.F.);
#1891=ORIENTED_EDGE('',*,*,#1334,.F.);
#1892=ORIENTED_EDGE('',*,*,#1332,.F.);
#1893=ORIENTED_EDGE('',*,*,#1222,.T.);
#1894=ORIENTED_EDGE('',*,*,#1337,.F.);
#1895=ORIENTED_EDGE('',*,*,#1336,.F.);
#1896=ORIENTED_EDGE('',*,*,#1328,.T.);
#1897=ORIENTED_EDGE('',*,*,#1331,.T.);
#1898=ORIENTED_EDGE('',*,*,#1173,.F.);
#1899=ORIENTED_EDGE('',*,*,#1335,.T.);
#1900=ORIENTED_EDGE('',*,*,#1224,.T.);
#1901=ORIENTED_EDGE('',*,*,#1228,.T.);
#1902=ORIENTED_EDGE('',*,*,#1330,.F.);
#1903=ORIENTED_EDGE('',*,*,#1337,.T.);
#1904=ORIENTED_EDGE('',*,*,#1302,.F.);
#1905=ORIENTED_EDGE('',*,*,#1338,.T.);
#1906=ORIENTED_EDGE('',*,*,#1316,.F.);
#1907=ORIENTED_EDGE('',*,*,#1313,.F.);
#1908=ORIENTED_EDGE('',*,*,#1237,.T.);
#1909=ORIENTED_EDGE('',*,*,#1300,.F.);
#1910=ORIENTED_EDGE('',*,*,#1305,.F.);
#1911=ORIENTED_EDGE('',*,*,#1339,.F.);
#1912=ORIENTED_EDGE('',*,*,#1326,.F.);
#1913=ORIENTED_EDGE('',*,*,#1338,.F.);
#1914=ORIENTED_EDGE('',*,*,#1295,.F.);
#1915=ORIENTED_EDGE('',*,*,#1307,.T.);
#1916=ORIENTED_EDGE('',*,*,#1320,.F.);
#1917=ORIENTED_EDGE('',*,*,#1323,.F.);
#1918=ORIENTED_EDGE('',*,*,#1339,.T.);
#1919=ORIENTED_EDGE('',*,*,#1298,.F.);
#1920=ORIENTED_EDGE('',*,*,#1340,.F.);
#1921=ORIENTED_EDGE('',*,*,#1256,.F.);
#1922=ORIENTED_EDGE('',*,*,#1341,.F.);
#1923=ORIENTED_EDGE('',*,*,#1281,.T.);
#1924=ORIENTED_EDGE('',*,*,#1285,.T.);
#1925=ORIENTED_EDGE('',*,*,#1342,.T.);
#1926=ORIENTED_EDGE('',*,*,#1343,.F.);
#1927=ORIENTED_EDGE('',*,*,#1342,.F.);
#1928=ORIENTED_EDGE('',*,*,#1286,.T.);
#1929=ORIENTED_EDGE('',*,*,#1344,.T.);
#1930=ORIENTED_EDGE('',*,*,#1345,.F.);
#1931=ORIENTED_EDGE('',*,*,#1344,.F.);
#1932=ORIENTED_EDGE('',*,*,#1284,.T.);
#1933=ORIENTED_EDGE('',*,*,#1346,.T.);
#1934=ORIENTED_EDGE('',*,*,#1347,.F.);
#1935=ORIENTED_EDGE('',*,*,#1346,.F.);
#1936=ORIENTED_EDGE('',*,*,#1287,.T.);
#1937=ORIENTED_EDGE('',*,*,#1348,.T.);
#1938=ORIENTED_EDGE('',*,*,#1349,.F.);
#1939=ORIENTED_EDGE('',*,*,#1348,.F.);
#1940=ORIENTED_EDGE('',*,*,#1278,.F.);
#1941=ORIENTED_EDGE('',*,*,#1258,.F.);
#1942=ORIENTED_EDGE('',*,*,#1350,.F.);
#1943=ORIENTED_EDGE('',*,*,#1279,.T.);
#1944=ORIENTED_EDGE('',*,*,#1340,.T.);
#1945=ORIENTED_EDGE('',*,*,#1280,.T.);
#1946=ORIENTED_EDGE('',*,*,#1350,.T.);
#1947=ORIENTED_EDGE('',*,*,#1257,.T.);
#1948=ORIENTED_EDGE('',*,*,#1078,.T.);
#1949=ORIENTED_EDGE('',*,*,#1118,.T.);
#1950=ORIENTED_EDGE('',*,*,#1349,.T.);
#1951=ORIENTED_EDGE('',*,*,#1347,.T.);
#1952=ORIENTED_EDGE('',*,*,#1345,.T.);
#1953=ORIENTED_EDGE('',*,*,#1343,.T.);
#1954=ORIENTED_EDGE('',*,*,#1289,.T.);
#1955=ORIENTED_EDGE('',*,*,#1351,.T.);
#1956=ORIENTED_EDGE('',*,*,#1352,.T.);
#1957=ORIENTED_EDGE('',*,*,#1351,.F.);
#1958=ORIENTED_EDGE('',*,*,#1290,.T.);
#1959=ORIENTED_EDGE('',*,*,#1353,.T.);
#1960=ORIENTED_EDGE('',*,*,#1354,.T.);
#1961=ORIENTED_EDGE('',*,*,#1353,.F.);
#1962=ORIENTED_EDGE('',*,*,#1288,.T.);
#1963=ORIENTED_EDGE('',*,*,#1355,.T.);
#1964=ORIENTED_EDGE('',*,*,#1356,.T.);
#1965=ORIENTED_EDGE('',*,*,#1355,.F.);
#1966=ORIENTED_EDGE('',*,*,#1291,.T.);
#1967=ORIENTED_EDGE('',*,*,#1357,.T.);
#1968=ORIENTED_EDGE('',*,*,#1358,.T.);
#1969=ORIENTED_EDGE('',*,*,#1357,.F.);
#1970=ORIENTED_EDGE('',*,*,#1277,.F.);
#1971=ORIENTED_EDGE('',*,*,#1283,.F.);
#1972=ORIENTED_EDGE('',*,*,#1359,.T.);
#1973=ORIENTED_EDGE('',*,*,#1254,.T.);
#1974=ORIENTED_EDGE('',*,*,#1341,.T.);
#1975=ORIENTED_EDGE('',*,*,#1255,.F.);
#1976=ORIENTED_EDGE('',*,*,#1359,.F.);
#1977=ORIENTED_EDGE('',*,*,#1282,.T.);
#1978=ORIENTED_EDGE('',*,*,#1092,.T.);
#1979=ORIENTED_EDGE('',*,*,#1119,.T.);
#1980=ORIENTED_EDGE('',*,*,#1358,.F.);
#1981=ORIENTED_EDGE('',*,*,#1356,.F.);
#1982=ORIENTED_EDGE('',*,*,#1354,.F.);
#1983=ORIENTED_EDGE('',*,*,#1352,.F.);
#1984=TOROIDAL_SURFACE('',#2159,3.2,0.5);
#1985=TOROIDAL_SURFACE('',#2173,3.2,0.5);
#1986=TOROIDAL_SURFACE('',#2179,3.2,0.5);
#1987=TOROIDAL_SURFACE('',#2185,3.59999999999999,0.5);
#1988=TOROIDAL_SURFACE('',#2187,3.49999999999998,0.5);
#1989=TOROIDAL_SURFACE('',#2191,3.2,0.5);
#1990=TOROIDAL_SURFACE('',#2197,3.59999999999999,0.5);
#1991=TOROIDAL_SURFACE('',#2200,3.49999999999998,0.5);
#1992=TOROIDAL_SURFACE('',#2211,3.2,0.5);
#1993=TOROIDAL_SURFACE('',#2216,3.2,0.5);
#1994=TOROIDAL_SURFACE('',#2221,3.2,0.5);
#1995=TOROIDAL_SURFACE('',#2226,3.2,0.5);
#1996=TOROIDAL_SURFACE('',#2239,0.7,0.2);
#1997=TOROIDAL_SURFACE('',#2258,0.7,0.2);
#1998=TOROIDAL_SURFACE('',#2266,11.0000001341105,2.);
#1999=TOROIDAL_SURFACE('',#2272,11.0000001341105,2.);
#2000=TOROIDAL_SURFACE('',#2284,0.7,0.2);
#2001=TOROIDAL_SURFACE('',#2294,0.7,0.2);
#2002=TOROIDAL_SURFACE('',#2304,11.0000001341105,2.);
#2003=TOROIDAL_SURFACE('',#2309,11.0000001341105,2.);
#2004=TOROIDAL_SURFACE('',#2357,11.,1.);
#2005=TOROIDAL_SURFACE('',#2359,11.,1.);
#2006=TOROIDAL_SURFACE('',#2382,9.5,0.5);
#2007=TOROIDAL_SURFACE('',#2386,9.5,0.5);
#2008=TOROIDAL_SURFACE('',#2391,11.0000001341104,2.);
#2009=TOROIDAL_SURFACE('',#2397,9.5,0.5);
#2010=TOROIDAL_SURFACE('',#2401,9.5,0.5);
#2011=TOROIDAL_SURFACE('',#2408,11.0000001341104,2.);
#2012=ADVANCED_FACE('',(#413),#1984,.T.);
#2013=ADVANCED_FACE('',(#414,#141,#142,#143,#144,#145),#383,.T.);
#2014=ADVANCED_FACE('',(#415),#84,.F.);
#2015=ADVANCED_FACE('',(#416),#1985,.T.);
#2016=ADVANCED_FACE('',(#417),#85,.F.);
#2017=ADVANCED_FACE('',(#418),#1986,.T.);
#2018=ADVANCED_FACE('',(#419),#86,.F.);
#2019=ADVANCED_FACE('',(#420),#1987,.T.);
#2020=ADVANCED_FACE('',(#421),#1988,.T.);
#2021=ADVANCED_FACE('',(#422),#87,.F.);
#2022=ADVANCED_FACE('',(#423),#1989,.T.);
#2023=ADVANCED_FACE('',(#424),#88,.F.);
#2024=ADVANCED_FACE('',(#425),#1990,.T.);
#2025=ADVANCED_FACE('',(#426),#1991,.T.);
#2026=ADVANCED_FACE('',(#427),#89,.F.);
#2027=ADVANCED_FACE('',(#428,#146,#147,#148,#149,#150),#384,.T.);
#2028=ADVANCED_FACE('',(#429),#1992,.T.);
#2029=ADVANCED_FACE('',(#430),#90,.F.);
#2030=ADVANCED_FACE('',(#431),#1993,.T.);
#2031=ADVANCED_FACE('',(#432),#91,.F.);
#2032=ADVANCED_FACE('',(#433),#1994,.T.);
#2033=ADVANCED_FACE('',(#434),#92,.F.);
#2034=ADVANCED_FACE('',(#435),#1995,.T.);
#2035=ADVANCED_FACE('',(#436),#93,.F.);
#2036=ADVANCED_FACE('',(#437),#94,.F.);
#2037=ADVANCED_FACE('',(#438),#95,.F.);
#2038=ADVANCED_FACE('',(#439),#96,.F.);
#2039=ADVANCED_FACE('',(#440),#1996,.F.);
#2040=ADVANCED_FACE('',(#441),#97,.F.);
#2041=ADVANCED_FACE('',(#442),#19,.T.);
#2042=ADVANCED_FACE('',(#443),#98,.F.);
#2043=ADVANCED_FACE('',(#444),#20,.T.);
#2044=ADVANCED_FACE('',(#445),#21,.T.);
#2045=ADVANCED_FACE('',(#446),#99,.F.);
#2046=ADVANCED_FACE('',(#447),#22,.T.);
#2047=ADVANCED_FACE('',(#448),#100,.F.);
#2048=ADVANCED_FACE('',(#449),#101,.F.);
#2049=ADVANCED_FACE('',(#450),#1997,.F.);
#2050=ADVANCED_FACE('',(#451),#385,.T.);
#2051=ADVANCED_FACE('',(#452),#1998,.T.);
#2052=ADVANCED_FACE('',(#453),#102,.F.);
#2053=ADVANCED_FACE('',(#454),#1999,.T.);
#2054=ADVANCED_FACE('',(#455),#386,.F.);
#2055=ADVANCED_FACE('',(#456),#103,.F.);
#2056=ADVANCED_FACE('',(#457),#104,.F.);
#2057=ADVANCED_FACE('',(#458),#2000,.F.);
#2058=ADVANCED_FACE('',(#459),#105,.F.);
#2059=ADVANCED_FACE('',(#460),#23,.T.);
#2060=ADVANCED_FACE('',(#461),#106,.F.);
#2061=ADVANCED_FACE('',(#462),#24,.T.);
#2062=ADVANCED_FACE('',(#463),#2001,.F.);
#2063=ADVANCED_FACE('',(#464),#25,.T.);
#2064=ADVANCED_FACE('',(#465),#387,.T.);
#2065=ADVANCED_FACE('',(#466),#388,.T.);
#2066=ADVANCED_FACE('',(#467),#389,.F.);
#2067=ADVANCED_FACE('',(#468),#2002,.T.);
#2068=ADVANCED_FACE('',(#469),#107,.F.);
#2069=ADVANCED_FACE('',(#470),#2003,.T.);
#2070=ADVANCED_FACE('',(#471),#390,.T.);
#2071=ADVANCED_FACE('',(#472),#108,.F.);
#2072=ADVANCED_FACE('',(#473),#26,.T.);
#2073=ADVANCED_FACE('',(#474),#109,.F.);
#2074=ADVANCED_FACE('',(#475),#391,.T.);
#2075=ADVANCED_FACE('',(#476),#110,.T.);
#2076=ADVANCED_FACE('',(#477),#111,.T.);
#2077=ADVANCED_FACE('',(#478),#112,.T.);
#2078=ADVANCED_FACE('',(#479),#113,.T.);
#2079=ADVANCED_FACE('',(#480),#15,.T.);
#2080=ADVANCED_FACE('',(#481),#16,.T.);
#2081=ADVANCED_FACE('',(#482),#392,.T.);
#2082=ADVANCED_FACE('',(#483),#393,.T.);
#2083=ADVANCED_FACE('',(#484),#114,.T.);
#2084=ADVANCED_FACE('',(#485),#115,.T.);
#2085=ADVANCED_FACE('',(#486),#116,.T.);
#2086=ADVANCED_FACE('',(#487),#117,.T.);
#2087=ADVANCED_FACE('',(#488),#17,.T.);
#2088=ADVANCED_FACE('',(#489),#18,.T.);
#2089=ADVANCED_FACE('',(#490),#118,.T.);
#2090=ADVANCED_FACE('',(#491),#119,.T.);
#2091=ADVANCED_FACE('',(#492),#120,.T.);
#2092=ADVANCED_FACE('',(#493),#2004,.T.);
#2093=ADVANCED_FACE('',(#494),#2005,.T.);
#2094=ADVANCED_FACE('',(#495),#394,.T.);
#2095=ADVANCED_FACE('',(#496),#395,.T.);
#2096=ADVANCED_FACE('',(#497),#396,.T.);
#2097=ADVANCED_FACE('',(#498,#151),#397,.T.);
#2098=ADVANCED_FACE('',(#499,#152),#398,.T.);
#2099=ADVANCED_FACE('',(#500,#153),#399,.T.);
#2100=ADVANCED_FACE('',(#501,#154),#400,.T.);
#2101=ADVANCED_FACE('',(#502,#155),#401,.T.);
#2102=ADVANCED_FACE('',(#503,#156),#402,.T.);
#2103=ADVANCED_FACE('',(#504,#157),#403,.T.);
#2104=ADVANCED_FACE('',(#505,#158),#404,.T.);
#2105=ADVANCED_FACE('',(#506),#121,.T.);
#2106=ADVANCED_FACE('',(#507),#2006,.T.);
#2107=ADVANCED_FACE('',(#508),#27,.F.);
#2108=ADVANCED_FACE('',(#509),#2007,.T.);
#2109=ADVANCED_FACE('',(#510),#28,.F.);
#2110=ADVANCED_FACE('',(#511),#29,.F.);
#2111=ADVANCED_FACE('',(#512),#405,.T.);
#2112=ADVANCED_FACE('',(#513),#2008,.T.);
#2113=ADVANCED_FACE('',(#514),#122,.T.);
#2114=ADVANCED_FACE('',(#515),#2009,.T.);
#2115=ADVANCED_FACE('',(#516),#30,.F.);
#2116=ADVANCED_FACE('',(#517),#2010,.T.);
#2117=ADVANCED_FACE('',(#518),#123,.T.);
#2118=ADVANCED_FACE('',(#519),#31,.F.);
#2119=ADVANCED_FACE('',(#520),#32,.F.);
#2120=ADVANCED_FACE('',(#521),#2011,.T.);
#2121=ADVANCED_FACE('',(#522),#406,.T.);
#2122=ADVANCED_FACE('',(#523),#124,.T.);
#2123=ADVANCED_FACE('',(#524),#125,.T.);
#2124=ADVANCED_FACE('',(#525),#407,.T.);
#2125=ADVANCED_FACE('',(#526),#126,.F.);
#2126=ADVANCED_FACE('',(#527),#408,.T.);
#2127=ADVANCED_FACE('',(#528),#127,.T.);
#2128=ADVANCED_FACE('',(#529),#128,.T.);
#2129=ADVANCED_FACE('',(#530),#129,.T.);
#2130=ADVANCED_FACE('',(#531),#409,.T.);
#2131=ADVANCED_FACE('',(#532),#130,.T.);
#2132=ADVANCED_FACE('',(#533),#410,.T.);
#2133=ADVANCED_FACE('',(#534),#131,.F.);
#2134=ADVANCED_FACE('',(#535),#132,.F.);
#2135=ADVANCED_FACE('',(#536),#133,.F.);
#2136=ADVANCED_FACE('',(#537),#134,.F.);
#2137=ADVANCED_FACE('',(#538),#135,.T.);
#2138=ADVANCED_FACE('',(#539,#159,#160,#161,#162,#163),#411,.F.);
#2139=ADVANCED_FACE('',(#540),#136,.F.);
#2140=ADVANCED_FACE('',(#541),#137,.F.);
#2141=ADVANCED_FACE('',(#542),#138,.F.);
#2142=ADVANCED_FACE('',(#543),#139,.F.);
#2143=ADVANCED_FACE('',(#544),#140,.T.);
#2144=ADVANCED_FACE('',(#545,#164,#165,#166,#167,#168),#412,.F.);
#2145=CLOSED_SHELL('',(#2012,#2013,#2014,#2015,#2016,#2017,#2018,#2019,
#2020,#2021,#2022,#2023,#2024,#2025,#2026,#2027,#2028,#2029,#2030,#2031,
#2032,#2033,#2034,#2035,#2036,#2037,#2038,#2039,#2040,#2041,#2042,#2043,
#2044,#2045,#2046,#2047,#2048,#2049,#2050,#2051,#2052,#2053,#2054,#2055,
#2056,#2057,#2058,#2059,#2060,#2061,#2062,#2063,#2064,#2065,#2066,#2067,
#2068,#2069,#2070,#2071,#2072,#2073,#2074,#2075,#2076,#2077,#2078,#2079,
#2080,#2081,#2082,#2083,#2084,#2085,#2086,#2087,#2088,#2089,#2090,#2091,
#2092,#2093,#2094,#2095,#2096,#2097,#2098,#2099,#2100,#2101,#2102,#2103,
#2104,#2105,#2106,#2107,#2108,#2109,#2110,#2111,#2112,#2113,#2114,#2115,
#2116,#2117,#2118,#2119,#2120,#2121,#2122,#2123,#2124,#2125,#2126,#2127,
#2128,#2129,#2130,#2131,#2132,#2133,#2134,#2135,#2136,#2137,#2138,#2139,
#2140,#2141,#2142,#2143,#2144));
#2146=DERIVED_UNIT_ELEMENT(#2148,1.);
#2147=DERIVED_UNIT_ELEMENT(#4439,-3.);
#2148=(
MASS_UNIT()
NAMED_UNIT(*)
SI_UNIT(.KILO.,.GRAM.)
);
#2149=DERIVED_UNIT((#2146,#2147));
#2150=MEASURE_REPRESENTATION_ITEM('density measure',
POSITIVE_RATIO_MEASURE(1120.),#2149);
#2151=PROPERTY_DEFINITION_REPRESENTATION(#2156,#2153);
#2152=PROPERTY_DEFINITION_REPRESENTATION(#2157,#2154);
#2153=REPRESENTATION('material name',(#2155),#4436);
#2154=REPRESENTATION('density',(#2150),#4436);
#2155=DESCRIPTIVE_REPRESENTATION_ITEM('Nylon 6','Nylon 6');
#2156=PROPERTY_DEFINITION('material property','material name',#4446);
#2157=PROPERTY_DEFINITION('material property','density of part',#4446);
#2158=AXIS2_PLACEMENT_3D('',#3132,#2447,#2448);
#2159=AXIS2_PLACEMENT_3D('',#3133,#2449,#2450);
#2160=AXIS2_PLACEMENT_3D('',#3135,#2451,#2452);
#2161=AXIS2_PLACEMENT_3D('',#3137,#2453,#2454);
#2162=AXIS2_PLACEMENT_3D('',#3139,#2455,#2456);
#2163=AXIS2_PLACEMENT_3D('',#3140,#2457,#2458);
#2164=AXIS2_PLACEMENT_3D('',#3141,#2459,#2460);
#2165=AXIS2_PLACEMENT_3D('',#3148,#2463,#2464);
#2166=AXIS2_PLACEMENT_3D('',#3151,#2466,#2467);
#2167=AXIS2_PLACEMENT_3D('',#3154,#2468,#2469);
#2168=AXIS2_PLACEMENT_3D('',#3155,#2470,#2471);
#2169=AXIS2_PLACEMENT_3D('',#3157,#2472,#2473);
#2170=AXIS2_PLACEMENT_3D('',#3159,#2474,#2475);
#2171=AXIS2_PLACEMENT_3D('',#3160,#2476,#2477);
#2172=AXIS2_PLACEMENT_3D('',#3163,#2479,#2480);
#2173=AXIS2_PLACEMENT_3D('',#3164,#2481,#2482);
#2174=AXIS2_PLACEMENT_3D('',#3166,#2483,#2484);
#2175=AXIS2_PLACEMENT_3D('',#3168,#2485,#2486);
#2176=AXIS2_PLACEMENT_3D('',#3169,#2487,#2488);
#2177=AXIS2_PLACEMENT_3D('',#3170,#2489,#2490);
#2178=AXIS2_PLACEMENT_3D('',#3173,#2492,#2493);
#2179=AXIS2_PLACEMENT_3D('',#3174,#2494,#2495);
#2180=AXIS2_PLACEMENT_3D('',#3176,#2496,#2497);
#2181=AXIS2_PLACEMENT_3D('',#3178,#2498,#2499);
#2182=AXIS2_PLACEMENT_3D('',#3179,#2500,#2501);
#2183=AXIS2_PLACEMENT_3D('',#3180,#2502,#2503);
#2184=AXIS2_PLACEMENT_3D('',#3183,#2505,#2506);
#2185=AXIS2_PLACEMENT_3D('',#3184,#2507,#2508);
#2186=AXIS2_PLACEMENT_3D('',#3187,#2509,#2510);
#2187=AXIS2_PLACEMENT_3D('',#3212,#2511,#2512);
#2188=AXIS2_PLACEMENT_3D('',#3213,#2513,#2514);
#2189=AXIS2_PLACEMENT_3D('',#3214,#2515,#2516);
#2190=AXIS2_PLACEMENT_3D('',#3218,#2518,#2519);
#2191=AXIS2_PLACEMENT_3D('',#3220,#2521,#2522);
#2192=AXIS2_PLACEMENT_3D('',#3222,#2523,#2524);
#2193=AXIS2_PLACEMENT_3D('',#3224,#2525,#2526);
#2194=AXIS2_PLACEMENT_3D('',#3225,#2527,#2528);
#2195=AXIS2_PLACEMENT_3D('',#3226,#2529,#2530);
#2196=AXIS2_PLACEMENT_3D('',#3229,#2532,#2533);
#2197=AXIS2_PLACEMENT_3D('',#3230,#2534,#2535);
#2198=AXIS2_PLACEMENT_3D('',#3233,#2536,#2537);
#2199=AXIS2_PLACEMENT_3D('',#3248,#2538,#2539);
#2200=AXIS2_PLACEMENT_3D('',#3261,#2540,#2541);
#2201=AXIS2_PLACEMENT_3D('',#3262,#2542,#2543);
#2202=AXIS2_PLACEMENT_3D('',#3263,#2544,#2545);
#2203=AXIS2_PLACEMENT_3D('',#3264,#2546,#2547);
#2204=AXIS2_PLACEMENT_3D('',#3268,#2549,#2550);
#2205=AXIS2_PLACEMENT_3D('',#3270,#2552,#2553);
#2206=AXIS2_PLACEMENT_3D('',#3277,#2556,#2557);
#2207=AXIS2_PLACEMENT_3D('',#3280,#2559,#2560);
#2208=AXIS2_PLACEMENT_3D('',#3282,#2561,#2562);
#2209=AXIS2_PLACEMENT_3D('',#3284,#2563,#2564);
#2210=AXIS2_PLACEMENT_3D('',#3286,#2565,#2566);
#2211=AXIS2_PLACEMENT_3D('',#3287,#2567,#2568);
#2212=AXIS2_PLACEMENT_3D('',#3289,#2569,#2570);
#2213=AXIS2_PLACEMENT_3D('',#3290,#2571,#2572);
#2214=AXIS2_PLACEMENT_3D('',#3291,#2573,#2574);
#2215=AXIS2_PLACEMENT_3D('',#3294,#2576,#2577);
#2216=AXIS2_PLACEMENT_3D('',#3295,#2578,#2579);
#2217=AXIS2_PLACEMENT_3D('',#3297,#2580,#2581);
#2218=AXIS2_PLACEMENT_3D('',#3298,#2582,#2583);
#2219=AXIS2_PLACEMENT_3D('',#3299,#2584,#2585);
#2220=AXIS2_PLACEMENT_3D('',#3302,#2587,#2588);
#2221=AXIS2_PLACEMENT_3D('',#3303,#2589,#2590);
#2222=AXIS2_PLACEMENT_3D('',#3305,#2591,#2592);
#2223=AXIS2_PLACEMENT_3D('',#3306,#2593,#2594);
#2224=AXIS2_PLACEMENT_3D('',#3307,#2595,#2596);
#2225=AXIS2_PLACEMENT_3D('',#3310,#2598,#2599);
#2226=AXIS2_PLACEMENT_3D('',#3311,#2600,#2601);
#2227=AXIS2_PLACEMENT_3D('',#3313,#2602,#2603);
#2228=AXIS2_PLACEMENT_3D('',#3314,#2604,#2605);
#2229=AXIS2_PLACEMENT_3D('',#3315,#2606,#2607);
#2230=AXIS2_PLACEMENT_3D('',#3318,#2609,#2610);
#2231=AXIS2_PLACEMENT_3D('',#3319,#2611,#2612);
#2232=AXIS2_PLACEMENT_3D('',#3320,#2613,#2614);
#2233=AXIS2_PLACEMENT_3D('',#3321,#2615,#2616);
#2234=AXIS2_PLACEMENT_3D('',#3322,#2617,#2618);
#2235=AXIS2_PLACEMENT_3D('',#3323,#2619,#2620);
#2236=AXIS2_PLACEMENT_3D('',#3328,#2622,#2623);
#2237=AXIS2_PLACEMENT_3D('',#3332,#2625,#2626);
#2238=AXIS2_PLACEMENT_3D('',#3333,#2627,#2628);
#2239=AXIS2_PLACEMENT_3D('',#3334,#2629,#2630);
#2240=AXIS2_PLACEMENT_3D('',#3337,#2631,#2632);
#2241=AXIS2_PLACEMENT_3D('',#3339,#2633,#2634);
#2242=AXIS2_PLACEMENT_3D('',#3341,#2635,#2636);
#2243=AXIS2_PLACEMENT_3D('',#3342,#2637,#2638);
#2244=AXIS2_PLACEMENT_3D('',#3343,#2639,#2640);
#2245=AXIS2_PLACEMENT_3D('',#3346,#2641,#2642);
#2246=AXIS2_PLACEMENT_3D('',#3393,#2645,#2646);
#2247=AXIS2_PLACEMENT_3D('',#3401,#2647,#2648);
#2248=AXIS2_PLACEMENT_3D('',#3404,#2649,#2650);
#2249=AXIS2_PLACEMENT_3D('',#3563,#2653,#2654);
#2250=AXIS2_PLACEMENT_3D('',#3573,#2655,#2656);
#2251=AXIS2_PLACEMENT_3D('',#3576,#2657,#2658);
#2252=AXIS2_PLACEMENT_3D('',#3606,#2661,#2662);
#2253=AXIS2_PLACEMENT_3D('',#3607,#2663,#2664);
#2254=AXIS2_PLACEMENT_3D('',#3608,#2665,#2666);
#2255=AXIS2_PLACEMENT_3D('',#3609,#2667,#2668);
#2256=AXIS2_PLACEMENT_3D('',#3612,#2671,#2672);
#2257=AXIS2_PLACEMENT_3D('',#3620,#2674,#2675);
#2258=AXIS2_PLACEMENT_3D('',#3621,#2676,#2677);
#2259=AXIS2_PLACEMENT_3D('',#3638,#2678,#2679);
#2260=AXIS2_PLACEMENT_3D('',#3639,#2680,#2681);
#2261=AXIS2_PLACEMENT_3D('',#3643,#2683,#2684);
#2262=AXIS2_PLACEMENT_3D('',#3647,#2686,#2687);
#2263=AXIS2_PLACEMENT_3D('',#3649,#2688,#2689);
#2264=AXIS2_PLACEMENT_3D('',#3673,#2693,#2694);
#2265=AXIS2_PLACEMENT_3D('',#3676,#2696,#2697);
#2266=AXIS2_PLACEMENT_3D('',#3677,#2698,#2699);
#2267=AXIS2_PLACEMENT_3D('',#3679,#2700,#2701);
#2268=AXIS2_PLACEMENT_3D('',#3681,#2702,#2703);
#2269=AXIS2_PLACEMENT_3D('',#3682,#2704,#2705);
#2270=AXIS2_PLACEMENT_3D('',#3683,#2706,#2707);
#2271=AXIS2_PLACEMENT_3D('',#3685,#2708,#2709);
#2272=AXIS2_PLACEMENT_3D('',#3687,#2711,#2712);
#2273=AXIS2_PLACEMENT_3D('',#3689,#2713,#2714);
#2274=AXIS2_PLACEMENT_3D('',#3690,#2715,#2716);
#2275=AXIS2_PLACEMENT_3D('',#3691,#2717,#2718);
#2276=AXIS2_PLACEMENT_3D('',#3695,#2720,#2721);
#2277=AXIS2_PLACEMENT_3D('',#3697,#2722,#2723);
#2278=AXIS2_PLACEMENT_3D('',#3699,#2725,#2726);
#2279=AXIS2_PLACEMENT_3D('',#3702,#2727,#2728);
#2280=AXIS2_PLACEMENT_3D('',#3706,#2730,#2731);
#2281=AXIS2_PLACEMENT_3D('',#3709,#2733,#2734);
#2282=AXIS2_PLACEMENT_3D('',#3710,#2735,#2736);
#2283=AXIS2_PLACEMENT_3D('',#3718,#2738,#2739);
#2284=AXIS2_PLACEMENT_3D('',#3719,#2740,#2741);
#2285=AXIS2_PLACEMENT_3D('',#3721,#2742,#2743);
#2286=AXIS2_PLACEMENT_3D('',#3723,#2744,#2745);
#2287=AXIS2_PLACEMENT_3D('',#3724,#2746,#2747);
#2288=AXIS2_PLACEMENT_3D('',#3725,#2748,#2749);
#2289=AXIS2_PLACEMENT_3D('',#3727,#2750,#2751);
#2290=AXIS2_PLACEMENT_3D('',#3772,#2753,#2754);
#2291=AXIS2_PLACEMENT_3D('',#3773,#2755,#2756);
#2292=AXIS2_PLACEMENT_3D('',#3775,#2757,#2758);
#2293=AXIS2_PLACEMENT_3D('',#3845,#2760,#2761);
#2294=AXIS2_PLACEMENT_3D('',#3853,#2762,#2763);
#2295=AXIS2_PLACEMENT_3D('',#3870,#2764,#2765);
#2296=AXIS2_PLACEMENT_3D('',#3901,#2766,#2767);
#2297=AXIS2_PLACEMENT_3D('',#3907,#2770,#2771);
#2298=AXIS2_PLACEMENT_3D('',#3908,#2772,#2773);
#2299=AXIS2_PLACEMENT_3D('',#3910,#2774,#2775);
#2300=AXIS2_PLACEMENT_3D('',#3912,#2777,#2778);
#2301=AXIS2_PLACEMENT_3D('',#3916,#2780,#2781);
#2302=AXIS2_PLACEMENT_3D('',#3920,#2783,#2784);
#2303=AXIS2_PLACEMENT_3D('',#3922,#2785,#2786);
#2304=AXIS2_PLACEMENT_3D('',#3926,#2789,#2790);
#2305=AXIS2_PLACEMENT_3D('',#3934,#2791,#2792);
#2306=AXIS2_PLACEMENT_3D('',#3935,#2793,#2794);
#2307=AXIS2_PLACEMENT_3D('',#3936,#2795,#2796);
#2308=AXIS2_PLACEMENT_3D('',#3938,#2797,#2798);
#2309=AXIS2_PLACEMENT_3D('',#3940,#2800,#2801);
#2310=AXIS2_PLACEMENT_3D('',#3942,#2802,#2803);
#2311=AXIS2_PLACEMENT_3D('',#3943,#2804,#2805);
#2312=AXIS2_PLACEMENT_3D('',#3944,#2806,#2807);
#2313=AXIS2_PLACEMENT_3D('',#3948,#2809,#2810);
#2314=AXIS2_PLACEMENT_3D('',#3950,#2811,#2812);
#2315=AXIS2_PLACEMENT_3D('',#3952,#2814,#2815);
#2316=AXIS2_PLACEMENT_3D('',#3954,#2816,#2817);
#2317=AXIS2_PLACEMENT_3D('',#3983,#2819,#2820);
#2318=AXIS2_PLACEMENT_3D('',#3984,#2821,#2822);
#2319=AXIS2_PLACEMENT_3D('',#3985,#2823,#2824);
#2320=AXIS2_PLACEMENT_3D('',#3986,#2825,#2826);
#2321=AXIS2_PLACEMENT_3D('',#3989,#2829,#2830);
#2322=AXIS2_PLACEMENT_3D('',#3995,#2834,#2835);
#2323=AXIS2_PLACEMENT_3D('',#3996,#2836,#2837);
#2324=AXIS2_PLACEMENT_3D('',#3997,#2838,#2839);
#2325=AXIS2_PLACEMENT_3D('',#4001,#2841,#2842);
#2326=AXIS2_PLACEMENT_3D('',#4003,#2844,#2845);
#2327=AXIS2_PLACEMENT_3D('',#4005,#2846,#2847);
#2328=AXIS2_PLACEMENT_3D('',#4006,#2848,#2849);
#2329=AXIS2_PLACEMENT_3D('',#4008,#2851,#2852);
#2330=AXIS2_PLACEMENT_3D('',#4010,#2853,#2854);
#2331=AXIS2_PLACEMENT_3D('',#4013,#2856,#2857);
#2332=AXIS2_PLACEMENT_3D('',#4015,#2859,#2860);
#2333=AXIS2_PLACEMENT_3D('',#4016,#2861,#2862);
#2334=AXIS2_PLACEMENT_3D('',#4017,#2863,#2864);
#2335=AXIS2_PLACEMENT_3D('',#4018,#2865,#2866);
#2336=AXIS2_PLACEMENT_3D('',#4019,#2867,#2868);
#2337=AXIS2_PLACEMENT_3D('',#4021,#2870,#2871);
#2338=AXIS2_PLACEMENT_3D('',#4037,#2880,#2881);
#2339=AXIS2_PLACEMENT_3D('',#4038,#2882,#2883);
#2340=AXIS2_PLACEMENT_3D('',#4039,#2884,#2885);
#2341=AXIS2_PLACEMENT_3D('',#4043,#2887,#2888);
#2342=AXIS2_PLACEMENT_3D('',#4045,#2890,#2891);
#2343=AXIS2_PLACEMENT_3D('',#4047,#2892,#2893);
#2344=AXIS2_PLACEMENT_3D('',#4048,#2894,#2895);
#2345=AXIS2_PLACEMENT_3D('',#4050,#2897,#2898);
#2346=AXIS2_PLACEMENT_3D('',#4051,#2899,#2900);
#2347=AXIS2_PLACEMENT_3D('',#4053,#2902,#2903);
#2348=AXIS2_PLACEMENT_3D('',#4054,#2904,#2905);
#2349=AXIS2_PLACEMENT_3D('',#4055,#2906,#2907);
#2350=AXIS2_PLACEMENT_3D('',#4056,#2908,#2909);
#2351=AXIS2_PLACEMENT_3D('',#4057,#2910,#2911);
#2352=AXIS2_PLACEMENT_3D('',#4059,#2912,#2913);
#2353=AXIS2_PLACEMENT_3D('',#4061,#2915,#2916);
#2354=AXIS2_PLACEMENT_3D('',#4062,#2917,#2918);
#2355=AXIS2_PLACEMENT_3D('',#4063,#2919,#2920);
#2356=AXIS2_PLACEMENT_3D('',#4066,#2922,#2923);
#2357=AXIS2_PLACEMENT_3D('',#4067,#2924,#2925);
#2358=AXIS2_PLACEMENT_3D('',#4068,#2926,#2927);
#2359=AXIS2_PLACEMENT_3D('',#4069,#2928,#2929);
#2360=AXIS2_PLACEMENT_3D('',#4070,#2930,#2931);
#2361=AXIS2_PLACEMENT_3D('',#4071,#2932,#2933);
#2362=AXIS2_PLACEMENT_3D('',#4072,#2934,#2935);
#2363=AXIS2_PLACEMENT_3D('',#4073,#2936,#2937);
#2364=AXIS2_PLACEMENT_3D('',#4083,#2943,#2944);
#2365=AXIS2_PLACEMENT_3D('',#4085,#2945,#2946);
#2366=AXIS2_PLACEMENT_3D('',#4086,#2947,#2948);
#2367=AXIS2_PLACEMENT_3D('',#4088,#2949,#2950);
#2368=AXIS2_PLACEMENT_3D('',#4089,#2951,#2952);
#2369=AXIS2_PLACEMENT_3D('',#4091,#2953,#2954);
#2370=AXIS2_PLACEMENT_3D('',#4092,#2955,#2956);
#2371=AXIS2_PLACEMENT_3D('',#4094,#2957,#2958);
#2372=AXIS2_PLACEMENT_3D('',#4095,#2959,#2960);
#2373=AXIS2_PLACEMENT_3D('',#4097,#2961,#2962);
#2374=AXIS2_PLACEMENT_3D('',#4098,#2963,#2964);
#2375=AXIS2_PLACEMENT_3D('',#4100,#2965,#2966);
#2376=AXIS2_PLACEMENT_3D('',#4101,#2967,#2968);
#2377=AXIS2_PLACEMENT_3D('',#4103,#2969,#2970);
#2378=AXIS2_PLACEMENT_3D('',#4104,#2971,#2972);
#2379=AXIS2_PLACEMENT_3D('',#4106,#2973,#2974);
#2380=AXIS2_PLACEMENT_3D('',#4107,#2975,#2976);
#2381=AXIS2_PLACEMENT_3D('',#4110,#2978,#2979);
#2382=AXIS2_PLACEMENT_3D('',#4111,#2980,#2981);
#2383=AXIS2_PLACEMENT_3D('',#4113,#2982,#2983);
#2384=AXIS2_PLACEMENT_3D('',#4114,#2984,#2985);
#2385=AXIS2_PLACEMENT_3D('',#4141,#2986,#2987);
#2386=AXIS2_PLACEMENT_3D('',#4150,#2988,#2989);
#2387=AXIS2_PLACEMENT_3D('',#4152,#2990,#2991);
#2388=AXIS2_PLACEMENT_3D('',#4153,#2992,#2993);
#2389=AXIS2_PLACEMENT_3D('',#4180,#2994,#2995);
#2390=AXIS2_PLACEMENT_3D('',#4229,#2996,#2997);
#2391=AXIS2_PLACEMENT_3D('',#4233,#3000,#3001);
#2392=AXIS2_PLACEMENT_3D('',#4235,#3002,#3003);
#2393=AXIS2_PLACEMENT_3D('',#4237,#3004,#3005);
#2394=AXIS2_PLACEMENT_3D('',#4238,#3006,#3007);
#2395=AXIS2_PLACEMENT_3D('',#4239,#3008,#3009);
#2396=AXIS2_PLACEMENT_3D('',#4240,#3010,#3011);
#2397=AXIS2_PLACEMENT_3D('',#4241,#3012,#3013);
#2398=AXIS2_PLACEMENT_3D('',#4243,#3014,#3015);
#2399=AXIS2_PLACEMENT_3D('',#4244,#3016,#3017);
#2400=AXIS2_PLACEMENT_3D('',#4271,#3018,#3019);
#2401=AXIS2_PLACEMENT_3D('',#4280,#3020,#3021);
#2402=AXIS2_PLACEMENT_3D('',#4282,#3022,#3023);
#2403=AXIS2_PLACEMENT_3D('',#4284,#3024,#3025);
#2404=AXIS2_PLACEMENT_3D('',#4286,#3026,#3027);
#2405=AXIS2_PLACEMENT_3D('',#4287,#3028,#3029);
#2406=AXIS2_PLACEMENT_3D('',#4288,#3030,#3031);
#2407=AXIS2_PLACEMENT_3D('',#4316,#3033,#3034);
#2408=AXIS2_PLACEMENT_3D('',#4365,#3035,#3036);
#2409=AXIS2_PLACEMENT_3D('',#4367,#3037,#3038);
#2410=AXIS2_PLACEMENT_3D('',#4369,#3039,#3040);
#2411=AXIS2_PLACEMENT_3D('',#4371,#3041,#3042);
#2412=AXIS2_PLACEMENT_3D('',#4372,#3043,#3044);
#2413=AXIS2_PLACEMENT_3D('',#4373,#3045,#3046);
#2414=AXIS2_PLACEMENT_3D('',#4375,#3048,#3049);
#2415=AXIS2_PLACEMENT_3D('',#4377,#3051,#3052);
#2416=AXIS2_PLACEMENT_3D('',#4379,#3054,#3055);
#2417=AXIS2_PLACEMENT_3D('',#4382,#3058,#3059);
#2418=AXIS2_PLACEMENT_3D('',#4384,#3061,#3062);
#2419=AXIS2_PLACEMENT_3D('',#4386,#3064,#3065);
#2420=AXIS2_PLACEMENT_3D('',#4387,#3066,#3067);
#2421=AXIS2_PLACEMENT_3D('',#4388,#3068,#3069);
#2422=AXIS2_PLACEMENT_3D('',#4390,#3071,#3072);
#2423=AXIS2_PLACEMENT_3D('',#4392,#3074,#3075);
#2424=AXIS2_PLACEMENT_3D('',#4393,#3076,#3077);
#2425=AXIS2_PLACEMENT_3D('',#4396,#3080,#3081);
#2426=AXIS2_PLACEMENT_3D('',#4399,#3083,#3084);
#2427=AXIS2_PLACEMENT_3D('',#4400,#3085,#3086);
#2428=AXIS2_PLACEMENT_3D('',#4403,#3088,#3089);
#2429=AXIS2_PLACEMENT_3D('',#4404,#3090,#3091);
#2430=AXIS2_PLACEMENT_3D('',#4407,#3093,#3094);
#2431=AXIS2_PLACEMENT_3D('',#4408,#3095,#3096);
#2432=AXIS2_PLACEMENT_3D('',#4411,#3098,#3099);
#2433=AXIS2_PLACEMENT_3D('',#4412,#3100,#3101);
#2434=AXIS2_PLACEMENT_3D('',#4413,#3102,#3103);
#2435=AXIS2_PLACEMENT_3D('',#4414,#3104,#3105);
#2436=AXIS2_PLACEMENT_3D('',#4415,#3106,#3107);
#2437=AXIS2_PLACEMENT_3D('',#4418,#3109,#3110);
#2438=AXIS2_PLACEMENT_3D('',#4419,#3111,#3112);
#2439=AXIS2_PLACEMENT_3D('',#4422,#3114,#3115);
#2440=AXIS2_PLACEMENT_3D('',#4423,#3116,#3117);
#2441=AXIS2_PLACEMENT_3D('',#4426,#3119,#3120);
#2442=AXIS2_PLACEMENT_3D('',#4427,#3121,#3122);
#2443=AXIS2_PLACEMENT_3D('',#4430,#3124,#3125);
#2444=AXIS2_PLACEMENT_3D('',#4431,#3126,#3127);
#2445=AXIS2_PLACEMENT_3D('',#4432,#3128,#3129);
#2446=AXIS2_PLACEMENT_3D('',#4433,#3130,#3131);
#2447=DIRECTION('axis',(0.,0.,1.));
#2448=DIRECTION('refdir',(1.,0.,0.));
#2449=DIRECTION('center_axis',(4.2009075741757E-14,-4.16632677915901E-14,
1.));
#2450=DIRECTION('ref_axis',(1.,0.,-4.60892585357904E-14));
#2451=DIRECTION('center_axis',(-4.2009075741757E-14,4.16632677915901E-14,
-1.));
#2452=DIRECTION('ref_axis',(-1.,-7.7154199614075E-15,4.20090757417567E-14));
#2453=DIRECTION('center_axis',(-1.60019093391038E-27,-1.,-4.16632677915901E-14));
#2454=DIRECTION('ref_axis',(-1.,0.,3.84077154464918E-14));
#2455=DIRECTION('center_axis',(4.2009075741757E-14,-4.16632677915901E-14,
1.));
#2456=DIRECTION('ref_axis',(-1.,-7.7154199614075E-15,4.20188575292164E-14));
#2457=DIRECTION('center_axis',(4.2009075741757E-14,-4.16632677915901E-14,
1.));
#2458=DIRECTION('ref_axis',(-1.,-7.7154199614075E-15,4.20188575292164E-14));
#2459=DIRECTION('center_axis',(-4.2009075741757E-14,4.16632677915901E-14,
-1.));
#2460=DIRECTION('ref_axis',(2.22044604926547E-16,1.,4.16632677915901E-14));
#2461=DIRECTION('',(2.22044604926546E-16,1.,4.16632677915901E-14));
#2462=DIRECTION('',(1.,-2.22044604924792E-16,-4.2009075741757E-14));
#2463=DIRECTION('center_axis',(4.2009075741757E-14,-4.16632677915901E-14,
1.));
#2464=DIRECTION('ref_axis',(-1.,-1.99164161646571E-15,4.20090757417569E-14));
#2465=DIRECTION('',(-1.,2.22044604924792E-16,4.2009075741757E-14));
#2466=DIRECTION('center_axis',(-4.2009075741757E-14,4.16632677915901E-14,
-1.));
#2467=DIRECTION('ref_axis',(-1.,-7.7154199614075E-15,4.20090757417567E-14));
#2468=DIRECTION('center_axis',(-4.2009075741757E-14,4.16632677915901E-14,
-1.));
#2469=DIRECTION('ref_axis',(1.,-8.21838463852464E-13,-4.20090757417913E-14));
#2470=DIRECTION('center_axis',(-4.2009075741757E-14,4.16632677915901E-14,
-1.));
#2471=DIRECTION('ref_axis',(-1.,7.99818186595695E-13,4.20090757417903E-14));
#2472=DIRECTION('center_axis',(-4.2009075741757E-14,4.16632677915901E-14,
-1.));
#2473=DIRECTION('ref_axis',(-1.,-7.7154199614075E-15,4.20090757417567E-14));
#2474=DIRECTION('center_axis',(-4.2009075741757E-14,4.16632677915901E-14,
-1.));
#2475=DIRECTION('ref_axis',(-1.,-7.7154199614075E-15,4.20090757417567E-14));
#2476=DIRECTION('center_axis',(0.,0.,1.));
#2477=DIRECTION('ref_axis',(-1.,0.,0.));
#2478=DIRECTION('',(0.,0.,1.));
#2479=DIRECTION('center_axis',(4.2009075741757E-14,-4.16632677915901E-14,
1.));
#2480=DIRECTION('ref_axis',(-1.,0.,0.));
#2481=DIRECTION('center_axis',(4.2009075741757E-14,-4.16632677915901E-14,
1.));
#2482=DIRECTION('ref_axis',(1.,0.,-4.60892585357904E-14));
#2483=DIRECTION('center_axis',(-1.60019093391038E-27,-1.,-4.16632677915901E-14));
#2484=DIRECTION('ref_axis',(-1.,0.,3.84077154464918E-14));
#2485=DIRECTION('center_axis',(4.2009075741757E-14,-4.16632677915901E-14,
1.));
#2486=DIRECTION('ref_axis',(-1.,-7.7154199614075E-15,4.20188575292164E-14));
#2487=DIRECTION('center_axis',(4.2009075741757E-14,-4.16632677915901E-14,
1.));
#2488=DIRECTION('ref_axis',(-1.,-7.7154199614075E-15,4.20188575292164E-14));
#2489=DIRECTION('center_axis',(0.,0.,1.));
#2490=DIRECTION('ref_axis',(-1.,0.,0.));
#2491=DIRECTION('',(0.,0.,1.));
#2492=DIRECTION('center_axis',(4.2009075741757E-14,-4.16632677915901E-14,
1.));
#2493=DIRECTION('ref_axis',(-1.,0.,0.));
#2494=DIRECTION('center_axis',(4.2009075741757E-14,-4.16632677915901E-14,
1.));
#2495=DIRECTION('ref_axis',(1.,0.,-4.60892585357904E-14));
#2496=DIRECTION('center_axis',(-1.60019093391038E-27,-1.,-4.16632677915901E-14));
#2497=DIRECTION('ref_axis',(-1.,0.,3.84077154464918E-14));
#2498=DIRECTION('center_axis',(4.2009075741757E-14,-4.16632677915901E-14,
1.));
#2499=DIRECTION('ref_axis',(-1.,-7.7154199614075E-15,4.20188575292164E-14));
#2500=DIRECTION('center_axis',(4.2009075741757E-14,-4.16632677915901E-14,
1.));
#2501=DIRECTION('ref_axis',(-1.,-7.7154199614075E-15,4.20188575292164E-14));
#2502=DIRECTION('center_axis',(0.,0.,1.));
#2503=DIRECTION('ref_axis',(-1.,0.,0.));
#2504=DIRECTION('',(0.,0.,1.));
#2505=DIRECTION('center_axis',(4.2009075741757E-14,-4.16632677915901E-14,
1.));
#2506=DIRECTION('ref_axis',(-1.,0.,0.));
#2507=DIRECTION('center_axis',(4.2009075741757E-14,-4.16632677915901E-14,
1.));
#2508=DIRECTION('ref_axis',(1.,0.,-4.15927455079084E-14));
#2509=DIRECTION('center_axis',(4.2009075741757E-14,-4.16632677915901E-14,
1.));
#2510=DIRECTION('ref_axis',(1.,-8.21838463852465E-13,-4.2013883411722E-14));
#2511=DIRECTION('center_axis',(4.2009075741757E-14,-4.16632677915901E-14,
1.));
#2512=DIRECTION('ref_axis',(-1.,1.01607611213695E-12,4.26325641456063E-14));
#2513=DIRECTION('center_axis',(4.2009075741757E-14,-4.16632677915901E-14,
1.));
#2514=DIRECTION('ref_axis',(-1.,7.99818186595695E-13,4.20034377649858E-14));
#2515=DIRECTION('center_axis',(0.,0.,-1.));
#2516=DIRECTION('ref_axis',(1.,-8.143371461851E-13,0.));
#2517=DIRECTION('',(0.,0.,-1.));
#2518=DIRECTION('center_axis',(-4.2009075741757E-14,4.16632677915901E-14,
-1.));
#2519=DIRECTION('ref_axis',(-1.,0.,0.));
#2520=DIRECTION('',(0.,0.,-1.));
#2521=DIRECTION('center_axis',(4.2009075741757E-14,-4.16632677915901E-14,
1.));
#2522=DIRECTION('ref_axis',(1.,0.,-4.60892585357904E-14));
#2523=DIRECTION('center_axis',(-1.60019093391038E-27,-1.,-4.16632677915901E-14));
#2524=DIRECTION('ref_axis',(-1.,0.,3.84077154464918E-14));
#2525=DIRECTION('center_axis',(4.2009075741757E-14,-4.16632677915901E-14,
1.));
#2526=DIRECTION('ref_axis',(-1.,-7.7154199614075E-15,4.20188575292164E-14));
#2527=DIRECTION('center_axis',(4.2009075741757E-14,-4.16632677915901E-14,
1.));
#2528=DIRECTION('ref_axis',(-1.,-7.7154199614075E-15,4.20188575292164E-14));
#2529=DIRECTION('center_axis',(0.,0.,1.));
#2530=DIRECTION('ref_axis',(-1.,0.,0.));
#2531=DIRECTION('',(0.,0.,1.));
#2532=DIRECTION('center_axis',(4.2009075741757E-14,-4.16632677915901E-14,
1.));
#2533=DIRECTION('ref_axis',(-1.,0.,0.));
#2534=DIRECTION('center_axis',(-4.21315404216718E-14,5.69345140833403E-15,
-1.));
#2535=DIRECTION('ref_axis',(1.,-8.18857177186946E-13,-4.15927455079084E-14));
#2536=DIRECTION('center_axis',(-4.21315404216718E-14,5.69345140833403E-15,
-1.));
#2537=DIRECTION('ref_axis',(1.,-8.1420028333636E-13,-4.2125801055334E-14));
#2538=DIRECTION('center_axis',(4.21315404216718E-14,-5.69345140833403E-15,
1.));
#2539=DIRECTION('ref_axis',(1.,-8.1420028333636E-13,-4.21315404216764E-14));
#2540=DIRECTION('center_axis',(-4.21315404216718E-14,5.69345140833403E-15,
-1.));
#2541=DIRECTION('ref_axis',(-1.,0.,4.26325641456063E-14));
#2542=DIRECTION('center_axis',(4.21315404216718E-14,-5.69345140833403E-15,
1.));
#2543=DIRECTION('ref_axis',(-1.,8.07710973129005E-13,4.21315404216764E-14));
#2544=DIRECTION('center_axis',(-4.21315404216718E-14,5.69345140833403E-15,
-1.));
#2545=DIRECTION('ref_axis',(-1.,8.07710973129005E-13,4.21422156430633E-14));
#2546=DIRECTION('center_axis',(0.,0.,1.));
#2547=DIRECTION('ref_axis',(1.,-8.1946705685328E-13,0.));
#2548=DIRECTION('',(0.,0.,1.));
#2549=DIRECTION('center_axis',(4.21315404216718E-14,-5.69345140833403E-15,
1.));
#2550=DIRECTION('ref_axis',(-1.,0.,0.));
#2551=DIRECTION('',(0.,0.,1.));
#2552=DIRECTION('center_axis',(4.21315404216718E-14,-5.69345140833403E-15,
1.));
#2553=DIRECTION('ref_axis',(2.22044604925031E-16,1.,5.69345140833402E-15));
#2554=DIRECTION('',(-2.22044604925031E-16,-1.,-5.69345140833402E-15));
#2555=DIRECTION('',(1.,-2.22044604924791E-16,-4.21315404216718E-14));
#2556=DIRECTION('center_axis',(-4.21315404216718E-14,5.69345140833403E-15,
-1.));
#2557=DIRECTION('ref_axis',(-1.,-2.65694399055599E-16,4.21315404216718E-14));
#2558=DIRECTION('',(-1.,2.22044604924791E-16,4.21315404216718E-14));
#2559=DIRECTION('center_axis',(4.21315404216718E-14,-5.69345140833403E-15,
1.));
#2560=DIRECTION('ref_axis',(-1.,1.05434285339496E-15,4.21315404216718E-14));
#2561=DIRECTION('center_axis',(4.21315404216718E-14,-5.69345140833403E-15,
1.));
#2562=DIRECTION('ref_axis',(-1.,1.05434285339496E-15,4.21315404216718E-14));
#2563=DIRECTION('center_axis',(4.21315404216718E-14,-5.69345140833403E-15,
1.));
#2564=DIRECTION('ref_axis',(-1.,1.05434285339496E-15,4.21315404216718E-14));
#2565=DIRECTION('center_axis',(4.21315404216718E-14,-5.69345140833403E-15,
1.));
#2566=DIRECTION('ref_axis',(-1.,1.05434285339496E-15,4.21315404216718E-14));
#2567=DIRECTION('center_axis',(-4.21315404216718E-14,5.69345140833403E-15,
-1.));
#2568=DIRECTION('ref_axis',(-1.,0.,4.60892585357904E-14));
#2569=DIRECTION('center_axis',(-2.18672461599721E-28,-1.,-5.69345140833403E-15));
#2570=DIRECTION('ref_axis',(1.,0.,-3.84077154464918E-14));
#2571=DIRECTION('center_axis',(-4.21315404216718E-14,5.69345140833403E-15,
-1.));
#2572=DIRECTION('ref_axis',(-1.,1.05434285339496E-15,4.21216559574218E-14));
#2573=DIRECTION('center_axis',(0.,0.,-1.));
#2574=DIRECTION('ref_axis',(-1.,0.,0.));
#2575=DIRECTION('',(0.,0.,-1.));
#2576=DIRECTION('center_axis',(-4.21315404216718E-14,5.69345140833403E-15,
-1.));
#2577=DIRECTION('ref_axis',(-1.,0.,0.));
#2578=DIRECTION('center_axis',(-4.21315404216718E-14,5.69345140833403E-15,
-1.));
#2579=DIRECTION('ref_axis',(-1.,0.,4.60892585357904E-14));
#2580=DIRECTION('center_axis',(-2.18672461599721E-28,-1.,-5.69345140833403E-15));
#2581=DIRECTION('ref_axis',(1.,0.,-3.84077154464918E-14));
#2582=DIRECTION('center_axis',(-4.21315404216718E-14,5.69345140833403E-15,
-1.));
#2583=DIRECTION('ref_axis',(-1.,1.05434285339496E-15,4.21216559574218E-14));
#2584=DIRECTION('center_axis',(0.,0.,-1.));
#2585=DIRECTION('ref_axis',(-1.,0.,0.));
#2586=DIRECTION('',(0.,0.,-1.));
#2587=DIRECTION('center_axis',(-4.21315404216718E-14,5.69345140833403E-15,
-1.));
#2588=DIRECTION('ref_axis',(-1.,0.,0.));
#2589=DIRECTION('center_axis',(-4.21315404216718E-14,5.69345140833403E-15,
-1.));
#2590=DIRECTION('ref_axis',(-1.,0.,4.60892585357904E-14));
#2591=DIRECTION('center_axis',(-2.18672461599721E-28,-1.,-5.69345140833403E-15));
#2592=DIRECTION('ref_axis',(1.,0.,-3.84077154464918E-14));
#2593=DIRECTION('center_axis',(-4.21315404216718E-14,5.69345140833403E-15,
-1.));
#2594=DIRECTION('ref_axis',(-1.,1.05434285339496E-15,4.21216559574218E-14));
#2595=DIRECTION('center_axis',(0.,0.,-1.));
#2596=DIRECTION('ref_axis',(-1.,0.,0.));
#2597=DIRECTION('',(0.,0.,-1.));
#2598=DIRECTION('center_axis',(-4.21315404216718E-14,5.69345140833403E-15,
-1.));
#2599=DIRECTION('ref_axis',(-1.,0.,0.));
#2600=DIRECTION('center_axis',(-4.21315404216718E-14,5.69345140833403E-15,
-1.));
#2601=DIRECTION('ref_axis',(-1.,0.,4.60892585357904E-14));
#2602=DIRECTION('center_axis',(-2.18672461599721E-28,-1.,-5.69345140833403E-15));
#2603=DIRECTION('ref_axis',(1.,0.,-3.84077154464918E-14));
#2604=DIRECTION('center_axis',(-4.21315404216718E-14,5.69345140833403E-15,
-1.));
#2605=DIRECTION('ref_axis',(-1.,1.05434285339496E-15,4.21216559574218E-14));
#2606=DIRECTION('center_axis',(0.,0.,-1.));
#2607=DIRECTION('ref_axis',(-1.,0.,0.));
#2608=DIRECTION('',(0.,0.,-1.));
#2609=DIRECTION('center_axis',(-4.21315404216718E-14,5.69345140833403E-15,
-1.));
#2610=DIRECTION('ref_axis',(-1.,0.,0.));
#2611=DIRECTION('center_axis',(0.,0.,-1.));
#2612=DIRECTION('ref_axis',(0.0333333333342862,0.999444290037632,0.));
#2613=DIRECTION('center_axis',(-4.2009075741757E-14,4.16632677915901E-14,
-1.));
#2614=DIRECTION('ref_axis',(0.0333333333342862,0.999444290037632,0.));
#2615=DIRECTION('center_axis',(0.,0.,1.));
#2616=DIRECTION('ref_axis',(0.0333333333342862,0.999444290037632,0.));
#2617=DIRECTION('center_axis',(4.21315404216718E-14,-5.69345140833403E-15,
1.));
#2618=DIRECTION('ref_axis',(0.0333333333342862,0.999444290037632,0.));
#2619=DIRECTION('center_axis',(-3.63759620032762E-14,0.500000000000005,
-0.866025403784436));
#2620=DIRECTION('ref_axis',(-0.70710678118639,-0.612372435695877,-0.353553390593446));
#2621=DIRECTION('',(-3.63759620032762E-14,0.500000000000005,-0.866025403784436));
#2622=DIRECTION('center_axis',(-1.11022302462522E-14,0.500000000000018,
-0.866025403784428));
#2623=DIRECTION('ref_axis',(0.,-0.866025403784428,-0.500000000000018));
#2624=DIRECTION('',(3.63759620032762E-14,-0.500000000000005,0.866025403784436));
#2625=DIRECTION('center_axis',(0.984783558817944,-1.20810423034643E-15,
0.173785333909008));
#2626=DIRECTION('ref_axis',(-0.149920046669739,-0.505760804547282,0.849546931128722));
#2627=DIRECTION('center_axis',(-0.0757546438500619,-0.498563244216796,0.863536869769423));
#2628=DIRECTION('ref_axis',(0.997126488433213,-0.0378773219226033,0.0656054460301977));
#2629=DIRECTION('center_axis',(1.,-2.22044604924791E-16,-4.21315404216718E-14));
#2630=DIRECTION('ref_axis',(-6.31593542897883E-14,0.,-1.));
#2631=DIRECTION('center_axis',(-7.81880246441927E-15,0.352127558652539,
0.935952019303021));
#2632=DIRECTION('ref_axis',(-1.,-2.22044604924957E-14,0.));
#2633=DIRECTION('center_axis',(-1.,2.22044604924791E-16,4.21315404216718E-14));
#2634=DIRECTION('ref_axis',(-1.0685896612017E-14,0.96592582628907,-0.258819045102513));
#2635=DIRECTION('center_axis',(0.,-0.86602540378442,-0.500000000000033));
#2636=DIRECTION('ref_axis',(0.,-0.500000000000032,0.86602540378442));
#2637=DIRECTION('center_axis',(1.,-2.22044604924791E-16,-4.21315404216718E-14));
#2638=DIRECTION('ref_axis',(-1.068996644215E-14,0.96592582628907,-0.258819045102513));
#2639=DIRECTION('center_axis',(-2.12580664794742E-14,-0.866025403784436,
-0.500000000000005));
#2640=DIRECTION('ref_axis',(-0.707106781186445,-0.353553390593254,0.612372435695925));
#2641=DIRECTION('center_axis',(0.,-0.866025403784449,-0.499999999999982));
#2642=DIRECTION('ref_axis',(0.,-0.499999999999983,0.866025403784449));
#2643=DIRECTION('',(2.12580664794742E-14,0.866025403784436,0.500000000000005));
#2644=DIRECTION('',(-2.12580664794742E-14,-0.866025403784436,-0.500000000000005));
#2645=DIRECTION('center_axis',(1.42734784664453E-13,-0.499999999999868,
0.866025403784515));
#2646=DIRECTION('ref_axis',(-0.881587185621032,0.408782369496984,0.236010611069119));
#2647=DIRECTION('center_axis',(3.6375962003276E-14,-0.500000000000013,0.866025403784431));
#2648=DIRECTION('ref_axis',(-0.969945149382453,0.210724477439375,0.121661833774414));
#2649=DIRECTION('center_axis',(0.,-0.500000000000099,0.866025403784381));
#2650=DIRECTION('ref_axis',(-0.881587185621032,0.408782369496984,0.236010611069119));
#2651=DIRECTION('',(-3.6375962003276E-14,0.500000000000013,-0.866025403784431));
#2652=DIRECTION('',(4.10017637338137E-14,-0.500000000000005,0.866025403784436));
#2653=DIRECTION('center_axis',(-0.0878938102963262,0.862673755590015,0.498064925012605));
#2654=DIRECTION('ref_axis',(-1.77635683940009E-13,0.499999999999899,-0.866025403784497));
#2655=DIRECTION('center_axis',(-0.0878938102963367,0.86267375558996,0.498064925012699));
#2656=DIRECTION('ref_axis',(-0.649205223525947,0.329618228144075,-0.685481145927286));
#2657=DIRECTION('center_axis',(-0.0878938102963501,0.862673755589987,0.49806492501265));
#2658=DIRECTION('ref_axis',(0.,0.499999999999959,-0.866025403784462));
#2659=DIRECTION('',(0.0878938102963367,-0.86267375558996,-0.498064925012699));
#2660=DIRECTION('',(-0.0878938102963367,0.86267375558996,0.498064925012699));
#2661=DIRECTION('center_axis',(0.151073924009538,0.494261233935199,-0.856085569387322));
#2662=DIRECTION('ref_axis',(0.,-0.866025403784406,-0.500000000000057));
#2663=DIRECTION('center_axis',(0.984783558817944,-1.20810423034643E-15,
0.173785333909008));
#2664=DIRECTION('ref_axis',(-0.173785333909007,8.98091991759122E-15,0.984783558817944));
#2665=DIRECTION('center_axis',(-0.970810619299288,1.70421777649098E-14,
-0.239847329473841));
#2666=DIRECTION('ref_axis',(-0.239847329473841,8.62253041677268E-15,0.970810619299288));
#2667=DIRECTION('center_axis',(-0.151073924009498,-0.494261233935148,0.856085569387358));
#2668=DIRECTION('ref_axis',(-0.667932325384428,-0.587384259832809,-0.456996870894334));
#2669=DIRECTION('',(0.151073924009498,0.494261233935148,-0.856085569387358));
#2670=DIRECTION('',(0.151073924009498,0.494261233935148,-0.856085569387358));
#2671=DIRECTION('center_axis',(-3.63759620032762E-14,0.500000000000005,
-0.866025403784436));
#2672=DIRECTION('ref_axis',(-0.70710678118639,-0.612372435695877,-0.353553390593446));
#2673=DIRECTION('',(-3.63759620032762E-14,0.500000000000005,-0.866025403784436));
#2674=DIRECTION('center_axis',(0.,0.500000000000009,-0.866025403784434));
#2675=DIRECTION('ref_axis',(0.,-0.866025403784434,-0.500000000000009));
#2676=DIRECTION('center_axis',(-1.,2.22044604924791E-16,4.21315404216718E-14));
#2677=DIRECTION('ref_axis',(6.31593542897883E-14,0.,1.));
#2678=DIRECTION('center_axis',(-1.,2.22044604924791E-16,4.21315404216718E-14));
#2679=DIRECTION('ref_axis',(2.12580664794736E-14,0.866025403784445,0.499999999999989));
#2680=DIRECTION('center_axis',(1.,-2.22044604924791E-16,-4.21315404216718E-14));
#2681=DIRECTION('ref_axis',(2.22044604925031E-16,1.,5.69345140833402E-15));
#2682=DIRECTION('',(2.22044604925031E-16,1.,5.69345140833402E-15));
#2683=DIRECTION('center_axis',(-1.,2.22044604924791E-16,4.21315404216718E-14));
#2684=DIRECTION('ref_axis',(4.21226146396929E-14,-5.73997925167792E-15,
1.));
#2685=DIRECTION('',(4.21315404216718E-14,-5.69345140833403E-15,1.));
#2686=DIRECTION('center_axis',(-1.,2.22044604924791E-16,4.21315404216718E-14));
#2687=DIRECTION('ref_axis',(-4.21226146396924E-14,5.69174413191586E-15,
-1.));
#2688=DIRECTION('center_axis',(1.,-2.22044604924791E-16,-4.21315404216718E-14));
#2689=DIRECTION('ref_axis',(1.06899664421517E-14,-0.96592582628906,0.258819045102552));
#2690=DIRECTION('',(-2.12580664794742E-14,-0.866025403784436,-0.500000000000005));
#2691=DIRECTION('',(3.63759620032764E-14,-0.499999999999998,0.86602540378444));
#2692=DIRECTION('',(-2.22044604926547E-16,-1.,-4.16632677915901E-14));
#2693=DIRECTION('center_axis',(-1.,2.22044604924791E-16,4.21315404216718E-14));
#2694=DIRECTION('ref_axis',(-4.21226146396924E-14,5.65556779209436E-15,
-1.));
#2695=DIRECTION('',(4.21315404216718E-14,-5.69345140833403E-15,1.));
#2696=DIRECTION('center_axis',(-1.,2.22044604924791E-16,4.21315404216718E-14));
#2697=DIRECTION('ref_axis',(4.21226146396929E-14,-5.70380291185642E-15,
1.));
#2698=DIRECTION('center_axis',(-3.57637884381456E-14,0.500000000000005,
-0.866025403784436));
#2699=DIRECTION('ref_axis',(-1.,0.,4.15394210466774E-14));
#2700=DIRECTION('center_axis',(-3.57637884381456E-14,0.500000000000005,
-0.866025403784436));
#2701=DIRECTION('ref_axis',(-0.516200864521757,0.741722657467214,0.428233775952768));
#2702=DIRECTION('center_axis',(-1.,-2.3798669029347E-15,3.96491871791389E-14));
#2703=DIRECTION('ref_axis',(-1.77635683940025E-14,-0.866025403784434,-0.500000000000007));
#2704=DIRECTION('center_axis',(3.57637884381456E-14,-0.500000000000005,
0.866025403784436));
#2705=DIRECTION('ref_axis',(-0.516200864521757,0.741722657467214,0.428233775952768));
#2706=DIRECTION('center_axis',(4.10017637338137E-14,-0.500000000000005,
0.866025403784436));
#2707=DIRECTION('ref_axis',(2.37647739325171E-14,0.866025403784436,0.500000000000005));
#2708=DIRECTION('center_axis',(3.57637884381456E-14,-0.500000000000005,
0.866025403784436));
#2709=DIRECTION('ref_axis',(-0.516200864521757,0.741722657467214,0.428233775952768));
#2710=DIRECTION('',(4.10017637338137E-14,-0.500000000000005,0.866025403784436));
#2711=DIRECTION('center_axis',(3.57637884381456E-14,-0.500000000000005,
0.866025403784436));
#2712=DIRECTION('ref_axis',(1.,0.,-4.15394210466774E-14));
#2713=DIRECTION('center_axis',(-3.57637884381456E-14,0.500000000000005,
-0.866025403784436));
#2714=DIRECTION('ref_axis',(-0.516200864521757,0.741722657467214,0.428233775952767));
#2715=DIRECTION('center_axis',(1.,2.37986690293434E-15,-3.96491871791383E-14));
#2716=DIRECTION('ref_axis',(-1.77635683940025E-14,-0.866025403784434,-0.500000000000008));
#2717=DIRECTION('center_axis',(3.57637884381456E-14,-0.500000000000005,
0.866025403784436));
#2718=DIRECTION('ref_axis',(1.,-2.69900372168099E-15,-4.28547362892648E-14));
#2719=DIRECTION('',(-1.,2.69900372168098E-15,4.28547362892648E-14));
#2720=DIRECTION('center_axis',(3.57637884381456E-14,-0.500000000000005,
0.866025403784436));
#2721=DIRECTION('ref_axis',(0.707106781186565,0.61237243569579,0.353553390593247));
#2722=DIRECTION('center_axis',(-3.57637884381456E-14,0.500000000000005,
-0.866025403784436));
#2723=DIRECTION('ref_axis',(1.,-3.09804376554024E-15,-4.30851221660044E-14));
#2724=DIRECTION('',(1.,-4.83562892877383E-15,-4.40883174277372E-14));
#2725=DIRECTION('center_axis',(3.63759620032762E-14,-0.500000000000005,
0.866025403784436));
#2726=DIRECTION('ref_axis',(-0.707106781186605,0.612372435695783,0.353553390593177));
#2727=DIRECTION('center_axis',(-0.0757546438504195,0.498563244216654,-0.863536869769474));
#2728=DIRECTION('ref_axis',(-0.997126488433186,-0.0378773219244598,0.0656054460295389));
#2729=DIRECTION('',(3.63759620032762E-14,-0.500000000000005,0.866025403784436));
#2730=DIRECTION('center_axis',(1.6653345369379E-14,-0.500000000000038,0.866025403784417));
#2731=DIRECTION('ref_axis',(0.,0.866025403784417,0.500000000000038));
#2732=DIRECTION('',(-3.63759620032762E-14,0.500000000000005,-0.866025403784436));
#2733=DIRECTION('center_axis',(0.98478355881793,7.02179902864938E-15,-0.173785333909089));
#2734=DIRECTION('ref_axis',(-0.149920046669812,0.505760804547281,-0.849546931128709));
#2735=DIRECTION('center_axis',(3.63759620032762E-14,-0.500000000000005,
0.866025403784436));
#2736=DIRECTION('ref_axis',(-0.707106781186605,0.612372435695783,0.353553390593177));
#2737=DIRECTION('',(3.63759620032762E-14,-0.500000000000005,0.866025403784436));
#2738=DIRECTION('center_axis',(0.,-0.500000000000028,0.866025403784422));
#2739=DIRECTION('ref_axis',(0.,0.866025403784422,0.500000000000028));
#2740=DIRECTION('center_axis',(1.,-2.22044604924791E-16,-4.21315404216718E-14));
#2741=DIRECTION('ref_axis',(-6.31593542897883E-14,0.,-1.));
#2742=DIRECTION('center_axis',(0.,-0.352127558652002,-0.935952019303223));
#2743=DIRECTION('ref_axis',(-1.,0.,0.));
#2744=DIRECTION('center_axis',(-1.,2.22044604924791E-16,4.21315404216718E-14));
#2745=DIRECTION('ref_axis',(1.06858966120171E-14,-0.96592582628906,0.258819045102552));
#2746=DIRECTION('center_axis',(0.,0.866025403784424,0.500000000000026));
#2747=DIRECTION('ref_axis',(0.,0.500000000000026,-0.866025403784424));
#2748=DIRECTION('center_axis',(2.12580664794742E-14,0.866025403784436,0.500000000000005));
#2749=DIRECTION('ref_axis',(-0.707106781186538,0.353553390593363,-0.612372435695754));
#2750=DIRECTION('center_axis',(0.,0.866025403784409,0.500000000000051));
#2751=DIRECTION('ref_axis',(-1.77635683940027E-13,0.500000000000051,-0.866025403784409));
#2752=DIRECTION('',(2.12580664794742E-14,0.866025403784436,0.500000000000005));
#2753=DIRECTION('center_axis',(0.,0.499999999999494,-0.866025403784731));
#2754=DIRECTION('ref_axis',(-0.88158718562109,-0.408782369497055,-0.23601061106878));
#2755=DIRECTION('center_axis',(-3.63759620032764E-14,0.499999999999998,
-0.86602540378444));
#2756=DIRECTION('ref_axis',(-0.969945149382453,-0.210724477439375,-0.121661833774414));
#2757=DIRECTION('center_axis',(0.,0.499999999999837,-0.866025403784533));
#2758=DIRECTION('ref_axis',(-0.881587185621077,-0.408782369496983,-0.236010611068954));
#2759=DIRECTION('',(-4.10017637338137E-14,0.500000000000005,-0.866025403784436));
#2760=DIRECTION('center_axis',(-1.9506703939131E-14,-0.806124084765605,
-0.591746533543557));
#2761=DIRECTION('ref_axis',(-0.115523994077551,-0.587784606945786,0.800726833963966));
#2762=DIRECTION('center_axis',(-1.,2.22044604924791E-16,4.21315404216718E-14));
#2763=DIRECTION('ref_axis',(6.31593542897883E-14,0.,1.));
#2764=DIRECTION('center_axis',(-1.,2.22044604924791E-16,4.21315404216718E-14));
#2765=DIRECTION('ref_axis',(-2.12580664794738E-14,-0.866025403784442,-0.499999999999994));
#2766=DIRECTION('center_axis',(1.,-2.22044604924791E-16,-4.21315404216718E-14));
#2767=DIRECTION('ref_axis',(2.22044604925031E-16,1.,5.69345140833402E-15));
#2768=DIRECTION('',(-2.22044604926547E-16,-1.,-4.16632677915901E-14));
#2769=DIRECTION('',(-2.12580664794742E-14,-0.866025403784436,-0.500000000000005));
#2770=DIRECTION('center_axis',(1.,-2.22044604924791E-16,-4.21315404216718E-14));
#2771=DIRECTION('ref_axis',(2.12575879154006E-14,0.866025403784436,0.500000000000005));
#2772=DIRECTION('center_axis',(1.,-2.22044604924791E-16,-4.21315404216718E-14));
#2773=DIRECTION('ref_axis',(2.22044604925031E-16,1.,5.69345140833402E-15));
#2774=DIRECTION('center_axis',(-1.,2.22044604924791E-16,4.21315404216718E-14));
#2775=DIRECTION('ref_axis',(-4.21226146396924E-14,5.69174413191586E-15,
-1.));
#2776=DIRECTION('',(-2.22044604926547E-16,-1.,-4.16632677915901E-14));
#2777=DIRECTION('center_axis',(3.57637884381456E-14,-0.500000000000005,
0.866025403784436));
#2778=DIRECTION('ref_axis',(1.,-2.69900372168099E-15,-4.28547362892648E-14));
#2779=DIRECTION('',(0.0878938102963727,0.86267375558996,0.498064925012692));
#2780=DIRECTION('center_axis',(-3.57637884381456E-14,0.500000000000005,
-0.866025403784436));
#2781=DIRECTION('ref_axis',(-0.516200864521796,-0.741722657467212,-0.428233775952723));
#2782=DIRECTION('',(-1.,2.69900372168098E-15,4.28547362892648E-14));
#2783=DIRECTION('center_axis',(-3.57637884381456E-14,0.500000000000005,
-0.866025403784436));
#2784=DIRECTION('ref_axis',(1.,-3.09804376554024E-15,-4.30851221660044E-14));
#2785=DIRECTION('center_axis',(3.57637884381456E-14,-0.500000000000005,
0.866025403784436));
#2786=DIRECTION('ref_axis',(0.707106781186531,-0.612372435695794,-0.353553390593307));
#2787=DIRECTION('',(1.,-2.69900372168098E-15,-4.28547362892648E-14));
#2788=DIRECTION('',(-0.0878938102963727,-0.86267375558996,-0.498064925012692));
#2789=DIRECTION('center_axis',(3.57637884381456E-14,-0.500000000000005,
0.866025403784436));
#2790=DIRECTION('ref_axis',(1.,0.,-4.15394210466774E-14));
#2791=DIRECTION('center_axis',(3.57637884381456E-14,-0.500000000000005,
0.866025403784436));
#2792=DIRECTION('ref_axis',(-0.516200864521796,-0.741722657467212,-0.428233775952724));
#2793=DIRECTION('center_axis',(-1.,1.30038345881345E-14,4.8530971376139E-14));
#2794=DIRECTION('ref_axis',(3.5527136788005E-14,0.866025403784435,0.500000000000006));
#2795=DIRECTION('center_axis',(4.10017637338137E-14,-0.500000000000005,
0.866025403784436));
#2796=DIRECTION('ref_axis',(2.37647739325171E-14,0.866025403784436,0.500000000000005));
#2797=DIRECTION('center_axis',(-3.57637884381456E-14,0.500000000000005,
-0.866025403784436));
#2798=DIRECTION('ref_axis',(-0.516200864521797,-0.741722657467212,-0.428233775952723));
#2799=DIRECTION('',(4.10017637338137E-14,-0.500000000000005,0.866025403784436));
#2800=DIRECTION('center_axis',(-3.57637884381456E-14,0.500000000000005,
-0.866025403784436));
#2801=DIRECTION('ref_axis',(-1.,0.,4.15394210466774E-14));
#2802=DIRECTION('center_axis',(3.57637884381456E-14,-0.500000000000005,
0.866025403784436));
#2803=DIRECTION('ref_axis',(-0.516200864521797,-0.741722657467212,-0.428233775952723));
#2804=DIRECTION('center_axis',(1.,2.37986690293379E-15,-3.96491871791386E-14));
#2805=DIRECTION('ref_axis',(1.77635683940032E-14,0.866025403784434,0.500000000000009));
#2806=DIRECTION('center_axis',(3.57637884381456E-14,-0.500000000000005,
0.866025403784436));
#2807=DIRECTION('ref_axis',(1.,-2.69900372168099E-15,-4.28547362892648E-14));
#2808=DIRECTION('',(-1.,2.69900372168098E-15,4.28547362892648E-14));
#2809=DIRECTION('center_axis',(-3.57637884381456E-14,0.500000000000005,
-0.866025403784436));
#2810=DIRECTION('ref_axis',(0.707106781186529,-0.612372435695796,-0.353553390593309));
#2811=DIRECTION('center_axis',(3.57637884381456E-14,-0.500000000000005,
0.866025403784436));
#2812=DIRECTION('ref_axis',(1.,-4.80906415368547E-15,-4.4072980247689E-14));
#2813=DIRECTION('',(1.,-2.69900372168098E-15,-4.28547362892648E-14));
#2814=DIRECTION('center_axis',(-0.0878938102963727,-0.862673755589961,-0.498064925012692));
#2815=DIRECTION('ref_axis',(-0.649205223525812,-0.329618228144125,0.68548114592739));
#2816=DIRECTION('center_axis',(-0.0878938102963673,-0.862673755589981,-0.498064925012658));
#2817=DIRECTION('ref_axis',(0.,-0.499999999999968,0.866025403784457));
#2818=DIRECTION('',(0.0878938102963727,0.86267375558996,0.498064925012692));
#2819=DIRECTION('center_axis',(0.151073924009536,-0.494261233935171,0.856085569387338));
#2820=DIRECTION('ref_axis',(0.,0.866025403784422,0.500000000000028));
#2821=DIRECTION('center_axis',(0.98478355881793,7.02179902864938E-15,-0.173785333909089));
#2822=DIRECTION('ref_axis',(-0.173785333909089,5.62771775270798E-14,-0.98478355881793));
#2823=DIRECTION('center_axis',(-0.970810619299252,-1.70421777649201E-14,
0.239847329473987));
#2824=DIRECTION('ref_axis',(-0.239847329473987,5.60464477090243E-14,-0.970810619299252));
#2825=DIRECTION('center_axis',(-0.151073924009572,0.494261233935148,-0.856085569387345));
#2826=DIRECTION('ref_axis',(-0.667932325384496,0.587384259832884,0.456996870894139));
#2827=DIRECTION('',(0.151073924009572,-0.494261233935149,0.856085569387345));
#2828=DIRECTION('',(0.151073924009572,-0.494261233935149,0.856085569387345));
#2829=DIRECTION('center_axis',(-2.37647739325171E-14,-0.866025403784436,
-0.500000000000005));
#2830=DIRECTION('ref_axis',(1.,-2.69900372168099E-15,-4.28547362892648E-14));
#2831=DIRECTION('',(-1.,2.69900372168098E-15,4.28547362892648E-14));
#2832=DIRECTION('',(-4.10017637338137E-14,0.500000000000005,-0.866025403784436));
#2833=DIRECTION('',(1.,-2.69900372168098E-15,-4.28547362892648E-14));
#2834=DIRECTION('center_axis',(-1.,2.69900372168098E-15,4.28547362892648E-14));
#2835=DIRECTION('ref_axis',(-1.00485917355769E-13,-0.258819045102543,-0.965925826289062));
#2836=DIRECTION('center_axis',(1.,3.55271367880073E-14,-6.153480596428E-14));
#2837=DIRECTION('ref_axis',(0.,-0.866025403784445,-0.499999999999988));
#2838=DIRECTION('center_axis',(0.173785333909008,5.56822924404662E-15,-0.984783558817944));
#2839=DIRECTION('ref_axis',(0.696347132441193,-0.707106781186549,0.122884788077798));
#2840=DIRECTION('',(-0.173785333909008,-5.56822924404662E-15,0.984783558817944));
#2841=DIRECTION('center_axis',(0.173785333909007,0.,-0.984783558817944));
#2842=DIRECTION('ref_axis',(0.984783558817944,-2.22044604925038E-15,0.173785333909007));
#2843=DIRECTION('',(0.173785333909008,5.56822924404662E-15,-0.984783558817944));
#2844=DIRECTION('center_axis',(-2.22044604925031E-16,-1.,-5.69345140833402E-15));
#2845=DIRECTION('ref_axis',(0.642734263164426,0.,0.766089203000854));
#2846=DIRECTION('center_axis',(7.83686840911652E-16,-1.,-4.44089209850059E-15));
#2847=DIRECTION('ref_axis',(0.984783558817945,0.,0.173785333909001));
#2848=DIRECTION('center_axis',(-7.8368684091168E-16,1.,4.44089209850075E-15));
#2849=DIRECTION('ref_axis',(3.55271367880058E-14,-4.44089209850072E-15,
1.));
#2850=DIRECTION('',(2.22044604925031E-16,1.,5.69345140833402E-15));
#2851=DIRECTION('center_axis',(-0.173785333909008,-5.56822924404662E-15,
0.984783558817944));
#2852=DIRECTION('ref_axis',(0.696347132441196,0.707106781186546,0.122884788077799));
#2853=DIRECTION('center_axis',(-1.,2.22044604924791E-16,4.21315404216718E-14));
#2854=DIRECTION('ref_axis',(4.21226146396929E-14,-5.70380291185642E-15,
1.));
#2855=DIRECTION('',(-0.173785333909008,-5.56822924404662E-15,0.984783558817944));
#2856=DIRECTION('center_axis',(0.173785333909001,6.1740953295342E-15,-0.984783558817945));
#2857=DIRECTION('ref_axis',(-3.5527136788005E-14,1.,0.));
#2858=DIRECTION('',(0.173785333909008,5.56822924404662E-15,-0.984783558817944));
#2859=DIRECTION('center_axis',(0.351290637445458,-0.837422181718706,0.418711090859374));
#2860=DIRECTION('ref_axis',(0.538239928924495,0.546556574899133,0.641540091768147));
#2861=DIRECTION('center_axis',(1.,-2.22044604924791E-16,-4.21315404216718E-14));
#2862=DIRECTION('ref_axis',(3.55271367880052E-14,0.707106781186545,0.70710678118655));
#2863=DIRECTION('center_axis',(-0.351290637445458,-0.83742218171872,-0.418711090859346));
#2864=DIRECTION('ref_axis',(0.538239928924551,-0.546556574899114,0.641540091768117));
#2865=DIRECTION('center_axis',(1.,-2.22044604924791E-16,-4.21315404216718E-14));
#2866=DIRECTION('ref_axis',(3.55271367880051E-14,-0.707106781186546,0.707106781186549));
#2867=DIRECTION('center_axis',(1.,-2.22044604924791E-16,-4.21315404216718E-14));
#2868=DIRECTION('ref_axis',(2.22044604925031E-16,1.,5.69345140833402E-15));
#2869=DIRECTION('',(2.22044604925031E-16,1.,5.69345140833402E-15));
#2870=DIRECTION('center_axis',(-2.22044604925031E-16,-1.,-5.69345140833402E-15));
#2871=DIRECTION('ref_axis',(1.,-2.22044604924791E-16,-4.21315404216718E-14));
#2872=DIRECTION('',(1.,-2.22044604924791E-16,-4.21315404216718E-14));
#2873=DIRECTION('',(4.21315404216718E-14,-5.69345140833403E-15,1.));
#2874=DIRECTION('',(1.,-2.22044604924791E-16,-4.21315404216718E-14));
#2875=DIRECTION('',(-4.21315404216718E-14,5.69345140833403E-15,-1.));
#2876=DIRECTION('',(1.,-2.22044604924792E-16,-4.2009075741757E-14));
#2877=DIRECTION('',(-4.21315404216718E-14,5.69345140833403E-15,-1.));
#2878=DIRECTION('',(-1.,2.22044604924792E-16,4.2009075741757E-14));
#2879=DIRECTION('',(-0.173785333909089,5.64540543566574E-15,-0.98478355881793));
#2880=DIRECTION('center_axis',(1.,-2.22044604924791E-16,-4.21315404216718E-14));
#2881=DIRECTION('ref_axis',(0.,-0.707106781186544,0.707106781186551));
#2882=DIRECTION('center_axis',(-1.,0.,3.55271367880045E-14));
#2883=DIRECTION('ref_axis',(0.,-1.,0.));
#2884=DIRECTION('center_axis',(0.173785333909089,-5.64540543566574E-15,
0.98478355881793));
#2885=DIRECTION('ref_axis',(0.696347132441155,0.707106781186568,-0.122884788077901));
#2886=DIRECTION('',(-0.173785333909089,5.64540543566574E-15,-0.98478355881793));
#2887=DIRECTION('center_axis',(0.173785333909082,-6.17409532953708E-15,
0.984783558817931));
#2888=DIRECTION('ref_axis',(0.984783558817931,8.8817841970017E-15,-0.173785333909082));
#2889=DIRECTION('',(0.173785333909089,-5.64540543566574E-15,0.98478355881793));
#2890=DIRECTION('center_axis',(2.22044604926546E-16,1.,4.16632677915901E-14));
#2891=DIRECTION('ref_axis',(0.642734263164348,3.4781005249297E-14,-0.766089203000919));
#2892=DIRECTION('center_axis',(-1.96584004062426E-15,1.,3.99680288865037E-14));
#2893=DIRECTION('ref_axis',(0.984783558817932,8.88178419700139E-15,-0.173785333909076));
#2894=DIRECTION('center_axis',(1.96584004062401E-15,-1.,-3.99680288865051E-14));
#2895=DIRECTION('ref_axis',(-3.55271367880045E-14,3.99680288865051E-14,
-1.));
#2896=DIRECTION('',(-2.22044604926547E-16,-1.,-4.16632677915901E-14));
#2897=DIRECTION('center_axis',(-0.173785333909089,5.64540543566574E-15,
-0.98478355881793));
#2898=DIRECTION('ref_axis',(0.696347132441163,-0.70710678118656,-0.122884788077903));
#2899=DIRECTION('center_axis',(0.173785333909076,0.,0.984783558817932));
#2900=DIRECTION('ref_axis',(0.,-1.,0.));
#2901=DIRECTION('',(0.173785333909089,-5.64540543566574E-15,0.98478355881793));
#2902=DIRECTION('center_axis',(-0.3512906374454,-0.837422181718731,0.418711090859373));
#2903=DIRECTION('ref_axis',(0.538239928924487,-0.546556574899086,-0.641540091768194));
#2904=DIRECTION('center_axis',(1.,-2.22044604924792E-16,-4.2009075741757E-14));
#2905=DIRECTION('ref_axis',(-3.55271367880052E-14,-0.707106781186509,-0.707106781186586));
#2906=DIRECTION('center_axis',(0.351290637445458,-0.837422181718706,-0.418711090859374));
#2907=DIRECTION('ref_axis',(0.538239928924495,0.546556574899133,-0.641540091768147));
#2908=DIRECTION('center_axis',(1.,-2.22044604924792E-16,-4.2009075741757E-14));
#2909=DIRECTION('ref_axis',(-3.55271367880049E-14,0.707106781186552,-0.707106781186543));
#2910=DIRECTION('center_axis',(1.,-2.22044604924792E-16,-4.2009075741757E-14));
#2911=DIRECTION('ref_axis',(0.,0.707106781186557,-0.707106781186538));
#2912=DIRECTION('center_axis',(-1.,-1.2621774483536E-27,3.55271367880045E-14));
#2913=DIRECTION('ref_axis',(0.,1.,3.5527136788005E-14));
#2914=DIRECTION('',(1.,-2.22044604924792E-16,-4.2009075741757E-14));
#2915=DIRECTION('center_axis',(-1.,2.22044604924792E-16,4.2009075741757E-14));
#2916=DIRECTION('ref_axis',(0.,-0.707106781186503,-0.707106781186592));
#2917=DIRECTION('center_axis',(1.,0.,-3.55271367880032E-14));
#2918=DIRECTION('ref_axis',(0.,-1.,0.));
#2919=DIRECTION('center_axis',(-1.,2.22044604924791E-16,4.21315404216718E-14));
#2920=DIRECTION('ref_axis',(0.,0.707106781186541,0.707106781186554));
#2921=DIRECTION('',(-1.,2.22044604924791E-16,4.21315404216718E-14));
#2922=DIRECTION('center_axis',(1.,0.,-3.55271367880045E-14));
#2923=DIRECTION('ref_axis',(0.,1.,0.));
#2924=DIRECTION('center_axis',(4.21315404216718E-14,-5.69345140833403E-15,
1.));
#2925=DIRECTION('ref_axis',(-1.,0.,4.0264088359739E-14));
#2926=DIRECTION('center_axis',(4.21315404216718E-14,-5.69345140833403E-15,
1.));
#2927=DIRECTION('ref_axis',(-1.,-2.65694399055599E-16,4.21306508198901E-14));
#2928=DIRECTION('center_axis',(-4.2009075741757E-14,4.16632677915901E-14,
-1.));
#2929=DIRECTION('ref_axis',(-1.,0.,4.0264088359739E-14));
#2930=DIRECTION('center_axis',(-4.2009075741757E-14,4.16632677915901E-14,
-1.));
#2931=DIRECTION('ref_axis',(-1.,-1.99164161646571E-15,4.20034377649851E-14));
#2932=DIRECTION('center_axis',(0.984783558817944,-1.20810423034643E-15,
0.173785333909008));
#2933=DIRECTION('ref_axis',(0.173785333909008,0.,-0.984783558817944));
#2934=DIRECTION('center_axis',(0.98478355881793,7.02179902864938E-15,-0.173785333909089));
#2935=DIRECTION('ref_axis',(-0.173785333909089,0.,-0.98478355881793));
#2936=DIRECTION('center_axis',(2.22044604925031E-16,1.,5.69345140833402E-15));
#2937=DIRECTION('ref_axis',(-1.,2.22044604924791E-16,4.21315404216718E-14));
#2938=DIRECTION('',(-4.21315404216718E-14,5.69345140833403E-15,-1.));
#2939=DIRECTION('',(-1.,2.22044604924792E-16,4.2009075741757E-14));
#2940=DIRECTION('',(-4.21315404216718E-14,5.69345140833403E-15,-1.));
#2941=DIRECTION('',(1.,-2.22044604924791E-16,-4.21315404216718E-14));
#2942=DIRECTION('',(4.21315404216718E-14,-5.69345140833403E-15,1.));
#2943=DIRECTION('center_axis',(-4.2009075741757E-14,4.16632677915901E-14,
-1.));
#2944=DIRECTION('ref_axis',(-1.,0.,4.2009075741757E-14));
#2945=DIRECTION('center_axis',(-4.2009075741757E-14,4.16632677915901E-14,
-1.));
#2946=DIRECTION('ref_axis',(2.22044604925031E-16,1.,5.69345140833402E-15));
#2947=DIRECTION('center_axis',(-4.2009075741757E-14,4.16632677915901E-14,
-1.));
#2948=DIRECTION('ref_axis',(-1.,0.,4.2009075741757E-14));
#2949=DIRECTION('center_axis',(-4.2009075741757E-14,4.16632677915901E-14,
-1.));
#2950=DIRECTION('ref_axis',(2.22044604925031E-16,1.,5.69345140833402E-15));
#2951=DIRECTION('center_axis',(-4.2009075741757E-14,4.16632677915901E-14,
-1.));
#2952=DIRECTION('ref_axis',(-1.,0.,4.2009075741757E-14));
#2953=DIRECTION('center_axis',(-4.2009075741757E-14,4.16632677915901E-14,
-1.));
#2954=DIRECTION('ref_axis',(2.22044604925031E-16,1.,5.69345140833402E-15));
#2955=DIRECTION('center_axis',(-4.2009075741757E-14,4.16632677915901E-14,
-1.));
#2956=DIRECTION('ref_axis',(-1.,0.,4.2009075741757E-14));
#2957=DIRECTION('center_axis',(-4.2009075741757E-14,4.16632677915901E-14,
-1.));
#2958=DIRECTION('ref_axis',(2.22044604925031E-16,1.,5.69345140833402E-15));
#2959=DIRECTION('center_axis',(4.21315404216718E-14,-5.69345140833403E-15,
1.));
#2960=DIRECTION('ref_axis',(1.,0.,-4.21315404216718E-14));
#2961=DIRECTION('center_axis',(4.21315404216718E-14,-5.69345140833403E-15,
1.));
#2962=DIRECTION('ref_axis',(2.22044604925031E-16,1.,5.69345140833402E-15));
#2963=DIRECTION('center_axis',(4.21315404216718E-14,-5.69345140833403E-15,
1.));
#2964=DIRECTION('ref_axis',(1.,0.,-4.21315404216718E-14));
#2965=DIRECTION('center_axis',(4.21315404216718E-14,-5.69345140833403E-15,
1.));
#2966=DIRECTION('ref_axis',(2.22044604925031E-16,1.,5.69345140833402E-15));
#2967=DIRECTION('center_axis',(4.21315404216718E-14,-5.69345140833403E-15,
1.));
#2968=DIRECTION('ref_axis',(1.,0.,-4.21315404216718E-14));
#2969=DIRECTION('center_axis',(4.21315404216718E-14,-5.69345140833403E-15,
1.));
#2970=DIRECTION('ref_axis',(2.22044604925031E-16,1.,5.69345140833402E-15));
#2971=DIRECTION('center_axis',(4.21315404216718E-14,-5.69345140833403E-15,
1.));
#2972=DIRECTION('ref_axis',(1.,0.,-4.21315404216718E-14));
#2973=DIRECTION('center_axis',(4.21315404216718E-14,-5.69345140833403E-15,
1.));
#2974=DIRECTION('ref_axis',(2.22044604925031E-16,1.,5.69345140833402E-15));
#2975=DIRECTION('center_axis',(1.,-2.69900372168098E-15,-4.28547362892648E-14));
#2976=DIRECTION('ref_axis',(-1.00485917355764E-13,0.965925826289076,-0.258819045102492));
#2977=DIRECTION('',(1.,-2.69900372168098E-15,-4.28547362892648E-14));
#2978=DIRECTION('center_axis',(-1.,-3.5527136788006E-14,6.15348059642796E-14));
#2979=DIRECTION('ref_axis',(0.,0.866025403784452,0.499999999999977));
#2980=DIRECTION('center_axis',(3.57637884381456E-14,-0.500000000000005,
0.866025403784436));
#2981=DIRECTION('ref_axis',(1.,0.,-4.2632564145606E-14));
#2982=DIRECTION('center_axis',(-0.260756208535719,0.836064979402038,0.482702340917823));
#2983=DIRECTION('ref_axis',(0.96540468183559,0.225821500786438,0.130378104267872));
#2984=DIRECTION('center_axis',(-3.57637884381456E-14,0.500000000000005,
-0.866025403784436));
#2985=DIRECTION('ref_axis',(0.707106781186565,0.61237243569579,0.353553390593247));
#2986=DIRECTION('center_axis',(3.13642577572034E-14,0.882825372175595,0.469701354312527));
#2987=DIRECTION('ref_axis',(1.,-3.55271367880045E-14,0.));
#2988=DIRECTION('center_axis',(3.57637884381456E-14,-0.500000000000005,
0.866025403784436));
#2989=DIRECTION('ref_axis',(1.,0.,-4.2632564145606E-14));
#2990=DIRECTION('center_axis',(-0.0930363814036225,-0.862269200308984,-0.497831354912308));
#2991=DIRECTION('ref_axis',(-2.13162820728047E-13,0.500000000000012,-0.866025403784432));
#2992=DIRECTION('center_axis',(-3.57637884381456E-14,0.500000000000005,
-0.866025403784436));
#2993=DIRECTION('ref_axis',(0.707106781186531,-0.612372435695794,-0.353553390593308));
#2994=DIRECTION('center_axis',(-1.5126747145768E-14,-0.851560160112677,
-0.524256896672682));
#2995=DIRECTION('ref_axis',(-0.123494125138276,0.52024386915552,-0.845041725397289));
#2996=DIRECTION('center_axis',(2.37647739325171E-14,0.866025403784436,0.500000000000005));
#2997=DIRECTION('ref_axis',(-1.,2.69900372168099E-15,4.28547362892648E-14));
#2998=DIRECTION('',(-1.,2.69900372168098E-15,4.28547362892648E-14));
#2999=DIRECTION('',(4.10017637338137E-14,-0.500000000000005,0.866025403784436));
#3000=DIRECTION('center_axis',(3.57637884381456E-14,-0.500000000000005,
0.866025403784436));
#3001=DIRECTION('ref_axis',(1.,0.,-4.15394210466775E-14));
#3002=DIRECTION('center_axis',(-1.,-2.37986690293371E-15,3.96491871791386E-14));
#3003=DIRECTION('ref_axis',(1.77635683940026E-14,0.866025403784443,0.499999999999993));
#3004=DIRECTION('center_axis',(3.57637884381456E-14,-0.500000000000005,
0.866025403784436));
#3005=DIRECTION('ref_axis',(1.,-3.09937256422767E-15,-4.30828206191647E-14));
#3006=DIRECTION('center_axis',(1.,-1.30038345881346E-14,-4.85309713761407E-14));
#3007=DIRECTION('ref_axis',(-3.55271367880056E-14,-0.86602540378444,-0.499999999999997));
#3008=DIRECTION('center_axis',(1.,-2.69900372168098E-15,-4.28547362892648E-14));
#3009=DIRECTION('ref_axis',(1.00485917355764E-13,-0.965925826289076,0.258819045102492));
#3010=DIRECTION('center_axis',(-1.,-3.55271367880041E-14,6.15348059642756E-14));
#3011=DIRECTION('ref_axis',(0.,-0.86602540378445,-0.499999999999981));
#3012=DIRECTION('center_axis',(-3.57637884381456E-14,0.500000000000005,
-0.866025403784436));
#3013=DIRECTION('ref_axis',(-1.,0.,4.2632564145606E-14));
#3014=DIRECTION('center_axis',(-0.0930363814036006,-0.862269200308971,-0.497831354912335));
#3015=DIRECTION('ref_axis',(0.995662709824629,-0.0805718697716784,-0.0465181907018313));
#3016=DIRECTION('center_axis',(3.57637884381456E-14,-0.500000000000005,
0.866025403784436));
#3017=DIRECTION('ref_axis',(0.707106781186529,-0.612372435695796,-0.353553390593308));
#3018=DIRECTION('center_axis',(-1.81468575633622E-14,-0.879799870684088,
-0.475344283171957));
#3019=DIRECTION('ref_axis',(1.,1.77635683940035E-14,-7.10542735760141E-14));
#3020=DIRECTION('center_axis',(-3.57637884381456E-14,0.500000000000005,
-0.866025403784436));
#3021=DIRECTION('ref_axis',(-1.,0.,4.2632564145606E-14));
#3022=DIRECTION('center_axis',(1.,3.55271367880026E-14,-6.15348059642693E-14));
#3023=DIRECTION('ref_axis',(0.,0.866025403784436,0.500000000000004));
#3024=DIRECTION('center_axis',(-3.57637884381456E-14,0.500000000000005,
-0.866025403784436));
#3025=DIRECTION('ref_axis',(0.707106781186564,0.612372435695791,0.353553390593247));
#3026=DIRECTION('center_axis',(-0.260756208535657,0.836064979402057,0.482702340917823));
#3027=DIRECTION('ref_axis',(3.5527136787995E-13,-0.499999999999938,0.866025403784475));
#3028=DIRECTION('center_axis',(3.57637884381456E-14,-0.500000000000005,
0.866025403784436));
#3029=DIRECTION('ref_axis',(0.707106781186564,0.612372435695791,0.353553390593247));
#3030=DIRECTION('center_axis',(-1.,2.69900372168098E-15,4.28547362892648E-14));
#3031=DIRECTION('ref_axis',(1.00485917355769E-13,0.25881904510252,0.965925826289069));
#3032=DIRECTION('',(1.,-2.69900372168098E-15,-4.28547362892648E-14));
#3033=DIRECTION('center_axis',(7.53340493199812E-15,0.848185991114397,0.529698522253261));
#3034=DIRECTION('ref_axis',(-0.221485535223648,-0.516542748000922,0.827120152803902));
#3035=DIRECTION('center_axis',(-3.57637884381456E-14,0.500000000000005,
-0.866025403784436));
#3036=DIRECTION('ref_axis',(1.,-1.63971398868464E-15,-4.15394210466775E-14));
#3037=DIRECTION('center_axis',(3.57637884381456E-14,-0.500000000000005,
0.866025403784436));
#3038=DIRECTION('ref_axis',(1.,-4.80906415368547E-15,-4.4072980247689E-14));
#3039=DIRECTION('center_axis',(-1.,-2.3798669029343E-15,3.96491871791383E-14));
#3040=DIRECTION('ref_axis',(-1.77635683940023E-14,-0.866025403784438,-0.500000000000001));
#3041=DIRECTION('center_axis',(-3.57637884381456E-14,0.500000000000005,
-0.866025403784436));
#3042=DIRECTION('ref_axis',(1.,-4.8109663683534E-15,-4.40696855152372E-14));
#3043=DIRECTION('center_axis',(1.,2.37986690293396E-15,-3.96491871791377E-14));
#3044=DIRECTION('ref_axis',(1.77635683940024E-14,0.866025403784436,0.500000000000005));
#3045=DIRECTION('center_axis',(3.57637884381456E-14,-0.500000000000005,
0.866025403784436));
#3046=DIRECTION('ref_axis',(1.,-2.69900372168099E-15,-4.28547362892648E-14));
#3047=DIRECTION('',(-1.,4.83562892877383E-15,4.40883174277372E-14));
#3048=DIRECTION('center_axis',(1.,-2.69900372168098E-15,-4.28547362892648E-14));
#3049=DIRECTION('ref_axis',(-2.51214793389403E-14,0.965925826289071,-0.258819045102512));
#3050=DIRECTION('',(1.,-2.69900372168098E-15,-4.28547362892648E-14));
#3051=DIRECTION('center_axis',(-1.,4.83562892877383E-15,4.40883174277372E-14));
#3052=DIRECTION('ref_axis',(-5.02429586778808E-14,-0.258819045102513,-0.965925826289071));
#3053=DIRECTION('',(-1.,4.83562892877383E-15,4.40883174277372E-14));
#3054=DIRECTION('center_axis',(-2.62319362094619E-14,-0.866025403784436,
-0.500000000000005));
#3055=DIRECTION('ref_axis',(1.,-4.83562892877383E-15,-4.40883174277372E-14));
#3056=DIRECTION('',(4.10017637338137E-14,-0.500000000000005,0.866025403784436));
#3057=DIRECTION('',(1.,-4.83562892877383E-15,-4.40883174277372E-14));
#3058=DIRECTION('center_axis',(4.10017637338137E-14,-0.500000000000005,
0.866025403784436));
#3059=DIRECTION('ref_axis',(-2.37647739325171E-14,-0.866025403784436,-0.500000000000005));
#3060=DIRECTION('',(4.10017637338137E-14,-0.500000000000005,0.866025403784436));
#3061=DIRECTION('center_axis',(2.37647739325171E-14,0.866025403784436,0.500000000000005));
#3062=DIRECTION('ref_axis',(-1.,2.69900372168099E-15,4.28547362892648E-14));
#3063=DIRECTION('',(-1.,2.69900372168098E-15,4.28547362892648E-14));
#3064=DIRECTION('center_axis',(1.,-4.83562892877383E-15,-4.40883174277372E-14));
#3065=DIRECTION('ref_axis',(2.51214793389403E-14,-0.965925826289071,0.258819045102512));
#3066=DIRECTION('center_axis',(-1.,2.69900372168098E-15,4.28547362892648E-14));
#3067=DIRECTION('ref_axis',(5.02429586778808E-14,0.258819045102514,0.96592582628907));
#3068=DIRECTION('center_axis',(-4.10017637338137E-14,0.500000000000005,
-0.866025403784436));
#3069=DIRECTION('ref_axis',(0.707106781186533,-0.612372435695791,-0.353553390593309));
#3070=DIRECTION('',(4.10017637338137E-14,-0.500000000000005,0.866025403784436));
#3071=DIRECTION('center_axis',(1.,-8.00160738468991E-17,-4.73909559597087E-14));
#3072=DIRECTION('ref_axis',(2.37647739325171E-14,0.866025403784436,0.500000000000005));
#3073=DIRECTION('',(-4.10017637338137E-14,0.500000000000005,-0.866025403784436));
#3074=DIRECTION('center_axis',(4.10017637338137E-14,-0.500000000000005,
0.866025403784436));
#3075=DIRECTION('ref_axis',(0.707106781186564,0.612372435695792,0.353553390593244));
#3076=DIRECTION('center_axis',(-1.,2.22044604924791E-16,4.21315404216718E-14));
#3077=DIRECTION('ref_axis',(2.22044604925031E-16,1.,5.69345140833402E-15));
#3078=DIRECTION('',(2.22044604926547E-16,1.,4.16632677915901E-14));
#3079=DIRECTION('',(-2.22044604925031E-16,-1.,-5.69345140833402E-15));
#3080=DIRECTION('center_axis',(-4.21315404216718E-14,5.69345140833403E-15,
-1.));
#3081=DIRECTION('ref_axis',(2.22044604925031E-16,1.,5.69345140833402E-15));
#3082=DIRECTION('',(4.21315404216718E-14,-5.69345140833403E-15,1.));
#3083=DIRECTION('center_axis',(-4.2009075741757E-14,4.16632677915901E-14,
-1.));
#3084=DIRECTION('ref_axis',(2.22044604925031E-16,1.,5.69345140833402E-15));
#3085=DIRECTION('center_axis',(-4.21315404216718E-14,5.69345140833403E-15,
-1.));
#3086=DIRECTION('ref_axis',(2.22044604925031E-16,1.,5.69345140833402E-15));
#3087=DIRECTION('',(4.21315404216718E-14,-5.69345140833403E-15,1.));
#3088=DIRECTION('center_axis',(-4.2009075741757E-14,4.16632677915901E-14,
-1.));
#3089=DIRECTION('ref_axis',(2.22044604925031E-16,1.,5.69345140833402E-15));
#3090=DIRECTION('center_axis',(-4.21315404216718E-14,5.69345140833403E-15,
-1.));
#3091=DIRECTION('ref_axis',(2.22044604925031E-16,1.,5.69345140833402E-15));
#3092=DIRECTION('',(4.21315404216718E-14,-5.69345140833403E-15,1.));
#3093=DIRECTION('center_axis',(-4.2009075741757E-14,4.16632677915901E-14,
-1.));
#3094=DIRECTION('ref_axis',(2.22044604925031E-16,1.,5.69345140833402E-15));
#3095=DIRECTION('center_axis',(-4.21315404216718E-14,5.69345140833403E-15,
-1.));
#3096=DIRECTION('ref_axis',(2.22044604925031E-16,1.,5.69345140833402E-15));
#3097=DIRECTION('',(4.21315404216718E-14,-5.69345140833403E-15,1.));
#3098=DIRECTION('center_axis',(-4.2009075741757E-14,4.16632677915901E-14,
-1.));
#3099=DIRECTION('ref_axis',(2.22044604925031E-16,1.,5.69345140833402E-15));
#3100=DIRECTION('center_axis',(-4.21315404216718E-14,5.69345140833403E-15,
-1.));
#3101=DIRECTION('ref_axis',(2.22044604925031E-16,1.,5.69345140833402E-15));
#3102=DIRECTION('center_axis',(4.2009075741757E-14,-4.16632677915901E-14,
1.));
#3103=DIRECTION('ref_axis',(2.22044604925031E-16,1.,5.69345140833402E-15));
#3104=DIRECTION('center_axis',(-4.2009075741757E-14,4.16632677915901E-14,
-1.));
#3105=DIRECTION('ref_axis',(2.22044604926547E-16,1.,4.16632677915901E-14));
#3106=DIRECTION('center_axis',(4.21315404216718E-14,-5.69345140833403E-15,
1.));
#3107=DIRECTION('ref_axis',(2.22044604925031E-16,1.,5.69345140833402E-15));
#3108=DIRECTION('',(-4.21315404216718E-14,5.69345140833403E-15,-1.));
#3109=DIRECTION('center_axis',(-4.21315404216718E-14,5.69345140833403E-15,
-1.));
#3110=DIRECTION('ref_axis',(2.22044604925031E-16,1.,5.69345140833402E-15));
#3111=DIRECTION('center_axis',(4.21315404216718E-14,-5.69345140833403E-15,
1.));
#3112=DIRECTION('ref_axis',(2.22044604925031E-16,1.,5.69345140833402E-15));
#3113=DIRECTION('',(-4.21315404216718E-14,5.69345140833403E-15,-1.));
#3114=DIRECTION('center_axis',(-4.21315404216718E-14,5.69345140833403E-15,
-1.));
#3115=DIRECTION('ref_axis',(2.22044604925031E-16,1.,5.69345140833402E-15));
#3116=DIRECTION('center_axis',(4.21315404216718E-14,-5.69345140833403E-15,
1.));
#3117=DIRECTION('ref_axis',(2.22044604925031E-16,1.,5.69345140833402E-15));
#3118=DIRECTION('',(-4.21315404216718E-14,5.69345140833403E-15,-1.));
#3119=DIRECTION('center_axis',(-4.21315404216718E-14,5.69345140833403E-15,
-1.));
#3120=DIRECTION('ref_axis',(2.22044604925031E-16,1.,5.69345140833402E-15));
#3121=DIRECTION('center_axis',(4.21315404216718E-14,-5.69345140833403E-15,
1.));
#3122=DIRECTION('ref_axis',(2.22044604925031E-16,1.,5.69345140833402E-15));
#3123=DIRECTION('',(-4.21315404216718E-14,5.69345140833403E-15,-1.));
#3124=DIRECTION('center_axis',(-4.21315404216718E-14,5.69345140833403E-15,
-1.));
#3125=DIRECTION('ref_axis',(2.22044604925031E-16,1.,5.69345140833402E-15));
#3126=DIRECTION('center_axis',(4.21315404216718E-14,-5.69345140833403E-15,
1.));
#3127=DIRECTION('ref_axis',(2.22044604925031E-16,1.,5.69345140833402E-15));
#3128=DIRECTION('center_axis',(4.21315404216718E-14,-5.69345140833403E-15,
1.));
#3129=DIRECTION('ref_axis',(2.22044604925031E-16,1.,5.69345140833402E-15));
#3130=DIRECTION('center_axis',(4.21315404216718E-14,-5.69345140833403E-15,
1.));
#3131=DIRECTION('ref_axis',(2.22044604925031E-16,1.,5.69345140833402E-15));
#3132=CARTESIAN_POINT('',(0.,0.,0.));
#3133=CARTESIAN_POINT('Origin',(248.444747468305,32.6497474683115,178.299999999993));
#3134=CARTESIAN_POINT('',(245.244747468304,32.6497474683115,177.799999999993));
#3135=CARTESIAN_POINT('Origin',(248.444747468304,32.6497474683115,177.799999999993));
#3136=CARTESIAN_POINT('',(245.744747468304,32.6497474683115,178.299999999993));
#3137=CARTESIAN_POINT('Origin',(245.244747468304,32.6497474683115,178.299999999993));
#3138=CARTESIAN_POINT('',(251.144747468305,32.6497474683115,178.299999999993));
#3139=CARTESIAN_POINT('Origin',(248.444747468305,32.6497474683115,178.299999999993));
#3140=CARTESIAN_POINT('Origin',(248.444747468305,32.6497474683115,178.299999999993));
#3141=CARTESIAN_POINT('Origin',(247.195000000005,27.9000000000059,177.799999999993));
#3142=CARTESIAN_POINT('',(258.85601902932,16.9000000000059,177.799999999992));
#3143=CARTESIAN_POINT('',(258.85601902932,38.9000000000059,177.799999999993));
#3144=CARTESIAN_POINT('',(258.85601902932,24.9000000000062,177.799999999992));
#3145=CARTESIAN_POINT('',(243.695000000005,16.9000000000059,177.799999999992));
#3146=CARTESIAN_POINT('',(245.445000000005,16.9000000000059,177.799999999992));
#3147=CARTESIAN_POINT('',(243.695000000005,38.9000000000059,177.799999999993));
#3148=CARTESIAN_POINT('Origin',(243.695000000005,27.9000000000059,177.799999999993));
#3149=CARTESIAN_POINT('',(254.945000000005,38.9000000000059,177.799999999993));
#3150=CARTESIAN_POINT('',(245.244747468304,22.7502525317001,177.799999999993));
#3151=CARTESIAN_POINT('Origin',(248.444747468305,22.7502525317001,177.799999999992));
#3152=CARTESIAN_POINT('',(241.820006174184,30.7731739542676,177.799999999993));
#3153=CARTESIAN_POINT('',(241.819999999999,24.6268298127233,177.799999999993));
#3154=CARTESIAN_POINT('Origin',(243.694999999999,27.7000000000055,177.799999999993));
#3155=CARTESIAN_POINT('Origin',(243.494999999999,27.7000000000057,177.799999999993));
#3156=CARTESIAN_POINT('',(235.345252531693,32.6497474683114,177.799999999993));
#3157=CARTESIAN_POINT('Origin',(238.545252531693,32.6497474683114,177.799999999993));
#3158=CARTESIAN_POINT('',(235.345252531693,22.7502525317002,177.799999999993));
#3159=CARTESIAN_POINT('Origin',(238.545252531693,22.7502525317002,177.799999999993));
#3160=CARTESIAN_POINT('Origin',(248.444747468305,32.6497474683115,177.799999999993));
#3161=CARTESIAN_POINT('',(251.144747468305,32.6497474683115,180.299999999993));
#3162=CARTESIAN_POINT('',(251.144747468305,32.6497474683115,177.799999999993));
#3163=CARTESIAN_POINT('Origin',(248.444747468305,32.6497474683115,180.299999999993));
#3164=CARTESIAN_POINT('Origin',(248.444747468305,22.7502525317,178.299999999993));
#3165=CARTESIAN_POINT('',(245.744747468305,22.7502525317,178.299999999993));
#3166=CARTESIAN_POINT('Origin',(245.244747468305,22.7502525317,178.299999999993));
#3167=CARTESIAN_POINT('',(251.144747468305,22.7502525317001,178.299999999993));
#3168=CARTESIAN_POINT('Origin',(248.444747468305,22.7502525317,178.299999999993));
#3169=CARTESIAN_POINT('Origin',(248.444747468305,22.7502525317,178.299999999993));
#3170=CARTESIAN_POINT('Origin',(248.444747468305,22.7502525317,177.799999999993));
#3171=CARTESIAN_POINT('',(251.144747468305,22.7502525317,180.299999999993));
#3172=CARTESIAN_POINT('',(251.144747468305,22.7502525317,177.799999999993));
#3173=CARTESIAN_POINT('Origin',(248.444747468305,22.7502525317,180.299999999993));
#3174=CARTESIAN_POINT('Origin',(238.545252531693,22.7502525317001,178.299999999993));
#3175=CARTESIAN_POINT('',(235.845252531693,22.7502525317001,178.299999999993));
#3176=CARTESIAN_POINT('Origin',(235.345252531693,22.7502525317001,178.299999999993));
#3177=CARTESIAN_POINT('',(241.245252531693,22.7502525317002,178.299999999993));
#3178=CARTESIAN_POINT('Origin',(238.545252531693,22.7502525317001,178.299999999993));
#3179=CARTESIAN_POINT('Origin',(238.545252531693,22.7502525317001,178.299999999993));
#3180=CARTESIAN_POINT('Origin',(238.545252531693,22.7502525317001,177.799999999993));
#3181=CARTESIAN_POINT('',(241.245252531693,22.7502525317001,180.299999999993));
#3182=CARTESIAN_POINT('',(241.245252531693,22.7502525317001,177.799999999993));
#3183=CARTESIAN_POINT('Origin',(238.545252531693,22.7502525317001,180.299999999993));
#3184=CARTESIAN_POINT('Origin',(243.694999999999,27.7000000000055,178.299999999993));
#3185=CARTESIAN_POINT('',(242.069999999993,25.0600426139895,178.299999999993));
#3186=CARTESIAN_POINT('',(242.069999999997,30.3399573860241,178.299999999993));
#3187=CARTESIAN_POINT('Origin',(243.694999999999,27.7000000000055,178.299999999993));
#3188=CARTESIAN_POINT('Ctrl Pts',(242.070000000001,30.3399573860267,178.299999999993));
#3189=CARTESIAN_POINT('Ctrl Pts',(242.070000000001,30.3399573860267,178.234917160631));
#3190=CARTESIAN_POINT('Ctrl Pts',(242.063646380041,30.3509681643862,178.170458201931));
#3191=CARTESIAN_POINT('Ctrl Pts',(242.038945671206,30.3937735062914,178.050023186229));
#3192=CARTESIAN_POINT('Ctrl Pts',(242.020832436113,30.4251627648721,177.995202446055));
#3193=CARTESIAN_POINT('Ctrl Pts',(241.975115201039,30.5043861760521,177.902511914649));
#3194=CARTESIAN_POINT('Ctrl Pts',(241.94794430171,30.5514697637947,177.865534940437));
#3195=CARTESIAN_POINT('Ctrl Pts',(241.887912591042,30.6554939826039,177.814377891374));
#3196=CARTESIAN_POINT('Ctrl Pts',(241.855604482335,30.7114768562284,177.800794160156));
#3197=CARTESIAN_POINT('Ctrl Pts',(241.821937767117,30.7698125427141,177.800011264918));
#3198=CARTESIAN_POINT('Ctrl Pts',(241.820968887878,30.7714913580625,177.799999999993));
#3199=CARTESIAN_POINT('Ctrl Pts',(241.820000000003,30.7731701872905,177.799999999993));
#3200=CARTESIAN_POINT('Ctrl Pts',(241.819999999999,24.6268298127231,177.799999999993));
#3201=CARTESIAN_POINT('Ctrl Pts',(241.820968887873,24.6285086419502,177.799999999993));
#3202=CARTESIAN_POINT('Ctrl Pts',(241.821937767035,24.6301874573359,177.800011264917));
#3203=CARTESIAN_POINT('Ctrl Pts',(241.855604482897,24.688523143485,177.800794160155));
#3204=CARTESIAN_POINT('Ctrl Pts',(241.887912591036,24.7445060174141,177.814377891375));
#3205=CARTESIAN_POINT('Ctrl Pts',(241.947944301703,24.8485302362207,177.865534940437));
#3206=CARTESIAN_POINT('Ctrl Pts',(241.975115201032,24.8956138239632,177.902511914649));
#3207=CARTESIAN_POINT('Ctrl Pts',(242.020832436106,24.974837235143,177.995202446055));
#3208=CARTESIAN_POINT('Ctrl Pts',(242.0389456712,25.006226493723,178.050023186228));
#3209=CARTESIAN_POINT('Ctrl Pts',(242.063646380035,25.0490318356283,178.170458201931));
#3210=CARTESIAN_POINT('Ctrl Pts',(242.069999999996,25.0600426139876,178.234917160631));
#3211=CARTESIAN_POINT('Ctrl Pts',(242.069999999996,25.0600426139876,178.299999999993));
#3212=CARTESIAN_POINT('Origin',(243.494999999999,27.7000000000057,178.299999999993));
#3213=CARTESIAN_POINT('Origin',(243.494999999999,27.7000000000057,178.299999999993));
#3214=CARTESIAN_POINT('Origin',(243.694999999999,27.7000000000055,182.799999999993));
#3215=CARTESIAN_POINT('',(242.069999999993,25.0600426139895,182.799999999993));
#3216=CARTESIAN_POINT('',(242.069999999993,25.0600426139895,182.799999999993));
#3217=CARTESIAN_POINT('',(242.069999999997,30.3399573860241,182.799999999993));
#3218=CARTESIAN_POINT('Origin',(243.694999999999,27.7000000000055,182.799999999993));
#3219=CARTESIAN_POINT('',(242.069999999997,30.3399573860241,182.799999999993));
#3220=CARTESIAN_POINT('Origin',(238.545252531693,32.6497474683114,178.299999999993));
#3221=CARTESIAN_POINT('',(235.845252531693,32.6497474683114,178.299999999993));
#3222=CARTESIAN_POINT('Origin',(235.345252531693,32.6497474683114,178.299999999993));
#3223=CARTESIAN_POINT('',(241.245252531693,32.6497474683114,178.299999999993));
#3224=CARTESIAN_POINT('Origin',(238.545252531693,32.6497474683114,178.299999999993));
#3225=CARTESIAN_POINT('Origin',(238.545252531693,32.6497474683114,178.299999999993));
#3226=CARTESIAN_POINT('Origin',(238.545252531693,32.6497474683114,177.799999999993));
#3227=CARTESIAN_POINT('',(241.245252531693,32.6497474683114,180.299999999993));
#3228=CARTESIAN_POINT('',(241.245252531693,32.6497474683114,177.799999999993));
#3229=CARTESIAN_POINT('Origin',(238.545252531693,32.6497474683114,180.299999999993));
#3230=CARTESIAN_POINT('Origin',(243.694999999999,27.7000000000055,223.699999999993));
#3231=CARTESIAN_POINT('',(242.069999999997,30.3399573860241,223.699999999993));
#3232=CARTESIAN_POINT('',(242.069999999993,25.0600426139895,223.699999999993));
#3233=CARTESIAN_POINT('Origin',(243.694999999999,27.7000000000055,223.699999999993));
#3234=CARTESIAN_POINT('',(241.820006174179,24.6268260457464,224.199999999993));
#3235=CARTESIAN_POINT('Ctrl Pts',(242.069999999996,25.0600426139876,223.699999999993));
#3236=CARTESIAN_POINT('Ctrl Pts',(242.069999999996,25.0600426139876,223.765082839355));
#3237=CARTESIAN_POINT('Ctrl Pts',(242.063646380035,25.0490318356284,223.829541798055));
#3238=CARTESIAN_POINT('Ctrl Pts',(242.0389456712,25.006226493723,223.949976813758));
#3239=CARTESIAN_POINT('Ctrl Pts',(242.020832436107,24.9748372351424,224.004797553931));
#3240=CARTESIAN_POINT('Ctrl Pts',(241.975115201033,24.8956138239625,224.097488085337));
#3241=CARTESIAN_POINT('Ctrl Pts',(241.947944301704,24.8485302362202,224.134465059549));
#3242=CARTESIAN_POINT('Ctrl Pts',(241.887912591039,24.7445060174152,224.185622108609));
#3243=CARTESIAN_POINT('Ctrl Pts',(241.85560448234,24.6885231438,224.199205839828));
#3244=CARTESIAN_POINT('Ctrl Pts',(241.821937767114,24.6301874573064,224.199988735069));
#3245=CARTESIAN_POINT('Ctrl Pts',(241.82096888787,24.6285086419582,224.199999999993));
#3246=CARTESIAN_POINT('Ctrl Pts',(241.819999999993,24.6268298127266,224.199999999993));
#3247=CARTESIAN_POINT('',(241.819999999994,30.7731701872855,224.199999999993));
#3248=CARTESIAN_POINT('Origin',(243.694999999999,27.7000000000055,224.199999999993));
#3249=CARTESIAN_POINT('Ctrl Pts',(241.819999999995,30.7731701872851,224.199999999993));
#3250=CARTESIAN_POINT('Ctrl Pts',(241.820968887871,30.7714913580536,224.199999999993));
#3251=CARTESIAN_POINT('Ctrl Pts',(241.82193776712,30.7698125427083,224.199988735069));
#3252=CARTESIAN_POINT('Ctrl Pts',(241.855604482351,30.7114768562169,224.199205839829));
#3253=CARTESIAN_POINT('Ctrl Pts',(241.887912591046,30.6554939826,224.185622108609));
#3254=CARTESIAN_POINT('Ctrl Pts',(241.94794430171,30.5514697637948,224.134465059549));
#3255=CARTESIAN_POINT('Ctrl Pts',(241.975115201039,30.5043861760523,224.097488085337));
#3256=CARTESIAN_POINT('Ctrl Pts',(242.020832436113,30.4251627648722,224.004797553931));
#3257=CARTESIAN_POINT('Ctrl Pts',(242.038945671206,30.3937735062916,223.949976813758));
#3258=CARTESIAN_POINT('Ctrl Pts',(242.063646380041,30.3509681643863,223.829541798055));
#3259=CARTESIAN_POINT('Ctrl Pts',(242.070000000001,30.3399573860267,223.765082839355));
#3260=CARTESIAN_POINT('Ctrl Pts',(242.070000000001,30.3399573860267,223.699999999993));
#3261=CARTESIAN_POINT('Origin',(243.494999999999,27.7000000000057,223.699999999993));
#3262=CARTESIAN_POINT('Origin',(243.494999999999,27.7000000000057,224.199999999993));
#3263=CARTESIAN_POINT('Origin',(243.494999999999,27.7000000000057,223.699999999993));
#3264=CARTESIAN_POINT('Origin',(243.694999999999,27.7000000000055,219.199999999993));
#3265=CARTESIAN_POINT('',(242.069999999997,30.3399573860241,219.199999999993));
#3266=CARTESIAN_POINT('',(242.069999999997,30.3399573860241,219.199999999993));
#3267=CARTESIAN_POINT('',(242.069999999993,25.0600426139895,219.199999999993));
#3268=CARTESIAN_POINT('Origin',(243.694999999999,27.7000000000055,219.199999999993));
#3269=CARTESIAN_POINT('',(242.069999999993,25.0600426139895,219.199999999993));
#3270=CARTESIAN_POINT('Origin',(247.195000000007,27.9000000000056,224.199999999993));
#3271=CARTESIAN_POINT('',(258.856019029322,38.9000000000056,224.199999999993));
#3272=CARTESIAN_POINT('',(258.856019029322,16.9000000000056,224.199999999993));
#3273=CARTESIAN_POINT('',(258.856019029322,24.9000000000056,224.199999999993));
#3274=CARTESIAN_POINT('',(243.695000000007,38.9000000000056,224.199999999993));
#3275=CARTESIAN_POINT('',(254.945000000007,38.9000000000056,224.199999999993));
#3276=CARTESIAN_POINT('',(243.695000000007,16.9000000000056,224.199999999993));
#3277=CARTESIAN_POINT('Origin',(243.695000000007,27.9000000000056,224.199999999993));
#3278=CARTESIAN_POINT('',(245.445000000007,16.9000000000056,224.199999999993));
#3279=CARTESIAN_POINT('',(251.644747468305,22.7502525317,224.199999999993));
#3280=CARTESIAN_POINT('Origin',(248.444747468305,22.7502525317,224.199999999993));
#3281=CARTESIAN_POINT('',(251.644747468305,32.6497474683115,224.199999999993));
#3282=CARTESIAN_POINT('Origin',(248.444747468305,32.6497474683115,224.199999999993));
#3283=CARTESIAN_POINT('',(241.745252531693,32.6497474683114,224.199999999993));
#3284=CARTESIAN_POINT('Origin',(238.545252531693,32.6497474683114,224.199999999994));
#3285=CARTESIAN_POINT('',(241.745252531693,22.7502525317001,224.199999999993));
#3286=CARTESIAN_POINT('Origin',(238.545252531693,22.7502525317001,224.199999999993));
#3287=CARTESIAN_POINT('Origin',(248.444747468305,22.7502525317,223.699999999993));
#3288=CARTESIAN_POINT('',(251.144747468305,22.7502525317,223.699999999993));
#3289=CARTESIAN_POINT('Origin',(251.644747468305,22.7502525317,223.699999999993));
#3290=CARTESIAN_POINT('Origin',(248.444747468305,22.7502525317,223.699999999993));
#3291=CARTESIAN_POINT('Origin',(248.444747468305,22.7502525317,224.199999999993));
#3292=CARTESIAN_POINT('',(251.144747468305,22.7502525317,221.699999999993));
#3293=CARTESIAN_POINT('',(251.144747468305,22.7502525317,224.199999999993));
#3294=CARTESIAN_POINT('Origin',(248.444747468305,22.7502525317,221.699999999993));
#3295=CARTESIAN_POINT('Origin',(238.545252531693,22.7502525317001,223.699999999993));
#3296=CARTESIAN_POINT('',(241.245252531693,22.7502525317001,223.699999999993));
#3297=CARTESIAN_POINT('Origin',(241.745252531693,22.7502525317001,223.699999999993));
#3298=CARTESIAN_POINT('Origin',(238.545252531693,22.7502525317001,223.699999999993));
#3299=CARTESIAN_POINT('Origin',(238.545252531693,22.7502525317001,224.199999999993));
#3300=CARTESIAN_POINT('',(241.245252531693,22.7502525317001,221.699999999993));
#3301=CARTESIAN_POINT('',(241.245252531693,22.7502525317001,224.199999999993));
#3302=CARTESIAN_POINT('Origin',(238.545252531693,22.7502525317001,221.699999999993));
#3303=CARTESIAN_POINT('Origin',(248.444747468305,32.6497474683115,223.699999999993));
#3304=CARTESIAN_POINT('',(251.144747468305,32.6497474683115,223.699999999993));
#3305=CARTESIAN_POINT('Origin',(251.644747468305,32.6497474683115,223.699999999993));
#3306=CARTESIAN_POINT('Origin',(248.444747468305,32.6497474683115,223.699999999993));
#3307=CARTESIAN_POINT('Origin',(248.444747468305,32.6497474683115,224.199999999993));
#3308=CARTESIAN_POINT('',(251.144747468305,32.6497474683115,221.699999999993));
#3309=CARTESIAN_POINT('',(251.144747468305,32.6497474683115,224.199999999993));
#3310=CARTESIAN_POINT('Origin',(248.444747468305,32.6497474683115,221.699999999993));
#3311=CARTESIAN_POINT('Origin',(238.545252531693,32.6497474683114,223.699999999993));
#3312=CARTESIAN_POINT('',(241.245252531693,32.6497474683114,223.699999999993));
#3313=CARTESIAN_POINT('Origin',(241.745252531693,32.6497474683114,223.699999999993));
#3314=CARTESIAN_POINT('Origin',(238.545252531693,32.6497474683114,223.699999999993));
#3315=CARTESIAN_POINT('Origin',(238.545252531693,32.6497474683114,224.199999999993));
#3316=CARTESIAN_POINT('',(241.245252531693,32.6497474683114,221.699999999993));
#3317=CARTESIAN_POINT('',(241.245252531693,32.6497474683114,224.199999999993));
#3318=CARTESIAN_POINT('Origin',(238.545252531693,32.6497474683114,221.699999999993));
#3319=CARTESIAN_POINT('Origin',(243.494999999999,27.7000000000057,182.799999999993));
#3320=CARTESIAN_POINT('Origin',(243.494999999999,27.7000000000057,182.799999999993));
#3321=CARTESIAN_POINT('Origin',(243.494999999999,27.7000000000057,219.199999999993));
#3322=CARTESIAN_POINT('Origin',(243.494999999999,27.7000000000057,219.199999999993));
#3323=CARTESIAN_POINT('Origin',(262.895000000006,33.0250943389566,216.523076211346));
#3324=CARTESIAN_POINT('',(262.895000000006,38.224459395238,207.117511766768));
#3325=CARTESIAN_POINT('',(262.895000000006,39.5158441352282,204.880767784986));
#3326=CARTESIAN_POINT('',(262.895000000006,32.8518892581997,216.423076211346));
#3327=CARTESIAN_POINT('',(262.695000000006,39.6890492159851,204.980767784986));
#3328=CARTESIAN_POINT('Origin',(262.895000000006,39.6890492159851,204.980767784986));
#3329=CARTESIAN_POINT('',(262.695000000006,38.4077748992568,207.199999999993));
#3330=CARTESIAN_POINT('',(262.695000000006,33.0250943389566,216.523076211346));
#3331=CARTESIAN_POINT('',(262.695756464158,38.390182784491,207.195713369798));
#3332=CARTESIAN_POINT('Origin',(262.895000000006,39.0621052043383,206.066666666659));
#3333=CARTESIAN_POINT('Origin',(262.895000000006,38.3976644759949,207.217511766768));
#3334=CARTESIAN_POINT('Origin',(262.895000000006,39.1092921435268,204.584936490531));
#3335=CARTESIAN_POINT('',(262.695000000006,39.7644585570389,204.338447199474));
#3336=CARTESIAN_POINT('',(262.895000000006,39.5772681531783,204.408872711205));
#3337=CARTESIAN_POINT('Origin',(262.895000000006,39.7644585570389,204.338447199474));
#3338=CARTESIAN_POINT('',(262.895000000006,39.3592921435268,204.151923788639));
#3339=CARTESIAN_POINT('Origin',(262.895000000006,39.1092921435268,204.584936490531));
#3340=CARTESIAN_POINT('',(262.695000000006,39.4592921435268,203.978718707882));
#3341=CARTESIAN_POINT('Origin',(262.895000000006,39.4592921435268,203.978718707882));
#3342=CARTESIAN_POINT('Origin',(262.695000000006,39.1092921435268,204.584936490531));
#3343=CARTESIAN_POINT('Origin',(262.895000000005,28.940415587225,197.905642496529));
#3344=CARTESIAN_POINT('',(262.895000000005,36.4932240878712,202.49719862519));
#3345=CARTESIAN_POINT('',(262.695000000006,36.5932240878712,202.323993544434));
#3346=CARTESIAN_POINT('Origin',(262.895000000005,36.5932240878712,202.323993544434));
#3347=CARTESIAN_POINT('',(262.695000000005,28.940415587225,197.905642496529));
#3348=CARTESIAN_POINT('',(262.895000000005,28.840415587225,198.078847577286));
#3349=CARTESIAN_POINT('Ctrl Pts',(262.718682562881,32.418713873609,202.454180132929));
#3350=CARTESIAN_POINT('Ctrl Pts',(262.718682562881,32.5182351749478,202.281804182575));
#3351=CARTESIAN_POINT('Ctrl Pts',(262.725767654974,32.8422899022961,202.020991372143));
#3352=CARTESIAN_POINT('Ctrl Pts',(262.747456472186,33.4508666221867,201.857348559232));
#3353=CARTESIAN_POINT('Ctrl Pts',(262.800667318943,34.7135666225837,201.790131831018));
#3354=CARTESIAN_POINT('Ctrl Pts',(262.855192015443,35.7694239935796,202.079312445912));
#3355=CARTESIAN_POINT('Ctrl Pts',(262.895000000005,36.4932240878712,202.49719862519));
#3356=CARTESIAN_POINT('Ctrl Pts',(262.710947990366,32.4062034881492,202.446957258516));
#3357=CARTESIAN_POINT('Ctrl Pts',(262.710947990366,32.5072474958948,202.2719439033));
#3358=CARTESIAN_POINT('Ctrl Pts',(262.715758599657,32.8346366585905,202.006206724854));
#3359=CARTESIAN_POINT('Ctrl Pts',(262.730723858699,33.4473778122007,201.838942237969));
#3360=CARTESIAN_POINT('Ctrl Pts',(262.768236446141,34.7167053061333,201.770393516697));
#3361=CARTESIAN_POINT('Ctrl Pts',(262.809442627553,35.7748240584545,202.070126423953));
#3362=CARTESIAN_POINT('Ctrl Pts',(262.842640122446,36.4932240878712,202.49719862519));
#3363=CARTESIAN_POINT('Ctrl Pts',(262.699050544907,32.3795282054467,202.431556276867));
#3364=CARTESIAN_POINT('Ctrl Pts',(262.699050544907,32.4838195470877,202.250918374355));
#3365=CARTESIAN_POINT('Ctrl Pts',(262.700281259524,32.8177372989469,201.974416996629));
#3366=CARTESIAN_POINT('Ctrl Pts',(262.704228071205,33.4388703766802,201.796266612355));
#3367=CARTESIAN_POINT('Ctrl Pts',(262.714487238302,34.723295561925,201.714524697032));
#3368=CARTESIAN_POINT('Ctrl Pts',(262.726877871063,35.7933888538343,202.02038038393));
#3369=CARTESIAN_POINT('Ctrl Pts',(262.738517862063,36.5149830188998,202.459511051131));
#3370=CARTESIAN_POINT('Ctrl Pts',(262.695000000006,32.3511481520978,202.415171045426));
#3371=CARTESIAN_POINT('Ctrl Pts',(262.695000000006,32.4588941369142,202.228549525413));
#3372=CARTESIAN_POINT('Ctrl Pts',(262.695043061918,32.7993008651388,201.940178135182));
#3373=CARTESIAN_POINT('Ctrl Pts',(262.695061279636,33.428853341606,201.747055533841));
#3374=CARTESIAN_POINT('Ctrl Pts',(262.695037257124,34.7305308231571,201.640253538272));
#3375=CARTESIAN_POINT('Ctrl Pts',(262.695216637745,35.821024019992,201.930894457104));
#3376=CARTESIAN_POINT('Ctrl Pts',(262.695000000006,36.5670441490913,202.369338528539));
#3377=CARTESIAN_POINT('Ctrl Pts',(262.695000000006,32.3369573997096,202.406978010715));
#3378=CARTESIAN_POINT('Ctrl Pts',(262.695000000006,32.4464308311823,202.217364465325));
#3379=CARTESIAN_POINT('Ctrl Pts',(262.695000000006,32.7900746409569,201.923070827456));
#3380=CARTESIAN_POINT('Ctrl Pts',(262.695000000006,33.4238280365368,201.722463300435));
#3381=CARTESIAN_POINT('Ctrl Pts',(262.695000000006,34.7341357135566,201.6031091858));
#3382=CARTESIAN_POINT('Ctrl Pts',(262.695000000006,35.8347699063127,201.886099818543));
#3383=CARTESIAN_POINT('Ctrl Pts',(262.695000000006,36.5932240878712,202.323993544434));
#3384=CARTESIAN_POINT('',(262.718682562881,32.418713873609,202.454180132929));
#3385=CARTESIAN_POINT('Ctrl Pts',(262.895000000005,36.4932240878712,202.49719862519));
#3386=CARTESIAN_POINT('Ctrl Pts',(262.855192015443,35.7694239935796,202.079312445912));
#3387=CARTESIAN_POINT('Ctrl Pts',(262.800667318943,34.7135666225837,201.790131831018));
#3388=CARTESIAN_POINT('Ctrl Pts',(262.747456472186,33.4508666221867,201.857348559232));
#3389=CARTESIAN_POINT('Ctrl Pts',(262.725767654974,32.8422899022961,202.020991372143));
#3390=CARTESIAN_POINT('Ctrl Pts',(262.718682562881,32.5182351749478,202.281804182575));
#3391=CARTESIAN_POINT('Ctrl Pts',(262.718682562881,32.418713873609,202.454180132929));
#3392=CARTESIAN_POINT('',(262.695000000006,32.3369573997096,202.406978010715));
#3393=CARTESIAN_POINT('Origin',(262.895000000005,32.3369573997096,202.406978010715));
#3394=CARTESIAN_POINT('Ctrl Pts',(262.695000000006,32.3369573997096,202.406978010715));
#3395=CARTESIAN_POINT('Ctrl Pts',(262.695000000006,32.4464308311823,202.217364465325));
#3396=CARTESIAN_POINT('Ctrl Pts',(262.695000000006,32.7900746409569,201.923070827456));
#3397=CARTESIAN_POINT('Ctrl Pts',(262.695000000006,33.4238280365368,201.722463300435));
#3398=CARTESIAN_POINT('Ctrl Pts',(262.695000000006,34.7341357135566,201.6031091858));
#3399=CARTESIAN_POINT('Ctrl Pts',(262.695000000006,35.8347699063127,201.886099818543));
#3400=CARTESIAN_POINT('Ctrl Pts',(262.695000000006,36.5932240878712,202.323993544434));
#3401=CARTESIAN_POINT('Origin',(262.895000000005,31.8369573997096,203.273003414499));
#3402=CARTESIAN_POINT('',(262.718682562881,31.418713873609,204.186230940498));
#3403=CARTESIAN_POINT('',(262.695000000006,31.3369573997096,204.139028818284));
#3404=CARTESIAN_POINT('Origin',(262.895000000006,31.3369573997096,204.139028818284));
#3405=CARTESIAN_POINT('',(262.695000000006,31.8369573997096,203.273003414499));
#3406=CARTESIAN_POINT('',(262.718682562881,31.918713873609,203.320205536713));
#3407=CARTESIAN_POINT('Ctrl Pts',(262.844407127249,32.6549561497271,207.076206315972));
#3408=CARTESIAN_POINT('Ctrl Pts',(262.820859197438,32.2985364735879,206.751220102586));
#3409=CARTESIAN_POINT('Ctrl Pts',(262.781693109818,31.7780976349631,206.123155363851));
#3410=CARTESIAN_POINT('Ctrl Pts',(262.734925777219,31.2860340923533,205.103455999767));
#3411=CARTESIAN_POINT('Ctrl Pts',(262.718682562881,31.2667784440214,204.449390824013));
#3412=CARTESIAN_POINT('Ctrl Pts',(262.718682562881,31.418713873609,204.186230940498));
#3413=CARTESIAN_POINT('Ctrl Pts',(262.795939243389,32.6462987248346,207.085461014654));
#3414=CARTESIAN_POINT('Ctrl Pts',(262.778461480867,32.2856740813589,206.763179338147));
#3415=CARTESIAN_POINT('Ctrl Pts',(262.750886532856,31.7591288921822,206.135437653605));
#3416=CARTESIAN_POINT('Ctrl Pts',(262.720164713293,31.2653594007285,205.108546563185));
#3417=CARTESIAN_POINT('Ctrl Pts',(262.709843051436,31.2498241958309,204.445737588825));
#3418=CARTESIAN_POINT('Ctrl Pts',(262.709843051436,31.4044162902264,204.177976226883));
#3419=CARTESIAN_POINT('Ctrl Pts',(262.720334129293,32.6083782700452,207.125997593063));
#3420=CARTESIAN_POINT('Ctrl Pts',(262.715501275616,32.243327780372,206.800374900911));
#3421=CARTESIAN_POINT('Ctrl Pts',(262.708365815406,31.7131558253553,206.163537634391));
#3422=CARTESIAN_POINT('Ctrl Pts',(262.700859441879,31.2248343334087,205.11761142666));
#3423=CARTESIAN_POINT('Ctrl Pts',(262.698462708888,31.2179089757423,204.438862949565));
#3424=CARTESIAN_POINT('Ctrl Pts',(262.698462708888,31.3775030690398,204.162437871386));
#3425=CARTESIAN_POINT('Ctrl Pts',(262.695000000006,32.5484380976962,207.190073024378));
#3426=CARTESIAN_POINT('Ctrl Pts',(262.695030524391,32.182616425111,206.852597771371));
#3427=CARTESIAN_POINT('Ctrl Pts',(262.695016393701,31.6563817697234,206.197303654777));
#3428=CARTESIAN_POINT('Ctrl Pts',(262.695023704217,31.1806716690412,205.12703077286));
#3429=CARTESIAN_POINT('Ctrl Pts',(262.695000000006,31.1842523219467,204.431612176267));
#3430=CARTESIAN_POINT('Ctrl Pts',(262.695000000006,31.3491209017566,204.146051419465));
#3431=CARTESIAN_POINT('Ctrl Pts',(262.695000000006,32.5227701792103,207.217511766768));
#3432=CARTESIAN_POINT('Ctrl Pts',(262.695000000006,32.1566059563596,206.874978814973));
#3433=CARTESIAN_POINT('Ctrl Pts',(262.695000000006,31.6320521468857,206.211779373195));
#3434=CARTESIAN_POINT('Ctrl Pts',(262.695000000006,31.1617380734505,205.131076436464));
#3435=CARTESIAN_POINT('Ctrl Pts',(262.695000000006,31.1698284271633,204.428504690151));
#3436=CARTESIAN_POINT('Ctrl Pts',(262.695000000006,31.3369573997096,204.139028818284));
#3437=CARTESIAN_POINT('',(262.695000000006,32.5041444157596,207.199999999932));
#3438=CARTESIAN_POINT('Ctrl Pts',(262.695000000006,32.5041452299026,207.199999138511));
#3439=CARTESIAN_POINT('Ctrl Pts',(262.695000000006,32.1459274092039,206.861441700261));
#3440=CARTESIAN_POINT('Ctrl Pts',(262.695000000006,31.6286264493697,206.2039076943));
#3441=CARTESIAN_POINT('Ctrl Pts',(262.695000000006,31.1617380734505,205.131076436464));
#3442=CARTESIAN_POINT('Ctrl Pts',(262.695000000006,31.1698284271633,204.428504690151));
#3443=CARTESIAN_POINT('Ctrl Pts',(262.695000000006,31.3369573997096,204.139028818284));
#3444=CARTESIAN_POINT('',(262.844407127249,32.6549561497271,207.076206315972));
#3445=CARTESIAN_POINT('Ctrl Pts',(262.718682562881,31.418713873609,204.186230940498));
#3446=CARTESIAN_POINT('Ctrl Pts',(262.718682562881,31.4027594400043,204.213864830107));
#3447=CARTESIAN_POINT('Ctrl Pts',(262.71872474622,31.3883938752817,204.242366885162));
#3448=CARTESIAN_POINT('Ctrl Pts',(262.718821371164,31.3756293185686,204.271609750108));
#3449=CARTESIAN_POINT('Ctrl Pts',(262.718921119589,31.3624521370224,204.301797914803));
#3450=CARTESIAN_POINT('Ctrl Pts',(262.71907860591,31.3509809578379,204.332775342332));
#3451=CARTESIAN_POINT('Ctrl Pts',(262.719302496459,31.3411842216851,204.364365524247));
#3452=CARTESIAN_POINT('Ctrl Pts',(262.719542093382,31.3307002247029,204.398171821233));
#3453=CARTESIAN_POINT('Ctrl Pts',(262.719857349389,31.3221337751295,204.432679639747));
#3454=CARTESIAN_POINT('Ctrl Pts',(262.720258762951,31.3153971578519,204.46763468069));
#3455=CARTESIAN_POINT('Ctrl Pts',(262.72053909559,31.3106925492462,204.492046010539));
#3456=CARTESIAN_POINT('Ctrl Pts',(262.720861445204,31.3068793005216,204.516674611852));
#3457=CARTESIAN_POINT('Ctrl Pts',(262.721230924313,31.3039154776279,204.541425374624));
#3458=CARTESIAN_POINT('Ctrl Pts',(262.721892106948,31.2986117184123,204.585716849134));
#3459=CARTESIAN_POINT('Ctrl Pts',(262.72269965183,31.2960105854674,204.63041693354));
#3460=CARTESIAN_POINT('Ctrl Pts',(262.723637766942,31.2957363961963,204.675311972143));
#3461=CARTESIAN_POINT('Ctrl Pts',(262.724632002505,31.2954458042201,204.722892747037));
#3462=CARTESIAN_POINT('Ctrl Pts',(262.725773130564,31.2977692871538,204.770693007563));
#3463=CARTESIAN_POINT('Ctrl Pts',(262.727048942696,31.3023128931673,204.818489093311));
#3464=CARTESIAN_POINT('Ctrl Pts',(262.728485001166,31.3074271915369,204.872288529858));
#3465=CARTESIAN_POINT('Ctrl Pts',(262.730092013158,31.3153546027922,204.926083432172));
#3466=CARTESIAN_POINT('Ctrl Pts',(262.731856283425,31.3255944639054,204.979582897237));
#3467=CARTESIAN_POINT('Ctrl Pts',(262.732388805235,31.3286852315017,204.995731008155));
#3468=CARTESIAN_POINT('Ctrl Pts',(262.732935658129,31.3319870357388,205.011852327753));
#3469=CARTESIAN_POINT('Ctrl Pts',(262.733496450903,31.3354869384314,205.027939081935));
#3470=CARTESIAN_POINT('Ctrl Pts',(262.734173797218,31.3397142507253,205.04736926034));
#3471=CARTESIAN_POINT('Ctrl Pts',(262.734863604451,31.3442232894964,205.066770198287));
#3472=CARTESIAN_POINT('Ctrl Pts',(262.73556436167,31.3489916000696,205.086119544426));
#3473=CARTESIAN_POINT('Ctrl Pts',(262.738150905533,31.3665917676008,205.15753933314));
#3474=CARTESIAN_POINT('Ctrl Pts',(262.740887299825,31.3877284719048,205.22825513807));
#3475=CARTESIAN_POINT('Ctrl Pts',(262.743735568464,31.4119367585938,205.298172635193));
#3476=CARTESIAN_POINT('Ctrl Pts',(262.746773760173,31.4377592582305,205.372752243708));
#3477=CARTESIAN_POINT('Ctrl Pts',(262.749939194089,31.4670759349998,205.446423496191));
#3478=CARTESIAN_POINT('Ctrl Pts',(262.753175675052,31.4992616956201,205.51908401154));
#3479=CARTESIAN_POINT('Ctrl Pts',(262.756939982594,31.5366965215562,205.603594481141));
#3480=CARTESIAN_POINT('Ctrl Pts',(262.760800324254,31.578011651179,205.686737331109));
#3481=CARTESIAN_POINT('Ctrl Pts',(262.764655661754,31.6221552341561,205.768370498682));
#3482=CARTESIAN_POINT('Ctrl Pts',(262.765435970238,31.6310897599402,205.784892801389));
#3483=CARTESIAN_POINT('Ctrl Pts',(262.766216041895,31.6401399933986,205.801353324101));
#3484=CARTESIAN_POINT('Ctrl Pts',(262.766994997476,31.6492970138275,205.817750984258));
#3485=CARTESIAN_POINT('Ctrl Pts',(262.769304398067,31.6764451964943,205.866365779507));
#3486=CARTESIAN_POINT('Ctrl Pts',(262.771674322795,31.7046264179282,205.914483529734));
#3487=CARTESIAN_POINT('Ctrl Pts',(262.774097498806,31.7336366618153,205.962113461713));
#3488=CARTESIAN_POINT('Ctrl Pts',(262.779401652458,31.7971379470608,206.066371871555));
#3489=CARTESIAN_POINT('Ctrl Pts',(262.784964115725,31.8646110229279,206.168291458145));
#3490=CARTESIAN_POINT('Ctrl Pts',(262.790733502102,31.9357320334784,206.267637932193));
#3491=CARTESIAN_POINT('Ctrl Pts',(262.796459520581,32.0063184345315,206.366237628767));
#3492=CARTESIAN_POINT('Ctrl Pts',(262.802389426199,32.0804970692164,206.462303940805));
#3493=CARTESIAN_POINT('Ctrl Pts',(262.808425710185,32.1579634136212,206.55562250424));
#3494=CARTESIAN_POINT('Ctrl Pts',(262.814360002692,32.2341208555553,206.647364319745));
#3495=CARTESIAN_POINT('Ctrl Pts',(262.820396756975,32.3134552752743,206.736451705078));
#3496=CARTESIAN_POINT('Ctrl Pts',(262.826399745106,32.3957011284192,206.822677042703));
#3497=CARTESIAN_POINT('Ctrl Pts',(262.831612408973,32.4671188919588,206.897550371122));
#3498=CARTESIAN_POINT('Ctrl Pts',(262.836798702892,32.5407323086016,206.970266048632));
#3499=CARTESIAN_POINT('Ctrl Pts',(262.841846349427,32.6163854258025,207.040674878641));
#3500=CARTESIAN_POINT('Ctrl Pts',(262.842700239611,32.6291833611768,207.052585658918));
#3501=CARTESIAN_POINT('Ctrl Pts',(262.84355381819,32.6420405286485,207.064429752923));
#3502=CARTESIAN_POINT('Ctrl Pts',(262.844407127249,32.6549561497271,207.076206315972));
#3503=CARTESIAN_POINT('',(262.696568829841,32.5311647613208,207.191109964258));
#3504=CARTESIAN_POINT('Ctrl Pts',(262.844407127249,32.6549561497271,207.076206315972));
#3505=CARTESIAN_POINT('Ctrl Pts',(262.844012155261,32.6548663928314,207.076263767154));
#3506=CARTESIAN_POINT('Ctrl Pts',(262.84361753358,32.6547757726971,207.076322141926));
#3507=CARTESIAN_POINT('Ctrl Pts',(262.843223266401,32.654684292389,207.07638143753));
#3508=CARTESIAN_POINT('Ctrl Pts',(262.830172424475,32.6516561553724,207.078344212027));
#3509=CARTESIAN_POINT('Ctrl Pts',(262.817542320779,32.6476964639184,207.081307566805));
#3510=CARTESIAN_POINT('Ctrl Pts',(262.805487455712,32.6429117009367,207.085177277635));
#3511=CARTESIAN_POINT('Ctrl Pts',(262.793448179734,32.6381331255059,207.089041984239));
#3512=CARTESIAN_POINT('Ctrl Pts',(262.782042838128,32.6325554644364,207.093791500464));
#3513=CARTESIAN_POINT('Ctrl Pts',(262.771431735397,32.6262758323848,207.099340728538));
#3514=CARTESIAN_POINT('Ctrl Pts',(262.760932394952,32.620062341059,207.104831508924));
#3515=CARTESIAN_POINT('Ctrl Pts',(262.751287603321,32.6132072172067,207.111065296556));
#3516=CARTESIAN_POINT('Ctrl Pts',(262.742647228675,32.6058045546041,207.117956296));
#3517=CARTESIAN_POINT('Ctrl Pts',(262.736520635712,32.6005555807505,207.122842467078));
#3518=CARTESIAN_POINT('Ctrl Pts',(262.730899410762,32.5950306083124,207.128059849863));
#3519=CARTESIAN_POINT('Ctrl Pts',(262.725848871873,32.589256080831,207.133585781306));
#3520=CARTESIAN_POINT('Ctrl Pts',(262.724131009922,32.5872919654645,207.135465340612));
#3521=CARTESIAN_POINT('Ctrl Pts',(262.722479278902,32.5852989379846,207.137380642168));
#3522=CARTESIAN_POINT('Ctrl Pts',(262.720894662192,32.5832789438463,207.139329837754));
#3523=CARTESIAN_POINT('Ctrl Pts',(262.714338207461,32.5749210866788,207.147394761305));
#3524=CARTESIAN_POINT('Ctrl Pts',(262.708990661968,32.56618420483,207.155959943496));
#3525=CARTESIAN_POINT('Ctrl Pts',(262.704881582675,32.5572171322312,207.164875869199));
#3526=CARTESIAN_POINT('Ctrl Pts',(262.700980136097,32.5487031678576,207.173341271141));
#3527=CARTESIAN_POINT('Ctrl Pts',(262.698195115361,32.539980621371,207.182124022013));
#3528=CARTESIAN_POINT('Ctrl Pts',(262.696593185533,32.5311681495403,207.191106153504));
#3529=CARTESIAN_POINT('Ctrl Pts',(262.696568829841,32.5311647613207,207.191109964258));
#3530=CARTESIAN_POINT('Ctrl Pts',(262.696190608932,32.5290619534612,207.193253216078));
#3531=CARTESIAN_POINT('Ctrl Pts',(262.695892442729,32.5266022567438,207.194942824558));
#3532=CARTESIAN_POINT('Ctrl Pts',(262.695426151113,32.5210690934682,207.197585143716));
#3533=CARTESIAN_POINT('Ctrl Pts',(262.695267835205,32.5180556442279,207.198482267198));
#3534=CARTESIAN_POINT('Ctrl Pts',(262.695046262078,32.5114472879387,207.19973784825));
#3535=CARTESIAN_POINT('Ctrl Pts',(262.695000000006,32.5077605395847,207.199999999993));
#3536=CARTESIAN_POINT('Ctrl Pts',(262.695000000006,32.5041444158882,207.199999999993));
#3537=CARTESIAN_POINT('Ctrl Pts',(262.698043288242,32.5227701792103,207.182754699986));
#3538=CARTESIAN_POINT('Ctrl Pts',(262.657246035897,32.7542892260187,207.413939129944));
#3539=CARTESIAN_POINT('Ctrl Pts',(262.621842529657,33.0169532609072,207.614558998636));
#3540=CARTESIAN_POINT('Ctrl Pts',(262.592864705296,33.3013692907311,207.778766670017));
#3541=CARTESIAN_POINT('Ctrl Pts',(262.703574053187,32.5550404897871,207.151413698634));
#3542=CARTESIAN_POINT('Ctrl Pts',(262.66359573408,32.7858598121665,207.377632250112));
#3543=CARTESIAN_POINT('Ctrl Pts',(262.629191377869,33.0469505902366,207.573419559414));
#3544=CARTESIAN_POINT('Ctrl Pts',(262.600973065454,33.3287231426575,207.732819295785));
#3545=CARTESIAN_POINT('Ctrl Pts',(262.740857521389,32.6113049966798,207.101647189936));
#3546=CARTESIAN_POINT('Ctrl Pts',(262.706268879232,32.8408156592309,207.320020080966));
#3547=CARTESIAN_POINT('Ctrl Pts',(262.677341101407,33.0991543593033,207.50795225892));
#3548=CARTESIAN_POINT('Ctrl Pts',(262.655038974878,33.3762350283296,207.660067338677));
#3549=CARTESIAN_POINT('Ctrl Pts',(262.811790160664,32.6459551721993,207.079464386255));
#3550=CARTESIAN_POINT('Ctrl Pts',(262.785257740928,32.8719446854337,207.29654624583));
#3551=CARTESIAN_POINT('Ctrl Pts',(262.764254910067,33.1258449485606,207.484736794408));
#3552=CARTESIAN_POINT('Ctrl Pts',(262.749414981588,33.3982816731198,207.638536019183));
#3553=CARTESIAN_POINT('Ctrl Pts',(262.844407127249,32.6549561497271,207.076206315972));
#3554=CARTESIAN_POINT('Ctrl Pts',(262.820855875594,32.8789623991811,207.29418806254));
#3555=CARTESIAN_POINT('Ctrl Pts',(262.802528764312,33.1307376909744,207.484069429071));
#3556=CARTESIAN_POINT('Ctrl Pts',(262.789821417059,33.4013692907311,207.640318656042));
#3557=CARTESIAN_POINT('',(262.789821417059,33.4013692907311,207.640318656042));
#3558=CARTESIAN_POINT('Ctrl Pts',(262.844407127249,32.6549561497271,207.076206315972));
#3559=CARTESIAN_POINT('Ctrl Pts',(262.820855875594,32.8789623991811,207.29418806254));
#3560=CARTESIAN_POINT('Ctrl Pts',(262.802528764312,33.1307376909744,207.484069429071));
#3561=CARTESIAN_POINT('Ctrl Pts',(262.789821417059,33.4013692907311,207.640318656042));
#3562=CARTESIAN_POINT('',(262.592864705296,33.3013692907311,207.778766670017));
#3563=CARTESIAN_POINT('Origin',(262.789821417059,33.3013692907311,207.813523736799));
#3564=CARTESIAN_POINT('',(262.695000000017,32.5401567596393,207.19999999993));
#3565=CARTESIAN_POINT('Ctrl Pts',(262.592864705296,33.3013692907311,207.778766670017));
#3566=CARTESIAN_POINT('Ctrl Pts',(262.621119581588,33.0240489633648,207.61865570436));
#3567=CARTESIAN_POINT('Ctrl Pts',(262.655483519273,32.7674088182716,207.423926724144));
#3568=CARTESIAN_POINT('Ctrl Pts',(262.694999906909,32.5401562236343,207.20000052754));
#3569=CARTESIAN_POINT('Ctrl Pts',(262.696568807478,32.5311646316819,207.191110090985));
#3570=CARTESIAN_POINT('Ctrl Pts',(262.696044942773,32.5341566862496,207.194078657646));
#3571=CARTESIAN_POINT('Ctrl Pts',(262.695521975181,32.53715389026,207.197042140664));
#3572=CARTESIAN_POINT('Ctrl Pts',(262.694999906909,32.5401562236343,207.20000052754));
#3573=CARTESIAN_POINT('Origin',(263.468291665576,26.6422146202152,203.968858995201));
#3574=CARTESIAN_POINT('',(262.488452436711,36.3592921435268,209.348076211346));
#3575=CARTESIAN_POINT('',(262.291495724948,36.2592921435268,209.486524225321));
#3576=CARTESIAN_POINT('Origin',(262.488452436711,36.2592921435268,209.521281292103));
#3577=CARTESIAN_POINT('',(263.271334953813,26.6422146202152,203.934101928419));
#3578=CARTESIAN_POINT('',(263.468291665576,26.7422146202152,203.795653914444));
#3579=CARTESIAN_POINT('Ctrl Pts',(262.291495724948,36.2592921435268,209.486524225321));
#3580=CARTESIAN_POINT('Ctrl Pts',(262.277635757358,36.3953270958444,209.56506404166));
#3581=CARTESIAN_POINT('Ctrl Pts',(262.264831388191,36.7772180881712,209.637622133609));
#3582=CARTESIAN_POINT('Ctrl Pts',(262.304702403694,37.1107901710562,209.411686379095));
#3583=CARTESIAN_POINT('Ctrl Pts',(262.336710627768,37.2155099261759,209.230306442672));
#3584=CARTESIAN_POINT('Ctrl Pts',(262.299604085107,36.2866459954531,209.440576851088));
#3585=CARTESIAN_POINT('Ctrl Pts',(262.286730770236,36.4117154244943,209.513659899029));
#3586=CARTESIAN_POINT('Ctrl Pts',(262.274816463262,36.7645519591568,209.581413958508));
#3587=CARTESIAN_POINT('Ctrl Pts',(262.312010867326,37.0714977330899,209.370620110724));
#3588=CARTESIAN_POINT('Ctrl Pts',(262.34156590416,37.166371564459,209.202793209788));
#3589=CARTESIAN_POINT('Ctrl Pts',(262.35367001875,36.3341578662632,209.367824923996));
#3590=CARTESIAN_POINT('Ctrl Pts',(262.341275759173,36.4403073955304,209.431203455209));
#3591=CARTESIAN_POINT('Ctrl Pts',(262.329739210415,36.7425856816052,209.490403985222));
#3592=CARTESIAN_POINT('Ctrl Pts',(262.365558824975,37.0030939035873,209.306660099572));
#3593=CARTESIAN_POINT('Ctrl Pts',(262.39386608525,37.0811446456789,209.16281686901));
#3594=CARTESIAN_POINT('Ctrl Pts',(262.44804600124,36.3562045259155,209.346293574487));
#3595=CARTESIAN_POINT('Ctrl Pts',(262.434622616129,36.4541820783647,209.403791184505));
#3596=CARTESIAN_POINT('Ctrl Pts',(262.422194224526,36.7313009763958,209.457207451216));
#3597=CARTESIAN_POINT('Ctrl Pts',(262.460853890983,36.9717619134371,209.291110434105));
#3598=CARTESIAN_POINT('Ctrl Pts',(262.491759806697,37.0455071678936,209.159516924225));
#3599=CARTESIAN_POINT('Ctrl Pts',(262.488452436711,36.3592921435268,209.348076211346));
#3600=CARTESIAN_POINT('Ctrl Pts',(262.474592469122,36.4564599666108,209.40417608016));
#3601=CARTESIAN_POINT('Ctrl Pts',(262.461788099955,36.7292392468442,209.456003288694));
#3602=CARTESIAN_POINT('Ctrl Pts',(262.501659115457,36.9675050203336,209.294620606899));
#3603=CARTESIAN_POINT('Ctrl Pts',(262.533667339532,37.0423048454191,209.165063509453));
#3604=CARTESIAN_POINT('',(262.533667339532,37.042304845419,209.165063509453));
#3605=CARTESIAN_POINT('',(262.336710627768,37.2155099261759,209.230306442672));
#3606=CARTESIAN_POINT('Origin',(262.533667339532,37.2155099261759,209.265063509453));
#3607=CARTESIAN_POINT('Origin',(262.398475333651,36.6092921435268,208.880306442672));
#3608=CARTESIAN_POINT('Origin',(262.595432045414,36.6092921435268,208.915063509453));
#3609=CARTESIAN_POINT('Origin',(262.141211857034,35.9315323482064,211.488977910276));
#3610=CARTESIAN_POINT('',(261.94425514527,35.9315323482064,211.454220843494));
#3611=CARTESIAN_POINT('',(262.141211857034,35.7583272674496,211.388977910276));
#3612=CARTESIAN_POINT('Origin',(262.895000000006,33.0250943389566,216.523076211346));
#3613=CARTESIAN_POINT('',(262.696310248547,39.6957163161219,204.923508644438));
#3614=CARTESIAN_POINT('Ctrl Pts',(262.696310248547,39.6957163161219,204.923508644438));
#3615=CARTESIAN_POINT('Ctrl Pts',(262.695388856971,39.6938633633719,204.942737787498));
#3616=CARTESIAN_POINT('Ctrl Pts',(262.695000000006,39.6915866422014,204.962014270137));
#3617=CARTESIAN_POINT('Ctrl Pts',(262.695000000006,39.6890492159851,204.980767784986));
#3618=CARTESIAN_POINT('',(262.895000000006,39.542304845419,204.834936490531));
#3619=CARTESIAN_POINT('',(262.895000000006,32.8518892581997,216.423076211346));
#3620=CARTESIAN_POINT('Origin',(262.895000000006,39.715509926176,204.934936490531));
#3621=CARTESIAN_POINT('Origin',(262.895000000006,39.1092921435268,204.584936490531));
#3622=CARTESIAN_POINT('Ctrl Pts',(262.695000000006,39.7644585570389,204.338447199474));
#3623=CARTESIAN_POINT('Ctrl Pts',(262.695000000006,39.7629127844703,204.35374271895));
#3624=CARTESIAN_POINT('Ctrl Pts',(262.695349542411,39.7612074281054,204.368468246182));
#3625=CARTESIAN_POINT('Ctrl Pts',(262.698554434866,39.7510627516594,204.44843667598));
#3626=CARTESIAN_POINT('Ctrl Pts',(262.706205182754,39.7397750909076,204.508069130746));
#3627=CARTESIAN_POINT('Ctrl Pts',(262.71329825666,39.7259697372713,204.586092488717));
#3628=CARTESIAN_POINT('Ctrl Pts',(262.714991018395,39.7220964268302,204.608823939045));
#3629=CARTESIAN_POINT('Ctrl Pts',(262.716314600226,39.7163528708262,204.648450109616));
#3630=CARTESIAN_POINT('Ctrl Pts',(262.71638801744,39.7143203558989,204.664463328208));
#3631=CARTESIAN_POINT('Ctrl Pts',(262.715431955366,39.7104126798907,204.701227798085));
#3632=CARTESIAN_POINT('Ctrl Pts',(262.714183431217,39.7088237460686,204.720872529035));
#3633=CARTESIAN_POINT('Ctrl Pts',(262.708721175204,39.7045436311446,204.785538901525));
#3634=CARTESIAN_POINT('Ctrl Pts',(262.702809476356,39.7028949070988,204.831916042125));
#3635=CARTESIAN_POINT('Ctrl Pts',(262.697913974308,39.6982384874311,204.895283052997));
#3636=CARTESIAN_POINT('Ctrl Pts',(262.697001975181,39.6971074041271,204.909072534149));
#3637=CARTESIAN_POINT('Ctrl Pts',(262.696310248547,39.6957163161219,204.923508644438));
#3638=CARTESIAN_POINT('Origin',(262.895000000006,39.1092921435268,204.584936490531));
#3639=CARTESIAN_POINT('Origin',(262.695000000006,15.9000000000056,219.199999999992));
#3640=CARTESIAN_POINT('',(262.695000000006,16.9000000000057,207.199999999992));
#3641=CARTESIAN_POINT('',(262.695000000006,21.9000000000057,207.199999999992));
#3642=CARTESIAN_POINT('',(262.695000000005,15.9000000000057,201.445774499449));
#3643=CARTESIAN_POINT('Origin',(262.695000000005,16.9000000000057,201.445774499449));
#3644=CARTESIAN_POINT('',(262.695000000005,15.9000000000057,200.554225500536));
#3645=CARTESIAN_POINT('',(262.695000000006,15.9000000000056,219.199999999992));
#3646=CARTESIAN_POINT('',(262.695000000005,16.0355414429725,197.66155280051));
#3647=CARTESIAN_POINT('Origin',(262.695000000005,16.9000000000057,200.554225500536));
#3648=CARTESIAN_POINT('',(262.695000000005,16.3407078564848,198.021281292102));
#3649=CARTESIAN_POINT('Origin',(262.695000000005,16.6907078564848,197.415063509453));
#3650=CARTESIAN_POINT('',(262.695000000005,19.8861208987569,200.068226466447));
#3651=CARTESIAN_POINT('',(262.695000000006,25.740415587225,203.448205080749));
#3652=CARTESIAN_POINT('',(262.695000000005,24.1423875869185,199.985242000165));
#3653=CARTESIAN_POINT('Ctrl Pts',(262.695000000005,24.1423875869185,199.985242000165));
#3654=CARTESIAN_POINT('Ctrl Pts',(262.695000000005,24.0329141578645,200.174855541366));
#3655=CARTESIAN_POINT('Ctrl Pts',(262.695000000005,23.6892705908555,200.469149228787));
#3656=CARTESIAN_POINT('Ctrl Pts',(262.695000000005,23.0555171882027,200.669756783872));
#3657=CARTESIAN_POINT('Ctrl Pts',(262.695000000005,21.7452097022169,200.789110703304));
#3658=CARTESIAN_POINT('Ctrl Pts',(262.695000000005,20.6445750635581,200.506120182663));
#3659=CARTESIAN_POINT('Ctrl Pts',(262.695000000005,19.8861208987569,200.068226466447));
#3660=CARTESIAN_POINT('',(262.695000000005,25.1423875869185,198.253191192596));
#3661=CARTESIAN_POINT('',(262.695000000005,24.6423875869185,199.119216596381));
#3662=CARTESIAN_POINT('',(262.695000000005,23.5055901616751,194.800000000776));
#3663=CARTESIAN_POINT('Ctrl Pts',(262.695000000005,23.5055901613009,194.800000001286));
#3664=CARTESIAN_POINT('Ctrl Pts',(262.695000000005,23.9773099871476,195.146272463583));
#3665=CARTESIAN_POINT('Ctrl Pts',(262.695000000005,24.6581019932332,195.861967139212));
#3666=CARTESIAN_POINT('Ctrl Pts',(262.695000000005,25.1970103766606,196.914468272796));
#3667=CARTESIAN_POINT('Ctrl Pts',(262.695000000005,25.3298438787776,197.692714014951));
#3668=CARTESIAN_POINT('Ctrl Pts',(262.695000000005,25.2399185106712,198.084262677348));
#3669=CARTESIAN_POINT('Ctrl Pts',(262.695000000005,25.1423875869185,198.253191192596));
#3670=CARTESIAN_POINT('',(262.695000000005,38.9000000000057,194.799999999993));
#3671=CARTESIAN_POINT('',(262.695000000005,21.9000000000059,194.799999999992));
#3672=CARTESIAN_POINT('',(262.695000000005,39.9000000000057,200.554225500536));
#3673=CARTESIAN_POINT('Origin',(262.695000000005,38.9000000000057,200.554225500536));
#3674=CARTESIAN_POINT('',(262.695000000005,39.9000000000057,201.445774499449));
#3675=CARTESIAN_POINT('',(262.695000000006,39.9000000000056,219.199999999993));
#3676=CARTESIAN_POINT('Origin',(262.695000000005,38.9000000000057,201.445774499449));
#3677=CARTESIAN_POINT('Origin',(270.652967351701,27.739672493314,202.062135409224));
#3678=CARTESIAN_POINT('',(270.652967351701,35.533901243517,206.56213547628));
#3679=CARTESIAN_POINT('Origin',(270.652967351701,27.739672493314,202.062135409224));
#3680=CARTESIAN_POINT('',(270.652967351701,36.2659520510859,209.294186283848));
#3681=CARTESIAN_POINT('Origin',(270.652967351701,37.2659520510859,207.56213547628));
#3682=CARTESIAN_POINT('Origin',(270.652967351701,26.739672493314,203.794186216793));
#3683=CARTESIAN_POINT('Origin',(270.652967351701,28.2396724933141,201.19611000544));
#3684=CARTESIAN_POINT('',(270.652967351701,36.5339012435171,204.830084668711));
#3685=CARTESIAN_POINT('Origin',(270.652967351701,28.7396724933141,200.330084601655));
#3686=CARTESIAN_POINT('',(270.652967351701,36.0339012435171,205.696110072495));
#3687=CARTESIAN_POINT('Origin',(270.652967351701,28.7396724933141,200.330084601655));
#3688=CARTESIAN_POINT('',(270.652967351701,39.2659520510859,204.098033861142));
#3689=CARTESIAN_POINT('Origin',(270.652967351701,29.7396724933141,198.598033794086));
#3690=CARTESIAN_POINT('Origin',(270.652967351701,38.2659520510859,205.830084668711));
#3691=CARTESIAN_POINT('Origin',(281.195000000005,29.4000000000058,198.401923788638));
#3692=CARTESIAN_POINT('',(289.695000000006,39.3592921435267,204.151923788638));
#3693=CARTESIAN_POINT('',(290.445000000006,39.3592921435267,204.151923788638));
#3694=CARTESIAN_POINT('',(298.866344477443,33.277355065046,200.640515779182));
#3695=CARTESIAN_POINT('Origin',(289.695000000005,31.1320508075746,199.401923788638));
#3696=CARTESIAN_POINT('',(288.652967351701,39.2659520510858,204.098033861141));
#3697=CARTESIAN_POINT('Origin',(288.652967351701,29.739672493314,198.598033794086));
#3698=CARTESIAN_POINT('',(275.923983675853,39.2659520510859,204.098033861142));
#3699=CARTESIAN_POINT('Origin',(262.895000000006,11.8940744866164,204.323076211346));
#3700=CARTESIAN_POINT('',(262.895000000005,17.5755406047735,194.882488233217));
#3701=CARTESIAN_POINT('',(262.695756464157,17.4098172155205,194.804286630187));
#3702=CARTESIAN_POINT('Origin',(262.895000000005,17.4023355240166,194.782488233216));
#3703=CARTESIAN_POINT('',(262.895000000005,16.2841558647831,197.119232214999));
#3704=CARTESIAN_POINT('',(262.895000000006,12.0672795673733,204.423076211346));
#3705=CARTESIAN_POINT('',(262.695000000005,16.1109507840262,197.019232214999));
#3706=CARTESIAN_POINT('Origin',(262.895000000005,16.1109507840262,197.019232214999));
#3707=CARTESIAN_POINT('',(262.695000000005,17.392225100755,194.799999999992));
#3708=CARTESIAN_POINT('',(262.695000000006,11.8940744866164,204.323076211346));
#3709=CARTESIAN_POINT('Origin',(262.895000000005,16.7378947956733,195.933333333325));
#3710=CARTESIAN_POINT('Origin',(262.895000000006,11.8940744866164,204.323076211346));
#3711=CARTESIAN_POINT('',(262.696310248547,16.1042836838895,197.076491355546));
#3712=CARTESIAN_POINT('Ctrl Pts',(262.696310248547,16.1042836838895,197.076491355546));
#3713=CARTESIAN_POINT('Ctrl Pts',(262.695388856971,16.1061366366395,197.057262212487));
#3714=CARTESIAN_POINT('Ctrl Pts',(262.695000000005,16.1084133578099,197.037985729848));
#3715=CARTESIAN_POINT('Ctrl Pts',(262.695000000005,16.1109507840263,197.019232214999));
#3716=CARTESIAN_POINT('',(262.895000000005,16.2576951545926,197.165063509453));
#3717=CARTESIAN_POINT('',(262.895000000006,12.0672795673733,204.423076211346));
#3718=CARTESIAN_POINT('Origin',(262.895000000005,16.0844900738356,197.065063509453));
#3719=CARTESIAN_POINT('Origin',(262.895000000005,16.6907078564848,197.415063509453));
#3720=CARTESIAN_POINT('',(262.895000000005,16.2227318468332,197.591127288779));
#3721=CARTESIAN_POINT('Origin',(262.895000000005,16.0355414429725,197.66155280051));
#3722=CARTESIAN_POINT('',(262.895000000005,16.4407078564848,197.848076211346));
#3723=CARTESIAN_POINT('Origin',(262.895000000005,16.6907078564848,197.415063509453));
#3724=CARTESIAN_POINT('Origin',(262.895000000005,16.3407078564848,198.021281292102));
#3725=CARTESIAN_POINT('Origin',(262.895000000005,25.740415587225,203.448205080749));
#3726=CARTESIAN_POINT('',(262.895000000005,19.9861208987569,199.89502138569));
#3727=CARTESIAN_POINT('Origin',(262.895000000005,19.8861208987569,200.068226466447));
#3728=CARTESIAN_POINT('',(262.895000000005,25.840415587225,203.274999999992));
#3729=CARTESIAN_POINT('Ctrl Pts',(262.718682562881,24.0606311130191,199.938039877952));
#3730=CARTESIAN_POINT('Ctrl Pts',(262.718682562881,23.9611098138792,200.110415824497));
#3731=CARTESIAN_POINT('Ctrl Pts',(262.725767646858,23.6370553185047,200.371228686487));
#3732=CARTESIAN_POINT('Ctrl Pts',(262.747456463607,23.0284785942272,200.534871526091));
#3733=CARTESIAN_POINT('Ctrl Pts',(262.800667312567,21.7657787555134,200.602088069929));
#3734=CARTESIAN_POINT('Ctrl Pts',(262.855192016322,20.7099209770567,200.312907555736));
#3735=CARTESIAN_POINT('Ctrl Pts',(262.895000000005,19.9861208987569,199.89502138569));
#3736=CARTESIAN_POINT('Ctrl Pts',(262.710947990366,24.0731414984789,199.945262752364));
#3737=CARTESIAN_POINT('Ctrl Pts',(262.710947990366,23.9720974929658,200.120276103713));
#3738=CARTESIAN_POINT('Ctrl Pts',(262.715758593604,23.6447085730166,200.386013329654));
#3739=CARTESIAN_POINT('Ctrl Pts',(262.730723852662,23.0319674149659,200.553277842299));
#3740=CARTESIAN_POINT('Ctrl Pts',(262.768236441544,21.7626400998154,200.621826378969));
#3741=CARTESIAN_POINT('Ctrl Pts',(262.809442628287,20.7045209123012,200.322093577492));
#3742=CARTESIAN_POINT('Ctrl Pts',(262.842640122446,19.9861208987569,199.89502138569));
#3743=CARTESIAN_POINT('Ctrl Pts',(262.69905054014,24.0998167801456,199.960663733415));
#3744=CARTESIAN_POINT('Ctrl Pts',(262.69905054014,23.995525440809,200.141301631936));
#3745=CARTESIAN_POINT('Ctrl Pts',(262.70028121757,23.6616079445468,200.417803044711));
#3746=CARTESIAN_POINT('Ctrl Pts',(262.704228005039,23.0404748734475,200.595953433428));
#3747=CARTESIAN_POINT('Ctrl Pts',(262.714487148474,21.7560498768581,200.677695169591));
#3748=CARTESIAN_POINT('Ctrl Pts',(262.726877537885,20.6859562835684,200.371839328485));
#3749=CARTESIAN_POINT('Ctrl Pts',(262.738517528627,19.9643621344458,199.932708670987));
#3750=CARTESIAN_POINT('Ctrl Pts',(262.695000000005,24.1281968345303,199.977048965454));
#3751=CARTESIAN_POINT('Ctrl Pts',(262.695000000005,24.0204508520945,200.163670481344));
#3752=CARTESIAN_POINT('Ctrl Pts',(262.69504304888,23.6800443672959,200.452041923869));
#3753=CARTESIAN_POINT('Ctrl Pts',(262.695061266475,23.0504918842242,200.645164552407));
#3754=CARTESIAN_POINT('Ctrl Pts',(262.695037227871,21.7488145927247,200.751966361282));
#3755=CARTESIAN_POINT('Ctrl Pts',(262.69521663774,20.6583209501535,200.461325544089));
#3756=CARTESIAN_POINT('Ctrl Pts',(262.695000000005,19.9123008375368,200.022881482341));
#3757=CARTESIAN_POINT('Ctrl Pts',(262.695000000005,24.1423875869185,199.985242000165));
#3758=CARTESIAN_POINT('Ctrl Pts',(262.695000000005,24.0329141578645,200.174855541366));
#3759=CARTESIAN_POINT('Ctrl Pts',(262.695000000005,23.6892705908555,200.469149228787));
#3760=CARTESIAN_POINT('Ctrl Pts',(262.695000000005,23.0555171882027,200.669756783872));
#3761=CARTESIAN_POINT('Ctrl Pts',(262.695000000005,21.7452097022169,200.789110703304));
#3762=CARTESIAN_POINT('Ctrl Pts',(262.695000000005,20.6445750635581,200.506120182663));
#3763=CARTESIAN_POINT('Ctrl Pts',(262.695000000005,19.8861208987569,200.068226466447));
#3764=CARTESIAN_POINT('',(262.718682562881,24.0606311130191,199.938039877952));
#3765=CARTESIAN_POINT('Ctrl Pts',(262.895000000005,19.9861208987569,199.89502138569));
#3766=CARTESIAN_POINT('Ctrl Pts',(262.855192016322,20.7099209770567,200.312907555736));
#3767=CARTESIAN_POINT('Ctrl Pts',(262.800667312567,21.7657787555134,200.602088069929));
#3768=CARTESIAN_POINT('Ctrl Pts',(262.747456463607,23.0284785942272,200.534871526091));
#3769=CARTESIAN_POINT('Ctrl Pts',(262.725767646858,23.6370553185047,200.371228686487));
#3770=CARTESIAN_POINT('Ctrl Pts',(262.718682562881,23.9611098138792,200.110415824497));
#3771=CARTESIAN_POINT('Ctrl Pts',(262.718682562881,24.0606311130191,199.938039877952));
#3772=CARTESIAN_POINT('Origin',(262.895000000005,24.1423875869185,199.985242000165));
#3773=CARTESIAN_POINT('Origin',(262.895000000005,24.6423875869185,199.119216596381));
#3774=CARTESIAN_POINT('',(262.718682562881,25.0606311130191,198.205989070383));
#3775=CARTESIAN_POINT('Origin',(262.895000000005,25.1423875869185,198.253191192596));
#3776=CARTESIAN_POINT('',(262.718682562881,24.5606311130191,199.072014474167));
#3777=CARTESIAN_POINT('Ctrl Pts',(262.87189520119,23.3880332399118,194.960145368079));
#3778=CARTESIAN_POINT('Ctrl Pts',(262.844641020019,23.8419602372842,195.28942469117));
#3779=CARTESIAN_POINT('Ctrl Pts',(262.797874296768,24.5090854376408,195.967897993955));
#3780=CARTESIAN_POINT('Ctrl Pts',(262.748513587849,25.064218107126,196.962369656794));
#3781=CARTESIAN_POINT('Ctrl Pts',(262.724236281897,25.2219498945857,197.691212768517));
#3782=CARTESIAN_POINT('Ctrl Pts',(262.718682562881,25.149295589158,198.052417692884));
#3783=CARTESIAN_POINT('Ctrl Pts',(262.718682562881,25.0606311130191,198.205989070383));
#3784=CARTESIAN_POINT('Ctrl Pts',(262.816837218393,23.3918224242005,194.954983440558));
#3785=CARTESIAN_POINT('Ctrl Pts',(262.795693751888,23.8505663217403,195.278936078389));
#3786=CARTESIAN_POINT('Ctrl Pts',(262.761813156869,24.526457449571,195.954309150034));
#3787=CARTESIAN_POINT('Ctrl Pts',(262.729006304712,25.0848824533674,196.954522159111));
#3788=CARTESIAN_POINT('Ctrl Pts',(262.713380069144,25.2405137570126,197.691290954162));
#3789=CARTESIAN_POINT('Ctrl Pts',(262.709843051435,25.1651435139857,198.057987136346));
#3790=CARTESIAN_POINT('Ctrl Pts',(262.709843051435,25.0749286964017,198.214243783997));
#3791=CARTESIAN_POINT('Ctrl Pts',(262.726217822307,23.4235289474583,194.911790298573));
#3792=CARTESIAN_POINT('Ctrl Pts',(262.720106131374,23.8892552478421,195.237466751138));
#3793=CARTESIAN_POINT('Ctrl Pts',(262.711093219077,24.572650863968,195.921160750978));
#3794=CARTESIAN_POINT('Ctrl Pts',(262.703007669914,25.1277531436978,196.939036515355));
#3795=CARTESIAN_POINT('Ctrl Pts',(262.699283804694,25.2759039068623,197.69179327424));
#3796=CARTESIAN_POINT('Ctrl Pts',(262.698462706718,25.1949757353686,198.068469634231));
#3797=CARTESIAN_POINT('Ctrl Pts',(262.698462706718,25.1018419171703,198.229782139253));
#3798=CARTESIAN_POINT('Ctrl Pts',(262.695000000005,23.4809901789404,194.833512049336));
#3799=CARTESIAN_POINT('Ctrl Pts',(262.695051783189,23.9509040865395,195.173630178176));
#3800=CARTESIAN_POINT('Ctrl Pts',(262.695029864913,24.6324694179042,195.879731118732));
#3801=CARTESIAN_POINT('Ctrl Pts',(262.695024590303,25.1762306146468,196.921845077719));
#3802=CARTESIAN_POINT('Ctrl Pts',(262.695012220697,25.3136600297723,197.692441032833));
#3803=CARTESIAN_POINT('Ctrl Pts',(262.695000000005,25.2264359184134,198.079524807431));
#3804=CARTESIAN_POINT('Ctrl Pts',(262.695000000005,25.1302240848715,198.246168591415));
#3805=CARTESIAN_POINT('Ctrl Pts',(262.695000000005,23.5055901613009,194.800000001286));
#3806=CARTESIAN_POINT('Ctrl Pts',(262.695000000005,23.9773099871476,195.146272463583));
#3807=CARTESIAN_POINT('Ctrl Pts',(262.695000000005,24.6581019932332,195.861967139212));
#3808=CARTESIAN_POINT('Ctrl Pts',(262.695000000005,25.1970103766606,196.914468272796));
#3809=CARTESIAN_POINT('Ctrl Pts',(262.695000000005,25.3298438787776,197.692714014951));
#3810=CARTESIAN_POINT('Ctrl Pts',(262.695000000005,25.2399185106712,198.084262677348));
#3811=CARTESIAN_POINT('Ctrl Pts',(262.695000000005,25.1423875869185,198.253191192596));
#3812=CARTESIAN_POINT('',(262.827867114996,24.0679184030119,195.55291365162));
#3813=CARTESIAN_POINT('',(262.702934277042,23.472585989418,194.8449609032));
#3814=CARTESIAN_POINT('Ctrl Pts',(262.827873502782,24.0677541439715,195.552123810782));
#3815=CARTESIAN_POINT('Ctrl Pts',(262.821148791992,24.0355669457562,195.513974164413));
#3816=CARTESIAN_POINT('Ctrl Pts',(262.814526858737,24.0034005283046,195.476403500872));
#3817=CARTESIAN_POINT('Ctrl Pts',(262.808079441284,23.9717145274645,195.439858290128));
#3818=CARTESIAN_POINT('Ctrl Pts',(262.801189697136,23.9378547005777,195.400805886022));
#3819=CARTESIAN_POINT('Ctrl Pts',(262.794500176528,23.9045433988838,195.362924338365));
#3820=CARTESIAN_POINT('Ctrl Pts',(262.788107487877,23.8723894490766,195.326722947689));
#3821=CARTESIAN_POINT('Ctrl Pts',(262.78150807362,23.8391957106783,195.289350883015));
#3822=CARTESIAN_POINT('Ctrl Pts',(262.775226425186,23.807235762891,195.253768725371));
#3823=CARTESIAN_POINT('Ctrl Pts',(262.769359285823,23.7772263028554,195.220506568199));
#3824=CARTESIAN_POINT('Ctrl Pts',(262.763348761654,23.7464834529497,195.186431529719));
#3825=CARTESIAN_POINT('Ctrl Pts',(262.75777466067,23.71778844364,195.154790118425));
#3826=CARTESIAN_POINT('Ctrl Pts',(262.752708717568,23.6919509850126,195.126135050711));
#3827=CARTESIAN_POINT('Ctrl Pts',(262.751041062668,23.6834455668495,195.116702105431));
#3828=CARTESIAN_POINT('Ctrl Pts',(262.749428132065,23.6752500575524,195.107592720834));
#3829=CARTESIAN_POINT('Ctrl Pts',(262.747871402043,23.6673939384209,195.098826588745));
#3830=CARTESIAN_POINT('Ctrl Pts',(262.741571181318,23.6355995464221,195.063349295789));
#3831=CARTESIAN_POINT('Ctrl Pts',(262.735773239135,23.6067364212254,195.030710830967));
#3832=CARTESIAN_POINT('Ctrl Pts',(262.730520898896,23.5814818022007,195.001021882012));
#3833=CARTESIAN_POINT('Ctrl Pts',(262.725292754335,23.5563435222928,194.971469699567));
#3834=CARTESIAN_POINT('Ctrl Pts',(262.720603793231,23.5347817296543,194.944837264464));
#3835=CARTESIAN_POINT('Ctrl Pts',(262.71645725331,23.5174443608993,194.921282759795));
#3836=CARTESIAN_POINT('Ctrl Pts',(262.714351610085,23.508640318556,194.909321610475));
#3837=CARTESIAN_POINT('Ctrl Pts',(262.712386298678,23.5009257019934,194.898154544343));
#3838=CARTESIAN_POINT('Ctrl Pts',(262.710564970732,23.4943845984627,194.887806749176));
#3839=CARTESIAN_POINT('Ctrl Pts',(262.708005865637,23.4851938476105,194.873267305364));
#3840=CARTESIAN_POINT('Ctrl Pts',(262.705600772707,23.4778575282588,194.859615406625));
#3841=CARTESIAN_POINT('Ctrl Pts',(262.703470836161,23.473471107135,194.847564059343));
#3842=CARTESIAN_POINT('Ctrl Pts',(262.70331733956,23.4731549940867,194.846695563588));
#3843=CARTESIAN_POINT('Ctrl Pts',(262.703165285701,23.4728542049732,194.845835398911));
#3844=CARTESIAN_POINT('Ctrl Pts',(262.70301472613,23.472569150722,194.844983842208));
#3845=CARTESIAN_POINT('Origin',(262.895000000005,23.5055901613009,194.800000001286));
#3846=CARTESIAN_POINT('Ctrl Pts',(262.718682562881,25.0606311130191,198.205989070383));
#3847=CARTESIAN_POINT('Ctrl Pts',(262.718682562881,25.149295589158,198.052417692884));
#3848=CARTESIAN_POINT('Ctrl Pts',(262.724236281897,25.2219498945857,197.691212768517));
#3849=CARTESIAN_POINT('Ctrl Pts',(262.748513587849,25.064218107126,196.962369656794));
#3850=CARTESIAN_POINT('Ctrl Pts',(262.784654118844,24.6577654874758,196.234245309683));
#3851=CARTESIAN_POINT('Ctrl Pts',(262.815161806841,24.2496546136671,195.741058793031));
#3852=CARTESIAN_POINT('Ctrl Pts',(262.827840464916,24.0682269320536,195.552614818453));
#3853=CARTESIAN_POINT('Origin',(262.895000000005,16.6907078564848,197.415063509453));
#3854=CARTESIAN_POINT('Ctrl Pts',(262.695000000005,16.0355414429725,197.66155280051));
#3855=CARTESIAN_POINT('Ctrl Pts',(262.695000000005,16.0370872155412,197.646257281032));
#3856=CARTESIAN_POINT('Ctrl Pts',(262.695349542411,16.0387925719063,197.631531753799));
#3857=CARTESIAN_POINT('Ctrl Pts',(262.698554434866,16.0489372483526,197.551563324001));
#3858=CARTESIAN_POINT('Ctrl Pts',(262.706205182753,16.0602249091041,197.491930869237));
#3859=CARTESIAN_POINT('Ctrl Pts',(262.71329825666,16.0740302627399,197.413907511267));
#3860=CARTESIAN_POINT('Ctrl Pts',(262.714991018395,16.0779035731812,197.391176060939));
#3861=CARTESIAN_POINT('Ctrl Pts',(262.716314600225,16.0836471291851,197.351549890368));
#3862=CARTESIAN_POINT('Ctrl Pts',(262.71638801744,16.0856796441125,197.335536671776));
#3863=CARTESIAN_POINT('Ctrl Pts',(262.715431955366,16.0895873201207,197.298772201899));
#3864=CARTESIAN_POINT('Ctrl Pts',(262.714183431216,16.0911762539428,197.279127470949));
#3865=CARTESIAN_POINT('Ctrl Pts',(262.708721175203,16.0954563688668,197.214461098457));
#3866=CARTESIAN_POINT('Ctrl Pts',(262.702809476355,16.0971050929127,197.168083957856));
#3867=CARTESIAN_POINT('Ctrl Pts',(262.697913974307,16.1017615125806,197.104716946984));
#3868=CARTESIAN_POINT('Ctrl Pts',(262.697001975181,16.1028925958845,197.090927465834));
#3869=CARTESIAN_POINT('Ctrl Pts',(262.696310248547,16.1042836838895,197.076491355546));
#3870=CARTESIAN_POINT('Origin',(262.895000000005,16.6907078564848,197.415063509453));
#3871=CARTESIAN_POINT('Ctrl Pts',(262.695000000005,23.5055901613009,194.800000001286));
#3872=CARTESIAN_POINT('Ctrl Pts',(262.695000000005,23.5003208154914,194.796131965117));
#3873=CARTESIAN_POINT('Ctrl Pts',(262.695000000005,23.4950435079075,194.792274771281));
#3874=CARTESIAN_POINT('Ctrl Pts',(262.695000000005,23.4897582615971,194.788428484314));
#3875=CARTESIAN_POINT('Ctrl Pts',(262.695000000005,23.4944409419234,194.815188352644));
#3876=CARTESIAN_POINT('Ctrl Pts',(262.694999984182,23.489180689681,194.811351611552));
#3877=CARTESIAN_POINT('Ctrl Pts',(262.695000015958,23.483912612126,194.807525723701));
#3878=CARTESIAN_POINT('Ctrl Pts',(262.695000000005,23.478636727962,194.803710766968));
#3879=CARTESIAN_POINT('Ctrl Pts',(262.697680013496,23.4832929035217,194.830375095184));
#3880=CARTESIAN_POINT('Ctrl Pts',(262.697685679938,23.4780417494187,194.826569637657));
#3881=CARTESIAN_POINT('Ctrl Pts',(262.697691399403,23.4727829047518,194.822775048525));
#3882=CARTESIAN_POINT('Ctrl Pts',(262.697697077439,23.4675163872923,194.818991410349));
#3883=CARTESIAN_POINT('Ctrl Pts',(262.702934277184,23.4725859891285,194.844960903594));
#3884=CARTESIAN_POINT('Ctrl Pts',(262.702950879139,23.4673444954405,194.841184233534));
#3885=CARTESIAN_POINT('Ctrl Pts',(262.702967496893,23.4620954345352,194.837418449356));
#3886=CARTESIAN_POINT('Ctrl Pts',(262.702984130341,23.4568388325275,194.833663614321));
#3887=CARTESIAN_POINT('Ctrl Pts',(262.702934277042,23.4725859894181,194.8449609032));
#3888=CARTESIAN_POINT('Ctrl Pts',(262.702684402628,23.4721111917315,194.843544948188));
#3889=CARTESIAN_POINT('Ctrl Pts',(262.7024369845,23.4716767459547,194.84214291213));
#3890=CARTESIAN_POINT('Ctrl Pts',(262.701265055531,23.4698069092027,194.835501981303));
#3891=CARTESIAN_POINT('Ctrl Pts',(262.700247340288,23.4687545857625,194.829734928261));
#3892=CARTESIAN_POINT('Ctrl Pts',(262.698695780536,23.469215278006,194.820942756334));
#3893=CARTESIAN_POINT('Ctrl Pts',(262.698116023467,23.4698898642466,194.817657466278));
#3894=CARTESIAN_POINT('Ctrl Pts',(262.697140607793,23.4725099984334,194.812130110793));
#3895=CARTESIAN_POINT('Ctrl Pts',(262.696756384797,23.4741474714373,194.809952847144));
#3896=CARTESIAN_POINT('Ctrl Pts',(262.696074704563,23.4784782926141,194.806089992487));
#3897=CARTESIAN_POINT('Ctrl Pts',(262.69580796153,23.4811145700595,194.804578448631));
#3898=CARTESIAN_POINT('Ctrl Pts',(262.69515096042,23.4902903770098,194.800855442341));
#3899=CARTESIAN_POINT('Ctrl Pts',(262.695000000002,23.4979941255474,194.800000001174));
#3900=CARTESIAN_POINT('Ctrl Pts',(262.695000000005,23.5055901613722,194.800000001189));
#3901=CARTESIAN_POINT('Origin',(262.695000000006,15.9000000000056,219.199999999992));
#3902=CARTESIAN_POINT('',(262.695000000005,23.50108398749,194.799999999992));
#3903=CARTESIAN_POINT('',(262.695000000005,23.1612849930783,194.799999999992));
#3904=CARTESIAN_POINT('',(262.695000000005,18.9000000000063,194.799999999992));
#3905=CARTESIAN_POINT('',(262.695000000005,21.4679628080486,193.82235998064));
#3906=CARTESIAN_POINT('',(262.695000000005,28.840415587225,198.078847577286));
#3907=CARTESIAN_POINT('Origin',(262.695000000005,21.5679628080485,193.649154899883));
#3908=CARTESIAN_POINT('Origin',(262.695000000006,15.9000000000056,219.199999999992));
#3909=CARTESIAN_POINT('',(262.695000000005,16.9000000000058,194.799999999992));
#3910=CARTESIAN_POINT('Origin',(262.695000000005,16.9000000000057,200.554225500536));
#3911=CARTESIAN_POINT('',(262.695000000005,21.9000000000059,194.799999999992));
#3912=CARTESIAN_POINT('Origin',(281.195000000005,29.4000000000058,198.401923788638));
#3913=CARTESIAN_POINT('',(262.695156769969,23.1628236831482,194.800888363118));
#3914=CARTESIAN_POINT('',(262.842157664663,24.6056307872344,195.633893433051));
#3915=CARTESIAN_POINT('',(270.6529673517,20.2133929355422,193.098033727031));
#3916=CARTESIAN_POINT('Origin',(270.652967351701,29.7396724933141,198.598033794086));
#3917=CARTESIAN_POINT('',(288.6529673517,20.2133929355422,193.09803372703));
#3918=CARTESIAN_POINT('',(284.923983675853,20.2133929355423,193.098033727031));
#3919=CARTESIAN_POINT('',(299.153795743339,26.9025164296057,196.96000097697));
#3920=CARTESIAN_POINT('Origin',(288.652967351701,29.739672493314,198.598033794086));
#3921=CARTESIAN_POINT('',(289.695000000005,19.4407078564847,192.651923788638));
#3922=CARTESIAN_POINT('Origin',(289.695000000005,27.6679491924369,197.401923788638));
#3923=CARTESIAN_POINT('',(262.488452436711,19.4407078564848,192.651923788639));
#3924=CARTESIAN_POINT('',(271.945000000005,19.4407078564848,192.651923788639));
#3925=CARTESIAN_POINT('',(263.013349565047,24.5925493282943,195.62634084921));
#3926=CARTESIAN_POINT('Origin',(270.652967351701,28.7396724933141,200.330084601655));
#3927=CARTESIAN_POINT('Ctrl Pts',(262.695156769969,23.1628236831482,194.800888363118));
#3928=CARTESIAN_POINT('Ctrl Pts',(262.727598354704,23.4812363637022,194.984724009949));
#3929=CARTESIAN_POINT('Ctrl Pts',(262.776874613344,23.8214997077982,195.263956142248));
#3930=CARTESIAN_POINT('Ctrl Pts',(262.826613786233,24.0619011395757,195.545811455282));
#3931=CARTESIAN_POINT('Ctrl Pts',(262.827239045022,24.0649097937879,195.549354588422));
#3932=CARTESIAN_POINT('Ctrl Pts',(262.827867114999,24.0679184030102,195.552913651621));
#3933=CARTESIAN_POINT('',(270.6529673517,20.9454437431111,195.8300845346));
#3934=CARTESIAN_POINT('Origin',(270.652967351701,28.7396724933141,200.330084601655));
#3935=CARTESIAN_POINT('Origin',(270.6529673517,19.2133929355422,194.8300845346));
#3936=CARTESIAN_POINT('Origin',(270.652967351701,28.2396724933141,201.19611000544));
#3937=CARTESIAN_POINT('',(270.6529673517,19.9454437431111,197.562135342169));
#3938=CARTESIAN_POINT('Origin',(270.652967351701,27.739672493314,202.062135409224));
#3939=CARTESIAN_POINT('',(270.6529673517,20.4454437431111,196.696109938385));
#3940=CARTESIAN_POINT('Origin',(270.652967351701,27.739672493314,202.062135409224));
#3941=CARTESIAN_POINT('',(270.652967351701,17.2133929355422,198.294186149738));
#3942=CARTESIAN_POINT('Origin',(270.652967351701,26.739672493314,203.794186216793));
#3943=CARTESIAN_POINT('Origin',(270.6529673517,18.2133929355423,196.562135342169));
#3944=CARTESIAN_POINT('Origin',(281.195000000006,26.4000000000057,203.598076211345));
#3945=CARTESIAN_POINT('',(289.695000000005,16.4407078564847,197.848076211344));
#3946=CARTESIAN_POINT('',(271.945000000005,16.4407078564847,197.848076211345));
#3947=CARTESIAN_POINT('',(299.153795743339,23.9025164296059,202.156153399677));
#3948=CARTESIAN_POINT('Origin',(289.695000000006,24.6679491924368,202.598076211344));
#3949=CARTESIAN_POINT('',(288.6529673517,17.2133929355422,198.294186149737));
#3950=CARTESIAN_POINT('Origin',(288.652967351701,26.739672493314,203.794186216792));
#3951=CARTESIAN_POINT('',(284.923983675853,17.2133929355422,198.294186149737));
#3952=CARTESIAN_POINT('Origin',(263.013349565047,24.6925493282943,195.453135768454));
#3953=CARTESIAN_POINT('',(262.291495724947,19.5407078564848,192.513475774664));
#3954=CARTESIAN_POINT('Origin',(262.488452436711,19.5407078564848,192.478718707882));
#3955=CARTESIAN_POINT('',(262.816392853283,24.6925493282943,195.487892835235));
#3956=CARTESIAN_POINT('Ctrl Pts',(262.291495724947,19.5407078564848,192.513475774664));
#3957=CARTESIAN_POINT('Ctrl Pts',(262.277635757358,19.4046729041673,192.434935958324));
#3958=CARTESIAN_POINT('Ctrl Pts',(262.264830761993,19.0227812983501,192.362374317926));
#3959=CARTESIAN_POINT('Ctrl Pts',(262.304702403693,18.6892098289554,192.58831362089));
#3960=CARTESIAN_POINT('Ctrl Pts',(262.336710627768,18.5844900738357,192.769693557313));
#3961=CARTESIAN_POINT('Ctrl Pts',(262.299604085106,19.5133540045584,192.559423148896));
#3962=CARTESIAN_POINT('Ctrl Pts',(262.286730770235,19.3882845755173,192.486340100956));
#3963=CARTESIAN_POINT('Ctrl Pts',(262.274815396679,19.0354473799304,192.418582526456));
#3964=CARTESIAN_POINT('Ctrl Pts',(262.312010867325,18.7285022669217,192.62937988926));
#3965=CARTESIAN_POINT('Ctrl Pts',(262.341565904159,18.6336284355526,192.797206790197));
#3966=CARTESIAN_POINT('Ctrl Pts',(262.353669841695,19.4658420251004,192.632175295417));
#3967=CARTESIAN_POINT('Ctrl Pts',(262.341275582118,19.3596924958332,192.568796764204));
#3968=CARTESIAN_POINT('Ctrl Pts',(262.32973853301,19.0574137419801,192.509593104985));
#3969=CARTESIAN_POINT('Ctrl Pts',(262.365558609012,18.7969063252839,192.693340070655));
#3970=CARTESIAN_POINT('Ctrl Pts',(262.393865869288,18.7188555831923,192.837183301218));
#3971=CARTESIAN_POINT('Ctrl Pts',(262.44804600124,19.4437954740961,192.653706425498));
#3972=CARTESIAN_POINT('Ctrl Pts',(262.434622616128,19.3458179216469,192.59620881548));
#3973=CARTESIAN_POINT('Ctrl Pts',(262.422193672738,19.0686984774629,192.542789666649));
#3974=CARTESIAN_POINT('Ctrl Pts',(262.460853890983,18.8282380865745,192.708889565879));
#3975=CARTESIAN_POINT('Ctrl Pts',(262.491759806697,18.754492832118,192.840483075759));
#3976=CARTESIAN_POINT('Ctrl Pts',(262.488452436711,19.4407078564848,192.651923788639));
#3977=CARTESIAN_POINT('Ctrl Pts',(262.474592469121,19.3435400334008,192.595823919825));
#3978=CARTESIAN_POINT('Ctrl Pts',(262.461787473757,19.07076031496,192.543994176683));
#3979=CARTESIAN_POINT('Ctrl Pts',(262.501659115456,18.832494979678,192.705379393086));
#3980=CARTESIAN_POINT('Ctrl Pts',(262.533667339531,18.7576951545926,192.834936490531));
#3981=CARTESIAN_POINT('',(262.533667339531,18.7576951545926,192.834936490531));
#3982=CARTESIAN_POINT('',(262.336710627768,18.5844900738357,192.769693557313));
#3983=CARTESIAN_POINT('Origin',(262.533667339531,18.5844900738357,192.734936490531));
#3984=CARTESIAN_POINT('Origin',(262.39847533365,19.1907078564848,193.119693557313));
#3985=CARTESIAN_POINT('Origin',(262.595432045414,19.1907078564848,193.084936490531));
#3986=CARTESIAN_POINT('Origin',(262.167000147072,19.7840973533617,190.657155733263));
#3987=CARTESIAN_POINT('',(261.970043435308,19.7840973533617,190.691912800045));
#3988=CARTESIAN_POINT('',(262.167000147072,19.9573024341186,190.757155733263));
#3989=CARTESIAN_POINT('Origin',(262.695000000005,17.5076951545926,194.999999999992));
#3990=CARTESIAN_POINT('',(289.695000000005,18.7576951545926,192.83493649053));
#3991=CARTESIAN_POINT('',(271.945000000005,18.7576951545926,192.834936490531));
#3992=CARTESIAN_POINT('',(289.695000000005,16.2576951545925,197.165063509452));
#3993=CARTESIAN_POINT('',(289.695000000005,17.5076951545925,194.999999999991));
#3994=CARTESIAN_POINT('',(271.945000000005,16.2576951545925,197.165063509453));
#3995=CARTESIAN_POINT('Origin',(271.945000000005,19.1907078564848,193.084936490531));
#3996=CARTESIAN_POINT('Origin',(289.695000000005,19.1907078564848,193.08493649053));
#3997=CARTESIAN_POINT('Origin',(259.646458051927,16.9000000000056,218.720845538567));
#3998=CARTESIAN_POINT('',(259.84080258814,16.9000000000056,223.373785333902));
#3999=CARTESIAN_POINT('',(260.631241610744,16.9000000000056,218.894630872476));
#4000=CARTESIAN_POINT('',(258.856019029322,15.9000000000056,223.199999999993));
#4001=CARTESIAN_POINT('Origin',(258.856019029322,16.9000000000056,223.199999999993));
#4002=CARTESIAN_POINT('',(259.646458051927,15.9000000000056,218.720845538567));
#4003=CARTESIAN_POINT('Origin',(258.856019029322,24.9000000000056,223.199999999993));
#4004=CARTESIAN_POINT('',(259.84080258814,38.9000000000056,223.373785333902));
#4005=CARTESIAN_POINT('Origin',(258.856019029322,38.9000000000056,223.199999999993));
#4006=CARTESIAN_POINT('Origin',(258.856019029322,16.9000000000056,223.199999999993));
#4007=CARTESIAN_POINT('',(259.84080258814,24.9000000000056,223.373785333902));
#4008=CARTESIAN_POINT('Origin',(259.933370803604,38.9000000000056,217.095006612392));
#4009=CARTESIAN_POINT('',(262.695000000006,38.9000000000057,207.199999999993));
#4010=CARTESIAN_POINT('Origin',(262.695000000005,38.9000000000057,201.445774499449));
#4011=CARTESIAN_POINT('',(258.856019029322,39.9000000000056,223.199999999993));
#4012=CARTESIAN_POINT('',(259.933370803604,39.9000000000056,217.095006612392));
#4013=CARTESIAN_POINT('Origin',(258.856019029322,38.9000000000056,223.199999999993));
#4014=CARTESIAN_POINT('',(260.918154362422,38.9000000000056,217.268791946301));
#4015=CARTESIAN_POINT('Origin',(258.856019029322,38.9000000000056,223.199999999993));
#4016=CARTESIAN_POINT('Origin',(258.856019029322,38.9000000000056,223.199999999993));
#4017=CARTESIAN_POINT('Origin',(258.856019029322,16.9000000000056,223.199999999993));
#4018=CARTESIAN_POINT('Origin',(258.856019029322,16.9000000000056,223.199999999993));
#4019=CARTESIAN_POINT('Origin',(262.695000000006,15.9000000000056,219.199999999992));
#4020=CARTESIAN_POINT('',(262.695000000006,21.9000000000057,207.199999999992));
#4021=CARTESIAN_POINT('Origin',(243.695000000007,15.9000000000056,219.199999999993));
#4022=CARTESIAN_POINT('',(243.695000000007,15.9000000000056,223.199999999993));
#4023=CARTESIAN_POINT('',(245.445000000007,15.9000000000056,223.199999999993));
#4024=CARTESIAN_POINT('',(243.695000000007,15.9000000000056,219.199999999993));
#4025=CARTESIAN_POINT('',(243.695000000007,15.9000000000056,219.199999999993));
#4026=CARTESIAN_POINT('',(258.695000000006,15.9000000000056,219.199999999993));
#4027=CARTESIAN_POINT('',(243.695000000007,15.9000000000056,219.199999999993));
#4028=CARTESIAN_POINT('',(258.695000000005,15.9000000000058,182.799999999992));
#4029=CARTESIAN_POINT('',(258.695000000006,15.9000000000056,219.199999999993));
#4030=CARTESIAN_POINT('',(243.695000000005,15.9000000000058,182.799999999992));
#4031=CARTESIAN_POINT('',(254.945000000005,15.9000000000058,182.799999999992));
#4032=CARTESIAN_POINT('',(243.695000000005,15.9000000000058,178.799999999992));
#4033=CARTESIAN_POINT('',(243.695000000005,15.9000000000058,182.799999999992));
#4034=CARTESIAN_POINT('',(258.85601902932,15.9000000000058,178.799999999992));
#4035=CARTESIAN_POINT('',(245.445000000005,15.9000000000058,178.799999999992));
#4036=CARTESIAN_POINT('',(262.761223152597,15.9000000000057,200.929490031888));
#4037=CARTESIAN_POINT('Origin',(245.445000000007,16.9000000000056,223.199999999993));
#4038=CARTESIAN_POINT('Origin',(243.695000000007,16.9000000000056,223.199999999993));
#4039=CARTESIAN_POINT('Origin',(263.048135904275,38.9000000000057,202.555328958062));
#4040=CARTESIAN_POINT('',(259.840802588138,38.9000000000058,178.626214666084));
#4041=CARTESIAN_POINT('',(264.032919463093,38.9000000000057,202.381543624153));
#4042=CARTESIAN_POINT('',(258.85601902932,39.9000000000058,178.799999999993));
#4043=CARTESIAN_POINT('Origin',(258.85601902932,38.9000000000058,178.799999999993));
#4044=CARTESIAN_POINT('',(263.048135904275,39.9000000000057,202.555328958062));
#4045=CARTESIAN_POINT('Origin',(258.85601902932,24.9000000000062,178.799999999992));
#4046=CARTESIAN_POINT('',(259.840802588138,16.9000000000059,178.626214666083));
#4047=CARTESIAN_POINT('Origin',(258.85601902932,16.9000000000058,178.799999999992));
#4048=CARTESIAN_POINT('Origin',(258.85601902932,38.9000000000058,178.799999999993));
#4049=CARTESIAN_POINT('',(259.840802588138,24.9000000000062,178.626214666083));
#4050=CARTESIAN_POINT('Origin',(262.761223152597,16.9000000000057,200.929490031888));
#4051=CARTESIAN_POINT('Origin',(258.85601902932,16.9000000000058,178.799999999992));
#4052=CARTESIAN_POINT('',(263.746006711415,16.9000000000057,200.755704697979));
#4053=CARTESIAN_POINT('Origin',(258.85601902932,16.9000000000058,178.799999999992));
#4054=CARTESIAN_POINT('Origin',(258.85601902932,16.9000000000058,178.799999999992));
#4055=CARTESIAN_POINT('Origin',(258.85601902932,38.9000000000058,178.799999999993));
#4056=CARTESIAN_POINT('Origin',(258.85601902932,38.9000000000058,178.799999999993));
#4057=CARTESIAN_POINT('Origin',(254.945000000005,38.9000000000058,178.799999999993));
#4058=CARTESIAN_POINT('',(243.695000000005,39.9000000000058,178.799999999993));
#4059=CARTESIAN_POINT('Origin',(243.695000000005,38.9000000000058,178.799999999993));
#4060=CARTESIAN_POINT('',(254.945000000005,39.9000000000058,178.799999999993));
#4061=CARTESIAN_POINT('Origin',(245.445000000005,16.9000000000058,178.799999999992));
#4062=CARTESIAN_POINT('Origin',(243.695000000005,16.9000000000058,178.799999999992));
#4063=CARTESIAN_POINT('Origin',(254.945000000006,38.9000000000056,223.199999999993));
#4064=CARTESIAN_POINT('',(243.695000000007,39.9000000000056,223.199999999993));
#4065=CARTESIAN_POINT('',(254.945000000006,39.9000000000056,223.199999999993));
#4066=CARTESIAN_POINT('Origin',(243.695000000007,38.9000000000056,223.199999999993));
#4067=CARTESIAN_POINT('Origin',(243.695000000007,27.9000000000056,223.199999999993));
#4068=CARTESIAN_POINT('Origin',(243.695000000007,27.9000000000056,223.199999999993));
#4069=CARTESIAN_POINT('Origin',(243.695000000005,27.9000000000058,178.799999999993));
#4070=CARTESIAN_POINT('Origin',(243.695000000005,27.9000000000058,178.799999999993));
#4071=CARTESIAN_POINT('Origin',(261.195000000006,21.9000000000056,215.699999999993));
#4072=CARTESIAN_POINT('Origin',(261.195000000005,21.9000000000062,186.299999999992));
#4073=CARTESIAN_POINT('Origin',(262.695000000006,39.9000000000056,219.199999999993));
#4074=CARTESIAN_POINT('',(243.695000000005,39.9000000000058,182.799999999993));
#4075=CARTESIAN_POINT('',(243.695000000005,39.9000000000058,182.799999999993));
#4076=CARTESIAN_POINT('',(258.695000000005,39.9000000000058,182.799999999993));
#4077=CARTESIAN_POINT('',(245.445000000005,39.9000000000058,182.799999999993));
#4078=CARTESIAN_POINT('',(258.695000000006,39.9000000000056,219.199999999993));
#4079=CARTESIAN_POINT('',(258.695000000006,39.9000000000056,219.199999999993));
#4080=CARTESIAN_POINT('',(243.695000000007,39.9000000000056,219.199999999993));
#4081=CARTESIAN_POINT('',(243.695000000007,39.9000000000056,219.199999999993));
#4082=CARTESIAN_POINT('',(243.695000000007,39.9000000000056,219.199999999993));
#4083=CARTESIAN_POINT('Origin',(243.494999999999,27.7000000000058,180.299999999993));
#4084=CARTESIAN_POINT('',(238.745252531699,21.4002525317,180.299999999993));
#4085=CARTESIAN_POINT('Origin',(238.745252531699,22.9502525317,180.299999999993));
#4086=CARTESIAN_POINT('Origin',(243.494999999999,27.7000000000058,180.299999999993));
#4087=CARTESIAN_POINT('',(248.644747468311,21.4002525317,180.299999999993));
#4088=CARTESIAN_POINT('Origin',(248.644747468311,22.9502525317,180.299999999993));
#4089=CARTESIAN_POINT('Origin',(243.494999999999,27.7000000000058,180.299999999993));
#4090=CARTESIAN_POINT('',(238.7452525317,31.2997474683116,180.299999999993));
#4091=CARTESIAN_POINT('Origin',(238.7452525317,32.8497474683116,180.299999999993));
#4092=CARTESIAN_POINT('Origin',(243.494999999999,27.7000000000058,180.299999999993));
#4093=CARTESIAN_POINT('',(248.644747468311,31.2997474683117,180.299999999993));
#4094=CARTESIAN_POINT('Origin',(248.644747468311,32.8497474683117,180.299999999993));
#4095=CARTESIAN_POINT('Origin',(243.494999999999,27.7000000000058,221.699999999993));
#4096=CARTESIAN_POINT('',(238.745252531701,21.4002525316997,221.699999999993));
#4097=CARTESIAN_POINT('Origin',(238.745252531701,22.9502525316997,221.699999999993));
#4098=CARTESIAN_POINT('Origin',(243.494999999999,27.7000000000058,221.699999999993));
#4099=CARTESIAN_POINT('',(248.644747468313,21.4002525316998,221.699999999993));
#4100=CARTESIAN_POINT('Origin',(248.644747468313,22.9502525316998,221.699999999993));
#4101=CARTESIAN_POINT('Origin',(243.494999999999,27.7000000000058,221.699999999993));
#4102=CARTESIAN_POINT('',(238.745252531701,31.2997474683113,221.699999999994));
#4103=CARTESIAN_POINT('Origin',(238.745252531701,32.8497474683113,221.699999999994));
#4104=CARTESIAN_POINT('Origin',(243.494999999999,27.7000000000058,221.699999999993));
#4105=CARTESIAN_POINT('',(248.644747468313,31.2997474683114,221.699999999993));
#4106=CARTESIAN_POINT('Origin',(248.644747468313,32.8497474683114,221.699999999993));
#4107=CARTESIAN_POINT('Origin',(290.445000000006,39.1092921435268,204.58493649053));
#4108=CARTESIAN_POINT('',(289.695000000006,39.542304845419,204.83493649053));
#4109=CARTESIAN_POINT('',(290.445000000006,39.542304845419,204.83493649053));
#4110=CARTESIAN_POINT('Origin',(289.695000000006,39.1092921435268,204.58493649053));
#4111=CARTESIAN_POINT('Origin',(289.695000000005,30.8820508075746,199.83493649053));
#4112=CARTESIAN_POINT('',(299.349046818361,33.1402658154392,201.138717533208));
#4113=CARTESIAN_POINT('Origin',(298.866344477443,33.027355065046,201.073528481074));
#4114=CARTESIAN_POINT('Origin',(289.695000000005,30.8820508075746,199.83493649053));
#4115=CARTESIAN_POINT('Ctrl Pts',(299.349046818361,33.1402658154393,201.138717533208));
#4116=CARTESIAN_POINT('Ctrl Pts',(299.578375425206,32.4049674383287,200.714192817249));
#4117=CARTESIAN_POINT('Ctrl Pts',(299.695000000005,31.6386663381624,200.2823807528));
#4118=CARTESIAN_POINT('Ctrl Pts',(299.695000000005,30.8629846363076,199.86796006787));
#4119=CARTESIAN_POINT('Ctrl Pts',(299.349046818361,33.177665727982,201.073938984486));
#4120=CARTESIAN_POINT('Ctrl Pts',(299.578535271318,32.4434276279035,200.646479304379));
#4121=CARTESIAN_POINT('Ctrl Pts',(299.695241617319,31.6781157923733,200.211175528719));
#4122=CARTESIAN_POINT('Ctrl Pts',(299.695000000005,30.9031135470128,199.792535928248));
#4123=CARTESIAN_POINT('Ctrl Pts',(299.315999162078,33.2445876084848,200.940174515735));
#4124=CARTESIAN_POINT('Ctrl Pts',(299.542240232782,32.5143319811446,200.50796311893));
#4125=CARTESIAN_POINT('Ctrl Pts',(299.655245622296,31.7533579546776,200.067183701499));
#4126=CARTESIAN_POINT('Ctrl Pts',(299.650155282282,30.9831229406657,199.642154580439));
#4127=CARTESIAN_POINT('Ctrl Pts',(299.154509740453,33.3119489380055,200.736264549828));
#4128=CARTESIAN_POINT('Ctrl Pts',(299.364777750593,32.5919624315521,200.304836370837));
#4129=CARTESIAN_POINT('Ctrl Pts',(299.46002238047,31.8431519704604,199.865832677813));
#4130=CARTESIAN_POINT('Ctrl Pts',(299.435364728946,31.0877369643558,199.44552769497));
#4131=CARTESIAN_POINT('Ctrl Pts',(298.97466262945,33.3026921781851,200.655144168273));
#4132=CARTESIAN_POINT('Ctrl Pts',(299.169436294707,32.5901684834484,200.235310225916));
#4133=CARTESIAN_POINT('Ctrl Pts',(299.24866973921,31.8500752615837,199.811836898543));
#4134=CARTESIAN_POINT('Ctrl Pts',(299.209226816631,31.1053344413607,199.412452424815));
#4135=CARTESIAN_POINT('Ctrl Pts',(298.866344477443,33.277355065046,200.640515779182));
#4136=CARTESIAN_POINT('Ctrl Pts',(299.054106426858,32.5683955696965,200.231197823697));
#4137=CARTESIAN_POINT('Ctrl Pts',(299.12704980317,31.8325027010378,199.820479320566));
#4138=CARTESIAN_POINT('Ctrl Pts',(299.084257232393,31.0920024814625,199.437510458714));
#4139=CARTESIAN_POINT('',(299.695000000005,30.8629846363077,199.86796006787));
#4140=CARTESIAN_POINT('',(299.084257232393,31.0920024814626,199.437510458714));
#4141=CARTESIAN_POINT('Origin',(299.195000000005,30.8629846363077,199.86796006787));
#4142=CARTESIAN_POINT('Ctrl Pts',(299.084257232393,31.0920024814625,199.437510458714));
#4143=CARTESIAN_POINT('Ctrl Pts',(299.12704980317,31.8325027010378,199.820479320566));
#4144=CARTESIAN_POINT('Ctrl Pts',(299.054106426858,32.5683955696965,200.231197823697));
#4145=CARTESIAN_POINT('Ctrl Pts',(298.866344477443,33.277355065046,200.640515779182));
#4146=CARTESIAN_POINT('Ctrl Pts',(299.349046818361,33.1402658154393,201.138717533208));
#4147=CARTESIAN_POINT('Ctrl Pts',(299.578375425206,32.4049674383287,200.714192817249));
#4148=CARTESIAN_POINT('Ctrl Pts',(299.695000000005,31.6386663381624,200.2823807528));
#4149=CARTESIAN_POINT('Ctrl Pts',(299.695000000005,30.8629846363076,199.86796006787));
#4150=CARTESIAN_POINT('Origin',(289.695000000005,27.4179491924369,197.83493649053));
#4151=CARTESIAN_POINT('',(299.651627098252,26.6122304947199,197.369754583512));
#4152=CARTESIAN_POINT('Origin',(299.153795743339,26.6525164296057,197.393013678862));
#4153=CARTESIAN_POINT('Origin',(289.695000000005,27.4179491924369,197.83493649053));
#4154=CARTESIAN_POINT('Ctrl Pts',(299.695000000005,27.4119113444591,197.845394349995));
#4155=CARTESIAN_POINT('Ctrl Pts',(299.695000000005,27.1472394015206,197.682965693099));
#4156=CARTESIAN_POINT('Ctrl Pts',(299.680521587046,26.8800271068627,197.52436702962));
#4157=CARTESIAN_POINT('Ctrl Pts',(299.651627098252,26.61223049472,197.369754583512));
#4158=CARTESIAN_POINT('Ctrl Pts',(299.695000000005,27.4542165424102,197.776677235601));
#4159=CARTESIAN_POINT('Ctrl Pts',(299.69506229455,27.1877596996824,197.615538632846));
#4160=CARTESIAN_POINT('Ctrl Pts',(299.680587764163,26.9189295102963,197.458254509401));
#4161=CARTESIAN_POINT('Ctrl Pts',(299.651627098252,26.6496304072627,197.304976034789));
#4162=CARTESIAN_POINT('Ctrl Pts',(299.65506643101,27.5386104391632,197.639594670378));
#4163=CARTESIAN_POINT('Ctrl Pts',(299.657319262179,27.2696820962186,197.481635135001));
#4164=CARTESIAN_POINT('Ctrl Pts',(299.644759090927,26.9985544394837,197.327448053502));
#4165=CARTESIAN_POINT('Ctrl Pts',(299.61754368055,26.7270407435272,197.177267021947));
#4166=CARTESIAN_POINT('Ctrl Pts',(299.46203519356,27.6528765789158,197.453990069121));
#4167=CARTESIAN_POINT('Ctrl Pts',(299.473597903367,27.3860063396205,197.299791435918));
#4168=CARTESIAN_POINT('Ctrl Pts',(299.469857930581,27.1162581135573,197.14940966469));
#4169=CARTESIAN_POINT('Ctrl Pts',(299.450992816829,26.8456544757278,197.002947591333));
#4170=CARTESIAN_POINT('Ctrl Pts',(299.253369710606,27.6798699441515,197.41014424741));
#4171=CARTESIAN_POINT('Ctrl Pts',(299.272602142859,27.4209854673934,197.254284745008));
#4172=CARTESIAN_POINT('Ctrl Pts',(299.276620392557,27.1582079823243,197.102375180659));
#4173=CARTESIAN_POINT('Ctrl Pts',(299.265508838148,26.8934762869572,196.954781648179));
#4174=CARTESIAN_POINT('Ctrl Pts',(299.133252937436,27.6720332790369,197.422873487297));
#4175=CARTESIAN_POINT('Ctrl Pts',(299.154840166527,27.4194453614799,197.264214799243));
#4176=CARTESIAN_POINT('Ctrl Pts',(299.161743944604,27.1621922219193,197.109924865564));
#4177=CARTESIAN_POINT('Ctrl Pts',(299.153795743339,26.9025164296058,196.96000097697));
#4178=CARTESIAN_POINT('',(299.133252937436,27.6720332790369,197.422873487297));
#4179=CARTESIAN_POINT('',(299.695000000005,27.4119113444591,197.845394349995));
#4180=CARTESIAN_POINT('Origin',(299.195000000005,27.4119113444591,197.845394349995));
#4181=CARTESIAN_POINT('Ctrl Pts',(299.695000000005,27.4119113444591,197.845394349995));
#4182=CARTESIAN_POINT('Ctrl Pts',(299.695000000005,27.1472394015206,197.682965693099));
#4183=CARTESIAN_POINT('Ctrl Pts',(299.680521587046,26.8800271068627,197.52436702962));
#4184=CARTESIAN_POINT('Ctrl Pts',(299.651627098252,26.61223049472,197.369754583512));
#4185=CARTESIAN_POINT('Ctrl Pts',(299.153795743339,26.9025164296058,196.96000097697));
#4186=CARTESIAN_POINT('Ctrl Pts',(299.161743944604,27.1621922219193,197.109924865564));
#4187=CARTESIAN_POINT('Ctrl Pts',(299.154840166527,27.4194453614799,197.264214799243));
#4188=CARTESIAN_POINT('Ctrl Pts',(299.133252937436,27.6720332790369,197.422873487297));
#4189=CARTESIAN_POINT('Ctrl Pts',(299.695000000005,30.8629846363076,199.86796006787));
#4190=CARTESIAN_POINT('Ctrl Pts',(299.695000000005,30.358348330718,199.599471685409));
#4191=CARTESIAN_POINT('Ctrl Pts',(299.695000000005,29.1848364905371,198.964144065962));
#4192=CARTESIAN_POINT('Ctrl Pts',(299.695000000005,28.0609308625209,198.244958555035));
#4193=CARTESIAN_POINT('Ctrl Pts',(299.695000000005,27.4119113444591,197.845394349995));
#4194=CARTESIAN_POINT('Ctrl Pts',(299.695000000005,30.9031135470128,199.792535928248));
#4195=CARTESIAN_POINT('Ctrl Pts',(299.695013234089,30.4000254808418,199.521625317546));
#4196=CARTESIAN_POINT('Ctrl Pts',(299.695038139114,29.2317034735484,198.885224845649));
#4197=CARTESIAN_POINT('Ctrl Pts',(299.695022371088,28.1072106243094,198.17239028474));
#4198=CARTESIAN_POINT('Ctrl Pts',(299.695000000005,27.4542165424102,197.776677235601));
#4199=CARTESIAN_POINT('Ctrl Pts',(299.650155294752,30.9831229555779,199.642154552411));
#4200=CARTESIAN_POINT('Ctrl Pts',(299.647100257313,30.4831071960022,199.366442802245));
#4201=CARTESIAN_POINT('Ctrl Pts',(299.643152404277,29.3251156501845,198.727934364743));
#4202=CARTESIAN_POINT('Ctrl Pts',(299.649685993459,28.1995071856752,198.027671390976));
#4203=CARTESIAN_POINT('Ctrl Pts',(299.655066410266,27.5386104164269,197.639594707309));
#4204=CARTESIAN_POINT('Ctrl Pts',(299.435364743459,31.0877369931988,199.445527640758));
#4205=CARTESIAN_POINT('Ctrl Pts',(299.418921826832,30.5893941111473,199.167940790164));
#4206=CARTESIAN_POINT('Ctrl Pts',(299.398129903818,29.4408349132293,198.532784844102));
#4207=CARTESIAN_POINT('Ctrl Pts',(299.432612594644,28.3200785867447,197.838849643287));
#4208=CARTESIAN_POINT('Ctrl Pts',(299.462035166616,27.6528765349208,197.453990140583));
#4209=CARTESIAN_POINT('Ctrl Pts',(299.209226816631,31.1053344413607,199.412452424815));
#4210=CARTESIAN_POINT('Ctrl Pts',(299.182388050446,30.6028324352221,199.142901956757));
#4211=CARTESIAN_POINT('Ctrl Pts',(299.149860295058,29.4484603253506,198.519439002995));
#4212=CARTESIAN_POINT('Ctrl Pts',(299.203846702219,28.3403354080996,197.807631067628));
#4213=CARTESIAN_POINT('Ctrl Pts',(299.253369710606,27.6798699441515,197.410144247411));
#4214=CARTESIAN_POINT('Ctrl Pts',(299.084257232393,31.0920024814625,199.437510458714));
#4215=CARTESIAN_POINT('Ctrl Pts',(299.054981113718,30.5853965002249,199.175506058293));
#4216=CARTESIAN_POINT('Ctrl Pts',(299.021146744396,29.4235292389402,198.560968025399));
#4217=CARTESIAN_POINT('Ctrl Pts',(299.077485196358,28.3245606379961,197.832747149082));
#4218=CARTESIAN_POINT('Ctrl Pts',(299.133252937436,27.6720332790369,197.422873487297));
#4219=CARTESIAN_POINT('Ctrl Pts',(299.133252937436,27.6720332790369,197.422873487297));
#4220=CARTESIAN_POINT('Ctrl Pts',(299.077485196358,28.3245606379961,197.832747149082));
#4221=CARTESIAN_POINT('Ctrl Pts',(299.021146744396,29.4235292389402,198.560968025399));
#4222=CARTESIAN_POINT('Ctrl Pts',(299.054981113718,30.5853965002249,199.175506058293));
#4223=CARTESIAN_POINT('Ctrl Pts',(299.084257232393,31.0920024814625,199.437510458714));
#4224=CARTESIAN_POINT('Ctrl Pts',(299.695000000005,30.8629846363076,199.86796006787));
#4225=CARTESIAN_POINT('Ctrl Pts',(299.695000000005,30.358348330718,199.599471685409));
#4226=CARTESIAN_POINT('Ctrl Pts',(299.695000000005,29.1848364905371,198.964144065962));
#4227=CARTESIAN_POINT('Ctrl Pts',(299.695000000005,28.0609308625209,198.244958555035));
#4228=CARTESIAN_POINT('Ctrl Pts',(299.695000000005,27.4119113444591,197.845394349995));
#4229=CARTESIAN_POINT('Origin',(299.695000000006,38.2923048454189,206.999999999991));
#4230=CARTESIAN_POINT('',(289.695000000006,37.0423048454189,209.165063509452));
#4231=CARTESIAN_POINT('',(290.445000000006,37.0423048454189,209.165063509452));
#4232=CARTESIAN_POINT('',(289.695000000006,38.2923048454189,206.999999999991));
#4233=CARTESIAN_POINT('Origin',(288.652967351701,28.7396724933141,200.330084601655));
#4234=CARTESIAN_POINT('',(288.6529673517,20.9454437431111,195.830084534599));
#4235=CARTESIAN_POINT('Origin',(288.6529673517,19.2133929355422,194.830084534599));
#4236=CARTESIAN_POINT('',(288.652967351701,36.533901243517,204.83008466871));
#4237=CARTESIAN_POINT('Origin',(288.652967351701,28.7396724933141,200.330084601655));
#4238=CARTESIAN_POINT('Origin',(288.652967351701,38.2659520510858,205.83008466871));
#4239=CARTESIAN_POINT('Origin',(271.945000000005,16.6907078564847,197.415063509453));
#4240=CARTESIAN_POINT('Origin',(289.695000000005,16.6907078564847,197.415063509452));
#4241=CARTESIAN_POINT('Origin',(289.695000000005,24.9179491924369,202.165063509452));
#4242=CARTESIAN_POINT('',(299.651627098252,24.1122304947201,201.699881602434));
#4243=CARTESIAN_POINT('Origin',(299.153795743339,24.152516429606,201.723140697785));
#4244=CARTESIAN_POINT('Origin',(289.695000000005,24.9179491924369,202.165063509452));
#4245=CARTESIAN_POINT('Ctrl Pts',(299.651627098252,24.1122304947201,201.699881602434));
#4246=CARTESIAN_POINT('Ctrl Pts',(299.68051348791,24.3799520433725,201.854450710616));
#4247=CARTESIAN_POINT('Ctrl Pts',(299.695000000005,24.6510507913522,202.006643709219));
#4248=CARTESIAN_POINT('Ctrl Pts',(299.695000000005,24.9239870404146,202.154605649986));
#4249=CARTESIAN_POINT('Ctrl Pts',(299.651627098252,24.0748305821774,201.764660151157));
#4250=CARTESIAN_POINT('Ctrl Pts',(299.680579646478,24.3421482363148,201.921196888686));
#4251=CARTESIAN_POINT('Ctrl Pts',(299.695062279247,24.6129173381345,202.07544938511));
#4252=CARTESIAN_POINT('Ctrl Pts',(299.695000000005,24.8856288726497,202.225601583321));
#4253=CARTESIAN_POINT('Ctrl Pts',(299.617543674255,24.0029365067512,201.895553966334));
#4254=CARTESIAN_POINT('Ctrl Pts',(299.644751456142,24.2686794344962,202.055556347428));
#4255=CARTESIAN_POINT('Ctrl Pts',(299.657318701653,24.5379143399049,202.213348913801));
#4256=CARTESIAN_POINT('Ctrl Pts',(299.655066423912,24.8091088441815,202.367230111389));
#4257=CARTESIAN_POINT('Ctrl Pts',(299.450992807938,23.911278322779,202.085436178421));
#4258=CARTESIAN_POINT('Ctrl Pts',(299.469852633791,24.1733465394964,202.246509604859));
#4259=CARTESIAN_POINT('Ctrl Pts',(299.473595053669,24.4385941523637,202.40501052509));
#4260=CARTESIAN_POINT('Ctrl Pts',(299.462035184341,24.7055036209059,202.558989779627));
#4261=CARTESIAN_POINT('Ctrl Pts',(299.265508838148,23.8934762869574,202.150934070885));
#4262=CARTESIAN_POINT('Ctrl Pts',(299.276617277984,24.1535889530833,202.306358100392));
#4263=CARTESIAN_POINT('Ctrl Pts',(299.272597418248,24.4166731246887,202.458054806117));
#4264=CARTESIAN_POINT('Ctrl Pts',(299.253369710606,24.6810286944225,202.604289655774));
#4265=CARTESIAN_POINT('Ctrl Pts',(299.153795743339,23.902516429606,202.156153399677));
#4266=CARTESIAN_POINT('Ctrl Pts',(299.16174171672,24.1621194346979,202.306035264549));
#4267=CARTESIAN_POINT('Ctrl Pts',(299.154834863441,24.4245025730755,202.451754324761));
#4268=CARTESIAN_POINT('Ctrl Pts',(299.133252937436,24.6881342069776,202.591138284761));
#4269=CARTESIAN_POINT('',(299.695000000005,24.9239870404146,202.154605649986));
#4270=CARTESIAN_POINT('',(299.133252937436,24.6881342069775,202.591138284761));
#4271=CARTESIAN_POINT('Origin',(299.195000000006,24.9239870404146,202.154605649986));
#4272=CARTESIAN_POINT('Ctrl Pts',(299.133252937436,24.6881342069776,202.591138284761));
#4273=CARTESIAN_POINT('Ctrl Pts',(299.154834863441,24.4245025730755,202.451754324761));
#4274=CARTESIAN_POINT('Ctrl Pts',(299.16174171672,24.1621194346979,202.306035264549));
#4275=CARTESIAN_POINT('Ctrl Pts',(299.153795743339,23.902516429606,202.156153399677));
#4276=CARTESIAN_POINT('Ctrl Pts',(299.651627098252,24.1122304947201,201.699881602434));
#4277=CARTESIAN_POINT('Ctrl Pts',(299.68051348791,24.3799520433725,201.854450710616));
#4278=CARTESIAN_POINT('Ctrl Pts',(299.695000000005,24.6510507913522,202.006643709219));
#4279=CARTESIAN_POINT('Ctrl Pts',(299.695000000005,24.9239870404146,202.154605649986));
#4280=CARTESIAN_POINT('Origin',(289.695000000006,28.3820508075746,204.165063509452));
#4281=CARTESIAN_POINT('',(289.695000000006,36.3592921435267,209.348076211345));
#4282=CARTESIAN_POINT('Origin',(289.695000000006,36.6092921435267,208.915063509452));
#4283=CARTESIAN_POINT('',(298.866344477444,30.2773550650454,205.836668201889));
#4284=CARTESIAN_POINT('Origin',(289.695000000006,28.1320508075746,204.598076211344));
#4285=CARTESIAN_POINT('',(299.349046818362,30.6402658154387,205.46884455213));
#4286=CARTESIAN_POINT('Origin',(298.866344477444,30.5273550650455,205.403655499996));
#4287=CARTESIAN_POINT('Origin',(289.695000000006,28.3820508075746,204.165063509452));
#4288=CARTESIAN_POINT('Origin',(290.445000000006,36.6092921435267,208.915063509452));
#4289=CARTESIAN_POINT('',(290.445000000006,36.3592921435267,209.348076211344));
#4290=CARTESIAN_POINT('Ctrl Pts',(299.695000000006,28.4011169788415,204.132039932112));
#4291=CARTESIAN_POINT('Ctrl Pts',(299.695000000006,29.1478589274687,204.596591052603));
#4292=CARTESIAN_POINT('Ctrl Pts',(299.578373667115,29.9049730753127,205.044323090685));
#4293=CARTESIAN_POINT('Ctrl Pts',(299.349046818362,30.6402658154387,205.46884455213));
#4294=CARTESIAN_POINT('Ctrl Pts',(299.695000000006,28.3558622132229,204.204504658019));
#4295=CARTESIAN_POINT('Ctrl Pts',(299.695241618049,29.1059181316529,204.666357886003));
#4296=CARTESIAN_POINT('Ctrl Pts',(299.578533512001,29.8655615631967,205.111487330037));
#4297=CARTESIAN_POINT('Ctrl Pts',(299.349046818362,30.6028659028959,205.533623100853));
#4298=CARTESIAN_POINT('Ctrl Pts',(299.650155275128,28.2656328522403,204.348985483918));
#4299=CARTESIAN_POINT('Ctrl Pts',(299.655245630525,29.0188386516628,204.803515386022));
#4300=CARTESIAN_POINT('Ctrl Pts',(299.542238492469,29.7810552244475,205.242150339519));
#4301=CARTESIAN_POINT('Ctrl Pts',(299.315999156186,30.5204834188676,205.658461374079));
#4302=CARTESIAN_POINT('Ctrl Pts',(299.43536472062,28.1476559952153,204.537897314328));
#4303=CARTESIAN_POINT('Ctrl Pts',(299.46002244666,28.88936053222,204.98195475056));
#4304=CARTESIAN_POINT('Ctrl Pts',(299.364776130303,29.643957485311,205.41094358186));
#4305=CARTESIAN_POINT('Ctrl Pts',(299.154509732131,30.3775728773265,205.818752970941));
#4306=CARTESIAN_POINT('Ctrl Pts',(299.209226816632,28.1278106908644,204.569674841417));
#4307=CARTESIAN_POINT('Ctrl Pts',(299.24866985841,28.8460603716932,205.014948419744));
#4308=CARTESIAN_POINT('Ctrl Pts',(299.169434801523,29.5828489899073,205.444153063008));
#4309=CARTESIAN_POINT('Ctrl Pts',(298.974662629451,30.3026921781845,205.85129659098));
#4310=CARTESIAN_POINT('Ctrl Pts',(299.084257232394,28.1428456048411,204.545600008514));
#4311=CARTESIAN_POINT('Ctrl Pts',(299.127049932492,28.8447585990718,204.995408938596));
#4312=CARTESIAN_POINT('Ctrl Pts',(299.054104987428,29.56840100476,205.42735338434));
#4313=CARTESIAN_POINT('Ctrl Pts',(298.866344477444,30.2773550650455,205.836668201889));
#4314=CARTESIAN_POINT('',(299.084257232394,28.1428456048411,204.545600008514));
#4315=CARTESIAN_POINT('',(299.695000000006,28.4011169788415,204.132039932112));
#4316=CARTESIAN_POINT('Origin',(299.195000000006,28.4011169788415,204.132039932112));
#4317=CARTESIAN_POINT('Ctrl Pts',(299.695000000006,28.4011169788415,204.132039932112));
#4318=CARTESIAN_POINT('Ctrl Pts',(299.695000000006,29.1478589274687,204.596591052603));
#4319=CARTESIAN_POINT('Ctrl Pts',(299.578373667115,29.9049730753127,205.044323090685));
#4320=CARTESIAN_POINT('Ctrl Pts',(299.349046818362,30.6402658154387,205.46884455213));
#4321=CARTESIAN_POINT('Ctrl Pts',(298.866344477444,30.2773550650455,205.836668201889));
#4322=CARTESIAN_POINT('Ctrl Pts',(299.054104987428,29.56840100476,205.42735338434));
#4323=CARTESIAN_POINT('Ctrl Pts',(299.127049932492,28.8447585990718,204.995408938596));
#4324=CARTESIAN_POINT('Ctrl Pts',(299.084257232394,28.1428456048411,204.545600008514));
#4325=CARTESIAN_POINT('Ctrl Pts',(299.695000000005,24.9239870404146,202.154605649986));
#4326=CARTESIAN_POINT('Ctrl Pts',(299.695000000005,25.4268951598458,202.426320283618));
#4327=CARTESIAN_POINT('Ctrl Pts',(299.695000000006,26.6117411428981,203.039705167383));
#4328=CARTESIAN_POINT('Ctrl Pts',(299.695000000006,27.7546675063608,203.728327381006));
#4329=CARTESIAN_POINT('Ctrl Pts',(299.695000000006,28.4011169788415,204.132039932112));
#4330=CARTESIAN_POINT('Ctrl Pts',(299.695000000005,24.8856288726497,202.225601583321));
#4331=CARTESIAN_POINT('Ctrl Pts',(299.695016778359,25.387526051902,202.50134196525));
#4332=CARTESIAN_POINT('Ctrl Pts',(299.695042541748,26.5679594164119,203.12004642708));
#4333=CARTESIAN_POINT('Ctrl Pts',(299.695017645494,27.7076479477625,203.804194686996));
#4334=CARTESIAN_POINT('Ctrl Pts',(299.695000000006,28.3558622132229,204.204504658019));
#4335=CARTESIAN_POINT('Ctrl Pts',(299.655066403438,24.8091088645287,202.367230073729));
#4336=CARTESIAN_POINT('Ctrl Pts',(299.651031080914,25.309009581761,202.650967058368));
#4337=CARTESIAN_POINT('Ctrl Pts',(299.643536202948,26.4806928171785,203.280188902284));
#4338=CARTESIAN_POINT('Ctrl Pts',(299.646081894358,27.6139228874107,203.955423910186));
#4339=CARTESIAN_POINT('Ctrl Pts',(299.650155287622,28.26563283539,204.3489855109));
#4340=CARTESIAN_POINT('Ctrl Pts',(299.462035157747,24.7055036602765,202.558989706757));
#4341=CARTESIAN_POINT('Ctrl Pts',(299.439968174527,25.2056792388185,202.848028548456));
#4342=CARTESIAN_POINT('Ctrl Pts',(299.400108115067,26.3720189243069,203.479384368991));
#4343=CARTESIAN_POINT('Ctrl Pts',(299.413440792435,27.4948960842724,204.147517513152));
#4344=CARTESIAN_POINT('Ctrl Pts',(299.435364735162,28.1476559626245,204.537897366515));
#4345=CARTESIAN_POINT('Ctrl Pts',(299.253369710606,24.6810286944225,202.604289655775));
#4346=CARTESIAN_POINT('Ctrl Pts',(299.21622736302,25.1868797497724,202.884217688835));
#4347=CARTESIAN_POINT('Ctrl Pts',(299.152761361961,26.3637702958934,203.494122466352));
#4348=CARTESIAN_POINT('Ctrl Pts',(299.173441707091,27.4815576943569,204.1691348319));
#4349=CARTESIAN_POINT('Ctrl Pts',(299.209226816632,28.1278106908644,204.569674841417));
#4350=CARTESIAN_POINT('Ctrl Pts',(299.133252937436,24.6881342069775,202.591138284761));
#4351=CARTESIAN_POINT('Ctrl Pts',(299.09142702882,25.1990539750187,202.861265277708));
#4352=CARTESIAN_POINT('Ctrl Pts',(299.023974936166,26.3862764485751,203.452460141073));
#4353=CARTESIAN_POINT('Ctrl Pts',(299.045222311544,27.5025700879888,204.135290400969));
#4354=CARTESIAN_POINT('Ctrl Pts',(299.084257232394,28.1428456048411,204.545600008514));
#4355=CARTESIAN_POINT('Ctrl Pts',(299.084257232394,28.1428456048411,204.545600008514));
#4356=CARTESIAN_POINT('Ctrl Pts',(299.045222311544,27.5025700879888,204.135290400969));
#4357=CARTESIAN_POINT('Ctrl Pts',(299.023974936166,26.3862764485751,203.452460141073));
#4358=CARTESIAN_POINT('Ctrl Pts',(299.09142702882,25.1990539750187,202.861265277708));
#4359=CARTESIAN_POINT('Ctrl Pts',(299.133252937436,24.6881342069775,202.591138284761));
#4360=CARTESIAN_POINT('Ctrl Pts',(299.695000000005,24.9239870404146,202.154605649986));
#4361=CARTESIAN_POINT('Ctrl Pts',(299.695000000005,25.4268951598458,202.426320283618));
#4362=CARTESIAN_POINT('Ctrl Pts',(299.695000000006,26.6117411428981,203.039705167383));
#4363=CARTESIAN_POINT('Ctrl Pts',(299.695000000006,27.7546675063608,203.728327381006));
#4364=CARTESIAN_POINT('Ctrl Pts',(299.695000000006,28.4011169788415,204.132039932112));
#4365=CARTESIAN_POINT('Origin',(288.652967351701,27.739672493314,202.062135409223));
#4366=CARTESIAN_POINT('',(288.652967351701,36.2659520510858,209.294186283848));
#4367=CARTESIAN_POINT('Origin',(288.652967351701,26.739672493314,203.794186216792));
#4368=CARTESIAN_POINT('',(288.652967351701,35.5339012435169,206.562135476279));
#4369=CARTESIAN_POINT('Origin',(288.652967351701,37.2659520510858,207.562135476279));
#4370=CARTESIAN_POINT('',(288.6529673517,19.9454437431111,197.562135342168));
#4371=CARTESIAN_POINT('Origin',(288.652967351701,27.739672493314,202.062135409223));
#4372=CARTESIAN_POINT('Origin',(288.6529673517,18.2133929355422,196.562135342168));
#4373=CARTESIAN_POINT('Origin',(281.195000000006,26.4000000000057,203.598076211345));
#4374=CARTESIAN_POINT('',(275.923983675853,36.2659520510859,209.294186283848));
#4375=CARTESIAN_POINT('Origin',(284.923983675853,19.2133929355422,194.8300845346));
#4376=CARTESIAN_POINT('',(284.923983675853,20.9454437431111,195.8300845346));
#4377=CARTESIAN_POINT('Origin',(275.923983675853,38.2659520510859,205.83008466871));
#4378=CARTESIAN_POINT('',(275.923983675853,36.533901243517,204.83008466871));
#4379=CARTESIAN_POINT('Origin',(270.652967351701,36.0339012435171,205.696110072495));
#4380=CARTESIAN_POINT('',(288.652967351701,36.033901243517,205.696110072494));
#4381=CARTESIAN_POINT('',(275.923983675853,35.533901243517,206.562135476279));
#4382=CARTESIAN_POINT('Origin',(288.652967351701,28.239672493314,201.196110005439));
#4383=CARTESIAN_POINT('',(288.6529673517,20.4454437431111,196.696109938384));
#4384=CARTESIAN_POINT('Origin',(288.6529673517,20.4454437431111,196.696109938384));
#4385=CARTESIAN_POINT('',(284.923983675853,19.9454437431111,197.562135342168));
#4386=CARTESIAN_POINT('Origin',(275.923983675853,37.2659520510859,207.562135476279));
#4387=CARTESIAN_POINT('Origin',(284.923983675853,18.2133929355422,196.562135342168));
#4388=CARTESIAN_POINT('Origin',(289.695000000005,26.1679491924369,199.999999999991));
#4389=CARTESIAN_POINT('',(299.695000000005,26.1679491924369,199.999999999991));
#4390=CARTESIAN_POINT('Origin',(299.695000000005,17.5076951545925,194.999999999991));
#4391=CARTESIAN_POINT('',(299.695000000005,29.6320508075746,201.999999999991));
#4392=CARTESIAN_POINT('Origin',(289.695000000005,29.6320508075746,201.999999999991));
#4393=CARTESIAN_POINT('Origin',(258.695000000006,15.9000000000056,219.199999999993));
#4394=CARTESIAN_POINT('',(258.695000000005,21.9000000000065,182.799999999992));
#4395=CARTESIAN_POINT('',(258.695000000006,21.9000000000056,219.199999999993));
#4396=CARTESIAN_POINT('Origin',(248.644747468311,22.9502525317,182.799999999993));
#4397=CARTESIAN_POINT('',(248.644747468311,21.4002525317,182.799999999993));
#4398=CARTESIAN_POINT('',(248.644747468311,21.4002525317,182.799999999993));
#4399=CARTESIAN_POINT('Origin',(248.644747468311,22.9502525317,182.799999999993));
#4400=CARTESIAN_POINT('Origin',(238.7452525317,32.8497474683116,182.799999999993));
#4401=CARTESIAN_POINT('',(238.7452525317,31.2997474683116,182.799999999993));
#4402=CARTESIAN_POINT('',(238.7452525317,31.2997474683116,182.799999999993));
#4403=CARTESIAN_POINT('Origin',(238.7452525317,32.8497474683116,182.799999999993));
#4404=CARTESIAN_POINT('Origin',(238.7452525317,22.9502525317,182.799999999993));
#4405=CARTESIAN_POINT('',(238.7452525317,21.4002525316999,182.799999999993));
#4406=CARTESIAN_POINT('',(238.7452525317,21.4002525316999,182.799999999993));
#4407=CARTESIAN_POINT('Origin',(238.7452525317,22.9502525317,182.799999999993));
#4408=CARTESIAN_POINT('Origin',(248.644747468311,32.8497474683116,182.799999999993));
#4409=CARTESIAN_POINT('',(248.644747468311,31.2997474683117,182.799999999993));
#4410=CARTESIAN_POINT('',(248.644747468311,31.2997474683117,182.799999999993));
#4411=CARTESIAN_POINT('Origin',(248.644747468311,32.8497474683116,182.799999999993));
#4412=CARTESIAN_POINT('Origin',(243.695000000005,27.9000000000058,182.799999999993));
#4413=CARTESIAN_POINT('Origin',(243.695000000005,27.9000000000058,182.799999999993));
#4414=CARTESIAN_POINT('Origin',(247.195000000005,27.9000000000058,182.799999999993));
#4415=CARTESIAN_POINT('Origin',(248.644747468312,22.9502525316998,219.199999999993));
#4416=CARTESIAN_POINT('',(248.644747468312,21.4002525316998,219.199999999993));
#4417=CARTESIAN_POINT('',(248.644747468312,21.4002525316998,219.199999999993));
#4418=CARTESIAN_POINT('Origin',(248.644747468312,22.9502525316998,219.199999999993));
#4419=CARTESIAN_POINT('Origin',(238.745252531701,32.8497474683114,219.199999999994));
#4420=CARTESIAN_POINT('',(238.745252531701,31.2997474683113,219.199999999994));
#4421=CARTESIAN_POINT('',(238.745252531701,31.2997474683113,219.199999999994));
#4422=CARTESIAN_POINT('Origin',(238.745252531701,32.8497474683114,219.199999999994));
#4423=CARTESIAN_POINT('Origin',(238.745252531701,22.9502525316997,219.199999999993));
#4424=CARTESIAN_POINT('',(238.745252531701,21.4002525316997,219.199999999993));
#4425=CARTESIAN_POINT('',(238.745252531701,21.4002525316997,219.199999999993));
#4426=CARTESIAN_POINT('Origin',(238.745252531701,22.9502525316997,219.199999999993));
#4427=CARTESIAN_POINT('Origin',(248.644747468312,32.8497474683114,219.199999999993));
#4428=CARTESIAN_POINT('',(248.644747468312,31.2997474683115,219.199999999993));
#4429=CARTESIAN_POINT('',(248.644747468312,31.2997474683115,219.199999999993));
#4430=CARTESIAN_POINT('Origin',(248.644747468312,32.8497474683114,219.199999999993));
#4431=CARTESIAN_POINT('Origin',(243.695000000007,27.9000000000056,219.199999999993));
#4432=CARTESIAN_POINT('Origin',(243.695000000007,27.9000000000056,219.199999999993));
#4433=CARTESIAN_POINT('Origin',(247.195000000006,27.9000000000056,219.199999999993));
#4434=UNCERTAINTY_MEASURE_WITH_UNIT(LENGTH_MEASURE(0.01),#4438,
'DISTANCE_ACCURACY_VALUE',
'Maximum model space distance between geometric entities at asserted c
onnectivities');
#4435=UNCERTAINTY_MEASURE_WITH_UNIT(LENGTH_MEASURE(0.01),#4438,
'DISTANCE_ACCURACY_VALUE',
'Maximum model space distance between geometric entities at asserted c
onnectivities');
#4436=(
GEOMETRIC_REPRESENTATION_CONTEXT(3)
GLOBAL_UNCERTAINTY_ASSIGNED_CONTEXT((#4434))
GLOBAL_UNIT_ASSIGNED_CONTEXT((#4438,#4440,#4441))
REPRESENTATION_CONTEXT('','3D')
);
#4437=(
GEOMETRIC_REPRESENTATION_CONTEXT(3)
GLOBAL_UNCERTAINTY_ASSIGNED_CONTEXT((#4435))
GLOBAL_UNIT_ASSIGNED_CONTEXT((#4438,#4440,#4441))
REPRESENTATION_CONTEXT('','3D')
);
#4438=(
LENGTH_UNIT()
NAMED_UNIT(*)
SI_UNIT(.MILLI.,.METRE.)
);
#4439=(
LENGTH_UNIT()
NAMED_UNIT(*)
SI_UNIT($,.METRE.)
);
#4440=(
NAMED_UNIT(*)
PLANE_ANGLE_UNIT()
SI_UNIT($,.RADIAN.)
);
#4441=(
NAMED_UNIT(*)
SI_UNIT($,.STERADIAN.)
SOLID_ANGLE_UNIT()
);
#4442=SHAPE_DEFINITION_REPRESENTATION(#4443,#4444);
#4443=PRODUCT_DEFINITION_SHAPE('',$,#4446);
#4444=SHAPE_REPRESENTATION('',(#2158),#4436);
#4445=PRODUCT_DEFINITION_CONTEXT('part definition',#4450,'design');
#4446=PRODUCT_DEFINITION('trigger','trigger',#4447,#4445);
#4447=PRODUCT_DEFINITION_FORMATION('',$,#4452);
#4448=PRODUCT_RELATED_PRODUCT_CATEGORY('trigger','trigger',(#4452));
#4449=APPLICATION_PROTOCOL_DEFINITION('international standard',
'automotive_design',2009,#4450);
#4450=APPLICATION_CONTEXT(
'Core Data for Automotive Mechanical Design Process');
#4451=PRODUCT_CONTEXT('part definition',#4450,'mechanical');
#4452=PRODUCT('trigger','trigger',$,(#4451));
#4453=PRESENTATION_STYLE_ASSIGNMENT((#4454));
#4454=SURFACE_STYLE_USAGE(.BOTH.,#4455);
#4455=SURFACE_SIDE_STYLE('',(#4456));
#4456=SURFACE_STYLE_FILL_AREA(#4457);
#4457=FILL_AREA_STYLE('Nylon 6-6 (White)',(#4458));
#4458=FILL_AREA_STYLE_COLOUR('Nylon 6-6 (White)',#4459);
#4459=COLOUR_RGB('Nylon 6-6 (White)',0.972549019607843,0.968627450980392,
0.929411764705882);
ENDSEC;
END-ISO-10303-21;
